all_feature_and,bilateral,domain_max_train,domain_min_train,fallback_applied_any_generation,fallback_event_count,feature,feature_definition,finite_high,finite_low,high_norm,high_value,low_norm,low_value,min_width_pass,model_hash,near_full_noise_gene,ticker,width_norm
True,True,30.926994154796294,-16.30996511474182,True,4,ret_d5_pct,D-6 close 대비 D-5 close 수익률(%),True,True,0.8032605373012794,21.63362016858602,0.03901228382321999,-14.467143452772717,True,fa692ef7132a1fe6646a893c35bd3045e2532e57e184a47472b9654479c8c494,False,ADMA,0.7642482534780595
True,True,30.926994154796294,-16.30996511474182,True,9,ret_d4_pct,D-5 close 대비 D-4 close 수익률(%),True,True,0.6434997746106421,14.087007528498038,0.1121091278144798,-11.014270810425796,True,fa692ef7132a1fe6646a893c35bd3045e2532e57e184a47472b9654479c8c494,False,ADMA,0.5313906467961623
True,True,30.926994154796294,-16.30996511474182,True,1,ret_d3_pct,D-4 close 대비 D-3 close 수익률(%),True,True,0.8883619131338995,25.653550392573145,0.10959270532005906,-11.133138957299698,True,fa692ef7132a1fe6646a893c35bd3045e2532e57e184a47472b9654479c8c494,False,ADMA,0.7787692078138404
True,True,30.926994154796294,-16.30996511474182,True,1,ret_d2_pct,D-3 close 대비 D-2 close 수익률(%),True,True,0.6316799358553341,13.528674286641046,0.0027541025994823596,-16.179869682425945,True,fa692ef7132a1fe6646a893c35bd3045e2532e57e184a47472b9654479c8c494,False,ADMA,0.6289258332558517
True,True,30.926994154796294,-16.30996511474182,True,4,ret_d1_pct,D-2 close 대비 D-1 close 수익률(%),True,True,0.721967532995329,17.793585835287452,0.05511445999699721,-13.706525612701077,True,fa692ef7132a1fe6646a893c35bd3045e2532e57e184a47472b9654479c8c494,False,ADMA,0.6668530729983317
True,True,53.44978154959592,-19.98069269733318,True,1,cumulative_ret5_pct,D-6 close 대비 D-1 close 누적수익률(%),True,True,0.6560023858787539,28.189873604860704,0.012166112145046232,-19.08732931278111,True,fa692ef7132a1fe6646a893c35bd3045e2532e57e184a47472b9654479c8c494,False,ADMA,0.6438362737337077
True,True,5.0,0.0,True,3,up_days5,D-5~D-1 양의 일수익률 일수,True,True,0.5378434755370114,2.6892173776850568,0.1214480885805771,0.6072404429028855,True,fa692ef7132a1fe6646a893c35bd3045e2532e57e184a47472b9654479c8c494,False,ADMA,0.4163953869564343
True,True,4.0,0.0,True,2,days_since_high5,D-5~D-1 고가 최고점 이후 거래일 수(0=D-1),True,True,0.7140555365981964,2.8562221463927857,0.030156075763528144,0.12062430305411258,True,fa692ef7132a1fe6646a893c35bd3045e2532e57e184a47472b9654479c8c494,False,ADMA,0.6838994608346682
True,True,1.0,0.0,True,3,close_pos5,D-1 close의 D-5~D-1 high/low 범위 내 위치(0~1),True,True,1.0,1.0,0.2508827599069058,0.2508827599069058,True,fa692ef7132a1fe6646a893c35bd3045e2532e57e184a47472b9654479c8c494,False,ADMA,0.7491172400930942
True,True,29.07756919719633,0.0,True,4,pullback_from_high5_pct,D-5~D-1 최고가 대비 D-1 close 하락률(%),True,True,0.6343581555992229,18.44559316524224,0.12892018294689128,3.7486855405534416,True,fa692ef7132a1fe6646a893c35bd3045e2532e57e184a47472b9654479c8c494,False,ADMA,0.5054379726523317
True,True,30.926994154796294,-1.9702059486923047,True,6,single_up_day5_pct,D-5~D-1 최대 단일 일수익률(%),True,True,0.95,29.282134149621864,0.04315359847939745,-0.5505733843299654,True,fa692ef7132a1fe6646a893c35bd3045e2532e57e184a47472b9654479c8c494,False,ADMA,0.9068464015206025
True,True,32.06208456738776,0.0,True,5,fade_after_surge_score,초반 최대상승률 + 최근 2일 음의 누적수익률 절대값,True,True,0.8373648108625179,26.847661379628704,0.05,1.603104228369388,True,fa692ef7132a1fe6646a893c35bd3045e2532e57e184a47472b9654479c8c494,False,ADMA,0.7873648108625179
True,True,15.684068240794623,-11.107559188681382,True,3,ret_d5_pct,D-6 close 대비 D-5 close 수익률(%),True,True,0.8821205804804055,12.525886751422746,0.07813173603480852,-9.014282826418627,True,d2b97861f5892efedc927a46533bec112723216c4a86fdf5d900b486c2d56dc1,False,CRS,0.803988844445597
True,True,15.684068240794623,-11.107559188681382,True,2,ret_d4_pct,D-5 close 대비 D-4 close 수익률(%),True,True,0.592278677225949,4.760550465979117,0.17996651078699336,-6.285963481893481,True,d2b97861f5892efedc927a46533bec112723216c4a86fdf5d900b486c2d56dc1,False,CRS,0.41231216643895563
True,True,15.684068240794623,-11.107559188681382,True,2,ret_d3_pct,D-4 close 대비 D-3 close 수익률(%),True,True,0.5582739968553962,3.849509738632854,0.16355179675626563,-6.725740384566131,True,d2b97861f5892efedc927a46533bec112723216c4a86fdf5d900b486c2d56dc1,False,CRS,0.3947222000991306
True,True,15.684068240794623,-11.107559188681382,True,6,ret_d2_pct,D-3 close 대비 D-2 close 수익률(%),True,True,0.9092859276592508,13.253690612030734,0.09418826576730005,-8.58410226401541,True,d2b97861f5892efedc927a46533bec112723216c4a86fdf5d900b486c2d56dc1,False,CRS,0.8150976618919508
True,True,15.684068240794623,-11.107559188681382,True,4,ret_d1_pct,D-2 close 대비 D-1 close 수익률(%),True,True,0.8602531749241359,11.940023368909916,0.13904810773446802,-7.3822340914858735,True,d2b97861f5892efedc927a46533bec112723216c4a86fdf5d900b486c2d56dc1,False,CRS,0.7212050671896679
True,True,23.380951654761905,-17.182111210019524,True,2,cumulative_ret5_pct,D-6 close 대비 D-1 close 누적수익률(%),True,True,0.7242708989903998,12.196534796859822,0.012639768292602773,-16.669403494170407,True,d2b97861f5892efedc927a46533bec112723216c4a86fdf5d900b486c2d56dc1,False,CRS,0.7116311306977969
True,True,5.0,0.0,True,1,up_days5,D-5~D-1 양의 일수익률 일수,True,True,0.6162864222536362,3.081432111268181,0.1622479046484649,0.8112395232423244,True,d2b97861f5892efedc927a46533bec112723216c4a86fdf5d900b486c2d56dc1,False,CRS,0.4540385176051713
True,True,4.0,0.0,True,4,days_since_high5,D-5~D-1 고가 최고점 이후 거래일 수(0=D-1),True,True,0.6133845811515948,2.453538324606379,0.18323572053604367,0.7329428821441747,True,d2b97861f5892efedc927a46533bec112723216c4a86fdf5d900b486c2d56dc1,False,CRS,0.43014886061555113
True,True,0.998406015321558,0.0011637154833836,True,2,close_pos5,D-1 close의 D-5~D-1 high/low 범위 내 위치(0~1),True,True,0.3260961955227345,0.32636063547495436,0.16206674935169618,0.16278353333416606,True,d2b97861f5892efedc927a46533bec112723216c4a86fdf5d900b486c2d56dc1,False,CRS,0.16402944617103832
True,True,24.61995984705805,0.0125849643892061,True,4,pullback_from_high5_pct,D-5~D-1 최고가 대비 D-1 close 하락률(%),True,True,0.9724796910383299,23.94275728755136,0.04686386144036887,1.165781571301812,True,d2b97861f5892efedc927a46533bec112723216c4a86fdf5d900b486c2d56dc1,False,CRS,0.925615829597961
True,True,15.684068240794623,-2.301928791084118,True,5,single_up_day5_pct,D-5~D-1 최대 단일 일수익률(%),True,True,0.8404124638450574,12.813727289186986,0.213129506911442,1.531417887630858,True,d2b97861f5892efedc927a46533bec112723216c4a86fdf5d900b486c2d56dc1,False,CRS,0.6272829569336154
True,True,21.600678308023003,0.0,True,7,fade_after_surge_score,초반 최대상승률 + 최근 2일 음의 누적수익률 절대값,True,True,0.8582157182736166,18.538041649317293,0.0461835484844919,0.9975959739364929,True,d2b97861f5892efedc927a46533bec112723216c4a86fdf5d900b486c2d56dc1,False,CRS,0.8120321697891247
True,True,21.163645858019777,-15.316315418937752,True,3,ret_d5_pct,D-6 close 대비 D-5 close 수익률(%),True,True,0.5518105368652264,4.81371159812285,0.017653781207404913,-14.67230616409974,True,c65930c51eddc31c9f6ffc5788c8f00b65267125f8a17c1026186eb2ea6b573f,False,ALGT,0.5341567556578215
True,True,21.163645858019777,-15.316315418937752,True,3,ret_d4_pct,D-5 close 대비 D-4 close 수익률(%),True,True,0.8042258443955711,14.021812242541149,0.25736661738166156,-5.927591182873195,True,c65930c51eddc31c9f6ffc5788c8f00b65267125f8a17c1026186eb2ea6b573f,False,ALGT,0.5468592270139095
True,True,21.163645858019777,-15.316315418937752,True,6,ret_d3_pct,D-4 close 대비 D-3 close 수익률(%),True,True,0.5300473380304715,4.019790947368268,0.23141022646791223,-6.874479318296341,True,c65930c51eddc31c9f6ffc5788c8f00b65267125f8a17c1026186eb2ea6b573f,False,ALGT,0.29863711156255934
True,True,21.163645858019777,-15.316315418937752,True,2,ret_d2_pct,D-3 close 대비 D-2 close 수익률(%),True,True,0.976998976700863,20.32456941873686,0.17905181510501064,-8.784512137338005,True,c65930c51eddc31c9f6ffc5788c8f00b65267125f8a17c1026186eb2ea6b573f,False,ALGT,0.7979471615958523
True,True,21.163645858019777,-15.316315418937752,True,4,ret_d1_pct,D-2 close 대비 D-1 close 수익률(%),True,True,0.823395521885258,14.721121335056694,0.012590734146624968,-14.857005924820406,True,c65930c51eddc31c9f6ffc5788c8f00b65267125f8a17c1026186eb2ea6b573f,False,ALGT,0.8108047877386331
True,True,21.350578456810982,-30.212232421807983,True,3,cumulative_ret5_pct,D-6 close 대비 D-1 close 누적수익률(%),True,True,0.8508851723594738,13.661798799984666,0.10921247904156961,-24.58093001940239,True,c65930c51eddc31c9f6ffc5788c8f00b65267125f8a17c1026186eb2ea6b573f,False,ALGT,0.7416726933179042
True,True,5.0,0.0,True,4,up_days5,D-5~D-1 양의 일수익률 일수,True,True,0.6706686134444138,3.3533430672220685,0.2968688540622136,1.4843442703110679,True,c65930c51eddc31c9f6ffc5788c8f00b65267125f8a17c1026186eb2ea6b573f,False,ALGT,0.37379975938220017
True,True,4.0,0.0,True,2,days_since_high5,D-5~D-1 고가 최고점 이후 거래일 수(0=D-1),True,True,1.0,4.0,0.04630857326572415,0.1852342930628966,True,c65930c51eddc31c9f6ffc5788c8f00b65267125f8a17c1026186eb2ea6b573f,False,ALGT,0.9536914267342759
True,True,1.0,0.0,True,7,close_pos5,D-1 close의 D-5~D-1 high/low 범위 내 위치(0~1),True,True,0.9385019269368475,0.9385019269368475,0.24063752285054205,0.24063752285054205,True,c65930c51eddc31c9f6ffc5788c8f00b65267125f8a17c1026186eb2ea6b573f,False,ALGT,0.6978644040863055
True,True,44.5182665307958,0.0,True,4,pullback_from_high5_pct,D-5~D-1 최고가 대비 D-1 close 하락률(%),True,True,0.43759331657473793,19.480895899369088,0.15290970342348617,6.807274932151696,True,c65930c51eddc31c9f6ffc5788c8f00b65267125f8a17c1026186eb2ea6b573f,False,ALGT,0.2846836131512518
True,True,21.163645858019777,-2.4408825822578084,True,2,single_up_day5_pct,D-5~D-1 최대 단일 일수익률(%),True,True,0.9896355815322418,20.918998647530643,0.10909372068240712,0.13422325024576942,True,c65930c51eddc31c9f6ffc5788c8f00b65267125f8a17c1026186eb2ea6b573f,False,ALGT,0.8805418608498348
True,True,28.569650338482298,0.0,True,3,fade_after_surge_score,초반 최대상승률 + 최근 2일 음의 누적수익률 절대값,True,True,0.8629491432399238,24.6541552822575,0.00662665846672017,0.18932131530673849,True,c65930c51eddc31c9f6ffc5788c8f00b65267125f8a17c1026186eb2ea6b573f,False,ALGT,0.8563224847732036
True,True,19.259077952043132,-13.106086133918582,True,2,ret_d5_pct,D-6 close 대비 D-5 close 수익률(%),True,True,0.6230305012722896,7.058398270318053,0.31592845758514077,-2.881009764750706,True,387b98176ce8773da18105831aa5979ed0295a0caa2bf3d6e2ce40b0f2d0ac56,False,AEIS,0.3071020436871489
True,True,19.259077952043132,-13.106086133918582,True,3,ret_d4_pct,D-5 close 대비 D-4 close 수익률(%),True,True,0.7914903309645339,12.510628300200702,0.26068507990974166,-4.6689707478777525,True,387b98176ce8773da18105831aa5979ed0295a0caa2bf3d6e2ce40b0f2d0ac56,False,AEIS,0.5308052510547923
True,True,19.259077952043132,-13.106086133918582,True,1,ret_d3_pct,D-4 close 대비 D-3 close 수익률(%),True,True,0.8827315195811255,15.463664341174871,0.043726714297030095,-11.690863850755235,True,387b98176ce8773da18105831aa5979ed0295a0caa2bf3d6e2ce40b0f2d0ac56,False,AEIS,0.8390048052840954
True,True,19.259077952043132,-13.106086133918582,True,1,ret_d2_pct,D-3 close 대비 D-2 close 수익률(%),True,True,0.7413686594048549,10.888432175909008,0.05710099676197872,-11.258003004245172,True,387b98176ce8773da18105831aa5979ed0295a0caa2bf3d6e2ce40b0f2d0ac56,False,AEIS,0.6842676626428761
True,True,19.259077952043132,-13.106086133918582,True,1,ret_d1_pct,D-2 close 대비 D-1 close 수익률(%),True,True,0.6750077115945454,8.740649211128401,0.2570122946639968,-4.7878410450087845,True,387b98176ce8773da18105831aa5979ed0295a0caa2bf3d6e2ce40b0f2d0ac56,False,AEIS,0.41799541693054865
True,True,18.12140136984506,-17.779498112397686,True,7,cumulative_ret5_pct,D-6 close 대비 D-1 close 누적수익률(%),True,True,0.8096551797556382,11.287851111286663,0.04202278215489755,-16.270842434290525,True,387b98176ce8773da18105831aa5979ed0295a0caa2bf3d6e2ce40b0f2d0ac56,False,AEIS,0.7676323976007406
True,True,5.0,0.0,True,6,up_days5,D-5~D-1 양의 일수익률 일수,True,True,0.6429793717996284,3.214896858998142,0.0909826381612652,0.454913190806326,True,387b98176ce8773da18105831aa5979ed0295a0caa2bf3d6e2ce40b0f2d0ac56,False,AEIS,0.5519967336383632
True,True,4.0,0.0,True,3,days_since_high5,D-5~D-1 고가 최고점 이후 거래일 수(0=D-1),True,True,0.8302267532064258,3.320907012825703,0.3093922633462392,1.2375690533849568,True,387b98176ce8773da18105831aa5979ed0295a0caa2bf3d6e2ce40b0f2d0ac56,False,AEIS,0.5208344898601867
True,True,1.0,0.0,True,3,close_pos5,D-1 close의 D-5~D-1 high/low 범위 내 위치(0~1),True,True,0.88647432482531,0.88647432482531,0.40451866039837886,0.40451866039837886,True,387b98176ce8773da18105831aa5979ed0295a0caa2bf3d6e2ce40b0f2d0ac56,False,AEIS,0.4819556644269311
True,True,23.8770125750559,0.0,True,3,pullback_from_high5_pct,D-5~D-1 최고가 대비 D-1 close 하락률(%),True,True,0.5886022063013581,14.054062281563175,0.14345586533924326,3.425297500670637,True,387b98176ce8773da18105831aa5979ed0295a0caa2bf3d6e2ce40b0f2d0ac56,False,AEIS,0.4451463409621148
True,True,19.259077952043132,-0.9916829998992016,True,3,single_up_day5_pct,D-5~D-1 최대 단일 일수익률(%),True,True,0.8094416497659194,15.400126354056262,0.1137896010132925,1.3126430090378798,True,387b98176ce8773da18105831aa5979ed0295a0caa2bf3d6e2ce40b0f2d0ac56,False,AEIS,0.6956520487526269
True,True,28.50497682335683,0.0,True,6,fade_after_surge_score,초반 최대상승률 + 최근 2일 음의 누적수익률 절대값,True,True,0.7026884596955735,20.030118257662632,0.01419740504180348,0.40469670166841765,True,387b98176ce8773da18105831aa5979ed0295a0caa2bf3d6e2ce40b0f2d0ac56,False,AEIS,0.68849105465377
True,True,13.676453007013231,-9.154932934955903,True,4,ret_d5_pct,D-6 close 대비 D-5 close 수익률(%),True,True,0.8844353606116057,11.037952123892312,0.31971797280317577,-1.855328505302606,True,6812a9ec6dddaf2206cbd3daae413f6362213c640b3ca0c70603c4fd14b4fbfb,False,ARKW,0.56471738780843
True,True,13.676453007013231,-9.154932934955903,True,3,ret_d4_pct,D-5 close 대비 D-4 close 수익률(%),True,True,0.5450545305855883,3.289417412262482,0.1721309036241299,-5.224945841773501,True,6812a9ec6dddaf2206cbd3daae413f6362213c640b3ca0c70603c4fd14b4fbfb,False,ARKW,0.3729236269614584
True,True,13.676453007013231,-9.154932934955903,True,4,ret_d3_pct,D-4 close 대비 D-3 close 수익률(%),True,True,0.642551651645563,5.515411811413653,0.07103937086381384,-7.533005641689492,True,6812a9ec6dddaf2206cbd3daae413f6362213c640b3ca0c70603c4fd14b4fbfb,False,ARKW,0.5715122807817492
True,True,13.676453007013231,-9.154932934955903,True,1,ret_d2_pct,D-3 close 대비 D-2 close 수익률(%),True,True,0.9189343860758161,11.825612688887523,0.12118113418853863,-6.3881996914118275,True,6812a9ec6dddaf2206cbd3daae413f6362213c640b3ca0c70603c4fd14b4fbfb,False,ARKW,0.7977532518872775
True,True,13.676453007013231,-9.154932934955903,True,2,ret_d1_pct,D-2 close 대비 D-1 close 수익률(%),True,True,0.6074056087716033,4.712978942225284,0.01179920852789857,-8.885540651245678,True,6812a9ec6dddaf2206cbd3daae413f6362213c640b3ca0c70603c4fd14b4fbfb,False,ARKW,0.5956064002437047
True,True,20.93049720448277,-15.203933139974634,True,2,cumulative_ret5_pct,D-6 close 대비 D-1 close 누적수익률(%),True,True,0.7782408701356912,12.917357373153418,0.20529578962705644,-7.785686729685383,True,6812a9ec6dddaf2206cbd3daae413f6362213c640b3ca0c70603c4fd14b4fbfb,False,ARKW,0.5729450805086348
True,True,5.0,0.0,True,6,up_days5,D-5~D-1 양의 일수익률 일수,True,True,0.9648706072068536,4.8243530360342675,0.4012067692859817,2.0060338464299083,True,6812a9ec6dddaf2206cbd3daae413f6362213c640b3ca0c70603c4fd14b4fbfb,False,ARKW,0.5636638379208718
True,True,4.0,0.0,True,5,days_since_high5,D-5~D-1 고가 최고점 이후 거래일 수(0=D-1),True,True,1.0,4.0,0.05915980726610997,0.23663922906443988,True,6812a9ec6dddaf2206cbd3daae413f6362213c640b3ca0c70603c4fd14b4fbfb,False,ARKW,0.9408401927338901
True,True,1.0,0.0,True,2,close_pos5,D-1 close의 D-5~D-1 high/low 범위 내 위치(0~1),True,True,0.46900966093867485,0.46900966093867485,0.05335782820607904,0.05335782820607904,True,6812a9ec6dddaf2206cbd3daae413f6362213c640b3ca0c70603c4fd14b4fbfb,False,ARKW,0.4156518327325958
True,True,20.94962506966047,0.0,True,5,pullback_from_high5_pct,D-5~D-1 최고가 대비 D-1 close 하락률(%),True,True,0.779231250067656,16.324602531480235,0.13252562581417712,2.7763621729291277,True,6812a9ec6dddaf2206cbd3daae413f6362213c640b3ca0c70603c4fd14b4fbfb,False,ARKW,0.6467056242534789
True,True,13.676453007013231,-1.2510997083700404,True,3,single_up_day5_pct,D-5~D-1 최대 단일 일수익률(%),True,True,0.4351837335681931,5.245128415346471,0.030584039227680226,-0.7945548505494939,True,6812a9ec6dddaf2206cbd3daae413f6362213c640b3ca0c70603c4fd14b4fbfb,False,ARKW,0.4045996943405129
True,True,16.655512298355912,0.0,True,4,fade_after_surge_score,초반 최대상승률 + 최근 2일 음의 누적수익률 절대값,True,True,0.33108896192187853,5.5144562771397405,0.07848555373836827,1.3072171055326665,True,6812a9ec6dddaf2206cbd3daae413f6362213c640b3ca0c70603c4fd14b4fbfb,False,ARKW,0.25260340818351024
True,True,13.374748321084606,-14.475293957276246,True,4,ret_d5_pct,D-6 close 대비 D-5 close 수익률(%),True,True,0.9208966138476075,11.17171567237897,0.36378230958843916,-4.343941255118459,True,eced1f3b23b9db6003fdb3a4918db12cb48c942f0d4801b86d1358ae63c364ed,False,CBRL,0.5571143042591683
True,True,13.374748321084606,-14.475293957276246,True,4,ret_d4_pct,D-5 close 대비 D-4 close 수익률(%),True,True,0.7575127696547523,6.621468704006833,0.19415423394762663,-9.068090333312082,True,eced1f3b23b9db6003fdb3a4918db12cb48c942f0d4801b86d1358ae63c364ed,False,CBRL,0.5633585357071257
True,True,13.374748321084606,-14.475293957276246,True,7,ret_d3_pct,D-4 close 대비 D-3 close 수익률(%),True,True,0.8126061334769159,8.155821215711203,0.31671276283404604,-5.654830122251591,True,eced1f3b23b9db6003fdb3a4918db12cb48c942f0d4801b86d1358ae63c364ed,False,CBRL,0.49589337064286987
True,True,13.374748321084606,-14.475293957276246,True,3,ret_d2_pct,D-3 close 대비 D-2 close 수익률(%),True,True,0.7402397929351602,6.140415572093048,0.30147286425652137,-6.079261941953584,True,eced1f3b23b9db6003fdb3a4918db12cb48c942f0d4801b86d1358ae63c364ed,False,CBRL,0.4387669286786388
True,True,13.374748321084606,-14.475293957276246,True,1,ret_d1_pct,D-2 close 대비 D-1 close 수익률(%),True,True,0.7093315455278861,5.279619575050429,0.2566944261411215,-7.326343336626436,True,eced1f3b23b9db6003fdb3a4918db12cb48c942f0d4801b86d1358ae63c364ed,False,CBRL,0.45263711938676465
True,True,27.02765780718286,-20.25493660934677,True,7,cumulative_ret5_pct,D-6 close 대비 D-1 close 누적수익률(%),True,True,0.9187024476834313,23.18369861394195,0.059699578096700415,-17.43218567136255,True,eced1f3b23b9db6003fdb3a4918db12cb48c942f0d4801b86d1358ae63c364ed,False,CBRL,0.8590028695867309
True,True,5.0,0.0,True,2,up_days5,D-5~D-1 양의 일수익률 일수,True,True,0.5239065954710491,2.6195329773552456,0.012072981299938711,0.06036490649969355,True,eced1f3b23b9db6003fdb3a4918db12cb48c942f0d4801b86d1358ae63c364ed,False,CBRL,0.5118336141711104
True,True,4.0,0.0,True,3,days_since_high5,D-5~D-1 고가 최고점 이후 거래일 수(0=D-1),True,True,0.7816909121471562,3.126763648588625,0.22926162968069347,0.9170465187227739,True,eced1f3b23b9db6003fdb3a4918db12cb48c942f0d4801b86d1358ae63c364ed,False,CBRL,0.5524292824664627
True,True,0.9988668359018577,0.0,True,2,close_pos5,D-1 close의 D-5~D-1 high/low 범위 내 위치(0~1),True,True,0.8758253304509117,0.874832876630201,0.12575230524851416,0.12560980725094792,True,eced1f3b23b9db6003fdb3a4918db12cb48c942f0d4801b86d1358ae63c364ed,False,CBRL,0.7500730252023975
True,True,25.11258592380972,0.008957256529829,True,3,pullback_from_high5_pct,D-5~D-1 최고가 대비 D-1 close 하락률(%),True,True,0.793169709102551,19.92039510397468,0.19985089329811723,5.02593987070994,True,eced1f3b23b9db6003fdb3a4918db12cb48c942f0d4801b86d1358ae63c364ed,False,CBRL,0.5933188158044338
True,True,13.374748321084606,-1.641949708902657,True,6,single_up_day5_pct,D-5~D-1 최대 단일 일수익률(%),True,True,0.875177860083446,11.500331938500896,0.04814092750934035,-0.919031937611386,True,eced1f3b23b9db6003fdb3a4918db12cb48c942f0d4801b86d1358ae63c364ed,False,CBRL,0.8270369325741056
True,True,18.075032637405656,0.0,True,4,fade_after_surge_score,초반 최대상승률 + 최근 2일 음의 누적수익률 절대값,True,True,0.7023125886868715,12.694322962176056,0.1833704048936843,3.3144260531876335,True,eced1f3b23b9db6003fdb3a4918db12cb48c942f0d4801b86d1358ae63c364ed,False,CBRL,0.5189421837931872
True,True,13.35707979651568,-12.38493360600894,True,1,ret_d5_pct,D-6 close 대비 D-5 close 수익률(%),True,True,0.8537696446364266,9.592816028890635,0.4406212263538136,-1.0424560917722339,True,e5ff24a44cb1dbf99648efbb79d1b08127352dc10d8fe0499f0674780670cd61,False,BTU,0.41314841828261295
True,True,13.35707979651568,-12.38493360600894,True,4,ret_d4_pct,D-5 close 대비 D-4 close 수익률(%),True,True,0.8439509769621012,9.340063754023216,0.1654499456025296,-8.125918888861653,True,e5ff24a44cb1dbf99648efbb79d1b08127352dc10d8fe0499f0674780670cd61,False,BTU,0.6785010313595716
True,True,13.35707979651568,-12.38493360600894,True,4,ret_d3_pct,D-4 close 대비 D-3 close 수익률(%),True,True,0.9057270627444883,10.930304582188938,0.10088607631566995,-9.787922877362842,True,e5ff24a44cb1dbf99648efbb79d1b08127352dc10d8fe0499f0674780670cd61,False,BTU,0.8048409864288184
True,True,13.35707979651568,-12.38493360600894,True,5,ret_d2_pct,D-3 close 대비 D-2 close 수익률(%),True,True,0.8132229246221682,8.549061818855183,0.24766999081667262,-6.009409383003003,True,e5ff24a44cb1dbf99648efbb79d1b08127352dc10d8fe0499f0674780670cd61,False,BTU,0.5655529338054955
True,True,13.35707979651568,-12.38493360600894,True,6,ret_d1_pct,D-2 close 대비 D-1 close 수익률(%),True,True,0.8713818859000448,10.046190579547194,0.1377481895637226,-8.83901786408609,True,e5ff24a44cb1dbf99648efbb79d1b08127352dc10d8fe0499f0674780670cd61,False,BTU,0.7336336963363222
True,True,29.17484503249874,-23.911437088567457,True,3,cumulative_ret5_pct,D-6 close 대비 D-1 close 누적수익률(%),True,True,0.7918825765430029,18.12666477655119,0.14648848097052147,-16.134908260279918,True,e5ff24a44cb1dbf99648efbb79d1b08127352dc10d8fe0499f0674780670cd61,False,BTU,0.6453940955724814
True,True,5.0,0.0,True,5,up_days5,D-5~D-1 양의 일수익률 일수,True,True,0.821137960646747,4.1056898032337354,0.20699707916777632,1.0349853958388815,True,e5ff24a44cb1dbf99648efbb79d1b08127352dc10d8fe0499f0674780670cd61,False,BTU,0.6141408814789707
True,True,4.0,0.0,True,2,days_since_high5,D-5~D-1 고가 최고점 이후 거래일 수(0=D-1),True,True,0.9425328494293173,3.770131397717269,0.1572709931003124,0.6290839724012496,True,e5ff24a44cb1dbf99648efbb79d1b08127352dc10d8fe0499f0674780670cd61,False,BTU,0.7852618563290048
True,True,1.0,0.0,True,2,close_pos5,D-1 close의 D-5~D-1 high/low 범위 내 위치(0~1),True,True,0.9162962018043753,0.9162962018043753,0.453235304385108,0.453235304385108,True,e5ff24a44cb1dbf99648efbb79d1b08127352dc10d8fe0499f0674780670cd61,False,BTU,0.4630608974192673
True,True,34.5295763444607,0.0,True,3,pullback_from_high5_pct,D-5~D-1 최고가 대비 D-1 close 하락률(%),True,True,0.8399008563718026,29.001420741868078,0.05,1.7264788172230352,True,e5ff24a44cb1dbf99648efbb79d1b08127352dc10d8fe0499f0674780670cd61,False,BTU,0.7899008563718025
True,True,13.35707979651568,-1.076918382051295,True,1,single_up_day5_pct,D-5~D-1 최대 단일 일수익률(%),True,True,0.7912131863010625,10.343451307876414,0.18394897042776903,1.5782007220523937,True,e5ff24a44cb1dbf99648efbb79d1b08127352dc10d8fe0499f0674780670cd61,False,BTU,0.6072642158732935
True,True,25.846888153445057,0.0,True,2,fade_after_surge_score,초반 최대상승률 + 최근 2일 음의 누적수익률 절대값,True,True,0.7201713078376266,18.614187244999385,0.22234394819195322,5.746899160512797,True,e5ff24a44cb1dbf99648efbb79d1b08127352dc10d8fe0499f0674780670cd61,False,BTU,0.4978273596456734
True,True,23.82550448343881,-17.464785743301682,True,3,ret_d5_pct,D-6 close 대비 D-5 close 수익률(%),True,True,0.974300424799445,22.764361564703954,0.19594785425083824,-9.374041971977524,True,5f84a3038dd1ad57f39a317a281e06b98c18bb6cb424fbaa844020640ec4ee1a,False,BB,0.7783525705486067
True,True,23.82550448343881,-17.464785743301682,True,5,ret_d4_pct,D-5 close 대비 D-4 close 수익률(%),True,True,0.7998880362855869,15.56282342382773,0.36368028403633457,-2.4483212656980093,True,5f84a3038dd1ad57f39a317a281e06b98c18bb6cb424fbaa844020640ec4ee1a,False,BB,0.43620775224925235
True,True,23.82550448343881,-17.464785743301682,True,1,ret_d3_pct,D-4 close 대비 D-3 close 수익률(%),True,True,0.8541518334752737,17.803391358594887,0.3067619678244941,-4.79849506130229,True,5f84a3038dd1ad57f39a317a281e06b98c18bb6cb424fbaa844020640ec4ee1a,False,BB,0.5473898656507796
True,True,23.82550448343881,-17.464785743301682,True,3,ret_d2_pct,D-3 close 대비 D-2 close 수익률(%),True,True,0.9435531271579879,21.49479672140022,0.3070894012945067,-4.784975238295523,True,5f84a3038dd1ad57f39a317a281e06b98c18bb6cb424fbaa844020640ec4ee1a,False,BB,0.6364637258634812
True,True,23.82550448343881,-17.464785743301682,True,4,ret_d1_pct,D-2 close 대비 D-1 close 수익률(%),True,True,0.9281256595454765,20.85779210621598,0.09976283825312479,-13.345549197986792,True,5f84a3038dd1ad57f39a317a281e06b98c18bb6cb424fbaa844020640ec4ee1a,False,BB,0.8283628212923517
True,True,37.17472039883365,-23.373494128161425,True,4,cumulative_ret5_pct,D-6 close 대비 D-1 close 누적수익률(%),True,True,1.0,37.17472039883365,0.39320558943610917,0.43440225422965995,True,5f84a3038dd1ad57f39a317a281e06b98c18bb6cb424fbaa844020640ec4ee1a,False,BB,0.6067944105638908
True,True,5.0,0.0,True,2,up_days5,D-5~D-1 양의 일수익률 일수,True,True,0.5602739909208293,2.8013699546041466,0.02966884366426212,0.14834421832131062,True,5f84a3038dd1ad57f39a317a281e06b98c18bb6cb424fbaa844020640ec4ee1a,False,BB,0.5306051472565672
True,True,4.0,0.0,False,0,days_since_high5,D-5~D-1 고가 최고점 이후 거래일 수(0=D-1),True,True,0.9953956975995499,3.9815827903981997,0.273348435677031,1.093393742708124,True,5f84a3038dd1ad57f39a317a281e06b98c18bb6cb424fbaa844020640ec4ee1a,False,BB,0.7220472619225189
True,True,1.0,0.0,False,0,close_pos5,D-1 close의 D-5~D-1 high/low 범위 내 위치(0~1),True,True,0.8534552043005724,0.8534552043005724,0.16381261323003013,0.16381261323003013,True,5f84a3038dd1ad57f39a317a281e06b98c18bb6cb424fbaa844020640ec4ee1a,False,BB,0.6896425910705423
True,True,30.95237515983169,0.0,True,5,pullback_from_high5_pct,D-5~D-1 최고가 대비 D-1 close 하락률(%),True,True,0.7822832809179019,24.2135255922349,0.11893340637990603,3.681271413307571,True,5f84a3038dd1ad57f39a317a281e06b98c18bb6cb424fbaa844020640ec4ee1a,False,BB,0.6633498745379959
True,True,23.82550448343881,-1.9723940450530275,True,4,single_up_day5_pct,D-5~D-1 최대 단일 일수익률(%),True,True,0.7254123097807967,16.741719113990854,0.008190219535226986,-1.76110359255717,True,5f84a3038dd1ad57f39a317a281e06b98c18bb6cb424fbaa844020640ec4ee1a,False,BB,0.7172220902455697
True,True,25.088129529860737,0.0,True,5,fade_after_surge_score,초반 최대상승률 + 최근 2일 음의 누적수익률 절대값,True,True,0.7684534995401259,19.279060934137455,0.08559359246704051,2.1473831347392247,True,5f84a3038dd1ad57f39a317a281e06b98c18bb6cb424fbaa844020640ec4ee1a,False,BB,0.6828599070730854
True,True,12.888783669459247,-8.162853863469689,True,7,ret_d5_pct,D-6 close 대비 D-5 close 수익률(%),True,True,0.6566324949318406,5.660335412178217,0.2768587900224642,-2.3345229681114894,True,ef80266edc56e1401ecac4016bd599b5112d756f823e200757d4dc67fb84f06f,False,BN,0.3797737049093764
True,True,12.888783669459247,-8.162853863469689,True,4,ret_d4_pct,D-5 close 대비 D-4 close 수익률(%),True,True,0.8456010224861288,9.638432359382385,0.03179042781434115,-7.493613300105436,True,ef80266edc56e1401ecac4016bd599b5112d756f823e200757d4dc67fb84f06f,False,BN,0.8138105946717876
True,True,12.888783669459247,-8.162853863469689,True,3,ret_d3_pct,D-4 close 대비 D-3 close 수익률(%),True,True,0.8219808794396206,9.141189669491364,0.23318891451032384,-3.2538453585011986,True,ef80266edc56e1401ecac4016bd599b5112d756f823e200757d4dc67fb84f06f,False,BN,0.5887919649292968
True,True,12.888783669459247,-8.162853863469689,True,4,ret_d2_pct,D-3 close 대비 D-2 close 수익률(%),True,True,0.8934645126805527,10.646037206016295,0.07918408183265671,-6.495899274350816,True,ef80266edc56e1401ecac4016bd599b5112d756f823e200757d4dc67fb84f06f,False,BN,0.814280430847896
True,True,12.888783669459247,-8.162853863469689,True,3,ret_d1_pct,D-2 close 대비 D-1 close 수익률(%),True,True,0.7270329115651681,7.142379465310208,0.07790479249805199,-6.522830409722657,True,ef80266edc56e1401ecac4016bd599b5112d756f823e200757d4dc67fb84f06f,False,BN,0.6491281190671161
True,True,15.698393639884744,-16.93309099374707,True,5,cumulative_ret5_pct,D-6 close 대비 D-1 close 누적수익률(%),True,True,0.6412520902631302,3.9919167359585472,0.13906687579627536,-12.395132373153725,True,ef80266edc56e1401ecac4016bd599b5112d756f823e200757d4dc67fb84f06f,False,BN,0.5021852144668548
True,True,5.0,0.0,True,7,up_days5,D-5~D-1 양의 일수익률 일수,True,True,0.9094114001335891,4.547057000667945,0.18426295037150595,0.9213147518575298,True,ef80266edc56e1401ecac4016bd599b5112d756f823e200757d4dc67fb84f06f,False,BN,0.7251484497620831
True,True,4.0,0.0,True,3,days_since_high5,D-5~D-1 고가 최고점 이후 거래일 수(0=D-1),True,True,0.8787881368559622,3.515152547423849,0.512482702543747,2.049930810174988,True,ef80266edc56e1401ecac4016bd599b5112d756f823e200757d4dc67fb84f06f,False,BN,0.3663054343122153
True,True,1.0,0.0,True,6,close_pos5,D-1 close의 D-5~D-1 high/low 범위 내 위치(0~1),True,True,0.8183379866329129,0.8183379866329129,0.22117961953799603,0.22117961953799603,True,ef80266edc56e1401ecac4016bd599b5112d756f823e200757d4dc67fb84f06f,False,BN,0.5971583670949169
True,True,21.72745609614768,0.0,True,4,pullback_from_high5_pct,D-5~D-1 최고가 대비 D-1 close 하락률(%),True,True,0.8716590017116734,18.9389326905023,0.12328119316771317,2.6785867120321893,True,ef80266edc56e1401ecac4016bd599b5112d756f823e200757d4dc67fb84f06f,False,BN,0.7483778085439603
True,True,12.888783669459247,-1.8949120235591588,True,5,single_up_day5_pct,D-5~D-1 최대 단일 일수익률(%),True,True,0.6619299135590955,7.890858388604486,0.038793964814749365,-1.3213938530122409,True,ef80266edc56e1401ecac4016bd599b5112d756f823e200757d4dc67fb84f06f,False,BN,0.6231359487443461
True,True,17.620912565387094,0.0,True,3,fade_after_surge_score,초반 최대상승률 + 최근 2일 음의 누적수익률 절대값,True,True,0.7077339820367189,12.470918617022264,0.0043245007797798884,0.07620165012944972,True,ef80266edc56e1401ecac4016bd599b5112d756f823e200757d4dc67fb84f06f,False,BN,0.703409481256939
True,True,40.798526921475386,-26.50406649029874,True,3,ret_d5_pct,D-6 close 대비 D-5 close 수익률(%),True,True,0.8964196855025571,33.827303129390295,0.23888077984768585,-10.426770490322411,True,16a2ee0f0128605106da565283be2e2c59a5d73acc41beb3c547717648e51ca7,False,ACMR,0.6575389056548713
True,True,40.798526921475386,-26.50406649029874,True,4,ret_d4_pct,D-5 close 대비 D-4 close 수익률(%),True,True,0.805160396958749,27.685316337478596,0.11488306649663675,-18.772138175977787,True,16a2ee0f0128605106da565283be2e2c59a5d73acc41beb3c547717648e51ca7,False,ACMR,0.6902773304621123
True,True,40.798526921475386,-26.50406649029874,True,4,ret_d3_pct,D-4 close 대비 D-3 close 수익률(%),True,True,0.805160396958749,27.685316337478596,0.4803276454838697,5.823229738136924,True,16a2ee0f0128605106da565283be2e2c59a5d73acc41beb3c547717648e51ca7,False,ACMR,0.3248327514748793
True,True,40.798526921475386,-26.50406649029874,True,2,ret_d2_pct,D-3 close 대비 D-2 close 수익률(%),True,True,0.6846918057910789,19.577467727231657,0.27298356060537354,-8.131564902776883,True,16a2ee0f0128605106da565283be2e2c59a5d73acc41beb3c547717648e51ca7,False,ACMR,0.41170824518570537
True,True,40.798526921475386,-26.50406649029874,True,3,ret_d1_pct,D-2 close 대비 D-1 close 수익률(%),True,True,0.891349117735023,33.4860407685651,0.26555207840272,-8.63172292790891,True,16a2ee0f0128605106da565283be2e2c59a5d73acc41beb3c547717648e51ca7,False,ACMR,0.625797039332303
True,True,65.49536469604145,-40.52238793211127,True,1,cumulative_ret5_pct,D-6 close 대비 D-1 close 누적수익률(%),True,True,0.8117383131355309,45.53628374868542,0.2896775179297556,-9.811428494297168,True,16a2ee0f0128605106da565283be2e2c59a5d73acc41beb3c547717648e51ca7,False,ACMR,0.5220607952057753
True,True,5.0,0.0,True,1,up_days5,D-5~D-1 양의 일수익률 일수,True,True,0.8794991512768064,4.397495756384032,0.01169550995434931,0.058477549771746545,True,16a2ee0f0128605106da565283be2e2c59a5d73acc41beb3c547717648e51ca7,False,ACMR,0.8678036413224571
True,True,4.0,0.0,False,0,days_since_high5,D-5~D-1 고가 최고점 이후 거래일 수(0=D-1),True,True,0.5515204853069644,2.2060819412278576,0.027113530177624277,0.1084541207104971,True,16a2ee0f0128605106da565283be2e2c59a5d73acc41beb3c547717648e51ca7,False,ACMR,0.5244069551293401
True,True,0.9953702641173616,0.0,True,5,close_pos5,D-1 close의 D-5~D-1 high/low 범위 내 위치(0~1),True,True,0.9803570167659454,0.9758182227076279,0.4930553956853026,0.49077267942776986,True,16a2ee0f0128605106da565283be2e2c59a5d73acc41beb3c547717648e51ca7,False,ACMR,0.48730162108064284
True,True,70.05019832976565,0.0573115470381413,True,1,pullback_from_high5_pct,D-5~D-1 최고가 대비 D-1 close 하락률(%),True,True,0.9079516418722258,63.60746802079239,0.053294651503561934,3.78755805585187,True,16a2ee0f0128605106da565283be2e2c59a5d73acc41beb3c547717648e51ca7,False,ACMR,0.8546569903686638
True,True,40.798526921475386,-2.338210252450079,False,0,single_up_day5_pct,D-5~D-1 최대 단일 일수익률(%),True,True,0.95,38.64169006277911,0.05,-0.1813733937538058,True,16a2ee0f0128605106da565283be2e2c59a5d73acc41beb3c547717648e51ca7,False,ACMR,0.8999999999999999
True,True,54.62925695717488,0.0,True,2,fade_after_surge_score,초반 최대상승률 + 최근 2일 음의 누적수익률 절대값,True,True,0.6309457902258068,34.46809970029336,0.001270568976289025,0.06941023908750779,True,16a2ee0f0128605106da565283be2e2c59a5d73acc41beb3c547717648e51ca7,False,ACMR,0.6296752212495177
True,True,11.608573760830687,-8.818005867927337,True,3,ret_d5_pct,D-6 close 대비 D-5 close 수익률(%),True,True,0.5194622965649462,1.7928320969940543,0.14543484956087477,-5.847269332575684,True,0b1996f62668cbb721904d4f2c942edea70d683ac38d66dbe9e4fa26337b247f,False,CARR,0.3740274470040715
True,True,11.608573760830687,-8.818005867927337,True,3,ret_d4_pct,D-5 close 대비 D-4 close 수익률(%),True,True,0.7917769288421005,7.355288617279303,0.1043078416995259,-6.687353433548084,True,0b1996f62668cbb721904d4f2c942edea70d683ac38d66dbe9e4fa26337b247f,False,CARR,0.6874690871425746
True,True,11.608573760830687,-8.818005867927337,True,1,ret_d3_pct,D-4 close 대비 D-3 close 수익률(%),True,True,0.660546288178146,4.674695486024108,0.13817226554882256,-5.995619083208414,True,0b1996f62668cbb721904d4f2c942edea70d683ac38d66dbe9e4fa26337b247f,False,CARR,0.5223740226293234
True,True,11.608573760830687,-8.818005867927337,True,2,ret_d2_pct,D-3 close 대비 D-2 close 수익률(%),True,True,0.5718468915397166,2.862870197566437,0.13234210651587802,-6.114709290943178,True,0b1996f62668cbb721904d4f2c942edea70d683ac38d66dbe9e4fa26337b247f,False,CARR,0.43950478502383855
True,True,11.608573760830687,-8.818005867927337,True,1,ret_d1_pct,D-2 close 대비 D-1 close 수익률(%),True,True,0.8346952287813998,8.231962688520323,0.031364467416468735,-8.177337076731252,True,0b1996f62668cbb721904d4f2c942edea70d683ac38d66dbe9e4fa26337b247f,False,CARR,0.8033307613649311
True,True,19.09756434188004,-12.574758519480778,False,0,cumulative_ret5_pct,D-6 close 대비 D-1 close 누적수익률(%),True,True,0.8735824167272459,15.093625829112405,0.15161858133656167,-7.7726458596077,True,0b1996f62668cbb721904d4f2c942edea70d683ac38d66dbe9e4fa26337b247f,False,CARR,0.7219638353906842
True,True,5.0,0.0,True,2,up_days5,D-5~D-1 양의 일수익률 일수,True,True,0.9491083889821597,4.745541944910798,0.05979592871918466,0.29897964359592333,True,0b1996f62668cbb721904d4f2c942edea70d683ac38d66dbe9e4fa26337b247f,False,CARR,0.889312460262975
True,True,4.0,0.0,True,3,days_since_high5,D-5~D-1 고가 최고점 이후 거래일 수(0=D-1),True,True,0.6661738707790081,2.6646954831160325,0.25399729106450636,1.0159891642580254,True,0b1996f62668cbb721904d4f2c942edea70d683ac38d66dbe9e4fa26337b247f,False,CARR,0.4121765797145018
True,True,0.9959265868795102,0.0025778694449925,True,3,close_pos5,D-1 close의 D-5~D-1 high/low 범위 내 위치(0~1),True,True,0.8046862263345248,0.8019119003116147,0.030057329816489165,0.0324352794677083,True,0b1996f62668cbb721904d4f2c942edea70d683ac38d66dbe9e4fa26337b247f,False,CARR,0.7746288965180357
True,True,17.407744583985018,0.0361995698631156,False,0,pullback_from_high5_pct,D-5~D-1 최고가 대비 D-1 close 하락률(%),True,True,0.9367276458297508,16.30860603536707,0.10481315624897458,1.8569660317143701,True,0b1996f62668cbb721904d4f2c942edea70d683ac38d66dbe9e4fa26337b247f,False,CARR,0.8319144895807762
True,True,11.608573760830687,-0.5072301120270906,True,1,single_up_day5_pct,D-5~D-1 최대 단일 일수익률(%),True,True,0.8661360517347028,9.986704418001967,0.18077201816098717,1.6829682057121147,True,0b1996f62668cbb721904d4f2c942edea70d683ac38d66dbe9e4fa26337b247f,False,CARR,0.6853640335737156
True,True,14.445589241102333,0.0,True,1,fade_after_surge_score,초반 최대상승률 + 최근 2일 음의 누적수익률 절대값,True,True,0.9736860439456964,14.065468640633444,0.239368166381391,3.457814208941415,True,0b1996f62668cbb721904d4f2c942edea70d683ac38d66dbe9e4fa26337b247f,False,CARR,0.7343178775643053
True,True,10.972398773348855,-16.650437798759697,True,4,ret_d5_pct,D-6 close 대비 D-5 close 수익률(%),True,True,0.9994790373051544,10.95800830596897,0.617007650650632,0.393063698903358,True,2a6c86d57ae7e75332bd014b7ecea558aa139f8ac2f673a8ec9c35e9489984e9,False,CRK,0.3824713866545224
True,True,10.972398773348855,-16.650437798759697,True,3,ret_d4_pct,D-5 close 대비 D-4 close 수익률(%),True,True,0.8438066224131909,6.657894630622788,0.1496670987824049,-12.516207988871699,True,2a6c86d57ae7e75332bd014b7ecea558aa139f8ac2f673a8ec9c35e9489984e9,False,CRK,0.694139523630786
True,True,10.972398773348855,-16.650437798759697,True,5,ret_d3_pct,D-4 close 대비 D-3 close 수익률(%),True,True,0.9899533829106637,10.694882711387567,0.2392217555276817,-10.042454341325639,True,2a6c86d57ae7e75332bd014b7ecea558aa139f8ac2f673a8ec9c35e9489984e9,False,CRK,0.750731627382982
True,True,10.972398773348855,-16.650437798759697,True,4,ret_d2_pct,D-3 close 대비 D-2 close 수익률(%),True,True,0.7790236121160486,4.868404124535601,0.016503306599257445,-16.194569657669007,True,2a6c86d57ae7e75332bd014b7ecea558aa139f8ac2f673a8ec9c35e9489984e9,False,CRK,0.7625203055167912
True,True,10.972398773348855,-16.650437798759697,True,4,ret_d1_pct,D-2 close 대비 D-1 close 수익률(%),True,True,0.7542486393296316,4.184049100177965,0.14407342609516613,-12.670721095349164,True,2a6c86d57ae7e75332bd014b7ecea558aa139f8ac2f673a8ec9c35e9489984e9,False,CRK,0.6101752132344654
True,True,28.404340372984183,-19.99999999980769,True,3,cumulative_ret5_pct,D-6 close 대비 D-1 close 누적수익률(%),True,True,0.5476612460151158,6.509181361295283,0.036388231693851386,-18.238651647334496,True,2a6c86d57ae7e75332bd014b7ecea558aa139f8ac2f673a8ec9c35e9489984e9,False,CRK,0.5112730143212644
True,True,5.0,0.0,True,4,up_days5,D-5~D-1 양의 일수익률 일수,True,True,0.6996398189329224,3.4981990946646118,0.1292837117474559,0.6464185587372795,True,2a6c86d57ae7e75332bd014b7ecea558aa139f8ac2f673a8ec9c35e9489984e9,False,CRK,0.5703561071854665
True,True,4.0,0.0,True,2,days_since_high5,D-5~D-1 고가 최고점 이후 거래일 수(0=D-1),True,True,0.9862786715801006,3.9451146863204025,0.09419299321640172,0.3767719728656069,True,2a6c86d57ae7e75332bd014b7ecea558aa139f8ac2f673a8ec9c35e9489984e9,False,CRK,0.8920856783636989
True,True,1.0,0.0,True,4,close_pos5,D-1 close의 D-5~D-1 high/low 범위 내 위치(0~1),True,True,0.6533026785455237,0.6533026785455237,0.02329677697400257,0.02329677697400257,True,2a6c86d57ae7e75332bd014b7ecea558aa139f8ac2f673a8ec9c35e9489984e9,False,CRK,0.6300059015715211
True,True,27.978214935987666,0.0,True,5,pullback_from_high5_pct,D-5~D-1 최고가 대비 D-1 close 하락률(%),True,True,0.679636088667405,19.015004566990626,0.13631144557397398,3.8137509225038286,True,2a6c86d57ae7e75332bd014b7ecea558aa139f8ac2f673a8ec9c35e9489984e9,False,CRK,0.543324643093431
True,True,10.972398773348855,-2.19298252952832,True,1,single_up_day5_pct,D-5~D-1 최대 단일 일수익률(%),True,True,0.8395220221889363,8.85964500475154,0.5131935314220236,4.563405993812701,True,2a6c86d57ae7e75332bd014b7ecea558aa139f8ac2f673a8ec9c35e9489984e9,False,CRK,0.3263284907669127
True,True,25.850767301702696,0.0,True,5,fade_after_surge_score,초반 최대상승률 + 최근 2일 음의 누적수익률 절대값,True,True,0.9294488482253842,24.026965894309996,0.05810313482084462,1.5020106177531134,True,2a6c86d57ae7e75332bd014b7ecea558aa139f8ac2f673a8ec9c35e9489984e9,False,CRK,0.8713457134045396
True,True,27.76158819125827,-15.801181254672905,True,3,ret_d5_pct,D-6 close 대비 D-5 close 수익률(%),True,True,0.8196943915166353,19.906976539089122,0.2549563382545235,-4.694577072512255,True,56640a2e08ea95b18f22b46a8ce77198e3b06e548ce5ca4c431e260fd93c347f,False,CLDX,0.5647380532621118
True,True,27.76158819125827,-15.801181254672905,True,6,ret_d4_pct,D-5 close 대비 D-4 close 수익률(%),True,True,0.924921548949055,24.490962937768323,0.025262179885776066,-14.700690736607202,True,56640a2e08ea95b18f22b46a8ce77198e3b06e548ce5ca4c431e260fd93c347f,False,CLDX,0.8996593690632789
True,True,27.76158819125827,-15.801181254672905,True,3,ret_d3_pct,D-4 close 대비 D-3 close 수익률(%),True,True,0.49671915759900737,5.837280887189806,0.07636582870605822,-12.474474265203417,True,56640a2e08ea95b18f22b46a8ce77198e3b06e548ce5ca4c431e260fd93c347f,False,CLDX,0.42035332889294913
True,True,27.76158819125827,-15.801181254672905,False,0,ret_d2_pct,D-3 close 대비 D-2 close 수익률(%),True,True,0.9395127032279799,25.126594027571137,0.2133591457257517,-6.506665980241152,True,56640a2e08ea95b18f22b46a8ce77198e3b06e548ce5ca4c431e260fd93c347f,False,CLDX,0.7261535575022282
True,True,27.76158819125827,-15.801181254672905,True,3,ret_d1_pct,D-2 close 대비 D-1 close 수익률(%),True,True,0.8887469998922045,22.915099397394222,0.2091878730487925,-6.688378170163638,True,56640a2e08ea95b18f22b46a8ce77198e3b06e548ce5ca4c431e260fd93c347f,False,CLDX,0.679559126843412
True,True,37.43046640556291,-22.657579325933,True,1,cumulative_ret5_pct,D-6 close 대비 D-1 close 누적수익률(%),True,True,0.6264070186109018,14.981994254888875,0.24485167285424633,-7.94492081003377,True,56640a2e08ea95b18f22b46a8ce77198e3b06e548ce5ca4c431e260fd93c347f,False,CLDX,0.3815553457566554
True,True,5.0,0.0,True,6,up_days5,D-5~D-1 양의 일수익률 일수,True,True,0.9512157813356299,4.75607890667815,0.050497440090839125,0.25248720045419565,True,56640a2e08ea95b18f22b46a8ce77198e3b06e548ce5ca4c431e260fd93c347f,False,CLDX,0.9007183412447908
True,True,4.0,0.0,True,4,days_since_high5,D-5~D-1 고가 최고점 이후 거래일 수(0=D-1),True,True,0.7579508435430995,3.031803374172398,0.4365404303502187,1.7461617214008749,True,56640a2e08ea95b18f22b46a8ce77198e3b06e548ce5ca4c431e260fd93c347f,False,CLDX,0.3214104131928808
True,True,1.0,0.0,True,3,close_pos5,D-1 close의 D-5~D-1 high/low 범위 내 위치(0~1),True,True,0.5770364871218191,0.5770364871218191,0.04526605042253809,0.04526605042253809,True,56640a2e08ea95b18f22b46a8ce77198e3b06e548ce5ca4c431e260fd93c347f,False,CLDX,0.531770436699281
True,True,45.06172156328143,0.0,True,1,pullback_from_high5_pct,D-5~D-1 최고가 대비 D-1 close 하락률(%),True,True,0.6322857970358723,28.491886534447953,0.2095219177912738,9.441418320915123,True,56640a2e08ea95b18f22b46a8ce77198e3b06e548ce5ca4c431e260fd93c347f,False,CLDX,0.42276387924459846
True,True,27.76158819125827,-1.147454630139022,True,2,single_up_day5_pct,D-5~D-1 최대 단일 일수익률(%),True,True,0.9170747614588537,25.364298919297685,0.10505939057419894,1.8897117907603982,True,56640a2e08ea95b18f22b46a8ce77198e3b06e548ce5ca4c431e260fd93c347f,False,CLDX,0.8120153708846547
True,True,33.60014518331943,0.0,True,2,fade_after_surge_score,초반 최대상승률 + 최근 2일 음의 누적수익률 절대값,True,True,0.9572154621576765,32.162578500216135,0.09203595683230865,3.0924215116512905,True,56640a2e08ea95b18f22b46a8ce77198e3b06e548ce5ca4c431e260fd93c347f,False,CLDX,0.8651795053253678
True,True,33.69565182191487,-18.181817676605217,True,4,ret_d5_pct,D-6 close 대비 D-5 close 수익률(%),True,True,0.7370456375709782,20.054244905500493,0.08260836022491028,-13.896304988714675,True,dc7941ba24d7920388389f92575ff6347d49ab1bf007a795eeb7cb795748bcdd,False,ADPT,0.6544372773460679
True,True,33.69565182191487,-18.181817676605217,True,1,ret_d4_pct,D-5 close 대비 D-4 close 수익률(%),True,True,0.6629321242247582,16.209423377453806,0.1478322099928896,-10.512656711800272,True,dc7941ba24d7920388389f92575ff6347d49ab1bf007a795eeb7cb795748bcdd,False,ADPT,0.5150999142318686
True,True,33.69565182191487,-18.181817676605217,True,5,ret_d3_pct,D-4 close 대비 D-3 close 수익률(%),True,True,0.5148509290299843,8.527345690432522,0.23274885051579808,-6.107396283156291,True,dc7941ba24d7920388389f92575ff6347d49ab1bf007a795eeb7cb795748bcdd,False,ADPT,0.2821020785141862
True,True,33.69565182191487,-18.181817676605217,True,2,ret_d2_pct,D-3 close 대비 D-2 close 수익률(%),True,True,0.7915363382095528,22.88108456583114,0.06617887875367685,-14.748624912615087,True,dc7941ba24d7920388389f92575ff6347d49ab1bf007a795eeb7cb795748bcdd,False,ADPT,0.7253574594558759
True,True,33.69565182191487,-18.181817676605217,True,3,ret_d1_pct,D-2 close 대비 D-1 close 수익률(%),True,True,0.8144440627970158,24.069479349397742,0.31170116502696377,-2.011549995265728,True,dc7941ba24d7920388389f92575ff6347d49ab1bf007a795eeb7cb795748bcdd,False,ADPT,0.502742897770052
True,True,39.23241215652909,-29.37625475582133,True,2,cumulative_ret5_pct,D-6 close 대비 D-1 close 누적수익률(%),True,True,0.9161457902294227,33.47928660918119,0.04522667872491766,-26.273312619631568,True,dc7941ba24d7920388389f92575ff6347d49ab1bf007a795eeb7cb795748bcdd,False,ADPT,0.870919111504505
True,True,5.0,0.0,True,2,up_days5,D-5~D-1 양의 일수익률 일수,True,True,1.0,5.0,0.17097822082645964,0.8548911041322982,True,dc7941ba24d7920388389f92575ff6347d49ab1bf007a795eeb7cb795748bcdd,False,ADPT,0.8290217791735404
True,True,4.0,0.0,True,4,days_since_high5,D-5~D-1 고가 최고점 이후 거래일 수(0=D-1),True,True,0.6837189812506813,2.7348759250027252,0.07317361101549628,0.29269444406198514,True,dc7941ba24d7920388389f92575ff6347d49ab1bf007a795eeb7cb795748bcdd,False,ADPT,0.6105453702351851
True,True,0.9932884370228152,0.0,True,2,close_pos5,D-1 close의 D-5~D-1 high/low 범위 내 위치(0~1),True,True,0.5598129682327794,0.5560557482410403,0.06701487807584253,0.06656510350122816,True,dc7941ba24d7920388389f92575ff6347d49ab1bf007a795eeb7cb795748bcdd,False,ADPT,0.4927980901569369
True,True,45.01424975567976,0.1197517934512726,True,4,pullback_from_high5_pct,D-5~D-1 최고가 대비 D-1 close 하락률(%),True,True,0.9566513584979442,43.06813425810034,0.05695388587691876,2.676667906893596,True,dc7941ba24d7920388389f92575ff6347d49ab1bf007a795eeb7cb795748bcdd,False,ADPT,0.8996974726210255
True,True,33.69565182191487,-1.9033691931490515,True,4,single_up_day5_pct,D-5~D-1 최대 단일 일수익률(%),True,True,0.939006251432298,31.524334084865725,0.050884558312605396,-0.09192873243636623,True,dc7941ba24d7920388389f92575ff6347d49ab1bf007a795eeb7cb795748bcdd,False,ADPT,0.8881216931196926
True,True,45.85915477163126,0.0,True,2,fade_after_surge_score,초반 최대상승률 + 최근 2일 음의 누적수익률 절대값,True,True,0.882843273805946,40.48644633256051,0.0729969438476931,3.3475781457674345,True,dc7941ba24d7920388389f92575ff6347d49ab1bf007a795eeb7cb795748bcdd,False,ADPT,0.8098463299582529
True,True,13.045744193250886,-12.583583179306912,True,2,ret_d5_pct,D-6 close 대비 D-5 close 수익률(%),True,True,0.9862685550315466,12.693816494856131,0.286269661894188,-5.246684297789333,True,69069e6c5d7f3b8c18e21802d711ba1d734a18afd78ff91337b26492e833c72e,False,BIDU,0.6999988931373586
True,True,13.045744193250886,-12.583583179306912,True,3,ret_d4_pct,D-5 close 대비 D-4 close 수익률(%),True,True,0.6975682029035619,5.294620657595297,0.13257585721679246,-9.185753133000258,True,69069e6c5d7f3b8c18e21802d711ba1d734a18afd78ff91337b26492e833c72e,False,BIDU,0.5649923456867695
True,True,13.045744193250886,-12.583583179306912,True,5,ret_d3_pct,D-4 close 대비 D-3 close 수익률(%),True,True,0.7233136074412584,5.954458058830857,0.2088819004197039,-7.230080571248303,True,69069e6c5d7f3b8c18e21802d711ba1d734a18afd78ff91337b26492e833c72e,False,BIDU,0.5144317070215545
True,True,13.045744193250886,-12.583583179306912,True,3,ret_d2_pct,D-3 close 대비 D-2 close 수익률(%),True,True,0.6351132829889758,3.693943069077493,0.2119040091661401,-7.152625956830419,True,69069e6c5d7f3b8c18e21802d711ba1d734a18afd78ff91337b26492e833c72e,False,BIDU,0.42320927382283574
True,True,13.045744193250886,-12.583583179306912,True,2,ret_d1_pct,D-2 close 대비 D-1 close 수익률(%),True,True,0.8392198248462721,8.92505644921881,0.033102140978144096,-11.735197571445497,True,69069e6c5d7f3b8c18e21802d711ba1d734a18afd78ff91337b26492e833c72e,False,BIDU,0.806117683868128
True,True,23.541841634720395,-21.70626396779089,True,4,cumulative_ret5_pct,D-6 close 대비 D-1 close 누적수익률(%),True,True,0.9095806634688929,19.45053794685186,0.2889377818378996,-8.632376702634241,True,69069e6c5d7f3b8c18e21802d711ba1d734a18afd78ff91337b26492e833c72e,False,BIDU,0.6206428816309932
True,True,5.0,0.0,True,2,up_days5,D-5~D-1 양의 일수익률 일수,True,True,0.8741717038128097,4.370858519064049,0.5838485632657602,2.9192428163288007,True,69069e6c5d7f3b8c18e21802d711ba1d734a18afd78ff91337b26492e833c72e,False,BIDU,0.29032314054704955
True,True,4.0,0.0,True,7,days_since_high5,D-5~D-1 고가 최고점 이후 거래일 수(0=D-1),True,True,0.7170149763974024,2.8680599055896097,0.21224343778958665,0.8489737511583466,True,69069e6c5d7f3b8c18e21802d711ba1d734a18afd78ff91337b26492e833c72e,False,BIDU,0.5047715386078158
True,True,0.9934806958361344,0.0,True,4,close_pos5,D-1 close의 D-5~D-1 high/low 범위 내 위치(0~1),True,True,0.754270107808191,0.7493527915536777,0.0918411828532486,0.09124244224745907,True,69069e6c5d7f3b8c18e21802d711ba1d734a18afd78ff91337b26492e833c72e,False,BIDU,0.6624289249549424
True,True,33.15360807648904,0.0359785958677472,True,1,pullback_from_high5_pct,D-5~D-1 최고가 대비 D-1 close 하락률(%),True,True,0.8636580541770665,28.63828603205819,0.08445114452446341,2.8328003094433263,True,69069e6c5d7f3b8c18e21802d711ba1d734a18afd78ff91337b26492e833c72e,False,BIDU,0.7792069096526031
True,True,13.045744193250886,-1.011176843346295,True,5,single_up_day5_pct,D-5~D-1 최대 단일 일수익률(%),True,True,0.7789436065549782,9.938371925959256,0.13326261052823385,0.8620851499798923,True,69069e6c5d7f3b8c18e21802d711ba1d734a18afd78ff91337b26492e833c72e,False,BIDU,0.6456809960267443
True,True,20.94644956156889,0.0,True,1,fade_after_surge_score,초반 최대상승률 + 최근 2일 음의 누적수익률 절대값,True,True,0.6325297107599014,13.249251682626033,0.2766031868403567,5.793854701720747,True,69069e6c5d7f3b8c18e21802d711ba1d734a18afd78ff91337b26492e833c72e,False,BIDU,0.3559265239195447
True,True,4.615380100591837,-4.934494233734055,True,2,ret_d5_pct,D-6 close 대비 D-5 close 수익률(%),True,True,0.7007090242230486,1.7571888925241765,0.3758861351780352,-1.344828878768384,True,27dd92b1e3bca39fceabf378663718b635b983dc9e941f6d305cfb989111324d,False,CEF,0.3248228890450134
True,True,4.615380100591837,-4.934494233734055,True,3,ret_d4_pct,D-5 close 대비 D-4 close 수익률(%),True,True,0.8661585701267558,3.3372112645758634,0.049189297446025515,-4.464742624530734,True,27dd92b1e3bca39fceabf378663718b635b983dc9e941f6d305cfb989111324d,False,CEF,0.8169692726807303
True,True,4.615380100591837,-4.934494233734055,True,4,ret_d3_pct,D-4 close 대비 D-3 close 수익률(%),True,True,0.6697739789809734,1.4617630979356715,0.11430328399381277,-3.842912235592379,True,27dd92b1e3bca39fceabf378663718b635b983dc9e941f6d305cfb989111324d,False,CEF,0.5554706949871606
True,True,4.615380100591837,-4.934494233734055,True,2,ret_d2_pct,D-3 close 대비 D-2 close 수익률(%),True,True,0.5118995335726693,-0.045918016315025234,0.11445065718250075,-3.8415048401601597,True,27dd92b1e3bca39fceabf378663718b635b983dc9e941f6d305cfb989111324d,False,CEF,0.3974488763901685
True,True,4.615380100591837,-4.934494233734055,True,2,ret_d1_pct,D-2 close 대비 D-1 close 수익률(%),True,True,0.9034994461174306,3.6938119378204544,0.19463560265891028,-3.0757486873556754,True,27dd92b1e3bca39fceabf378663718b635b983dc9e941f6d305cfb989111324d,False,CEF,0.7088638434585204
True,True,9.42307229071142,-7.849347251594885,True,4,cumulative_ret5_pct,D-6 close 대비 D-1 close 누적수익률(%),True,True,0.8447302090829333,6.741187319745663,0.32013353156401475,-2.3198665848610647,True,27dd92b1e3bca39fceabf378663718b635b983dc9e941f6d305cfb989111324d,False,CEF,0.5245966775189186
True,True,5.0,0.0,True,2,up_days5,D-5~D-1 양의 일수익률 일수,True,True,0.6637148429784429,3.318574214892214,0.12181128101225128,0.6090564050612564,True,27dd92b1e3bca39fceabf378663718b635b983dc9e941f6d305cfb989111324d,False,CEF,0.5419035619661916
True,True,4.0,0.0,True,2,days_since_high5,D-5~D-1 고가 최고점 이후 거래일 수(0=D-1),True,True,0.7559797585090398,3.023919034036159,0.22916841108344482,0.9166736443337793,True,27dd92b1e3bca39fceabf378663718b635b983dc9e941f6d305cfb989111324d,False,CEF,0.5268113474255949
True,True,1.0,0.0,True,3,close_pos5,D-1 close의 D-5~D-1 high/low 범위 내 위치(0~1),True,True,0.8591987471579311,0.8591987471579311,0.10314301571402645,0.10314301571402645,True,27dd92b1e3bca39fceabf378663718b635b983dc9e941f6d305cfb989111324d,False,CEF,0.7560557314439047
True,True,8.55614875854329,0.0,True,2,pullback_from_high5_pct,D-5~D-1 최고가 대비 D-1 close 하락률(%),True,True,0.5393755514472526,4.614977454904013,0.06474085437449974,0.5539323807834079,True,27dd92b1e3bca39fceabf378663718b635b983dc9e941f6d305cfb989111324d,False,CEF,0.47463469707275285
True,True,4.615380100591837,-0.5464490367451003,False,0,single_up_day5_pct,D-5~D-1 최대 단일 일수익률(%),True,True,0.7327904500896263,3.2360900600897815,0.23294946336635916,0.6559962907863759,True,27dd92b1e3bca39fceabf378663718b635b983dc9e941f6d305cfb989111324d,False,CEF,0.49984098672326716
True,True,7.820708833973833,0.0,True,6,fade_after_surge_score,초반 최대상승률 + 최근 2일 음의 누적수익률 절대값,True,True,0.8126155315159953,6.355229465951486,0.29256454480789457,2.2880621200866345,True,27dd92b1e3bca39fceabf378663718b635b983dc9e941f6d305cfb989111324d,False,CEF,0.5200509867081007
True,True,23.82048008116162,-13.86882838470811,True,1,ret_d5_pct,D-6 close 대비 D-5 close 수익률(%),True,True,0.9614100004048238,22.36604968272124,0.091071786208935,-10.436395741741817,True,af07349ef39efa21e0bc674cd521e42b1877851aad554f4cce56c809d5e2578d,False,AMD,0.8703382141958889
True,True,23.82048008116162,-13.86882838470811,True,4,ret_d4_pct,D-5 close 대비 D-4 close 수익률(%),True,True,0.9083939282667306,20.36791058625984,0.22748755469416693,-5.294979763693242,True,af07349ef39efa21e0bc674cd521e42b1877851aad554f4cce56c809d5e2578d,False,AMD,0.6809063735725637
True,True,23.82048008116162,-13.86882838470811,True,3,ret_d3_pct,D-4 close 대비 D-3 close 수익률(%),True,True,0.8939706063278158,19.82430555660153,0.16927613866931374,-7.488927778489005,True,af07349ef39efa21e0bc674cd521e42b1877851aad554f4cce56c809d5e2578d,False,AMD,0.7246944676585021
True,True,23.82048008116162,-13.86882838470811,True,1,ret_d2_pct,D-3 close 대비 D-2 close 수익률(%),True,True,0.7445208895718758,14.191649081650052,0.291463440848333,-2.883772856051513,True,af07349ef39efa21e0bc674cd521e42b1877851aad554f4cce56c809d5e2578d,False,AMD,0.4530574487235428
True,True,23.82048008116162,-13.86882838470811,True,1,ret_d1_pct,D-2 close 대비 D-1 close 수익률(%),True,True,0.7260473136224277,13.495392779223629,0.26623115996409197,-3.83476007359514,True,af07349ef39efa21e0bc674cd521e42b1877851aad554f4cce56c809d5e2578d,False,AMD,0.4598161536583357
True,True,21.83864215692721,-23.90542905855739,True,2,cumulative_ret5_pct,D-6 close 대비 D-1 close 누적수익률(%),True,True,0.8485805268262718,14.912098992657032,0.12933149693673476,-17.989279852278166,True,af07349ef39efa21e0bc674cd521e42b1877851aad554f4cce56c809d5e2578d,False,AMD,0.7192490298895371
True,True,5.0,0.0,True,5,up_days5,D-5~D-1 양의 일수익률 일수,True,True,0.9094878971241068,4.547439485620534,0.03081731017940675,0.15408655089703374,True,af07349ef39efa21e0bc674cd521e42b1877851aad554f4cce56c809d5e2578d,False,AMD,0.8786705869447001
True,True,4.0,0.0,True,2,days_since_high5,D-5~D-1 고가 최고점 이후 거래일 수(0=D-1),True,True,0.8921626365750713,3.5686505463002853,0.16322326778813628,0.6528930711525451,True,af07349ef39efa21e0bc674cd521e42b1877851aad554f4cce56c809d5e2578d,False,AMD,0.728939368786935
True,True,0.9993160932649576,0.0006151374468675,True,4,close_pos5,D-1 close의 D-5~D-1 high/low 범위 내 위치(0~1),True,True,0.5931937556903939,0.5930383082401866,0.01586584990731726,0.016460376914171605,True,af07349ef39efa21e0bc674cd521e42b1877851aad554f4cce56c809d5e2578d,False,AMD,0.5773279057830767
True,True,33.218263215206754,0.0114815315906957,True,1,pullback_from_high5_pct,D-5~D-1 최고가 대비 D-1 close 하락률(%),True,True,0.6926805922271756,23.013174734156394,0.02285970638725617,0.7705788109438748,True,af07349ef39efa21e0bc674cd521e42b1877851aad554f4cce56c809d5e2578d,False,AMD,0.6698208858399194
True,True,23.82048008116162,-1.751605220723007,True,1,single_up_day5_pct,D-5~D-1 최대 단일 일수익률(%),True,True,1.0,23.82048008116162,0.22165150971189324,3.9164860929210357,True,af07349ef39efa21e0bc674cd521e42b1877851aad554f4cce56c809d5e2578d,False,AMD,0.7783484902881068
True,True,27.372725994097188,0.0,True,2,fade_after_surge_score,초반 최대상승률 + 최근 2일 음의 누적수익률 절대값,True,True,0.95,26.004089694392327,0.09341835822493624,2.557115122509595,True,af07349ef39efa21e0bc674cd521e42b1877851aad554f4cce56c809d5e2578d,False,AMD,0.8565816417750637
True,True,57.04247527200212,-35.035649400791456,True,1,ret_d5_pct,D-6 close 대비 D-5 close 수익률(%),True,True,0.6024452652420966,20.436380840704516,0.01641388077940166,-33.52429004002134,True,533f088311cabb22a012f2c505b1756690d3cd9a7d4e6aceac3c8c22a3b4034a,False,AAP,0.586031384462695
True,True,57.04247527200212,-35.035649400791456,True,4,ret_d4_pct,D-5 close 대비 D-4 close 수익률(%),True,True,0.5808767031743692,18.450388093619424,0.20488213415414266,-16.17048670891829,True,533f088311cabb22a012f2c505b1756690d3cd9a7d4e6aceac3c8c22a3b4034a,False,AAP,0.37599456902022654
True,True,57.04247527200212,-35.035649400791456,True,1,ret_d3_pct,D-4 close 대비 D-3 close 수익률(%),True,True,0.8521619578041825,43.429825591313914,0.3713098165743049,-0.8461378180304919,True,533f088311cabb22a012f2c505b1756690d3cd9a7d4e6aceac3c8c22a3b4034a,False,AAP,0.48085214122987757
True,True,57.04247527200212,-35.035649400791456,True,1,ret_d2_pct,D-3 close 대비 D-2 close 수익률(%),True,True,0.8117521621759755,39.70896739145776,0.3489506258901662,-2.9049301654273876,True,533f088311cabb22a012f2c505b1756690d3cd9a7d4e6aceac3c8c22a3b4034a,False,AAP,0.4628015362858093
True,True,57.04247527200212,-35.035649400791456,True,3,ret_d1_pct,D-2 close 대비 D-1 close 수익률(%),True,True,0.9639984817265658,53.72752298401099,0.18456520778001176,-18.041231188563483,True,533f088311cabb22a012f2c505b1756690d3cd9a7d4e6aceac3c8c22a3b4034a,False,AAP,0.779433273946554
True,True,54.45545012886157,-41.51583107852734,True,5,cumulative_ret5_pct,D-6 close 대비 D-1 close 누적수익률(%),True,True,0.8179752172553829,36.98629851736405,0.24200948164117037,-18.289871061088157,True,533f088311cabb22a012f2c505b1756690d3cd9a7d4e6aceac3c8c22a3b4034a,False,AAP,0.5759657356142125
True,True,5.0,0.0,True,2,up_days5,D-5~D-1 양의 일수익률 일수,True,True,0.8585269531495625,4.292634765747812,0.026468361894029166,0.13234180947014584,True,533f088311cabb22a012f2c505b1756690d3cd9a7d4e6aceac3c8c22a3b4034a,False,AAP,0.8320585912555334
True,True,4.0,0.0,True,5,days_since_high5,D-5~D-1 고가 최고점 이후 거래일 수(0=D-1),True,True,0.7241770709337516,2.8967082837350064,0.0787006682741696,0.3148026730966784,True,533f088311cabb22a012f2c505b1756690d3cd9a7d4e6aceac3c8c22a3b4034a,False,AAP,0.6454764026595821
True,True,1.0,0.0,True,4,close_pos5,D-1 close의 D-5~D-1 high/low 범위 내 위치(0~1),True,True,0.9976529752489466,0.9976529752489466,0.027844095480326254,0.027844095480326254,True,533f088311cabb22a012f2c505b1756690d3cd9a7d4e6aceac3c8c22a3b4034a,False,AAP,0.9698088797686203
True,True,71.62678149130106,0.0,True,2,pullback_from_high5_pct,D-5~D-1 최고가 대비 D-1 close 하락률(%),True,True,0.35435653833231273,25.38141834114241,0.008218783406135575,0.5886850031556039,True,533f088311cabb22a012f2c505b1756690d3cd9a7d4e6aceac3c8c22a3b4034a,False,AAP,0.34613775492617715
True,True,57.04247527200212,-1.7301057311891133,True,3,single_up_day5_pct,D-5~D-1 최대 단일 일수익률(%),True,True,0.8607222210426607,48.856760726287334,0.039666845169209985,0.6012171396593256,True,533f088311cabb22a012f2c505b1756690d3cd9a7d4e6aceac3c8c22a3b4034a,False,AAP,0.8210553758734507
True,True,59.54247104185581,0.0,True,5,fade_after_surge_score,초반 최대상승률 + 최근 2일 음의 누적수익률 절대값,True,True,0.5278028628882464,31.426686679332004,0.11158205674203006,6.643871382353037,True,533f088311cabb22a012f2c505b1756690d3cd9a7d4e6aceac3c8c22a3b4034a,False,AAP,0.41622080614621637
True,True,52.8643249211872,-41.23711382443936,False,0,ret_d5_pct,D-6 close 대비 D-5 close 수익률(%),True,True,0.7696701344117154,31.189953183242835,0.319542446193131,-11.167709897368777,True,0a67c818c4c43b60cec221789416d434592bc49a29401db29faf54554b6b7309,False,CAPR,0.4501276882185844
True,True,52.8643249211872,-41.23711382443936,True,2,ret_d4_pct,D-5 close 대비 D-4 close 수익률(%),True,True,0.7934318102868817,33.42596107010323,0.3175121279478561,-11.35876576536064,True,0a67c818c4c43b60cec221789416d434592bc49a29401db29faf54554b6b7309,False,CAPR,0.4759196823390256
True,True,52.8643249211872,-41.23711382443936,True,3,ret_d3_pct,D-4 close 대비 D-3 close 수익률(%),True,True,0.7347017761729384,27.89938036240143,0.14425000352508335,-27.662980953667315,True,0a67c818c4c43b60cec221789416d434592bc49a29401db29faf54554b6b7309,False,CAPR,0.5904517726478551
True,True,52.8643249211872,-41.23711382443936,True,3,ret_d2_pct,D-3 close 대비 D-2 close 수익률(%),True,True,0.9171566837329684,45.06864967000055,0.03654856347858698,-37.79784141701847,True,0a67c818c4c43b60cec221789416d434592bc49a29401db29faf54554b6b7309,False,CAPR,0.8806081202543814
True,True,52.8643249211872,-41.23711382443936,True,7,ret_d1_pct,D-2 close 대비 D-1 close 수익률(%),True,True,0.7277626051209887,27.24639438271096,0.010405855263542752,-40.25790787276124,True,0a67c818c4c43b60cec221789416d434592bc49a29401db29faf54554b6b7309,False,CAPR,0.7173567498574459
True,True,154.77387893871145,-51.86440901249006,True,4,cumulative_ret5_pct,D-6 close 대비 D-1 close 누적수익률(%),True,True,0.46580156597124733,44.38802910479713,0.051609078853307275,-41.199997315504085,True,0a67c818c4c43b60cec221789416d434592bc49a29401db29faf54554b6b7309,False,CAPR,0.41419248711794004
True,True,5.0,0.0,True,4,up_days5,D-5~D-1 양의 일수익률 일수,True,True,0.7342445210753968,3.6712226053769843,0.027810023407168163,0.1390501170358408,True,0a67c818c4c43b60cec221789416d434592bc49a29401db29faf54554b6b7309,False,CAPR,0.7064344976682286
True,True,4.0,0.0,True,4,days_since_high5,D-5~D-1 고가 최고점 이후 거래일 수(0=D-1),True,True,0.6436985968935786,2.5747943875743142,0.2137609238626338,0.8550436954505352,True,0a67c818c4c43b60cec221789416d434592bc49a29401db29faf54554b6b7309,False,CAPR,0.42993767303094477
True,True,1.0,0.0,True,2,close_pos5,D-1 close의 D-5~D-1 high/low 범위 내 위치(0~1),True,True,0.8259744050847724,0.8259744050847724,0.13861726788242373,0.13861726788242373,True,0a67c818c4c43b60cec221789416d434592bc49a29401db29faf54554b6b7309,False,CAPR,0.6873571372023486
True,True,115.84508097534622,0.0,True,1,pullback_from_high5_pct,D-5~D-1 최고가 대비 D-1 close 하락률(%),True,True,0.7405301111721739,85.78677069342262,0.03329833388648397,3.8574481854238503,True,0a67c818c4c43b60cec221789416d434592bc49a29401db29faf54554b6b7309,False,CAPR,0.70723177728569
True,True,52.8643249211872,-2.531649813927528,True,7,single_up_day5_pct,D-5~D-1 최대 단일 일수익률(%),True,True,0.8024682970498777,41.92186369517803,0.10890671046356949,3.5013435673968223,True,0a67c818c4c43b60cec221789416d434592bc49a29401db29faf54554b6b7309,False,CAPR,0.6935615865863082
True,True,56.20058588649751,0.0,True,5,fade_after_surge_score,초반 최대상승률 + 최근 2일 음의 누적수익률 절대값,True,True,0.7699747476322834,43.273031934742384,0.2175401012281156,12.225881142828072,True,0a67c818c4c43b60cec221789416d434592bc49a29401db29faf54554b6b7309,False,CAPR,0.5524346464041677
True,True,13.763372110664363,-12.5032253860783,True,1,ret_d5_pct,D-6 close 대비 D-5 close 수익률(%),True,True,0.6667973717568599,5.011272789745023,0.17462444400947363,-7.916435402188982,True,7fa919d835007ccc51a1516708bedff5d52d105b3af32cb79d59551e4d35d7cf,False,STLD,0.4921729277473863
True,True,13.763372110664363,-12.5032253860783,True,5,ret_d4_pct,D-5 close 대비 D-4 close 수익률(%),True,True,0.9445763550560536,12.307581537119345,0.23828210096159322,-6.244365349441933,True,7fa919d835007ccc51a1516708bedff5d52d105b3af32cb79d59551e4d35d7cf,False,STLD,0.7062942540944604
True,True,13.763372110664363,-12.5032253860783,True,5,ret_d3_pct,D-4 close 대비 D-3 close 수익률(%),True,True,0.6292773628320569,4.02574981724303,0.06843749588703851,-10.705605227928478,True,7fa919d835007ccc51a1516708bedff5d52d105b3af32cb79d59551e4d35d7cf,False,STLD,0.5608398669450184
True,True,13.763372110664363,-12.5032253860783,True,1,ret_d2_pct,D-3 close 대비 D-2 close 수익률(%),True,True,0.9158561576484074,11.55319967178571,0.11360385264758383,-9.519238714504953,True,7fa919d835007ccc51a1516708bedff5d52d105b3af32cb79d59551e4d35d7cf,False,STLD,0.8022523050008237
True,True,13.763372110664363,-12.5032253860783,True,8,ret_d1_pct,D-2 close 대비 D-1 close 수익률(%),True,True,0.9484302970476326,12.408811480187945,0.20503512559958642,-7.117650269259887,True,7fa919d835007ccc51a1516708bedff5d52d105b3af32cb79d59551e4d35d7cf,False,STLD,0.7433951714480462
True,True,21.51710528585746,-23.27124686527817,True,2,cumulative_ret5_pct,D-6 close 대비 D-1 close 누적수익률(%),True,True,0.9684539204408855,20.104208365576095,0.4749370961977164,-1.9995969511370681,True,7fa919d835007ccc51a1516708bedff5d52d105b3af32cb79d59551e4d35d7cf,False,STLD,0.4935168242431691
True,True,5.0,0.0,True,3,up_days5,D-5~D-1 양의 일수익률 일수,True,True,1.0,5.0,0.08625493306292348,0.4312746653146174,True,7fa919d835007ccc51a1516708bedff5d52d105b3af32cb79d59551e4d35d7cf,False,STLD,0.9137450669370766
True,True,4.0,0.0,True,8,days_since_high5,D-5~D-1 고가 최고점 이후 거래일 수(0=D-1),True,True,0.5211054000972076,2.0844216003888305,0.10398893272475171,0.41595573089900684,True,7fa919d835007ccc51a1516708bedff5d52d105b3af32cb79d59551e4d35d7cf,False,STLD,0.4171164673724559
True,True,0.9945502868693726,0.0066049192885735,True,1,close_pos5,D-1 close의 D-5~D-1 high/low 범위 내 위치(0~1),True,True,0.9152484353087751,0.9108203711374525,0.5100146675592248,0.5104715475019709,True,7fa919d835007ccc51a1516708bedff5d52d105b3af32cb79d59551e4d35d7cf,False,STLD,0.40523376774955033
True,True,31.35134535233417,0.0375807169134212,True,4,pullback_from_high5_pct,D-5~D-1 최고가 대비 D-1 close 하락률(%),True,True,0.732500521812056,22.97492965225903,0.02913855436713552,0.9500185501823143,True,7fa919d835007ccc51a1516708bedff5d52d105b3af32cb79d59551e4d35d7cf,False,STLD,0.7033619674449205
True,True,13.763372110664363,-0.7266022488399138,True,6,single_up_day5_pct,D-5~D-1 최대 단일 일수익률(%),True,True,0.6511623200080677,8.708723071952306,0.25370126590433895,2.949522589087734,True,7fa919d835007ccc51a1516708bedff5d52d105b3af32cb79d59551e4d35d7cf,False,STLD,0.3974610541037288
True,True,17.502358630983583,0.0,True,1,fade_after_surge_score,초반 최대상승률 + 최근 2일 음의 누적수익률 절대값,True,True,0.8708480890843294,15.241895568260674,0.17533353492950357,3.0687504083742585,True,7fa919d835007ccc51a1516708bedff5d52d105b3af32cb79d59551e4d35d7cf,False,STLD,0.6955145541548259
True,True,18.046134386784598,-15.364197886397834,True,5,ret_d5_pct,D-6 close 대비 D-5 close 수익률(%),True,True,0.798705694776059,11.320824764553327,0.06295848568829375,-13.26073396013554,True,93b7893251b40f1c509bab31eada1baa697d37b79c99f5aefb4167b0c3327b55,False,BNTX,0.7357472090877653
True,True,18.046134386784598,-15.364197886397834,True,3,ret_d4_pct,D-5 close 대비 D-4 close 수익률(%),True,True,0.802530627222913,11.448617028525197,0.2156580131800244,-8.158992008678862,True,93b7893251b40f1c509bab31eada1baa697d37b79c99f5aefb4167b0c3327b55,False,BNTX,0.5868726140428886
True,True,18.046134386784598,-15.364197886397834,True,2,ret_d3_pct,D-4 close 대비 D-3 close 수익률(%),True,True,0.9756712182233179,17.233301703823905,0.36118870606880665,-3.2967632033181786,True,93b7893251b40f1c509bab31eada1baa697d37b79c99f5aefb4167b0c3327b55,False,BNTX,0.6144825121545112
True,True,18.046134386784598,-15.364197886397834,True,4,ret_d2_pct,D-3 close 대비 D-2 close 수익률(%),True,True,0.7465951350000973,9.579793647496915,0.22473200180627673,-7.855827033632694,True,93b7893251b40f1c509bab31eada1baa697d37b79c99f5aefb4167b0c3327b55,False,BNTX,0.5218631331938206
True,True,18.046134386784598,-15.364197886397834,True,7,ret_d1_pct,D-2 close 대비 D-1 close 수익률(%),True,True,0.5910690726615914,4.383616227627746,0.05767040693649211,-13.437410428319987,True,93b7893251b40f1c509bab31eada1baa697d37b79c99f5aefb4167b0c3327b55,False,BNTX,0.5333986657250993
True,True,37.20257746979794,-16.488771879504828,True,3,cumulative_ret5_pct,D-6 close 대비 D-1 close 누적수익률(%),True,True,0.6721202020359308,19.59826869273029,0.25302282589226904,-2.9036349411752003,True,93b7893251b40f1c509bab31eada1baa697d37b79c99f5aefb4167b0c3327b55,False,BNTX,0.41909737614366177
True,True,5.0,0.0,True,2,up_days5,D-5~D-1 양의 일수익률 일수,True,True,0.9195836451079822,4.597918225539911,0.23869714702598388,1.1934857351299195,True,93b7893251b40f1c509bab31eada1baa697d37b79c99f5aefb4167b0c3327b55,False,BNTX,0.6808864980819983
True,True,4.0,0.0,True,5,days_since_high5,D-5~D-1 고가 최고점 이후 거래일 수(0=D-1),True,True,0.802851794614169,3.211407178456676,0.07278056092160512,0.2911222436864205,True,93b7893251b40f1c509bab31eada1baa697d37b79c99f5aefb4167b0c3327b55,False,BNTX,0.7300712336925639
True,True,1.0,0.0,True,8,close_pos5,D-1 close의 D-5~D-1 high/low 범위 내 위치(0~1),True,True,0.7831430931116885,0.7831430931116885,0.48610575112882304,0.48610575112882304,True,93b7893251b40f1c509bab31eada1baa697d37b79c99f5aefb4167b0c3327b55,False,BNTX,0.29703734198286547
True,True,19.810940131213183,0.0,True,2,pullback_from_high5_pct,D-5~D-1 최고가 대비 D-1 close 하락률(%),True,True,0.6237293793448644,12.356665392279865,0.16340464726363207,3.237199684101823,True,93b7893251b40f1c509bab31eada1baa697d37b79c99f5aefb4167b0c3327b55,False,BNTX,0.4603247320812323
True,True,18.046134386784598,-1.221879464153386,True,2,single_up_day5_pct,D-5~D-1 최대 단일 일수익률(%),True,True,0.8612345845033349,15.372400438963691,0.29080279076337157,4.381312736166677,True,93b7893251b40f1c509bab31eada1baa697d37b79c99f5aefb4167b0c3327b55,False,BNTX,0.5704317937399633
True,True,27.30650445610163,0.0,True,7,fade_after_surge_score,초반 최대상승률 + 최근 2일 음의 누적수익률 절대값,True,True,0.8370798287290879,22.85772407330363,0.18158103918309973,4.958343455596878,True,93b7893251b40f1c509bab31eada1baa697d37b79c99f5aefb4167b0c3327b55,False,BNTX,0.6554987895459882
True,True,12.869621439067512,-12.68311966193152,True,4,ret_d5_pct,D-6 close 대비 D-5 close 수익률(%),True,True,0.791843076383318,7.550641461510004,0.00023942142435941574,-12.677001788260831,True,9ba55680e24c03e525724747eae5a7a27a9761bfd9b75f88d75b0bbbfec2b4f6,False,BWXT,0.7916036549589586
True,True,12.869621439067512,-12.68311966193152,True,2,ret_d4_pct,D-5 close 대비 D-4 close 수익률(%),True,True,0.9101717776253784,10.574264129165837,0.46894095545666675,-0.7003928354921953,True,9ba55680e24c03e525724747eae5a7a27a9761bfd9b75f88d75b0bbbfec2b4f6,False,BWXT,0.4412308221687116
True,True,12.869621439067512,-12.68311966193152,True,5,ret_d3_pct,D-4 close 대비 D-3 close 수익률(%),True,True,0.8172941132956862,8.20098521848372,0.07802969764001075,-10.689246999947091,True,9ba55680e24c03e525724747eae5a7a27a9761bfd9b75f88d75b0bbbfec2b4f6,False,BWXT,0.7392644156556755
True,True,12.869621439067512,-12.68311966193152,True,4,ret_d2_pct,D-3 close 대비 D-2 close 수익률(%),True,True,0.9317156406590433,11.124768883580462,0.22876598189736094,-6.8375217537924255,True,9ba55680e24c03e525724747eae5a7a27a9761bfd9b75f88d75b0bbbfec2b4f6,False,BWXT,0.7029496587616824
True,True,12.869621439067512,-12.68311966193152,True,6,ret_d1_pct,D-2 close 대비 D-1 close 수익률(%),True,True,0.5574572406592667,1.5614408835120326,0.075397474498218,-10.756507516409378,True,9ba55680e24c03e525724747eae5a7a27a9761bfd9b75f88d75b0bbbfec2b4f6,False,BWXT,0.48205976616104873
True,True,17.428312916047737,-12.615913823737724,True,2,cumulative_ret5_pct,D-6 close 대비 D-1 close 누적수익률(%),True,True,0.9084960852953747,14.679148555083987,0.07813470628817701,-10.268416991769193,True,9ba55680e24c03e525724747eae5a7a27a9761bfd9b75f88d75b0bbbfec2b4f6,False,BWXT,0.8303613790071978
True,True,5.0,0.0,True,4,up_days5,D-5~D-1 양의 일수익률 일수,True,True,0.7136894196894055,3.5684470984470273,0.00988990669989782,0.04944953349948911,True,9ba55680e24c03e525724747eae5a7a27a9761bfd9b75f88d75b0bbbfec2b4f6,False,BWXT,0.7037995129895076
True,True,4.0,0.0,True,4,days_since_high5,D-5~D-1 고가 최고점 이후 거래일 수(0=D-1),True,True,0.9782709568744099,3.9130838274976396,0.5018419561853176,2.0073678247412703,True,9ba55680e24c03e525724747eae5a7a27a9761bfd9b75f88d75b0bbbfec2b4f6,False,BWXT,0.47642900068909233
True,True,0.9965027503267032,0.0052084523453733,True,4,close_pos5,D-1 close의 D-5~D-1 high/low 범위 내 위치(0~1),True,True,0.7998035229412287,0.798049124142393,0.0031629500318991477,0.00834386667679479,True,9ba55680e24c03e525724747eae5a7a27a9761bfd9b75f88d75b0bbbfec2b4f6,False,BWXT,0.7966405729093295
True,True,16.19414639452572,0.0121174908986665,True,6,pullback_from_high5_pct,D-5~D-1 최고가 대비 D-1 close 하락률(%),True,True,0.968620435626155,15.686361376844932,0.2644997046724106,4.292259356908434,True,9ba55680e24c03e525724747eae5a7a27a9761bfd9b75f88d75b0bbbfec2b4f6,False,BWXT,0.7041207309537444
True,True,12.869621439067512,-0.9248737383115824,True,6,single_up_day5_pct,D-5~D-1 최대 단일 일수익률(%),True,True,0.5731520345877891,6.9814692387146895,0.03303185696079196,-0.46921594676606165,True,9ba55680e24c03e525724747eae5a7a27a9761bfd9b75f88d75b0bbbfec2b4f6,False,BWXT,0.5401201776269972
True,True,16.705068056634907,0.0,True,2,fade_after_surge_score,초반 최대상승률 + 최근 2일 음의 누적수익률 절대값,True,True,0.95,15.86981465380316,0.05,0.8352534028317454,True,9ba55680e24c03e525724747eae5a7a27a9761bfd9b75f88d75b0bbbfec2b4f6,False,BWXT,0.8999999999999999
True,True,59.1867455920829,-24.790337209007685,True,5,ret_d5_pct,D-6 close 대비 D-5 close 수익률(%),True,True,0.8825697881445234,49.32529896774592,0.09492913750875998,-16.818465168198436,True,85f59cb3b87577d0e0b385a15c1ed7475aefa14221c772f0361a39765a0feaae,False,BE,0.7876406506357634
True,True,59.1867455920829,-24.790337209007685,True,1,ret_d4_pct,D-5 close 대비 D-4 close 수익률(%),True,True,0.6293697062492934,28.06229472518729,0.06796740585308776,-19.082632739907606,True,85f59cb3b87577d0e0b385a15c1ed7475aefa14221c772f0361a39765a0feaae,False,BE,0.5614023003962056
True,True,59.1867455920829,-24.790337209007685,True,2,ret_d3_pct,D-4 close 대비 D-3 close 수익률(%),True,True,0.95,54.987891452028364,0.05,-20.591483068953156,True,85f59cb3b87577d0e0b385a15c1ed7475aefa14221c772f0361a39765a0feaae,False,BE,0.8999999999999999
True,True,59.1867455920829,-24.790337209007685,True,3,ret_d2_pct,D-3 close 대비 D-2 close 수익률(%),True,True,0.9691989170574731,56.60016049945506,0.09559501911845228,-16.76254637312558,True,85f59cb3b87577d0e0b385a15c1ed7475aefa14221c772f0361a39765a0feaae,False,BE,0.8736038979390208
True,True,59.1867455920829,-24.790337209007685,True,6,ret_d1_pct,D-2 close 대비 D-1 close 수익률(%),True,True,0.9282882863740851,53.164605079111354,0.05,-20.591483068953156,True,85f59cb3b87577d0e0b385a15c1ed7475aefa14221c772f0361a39765a0feaae,False,BE,0.8782882863740851
True,True,82.35293045164391,-28.320804241215136,True,2,cumulative_ret5_pct,D-6 close 대비 D-1 close 누적수익률(%),True,True,0.7939445959810224,59.54800933521771,0.17542765119458173,-8.905570915114577,True,85f59cb3b87577d0e0b385a15c1ed7475aefa14221c772f0361a39765a0feaae,False,BE,0.6185169447864407
True,True,5.0,0.0,True,5,up_days5,D-5~D-1 양의 일수익률 일수,True,True,0.880376948461804,4.40188474230902,0.03978544546982831,0.19892722734914156,True,85f59cb3b87577d0e0b385a15c1ed7475aefa14221c772f0361a39765a0feaae,False,BE,0.8405915029919757
True,True,4.0,0.0,True,7,days_since_high5,D-5~D-1 고가 최고점 이후 거래일 수(0=D-1),True,True,0.8350233988718064,3.3400935954872257,0.015869503849526536,0.06347801539810614,True,85f59cb3b87577d0e0b385a15c1ed7475aefa14221c772f0361a39765a0feaae,False,BE,0.8191538950222799
True,True,0.9976903317841836,0.0,True,2,close_pos5,D-1 close의 D-5~D-1 high/low 범위 내 위치(0~1),True,True,0.9405433128241307,0.9383709698289022,0.19153257120482226,0.1910901945128169,True,85f59cb3b87577d0e0b385a15c1ed7475aefa14221c772f0361a39765a0feaae,False,BE,0.7490107416193085
True,True,46.20098686596452,0.0503230367956186,True,1,pullback_from_high5_pct,D-5~D-1 최고가 대비 D-1 close 하락률(%),True,True,0.8631306744704326,39.88437663492437,0.14672540612061669,6.821797929866481,True,85f59cb3b87577d0e0b385a15c1ed7475aefa14221c772f0361a39765a0feaae,False,BE,0.7164052683498159
True,True,59.1867455920829,-2.2935780619266044,True,2,single_up_day5_pct,D-5~D-1 최대 단일 일수익률(%),True,True,0.6510765659395663,37.734819935579,0.15220458366906867,7.064009003671506,True,85f59cb3b87577d0e0b385a15c1ed7475aefa14221c772f0361a39765a0feaae,False,BE,0.49887198227049767
True,True,59.1867455920829,0.0,True,4,fade_after_surge_score,초반 최대상승률 + 최근 2일 음의 누적수익률 절대값,True,True,0.8986561196617506,53.18853112918844,0.05055164414814456,2.9919873014577383,True,85f59cb3b87577d0e0b385a15c1ed7475aefa14221c772f0361a39765a0feaae,False,BE,0.848104475513606
True,True,23.156087860991057,-16.838480990146966,True,4,ret_d5_pct,D-6 close 대비 D-5 close 수익률(%),True,True,0.8655469551590734,17.778696301855472,0.04467943341380668,-15.051546314248638,True,6d5d6e77b6bc1c013471e4e30434fccdfa7065f2f63a0bc60b6411a672592f2a,False,CLF,0.8208675217452668
True,True,23.156087860991057,-16.838480990146966,True,3,ret_d4_pct,D-5 close 대비 D-4 close 수익률(%),True,True,0.5585400539063593,5.500087651929267,0.2748695523065821,-5.845191755339883,True,6d5d6e77b6bc1c013471e4e30434fccdfa7065f2f63a0bc60b6411a672592f2a,False,CLF,0.2836705015997772
True,True,23.156087860991057,-16.838480990146966,True,2,ret_d3_pct,D-4 close 대비 D-3 close 수익률(%),True,True,0.5833697181029683,6.493139366191183,0.15678141909322407,-10.56807572964389,True,6d5d6e77b6bc1c013471e4e30434fccdfa7065f2f63a0bc60b6411a672592f2a,False,CLF,0.42658829900974427
True,True,23.156087860991057,-16.838480990146966,True,2,ret_d2_pct,D-3 close 대비 D-2 close 수익률(%),True,True,0.5698797836482706,5.953615253845438,0.17729996611912405,-9.747445287891221,True,6d5d6e77b6bc1c013471e4e30434fccdfa7065f2f63a0bc60b6411a672592f2a,False,CLF,0.3925798175291466
True,True,23.156087860991057,-16.838480990146966,True,3,ret_d1_pct,D-2 close 대비 D-1 close 수익률(%),True,True,0.7174856204581909,11.857047056969634,0.12011575471333044,-12.034503168158263,True,6d5d6e77b6bc1c013471e4e30434fccdfa7065f2f63a0bc60b6411a672592f2a,False,CLF,0.5973698657448604
True,True,30.36020590191768,-22.18649208741773,True,4,cumulative_ret5_pct,D-6 close 대비 D-1 close 누적수익률(%),True,True,0.8216212253374773,20.986990302018388,0.10598165822008516,-16.617505900517948,True,6d5d6e77b6bc1c013471e4e30434fccdfa7065f2f63a0bc60b6411a672592f2a,False,CLF,0.7156395671173921
True,True,5.0,0.0,True,3,up_days5,D-5~D-1 양의 일수익률 일수,True,True,0.8152816524940064,4.076408262470032,0.14281285511634656,0.7140642755817328,True,6d5d6e77b6bc1c013471e4e30434fccdfa7065f2f63a0bc60b6411a672592f2a,False,CLF,0.6724687973776599
True,True,4.0,0.0,True,2,days_since_high5,D-5~D-1 고가 최고점 이후 거래일 수(0=D-1),True,True,0.6763811306377829,2.7055245225511317,0.33350731384613747,1.3340292553845499,True,6d5d6e77b6bc1c013471e4e30434fccdfa7065f2f63a0bc60b6411a672592f2a,False,CLF,0.34287381679164547
True,True,1.0,0.0,True,4,close_pos5,D-1 close의 D-5~D-1 high/low 범위 내 위치(0~1),True,True,0.8716757792087699,0.8716757792087699,0.2012103464635716,0.2012103464635716,True,6d5d6e77b6bc1c013471e4e30434fccdfa7065f2f63a0bc60b6411a672592f2a,False,CLF,0.6704654327451983
True,True,28.7878799820978,0.0,True,4,pullback_from_high5_pct,D-5~D-1 최고가 대비 D-1 close 하락률(%),True,True,0.9050325005418508,26.053967005496663,0.07083747093497285,2.0392606115113394,True,6d5d6e77b6bc1c013471e4e30434fccdfa7065f2f63a0bc60b6411a672592f2a,False,CLF,0.834195029606878
True,True,23.156087860991057,-1.2604996839323146,True,3,single_up_day5_pct,D-5~D-1 최대 단일 일수익률(%),True,True,0.5960021675185411,13.29183941624823,0.04965272116099013,-0.04814967086132982,True,6d5d6e77b6bc1c013471e4e30434fccdfa7065f2f63a0bc60b6411a672592f2a,False,CLF,0.5463494463575509
True,True,29.240744496330223,0.0,True,3,fade_after_surge_score,초반 최대상승률 + 최근 2일 음의 누적수익률 절대값,True,True,0.6903285146549623,20.185719715556903,0.20439043190949904,5.976528396960242,True,6d5d6e77b6bc1c013471e4e30434fccdfa7065f2f63a0bc60b6411a672592f2a,False,CLF,0.48593808274546324
True,True,24.432635057719956,-17.39680939760957,True,3,ret_d5_pct,D-6 close 대비 D-5 close 수익률(%),True,True,0.8579996902257612,18.492840987378845,0.08018933631003904,-14.042534008519052,True,e04be452df8b97d5bad0c8901050e979e3fd1aafe7f47c63f37e9f22951a2db0,False,AVGO,0.7778103539157222
True,True,24.432635057719956,-17.39680939760957,True,7,ret_d4_pct,D-5 close 대비 D-4 close 수익률(%),True,True,0.9171748625158047,20.968105569819773,0.32298039393192707,-3.886718949473577,True,e04be452df8b97d5bad0c8901050e979e3fd1aafe7f47c63f37e9f22951a2db0,False,AVGO,0.5941944685838776
True,True,24.432635057719956,-17.39680939760957,True,8,ret_d3_pct,D-4 close 대비 D-3 close 수익률(%),True,True,0.7207961404293706,12.753692722096684,0.14931627107426354,-11.150992730431737,True,e04be452df8b97d5bad0c8901050e979e3fd1aafe7f47c63f37e9f22951a2db0,False,AVGO,0.5714798693551071
True,True,24.432635057719956,-17.39680939760957,True,5,ret_d2_pct,D-3 close 대비 D-2 close 수익률(%),True,True,0.9264654387267783,21.3567252113947,0.40421855435523396,-0.4885718303937132,True,e04be452df8b97d5bad0c8901050e979e3fd1aafe7f47c63f37e9f22951a2db0,False,AVGO,0.5222468843715444
True,True,24.432635057719956,-17.39680939760957,True,3,ret_d1_pct,D-2 close 대비 D-1 close 수익률(%),True,True,0.6302929578928406,8.967994875154353,0.20270319320857322,-8.917847436373627,True,e04be452df8b97d5bad0c8901050e979e3fd1aafe7f47c63f37e9f22951a2db0,False,AVGO,0.42758976468426735
True,True,39.823059857447696,-15.191678812944096,True,3,cumulative_ret5_pct,D-6 close 대비 D-1 close 누적수익률(%),True,True,0.9323489438938978,36.101254684994466,0.2277123804585462,-2.664141710004346,True,e04be452df8b97d5bad0c8901050e979e3fd1aafe7f47c63f37e9f22951a2db0,False,AVGO,0.7046365634353515
True,True,5.0,0.0,True,1,up_days5,D-5~D-1 양의 일수익률 일수,True,True,0.6617382705369298,3.308691352684649,0.3698792065329807,1.8493960326649033,True,e04be452df8b97d5bad0c8901050e979e3fd1aafe7f47c63f37e9f22951a2db0,False,AVGO,0.2918590640039491
True,True,4.0,0.0,True,3,days_since_high5,D-5~D-1 고가 최고점 이후 거래일 수(0=D-1),True,True,0.3111182723924229,1.2444730895696916,0.06538144502979988,0.2615257801191995,True,e04be452df8b97d5bad0c8901050e979e3fd1aafe7f47c63f37e9f22951a2db0,False,AVGO,0.24573682736262303
True,True,1.0,0.0047486102459748,True,2,close_pos5,D-1 close의 D-5~D-1 high/low 범위 내 위치(0~1),True,True,0.8501084086117542,0.8508201853584059,0.25591967275318783,0.2594530202189803,True,e04be452df8b97d5bad0c8901050e979e3fd1aafe7f47c63f37e9f22951a2db0,False,AVGO,0.5941887358585664
True,True,23.479933858642863,0.0,True,2,pullback_from_high5_pct,D-5~D-1 최고가 대비 D-1 close 하락률(%),True,True,0.9433082588856702,22.148815526947093,0.0037833770973788455,0.0888334440087595,True,e04be452df8b97d5bad0c8901050e979e3fd1aafe7f47c63f37e9f22951a2db0,False,AVGO,0.9395248817882913
True,True,24.432635057719956,-1.498126984285475,True,4,single_up_day5_pct,D-5~D-1 최대 단일 일수익률(%),True,True,0.7781035631337683,18.67869135537282,0.14238847430574153,2.194114660460913,True,e04be452df8b97d5bad0c8901050e979e3fd1aafe7f47c63f37e9f22951a2db0,False,AVGO,0.6357150888280267
True,True,34.98463701091995,0.0,True,3,fade_after_surge_score,초반 최대상승률 + 최근 2일 음의 누적수익률 절대값,True,True,0.9215633512739714,32.240559326886796,0.04108160104301634,1.437224900317357,True,e04be452df8b97d5bad0c8901050e979e3fd1aafe7f47c63f37e9f22951a2db0,False,AVGO,0.880481750230955
True,True,14.573573515045602,-12.563820879882591,True,3,ret_d5_pct,D-6 close 대비 D-5 close 수익률(%),True,True,0.938672813233932,12.909313460643396,0.4873883525035382,0.6626290655002123,True,088c0b4668fc6f9eee83f1b06217864f0fc2bebb4f32155f6b644e33b6aa65d2,False,ACLS,0.45128446073039385
True,True,14.573573515045602,-12.563820879882591,True,5,ret_d4_pct,D-5 close 대비 D-4 close 수익률(%),True,True,0.9587157321690453,13.453226056611136,0.24180804292207514,-6.001780651240513,True,088c0b4668fc6f9eee83f1b06217864f0fc2bebb4f32155f6b644e33b6aa65d2,False,ACLS,0.7169076892469701
True,True,14.573573515045602,-12.563820879882591,True,3,ret_d3_pct,D-4 close 대비 D-3 close 수익률(%),True,True,0.6113482547335917,4.026577821473914,0.21478386125329624,-6.735146527386355,True,088c0b4668fc6f9eee83f1b06217864f0fc2bebb4f32155f6b644e33b6aa65d2,False,ACLS,0.39656439348029543
True,True,14.573573515045602,-12.563820879882591,True,4,ret_d2_pct,D-3 close 대비 D-2 close 수익률(%),True,True,0.5771268122181381,3.0978970391686858,0.0475660141743526,-11.27300319343844,True,088c0b4668fc6f9eee83f1b06217864f0fc2bebb4f32155f6b644e33b6aa65d2,False,ACLS,0.5295607980437855
True,True,14.573573515045602,-12.563820879882591,True,4,ret_d1_pct,D-2 close 대비 D-1 close 수익률(%),True,True,0.45267635669739326,-0.2793640549262353,0.07618114005012835,-10.496463236887,True,088c0b4668fc6f9eee83f1b06217864f0fc2bebb4f32155f6b644e33b6aa65d2,False,ACLS,0.37649521664726493
True,True,25.434487578855247,-22.24397818804832,True,3,cumulative_ret5_pct,D-6 close 대비 D-1 close 누적수익률(%),True,True,0.8587014402821491,18.697589036434916,0.2564780740950801,-10.015497112344686,True,088c0b4668fc6f9eee83f1b06217864f0fc2bebb4f32155f6b644e33b6aa65d2,False,ACLS,0.6022233661870691
True,True,5.0,0.0,True,4,up_days5,D-5~D-1 양의 일수익률 일수,True,True,0.7630853735300913,3.815426867650457,0.3830957406742945,1.9154787033714726,True,088c0b4668fc6f9eee83f1b06217864f0fc2bebb4f32155f6b644e33b6aa65d2,False,ACLS,0.3799896328557968
True,True,4.0,0.0,True,4,days_since_high5,D-5~D-1 고가 최고점 이후 거래일 수(0=D-1),True,True,0.9336324654428997,3.7345298617715987,0.02239190659564695,0.0895676263825878,True,088c0b4668fc6f9eee83f1b06217864f0fc2bebb4f32155f6b644e33b6aa65d2,False,ACLS,0.9112405588472527
True,True,0.9948290759091288,0.0,True,1,close_pos5,D-1 close의 D-5~D-1 high/low 범위 내 위치(0~1),True,True,0.9512994337418136,0.946380336582246,0.23381769606533304,0.2326086425078768,True,088c0b4668fc6f9eee83f1b06217864f0fc2bebb4f32155f6b644e33b6aa65d2,False,ACLS,0.7174817376764806
True,True,31.219512809872008,0.0684382798479044,True,2,pullback_from_high5_pct,D-5~D-1 최고가 대비 D-1 close 하락률(%),True,True,0.6999616112818469,21.872994601044475,0.019889446950463827,0.6880159241627637,True,088c0b4668fc6f9eee83f1b06217864f0fc2bebb4f32155f6b644e33b6aa65d2,False,ACLS,0.6800721643313831
True,True,14.573573515045602,-1.1008596405263416,True,2,single_up_day5_pct,D-5~D-1 최대 단일 일수익률(%),True,True,0.7540529545633142,10.718492991537856,0.2480783702517656,2.7876281913281855,True,088c0b4668fc6f9eee83f1b06217864f0fc2bebb4f32155f6b644e33b6aa65d2,False,ACLS,0.5059745843115486
True,True,26.936355520785547,0.0,True,6,fade_after_surge_score,초반 최대상승률 + 최근 2일 음의 누적수익률 절대값,True,True,0.8758803406915944,23.593024250535553,0.02566240546144348,0.6912516770279903,True,088c0b4668fc6f9eee83f1b06217864f0fc2bebb4f32155f6b644e33b6aa65d2,False,ACLS,0.8502179352301509
True,True,21.00591757724344,-19.90202091356548,True,6,ret_d5_pct,D-6 close 대비 D-5 close 수익률(%),True,True,0.6561585553688289,6.940072909680612,0.041832044784936226,-18.190758198558544,True,06b2b68abf3182a6c877acc6bbe0f8d41fb0db91a5bb7e29cd5c4984698c1c2e,False,CSIQ,0.6143265105838928
True,True,21.00591757724344,-19.90202091356548,True,2,ret_d4_pct,D-5 close 대비 D-4 close 수익률(%),True,True,0.8029310299453134,12.944232271799251,0.3883729669572072,-4.014483469787084,True,06b2b68abf3182a6c877acc6bbe0f8d41fb0db91a5bb7e29cd5c4984698c1c2e,False,CSIQ,0.4145580629881062
True,True,21.00591757724344,-19.90202091356548,True,3,ret_d3_pct,D-4 close 대비 D-3 close 수익률(%),True,True,0.7750586520484364,11.804030751201225,0.0878141770741875,-16.309723959193615,True,06b2b68abf3182a6c877acc6bbe0f8d41fb0db91a5bb7e29cd5c4984698c1c2e,False,CSIQ,0.6872444749742489
True,True,21.00591757724344,-19.90202091356548,True,2,ret_d2_pct,D-3 close 대비 D-2 close 수익률(%),True,True,0.7381096295733776,10.292522412496005,0.009613927586854478,-19.508734955187347,True,06b2b68abf3182a6c877acc6bbe0f8d41fb0db91a5bb7e29cd5c4984698c1c2e,False,CSIQ,0.728495701986523
True,True,21.00591757724344,-19.90202091356548,False,0,ret_d1_pct,D-2 close 대비 D-1 close 수익률(%),True,True,0.7137293371807965,9.295174910912358,0.34053292830688975,-5.97152082829219,True,06b2b68abf3182a6c877acc6bbe0f8d41fb0db91a5bb7e29cd5c4984698c1c2e,False,CSIQ,0.3731964088739067
True,True,49.46380109221933,-25.96448126706001,True,4,cumulative_ret5_pct,D-6 close 대비 D-1 close 누적수익률(%),True,True,0.8972120521245208,41.7106827367368,0.05833264124974481,-21.56455033211171,True,06b2b68abf3182a6c877acc6bbe0f8d41fb0db91a5bb7e29cd5c4984698c1c2e,False,CSIQ,0.838879410874776
True,True,5.0,0.0,True,4,up_days5,D-5~D-1 양의 일수익률 일수,True,True,0.6438391214685288,3.219195607342644,0.16156349861045266,0.8078174930522632,True,06b2b68abf3182a6c877acc6bbe0f8d41fb0db91a5bb7e29cd5c4984698c1c2e,False,CSIQ,0.4822756228580762
True,True,4.0,0.0,True,2,days_since_high5,D-5~D-1 고가 최고점 이후 거래일 수(0=D-1),True,True,0.8959210712714958,3.583684285085983,0.042266091024674504,0.16906436409869802,True,06b2b68abf3182a6c877acc6bbe0f8d41fb0db91a5bb7e29cd5c4984698c1c2e,False,CSIQ,0.8536549802468213
True,True,1.0,0.0,True,1,close_pos5,D-1 close의 D-5~D-1 high/low 범위 내 위치(0~1),True,True,0.6683886352929855,0.6683886352929855,0.25642923491321934,0.25642923491321934,True,06b2b68abf3182a6c877acc6bbe0f8d41fb0db91a5bb7e29cd5c4984698c1c2e,False,CSIQ,0.4119594003797662
True,True,41.87227587735105,0.0,True,7,pullback_from_high5_pct,D-5~D-1 최고가 대비 D-1 close 하락률(%),True,True,0.6479097749627423,27.12945684087238,0.12494435421236066,5.231704468897434,True,06b2b68abf3182a6c877acc6bbe0f8d41fb0db91a5bb7e29cd5c4984698c1c2e,False,CSIQ,0.5229654207503815
True,True,21.00591757724344,-2.324215582783306,True,4,single_up_day5_pct,D-5~D-1 최대 단일 일수익률(%),True,True,0.9139117401555844,18.997467011558243,0.19714176789198887,2.2751281135398798,True,06b2b68abf3182a6c877acc6bbe0f8d41fb0db91a5bb7e29cd5c4984698c1c2e,False,CSIQ,0.7167699722635955
True,True,33.603776673521345,0.0,True,2,fade_after_surge_score,초반 최대상승률 + 최근 2일 음의 누적수익률 절대값,True,True,0.8643846823189095,29.04658982465733,0.23939612165398405,8.044613808567627,True,06b2b68abf3182a6c877acc6bbe0f8d41fb0db91a5bb7e29cd5c4984698c1c2e,False,CSIQ,0.6249885606649255
True,True,17.49550618847513,-23.25327154019834,True,4,ret_d5_pct,D-6 close 대비 D-5 close 수익률(%),True,True,0.7029342163687587,5.390438600491475,0.39267826877671874,-7.25211204693553,True,24b1ca3dda30a1890c10292a3589e83e0422404a2e13b5ee08d1ee3a351973b4,False,CCL,0.31025594759204
True,True,17.49550618847513,-23.25327154019834,True,7,ret_d4_pct,D-5 close 대비 D-4 close 수익률(%),True,True,0.9026537062440684,13.528763701504523,0.4483119654488241,-4.985106907019464,True,24b1ca3dda30a1890c10292a3589e83e0422404a2e13b5ee08d1ee3a351973b4,False,CCL,0.45434174079524425
True,True,17.49550618847513,-23.25327154019834,True,3,ret_d3_pct,D-4 close 대비 D-3 close 수익률(%),True,True,0.9126636950873378,13.93665851194541,0.18730668145179055,-15.620753210623882,True,24b1ca3dda30a1890c10292a3589e83e0422404a2e13b5ee08d1ee3a351973b4,False,CCL,0.7253570136355473
True,True,17.49550618847513,-23.25327154019834,True,7,ret_d2_pct,D-3 close 대비 D-2 close 수익률(%),True,True,0.8542459756121957,11.556207845636841,0.034852603675890846,-21.833070539743918,True,24b1ca3dda30a1890c10292a3589e83e0422404a2e13b5ee08d1ee3a351973b4,False,CCL,0.8193933719363049
True,True,17.49550618847513,-23.25327154019834,True,4,ret_d1_pct,D-2 close 대비 D-1 close 수익률(%),True,True,0.5701617663672579,-0.019876453111091763,0.2894196921076456,-11.459772836202777,True,24b1ca3dda30a1890c10292a3589e83e0422404a2e13b5ee08d1ee3a351973b4,False,CCL,0.2807420742596123
True,True,29.863004034744133,-24.41505711084687,True,3,cumulative_ret5_pct,D-6 close 대비 D-1 close 누적수익률(%),True,True,0.7868490440940693,18.293583416840857,0.53135327162957,4.425768256572756,True,24b1ca3dda30a1890c10292a3589e83e0422404a2e13b5ee08d1ee3a351973b4,False,CCL,0.2554957724644993
True,True,5.0,0.0,True,2,up_days5,D-5~D-1 양의 일수익률 일수,True,True,0.8618613206286365,4.309306603143183,0.5498944179121432,2.749472089560716,True,24b1ca3dda30a1890c10292a3589e83e0422404a2e13b5ee08d1ee3a351973b4,False,CCL,0.3119669027164933
True,True,4.0,0.0,True,2,days_since_high5,D-5~D-1 고가 최고점 이후 거래일 수(0=D-1),True,True,0.963873871669076,3.855495486676304,0.24279353531611375,0.971174141264455,True,24b1ca3dda30a1890c10292a3589e83e0422404a2e13b5ee08d1ee3a351973b4,False,CCL,0.7210803363529623
True,True,1.0,0.0,True,4,close_pos5,D-1 close의 D-5~D-1 high/low 범위 내 위치(0~1),True,True,0.95,0.95,0.05,0.05,True,24b1ca3dda30a1890c10292a3589e83e0422404a2e13b5ee08d1ee3a351973b4,False,CCL,0.8999999999999999
True,True,43.79562800887431,0.0,True,6,pullback_from_high5_pct,D-5~D-1 최고가 대비 D-1 close 하락률(%),True,True,0.40738346232257605,17.841614572846805,0.027193914666263794,1.1909745708287605,True,24b1ca3dda30a1890c10292a3589e83e0422404a2e13b5ee08d1ee3a351973b4,False,CCL,0.38018954765631224
True,True,17.49550618847513,-1.839827711157993,True,3,single_up_day5_pct,D-5~D-1 최대 단일 일수익률(%),True,True,0.9920067665699986,17.340954351168342,0.05,-0.8730610161763368,True,24b1ca3dda30a1890c10292a3589e83e0422404a2e13b5ee08d1ee3a351973b4,False,CCL,0.9420067665699986
True,True,35.10027739909671,0.0,True,4,fade_after_surge_score,초반 최대상승률 + 최근 2일 음의 누적수익률 절대값,True,True,0.3819781610273397,13.407539412456456,0.0536889503885124,1.8844970519031266,True,24b1ca3dda30a1890c10292a3589e83e0422404a2e13b5ee08d1ee3a351973b4,False,CCL,0.3282892106388273
True,True,19.67889934427836,-22.350387494182545,True,3,ret_d5_pct,D-6 close 대비 D-5 close 수익률(%),True,True,0.6904491846183991,6.668699333525598,0.11634049480958247,-17.460679466902132,True,73eb8696f4a1cee5970ad99624c64db8eebdb8ff43c4e0d60c634d6fe0e67e46,False,ANET,0.5741086898088166
True,True,19.67889934427836,-22.350387494182545,True,3,ret_d4_pct,D-5 close 대비 D-4 close 수익률(%),True,True,0.6309218476504171,4.1668078133685675,0.09787598220635646,-18.236729763435495,True,73eb8696f4a1cee5970ad99624c64db8eebdb8ff43c4e0d60c634d6fe0e67e46,False,ANET,0.5330458654440606
True,True,19.67889934427836,-22.350387494182545,True,6,ret_d3_pct,D-4 close 대비 D-3 close 수익률(%),True,True,0.8816435310994397,14.704461363669335,0.2016449756294691,-13.87539297391713,True,73eb8696f4a1cee5970ad99624c64db8eebdb8ff43c4e0d60c634d6fe0e67e46,False,ANET,0.6799985554699706
True,True,19.67889934427836,-22.350387494182545,True,5,ret_d2_pct,D-3 close 대비 D-2 close 수익률(%),True,True,0.9570245181908192,17.872670492299246,0.28433122554161144,-10.400148858763036,True,73eb8696f4a1cee5970ad99624c64db8eebdb8ff43c4e0d60c634d6fe0e67e46,False,ANET,0.6726932926492077
True,True,19.67889934427836,-22.350387494182545,True,2,ret_d1_pct,D-2 close 대비 D-1 close 수익률(%),True,True,0.8810758348898398,14.68060149683895,0.30787436141527386,-9.41064764805202,True,73eb8696f4a1cee5970ad99624c64db8eebdb8ff43c4e0d60c634d6fe0e67e46,False,ANET,0.5732014734745658
True,True,24.649619329739306,-17.410827905737815,True,2,cumulative_ret5_pct,D-6 close 대비 D-1 close 누적수익률(%),True,True,0.7608861918767099,14.592385619895662,0.0423406496646749,-15.629961244600935,True,73eb8696f4a1cee5970ad99624c64db8eebdb8ff43c4e0d60c634d6fe0e67e46,False,ANET,0.718545542212035
True,True,5.0,0.0,True,4,up_days5,D-5~D-1 양의 일수익률 일수,True,True,0.6582543318091354,3.2912716590456768,0.132461036896257,0.662305184481285,True,73eb8696f4a1cee5970ad99624c64db8eebdb8ff43c4e0d60c634d6fe0e67e46,False,ANET,0.5257932949128784
True,True,4.0,0.0,True,8,days_since_high5,D-5~D-1 고가 최고점 이후 거래일 수(0=D-1),True,True,0.8288708829449364,3.3154835317797455,0.34292226859363306,1.3716890743745322,True,73eb8696f4a1cee5970ad99624c64db8eebdb8ff43c4e0d60c634d6fe0e67e46,False,ANET,0.4859486143513033
True,True,1.0,0.0072455641020051,True,10,close_pos5,D-1 close의 D-5~D-1 high/low 범위 내 위치(0~1),True,True,0.910277291297591,0.9109273829348998,0.24092002938089765,0.24641999196656653,True,73eb8696f4a1cee5970ad99624c64db8eebdb8ff43c4e0d60c634d6fe0e67e46,False,ANET,0.6693572619166934
True,True,33.17546648403269,0.0,True,1,pullback_from_high5_pct,D-5~D-1 최고가 대비 D-1 close 하락률(%),True,True,0.9495800410517876,31.502760825819966,0.015167469459030303,0.5031878746856492,True,73eb8696f4a1cee5970ad99624c64db8eebdb8ff43c4e0d60c634d6fe0e67e46,False,ANET,0.9344125715927574
True,True,19.67889934427836,-0.6364801215643978,True,3,single_up_day5_pct,D-5~D-1 최대 단일 일수익률(%),True,True,0.955297425182339,18.77074957375735,0.0839200081737898,1.0683866892627678,True,73eb8696f4a1cee5970ad99624c64db8eebdb8ff43c4e0d60c634d6fe0e67e46,False,ANET,0.8713774170085491
True,True,29.16805953306816,0.0,True,2,fade_after_surge_score,초반 최대상승률 + 최근 2일 음의 누적수익률 절대값,True,True,0.7387322654497777,21.547386697637425,0.1836529701328098,5.356800766258584,True,73eb8696f4a1cee5970ad99624c64db8eebdb8ff43c4e0d60c634d6fe0e67e46,False,ANET,0.5550792953169679
True,True,17.097891598858062,-26.315789473684216,True,4,ret_d5_pct,D-6 close 대비 D-5 close 수익률(%),True,True,0.95,14.927207545230946,0.012907772876828129,-25.755415538652787,True,fafb40d56aaed7f7a584b9b5345bac8f60fd9beca3504877ca5ab1577f843cf6,False,CE,0.9370922271231719
True,True,17.097891598858062,-26.315789473684216,True,5,ret_d4_pct,D-5 close 대비 D-4 close 수익률(%),True,True,0.8917535570812383,12.398515048745782,0.5760326875527311,-1.3080900889105571,True,fafb40d56aaed7f7a584b9b5345bac8f60fd9beca3504877ca5ab1577f843cf6,False,CE,0.3157208695285072
True,True,17.097891598858062,-26.315789473684216,True,4,ret_d3_pct,D-4 close 대비 D-3 close 수익률(%),True,True,0.982960685485132,16.35815223281484,0.14120759781778291,-20.185447857003172,True,fafb40d56aaed7f7a584b9b5345bac8f60fd9beca3504877ca5ab1577f843cf6,False,CE,0.8417530876673491
True,True,17.097891598858062,-26.315789473684216,True,3,ret_d2_pct,D-3 close 대비 D-2 close 수익률(%),True,True,0.9364685747860837,14.339758566537025,0.03609446428842776,-24.748795912582146,True,fafb40d56aaed7f7a584b9b5345bac8f60fd9beca3504877ca5ab1577f843cf6,False,CE,0.9003741104976559
True,True,17.097891598858062,-26.315789473684216,True,1,ret_d1_pct,D-2 close 대비 D-1 close 수익률(%),True,True,0.863378894211643,11.166666484384269,0.17937397163742547,-18.528505076301784,True,fafb40d56aaed7f7a584b9b5345bac8f60fd9beca3504877ca5ab1577f843cf6,False,CE,0.6840049225742175
True,True,21.80030873732004,-36.34817764340082,True,8,cumulative_ret5_pct,D-6 close 대비 D-1 close 누적수익률(%),True,True,0.8602138994610433,13.671958573916442,0.005577546954604419,-36.02385173027317,True,fafb40d56aaed7f7a584b9b5345bac8f60fd9beca3504877ca5ab1577f843cf6,False,CE,0.8546363525064389
True,True,5.0,0.0,True,3,up_days5,D-5~D-1 양의 일수익률 일수,True,True,0.8342955571171571,4.171477785585785,0.2646305163428551,1.3231525817142755,True,fafb40d56aaed7f7a584b9b5345bac8f60fd9beca3504877ca5ab1577f843cf6,False,CE,0.569665040774302
True,True,4.0,0.0,True,2,days_since_high5,D-5~D-1 고가 최고점 이후 거래일 수(0=D-1),True,True,0.7769854192075096,3.1079416768300385,0.3052121278567299,1.2208485114269196,True,fafb40d56aaed7f7a584b9b5345bac8f60fd9beca3504877ca5ab1577f843cf6,False,CE,0.4717732913507797
True,True,0.9962734450153352,0.0011808895582208,True,4,close_pos5,D-1 close의 D-5~D-1 high/low 범위 내 위치(0~1),True,True,0.8810869285736022,0.8779439328923866,0.24727459801793827,0.2472420011995217,True,fafb40d56aaed7f7a584b9b5345bac8f60fd9beca3504877ca5ab1577f843cf6,False,CE,0.6338123305556639
True,True,51.98718855986939,0.023276519136739,True,3,pullback_from_high5_pct,D-5~D-1 최고가 대비 D-1 close 하락률(%),True,True,0.6074814397295661,31.59038861962155,0.028807429120731615,1.520223232086077,True,fafb40d56aaed7f7a584b9b5345bac8f60fd9beca3504877ca5ab1577f843cf6,False,CE,0.5786740106088345
True,True,17.097891598858062,-2.2586172304552066,True,1,single_up_day5_pct,D-5~D-1 최대 단일 일수익률(%),True,True,0.8404314252590196,14.009201073003341,0.03668970588666497,-1.548432614515069,True,fafb40d56aaed7f7a584b9b5345bac8f60fd9beca3504877ca5ab1577f843cf6,False,CE,0.8037417193723546
True,True,29.67192409528822,0.0,True,2,fade_after_surge_score,초반 최대상승률 + 최근 2일 음의 누적수익률 절대값,True,True,0.6501865767136866,19.2922867520238,0.1472363832783642,4.368786788700386,True,fafb40d56aaed7f7a584b9b5345bac8f60fd9beca3504877ca5ab1577f843cf6,False,CE,0.5029501934353224
True,True,38.35616599396505,-16.901405991251693,True,1,ret_d5_pct,D-6 close 대비 D-5 close 수익률(%),True,True,0.9614745057507599,36.22734072222161,0.11789527039632293,-10.386799600610285,True,720630467543f5c87805ad5383c7ec646dfa1b028f5606e60bd03d4e06cd26f4,False,AEVA,0.8435792353544369
True,True,38.35616599396505,-16.901405991251693,True,4,ret_d4_pct,D-5 close 대비 D-4 close 수익률(%),True,True,0.9240668769550623,34.160285981247085,0.2537454510979792,-2.8800484612838133,True,720630467543f5c87805ad5383c7ec646dfa1b028f5606e60bd03d4e06cd26f4,False,AEVA,0.6703214258570831
True,True,38.35616599396505,-16.901405991251693,True,1,ret_d3_pct,D-4 close 대비 D-3 close 수익률(%),True,True,0.7558154827099038,24.86312245213216,0.09968905725324412,-11.392830733942162,True,720630467543f5c87805ad5383c7ec646dfa1b028f5606e60bd03d4e06cd26f4,False,AEVA,0.6561264254566597
True,True,38.35616599396505,-16.901405991251693,True,5,ret_d2_pct,D-3 close 대비 D-2 close 수익률(%),True,True,0.830578972564091,28.994371374615923,0.18587894236674118,-6.630186952885538,True,720630467543f5c87805ad5383c7ec646dfa1b028f5606e60bd03d4e06cd26f4,False,AEVA,0.6447000301973498
True,True,38.35616599396505,-16.901405991251693,True,2,ret_d1_pct,D-2 close 대비 D-1 close 수익률(%),True,True,0.9118011355527457,33.48251089275652,0.0649658708213108,-13.311549707760818,True,720630467543f5c87805ad5383c7ec646dfa1b028f5606e60bd03d4e06cd26f4,False,AEVA,0.8468352647314349
True,True,93.65671372890962,-33.07692025553097,True,4,cumulative_ret5_pct,D-6 close 대비 D-1 close 누적수익률(%),True,True,0.891457115131795,79.90067948640726,0.09174664574213764,-21.449534434746766,True,720630467543f5c87805ad5383c7ec646dfa1b028f5606e60bd03d4e06cd26f4,False,AEVA,0.7997104693896574
True,True,5.0,0.0,True,10,up_days5,D-5~D-1 양의 일수익률 일수,True,True,0.4076584930851843,2.0382924654259216,0.1836700702988714,0.918350351494357,True,720630467543f5c87805ad5383c7ec646dfa1b028f5606e60bd03d4e06cd26f4,False,AEVA,0.22398842278631292
True,True,4.0,0.0,True,4,days_since_high5,D-5~D-1 고가 최고점 이후 거래일 수(0=D-1),True,True,0.8288784015471382,3.315513606188553,0.08919536589489034,0.35678146357956136,True,720630467543f5c87805ad5383c7ec646dfa1b028f5606e60bd03d4e06cd26f4,False,AEVA,0.7396830356522479
True,True,1.0,0.0,True,2,close_pos5,D-1 close의 D-5~D-1 high/low 범위 내 위치(0~1),True,True,0.4662376130078908,0.4662376130078908,0.10039945027142394,0.10039945027142394,True,720630467543f5c87805ad5383c7ec646dfa1b028f5606e60bd03d4e06cd26f4,False,AEVA,0.36583816273646685
True,True,48.71794871794872,0.0,True,4,pullback_from_high5_pct,D-5~D-1 최고가 대비 D-1 close 하락률(%),True,True,0.8108547643165775,39.50318082567942,0.20094438377015236,9.78959818367409,True,720630467543f5c87805ad5383c7ec646dfa1b028f5606e60bd03d4e06cd26f4,False,AEVA,0.6099103805464252
True,True,38.35616599396505,-4.7619063343640295,True,7,single_up_day5_pct,D-5~D-1 최대 단일 일수익률(%),True,True,0.8522584582115562,31.985835509232075,0.0,-4.7619063343640295,True,720630467543f5c87805ad5383c7ec646dfa1b028f5606e60bd03d4e06cd26f4,False,AEVA,0.8522584582115562
True,True,49.070450187683136,0.0,True,4,fade_after_surge_score,초반 최대상승률 + 최근 2일 음의 누적수익률 절대값,True,True,0.7614727643191901,37.3658113508022,0.20444997512660135,10.032452320322948,True,720630467543f5c87805ad5383c7ec646dfa1b028f5606e60bd03d4e06cd26f4,False,AEVA,0.5570227891925887
True,True,13.724428560438962,-11.52211283612895,True,1,ret_d5_pct,D-6 close 대비 D-5 close 수익률(%),True,True,0.8766350837076674,10.609891094380451,0.0037466786998209154,-11.427522157234282,True,267858e7bb976d3f0bef5bedef8c72cb1e416a11b642300a09c1310002a7937e,False,CMC,0.8728884050078465
True,True,13.724428560438962,-11.52211283612895,True,3,ret_d4_pct,D-5 close 대비 D-4 close 수익률(%),True,True,0.6340865020716846,4.486378287428781,0.3743157480781243,-2.071934806887299,True,267858e7bb976d3f0bef5bedef8c72cb1e416a11b642300a09c1310002a7937e,False,CMC,0.2597707539935603
True,True,13.724428560438962,-11.52211283612895,True,2,ret_d3_pct,D-4 close 대비 D-3 close 수익률(%),True,True,0.9975885682580102,13.663548249139819,0.3536546275208331,-2.5935566423364325,True,267858e7bb976d3f0bef5bedef8c72cb1e416a11b642300a09c1310002a7937e,False,CMC,0.6439339407371771
True,True,13.724428560438962,-11.52211283612895,True,4,ret_d2_pct,D-3 close 대비 D-2 close 수익률(%),True,True,0.6524714830732411,4.950535471359689,0.2534281268646871,-5.123929140184964,True,267858e7bb976d3f0bef5bedef8c72cb1e416a11b642300a09c1310002a7937e,False,CMC,0.399043356208554
True,True,13.724428560438962,-11.52211283612895,True,5,ret_d1_pct,D-2 close 대비 D-1 close 수익률(%),True,True,0.8970338088074088,11.12488835204828,0.17680956015019694,-7.058282956488039,True,267858e7bb976d3f0bef5bedef8c72cb1e416a11b642300a09c1310002a7937e,False,CMC,0.7202242486572119
True,True,16.104526665746754,-17.402095627771875,True,8,cumulative_ret5_pct,D-6 close 대비 D-1 close 누적수익률(%),True,True,0.8327235662095335,10.499658380122817,0.27459989015987457,-8.201180826343254,True,267858e7bb976d3f0bef5bedef8c72cb1e416a11b642300a09c1310002a7937e,False,CMC,0.5581236760496588
True,True,5.0,0.0,True,6,up_days5,D-5~D-1 양의 일수익률 일수,True,True,0.6757297296215878,3.378648648107939,0.14816427078575561,0.740821353928778,True,267858e7bb976d3f0bef5bedef8c72cb1e416a11b642300a09c1310002a7937e,False,CMC,0.5275654588358323
True,True,4.0,0.0,True,2,days_since_high5,D-5~D-1 고가 최고점 이후 거래일 수(0=D-1),True,True,0.6327130346934178,2.530852138773671,0.1422242316961983,0.5688969267847932,True,267858e7bb976d3f0bef5bedef8c72cb1e416a11b642300a09c1310002a7937e,False,CMC,0.4904888029972195
True,True,1.0,0.0,True,5,close_pos5,D-1 close의 D-5~D-1 high/low 범위 내 위치(0~1),True,True,0.7668056773631109,0.7668056773631109,0.32857494819425914,0.32857494819425914,True,267858e7bb976d3f0bef5bedef8c72cb1e416a11b642300a09c1310002a7937e,False,CMC,0.43823072916885175
True,True,21.55411501622151,0.0,True,1,pullback_from_high5_pct,D-5~D-1 최고가 대비 D-1 close 하락률(%),True,True,0.6008396751730802,12.950567464989742,0.09907499280407758,2.1354737901304066,True,267858e7bb976d3f0bef5bedef8c72cb1e416a11b642300a09c1310002a7937e,False,CMC,0.5017646823690026
True,True,13.724428560438962,-1.6255904913166863,True,3,single_up_day5_pct,D-5~D-1 최대 단일 일수익률(%),True,True,0.8175268401309812,10.92346208001547,0.1289480382983477,0.35376435324946787,True,267858e7bb976d3f0bef5bedef8c72cb1e416a11b642300a09c1310002a7937e,False,CMC,0.6885788018326335
True,True,16.09542007821484,0.0,True,6,fade_after_surge_score,초반 최대상승률 + 최근 2일 음의 누적수익률 절대값,True,True,0.6698206355937258,10.78104450693788,0.27085507436425565,4.359526202208814,True,267858e7bb976d3f0bef5bedef8c72cb1e416a11b642300a09c1310002a7937e,False,CMC,0.3989655612294702
True,True,15.044247332959928,-11.381323643100185,False,0,ret_d5_pct,D-6 close 대비 D-5 close 수익률(%),True,True,0.9218249534652291,12.97842709219854,0.13997437193029832,-7.682420942826649,True,6bdde3a85cf6efef5b45e598e1ad37d33977b86488e153a7dada3d55825478ac,False,AA,0.7818505815349308
True,True,15.044247332959928,-11.381323643100185,True,1,ret_d4_pct,D-5 close 대비 D-4 close 수익률(%),True,True,0.7977500591468194,9.699677166040246,0.02192440692152256,-10.801958671887467,True,6bdde3a85cf6efef5b45e598e1ad37d33977b86488e153a7dada3d55825478ac,False,AA,0.7758256522252969
True,True,15.044247332959928,-11.381323643100185,True,3,ret_d3_pct,D-4 close 대비 D-3 close 수익률(%),True,True,0.9106540944392912,12.683230764145058,0.33040269602076144,-2.6502437487219375,True,6bdde3a85cf6efef5b45e598e1ad37d33977b86488e153a7dada3d55825478ac,False,AA,0.5802513984185298
True,True,15.044247332959928,-11.381323643100185,True,3,ret_d2_pct,D-3 close 대비 D-2 close 수익률(%),True,True,0.7396987373356089,8.165637841263994,0.21483509843945653,-5.704183501139465,True,6bdde3a85cf6efef5b45e598e1ad37d33977b86488e153a7dada3d55825478ac,False,AA,0.5248636388961523
True,True,15.044247332959928,-11.381323643100185,True,4,ret_d1_pct,D-2 close 대비 D-1 close 수익률(%),True,True,0.6817217658081319,6.633563265187636,0.21934654680147014,-5.584965902244243,True,6bdde3a85cf6efef5b45e598e1ad37d33977b86488e153a7dada3d55825478ac,False,AA,0.4623752190066618
True,True,34.802491464899,-25.116124247209104,True,2,cumulative_ret5_pct,D-6 close 대비 D-1 close 누적수익률(%),True,True,0.5236314999150627,6.259150370956309,0.22933869789096684,-11.374466940365004,True,6bdde3a85cf6efef5b45e598e1ad37d33977b86488e153a7dada3d55825478ac,False,AA,0.2942928020240959
True,True,5.0,0.0,True,4,up_days5,D-5~D-1 양의 일수익률 일수,True,True,0.8051101877896577,4.025550938948289,0.29018573481049514,1.4509286740524758,True,6bdde3a85cf6efef5b45e598e1ad37d33977b86488e153a7dada3d55825478ac,False,AA,0.5149244529791626
True,True,4.0,0.0,True,4,days_since_high5,D-5~D-1 고가 최고점 이후 거래일 수(0=D-1),True,True,0.7787567486094749,3.1150269944378994,0.3564258498245031,1.4257033992980124,True,6bdde3a85cf6efef5b45e598e1ad37d33977b86488e153a7dada3d55825478ac,False,AA,0.42233089878497176
True,True,0.9976302771262636,0.0,True,2,close_pos5,D-1 close의 D-5~D-1 high/low 범위 내 위치(0~1),True,True,0.4259452648218471,0.42493589258483905,0.1008523775141956,0.10061338532832952,True,6bdde3a85cf6efef5b45e598e1ad37d33977b86488e153a7dada3d55825478ac,False,AA,0.3250928873076515
True,True,37.749227173285945,0.0337731462136003,True,1,pullback_from_high5_pct,D-5~D-1 최고가 대비 D-1 close 하락률(%),True,True,0.9932680093922824,37.49532709100989,0.15276234475356032,5.795274336834281,True,6bdde3a85cf6efef5b45e598e1ad37d33977b86488e153a7dada3d55825478ac,False,AA,0.8405056646387221
True,True,15.044247332959928,-2.4647149058354856,True,4,single_up_day5_pct,D-5~D-1 최대 단일 일수익률(%),True,True,0.550626481728014,7.176183370421084,0.04489279545129714,-1.6786886454847576,True,6bdde3a85cf6efef5b45e598e1ad37d33977b86488e153a7dada3d55825478ac,False,AA,0.5057336862767169
True,True,22.082152831312094,0.0,True,2,fade_after_surge_score,초반 최대상승률 + 최근 2일 음의 누적수익률 절대값,True,True,0.8939635034419071,19.740638708619386,0.23438827830708453,5.175797783445153,True,6bdde3a85cf6efef5b45e598e1ad37d33977b86488e153a7dada3d55825478ac,False,AA,0.6595752251348226
True,True,19.28516859988214,-15.126548748188585,True,2,ret_d5_pct,D-6 close 대비 D-5 close 수익률(%),True,True,0.9136480885358369,16.31365103011173,0.14338899599577204,-10.192287147158432,True,a18595c1e1c03d31c6d1f7ba276158fe2abd0e45db0a2beb095a91988026721b,False,CAMT,0.7702590925400649
True,True,19.28516859988214,-15.126548748188585,True,3,ret_d4_pct,D-5 close 대비 D-4 close 수익률(%),True,True,0.5415331165275582,3.508535792377595,0.15533554763455132,-9.781185788880629,True,a18595c1e1c03d31c6d1f7ba276158fe2abd0e45db0a2beb095a91988026721b,False,CAMT,0.3861975688930069
True,True,19.28516859988214,-15.126548748188585,True,6,ret_d3_pct,D-4 close 대비 D-3 close 수익률(%),True,True,0.896993144752304,15.740525812184787,0.1002150523605545,-11.677976692335076,True,a18595c1e1c03d31c6d1f7ba276158fe2abd0e45db0a2beb095a91988026721b,False,CAMT,0.7967780923917495
True,True,19.28516859988214,-15.126548748188585,True,5,ret_d2_pct,D-3 close 대비 D-2 close 수익률(%),True,True,0.8885613076856613,15.450371818322497,0.013656909338932693,-14.656591044169005,True,a18595c1e1c03d31c6d1f7ba276158fe2abd0e45db0a2beb095a91988026721b,False,CAMT,0.8749043983467286
True,True,19.28516859988214,-15.126548748188585,True,5,ret_d1_pct,D-2 close 대비 D-1 close 수익률(%),True,True,0.4689484462042135,1.0107726334077594,0.016229811061037554,-14.568053077343569,True,a18595c1e1c03d31c6d1f7ba276158fe2abd0e45db0a2beb095a91988026721b,False,CAMT,0.45271863514317595
True,True,31.25371510841701,-19.40451841914089,True,4,cumulative_ret5_pct,D-6 close 대비 D-1 close 누적수익률(%),True,True,0.8053156522805318,21.391349957483907,0.12032237546743937,-13.309199424120841,True,a18595c1e1c03d31c6d1f7ba276158fe2abd0e45db0a2beb095a91988026721b,False,CAMT,0.6849932768130924
True,True,5.0,0.0,True,6,up_days5,D-5~D-1 양의 일수익률 일수,True,True,0.9513774725275492,4.756887362637746,0.5835730278285279,2.9178651391426396,True,a18595c1e1c03d31c6d1f7ba276158fe2abd0e45db0a2beb095a91988026721b,False,CAMT,0.3678044446990213
True,True,4.0,0.0,True,4,days_since_high5,D-5~D-1 고가 최고점 이후 거래일 수(0=D-1),True,True,0.8196773144741654,3.2787092578966615,0.40158017415467673,1.606320696618707,True,a18595c1e1c03d31c6d1f7ba276158fe2abd0e45db0a2beb095a91988026721b,False,CAMT,0.41809714031948864
True,True,1.0,0.0,True,4,close_pos5,D-1 close의 D-5~D-1 high/low 범위 내 위치(0~1),True,True,0.9220730288069925,0.9220730288069925,0.17876864224608813,0.17876864224608813,True,a18595c1e1c03d31c6d1f7ba276158fe2abd0e45db0a2beb095a91988026721b,False,CAMT,0.7433043865609044
True,True,30.051142077063695,0.0,True,2,pullback_from_high5_pct,D-5~D-1 최고가 대비 D-1 close 하락률(%),True,True,0.4607626975387257,13.846445287547372,0.12049968058431836,3.6211530214801444,True,a18595c1e1c03d31c6d1f7ba276158fe2abd0e45db0a2beb095a91988026721b,False,CAMT,0.3402630169544073
True,True,19.28516859988214,-1.887216871188524,True,3,single_up_day5_pct,D-5~D-1 최대 단일 일수익률(%),True,True,0.6220382539449555,11.282816819085816,0.03245473711663304,-1.200072666592905,True,a18595c1e1c03d31c6d1f7ba276158fe2abd0e45db0a2beb095a91988026721b,False,CAMT,0.5895835168283224
True,True,31.545166009735727,0.0,True,3,fade_after_surge_score,초반 최대상승률 + 최근 2일 음의 누적수익률 절대값,True,True,0.7811247504600084,24.64070992757436,0.0645519984246411,2.0363035065655026,True,a18595c1e1c03d31c6d1f7ba276158fe2abd0e45db0a2beb095a91988026721b,False,CAMT,0.7165727520353673
True,True,19.958364751153667,-21.041193596752816,True,4,ret_d5_pct,D-6 close 대비 D-5 close 수익률(%),True,True,0.7808818745540699,10.974618381849364,0.13586658434781096,-15.470723644253983,True,82af528ca867b3cf64ba99b78164279401a728003156ae6173761a66eaba0a04,False,CIEN,0.6450152902062589
True,True,19.958364751153667,-21.041193596752816,True,3,ret_d4_pct,D-5 close 대비 D-4 close 수익률(%),True,True,0.8734657052795224,14.77051455175025,0.1344022309174147,-15.53076148816547,True,82af528ca867b3cf64ba99b78164279401a728003156ae6173761a66eaba0a04,False,CIEN,0.7390634743621076
True,True,19.958364751153667,-21.041193596752816,True,1,ret_d3_pct,D-4 close 대비 D-3 close 수익률(%),True,True,0.6520486882047,5.6925146409716625,0.16145070438961387,-14.421786021820239,True,82af528ca867b3cf64ba99b78164279401a728003156ae6173761a66eaba0a04,False,CIEN,0.4905979838150861
True,True,19.958364751153667,-21.041193596752816,True,2,ret_d2_pct,D-3 close 대비 D-2 close 수익률(%),True,True,0.9194616588391213,16.656328333484627,0.07625080000206283,-17.914944472993692,True,82af528ca867b3cf64ba99b78164279401a728003156ae6173761a66eaba0a04,False,CIEN,0.8432108588370585
True,True,19.958364751153667,-21.041193596752816,True,2,ret_d1_pct,D-2 close 대비 D-1 close 수익률(%),True,True,0.8731301880125262,14.756758491985313,0.2907277803487777,-9.121483002985762,True,82af528ca867b3cf64ba99b78164279401a728003156ae6173761a66eaba0a04,False,CIEN,0.5824024076637484
True,True,24.81512404754711,-18.03928966212025,True,4,cumulative_ret5_pct,D-6 close 대비 D-1 close 누적수익률(%),True,True,0.9112102501930837,21.010091376143652,0.10484044047256608,-13.54641405260515,True,82af528ca867b3cf64ba99b78164279401a728003156ae6173761a66eaba0a04,False,CIEN,0.8063698097205176
True,True,5.0,0.0,True,3,up_days5,D-5~D-1 양의 일수익률 일수,True,True,0.6370887985137953,3.1854439925689766,0.36814126257320023,1.840706312866001,True,82af528ca867b3cf64ba99b78164279401a728003156ae6173761a66eaba0a04,False,CIEN,0.26894753594059506
True,True,4.0,0.0,True,3,days_since_high5,D-5~D-1 고가 최고점 이후 거래일 수(0=D-1),True,True,0.8517346812299158,3.406938724919663,0.008251861984607214,0.03300744793842886,True,82af528ca867b3cf64ba99b78164279401a728003156ae6173761a66eaba0a04,False,CIEN,0.8434828192453085
True,True,0.9969224196307712,0.0,True,1,close_pos5,D-1 close의 D-5~D-1 high/low 범위 내 위치(0~1),True,True,0.9274823786110403,0.9246279770498214,0.026073369507105225,0.02599312661695051,True,82af528ca867b3cf64ba99b78164279401a728003156ae6173761a66eaba0a04,False,CIEN,0.9014090091039351
True,True,32.966314357967484,0.0177437225288734,True,1,pullback_from_high5_pct,D-5~D-1 최고가 대비 D-1 close 하락률(%),True,True,0.9237443400538862,30.453799359880968,0.05,1.6651722543008043,True,82af528ca867b3cf64ba99b78164279401a728003156ae6173761a66eaba0a04,False,CIEN,0.8737443400538861
True,True,19.958364751153667,-0.9215486588198818,True,1,single_up_day5_pct,D-5~D-1 최대 단일 일수익률(%),True,True,0.7652384502585563,15.056563920561123,0.2824505551797994,4.975994475933285,True,82af528ca867b3cf64ba99b78164279401a728003156ae6173761a66eaba0a04,False,CIEN,0.4827878950787569
True,True,29.253380836386917,0.0,True,7,fade_after_surge_score,초반 최대상승률 + 최근 2일 음의 누적수익률 절대값,True,True,0.8477103113454828,24.798392576721533,0.01854750875280775,0.5425773371121049,True,82af528ca867b3cf64ba99b78164279401a728003156ae6173761a66eaba0a04,False,CIEN,0.829162802592675
True,True,22.85313141773213,-29.86598085960538,True,4,ret_d5_pct,D-6 close 대비 D-5 close 수익률(%),True,True,0.6246983055718308,3.067559251298462,0.09463090027360092,-24.877123803175884,True,601d33729d705a014d9650a8bc76972d61d775cfaa69bbcfb672873bd35f7a50,False,COHR,0.5300674052982299
True,True,22.85313141773213,-29.86598085960538,False,0,ret_d4_pct,D-5 close 대비 D-4 close 수익률(%),True,True,0.7351242634798634,8.88911772458458,0.3304810632503456,-12.443312580576531,True,601d33729d705a014d9650a8bc76972d61d775cfaa69bbcfb672873bd35f7a50,False,COHR,0.4046432002295178
True,True,22.85313141773213,-29.86598085960538,True,2,ret_d3_pct,D-4 close 대비 D-3 close 수익률(%),True,True,0.643478752994039,4.05764776756849,0.054369337273130966,-26.99967766345876,True,601d33729d705a014d9650a8bc76972d61d775cfaa69bbcfb672873bd35f7a50,False,COHR,0.589109415720908
True,True,22.85313141773213,-29.86598085960538,True,6,ret_d2_pct,D-3 close 대비 D-2 close 수익률(%),True,True,0.7327444294160386,8.76365498537237,0.30776822831773887,-13.640713075525259,True,601d33729d705a014d9650a8bc76972d61d775cfaa69bbcfb672873bd35f7a50,False,COHR,0.4249762010982997
True,True,22.85313141773213,-29.86598085960538,True,1,ret_d1_pct,D-2 close 대비 D-1 close 수익률(%),True,True,0.9045527828345931,17.821238859429627,0.0231136194541486,-28.647451360466466,True,601d33729d705a014d9650a8bc76972d61d775cfaa69bbcfb672873bd35f7a50,False,COHR,0.8814391633804445
True,True,41.01773103853266,-30.16309709795203,True,4,cumulative_ret5_pct,D-6 close 대비 D-1 close 누적수익률(%),True,True,0.5780552332537905,10.983353113681606,0.03927052426562811,-27.367788659370703,True,601d33729d705a014d9650a8bc76972d61d775cfaa69bbcfb672873bd35f7a50,False,COHR,0.5387847089881623
True,True,5.0,0.0,True,3,up_days5,D-5~D-1 양의 일수익률 일수,True,True,0.9627299564144021,4.8136497820720106,0.18759352986019442,0.9379676493009721,True,601d33729d705a014d9650a8bc76972d61d775cfaa69bbcfb672873bd35f7a50,False,COHR,0.7751364265542077
True,True,4.0,0.0,True,1,days_since_high5,D-5~D-1 고가 최고점 이후 거래일 수(0=D-1),True,True,0.9572298359662607,3.8289193438650426,0.04450806737889283,0.17803226951557133,True,601d33729d705a014d9650a8bc76972d61d775cfaa69bbcfb672873bd35f7a50,False,COHR,0.9127217685873679
True,True,1.0,0.0043729995089154,True,1,close_pos5,D-1 close의 D-5~D-1 high/low 범위 내 위치(0~1),True,True,0.7739038203121423,0.774892538794885,0.44228747657527023,0.44472635316632253,True,601d33729d705a014d9650a8bc76972d61d775cfaa69bbcfb672873bd35f7a50,False,COHR,0.3316163437368721
True,True,48.25598804470474,0.0,True,4,pullback_from_high5_pct,D-5~D-1 최고가 대비 D-1 close 하락률(%),True,True,0.9360447614583154,45.16976481824097,0.06319822488887009,3.049692784683877,True,601d33729d705a014d9650a8bc76972d61d775cfaa69bbcfb672873bd35f7a50,False,COHR,0.8728465365694453
True,True,22.85313141773213,-1.6079806601366986,True,2,single_up_day5_pct,D-5~D-1 최대 단일 일수익률(%),True,True,0.9672967381354753,22.053173263952097,0.18625760659912968,2.9480875302402128,True,601d33729d705a014d9650a8bc76972d61d775cfaa69bbcfb672873bd35f7a50,False,COHR,0.7810391315363456
True,True,36.12832748892137,0.0,True,7,fade_after_surge_score,초반 최대상승률 + 최근 2일 음의 누적수익률 절대값,True,True,0.45468085260212865,16.42685874575169,0.04611228916953036,1.6659598843806351,True,601d33729d705a014d9650a8bc76972d61d775cfaa69bbcfb672873bd35f7a50,False,COHR,0.4085685634325983
True,True,10.85617442907596,-13.056117887048991,True,4,ret_d5_pct,D-6 close 대비 D-5 close 수익률(%),True,True,0.5893877419437848,1.0374940858516108,0.2901743259657276,-6.117384581921986,True,3e7156d1afcaa58d5d4ba8294e2bb91e2517f1e8763a2a26f67ef48bdd54c39f,False,MPC,0.29921341597805723
True,True,10.85617442907596,-13.056117887048991,True,5,ret_d4_pct,D-5 close 대비 D-4 close 수익률(%),True,True,0.9301769761188375,9.186545871633829,0.43061055406023996,-2.7592324439520066,True,3e7156d1afcaa58d5d4ba8294e2bb91e2517f1e8763a2a26f67ef48bdd54c39f,False,MPC,0.4995664220585976
True,True,10.85617442907596,-13.056117887048991,True,3,ret_d3_pct,D-4 close 대비 D-3 close 수익률(%),True,True,0.8469297808798725,7.195914604582171,0.19047410927581265,-8.501445307392231,True,3e7156d1afcaa58d5d4ba8294e2bb91e2517f1e8763a2a26f67ef48bdd54c39f,False,MPC,0.6564556716040598
True,True,10.85617442907596,-13.056117887048991,True,5,ret_d2_pct,D-3 close 대비 D-2 close 수익률(%),True,True,0.8322176730602066,6.844114381811973,0.024887436480415182,-12.461002230930312,True,3e7156d1afcaa58d5d4ba8294e2bb91e2517f1e8763a2a26f67ef48bdd54c39f,False,MPC,0.8073302365797914
True,True,10.85617442907596,-13.056117887048991,True,1,ret_d1_pct,D-2 close 대비 D-1 close 수익률(%),True,True,0.7653522682398752,5.245209275912181,0.16423860114755928,-9.128796446817098,True,3e7156d1afcaa58d5d4ba8294e2bb91e2517f1e8763a2a26f67ef48bdd54c39f,False,MPC,0.601113667092316
True,True,16.015081304549405,-19.150242716970368,True,4,cumulative_ret5_pct,D-6 close 대비 D-1 close 누적수익률(%),True,True,0.8538930233209636,10.877182127826458,0.39798671459418306,-5.1549109420058095,True,3e7156d1afcaa58d5d4ba8294e2bb91e2517f1e8763a2a26f67ef48bdd54c39f,False,MPC,0.45590630872678056
True,True,5.0,0.0,True,5,up_days5,D-5~D-1 양의 일수익률 일수,True,True,0.6590462078564899,3.2952310392824495,0.26188300976882756,1.3094150488441378,True,3e7156d1afcaa58d5d4ba8294e2bb91e2517f1e8763a2a26f67ef48bdd54c39f,False,MPC,0.3971631980876624
True,True,4.0,0.0,True,4,days_since_high5,D-5~D-1 고가 최고점 이후 거래일 수(0=D-1),True,True,0.9161748247966701,3.6646992991866805,0.4766624204535881,1.9066496818143523,True,3e7156d1afcaa58d5d4ba8294e2bb91e2517f1e8763a2a26f67ef48bdd54c39f,False,MPC,0.43951240434308203
True,True,1.0,0.001214776617382,True,5,close_pos5,D-1 close의 D-5~D-1 high/low 범위 내 위치(0~1),True,True,0.8417303352882879,0.8419225975762206,0.0675897122234113,0.06872238243880871,True,3e7156d1afcaa58d5d4ba8294e2bb91e2517f1e8763a2a26f67ef48bdd54c39f,False,MPC,0.7741406230648766
True,True,24.951498160675055,0.0,True,2,pullback_from_high5_pct,D-5~D-1 최고가 대비 D-1 close 하락률(%),True,True,0.9611372602686713,23.98181458175001,0.10961109878103004,2.7349611296244425,True,3e7156d1afcaa58d5d4ba8294e2bb91e2517f1e8763a2a26f67ef48bdd54c39f,False,MPC,0.8515261614876413
True,True,10.85617442907596,-1.2970973102882644,True,2,single_up_day5_pct,D-5~D-1 최대 단일 일수익률(%),True,True,0.6813641231040898,6.9837060312493575,0.09262612531671416,-0.171386839149833,True,3e7156d1afcaa58d5d4ba8294e2bb91e2517f1e8763a2a26f67ef48bdd54c39f,False,MPC,0.5887379977873757
True,True,19.24403022001597,0.0,True,4,fade_after_surge_score,초반 최대상승률 + 최근 2일 음의 누적수익률 절대값,True,True,0.8306963184373312,15.98594505566401,0.21184709287244766,4.076791857259912,True,3e7156d1afcaa58d5d4ba8294e2bb91e2517f1e8763a2a26f67ef48bdd54c39f,False,MPC,0.6188492255648835
True,True,9.893992188626388,-7.766988886615111,True,3,ret_d5_pct,D-6 close 대비 D-5 close 수익률(%),True,True,0.9586386856909096,9.163510799366428,0.19870193395387348,-4.257717791441865,True,a70c960fa2937ed5108c59ea56336f7eab1a14908b9b3aa822c54f08580b3441,False,ABEV,0.7599367517370361
True,True,9.893992188626388,-7.766988886615111,True,4,ret_d4_pct,D-5 close 대비 D-4 close 수익률(%),True,True,0.4221582992474826,-0.3112591528491837,0.15852397048903108,-4.967300043836191,True,a70c960fa2937ed5108c59ea56336f7eab1a14908b9b3aa822c54f08580b3441,False,ABEV,0.2636343287584515
True,True,9.893992188626388,-7.766988886615111,True,5,ret_d3_pct,D-4 close 대비 D-3 close 수익률(%),True,True,0.8901593296013846,7.954098187424601,0.13280380395848887,-5.421543418184157,True,a70c960fa2937ed5108c59ea56336f7eab1a14908b9b3aa822c54f08580b3441,False,ABEV,0.7573555256428957
True,True,9.893992188626388,-7.766988886615111,True,2,ret_d2_pct,D-3 close 대비 D-2 close 수익률(%),True,True,0.7360765295988333,5.232844772559322,0.13075439837852482,-5.457737931347396,True,a70c960fa2937ed5108c59ea56336f7eab1a14908b9b3aa822c54f08580b3441,False,ABEV,0.6053221312203085
True,True,9.893992188626388,-7.766988886615111,True,2,ret_d1_pct,D-2 close 대비 D-1 close 수익률(%),True,True,0.7213578476186929,4.972898408655566,0.2877980369855717,-2.6841932019212758,True,a70c960fa2937ed5108c59ea56336f7eab1a14908b9b3aa822c54f08580b3441,False,ABEV,0.4335598106331212
True,True,13.16872117072272,-11.013215951551558,True,1,cumulative_ret5_pct,D-6 close 대비 D-1 close 누적수익률(%),True,True,0.819426927833371,8.802114493613402,0.20521326283911878,-6.050761732919243,True,a70c960fa2937ed5108c59ea56336f7eab1a14908b9b3aa822c54f08580b3441,False,ABEV,0.6142136649942522
True,True,5.0,0.0,True,6,up_days5,D-5~D-1 양의 일수익률 일수,True,True,0.6607907895455383,3.3039539477276914,0.03319450520472196,0.1659725260236098,True,a70c960fa2937ed5108c59ea56336f7eab1a14908b9b3aa822c54f08580b3441,False,ABEV,0.6275962843408163
True,True,4.0,0.0,True,10,days_since_high5,D-5~D-1 고가 최고점 이후 거래일 수(0=D-1),True,True,0.8721750579354086,3.4887002317416345,0.13883829349944124,0.555353173997765,True,a70c960fa2937ed5108c59ea56336f7eab1a14908b9b3aa822c54f08580b3441,False,ABEV,0.7333367644359674
True,True,1.0,0.0,True,1,close_pos5,D-1 close의 D-5~D-1 high/low 범위 내 위치(0~1),True,True,0.6309412803457873,0.6309412803457873,0.046331294062361666,0.046331294062361666,True,a70c960fa2937ed5108c59ea56336f7eab1a14908b9b3aa822c54f08580b3441,False,ABEV,0.5846099862834256
True,True,14.883717164902288,0.0,True,7,pullback_from_high5_pct,D-5~D-1 최고가 대비 D-1 close 하락률(%),True,True,0.9775688352282446,14.54985805276016,0.18387348178465995,2.7367208970086914,True,a70c960fa2937ed5108c59ea56336f7eab1a14908b9b3aa822c54f08580b3441,False,ABEV,0.7936953534435847
True,True,9.893992188626388,-0.4807687902297353,True,8,single_up_day5_pct,D-5~D-1 최대 단일 일수익률(%),True,True,0.8508381046480745,8.34647317719701,0.10609872565088474,0.6199801285594251,True,a70c960fa2937ed5108c59ea56336f7eab1a14908b9b3aa822c54f08580b3441,False,ABEV,0.7447393789971898
True,True,15.757178907006308,0.0,True,5,fade_after_surge_score,초반 최대상승률 + 최근 2일 음의 누적수익률 절대값,True,True,0.9648921699714507,15.203978548209689,0.1483275826633314,2.33722425686988,True,a70c960fa2937ed5108c59ea56336f7eab1a14908b9b3aa822c54f08580b3441,False,ABEV,0.8165645873081193
True,True,41.26984006882084,-26.74418443500536,True,2,ret_d5_pct,D-6 close 대비 D-5 close 수익률(%),True,True,0.8007577206236604,27.718570797120286,0.059356227586148516,-22.70712851750637,True,a03c3e2d789147ead846d1ce64329939f8f5b42355fa11dde59554cccaabaa10,False,CAN,0.7414014930375118
True,True,41.26984006882084,-26.74418443500536,True,5,ret_d4_pct,D-5 close 대비 D-4 close 수익률(%),True,True,0.6237016597152614,15.676275531945493,0.4147114202455207,1.4620082635900502,True,a03c3e2d789147ead846d1ce64329939f8f5b42355fa11dde59554cccaabaa10,False,CAN,0.20899023946974066
True,True,41.26984006882084,-26.74418443500536,True,3,ret_d3_pct,D-4 close 대비 D-3 close 수익률(%),True,True,0.6407865234269452,16.838285871076486,0.0022979613670196103,-26.587890834280042,True,a03c3e2d789147ead846d1ce64329939f8f5b42355fa11dde59554cccaabaa10,False,CAN,0.6384885620599255
True,True,41.26984006882084,-26.74418443500536,True,5,ret_d2_pct,D-3 close 대비 D-2 close 수익률(%),True,True,0.938335820073421,37.07581102428614,0.09234092406190622,-20.463706563152915,True,a03c3e2d789147ead846d1ce64329939f8f5b42355fa11dde59554cccaabaa10,False,CAN,0.8459948960115148
True,True,41.26984006882084,-26.74418443500536,True,4,ret_d1_pct,D-2 close 대비 D-1 close 수익률(%),True,True,0.6065402275597346,14.509057464798744,0.05141160593374425,-23.247474209246622,True,a03c3e2d789147ead846d1ce64329939f8f5b42355fa11dde59554cccaabaa10,False,CAN,0.5551286216259903
True,True,94.69695690313986,-37.3333379690387,True,6,cumulative_ret5_pct,D-6 close 대비 D-1 close 누적수익률(%),True,True,0.7839394699881715,66.17042141543897,0.21892229585827166,-8.428962692776778,True,a03c3e2d789147ead846d1ce64329939f8f5b42355fa11dde59554cccaabaa10,False,CAN,0.5650171741298999
True,True,5.0,0.0,True,3,up_days5,D-5~D-1 양의 일수익률 일수,True,True,1.0,5.0,0.5641859664820837,2.820929832410419,True,a03c3e2d789147ead846d1ce64329939f8f5b42355fa11dde59554cccaabaa10,False,CAN,0.43581403351791626
True,True,4.0,0.0,True,7,days_since_high5,D-5~D-1 고가 최고점 이후 거래일 수(0=D-1),True,True,0.8556750390827189,3.4227001563308757,0.14323089689429902,0.5729235875771961,True,a03c3e2d789147ead846d1ce64329939f8f5b42355fa11dde59554cccaabaa10,False,CAN,0.7124441421884199
True,True,1.0,0.0,True,4,close_pos5,D-1 close의 D-5~D-1 high/low 범위 내 위치(0~1),True,True,0.6831601911098035,0.6831601911098035,0.206821352949274,0.206821352949274,True,a03c3e2d789147ead846d1ce64329939f8f5b42355fa11dde59554cccaabaa10,False,CAN,0.4763388381605295
True,True,71.568630659482,0.0,True,4,pullback_from_high5_pct,D-5~D-1 최고가 대비 D-1 close 하락률(%),True,True,0.6115932950477977,43.77089464709143,0.08980214821314089,6.427016777894342,True,a03c3e2d789147ead846d1ce64329939f8f5b42355fa11dde59554cccaabaa10,False,CAN,0.5217911468346568
True,True,41.26984006882084,-3.623184962523607,True,1,single_up_day5_pct,D-5~D-1 최대 단일 일수익률(%),True,True,0.7623044990455519,30.598969994634846,0.14269499419471868,2.7828249837074495,True,a03c3e2d789147ead846d1ce64329939f8f5b42355fa11dde59554cccaabaa10,False,CAN,0.6196095048508332
True,True,56.438378567119656,0.0,True,5,fade_after_surge_score,초반 최대상승률 + 최근 2일 음의 누적수익률 절대값,True,True,0.7547997585152905,42.59967451345646,0.21500863868976489,12.134738945574,True,a03c3e2d789147ead846d1ce64329939f8f5b42355fa11dde59554cccaabaa10,False,CAN,0.5397911198255256
True,True,16.65359197908498,-7.4731558077687055,True,4,ret_d5_pct,D-6 close 대비 D-5 close 수익률(%),True,True,0.7537967445934428,10.713508131588654,0.2947295357014476,-0.36229063456339006,True,4fc447a2184e60286080f2db0b4f8f632f9a39eaa271d12e7471191c1b2194cd,False,BMI,0.4590672088919952
True,True,16.65359197908498,-7.4731558077687055,True,2,ret_d4_pct,D-5 close 대비 D-4 close 수익률(%),True,True,0.9214604009678601,14.75868688195592,0.0955035801848375,-5.168965015907574,True,4fc447a2184e60286080f2db0b4f8f632f9a39eaa271d12e7471191c1b2194cd,False,BMI,0.8259568207830226
True,True,16.65359197908498,-7.4731558077687055,True,6,ret_d3_pct,D-4 close 대비 D-3 close 수익률(%),True,True,0.6410317332357801,7.992855143380634,0.3442307010926353,0.8320114979851265,True,4fc447a2184e60286080f2db0b4f8f632f9a39eaa271d12e7471191c1b2194cd,False,BMI,0.2968010321431448
True,True,16.65359197908498,-7.4731558077687055,True,4,ret_d2_pct,D-3 close 대비 D-2 close 수익률(%),True,True,0.8986238267490791,14.20771461546363,0.06016874734281908,-6.0214796159775865,True,4fc447a2184e60286080f2db0b4f8f632f9a39eaa271d12e7471191c1b2194cd,False,BMI,0.8384550794062601
True,True,16.65359197908498,-7.4731558077687055,True,4,ret_d1_pct,D-2 close 대비 D-1 close 수익률(%),True,True,0.41939892455851024,2.6455762671321477,0.0221458485329203,-6.938848505689074,True,4fc447a2184e60286080f2db0b4f8f632f9a39eaa271d12e7471191c1b2194cd,False,BMI,0.39725307602558996
True,True,20.968264213029958,-11.392534985517887,True,2,cumulative_ret5_pct,D-6 close 대비 D-1 close 누적수익률(%),True,True,0.7422441910569406,12.62708023756435,0.40062470198165423,1.5720005492884983,True,4fc447a2184e60286080f2db0b4f8f632f9a39eaa271d12e7471191c1b2194cd,False,BMI,0.3416194890752864
True,True,5.0,0.0,True,4,up_days5,D-5~D-1 양의 일수익률 일수,True,True,0.9119394147388261,4.559697073694131,0.09583959770665254,0.4791979885332627,True,4fc447a2184e60286080f2db0b4f8f632f9a39eaa271d12e7471191c1b2194cd,False,BMI,0.8160998170321736
True,True,4.0,0.0,True,6,days_since_high5,D-5~D-1 고가 최고점 이후 거래일 수(0=D-1),True,True,0.8523974858531201,3.4095899434124806,0.05432624987324715,0.2173049994929886,True,4fc447a2184e60286080f2db0b4f8f632f9a39eaa271d12e7471191c1b2194cd,False,BMI,0.798071235979873
True,True,1.0,0.0,True,5,close_pos5,D-1 close의 D-5~D-1 high/low 범위 내 위치(0~1),True,True,0.896291382200987,0.896291382200987,0.24746123831206387,0.24746123831206387,True,4fc447a2184e60286080f2db0b4f8f632f9a39eaa271d12e7471191c1b2194cd,False,BMI,0.6488301438889231
True,True,14.778582208618518,0.0,True,2,pullback_from_high5_pct,D-5~D-1 최고가 대비 D-1 close 하락률(%),True,True,0.832447222655292,12.302389714347397,0.025316459759685758,0.3741413817896986,True,4fc447a2184e60286080f2db0b4f8f632f9a39eaa271d12e7471191c1b2194cd,False,BMI,0.8071307628956063
True,True,16.65359197908498,-0.5866177668383599,True,7,single_up_day5_pct,D-5~D-1 최대 단일 일수익률(%),True,True,0.8597730524919382,14.236049992015412,0.05784969854118326,0.41072316975007495,True,4fc447a2184e60286080f2db0b4f8f632f9a39eaa271d12e7471191c1b2194cd,False,BMI,0.801923353950755
True,True,16.65359197908498,0.0,True,3,fade_after_surge_score,초반 최대상승률 + 최근 2일 음의 누적수익률 절대값,True,True,0.5834861594346841,9.717140424668553,0.07638781523063436,1.2721315070247177,True,4fc447a2184e60286080f2db0b4f8f632f9a39eaa271d12e7471191c1b2194cd,False,BMI,0.5070983442040498
True,True,67.07131978703904,-30.46683364505665,True,6,ret_d5_pct,D-6 close 대비 D-5 close 수익률(%),True,True,0.9005009529617851,57.36636647067833,0.32938951364787,1.661211276052672,True,3261070adc02a9a9ecc3a3924fa0bca187816b126ff9a37703468ad343d47da5,False,AAOI,0.5711114393139152
True,True,67.07131978703904,-30.46683364505665,True,3,ret_d4_pct,D-5 close 대비 D-4 close 수익률(%),True,True,0.38622351163223995,7.204694491611566,0.09869036953711108,-20.840757238875685,True,3261070adc02a9a9ecc3a3924fa0bca187816b126ff9a37703468ad343d47da5,False,AAOI,0.28753314209512887
True,True,67.07131978703904,-30.46683364505665,True,7,ret_d3_pct,D-4 close 대비 D-3 close 수익률(%),True,True,0.49129818767980143,17.453484365766368,0.037509260321870616,-26.808249656657615,True,3261070adc02a9a9ecc3a3924fa0bca187816b126ff9a37703468ad343d47da5,False,AAOI,0.4537889273579308
True,True,67.07131978703904,-30.46683364505665,True,5,ret_d2_pct,D-3 close 대비 D-2 close 수익률(%),True,True,0.7141749944105406,39.19247653712473,0.12115281893374935,-18.649811403165696,True,3261070adc02a9a9ecc3a3924fa0bca187816b126ff9a37703468ad343d47da5,False,AAOI,0.5930221754767913
True,True,67.07131978703904,-30.46683364505665,True,2,ret_d1_pct,D-2 close 대비 D-1 close 수익률(%),True,True,0.613401874674281,29.363252522458506,0.2305723736927876,-7.977230082607026,True,3261070adc02a9a9ecc3a3924fa0bca187816b126ff9a37703468ad343d47da5,False,AAOI,0.3828295009814934
True,True,119.11986716305,-36.85854656468605,True,3,cumulative_ret5_pct,D-6 close 대비 D-1 close 누적수익률(%),True,True,0.799143534575341,87.79059429915182,0.16272783050487175,-11.47651769318026,True,3261070adc02a9a9ecc3a3924fa0bca187816b126ff9a37703468ad343d47da5,False,AAOI,0.6364157040704693
True,True,5.0,0.0,True,1,up_days5,D-5~D-1 양의 일수익률 일수,True,True,0.9274265599281937,4.637132799640968,0.3468921971250814,1.734460985625407,True,3261070adc02a9a9ecc3a3924fa0bca187816b126ff9a37703468ad343d47da5,False,AAOI,0.5805343628031123
True,True,4.0,0.0,True,9,days_since_high5,D-5~D-1 고가 최고점 이후 거래일 수(0=D-1),True,True,0.9926671522357428,3.970668608942971,0.3737564416295752,1.4950257665183009,True,3261070adc02a9a9ecc3a3924fa0bca187816b126ff9a37703468ad343d47da5,False,AAOI,0.6189107106061675
True,True,1.0,0.0,True,3,close_pos5,D-1 close의 D-5~D-1 high/low 범위 내 위치(0~1),True,True,0.8521697176653378,0.8521697176653378,0.018613022391129826,0.018613022391129826,True,3261070adc02a9a9ecc3a3924fa0bca187816b126ff9a37703468ad343d47da5,False,AAOI,0.833556695274208
True,True,74.91166549320143,0.0,True,7,pullback_from_high5_pct,D-5~D-1 최고가 대비 D-1 close 하락률(%),True,True,0.7067614810057462,52.944679648582095,0.009033779223091683,0.6767354472996772,True,3261070adc02a9a9ecc3a3924fa0bca187816b126ff9a37703468ad343d47da5,False,AAOI,0.6977277017826545
True,True,67.07131978703904,-2.499997616000005,True,3,single_up_day5_pct,D-5~D-1 최대 단일 일수익률(%),True,True,0.9309693882375103,62.268769185584915,0.07218607703591186,2.522082861545647,True,3261070adc02a9a9ecc3a3924fa0bca187816b126ff9a37703468ad343d47da5,False,AAOI,0.8587833112015985
True,True,68.84838170115084,0.0,True,3,fade_after_surge_score,초반 최대상승률 + 최근 2일 음의 누적수익률 절대값,True,True,0.9820552982657357,67.6129180266369,0.14162399377797083,9.750582781667148,True,3261070adc02a9a9ecc3a3924fa0bca187816b126ff9a37703468ad343d47da5,False,AAOI,0.8404313044877648
True,True,13.23063034290839,-12.137684838091934,True,4,ret_d5_pct,D-6 close 대비 D-5 close 수익률(%),True,True,0.7355753888463474,6.522623465549076,0.3907108326946218,-2.2260092896636827,True,a093f4a95b0cf72cbd7526e323ce5f4ff465df7528de79ab4bdd3a6966bae7ff,False,C,0.3448645561517256
True,True,13.23063034290839,-12.137684838091934,True,5,ret_d4_pct,D-5 close 대비 D-4 close 수익률(%),True,True,0.6209587120729937,3.6149914841638005,0.3209783520323729,-3.995004837456623,True,a093f4a95b0cf72cbd7526e323ce5f4ff465df7528de79ab4bdd3a6966bae7ff,False,C,0.2999803600406208
True,True,13.23063034290839,-12.137684838091934,True,6,ret_d3_pct,D-4 close 대비 D-3 close 수익률(%),True,True,0.8393153771936006,9.154332186815497,0.2809815716656684,-5.009655768024428,True,a093f4a95b0cf72cbd7526e323ce5f4ff465df7528de79ab4bdd3a6966bae7ff,False,C,0.5583338055279322
True,True,13.23063034290839,-12.137684838091934,True,2,ret_d2_pct,D-3 close 대비 D-2 close 수익률(%),True,True,0.926479416422701,11.365537006428392,0.2663810207843926,-5.380047144596865,True,a093f4a95b0cf72cbd7526e323ce5f4ff465df7528de79ab4bdd3a6966bae7ff,False,C,0.6600983956383084
True,True,13.23063034290839,-12.137684838091934,True,3,ret_d1_pct,D-2 close 대비 D-1 close 수익률(%),True,True,0.7995627884021118,8.145875985092308,0.22479171239452989,-6.435097827990723,True,a093f4a95b0cf72cbd7526e323ce5f4ff465df7528de79ab4bdd3a6966bae7ff,False,C,0.5747710760075819
True,True,19.143635885484265,-17.346794320151936,True,8,cumulative_ret5_pct,D-6 close 대비 D-1 close 누적수익률(%),True,True,0.8231996407429756,12.692114715684408,0.04600400684808569,-15.668088319082255,True,a093f4a95b0cf72cbd7526e323ce5f4ff465df7528de79ab4bdd3a6966bae7ff,False,C,0.7771956338948899
True,True,5.0,0.0,True,4,up_days5,D-5~D-1 양의 일수익률 일수,True,True,0.8791770019445558,4.395885009722779,0.16437648303798463,0.8218824151899231,True,a093f4a95b0cf72cbd7526e323ce5f4ff465df7528de79ab4bdd3a6966bae7ff,False,C,0.7148005189065711
True,True,4.0,0.0,True,1,days_since_high5,D-5~D-1 고가 최고점 이후 거래일 수(0=D-1),True,True,0.7803066498843924,3.1212265995375694,0.5015844849805104,2.006337939922042,True,a093f4a95b0cf72cbd7526e323ce5f4ff465df7528de79ab4bdd3a6966bae7ff,False,C,0.2787221649038819
True,True,1.0,0.0068028799804071,True,2,close_pos5,D-1 close의 D-5~D-1 high/low 범위 내 위치(0~1),True,True,0.5431870736022045,0.5462947171139872,0.1317981608168702,0.13770443372760174,True,a093f4a95b0cf72cbd7526e323ce5f4ff465df7528de79ab4bdd3a6966bae7ff,False,C,0.4113889127853343
True,True,23.79149795679169,0.0,True,5,pullback_from_high5_pct,D-5~D-1 최고가 대비 D-1 close 하락률(%),True,True,0.6218201490833708,14.794032806408921,0.04218307233768619,1.003598479333257,True,a093f4a95b0cf72cbd7526e323ce5f4ff465df7528de79ab4bdd3a6966bae7ff,False,C,0.5796370767456847
True,True,13.23063034290839,-1.6188214339688312,True,5,single_up_day5_pct,D-5~D-1 최대 단일 일수익률(%),True,True,0.44927899617196343,5.052725354050545,0.13979337474049347,0.4570335429670527,True,a093f4a95b0cf72cbd7526e323ce5f4ff465df7528de79ab4bdd3a6966bae7ff,False,C,0.30948562143146996
True,True,20.723386250161223,0.0,True,3,fade_after_surge_score,초반 최대상승률 + 최근 2일 음의 누적수익률 절대값,True,True,0.9090758144865945,18.839129234285608,0.10232627724546714,2.1205469668988988,True,a093f4a95b0cf72cbd7526e323ce5f4ff465df7528de79ab4bdd3a6966bae7ff,False,C,0.8067495372411273
True,True,12.048194386188982,-9.085129430088069,True,3,ret_d5_pct,D-6 close 대비 D-5 close 수익률(%),True,True,0.9163763718241388,10.280949173256557,0.05,-8.028463239274217,True,e0e9367119794789c075b6951c86b7db14c51d6f7a638ab6d70b7eb41bc6d2a7,False,BCS,0.8663763718241387
True,True,12.048194386188982,-9.085129430088069,True,6,ret_d4_pct,D-5 close 대비 D-4 close 수익률(%),True,True,0.7978236579327281,7.775536281290927,0.08315611053720012,-7.32776441880329,True,e0e9367119794789c075b6951c86b7db14c51d6f7a638ab6d70b7eb41bc6d2a7,False,BCS,0.714667547395528
True,True,12.048194386188982,-9.085129430088069,True,4,ret_d3_pct,D-4 close 대비 D-3 close 수익률(%),True,True,0.7254073175926311,6.245138311293932,0.00020051554814498284,-9.080891870078922,True,e0e9367119794789c075b6951c86b7db14c51d6f7a638ab6d70b7eb41bc6d2a7,False,BCS,0.7252068020444862
True,True,12.048194386188982,-9.085129430088069,True,2,ret_d2_pct,D-3 close 대비 D-2 close 수익률(%),True,True,0.7977355636045028,7.773674555326165,0.010785473880160164,-8.857196518066646,True,e0e9367119794789c075b6951c86b7db14c51d6f7a638ab6d70b7eb41bc6d2a7,False,BCS,0.7869500897243427
True,True,12.048194386188982,-9.085129430088069,True,1,ret_d1_pct,D-2 close 대비 D-1 close 수익률(%),True,True,0.8656103406017577,9.208094196566746,0.001975769965981873,-9.043374843610499,True,e0e9367119794789c075b6951c86b7db14c51d6f7a638ab6d70b7eb41bc6d2a7,False,BCS,0.8636345706357758
True,True,18.67977450965075,-17.597403280740863,True,5,cumulative_ret5_pct,D-6 close 대비 D-1 close 누적수익률(%),True,True,0.95,16.86591562013117,0.05,-15.783544391221282,True,e0e9367119794789c075b6951c86b7db14c51d6f7a638ab6d70b7eb41bc6d2a7,False,BCS,0.8999999999999999
True,True,5.0,0.0,True,3,up_days5,D-5~D-1 양의 일수익률 일수,True,True,0.9793503414545554,4.896751707272776,0.10690205698054282,0.5345102849027141,True,e0e9367119794789c075b6951c86b7db14c51d6f7a638ab6d70b7eb41bc6d2a7,False,BCS,0.8724482844740126
True,True,4.0,0.0,True,3,days_since_high5,D-5~D-1 고가 최고점 이후 거래일 수(0=D-1),True,True,0.8140055917460384,3.2560223669841535,0.1847697652801612,0.7390790611206448,True,e0e9367119794789c075b6951c86b7db14c51d6f7a638ab6d70b7eb41bc6d2a7,False,BCS,0.6292358264658772
True,True,1.0,0.0,True,2,close_pos5,D-1 close의 D-5~D-1 high/low 범위 내 위치(0~1),True,True,0.95,0.95,0.04053567675706891,0.04053567675706891,True,e0e9367119794789c075b6951c86b7db14c51d6f7a638ab6d70b7eb41bc6d2a7,False,BCS,0.909464323242931
True,True,24.19228329401748,0.0,True,3,pullback_from_high5_pct,D-5~D-1 최고가 대비 D-1 close 하락률(%),True,True,0.927415023800273,22.436286986904165,0.2229941763092059,5.39473828618839,True,e0e9367119794789c075b6951c86b7db14c51d6f7a638ab6d70b7eb41bc6d2a7,False,BCS,0.704420847491067
True,True,12.048194386188982,-1.2441668094204772,True,3,single_up_day5_pct,D-5~D-1 최대 단일 일수익률(%),True,True,0.8446709112052107,9.983504033743747,0.2617643273861841,2.235299178322447,True,e0e9367119794789c075b6951c86b7db14c51d6f7a638ab6d70b7eb41bc6d2a7,False,BCS,0.5829065838190266
True,True,18.53561874370181,0.0,True,5,fade_after_surge_score,초반 최대상승률 + 최근 2일 음의 누적수익률 절대값,True,True,0.831006325407448,15.40321642135706,0.058818714932785406,1.0902412749885908,True,e0e9367119794789c075b6951c86b7db14c51d6f7a638ab6d70b7eb41bc6d2a7,False,BCS,0.7721876104746626
True,True,30.158733162127337,-57.44680776868491,True,1,ret_d5_pct,D-6 close 대비 D-5 close 수익률(%),True,True,0.9015196731425815,21.53131085674,0.4223036556588968,-20.450667577627783,True,c6f43110e595385c2036c556421eba30cfd9ef384557872bbe832c8a063bd293,False,CRMD,0.4792160174836847
True,True,30.158733162127337,-57.44680776868491,True,3,ret_d4_pct,D-5 close 대비 D-4 close 수익률(%),True,True,0.8226783628460398,14.624375220517443,0.2724648478678287,-33.57737738659231,True,c6f43110e595385c2036c556421eba30cfd9ef384557872bbe832c8a063bd293,False,CRMD,0.550213514978211
True,True,30.158733162127337,-57.44680776868491,True,1,ret_d3_pct,D-4 close 대비 D-3 close 수익률(%),True,True,0.8932841932375937,20.809837184838706,0.16821388913519603,-42.71033901892038,True,c6f43110e595385c2036c556421eba30cfd9ef384557872bbe832c8a063bd293,False,CRMD,0.7250703041023976
True,True,30.158733162127337,-57.44680776868491,True,4,ret_d2_pct,D-3 close 대비 D-2 close 수익률(%),True,True,0.8726126571737358,18.998896086093644,0.048250815662369745,-53.219768962230106,True,c6f43110e595385c2036c556421eba30cfd9ef384557872bbe832c8a063bd293,False,CRMD,0.824361841511366
True,True,30.158733162127337,-57.44680776868491,True,3,ret_d1_pct,D-2 close 대비 D-1 close 수익률(%),True,True,0.6693853390665156,1.1950569513923597,0.3401286506765165,-27.649653340101406,True,c6f43110e595385c2036c556421eba30cfd9ef384557872bbe832c8a063bd293,False,CRMD,0.32925668838999916
True,True,43.27353838186425,-46.666665872,True,5,cumulative_ret5_pct,D-6 close 대비 D-1 close 누적수익률(%),True,True,0.9722793596297684,40.7803383249177,0.0590177553227354,-41.3585969036686,True,c6f43110e595385c2036c556421eba30cfd9ef384557872bbe832c8a063bd293,False,CRMD,0.913261604307033
True,True,5.0,0.0,True,3,up_days5,D-5~D-1 양의 일수익률 일수,True,True,0.6361405442380366,3.180702721190183,0.14711594918325765,0.7355797459162883,True,c6f43110e595385c2036c556421eba30cfd9ef384557872bbe832c8a063bd293,False,CRMD,0.4890245950547789
True,True,4.0,0.0,True,5,days_since_high5,D-5~D-1 고가 최고점 이후 거래일 수(0=D-1),True,True,0.8392563136640664,3.3570252546562656,0.14258781388935649,0.5703512555574259,True,c6f43110e595385c2036c556421eba30cfd9ef384557872bbe832c8a063bd293,False,CRMD,0.6966684997747099
True,True,1.0,0.0,True,6,close_pos5,D-1 close의 D-5~D-1 high/low 범위 내 위치(0~1),True,True,0.5623336347807263,0.5623336347807263,0.08526823079053644,0.08526823079053644,True,c6f43110e595385c2036c556421eba30cfd9ef384557872bbe832c8a063bd293,False,CRMD,0.4770654039901898
True,True,150.9374879163439,0.0,True,2,pullback_from_high5_pct,D-5~D-1 최고가 대비 D-1 close 하락률(%),True,True,0.8660482448568486,130.71914649305145,0.08275729829219663,12.491178710967699,True,c6f43110e595385c2036c556421eba30cfd9ef384557872bbe832c8a063bd293,False,CRMD,0.783290946564652
True,True,30.158733162127337,-1.7770619141117994,True,3,single_up_day5_pct,D-5~D-1 최대 단일 일수익률(%),True,True,0.9044683600249829,27.107854284588136,0.07251853386682025,0.53887512268828,True,c6f43110e595385c2036c556421eba30cfd9ef384557872bbe832c8a063bd293,False,CRMD,0.8319498261581626
True,True,63.974175047370096,0.0,True,4,fade_after_surge_score,초반 최대상승률 + 최근 2일 음의 누적수익률 절대값,True,True,0.8646224509160465,55.31350802478932,0.011306943030448841,0.7233523526805755,True,c6f43110e595385c2036c556421eba30cfd9ef384557872bbe832c8a063bd293,False,CRMD,0.8533155078855976
True,True,19.101920188896138,-16.478342927113598,True,1,ret_d5_pct,D-6 close 대비 D-5 close 수익률(%),True,True,0.7832125859982249,11.388566958473643,0.033926702950656286,-15.271221909470544,True,b66c4b50a12a7411727831332b76b3e9d009fad80345128a466a55a0604aa194,False,APA,0.7492858830475686
True,True,19.101920188896138,-16.478342927113598,True,2,ret_d4_pct,D-5 close 대비 D-4 close 수익률(%),True,True,0.8208309827714868,12.727039413668752,0.19975734737650808,-9.370923948101284,True,b66c4b50a12a7411727831332b76b3e9d009fad80345128a466a55a0604aa194,False,APA,0.6210736353949787
True,True,19.101920188896138,-16.478342927113598,True,1,ret_d3_pct,D-4 close 대비 D-3 close 수익률(%),True,True,0.9274338947374896,16.519999070351954,0.2029471532276031,-9.257429816630335,True,b66c4b50a12a7411727831332b76b3e9d009fad80345128a466a55a0604aa194,False,APA,0.7244867415098866
True,True,19.101920188896138,-16.478342927113598,True,3,ret_d2_pct,D-3 close 대비 D-2 close 수익률(%),True,True,0.7540307442075351,10.350269349351134,0.058349411598609416,-14.402255509770725,True,b66c4b50a12a7411727831332b76b3e9d009fad80345128a466a55a0604aa194,False,APA,0.6956813326089257
True,True,19.101920188896138,-16.478342927113598,True,2,ret_d1_pct,D-2 close 대비 D-1 close 수익률(%),True,True,0.7164136701686883,9.011843957394543,0.1083812248658383,-12.622110429551654,True,b66c4b50a12a7411727831332b76b3e9d009fad80345128a466a55a0604aa194,False,APA,0.6080324453028499
True,True,24.36385541295356,-33.60151306097443,True,2,cumulative_ret5_pct,D-6 close 대비 D-1 close 누적수익률(%),True,True,0.9951044776427351,24.080084655642352,0.5656446879290566,-0.8137102998466546,True,b66c4b50a12a7411727831332b76b3e9d009fad80345128a466a55a0604aa194,False,APA,0.4294597897136785
True,True,5.0,0.0,True,4,up_days5,D-5~D-1 양의 일수익률 일수,True,True,0.8072274269119926,4.036137134559963,0.2287850338983034,1.1439251694915171,True,b66c4b50a12a7411727831332b76b3e9d009fad80345128a466a55a0604aa194,False,APA,0.5784423930136892
True,True,4.0,0.0,True,4,days_since_high5,D-5~D-1 고가 최고점 이후 거래일 수(0=D-1),True,True,0.8145138938378996,3.2580555753515985,0.14821368224237733,0.5928547289695093,True,b66c4b50a12a7411727831332b76b3e9d009fad80345128a466a55a0604aa194,False,APA,0.6663002115955223
True,True,0.9976354285384174,0.0011312478376822,True,7,close_pos5,D-1 close의 D-5~D-1 high/low 범위 내 위치(0~1),True,True,0.5705207378386344,0.5696575482703495,0.17597630927652314,0.17649237573602308,True,b66c4b50a12a7411727831332b76b3e9d009fad80345128a466a55a0604aa194,False,APA,0.3945444285621113
True,True,51.81753130757525,0.0214316192252539,True,1,pullback_from_high5_pct,D-5~D-1 최고가 대비 D-1 close 하락률(%),True,True,0.8057500097660896,41.75613944895861,0.09269139541124746,4.822484376198495,True,b66c4b50a12a7411727831332b76b3e9d009fad80345128a466a55a0604aa194,False,APA,0.7130586143548421
True,True,19.101920188896138,-2.101365322048665,True,3,single_up_day5_pct,D-5~D-1 최대 단일 일수익률(%),True,True,0.8653232910012979,16.24633147632223,0.25966023259365867,3.404284725473015,True,b66c4b50a12a7411727831332b76b3e9d009fad80345128a466a55a0604aa194,False,APA,0.6056630584076392
True,True,29.095931045240665,0.0,False,0,fade_after_surge_score,초반 최대상승률 + 최근 2일 음의 누적수익률 절대값,True,True,0.9565938133003964,27.832987630092155,0.06840174919216949,1.9902125778692097,True,b66c4b50a12a7411727831332b76b3e9d009fad80345128a466a55a0604aa194,False,APA,0.8881920641082269
True,True,14.716355579906493,-12.509739296725886,True,3,ret_d5_pct,D-6 close 대비 D-5 close 수익률(%),True,True,0.9306939162523092,12.829421568264035,0.12731169446983287,-9.043539024185382,True,c1b5c9e42e304ed159dba7a3bc30b520c429cee3777c05976c94fc1425968e49,False,POWI,0.8033822217824764
True,True,14.716355579906493,-12.509739296725886,True,2,ret_d4_pct,D-5 close 대비 D-4 close 수익률(%),True,True,0.5722791830199202,3.071188036096128,0.19339836471742958,-7.244257069943596,True,c1b5c9e42e304ed159dba7a3bc30b520c429cee3777c05976c94fc1425968e49,False,POWI,0.37888081830249065
True,True,14.716355579906493,-12.509739296725886,True,2,ret_d3_pct,D-4 close 대비 D-3 close 수익률(%),True,True,0.9259394692212372,12.699976542310143,0.08745534140090021,-10.128671874276701,True,c1b5c9e42e304ed159dba7a3bc30b520c429cee3777c05976c94fc1425968e49,False,POWI,0.838484127820337
True,True,14.716355579906493,-12.509739296725886,True,2,ret_d2_pct,D-3 close 대비 D-2 close 수익률(%),True,True,0.9125312723176324,12.334923701288034,0.22684258164817186,-6.333701646712532,True,c1b5c9e42e304ed159dba7a3bc30b520c429cee3777c05976c94fc1425968e49,False,POWI,0.6856886906694606
True,True,14.716355579906493,-12.509739296725886,True,7,ret_d1_pct,D-2 close 대비 D-1 close 수익률(%),True,True,0.8629326874225136,10.984547923186824,0.3352411185470472,-3.382432796615616,True,c1b5c9e42e304ed159dba7a3bc30b520c429cee3777c05976c94fc1425968e49,False,POWI,0.5276915688754664
True,True,23.77194119056858,-18.15443862266719,True,5,cumulative_ret5_pct,D-6 close 대비 D-1 close 누적수익률(%),True,True,0.7310562426926597,12.496103073302326,0.11675903268114744,-13.259155071851394,True,c1b5c9e42e304ed159dba7a3bc30b520c429cee3777c05976c94fc1425968e49,False,POWI,0.6142972100115123
True,True,5.0,0.0,True,4,up_days5,D-5~D-1 양의 일수익률 일수,True,True,0.5579012631580434,2.7895063157902174,0.22064863653561637,1.1032431826780817,True,c1b5c9e42e304ed159dba7a3bc30b520c429cee3777c05976c94fc1425968e49,False,POWI,0.33725262662242705
True,True,4.0,0.0,True,6,days_since_high5,D-5~D-1 고가 최고점 이후 거래일 수(0=D-1),True,True,0.9720354476457154,3.8881417905828615,0.16717574880414113,0.6687029952165645,True,c1b5c9e42e304ed159dba7a3bc30b520c429cee3777c05976c94fc1425968e49,False,POWI,0.8048596988415743
True,True,1.0,0.0013138404349631,True,2,close_pos5,D-1 close의 D-5~D-1 high/low 범위 내 위치(0~1),True,True,0.8777713520865158,0.8779319410264554,0.034955032115387634,0.0362229472157521,True,c1b5c9e42e304ed159dba7a3bc30b520c429cee3777c05976c94fc1425968e49,False,POWI,0.8428163199711282
True,True,23.783527661448247,0.0,True,3,pullback_from_high5_pct,D-5~D-1 최고가 대비 D-1 close 하락률(%),True,True,0.854822093857582,20.330684914878912,0.1532679659790644,3.6452529084769867,True,c1b5c9e42e304ed159dba7a3bc30b520c429cee3777c05976c94fc1425968e49,False,POWI,0.7015541278785176
True,True,14.716355579906493,-1.2950210711844878,True,2,single_up_day5_pct,D-5~D-1 최대 단일 일수익률(%),True,True,0.6030841516637422,8.361186433407365,0.022415748514942116,-0.9361140787956164,True,c1b5c9e42e304ed159dba7a3bc30b520c429cee3777c05976c94fc1425968e49,False,POWI,0.5806684031488001
True,True,21.420269413435637,0.0,True,2,fade_after_surge_score,초반 최대상승률 + 최근 2일 음의 누적수익률 절대값,True,True,0.7228084976212371,15.482752753367551,0.22795405726547488,4.882837320512207,True,c1b5c9e42e304ed159dba7a3bc30b520c429cee3777c05976c94fc1425968e49,False,POWI,0.4948544403557622
True,True,12.104685358932675,-7.287453800825972,True,4,ret_d5_pct,D-6 close 대비 D-5 close 수익률(%),True,True,0.988018538160339,11.872339183600634,0.2995125117838641,-1.4792654922244264,True,8fd81022736125d623d78e74829ac15a3b5bad2533b88341f7dbcdcb46fc05c2,False,ARKG,0.6885060263764748
True,True,12.104685358932675,-7.287453800825972,True,4,ret_d4_pct,D-5 close 대비 D-4 close 수익률(%),True,True,0.7572754509224473,7.397737125731107,0.15517467622665326,-4.27828488536822,True,8fd81022736125d623d78e74829ac15a3b5bad2533b88341f7dbcdcb46fc05c2,False,ARKG,0.602100774695794
True,True,12.104685358932675,-7.287453800825972,True,3,ret_d3_pct,D-4 close 대비 D-3 close 수익률(%),True,True,0.6712831347296329,5.730162163450082,0.09382640037918932,-5.467959187813501,True,8fd81022736125d623d78e74829ac15a3b5bad2533b88341f7dbcdcb46fc05c2,False,ARKG,0.5774567343504435
True,True,12.104685358932675,-7.287453800825972,True,4,ret_d2_pct,D-3 close 대비 D-2 close 수익률(%),True,True,0.9509961434007019,11.154395752394233,0.239072111054088,-2.6513341540478237,True,8fd81022736125d623d78e74829ac15a3b5bad2533b88341f7dbcdcb46fc05c2,False,ARKG,0.7119240323466139
True,True,12.104685358932675,-7.287453800825972,True,3,ret_d1_pct,D-2 close 대비 D-1 close 수익률(%),True,True,0.6410531230292192,5.143937569754529,0.17924806347958366,-3.8114504097126334,True,8fd81022736125d623d78e74829ac15a3b5bad2533b88341f7dbcdcb46fc05c2,False,ARKG,0.4618050595496356
True,True,18.958397449335564,-16.340834398581883,True,4,cumulative_ret5_pct,D-6 close 대비 D-1 close 누적수익률(%),True,True,0.5122074501881408,1.7396951398399274,0.05786500014781816,-14.298244342484272,True,8fd81022736125d623d78e74829ac15a3b5bad2533b88341f7dbcdcb46fc05c2,False,ARKG,0.4543424500403227
True,True,5.0,0.0,True,2,up_days5,D-5~D-1 양의 일수익률 일수,True,True,0.8793995412768786,4.396997706384393,0.011614850996024518,0.058074254980122586,True,8fd81022736125d623d78e74829ac15a3b5bad2533b88341f7dbcdcb46fc05c2,False,ARKG,0.867784690280854
True,True,4.0,0.0,True,3,days_since_high5,D-5~D-1 고가 최고점 이후 거래일 수(0=D-1),True,True,1.0,4.0,0.13132169044246478,0.5252867617698591,True,8fd81022736125d623d78e74829ac15a3b5bad2533b88341f7dbcdcb46fc05c2,False,ARKG,0.8686783095575352
True,True,1.0,0.0,True,2,close_pos5,D-1 close의 D-5~D-1 high/low 범위 내 위치(0~1),True,True,0.7320248461518064,0.7320248461518064,0.15921257093224933,0.15921257093224933,True,8fd81022736125d623d78e74829ac15a3b5bad2533b88341f7dbcdcb46fc05c2,False,ARKG,0.572812275219557
True,True,22.39629654535193,0.0,True,1,pullback_from_high5_pct,D-5~D-1 최고가 대비 D-1 close 하락률(%),True,True,0.6598415782363461,14.778007659134245,0.01934133325135423,0.4331742350798052,True,8fd81022736125d623d78e74829ac15a3b5bad2533b88341f7dbcdcb46fc05c2,False,ARKG,0.6405002449849919
True,True,12.104685358932675,-1.5805852906464857,True,1,single_up_day5_pct,D-5~D-1 최대 단일 일수익률(%),True,True,0.6873880188322059,7.8265057883502696,0.08467753884034901,-0.421750253676058,True,8fd81022736125d623d78e74829ac15a3b5bad2533b88341f7dbcdcb46fc05c2,False,ARKG,0.6027104799918569
True,True,16.527846398636914,0.0,True,6,fade_after_surge_score,초반 최대상승률 + 최근 2일 음의 누적수익률 절대값,True,True,0.782563094875965,12.934082629351876,0.295646975278445,4.886407795623744,True,8fd81022736125d623d78e74829ac15a3b5bad2533b88341f7dbcdcb46fc05c2,False,ARKG,0.48691611959751996
True,True,21.640484589758447,-11.475403713568378,True,6,ret_d5_pct,D-6 close 대비 D-5 close 수익률(%),True,True,0.8607368287790624,17.0286609668388,0.06278440158705444,-9.396242483420266,True,cc21f8bdee0ffa97f6dc42252f2434fc9163496942f4a3c11065e7872bc9457b,False,CDE,0.797952427192008
True,True,21.640484589758447,-11.475403713568378,True,6,ret_d4_pct,D-5 close 대비 D-4 close 수익률(%),True,True,0.7089761818398688,12.002972333959844,0.005700984799126008,-11.286610537741558,True,cc21f8bdee0ffa97f6dc42252f2434fc9163496942f4a3c11065e7872bc9457b,False,CDE,0.7032751970407427
True,True,21.640484589758447,-11.475403713568378,True,7,ret_d3_pct,D-4 close 대비 D-3 close 수익률(%),True,True,0.7224723959616254,12.449911453333721,0.3363560010678815,-0.33667595205073475,True,cc21f8bdee0ffa97f6dc42252f2434fc9163496942f4a3c11065e7872bc9457b,False,CDE,0.3861163948937439
True,True,21.640484589758447,-11.475403713568378,True,4,ret_d2_pct,D-3 close 대비 D-2 close 수익률(%),True,True,0.4221735336024075,2.505247869829743,0.03147998263627494,-10.43291612479483,True,cc21f8bdee0ffa97f6dc42252f2434fc9163496942f4a3c11065e7872bc9457b,False,CDE,0.39069355096613256
True,True,21.640484589758447,-11.475403713568378,True,6,ret_d1_pct,D-2 close 대비 D-1 close 수익률(%),True,True,0.8990905872261316,18.298779747584717,0.10753687887033604,-7.9142244444099425,True,cc21f8bdee0ffa97f6dc42252f2434fc9163496942f4a3c11065e7872bc9457b,False,CDE,0.7915537083557955
True,True,47.645955500433445,-24.376728575966965,True,4,cumulative_ret5_pct,D-6 close 대비 D-1 close 누적수익률(%),True,True,0.4351246528624656,6.962116830999793,0.039400820929181804,-21.538975697833678,True,cc21f8bdee0ffa97f6dc42252f2434fc9163496942f4a3c11065e7872bc9457b,False,CDE,0.3957238319332838
True,True,5.0,0.0,True,5,up_days5,D-5~D-1 양의 일수익률 일수,True,True,0.5707837617537834,2.853918808768917,0.10850517806674564,0.5425258903337282,True,cc21f8bdee0ffa97f6dc42252f2434fc9163496942f4a3c11065e7872bc9457b,False,CDE,0.4622785836870378
True,True,4.0,0.0,False,0,days_since_high5,D-5~D-1 고가 최고점 이후 거래일 수(0=D-1),True,True,0.7103481848057384,2.8413927392229534,0.2599805726707871,1.0399222906831485,True,cc21f8bdee0ffa97f6dc42252f2434fc9163496942f4a3c11065e7872bc9457b,False,CDE,0.45036761213495125
True,True,1.0,0.0,True,2,close_pos5,D-1 close의 D-5~D-1 high/low 범위 내 위치(0~1),True,True,0.6810521990793912,0.6810521990793912,0.03601374791191754,0.03601374791191754,True,cc21f8bdee0ffa97f6dc42252f2434fc9163496942f4a3c11065e7872bc9457b,False,CDE,0.6450384511674736
True,True,34.249081913809086,0.0,True,7,pullback_from_high5_pct,D-5~D-1 최고가 대비 D-1 close 하락률(%),True,True,0.7383660886187804,25.28836065148343,0.13405081734398183,4.591117423827093,True,cc21f8bdee0ffa97f6dc42252f2434fc9163496942f4a3c11065e7872bc9457b,False,CDE,0.6043152712747986
True,True,21.640484589758447,-2.127657631453084,True,7,single_up_day5_pct,D-5~D-1 최대 단일 일수익률(%),True,True,0.7963017085400874,16.798954628121447,0.2231844687096431,3.177022562403247,True,cc21f8bdee0ffa97f6dc42252f2434fc9163496942f4a3c11065e7872bc9457b,False,CDE,0.5731172398304443
True,True,26.99011327060353,0.0,True,2,fade_after_surge_score,초반 최대상승률 + 최근 2일 음의 누적수익률 절대값,True,True,0.9421869642981768,25.429732888493877,0.2676041355638502,7.222665930550259,True,cc21f8bdee0ffa97f6dc42252f2434fc9163496942f4a3c11065e7872bc9457b,False,CDE,0.6745828287343266
True,True,24.377852244083687,-28.654970728412565,True,2,ret_d5_pct,D-6 close 대비 D-5 close 수익률(%),True,True,0.737091686277596,10.435082184445925,0.2886797378066417,-13.345469297566304,True,234ee8ce1f43d0c8a635275b71d4dd2f33c2b9101aaefc5da8f49d12938d79be,False,BELFB,0.44841194847095434
True,True,24.377852244083687,-28.654970728412565,True,3,ret_d4_pct,D-5 close 대비 D-4 close 수익률(%),True,True,0.8062925343240972,14.104998508442634,0.1323038738423496,-21.63852280835576,True,234ee8ce1f43d0c8a635275b71d4dd2f33c2b9101aaefc5da8f49d12938d79be,False,BELFB,0.6739886604817475
True,True,24.377852244083687,-28.654970728412565,True,3,ret_d3_pct,D-4 close 대비 D-3 close 수익률(%),True,True,0.8462270772186804,16.222840052258626,0.387457260048141,-8.10701844687106,True,234ee8ce1f43d0c8a635275b71d4dd2f33c2b9101aaefc5da8f49d12938d79be,False,BELFB,0.4587698171705394
True,True,24.377852244083687,-28.654970728412565,True,4,ret_d2_pct,D-3 close 대비 D-2 close 수익률(%),True,True,0.9584423439770965,22.173932429069147,0.23241151864944076,-16.329531803107763,True,234ee8ce1f43d0c8a635275b71d4dd2f33c2b9101aaefc5da8f49d12938d79be,False,BELFB,0.7260308253276557
True,True,24.377852244083687,-28.654970728412565,True,4,ret_d1_pct,D-2 close 대비 D-1 close 수익률(%),True,True,0.8799169125918738,18.009507127577734,0.36642232852571033,-9.222560246538706,True,234ee8ce1f43d0c8a635275b71d4dd2f33c2b9101aaefc5da8f49d12938d79be,False,BELFB,0.5134945840661634
True,True,40.22201090317699,-32.213676161042535,True,1,cumulative_ret5_pct,D-6 close 대비 D-1 close 누적수익률(%),True,True,0.7578946626257568,22.684944448559015,0.16138064081782894,-20.523958564539065,True,234ee8ce1f43d0c8a635275b71d4dd2f33c2b9101aaefc5da8f49d12938d79be,False,BELFB,0.5965140218079279
True,True,5.0,0.0,True,5,up_days5,D-5~D-1 양의 일수익률 일수,True,True,0.971596912374513,4.8579845618725646,0.4618683021473264,2.309341510736632,True,234ee8ce1f43d0c8a635275b71d4dd2f33c2b9101aaefc5da8f49d12938d79be,False,BELFB,0.5097286102271865
True,True,4.0,0.0,True,3,days_since_high5,D-5~D-1 고가 최고점 이후 거래일 수(0=D-1),True,True,0.9458704361682153,3.7834817446728612,0.10613916268652314,0.42455665074609256,True,234ee8ce1f43d0c8a635275b71d4dd2f33c2b9101aaefc5da8f49d12938d79be,False,BELFB,0.8397312734816922
True,True,1.0,0.0,True,2,close_pos5,D-1 close의 D-5~D-1 high/low 범위 내 위치(0~1),True,True,0.853322128207286,0.853322128207286,0.4183488498079713,0.4183488498079713,True,234ee8ce1f43d0c8a635275b71d4dd2f33c2b9101aaefc5da8f49d12938d79be,False,BELFB,0.4349732783993147
True,True,49.44022254270824,0.0,True,2,pullback_from_high5_pct,D-5~D-1 최고가 대비 D-1 close 하락률(%),True,True,0.8211471499772854,40.59769783518761,0.06906914551213861,3.414793924954831,True,234ee8ce1f43d0c8a635275b71d4dd2f33c2b9101aaefc5da8f49d12938d79be,False,BELFB,0.7520780044651468
True,True,24.377852244083687,-1.455205539476878,True,1,single_up_day5_pct,D-5~D-1 최대 단일 일수익률(%),True,True,0.5281984720242977,12.189776109515202,0.1419730938498188,2.212393597656358,True,234ee8ce1f43d0c8a635275b71d4dd2f33c2b9101aaefc5da8f49d12938d79be,False,BELFB,0.3862253781744789
True,True,30.918547685655227,0.0,True,7,fade_after_surge_score,초반 최대상승률 + 최근 2일 음의 누적수익률 절대값,True,True,0.5521195270788396,17.070733926168515,0.01646136504514315,0.5089615001192366,True,234ee8ce1f43d0c8a635275b71d4dd2f33c2b9101aaefc5da8f49d12938d79be,False,BELFB,0.5356581620336964
True,True,9.881728511275112,-8.635628273400853,True,7,ret_d5_pct,D-6 close 대비 D-5 close 수익률(%),True,True,0.5755995581088178,2.022954109201951,0.09165348170575965,-6.93844805209753,True,bf212b55a65b780f653780e66ed2f318cd305aab6de8bbc5009c3d32be117bbb,False,CAT,0.48394607640305815
True,True,9.881728511275112,-8.635628273400853,True,6,ret_d4_pct,D-5 close 대비 D-4 close 수익률(%),True,True,0.8103132522287971,6.36923132547091,0.1645645206872644,-5.588328329735589,True,bf212b55a65b780f653780e66ed2f318cd305aab6de8bbc5009c3d32be117bbb,False,CAT,0.6457487315415327
True,True,9.881728511275112,-8.635628273400853,True,2,ret_d3_pct,D-4 close 대비 D-3 close 수익률(%),True,True,0.780732404315386,5.821472210665039,0.0027969308291377207,-8.58383650733565,True,bf212b55a65b780f653780e66ed2f318cd305aab6de8bbc5009c3d32be117bbb,False,CAT,0.7779354734862484
True,True,9.881728511275112,-8.635628273400853,True,4,ret_d2_pct,D-3 close 대비 D-2 close 수익률(%),True,True,0.8211883750832889,6.570609855444717,0.11480880653951553,-6.509672640685805,True,bf212b55a65b780f653780e66ed2f318cd305aab6de8bbc5009c3d32be117bbb,False,CAT,0.7063795685437734
True,True,9.881728511275112,-8.635628273400853,True,6,ret_d1_pct,D-2 close 대비 D-1 close 수익률(%),True,True,0.8205761991560804,6.559273975385608,0.05079947607910298,-7.694956250369491,True,bf212b55a65b780f653780e66ed2f318cd305aab6de8bbc5009c3d32be117bbb,False,CAT,0.7697767230769774
True,True,17.503050448185896,-17.13101722126156,True,3,cumulative_ret5_pct,D-6 close 대비 D-1 close 누적수익률(%),True,True,0.8054337812582172,10.764430862094475,0.17980490668073404,-10.90364191598233,True,bf212b55a65b780f653780e66ed2f318cd305aab6de8bbc5009c3d32be117bbb,False,CAT,0.6256288745774832
True,True,5.0,0.0,True,5,up_days5,D-5~D-1 양의 일수익률 일수,True,True,0.7657287841972553,3.8286439209862766,0.0605253321399418,0.302626660699709,True,bf212b55a65b780f653780e66ed2f318cd305aab6de8bbc5009c3d32be117bbb,False,CAT,0.7052034520573135
True,True,4.0,0.0,True,5,days_since_high5,D-5~D-1 고가 최고점 이후 거래일 수(0=D-1),True,True,0.9368619750324139,3.7474479001296555,0.05,0.2,True,bf212b55a65b780f653780e66ed2f318cd305aab6de8bbc5009c3d32be117bbb,False,CAT,0.8868619750324138
True,True,0.9979257089185196,0.004774360188831,True,1,close_pos5,D-1 close의 D-5~D-1 high/low 범위 내 위치(0~1),True,True,0.8272645692931725,0.8263732829386302,0.04396644442400796,0.0484396937673834,True,bf212b55a65b780f653780e66ed2f318cd305aab6de8bbc5009c3d32be117bbb,False,CAT,0.7832981248691645
True,True,22.782362235118114,0.0150763755234706,True,3,pullback_from_high5_pct,D-5~D-1 최고가 대비 D-1 close 하락률(%),True,True,0.9068363145521904,20.661277976794477,0.19040773955814605,4.3501438119230285,True,bf212b55a65b780f653780e66ed2f318cd305aab6de8bbc5009c3d32be117bbb,False,CAT,0.7164285749940443
True,True,9.881728511275112,-0.8141866361436434,True,4,single_up_day5_pct,D-5~D-1 최대 단일 일수익률(%),True,True,0.4282063314075885,3.7658719501793985,0.03341256828195565,-0.4568086409425105,True,bf212b55a65b780f653780e66ed2f318cd305aab6de8bbc5009c3d32be117bbb,False,CAT,0.39479376312563286
True,True,15.155864634794249,0.0,True,5,fade_after_surge_score,초반 최대상승률 + 최근 2일 음의 누적수익률 절대값,True,True,0.9830929294060848,14.899623361501959,0.2130428948955684,3.228849276441933,True,bf212b55a65b780f653780e66ed2f318cd305aab6de8bbc5009c3d32be117bbb,False,CAT,0.7700500345105165
