ticker,date,regime,position_independent_daily_evaluation,holding_state_ignored_for_candidate_generation,feature_cutoff,entry_open_d0,entry_close_d0,future_high_d1,future_high_d2,forward_max_return_pct,label_2d3pct,ret_d5_pct,ret_d4_pct,ret_d3_pct,ret_d2_pct,ret_d1_pct,cumulative_ret5_pct,up_days5,days_since_high5,close_pos5,pullback_from_high5_pct,single_up_day5_pct,fade_after_surge_score
ALGT,2020-06-16,stress,True,True,D-1,123.0,115.339996338,115.959999084,115.089996338,-5.7235779804878035,0,-2.8261673114018726,-6.186043579647926,-12.269334082324711,5.627742894536092,1.1062926131785167,-14.586917484859807,2.0,4.0,0.33743205285163913,16.036414598685077,5.627742894536092,0.0
ALGT,2020-06-17,stress,True,True,D-1,113.330001831,113.970001221,115.089996338,115.809997559,2.1882958509946926,0,-6.186043579647926,-12.269334082324711,5.627742894536092,1.1062926131785167,0.9628838362808034,-11.256447445994278,3.0,4.0,0.4617084713048442,10.542746703724104,5.627742894536092,5.627742894536092
ALGT,2020-06-18,stress,True,True,D-1,111.010002136,114.019996643,115.809997559,113.349998474,4.323930574399459,1,-12.269334082324711,5.627742894536092,1.1062926131785167,0.9628838362808034,-1.1877884172852515,-6.5283351628709685,3.0,1.0,0.5005523935272355,7.931912624507631,5.627742894536092,5.864084498219791
ALGT,2020-06-19,stress,True,True,D-1,115.599998474,109.339996338,113.349998474,116.0,0.3460220858826135,0,5.627742894536092,1.1062926131785167,0.9628838362808034,-1.1877884172852515,0.04386717685740393,6.590628532792775,4.0,2.0,0.4929495887855743,7.884586702057161,5.627742894536092,6.772185184209656
ALGT,2020-06-22,stress,True,True,D-1,110.209999084,110.300003052,116.0,112.949996948,5.25360762555398,1,1.1062926131785167,0.9628838362808034,-1.1877884172852515,0.04386717685740393,-4.104543450964315,-3.2303757810433043,3.0,3.0,0.22899023069824057,12.502292167398865,1.1062926131785167,5.168769434620257
ALGT,2020-06-23,stress,True,True,D-1,112.379997253,114.5,112.949996948,108.050003052,0.5072074291982531,0,0.9628838362808034,-1.1877884172852515,0.04386717685740393,-4.104543450964315,0.878001414077545,-3.448875074989477,3.0,4.0,0.264467593629336,11.523117617692158,0.9628838362808034,4.225463822708464
ALGT,2020-06-24,stress,True,True,D-1,112.88999939,107.88999939,108.050003052,107.699996948,-4.287356155685074,0,-1.1877884172852515,0.04386717685740393,-4.104543450964315,0.878001414077545,3.807794045137025,-0.7282784503811035,3.0,0.0,0.8539434770874638,1.3100436681222627,3.807794045137025,0.04386717685740393
ALGT,2020-06-25,stress,True,True,D-1,105.730003357,106.949996948,107.699996948,112.480003357,6.384185931791242,1,0.04386717685740393,-4.104543450964315,0.878001414077545,3.807794045137025,-5.772926296943237,-5.334738760957136,3.0,1.0,0.21032100672323453,7.516915984663264,3.807794045137025,3.06295480964891
ALGT,2020-06-26,stress,True,True,D-1,105.459999084,106.699996948,112.480003357,112.339996338,6.656556356887977,1,-4.104543450964315,0.878001414077545,3.807794045137025,-5.772926296943237,-0.8712600308783736,-6.200666464792459,2.0,2.0,0.2868399281973006,8.46190117836112,3.807794045137025,10.401683173521302
ALGT,2020-06-29,stress,True,True,D-1,107.790000916,111.629997253,112.339996338,114.430000305,6.160125552067219,1,0.878001414077545,3.807794045137025,-5.772926296943237,-0.8712600308783736,-0.2337540973671559,-2.4144864445020064,2.0,3.0,0.4441123020956018,8.71602935146505,3.807794045137025,4.91077156736166
ALGT,2020-06-30,stress,True,True,D-1,110.230003357,109.209999084,114.430000305,113.800003052,3.810212120195211,1,3.807794045137025,-5.772926296943237,-0.8712600308783736,-0.2337540973671559,4.620431533285441,1.2057970663636342,2.0,4.0,0.7387924763806057,3.914720822840967,4.620431533285441,3.807794045137025
ALGT,2020-07-01,stress,True,True,D-1,111.86000061,108.290000916,113.800003052,113.239997864,1.7343129192031848,0,-5.772926296943237,-0.8712600308783736,-0.2337540973671559,4.620431533285441,-2.16787443209846,-4.620088136244538,1.0,4.0,0.72660834936821,3.4245928901833755,4.620431533285441,0.0
ALGT,2020-07-02,stress,True,True,D-1,111.790000916,109.220001221,113.239997864,110.25,1.2970721317817624,0,-0.8712600308783736,-0.2337540973671559,4.620431533285441,-2.16787443209846,-0.8424120279429514,0.37074940055756844,1.0,0.0,0.5949869455222496,5.669959679622472,4.620431533285441,7.612455558360153
ALGT,2020-07-06,stress,True,True,D-1,111.870002747,111.319999695,110.25,110.959999084,-0.8134474306378814,0,-0.2337540973671559,4.620431533285441,-2.16787443209846,-0.8424120279429514,0.8588053348724367,2.12249119941883,2.0,1.0,0.6563325972609281,4.770187718143193,4.620431533285441,4.620431533285441
ALGT,2020-07-07,stress,True,True,D-1,108.699996948,106.809997559,110.959999084,109.400001526,2.079118858743989,0,4.620431533285441,-2.16787443209846,-0.8424120279429514,0.8588053348724367,1.922723357007472,4.329899605575016,3.0,2.0,0.7012488457278327,2.793748309846311,4.620431533285441,4.620431533285441
ALGT,2020-07-08,stress,True,True,D-1,106.489997864,110.209999084,109.400001526,111.480003357,4.685891250906793,1,-2.16787443209846,-0.8424120279429514,0.8588053348724367,1.922723357007472,-4.051385329102352,-4.317835539380943,2.0,3.0,0.07186314297522917,7.13416620180225,1.922723357007472,3.0653642389723457
ALGT,2020-07-09,stress,True,True,D-1,108.349998474,101.739997864,111.480003357,114.0,5.214583853783616,1,-0.8424120279429514,0.8588053348724367,1.922723357007472,-4.051385329102352,3.183224045222821,0.9156670711358839,3.0,4.0,0.5658435503194477,3.8290547646076867,3.183224045222821,2.919849312847611
ALGT,2020-07-10,stress,True,True,D-1,102.88999939,110.290000916,114.0,113.720001221,10.797940203972622,1,0.8588053348724367,1.922723357007472,-4.051385329102352,3.183224045222821,-7.685329181015888,-6.048576042658638,3.0,4.0,0.11970794466985622,11.853750187926181,3.183224045222821,6.66946973924516
ALGT,2020-07-13,stress,True,True,D-1,112.819999695,109.88999939,113.720001221,119.739997864,6.133662637571047,1,1.922723357007472,-4.051385329102352,3.183224045222821,-7.685329181015888,8.403777502953291,0.9796737621664331,3.0,4.0,0.7754948946005996,2.6747637351520304,8.403777502953291,3.183224045222821
ALGT,2020-07-14,stress,True,True,D-1,107.339996338,111.88999939,119.739997864,118.36000061,11.552079326473951,1,-4.051385329102352,3.183224045222821,-7.685329181015888,8.403777502953291,-0.3626815873404965,-1.284585257741644,2.0,0.0,0.7043165353390624,3.740104315965631,8.403777502953291,3.183224045222821
ALGT,2020-07-15,stress,True,True,D-1,115.620002747,118.809997559,118.36000061,115.779998779,2.3698303043597546,0,3.183224045222821,-7.685329181015888,8.403777502953291,-0.3626815873404965,1.8200018301046672,4.756110801513591,3.0,1.0,0.8482014116291111,1.885781232910233,8.403777502953291,8.403777502953291
ALGT,2020-07-16,stress,True,True,D-1,115.589996338,115.769996643,115.779998779,113.589996338,0.16437619778479906,0,-7.685329181015888,8.403777502953291,-0.3626815873404965,1.8200018301046672,6.184644031393627,7.803283319551824,3.0,0.0,0.9526476408408887,0.7827626665324772,8.403777502953291,8.403777502953291
ALGT,2020-07-17,stress,True,True,D-1,114.910003662,113.339996338,113.589996338,115.400001526,0.4264188046162687,0,8.403777502953291,-0.3626815873404965,1.8200018301046672,6.184644031393627,-2.5587080030789133,13.790052165869394,3.0,1.0,0.7830599883095936,3.429214249044432,8.403777502953291,8.403777502953291
ALGT,2020-07-20,stress,True,True,D-1,112.730003357,110.25,115.400001526,114.330001831,2.3684893901266824,0,-0.3626815873404965,1.8200018301046672,6.184644031393627,-2.5587080030789133,-2.098989699803988,2.765432402455925,2.0,2.0,0.48387090819459644,5.646728191973871,6.184644031393627,10.788634716843848
ALGT,2020-07-21,stress,True,True,D-1,111.739997864,113.160003662,114.330001831,117.819999695,5.441204534834565,1,1.8200018301046672,6.184644031393627,-2.5587080030789133,-2.098989699803988,-2.7263070741462614,0.32760088451939673,2.0,3.0,0.23467768579692308,8.607707813151922,6.184644031393627,10.952715900672516
ALGT,2020-07-22,stress,True,True,D-1,112.699996948,113.169998169,117.819999695,115.0,4.54303716561979,1,6.184644031393627,-2.5587080030789133,-2.098989699803988,-2.7263070741462614,2.63945910385488,1.1350471703671206,2.0,4.0,0.36973204292814515,5.814770227167831,6.184644031393627,6.343451761952612
ALGT,2020-07-23,stress,True,True,D-1,112.190002441,113.760002136,115.0,115.959999084,3.3603677341772276,1,-2.5587080030789133,-2.098989699803988,-2.7263070741462614,2.63945910385488,0.008832190417606967,-4.747074746129199,2.0,4.0,0.4271518940513162,4.586023261438621,2.63945910385488,0.0
ALGT,2020-07-24,stress,True,True,D-1,113.379997253,113.580001831,115.959999084,117.489997864,3.624978576978455,1,-2.098989699803988,-2.7263070741462614,2.63945910385488,0.008832190417606967,0.5213430914074335,-1.736196393957079,3.0,0.0,0.5234742771482565,3.5689148055274122,2.63945910385488,2.63945910385488
ALGT,2020-07-27,stress,True,True,D-1,113.319999695,113.470001221,117.489997864,116.75,3.679843081736256,1,-2.7263070741462614,2.63945910385488,0.008832190417606967,0.5213430914074335,-0.15822811323861208,0.21175710318912522,3.0,1.0,0.5023474724624963,3.733049652797904,2.63945910385488,2.63945910385488
ALGT,2020-07-28,stress,True,True,D-1,112.900001526,115.010002136,116.75,113.38999939,3.410096033624388,1,2.63945910385488,0.008832190417606967,0.5213430914074335,-0.15822811323861208,-0.09684857213128062,2.920636028117918,3.0,2.0,0.36865038329125394,3.8336110224655107,2.63945910385488,2.8943825475563845
ALGT,2020-07-29,stress,True,True,D-1,115.370002747,114.790000916,113.38999939,112.190002441,-1.716220256440526,0,0.008832190417606967,0.5213430914074335,-0.15822811323861208,-0.09684857213128062,1.3571877134297416,1.6348519036158748,3.0,3.0,0.5921628726007762,2.44326363517251,1.3571877134297416,0.5213430914074335
ALGT,2020-07-30,stress,True,True,D-1,110.330001831,111.489997864,112.190002441,112.11000061,1.6858520612091477,0,0.5213430914074335,-0.15822811323861208,-0.09684857213128062,1.3571877134297416,-0.19128877133647304,1.4314772229480965,2.0,4.0,0.5602323588884957,2.6396016681080825,1.3571877134297416,0.5213430914074335
ALGT,2020-07-31,stress,True,True,D-1,109.989997864,112.029998779,112.11000061,114.419998169,4.027639231775959,1,-0.15822811323861208,-0.09684857213128062,1.3571877134297416,-0.19128877133647304,-2.874817515172634,-1.9954326910843423,1.0,2.0,0.5165187817912978,5.381648681453055,1.3571877134297416,4.4177947968359055
ALGT,2020-08-03,stress,True,True,D-1,111.419998169,111.370002747,114.419998169,116.910003662,4.927307111128165,1,-0.09684857213128062,1.3571877134297416,-0.19128877133647304,-2.874817515172634,0.4843492020321971,-1.3646795448254312,2.0,3.0,0.5600321651609663,4.873693782475952,1.3571877134297416,3.761580182264801
ALGT,2020-08-04,stress,True,True,D-1,112.239997864,113.839996338,116.910003662,121.230003357,8.00962728446688,1,1.3571877134297416,-0.19128877133647304,-2.874817515172634,0.4843492020321971,-0.5891243766787513,-1.8507080738546344,2.0,4.0,0.5068495509002551,5.495191672844646,1.3571877134297416,1.4648163072937148
ALGT,2020-08-05,stress,True,True,D-1,114.989997864,115.279998779,121.230003357,120.790000916,5.426563708941123,1,-0.19128877133647304,-2.874817515172634,0.4843492020321971,-0.5891243766787513,2.2178266409951686,-1.0173078656380286,2.0,4.0,0.7506423206020646,2.5562225541188255,2.2178266409951686,0.4843492020321971
ALGT,2020-08-06,stress,True,True,D-1,116.019996643,118.010002136,120.790000916,124.0,6.878127553782742,1,-2.874817515172634,0.4843492020321971,-0.5891243766787513,2.2178266409951686,1.2649354245624744,0.42686458671479244,3.0,0.0,0.8622143169303116,1.4139528975228632,2.2178266409951686,0.4843492020321971
ALGT,2020-08-07,stress,True,True,D-1,117.5,118.160003662,124.0,128.220001221,9.123405294468068,1,0.4843492020321971,-0.5891243766787513,2.2178266409951686,1.2649354245624744,2.3681500571782754,5.848062065579507,4.0,0.0,0.7448494041124155,2.7285833088021905,2.3681500571782754,2.2178266409951686
ALGT,2020-08-10,stress,True,True,D-1,118.739997864,119.230003357,128.220001221,125.400001526,7.9838331880871305,1,-0.5891243766787513,2.2178266409951686,1.2649354245624744,2.3681500571782754,0.12710916302427488,5.471753057047302,4.0,1.0,0.7557677192131383,2.5981716315631065,2.3681500571782754,2.2178266409951686
ALGT,2020-08-11,stress,True,True,D-1,125.430000305,121.949996948,125.400001526,121.75,-0.02391674952327838,0,2.2178266409951686,1.2649354245624744,2.3681500571782754,0.12710916302427488,0.9055515079880783,7.057556268410647,5.0,0.0,0.617482263356388,4.000668043862765,2.3681500571782754,2.3681500571782754
ALGT,2020-08-12,stress,True,True,D-1,123.830001831,119.88999939,121.75,119.38999939,-1.679723653593046,0,1.2649354245624744,2.3681500571782754,0.12710916302427488,0.9055515079880783,2.2812996011211784,7.124034496558451,5.0,0.0,0.5949610521134211,5.141455047082566,2.3681500571782754,2.3681500571782754
ALGT,2020-08-13,stress,True,True,D-1,119.269996643,118.059997559,119.38999939,117.620002747,0.10061436268771207,0,2.3681500571782754,0.12710916302427488,0.9055515079880783,2.2812996011211784,-1.6892149319842953,3.9989596285802342,4.0,1.0,0.3797467131926477,6.948037261975992,2.3681500571782754,2.3681500571782754
ALGT,2020-08-14,stress,True,True,D-1,117.660003662,118.400001526,117.620002747,117.569999695,-0.03399703701769674,0,0.12710916302427488,0.9055515079880783,2.2812996011211784,-1.6892149319842953,-1.5264007342656205,0.042365411486366966,3.0,2.0,0.12939115200644402,8.605796943983979,2.2812996011211784,5.471131078245961
ALGT,2020-08-17,stress,True,True,D-1,117.620002747,116.379997253,117.569999695,121.489997864,3.290252530706317,1,0.9055515079880783,2.2812996011211784,-1.6892149319842953,-1.5264007342656205,0.2879925241656034,0.20311260711072254,3.0,3.0,0.24808564085582338,8.293918554421275,2.2812996011211784,3.5241037312246926
ALGT,2020-08-18,stress,True,True,D-1,117.279998779,117.080001831,121.489997864,117.349998474,3.5896991207624795,1,2.2812996011211784,-1.6892149319842953,-1.5264007342656205,0.2879925241656034,-1.7060846680448827,-2.3903430543958604,2.0,4.0,0.1389088023272725,10.173572991465928,2.2812996011211784,3.704305141300379
ALGT,2020-08-19,stress,True,True,D-1,117.300003052,116.819999695,117.349998474,118.069999695,0.6564336086663847,0,-1.6892149319842953,-1.5264007342656205,0.2879925241656034,-1.7060846680448827,0.6014818650306841,-3.993436030241626,2.0,4.0,0.238792363876334,7.106251763652649,0.6014818650306841,1.4028571170601634
ALGT,2020-08-20,stress,True,True,D-1,115.0,116.959999084,118.069999695,124.809997559,8.530432659999999,1,-1.5264007342656205,0.2879925241656034,-1.7060846680448827,0.6014818650306841,-0.22207220014849316,-2.5606803825341085,2.0,4.0,0.32280204232710136,4.220168051593487,0.6014818650306841,0.2879925241656034
ALGT,2020-08-21,stress,True,True,D-1,116.519996643,115.629997253,124.809997559,125.900001526,8.050124573672047,1,0.2879925241656034,-1.7060846680448827,0.6014818650306841,-0.22207220014849316,0.11984197000984853,-0.9317283565504653,3.0,1.0,0.4502427239949588,3.8731180022894662,0.6014818650306841,0.7039782308688181
ALGT,2020-08-24,stress,True,True,D-1,116.790000916,124.199996948,125.900001526,124.36000061,7.800325831448762,1,-1.7060846680448827,0.6014818650306841,-0.22207220014849316,0.11984197000984853,-1.137142477271058,-2.3395306058266563,2.0,2.0,0.2888346929552066,5.067889604959719,0.6014818650306841,1.6201451462384608
ALGT,2020-08-25,stress,True,True,D-1,125.900001526,123.61000061,124.36000061,133.410003662,5.965053252560204,1,0.6014818650306841,-0.22207220014849316,0.11984197000984853,-1.137142477271058,7.411571303810316,6.719367485462313,3.0,0.0,0.9472317699128685,0.4911438212477526,7.411571303810316,0.6014818650306841
ALGT,2020-08-26,stress,True,True,D-1,123.730003357,122.699996948,133.410003662,135.649993896,9.633872315195124,1,-0.22207220014849316,0.11984197000984853,-1.137142477271058,7.411571303810316,-0.4750373208519676,5.577381855891805,2.0,0.0,0.8189722814425534,1.852601654153485,7.411571303810316,0.11984197000984853
ALGT,2020-08-27,stress,True,True,D-1,125.400001526,131.550003052,135.649993896,134.210006714,8.173837516162074,1,0.11984197000984853,-1.137142477271058,7.411571303810316,-0.4750373208519676,-0.7361893515971496,5.033382356062166,2.0,1.0,0.7470352417410459,2.6079907559868554,7.411571303810316,8.619300802087215
ALGT,2020-08-28,stress,True,True,D-1,132.75,132.990005493,134.210006714,131.160003662,1.0998167337099796,0,-1.137142477271058,7.411571303810316,-0.4750373208519676,-0.7361893515971496,7.212719090572262,12.474353695507068,2.0,0.0,0.9010111485138257,1.4139114913321427,7.411571303810316,7.411571303810316
ALGT,2020-08-31,stress,True,True,D-1,132.220001221,128.600006104,131.160003662,132.990005493,0.5823659543861215,0,7.411571303810316,-0.4750373208519676,-0.7361893515971496,7.212719090572262,1.0946426511528218,15.013412308586393,3.0,0.0,0.8640782073817361,2.0001415844290715,7.411571303810316,7.411571303810316
ALGT,2020-09-01,stress,True,True,D-1,126.669998169,128.550003052,132.990005493,137.199996948,8.312938289421258,1,-0.4750373208519676,-0.7361893515971496,7.212719090572262,1.0946426511528218,-3.3009994794165887,3.5426805669263928,2.0,1.0,0.5242920670214258,5.482105332326848,7.212719090572262,9.455210067052066
ALGT,2020-09-02,stress,True,True,D-1,128.559997559,132.559997559,137.199996948,135.350006104,6.7205970387755,1,-0.7361893515971496,7.212719090572262,1.0946426511528218,-3.3009994794165887,-0.038882620238411825,3.9964423732883114,2.0,2.0,0.520918040113673,5.523135492364006,7.212719090572262,10.551317675135607
ALGT,2020-09-03,stress,True,True,D-1,133.399993896,131.63999939,135.350006104,139.240005493,4.377819988172504,1,7.212719090572262,1.0946426511528218,-3.3009994794165887,-0.038882620238411825,3.119404443248386,8.03586051854479,3.0,3.0,0.7228701319640616,2.3310171951570036,7.212719090572262,7.212719090572262
ALGT,2020-09-04,stress,True,True,D-1,134.86000061,133.649993896,139.240005493,135.169998169,3.2478161524457594,1,1.0946426511528218,-3.3009994794165887,-0.038882620238411825,3.119404443248386,-0.6940239785313218,0.06841226599170191,2.0,0.0,0.5622048114841808,4.223638395445284,3.119404443248386,1.0946426511528218
ALGT,2020-09-08,stress,True,True,D-1,132.559997559,134.539993286,135.169998169,138.380004883,4.390470301125049,1,-3.3009994794165887,-0.038882620238411825,3.119404443248386,-0.6940239785313218,1.5268873559055152,0.49626917493039713,2.0,1.0,0.7204721334551937,2.6561939499693876,3.119404443248386,3.119404443248386
ALGT,2020-09-09,stress,True,True,D-1,133.449996948,133.839996338,138.380004883,135.240005493,3.6942735464587706,1,-0.038882620238411825,3.119404443248386,-0.6940239785313218,1.5268873559055152,0.6659180176936896,4.618963374851082,3.0,0.0,0.6811390464384808,3.493394114424331,3.119404443248386,3.119404443248386
ALGT,2020-09-10,stress,True,True,D-1,135.020004272,134.320007324,135.240005493,136.649993896,1.207220835748446,0,3.119404443248386,-0.6940239785313218,1.5268873559055152,0.6659180176936896,-0.5202891206572136,4.115124978923679,3.0,1.0,0.5588229794432482,4.034675211259575,3.119404443248386,3.119404443248386
ALGT,2020-09-11,stress,True,True,D-1,133.509994507,133.080001831,136.649993896,141.25,5.797322905735114,1,-0.6940239785313218,1.5268873559055152,0.6659180176936896,-0.5202891206572136,0.3586453968421832,1.32770805477469,3.0,2.0,0.5287359177543687,3.6628930172198704,1.5268873559055152,1.6903970727020434
ALGT,2020-09-14,stress,True,True,D-1,134.580001831,136.419998169,141.25,144.869995117,7.646004715412125,1,1.5268873559055152,0.6659180176936896,-0.5202891206572136,0.3586453968421832,-0.923172591860355,1.0938942932791962,3.0,3.0,0.40996147301571334,4.6287973979912245,1.5268873559055152,2.0947254669292925
ALGT,2020-09-15,stress,True,True,D-1,138.619995117,138.470001221,144.869995117,142.580001831,4.508729057972327,1,0.6659180176936896,-0.5202891206572136,0.3586453968421832,-0.923172591860355,2.509765774005235,2.072580919947864,3.0,4.0,0.7293658522522903,2.067150976286136,2.509765774005235,0.6659180176936896
ALGT,2020-09-16,stress,True,True,D-1,138.350006104,142.210006714,142.580001831,139.729995728,3.0574597328317132,1,-0.5202891206572136,0.3586453968421832,-0.923172591860355,2.509765774005235,1.5027144696633243,2.9210704111198638,3.0,0.0,0.7763475127087027,2.00765418826212,2.509765774005235,0.3586453968421832
ALGT,2020-09-17,stress,True,True,D-1,140.220001221,138.509994507,139.729995728,131.119995117,-0.3494547773021939,0,0.3586453968421832,-0.923172591860355,2.509765774005235,1.5027144696633243,2.700949996404578,6.253743727594219,4.0,0.0,0.8342685092782365,1.8704650006448054,2.700949996404578,2.509765774005235
ALGT,2020-09-18,stress,True,True,D-1,139.210006714,134.5,131.119995117,128.330001831,-5.811372176441687,0,-0.923172591860355,2.509765774005235,1.5027144696633243,2.700949996404578,-2.601794551941161,3.119406607009134,3.0,1.0,0.6037379783694388,4.591726851652278,2.700949996404578,2.509765774005235
ALGT,2020-09-21,stress,True,True,D-1,130.009994507,126.339996338,128.330001831,130.729995728,0.5538045161299188,0,2.509765774005235,1.5027144696633243,2.700949996404578,-2.601794551941161,-2.895093975906071,1.067025961423762,3.0,2.0,0.12118594536583435,7.710033544237915,2.700949996404578,8.122514126913117
ALGT,2020-09-22,stress,True,True,D-1,126.120002747,126.879997253,130.729995728,125.569999695,3.655243324286772,1,1.5027144696633243,2.700949996404578,-2.601794551941161,-2.895093975906071,-6.066917220817835,-7.3889473437117825,2.0,3.0,0.04336585182010637,14.666771660675293,2.700949996404578,11.487318238145383
ALGT,2020-09-23,stress,True,True,D-1,127.879997253,125.480003357,125.569999695,123.839996338,-1.8063791113709926,0,2.700949996404578,-2.601794551941161,-2.895093975906071,-6.066917220817835,0.42741881482670774,-8.370046844660738,2.0,4.0,0.07124406819229653,14.178750199787405,2.700949996404578,8.36637954807744
ALGT,2020-09-24,stress,True,True,D-1,125.11000061,121.5,123.839996338,131.13999939,4.819757613779463,1,-2.601794551941161,-2.895093975906071,-6.066917220817835,0.42741881482670774,-1.1034000049735204,-11.764294049043878,1.0,4.0,0.008121054199016499,13.627668167452335,0.42741881482670774,0.6806973293708607
ALGT,2020-09-25,stress,True,True,D-1,120.699996948,123.760002136,131.13999939,126.069999695,8.649546566681177,1,-2.895093975906071,-6.066917220817835,0.42741881482670774,-1.1034000049735204,-3.171822800862212,-12.280698275632618,1.0,4.0,0.06704186330870134,15.004111710288083,0.42741881482670774,4.667643727719972
ALGT,2020-09-28,stress,True,True,D-1,126.080001831,127.11000061,126.069999695,126.129997253,0.039653728802302446,0,-6.066917220817835,0.42741881482670774,-1.1034000049735204,-3.171822800862212,1.860084062551448,-7.985128523420082,2.0,4.0,0.326624161683015,5.946988408187082,1.860084062551448,1.7981561235486998
ALGT,2020-09-29,stress,True,True,D-1,125.510002136,121.089996338,126.129997253,122.019996643,0.4939806441307981,0,0.42741881482670774,-1.1034000049735204,-3.171822800862212,1.860084062551448,2.7068506918080715,0.6094699179347574,3.0,0.0,0.6319634791890927,3.1704812844466135,2.7068506918080715,0.42741881482670774
ALGT,2020-09-30,stress,True,True,D-1,124.529998779,119.800003052,122.019996643,124.709999084,0.14454372983609964,0,-1.1034000049735204,-3.171822800862212,1.860084062551448,2.7068506918080715,-4.736058723239744,-4.563367780860428,2.0,1.0,0.08219124637127795,8.299614630383934,2.7068506918080715,4.017490132297564
ALGT,2020-10-01,stress,True,True,D-1,122.019996643,118.180000305,124.709999084,122.949996948,2.2045586912039283,0,-3.171822800862212,1.860084062551448,2.7068506918080715,-4.736058723239744,-1.0653178008191877,-4.526617909660057,2.0,2.0,0.008741790441655196,9.465772995913714,2.7068506918080715,8.457773139231072
ALGT,2020-10-02,stress,True,True,D-1,115.0,119.650001526,122.949996948,120.169998169,6.913040824347827,1,1.860084062551448,2.7068506918080715,-4.736058723239744,-1.0653178008191877,-1.3522560147989582,-2.732510037037039,2.0,3.0,0.022624660908830557,10.966321756263952,2.7068506918080715,5.110018683387906
ALGT,2020-10-05,stress,True,True,D-1,121.470001221,117.660003662,120.169998169,116.75,-1.0702256021507761,0,2.7068506918080715,-4.736058723239744,-1.0653178008191877,-1.3522560147989582,1.2438663201947975,-3.320944197692821,2.0,4.0,0.3423012558128312,9.6030068679132,2.7068506918080715,2.8320606435431217
ALGT,2020-10-06,stress,True,True,D-1,119.620002747,112.730003357,116.75,122.38999939,2.315663416977709,0,-4.736058723239744,-1.0653178008191877,-1.3522560147989582,1.2438663201947975,-1.6631824810863671,-7.4345031096290874,1.0,3.0,0.3202251834932797,7.198702471004181,1.2438663201947975,0.440003927617183
ALGT,2020-10-07,stress,True,True,D-1,115.800003052,116.330001831,122.38999939,124.629997253,7.625210680724148,1,-1.0653178008191877,-1.3522560147989582,1.2438663201947975,-1.6631824810863671,-4.190039224511944,-6.903950147677474,1.0,4.0,0.0014906315744667863,11.886803421413994,1.2438663201947975,7.027400027460384
ALGT,2020-10-08,stress,True,True,D-1,117.620002747,121.779998779,124.629997253,128.789993286,9.496675971880887,1,-1.3522560147989582,1.2438663201947975,-1.6631824810863671,-4.190039224511944,3.193469676922933,-2.8964951023363605,2.0,3.0,0.3016668955833334,7.203642328807103,3.193469676922933,2.374243499869777
ALGT,2020-10-09,stress,True,True,D-1,121.709999084,124.410003662,128.789993286,128.770004272,5.817101516132328,1,1.2438663201947975,-1.6631824810863671,-4.190039224511944,3.193469676922933,4.684945295468612,3.0461994116678826,3.0,4.0,0.755833307916666,2.405978267676967,4.684945295468612,1.2438663201947975
ALGT,2020-10-12,stress,True,True,D-1,128.009994507,127.949996948,128.770004272,130.050003052,1.5936322416516102,0,-1.6631824810863671,-4.190039224511944,3.193469676922933,4.684945295468612,2.1596361548441134,3.9782716885011116,3.0,0.0,0.9815441589939052,0.1768295028731659,4.684945295468612,3.193469676922933
ALGT,2020-10-13,stress,True,True,D-1,124.180000305,127.580001831,130.050003052,130.369995117,4.984695439520603,1,-4.190039224511944,3.193469676922933,4.684945295468612,2.1596361548441134,2.8454249512101626,8.745532012356483,4.0,0.0,0.9477614029303869,0.6565036014353209,4.684945295468612,4.684945295468612
ALGT,2020-10-14,stress,True,True,D-1,128.199996948,128.970001221,130.369995117,132.63999939,3.463340520827729,1,3.193469676922933,4.684945295468612,2.1596361548441134,2.8454249512101626,-0.2891716497268604,13.173066647547383,4.0,1.0,0.9181885054575816,0.948417806579771,4.684945295468612,4.684945295468612
ALGT,2020-10-15,stress,True,True,D-1,126.800003052,130.289993286,132.63999939,133.990005493,5.670348791751567,1,4.684945295468612,2.1596361548441134,2.8454249512101626,-0.2891716497268604,1.089511969000645,10.86564015391569,4.0,0.0,0.9138754583644398,0.8374054592349189,4.684945295468612,4.684945295468612
ALGT,2020-10-16,stress,True,True,D-1,129.630004883,130.089996338,133.990005493,137.169998169,5.8165494113846306,1,2.1596361548441134,2.8454249512101626,-0.2891716497268604,1.089511969000645,1.0234876734924514,6.988006727150231,4.0,0.0,0.9932144294691837,0.061402897476847684,2.8454249512101626,2.8454249512101626
ALGT,2020-10-19,stress,True,True,D-1,130.199996948,132.559997559,137.169998169,135.199996948,5.353303674641174,1,2.8454249512101626,-0.2891716497268604,1.089511969000645,1.0234876734924514,-0.15350138790858336,4.565543371762559,3.0,0.0,0.7529066737050887,1.960183814114802,2.8454249512101626,2.8454249512101626
ALGT,2020-10-20,stress,True,True,D-1,134.770004272,134.419998169,135.199996948,141.850006104,5.253395865233301,1,-0.2891716497268604,1.089511969000645,1.0234876734924514,-0.15350138790858336,1.8986865174340117,3.6029704735933255,3.0,0.0,0.8774629628508774,1.0787627944573108,1.8986865174340117,1.089511969000645
ALGT,2020-10-21,stress,True,True,D-1,134.419998169,132.479995728,141.850006104,142.479995728,5.99612979377262,1,1.089511969000645,1.0234876734924514,-0.15350138790858336,1.8986865174340117,1.4031386875758889,5.361338955819006,4.0,0.0,0.7653583862199154,2.0458265417788057,1.8986865174340117,1.089511969000645
ALGT,2020-10-22,stress,True,True,D-1,134.240005493,141.039993286,142.479995728,141.5,6.13825230767715,1,1.0234876734924514,-0.15350138790858336,1.8986865174340117,1.4031386875758889,-1.4432394490594413,2.721558869326035,3.0,1.0,0.5998291849495367,3.540158961530482,1.8986865174340117,1.9590379299816774
ALGT,2020-10-23,stress,True,True,D-1,141.199996948,142.279998779,141.5,136.910003662,0.2124667553006221,0,-0.15350138790858336,1.8986865174340117,1.4031386875758889,-1.4432394490594413,6.461351022062889,8.25082550768319,3.0,0.0,0.9384488911445077,0.5743142771975629,6.461351022062889,1.8986865174340117
ALGT,2020-10-26,stress,True,True,D-1,140.11000061,136.009994507,136.910003662,127.790000916,-2.283917589085771,0,1.8986865174340117,1.4031386875758889,-1.4432394490594413,6.461351022062889,0.8791871469289836,9.370437992271086,4.0,0.0,0.9848257162263695,0.14056575113601255,6.461351022062889,1.8986865174340117
ALGT,2020-10-27,stress,True,True,D-1,136.470001221,132.289993286,127.790000916,139.919998169,2.5280258790450816,0,1.4031386875758889,-1.4432394490594413,6.461351022062889,0.8791871469289836,-4.406806526431772,2.6025927968687856,3.0,1.0,0.39019784652112155,4.757004251380237,6.461351022062889,10.027714478136096
ALGT,2020-10-28,stress,True,True,D-1,127.190002441,123.900001526,139.919998169,137.770004272,10.008644927815835,1,-1.4432394490594413,6.461351022062889,0.8791871469289836,-4.406806526431772,-2.735094016056694,-1.5845892813672324,2.0,2.0,0.11468224977841913,7.702776445055881,6.461351022062889,13.482721262947727
ALGT,2020-10-29,stress,True,True,D-1,131.529998779,137.570007324,137.770004272,136.910003662,4.74416904959043,1,6.461351022062889,0.8791871469289836,-4.406806526431772,-2.735094016056694,-6.342121238045218,-6.47644510769455,2.0,3.0,0.19948319972111694,14.995959623213606,6.461351022062889,15.365103297691963
ALGT,2020-10-30,stress,True,True,D-1,134.63999939,134.759994507,136.910003662,135.63999939,1.6859806018155732,0,0.8791871469289836,-4.406806526431772,-2.735094016056694,-6.342121238045218,11.03309574627518,-2.4602851157001893,2.0,4.0,0.788453744180748,3.569083479392554,11.03309574627518,0.8791871469289836
ALGT,2020-11-02,stress,True,True,D-1,136.910003662,131.380004883,135.63999939,136.910003662,0.0,0,-4.406806526431772,-2.735094016056694,-6.342121238045218,11.03309574627518,-2.0426057042956747,-5.285355873302089,1.0,4.0,0.6968059165462225,5.001488399919696,11.03309574627518,0.0
ALGT,2020-11-03,stress,True,True,D-1,133.380004883,133.669998169,136.910003662,139.380004883,4.4984253863711965,1,-2.735094016056694,-6.342121238045218,11.03309574627518,-2.0426057042956747,-2.508155062164552,-3.4041539673481114,1.0,2.0,0.5864410336605803,6.500222993297378,11.03309574627518,15.532624794363048
ALGT,2020-11-04,stress,True,True,D-1,132.36000061,132.5,139.380004883,139.470001221,5.371713945476397,1,-6.342121238045218,11.03309574627518,-2.0426057042956747,-2.508155062164552,1.743030294479997,1.0431664925831141,2.0,3.0,0.6973365841096548,4.675693937017988,11.03309574627518,11.841938416525789
ALGT,2020-11-05,stress,True,True,D-1,133.350006104,138.940002441,139.470001221,174.990005493,31.226094850363097,1,11.03309574627518,-2.0426057042956747,-2.508155062164552,1.743030294479997,-0.8752885352184658,6.94108020022528,2.0,4.0,0.46541789355208624,5.5999986181132,11.03309574627518,11.03309574627518
ALGT,2020-11-06,stress,True,True,D-1,138.990005493,137.970001221,174.990005493,158.270004272,25.901142943557254,1,-2.0426057042956747,-2.508155062164552,1.743030294479997,-0.8752885352184658,4.860379200754705,0.9958530523106246,2.0,0.0,0.9560437549726953,0.3166852125159991,4.860379200754705,1.743030294479997
ALGT,2020-11-09,stress,True,True,D-1,160.0,153.149993896,158.270004272,155.729995728,-1.0812473300000014,0,-2.508155062164552,1.743030294479997,-0.8752885352184658,4.860379200754705,-0.6981439491566932,2.3820175458921344,2.0,0.0,0.8514852382707033,1.0871928583934043,4.860379200754705,1.743030294479997
ALGT,2020-11-10,stress,True,True,D-1,152.979995728,153.940002441,155.729995728,151.720001221,1.7976206541994832,0,1.743030294479997,-0.8752885352184658,4.860379200754705,-0.6981439491566932,11.002386417816101,16.570245245756542,3.0,0.0,0.5021653423417464,14.260537033929598,11.002386417816101,4.860379200754705
ALGT,2020-11-11,stress,True,True,D-1,153.699996948,150.699996948,151.720001221,155.490005493,1.1646119587143566,0,-0.8752885352184658,4.860379200754705,-0.6981439491566932,11.002386417816101,0.5158397495833134,15.164213772467082,3.0,1.0,0.5187471328651574,13.674160528916302,11.002386417816101,4.860379200754705
ALGT,2020-11-12,stress,True,True,D-1,147.330001831,145.86000061,155.490005493,165.740005493,12.49576015285594,1,4.860379200754705,-0.6981439491566932,11.002386417816101,0.5158397495833134,-2.104719658064036,13.735846753207559,3.0,2.0,0.4166664528958504,16.118121457813594,11.002386417816101,12.602123306910418
ALGT,2020-11-13,stress,True,True,D-1,148.0,154.720001221,165.740005493,162.240005493,11.986490197972977,1,-0.6981439491566932,11.002386417816101,0.5158397495833134,-2.104719658064036,-3.211676467166813,4.980565745951049,2.0,3.0,0.25990842399532127,19.971208529532202,11.002386417816101,16.25118575708907
ALGT,2020-11-16,stress,True,True,D-1,160.0,162.11000061,162.240005493,164.0,2.499999999999991,0,11.002386417816101,0.5158397495833134,-2.104719658064036,-3.211676467166813,6.074318232515186,12.140320252059645,3.0,4.0,0.38835230399164905,13.101088490198887,11.002386417816101,11.002386417816101
ALGT,2020-11-17,stress,True,True,D-1,159.0,159.520004272,164.0,159.960006714,3.1446540880503138,1,0.5158397495833134,-2.104719658064036,-3.211676467166813,6.074318232515186,4.776369784566015,5.850478009215254,3.0,0.0,0.8480533706220421,2.239223286250547,6.074318232515186,0.5158397495833134
ALGT,2020-11-18,stress,True,True,D-1,162.009994507,156.820007324,159.960006714,160.289993286,-1.061663649970479,0,-2.104719658064036,-3.211676467166813,6.074318232515186,4.776369784566015,-1.5976783222837243,3.6247900107307274,2.0,1.0,0.7396399589753037,3.899198253777758,6.074318232515186,6.074318232515186
ALGT,2020-11-19,stress,True,True,D-1,157.419998169,158.320007324,160.289993286,165.63999939,5.2217007474332,1,-3.211676467166813,6.074318232515186,4.776369784566015,-1.5976783222837243,-1.6925757746321324,4.06105540805799,2.0,2.0,0.6266220846741766,5.6880485603924,6.074318232515186,9.33753041319152
ALGT,2020-11-20,stress,True,True,D-1,160.289993286,154.940002441,165.63999939,171.919998169,7.255602576668019,1,6.074318232515186,4.776369784566015,-1.5976783222837243,-1.6925757746321324,0.9565106044797655,8.542442521521387,3.0,3.0,0.6424097267951796,4.686709086499152,6.074318232515186,6.826573069440767
ALGT,2020-11-23,stress,True,True,D-1,155.38999939,165.080001831,171.919998169,173.470001221,11.635241586958589,1,4.776369784566015,-1.5976783222837243,-1.6925757746321324,0.9565106044797655,-2.134919610054631,0.1421931348654537,2.0,4.0,0.1496068762794371,6.970442030367585,4.776369784566015,5.975199522608166
ALGT,2020-11-24,stress,True,True,D-1,168.0,171.25,173.470001221,178.259994507,6.107139587499999,1,-1.5976783222837243,-1.6925757746321324,0.9565106044797655,-2.134919610054631,6.544468329837061,1.8320900683636232,2.0,0.0,0.9555557708164735,0.3392279820624733,6.544468329837061,0.9565106044797655
ALGT,2020-11-25,stress,True,True,D-1,170.990005493,172.369995117,178.259994507,178.899993896,4.62599458968016,1,-1.6925757746321324,0.9565106044797655,-2.134919610054631,6.544468329837061,3.7375806279167145,7.353307054831193,3.0,0.0,0.9645128180235124,0.39123980671531555,6.544468329837061,0.9565106044797655
ALGT,2020-11-27,stress,True,True,D-1,171.699996948,177.690002441,178.899993896,174.190002441,4.193358809540659,1,0.9565106044797655,-2.134919610054631,6.544468329837061,3.7375806279167145,0.6540117471532936,9.915818815690237,4.0,0.0,0.9461573334920005,0.6381656524694579,6.544468329837061,6.544468329837061
ALGT,2020-11-30,stress,True,True,D-1,178.190002441,170.190002441,174.190002441,176.190002441,-1.1223974255582636,0,-2.134919610054631,6.544468329837061,3.7375806279167145,0.6540117471532936,3.0863882779534224,12.234710852027408,4.0,0.0,0.9773992054558117,0.32077891731092656,6.544468329837061,6.544468329837061
ALGT,2020-12-01,stress,True,True,D-1,173.729995728,172.589996338,176.190002441,181.990005493,4.75450985328536,1,6.544468329837061,3.7375806279167145,0.6540117471532936,3.0863882779534224,-4.220833978822358,9.842519529975547,4.0,0.0,0.6295196303522257,5.117804412758931,6.544468329837061,7.8091853558602375
ALGT,2020-12-02,stress,True,True,D-1,170.13999939,174.130004883,181.990005493,186.320007324,9.509820143417102,1,3.7375806279167145,0.6540117471532936,3.0863882779534224,-4.220833978822358,1.410185006508824,4.549306047796331,4.0,1.0,0.5070309706120376,3.65606216575991,3.7375806279167145,6.607751168149223
ALGT,2020-12-03,stress,True,True,D-1,176.009994507,180.669998169,186.320007324,181.740005493,5.85762919081847,1,0.6540117471532936,3.0863882779534224,-4.220833978822358,1.410185006508824,0.8922930515532723,1.6817546762043722,4.0,2.0,0.6273442529389558,2.7393262960079934,3.0863882779534224,3.0863882779534224
ALGT,2020-12-04,stress,True,True,D-1,183.839996338,180.630004883,181.740005493,181.63999939,-1.142292693010627,0,3.0863882779534224,-4.220833978822358,1.410185006508824,0.8922930515532723,3.7558106601985664,4.815224973677212,4.0,0.0,0.8967938669191862,0.7306178875173597,3.7558106601985664,3.0863882779534224
ALGT,2020-12-07,stress,True,True,D-1,179.679992676,179.050003052,181.63999939,184.25,2.5434146873773766,0,-4.220833978822358,1.410185006508824,0.8922930515532723,3.7558106601985664,-0.022136096975322594,1.6545682940019013,3.0,0.0,0.6676402457689727,3.150087076997865,3.7558106601985664,1.410185006508824
ALGT,2020-12-08,stress,True,True,D-1,177.740005493,180.320007324,184.25,181.059997559,3.6626501101668874,1,1.410185006508824,0.8922930515532723,3.7558106601985664,-0.022136096975322594,-0.8747172608578602,5.205946579659693,3.0,1.0,0.5723526898823533,4.0603206635459355,3.7558106601985664,4.652470389770624
ALGT,2020-12-09,stress,True,True,D-1,182.220001221,177.949996948,181.059997559,175.529998779,-0.6365951345775223,0,0.8922930515532723,3.7558106601985664,-0.022136096975322594,-0.8747172608578602,0.7093014523050112,4.478829103664594,3.0,2.0,0.6470588235294118,3.3274177885425527,3.7558106601985664,3.9274308509862466
ALGT,2020-12-10,stress,True,True,D-1,175.559997559,177.800003052,175.529998779,178.350006104,1.5892051627890647,0,3.7558106601985664,-0.022136096975322594,-0.8747172608578602,0.7093014523050112,-1.3143357806887912,2.193758661849632,2.0,3.0,0.21482105997422896,4.703574329616789,3.7558106601985664,4.370167591362939
ALGT,2020-12-11,stress,True,True,D-1,172.309997559,174.710006714,178.350006104,175.179992676,3.5053152054812298,1,-0.022136096975322594,-0.8747172608578602,0.7093014523050112,-1.3143357806887912,-0.08428991209471492,-1.5885288902894645,1.0,4.0,0.26929660410255807,4.7919033328184035,0.7093014523050112,2.106819292614348
ALGT,2020-12-14,stress,True,True,D-1,178.240005493,172.429992676,175.179992676,176.399993896,-1.0323224530377706,0,-0.8747172608578602,0.7093014523050112,-1.3143357806887912,-0.08428991209471492,-1.7379056720804864,-3.2774168238740686,1.0,2.0,0.30869629158397943,5.460473309703984,0.7093014523050112,2.5300321573169304
ALGT,2020-12-15,stress,True,True,D-1,174.979995728,174.169998169,176.399993896,176.0,0.8115202895577545,0,0.7093014523050112,-1.3143357806887912,-0.08428991209471492,-1.7379056720804864,-1.305027731887376,-3.697296991431709,1.0,3.0,0.1434779195728548,6.854960172856961,0.7093014523050112,3.729554705298177
ALGT,2020-12-16,stress,True,True,D-1,173.720001221,174.369995117,176.0,179.509994507,3.3329456857614126,1,-1.3143357806887912,-0.08428991209471492,-1.7379056720804864,-1.305027731887376,1.009108372619072,-3.410608310341079,1.0,4.0,0.269565246252671,5.787450156151008,1.009108372619072,0.3090885033757651
ALGT,2020-12-17,stress,True,True,D-1,175.149993896,176.0,179.509994507,174.869995117,2.4892953256903105,0,-0.08428991209471492,-1.7379056720804864,-1.305027731887376,1.009108372619072,0.11482858707154708,-2.011802131160556,2.0,4.0,0.3694625771214288,3.836670659714758,1.009108372619072,0.0
ALGT,2020-12-18,stress,True,True,D-1,179.509994507,175.119995117,174.869995117,177.419998169,-1.164278537103125,0,-1.7379056720804864,-1.305027731887376,1.009108372619072,0.11482858707154708,0.9347966557585075,-1.012375152475986,3.0,3.0,0.7025312176739466,1.335230740909088,1.009108372619072,1.009108372619072
ALGT,2020-12-21,stress,True,True,D-1,171.490005493,174.220001221,177.419998169,182.910003662,6.659279143510277,1,-1.305027731887376,1.009108372619072,0.11482858707154708,0.9347966557585075,-0.5000027744318181,0.2346679567537091,3.0,0.0,0.43645658875090504,2.5068521656061993,1.009108372619072,1.009108372619072
ALGT,2020-12-22,stress,True,True,D-1,175.059997559,175.160003662,182.910003662,181.619995117,4.484180402409943,1,1.009108372619072,0.11482858707154708,0.9347966557585075,-0.5000027744318181,-0.5139298315984475,1.0381074181006644,3.0,1.0,0.42686936788579943,3.0363868952621553,1.009108372619072,2.020471315232719
ALGT,2020-12-23,stress,True,True,D-1,175.509994507,179.38999939,181.619995117,184.710006714,5.241873679526021,1,0.11482858707154708,0.9347966557585075,-0.5000027744318181,-0.5139298315984475,0.539549095633185,0.568413333758766,3.0,2.0,0.528711499637653,2.4834384300390866,0.9347966557585075,0.9347966557585075
ALGT,2020-12-24,stress,True,True,D-1,181.059997559,179.229995728,184.710006714,182.619995117,2.0159114129064237,0,0.9347966557585075,-0.5000027744318181,-0.5139298315984475,0.539549095633185,2.414932427246619,2.8789381278766735,3.0,0.0,0.72129826515444,1.9622076392047827,2.414932427246619,0.9347966557585075
ALGT,2020-12-28,stress,True,True,D-1,182.0,180.910003662,182.619995117,186.970001221,2.7307699016483555,0,-0.5000027744318181,-0.5139298315984475,0.539549095633185,2.414932427246619,-0.089193189444281,1.8352248454545528,2.0,1.0,0.70862972990982,2.053232171909891,2.414932427246619,0.539549095633185
ALGT,2020-12-29,stress,True,True,D-1,181.949996948,181.199996948,186.970001221,190.509994507,4.704587910186309,1,-0.5139298315984475,0.539549095633185,2.414932427246619,-0.089193189444281,0.9373475277818955,3.3063092202187505,3.0,0.0,0.7366596699657327,2.1004936018351295,2.414932427246619,2.414932427246619
ALGT,2020-12-30,stress,True,True,D-1,182.279998779,185.990005493,190.509994507,190.679992676,4.608291613598436,1,0.539549095633185,2.414932427246619,-0.089193189444281,0.9373475277818955,0.16029698752413335,4.006426172702082,4.0,1.0,0.6817764914978797,1.9370915149669043,2.414932427246619,2.414932427246619
ALGT,2020-12-31,stress,True,True,D-1,185.61000061,189.240005493,190.679992676,181.63999939,2.731529577790903,0,2.414932427246619,-0.089193189444281,0.9373475277818955,0.16029698752413335,2.6434926190283647,6.182919390603736,4.0,0.0,0.9144855886687417,0.526907736468063,2.6434926190283647,2.414932427246619
ALGT,2021-01-04,stress,True,True,D-1,188.770004272,174.740005493,181.63999939,190.199996948,0.7575317283669225,0,-0.089193189444281,0.9373475277818955,0.16029698752413335,2.6434926190283647,1.7474057228964002,5.490833455874955,4.0,0.0,0.902980185692396,0.6710996497233612,2.6434926190283647,0.9373475277818955
ALGT,2021-01-05,stress,True,True,D-1,172.910003662,179.759994507,190.199996948,192.429992676,11.289103348905805,1,0.9373475277818955,0.16029698752413335,2.6434926190283647,1.7474057228964002,-7.662227636394969,-2.505155577760554,4.0,0.0,0.0534447357906557,9.122116677304648,2.6434926190283647,8.692204736746657
ALGT,2021-01-06,stress,True,True,D-1,181.690002441,188.520004272,192.429992676,189.970001221,5.91116191904264,1,0.16029698752413335,2.6434926190283647,1.7474057228964002,-7.662227636394969,2.8728332701128734,-0.6356802452719079,4.0,1.0,0.38548087112508883,6.074765522188974,2.8728332701128734,7.653010010080596
ALGT,2021-01-07,stress,True,True,D-1,188.940002441,190.529998779,189.970001221,189.470001221,0.5451459546379711,0,2.6434926190283647,1.7474057228964002,-7.662227636394969,2.8728332701128734,4.873169800113053,4.039739209322746,4.0,2.0,0.878447397896629,1.1457608503358419,4.873169800113053,2.6434926190283647
ALGT,2021-01-08,stress,True,True,D-1,189.11000061,186.919998169,189.470001221,189.570007324,0.2432482219428822,0,1.7474057228964002,-7.662227636394969,2.8728332701128734,4.873169800113053,1.0661969347825595,2.4409877691900395,4.0,0.0,0.9026641922986074,0.9972150890547482,4.873169800113053,2.8728332701128734
ALGT,2021-01-11,stress,True,True,D-1,186.339996338,185.690002441,189.570007324,187.800003052,1.733396506105489,0,-7.662227636394969,2.8728332701128734,4.873169800113053,1.0661969347825595,-1.8947150753868103,-1.2259602920408064,3.0,1.0,0.7177255323736006,2.947782238911789,4.873169800113053,5.721889334773933
ALGT,2021-01-12,stress,True,True,D-1,187.229995728,187.399993896,187.800003052,197.130004883,5.287619174751423,1,2.8728332701128734,4.873169800113053,1.0661969347825595,-1.8947150753868103,-0.6580332441946224,6.266451072326773,3.0,2.0,0.6547134206804108,3.629700116537804,4.873169800113053,7.413450264615673
ALGT,2021-01-13,stress,True,True,D-1,186.449996948,187.679992676,197.130004883,192.759994507,5.728081582097633,1,4.873169800113053,1.0661969347825595,-1.8947150753868103,-0.6580332441946224,0.9208850409398561,4.250111049431804,3.0,3.0,0.7114170456923951,2.684097622111703,4.873169800113053,4.873169800113053
ALGT,2021-01-14,stress,True,True,D-1,189.88999939,196.11000061,192.759994507,190.539993286,1.5113987709829413,0,1.0661969347825595,-1.8947150753868103,-0.6580332441946224,0.9208850409398561,0.14941237413026442,-0.44558220717415553,3.0,4.0,0.5343135861495164,2.530903764579806,1.0661969347825595,1.0661969347825595
ALGT,2021-01-15,stress,True,True,D-1,192.720001221,185.899993896,190.539993286,191.820007324,-0.4669955849408436,0,-1.8947150753868103,-0.6580332441946224,0.9208850409398561,0.14941237413026442,4.491692382231194,2.928673629748113,3.0,0.0,0.9315433794443186,0.5201184385433155,4.491692382231194,0.9208850409398561
ALGT,2021-01-19,stress,True,True,D-1,187.729995728,185.149993896,191.820007324,191.690002441,2.1786670692338195,0,-0.6580332441946224,0.9208850409398561,0.14941237413026442,4.491692382231194,-5.206265199246218,-0.5456902862141955,3.0,1.0,0.24630845054000963,6.040888303246805,4.491692382231194,1.869307275308163
ALGT,2021-01-20,stress,True,True,D-1,186.5,191.309997559,191.690002441,192.259994507,3.0884689045576286,1,0.9208850409398561,0.14941237413026442,4.491692382231194,-5.206265199246218,-0.40344272438200823,-0.29081185734356474,3.0,2.0,0.23155855834608166,6.470435529006413,4.491692382231194,10.080396007701019
ALGT,2021-01-21,stress,True,True,D-1,190.929992676,190.25,192.259994507,189.880004883,0.696591359146459,0,0.14941237413026442,4.491692382231194,-5.206265199246218,-0.40344272438200823,3.3270342241869644,2.0864481271914537,3.0,3.0,0.6266835795606504,3.042186711755668,4.491692382231194,4.491692382231194
ALGT,2021-01-22,stress,True,True,D-1,186.660003662,191.419998169,189.880004883,192.740005493,3.2572601048532768,1,4.491692382231194,-5.206265199246218,-0.40344272438200823,3.3270342241869644,-0.5540732698368855,1.3693560444861586,2.0,4.0,0.5586914839547699,3.616296916162942,4.491692382231194,4.491692382231194
ALGT,2021-01-25,stress,True,True,D-1,189.880004883,188.63999939,192.740005493,186.509994507,1.506214733753719,0,-5.206265199246218,-0.40344272438200823,3.3270342241869644,-0.5540732698368855,0.6149793266754244,-2.3915162033612436,2.0,4.0,0.8805707493603495,0.7000294383123551,3.3270342241869644,3.3270342241869644
ALGT,2021-01-26,stress,True,True,D-1,190.880004883,187.979995728,186.509994507,190.070007324,-0.4243490875309286,0,-0.40344272438200823,3.3270342241869644,-0.5540732698368855,0.6149793266754244,-1.4523032105274503,1.4739137084280207,2.0,1.0,0.6623139268017462,1.918996569500564,3.3270342241869644,4.173289472544384
ALGT,2021-01-27,stress,True,True,D-1,184.039993286,179.0,190.070007324,186.740005493,3.2764693859933303,1,3.3270342241869644,-0.5540732698368855,0.6149793266754244,-1.4523032105274503,-0.34987471593206365,1.5284914530375948,2.0,0.0,0.45475329038721174,2.532189527170514,3.3270342241869644,5.124130908914182
ALGT,2021-01-28,stress,True,True,D-1,183.699996948,187.820007324,186.740005493,185.550003052,1.654876753133827,0,-0.5540732698368855,0.6149793266754244,-1.4523032105274503,-0.34987471593206365,-4.777101783209803,-6.4345814207663725,1.0,1.0,0.15289738232504926,7.675980722346365,0.6149793266754244,5.725241954523508
ALGT,2021-01-29,stress,True,True,D-1,186.740005493,181.490005493,185.550003052,189.729995728,1.6011514121499149,0,0.6149793266754244,-1.4523032105274503,-0.34987471593206365,-4.777101783209803,4.927378393296089,-1.277262904599219,2.0,2.0,0.6966709125379036,2.619528259581405,4.927378393296089,0.7000885976807925
ALGT,2021-02-01,stress,True,True,D-1,183.210006714,183.919998169,189.729995728,193.61000061,5.6765425003421965,1,-1.4523032105274503,-0.34987471593206365,-4.777101783209803,4.927378393296089,-3.3702489533398716,-5.187541934481176,1.0,3.0,0.3064118894495127,6.1986884453722135,4.927378393296089,0.0
ALGT,2021-02-02,stress,True,True,D-1,187.710006714,187.699996948,193.61000061,221.25,17.867983637709006,1,-0.34987471593206365,-4.777101783209803,4.927378393296089,-3.3702489533398716,1.3389126687164632,-2.502121096407417,2.0,4.0,0.4562264697871439,4.7955673182942915,4.927378393296089,7.003839368123044
ALGT,2021-02-03,stress,True,True,D-1,188.630004883,193.36000061,221.25,221.179992676,17.293110466297733,1,-4.777101783209803,4.927378393296089,-3.3702489533398716,1.3389126687164632,2.0552407658935845,-0.14895137055176422,3.0,3.0,0.8250915245624121,1.2626587184530136,4.927378393296089,4.927378393296089
ALGT,2021-02-04,stress,True,True,D-1,199.800003052,219.380004883,221.179992676,214.690002441,10.700695344051447,1,4.927378393296089,-3.3702489533398716,1.3389126687164632,2.0552407658935845,3.015452186484602,8.022346709497196,4.0,0.0,0.9832775885594114,0.12929251096984729,4.927378393296089,4.927378393296089
ALGT,2021-02-05,stress,True,True,D-1,216.11000061,213.490005493,214.690002441,216.970001221,0.3979457723254587,0,-3.3702489533398716,1.3389126687164632,2.0552407658935845,3.015452186484602,13.456766751610338,16.8033203749999,4.0,0.0,0.9560930904487649,0.852399979659646,13.456766751610338,2.0552407658935845
ALGT,2021-02-08,stress,True,True,D-1,214.690002441,212.309997559,216.970001221,217.11000061,1.1272058044086375,0,1.3389126687164632,2.0552407658935845,3.015452186484602,13.456766751610338,-2.6848387541705265,17.63182491128099,4.0,1.0,0.8176692915397263,3.6348280047491244,13.456766751610338,3.015452186484602
ALGT,2021-02-09,stress,True,True,D-1,210.779998779,211.5,217.11000061,215.61000061,3.003132112946294,1,2.0552407658935845,3.015452186484602,13.456766751610338,-2.6848387541705265,-0.5527227990252181,15.436058978161293,3.0,2.0,0.7663355011887327,4.210824993540685,13.456766751610338,16.67948858889472
ALGT,2021-02-10,stress,True,True,D-1,210.899993896,216.289993286,215.61000061,217.160003662,2.9682361058231965,0,3.015452186484602,13.456766751610338,-2.6848387541705265,-0.5527227990252181,-0.38151644685263664,12.67981003675429,2.0,3.0,0.7112822396624895,4.6099290780141855,13.456766751610338,14.388897269104406
ALGT,2021-02-11,stress,True,True,D-1,213.38999939,215.429992676,217.160003662,217.429992676,1.8932439652977084,0,13.456766751610338,-2.6848387541705265,-0.5527227990252181,-0.38151644685263664,2.2647722392435066,11.858705318401896,2.0,4.0,0.768764222856336,2.293220614899827,13.456766751610338,13.456766751610338
ALGT,2021-02-12,stress,True,True,D-1,215.330001831,214.759994507,217.429992676,223.979995728,4.017087179420953,1,-2.6848387541705265,-0.5527227990252181,-0.38151644685263664,2.2647722392435066,-0.39761460848667385,-1.800534287118194,1.0,4.0,0.5298444800895847,2.6690805345046975,2.2647722392435066,0.0
ALGT,2021-02-16,stress,True,True,D-1,215.309997559,215.449996948,223.979995728,229.899993896,6.776274442621744,1,-0.5527227990252181,-0.38151644685263664,2.2647722392435066,-0.39761460848667385,-0.31100505583160354,0.5948704769889623,1.0,0.0,0.7076726927753375,1.1175308327370015,2.2647722392435066,2.972155302026669
ALGT,2021-02-17,stress,True,True,D-1,213.25,223.679992676,229.899993896,243.970001221,14.405627770691677,1,-0.38151644685263664,2.2647722392435066,-0.39761460848667385,-0.31100505583160354,0.3212900254462969,1.478969160709176,2.0,0.0,0.7665098201096636,0.9190047602914975,2.2647722392435066,2.2647722392435066
ALGT,2021-02-18,stress,True,True,D-1,223.0,229.479995728,243.970001221,257.0,15.246636771300448,1,2.2647722392435066,-0.39761460848667385,-0.31100505583160354,0.3212900254462969,3.8199098837705447,5.758861785342795,3.0,0.0,0.9800397154789394,0.1341215405145979,3.8199098837705447,2.2647722392435066
ALGT,2021-02-19,stress,True,True,D-1,229.690002441,242.759994507,257.0,252.75,11.889937423817587,1,-0.39761460848667385,-0.31100505583160354,0.3212900254462969,3.8199098837705447,2.5929914350458994,6.0982952755280095,3.0,0.0,0.979391639753074,0.18302169070014696,3.8199098837705447,0.3212900254462969
ALGT,2021-02-22,stress,True,True,D-1,242.380004883,247.440002441,252.75,259.989990234,7.265444754611905,1,-0.31100505583160354,0.3212900254462969,3.8199098837705447,2.5929914350458994,5.786996263822752,12.686256677408636,4.0,0.0,0.9648764347993614,0.4984374449576334,5.786996263822752,3.8199098837705447
ALGT,2021-02-23,stress,True,True,D-1,252.75,244.600006104,259.989990234,260.0,2.8684470820969254,0,0.3212900254462969,3.8199098837705447,2.5929914350458994,5.786996263822752,1.9278332673817289,15.216990486994453,5.0,0.0,0.7986520973218566,3.8635618593155785,5.786996263822752,3.8199098837705447
ALGT,2021-02-24,stress,True,True,D-1,246.470001221,256.970001221,260.0,256.369995117,5.489511385553247,1,3.8199098837705447,2.5929914350458994,5.786996263822752,1.9278332673817289,-1.1477514989425286,13.529825745616275,4.0,1.0,0.7195840444682918,5.069498604479894,5.786996263822752,5.786996263822752
ALGT,2021-02-25,stress,True,True,D-1,259.940002441,248.710006714,256.369995117,258.970001221,-0.3731635034588954,0,2.5929914350458994,5.786996263822752,1.9278332673817289,-1.1477514989425286,5.057234181646142,14.882872690907378,4.0,0.0,0.9232336224169176,1.1752301819863975,5.786996263822752,5.786996263822752
ALGT,2021-02-26,stress,True,True,D-1,249.88999939,252.190002441,258.970001221,253.580001831,3.6335995250570186,1,5.786996263822752,1.9278332673817289,-1.1477514989425286,5.057234181646142,-3.2143808490300185,8.379820177787135,3.0,0.0,0.6392973742768183,4.539420602799771,5.786996263822752,5.786996263822752
ALGT,2021-03-01,stress,True,True,D-1,257.489990234,252.190002441,253.580001831,262.309997559,1.8719202717821126,0,1.9278332673817289,-1.1477514989425286,5.057234181646142,-3.2143808490300185,1.3992182192338332,3.8844983306045133,3.0,1.0,0.637418756110934,3.0968704085829746,5.057234181646142,6.917373013917505
ALGT,2021-03-02,stress,True,True,D-1,250.869995117,252.190002441,262.309997559,252.050003052,4.560131807179513,1,-1.1477514989425286,5.057234181646142,-3.2143808490300185,1.3992182192338332,0.0,1.9196572717188776,2.0,2.0,0.637418756110934,3.0968704085829746,5.057234181646142,5.057234181646142
ALGT,2021-03-03,stress,True,True,D-1,254.63999939,250.559997559,252.050003052,247.660003662,-1.0171207760777845,0,5.057234181646142,-3.2143808490300185,1.3992182192338332,0.0,0.0,3.1030237725230725,2.0,3.0,0.5260922582807112,3.0968704085829746,5.057234181646142,5.057234181646142
ALGT,2021-03-04,stress,True,True,D-1,250.259994507,244.029998779,247.660003662,262.869995117,5.0387600442656,1,-3.2143808490300185,1.3992182192338332,0.0,0.0,-0.6463400080188864,-2.4944560188125853,1.0,0.0,0.3746671528547423,4.689495575698666,1.3992182192338332,2.0455582272527195
ALGT,2021-03-05,stress,True,True,D-1,247.660003662,244.070007324,262.869995117,260.390014648,6.141480751877149,1,1.3992182192338332,0.0,0.0,-0.6463400080188864,-2.6061617351598065,-1.8817127613130924,1.0,1.0,0.38264105360372574,7.490881806115501,1.3992182192338332,4.634875296444507
ALGT,2021-03-08,stress,True,True,D-1,249.990005493,258.170013428,260.390014648,261.959991455,4.788185807026268,1,0.0,0.0,-0.6463400080188864,-2.6061617351598065,0.01639492898419803,-3.2197926319064485,1.0,2.0,0.4477750254703454,7.473261641192419,0.01639492898419803,2.5901940845412863
ALGT,2021-03-09,stress,True,True,D-1,259.670013428,258.209991455,261.959991455,256.269989014,0.8818800433554763,0,0.0,-0.6463400080188864,-2.6061617351598065,0.01639492898419803,5.777033507145535,2.37123237603325,2.0,0.0,0.8600779338673837,1.8204986809247314,5.777033507145535,0.0
ALGT,2021-03-10,stress,True,True,D-1,257.880004883,250.979995728,256.269989014,256.299987793,-0.6126946874833727,0,-0.6463400080188864,-2.6061617351598065,0.01639492898419803,5.777033507145535,0.0154851550996149,2.3870847201440615,3.0,1.0,0.8612681104484627,1.804734059956803,5.777033507145535,0.01639492898419803
ALGT,2021-03-11,stress,True,True,D-1,254.119995117,251.130004883,256.299987793,270.290008545,6.363140932910505,1,-2.6061617351598065,0.01639492898419803,5.777033507145535,0.0154851550996149,-2.8000449116083237,0.16762379194272814,3.0,2.0,0.6460255824574487,4.737429114424629,5.777033507145535,8.562026854951664
ALGT,2021-03-12,stress,True,True,D-1,250.320007324,253.710006714,270.290008545,271.290008545,8.377277327999444,1,0.01639492898419803,5.777033507145535,0.0154851550996149,-2.8000449116083237,0.05976936710230252,2.9094808587160292,4.0,3.0,0.6504914702619761,4.674865609734513,5.777033507145535,8.518982620773807
ALGT,2021-03-15,stress,True,True,D-1,258.739990234,268.809997559,271.290008545,264.829986572,4.85043626215258,1,5.777033507145535,0.0154851550996149,-2.8000449116083237,0.05976936710230252,1.0273570584295566,3.949686196879987,4.0,4.0,0.5456352345105074,3.610416680697104,5.777033507145535,5.777033507145535
ALGT,2021-03-16,stress,True,True,D-1,271.290008545,256.970001221,264.829986572,266.070007324,-1.924140608419822,0,0.0154851550996149,-2.8000449116083237,0.05976936710230252,1.0273570584295566,5.9516733457114945,4.121309051241662,4.0,0.0,0.9463375312638148,0.550578847304628,5.9516733457114945,0.05976936710230252
ALGT,2021-03-17,stress,True,True,D-1,255.960006714,262.630004883,266.070007324,260.700012207,3.9498360465729077,1,-2.8000449116083237,0.05976936710230252,1.0273570584295566,5.9516733457114945,-4.404596720924148,-0.4802255044480397,3.0,0.0,0.49895009074256164,5.5726377615900935,5.9516733457114945,1.0273570584295566
ALGT,2021-03-18,stress,True,True,D-1,261.980010986,255.690002441,260.700012207,255.300003052,-0.4885864284769559,0,0.05976936710230252,1.0273570584295566,5.9516733457114945,-4.404596720924148,2.2025931568301127,4.641807854529456,4.0,1.0,0.6455177712163951,3.297415946764315,5.9516733457114945,8.250692255766568
ALGT,2021-03-19,stress,True,True,D-1,254.220001221,257.739990234,255.300003052,251.899993896,0.42482960656629043,0,1.0273570584295566,5.9516733457114945,-4.404596720924148,2.2025931568301127,-2.6425017374125837,1.8157916096583016,3.0,2.0,0.2560798666822359,6.101140425934193,5.9516733457114945,6.4497854887313295
ALGT,2021-03-22,stress,True,True,D-1,255.300003052,247.960006714,251.899993896,249.520004272,-1.3317701196060905,0,5.9516733457114945,-4.404596720924148,2.2025931568301127,-2.6425017374125837,0.8017473399152708,1.5884211948103744,3.0,3.0,0.44398799582193565,5.257243277885593,5.9516733457114945,7.81361393059573
ALGT,2021-03-23,stress,True,True,D-1,245.0,241.490005493,249.520004272,248.779998779,1.84489970285715,0,-4.404596720924148,2.2025931568301127,-2.6425017374125837,0.8017473399152708,-3.7945153606628312,-7.756404536413763,2.0,4.0,0.06903472071755717,9.408776092633797,2.2025931568301127,5.225783603544453
ALGT,2021-03-24,stress,True,True,D-1,247.059997559,234.699996948,248.779998779,252.850006104,2.3435637505894835,0,2.2025931568301127,-2.6425017374125837,0.8017473399152708,-3.7945153606628312,-2.6092922430279497,-6.024047808867328,2.0,3.0,0.05715401129282826,10.178475825871192,2.2025931568301127,8.50739076555461
ALGT,2021-03-25,stress,True,True,D-1,233.149993896,247.009994507,252.850006104,253.539993286,8.745442815278492,1,-2.6425017374125837,0.8017473399152708,-3.7945153606628312,-2.6092922430279497,-2.8117141043324967,-10.634736098581977,1.0,4.0,0.0003184992174883474,13.366003742620558,0.8017473399152708,6.14938784925525
ALGT,2021-03-26,stress,True,True,D-1,251.929992676,250.470001221,253.539993286,249.029998779,0.6390666680447854,0,0.8017473399152708,-3.7945153606628312,-2.6092922430279497,-2.8117141043324967,5.244992637016255,-3.3947388834660863,2.0,4.0,0.5481845073661213,5.542293026370659,5.244992637016255,0.8017473399152708
ALGT,2021-03-29,stress,True,True,D-1,250.440002441,241.199996948,249.029998779,247.350006104,-0.5630105607158931,0,-3.7945153606628312,-2.6092922430279497,-2.8117141043324967,5.244992637016255,1.4007557552097039,-2.8206678390883977,2.0,4.0,0.8060240941784492,1.928375377272551,5.244992637016255,0.0
ALGT,2021-03-30,stress,True,True,D-1,243.470001221,247.580001831,247.350006104,248.440002441,2.041319749897519,0,-2.6092922430279497,-2.8117141043324967,5.244992637016255,1.4007557552097039,-3.7010437289137332,-2.726250033456834,2.0,0.0,0.4667244311452854,5.116084781982955,5.244992637016255,7.597123193755861
ALGT,2021-03-31,stress,True,True,D-1,245.699996948,244.059997559,248.440002441,254.0,3.3781046622302524,1,-2.8117141043324967,5.244992637016255,1.4007557552097039,-3.7010437289137332,2.6451098522921823,2.5218419808171078,3.0,1.0,0.7424377004272688,2.407299220826542,5.244992637016255,6.3988231859489435
ALGT,2021-04-01,stress,True,True,D-1,245.539993286,244.75,254.0,255.759994507,4.162255233548029,1,5.244992637016255,1.4007557552097039,-3.7010437289137332,2.6451098522921823,-1.421764377561796,3.9880701886305436,3.0,2.0,0.5903199664258939,3.884289036226951,5.244992637016255,5.244992637016255
ALGT,2021-04-05,stress,True,True,D-1,248.779998779,250.11000061,255.759994507,253.820007324,2.805690072456568,0,1.4007557552097039,-3.7010437289137332,2.6451098522921823,-1.421764377561796,0.2827183675740086,-0.9149405114196485,3.0,3.0,0.4692032257122147,3.5914170729315575,2.6451098522921823,3.7881754513189536
ALGT,2021-04-06,stress,True,True,D-1,248.690002441,251.929992676,253.820007324,253.63999939,2.062811063028991,0,-3.7010437289137332,2.6451098522921823,-1.421764377561796,0.2827183675740086,2.1899900347293055,-0.1437300312392975,3.0,0.0,0.7714454516089904,1.5553154134231306,2.6451098522921823,2.6451098522921823
ALGT,2021-04-07,stress,True,True,D-1,252.490005493,250.529998779,253.63999939,253.589996338,0.4554611556820243,0,2.6451098522921823,-1.421764377561796,0.2827183675740086,2.1899900347293055,0.727676646899833,4.448588666571696,4.0,0.0,0.7476940922998387,1.5202643362617119,2.6451098522921823,2.6451098522921823
ALGT,2021-04-08,stress,True,True,D-1,250.199996948,251.009994507,253.589996338,254.089996338,1.5547559702042912,0,-1.421764377561796,0.2827183675740086,2.1899900347293055,0.727676646899833,-0.5557075130790401,1.1915328080551957,3.0,1.0,0.6554678358792125,2.08757264738324,2.1899900347293055,2.1899900347293055
ALGT,2021-04-09,stress,True,True,D-1,250.009994507,252.820007324,254.089996338,248.899993896,1.631935490837244,0,0.2827183675740086,2.1899900347293055,0.727676646899833,-0.5557075130790401,0.19159211684800503,2.8476591893433323,4.0,2.0,0.686261546143959,1.892354927671036,2.1899900347293055,2.5551701227481294
ALGT,2021-04-12,stress,True,True,D-1,254.089996338,249.300003052,248.899993896,254.970001221,0.34633590290165106,0,2.1899900347293055,0.727676646899833,-0.5557075130790401,0.19159211684800503,0.7210919312416131,3.297245076200195,4.0,3.0,0.7694127699607843,1.1628775800295976,2.1899900347293055,2.1899900347293055
ALGT,2021-04-13,stress,True,True,D-1,247.270004272,248.309997559,254.970001221,252.350006104,3.1140036462044662,1,0.727676646899833,-0.5557075130790401,0.19159211684800503,0.7210919312416131,-1.3922965627830797,-0.32385652553854616,3.0,4.0,0.49333400352941226,2.591252056123139,0.727676646899833,1.4089210166144839
ALGT,2021-04-14,stress,True,True,D-1,251.820007324,248.75,252.350006104,249.809997559,0.2104673038620275,0,-0.5557075130790401,0.19159211684800503,0.7210919312416131,-1.3922965627830797,-0.3971141118652488,-1.4369051808990396,2.0,1.0,0.6197368460813726,2.3277350230840543,0.7210919312416131,2.5049735997601186
ALGT,2021-04-15,stress,True,True,D-1,252.350006104,249.25,249.809997559,245.059997559,-1.006541899568325,0,0.19159211684800503,0.7210919312416131,-1.3922965627830797,-0.3971141118652488,0.17719884230413818,-0.710493269339052,3.0,0.0,0.6131840477151748,2.500503003417087,0.7210919312416131,0.9417108824115727
ALGT,2021-04-16,stress,True,True,D-1,249.399993896,244.080001831,245.059997559,240.949996948,-1.740174997281585,0,0.7210919312416131,-1.3922965627830797,-0.3971141118652488,0.17719884230413818,0.20100502512563345,-0.7011651111569206,3.0,1.0,0.6442785715376826,2.2948851438314932,0.7210919312416131,0.7210919312416131
ALGT,2021-04-19,stress,True,True,D-1,243.839996338,243.410003662,240.949996948,239.479995728,-1.1852031797088824,0,-1.3922965627830797,-0.3971141118652488,0.17719884230413818,0.20100502512563345,-2.0742219334002,-3.457007056328132,2.0,2.0,0.32276130908109707,4.4616516340163725,0.20100502512563345,2.0545850408971056
ALGT,2021-04-20,stress,True,True,D-1,240.949996948,231.470001221,239.479995728,242.979995728,0.8424979480029293,0,-0.3971141118652488,0.17719884230413818,0.20100502512563345,-2.0742219334002,-0.2744994116576138,-2.3626150492952136,2.0,3.0,0.2810947610270829,4.749187537523003,0.20100502512563345,2.5440326431797944
ALGT,2021-04-21,stress,True,True,D-1,230.309997559,239.449996948,242.979995728,243.369995117,5.67061686267194,1,0.17719884230413818,0.20100502512563345,-2.0742219334002,-0.2744994116576138,-4.9053047374256415,-6.781843865951764,2.0,4.0,0.1312385453404789,10.152503510622513,0.20100502512563345,5.3673441415646455
ALGT,2021-04-22,stress,True,True,D-1,240.929992676,232.729995728,243.369995117,245.990005493,2.1002004610545244,0,0.20100502512563345,-2.0742219334002,-0.2744994116576138,-4.9053047374256415,3.4475291333242675,-3.7386946942713495,2.0,4.0,0.47196050077746377,5.387349893682147,3.4475291333242675,1.827892439128087
ALGT,2021-04-23,stress,True,True,D-1,235.0,240.809997559,245.990005493,242.089996338,4.676598082127659,1,-2.0742219334002,-0.2744994116576138,-4.9053047374256415,3.4475291333242675,-2.8064319505751945,-6.627885364894681,1.0,4.0,0.2197349334416773,7.338977417832293,3.4475291333242675,0.0
ALGT,2021-04-26,stress,True,True,D-1,244.009994507,240.589996338,242.089996338,240.940002441,-0.7868522651619969,0,-0.2744994116576138,-4.9053047374256415,3.4475291333242675,-2.8064319505751945,3.471835164919357,-1.3397264206283177,2.0,4.0,0.7520419981765241,1.76487689177387,3.471835164919357,3.4475291333242675
ALGT,2021-04-27,stress,True,True,D-1,242.089996338,239.38999939,240.940002441,237.059997559,-0.4750274337624427,0,-4.9053047374256415,3.4475291333242675,-2.8064319505751945,3.471835164919357,-0.09135884025999186,-1.1585420819087977,2.0,0.0,0.7011617616873957,2.2444861537026073,3.471835164919357,3.4475291333242675
ALGT,2021-04-28,stress,True,True,D-1,238.520004272,235.070007324,237.059997559,238.0,-0.2180128553943006,0,3.4475291333242675,-2.8064319505751945,3.471835164919357,-0.09135884025999186,-0.4987725866682058,3.4216089027615526,2.0,1.0,0.6269075640315797,2.7570099502141954,3.471835164919357,4.061510918996836
ALGT,2021-04-29,stress,True,True,D-1,235.830001831,235.529998779,238.0,238.210006714,1.0092036062084864,0,-2.8064319505751945,3.471835164919357,-0.09135884025999186,-0.4987725866682058,-1.8045833480964002,-1.8291875881506936,1.0,2.0,0.24793423166838532,4.645423843437779,3.471835164919357,5.766190332640075
ALGT,2021-04-30,stress,True,True,D-1,233.240005493,235.729995728,238.210006714,234.100006104,2.1308528142480965,0,3.471835164919357,-0.09135884025999186,-0.4987725866682058,-1.8045833480964002,0.19568275010346525,1.2031122340897094,2.0,3.0,0.19414500301409976,4.4410507231457785,3.471835164919357,5.084267021235755
ALGT,2021-05-03,stress,True,True,D-1,238.210006714,235.669998169,234.100006104,244.419998169,2.6069397926073767,0,-0.09135884025999186,-0.4987725866682058,-1.8045833480964002,0.19568275010346525,0.08491357790378906,-2.1095477274590158,2.0,4.0,0.20955307541216692,4.352441331581169,0.19568275010346525,0.0
ALGT,2021-05-04,stress,True,True,D-1,234.100006104,230.36000061,244.419998169,221.0,4.408368985866362,1,-0.4987725866682058,-1.8045833480964002,0.19568275010346525,0.08491357790378906,-0.0254518135525017,-2.0449720453413978,2.0,4.0,0.4262737472778822,2.7241474175241365,0.19568275010346525,0.19568275010346525
ALGT,2021-05-05,stress,True,True,D-1,243.990005493,234.0,221.0,226.0,-7.373255087498299,0,-1.8045833480964002,0.19568275010346525,0.08491357790378906,-0.0254518135525017,-2.2531495736645257,-3.7720868887630044,2.0,4.0,0.24804574813880081,4.592812034634419,0.19568275010346525,2.4737106698919376
ALGT,2021-05-06,stress,True,True,D-1,216.990005493,221.0,226.0,226.0,4.152262444774513,1,0.19568275010346525,0.08491357790378906,-0.0254518135525017,-2.2531495736645257,1.580135171193442,-0.45518666382869943,3.0,0.0,0.4062680138501437,4.452990670512813,1.580135171193442,0.9042999614476188
ALGT,2021-05-07,stress,True,True,D-1,222.919998169,224.740005493,226.0,225.0,1.3816624153500046,0,0.08491357790378906,-0.0254518135525017,-2.2531495736645257,1.580135171193442,-5.555555555555558,-6.169065025399867,2.0,1.0,0.16386994780926872,10.597284239366523,1.580135171193442,4.148119249554439
ALGT,2021-05-10,stress,True,True,D-1,223.779998779,219.490005493,225.0,224.940002441,0.5451788487159881,0,-0.0254518135525017,-2.2531495736645257,1.580135171193442,-5.555555555555558,1.6923101778280492,-4.662109376899548,2.0,2.0,0.2973939116238759,8.75678214603095,1.6923101778280492,5.537397781022502
ALGT,2021-05-11,stress,True,True,D-1,216.190002441,224.130004883,224.940002441,223.990005493,4.047365697397565,1,-2.2531495736645257,1.580135171193442,-5.555555555555558,1.6923101778280492,-2.3360326918580254,-6.865529257736592,2.0,3.0,0.1099608152450826,11.35814481393098,1.6923101778280492,2.263390604225113
ALGT,2021-05-12,stress,True,True,D-1,221.419998169,214.210006714,223.990005493,235.080001831,6.169272773443857,1,1.580135171193442,-5.555555555555558,1.6923101778280492,-2.3360326918580254,2.1139911949876744,-2.704460718224855,3.0,4.0,0.3840318220272714,9.052778674855144,2.1139911949876744,1.9637352001163122
ALGT,2021-05-13,stress,True,True,D-1,216.520004272,222.830001831,235.080001831,230.470001221,8.57195510475064,1,-5.555555555555558,1.6923101778280492,-2.3360326918580254,2.1139911949876744,-4.426001852888206,-8.45726208803419,2.0,3.0,0.18801723021972383,5.503941420319025,2.1139911949876744,4.097886125188621
ALGT,2021-05-14,stress,True,True,D-1,226.61000061,229.199996948,230.470001221,231.0,1.9372487437371744,0,1.6923101778280492,-2.3360326918580254,2.1139911949876744,-4.426001852888206,4.024086105607982,0.8280551271493186,3.0,4.0,0.7816806311060845,1.4226083305443726,4.024086105607982,2.6940130678639207
ALGT,2021-05-17,stress,True,True,D-1,226.190002441,229.330001831,231.0,223.100006104,2.1265296905660813,0,-2.3360326918580254,2.1139911949876744,-4.426001852888206,4.024086105607982,2.8586792912343784,1.9845115893880827,3.0,0.0,0.7508473151516456,2.5654471907929466,4.024086105607982,2.1139911949876744
ALGT,2021-05-18,stress,True,True,D-1,230.0,222.419998169,223.100006104,221.820007324,-2.999997346086958,0,2.1139911949876744,-4.426001852888206,4.024086105607982,2.8586792912343784,0.056721153896655,4.4831181792985175,4.0,1.0,0.7563559952101424,2.5073038652122515,4.024086105607982,4.024086105607982
ALGT,2021-05-19,stress,True,True,D-1,218.130004883,221.119995117,221.820007324,221.949996948,1.751245578089522,0,-4.426001852888206,4.024086105607982,2.8586792912343784,0.056721153896655,-3.013126763541474,-0.762953052578863,3.0,2.0,0.42006401282010014,5.691935871872733,4.024086105607982,6.982200795521454
ALGT,2021-05-20,stress,True,True,D-1,220.830001831,218.830001831,221.949996948,224.789993286,1.7932307305012607,0,4.024086105607982,2.8586792912343784,0.056721153896655,-3.013126763541474,-0.5844811899567648,3.2258009366601614,3.0,3.0,0.29566087005952557,6.313317213404157,4.024086105607982,7.604082899943765
ALGT,2021-05-21,stress,True,True,D-1,220.0,216.720001221,224.789993286,227.910003662,3.5954562100000143,1,2.8586792912343784,0.056721153896655,-3.013126763541474,-0.5844811899567648,-1.035633744830855,-1.7950904129299894,2.0,4.0,0.18546353453808082,7.425855624929212,2.8586792912343784,4.4727411415866225
ALGT,2021-05-24,stress,True,True,D-1,218.210006714,221.690002441,227.910003662,225.449996948,4.445257618599241,1,0.056721153896655,-3.013126763541474,-0.5844811899567648,-1.035633744830855,-0.9642190706690923,-5.445024386205133,1.0,3.0,0.19276445401141604,6.589146686298686,0.056721153896655,2.0465881913266593
ALGT,2021-05-25,stress,True,True,D-1,224.089996338,219.910003662,225.449996948,227.5,1.5217116862533242,0,-3.013126763541474,-0.5844811899567648,-1.035633744830855,-0.9642190706690923,2.293282203764768,-3.331443478394136,1.0,4.0,0.4737141732992475,4.199556793941461,2.293282203764768,0.0
ALGT,2021-05-26,stress,True,True,D-1,220.679992676,224.960006714,227.5,227.5,3.090451128486782,1,-0.5844811899567648,-1.035633744830855,-0.9642190706690923,2.293282203764768,-0.802922440976428,-1.1284931785193297,1.0,0.0,0.45205502356905414,3.6378517879049888,2.293282203764768,0.0
ALGT,2021-05-27,stress,True,True,D-1,227.5,225.220001221,227.5,230.009994507,1.1032942887912123,0,-1.035633744830855,-0.9642190706690923,2.293282203764768,-0.802922440976428,2.2963953289554695,1.736618886486574,2.0,1.0,0.7979454989820968,1.3113428431527518,2.2963953289554695,2.293282203764768
ALGT,2021-05-28,stress,True,True,D-1,226.0,221.460006714,230.009994507,230.649993896,2.0575194230088467,0,-0.9642190706690923,2.293282203764768,-0.802922440976428,2.2963953289554695,0.11557365720145096,2.9200746408323486,3.0,2.0,0.8157533344833823,1.1943887871487924,2.2963953289554695,2.293282203764768
ALGT,2021-06-01,stress,True,True,D-1,225.350006104,228.220001221,230.649993896,219.770004272,2.3518915679789476,0,2.293282203764768,-0.802922440976428,2.2963953289554695,0.11557365720145096,-1.6694762839071453,2.187156453624417,3.0,3.0,0.43071527752518296,2.9124883737268847,2.2963953289554695,3.852227430458599
ALGT,2021-06-02,stress,True,True,D-1,230.309997559,221.649993896,219.770004272,218.820007324,-4.576437583565996,0,-0.802922440976428,2.2963953289554695,0.11557365720145096,-1.6694762839071453,3.052467399104719,2.945554020523722,3.0,0.0,0.8375685054017784,0.7843279626778443,3.052467399104719,2.2963953289554695
ALGT,2021-06-03,stress,True,True,D-1,219.740005493,216.020004272,218.820007324,218.539993286,-0.4186757740976432,0,2.2963953289554695,0.11557365720145096,-1.6694762839071453,3.052467399104719,-2.8788043509989425,0.7912283229617678,3.0,0.0,0.15651344467972222,4.06045578517944,3.052467399104719,2.2963953289554695
ALGT,2021-06-04,stress,True,True,D-1,216.210006714,217.149993896,218.539993286,220.710006714,2.0813097730266295,0,0.11557365720145096,-1.6694762839071453,3.052467399104719,-2.8788043509989425,-2.540035993252343,-3.974040796222844,2.0,1.0,0.15384642538605578,6.77251612567269,3.052467399104719,8.39818507666531
ALGT,2021-06-07,stress,True,True,D-1,217.869995117,215.919998169,220.710006714,221.289993286,1.5697426197505582,0,-1.6694762839071453,3.052467399104719,-2.8788043509989425,-2.540035993252343,0.5230948993858897,-3.583166362334389,2.0,2.0,0.2192015475835287,6.216900934598035,3.052467399104719,5.082695291694439
ALGT,2021-06-08,stress,True,True,D-1,217.11000061,218.190002441,221.289993286,217.0,1.9252879481625795,0,3.052467399104719,-2.8788043509989425,-2.540035993252343,0.5230948993858897,-0.5664267840546633,-2.5015842034876057,2.0,3.0,0.14806238016719644,6.821969179284126,3.052467399104719,3.0987622333896403
ALGT,2021-06-09,stress,True,True,D-1,219.830001831,214.539993286,217.0,213.300003052,-1.287359235513108,0,-2.8788043509989425,-2.540035993252343,0.5230948993858897,-0.5664267840546633,1.0513172893894085,-4.394881573191878,2.0,4.0,0.27935244109729823,5.710615204914937,1.0513172893894085,0.5230948993858897
ALGT,2021-06-10,stress,True,True,D-1,216.080001831,206.869995117,213.300003052,211.75,-1.2865599571654451,0,-2.540035993252343,0.5230948993858897,-0.5664267840546633,1.0513172893894085,-1.6728581118133357,-3.207760345500432,2.0,0.0,0.14880123150318156,3.1462665289644587,1.0513172893894085,1.1622227683662611
ALGT,2021-06-11,stress,True,True,D-1,206.770004272,211.029998779,211.75,207.419998169,2.4084710669391773,0,0.5230948993858897,-0.5664267840546633,1.0513172893894085,-1.6728581118133357,-3.575090150569382,-4.235723069183361,2.0,1.0,0.044400154512482574,6.970560501461054,1.0513172893894085,6.239459366183686
ALGT,2021-06-14,stress,True,True,D-1,211.160003662,207.300003052,207.419998169,205.820007324,-1.7711713525950579,0,-0.5664267840546633,1.0513172893894085,-1.6728581118133357,-3.575090150569382,2.010926553001191,-2.8183261750083455,2.0,2.0,0.32007972187753136,4.861865406038657,2.010926553001191,2.6873733240891373
ALGT,2021-06-15,stress,True,True,D-1,207.029998779,202.5,205.820007324,205.029998779,-0.5844522350075709,0,1.0513172893894085,-1.6728581118133357,-3.575090150569382,2.010926553001191,-1.7675191909119259,-3.9922171128647155,2.0,3.0,0.12178300903570399,6.748668609759112,2.010926553001191,1.0513172893894085
ALGT,2021-06-16,stress,True,True,D-1,202.13999939,202.520004272,205.029998779,200.479995728,1.429701888652013,0,-1.6728581118133357,-3.575090150569382,2.010926553001191,-1.7675191909119259,-2.315486242803355,-7.190981376537941,1.0,4.0,0.07392806783405853,9.279009030123465,2.010926553001191,6.053005323011995
ALGT,2021-06-17,stress,True,True,D-1,203.38999939,200.61000061,200.479995728,203.380004883,-0.004913961861441329,0,-3.575090150569382,2.010926553001191,-1.7675191909119259,-2.315486242803355,0.009878652839501179,-5.6026798686323875,2.0,4.0,0.1596053790965861,7.149908859646414,2.010926553001191,4.316762881812519
ALGT,2021-06-18,stress,True,True,D-1,198.210006714,194.850006104,203.380004883,202.720001221,2.6083436728095544,0,2.010926553001191,-1.7675191909119259,-2.315486242803355,0.009878652839501179,-0.9431185175340584,-3.0260524265297795,2.0,4.0,0.18392283271173643,6.325707792938129,2.010926553001191,2.944259585099962
ALGT,2021-06-21,stress,True,True,D-1,196.36000061,202.979995728,202.720001221,201.75,3.238949170524763,1,-1.7675191909119259,-2.315486242803355,0.009878652839501179,-0.9431185175340584,-2.87123996235753,-7.667152901775087,1.0,4.0,0.10058542125228867,8.673335061113496,0.009878652839501179,3.797157936963258
ALGT,2021-06-22,stress,True,True,D-1,202.720001221,199.649993896,201.75,199.86000061,-0.4784931013997573,0,-2.315486242803355,0.009878652839501179,-0.9431185175340584,-2.87123996235753,4.172434882891762,-2.0839398265307008,2.0,4.0,0.6929457078299504,2.1874088749857634,4.172434882891762,0.009878652839501179
ALGT,2021-06-23,stress,True,True,D-1,200.36000061,198.059997559,199.86000061,197.330001831,-0.2495508077848596,0,0.009878652839501179,-0.9431185175340584,-2.87123996235753,4.172434882891762,-1.640556656855141,-1.4074104217283945,2.0,4.0,0.5202167079835012,3.0904150346300563,4.172434882891762,0.009878652839501179
ALGT,2021-06-24,stress,True,True,D-1,199.470001221,197.539993286,197.330001831,191.86000061,-1.0728427216626923,0,-0.9431185175340584,-2.87123996235753,4.172434882891762,-1.640556656855141,-0.7963918785934165,-2.2022548977482015,1.0,4.0,0.4225347305561799,3.519136274816792,4.172434882891762,6.596318158361414
ALGT,2021-06-25,stress,True,True,D-1,197.330001831,190.270004272,191.86000061,193.550003052,-1.915572261656051,0,-2.87123996235753,4.172434882891762,-1.640556656855141,-0.7963918785934165,-0.2625488636821327,-1.5303361321294728,1.0,3.0,0.43953813596874514,2.9563692393898,4.172434882891762,5.22928470733961
ALGT,2021-06-28,stress,True,True,D-1,190.789993286,191.149993896,193.550003052,195.75,2.5997205768359066,0,4.172434882891762,-1.640556656855141,-0.7963918785934165,-0.2625488636821327,-3.680261851317601,-2.3505269122524153,1.0,4.0,0.12774439946612887,6.890208817286103,4.172434882891762,8.105583112220327
ALGT,2021-06-29,stress,True,True,D-1,191.520004272,190.5,195.75,198.820007324,3.8116138727902316,1,-1.640556656855141,-0.7963918785934165,-0.2625488636821327,-3.680261851317601,0.4624951932738819,-5.828161435106438,1.0,4.0,0.25975664041000296,6.052842110628021,0.4624951932738819,3.2347876922059537
ALGT,2021-06-30,stress,True,True,D-1,191.009994507,194.0,198.820007324,200.61000061,5.025918213221137,1,-0.7963918785934165,-0.2625488636821327,-3.680261851317601,0.4624951932738819,-0.34004390099727777,-4.583017368268161,1.0,4.0,0.2326059215686986,5.905511811023612,0.4624951932738819,0.0
ALGT,2021-07-01,stress,True,True,D-1,194.970001221,197.529998779,200.61000061,195.830001831,2.892752399692,0,-0.2625488636821327,-3.680261851317601,0.4624951932738819,-0.34004390099727777,1.8372703412073532,-2.0498826663827407,2.0,4.0,0.5411120869513841,3.0206188711340065,1.8372703412073532,0.4624951932738819
ALGT,2021-07-02,stress,True,True,D-1,200.320007324,195.130004883,195.830001831,191.220001221,-2.2414163981822277,0,-3.680261851317601,0.4624951932738819,-0.34004390099727777,1.8372703412073532,1.819586999484546,-0.0050594853395202755,3.0,0.0,0.8900249499732243,0.6530696871229535,1.8372703412073532,0.4624951932738819
ALGT,2021-07-06,stress,True,True,D-1,195.830001831,191.279998779,191.220001221,191.690002441,-2.1140782062458507,0,0.4624951932738819,-0.34004390099727777,1.8372703412073532,1.819586999484546,-1.2150022329950882,2.554265255627164,3.0,0.0,0.5946750003364207,2.8083818940535465,1.8372703412073532,1.8372703412073532
ALGT,2021-07-07,stress,True,True,D-1,189.339996338,189.330001831,191.690002441,194.070007324,2.4981573241166677,0,-0.34004390099727777,1.8372703412073532,1.819586999484546,-1.2150022329950882,-1.9730466907477706,0.06801197339860732,2.0,1.0,0.15489062454127497,4.877667236802741,1.8372703412073532,5.0013467035995856
ALGT,2021-07-08,stress,True,True,D-1,184.710006714,188.699996948,194.070007324,193.460006714,5.067403102038082,1,1.8372703412073532,1.819586999484546,-1.2150022329950882,-1.9730466907477706,-1.0194463406772547,-0.6141722671916039,2.0,2.0,0.2684824825934787,5.957850668098952,1.8372703412073532,4.809649220343692
ALGT,2021-07-09,stress,True,True,D-1,192.850006104,192.529998779,193.460006714,192.669998169,0.31630831770419476,0,1.819586999484546,-1.2150022329950882,-1.9730466907477706,-1.0194463406772547,-0.3327549130656804,-2.731960336082473,1.0,3.0,0.31512339962854596,6.311607766099758,1.819586999484546,3.1683959954428076
ALGT,2021-07-12,stress,True,True,D-1,191.339996338,193.240005493,192.669998169,195.820007324,2.3413876198085104,0,-1.2150022329950882,-1.9730466907477706,-1.0194463406772547,-0.3327549130656804,2.0296777387099896,-2.5312610899137833,1.0,4.0,0.535365030771021,4.196749536302025,2.0296777387099896,0.0
ALGT,2021-07-13,stress,True,True,D-1,192.669998169,189.25,195.820007324,189.869995117,1.634924578260999,0,-1.9730466907477706,-1.0194463406772547,-0.3327549130656804,2.0296777387099896,0.36877718719303676,-0.9685847090165511,2.0,4.0,0.794607754741418,1.3403002817104603,2.0296777387099896,0.0
ALGT,2021-07-14,stress,True,True,D-1,191.830001831,186.429992676,189.869995117,191.729995728,-0.05213267061744409,0,-1.0194463406772547,-0.3327549130656804,2.0296777387099896,0.36877718719303676,-2.064792682457539,-1.0612708029894002,2.0,2.0,0.5557599435204679,2.546899510700129,2.0296777387099896,3.7333077183502206
ALGT,2021-07-15,stress,True,True,D-1,186.029998779,188.020004272,191.729995728,179.580001831,3.0640203119989717,1,-0.3327549130656804,2.0296777387099896,0.36877718719303676,-2.064792682457539,-1.4900963402906142,-1.5317219283548122,2.0,0.0,0.2547611031899214,5.036751068439438,2.0296777387099896,5.553799361262257
ALGT,2021-07-16,stress,True,True,D-1,189.910003662,182.259994507,179.580001831,189.479995728,-0.2264272158960745,0,2.0296777387099896,0.36877718719303676,-2.064792682457539,-1.4900963402906142,0.8528732813734008,-0.360356484895652,3.0,1.0,0.37046054636754705,4.148496369948007,2.0296777387099896,2.6796094311802743
ALGT,2021-07-19,stress,True,True,D-1,176.619995117,174.940002441,189.479995728,197.440002441,11.78802394950129,1,0.36877718719303676,-2.064792682457539,-1.4900963402906142,0.8528732813734008,-3.0635090065561643,-5.334235878632443,2.0,2.0,0.07313682220593949,7.43992824847759,0.8528732813734008,2.6055407621651927
ALGT,2021-07-20,stress,True,True,D-1,176.130004883,188.449996948,197.440002441,195.440002441,12.099016049057543,1,-2.064792682457539,-1.4900963402906142,0.8528732813734008,-3.0635090065561643,-4.016236303419218,-9.470090318675206,1.0,3.0,0.1403870919058165,11.93552337467354,0.8528732813734008,7.809580830468954
ALGT,2021-07-21,stress,True,True,D-1,191.050003052,196.36000061,195.440002441,194.970001221,2.297827437252198,0,-1.4900963402906142,0.8528732813734008,-3.0635090065561643,-4.016236303419218,7.722644517257504,-0.42272288084543863,2.0,4.0,0.6965826355167308,3.910857254104183,7.722644517257504,0.8528732813734008
ALGT,2021-07-22,stress,True,True,D-1,194.350006104,190.899993896,194.970001221,194.490005493,0.3190095690906336,0,0.8528732813734008,-3.0635090065561643,-4.016236303419218,7.722644517257504,4.197401852005678,5.326400431317668,3.0,0.0,0.9583171872498053,0.550011116136151,7.722644517257504,0.8528732813734008
ALGT,2021-07-23,stress,True,True,D-1,193.210006714,189.509994507,194.490005493,192.720001221,0.662490934485982,0,-3.0635090065561643,-4.016236303419218,7.722644517257504,4.197401852005678,-2.7806104588705693,1.531746387918198,2.0,1.0,0.747587509816077,3.425882008442027,7.722644517257504,7.722644517257504
ALGT,2021-07-26,stress,True,True,D-1,190.220001221,194.100006104,192.720001221,196.949996948,3.5380063525396688,1,-4.016236303419218,7.722644517257504,4.197401852005678,-2.7806104588705693,-0.7281296141671278,3.9778339835961907,2.0,2.0,0.6939403005322505,4.184480061133189,7.722644517257504,11.211138142089538
ALGT,2021-07-27,stress,True,True,D-1,192.440002441,192.350006104,196.949996948,201.270004272,4.588444044375439,1,7.722644517257504,4.197401852005678,-2.7806104588705693,-0.7281296141671278,2.422041966145727,10.95232845298597,3.0,3.0,0.85069302342128,1.7207605522744807,7.722644517257504,7.722644517257504
ALGT,2021-07-28,stress,True,True,D-1,195.11000061,191.910003662,201.270004272,198.839996338,3.1571952451135754,1,4.197401852005678,-2.7806104588705693,-0.7281296141671278,2.422041966145727,-0.9015970865360656,2.0695193521685917,2.0,4.0,0.512452572136328,2.646215843761368,4.197401852005678,4.197401852005678
ALGT,2021-07-29,stress,True,True,D-1,199.029998779,196.229995728,198.839996338,197.009994507,-0.09546422256224707,0,-2.7806104588705693,-0.7281296141671278,2.422041966145727,-0.9015970865360656,-0.22875093737303454,-2.266244109887905,1.0,0.0,0.4934678560868243,2.6262274971744715,2.422041966145727,3.5503275782680532
ALGT,2021-07-30,stress,True,True,D-1,194.839996338,190.119995117,197.009994507,189.070007324,1.1137334273172428,0,-0.7281296141671278,2.422041966145727,-0.9015970865360656,-0.22875093737303454,2.2510510049327914,2.7920387650214984,2.0,0.0,0.6468109996372403,2.5684190254919415,2.422041966145727,2.422041966145727
ALGT,2021-08-02,stress,True,True,D-1,191.399993896,188.630004883,189.070007324,188.020004272,-1.2173388956668751,0,2.422041966145727,-0.9015970865360656,-0.22875093737303454,2.2510510049327914,-3.113693494377512,0.32188308146328115,2.0,1.0,0.21864009691447156,5.864721986836918,2.422041966145727,3.35477528428616
ALGT,2021-08-03,stress,True,True,D-1,188.630004883,188.690002441,188.020004272,192.449996948,2.0251242994821617,0,-0.9015970865360656,-0.22875093737303454,2.2510510049327914,-3.113693494377512,-0.7837104314478149,-2.818135522401344,1.0,2.0,0.11422595620369402,6.700948450295652,2.2510510049327914,6.124052590039364
ALGT,2021-08-04,stress,True,True,D-1,185.630004883,185.210006714,192.449996948,196.279998779,5.737215760303704,1,-0.22875093737303454,2.2510510049327914,-3.113693494377512,-0.7837104314478149,0.0318070065455478,-1.9027832320530846,2.0,3.0,0.2803207136954595,6.667020863987516,2.2510510049327914,3.003203704663293
ALGT,2021-08-05,stress,True,True,D-1,185.929992676,192.270004272,196.279998779,190.690002441,5.566614591888808,1,2.2510510049327914,-3.113693494377512,-0.7837104314478149,0.0318070065455478,-1.844292586772378,-3.4912181856868285,2.0,4.0,0.1337653637059725,8.671236421258666,2.2510510049327914,4.0641231994234195
ALGT,2021-08-06,stress,True,True,D-1,194.630004883,191.800003052,190.690002441,197.309997559,1.3769678922892936,0,-3.113693494377512,-0.7837104314478149,0.0318070065455478,-1.844292586772378,3.811887750159193,-2.0180357448965514,2.0,4.0,0.5921792788808589,3.417065543258424,3.811887750159193,0.0318070065455478
ALGT,2021-08-09,stress,True,True,D-1,190.059997559,189.509994507,197.309997559,198.789993286,4.593284141388021,1,-0.7837104314478149,0.0318070065455478,-1.844292586772378,3.811887750159193,-0.2444485408837349,0.8836566264196044,2.0,4.0,0.6351546288181934,2.7163667216352883,3.811887750159193,0.0318070065455478
ALGT,2021-08-10,stress,True,True,D-1,190.710006714,194.740005493,198.789993286,197.169998169,4.23679213860928,1,0.0318070065455478,-1.844292586772378,3.811887750159193,-0.2444485408837349,-1.193956469530999,0.466516249387694,2.0,1.0,0.500368800913267,3.572373208923274,3.811887750159193,5.247374151405371
ALGT,2021-08-11,stress,True,True,D-1,194.460006714,198.339996338,197.169998169,195.300003052,1.3935983551546904,0,-1.844292586772378,3.811887750159193,-0.2444485408837349,-1.193956469530999,2.759754702967321,3.206318815906406,2.0,0.0,0.8237317048523493,1.319704217679285,3.811887750159193,3.811887750159193
ALGT,2021-08-12,stress,True,True,D-1,197.169998169,196.130004883,195.300003052,194.800003052,-0.9484176773167929,0,3.811887750159193,-0.2444485408837349,-1.193956469530999,2.759754702967321,1.8486139177650296,7.089244181214904,3.0,0.0,0.9689013555934501,0.22688159539598907,3.811887750159193,3.811887750159193
ALGT,2021-08-13,stress,True,True,D-1,195.300003052,191.779998779,194.800003052,188.380004883,-0.2560163810478189,0,-0.2444485408837349,-1.193956469530999,2.759754702967321,1.8486139177650296,-1.1142439728766829,2.0075937614997708,2.0,1.0,0.8161720121923088,1.3562373613291934,2.759754702967321,2.759754702967321
ALGT,2021-08-16,stress,True,True,D-1,190.570007324,191.830001831,188.380004883,189.36000061,-0.6349407920957839,0,-1.193956469530999,2.759754702967321,1.8486139177650296,-1.1142439728766829,-2.2179197449135657,-0.010429756351237884,2.0,2.0,0.5155493222032759,3.6552271100376954,2.759754702967321,6.0672053836766215
ALGT,2021-08-17,stress,True,True,D-1,188.380004883,187.630004883,189.36000061,185.419998169,0.5202227951998761,0,2.759754702967321,1.8486139177650296,-1.1142439728766829,-2.2179197449135657,0.026073131879411626,1.224213704419852,3.0,3.0,0.3452494592011654,3.628207990704002,2.759754702967321,4.952179597141537
ALGT,2021-08-18,stress,True,True,D-1,186.86000061,186.160003662,185.419998169,180.830001831,-0.7706317223050041,0,1.8486139177650296,-1.1142439728766829,-2.2179197449135657,0.026073131879411626,-2.1894369535064406,-3.6510220855753173,2.0,4.0,0.33412935199120064,5.947869803637751,1.8486139177650296,4.012548594176357
ALGT,2021-08-19,stress,True,True,D-1,184.490005493,177.339996338,180.830001831,185.039993286,0.2981125137539564,0,-1.1142439728766829,-2.2179197449135657,0.026073131879411626,-2.1894369535064406,-0.7834574336426869,-6.140966472160015,1.0,4.0,0.27278765187585663,5.914264229920296,0.026073131879411626,2.9818142124613756
ALGT,2021-08-20,stress,True,True,D-1,177.850006104,177.710006714,185.039993286,188.13999939,5.785770555432435,1,-2.2179197449135657,0.026073131879411626,-2.1894369535064406,-0.7834574336426869,-4.737863746508086,-9.580384478249037,1.0,4.0,0.22419008161190482,10.12744281316509,0.026073131879411626,5.510275166312295
ALGT,2021-08-23,stress,True,True,D-1,179.61000061,184.509994507,188.13999939,189.990005493,5.779190940229917,1,0.026073131879411626,-2.1894369535064406,-0.7834574336426869,-4.737863746508086,0.20864462819474294,-7.3365273514334195,2.0,4.0,0.24547508037219243,9.616788977732703,0.20864462819474294,4.565177548391019
ALGT,2021-08-24,stress,True,True,D-1,186.339996338,186.679992676,189.990005493,190.0,1.9641535547533007,0,-2.1894369535064406,-0.7834574336426869,-4.737863746508086,0.20864462819474294,3.8264518238095846,-3.815882424089667,2.0,3.0,0.7181868558450578,2.628587202530097,3.8264518238095846,0.0
ALGT,2021-08-25,stress,True,True,D-1,187.339996338,189.470001221,190.0,192.690002441,2.855773570822273,0,-0.7834574336426869,-4.737863746508086,0.20864462819474294,3.8264518238095846,1.1760870595645123,-0.5063221138817187,3.0,4.0,0.8442761831220063,1.4356160483953717,3.8264518238095846,0.20864462819474294
ALGT,2021-08-26,stress,True,True,D-1,188.210006714,185.649993896,192.690002441,192.86000061,2.470641161532927,0,-4.737863746508086,0.20864462819474294,3.8264518238095846,1.1760870595645123,1.4945407405507538,1.7780390491449305,4.0,0.0,0.9708517974233006,0.2744520339098333,3.8264518238095846,3.8264518238095846
ALGT,2021-08-27,stress,True,True,D-1,186.380004883,191.179992676,192.86000061,193.199996948,3.659186547012516,1,0.20864462819474294,3.8264518238095846,1.1760870595645123,1.4945407405507538,-2.0161541670885796,4.6859127831273995,4.0,0.0,0.6751302238856948,2.343122136829612,3.8264518238095846,4.378197495766867
ALGT,2021-08-30,stress,True,True,D-1,192.86000061,188.520004272,193.199996948,195.410003662,1.3222042123481215,0,3.8264518238095846,1.1760870595645123,1.4945407405507538,-2.0161541670885796,2.978722845042414,7.579756599569598,4.0,0.0,0.8845558445243327,0.7898367103502446,3.8264518238095846,3.8264518238095846
ALGT,2021-08-31,stress,True,True,D-1,189.169998169,192.440002441,195.410003662,195.679992676,3.441346180689897,1,1.1760870595645123,1.4945407405507538,-2.0161541670885796,2.978722845042414,-1.391352916572186,2.1733292961795936,3.0,0.0,0.5145419291949836,2.302141014031678,2.978722845042414,1.4945407405507538
ALGT,2021-09-01,stress,True,True,D-1,194.130004883,193.380004883,195.679992676,193.199996948,0.7984277309085686,0,1.4945407405507538,-2.0161541670885796,2.978722845042414,-1.391352916572186,2.0793539572300013,3.0854992452228114,3.0,0.0,0.9161153739684025,0.3949254299313587,2.978722845042414,2.978722845042414
ALGT,2021-09-02,stress,True,True,D-1,193.679992676,193.330001831,193.199996948,194.630004883,0.4905061146864176,0,-2.0161541670885796,2.978722845042414,-1.391352916572186,2.0793539572300013,0.48846519958249957,2.063653157123979,3.0,0.0,0.8198759530159643,1.0497459549803079,2.978722845042414,2.978722845042414
ALGT,2021-09-03,stress,True,True,D-1,192.589996338,192.009994507,194.630004883,196.460006714,2.0094555530330016,0,2.978722845042414,-1.391352916572186,2.0793539572300013,0.48846519958249957,-0.025857405490425922,4.136821000544866,3.0,0.0,0.7956529699999993,1.2155334519958538,2.978722845042414,2.978722845042414
ALGT,2021-09-07,stress,True,True,D-1,191.529998779,194.009994507,196.460006714,201.570007324,5.242003137370044,1,-1.391352916572186,2.0793539572300013,0.48846519958249957,-0.025857405490425922,-0.682774174467704,0.43414680552196216,2.0,1.0,0.6808697244347804,1.9113578844804469,2.0793539572300013,2.7878089895012503
ALGT,2021-09-08,stress,True,True,D-1,193.5,192.75,201.570007324,196.929992676,4.170546420671828,1,2.0793539572300013,0.48846519958249957,-0.025857405490425922,-0.682774174467704,1.0416124458183296,2.912152615421615,3.0,2.0,0.7696554249655139,0.8607794527512258,2.0793539572300013,2.0793539572300013
ALGT,2021-09-09,stress,True,True,D-1,191.529998779,195.699996948,196.929992676,195.229995728,2.81939849184194,0,0.48846519958249957,-0.025857405490425922,-0.682774174467704,1.0416124458183296,-0.6494482463141993,0.1610879001599841,2.0,0.0,0.46924123053761446,1.9247765053177712,1.0416124458183296,0.48846519958249957
ALGT,2021-09-10,stress,True,True,D-1,196.929992676,188.720001221,195.229995728,194.460006714,-0.8632493836512434,0,-0.025857405490425922,-0.682774174467704,1.0416124458183296,-0.6494482463141993,1.5304783128404775,1.1997062811140546,2.0,0.0,0.5148754202244072,2.9994943625674786,1.5304783128404775,1.0416124458183296
ALGT,2021-09-13,stress,True,True,D-1,191.279998779,194.460006714,194.460006714,193.910003662,1.662488475166768,0,-0.682774174467704,1.0416124458183296,-0.6494482463141993,1.5304783128404775,-3.5666815717195433,-2.3845241640404358,2.0,1.0,0.0360086768243129,6.80903243951978,1.5304783128404775,3.1324029926406483
ALGT,2021-09-14,stress,True,True,D-1,194.460006714,191.520004272,193.910003662,197.649993896,1.6404335451307706,0,1.0416124458183296,-0.6494482463141993,1.5304783128404775,-3.5666815717195433,3.041545917689037,1.2759816036090221,3.0,2.0,0.5362035381090231,3.656279113708427,3.041545917689037,2.1640962246125883
ALGT,2021-09-15,stress,True,True,D-1,190.839996338,193.429992676,197.649993896,200.589996338,5.1089919236487535,1,-0.6494482463141993,1.5304783128404775,-3.5666815717195433,3.041545917689037,-1.5118802532615327,-1.2834340010819179,2.0,3.0,0.34442257980184254,5.247495210853703,3.041545917689037,1.5304783128404775
ALGT,2021-09-16,stress,True,True,D-1,191.960006714,195.539993286,200.589996338,196.38999939,4.495722714188988,1,1.5304783128404775,-3.5666815717195433,3.041545917689037,-1.5118802532615327,0.9972788018986378,0.35278478651104006,3.0,4.0,0.4690141111699396,4.2082484393383135,3.041545917689037,3.571225030327796
ALGT,2021-09-17,stress,True,True,D-1,197.580001831,196.13999939,196.38999939,197.759994507,0.09109863059619805,0,-3.5666815717195433,3.041545917689037,-1.5118802532615327,0.9972788018986378,1.090834250060846,-0.08175966504614385,3.0,0.0,0.8150742546376964,1.0790634562996448,3.041545917689037,3.041545917689037
ALGT,2021-09-20,stress,True,True,D-1,192.300003052,195.149993896,197.759994507,199.36000061,3.6713455257153083,1,3.041545917689037,-1.5118802532615327,0.9972788018986378,1.090834250060846,0.3068457218991627,3.9317497461813122,4.0,0.0,0.6898954852260057,2.2687860517179415,3.041545917689037,3.041545917689037
ALGT,2021-09-21,stress,True,True,D-1,196.089996338,190.660003662,199.36000061,204.179992676,4.125654795798606,1,-1.5118802532615327,0.9972788018986378,1.090834250060846,0.3068457218991627,-0.5047443137957242,0.3548221527189366,3.0,1.0,0.5485476295296807,2.787600621140207,1.090834250060846,1.2902816282908125
ALGT,2021-09-22,stress,True,True,D-1,191.699996948,197.289993286,204.179992676,208.820007324,8.93062631641246,1,0.9972788018986378,1.090834250060846,0.3068457218991627,-0.5047443137957242,-2.300789328434627,-0.44903957331715594,3.0,2.0,0.17593442647702423,5.2082201223512925,1.090834250060846,3.8847547889835132
ALGT,2021-09-23,stress,True,True,D-1,198.759994507,202.399993896,208.820007324,215.479995728,8.412156210042143,1,1.090834250060846,0.3068457218991627,-0.5047443137957242,-2.300789328434627,3.4773888055481095,1.9955543380832275,3.0,3.0,0.7005438891266037,1.6726662092872546,3.4773888055481095,1.090834250060846
ALGT,2021-09-24,stress,True,True,D-1,201.880004883,206.919998169,215.479995728,210.0,6.736670554808999,1,0.3068457218991627,-0.5047443137957242,-2.300789328434627,3.4773888055481095,2.5900961953971624,3.508234041905922,3.0,0.0,0.8781656013257859,0.8794460640718427,3.4773888055481095,0.3068457218991627
ALGT,2021-09-27,stress,True,True,D-1,204.399993896,208.169998169,210.0,206.830001831,2.7397290955151865,0,-0.5047443137957242,-2.300789328434627,3.4773888055481095,2.5900961953971624,2.2332037595428567,5.496073627269316,3.0,0.0,0.9012982257142861,0.9182336998902141,3.4773888055481095,3.4773888055481095
ALGT,2021-09-28,stress,True,True,D-1,207.839996338,204.710006714,206.830001831,201.979995728,-0.485948096995481,0,-2.300789328434627,3.4773888055481095,2.5900961953971624,2.2332037595428567,0.6040982075493195,6.6717933283352515,4.0,0.0,0.7178695163803515,3.511551915884392,3.4773888055481095,3.4773888055481095
ALGT,2021-09-29,stress,True,True,D-1,205.270004272,201.970001221,201.979995728,205.690002441,0.20460766807577357,0,3.4773888055481095,2.5900961953971624,2.2332037595428567,0.6040982075493195,-1.662098998622774,7.369140240292715,4.0,1.0,0.5470988407678966,5.261095530638493,3.4773888055481095,4.5454303068799495
ALGT,2021-09-30,stress,True,True,D-1,201.979995728,195.479995728,205.690002441,206.399993896,2.18833461802439,0,2.5900961953971624,2.2332037595428567,0.6040982075493195,-1.662098998622774,-1.3384814631109188,2.372146634023986,3.0,2.0,0.1919860334680055,6.689109484243194,2.5900961953971624,5.568429770135741
ALGT,2021-10-01,stress,True,True,D-1,198.509994507,202.479995728,206.399993896,205.740005493,3.9746106530277547,1,2.2332037595428567,0.6040982075493195,-1.662098998622774,-1.3384814631109188,-3.2133512173911805,-3.4189715299871692,2.0,3.0,0.005469945681644305,10.231225924431131,2.2332037595428567,6.742026329655526
ALGT,2021-10-04,stress,True,True,D-1,204.190002441,202.309997559,205.740005493,199.0,0.7590984051473848,0,0.6040982075493195,-1.662098998622774,-1.3384814631109188,-3.2133512173911805,3.580929073550898,-2.1457580128981357,2.0,4.0,0.3535554646930688,6.420387334195454,3.580929073550898,0.6040982075493195
ALGT,2021-10-05,stress,True,True,D-1,201.380004883,201.009994507,199.0,202.410003662,0.5114702324088283,0,-1.662098998622774,-1.3384814631109188,-3.2133512173911805,3.580929073550898,-0.08395800700645717,-2.8150072832505924,1.0,4.0,0.47436774611499005,3.801098578312878,3.580929073550898,0.0
ALGT,2021-10-06,stress,True,True,D-1,194.580001831,198.669998169,202.410003662,196.339996338,4.024052707020043,1,-1.3384814631109188,-3.2133512173911805,3.580929073550898,-0.08395800700645717,-0.6425797378702969,-1.8074408117084828,1.0,4.0,0.4921462552993042,2.8953820621080206,3.580929073550898,4.306927321286313
ALGT,2021-10-07,stress,True,True,D-1,200.759994507,194.5,196.339996338,193.770004272,-2.201632939796616,0,-3.2133512173911805,3.580929073550898,-0.08395800700645717,-0.6425797378702969,-1.1641193980125752,-1.63390752688517,1.0,2.0,0.4494302404896462,3.8908721992459316,3.580929073550898,5.380147814057523
ALGT,2021-10-08,stress,True,True,D-1,195.36000061,192.050003052,193.770004272,196.0,0.3276000143333624,0,3.580929073550898,-0.08395800700645717,-0.6425797378702969,-1.1641193980125752,-2.0989571688890596,-0.5013278849072655,1.0,3.0,0.1524216818631896,6.118248789717229,3.580929073550898,6.819571272893521
ALGT,2021-10-11,stress,True,True,D-1,191.309997559,191.710006714,196.0,193.539993286,2.4515197850826453,0,-0.08395800700645717,-0.6425797378702969,-1.1641193980125752,-2.0989571688890596,-1.2596385336760996,-5.151122528672447,0.0,4.0,0.11090511851072063,7.472007610494313,-0.08395800700645717,3.33215642926048
ALGT,2021-10-12,stress,True,True,D-1,191.63999939,193.600006104,193.539993286,195.990005493,2.269884218767637,0,-0.6425797378702969,-1.1641193980125752,-2.0989571688890596,-1.2596385336760996,-0.1770353202795505,-5.2394794982431385,0.0,4.0,0.0936699727352514,7.3183445243578005,-0.1770353202795505,1.434443848843192
ALGT,2021-10-13,stress,True,True,D-1,192.36000061,190.479995728,195.990005493,198.300003052,3.087961334561995,1,-1.1641193980125752,-2.0989571688890596,-1.2596385336760996,-0.1770353202795505,0.9858637128001169,-3.6863780933748314,1.0,3.0,0.27489786669218313,4.550618429871012,0.9858637128001169,0.0
ALGT,2021-10-14,stress,True,True,D-1,192.520004272,192.940002441,198.300003052,191.179992676,3.0022847765127647,1,-2.0989571688890596,-1.2596385336760996,-0.1770353202795505,0.9858637128001169,-1.6115755566267653,-4.122415320119499,1.0,4.0,0.2608421075039463,6.263129043238602,0.9858637128001169,0.6415997824437913
ALGT,2021-10-15,stress,True,True,D-1,197.380004883,190.070007324,191.179992676,191.279998779,-3.090488374248379,0,-1.2596385336760996,-0.1770353202795505,0.9858637128001169,-1.6115755566267653,1.29147772373579,-0.8020553002570763,2.0,4.0,0.6623637958484959,1.7622026816547232,1.29147772373579,1.3267746850061046
ALGT,2021-10-18,stress,True,True,D-1,188.589996338,188.289993286,191.279998779,190.550003052,1.426375997260676,0,-0.1770353202795505,0.9858637128001169,-1.6115755566267653,1.29147772373579,-1.4875065205193105,-1.0309792744256807,2.0,0.0,0.3158772599642769,4.329981275778483,1.29147772373579,1.201103324935282
ALGT,2021-10-19,stress,True,True,D-1,187.759994507,187.779998779,190.550003052,190.179992676,1.4859440917250222,0,0.9858637128001169,-1.6115755566267653,1.29147772373579,-1.4875065205193105,-0.9365044296366642,-1.7839514413570012,2.0,1.0,0.1679126532712752,5.316272836016012,1.29147772373579,3.701558109435976
ALGT,2021-10-20,stress,True,True,D-1,187.779998779,186.779998779,190.179992676,186.0,1.278088141764533,0,-1.6115755566267653,1.29147772373579,-1.4875065205193105,-0.9365044296366642,-0.27085587401627365,-3.0062020358994856,1.0,2.0,0.12551909061789748,5.602302876453358,1.29147772373579,2.4963014501306335
ALGT,2021-10-21,stress,True,True,D-1,187.600006104,187.070007324,186.0,185.580001831,-0.8528816907996228,0,1.29147772373579,-1.4875065205193105,-0.9365044296366642,-0.27085587401627365,-0.5325380799351853,-1.9424595925986332,1.0,3.0,0.1377242704977912,6.167686234236758,1.29147772373579,2.093429267016378
ALGT,2021-10-22,stress,True,True,D-1,186.0,183.929992676,185.580001831,184.699996948,-0.22580546720429862,0,-1.4875065205193105,-0.9365044296366642,-0.27085587401627365,-0.5325380799351853,0.15526745202687486,-3.042394030649509,1.0,4.0,0.1594314959271971,6.00309792501903,0.15526745202687486,0.3780974862161002
ALGT,2021-10-25,stress,True,True,D-1,183.830001831,183.820007324,184.699996948,182.009994507,0.4732606801580719,0,-0.9365044296366642,-0.27085587401627365,-0.5325380799351853,0.15526745202687486,-1.6785238280135228,-3.230396386281764,1.0,3.0,0.09146978615109726,3.996088944529741,0.15526745202687486,1.5258625771660705
ALGT,2021-10-26,stress,True,True,D-1,184.289993286,180.820007324,182.009994507,180.550003052,-1.2371799132151917,0,-0.27085587401627365,-0.5325380799351853,0.15526745202687486,-1.6785238280135228,-0.05979739921686544,-2.3739901860904467,1.0,4.0,0.12235394647058563,4.058313109438139,0.15526745202687486,1.8925849656628801
ALGT,2021-10-27,stress,True,True,D-1,181.100006104,179.039993286,180.550003052,177.699996948,-0.30370128849368516,0,-0.5325380799351853,0.15526745202687486,-1.6785238280135228,-0.05979739921686544,-1.6320312699760753,-3.706460485811003,1.0,4.0,0.111415667583618,5.381039339615468,0.15526745202687486,1.8461202089659734
ALGT,2021-10-28,stress,True,True,D-1,178.0,175.100006104,177.699996948,181.320007324,1.8651726539325786,0,0.15526745202687486,-1.6785238280135228,-0.05979739921686544,-1.6320312699760753,-0.984412103695198,-4.143915592460234,1.0,4.0,0.09943380861239089,6.222073172335785,0.15526745202687486,2.755644912340416
ALGT,2021-10-29,stress,True,True,D-1,176.160003662,175.270004272,181.320007324,180.050003052,2.9291573312524077,0,-1.6785238280135228,-0.05979739921686544,-1.6320312699760753,-0.984412103695198,-2.2006184817635943,-6.398674694692397,0.0,4.0,0.25444613293163176,6.2250105745433215,-0.05979739921686544,3.163367430768149
ALGT,2021-11-01,stress,True,True,D-1,175.380004883,178.630004883,180.050003052,184.539993286,5.222937705533104,1,-0.05979739921686544,-1.6320312699760753,-0.984412103695198,-2.2006184817635943,0.0970863289970536,-4.7083068280522,1.0,4.0,0.27394367782226053,5.882351405092701,0.0970863289970536,2.1056686524657087
ALGT,2021-11-02,stress,True,True,D-1,177.729995728,179.979995728,184.539993286,185.770004272,4.523720664633624,1,-1.6320312699760753,-0.984412103695198,-2.2006184817635943,0.0970863289970536,1.9170425795081547,-2.8234154249880516,2.0,4.0,0.5442946185418764,3.398080892947286,1.9170425795081547,0.0
ALGT,2021-11-03,stress,True,True,D-1,179.690002441,184.460006714,185.770004272,195.740005493,8.932051218191695,1,-0.984412103695198,-2.2006184817635943,0.0970863289970536,1.9170425795081547,0.7557469675289141,-0.4645567757857738,3.0,4.0,0.8090309726721908,1.1279024487076184,1.9170425795081547,0.0970863289970536
ALGT,2021-11-04,stress,True,True,D-1,185.350006104,181.720001221,195.740005493,194.960006714,5.605610491952295,1,-2.2006184817635943,0.0970863289970536,1.9170425795081547,0.7557469675289141,2.4891716259236585,3.02726409252152,4.0,0.0,0.993921987652986,0.043362555073533926,2.4891716259236585,1.9170425795081547
ALGT,2021-11-05,stress,True,True,D-1,188.880004883,191.300003052,194.960006714,194.289993286,3.218975896769072,1,0.0970863289970536,1.9170425795081547,0.7557469675289141,2.4891716259236585,-1.485419816366107,3.7806938242298305,4.0,0.0,0.6813531933970105,2.2287051638716138,2.4891716259236585,1.9170425795081547
ALGT,2021-11-08,stress,True,True,D-1,192.820007324,192.75,194.289993286,194.070007324,0.762361739531503,0,1.9170425795081547,0.7557469675289141,2.4891716259236585,-1.485419816366107,5.271847769442406,9.145888280531555,4.0,0.0,0.7971675392905141,2.3209630790194558,5.271847769442406,2.4891716259236585
ALGT,2021-11-09,stress,True,True,D-1,192.759994507,193.509994507,194.070007324,191.330001831,0.6796082456582697,0,0.7557469675289141,2.4891716259236585,-1.485419816366107,5.271847769442406,0.7579701645931802,7.904604339146926,4.0,1.0,0.8403628542858342,1.5512350158236154,5.271847769442406,2.4891716259236585
ALGT,2021-11-10,stress,True,True,D-1,191.970001221,190.220001221,191.330001831,189.649993896,-0.3333851049275194,0,2.4891716259236585,-1.485419816366107,5.271847769442406,0.7579701645931802,0.3942902760051714,7.517501444686991,4.0,2.0,0.8610585319656909,1.1524009349911601,5.271847769442406,5.271847769442406
ALGT,2021-11-11,stress,True,True,D-1,190.179992676,188.710006714,189.649993896,189.75,-0.22609774558808304,0,-1.485419816366107,5.271847769442406,0.7579701645931802,0.3942902760051714,-1.7001671124955653,3.1226251205393796,3.0,3.0,0.6403907441495287,2.9019052868088258,5.271847769442406,6.584428199533199
ALGT,2021-11-12,stress,True,True,D-1,189.36000061,186.199996948,189.75,197.550003052,4.3250963327085445,1,5.271847769442406,0.7579701645931802,0.3942902760051714,-1.7001671124955653,-0.7938147919816618,3.846580148598533,3.0,4.0,0.2136468837234856,3.725291997712832,5.271847769442406,7.7523334958922385
ALGT,2021-11-15,stress,True,True,D-1,188.490005493,188.229995728,197.550003052,187.839996338,4.806619605799978,1,0.7579701645931802,0.3942902760051714,-1.7001671124955653,-0.7938147919816618,-1.3300883242530204,-2.6659728293959684,2.0,4.0,0.18207243002480958,4.70462401159244,0.7579701645931802,2.8713148429635127
ALGT,2021-11-16,stress,True,True,D-1,196.580001831,188.38999939,187.839996338,188.229995728,-4.247637615843802,0,0.3942902760051714,-1.7001671124955653,-0.7938147919816618,-1.3300883242530204,1.0902249265701824,-2.3450087014267207,2.0,4.0,0.39641418222358826,3.2194643231873377,1.0902249265701824,0.6486546281444183
ALGT,2021-11-17,stress,True,True,D-1,187.690002441,187.830001831,188.229995728,183.600006104,0.2877048750477673,0,-1.7001671124955653,-0.7938147919816618,-1.3300883242530204,1.0902249265701824,0.08500433811369223,-2.6458556469106664,2.0,0.0,0.31127807819393394,4.862255794712955,1.0902249265701824,0.0
ALGT,2021-11-18,stress,True,True,D-1,188.229995728,184.940002441,183.600006104,189.850006104,0.860654737697053,0,-0.7938147919816618,-1.3300883242530204,1.0902249265701824,0.08500433811369223,-0.29725439822350097,-1.2564395829349428,2.0,1.0,0.27732316530783013,5.174892789356167,1.0902249265701824,1.3027276658137188
ALGT,2021-11-19,stress,True,True,D-1,181.940002441,183.119995117,189.850006104,187.399993896,4.347589071603464,1,-1.3300883242530204,1.0902249265701824,0.08500433811369223,-0.29725439822350097,-1.5386250129520218,-1.9977765560220906,2.0,2.0,0.13333347313169971,6.818427838521779,1.0902249265701824,2.9215307072225416
ALGT,2021-11-22,stress,True,True,D-1,185.0,185.36000061,187.399993896,186.509994507,1.297293997837845,0,1.0902249265701824,0.08500433811369223,-0.29725439822350097,-1.5386250129520218,-0.9841068995230517,-1.6541363488100091,2.0,3.0,0.18336109619321855,7.880083180310438,1.0902249265701824,3.5978151241350176
ALGT,2021-11-23,stress,True,True,D-1,185.630004883,185.350006104,186.509994507,176.910003662,0.47405570266221275,0,0.08500433811369223,-0.29725439822350097,-1.5386250129520218,-0.9841068995230517,1.2232446225049154,-1.5247278240112627,2.0,4.0,0.31012995443395225,6.576393181853701,1.2232446225049154,0.08500433811369223
ALGT,2021-11-24,stress,True,True,D-1,183.300003052,185.570007324,176.910003662,179.990005493,-1.805781507849169,0,-0.29725439822350097,-1.5386250129520218,-0.9841068995230517,1.2232446225049154,-0.005391943227828211,-1.6136702032185424,1.0,1.0,0.5486459930895926,2.427839143137156,1.2232446225049154,0.0
ALGT,2021-11-26,stress,True,True,D-1,175.570007324,174.589996338,179.990005493,173.529998779,2.517513233819768,0,-1.5386250129520218,-0.9841068995230517,1.2232446225049154,-0.005391943227828211,0.11869501632308932,-1.203212737565451,2.0,2.0,0.5707123113500766,2.3064065371982467,1.2232446225049154,1.2232446225049154
ALGT,2021-11-29,stress,True,True,D-1,178.149993896,175.300003052,173.529998779,179.679992676,0.8588261759319371,0,-0.9841068995230517,1.2232446225049154,-0.005391943227828211,0.11869501632308932,-5.916910358703175,-5.596412872494627,2.0,3.0,0.23123400133741312,8.740483467596372,1.2232446225049154,7.028483042601086
ALGT,2021-11-30,stress,True,True,D-1,171.690002441,173.220001221,179.679992676,178.960006714,4.653730631604902,1,1.2232446225049154,-0.005391943227828211,0.11869501632308932,-5.916910358703175,0.40667090262460626,-4.270419546485693,3.0,4.0,0.26700259053985814,8.300058641575703,1.2232446225049154,6.757546431346717
ALGT,2021-12-01,stress,True,True,D-1,178.11000061,163.669998169,178.960006714,178.149993896,0.47723659597376233,0,-0.005391943227828211,0.11869501632308932,-5.916910358703175,0.40667090262460626,-1.1865383883553071,-6.54941699883932,2.0,4.0,0.22471307379571215,8.186117408525305,0.40667090262460626,0.9033878084277025
ALGT,2021-12-02,stress,True,True,D-1,166.320007324,178.429992676,178.149993896,189.440002441,13.900910352872376,1,0.11869501632308932,-5.916910358703175,0.40667090262460626,-1.1865383883553071,-5.513221905486409,-11.69679375291487,2.0,4.0,0.0030550894993400706,13.954907187336918,0.40667090262460626,7.041014702122506
ALGT,2021-12-03,stress,True,True,D-1,176.710006714,174.449996948,189.440002441,188.710006714,7.203890692847481,1,-5.916910358703175,0.40667090262460626,-1.1865383883553071,-5.513221905486409,9.018143014677227,-3.8476124191414773,2.0,3.0,0.9048192266531146,0.8742996587085772,9.018143014677227,0.40667090262460626
ALGT,2021-12-06,stress,True,True,D-1,177.479995728,183.990005493,188.710006714,196.669998169,10.812487549532035,1,0.40667090262460626,-1.1865383883553071,-5.513221905486409,9.018143014677227,-2.2305643060956837,-0.08018752101291993,2.0,4.0,0.661988483738558,3.175699995369663,9.018143014677227,0.40667090262460626
ALGT,2021-12-07,stress,True,True,D-1,186.199996948,184.940002441,196.669998169,194.199996948,5.6229867844326265,1,-1.1865383883553071,-5.513221905486409,9.018143014677227,-2.2305643060956837,5.468620643108224,4.957217506962763,2.0,0.0,0.7890867755195388,2.9621157591667835,9.018143014677227,9.018143014677227
ALGT,2021-12-08,stress,True,True,D-1,186.0,192.199996948,194.199996948,193.009994507,4.408600509677418,1,-5.513221905486409,9.018143014677227,-2.2305643060956837,5.468620643108224,0.516330735169257,6.765963016619092,3.0,1.0,0.8258513685020729,2.433221553263265,9.018143014677227,9.018143014677227
ALGT,2021-12-09,stress,True,True,D-1,190.899993896,191.0,193.009994507,183.369995117,1.1052910835342766,0,9.018143014677227,-2.2305643060956837,5.468620643108224,0.516330735169257,3.9255944691122924,17.431416324414517,4.0,0.0,0.8550113215852831,2.325703065546536,9.018143014677227,9.018143014677227
ALGT,2021-12-10,stress,True,True,D-1,191.979995728,185.339996338,183.369995117,183.630004883,-4.349406725078997,0,-2.2305643060956837,5.468620643108224,0.516330735169257,3.9255944691122924,-0.6243480577810101,7.044783859194048,3.0,1.0,0.7773852415709707,2.9685854287958113,5.468620643108224,5.468620643108224
ALGT,2021-12-13,stress,True,True,D-1,183.369995117,179.380004883,183.630004883,178.880004883,0.14179515347323424,0,5.468620643108224,0.516330735169257,3.9255944691122924,-0.6243480577810101,-2.9633527026178053,6.242476113797846,3.0,2.0,0.41386442018697595,6.113090565912049,5.468620643108224,9.037819768463052
ALGT,2021-12-14,stress,True,True,D-1,179.279998779,177.399993896,178.880004883,180.240005493,0.5354789828972528,0,0.516330735169257,3.9255944691122924,-0.6243480577810101,-2.9633527026178053,-3.2157071181391994,-2.505571211679436,2.0,3.0,0.06134663383961372,9.638751708852578,3.9255944691122924,10.009361546075645
ALGT,2021-12-15,stress,True,True,D-1,177.699996948,178.720001221,180.240005493,180.330001831,1.4800252831572047,0,3.9255944691122924,-0.6243480577810101,-2.9633527026178053,-3.2157071181391994,-1.1038080795523708,-4.077002511885119,1.0,4.0,0.07843132959275442,10.862460505098404,3.9255944691122924,8.209614431819102
ALGT,2021-12-16,stress,True,True,D-1,179.75,172.190002441,180.330001831,177.770004272,0.32267139415855794,0,-0.6243480577810101,-2.9633527026178053,-3.2157071181391994,-1.1038080795523708,0.74408532718091,-7.013525463607085,1.0,4.0,0.3373289673471457,8.6615911040969,0.74408532718091,0.3679360263316389
ALGT,2021-12-17,stress,True,True,D-1,173.660003662,176.720001221,177.770004272,188.509994507,8.551186532221312,1,-2.9633527026178053,-3.2157071181391994,-1.1038080795523708,0.74408532718091,-3.653759364026188,-9.848166261256551,1.0,4.0,0.06089337909317888,12.091289721151988,0.74408532718091,2.936861124163481
ALGT,2021-12-20,stress,True,True,D-1,172.899993896,176.770004272,188.509994507,189.259994507,9.462117517968549,1,-3.2157071181391994,-1.1038080795523708,0.74408532718091,-3.653759364026188,2.630814051792685,-4.650909294980199,2.0,3.0,0.45973424195237667,3.910142380181747,2.630814051792685,1.863154254181898
ALGT,2021-12-21,stress,True,True,D-1,177.970001221,187.380004883,189.259994507,192.149993896,7.967630824136229,1,-1.1038080795523708,0.74408532718091,-3.653759364026188,2.630814051792685,0.028295071669592886,-1.4550120080007667,3.0,4.0,0.49669859476307826,3.8807492477311634,2.630814051792685,0.74408532718091
ALGT,2021-12-22,stress,True,True,D-1,187.649993896,188.199996948,192.149993896,192.5,2.5846023244146643,0,0.74408532718091,-3.653759364026188,2.630814051792685,0.028295071669592886,6.002149886625641,5.625711009240919,4.0,0.0,0.938952460327708,0.6030470672180543,6.002149886625641,2.630814051792685
ALGT,2021-12-23,stress,True,True,D-1,190.539993286,190.179992676,192.5,192.789993286,1.1808544553807865,0,-3.653759364026188,2.630814051792685,0.028295071669592886,6.002149886625641,0.43760915979909054,5.304384323093947,4.0,0.0,0.9449637662869151,0.5632293178478909,6.002149886625641,2.630814051792685
ALGT,2021-12-27,stress,True,True,D-1,188.440002441,189.169998169,192.789993286,192.169998169,2.3084221973314722,0,2.630814051792685,0.028295071669592886,6.002149886625641,0.43760915979909054,1.0520700106850134,10.447755374859359,5.0,0.0,0.911060868492801,1.0358614448766845,6.002149886625641,6.002149886625641
ALGT,2021-12-28,stress,True,True,D-1,187.679992676,190.979995728,192.169998169,193.490005493,3.0957017496425765,1,0.028295071669592886,6.002149886625641,0.43760915979909054,1.0520700106850134,-0.5310729550403792,7.045041230183369,4.0,0.0,0.851999918622222,1.7603223889789632,6.002149886625641,6.002149886625641
ALGT,2021-12-29,stress,True,True,D-1,190.199996948,190.660003662,193.490005493,190.38999939,1.729762669712076,0,6.002149886625641,0.43760915979909054,1.0520700106850134,-0.5310729550403792,0.9568100526083478,8.03868932091827,4.0,0.0,0.8778678456735064,0.9477419617172078,6.002149886625641,6.002149886625641
ALGT,2021-12-30,stress,True,True,D-1,190.199996948,188.990005493,190.38999939,195.039993286,2.5446879157013047,0,0.43760915979909054,1.0520700106850134,-0.5310729550403792,0.9568100526083478,-0.16755266161788684,1.7504529264197766,3.0,1.0,0.7470320561538841,1.1171664654827218,1.0520700106850134,1.0520700106850134
ALGT,2021-12-31,stress,True,True,D-1,189.0,187.039993286,195.039993286,195.660003662,3.523811461375659,1,1.0520700106850134,-0.5310729550403792,0.9568100526083478,-0.16755266161788684,-0.8759037747426812,0.4197707533535544,2.0,0.0,0.5065795087424366,2.381078294728489,1.0520700106850134,2.0940588469577914
ALGT,2022-01-03,stress,True,True,D-1,188.380004883,190.949996948,195.660003662,186.0,3.8645283948906872,1,-0.5310729550403792,0.9568100526083478,-0.16755266161788684,-0.8759037747426812,-1.0318070534540702,-1.6510671526575704,1.0,1.0,0.292762624045505,3.4484668726101786,0.9568100526083478,2.8554832438758337
ALGT,2022-01-04,stress,True,True,D-1,192.660003662,193.169998169,186.0,180.990005493,-3.456868854671169,0,0.9568100526083478,-0.16755266161788684,-0.8759037747426812,-1.0318070534540702,2.090463966185707,0.9409519459897764,2.0,0.0,0.5205161871688485,2.1419200855571585,2.090463966185707,0.9568100526083478
ALGT,2022-01-05,stress,True,True,D-1,185.940002441,176.119995117,180.990005493,180.259994507,-2.6621474040104065,0,-0.16755266161788684,-0.8759037747426812,-1.0318070534540702,2.090463966185707,1.1626086705853966,1.1467182375053842,2.0,0.0,0.7278685244113281,1.2890228899943068,2.090463966185707,0.0
ALGT,2022-01-06,stress,True,True,D-1,179.38999939,177.600006104,180.259994507,180.259994507,0.48497414569279584,0,-0.8759037747426812,-1.0318070534540702,2.090463966185707,1.1626086705853966,-8.826423985925258,-7.6261451094779,2.0,1.0,0.044965682653978614,11.094713312942805,2.090463966185707,9.85689605208857
ALGT,2022-01-07,stress,True,True,D-1,174.949996948,178.220001221,180.259994507,183.649993896,4.972847727791541,1,-1.0318070534540702,2.090463966185707,1.1626086705853966,-8.826423985925258,0.8403423961128142,-6.026773404915264,3.0,2.0,0.11730246180015899,10.168917194419658,2.090463966185707,10.150717738812542
ALGT,2022-01-10,stress,True,True,D-1,179.0,178.75,183.649993896,185.320007324,3.5307303486033392,1,2.090463966185707,1.1626086705853966,-8.826423985925258,0.8403423961128142,0.34909633766393444,-4.715564789137627,4.0,3.0,0.1854273957013015,9.785659477902087,2.090463966185707,2.090463966185707
ALGT,2022-01-11,stress,True,True,D-1,178.960006714,183.080001831,185.320007324,191.169998169,6.822748657197497,1,1.1626086705853966,-8.826423985925258,0.8403423961128142,0.34909633766393444,0.2973845670345421,-6.389105599892908,4.0,4.0,0.21018212192027408,9.460141908811192,1.1626086705853966,1.1626086705853966
ALGT,2022-01-12,stress,True,True,D-1,184.190002441,182.75,191.169998169,187.580001831,3.7895627534050513,1,-8.826423985925258,0.8403423961128142,0.34909633766393444,0.2973845670345421,2.4223786467132857,-5.223376525154022,4.0,4.0,0.7514895175319153,1.5949301615669764,2.4223786467132857,0.8403423961128142
ALGT,2022-01-13,stress,True,True,D-1,185.179992676,187.380004883,187.580001831,191.949996948,3.655904816804445,1,0.8403423961128142,0.34909633766393444,0.2973845670345421,2.4223786467132857,-0.18025006975072033,3.7644816413920257,4.0,0.0,0.7678405037340704,1.4062967573187368,2.4223786467132857,0.8403423961128142
ALGT,2022-01-14,stress,True,True,D-1,185.0,186.100006104,191.949996948,184.089996338,3.756755107027021,1,0.34909633766393444,0.2973845670345421,2.4223786467132857,-0.18025006975072033,2.5335184038303593,5.5067558799930305,4.0,0.0,0.7760051007012613,2.0226241793335875,2.5335184038303593,2.4223786467132857
ALGT,2022-01-18,stress,True,True,D-1,184.869995117,181.820007324,184.089996338,185.759994507,0.48141905853176237,0,0.2973845670345421,2.4223786467132857,-0.18025006975072033,2.5335184038303593,-0.6831031837144175,4.421504224561468,3.0,1.0,0.6811324521353049,2.7243373985526453,2.5335184038303593,2.4223786467132857
ALGT,2022-01-19,stress,True,True,D-1,181.710006714,180.050003052,185.759994507,181.520004272,2.2288193513604337,0,2.4223786467132857,-0.18025006975072033,2.5335184038303593,-0.6831031837144175,-2.2998380653508232,1.7174866148251589,2.0,0.0,0.3273578176233577,5.571438354387781,2.5335184038303593,5.500749385850911
ALGT,2022-01-20,stress,True,True,D-1,180.910003662,179.699996948,181.520004272,174.699996948,0.33718456561400156,0,-0.18025006975072033,2.5335184038303593,-0.6831031837144175,-2.2998380653508232,-0.973492575460011,-1.6550135179684955,1.0,1.0,0.018151923237279776,6.609271699130814,2.5335184038303593,5.7844602918274095
ALGT,2022-01-21,stress,True,True,D-1,177.86000061,176.449996948,174.699996948,180.440002441,1.450580131649315,0,2.5335184038303593,-0.6831031837144175,-2.2998380653508232,-0.973492575460011,-0.19439383397228394,-1.6689483184678444,1.0,2.0,0.020782943338187327,6.816917199806527,2.5335184038303593,3.699512403721783
ALGT,2022-01-24,stress,True,True,D-1,172.839996338,174.61000061,180.440002441,182.729995728,5.722054848149538,1,-0.6831031837144175,-2.2998380653508232,-0.973492575460011,-0.19439383397228394,-1.8085698693364183,-5.833070578594912,0.0,3.0,0.07130031557555104,8.784358327060705,-0.19439383397228394,1.9994479549996336
ALGT,2022-01-25,stress,True,True,D-1,171.589996338,177.679992676,182.729995728,180.919998169,6.4922196093857965,1,-2.2998380653508232,-0.973492575460011,-0.19439383397228394,-1.8085698693364183,-1.0427862679659117,-6.174102695933781,0.0,4.0,0.3650678180701423,9.930700576955932,-0.19439383397228394,2.8324966190583334
ALGT,2022-01-26,stress,True,True,D-1,179.779998779,174.649993896,180.919998169,171.75,0.6341080196587079,0,-0.973492575460011,-0.19439383397228394,-1.8085698693364183,-1.0427862679659117,1.7581994474972884,-2.2769851948265196,1.0,3.0,0.6174240672765973,4.547502343572174,1.7581994474972884,0.0
ALGT,2022-01-27,stress,True,True,D-1,175.919998169,171.979995728,171.75,179.149993896,1.8360594364587701,0,-0.19439383397228394,-1.8085698693364183,-1.0427862679659117,1.7581994474972884,-1.705312305772777,-2.999171932499445,1.0,4.0,0.47395818278114665,6.361294588773769,1.7581994474972884,0.0
ALGT,2022-01-28,stress,True,True,D-1,170.820007324,171.75,179.149993896,183.339996338,7.329345789251085,1,-1.8085698693364183,-1.0427862679659117,1.7581994474972884,-1.705312305772777,-1.5287708338483696,-4.296049722379214,1.0,1.0,0.4057489123190996,6.25072698396969,1.7581994474972884,4.966212269961757
ALGT,2022-01-31,stress,True,True,D-1,169.910003662,178.660003662,183.339996338,181.0,7.904180087427992,1,-1.0427862679659117,1.7581994474972884,-1.705312305772777,-1.5287708338483696,-0.1337340002983578,-2.6636424082144394,1.0,2.0,0.41283435724907036,6.393010613100447,1.7581994474972884,3.418659795252521
ALGT,2022-02-01,stress,True,True,D-1,178.630004883,180.800003052,181.0,186.86000061,4.60728629123115,1,1.7581994474972884,-1.705312305772777,-1.5287708338483696,-0.1337340002983578,4.023291797379924,2.3194565247416143,2.0,3.0,0.7823533299443857,2.278065589710754,4.023291797379924,1.7581994474972884
ALGT,2022-02-02,stress,True,True,D-1,180.899993896,176.169998169,186.86000061,174.320007324,3.2946417441154896,1,-1.705312305772777,-1.5287708338483696,-0.1337340002983578,4.023291797379924,1.1978055222972905,1.7559716932729286,2.0,0.0,0.8684622678879542,1.4048635194267467,4.023291797379924,0.0
ALGT,2022-02-03,stress,True,True,D-1,178.75,175.13999939,174.320007324,179.779998779,0.5762230931468659,0,-1.5287708338483696,-0.1337340002983578,4.023291797379924,1.1978055222972905,-2.5608433655105456,0.8703145297016768,2.0,1.0,0.6286898459156868,4.0699314545725285,4.023291797379924,5.417003563842638
ALGT,2022-02-04,stress,True,True,D-1,172.5,173.229995728,179.779998779,180.039993286,4.371010600579717,1,-0.1337340002983578,4.023291797379924,1.1978055222972905,-2.5608433655105456,-0.5846618548590254,1.8374251311168877,2.0,0.0,0.4866403731914802,6.691790145494969,4.023291797379924,7.153824743428661
ALGT,2022-02-07,stress,True,True,D-1,174.369995117,173.11000061,180.039993286,185.0,6.096235121109794,1,4.023291797379924,1.1978055222972905,-2.5608433655105456,-0.5846618548590254,-1.0905582212244025,0.8617151254730837,2.0,1.0,0.245711158960237,7.868155179892389,4.023291797379924,5.692135795538822
ALGT,2022-02-08,stress,True,True,D-1,176.440002441,179.089996338,185.0,185.059997559,4.885510654468783,1,1.1978055222972905,-2.5608433655105456,-0.5846618548590254,-1.0905582212244025,-0.06926924952906921,-3.1064608408381433,1.0,2.0,0.20749307415964074,7.942926434953579,1.1978055222972905,2.356877571555238
ALGT,2022-02-09,stress,True,True,D-1,180.61000061,182.61000061,185.059997559,181.080001831,2.4638707347159228,0,-2.5608433655105456,-0.5846618548590254,-1.0905582212244025,-0.06926924952906921,3.4544484471884074,-0.9458001577069552,1.0,3.0,0.5521612945913328,4.338603177664657,3.4544484471884074,0.0
ALGT,2022-02-10,stress,True,True,D-1,179.75,179.910003662,181.080001831,181.580001831,1.0180816862308761,0,-0.5846618548590254,-1.0905582212244025,-0.06926924952906921,3.4544484471884074,1.9654946362032577,3.655561394070106,2.0,4.0,0.7550433138311616,2.3273643205755867,3.4544484471884074,0.0
ALGT,2022-02-11,stress,True,True,D-1,180.589996338,172.5,181.580001831,180.75,0.5482061648348857,0,-1.0905582212244025,-0.06926924952906921,3.4544484471884074,1.9654946362032577,-1.47855919116191,2.723537906025797,2.0,0.0,0.6688107468674988,2.862538931784675,3.4544484471884074,3.4544484471884074
ALGT,2022-02-14,stress,True,True,D-1,173.449996948,172.330001831,180.75,180.130004883,4.208707512510657,1,-0.06926924952906921,3.4544484471884074,1.9654946362032577,-1.47855919116191,-4.118727981308535,-0.42140261271276236,2.0,1.0,0.21744578376046578,7.281158005217403,3.4544484471884074,8.990837788532257
ALGT,2022-02-15,stress,True,True,D-1,175.929992676,178.020004272,180.130004883,178.399993896,2.3873201738460192,0,3.4544484471884074,1.9654946362032577,-1.47855919116191,-4.118727981308535,-0.09854966318840752,-0.45057984879639523,2.0,2.0,0.20685399954402525,7.386987519726262,3.4544484471884074,7.667667099132125
ALGT,2022-02-16,stress,True,True,D-1,176.11000061,178.770004272,178.399993896,175.0,1.3003198444540676,0,1.9654946362032577,-1.47855919116191,-4.118727981308535,-0.09854966318840752,3.3018060584598885,-0.5974605437930713,2.0,3.0,0.5613712181741456,3.954607975541613,3.3018060584598885,1.9654946362032577
ALGT,2022-02-17,stress,True,True,D-1,175.830001831,172.169998169,175.0,173.899993896,-0.47204789987874696,0,-1.47855919116191,-4.118727981308535,-0.09854966318840752,3.3018060584598885,0.42130096730819133,-2.102840110165194,2.0,4.0,0.6081001812509806,3.5184836027803312,3.3018060584598885,0.0
ALGT,2022-02-18,stress,True,True,D-1,172.940002441,171.729995728,173.899993896,173.779998779,0.5551008681912828,0,-4.118727981308535,-0.09854966318840752,3.3018060584598885,0.42130096730819133,-3.691897938849986,-4.3021540411623205,2.0,3.0,0.25139234851252534,5.4655304420478945,3.3018060584598885,6.587957031730096
ALGT,2022-02-22,stress,True,True,D-1,169.669998169,171.440002441,173.779998779,171.800003052,2.4223496518849696,0,-0.09854966318840752,3.3018060584598885,0.42130096730819133,-3.691897938849986,-0.25556278427097956,-0.44637928811593897,2.0,4.0,0.0689976939192087,5.73575167299325,3.3018060584598885,7.2398316644158855
ALGT,2022-02-23,stress,True,True,D-1,172.770004272,165.710006714,171.800003052,177.369995117,2.662493911708208,0,3.3018060584598885,0.42130096730819133,-3.691897938849986,-0.25556278427097956,-0.168865832535936,-0.5164506357243637,2.0,4.0,0.23500419394352226,5.430469800771265,3.3018060584598885,3.7258031170434913
ALGT,2022-02-24,stress,True,True,D-1,156.929992676,171.080001831,177.369995117,175.800003052,13.024917730800322,1,0.42130096730819133,-3.691897938849986,-0.25556278427097956,-0.168865832535936,-3.3422746415160187,-6.914951838328975,1.0,4.0,0.011652727406670635,8.701947730825665,0.42130096730819133,3.9267974814611195
ALGT,2022-02-25,stress,True,True,D-1,172.660003662,174.740005493,175.800003052,172.660003662,1.8186026429994007,0,-3.691897938849986,-0.25556278427097956,-0.168865832535936,-3.3422746415160187,3.2405979720151246,-4.301617864985663,1.0,4.0,0.6825675264453555,4.278695339406768,3.2405979720151246,0.20998635375304442
ALGT,2022-02-28,stress,True,True,D-1,171.300003052,174.089996338,172.660003662,173.0,0.9924091755468156,0,-0.25556278427097956,-0.168865832535936,-3.3422746415160187,3.2405979720151246,2.139352129312888,1.4927149627296465,2.0,0.0,0.8806178043683318,1.5050872961688944,3.2405979720151246,0.0
ALGT,2022-03-01,stress,True,True,D-1,171.449996948,167.470001221,173.0,168.229995728,0.9040554561631664,0,-0.168865832535936,-3.3422746415160187,3.2405979720151246,2.139352129312888,-0.3719864567739539,1.3742506659919496,2.0,1.0,0.8511121670089854,1.884082283873334,3.2405979720151246,3.2405979720151246
ALGT,2022-03-02,stress,True,True,D-1,169.979995728,168.190002441,168.229995728,160.350006104,-1.029532912096509,0,-3.3422746415160187,3.2405979720151246,2.139352129312888,-0.3719864567739539,-3.8026280982550675,-2.3156796333844265,2.0,2.0,0.5506130528959841,5.9115028505526634,3.2405979720151246,7.401067265517147
ALGT,2022-03-03,stress,True,True,D-1,166.550003052,162.259994507,160.350006104,155.479995728,-3.722603923378043,0,3.2405979720151246,2.139352129312888,-0.3719864567739539,-3.8026280982550675,0.4299284736075659,1.4965877898250435,3.0,3.0,0.5832958154881608,5.4581084147497405,3.2405979720151246,6.629646177602433
ALGT,2022-03-04,stress,True,True,D-1,160.350006104,156.850006104,155.479995728,144.130004883,-3.0371126851354013,0,2.139352129312888,-0.3719864567739539,-3.8026280982550675,0.4299284736075659,-3.525779087898051,-5.155487040918317,2.0,4.0,0.05503378120449635,9.312215654825607,2.139352129312888,5.250361071818754
ALGT,2022-03-07,stress,True,True,D-1,155.080001831,133.630004883,144.130004883,149.550003052,-3.5659006407714577,0,-0.3719864567739539,-3.8026280982550675,0.4299284736075659,-3.525779087898051,-3.3341480254805544,-10.238067315224331,1.0,4.0,0.1124125746994673,12.08160421456097,0.4299284736075659,7.172300893144213
ALGT,2022-03-08,stress,True,True,D-1,135.160003662,137.050003052,149.550003052,147.850006104,10.64664027827762,1,-3.8026280982550675,0.4299284736075659,-3.525779087898051,-3.3341480254805544,-14.803953023504434,-23.240848013142546,1.0,3.0,0.039053113407765114,29.461942436858003,0.4299284736075659,18.074443815166305
ALGT,2022-03-09,stress,True,True,D-1,143.990005493,146.940002441,147.850006104,144.720001221,2.6807420402436444,0,0.4299284736075659,-3.525779087898051,-3.3341480254805544,-14.803953023504434,2.559304081440672,-18.16444613794238,2.0,4.0,0.12252878016578825,26.23129963328765,2.559304081440672,13.053455589616425
ALGT,2022-03-10,stress,True,True,D-1,142.300003052,141.979995728,144.720001221,144.210006714,1.7006311434270893,0,-3.525779087898051,-3.3341480254805544,-14.803953023504434,2.559304081440672,7.21634379332885,-12.634520299418138,2.0,4.0,0.4118785889127502,14.48890222766157,7.21634379332885,0.0
ALGT,2022-03-11,stress,True,True,D-1,144.679992676,140.25,144.210006714,151.630004883,4.803713408089538,1,-3.3341480254805544,-14.803953023504434,2.559304081440672,7.21634379332885,-3.375531938616616,-12.498458933526646,2.0,4.0,0.35134160930164954,12.938449731462565,7.21634379332885,2.559304081440672
ALGT,2022-03-14,stress,True,True,D-1,141.800003052,141.559997559,151.630004883,158.009994507,11.431587521937892,1,-14.803953023504434,2.559304081440672,7.21634379332885,-3.375531938616616,-1.2184785040522672,-10.583363377744014,2.0,4.0,0.35053314671542096,10.859176989661323,7.21634379332885,11.769224104928266
ALGT,2022-03-15,stress,True,True,D-1,146.0,148.410003662,158.009994507,156.679992676,8.2260236349315,1,2.559304081440672,7.21634379332885,-3.375531938616616,-1.2184785040522672,0.9340446053476059,5.934290493323813,3.0,3.0,0.5249701537525924,5.644253765736229,7.21634379332885,7.512158824767933
ALGT,2022-03-16,stress,True,True,D-1,151.690002441,156.699996948,156.679992676,158.850006104,4.720155282339644,1,7.21634379332885,-3.375531938616616,-1.2184785040522672,0.9340446053476059,4.83894194766783,8.288945900781751,3.0,0.0,0.75306755284032,2.169665886090444,7.21634379332885,7.21634379332885
ALGT,2022-03-17,stress,True,True,D-1,153.119995117,155.949996948,158.850006104,156.11000061,3.7421703041602417,1,-3.375531938616616,-1.2184785040522672,0.9340446053476059,4.83894194766783,5.585872300684147,6.642163022230041,3.0,0.0,0.9325438886451018,0.8359908005835415,5.585872300684147,0.9340446053476059
ALGT,2022-03-18,stress,True,True,D-1,153.63999939,156.949996948,156.11000061,157.050003052,2.219476487593597,0,-1.2184785040522672,0.9340446053476059,4.83894194766783,5.585872300684147,-0.478621579200722,9.83941515730371,3.0,1.0,0.8939239056011683,1.3209346581050996,5.585872300684147,4.83894194766783
ALGT,2022-03-21,stress,True,True,D-1,155.899993896,152.160003662,157.050003052,155.960006714,0.7376582431216416,0,0.9340446053476059,4.83894194766783,5.585872300684147,-0.478621579200722,0.6412311763837053,11.90730620178253,4.0,0.0,0.9062187443172636,1.2105824740025195,5.585872300684147,5.585872300684147
ALGT,2022-03-22,stress,True,True,D-1,153.949996948,154.559997559,155.960006714,156.759994507,1.8252663947431635,0,4.83894194766783,5.585872300684147,-0.478621579200722,0.6412311763837053,-3.0519231469542496,7.487995398263614,3.0,1.0,0.5033406209666754,4.3966891962363475,5.585872300684147,8.016134153952237
ALGT,2022-03-23,stress,True,True,D-1,153.11000061,154.36000061,156.759994507,159.559997559,4.212655556987022,1,5.585872300684147,-0.478621579200722,0.6412311763837053,-3.0519231469542496,1.5772830173763852,4.143921396974326,3.0,2.0,0.4964781228343891,2.7756266904457982,5.585872300684147,7.1086498957623085
ALGT,2022-03-24,stress,True,True,D-1,155.490005493,154.830001831,159.559997559,159.36000061,2.617526479014254,0,-0.478621579200722,0.6412311763837053,-3.0519231469542496,1.5772830173763852,-0.12939761397425809,-1.493296990156634,2.0,3.0,0.473004314301943,2.908788206955415,1.5772830173763852,0.6412311763837053
ALGT,2022-03-25,stress,True,True,D-1,155.38999939,156.940002441,159.36000061,165.720001221,6.647790637461548,1,0.6412311763837053,-3.0519231469542496,1.5772830173763852,-0.12939761397425809,0.3044838164956376,-0.7181757864179072,3.0,4.0,0.4751955155820942,2.5963987763740315,1.5772830173763852,1.5772830173763852
ALGT,2022-03-28,stress,True,True,D-1,159.36000061,157.580001831,165.720001221,162.690002441,3.9909642235536724,1,-3.0519231469542496,1.5772830173763852,-0.12939761397425809,0.3044838164956376,1.3627853678533697,-0.006367956160791,3.0,0.0,0.686977700576478,1.6694246700964532,1.5772830173763852,1.5772830173763852
ALGT,2022-03-29,stress,True,True,D-1,162.100006104,161.320007324,162.690002441,164.279998779,1.3448442892725065,0,1.5772830173763852,-0.12939761397425809,0.3044838164956376,1.3627853678533697,0.40779876388787883,3.562038668873635,4.0,1.0,0.7363519072944108,1.2565019069637362,1.5772830173763852,1.5772830173763852
ALGT,2022-03-30,stress,True,True,D-1,159.669998169,160.61000061,164.279998779,164.190002441,2.8872052751705013,0,-0.12939761397425809,0.3044838164956376,1.3627853678533697,0.40779876388787883,2.3734010975650532,4.373712391150564,4.0,0.0,0.6781276893673589,2.727494233348815,2.3734010975650532,1.3627853678533697
ALGT,2022-03-31,stress,True,True,D-1,160.690002441,162.38999939,164.190002441,162.539993286,2.1781068808466086,0,0.3044838164956376,1.3627853678533697,0.40779876388787883,2.3734010975650532,-0.44012316003309015,4.048976402760585,4.0,1.0,0.5687765418724033,3.181620441810673,2.3734010975650532,1.3627853678533697
ALGT,2022-04-01,stress,True,True,D-1,162.869995117,160.169998169,162.539993286,161.259994507,-0.2026167132644252,0,1.3627853678533697,0.40779876388787883,2.3734010975650532,-0.44012316003309015,1.1082739388827312,4.882773021763498,4.0,2.0,0.6852550798958379,2.0506200157083265,2.3734010975650532,2.3734010975650532
ALGT,2022-04-04,stress,True,True,D-1,158.429992676,160.089996338,161.259994507,158.63999939,1.786279089709697,0,0.40779876388787883,2.3734010975650532,-0.44012316003309015,1.1082739388827312,-1.3670800106775127,2.058108626074673,3.0,3.0,0.4729341220303547,3.46507030994907,2.3734010975650532,2.6473581608418395
ALGT,2022-04-05,stress,True,True,D-1,160.089996338,158.580001831,158.63999939,153.979995728,-0.9057386352477548,0,2.3734010975650532,-0.44012316003309015,1.1082739388827312,-1.3670800106775127,-0.04994807511677912,1.5928382268277197,2.0,4.0,0.3281620999504137,3.5167749464578124,2.3734010975650532,3.7897463532087117
ALGT,2022-04-06,stress,True,True,D-1,155.220001221,154.0,153.979995728,151.020004272,-0.7988696580632504,0,-0.44012316003309015,1.1082739388827312,-1.3670800106775127,-0.04994807511677912,-0.943216029446281,-1.6984908062252169,1.0,3.0,0.44335997164293717,3.5943983366039767,1.1082739388827312,2.1009669251949026
ALGT,2022-04-07,stress,True,True,D-1,152.0,150.330001831,151.020004272,153.169998169,0.769735637500002,0,1.1082739388827312,-1.3670800106775127,-0.04994807511677912,-0.943216029446281,-2.888133294310935,-4.11555979384538,1.0,4.0,0.24300461023995223,6.675323882467543,1.1082739388827312,4.9123819264562325
ALGT,2022-04-08,stress,True,True,D-1,151.020004272,146.75,153.169998169,151.619995117,1.4236484148998363,0,-1.3670800106775127,-0.04994807511677912,-0.943216029446281,-2.888133294310935,-2.3831156941558462,-7.426564199952002,0.0,4.0,0.19042029420691076,9.219716916907439,-0.04994807511677912,5.202421430661919
ALGT,2022-04-11,stress,True,True,D-1,145.300003052,148.050003052,151.619995117,158.960006714,9.401241139073724,1,-0.04994807511677912,-0.943216029446281,-2.888133294310935,-2.3831156941558462,-2.3814287150908275,-8.378596692521755,0.0,4.0,0.02830810547692321,10.759790995570695,-0.04994807511677912,4.707792207792205
ALGT,2022-04-12,stress,True,True,D-1,149.100006104,149.880004883,158.960006714,162.770004272,9.168341789647494,1,-0.943216029446281,-2.888133294310935,-2.3831156941558462,-2.3814287150908275,0.8858623863713833,-7.520765545262309,1.0,4.0,0.17230585666375603,8.922655307450555,0.8858623863713833,1.5166625099646946
ALGT,2022-04-13,stress,True,True,D-1,154.059997559,157.369995117,162.770004272,160.080001831,5.653645885372893,1,-2.888133294310935,-2.3831156941558462,-2.3814287150908275,0.8858623863713833,1.2360701069065394,-5.486187947753751,2.0,4.0,0.34332856733652256,5.8446718852446455,1.2360701069065394,0.0
ALGT,2022-04-14,stress,True,True,D-1,157.800003052,158.740005493,160.080001831,166.0,5.196449169457784,1,-2.3831156941558462,-2.3814287150908275,0.8858623863713833,1.2360701069065394,4.997324519602775,2.188308517532467,3.0,0.0,0.8836009391839943,1.010365156215376,4.997324519602775,0.8858623863713833
ALGT,2022-04-18,stress,True,True,D-1,157.550003052,158.759994507,166.0,166.660003662,5.782291611250057,1,-2.3814287150908275,0.8858623863713833,1.2360701069065394,4.997324519602775,0.870566447550214,5.5943614445335355,4.0,0.0,0.7693189182845414,2.538741740926609,4.997324519602775,1.2360701069065394
ALGT,2022-04-19,stress,True,True,D-1,160.25,164.270004272,166.660003662,176.559997559,10.177845590639635,1,0.8858623863713833,1.2360701069065394,4.997324519602775,0.870566447550214,0.012592297661750962,8.183982628279374,5.0,1.0,0.7704631090460791,2.525831383058663,4.997324519602775,4.997324519602775
ALGT,2022-04-20,stress,True,True,D-1,165.130004883,165.190002441,176.559997559,174.089996338,6.921814532797077,1,1.2360701069065394,4.997324519602775,0.870566447550214,0.012592297661750962,3.4706537891427525,10.95575878799746,5.0,0.0,0.9030815049630525,1.0531415858098248,4.997324519602775,4.997324519602775
ALGT,2022-04-21,stress,True,True,D-1,171.880004883,173.949996948,174.089996338,168.339996338,1.2857757692666727,0,4.997324519602775,0.870566447550214,0.012592297661750962,3.4706537891427525,0.5600524411484509,10.21483657540001,5.0,0.0,0.8868359815712037,0.8898851015666231,4.997324519602775,4.997324519602775
ALGT,2022-04-22,stress,True,True,D-1,172.759994507,165.630004883,168.339996338,162.600006104,-2.558461628580855,0,0.870566447550214,0.012592297661750962,3.4706537891427525,0.5600524411484509,5.3029810385339715,10.535681734420365,5.0,0.0,0.8707280685825682,1.5004315359546938,5.3029810385339715,3.4706537891427525
ALGT,2022-04-25,stress,True,True,D-1,165.649993896,164.330001831,162.600006104,162.690002441,-1.7868949979306326,0,0.012592297661750962,3.4706537891427525,0.5600524411484509,5.3029810385339715,-4.782979138244626,4.340430358813241,4.0,1.0,0.4586433207525014,6.599041450080789,5.3029810385339715,3.4706537891427525
ALGT,2022-04-26,stress,True,True,D-1,161.710006714,160.179992676,162.690002441,162.300003052,0.6060204602756691,0,3.4706537891427525,0.5600524411484509,5.3029810385339715,-4.782979138244626,-0.784883785349344,3.5084451478451184,3.0,2.0,0.25015342989727307,7.442338947076488,5.3029810385339715,10.833303134415218
ALGT,2022-04-27,stress,True,True,D-1,159.0,159.25,162.300003052,162.839996338,2.4150920364779838,0,0.5600524411484509,5.3029810385339715,-4.782979138244626,-0.784883785349344,-2.5254117378200602,-2.4898103668565708,2.0,3.0,0.09801753419393018,10.225999270790464,5.3029810385339715,8.593455014459916
ALGT,2022-04-28,stress,True,True,D-1,161.220001221,160.330001831,162.839996338,156.490005493,1.0048350730250455,0,5.3029810385339715,-4.782979138244626,-0.784883785349344,-2.5254117378200602,-0.5805922827585186,-3.5958607380743524,1.0,4.0,0.12927599058075082,10.869700194034548,5.3029810385339715,8.394322713454883
ALGT,2022-04-29,stress,True,True,D-1,159.929992676,155.190002441,156.490005493,157.910003662,-1.2630457740920864,0,-4.782979138244626,-0.784883785349344,-2.5254117378200602,-0.5805922827585186,0.678180113657767,-7.829833490064109,1.0,4.0,0.2910874852672657,8.582295484225133,0.678180113657767,0.0
ALGT,2022-05-02,stress,True,True,D-1,154.070007324,155.729995728,157.910003662,155.550003052,2.4923711010961025,0,-0.784883785349344,-2.5254117378200602,-0.5805922827585186,0.678180113657767,-3.205887439219246,-6.303207229496111,1.0,4.0,0.03733599035692403,8.47348005036559,0.678180113657767,2.5494490166405037
ALGT,2022-05-03,stress,True,True,D-1,155.479995728,155.710006714,155.550003052,157.029998779,0.9969147759121499,0,-2.5254117378200602,-0.5805922827585186,0.678180113657767,-3.205887439219246,0.3479562333310149,-5.2333755292258815,2.0,1.0,0.39282614873607613,4.565594814770568,0.678180113657767,3.5472664047243363
ALGT,2022-05-04,stress,True,True,D-1,154.270004272,153.520004272,157.029998779,156.009994507,1.7890674989116784,0,-0.5805922827585186,0.678180113657767,-3.205887439219246,0.3479562333310149,-0.012835686475531904,-2.790601926822134,2.0,2.0,0.39111914373297096,4.579018249672284,0.678180113657767,0.678180113657767
ALGT,2022-05-05,stress,True,True,D-1,152.5,155.089996338,156.009994507,153.770004272,2.3016357422950717,0,0.678180113657767,-3.205887439219246,0.3479562333310149,-0.012835686475531904,-1.406462235932271,-3.598113486970178,2.0,3.0,0.4323999326872276,6.07086490792903,0.678180113657767,2.097297506982565
ALGT,2022-05-06,stress,True,True,D-1,154.0,154.059997559,153.770004272,146.309997559,-0.14934787532467908,0,-3.205887439219246,0.3479562333310149,-0.012835686475531904,-1.406462235932271,1.0226628597653997,-3.2682626041028673,2.0,4.0,0.5280145636902962,4.9970985769512755,1.0226628597653997,0.7461389764213844
ALGT,2022-05-09,stress,True,True,D-1,151.770004272,141.729995728,146.309997559,147.410003662,-2.8727683252785963,0,0.3479562333310149,-0.012835686475531904,-1.406462235932271,1.0226628597653997,-0.6641297332648177,-0.7281428340911278,2.0,3.0,0.6649256516591298,2.499030354408238,1.0226628597653997,0.3479562333310149
ALGT,2022-05-10,stress,True,True,D-1,144.5,141.919998169,147.410003662,142.369995117,2.0138433647058918,0,-0.012835686475531904,-1.406462235932271,1.0226628597653997,-0.6641297332648177,-8.003376623628732,-8.98991869520922,1.0,4.0,0.03171744865643623,11.416078756575798,1.0226628597653997,9.637016412836275
ALGT,2022-05-11,stress,True,True,D-1,141.410003662,141.580001831,142.369995117,144.13999939,1.9305534667301671,0,-1.406462235932271,1.0226628597653997,-0.6641297332648177,-8.003376623628732,0.13405944170394868,-8.856212157468324,2.0,3.0,0.13508874900925655,10.646843859176801,1.0226628597653997,8.902709323709278
ALGT,2022-05-12,stress,True,True,D-1,139.679992676,139.039993286,144.13999939,144.0,3.1930175743532407,1,1.0226628597653997,-0.6641297332648177,-8.003376623628732,0.13405944170394868,-0.23956901239183814,-7.777489648739988,2.0,4.0,0.11562702523955486,10.912555974142602,1.0226628597653997,1.1284935953338016
ALGT,2022-05-13,stress,True,True,D-1,140.770004272,142.899993896,144.0,151.330001831,7.501596390233578,1,-0.6641297332648177,-8.003376623628732,0.13405944170394868,-0.23956901239183814,-1.7940447182872243,-10.348831924027479,1.0,4.0,0.15948429946063775,12.20512229606725,0.13405944170394868,2.163375197169537
ALGT,2022-05-16,stress,True,True,D-1,142.580001831,142.0,151.330001831,153.529998779,7.679896764890648,1,-8.003376623628732,0.13405944170394868,-0.23956901239183814,-1.7940447182872243,2.77618008946543,-7.243933428420368,2.0,4.0,0.39442828834513416,7.606725570549,2.77618008946543,0.13405944170394868
ALGT,2022-05-17,stress,True,True,D-1,145.649993896,150.919998169,153.529998779,152.929992676,5.410233582726165,1,0.13405944170394868,-0.23956901239183814,-1.7940447182872243,2.77618008946543,-0.6298068120667688,0.19050608914019662,2.0,3.0,0.5332178281832345,3.809861733802822,2.77618008946543,0.13405944170394868
ALGT,2022-05-18,stress,True,True,D-1,149.800003052,150.800003052,152.929992676,148.509994507,2.089445634332532,0,-0.23956901239183814,-1.7940447182872243,2.77618008946543,-0.6298068120667688,6.281688851408451,6.341600983733597,2.0,0.0,0.973565196182696,0.2716695381488776,6.281688851408451,2.77618008946543
ALGT,2022-05-19,stress,True,True,D-1,149.399993896,146.38999939,148.509994507,143.449996948,-0.5957158134956564,0,-1.7940447182872243,2.77618008946543,-0.6298068120667688,6.281688851408451,-0.07950908988590966,6.512220018195536,2.0,0.0,0.8458499692709189,1.8103419573928248,6.281688851408451,2.77618008946543
ALGT,2022-05-20,stress,True,True,D-1,147.809997559,141.190002441,143.449996948,140.509994507,-2.949733227117912,0,2.77618008946543,-0.6298068120667688,6.281688851408451,-0.07950908988590966,-2.9244055522195778,5.286253206932567,2.0,1.0,0.49361728379104397,4.877381937804515,6.281688851408451,9.283278325274791
ALGT,2022-05-23,stress,True,True,D-1,143.429992676,142.440002441,140.509994507,136.070007324,-2.035835123826668,0,-0.6298068120667688,6.281688851408451,-0.07950908988590966,-2.9244055522195778,-3.552153132500957,-1.196635079106112,1.0,2.0,0.07634762166376825,8.739993005635526,6.281688851408451,12.654368172698792
ALGT,2022-05-24,stress,True,True,D-1,140.509994507,132.059997559,136.070007324,146.660003662,4.3769193619131785,1,6.281688851408451,-0.07950908988590966,-2.9244055522195778,-3.552153132500957,0.8853318070607408,0.3098608739436459,2.0,3.0,0.1809452114376756,7.785731639953886,6.281688851408451,8.979958518366216
ALGT,2022-05-25,stress,True,True,D-1,131.520004272,135.0,146.660003662,152.320007324,15.815086965008728,1,-0.07950908988590966,-2.9244055522195778,-3.552153132500957,0.8853318070607408,-7.287282156779995,-12.496687542283546,1.0,4.0,0.028507000408225094,16.25776284783582,0.8853318070607408,6.466466976523499
ALGT,2022-05-26,stress,True,True,D-1,136.419998169,146.199996948,152.320007324,150.509994507,11.655189391882793,1,-2.9244055522195778,-3.552153132500957,0.8853318070607408,-7.287282156779995,2.2262626801022645,-10.477455392724178,2.0,4.0,0.17752281119362182,13.281476056296304,2.2262626801022645,6.1085853267886066
ALGT,2022-05-27,stress,True,True,D-1,148.380004883,151.470001221,150.509994507,151.979995728,2.426196742504927,0,-3.552153132500957,0.8853318070607408,-7.287282156779995,2.2262626801022645,8.296294035555562,-0.1297919549093085,3.0,4.0,0.867088668694594,1.580025723134315,8.296294035555562,0.8853318070607408
ALGT,2022-05-31,stress,True,True,D-1,149.279998779,149.449996948,151.979995728,148.160003662,1.8086796430091034,0,0.8853318070607408,-7.287282156779995,2.2262626801022645,8.296294035555562,3.6046541607483107,7.280967917183645,4.0,0.0,0.9598864556355433,0.5611712524909773,8.296294035555562,2.2262626801022645
ALGT,2022-06-01,stress,True,True,D-1,151.419998169,145.649993896,148.160003662,147.270004272,-2.152948452265535,0,-7.287282156779995,2.2262626801022645,8.296294035555562,3.6046541607483107,-1.3336002222992804,4.921366460874377,3.0,1.0,0.8645582800666944,1.9203816892673364,8.296294035555562,8.296294035555562
ALGT,2022-06-02,stress,True,True,D-1,145.350006104,148.0,147.270004272,149.570007324,2.9033374907329046,0,2.2262626801022645,8.296294035555562,3.6046541607483107,-1.3336002222992804,-2.5426585009046043,10.290774336057694,3.0,2.0,0.6852282841131562,4.579480746674558,8.296294035555562,12.13864385933907
ALGT,2022-06-03,stress,True,True,D-1,147.130004883,146.309997559,149.570007324,150.160003662,2.0594023506010917,0,8.296294035555562,3.6046541607483107,-1.3336002222992804,-2.5426585009046043,1.6134611757539608,9.629629629629633,3.0,3.0,0.728301582603712,2.9189238675675577,8.296294035555562,9.2665161684503
ALGT,2022-06-06,stress,True,True,D-1,148.11000061,147.059997559,150.160003662,149.050003052,1.3841084623299915,0,3.6046541607483107,-1.3336002222992804,-2.5426585009046043,1.6134611757539608,-1.1418935412162101,0.07523981757613374,2.0,4.0,0.31314174114285964,4.107723235096361,3.6046541607483107,3.6046541607483107
ALGT,2022-06-07,stress,True,True,D-1,145.419998169,149.630004883,149.050003052,145.199996948,2.4962212410299944,0,-1.3336002222992804,-2.5426585009046043,1.6134611757539608,-1.1418935412162101,0.5126102197476667,-2.9114700115210446,2.0,3.0,0.4149815751636576,3.3455720458761107,1.6134611757539608,2.2485979602134165
ALGT,2022-06-08,stress,True,True,D-1,147.809997559,145.559997559,145.199996948,138.5,-1.7657808362781413,0,-2.5426585009046043,1.6134611757539608,-1.1418935412162101,0.5126102197476667,1.747591028599671,0.12044693119841465,3.0,4.0,0.7205714524074387,1.5705344973005575,1.747591028599671,1.6134611757539608
ALGT,2022-06-09,stress,True,True,D-1,144.809997559,139.119995117,138.5,130.369995117,-4.357432266670069,0,1.6134611757539608,-1.1418935412162101,0.5126102197476667,1.747591028599671,-2.720047578146134,-0.061789454700744706,3.0,1.0,0.23714642878205622,3.1602130943533924,1.747591028599671,2.633453032749744
ALGT,2022-06-10,stress,True,True,D-1,136.440002441,133.990005493,130.369995117,125.419998169,-4.448847270158041,0,-1.1418935412162101,0.5126102197476667,1.747591028599671,-2.720047578146134,-4.424294139871554,-6.0000032993243195,2.0,2.0,0.03664903341521688,7.935601590350361,1.747591028599671,8.771589841015714
ALGT,2022-06-13,stress,True,True,D-1,129.910003662,124.190002441,125.419998169,125.470001221,-3.4177525331705816,0,0.5126102197476667,1.747591028599671,-2.720047578146134,-4.424294139871554,-3.6874567309218675,-8.42047178698907,2.0,3.0,0.11153841315468388,12.068062919696466,1.747591028599671,9.696197967336616
ALGT,2022-06-14,stress,True,True,D-1,124.489997864,121.819999695,125.470001221,118.930000305,0.7872145343520875,0,1.747591028599671,-2.720047578146134,-4.424294139871554,-3.6874567309218675,-7.313980633064443,-15.551472526595568,1.0,4.0,0.10045033769183856,20.91150713467278,1.747591028599671,12.479328521433729
ALGT,2022-06-15,stress,True,True,D-1,123.040000916,122.569999695,118.930000305,118.949996948,-3.3241254368912565,0,-2.720047578146134,-4.424294139871554,-3.6874567309218675,-7.313980633064443,-1.9083683866790602,-18.585847945233603,0.0,4.0,0.07944551482539777,22.352654264632733,-1.9083683866790602,9.082771325534278
ALGT,2022-06-16,stress,True,True,D-1,118.279998779,114.050003052,118.949996948,118.75,0.566450943453134,0,-4.424294139871554,-3.6874567309218675,-7.313980633064443,-1.9083683866790602,0.6156624543406375,-15.794173021115531,1.0,4.0,0.12048188841115864,18.46291695301614,0.6156624543406375,1.304455039985708
ALGT,2022-06-17,stress,True,True,D-1,116.430000305,117.0,118.75,115.190002441,1.9926133203835183,0,-3.6874567309218675,-7.313980633064443,-1.9083683866790602,0.6156624543406375,-6.951127245003629,-18.020408959845156,1.0,4.0,0.04117659027450957,21.43796255476842,0.6156624543406375,6.378260271263924
ALGT,2022-06-21,stress,True,True,D-1,118.330001831,112.660003662,115.190002441,117.410003662,-0.7774851303678387,0,-7.313980633064443,-1.9083683866790602,0.6156624543406375,-6.951127245003629,2.5865820859776623,-12.68005432978926,2.0,4.0,0.32915203059254733,11.42734625384616,2.5865820859776623,5.160004225459381
ALGT,2022-06-22,stress,True,True,D-1,110.790000916,114.11000061,117.410003662,123.699996948,11.652672556423438,1,-1.9083683866790602,0.6156624543406375,-6.951127245003629,2.5865820859776623,-3.7093985794871887,-9.284160199994895,2.0,3.0,0.1477046840452232,11.370492759286854,2.5865820859776623,1.8344255870046844
ALGT,2022-06-23,stress,True,True,D-1,113.800003052,117.300003052,123.699996948,123.160003662,8.699467162119756,1,0.6156624543406375,-6.951127245003629,2.5865820859776623,-3.7093985794871887,1.287055654951197,-6.329009279513609,3.0,4.0,0.24417820804373983,9.955306765640737,2.5865820859776623,5.0566670346956055
ALGT,2022-06-24,stress,True,True,D-1,117.819999695,123.489997864,123.160003662,123.269996643,4.625697642257998,1,-6.951127245003629,2.5865820859776623,-3.7093985794871887,1.287055654951197,2.7955502803848287,-4.299581183090262,3.0,3.0,0.8061110504075192,1.4066443760180958,2.7955502803848287,2.5865820859776623
ALGT,2022-06-27,stress,True,True,D-1,123.160003662,118.089996338,123.269996643,115.430000305,0.08930901082291332,0,2.5865820859776623,-3.7093985794871887,1.287055654951197,2.7955502803848287,5.277062788528597,8.27706668950805,4.0,0.0,0.984162958446993,0.1700535165862327,5.277062788528597,2.5865820859776623
ALGT,2022-06-28,stress,True,True,D-1,118.989997864,116.660003662,115.430000305,114.13999939,-2.9918460567323613,0,-3.7093985794871887,1.287055654951197,2.7955502803848287,5.277062788528597,-4.372825021786008,0.9316208017094096,3.0,1.0,0.5654529562910406,4.750614602394365,5.277062788528597,2.7955502803848287
ALGT,2022-06-29,stress,True,True,D-1,115.11000061,113.779998779,114.13999939,115.879997253,0.6689224558418694,0,1.287055654951197,2.7955502803848287,5.277062788528597,-4.372825021786008,-1.2109346433605173,3.5505058316886995,3.0,2.0,0.4546866421531053,6.034624605702099,5.277062788528597,10.80787040059278
ALGT,2022-06-30,stress,True,True,D-1,111.120002747,113.089996338,115.879997253,117.839996338,6.047510281564872,1,2.7955502803848287,5.277062788528597,-4.372825021786008,-1.2109346433605173,-2.468716606030852,-0.2891962398001158,2.0,3.0,0.19611012051501264,8.71857819955515,5.277062788528597,8.926819493291148
ALGT,2022-07-01,train,True,True,D-1,112.88999939,115.410003662,117.839996338,118.519996643,4.987153231837738,1,5.277062788528597,-4.372825021786008,-1.2109346433605173,-2.468716606030852,-0.6064356199723786,-3.5890934394380736,1.0,4.0,0.23559058286508144,9.381909057887983,5.277062788528597,8.337243837676688
ALGT,2022-07-05,train,True,True,D-1,111.839996338,117.430000305,118.519996643,115.269996643,5.972818780154343,1,-4.372825021786008,-1.2109346433605173,-2.468716606030852,-0.6064356199723786,2.051469978888343,-6.543035340318437,1.0,3.0,0.415613772152656,6.810495391733529,2.051469978888343,0.0
ALGT,2022-07-06,train,True,True,D-1,116.629997253,113.279998779,115.269996643,115.050003052,-1.1660813187278185,0,-1.2109346433605173,-2.468716606030852,-0.6064356199723786,2.051469978888343,1.7502786404165915,-0.5588924155022879,2.0,4.0,0.5657994302468291,4.9731723774434355,2.051469978888343,0.0
ALGT,2022-07-07,train,True,True,D-1,113.63999939,113.900001526,115.050003052,112.930000305,1.2407635247876136,0,-2.468716606030852,-0.6064356199723786,2.051469978888343,1.7502786404165915,-3.5340215577120304,-2.897312512343919,2.0,0.0,0.3977011836533339,4.625704378954665,2.051469978888343,3.897068120656122
ALGT,2022-07-08,train,True,True,D-1,114.580001831,112.959999084,112.930000305,117.769996643,2.784076419116377,0,-0.6064356199723786,2.051469978888343,1.7502786404165915,-3.5340215577120304,0.5473188150448172,0.10546910554383171,3.0,1.0,0.46896589221653984,4.056185298597548,2.051469978888343,5.057515086468656
ALGT,2022-07-11,train,True,True,D-1,112.230003357,111.129997253,117.769996643,114.220001221,4.936285414139618,1,2.051469978888343,1.7502786404165915,-3.5340215577120304,0.5473188150448172,-0.8252874709447799,-0.114950268113434,3.0,2.0,0.25767701674207133,4.922094196252114,2.051469978888343,2.333955588394998
ALGT,2022-07-12,train,True,True,D-1,111.199996948,115.839996338,114.220001221,115.730003357,4.073746882491691,1,1.7502786404165915,-3.5340215577120304,0.5473188150448172,-0.8252874709447799,-1.620044126982656,-3.708522895064459,2.0,3.0,0.04890571649633069,6.64986913765131,1.7502786404165915,4.182240217140265
ALGT,2022-07-13,train,True,True,D-1,112.709999084,113.739997864,115.730003357,116.459999084,3.3271227313250273,1,-3.5340215577120304,0.5473188150448172,-0.8252874709447799,-1.620044126982656,4.238278773891402,-1.3540015012094675,2.0,4.0,0.6550834668101937,2.313536248033232,4.238278773891402,0.5473188150448172
ALGT,2022-07-14,train,True,True,D-1,112.349998474,113.599998474,116.459999084,119.660003662,6.506457754595929,1,0.5473188150448172,-0.8252874709447799,-1.620044126982656,4.238278773891402,-1.8128440438418103,0.40607264297154444,2.0,1.0,0.425925825332336,3.5431676232478004,4.238278773891402,0.5473188150448172
ALGT,2022-07-15,train,True,True,D-1,115.410003662,115.669998169,119.660003662,120.599998474,4.497006019686034,1,-0.8252874709447799,-1.620044126982656,4.238278773891402,-1.8128440438418103,-0.12308720997814548,-0.26339161367922026,1.0,2.0,0.4059828827470856,3.670773085401402,4.238278773891402,6.171978648556542
ALGT,2022-07-18,train,True,True,D-1,117.930000305,115.11000061,120.599998474,122.36000061,3.756465948904264,1,-1.620044126982656,4.238278773891402,-1.8128440438418103,-0.12308720997814548,1.8221828545831986,2.39907852954635,2.0,3.0,0.7008547751808372,1.8155083489599377,4.238278773891402,4.238278773891402
ALGT,2022-07-19,train,True,True,D-1,117.580001831,120.099998474,122.36000061,118.919998169,4.0653161290730155,1,4.238278773891402,-1.8128440438418103,-0.12308720997814548,1.8221828545831986,-0.4841338012142149,3.5813942728164294,2.0,0.0,0.47940501231444765,3.9527434870022304,4.238278773891402,4.238278773891402
ALGT,2022-07-20,train,True,True,D-1,120.790000916,120.63999939,118.919998169,121.800003052,0.8361636959522523,0,-1.8128440438418103,-0.12308720997814548,1.8221828545831986,-0.4841338012142149,4.3349820498276515,3.6774881480228006,2.0,0.0,0.9483471090655096,0.41631973884517226,4.3349820498276515,1.8221828545831986
ALGT,2022-07-21,train,True,True,D-1,118.449996948,118.760002136,121.800003052,117.870002747,2.828202777810662,0,-0.12308720997814548,1.8221828545831986,-0.4841338012142149,4.3349820498276515,0.44962608065053367,6.066468837330552,3.0,0.0,0.8369667561530263,1.4257304614530453,4.3349820498276515,1.8221828545831986
ALGT,2022-07-22,train,True,True,D-1,120.010002136,116.330001831,117.870002747,113.470001221,-1.7831841937431703,0,1.8221828545831986,-0.4841338012142149,4.3349820498276515,0.44962608065053367,-1.558353169351756,4.542256805734879,3.0,1.0,0.5396421208606762,3.0313223385407095,4.3349820498276515,5.450715900806924
ALGT,2022-07-25,train,True,True,D-1,116.239997864,116.620002747,113.470001221,114.800003052,-1.2388118018418992,0,-0.4841338012142149,4.3349820498276515,0.44962608065053367,-1.558353169351756,-2.04614370267292,0.5705919187754427,2.0,2.0,0.21688296505543092,5.1835284828415595,4.3349820498276515,7.907592776612238
ALGT,2022-07-26,train,True,True,D-1,112.949996948,111.370002747,114.800003052,115.319999695,2.0982760611238493,0,4.3349820498276515,0.44962608065053367,-1.558353169351756,-2.04614370267292,0.24929159411628543,1.3117905733629476,3.0,3.0,0.2284951640111974,4.921966839130132,4.3349820498276515,6.1369350226386015
ALGT,2022-07-27,train,True,True,D-1,113.319999695,113.930000305,115.319999695,116.13999939,2.488527799673501,0,0.44962608065053367,-1.558353169351756,-2.04614370267292,0.24929159411628543,-4.501800614247586,-7.268939082368043,2.0,4.0,0.17801079986404952,9.868005380197452,0.44962608065053367,4.713357711297039
ALGT,2022-07-28,train,True,True,D-1,113.319999695,114.980003357,116.13999939,118.349998474,4.438756435349633,1,-1.558353169351756,-2.04614370267292,0.24929159411628543,-4.501800614247586,2.298641909721022,-5.562001922188509,2.0,3.0,0.38563625607487095,6.907752765673103,2.298641909721022,2.5559305742540284
ALGT,2022-07-29,train,True,True,D-1,115.419998169,115.309997559,118.349998474,117.629997253,2.5385551477048685,0,-2.04614370267292,0.24929159411628543,-4.501800614247586,2.298641909721022,0.9216212140692237,-3.182888776535442,3.0,4.0,0.46760367424450744,5.931465903531641,2.298641909721022,0.24929159411628543
ALGT,2022-08-01,train,True,True,D-1,115.199996948,117.470001221,117.629997253,118.269996643,2.6649303614007636,0,0.24929159411628543,-4.501800614247586,2.298641909721022,0.9216212140692237,0.2870013849063824,-0.876819613122537,4.0,4.0,0.7117112860038046,2.2201068790155265,2.298641909721022,2.298641909721022
ALGT,2022-08-02,train,True,True,D-1,116.510002136,112.980003357,118.269996643,117.349998474,1.5105952061914785,0,-4.501800614247586,2.298641909721022,0.9216212140692237,0.2870013849063824,1.8732145587764926,0.7288616480690902,4.0,0.0,0.905983205592975,0.7491250905364621,2.298641909721022,2.298641909721022
ALGT,2022-08-03,train,True,True,D-1,114.769996643,117.709999084,117.349998474,114.63999939,2.2479758704056385,0,2.298641909721022,0.9216212140692237,0.2870013849063824,1.8732145587764926,-3.822250631931834,1.4456321902563296,4.0,1.0,0.29062148832755047,4.753049174579704,2.298641909721022,4.319276938186634
ALGT,2022-08-04,train,True,True,D-1,110.0,114.819999695,114.63999939,114.230003357,4.218181263636356,1,0.9216212140692237,0.2870013849063824,1.8732145587764926,-3.822250631931834,4.186577789393331,3.317825655122131,4.0,2.0,0.9154558235421436,0.543708601631443,4.186577789393331,1.8732145587764926
ALGT,2022-08-05,train,True,True,D-1,113.510002136,110.25,114.230003357,112.239997864,0.6343064112864338,0,0.2870013849063824,1.8732145587764926,-3.822250631931834,4.186577789393331,-2.455185975269303,-0.13915781642761527,3.0,3.0,0.5772455779493122,3.0743762309500378,4.186577789393331,1.8732145587764926
ALGT,2022-08-08,train,True,True,D-1,111.980003357,111.230003357,112.239997864,107.75,0.23217940632769274,0,1.8732145587764926,-3.822250631931834,4.186577789393331,-2.455185975269303,-3.9801425771986088,-4.388168993248809,2.0,4.0,0.029940125232171377,7.346937391383213,4.186577789393331,10.524186439510142
ALGT,2022-08-09,train,True,True,D-1,110.720001221,104.199996948,107.75,111.879997253,1.0476842659029817,0,-3.822250631931834,4.186577789393331,-2.455185975269303,-3.9801425771986088,0.8888919337868506,-5.311992678250254,2.0,3.0,0.14873081696364615,6.329221499171123,4.186577789393331,7.313207599127026
ALGT,2022-08-10,train,True,True,D-1,106.529998779,107.230003357,111.879997253,109.089996338,5.022058138852281,1,4.186577789393331,-2.455185975269303,-3.9801425771986088,0.8888919337868506,-6.320242917225061,-7.7712923952183655,2.0,4.0,0.07918842805556768,13.502879181485472,4.186577789393331,9.67410890231849
ALGT,2022-08-11,train,True,True,D-1,109.290000916,107.019996643,109.089996338,112.839996338,3.248234415084794,1,-2.455185975269303,-3.9801425771986088,0.8888919337868506,-6.320242917225061,2.907875717608799,-8.903233207504558,2.0,4.0,0.29526499393372924,9.437652522780947,2.907875717608799,4.485043942487
ALGT,2022-08-12,train,True,True,D-1,106.660003662,109.080001831,112.839996338,112.160003662,5.794105066397792,1,-3.9801425771986088,0.8888919337868506,-6.320242917225061,2.907875717608799,-0.19584697139365392,-6.793244271659471,2.0,4.0,0.3459225966628425,7.1201672453971465,2.907875717608799,0.8888919337868506
ALGT,2022-08-15,train,True,True,D-1,109.470001221,110.379997253,112.160003662,110.120002747,2.457296438290313,0,0.8888919337868506,-6.320242917225061,2.907875717608799,-0.19584697139365392,1.924878763425708,-1.0612228290249437,3.0,4.0,0.5418150347695744,4.721306783601831,2.907875717608799,2.907875717608799
ALGT,2022-08-16,train,True,True,D-1,109.919998169,111.910003662,110.120002747,106.0,0.1819546773395242,0,-6.320242917225061,2.907875717608799,-0.19584697139365392,1.924878763425708,1.191781628326427,-0.7641877895767535,3.0,0.0,0.7502538613083641,2.2286638396642466,2.907875717608799,2.907875717608799
ALGT,2022-08-17,train,True,True,D-1,110.120002747,105.980003357,106.0,103.849998474,-3.7413754488053175,0,2.907875717608799,-0.19584697139365392,1.924878763425708,1.191781628326427,1.3861265148368274,7.399238905781913,4.0,1.0,0.8798458743347256,0.8310183590100273,2.907875717608799,2.907875717608799
ALGT,2022-08-18,train,True,True,D-1,105.120002747,105.550003052,103.849998474,100.699996948,-1.2081471078883133,0,-0.19584697139365392,1.924878763425708,1.191781628326427,1.3861265148368274,-5.298901001656898,-1.165718512418945,3.0,2.0,0.09973787703675203,6.472912590775937,1.924878763425708,5.911102722024708
ALGT,2022-08-19,train,True,True,D-1,103.559997559,102.470001221,100.699996948,98.9000015259,-2.7616847029864,0,1.924878763425708,1.191781628326427,1.3861265148368274,-5.298901001656898,-0.40573720643461986,-1.3735690871899853,3.0,3.0,0.1463701384928698,6.906672738236241,1.924878763425708,7.608017358621366
ALGT,2022-08-22,train,True,True,D-1,100.699996948,98.0299987793,98.9000015259,98.8000030518,-1.787483094989073,0,1.191781628326427,1.3861265148368274,-5.298901001656898,-0.40573720643461986,-2.9180499686794037,-6.05977310143524,2.0,4.0,0.09432332915937154,10.120030246349598,1.3861265148368274,4.69807407552556
ALGT,2022-08-23,train,True,True,D-1,98.0299987793,97.1500015259,98.8000030518,101.400001526,3.437725990680729,1,1.3861265148368274,-5.298901001656898,-0.40573720643461986,-2.9180499686794037,-4.3329778362392375,-11.188620022695584,1.0,4.0,0.057999674480387044,14.413960072071008,1.3861265148368274,8.510715861362193
ALGT,2022-08-24,train,True,True,D-1,97.2099990845,97.7300033569,101.400001526,101.269996643,4.310258698652825,1,-5.298901001656898,-0.40573720643461986,-2.9180499686794037,-4.3329778362392375,-0.8976815917147829,-13.189171345824812,0.0,4.0,0.026276162320492867,13.350489981868119,-0.40573720643461986,5.19176308354502
ALGT,2022-08-25,train,True,True,D-1,98.9000015259,100.470001221,101.269996643,98.9300003052,2.396354985373117,0,-0.40573720643461986,-2.9180499686794037,-4.3329778362392375,-0.8976815917147829,0.5970168007103593,-7.784487392691785,1.0,4.0,0.14742275824791434,8.462085704529066,0.5970168007103593,0.3060241009238407
ALGT,2022-08-26,train,True,True,D-1,100.099998474,98.1100006104,98.9300003052,99.3899993896,-0.709289805418345,0,-2.9180499686794037,-4.3329778362392375,-0.8976815917147829,0.5970168007103593,2.8036404072286913,-4.812886484235623,2.0,4.0,0.5523179731922143,3.3641855398858223,2.8036404072286913,0.0
ALGT,2022-08-29,train,True,True,D-1,96.6399993896,96.1100006104,99.3899993896,100.089996338,3.5699471959757423,1,-4.3329778362392375,-0.8976815917147829,0.5970168007103593,2.8036404072286913,-2.3489604677209175,-4.254904419486316,2.0,1.0,0.35490158825663426,3.353379772837606,2.8036404072286913,0.5970168007103593
ALGT,2022-08-30,train,True,True,D-1,98.2399978638,98.9400024414,100.089996338,96.7699966431,1.8831418102887687,0,-0.8976815917147829,0.5970168007103593,2.8036404072286913,-2.3489604677209175,-2.038528169969245,-1.958582263397346,2.0,2.0,0.0,5.504110791804084,2.8036404072286913,7.143244824082917
ALGT,2022-08-31,train,True,True,D-1,100.089996338,96.5,96.7699966431,98.0899963379,-1.9982016917515666,0,0.5970168007103593,2.8036404072286913,-2.3489604677209175,-2.038528169969245,2.944544597884202,1.8425124934483783,3.0,3.0,0.5349718981436167,2.4863543803296473,2.944544597884202,2.8036404072286913
ALGT,2022-09-01,train,True,True,D-1,96.0299987793,96.4899978638,98.0899963379,96.6600036621,2.1451604548432535,0,2.8036404072286913,-2.3489604677209175,-2.038528169969245,2.944544597884202,-2.4661435023161205,-1.2585729199334539,2.0,4.0,0.09259256642661924,5.077721788601042,2.944544597884202,2.8036404072286913
ALGT,2022-09-02,train,True,True,D-1,97.9800033569,95.5299987793,96.6600036621,97.9899978638,0.010200557825656986,0,-2.3489604677209175,-2.038528169969245,2.944544597884202,-2.4661435023161205,-0.010364907979276694,-3.961384800270229,1.0,4.0,0.3333333333426308,4.953880075681205,2.944544597884202,5.420797394674947
ALGT,2022-09-06,train,True,True,D-1,96.6200027466,95.2300033569,97.9899978638,99.9300003052,3.4257891373496996,1,-2.038528169969245,2.944544597884202,-2.4661435023161205,-0.010364907979276694,-0.9949208267732379,-2.6297032056347813,1.0,2.0,0.23873135478364663,4.773367127570927,2.944544597884202,3.949727210008558
ALGT,2022-09-07,train,True,True,D-1,95.3000030518,96.9899978638,99.9300003052,100.010002136,4.942286393883832,1,2.944544597884202,-2.4661435023161205,-0.010364907979276694,-0.9949208267732379,-0.31403268735831213,-0.9156146581116187,1.0,3.0,0.28318674689642165,5.103426241502773,2.944544597884202,4.250373735406354
ALGT,2022-09-08,train,True,True,D-1,97.9300003052,97.9800033569,100.010002136,102.489997864,4.656384708045258,1,-2.4661435023161205,-0.010364907979276694,-0.9949208267732379,-0.31403268735831213,1.848151259959474,-1.9708960273726928,1.0,4.0,0.5427730040868324,3.1962042916561684,1.848151259959474,0.0
ALGT,2022-09-09,train,True,True,D-1,99.0999984741,99.8499984741,102.489997864,99.0400009155,3.4207865207848354,1,-0.010364907979276694,-0.9949208267732379,-0.31403268735831213,1.848151259959474,1.0207294720123938,1.5336822351295298,2.0,0.0,0.7054386496589434,1.9901988992559794,1.848151259959474,0.0
ALGT,2022-09-12,train,True,True,D-1,100.86000061,101.660003662,99.0400009155,97.9400024414,-1.8044811456401577,0,-0.9949208267732379,-0.31403268735831213,1.848151259959474,1.0207294720123938,1.908547717015674,3.4822268470176443,3.0,0.0,0.9761188727482805,0.16024403039074375,1.908547717015674,1.848151259959474
ALGT,2022-09-13,train,True,True,D-1,98.3799972534,97.5299987793,97.9400024414,99.9700012207,1.616186228593386,0,-0.31403268735831213,1.848151259959474,1.0207294720123938,1.908547717015674,1.8127243020133799,6.416837601832226,4.0,0.0,0.9095866912431607,0.8164412473951721,1.908547717015674,1.848151259959474
ALGT,2022-09-14,train,True,True,D-1,97.1600036621,97.5100021362,99.9700012207,95.2099990845,2.892134059990914,0,1.848151259959474,1.0207294720123938,1.908547717015674,1.8127243020133799,-4.062566136070056,2.4152004004243777,4.0,1.0,0.31015261982055053,5.085613807833589,1.908547717015674,4.232032674706265
ALGT,2022-09-15,train,True,True,D-1,97.5100021362,96.7699966431,95.2099990845,93.3000030518,-2.3587355156524437,0,1.0207294720123938,1.908547717015674,1.8127243020133799,-4.062566136070056,-0.02050306915849509,0.5361421629581198,3.0,2.0,0.3206003182773135,5.10716400235951,1.908547717015674,5.990783971499736
ALGT,2022-09-16,train,True,True,D-1,95.2099990845,91.0699996948,93.3000030518,91.4499969482,-2.0060876494756075,0,1.908547717015674,1.8127243020133799,-4.062566136070056,-0.02050306915849509,-0.7589021401787854,-1.2349527172319519,2.0,3.0,0.2196445094844248,5.910924273353135,1.908547717015674,2.68779732812231
ALGT,2022-09-19,train,True,True,D-1,90.7099990845,91.7699966431,91.4499969482,90.1500015259,0.815784225739713,0,1.8127243020133799,-4.062566136070056,-0.02050306915849509,-0.7589021401787854,-5.890252295163667,-8.79318869652005,1.0,4.0,0.03709969803936945,12.539802577656168,1.8127243020133799,8.417177486625903
ALGT,2022-09-20,train,True,True,D-1,91.0299987793,89.5299987793,90.1500015259,87.0,-0.9667112657372856,0,-4.062566136070056,-0.02050306915849509,-0.7589021401787854,-5.890252295163667,0.7686361597077696,-9.72851334117828,1.0,2.0,0.1220555573307262,8.935387248068016,0.7686361597077696,5.166890744494523
ALGT,2022-09-21,train,True,True,D-1,89.6200027466,87.0,87.0,84.6699981689,-2.9234575611518765,0,-0.02050306915849509,-0.7589021401787854,-5.890252295163667,0.7686361597077696,-2.4408825822578084,-8.202604429538795,1.0,3.0,0.0560574370758257,11.660898675019094,0.7686361597077696,1.6910079286932667
ALGT,2022-09-22,train,True,True,D-1,86.5500030518,84.7699966431,84.6699981689,80.6600036621,-2.1721603889197194,0,-0.7589021401787854,-5.890252295163667,0.7686361597077696,-2.4408825822578084,-2.825867099067758,-10.778383659062829,1.0,4.0,0.06824691617578478,14.90804738011493,0.7686361597077696,5.966409743214429
ALGT,2022-09-23,train,True,True,D-1,83.5800018311,80.2799987793,80.6600036621,78.2900009155,-3.4936565027849587,0,-5.890252295163667,0.7686361597077696,-2.4408825822578084,-2.825867099067758,-2.5632222493103485,-12.40053778678687,1.0,4.0,0.1421525051669052,12.315681083903618,0.7686361597077696,6.085292253866625
ALGT,2022-09-26,train,True,True,D-1,79.6900024414,75.9400024414,78.2900009155,79.0199966431,-0.8407651873178046,0,0.7686361597077696,-2.4408825822578084,-2.825867099067758,-2.5632222493103485,-5.296682837801514,-11.848030033666623,1.0,4.0,0.09833780670485359,16.218241741998106,0.7686361597077696,8.492775493845695
ALGT,2022-09-27,train,True,True,D-1,77.1999969482,75.3300018311,79.0199966431,77.9199981689,2.3575126513556643,0,-2.4408825822578084,-2.825867099067758,-2.5632222493103485,-5.296682837801514,-5.406074245007419,-17.249640166452185,0.0,4.0,0.005131613200320589,20.42401107212035,-2.4408825822578084,10.41641447607482
ALGT,2022-09-28,train,True,True,D-1,75.2200012207,78.7399978638,77.9199981689,75.9100036621,3.589466769985883,1,-2.825867099067758,-2.5632222493103485,-5.296682837801514,-5.406074245007419,-0.8032665139439565,-15.860602191232399,0.0,4.0,0.06851060442535024,19.673435994371037,-0.8032665139439565,6.165915574822279
ALGT,2022-09-29,train,True,True,D-1,77.3199996948,74.6900024414,75.9100036621,74.7300033569,-1.8235851503693556,0,-2.5632222493103485,-5.296682837801514,-5.406074245007419,-0.8032665139439565,4.526743594598148,-9.494255328965517,1.0,4.0,0.3526645177616032,10.490223978018998,4.526743594598148,0.0
ALGT,2022-09-30,train,True,True,D-1,74.6100006104,72.9800033569,74.7300033569,80.9199981689,8.45730801082507,1,-5.296682837801514,-5.406074245007419,-0.8032665139439565,4.526743594598148,-5.143504612999172,-11.890992805082856,1.0,4.0,0.08187670555618759,13.361889679050499,4.526743594598148,0.8495942840078152
ALGT,2022-10-03,train,True,True,D-1,72.6200027466,74.3199996948,80.9199981689,79.5199966431,11.429351567586664,1,-5.406074245007419,-0.8032665139439565,4.526743594598148,-5.143504612999172,-2.289461813636462,-9.093168327603774,1.0,4.0,0.0013006674934396701,10.523431011152296,4.526743594598148,11.841951447236543
ALGT,2022-10-04,train,True,True,D-1,76.7099990845,80.8700027466,79.5199966431,77.0599975586,3.6631437780420883,1,-0.8032665139439565,4.526743594598148,-5.143504612999172,-2.289461813636462,1.8361143823835135,-2.1332666506695075,2.0,3.0,0.3454043525741772,6.3240002255124494,4.526743594598148,5.0221281634904695
ALGT,2022-10-05,train,True,True,D-1,79.1100006104,77.1100006104,77.0599975586,72.6299972534,-2.5913323675673117,0,4.526743594598148,-5.143504612999172,-2.289461813636462,1.8361143823835135,8.8132441855463,7.354308749283467,3.0,0.0,0.9944938973327835,0.06182196191666378,8.8132441855463,4.526743594598148
ALGT,2022-10-06,train,True,True,D-1,76.2900009155,73.6500015259,72.6299972534,68.7900009155,-4.797488030120578,0,-5.143504612999172,-2.289461813636462,1.8361143823835135,8.8132441855463,-4.649439852230108,-2.070100708180722,2.0,1.0,0.5803968292724009,4.940990180703153,8.8132441855463,1.8361143823835135
ALGT,2022-10-07,train,True,True,D-1,72.6299972534,68.3000030518,68.7900009155,69.3799972534,-4.474735127224394,0,-2.289461813636462,1.8361143823835135,8.8132441855463,-4.649439852230108,-4.48709513307064,-1.392423191197456,2.0,2.0,0.19933973821684275,9.871006778517732,8.8132441855463,17.741154381522584
ALGT,2022-10-10,train,True,True,D-1,68.4700012207,67.1399993896,69.3799972534,67.6800003052,1.3290434007249496,0,1.8361143823835135,8.8132441855463,-4.649439852230108,-4.48709513307064,-7.264084675162696,-6.412715935642,2.0,3.0,0.07748575762858925,18.47729802812563,8.8132441855463,20.238477603858275
ALGT,2022-10-11,train,True,True,D-1,68.4400024414,65.4400024414,67.6800003052,68.5400009155,0.1461111492297551,0,8.8132441855463,-4.649439852230108,-4.48709513307064,-7.264084675162696,-1.6983947443168224,-9.660926176917572,1.0,4.0,0.06002711402084421,20.5242759972895,8.8132441855463,17.652350772680126
ALGT,2022-10-12,train,True,True,D-1,64.9599990845,67.2900009155,68.5400009155,69.9100036621,7.620081045815641,1,-4.649439852230108,-4.48709513307064,-7.264084675162696,-1.6983947443168224,-2.532018116853507,-19.080004675588714,0.0,4.0,0.04671649277065618,21.515882757352145,-1.6983947443168224,4.187409198548542
ALGT,2022-10-13,train,True,True,D-1,67.0999984741,67.8700027466,69.9100036621,68.6999969482,4.187787260657871,1,-4.48709513307064,-7.264084675162696,-1.6983947443168224,-2.532018116853507,2.8270146776914196,-12.73505332274053,1.0,4.0,0.26430741406928165,14.519239872457067,2.8270146776914196,0.0
ALGT,2022-10-14,train,True,True,D-1,69.1500015259,66.7099990845,68.6999969482,71.7300033569,3.731022088312863,1,-7.264084675162696,-1.6983947443168224,-2.532018116853507,2.8270146776914196,0.8619435625039307,-7.847927575761682,2.0,4.0,0.4621474206204225,7.0133996083247,2.8270146776914196,0.0
ALGT,2022-10-17,train,True,True,D-1,68.0599975586,67.4499969482,71.7300033569,68.9899978638,5.392309623784675,1,-1.6983947443168224,-2.532018116853507,2.8270146776914196,0.8619435625039307,-1.7091551718820375,-2.327970565527082,2.0,0.0,0.477976830560315,4.7968889544528714,2.8270146776914196,3.688958240046758
ALGT,2022-10-18,train,True,True,D-1,69.4499969482,68.5999984741,68.9899978638,67.6200027466,-0.6623457229855467,0,-2.532018116853507,2.8270146776914196,0.8619435625039307,-1.7091551718820375,1.109275781525132,0.46171814330997485,3.0,1.0,0.5986941673076863,3.647156153008013,2.8270146776914196,3.445853312438696
ALGT,2022-10-19,train,True,True,D-1,68.3700027466,66.1900024414,67.6200027466,67.5599975586,-1.0969723122284059,0,2.8270146776914196,0.8619435625039307,-1.7091551718820375,1.109275781525132,1.7049689813673163,4.82884461309383,4.0,0.0,0.6062889206857662,4.562689435017608,2.8270146776914196,2.8270146776914196
ALGT,2022-10-20,train,True,True,D-1,66.0800018311,66.4599990845,67.5599975586,68.0100021362,2.9207025599561343,0,0.8619435625039307,-1.7091551718820375,1.109275781525132,1.7049689813673163,-3.513113828435288,-1.6347131210197707,3.0,1.0,0.14637962612050442,8.369845461789694,1.7049689813673163,2.9773181296480544
ALGT,2022-10-21,train,True,True,D-1,66.3700027466,66.1299972534,68.0100021362,70.3099975586,5.93640899344674,1,-1.7091551718820375,1.109275781525132,1.7049689813673163,-3.513113828435288,0.4079115170588343,-2.0775064167367074,3.0,2.0,0.17007886504309294,7.9295882410403085,1.7049689813673163,4.824501688657346
ALGT,2022-10-24,train,True,True,D-1,66.6399993896,67.4700012207,70.3099975586,72.5,8.793518403474842,1,1.109275781525132,1.7049689813673163,-3.513113828435288,0.4079115170588343,-0.4965420337734505,-0.8694376241338508,3.0,3.0,0.11811012269525464,8.468178339765586,1.7049689813673163,1.7956249502247168
ALGT,2022-10-25,train,True,True,D-1,66.9300003052,70.0400009155,72.5,74.2600021362,10.951743310287299,1,1.7049689813673163,-3.513113828435288,0.4079115170588343,-0.4965420337734505,2.0263178934747383,0.02965792943676604,3.0,4.0,0.3291341666818281,6.313920348489654,2.0263178934747383,1.7049689813673163
ALGT,2022-10-26,train,True,True,D-1,70.2799987793,71.3399963379,74.2600021362,73.5800018311,5.663066912391934,1,-3.513113828435288,0.4079115170588343,-0.4965420337734505,2.0263178934747383,3.809099819626982,2.0991289700154514,3.0,0.0,0.945233950023245,0.3854892055551895,3.809099819626982,0.4079115170588343
ALGT,2022-10-27,train,True,True,D-1,72.4300003052,72.1999969482,73.5800018311,75.75,4.583735580298831,1,0.4079115170588343,-0.4965420337734505,2.0263178934747383,3.809099819626982,1.8560756787658894,7.780622007167093,4.0,0.0,0.8304087305321369,1.6260214769365344,3.809099819626982,2.0263178934747383
ALGT,2022-10-28,train,True,True,D-1,72.0400009155,73.0,75.75,76.4400024414,6.107719974991421,1,-0.4965420337734505,2.0263178934747383,3.809099819626982,1.8560756787658894,1.205495730931383,8.636770903956714,4.0,0.0,0.7604644705224106,2.853192901764201,3.809099819626982,3.809099819626982
ALGT,2022-10-31,train,True,True,D-1,72.5,75.0500030518,76.4400024414,75.8000030518,5.43448612606896,1,2.0263178934747383,3.809099819626982,1.8560756787658894,1.205495730931383,1.1080375147023425,10.388633043904715,5.0,1.0,0.8534880977020335,1.7260303235616448,3.809099819626982,3.809099819626982
ALGT,2022-11-01,train,True,True,D-1,76.0500030518,75.3899993896,75.8000030518,75.5800018311,-0.3287310847702618,0,3.809099819626982,1.8560756787658894,1.205495730931383,1.1080375147023425,2.8082233586301353,11.2346253060011,5.0,0.0,0.9266250648820501,0.9327074213665965,3.809099819626982,3.809099819626982
ALGT,2022-11-02,train,True,True,D-1,75.0899963379,72.2200012207,75.5800018311,76.6200027466,2.0375635681417092,0,1.8560756787658894,1.205495730931383,1.1080375147023425,2.8082233586301353,0.4530264143564944,7.638490011664234,5.0,0.0,0.8428139215828144,1.3927617194606778,2.8082233586301353,1.8560756787658894
ALGT,2022-11-03,train,True,True,D-1,71.3000030518,74.8600006104,76.6200027466,78.4700012207,10.056097983180923,1,1.205495730931383,1.1080375147023425,2.8082233586301353,0.4530264143564944,-4.204799303045636,1.2335364844033192,4.0,1.0,0.33122064166835286,5.843258307077459,2.8082233586301353,6.579045098832759
ALGT,2022-11-04,train,True,True,D-1,75.1600036621,73.9899978638,78.4700012207,78.2200012207,4.403934802186682,1,1.1080375147023425,2.8082233586301353,0.4530264143564944,-4.204799303045636,3.6554961853743517,3.6842157543419685,4.0,2.0,0.7856171991619804,2.110608894091426,3.6554961853743517,3.5112327544269073
ALGT,2022-11-07,train,True,True,D-1,75.1200027466,77.9800033569,78.2200012207,76.1999969482,4.12672838226209,1,2.8082233586301353,0.4530264143564944,-4.204799303045636,3.6554961853743517,-1.1621730423538423,1.3561614572602743,3.0,0.0,0.6516551232157479,3.554541098435071,3.6554961853743517,2.8082233586301353
ALGT,2022-11-08,train,True,True,D-1,77.9100036621,75.2099990845,76.1999969482,80.1299972534,2.8494333037490938,0,0.4530264143564944,-4.204799303045636,3.6554961853743517,-1.1621730423538423,5.392628204213179,3.904064205137603,3.0,0.0,0.9478725761426847,0.6283634812855432,5.392628204213179,3.6554961853743517
ALGT,2022-11-09,train,True,True,D-1,74.4700012207,74.1299972534,80.1299972534,81.1100006104,8.916341185521981,1,-4.204799303045636,3.6554961853743517,-1.1621730423538423,5.392628204213179,-3.552198195891587,-0.23875886265737334,2.0,1.0,0.6531913184037622,4.334532875791308,5.392628204213179,3.6554961853743517
ALGT,2022-11-10,train,True,True,D-1,77.4300003052,78.0400009155,81.1100006104,80.6100006104,4.752680215284544,1,3.6554961853743517,-1.1621730423538423,5.392628204213179,-3.552198195891587,-1.4359817102066241,2.6446912218447194,2.0,2.0,0.5382975252352991,5.854585360990194,5.392628204213179,10.329799193908094
ALGT,2022-11-11,train,True,True,D-1,78.5299987793,80.5699996948,80.6100006104,83.5599975586,6.405194011827597,1,-1.1621730423538423,5.392628204213179,-3.552198195891587,-1.4359817102066241,5.274522874639209,4.247929841264564,2.0,0.0,0.7171858578444175,2.678109063790246,5.392628204213179,5.392628204213179
ALGT,2022-11-14,train,True,True,D-1,79.9100036621,79.1699981689,83.5599975586,82.8799972534,4.567630746125384,1,5.392628204213179,-3.552198195891587,-1.4359817102066241,5.274522874639209,3.241925614582497,8.89309639272109,3.0,0.0,0.9255171150896566,0.6702257883151486,5.392628204213179,5.392628204213179
ALGT,2022-11-15,train,True,True,D-1,80.9199981689,83.3499984741,82.8799972534,78.6600036621,2.4221442521649816,0,-3.552198195891587,-1.4359817102066241,5.274522874639209,3.241925614582497,-1.7376213618012004,1.5260255972978198,2.0,1.0,0.7324134563448277,2.450426280623663,5.274522874639209,5.274522874639209
ALGT,2022-11-16,train,True,True,D-1,82.7900009155,80.0400009155,78.6600036621,80.7799987793,-2.427832001417074,0,-1.4359817102066241,5.274522874639209,3.241925614582497,-1.7376213618012004,5.279778201184837,10.823028172696226,3.0,0.0,0.9783506030340591,0.2519485163101187,5.279778201184837,5.274522874639209
ALGT,2022-11-17,train,True,True,D-1,78.5,77.4199981689,80.7799987793,79.7200012207,2.904457043694264,0,5.274522874639209,3.241925614582497,-1.7376213618012004,5.279778201184837,-3.9712029024554174,7.972486012508151,3.0,1.0,0.4517137621476473,4.397796855120162,5.279778201184837,5.274522874639209
ALGT,2022-11-18,train,True,True,D-1,79.7600021362,78.3099975586,79.7200012207,79.8300018311,0.0877629049965023,0,3.241925614582497,-1.7376213618012004,5.279778201184837,-3.9712029024554174,-3.2733667124342003,-0.794467887399608,2.0,2.0,0.15426941660230703,7.930766642883325,5.279778201184837,12.394355782182252
ALGT,2022-11-21,train,True,True,D-1,77.6800003052,79.4700012207,79.8300018311,81.9599990845,5.50978213502078,1,-1.7376213618012004,5.279778201184837,-3.9712029024554174,-3.2733667124342003,1.1495729924436038,-2.805016935287219,2.0,3.0,0.2768589569754299,6.70412484187779,5.279778201184837,7.44120166084522
ALGT,2022-11-22,train,True,True,D-1,79.8300018311,77.2099990845,81.9599990845,81.6999969482,2.66816635919227,0,5.279778201184837,-3.9712029024554174,-3.2733667124342003,1.1495729924436038,1.4812970224292954,0.3789352769214105,3.0,4.0,0.4366391966179655,5.146591512615539,5.279778201184837,5.279778201184837
ALGT,2022-11-23,train,True,True,D-1,77.1999969482,80.6200027466,81.6999969482,80.8399963379,5.829015774468793,1,-3.9712029024554174,-3.2733667124342003,1.1495729924436038,1.4812970224292954,-2.8438430873099385,-7.3665260971875535,2.0,4.0,0.1447963019905762,7.343606056379648,1.4812970224292954,2.554244820299134
ALGT,2022-11-25,train,True,True,D-1,80.5,80.8399963379,80.8399963379,81.0299987793,0.658383576770194,0,-3.2733667124342003,1.1495729924436038,1.4812970224292954,-2.8438430873099385,4.416531152096015,0.7246399606020804,3.0,0.0,0.765324596717104,1.6621139819503528,4.416531152096015,1.4812970224292954
ALGT,2022-11-28,train,True,True,D-1,80.8399963379,78.5500030518,81.0299987793,82.7600021362,2.375069130724161,0,1.1495729924436038,1.4812970224292954,-2.8438430873099385,4.416531152096015,0.2728771815990738,4.417460927264449,4.0,1.0,0.8038523772026019,1.3854562065026998,4.416531152096015,1.4812970224292954
ALGT,2022-11-29,train,True,True,D-1,78.3600006104,80.1800003052,82.7600021362,84.8899993896,8.333331710481563,1,1.4812970224292954,-2.8438430873099385,4.416531152096015,0.2728771815990738,-2.8327478845102227,0.30648129317127903,3.0,2.0,0.40280270062449697,4.3411787399311175,4.416531152096015,6.984131777596225
ALGT,2022-11-30,train,True,True,D-1,80.0500030518,82.6100006104,84.8899993896,82.3199996948,6.046216306410468,1,-2.8438430873099385,4.416531152096015,0.2728771815990738,-2.8327478845102227,2.07510781676874,0.8934177344835037,3.0,3.0,0.688266363451463,2.2200034578754746,4.416531152096015,5.232953792618311
ALGT,2022-12-01,train,True,True,D-1,83.5400009155,82.0199966431,82.3199996948,81.3199996948,-1.4603797071226055,0,4.416531152096015,0.2728771815990738,-2.8327478845102227,2.07510781676874,3.0306813369298524,6.993914764835241,4.0,0.0,0.9739580780956156,0.18157792602790934,4.416531152096015,4.416531152096015
ALGT,2022-12-02,train,True,True,D-1,80.7600021362,81.9000015259,81.3199996948,79.7099990845,0.6934095391126549,0,0.2728771815990738,-2.8327478845102227,2.07510781676874,3.0306813369298524,-0.7142040466535438,1.7365341711788052,3.0,0.0,0.5604895431769731,3.499150041408172,3.0306813369298524,2.07510781676874
ALGT,2022-12-05,train,True,True,D-1,80.1699981689,77.9800033569,79.7099990845,75.5199966431,-0.5737795870106921,0,-2.8327478845102227,2.07510781676874,3.0306813369298524,-0.7142040466535438,-0.14629983188386708,1.3112385403498905,2.0,1.0,0.542113564672624,3.6507909743499267,3.0306813369298524,3.890140336147696
ALGT,2022-12-06,train,True,True,D-1,78.2900009155,76.1399993896,75.5199966431,73.7900009155,-3.5381328905459086,0,2.07510781676874,3.0306813369298524,-0.7142040466535438,-0.14629983188386708,-4.78632246149634,-0.7256520340605421,2.0,2.0,0.09436454520074153,8.86124100440755,3.0306813369298524,7.956301248595466
ALGT,2022-12-07,train,True,True,D-1,75.5199966431,71.8700027466,73.7900009155,73.0,-2.290778342821953,0,3.0306813369298524,-0.7142040466535438,-0.14629983188386708,-4.78632246149634,-2.359584365338685,-5.038664130982773,1.0,3.0,0.13962619710614912,11.491988534472153,3.0306813369298524,10.063650847288708
ALGT,2022-12-08,train,True,True,D-1,72.2099990845,71.2600021362,73.0,75.6299972534,4.736183648053971,1,-0.7142040466535438,-0.14629983188386708,-4.78632246149634,-2.359584365338685,-5.608085995838941,-13.00084467309387,0.0,4.0,0.024719241110043564,18.116037491894986,-0.14629983188386708,7.835342840825055
ALGT,2022-12-09,train,True,True,D-1,70.5,72.3399963379,75.6299972534,78.6100006104,11.50354696510638,1,-0.14629983188386708,-4.78632246149634,-2.359584365338685,-5.608085995838941,-0.8487555128538715,-13.118745363671259,0.0,4.0,0.06271231370515526,15.520624792377792,-0.14629983188386708,6.4092425696375415
ALGT,2022-12-12,train,True,True,D-1,72.3600006104,75.5299987793,78.6100006104,73.8600006104,8.637368639134202,1,-4.78632246149634,-2.359584365338685,-5.608085995838941,-0.8487555128538715,1.5155685789004059,-11.672777789847466,1.0,4.0,0.2396269929488013,12.41360770182296,1.5155685789004059,0.0
ALGT,2022-12-13,train,True,True,D-1,78.5,73.1100006104,73.8600006104,70.4400024414,-5.910827247898098,0,-2.359584365338685,-5.608085995838941,-0.8487555128538715,1.5155685789004059,4.409735420084204,-3.1418369737518215,2.0,4.0,0.59019592590205,5.534225304854079,4.409735420084204,0.0
ALGT,2022-12-14,train,True,True,D-1,73.1100006104,71.5800018311,70.4400024414,69.2600021362,-3.6520286509479027,0,-5.608085995838941,-0.8487555128538715,1.5155685789004059,4.409735420084204,-3.204022518219929,-3.9795098548607077,2.0,0.0,0.39560429426516786,7.5229106197239215,4.409735420084204,1.5155685789004059
ALGT,2022-12-15,train,True,True,D-1,69.0299987793,67.5599975586,69.2600021362,68.5699996948,0.3331933376318874,0,-0.8487555128538715,1.5155685789004059,4.409735420084204,-3.204022518219929,-2.092735284538272,-0.4035075892823814,2.0,1.0,0.22747253208545015,9.821177143705517,4.409735420084204,9.63944151307906
ALGT,2022-12-16,train,True,True,D-1,67.1500015259,68.5800018311,68.5699996948,66.5299987793,2.1146658773377736,0,1.5155685789004059,4.409735420084204,-3.204022518219929,-2.092735284538272,-5.616099706152,-5.192259986925263,2.0,2.0,0.005400320009329206,16.35583696138454,4.409735420084204,12.001040310608978
ALGT,2022-12-19,train,True,True,D-1,68.5500030518,67.0699996948,66.5299987793,67.3899993896,-1.6922007447956466,0,4.409735420084204,-3.204022518219929,-2.092735284538272,-5.616099706152,1.5097754727052326,-5.197670302935975,2.0,3.0,0.17107437652275126,14.625253005974015,4.409735420084204,8.600850149417116
ALGT,2022-12-20,train,True,True,D-1,65.1100006104,65.0699996948,67.3899993896,66.1399993896,3.5017643339352533,1,-3.204022518219929,-2.092735284538272,-5.616099706152,1.5097754727052326,-2.201811163579237,-11.200846314350233,1.0,4.0,0.05718930313462411,17.20590572254721,1.5097754727052326,0.7252780957769933
ALGT,2022-12-21,train,True,True,D-1,65.6500015259,66.8099975586,66.1399993896,65.9800033569,0.7463790591180741,0,-2.092735284538272,-5.616099706152,1.5097754727052326,-2.201811163579237,-2.9819591607289975,-10.997128776464937,1.0,4.0,0.05585357458226816,13.50853074662368,1.5097754727052326,6.627888687319161
ALGT,2022-12-22,train,True,True,D-1,66.1399993896,64.0299987793,65.9800033569,65.2399978638,-0.24190510156727463,0,-5.616099706152,1.5097754727052326,-2.201811163579237,-2.9819591607289975,2.674040067559802,-6.663878388485223,2.0,4.0,0.38370029558754865,5.433325872547834,2.674040067559802,1.8974333486305839
ALGT,2022-12-23,train,True,True,D-1,63.7299995422,65.6999969482,65.2399978638,65.7399978638,3.15392803395369,1,1.5097754727052326,-2.201811163579237,-2.9819591607289975,2.674040067559802,-4.1610520594041684,-5.224983580317866,2.0,4.0,0.17246828280420257,8.16805162674903,2.674040067559802,3.1080556638500845
ALGT,2022-12-27,train,True,True,D-1,64.6600036621,65.1600036621,65.7399978638,67.8899993896,4.9953534558694335,1,-2.201811163579237,-2.9819591607289975,2.674040067559802,-4.1610520594041684,2.60814961851894,-4.19948207349562,2.0,4.0,0.4902305147219857,4.368345327112899,2.674040067559802,4.335468971858758
ALGT,2022-12-28,train,True,True,D-1,64.8099975586,63.5800018311,67.8899993896,68.6200027466,5.87873064576967,1,-2.9819591607289975,2.674040067559802,-4.1610520594041684,2.60814961851894,-0.8219076273713544,-2.8477650833329204,2.0,3.0,0.4988774505182885,3.4223382476527897,2.674040067559802,2.674040067559802
ALGT,2022-12-29,train,True,True,D-1,64.0,67.8399963379,68.6200027466,70.7799987793,10.593748092656252,1,2.674040067559802,-4.1610520594041684,2.60814961851894,-0.8219076273713544,-2.4248031648270163,-2.2898384365891977,2.0,4.0,0.14382092015258768,5.992446443492172,2.674040067559802,5.9008212175977075
ALGT,2022-12-30,train,True,True,D-1,67.0500030518,67.9899978638,70.7799987793,75.6100006104,12.76658787321292,1,-4.1610520594041684,2.60814961851894,-0.8219076273713544,-2.4248031648270163,6.700211362240371,1.5416836056558303,2.0,0.0,0.9898983749508136,0.07370733254605799,6.700211362240371,2.60814961851894
ALGT,2023-01-03,train,True,True,D-1,69.3700027466,69.1200027466,75.6100006104,75.4899978638,8.995239464807202,1,2.60814961851894,-0.8219076273713544,-2.4248031648270163,6.700211362240371,0.2211107517648747,6.184599656403877,3.0,0.0,0.8884947411231645,0.9266140647070431,6.700211362240371,2.60814961851894
ALGT,2023-01-04,train,True,True,D-1,70.2699966431,74.6500015259,75.4899978638,75.6100006104,7.5992660059766015,1,-0.8219076273713544,-2.4248031648270163,6.700211362240371,0.2211107517648747,1.6620163528518805,5.205488519423285,3.0,0.0,0.7849745349124271,2.4016145352101503,6.700211362240371,6.700211362240371
ALGT,2023-01-05,train,True,True,D-1,74.1600036621,74.0899963379,75.6100006104,78.9400024414,6.445521228773687,1,-2.4248031648270163,6.700211362240371,0.2211107517648747,1.6620163528518805,8.000576619728239,14.564145688223483,4.0,0.0,0.9218241710155348,1.2860000869081345,8.000576619728239,6.700211362240371
ALGT,2023-01-06,train,True,True,D-1,74.4800033569,75.3899993896,78.9400024414,80.2099990845,7.693334411039809,1,6.700211362240371,0.2211107517648747,1.6620163528518805,8.000576619728239,-0.7501743825225504,16.530346341794335,4.0,1.0,0.8733329772916675,2.05156478287265,8.000576619728239,6.700211362240371
ALGT,2023-01-09,train,True,True,D-1,76.8899993896,77.3600006104,80.2099990845,81.7900009155,6.3727423134337435,1,0.2211107517648747,1.6620163528518805,8.000576619728239,-0.7501743825225504,1.754626961744088,11.12913245763556,4.0,2.0,0.9768175689860595,0.29181751237730147,8.000576619728239,8.000576619728239
ALGT,2023-01-10,train,True,True,D-1,77.1600036621,80.1200027466,81.7900009155,81.3000030518,6.000514558910264,1,1.6620163528518805,8.000576619728239,-0.7501743825225504,1.754626961744088,2.6130802981167545,13.781442919545771,4.0,0.0,0.8513639599962419,2.042401523439996,8.000576619728239,8.000576619728239
ALGT,2023-01-11,train,True,True,D-1,77.8199996948,78.75,81.3000030518,80.4700012207,4.471862465494891,1,8.000576619728239,-0.7501743825225504,1.754626961744088,2.6130802981167545,3.567737996926734,15.914351219468227,4.0,0.0,0.9909460446885636,0.11232692812634948,8.000576619728239,8.000576619728239
ALGT,2023-01-12,train,True,True,D-1,79.9700012207,81.0999984741,80.4700012207,80.7900009155,1.0253841218996307,0,-0.7501743825225504,1.754626961744088,2.6130802981167545,3.567737996926734,-1.7099384668432638,5.492295231470967,3.0,0.0,0.6561086480565793,3.8603186228571396,3.567737996926734,2.6130802981167545
ALGT,2023-01-13,train,True,True,D-1,78.9599990845,79.2600021362,80.7900009155,83.1500015259,5.306487449317232,1,1.754626961744088,2.6130802981167545,3.567737996926734,-1.7099384668432638,2.984125046476205,9.461469135765244,4.0,1.0,0.9203230774116468,0.8508045060202418,3.567737996926734,3.567737996926734
ALGT,2023-01-17,train,True,True,D-1,79.3600006104,80.7099990845,83.1500015259,81.6500015259,4.775706762032628,1,2.6130802981167545,3.567737996926734,-1.7099384668432638,2.984125046476205,-2.268799472897187,5.133310489366916,3.0,2.0,0.5514186076038865,3.1920246165934474,3.567737996926734,3.567737996926734
ALGT,2023-01-18,train,True,True,D-1,82.0,79.9899978638,81.6500015259,86.8399963379,5.902434558414638,1,3.567737996926734,-1.7099384668432638,2.984125046476205,-2.268799472897187,1.829418255387294,4.330401302568809,3.0,3.0,0.7716699652179894,1.3381264319793695,3.567737996926734,4.048625046171939
ALGT,2023-01-19,train,True,True,D-1,78.8600006104,81.25,86.8399963379,86.5,10.11919308360698,1,-1.7099384668432638,2.984125046476205,-2.268799472897187,1.829418255387294,-0.8920842880275393,-0.1622627038732949,2.0,0.0,0.481116321258985,3.9504984954251032,2.984125046476205,2.984125046476205
ALGT,2023-01-20,train,True,True,D-1,82.3000030518,85.5199966431,86.5,85.3600006104,5.103276783059774,1,2.984125046476205,-2.268799472897187,1.829418255387294,-0.8920842880275393,1.5751996122633116,3.1746031746031855,3.0,1.0,0.6267190481370378,2.338463416492309,2.984125046476205,2.984125046476205
ALGT,2023-01-23,train,True,True,D-1,86.0,83.6500015259,85.3600006104,84.4100036621,-0.7441853367441964,0,-2.268799472897187,1.829418255387294,-0.8920842880275393,1.5751996122633116,5.255380483815375,5.4500594971176985,3.0,0.0,0.8496583282093301,1.5434983005305103,5.255380483815375,1.829418255387294
ALGT,2023-01-24,train,True,True,D-1,83.4300003052,83.5999984741,84.4100036621,85.8700027466,2.9246103709386073,0,1.829418255387294,-0.8920842880275393,1.5751996122633116,5.255380483815375,-2.1866173884501405,5.538732363590193,3.0,1.0,0.6366748000556857,3.8135023954689595,5.255380483815375,1.829418255387294
ALGT,2023-01-25,train,True,True,D-1,82.8099975586,84.3000030518,85.8700027466,86.3099975586,4.226542812687861,1,-0.8920842880275393,1.5751996122633116,5.255380483815375,-2.1866173884501405,-0.05977651032619269,3.5807203845638735,2.0,2.0,0.5939850127194201,3.8755956016001347,5.255380483815375,7.500467299022717
ALGT,2023-01-26,train,True,True,D-1,85.1999969482,84.2600021362,86.3099975586,86.1100006104,1.3028176645063283,0,1.5751996122633116,5.255380483815375,-2.1866173884501405,-0.05977651032619269,0.8373260651635794,5.388180151396815,3.0,3.0,0.681704931576983,3.013040562453173,5.255380483815375,5.255380483815375
ALGT,2023-01-27,train,True,True,D-1,83.8399963379,86.2099990845,86.1100006104,86.3099975586,2.9460893709312153,0,5.255380483815375,-2.1866173884501405,-0.05977651032619269,0.8373260651635794,-0.047450669219339936,3.7046180137846108,2.0,4.0,0.5536341268894768,3.061944144660278,5.255380483815375,5.255380483815375
ALGT,2023-01-30,train,True,True,D-1,84.0899963379,85.1600036621,86.3099975586,85.3700027466,2.6400301074807286,0,-2.1866173884501405,-0.05977651032619269,0.8373260651635794,-0.047450669219339936,2.3142616886574263,0.8068316984150226,2.0,4.0,0.9355553521111106,0.33638895554999326,2.3142616886574263,0.8373260651635794
ALGT,2023-01-31,train,True,True,D-1,85.0999984741,86.0299987793,85.3700027466,103.470001221,21.58637259258103,1,-0.05977651032619269,0.8373260651635794,-0.047450669219339936,2.3142616886574263,-1.2179508566875552,1.8051429870356461,2.0,1.0,0.7331799192773663,1.3503920233058908,2.3142616886574263,0.8373260651635794
ALGT,2023-02-01,train,True,True,D-1,85.1200027466,84.3899993896,103.470001221,101.690002441,21.55779826397266,1,0.8373260651635794,-0.047450669219339936,2.3142616886574263,-1.2179508566875552,1.0216006103663355,2.906698982719269,3.0,2.0,0.9350350492098766,0.3254664457433165,2.3142616886574263,2.5230545283645323
ALGT,2023-02-02,train,True,True,D-1,97.0,102.25,101.690002441,100.480003357,4.835054062886601,1,-0.047450669219339936,2.3142616886574263,-1.2179508566875552,1.0216006103663355,-1.9063110693599117,0.10675721772477331,2.0,3.0,0.5761592303791562,2.275148931019677,2.3142616886574263,3.218447033171068
ALGT,2023-02-03,train,True,True,D-1,100.0,100.669998169,100.480003357,99.5999984741,0.48000335700000285,0,2.3142616886574263,-1.2179508566875552,1.0216006103663355,-1.9063110693599117,21.163645858019777,21.350578456810986,3.0,0.0,0.9437528315508855,1.193155228361853,21.163645858019777,2.3142616886574263
ALGT,2023-02-06,train,True,True,D-1,99.2900009155,96.7099990845,99.5999984741,99.2200012207,0.3122142771091463,0,-1.2179508566875552,1.0216006103663355,-1.9063110693599117,21.163645858019777,-1.5452340645476847,16.772995288315485,2.0,1.0,0.8709081264731959,2.7813679377439726,21.163645858019777,1.0216006103663355
ALGT,2023-02-07,train,True,True,D-1,96.6200027466,99.3399963379,99.2200012207,97.5699996948,2.690952598002805,0,1.0216006103663355,-1.9063110693599117,21.163645858019777,-1.5452340645476847,-3.9336437434439375,13.562699537013124,2.0,2.0,0.6883355751263726,6.989972288794544,21.163645858019777,26.581739662909754
ALGT,2023-02-08,train,True,True,D-1,98.5,96.2099990845,97.5699996948,92.8499984741,-0.9441627463959379,0,-1.9063110693599117,21.163645858019777,-1.5452340645476847,-3.9336437434439375,2.719467767859296,15.471344586142855,2.0,3.0,0.8095894689638263,4.1574441668509765,21.163645858019777,22.484796007309782
ALGT,2023-02-09,train,True,True,D-1,97.5699996948,94.0100021362,92.8499984741,92.7300033569,-4.8375537926250045,0,21.163645858019777,-1.5452340645476847,-3.9336437434439375,2.719467767859296,-3.1507925999448183,14.006398602198189,2.0,4.0,0.23659300678433645,7.545995432474384,21.163645858019777,21.680655479292888
ALGT,2023-02-10,train,True,True,D-1,92.7799987793,90.9800033569,92.7300033569,96.7799987793,4.311274038184654,1,-1.5452340645476847,-3.9336437434439375,2.719467767859296,-3.1507925999448183,-2.2866614377241246,-8.058677617408316,1.0,4.0,0.13023797139143553,8.169343825429731,2.719467767859296,8.084873846162633
ALGT,2023-02-13,train,True,True,D-1,90.8399963379,92.6299972534,96.7799987793,103.230003357,13.639374194834343,1,-3.9336437434439375,2.719467767859296,-3.1507925999448183,-2.2866614377241246,-3.22306000473247,-9.625504110800609,1.0,4.0,0.14414461474765075,10.441854967660325,2.719467767859296,8.155488740072968
ALGT,2023-02-14,train,True,True,D-1,92.3099975586,95.3600006104,103.230003357,102.239997864,11.82971085170681,1,2.719467767859296,-3.1507925999448183,-2.2866614377241246,-3.22306000473247,1.8135786278522525,-4.218800402981193,2.0,4.0,0.3180038759112201,7.5245616186652375,2.719467767859296,4.187401872148189
ALGT,2023-02-15,train,True,True,D-1,95.3600006104,103.080001831,102.239997864,101.050003052,7.2147621744558466,1,-3.1507925999448183,-2.2866614377241246,-3.22306000473247,1.8135786278522525,2.9472130389162743,-4.006438367444931,2.0,4.0,0.6077236733717339,4.047819406032005,2.9472130389162743,0.0
ALGT,2023-02-16,train,True,True,D-1,101.0,100.760002136,101.050003052,99.2699966431,0.049507972277229584,0,-2.2866614377241246,-3.22306000473247,1.8135786278522525,2.9472130389162743,8.09563881206401,7.140632794795243,3.0,0.0,0.9891695696826439,0.14551952205621443,8.09563881206401,1.8135786278522525
ALGT,2023-02-17,train,True,True,D-1,101.050003052,100.400001526,99.2699966431,99.5899963379,-1.4448358931257732,0,-3.22306000473247,1.8135786278522525,2.9472130389162743,8.09563881206401,-2.2506787483411728,7.180087061396634,3.0,1.0,0.821660640253582,2.4513707509316474,8.09563881206401,2.9472130389162743
ALGT,2023-02-21,train,True,True,D-1,98.8399963379,97.3300018311,99.5899963379,102.760002136,3.9660116788135413,1,1.8135786278522525,2.9472130389162743,8.09563881206401,-2.2506787483411728,-0.35728523458553596,10.353921544877132,3.0,2.0,0.7846270685482601,2.818726880464384,8.09563881206401,10.695561452144942
ALGT,2023-02-22,train,True,True,D-1,97.2399978638,98.6999969482,102.760002136,101.300003052,5.676680783078214,1,2.9472130389162743,8.09563881206401,-2.2506787483411728,-0.35728523458553596,-3.0577685739426763,5.073955216518677,2.0,3.0,0.5276221832638774,6.061852886983865,8.09563881206401,11.49976766496973
ALGT,2023-02-23,train,True,True,D-1,100.080001831,101.61000061,101.300003052,103.739997864,3.6570703097912105,1,8.09563881206401,-2.2506787483411728,-0.35728523458553596,-3.0577685739426763,1.4075774081227177,3.502512915709599,2.0,4.0,0.44620950613897936,4.589672288619684,8.09563881206401,9.788870437523457
ALGT,2023-02-24,train,True,True,D-1,99.25,100.940002441,103.739997864,104.209999084,4.997480185390435,1,-2.2506787483411728,-0.35728523458553596,-3.0577685739426763,1.4075774081227177,2.948332068669912,-1.4260779927129597,2.0,0.0,0.8162937486256479,1.1317798632970666,2.948332068669912,0.0
ALGT,2023-02-27,train,True,True,D-1,102.190002441,101.150001526,104.209999084,104.629997253,2.387704035342142,0,-0.35728523458553596,-3.0577685739426763,1.4075774081227177,2.948332068669912,-0.6593821129591282,0.17864261729276798,2.0,1.0,0.7092653236436541,1.803050971852116,2.948332068669912,1.4075774081227177
ALGT,2023-02-28,train,True,True,D-1,100.919998169,102.550003052,104.629997253,104.349998474,3.676178310851008,1,-3.0577685739426763,1.4075774081227177,2.948332068669912,-0.6593821129591282,0.20804347129150802,0.7470119408372389,3.0,0.0,0.642265593629738,2.560549974222459,2.948332068669912,3.401042511774399
ALGT,2023-03-01,train,True,True,D-1,102.650001526,103.169998169,104.349998474,105.510002136,2.7861671383176745,0,1.4075774081227177,2.948332068669912,-0.6593821129591282,0.20804347129150802,1.3840845327522056,5.363198523265655,4.0,0.0,0.7846956901142987,1.6187186568471068,2.948332068669912,2.948332068669912
ALGT,2023-03-02,train,True,True,D-1,101.88999939,103.730003357,105.510002136,105.0,3.5528538302801005,1,2.948332068669912,-0.6593821129591282,0.20804347129150802,1.3840845327522056,0.6045783506077651,4.528876756851319,4.0,0.0,0.7767585810838255,1.4151391973550531,2.948332068669912,2.948332068669912
ALGT,2023-03-03,train,True,True,D-1,104.739997864,104.36000061,105.0,104.309997559,0.24823576599419805,0,-0.6593821129591282,0.20804347129150802,1.3840845327522056,0.6045783506077651,0.5427984859345258,2.0864115089783475,4.0,1.0,0.8623862736896517,0.8676312222824833,1.3840845327522056,1.3840845327522056
ALGT,2023-03-06,train,True,True,D-1,105.0,100.849998474,104.309997559,104.120002747,-0.6571451819047613,0,0.20804347129150802,1.3840845327522056,0.6045783506077651,0.5427984859345258,0.6073433265318506,3.3881494811722535,5.0,0.0,0.7745094372355696,1.1019562277482464,1.3840845327522056,1.3840845327522056
ALGT,2023-03-07,train,True,True,D-1,101.589996338,103.550003052,104.120002747,104.099998474,2.490408997144189,0,1.3840845327522056,0.6045783506077651,0.5427984859345258,0.6073433265318506,-3.3633596353808914,-0.2965922367513585,4.0,1.0,0.12570317801829092,4.6207275483513,1.3840845327522056,4.160527981894003
ALGT,2023-03-08,train,True,True,D-1,103.599998474,104.019996643,104.099998474,98.8799972534,0.482625489734434,0,0.6045783506077651,0.5427984859345258,0.6073433265318506,-3.3633596353808914,2.6772480107633,0.975134051915072,4.0,2.0,0.6322704670380438,1.8928044676307154,2.6772480107633,1.383500430082496
ALGT,2023-03-09,train,True,True,D-1,103.949996948,100.769996643,98.8799972534,93.6500015259,-4.877344726749932,0,0.5427984859345258,0.6073433265318506,-3.3633596353808914,2.6772480107633,0.45388080844765977,0.8238814472087519,4.0,3.0,0.7204493468775326,1.4324221698581052,2.6772480107633,0.6073433265318506
ALGT,2023-03-10,train,True,True,D-1,98.1500015259,96.0599975586,93.6500015259,94.9899978638,-3.219565576131067,0,0.6073433265318506,-3.3633596353808914,2.6772480107633,0.45388080844765977,-3.124399254841459,-2.853568512682647,3.0,4.0,0.22926759070396235,4.703786494895423,2.6772480107633,5.361947505754094
ALGT,2023-03-13,train,True,True,D-1,91.4199981689,91.0500030518,94.9899978638,89.8899993896,3.9050533432568812,1,-3.3633596353808914,2.6772480107633,0.45388080844765977,-3.124399254841459,-4.674009369163934,-7.953241666237276,2.0,4.0,0.20035758521027416,9.306686100992545,2.6772480107633,10.329621920867304
ALGT,2023-03-14,train,True,True,D-1,94.1399993896,92.3199996948,89.8899993896,87.0899963379,-4.514552822983675,0,2.6772480107633,0.45388080844765977,-3.124399254841459,-4.674009369163934,-5.215484732595089,-9.717397690121455,2.0,4.0,0.10405414809977372,14.563420167768836,2.6772480107633,12.32296986747351
ALGT,2023-03-15,train,True,True,D-1,88.9700012207,85.2900009155,87.0899963379,84.6600036621,-2.113077281112352,0,0.45388080844765977,-3.124399254841459,-4.674009369163934,-5.215484732595089,1.394834267361289,-10.845005336755609,2.0,4.0,0.1923338426504101,12.78163246448174,1.394834267361289,4.347278641940699
ALGT,2023-03-16,train,True,True,D-1,84.3499984741,86.3700027466,84.6600036621,85.0,0.7706005188602205,0,-3.124399254841459,-4.674009369163934,-5.215484732595089,1.394834267361289,-7.614816727188501,-18.0061491366722,1.0,4.0,0.08689325476209264,22.054165032939533,1.394834267361289,6.326196532934802
ALGT,2023-03-17,train,True,True,D-1,84.6600036621,80.8799972534,85.0,85.8099975586,1.3583674069870488,0,-4.674009369163934,-5.215484732595089,1.394834267361289,-7.614816727188501,1.2662701600507642,-14.289961671245432,2.0,4.0,0.19756270395088962,14.484189080673016,1.394834267361289,7.839804986457977
ALGT,2023-03-20,train,True,True,D-1,81.1500015259,82.8199996948,85.8099975586,84.6299972534,5.742447252096117,1,-5.215484732595089,1.394834267361289,-7.614816727188501,1.2662701600507642,-6.3563798988255815,-15.802624079747307,2.0,3.0,0.05174709577477057,17.445599764541097,1.394834267361289,6.565432948054418
ALGT,2023-03-21,train,True,True,D-1,85.4199981689,84.4199981689,84.6299972534,83.5500030518,-0.9248430489753989,0,1.394834267361289,-7.614816727188501,1.2662701600507642,-6.3563798988255815,2.3986183324436805,-9.038992950190018,3.0,4.0,0.18212362799870738,14.694516075643161,2.3986183324436805,5.50506112727619
ALGT,2023-03-22,train,True,True,D-1,84.6299972534,81.4899978638,83.5500030518,82.3000030518,-1.2761364015719812,0,-7.614816727188501,1.2662701600507642,-6.3563798988255815,2.3986183324436805,1.9318986718137365,-8.557194055477213,3.0,4.0,0.4406951018916744,6.479508812303125,2.3986183324436805,1.2662701600507642
ALGT,2023-03-23,train,True,True,D-1,82.3199996948,80.8700027466,82.3000030518,85.4800033569,3.8386827913212462,1,1.2662701600507642,-6.3563798988255815,2.3986183324436805,1.9318986718137365,-3.470741967131896,-4.455391031669476,3.0,4.0,0.19770746391191169,6.872007143084824,2.3986183324436805,4.004512845726937
ALGT,2023-03-24,train,True,True,D-1,79.5199966431,82.25,85.4800033569,86.0,8.148897925616637,1,-6.3563798988255815,2.3986183324436805,1.9318986718137365,-3.470741967131896,-0.7608235776815797,-6.367951632624569,2.0,2.0,0.22082055750267474,6.10856268606681,2.3986183324436805,6.603777654050735
ALGT,2023-03-27,train,True,True,D-1,83.4899978638,84.6100006104,86.0,88.8600006104,6.4319114672397815,1,2.3986183324436805,1.9318986718137365,-3.470741967131896,-0.7608235776815797,1.7064389842104122,1.6938709113796468,3.0,3.0,0.522147782965182,4.328264508936175,2.3986183324436805,2.3986183324436805
ALGT,2023-03-28,train,True,True,D-1,83.9800033569,86.0,88.8600006104,90.9100036621,8.251964787080013,1,1.9318986718137365,-3.470741967131896,-0.7608235776815797,1.7064389842104122,2.8693016539817595,2.161314805839565,3.0,4.0,0.8389265181524752,1.4182684547250801,2.8693016539817595,1.9318986718137365
ALGT,2023-03-29,train,True,True,D-1,87.4800033569,88.6600036621,90.9100036621,92.5400009155,5.784176228201865,1,-3.470741967131896,-0.7608235776815797,1.7064389842104122,2.8693016539817595,1.6428310832905968,1.8715966185392174,3.0,0.0,1.0,0.0,2.8693016539817595,1.7064389842104122
ALGT,2023-03-30,train,True,True,D-1,90.0500030518,89.3099975586,92.5400009155,91.9400024414,2.7651280170059023,0,-0.7608235776815797,1.7064389842104122,2.8693016539817595,1.6428310832905968,3.0930275140697683,8.79863294423413,4.0,0.0,0.9809526715904765,0.22557741939897014,3.0930275140697683,2.8693016539817595
ALGT,2023-03-31,train,True,True,D-1,90.0599975586,91.9800033569,91.9400024414,91.4400024414,2.087502702380961,0,1.7064389842104122,2.8693016539817595,1.6428310832905968,3.0930275140697683,0.7331309154658516,10.436496259863004,5.0,0.0,0.8725095048257172,1.791519591577817,3.0930275140697683,2.8693016539817595
ALGT,2023-04-03,train,True,True,D-1,91.2699966431,90.75,91.4400024414,89.8399963379,0.18626690539365054,0,2.8693016539817595,1.6428310832905968,3.0930275140697683,0.7331309154658516,2.989593406435942,11.829791315379934,5.0,0.0,0.9463603996509308,0.6088253295959412,3.0930275140697683,3.0930275140697683
ALGT,2023-04-04,train,True,True,D-1,91.4400024414,90.3700027466,89.8399963379,90.3199996948,-1.2248498651536655,0,1.6428310832905968,3.0930275140697683,0.7331309154658516,2.989593406435942,-1.3372508284516527,7.256824660565364,4.0,1.0,0.8117770227741243,1.9724527994490426,3.0930275140697683,3.0930275140697683
ALGT,2023-04-05,train,True,True,D-1,89.8399963379,87.4800033569,90.3199996948,93.2799987793,3.8290322591529202,1,3.0930275140697683,0.7331309154658516,2.989593406435942,-1.3372508284516527,-0.4187297558126746,5.081398542558135,3.0,2.0,0.6068846939575772,2.4012372501357016,3.0930275140697683,4.843408631205515
ALGT,2023-04-06,train,True,True,D-1,88.4700012207,90.0999984741,93.2799987793,97.2200012207,9.890358177086478,1,0.7331309154658516,2.989593406435942,-1.3372508284516527,-0.4187297558126746,-3.197963153551775,-1.3309274266412152,2.0,3.0,0.1012433344360471,5.784176228201865,2.989593406435942,6.592895492496553
ALGT,2023-04-10,train,True,True,D-1,90.0999984741,92.6500015259,97.2200012207,97.8300018311,8.579360141967207,1,2.989593406435942,-1.3372508284516527,-0.4187297558126746,-3.197963153551775,2.994964582375448,0.8845604491049874,2.0,4.0,0.5666068149631054,2.7081048642874306,2.994964582375448,3.288369841418559
ALGT,2023-04-11,train,True,True,D-1,93.4499969482,97.0199966431,97.8300018311,96.0400009155,4.687003773074361,1,-1.3372508284516527,-0.4187297558126746,-3.197963153551775,2.994964582375448,2.830192114301777,0.728417204335452,2.0,0.0,0.9010992564658468,0.6799754376948242,2.994964582375448,0.0
ALGT,2023-04-12,train,True,True,D-1,97.6999969482,94.1600036621,96.0400009155,97.9700012207,0.27636057413917836,0,-0.4187297558126746,-3.197963153551775,2.994964582375448,2.830192114301777,4.71667031325238,6.9090872100275424,3.0,0.0,0.980600909315137,0.20614778862109162,4.71667031325238,2.994964582375448
ALGT,2023-04-13,train,True,True,D-1,95.2300033569,95.7300033569,97.9700012207,98.5299987793,3.465289620995171,1,-3.197963153551775,2.994964582375448,2.830192114301777,4.71667031325238,-2.9478386723933214,4.193870532600585,3.0,0.0,0.6639195252414509,3.897618974368422,4.71667031325238,2.994964582375448
ALGT,2023-04-14,train,True,True,D-1,96.1500015259,96.0599975586,98.5299987793,99.25,3.2241273269922432,1,2.994964582375448,2.830192114301777,4.71667031325238,-2.9478386723933214,1.6673742924161905,9.430726661431121,4.0,1.0,0.8028170729278332,2.1936680252384377,4.71667031325238,6.046286197434892
ALGT,2023-04-17,train,True,True,D-1,96.1200027466,97.9100036621,99.25,101.970001221,6.086140561005071,1,2.830192114301777,4.71667031325238,-2.9478386723933214,1.6673742924161905,0.3447134546415098,6.614871459973726,4.0,0.0,0.7573058455506693,1.9883444832848651,4.71667031325238,4.71667031325238
ALGT,2023-04-18,train,True,True,D-1,98.6999969482,98.5400009155,101.970001221,101.410003662,3.3130743403327445,1,4.71667031325238,-2.9478386723933214,1.6673742924161905,0.3447134546415098,1.9258860613351914,5.6772822985108995,4.0,0.0,0.9023629502071844,0.6332295924936115,4.71667031325238,4.71667031325238
ALGT,2023-04-19,train,True,True,D-1,97.6999969482,101.510002136,101.410003662,101.63999939,4.032755951762179,1,-2.9478386723933214,1.6673742924161905,0.3447134546415098,1.9258860613351914,0.6434452352531927,1.5666917388087676,4.0,0.0,0.8995757970085624,0.7205186501965111,1.9258860613351914,1.6673742924161905
ALGT,2023-04-20,train,True,True,D-1,100.089996338,101.129997253,101.63999939,102.199996948,2.108103394144023,0,1.6673742924161905,0.3447134546415098,1.9258860613351914,0.6434452352531927,3.014005675773057,7.805860437597256,5.0,0.0,0.9458187042725752,0.4531564134770738,3.014005675773057,1.9258860613351914
ALGT,2023-04-21,train,True,True,D-1,101.129997253,100.489997864,102.199996948,101.620002747,1.058043828799038,0,0.3447134546415098,1.9258860613351914,0.6434452352531927,3.014005675773057,-0.3743521574266939,5.640858358656664,4.0,1.0,0.8766513554909868,0.830618007334194,3.014005675773057,1.9258860613351914
ALGT,2023-04-24,train,True,True,D-1,100.529998779,100.809997559,101.620002747,101.800003052,1.263308752039194,0,1.9258860613351914,0.6434452352531927,3.014005675773057,-0.3743521574266939,-0.6328482214815967,4.611701455330075,3.0,2.0,0.7726570090197082,1.4727867334647593,3.014005675773057,4.018836973710993
ALGT,2023-04-25,train,True,True,D-1,99.2699966431,99.9199981689,101.800003052,98.6399993896,2.548611357363084,0,0.6434452352531927,3.014005675773057,-0.3743521574266939,-0.6328482214815967,0.3184393489918058,2.9618974450335456,3.0,0.0,0.7110186913561801,1.3788308924286063,3.014005675773057,3.330429786019451
ALGT,2023-04-26,train,True,True,D-1,99.8099975586,97.5,98.6399993896,104.839996338,5.039574093213273,1,3.014005675773057,-0.3743521574266939,-0.6328482214815967,0.3184393489918058,-0.8828483400955545,1.400443718874489,2.0,1.0,0.5240079384220652,2.2818242803067434,3.014005675773057,3.5812260033835974
ALGT,2023-04-27,train,True,True,D-1,97.5,97.5500030518,104.839996338,100.870002747,7.528201372307697,1,-0.3743521574266939,-0.6328482214815967,0.3184393489918058,-0.8828483400955545,-2.421935761857541,-3.950351740341329,1.0,2.0,0.09090935922288351,4.820509690256425,0.3184393489918058,3.6018414312731672
ALGT,2023-04-28,train,True,True,D-1,97.4100036621,103.910003662,100.870002747,99.5800018311,3.5519956419488574,1,-0.6328482214815967,0.3184393489918058,-0.8828483400955545,-2.421935761857541,0.051285181333327046,-3.539992384498747,2.0,3.0,0.2943859665491914,4.766779857229531,0.3184393489918058,2.6903320236632555
ALGT,2023-05-01,train,True,True,D-1,99.6500015259,98.0100021362,99.5800018311,114.349998474,14.751627418971335,1,0.3184393489918058,-0.8828483400955545,-2.421935761857541,0.051285181333327046,6.51973389157432,3.4033295558713483,3.0,0.0,0.8992423503275198,0.8949982130932232,6.51973389157432,0.3184393489918058
ALGT,2023-05-02,train,True,True,D-1,97.2900009155,97.5299987793,114.349998474,110.0,17.53520135467699,1,-0.8828483400955545,-2.421935761857541,0.051285181333327046,6.51973389157432,-5.677991837043528,-2.7774977587528227,2.0,1.0,0.26002195414060686,6.968670597832127,6.51973389157432,0.051285181333327046
ALGT,2023-05-03,train,True,True,D-1,106.489997864,109.029998779,110.0,108.800003052,3.2960862112915823,1,-2.421935761857541,0.051285181333327046,6.51973389157432,-5.677991837043528,-0.4897493586756174,-2.391912963769327,2.0,2.0,0.20801723267961328,7.4951272943638125,6.51973389157432,12.659667158685895
ALGT,2023-05-04,train,True,True,D-1,109.0,102.669998169,108.800003052,107.25,-0.18348343853211713,0,0.051285181333327046,6.51973389157432,-5.677991837043528,-0.4897493586756174,11.79124386715442,11.825639773333329,3.0,0.0,0.7161152453846641,4.8793907682081805,11.79124386715442,6.51973389157432
ALGT,2023-05-05,train,True,True,D-1,104.680000305,106.849998474,107.25,105.949996948,2.4551009624684372,0,6.51973389157432,-5.677991837043528,-0.4897493586756174,11.79124386715442,-5.833257526574409,5.24858529679515,2.0,1.0,0.3427122953528102,11.376254517677253,11.79124386715442,6.51973389157432
ALGT,2023-05-08,train,True,True,D-1,107.25,104.569999695,105.949996948,106.989997864,-0.2424262340326333,0,-5.677991837043528,-0.4897493586756174,11.79124386715442,-5.833257526574409,4.071296756156073,2.8293664790574713,2.0,2.0,0.57794026916732,7.019185874696099,11.79124386715442,13.7906938620304
ALGT,2023-05-09,train,True,True,D-1,103.699996948,104.720001221,106.989997864,102.760002136,3.17261428430875,1,-0.4897493586756174,11.79124386715442,-5.833257526574409,4.071296756156073,-2.1338313631841466,6.693191935333176,2.0,3.0,0.4487034973624668,9.352585643612299,11.79124386715442,11.79124386715442
ALGT,2023-05-10,train,True,True,D-1,106.989997864,103.620002747,102.760002136,101.059997559,-3.9536366131878498,0,11.79124386715442,-5.833257526574409,4.071296756156073,-2.1338313631841466,0.1434460423042072,7.372093234585408,3.0,4.0,0.25522064765334174,9.195948377308504,11.79124386715442,13.784690084674299
ALGT,2023-05-11,train,True,True,D-1,102.569999695,100.379997253,101.059997559,100.63999939,-1.4721674373502247,0,-5.833257526574409,4.071296756156073,-2.1338313631841466,0.1434460423042072,-1.0504186986004527,-4.961933497739346,2.0,4.0,0.2564107352578028,6.157109712279674,4.071296756156073,4.979776196503083
ALGT,2023-05-12,train,True,True,D-1,100.529998779,98.6699981689,100.63999939,100.050003052,0.10942068271762029,0,4.071296756156073,-2.1338313631841466,0.1434460423042072,-1.0504186986004527,-3.12681471540861,-2.230447995363305,2.0,4.0,0.05499412592474816,8.38813113112369,4.071296756156073,8.215685523723891
ALGT,2023-05-15,train,True,True,D-1,99.8899993896,99.6999969482,100.050003052,105.129997253,5.245768240484705,1,-2.1338313631841466,0.1434460423042072,-1.0504186986004527,-3.12681471540861,-1.703525733110034,-7.655592346209028,1.0,4.0,0.15551193518698156,8.695654191067327,0.1434460423042072,4.920520397519201
ALGT,2023-05-16,train,True,True,D-1,98.4800033569,98.4199981689,105.129997253,103.870002747,6.7526337016864835,1,0.1434460423042072,-1.0504186986004527,-3.12681471540861,-1.703525733110034,1.0438824347973386,-4.6571700879835305,2.0,3.0,0.2636363846428793,7.311936949795084,1.0438824347973386,0.8208721465170932
ALGT,2023-05-17,train,True,True,D-1,99.6100006104,103.849998474,103.870002747,104.260002136,4.668207506380151,1,-1.0504186986004527,-3.12681471540861,-1.703525733110034,1.0438824347973386,-1.2838503695893122,-6.0160456251376,1.0,4.0,0.13434359858365902,8.707579612420746,1.0438824347973386,0.25336982328920676
ALGT,2023-05-18,train,True,True,D-1,103.720001221,103.400001526,104.260002136,100.379997253,0.5206333480939573,0,-3.12681471540861,-1.703525733110034,1.0438824347973386,-1.2838503695893122,5.517171719289715,0.22196074204086091,2.0,0.0,0.8407961898864937,1.2325457850829613,5.517171719289715,1.0438824347973386
ALGT,2023-05-19,train,True,True,D-1,104.260002136,99.8600006104,100.379997253,102.959999084,-1.2468856947693396,0,-1.703525733110034,1.0438824347973386,-1.2838503695893122,5.517171719289715,-0.43331435205814506,3.0085717828705505,2.0,1.0,0.784826426605141,1.673109962735353,5.517171719289715,1.0438824347973386
ALGT,2023-05-22,train,True,True,D-1,100.36000061,99.4400024414,102.959999084,100.290000916,2.5906720388570115,0,1.0438824347973386,-1.2838503695893122,5.517171719289715,-0.43331435205814506,-3.423598513883841,1.2060428332662854,2.0,2.0,0.30106153806347175,5.277384949315889,5.517171719289715,9.35924964151419
ALGT,2023-05-23,train,True,True,D-1,99.4199981689,100.559997559,100.290000916,100.550003052,1.136597167483644,0,-1.2838503695893122,5.517171719289715,-0.43331435205814506,-3.423598513883841,-0.42058698821623164,-0.2607768452942638,1.0,3.0,0.24535886989019795,5.722038085179171,5.517171719289715,9.34695801151163
ALGT,2023-05-24,train,True,True,D-1,99.2900009155,98.2900009155,100.550003052,101.029998779,1.7524401726824568,0,5.517171719289715,-0.43331435205814506,-3.423598513883841,-0.42058698821623164,1.1263023834497732,2.1743542266964067,2.0,4.0,0.2903721466097583,4.544550323122998,5.517171719289715,5.517171719289715
ALGT,2023-05-25,train,True,True,D-1,98.2900009155,98.9499969482,101.029998779,101.61000061,3.37775934843485,1,-0.43331435205814506,-3.423598513883841,-0.42058698821623164,1.1263023834497732,-2.257355507758596,-5.3538735100627015,1.0,3.0,0.11816876615353032,6.0738642434568835,1.1263023834497732,1.156477773195641
ALGT,2023-05-26,train,True,True,D-1,98.8000030518,99.8600006104,101.61000061,99.9400024414,2.844126995347085,0,-3.423598513883841,-0.42058698821623164,1.1263023834497732,-2.257355507758596,0.6714783055779883,-4.303679412113981,2.0,4.0,0.21565704033530117,5.366352048075118,1.1263023834497732,2.7273372381447447
ALGT,2023-05-30,train,True,True,D-1,100.459999084,97.7600021362,99.9400024414,99.1399993896,-0.5176156155100142,0,-0.42058698821623164,1.1263023834497732,-2.257355507758596,0.6714783055779883,0.9196601215423872,0.0,3.0,3.0,0.4332728003511008,3.104344537002901,1.1263023834497732,1.1263023834497732
ALGT,2023-05-31,train,True,True,D-1,99.1699981689,97.4899978638,99.1399993896,105.089996338,5.969545506109064,1,1.1263023834497732,-2.257355507758596,0.6714783055779883,0.9196601215423872,-2.1029425809769964,-1.6894612469363302,3.0,4.0,0.049360916301610804,5.319145697803207,1.1263023834497732,2.3289247671805735
ALGT,2023-06-01,train,True,True,D-1,97.9100036621,97.25,105.089996338,104.349998474,7.333257488866085,1,-2.257355507758596,0.6714783055779883,0.9196601215423872,-2.1029425809769964,-0.27619094363748875,-3.052903510065008,2.0,1.0,0.30756220847237287,4.226077378682391,0.9196601215423872,3.2929855091983207
ALGT,2023-06-02,train,True,True,D-1,99.6399993896,104.690002441,104.349998474,108.470001221,8.861904742566296,1,0.6714783055779883,0.9196601215423872,-2.1029425809769964,-0.27619094363748875,-0.24617690948695037,-1.0580943186622727,2.0,2.0,0.26722641235323297,4.483291115681243,0.9196601215423872,1.4413480563374992
ALGT,2023-06-05,train,True,True,D-1,103.449996948,102.959999084,108.470001221,111.160003662,7.452882495371638,1,0.9196601215423872,-2.1029425809769964,-0.27619094363748875,-0.24617690948695037,7.650388114138829,5.800915280275221,2.0,0.0,0.9575827987626909,0.3820745894293154,7.650388114138829,0.9196601215423872
ALGT,2023-06-06,train,True,True,D-1,102.949996948,108.230003357,111.160003662,110.510002136,7.9747517798828715,1,-2.1029425809769964,-0.27619094363748875,-0.24617690948695037,7.650388114138829,-1.6525010188771172,3.104344537002901,1.0,1.0,0.7741252483213924,2.0687619201144702,7.650388114138829,0.0
ALGT,2023-06-07,train,True,True,D-1,109.089996338,108.379997253,110.510002136,111.580001831,2.282524132904973,0,-0.27619094363748875,-0.24617690948695037,7.650388114138829,-1.6525010188771172,5.118496814185547,10.709902815072692,2.0,0.0,0.9812648001768541,0.2217479964482294,7.650388114138829,7.650388114138829
ALGT,2023-06-08,train,True,True,D-1,107.5,109.129997253,111.580001831,114.529998779,6.539533747906967,1,-0.24617690948695037,7.650388114138829,-1.6525010188771172,5.118496814185547,0.13858809142344164,11.170376067105936,3.0,0.0,0.8146662393987647,2.5650548804780016,7.650388114138829,7.650388114138829
ALGT,2023-06-09,train,True,True,D-1,109.099998474,109.13999939,114.529998779,115.290000916,5.673696176517495,1,7.650388114138829,-1.6525010188771172,5.118496814185547,0.13858809142344164,0.6920096134060749,12.215935478663242,4.0,1.0,0.8248485147421032,1.8601726932089502,7.650388114138829,7.650388114138829
ALGT,2023-06-12,train,True,True,D-1,110.0,112.559997559,115.290000916,116.330001831,5.754547119090914,1,-1.6525010188771172,5.118496814185547,0.13858809142344164,0.6920096134060749,0.00916534156671922,4.2506417472937486,4.0,0.0,0.7572137611923979,2.2356628684602864,5.118496814185547,5.118496814185547
ALGT,2023-06-13,train,True,True,D-1,112.88999939,113.790000916,116.330001831,119.0,5.4123488732530145,1,5.118496814185547,0.13858809142344164,0.6920096134060749,0.00916534156671922,3.1335882244043267,9.3240079258041,5.0,0.0,0.8484614446153846,1.7501788048346345,5.118496814185547,5.118496814185547
ALGT,2023-06-14,train,True,True,D-1,114.099998474,114.790000916,119.0,119.309997559,4.566169285433608,1,0.13858809142344164,0.6920096134060749,0.00916534156671922,3.1335882244043267,1.0927535391560994,5.137205383483323,5.0,0.0,0.8568702748555809,1.318217758963991,3.1335882244043267,0.6920096134060749
ALGT,2023-06-15,train,True,True,D-1,116.730003357,117.089996338,119.309997559,124.879997253,6.981918668394571,1,0.6920096134060749,0.00916534156671922,3.1335882244043267,1.0927535391560994,0.8788118393093347,5.914378875685533,5.0,0.0,0.8663194145905777,1.341581063429853,3.1335882244043267,3.1335882244043267
ALGT,2023-06-16,train,True,True,D-1,118.010002136,118.88999939,124.879997253,125.739997864,6.550288609512611,1,0.00916534156671922,3.1335882244043267,1.0927535391560994,0.8788118393093347,2.003654851159964,7.294052309509413,5.0,0.0,0.8091904840728403,1.6312270234311477,3.1335882244043267,3.1335882244043267
ALGT,2023-06-20,train,True,True,D-1,119.680000305,124.36000061,125.739997864,123.120002747,5.063500621287043,1,3.1335882244043267,1.0927535391560994,0.8788118393093347,2.003654851159964,1.537281670762014,8.933479983960257,5.0,0.0,0.9548874028872346,0.353266188203305,3.1335882244043267,3.1335882244043267
ALGT,2023-06-21,train,True,True,D-1,123.739997864,123.739997864,123.120002747,120.5,-0.5010466524182577,0,1.0927535391560994,0.8788118393093347,2.003654851159964,1.537281670762014,4.60089263021739,10.483300734628088,5.0,0.0,0.9567750045072553,0.41813817984026613,4.60089263021739,2.003654851159964
ALGT,2023-06-22,train,True,True,D-1,122.919998169,121.88999939,120.5,120.5,-1.968758708955387,0,0.8788118393093347,2.003654851159964,1.537281670762014,4.60089263021739,-0.4985547949170277,8.744175118994079,4.0,0.0,0.8384490756366044,1.6162922535348345,4.60089263021739,2.003654851159964
ALGT,2023-06-23,train,True,True,D-1,119.830001831,119.120002747,120.5,126.620002747,5.666361355461014,1,2.003654851159964,1.537281670762014,4.60089263021739,-0.4985547949170277,-1.4950691012887374,6.185206391970999,3.0,1.0,0.6243903927804875,3.158584373834916,4.60089263021739,6.587062787731357
ALGT,2023-06-26,train,True,True,D-1,119.910003662,119.599998474,126.620002747,127.63999939,6.446497783278504,1,1.537281670762014,4.60089263021739,-0.4985547949170277,-1.4950691012887374,-2.2725380727397493,1.7337146404378112,2.0,2.0,0.284324852216216,5.557416860592479,4.60089263021739,8.334523789705317
ALGT,2023-06-27,train,True,True,D-1,120.150001526,124.930000305,127.63999939,129.0,7.365791395420751,1,4.60089263021739,-0.4985547949170277,-1.4950691012887374,-2.2725380727397493,0.40295140692656606,0.5971899130648994,2.0,3.0,0.20156000880277414,5.133778819683488,4.60089263021739,6.47963652016762
ALGT,2023-06-28,train,True,True,D-1,124.36000061,127.129997253,129.0,127.449996948,3.7311027398200913,1,-0.4985547949170277,-1.4950691012887374,-2.2725380727397493,0.40295140692656606,4.456523326928541,0.458346487780692,2.0,0.0,0.8028001747787686,1.3527594956168176,4.456523326928541,0.0
ALGT,2023-06-29,train,True,True,D-1,127.059997559,124.940002441,127.449996948,129.039993286,1.5583155714138819,0,-1.4950691012887374,-2.2725380727397493,0.40295140692656606,4.456523326928541,1.760983704977992,2.739614875964258,3.0,0.0,0.9468193606102709,0.40116585229295065,4.456523326928541,0.40295140692656606
ALGT,2023-06-30,train,True,True,D-1,126.480003357,126.279998779,129.039993286,128.220001221,2.0240274043749285,0,-2.2725380727397493,0.40295140692656606,4.456523326928541,1.760983704977992,-1.7226420666412112,2.50225864817768,3.0,0.0,0.629223863871346,3.249557771472933,4.456523326928541,4.456523326928541
ALGT,2023-07-03,train,True,True,D-1,125.910003662,129.0,128.220001221,124.0,1.8346418011400356,0,0.40295140692656606,4.456523326928541,1.760983704977992,-1.7226420666412112,1.0725118551464519,6.010741997049118,4.0,1.0,0.7515979927741617,2.1539446050836686,4.456523326928541,5.125129078809765
ALGT,2023-07-05,train,True,True,D-1,128.220001221,126.029998779,124.0,125.169998169,-2.3787264256401097,0,4.456523326928541,1.760983704977992,-1.7226420666412112,1.0725118551464519,2.1539446050836686,7.859533148776321,4.0,0.0,0.995521464859934,0.031002547286829163,4.456523326928541,4.456523326928541
ALGT,2023-07-06,train,True,True,D-1,123.330001831,122.069999695,125.169998169,126.980003357,2.9595406404044455,0,1.760983704977992,-1.7226420666412112,1.0725118551464519,2.1539446050836686,-2.3023265279069838,0.880491852488996,3.0,1.0,0.38571464151064666,2.3883159058647463,2.1539446050836686,1.9589564658405556
ALGT,2023-07-07,train,True,True,D-1,122.089996338,123.449996948,126.980003357,127.61000061,4.521258446693821,1,-1.7226420666412112,1.0725118551464519,2.1539446050836686,-2.3023265279069838,-3.1421083252917037,-3.9801759359202604,2.0,2.0,0.15922807769087105,5.709833381187002,2.1539446050836686,7.526037864773582
ALGT,2023-07-10,train,True,True,D-1,123.370002747,126.910003662,127.61000061,128.789993286,4.393280715179193,1,1.0725118551464519,2.1539446050836686,-2.3023265279069838,-3.1421083252917037,1.1304966465536248,-1.1925768079791843,3.0,3.0,0.32569350237710276,4.528146193761851,2.1539446050836686,4.201077713070244
ALGT,2023-07-11,train,True,True,D-1,127.61000061,126.120002747,128.789993286,130.929992676,2.601670754744778,0,2.1539446050836686,-2.3023265279069838,-3.1421083252917037,1.1304966465536248,2.8027596594088378,0.4988952241776312,3.0,4.0,0.7430649759877255,1.6783465152777177,2.8027596594088378,2.1539446050836686
ALGT,2023-07-12,train,True,True,D-1,127.940002441,128.119995117,130.929992676,126.050003052,2.337025307138685,0,-2.3023265279069838,-3.1421083252917037,1.1304966465536248,2.8027596594088378,-0.62248908061181,-2.2325560100775133,2.0,4.0,0.718875752242666,1.6650796291311831,2.8027596594088378,1.1304966465536248
ALGT,2023-07-13,train,True,True,D-1,129.699996948,125.989997864,126.050003052,124.879997253,-2.8141819444015725,0,-3.1421083252917037,1.1304966465536248,2.8027596594088378,-0.62248908061181,1.5857852255300342,1.6583324273968358,3.0,0.0,0.9166668248135654,0.5229458277672849,2.8027596594088378,2.8027596594088378
ALGT,2023-07-14,train,True,True,D-1,125.709999084,124.529998779,124.879997253,127.730003357,1.6068763723800616,0,1.1304966465536248,2.8027596594088378,-0.62248908061181,1.5857852255300342,-1.6625018218700882,3.2112707289214226,3.0,0.0,0.4411768259716664,3.920942055521337,2.8027596594088378,2.9058399640142785
ALGT,2023-07-17,train,True,True,D-1,124.160003662,122.190002441,127.730003357,129.179992676,4.0431611355826735,1,2.8027596594088378,-0.62248908061181,1.5857852255300342,-1.6625018218700882,-1.1588214221386117,0.8748496214665114,2.0,1.0,0.25754089066962477,5.139319007268206,2.8027596594088378,5.6048174761622604
ALGT,2023-07-18,train,True,True,D-1,122.099998474,127.160003662,129.179992676,128.720001221,5.79852112242869,1,-0.62248908061181,1.5857852255300342,-1.6625018218700882,-1.1588214221386117,-1.879062363240458,-3.719171920891906,1.0,2.0,0.009070510540298714,7.152786693183155,1.5857852255300342,4.601894033708531
ALGT,2023-07-19,train,True,True,D-1,127.809997559,128.509994507,128.720001221,129.88999939,1.627417158849287,0,1.5857852255300342,-1.6625018218700882,-1.1588214221386117,-1.879062363240458,4.067436878397457,0.8246121886678504,2.0,3.0,0.5730473964358767,2.964760070329109,4.067436878397457,1.5857852255300342
ALGT,2023-07-20,train,True,True,D-1,128.160003662,128.179992676,129.88999939,129.490005493,1.3498717841508245,0,-1.6625018218700882,-1.1588214221386117,-1.879062363240458,4.067436878397457,1.0616473782026237,0.3044016584951015,2.0,4.0,0.7259343422386517,1.8831205917359206,4.067436878397457,0.0
ALGT,2023-07-21,train,True,True,D-1,128.759994507,129.490005493,129.490005493,126.910003662,0.5669548129410229,0,-1.1588214221386117,-1.879062363240458,4.067436878397457,1.0616473782026237,-0.2567907906820488,1.73822910479291,2.0,1.0,0.8587569464792058,0.7801529545470531,4.067436878397457,4.067436878397457
ALGT,2023-07-24,train,True,True,D-1,128.789993286,128.210006714,126.910003662,127.919998169,-0.6755145293532494,0,-1.879062363240458,4.067436878397457,1.0616473782026237,-0.2567907906820488,1.02201036967704,3.98298142024589,3.0,0.0,0.9486529075781689,0.3088994362747455,4.067436878397457,4.067436878397457
ALGT,2023-07-25,train,True,True,D-1,126.910003662,125.0,127.919998169,127.169998169,0.7958352201217433,0,4.067436878397457,1.0616473782026237,-0.2567907906820488,1.02201036967704,-0.9884923350854335,4.92675681540049,3.0,1.0,0.7843398615590086,1.3103444255701424,4.067436878397457,4.067436878397457
ALGT,2023-07-26,train,True,True,D-1,125.589996338,127.830001831,127.169998169,125.25,1.258063442209001,0,1.0616473782026237,-0.2567907906820488,1.02201036967704,-0.9884923350854335,-2.5037099648240524,-1.6986502043059293,2.0,2.0,0.5055612040841585,3.9119995120000084,1.0616473782026237,4.529100697017052
ALGT,2023-07-27,train,True,True,D-1,127.169998169,124.099998474,125.25,123.870002747,-1.5097886267549154,0,-0.2567907906820488,1.02201036967704,-0.9884923350854335,-2.5037099648240524,2.264001464800014,-0.5291360244848109,2.0,3.0,0.7917090307323056,1.6115133610992816,2.264001464800014,1.3184028999790431
ALGT,2023-07-28,train,True,True,D-1,125.25,121.739997864,123.870002747,122.230003357,-1.1017942139720516,0,1.02201036967704,-0.9884923350854335,-2.5037099648240524,2.264001464800014,-2.9179404706035417,-3.1830195312251175,2.0,4.0,0.4145600330517308,4.665593059788042,2.264001464800014,1.7420115904770328
ALGT,2023-07-31,train,True,True,D-1,121.910003662,123.699996948,122.230003357,128.270004272,5.216963677265851,1,-0.9884923350854335,-2.5037099648240524,2.264001464800014,-2.9179404706035417,-1.901692698646118,-5.985023785807897,1.0,4.0,0.18335056447369336,6.366032335287053,2.264001464800014,7.028144373169365
ALGT,2023-08-01,train,True,True,D-1,122.230003357,121.529998779,128.270004272,122.529998779,4.941504335362579,1,-2.5037099648240524,2.264001464800014,-2.9179404706035417,-1.901692698646118,1.609987775907129,-3.51767376165929,2.0,3.0,0.46717143982208514,3.4114804568458945,2.264001464800014,2.586323407522517
ALGT,2023-08-02,train,True,True,D-1,120.800003052,125.699996948,122.529998779,117.339996338,1.4321156318640949,0,2.264001464800014,-2.9179404706035417,-1.901692698646118,1.609987775907129,-1.7542427021337903,-2.7760009768000082,2.0,4.0,0.3194888386462398,5.257960548177154,2.264001464800014,2.4364994840907706
ALGT,2023-08-03,train,True,True,D-1,122.050003052,115.099998474,117.339996338,114.099998474,-3.8590795544620082,0,-2.9179404706035417,-1.901692698646118,1.609987775907129,-1.7542427021337903,3.4312500706785043,-1.6662793182276592,2.0,0.0,0.8030646189156979,2.0445563933173094,3.4312500706785043,1.609987775907129
ALGT,2023-08-04,train,True,True,D-1,115.88999939,113.680000305,114.099998474,110.699996948,-1.5445689234807713,0,-1.901692698646118,1.609987775907129,-1.7542427021337903,3.4312500706785043,-8.432775442616002,-7.252216044052229,2.0,1.0,0.06859976941288705,11.442229341970812,3.4312500706785043,6.90086276117955
ALGT,2023-08-07,train,True,True,D-1,113.319999695,110.449996948,110.699996948,110.0,-2.3120391405327623,0,1.609987775907129,-1.7542427021337903,3.4312500706785043,-8.432775442616002,-1.233708243115894,-6.620665106306401,2.0,2.0,0.030564716993158655,12.834275094876379,3.4312500706785043,12.993697910651392
ALGT,2023-08-08,train,True,True,D-1,109.199996948,110.129997253,110.0,109.739997864,0.732603547947841,0,-1.7542427021337903,3.4312500706785043,-8.432775442616002,-1.233708243115894,-2.841311882770925,-10.711398809144612,1.0,3.0,0.1606215493619449,16.134004360715082,3.4312500706785043,7.471216697654948
ALGT,2023-08-09,train,True,True,D-1,109.660003662,108.330001831,109.739997864,108.209999084,0.07294747339838814,0,3.4312500706785043,-8.432775442616002,-1.233708243115894,-2.841311882770925,-0.28972358881156346,-9.380401251159952,1.0,4.0,0.14554855621945587,16.47144962450806,3.4312500706785043,6.554053591504894
ALGT,2023-08-10,train,True,True,D-1,109.430000305,107.980003357,108.209999084,103.400001526,-1.1148690647899473,0,-8.432775442616002,-1.233708243115894,-2.841311882770925,-0.28972358881156346,-1.6344279187303412,-13.81861220266034,0.0,4.0,0.08327960574361039,13.108092594840603,-0.28972358881156346,1.9194161843192226
ALGT,2023-08-11,train,True,True,D-1,107.180000305,104.290000916,103.400001526,102.370002747,-3.526776234599116,0,-1.233708243115894,-2.841311882770925,-0.28972358881156346,-1.6344279187303412,-0.3230854500916758,-6.185921121978422,0.0,4.0,0.09126241347566333,8.668265132437813,-0.28972358881156346,1.9522327700243647
ALGT,2023-08-14,train,True,True,D-1,103.089996338,102.709999084,102.370002747,99.6500015259,-0.6984126652205602,0,-2.841311882770925,-0.28972358881156346,-1.6344279187303412,-0.3230854500916758,-3.4173016542704104,-8.260027589555696,0.0,4.0,0.023880395355666925,9.406460323939815,-0.28972358881156346,3.729346299931391
ALGT,2023-08-15,train,True,True,D-1,102.0,98.5999984741,99.6500015259,97.6999969482,-2.303920072647059,0,-0.28972358881156346,-1.6344279187303412,-0.3230854500916758,-3.4173016542704104,-1.5150079759540858,-7.007694049682955,0.0,4.0,0.15806115254147748,7.7791821003381445,-0.28972358881156346,4.880537237599891
ALGT,2023-08-16,train,True,True,D-1,98.5100021362,97.5500030518,97.6999969482,95.0100021362,-0.822256796705878,0,-1.6344279187303412,-0.3230854500916758,-3.4173016542704104,-1.5150079759540858,-4.001558413547146,-10.469444353487356,0.0,4.0,0.027303725381428834,11.561867852254103,-0.3230854500916758,5.455942460373531
ALGT,2023-08-17,train,True,True,D-1,97.4899978638,94.8199996948,95.0100021362,95.3899993896,-2.154065565919727,0,-0.3230854500916758,-3.4173016542704104,-1.5150079759540858,-4.001558413547146,-1.064904095891861,-9.951074122584536,0.0,4.0,0.0048983826937980006,12.496150108500759,-0.3230854500916758,5.023849749993636
ALGT,2023-08-18,train,True,True,D-1,93.4400024414,94.0999984741,95.3899993896,95.1699981689,2.0868973643519917,0,-3.4173016542704104,-1.5150079759540858,-4.001558413547146,-1.064904095891861,-2.7985681923047623,-12.187445131568309,0.0,4.0,0.013991341368736948,14.12149275711747,-1.064904095891861,3.8336702208904394
ALGT,2023-08-21,train,True,True,D-1,94.0,93.3600006104,95.1699981689,95.5500030518,1.6489394168085258,0,-1.5150079759540858,-4.001558413547146,-1.064904095891861,-2.7985681923047623,-0.7593347637813608,-9.770833591331051,0.0,4.0,0.11344090126988733,9.883106485341454,-0.7593347637813608,3.5366524549138245
ALGT,2023-08-22,train,True,True,D-1,94.0299987793,93.0299987793,95.5500030518,94.0699996948,1.6165099353746104,0,-4.001558413547146,-1.064904095891861,-2.7985681923047623,-0.7593347637813608,-0.7863951920293433,-9.103299150020671,0.0,4.0,0.09356137592976141,9.65081627858979,-0.7593347637813608,1.5397585837369276
ALGT,2023-08-23,train,True,True,D-1,93.0999984741,94.0599975586,94.0699996948,90.0,1.0418917686339624,0,-1.064904095891861,-2.7985681923047623,-0.7593347637813608,-0.7863951920293433,-0.3534723960394115,-5.64908699898522,0.0,4.0,0.10419441227196903,7.115987136907287,-0.3534723960394115,1.1370878981411536
ALGT,2023-08-24,train,True,True,D-1,93.2099990845,89.6999969482,90.0,90.2699966431,-3.1541706579513273,0,-2.7985681923047623,-0.7593347637813608,-0.7863951920293433,-0.3534723960394115,1.1071684325649755,-3.5776580051430362,1.0,4.0,0.3308818270248019,3.869869747054011,1.1071684325649755,0.0
ALGT,2023-08-25,train,True,True,D-1,89.8799972534,88.1600036621,90.2699966431,90.2399978638,0.4339112167532244,0,-0.7593347637813608,-0.7863951920293433,-0.3534723960394115,1.1071684325649755,-4.635339914487768,-5.399707617675508,1.0,1.0,0.029850765140198358,6.521746156778874,1.1071684325649755,3.5794925021980784
ALGT,2023-08-28,train,True,True,D-1,89.0,88.3499984741,90.2399978638,89.5,1.3932560267415628,0,-0.7863951920293433,-0.3534723960394115,1.1071684325649755,-4.635339914487768,-1.7168264643189657,-6.312428170373375,1.0,2.0,0.07855418293980643,8.382485347918568,1.1071684325649755,7.379754069008637
ALGT,2023-08-29,train,True,True,D-1,88.5899963379,88.8899993896,89.5,90.2600021362,1.8850952334733773,0,-0.3534723960394115,1.1071684325649755,-4.635339914487768,-1.7168264643189657,0.2155113476721482,-5.366326160608326,2.0,3.0,0.11764689383009114,8.149411094569171,1.1071684325649755,2.6121835050622377
ALGT,2023-08-30,train,True,True,D-1,88.4599990845,88.5599975586,90.2600021362,90.0100021362,2.034821467701553,0,1.1071684325649755,-4.635339914487768,-1.7168264643189657,0.2155113476721482,0.6112064797129557,-4.450176764509628,3.0,4.0,0.183823446911982,7.492410516293924,1.1071684325649755,1.1071684325649755
ALGT,2023-08-31,train,True,True,D-1,89.3799972534,88.8399963379,90.0100021362,88.5,0.7048611570370511,0,-4.635339914487768,-1.7168264643189657,0.2155113476721482,0.6112064797129557,-0.37124742183158865,-5.847331642309972,2.0,4.0,0.17514941849466975,6.221773134709085,0.6112064797129557,0.2155113476721482
ALGT,2023-09-01,train,True,True,D-1,89.4100036621,88.9499969482,88.5,88.3300018311,-1.0177872998854753,0,-1.7168264643189657,0.2155113476721482,0.6112064797129557,-0.37124742183158865,0.31616845869346655,-0.9587521065319793,3.0,3.0,0.5034716427378011,1.6096357093049019,0.6112064797129557,0.6674592101026167
ALGT,2023-09-05,train,True,True,D-1,87.0500030518,87.0800018311,88.3300018311,86.4100036621,1.470417845405847,0,0.2155113476721482,0.6112064797129557,-0.37124742183158865,0.31616845869346655,0.12381879202427726,0.8960903508215434,4.0,4.0,0.5416663355161745,1.4839794718247257,0.6112064797129557,0.6112064797129557
ALGT,2023-09-06,train,True,True,D-1,86.2099990845,86.0599975586,86.4100036621,85.9499969482,0.23199696058917585,0,0.6112064797129557,-0.37124742183158865,0.31616845869346655,0.12381879202427726,-2.1022992481820824,-1.4374608544812872,3.0,2.0,0.5115208507510237,3.651814697096478,0.6112064797129557,2.592289977404605
ALGT,2023-09-07,train,True,True,D-1,85.3000030518,85.7200012207,85.9499969482,86.4599990845,1.3599015137145676,0,-0.37124742183158865,0.31616845869346655,0.12381879202427726,-2.1022992481820824,-1.1713415836605012,-3.183712285333995,2.0,3.0,0.3548382182172966,4.880321516091302,0.31616845869346655,3.565184185229109
ALGT,2023-09-08,train,True,True,D-1,85.7799987793,83.7699966431,86.4599990845,89.3099975586,4.115176998757253,1,0.31616845869346655,0.12381879202427726,-2.1022992481820824,-1.1713415836605012,-0.3950689606614155,-3.2068613552307057,2.0,4.0,0.3026114553396939,5.296314571684424,0.31616845869346655,1.8779513959950256
ALGT,2023-09-11,train,True,True,D-1,84.9000015259,86.2900009155,89.3099975586,86.3600006104,5.194341523485924,1,0.12381879202427726,-2.1022992481820824,-1.1713415836605012,-0.3950689606614155,-2.2748536512259165,-5.706888680540267,1.0,4.0,0.0850431418849223,7.448974266628405,0.12381879202427726,2.784754163235148
ALGT,2023-09-12,train,True,True,D-1,86.1900024414,87.9599990845,86.3600006104,88.0899963379,2.204424924795423,0,-2.1022992481820824,-1.1713415836605012,-0.3950689606614155,-2.2748536512259165,3.008242059667765,-2.9904397121554016,1.0,4.0,0.5838041241806765,2.561129981519117,3.008242059667765,0.0
ALGT,2023-09-13,train,True,True,D-1,85.9499969482,85.3399963379,88.0899963379,85.3499984741,2.4898190409357923,0,-1.1713415836605012,-0.3950689606614155,-2.2748536512259165,3.008242059667765,1.9353321952509273,1.0105618223422042,2.0,0.0,0.779411838041196,1.5347868214540483,3.008242059667765,0.0
ALGT,2023-09-14,train,True,True,D-1,86.5500030518,85.5899963379,85.3499984741,84.8399963379,-1.3864870426195108,0,-0.3950689606614155,-2.2748536512259165,3.008242059667765,1.9353321952509273,-2.9786298020342716,-0.8366270522024322,2.0,1.0,0.3513064725260211,4.651981944059336,3.008242059667765,4.109186047987212
ALGT,2023-09-15,train,True,True,D-1,85.3000030518,84.6299972534,84.8399963379,83.6100006104,-0.539281005207759,0,-2.2748536512259165,3.008242059667765,1.9353321952509273,-2.9786298020342716,0.2929458761752546,-0.1516622502900744,3.0,2.0,0.39215617832029287,4.346303750281555,3.008242059667765,5.702651758698362
ALGT,2023-09-18,train,True,True,D-1,84.8399963379,82.3099975586,83.6100006104,83.9199981689,-1.0843920423285414,0,3.008242059667765,1.9353321952509273,-2.9786298020342716,0.2929458761752546,-1.1216253365755824,1.0266212782173323,3.0,3.0,0.21079256925229486,5.529954457149633,3.008242059667765,3.840207275237717
ALGT,2023-09-19,train,True,True,D-1,82.3099975586,83.0699996948,83.9199981689,78.7600021362,1.956020724157792,0,1.9353321952509273,-2.9786298020342716,0.2929458761752546,-1.1216253365755824,-2.7413444051681113,-4.612357532360489,2.0,4.0,0.020978185250400065,8.504434707359088,1.9353321952509273,5.767554323583457
ALGT,2023-09-20,train,True,True,D-1,83.9100036621,77.5999984741,78.7600021362,77.2200012207,-6.1375298547700075,0,-2.9786298020342716,0.2929458761752546,-1.1216253365755824,-2.7413444051681113,0.9233412206808955,-5.559344520913823,2.0,3.0,0.15345651882735944,6.043092165093911,0.9233412206808955,2.1362610235562074
ALGT,2023-09-21,train,True,True,D-1,76.8399963379,77.1500015259,77.2200012207,75.6200027466,0.4945404748966098,0,0.2929458761752546,-1.1216253365755824,-2.7413444051681113,0.9233412206808955,-6.584809486934917,-9.069601823222273,2.0,4.0,0.008506274784682157,13.518038750092455,0.9233412206808955,6.015214402725444
ALGT,2023-09-22,train,True,True,D-1,77.1299972534,75.3199996948,75.6200027466,76.4000015259,-0.9464485329899741,0,-1.1216253365755824,-2.7413444051681113,0.9233412206808955,-6.584809486934917,-0.5798929858873647,-9.86095942647296,1.0,4.0,0.08379891125558844,10.628641329899647,0.9233412206808955,8.0498588451544
ALGT,2023-09-25,train,True,True,D-1,74.1900024414,75.2699966431,76.4000015259,77.4000015259,4.326727293256871,1,-2.7413444051681113,0.9233412206808955,-6.584809486934917,-0.5798929858873647,-2.372004918866588,-11.000824602089864,1.0,4.0,0.08461517017775931,12.639400798825617,0.9233412206808955,3.861484035285434
ALGT,2023-09-26,train,True,True,D-1,74.9700012207,75.4300003052,77.4000015259,79.4000015259,5.90903058966048,1,0.9233412206808955,-6.584809486934917,-0.5798929858873647,-2.372004918866588,-0.0663874826110189,-8.553032589373998,1.0,3.0,0.13152587138806135,11.491964808786715,0.9233412206808955,3.360158907805455
ALGT,2023-09-27,train,True,True,D-1,75.2399978638,75.4800033569,79.4000015259,78.4199981689,5.528978974229193,1,-6.584809486934917,-0.5798929858873647,-2.372004918866588,-0.0663874826110189,0.21257296298107242,-9.197062017177604,1.0,4.0,0.1475904975736806,11.255465768723738,0.21257296298107242,0.0
ALGT,2023-09-28,train,True,True,D-1,74.1999969482,78.25,78.4199981689,76.7200012207,5.687333415452889,1,-0.5798929858873647,-2.372004918866588,-0.0663874826110189,0.21257296298107242,0.06629066882894996,-2.7319525243387432,2.0,4.0,0.31666735542213165,4.345520182068419,0.21257296298107242,0.0
ALGT,2023-09-29,train,True,True,D-1,77.7900009155,76.8600006104,76.7200012207,75.6600036621,-1.3754977274808122,0,-2.372004918866588,-0.0663874826110189,0.21257296298107242,0.06629066882894996,3.6698417062891897,1.4257919019362797,3.0,0.0,0.7886027555524332,1.4696505123322545,3.6698417062891897,0.21257296298107242
ALGT,2023-10-02,train,True,True,D-1,76.5899963379,75.2799987793,75.6600036621,76.0999984741,-0.6397674464406866,0,-0.0663874826110189,0.21257296298107242,0.06629066882894996,3.6698417062891897,-1.776357047412147,2.0446108893257264,3.0,1.0,0.5330882765474776,3.3047110269685653,3.6698417062891897,0.21257296298107242
ALGT,2023-10-03,train,True,True,D-1,75.0100021362,73.9800033569,76.0999984741,77.4000015259,3.186240930056683,1,0.21257296298107242,0.06629066882894996,3.6698417062891897,-1.776357047412147,-2.055688028300906,0.013288344155815146,3.0,2.0,0.20769247698964502,5.472904906227072,3.6698417062891897,7.465370422838713
ALGT,2023-10-04,train,True,True,D-1,74.0199966431,75.8499984741,77.4000015259,79.0800018311,6.835997591836818,1,0.06629066882894996,3.6698417062891897,-1.776357047412147,-2.055688028300906,-1.726880238416617,-1.9223080239070822,2.0,3.0,0.12721433687032652,7.326301599166496,3.6698417062891897,7.416910702682477
ALGT,2023-10-05,train,True,True,D-1,74.8300018311,76.2799987793,79.0800018311,77.2399978638,5.679540152347906,1,3.6698417062891897,-1.776357047412147,-2.055688028300906,-1.726880238416617,2.5277034770850637,0.4901895876322726,2.0,4.0,0.42834080915394834,4.680294163766119,3.6698417062891897,3.6698417062891897
ALGT,2023-10-06,train,True,True,D-1,75.6900024414,78.1600036621,77.2399978638,78.3300018311,3.4879102979867405,1,-1.776357047412147,-2.055688028300906,-1.726880238416617,2.5277034770850637,0.5669087855642241,-2.5175734449840226,2.0,4.0,0.5908219621772159,2.805452836714939,2.5277034770850637,0.0
ALGT,2023-10-09,train,True,True,D-1,77.2399978638,76.3099975586,78.3300018311,77.6600036621,1.4111910893913393,0,-2.055688028300906,-1.726880238416617,2.5277034770850637,0.5669087855642241,2.464610530788547,1.6913908943218203,3.0,0.0,0.8438033507085189,1.177070273662384,2.5277034770850637,2.5277034770850637
ALGT,2023-10-10,train,True,True,D-1,77.1600036621,76.0199966431,77.6600036621,74.6100006104,0.6480041164715455,0,-1.726880238416617,2.5277034770850637,0.5669087855642241,2.464610530788547,-2.3669473091351256,1.3682236928824532,3.0,1.0,0.529710601100574,3.629936261461486,2.5277034770850637,2.5277034770850637
ALGT,2023-10-11,train,True,True,D-1,76.0199966431,74.6100006104,74.6100006104,73.5199966431,-1.8547699223398828,0,2.5277034770850637,0.5669087855642241,2.464610530788547,-2.3669473091351256,-0.3800300416433644,2.757492827296204,3.0,2.0,0.4466535509095814,4.025263513712285,2.5277034770850637,5.265685717018975
ALGT,2023-10-12,train,True,True,D-1,74.5999984741,73.2200012207,73.5199966431,75.0500030518,0.6032233068426152,0,0.5669087855642241,2.464610530788547,-2.3669473091351256,-0.3800300416433644,-1.8547699223398828,-1.6348027536525644,2.0,3.0,0.06875033776827304,5.991155587897068,2.464610530788547,4.6923618118635435
ALGT,2023-10-13,train,True,True,D-1,73.1100006104,72.7600021362,75.0500030518,75.8600006104,3.7614553098619607,1,2.464610530788547,-2.3669473091351256,-0.3800300416433644,-1.8547699223398828,-1.8630202095270332,-4.011533308296789,1.0,4.0,0.20380433092361888,8.003278493176701,2.464610530788547,6.147845924162043
ALGT,2023-10-16,train,True,True,D-1,73.4400024414,74.7600021362,75.8600006104,74.3899993896,3.2952043689418176,1,-2.3669473091351256,-0.3800300416433644,-1.8547699223398828,-1.8630202095270332,-0.6282423884608646,-6.9089064392130695,0.0,3.0,0.22638942311904614,7.655304468619284,-0.3800300416433644,2.479558315326058
ALGT,2023-10-17,train,True,True,D-1,73.9100036621,74.5199966431,74.3899993896,74.6500015259,1.0012147573190466,0,-0.3800300416433644,-1.8547699223398828,-1.8630202095270332,-0.6282423884608646,2.7487629759221033,-2.0311826392206744,1.0,4.0,0.50416702428814,4.77528035432111,2.7487629759221033,0.0
ALGT,2023-10-18,train,True,True,D-1,73.6500015259,72.7200012207,74.6500015259,73.9199981689,1.3577732237362472,0,-1.8547699223398828,-1.8630202095270332,-0.6282423884608646,2.7487629759221033,-0.3210346257919494,-1.9731650437216253,1.0,4.0,0.5191418166425482,4.213643532538636,2.7487629759221033,0.0
ALGT,2023-10-19,train,True,True,D-1,72.7399978638,73.6999969482,73.9199981689,73.8099975586,1.622216579260094,0,-1.8630202095270332,-0.6282423884608646,2.7487629759221033,-0.3210346257919494,-2.415452903226434,-2.533171658273037,1.0,1.0,0.3361528200496786,4.317930881450782,2.7487629759221033,5.47749606475143
ALGT,2023-10-20,train,True,True,D-1,73.6999969482,73.3099975586,73.8099975586,72.6100006104,0.1492545657462152,0,-0.6282423884608646,2.7487629759221033,-0.3210346257919494,-2.415452903226434,1.3476288655795976,0.6555527444655374,2.0,2.0,0.5433399304033509,2.9308056331646126,2.7487629759221033,3.8491383541272906
ALGT,2023-10-23,train,True,True,D-1,72.7699966431,71.9199981689,72.6100006104,71.1500015259,-0.21986538419770385,0,2.7487629759221033,-0.3210346257919494,-2.415452903226434,1.3476288655795976,-0.5291715139067121,0.7559035270098935,2.0,3.0,0.3461533194627324,3.478383763089954,2.7487629759221033,2.7487629759221033
ALGT,2023-10-24,train,True,True,D-1,72.4599990845,71.3099975586,71.1500015259,70.3399963379,-1.8078906640232484,0,-0.3210346257919494,-2.415452903226434,1.3476288655795976,-0.5291715139067121,-1.8960570672355015,-3.798828098113216,1.0,4.0,0.055154874937307696,5.478312766703808,1.3476288655795976,3.76282405283459
ALGT,2023-10-25,train,True,True,D-1,71.0999984741,68.75,70.3399963379,69.1500015259,-1.0689200457252523,0,-2.415452903226434,1.3476288655795976,-0.5291715139067121,-1.8960570672355015,-0.8481654975399766,-4.30756740351681,1.0,3.0,0.24090845249949916,4.683780790421843,1.3476288655795976,4.075769728497114
ALGT,2023-10-26,train,True,True,D-1,68.6999969482,69.2399978638,69.1500015259,69.0199966431,0.6550285264776745,0,1.3476288655795976,-0.5291715139067121,-1.8960570672355015,-0.8481654975399766,-3.589956031755981,-5.459297516581896,1.0,4.0,0.10197841705080793,8.58182040130908,1.3476288655795976,5.7553016264373476
ALGT,2023-10-27,train,True,True,D-1,69.1299972534,67.5400009155,69.0199966431,69.0400009155,-0.1301842058088254,0,-0.5291715139067121,-1.8960570672355015,-0.8481654975399766,-3.589956031755981,0.7127241655272787,-6.0515593881702685,1.0,4.0,0.2499996943388382,6.759099436002125,0.7127241655272787,2.902818350398839
ALGT,2023-10-30,train,True,True,D-1,68.4300003052,68.6100006104,69.0400009155,67.1200027466,0.8914227788680229,0,-1.8960570672355015,-0.8481654975399766,-3.589956031755981,0.7127241655272787,-2.4552238601220244,-7.870681810469005,1.0,4.0,0.08467181900740618,9.28338252607437,0.7127241655272787,1.7599986683636382
ALGT,2023-10-31,train,True,True,D-1,68.5599975586,66.6200027466,67.1200027466,66.1699981689,-2.1003425660410913,0,-0.8481654975399766,-3.589956031755981,0.7127241655272787,-2.4552238601220244,1.584245899313319,-4.602332651242092,2.0,4.0,0.299474493637285,5.830053876130825,1.584245899313319,1.6225989096589233
ALGT,2023-11-01,train,True,True,D-1,66.6999969482,65.9400024414,66.1699981689,67.0,0.4497797084353605,0,-3.589956031755981,0.7127241655272787,-2.4552238601220244,1.584245899313319,-2.9004486898348114,-6.57691063324738,2.0,4.0,0.16880826158649895,6.799757719210242,1.584245899313319,2.0748771954791523
ALGT,2023-11-02,train,True,True,D-1,64.1600036621,64.4100036621,67.0,65.1200027466,4.426427954800172,1,0.7127241655272787,-2.4552238601220244,1.584245899313319,-2.9004486898348114,-1.0207149161888918,-4.087269176145458,2.0,4.0,0.14563124055539334,6.672723284185844,1.584245899313319,5.475804192923473
ALGT,2023-11-03,train,True,True,D-1,65.4400024414,64.8099975586,65.1200027466,62.7000007629,-0.48899707038757567,0,-2.4552238601220244,1.584245899313319,-2.9004486898348114,-1.0207149161888918,-2.3202892366582684,-6.975728409467818,1.0,4.0,0.43504218671642614,7.359101993948647,1.584245899313319,4.901566513823186
ALGT,2023-11-06,train,True,True,D-1,65.1200027466,61.4500007629,62.7000007629,62.9199981689,-3.378385265524053,0,1.584245899313319,-2.9004486898348114,-1.0207149161888918,-2.3202892366582684,0.6210120691785725,-4.042054071505763,2.0,3.0,0.4891301894077646,6.526775985565059,1.584245899313319,3.2979323429925045
ALGT,2023-11-07,train,True,True,D-1,61.7000007629,61.4700012207,62.9199981689,61.7599983215,1.9773053337360569,0,-2.9004486898348114,-1.0207149161888918,-2.3202892366582684,0.6210120691785725,-5.184380376903974,-10.435796216003347,1.0,4.0,0.0833336020812359,12.351505383841133,0.6210120691785725,4.595563935578095
ALGT,2023-11-08,train,True,True,D-1,62.2000007629,61.0099983215,61.7599983215,58.0999984741,-0.707399414796217,0,-1.0207149161888918,-2.3202892366582684,0.6210120691785725,-5.184380376903974,0.032547530596738206,-7.730413259646451,2.0,4.0,0.11163559830209335,9.191477816332561,0.6210120691785725,5.774532303275237
ALGT,2023-11-09,train,True,True,D-1,61.7599983215,57.0600013733,58.0999984741,60.6300010681,-1.8296588149462778,0,-2.3202892366582684,0.6210120691785725,-5.184380376903974,0.032547530596738206,-0.7483372215146389,-7.476499753364774,2.0,3.0,0.0461778912690052,9.81806563398826,0.6210120691785725,1.3370453253826131
ALGT,2023-11-10,train,True,True,D-1,56.9399986267,57.2799987793,60.6300010681,64.1699981689,12.697575898447134,1,0.6210120691785725,-5.184380376903974,0.032547530596738206,-0.7483372215146389,-6.474343643454938,-11.411274446371245,2.0,4.0,0.007984214315850847,17.420256550065936,0.6210120691785725,7.795243010815412
ALGT,2023-11-13,train,True,True,D-1,56.5499992371,59.9700012207,64.1699981689,69.3899993896,22.705570867764457,1,-5.184380376903974,0.032547530596738206,-0.7483372215146389,-6.474343643454938,0.3855545052667164,-11.618575934201381,2.0,4.0,0.23512184882738404,13.687158055829496,0.3855545052667164,6.14629879238876
ALGT,2023-11-14,train,True,True,D-1,61.9000015259,63.4000015259,69.3899993896,67.5899963379,12.100157801395305,1,0.032547530596738206,-0.7483372215146389,-6.474343643454938,0.3855545052667164,4.696233412581918,-2.408461389464356,3.0,3.0,0.6335407170424304,4.91912104077421,4.696233412581918,0.032547530596738206
ALGT,2023-11-15,train,True,True,D-1,64.1600036621,66.7399978638,67.5899963379,67.5699996948,5.345998254401807,1,-0.7483372215146389,-6.474343643454938,0.3855545052667164,4.696233412581918,5.719526822380749,3.1397433981993794,3.0,0.0,0.9172046552502322,1.214505716826264,5.719526822380749,0.3855545052667164
ALGT,2023-11-16,train,True,True,D-1,66.7399978638,65.9700012207,67.5699996948,69.8899993896,4.7198106482238655,1,-6.474343643454938,0.3855545052667164,4.696233412581918,5.719526822380749,5.2681328982863596,9.391902474910797,4.0,0.0,0.8174930136180056,3.97063471774155,5.719526822380749,4.696233412581918
ALGT,2023-11-17,train,True,True,D-1,67.0800018311,66.9199981689,69.8899993896,69.1900024414,4.189024272204489,1,0.3855545052667164,4.696233412581918,5.719526822380749,5.2681328982863596,-1.1537259031254021,15.615141312578462,4.0,1.0,0.7644629434507785,5.184171753246658,5.719526822380749,5.719526822380749
ALGT,2023-11-20,train,True,True,D-1,66.4300003052,69.6600036621,69.1900024414,71.4199981689,7.511663165398774,1,4.696233412581918,5.719526822380749,5.2681328982863596,-1.1537259031254021,1.4400438542085503,16.829608231562542,4.0,2.0,0.8186489416725982,3.69097622278165,5.719526822380749,5.719526822380749
ALGT,2023-11-21,train,True,True,D-1,69.1900024414,67.4199981689,71.4199981689,69.7900009155,3.223002816611653,1,5.719526822380749,5.2681328982863596,-1.1537259031254021,1.4400438542085503,4.094449444371584,16.158082781654628,4.0,0.0,0.9712864200130144,0.3301689856573198,5.719526822380749,5.719526822380749
ALGT,2023-11-22,train,True,True,D-1,69.1600036621,67.8099975586,69.7900009155,69.5800018311,0.9109271544837316,0,5.2681328982863596,-1.1537259031254021,1.4400438542085503,4.094449444371584,-3.2156264361764997,6.340688558749874,3.0,1.0,0.568934893119428,3.663603215343003,5.2681328982863596,5.2681328982863596
ALGT,2023-11-24,train,True,True,D-1,67.9499969482,69.6299972534,69.5800018311,68.3899993896,2.3988299574797756,0,-1.1537259031254021,1.4400438542085503,4.094449444371584,-3.2156264361764997,0.5784624744767708,1.6032360339351737,3.0,0.0,0.41300817647676896,5.323699661219283,4.094449444371584,6.750214598323945
ALGT,2023-11-27,train,True,True,D-1,68.5,67.7799987793,68.3899993896,71.25,4.014598540145986,1,1.4400438542085503,4.094449444371584,-3.2156264361764997,0.5784624744767708,2.683969562492905,5.547970236434652,4.0,1.0,0.6843030875533322,2.570732422960975,4.094449444371584,4.094449444371584
ALGT,2023-11-28,train,True,True,D-1,67.9499969482,68.0299987793,71.25,69.75,4.856516850641923,1,4.094449444371584,-3.2156264361764997,0.5784624744767708,2.683969562492905,-2.6568986745287737,1.2851175043810503,3.0,2.0,0.3580245916893886,5.370314923510522,4.094449444371584,4.138688908138088
ALGT,2023-11-29,train,True,True,D-1,69.8300018311,68.9599990845,69.75,71.3700027466,2.205357117453377,0,-3.2156264361764997,0.5784624744767708,2.683969562492905,-2.6568986745287737,0.368840372532353,-2.339943722522131,3.0,3.0,0.22425556579347858,4.983094885239803,2.683969562492905,4.981827579458253
ALGT,2023-11-30,train,True,True,D-1,69.0899963379,68.4899978638,71.3700027466,75.5500030518,9.350133241151015,1,0.5784624744767708,2.683969562492905,-2.6568986745287737,0.368840372532353,1.3670444243532476,2.28419008814269,4.0,4.0,0.4370705187349277,3.5672841024629864,2.683969562492905,2.683969562492905
ALGT,2023-12-01,train,True,True,D-1,68.4899978638,71.3499984741,75.5500030518,73.2600021362,10.308082067748959,1,2.683969562492905,-2.6568986745287737,0.368840372532353,1.3670444243532476,-0.6815563035667771,1.0028024328010865,3.0,1.0,0.3428561567448608,4.029788614811425,2.683969562492905,2.683969562492905
ALGT,2023-12-04,train,True,True,D-1,72.3499984741,73.7099990845,73.2600021362,74.6500015259,3.178995301048082,1,-2.6568986745287737,0.368840372532353,1.3670444243532476,-0.6815563035667771,4.175793107757775,2.470201477160061,3.0,0.0,0.9953693810385986,0.028036822603794143,4.175793107757775,1.3670444243532476
ALGT,2023-12-05,train,True,True,D-1,72.9300003052,70.6900024414,74.6500015259,76.6699981689,5.128202177497232,1,0.368840372532353,1.3670444243532476,-0.6815563035667771,4.175793107757775,3.3076393284811045,8.748894086747928,4.0,0.0,0.780951948445883,2.4962745762493466,4.175793107757775,1.3670444243532476
ALGT,2023-12-06,train,True,True,D-1,71.9899978638,72.5299987793,76.6699981689,75.6900024414,6.500903519894852,1,1.3670444243532476,-0.6815563035667771,4.175793107757775,3.3076393284811045,-4.097132927159475,3.9100451415991833,3.0,1.0,0.35199991861333235,6.875089040248383,4.175793107757775,5.100805086475035
ALGT,2023-12-07,train,True,True,D-1,72.9499969482,75.4899978638,75.6900024414,74.9300003052,3.7560049456144773,1,-0.6815563035667771,4.175793107757775,3.3076393284811045,-4.097132927159475,2.6029088617238516,5.176913779284575,3.0,2.0,0.5973327636666662,4.163800252760952,4.175793107757775,5.776661809231043
ALGT,2023-12-08,train,True,True,D-1,75.0500030518,75.1100006104,74.9300003052,75.7399978638,0.9193801251730305,0,4.175793107757775,3.3076393284811045,-4.097132927159475,2.6029088617238516,4.081068708558666,10.220470460402531,4.0,0.0,0.8631089357859195,1.5631213915636488,4.175793107757775,4.175793107757775
ALGT,2023-12-11,train,True,True,D-1,74.8600006104,74.1500015259,75.7399978638,78.1699981689,4.4215836648552775,1,3.3076393284811045,-4.097132927159475,2.6029088617238516,4.081068708558666,-0.5033743067334617,5.269799883268211,3.0,1.0,0.773256078303073,2.0769505336470484,4.081068708558666,3.3076393284811045
ALGT,2023-12-12,train,True,True,D-1,73.9000015259,75.3099975586,78.1699981689,81.9400024414,10.879567996601725,1,-4.097132927159475,2.6029088617238516,4.081068708558666,-0.5033743067334617,-1.2781241867904747,0.5969372498507042,2.0,2.0,0.6337212719445994,3.3985119233204353,4.081068708558666,5.856133453318158
ALGT,2023-12-13,train,True,True,D-1,74.7799987793,77.7099990845,81.9400024414,82.9100036621,10.871897586939362,1,2.6029088617238516,4.081068708558666,-0.5033743067334617,-1.2781241867904747,1.5643911110303055,6.53557074217086,3.0,3.0,0.7154809712108006,1.8058699434185366,4.081068708558666,4.081068708558666
ALGT,2023-12-14,train,True,True,D-1,78.2600021362,81.1699981689,82.9100036621,83.4400024414,6.618962642225545,1,4.081068708558666,-0.5033743067334617,-1.2781241867904747,1.5643911110303055,3.1868299079846674,7.141872869682664,3.0,0.0,0.9242176099623093,0.5919432374459355,4.081068708558666,4.081068708558666
ALGT,2023-12-15,train,True,True,D-1,81.8300018311,82.25,83.4400024414,84.7799987793,3.6050310181941603,1,-0.5033743067334617,-1.2781241867904747,1.5643911110303055,3.1868299079846674,4.45245029618091,7.5241760045455575,3.0,0.0,0.9217475648324067,0.9486316248249249,4.45245029618091,1.5643911110303055
ALGT,2023-12-18,train,True,True,D-1,82.0500030518,82.8799972534,84.7799987793,84.6500015259,3.327234157171799,1,-1.2781241867904747,1.5643911110303055,3.1868299079846674,4.45245029618091,1.3305431261101175,9.506056891991799,4.0,0.0,0.9389451114387387,0.8024360633434702,4.45245029618091,3.1868299079846674
ALGT,2023-12-19,train,True,True,D-1,83.75,83.4599990845,84.6500015259,84.6200027466,1.0746286876417876,0,1.5643911110303055,3.1868299079846674,4.45245029618091,1.3305431261101175,0.765954107477218,11.773426227713157,5.0,0.0,0.9506168437317288,0.6756819577199202,4.45245029618091,4.45245029618091
ALGT,2023-12-20,train,True,True,D-1,83.0999984741,81.2699966431,84.6200027466,85.9100036621,3.3814744158819687,1,3.1868299079846674,4.45245029618091,1.3305431261101175,0.765954107477218,0.6998091823370522,10.821938374859652,5.0,0.0,0.8958990802028073,1.5815956257842156,4.45245029618091,4.45245029618091
ALGT,2023-12-21,train,True,True,D-1,83.0699996948,84.3499984741,85.9100036621,85.2200012207,3.418808207215829,1,4.45245029618091,1.3305431261101175,0.765954107477218,0.6998091823370522,-2.6240144565334855,4.581131901351521,4.0,1.0,0.4616558369068219,4.3189396839946825,4.45245029618091,6.395018664490015
ALGT,2023-12-22,train,True,True,D-1,84.5,84.4899978638,85.2200012207,83.9400024414,0.8520724505325372,0,1.3305431261101175,0.765954107477218,0.6998091823370522,-2.6240144565334855,3.7898387575010517,3.9177040494481785,4.0,2.0,0.9071273087939244,0.5097810468034814,3.7898387575010517,1.3305431261101175
ALGT,2023-12-26,train,True,True,D-1,84.4000015259,83.4899978638,83.9400024414,84.8700027466,0.5568734741737691,0,0.765954107477218,0.6998091823370522,-2.6240144565334855,3.7898387575010517,0.16597438320402613,2.7234016581155096,4.0,0.0,0.7534713070025343,1.6806791741065918,3.7898387575010517,0.765954107477218
ALGT,2023-12-27,train,True,True,D-1,83.6900024414,83.4400024414,84.8700027466,83.8399963379,1.4099656718569609,0,0.6998091823370522,-2.6240144565334855,3.7898387575010517,0.16597438320402613,-1.1835720502822444,0.7360046218811478,3.0,1.0,0.48837123027201274,2.8985577437046217,3.7898387575010517,4.809400850989498
ALGT,2023-12-28,train,True,True,D-1,82.9000015259,84.1399993896,83.8399963379,83.0500030518,1.1338899815416026,0,-2.6240144565334855,3.7898387575010517,0.16597438320402613,-1.1835720502822444,-0.059881930385918825,-0.02395955346196077,2.0,2.0,0.4778013810292907,2.960212306363097,3.7898387575010517,5.032583992377992
ALGT,2023-12-29,train,True,True,D-1,83.7699966431,82.6100006104,83.0500030518,79.4599990845,-0.8594886237939248,0,3.7898387575010517,0.16597438320402613,-1.1835720502822444,-0.059881930385918825,0.8389224924719052,3.5314419405032327,3.0,3.0,0.49137857324462014,2.103641888923957,3.7898387575010517,3.7898387575010517
ALGT,2024-01-02,train,True,True,D-1,81.6500015259,81.0899963379,79.4599990845,78.6900024414,-2.6821829766963456,0,0.16597438320402613,-1.1835720502822444,-0.059881930385918825,0.8389224924719052,-1.8183964705247302,-2.062830936783344,2.0,4.0,0.2009687287675264,3.9946774328973422,0.8389224924719052,1.1607032982503984
ALGT,2024-01-03,train,True,True,D-1,79.4000015259,76.3399963379,78.6900024414,81.2799987793,2.3677546817008066,0,-1.1835720502822444,-0.059881930385918825,0.8389224924719052,-1.8183964705247302,-1.8399761061236863,-4.024146776972204,1.0,4.0,0.3047132684634731,5.093112676427269,0.8389224924719052,4.463837008548066
ALGT,2024-01-04,train,True,True,D-1,76.9700012207,78.2799987793,81.2799987793,83.6600036621,8.691701098220616,1,-0.059881930385918825,0.8389224924719052,-1.8183964705247302,-1.8399761061236863,-5.857689252083409,-8.563901915010263,1.0,3.0,0.05641531583537359,11.173705551339097,0.8389224924719052,8.42880776806969
ALGT,2024-01-05,train,True,True,D-1,77.8499984741,78.9899978638,83.6600036621,80.3199996948,7.4630768168003625,1,0.8389224924719052,-1.8183964705247302,-1.8399761061236863,-5.857689252083409,2.5412660917784935,-6.184088579963632,2.0,4.0,0.2710173340800475,8.418502899929292,2.5412660917784935,4.30420512350177
ALGT,2024-01-08,train,True,True,D-1,78.6600036621,81.1399993896,80.3199996948,79.0699996948,2.110343192749964,0,-1.8183964705247302,-1.8399761061236863,-5.857689252083409,2.5412660917784935,0.906999355610294,-6.120752986880296,2.0,4.0,0.394506641673393,6.140015958049161,2.5412660917784935,0.0
ALGT,2024-01-09,train,True,True,D-1,79.8700027466,78.75,79.0699996948,79.6299972534,-0.3004951608195694,0,-1.8399761061236863,-5.857689252083409,2.5412660917784935,0.906999355610294,2.7218655322756025,-1.7794470523401995,3.0,0.0,0.6781604491428129,3.105748448924661,2.7218655322756025,2.5412660917784935
ALGT,2024-01-10,train,True,True,D-1,79.0699996948,77.8799972534,79.6299972534,78.5999984741,0.7082301261686075,0,-5.857689252083409,2.5412660917784935,0.906999355610294,2.7218655322756025,-2.9455255208029274,-2.885678189143448,3.0,1.0,0.3729243277235701,6.23492528520635,2.7218655322756025,2.845099324200928
ALGT,2024-01-11,train,True,True,D-1,77.8099975586,79.1699981689,78.5999984741,75.3199996948,1.0152948724937882,0,2.5412660917784935,0.906999355610294,2.7218655322756025,-2.9455255208029274,-1.1047653925079337,2.017292362294043,3.0,2.0,0.21360522327354078,7.421682861509926,2.7218655322756025,6.739615299005141
ALGT,2024-01-12,train,True,True,D-1,78.1699981689,76.1100006104,75.3199996948,73.6999969482,-3.6458980949981235,0,0.906999355610294,2.7218655322756025,-2.9455255208029274,-1.1047653925079337,1.6563956869472873,1.1369435404684047,3.0,3.0,0.42656392806659515,5.671347223756529,2.7218655322756025,2.7218655322756025
ALGT,2024-01-16,train,True,True,D-1,75.1500015259,74.1800003052,73.6999969482,74.5199966431,-0.8383298336765432,0,2.7218655322756025,-2.9455255208029274,-1.1047653925079337,1.6563956869472873,-3.8650974223491175,-3.6460277646366057,2.0,4.0,0.05150795431918883,9.919856774601499,2.7218655322756025,4.994588574677539
ALGT,2024-01-17,train,True,True,D-1,72.5699996948,71.8399963379,74.5199966431,75.7099990845,4.326856005106183,1,-2.9455255208029274,-1.1047653925079337,1.6563956869472873,-3.8650974223491175,-2.5358038230475,-8.57776575888426,1.0,4.0,0.291810762818303,8.277162799053794,1.6563956869472873,7.959285644143466
ALGT,2024-01-18,train,True,True,D-1,72.5800018311,74.4499969482,75.7099990845,76.9599990845,6.034716372138749,1,-1.1047653925079337,1.6563956869472873,-3.8650974223491175,-2.5358038230475,-3.15449441584319,-8.77460782488888,1.0,3.0,0.21550849183553017,10.843543029790359,1.6563956869472873,7.266702135843195
ALGT,2024-01-19,train,True,True,D-1,75.2699966431,74.9499969482,76.9599990845,79.9599990845,6.230905607234316,1,1.6563956869472873,-3.8650974223491175,-2.5358038230475,-3.15449441584319,3.6330745313847723,-4.404212154810095,2.0,4.0,0.4783484243714054,6.957690419791551,3.6330745313847723,1.6563956869472873
ALGT,2024-01-22,train,True,True,D-1,75.2200012207,76.1600036621,79.9599990845,80.0100021362,6.367988351191123,1,-3.8650974223491175,-2.5358038230475,-3.15449441584319,3.6330745313847723,0.6715916997926508,-5.330303547180981,2.0,4.0,0.5898875393135503,4.869915509699929,3.6330745313847723,0.0
ALGT,2024-01-23,train,True,True,D-1,78.3700027466,78.5500030518,80.0100021362,83.6100006104,6.686229016404277,1,-2.5358038230475,-3.15449441584319,3.6330745313847723,0.6715916997926508,1.6144186299784202,0.06569839876360284,3.0,0.0,0.8898078254825813,1.050414107054598,3.6330745313847723,3.6330745313847723
ALGT,2024-01-24,train,True,True,D-1,80.0100021362,78.75,83.6100006104,83.1200027466,4.499435543160923,1,-3.15449441584319,3.6330745313847723,0.6715916997926508,1.6144186299784202,3.138129299866832,5.891079440038327,4.0,0.0,0.8625735147060631,1.7950298891397543,3.6330745313847723,3.6330745313847723
ALGT,2024-01-25,train,True,True,D-1,80.8899993896,81.6500015259,83.1200027466,81.1999969482,2.756834434204114,0,3.6330745313847723,0.6715916997926508,1.6144186299784202,3.138129299866832,0.2546109999105983,9.61860246985362,5.0,0.0,0.8596880105582758,1.6000027126349181,3.6330745313847723,3.6330745313847723
ALGT,2024-01-26,train,True,True,D-1,81.6900024414,80.9100036621,81.1999969482,80.8399963379,-0.5998353269134782,0,0.6715916997926508,1.6144186299784202,3.138129299866832,0.2546109999105983,3.6825416201904604,9.670926625704945,5.0,0.0,0.8142181499970663,2.4004887297868205,3.6825416201904604,3.138129299866832
ALGT,2024-01-29,train,True,True,D-1,80.6699981689,80.3499984741,80.8399963379,81.4000015259,0.9049254661833261,0,1.6144186299784202,3.138129299866832,0.2546109999105983,3.6825416201904604,-0.9063047764491072,7.951977260278098,4.0,1.0,0.6878616795366317,3.3370372340802756,3.6825416201904604,3.138129299866832
ALGT,2024-01-30,train,True,True,D-1,79.2099990845,79.5500030518,81.4000015259,80.6500015259,2.764805538078252,0,3.138129299866832,0.2546109999105983,3.6825416201904604,-0.9063047764491072,-0.6921334354880404,5.5015685537382675,3.0,2.0,0.47672546072754945,4.057252269084755,3.6825416201904604,5.274706993742373
ALGT,2024-01-31,train,True,True,D-1,79.2200012207,78.4000015259,80.6500015259,80.4400024414,1.8051000797338235,0,0.2546109999105983,3.6825416201904604,-0.9063047764491072,-0.6921334354880404,-0.9956383789576195,1.2730744253956816,2.0,3.0,0.2631586235053059,5.103705094714162,3.6825416201904604,5.363422288518804
ALGT,2024-02-01,train,True,True,D-1,79.4100036621,79.9199981689,80.4400024414,79.6999969482,1.2970642636950247,0,3.6825416201904604,-0.9063047764491072,-0.6921334354880404,-0.9956383789576195,-1.4456335408952414,-0.44444250679365194,1.0,4.0,0.11544997888949395,6.64540686619608,3.6825416201904604,6.109420257691078
ALGT,2024-02-02,train,True,True,D-1,78.6100006104,79.1100006104,79.6999969482,79.6299972534,1.3865873671750073,0,-0.9063047764491072,-0.6921334354880404,-0.9956383789576195,-1.4456335408952414,1.9387711905820115,-2.1188038269065235,1.0,4.0,0.4936701373050824,4.004009823595367,1.9387711905820115,0.0
ALGT,2024-02-05,train,True,True,D-1,77.0699996948,73.0999984741,79.6299972534,78.7200012207,3.321652483116244,1,-0.6921334354880404,-0.9956383789576195,-1.4456335408952414,1.9387711905820115,-1.0135104818047913,-2.224697775589357,1.0,2.0,0.502173548884046,2.8947047122117597,1.9387711905820115,0.0
ALGT,2024-02-06,train,True,True,D-1,73.9899978638,78.5,78.7200012207,78.25,6.392760499340655,1,-0.9956383789576195,-1.4456335408952414,1.9387711905820115,-1.0135104818047913,-7.5970194538336315,-9.02302444017714,1.0,3.0,0.11702109526994853,11.354313577367247,1.9387711905820115,10.472304537751077
ALGT,2024-02-07,train,True,True,D-1,78.5100021362,76.2600021362,78.25,79.0,0.6241215774646758,0,-1.4456335408952414,1.9387711905820115,-1.0135104818047913,-7.5970194538336315,7.387143144487562,-1.3199283614310886,2.0,4.0,0.6914892494528253,3.6942694597452252,7.387143144487562,2.709850201697328
ALGT,2024-02-08,train,True,True,D-1,77.0,77.9400024414,79.0,80.25,4.220779220779214,1,1.9387711905820115,-1.0135104818047913,-7.5970194538336315,7.387143144487562,-2.8535004634394845,-2.7295910051647554,2.0,4.0,0.49248570921572943,5.7566211208065265,7.387143144487562,1.9387711905820115
ALGT,2024-02-09,train,True,True,D-1,77.7399978638,78.5999984741,80.25,78.2600021362,3.2287139248414976,1,-1.0135104818047913,-7.5970194538336315,7.387143144487562,-2.8535004634394845,2.2029901103327143,-2.4774721882695028,2.0,4.0,0.7037915548771679,3.207595485873438,7.387143144487562,8.100515830602218
ALGT,2024-02-12,train,True,True,D-1,77.9199981689,79.1800003052,78.2600021362,80.4800033569,3.2854276798761184,1,-7.5970194538336315,7.387143144487562,-2.8535004634394845,2.2029901103327143,0.8468001180731655,-0.6446746711729179,3.0,4.0,0.8571429986920795,1.3994891799679277,7.387143144487562,7.387143144487562
ALGT,2024-02-13,train,True,True,D-1,76.9800033569,78.0299987793,80.4800033569,83.8199996948,8.885419640978643,1,7.387143144487562,-2.8535004634394845,2.2029901103327143,0.8468001180731655,0.737915829974356,8.317376139555165,4.0,0.0,0.830696242646913,1.3513509606916996,7.387143144487562,7.387143144487562
ALGT,2024-02-14,train,True,True,D-1,79.1500015259,80.4000015259,83.8199996948,82.1399993896,5.900187086379094,1,-2.8535004634394845,2.2029901103327143,0.8468001180731655,0.737915829974356,-1.452388887935474,-0.5987276696815313,3.0,1.0,0.5496955206354821,2.8450612013708243,2.2029901103327143,2.9281805758106794
ALGT,2024-02-15,train,True,True,D-1,81.3300018311,82.1600036621,82.1399993896,82.7200012207,1.7090856489670792,0,2.2029901103327143,0.8468001180731655,0.737915829974356,-1.452388887935474,3.037296916155685,5.42879527108584,4.0,0.0,0.9844957801895348,0.09950476303688394,3.037296916155685,2.2029901103327143
ALGT,2024-02-16,train,True,True,D-1,80.8600006104,81.1500015259,82.7200012207,81.4000015259,2.3002728125885996,0,0.8468001180731655,0.737915829974356,-1.452388887935474,3.037296916155685,2.189057341787537,5.414422746359104,4.0,0.0,0.7846956900346781,2.020442987718307,3.037296916155685,0.8468001180731655
ALGT,2024-02-20,train,True,True,D-1,80.6600036621,81.5599975586,81.4000015259,80.3700027466,0.9174285026070539,0,0.737915829974356,-1.452388887935474,3.037296916155685,2.189057341787537,-1.229311211272388,3.2442787548402574,3.0,1.0,0.6536966944260296,3.2902010088660782,3.037296916155685,3.037296916155685
ALGT,2024-02-21,train,True,True,D-1,81.3899993896,78.8600006104,80.3700027466,79.1999969482,-1.2532210967559632,0,-1.452388887935474,3.037296916155685,2.189057341787537,-1.229311211272388,0.5052323166859773,3.00580606747447,3.0,2.0,0.7068738774855674,2.770968862003964,3.037296916155685,3.7675866882540876
ALGT,2024-02-22,train,True,True,D-1,79.0999984741,78.6600036621,79.1999969482,76.6100006104,0.1264203236776673,0,3.037296916155685,2.189057341787537,-1.229311211272388,0.5052323166859773,-3.3104426545134347,1.0636958145386677,3.0,3.0,0.19870805684557954,6.2896259776922925,3.037296916155685,5.859232680099103
ALGT,2024-02-23,train,True,True,D-1,78.8000030518,75.7399978638,76.6100006104,77.1600036621,-2.081217419017023,0,2.189057341787537,-1.229311211272388,0.5052323166859773,-3.3104426545134347,-0.2536101277605396,-2.1641764064388447,2.0,4.0,0.11034597969951182,6.559872606751727,2.189057341787537,5.744714506215964
ALGT,2024-02-26,train,True,True,D-1,75.5,75.3799972534,77.1600036621,75.4300003052,2.1986803471523153,0,-1.229311211272388,0.5052323166859773,-3.3104426545134347,-0.2536101277605396,-3.71218619674043,-7.81402813065053,1.0,3.0,0.0028566633000001013,9.21574274328849,0.5052323166859773,4.461614161030692
ALGT,2024-02-27,train,True,True,D-1,76.3899993896,75.2200012207,75.4300003052,75.4400024414,-1.2436142895549618,0,0.5052323166859773,-3.3104426545134347,-0.2536101277605396,-3.71218619674043,-0.47531109130392046,-7.1102947184276015,1.0,4.0,0.04922243436712185,9.737336474854974,0.5052323166859773,4.675085172007376
ALGT,2024-02-28,train,True,True,D-1,74.3700027466,73.9199981689,75.4400024414,73.7900009155,1.4387517215049828,0,-3.3104426545134347,-0.2536101277605396,-3.71218619674043,-0.47531109130392046,-0.21225263800708216,-7.773414084943764,0.0,4.0,0.08983807482374784,8.215900299000921,-0.21225263800708216,0.6865548689809708
ALGT,2024-02-29,train,True,True,D-1,74.6699981689,72.7799987793,73.7900009155,73.8199996948,-1.1383400226920193,0,-0.2536101277605396,-3.71218619674043,-0.47531109130392046,-0.21225263800708216,-1.728267788757032,-6.264268834977049,0.0,4.0,0.07327508245450236,8.725655759571804,-0.21225263800708216,1.9368521327906563
ALGT,2024-03-01,train,True,True,D-1,73.7900009155,71.9800033569,73.8199996948,73.7900009155,0.040654260642103424,0,-3.71218619674043,-0.47531109130392046,-0.21225263800708216,-1.728267788757032,-1.5422070046527958,-7.475215622997866,0.0,4.0,0.04179088161752449,8.821102331106335,-0.21225263800708216,3.2438213265124527
ALGT,2024-03-04,train,True,True,D-1,71.4800033569,73.7300033569,73.7900009155,74.9599990845,4.868488478133326,1,-0.47531109130392046,-0.21225263800708216,-1.728267788757032,-1.5422070046527958,-1.0991968065648505,-4.964344617042949,0.0,3.0,0.079929695793833,7.19644354490494,-0.21225263800708216,2.6244519210718797
ALGT,2024-03-05,train,True,True,D-1,72.7799987793,72.3300018311,74.9599990845,75.9700012207,4.383075700610339,1,-0.21225263800708216,-1.728267788757032,-1.5422070046527958,-1.0991968065648505,2.4312307840872682,-2.1889015078540353,1.0,4.0,0.44045716589490225,4.652109248655023,2.4312307840872682,0.0
ALGT,2024-03-06,train,True,True,D-1,73.2799987793,74.7399978638,75.9700012207,74.6900024414,3.670854921138278,1,-1.728267788757032,-1.5422070046527958,-1.0991968065648505,2.4312307840872682,-1.8988220019780844,-3.842062407205449,1.0,3.0,0.29478502772511467,4.299738050003432,2.4312307840872682,0.0
ALGT,2024-03-07,train,True,True,D-1,74.7300033569,72.9800033569,74.6900024414,72.5100021362,-0.053527249703122504,0,-1.5422070046527958,-1.0991968065648505,2.4312307840872682,-1.8988220019780844,3.3319452117914317,1.1093069740429229,2.0,4.0,0.8412689350768785,0.9365862959691551,3.3319452117914317,2.4312307840872682
ALGT,2024-03-08,train,True,True,D-1,74.0899963379,72.4899978638,72.5100021362,71.7799987793,-2.1325337829606217,0,-1.0991968065648505,2.4312307840872682,-1.8988220019780844,3.3319452117914317,-2.3548227952953193,0.27480706369136243,2.0,0.0,0.39473757366147505,4.0970097646855,3.3319452117914317,2.4312307840872682
ALGT,2024-03-11,train,True,True,D-1,72.0599975586,70.9199981689,71.7799987793,72.5500030518,0.6799965442706668,0,2.4312307840872682,-1.8988220019780844,3.3319452117914317,-2.3548227952953193,-0.6714243225006244,0.7085224827946712,2.0,1.0,0.29554622731851,4.8006669326139395,3.3319452117914317,6.342381476587978
ALGT,2024-03-12,train,True,True,D-1,70.0800018311,70.1299972534,72.5500030518,70.6399993896,3.5245450287700653,1,-1.8988220019780844,3.3319452117914317,-2.3548227952953193,-0.6714243225006244,-2.165815617555744,-3.811209901073509,1.0,2.0,0.04896320646681175,7.120703866592226,3.3319452117914317,6.154643339011012
ALGT,2024-03-13,train,True,True,D-1,70.1600036621,70.0599975586,70.6399993896,68.4599990845,0.6841443877507958,0,3.3319452117914317,-2.3548227952953193,-0.6714243225006244,-2.165815617555744,-1.113932509725335,-3.04162107286724,1.0,3.0,0.22853313041589454,8.327397969514205,3.3319452117914317,6.587567614807844
ALGT,2024-03-14,train,True,True,D-1,69.9700012207,67.0500030518,68.4599990845,68.1600036621,-2.1580707586914882,0,-2.3548227952953193,-0.6714243225006244,-2.165815617555744,-1.113932509725335,-0.09981419869028452,-6.2617078391257746,0.0,4.0,0.21928614261904064,8.435632126816328,-0.09981419869028452,1.2126348456070857
ALGT,2024-03-15,train,True,True,D-1,67.3099975586,67.6100006104,68.1600036621,68.0500030518,1.2628229599324747,0,-0.6714243225006244,-2.165815617555744,-1.113932509725335,-0.09981419869028452,-4.296309751199123,-8.125513883714197,0.0,4.0,0.07055982298876279,11.394480301063737,-0.09981419869028452,4.391835622737994
ALGT,2024-03-18,train,True,True,D-1,67.3300018311,67.5,68.0500030518,70.6299972534,4.901225802099596,1,-2.165815617555744,-1.113932509725335,-0.09981419869028452,-4.296309751199123,0.8351939345436765,-6.731959438830359,1.0,2.0,0.29023021895450024,7.30661499304901,0.8351939345436765,3.4969983351066602
ALGT,2024-03-19,train,True,True,D-1,67.2799987793,67.9100036621,70.6299972534,72.8600006104,8.293700850685482,1,-1.113932509725335,-0.09981419869028452,-4.296309751199123,0.8351939345436765,-0.16269872712154632,-4.8223325679663365,1.0,3.0,0.27442554879803216,7.481486002666671,0.8351939345436765,0.0
ALGT,2024-03-20,train,True,True,D-1,66.8499984741,70.2799987793,72.8600006104,72.8399963379,8.990280139839445,1,-0.09981419869028452,-4.296309751199123,0.8351939345436765,-0.16269872712154632,0.607412832740728,-3.1655406790884744,2.0,4.0,0.33333406411327854,6.832571255315001,0.8351939345436765,0.8351939345436765
ALGT,2024-03-21,train,True,True,D-1,70.8300018311,72.0100021362,72.8399963379,73.5100021362,3.7837078015198644,1,-4.296309751199123,0.8351939345436765,-0.16269872712154632,0.607412832740728,3.48990574200585,0.3140183105430294,3.0,4.0,0.9287127935142896,0.5122376444975707,3.48990574200585,0.8351939345436765
ALGT,2024-03-22,train,True,True,D-1,72.5800018311,72.4000015259,73.5100021362,74.1900024414,2.2182427248301773,0,0.8351939345436765,-0.16269872712154632,0.607412832740728,3.48990574200585,2.4615870616798485,7.397462876426886,4.0,0.0,0.8830814340212626,1.1803894583870544,3.48990574200585,0.8351939345436765
ALGT,2024-03-25,train,True,True,D-1,72.4199981689,73.3199996948,74.1900024414,76.6299972534,5.81331012282178,1,-0.16269872712154632,0.607412832740728,3.48990574200585,2.4615870616798485,0.5415905820449041,7.084752066639077,4.0,1.0,0.9303031529025079,0.6353578381285585,3.48990574200585,3.48990574200585
ALGT,2024-03-26,train,True,True,D-1,74.0999984741,73.0,76.6299972534,77.1500015259,4.11606358246559,1,0.607412832740728,3.48990574200585,2.4615870616798485,0.5415905820449041,1.2707156761190053,8.622221770074079,5.0,0.0,0.9728567940857147,0.25914135596138976,3.48990574200585,3.48990574200585
ALGT,2024-03-27,train,True,True,D-1,73.8499984741,76.25,77.1500015259,75.2099990845,4.468521489485666,1,3.48990574200585,2.4615870616798485,0.5415905820449041,1.2707156761190053,-0.4364425751937073,7.495208457396507,4.0,0.0,0.8450517716002867,1.6301403306849371,3.48990574200585,3.48990574200585
ALGT,2024-03-28,train,True,True,D-1,75.8799972534,75.2099990845,75.2099990845,69.5699996948,-0.882970734253663,0,2.4615870616798485,0.5415905820449041,1.2707156761190053,-0.4364425751937073,4.452054794520555,8.494594940798983,4.0,0.0,0.9407180205008732,0.49835705363934224,4.452054794520555,2.4615870616798485
ALGT,2024-04-01,train,True,True,D-1,75.2099990845,69.4199981689,69.5699996948,68.2699966431,-7.499002072002869,0,0.5415905820449041,1.2707156761190053,-0.4364425751937073,4.452054794520555,-1.3639356268852487,4.443822876504733,3.0,0.0,0.6433820641998217,2.5794475003521278,4.452054794520555,1.2707156761190053
ALGT,2024-04-02,train,True,True,D-1,68.2300033569,67.4000015259,68.2699966431,69.8399963379,2.3596554327843133,0,1.2707156761190053,-0.4364425751937073,4.452054794520555,-1.3639356268852487,-7.698445666905029,-4.116026649438609,2.0,1.0,0.014030682989293724,11.135124691580621,4.452054794520555,13.409434245143514
ALGT,2024-04-03,train,True,True,D-1,67.2099990845,65.9000015259,69.8399963379,66.1100006104,3.913104135135348,1,-0.4364425751937073,4.452054794520555,-1.3639356268852487,-7.698445666905029,-2.909819499109345,-8.074192844438688,1.0,2.0,0.02888455070280835,14.465875043420207,4.452054794520555,14.836309087390987
ALGT,2024-04-04,train,True,True,D-1,66.0599975586,65.7200012207,66.1100006104,66.9000015259,1.2715773514142992,0,4.452054794520555,-1.3639356268852487,-7.698445666905029,-2.909819499109345,-2.2255192374492583,-9.726025306986308,1.0,3.0,0.047417861303651734,17.071319786811422,4.452054794520555,9.522634938351427
ALGT,2024-04-05,train,True,True,D-1,65.25,65.6299972534,66.9000015259,66.3799972534,2.528737970727968,0,-1.3639356268852487,-7.698445666905029,-2.909819499109345,-2.2255192374492583,-0.2731415797149195,-13.809834464655735,0.0,4.0,0.03381246525663485,17.391966057358886,-0.2731415797149195,2.4925819987621445
ALGT,2024-04-08,train,True,True,D-1,65.8000030518,65.8000030518,66.3799972534,66.6100006104,1.2309992720856533,0,-7.698445666905029,-2.909819499109345,-2.2255192374492583,-0.2731415797149195,-0.1369506476388227,-12.737670453016037,0.0,4.0,0.1529616358037615,14.596986487918361,-0.1369506476388227,0.40971815819135227
ALGT,2024-04-09,train,True,True,D-1,64.8099975586,66.0899963379,66.6100006104,63.7200012207,2.7773539879745623,0,-2.909819499109345,-2.2255192374492583,-0.2731415797149195,-0.1369506476388227,0.25903672941445244,-5.214628655409181,1.0,2.0,0.31986585612189616,6.139807140920017,0.25903672941445244,0.0
ALGT,2024-04-10,train,True,True,D-1,65.5,62.1500015259,63.7200012207,62.3800010681,-2.717555388244275,0,-2.2255192374492583,-0.2731415797149195,-0.1369506476388227,0.25903672941445244,0.4407192593467002,-1.943627831368211,2.0,3.0,0.3686863172970733,5.674081113315976,0.4407192593467002,0.0
ALGT,2024-04-11,train,True,True,D-1,62.5099983215,63.3199996948,62.3800010681,61.9599990845,-0.20796233705110412,0,-0.2731415797149195,-0.1369506476388227,0.25903672941445244,0.4407192593467002,-5.961560039821901,-5.6904399289371295,2.0,4.0,0.042341265978233594,12.373281775054057,0.4407192593467002,5.806151253142655
ALGT,2024-04-12,train,True,True,D-1,62.3300018311,61.25,61.9599990845,60.9000015259,-0.5936190209052561,0,-0.1369506476388227,0.25903672941445244,0.4407192593467002,-5.961560039821901,1.8825392440456001,-3.6518586143057807,3.0,3.0,0.3921901725918195,5.653824776303651,1.8825392440456001,4.631968762429994
ALGT,2024-04-15,train,True,True,D-1,61.4700012207,60.75,60.9000015259,62.7200012207,2.033512242031743,0,0.25903672941445244,0.4407192593467002,-5.961560039821901,1.8825392440456001,-3.2691088199262808,-6.673773330339571,3.0,4.0,0.09744415371087142,9.224492287183672,1.8825392440456001,1.8888310916930662
ALGT,2024-04-16,train,True,True,D-1,60.1300010681,60.5200004578,62.7200012207,63.4000015259,5.438217860825545,1,0.4407192593467002,-5.961560039821901,1.8825392440456001,-3.2691088199262808,-0.8163265306122436,-7.674776318512433,2.0,3.0,0.1039755672782826,9.646091539753066,1.8825392440456001,5.941287991972488
ALGT,2024-04-17,train,True,True,D-1,61.7000007629,61.2599983215,63.4000015259,62.5699996948,2.755268625575469,0,-5.961560039821901,1.8825392440456001,-3.2691088199262808,-0.8163265306122436,-0.37860006946501823,-8.427895579872846,1.0,4.0,0.13861380262957176,10.062789336636712,1.8825392440456001,3.0743752313108996
ALGT,2024-04-18,train,True,True,D-1,61.9900016785,61.7700004578,62.5699996948,62.9700012207,1.5808993638725566,0,1.8825392440456001,-3.2691088199262808,-0.8163265306122436,-0.37860006946501823,1.2227327463686821,-1.432024428879719,2.0,4.0,0.4114826029702173,4.015675753514714,1.8825392440456001,1.8825392440456001
ALGT,2024-04-19,train,True,True,D-1,61.0,62.3100013733,62.9700012207,62.7599983215,3.2295101978688567,1,-3.2691088199262808,-0.8163265306122436,-0.37860006946501823,1.2227327463686821,0.8325206501369031,-2.447882571811333,2.0,0.0,0.5777199973211693,2.638823143952518,1.2227327463686821,0.0
ALGT,2024-04-22,train,True,True,D-1,62.7099990845,62.2099990845,62.7599983215,61.5800018311,0.07973088459565236,0,-0.8163265306122436,-0.37860006946501823,1.2227327463686821,0.8325206501369031,0.8742122575649214,1.7306144870204099,3.0,1.0,0.7176165854318215,1.7493181328464447,1.2227327463686821,1.2227327463686821
ALGT,2024-04-23,train,True,True,D-1,61.5200004578,61.6300010681,61.5800018311,58.8600006104,0.09753149033402408,0,-0.37860006946501823,1.2227327463686821,0.8325206501369031,0.8742122575649214,-0.16049155287428674,2.4032906740740767,3.0,2.0,0.691709260824006,1.912879696049541,1.2227327463686821,1.2227327463686821
ALGT,2024-04-24,train,True,True,D-1,61.5200004578,59.0699996948,58.8600006104,58.6399993896,-4.323796858916873,0,1.2227327463686821,0.8325206501369031,0.8742122575649214,-0.16049155287428674,-0.932322817771114,1.834105422841148,3.0,3.0,0.27755105854226303,2.8719786258711633,1.2227327463686821,2.3140508176460406
ALGT,2024-04-25,train,True,True,D-1,58.2700004578,57.9900016785,58.6399993896,58.0,0.6349732776610439,0,0.8325206501369031,0.8742122575649214,-0.16049155287428674,-0.932322817771114,-4.153823347287055,-3.574924398800361,2.0,4.0,0.04415025350424859,7.330289238991106,0.8742122575649214,5.921631379746429
ALGT,2024-04-26,train,True,True,D-1,58.5099983215,57.0400009155,58.0,56.0200004578,-0.8716430287652122,0,0.8742122575649214,-0.16049155287428674,-0.932322817771114,-4.153823347287055,-1.8283359097343577,-6.119473451975155,1.0,3.0,0.2855095164962029,8.587686494319158,0.8742122575649214,6.780425670700951
ALGT,2024-04-29,train,True,True,D-1,57.0,56.7400016785,56.0200004578,55.0099983215,-1.7192974424561358,0,-0.16049155287428674,-0.932322817771114,-4.153823347287055,-1.8283359097343577,-1.6382147534101832,-8.457711991093298,0.0,4.0,0.14921100909011814,10.396213551933142,-0.16049155287428674,3.436598594529372
ALGT,2024-04-30,train,True,True,D-1,56.0099983215,54.5600013733,55.0099983215,54.9000015259,-1.7853955186000081,0,-0.932322817771114,-4.153823347287055,-1.8283359097343577,-1.6382147534101832,-0.5259453579680384,-8.792794545086046,0.0,4.0,0.10946773110082651,10.609792853215772,-0.5259453579680384,2.15554399692911
ALGT,2024-05-01,train,True,True,D-1,55.0099983215,53.6800003052,54.9000015259,56.0800018311,1.945107330028395,0,-4.153823347287055,-1.8283359097343577,-1.6382147534101832,-0.5259453579680384,-3.8420871355491215,-11.47168517324506,0.0,4.0,0.03703709518365303,12.866569430174856,-0.5259453579680384,4.34782521457866
ALGT,2024-05-02,train,True,True,D-1,54.6699981689,54.3699989319,56.0800018311,56.7299995422,3.7680655611798786,1,-1.8283359097343577,-1.6382147534101832,-0.5259453579680384,-3.8420871355491215,-1.6129051428701913,-9.12476623912103,0.0,4.0,0.20061718038927157,9.649776966745316,-0.5259453579680384,5.39302305741648
ALGT,2024-05-03,train,True,True,D-1,55.2200012207,55.6300010681,56.7299995422,56.4599990845,2.7345133794273613,0,-1.6382147534101832,-0.5259453579680384,-3.8420871355491215,-1.6129051428701913,1.2853923673192824,-6.242460151440432,1.0,4.0,0.3178911177923707,7.8535967290495945,1.2853923673192824,0.34824493514946653
ALGT,2024-05-06,train,True,True,D-1,55.9399986267,56.2599983215,56.4599990845,55.2099990845,0.9295682348333223,0,-0.5259453579680384,-3.8420871355491215,-1.6129051428701913,1.2853923673192824,2.3174584531042486,-2.471949201909729,2.0,4.0,0.5782919248529547,4.260289207973855,2.3174584531042486,0.0
ALGT,2024-05-07,train,True,True,D-1,56.4000015259,53.8899993896,55.2099990845,54.5099983215,-2.1099333496534256,0,-3.8420871355491215,-1.6129051428701913,1.2853923673192824,2.3174584531042486,1.1324775144778032,-0.8459699379633312,3.0,0.0,0.8919537044671629,0.8354092334204477,2.3174584531042486,1.2853923673192824
ALGT,2024-05-08,train,True,True,D-1,52.9099998474,53.0600013733,54.5099983215,54.8800010681,3.7233060411675734,1,-1.6129051428701913,1.2853923673192824,2.3174584531042486,1.1324775144778032,-4.212582656608954,-1.2280094700068633,3.0,1.0,0.49285697741972545,5.269994775965947,2.3174584531042486,5.445270146600278
ALGT,2024-05-09,train,True,True,D-1,52.8800010681,53.7799987793,54.8800010681,57.9199981689,9.531007940618963,1,1.2853923673192824,2.3174584531042486,1.1324775144778032,-4.212582656608954,-1.5401707658215025,-1.1549905521143211,3.0,2.0,0.34464300555192134,6.9166944476310555,2.3174584531042486,8.00533090897154
ALGT,2024-05-10,train,True,True,D-1,54.4300003052,53.4399986267,57.9199981689,60.7400016785,11.592874036227352,1,2.3174584531042486,1.1324775144778032,-4.212582656608954,-1.5401707658215025,1.3569494673294713,-1.0851575578270434,3.0,3.0,0.47321400594236673,5.485312067421355,2.3174584531042486,2.5215790905990576
ALGT,2024-05-13,train,True,True,D-1,53.4399986267,57.5,60.7400016785,59.6500015259,13.660185702461325,1,1.1324775144778032,-4.212582656608954,-1.5401707658215025,1.3569494673294713,-0.6322055788719472,-3.9367291018367667,2.0,4.0,0.4124996764345107,6.15643899709275,1.3569494673294713,1.1324775144778032
ALGT,2024-05-14,train,True,True,D-1,57.3100013733,58.6800003052,59.6500015259,55.4900016785,4.083057226535303,1,-4.212582656608954,-1.5401707658215025,1.3569494673294713,-0.6322055788719472,7.597308154254923,2.2040556620957608,2.0,0.0,0.9381445731618182,0.7304315980869669,7.597308154254923,1.3569494673294713
ALGT,2024-05-15,train,True,True,D-1,58.9599990845,55.4399986267,55.4900016785,55.4799995422,-5.885341689077849,0,-1.5401707658215025,1.3569494673294713,-0.6322055788719472,7.597308154254923,2.0521744438260825,8.8884783259515,3.0,0.0,0.7604650203455362,3.5105681025660473,7.597308154254923,1.3569494673294713
ALGT,2024-05-16,train,True,True,D-1,55.4399986267,54.7599983215,55.4799995422,53.4799995422,0.07215172527210711,0,1.3569494673294713,-0.6322055788719472,7.597308154254923,2.0521744438260825,-5.521475224349781,4.485482834151666,3.0,1.0,0.3837207393955352,9.559890301381625,7.597308154254923,11.179919238254922
ALGT,2024-05-17,train,True,True,D-1,55.1500015259,52.9799995422,53.4799995422,50.0999984741,-3.0281086808596425,0,-0.6322055788719472,7.597308154254923,2.0521744438260825,-5.521475224349781,-1.2265518074391024,1.8222379405802513,2.0,2.0,0.1918916048773785,10.920386304416873,7.597308154254923,14.277611431882242
ALGT,2024-05-20,train,True,True,D-1,52.7299995422,50.3600006104,50.0999984741,50.0400009155,-4.9876751202988405,0,7.597308154254923,2.0521744438260825,-5.521475224349781,-1.2265518074391024,-3.250545715596076,-0.8607767520977805,2.0,3.0,0.006401949834597157,14.647040776432906,7.597308154254923,12.034536050063828
ALGT,2024-05-21,train,True,True,D-1,50.0999984741,49.0400009155,50.0400009155,49.6399993896,-0.11975560963541909,0,2.0521744438260825,-5.521475224349781,-1.2265518074391024,-3.250545715596076,-4.945260389655337,-12.417390242782611,1.0,4.0,0.02899918638927814,20.611598376264496,2.0521744438260825,10.087232599356488
ALGT,2024-05-22,train,True,True,D-1,48.8199996948,49.4399986267,49.6399993896,48.5499992371,1.6796388773581583,0,-5.521475224349781,-1.2265518074391024,-3.250545715596076,-4.945260389655337,-2.621127241661314,-16.428083400752357,0.0,4.0,0.0560499087206609,21.635400514534876,-1.2265518074391024,7.436766064072309
ALGT,2024-05-23,train,True,True,D-1,49.6399993896,47.7799987793,48.5499992371,49.5999984741,-0.08058202254608293,0,-1.2265518074391024,-3.250545715596076,-4.945260389655337,-2.621127241661314,0.815656002717513,-10.82251109059441,1.0,4.0,0.14548001594795823,12.237061528825976,0.815656002717513,1.8268506206292723
ALGT,2024-05-24,train,True,True,D-1,48.2200012207,48.0999984741,49.5999984741,49.2599983215,2.8618772676587856,0,-3.250545715596076,-4.945260389655337,-2.621127241661314,0.815656002717513,-3.357604962601113,-12.746529868792,1.0,4.0,0.07340559682215335,16.115531518673688,0.815656002717513,2.5693354663085977
ALGT,2024-05-28,train,True,True,D-1,48.1699981689,48.9700012207,49.2599983215,52.2400016785,8.449249874017472,1,-4.945260389655337,-2.621127241661314,0.815656002717513,-3.357604962601113,0.6697356696849344,-9.211025123193794,2.0,4.0,0.1823704118492678,11.185033760441643,0.815656002717513,3.526012373715348
ALGT,2024-05-29,train,True,True,D-1,48.0699996948,48.3699989319,52.2400016785,53.4399986267,11.171206503005028,1,-2.621127241661314,0.815656002717513,-3.357604962601113,0.6697356696849344,1.8087375762984026,-2.7601258396588446,3.0,4.0,0.6468755215420987,2.3075295593873557,1.8087375762984026,0.815656002717513
ALGT,2024-05-30,train,True,True,D-1,48.9599990845,51.4599990845,53.4399986267,55.3300018311,13.010626768203215,1,0.815656002717513,-3.357604962601113,0.6697356696849344,1.8087375762984026,-1.225244586161811,-1.3662356669904452,3.0,4.0,0.4681521311337765,3.45255741260444,1.8087375762984026,0.815656002717513
ALGT,2024-05-31,train,True,True,D-1,51.9900016785,53.2000007629,55.3300018311,55.2799987793,6.424312453871739,1,-3.357604962601113,0.6697356696849344,1.8087375762984026,-1.225244586161811,6.388257640754547,4.085761557260836,3.0,0.0,0.8539321026760222,1.51574544865265,6.388257640754547,1.8087375762984026
ALGT,2024-06-03,train,True,True,D-1,53.25,52.9900016785,55.2799987793,55.2900009155,3.8309876347417893,1,0.6697356696849344,1.8087375762984026,-1.225244586161811,6.388257640754547,3.38127032521478,11.343662875831084,4.0,0.0,0.9633030626618093,0.45112379766614197,6.388257640754547,1.8087375762984026
ALGT,2024-06-04,train,True,True,D-1,52.7099990845,54.9000015259,55.2900009155,54.1599998474,4.8947104454772905,1,1.8087375762984026,-1.225244586161811,6.388257640754547,3.38127032521478,-0.3947351153920309,10.166327150785847,3.0,0.0,0.7160194568035612,4.415927681597753,6.388257640754547,6.388257640754547
ALGT,2024-06-05,train,True,True,D-1,55.2799987793,53.5900001526,54.1599998474,53.4900016785,-2.026047316627999,0,-1.225244586161811,6.388257640754547,3.38127032521478,-0.3947351153920309,3.6044532683511044,12.109455089605635,3.0,1.0,0.9478155075718051,0.7832427928023522,6.388257640754547,6.388257640754547
ALGT,2024-06-06,train,True,True,D-1,53.4700012207,53.1500015259,53.4900016785,53.4199981689,0.0374050071879628,0,6.388257640754547,3.38127032521478,-0.3947351153920309,3.6044532683511044,-2.3861590835876134,10.79181586927307,3.0,2.0,0.7351597033460433,3.2468775397373806,6.388257640754547,6.388257640754547
ALGT,2024-06-07,train,True,True,D-1,52.4700012207,52.2900009155,53.4199981689,53.0299987793,1.8105525559340307,0,3.38127032521478,-0.3947351153920309,3.6044532683511044,-2.3861590835876134,-0.8210461381733203,3.2841089612631658,2.0,3.0,0.3977904278532638,4.101599703882752,3.6044532683511044,6.792067023105575
ALGT,2024-06-10,train,True,True,D-1,50.9300003052,53.0999984741,53.0299987793,56.6199989319,11.172194369924338,1,-0.3947351153920309,3.6044532683511044,-2.3861590835876134,-0.8210461381733203,-1.61806319042328,-1.7105260044180337,1.0,4.0,0.15083816740229997,5.813732764152357,3.6044532683511044,6.030277551609531
ALGT,2024-06-11,train,True,True,D-1,52.5699996948,52.9799995422,56.6199989319,54.6500015259,7.704012289542783,1,3.6044532683511044,-2.3861590835876134,-0.8210461381733203,-1.61806319042328,1.5490486601997588,0.20758028329073142,2.0,3.0,0.572265377620295,4.124298501568124,3.6044532683511044,3.6985323847470664
ALGT,2024-06-12,train,True,True,D-1,54.3100013733,53.3800010681,54.6500015259,53.6800003052,0.626035986011142,0,-2.3861590835876134,-0.8210461381733203,-1.61806319042328,1.5490486601997588,-0.2259866955712453,-3.497271275656,1.0,4.0,0.5488280988063946,4.360138530125934,1.5490486601997588,0.0
ALGT,2024-06-13,train,True,True,D-1,53.0200004578,54.4099998474,53.6800003052,54.5200004578,2.8291210619545204,0,-0.8210461381733203,-1.61806319042328,1.5490486601997588,-0.2259866955712453,0.7550047741721633,-0.3918624443030705,2.0,0.0,0.4976748092207939,6.069684898781746,1.5490486601997588,1.5490486601997588
ALGT,2024-06-14,train,True,True,D-1,53.6800003052,51.2900009155,54.5200004578,54.9199981689,2.309981104042369,0,-1.61806319042328,1.5490486601997588,-0.2259866955712453,0.7550047741721633,1.9295593081498197,2.3706458802000174,3.0,1.0,0.6573645235551736,4.061751682959436,1.9295593081498197,1.5490486601997588
ALGT,2024-06-17,train,True,True,D-1,51.0999984741,54.3300018311,54.9199981689,54.1100006104,7.475537786436859,1,1.5490486601997588,-0.2259866955712453,0.7550047741721633,1.9295593081498197,-5.734238082430521,-1.9124115174830258,3.0,2.0,0.1736438161410495,10.391885204254802,1.9295593081498197,5.464372959151465
ALGT,2024-06-18,train,True,True,D-1,54.4700012207,52.8499984741,54.1100006104,53.9000015259,-0.6609153703546977,0,-0.2259866955712453,0.7550047741721633,1.9295593081498197,-5.734238082430521,5.927082981746046,2.3163905693894593,3.0,3.0,0.639937597324228,4.214977035927769,5.927082981746046,2.0765874583508315
ALGT,2024-06-20,train,True,True,D-1,52.5200004578,52.9099998474,53.9000015259,53.2900009155,2.6275724601503736,0,0.7550047741721633,1.9295593081498197,-5.734238082430521,5.927082981746046,-2.7240995897644282,-0.24537763160312753,3.0,4.0,0.4072326893121328,7.133397477102199,5.927082981746046,1.9295593081498197
ALGT,2024-06-21,train,True,True,D-1,52.5099983215,52.8699989319,53.2900009155,53.0299987793,1.485436333904122,0,1.9295593081498197,-5.734238082430521,5.927082981746046,-2.7240995897644282,0.11353145701491485,-0.8804818495608324,3.0,1.0,0.5686698739654558,3.7989006374921974,5.927082981746046,8.54074382445036
ALGT,2024-06-24,train,True,True,D-1,52.6800003052,52.0200004578,53.0299987793,50.5600013733,0.6643858619443721,0,-5.734238082430521,5.927082981746046,-2.7240995897644282,0.11353145701491485,-0.07560180611485556,-2.8303637563299677,2.0,2.0,0.5600859862380088,3.877433853631307,5.927082981746046,5.927082981746046
ALGT,2024-06-25,train,True,True,D-1,51.7799987793,50.7000007629,50.5600013733,50.5400009155,-2.3561171007360437,0,5.927082981746046,-2.7240995897644282,0.11353145701491485,-0.07560180611485556,-1.6077141881444934,1.4232784739128146,2.0,3.0,0.3394081744133827,5.5747744820812795,5.927082981746046,7.609183515041995
ALGT,2024-06-26,train,True,True,D-1,50.0,50.1800003052,50.5400009155,50.9700012207,1.9400024414000017,0,-2.7240995897644282,0.11353145701491485,-0.07560180611485556,-1.6077141881444934,-2.537484973632065,-6.681393237358757,1.0,4.0,0.03652966843205068,8.32346615877768,0.11353145701491485,4.217935112848348
ALGT,2024-06-27,train,True,True,D-1,50.2299995422,50.3100013733,50.9700012207,50.3899993896,1.4732265284579604,0,0.11353145701491485,-0.07560180611485556,-1.6077141881444934,-2.537484973632065,-1.0256419129691885,-5.052030739808777,1.0,4.0,0.29946526246103394,7.83180606077587,0.11353145701491485,3.650632834191303
ALGT,2024-06-28,train,True,True,D-1,50.4900016785,50.2299995422,50.3899993896,49.8899993896,-0.19806354837691442,0,-0.07560180611485556,-1.6077141881444934,-2.537484973632065,-1.0256419129691885,0.2590694844745389,-4.91400204422372,1.0,4.0,0.3351853447853108,7.135758407085335,0.2590694844745389,0.7692295537111371
ALGT,2024-07-01,train,True,True,D-1,49.8800010681,49.4599990845,49.8899993896,50.6800003052,1.6038476743570618,0,-1.6077141881444934,-2.537484973632065,-1.0256419129691885,0.2590694844745389,-0.15901774779607525,-4.99337893518873,1.0,4.0,0.3611689376930762,6.091979695777594,0.2590694844745389,0.0
ALGT,2024-07-02,train,True,True,D-1,49.5699996948,49.8600006104,50.6800003052,49.5600013733,2.239258860670179,0,-2.537484973632065,-1.0256419129691885,0.2590694844745389,-0.15901774779607525,-1.532949362368785,-4.921186756575957,1.0,4.0,0.3081395735701738,7.217953418682499,0.2590694844745389,1.948598933088519
ALGT,2024-07-03,train,True,True,D-1,50.4599990845,49.7099990845,49.5600013733,47.1300010681,-1.783586459628883,0,-1.0256419129691885,0.2590694844745389,-0.15901774779607525,-1.532949362368785,0.8087374308612949,-1.6568050095862596,2.0,2.0,0.6419355513670681,2.2262346504433594,0.8087374308612949,0.9956789512716613
ALGT,2024-07-05,train,True,True,D-1,49.5600013733,45.3100013733,47.1300010681,46.5499992371,-4.903148179711591,0,0.2590694844745389,-0.15901774779607525,-1.532949362368785,0.8087374308612949,-0.30084541529009634,-0.9366305656464791,2.0,3.0,0.5935479980926907,2.534705611356336,0.8087374308612949,0.2590694844745389
ALGT,2024-07-08,train,True,True,D-1,44.6699981689,45.5600013733,46.5499992371,47.7999992371,7.006942459154075,1,-0.15901774779607525,-1.532949362368785,0.8087374308612949,-0.30084541529009634,-8.85133331771064,-9.938381760119663,1.0,4.0,0.010489748338314878,12.49172296590415,0.8087374308612949,9.93428733338365
ALGT,2024-07-09,train,True,True,D-1,45.2900009155,45.0800018311,47.7999992371,50.1399993896,10.70876214630443,1,-1.532949362368785,0.8087374308612949,-0.30084541529009634,-8.85133331771064,0.5517545628398901,-9.297229168749189,2.0,2.0,0.24372251319406646,11.2379253239016,0.8087374308612949,9.157153821184682
ALGT,2024-07-10,train,True,True,D-1,45.4099998474,47.3100013733,50.1399993896,50.4500007629,11.098878952734825,1,0.8087374308612949,-0.30084541529009634,-8.85133331771064,0.5517545628398901,-1.0535547140727242,-8.855635532699846,2.0,3.0,0.1728215516369707,12.422356358993403,0.8087374308612949,1.316350618301032
ALGT,2024-07-11,train,True,True,D-1,47.2099990845,49.0900001526,50.4500007629,51.8499984741,9.828425078541049,1,-0.30084541529009634,-8.85133331771064,0.5517545628398901,-1.0535547140727242,4.946760096761027,-5.114318503574411,2.0,4.0,0.5022158487423312,7.123227296716794,4.946760096761027,0.5517545628398901
ALGT,2024-07-12,train,True,True,D-1,49.5600013733,49.7099990845,51.8499984741,52.75,6.436639504248665,1,-8.85133331771064,0.5517545628398901,-1.0535547140727242,4.946760096761027,3.7624154039965108,-1.247231831258111,3.0,0.0,0.8314607842444214,2.13892693773885,4.946760096761027,0.5517545628398901
ALGT,2024-07-15,train,True,True,D-1,49.7900009155,50.5499992371,52.75,53.1300010681,6.708174515337739,1,0.5517545628398901,-1.0535547140727242,4.946760096761027,3.7624154039965108,1.2629841718734713,9.710875254558715,4.0,0.0,0.8868499121083955,1.488637481449362,4.946760096761027,4.946760096761027
ALGT,2024-07-16,train,True,True,D-1,50.9799995422,52.6800003052,53.1300010681,52.6500015259,4.217343164391907,1,-1.0535547140727242,4.946760096761027,3.7624154039965108,1.2629841718734713,1.6898011830016824,10.952584972318169,4.0,0.0,0.8199446393263711,2.571709706467984,4.946760096761027,4.946760096761027
ALGT,2024-07-17,train,True,True,D-1,51.4900016785,51.9700012207,52.6500015259,49.2200012207,2.25286426410114,0,4.946760096761027,3.7624154039965108,1.2629841718734713,1.6898011830016824,4.213652028181891,16.858913410373646,5.0,0.0,0.9912390888492097,0.13287717235090923,4.946760096761027,4.946760096761027
ALGT,2024-07-18,train,True,True,D-1,51.7299995422,49.3800010681,49.2200012207,48.2200012207,-4.85211355830848,0,3.7624154039965108,1.2629841718734713,1.6898011830016824,4.213652028181891,-1.347758315084735,9.849925411394999,4.0,0.0,0.8436658305531614,2.2320566098773975,4.213652028181891,3.7624154039965108
ALGT,2024-07-19,train,True,True,D-1,49.2200012207,47.3899993896,48.2200012207,49.4900016785,0.548558413457445,0,1.2629841718734713,1.6898011830016824,4.213652028181891,-1.347758315084735,-4.983644586809022,0.590753543692224,3.0,1.0,0.45095183093809604,7.594167514958894,4.213652028181891,10.477887445762658
ALGT,2024-07-22,train,True,True,D-1,47.2299995422,48.1800003052,49.4900016785,50.1399993896,6.161337869164951,1,1.6898011830016824,4.213652028181891,-1.347758315084735,-4.983644586809022,-4.0299749604208905,-4.667068472393909,2.0,2.0,0.16569755997360988,12.112263668354629,4.213652028181891,13.026431946447037
ALGT,2024-07-23,train,True,True,D-1,47.7999992371,49.2700004578,50.1399993896,52.7200012207,10.292891343356626,1,4.213652028181891,-1.347758315084735,-4.983644586809022,-4.0299749604208905,1.6670203118284155,-4.68842525750347,2.0,3.0,0.3008475306847691,10.273974121095542,4.213652028181891,6.6437871779261854
ALGT,2024-07-24,train,True,True,D-1,49.0999984741,48.0699996948,52.7200012207,53.1399993896,8.228108026583914,1,-1.347758315084735,-4.983644586809022,-4.0299749604208905,1.6670203118284155,2.2623498250214036,-6.473044471610223,2.0,4.0,0.4548023146831867,7.834383142752577,2.2623498250214036,0.0
ALGT,2024-07-25,train,True,True,D-1,47.8699989319,51.0,53.1399993896,52.9099998474,11.00898386314384,1,-4.983644586809022,-4.0299749604208905,1.6670203118284155,2.2623498250214036,-2.435560689770655,-7.504332180670792,2.0,4.0,0.3060605692709954,9.52777586889697,2.2623498250214036,1.8953320795809803
ALGT,2024-07-26,train,True,True,D-1,51.5699996948,52.9099998474,52.9099998474,55.2400016785,7.116544513127199,1,-4.0299749604208905,1.6670203118284155,2.2623498250214036,-2.435560689770655,6.095278393598469,3.2806782034408233,3.0,0.0,0.7421288292073845,3.372551413137259,6.095278393598469,2.2623498250214036
ALGT,2024-07-29,train,True,True,D-1,52.9099998474,51.5800018311,55.2400016785,58.5499992371,10.65960953688634,1,1.6670203118284155,2.2623498250214036,-2.435560689770655,6.095278393598469,3.745097740000003,11.64802812597503,4.0,0.0,0.9675600088500846,0.4346995707112944,6.095278393598469,2.2623498250214036
ALGT,2024-07-30,train,True,True,D-1,52.0800018311,54.9000015259,58.5499992371,56.5499992371,12.42318966689513,1,2.2623498250214036,-2.435560689770655,6.095278393598469,3.745097740000003,-2.5136987717556347,7.056873192948165,3.0,1.0,0.7319591683322915,3.0244232321050557,6.095278393598469,6.095278393598469
ALGT,2024-07-31,train,True,True,D-1,54.9000015259,56.0699996948,56.5499992371,48.4599990845,3.0054602283054344,1,-2.435560689770655,6.095278393598469,3.745097740000003,-2.5136987717556347,6.436602514422973,11.426833805130808,3.0,0.0,0.9570706985554113,0.6193080931693462,6.436602514422973,6.095278393598469
ALGT,2024-08-01,train,True,True,D-1,56.0699996948,49.8300018311,48.4599990845,43.3600006104,-13.57232147623102,0,6.095278393598469,3.745097740000003,-2.5136987717556347,6.436602514422973,2.131144146413244,16.642396610760546,4.0,0.0,0.7791629881231433,4.423041833064256,6.436602514422973,6.095278393598469
ALGT,2024-08-02,train,True,True,D-1,48.0,43.6599998474,43.3600006104,42.8899993896,-9.666665394999995,0,3.745097740000003,-2.5136987717556347,6.436602514422973,2.131144146413244,-11.128942210924798,-2.294114056666674,3.0,1.0,0.14843757567308108,17.499492445448126,6.436602514422973,15.67157437942036
ALGT,2024-08-05,train,True,True,D-1,40.5800018311,42.0800018311,42.8899993896,43.0,5.9635240505222065,1,-2.5136987717556347,6.436602514422973,2.131144146413244,-11.128942210924798,-12.382102662996818,-17.482517532939557,2.0,2.0,0.00997350510427267,34.10444214783184,6.436602514422973,28.569650338482298
ALGT,2024-08-06,train,True,True,D-1,42.1699981689,42.2900009155,43.0,41.0900001526,1.9682282834722065,0,6.436602514422973,2.131144146413244,-11.128942210924798,-12.382102662996818,-3.6188685795290776,-18.417990815719598,2.0,3.0,0.1664980361867561,39.13972597270077,6.436602514422973,21.98948173419265
ALGT,2024-08-07,train,True,True,D-1,42.7599983215,39.1300010681,41.0900001526,40.8899993896,-3.9055150478345957,0,2.131144146413244,-11.128942210924798,-12.382102662996818,-3.6188685795290776,0.49904723208638035,-22.96903508181328,2.0,4.0,0.17712552111778718,38.44880106313839,2.131144146413244,5.269025357334922
ALGT,2024-08-08,train,True,True,D-1,39.5600013733,40.9000015259,40.8899993896,38.7099990845,3.361976668680433,1,-11.128942210924798,-12.382102662996818,-3.6188685795290776,0.49904723208638035,-7.4722151312174745,-30.212232421807983,1.0,4.0,0.01914415454569523,44.5182665307958,0.49904723208638035,7.010457781918977
ALGT,2024-08-09,train,True,True,D-1,40.8899993896,38.6300010681,38.7099990845,38.0,-5.331377690493355,0,-12.382102662996818,-3.6188685795290776,0.49904723208638035,-7.4722151312174745,4.5233846396262045,-17.920931119907337,2.0,4.0,0.21820072491473924,18.48410092066284,4.5233846396262045,3.785874755162977
ALGT,2024-08-12,train,True,True,D-1,38.6199989319,36.5699996948,38.0,37.75,-1.6053830891949672,0,-3.6188685795290776,0.49904723208638035,-7.4722151312174745,4.5233846396262045,-5.550123161639786,-11.52084012111957,2.0,4.0,0.02874731423100742,12.244368137504292,4.5233846396262045,1.7768391726739163
ALGT,2024-08-13,train,True,True,D-1,36.7999992371,37.2000007629,37.75,41.0600013733,11.576093001396748,1,0.49904723208638035,-7.4722151312174745,4.5233846396262045,-5.550123161639786,-5.3326464311208905,-13.094110970850114,2.0,3.0,0.06946447942116998,17.58271905622766,4.5233846396262045,15.110185787684882
ALGT,2024-08-14,train,True,True,D-1,37.5999984741,36.3600006104,41.0600013733,41.1300010681,9.388305152276999,1,-7.4722151312174745,4.5233846396262045,-5.550123161639786,-5.3326464311208905,1.722726478965697,-12.035942403430955,2.0,4.0,0.16063685019004073,15.591395478906577,4.5233846396262045,8.225171503879935
ALGT,2024-08-15,train,True,True,D-1,37.75,40.5299987793,41.1300010681,40.4799995422,8.953645213509942,1,4.5233846396262045,-5.550123161639786,-5.3326464311208905,1.722726478965697,-2.258064879766719,-7.078968520545715,2.0,4.0,0.054000091560000386,13.008799402624561,4.5233846396262045,5.097623322023193
ALGT,2024-08-16,train,True,True,D-1,40.1500015259,39.0999984741,40.4799995422,40.8199996948,1.668737592619518,0,-5.550123161639786,-5.3326464311208905,1.722726478965697,-2.258064879766719,11.468641636125998,-0.9046521584252121,2.0,0.0,0.8933596652265314,1.3076797679813623,11.468641636125998,1.722726478965697
ALGT,2024-08-19,train,True,True,D-1,39.1699981689,39.9099998474,40.8199996948,41.3499984741,5.565484827954026,1,-5.3326464311208905,1.722726478965697,-2.258064879766719,11.468641636125998,-3.528251537797611,1.2166642324742627,2.0,0.0,0.5972217807030671,5.191822693662473,11.468641636125998,1.722726478965697
ALGT,2024-08-20,train,True,True,D-1,39.8100013733,40.2000007629,41.3499984741,41.75,4.873143832647875,1,1.722726478965697,-2.258064879766719,11.468641636125998,-3.528251537797611,2.0716148463191253,9.133169757928439,3.0,1.0,0.7468876975207733,3.0568810457649587,11.468641636125998,12.99837011027698
ALGT,2024-08-21,train,True,True,D-1,41.0400009155,41.1199989319,41.75,44.9300003052,9.47855580634458,1,-2.258064879766719,11.468641636125998,-3.528251537797611,2.0716148463191253,0.7266372252789921,8.064515963644636,3.0,2.0,0.8070538663719579,2.3134335511214354,11.468641636125998,11.468641636125998
ALGT,2024-08-22,train,True,True,D-1,41.4300003052,40.9099998474,44.9300003052,45.1800003052,9.051411953596645,1,11.468641636125998,-3.528251537797611,2.0716148463191253,0.7266372252789921,2.288552615772721,13.091304294803852,4.0,0.0,0.9402598354915545,0.5593374226028347,11.468641636125998,11.468641636125998
ALGT,2024-08-23,train,True,True,D-1,41.5,44.7799987793,45.1800003052,43.3300018311,8.867470614939755,1,-3.528251537797611,2.0716148463191253,0.7266372252789921,2.288552615772721,-0.5106981759600338,0.9375797669505026,3.0,0.0,0.7062937156217894,2.0532880853906477,2.288552615772721,2.0716148463191253
ALGT,2024-08-26,train,True,True,D-1,45.0,42.6100006104,43.3300018311,42.8600006104,-3.711107042000006,0,2.0716148463191253,0.7266372252789921,2.288552615772721,-0.5106981759600338,9.45978720688252,14.526855567430408,4.0,0.0,0.9740032038130568,0.3349743858620524,9.45978720688252,2.288552615772721
ALGT,2024-08-27,train,True,True,D-1,42.5499992371,43.0800018311,42.8600006104,43.5099983215,2.2561671013214823,0,0.7266372252789921,2.288552615772721,-0.5106981759600338,9.45978720688252,-4.845909397172887,6.765223686604194,3.0,0.0,0.5301646944658063,6.0314472142315,9.45978720688252,2.288552615772721
ALGT,2024-08-28,train,True,True,D-1,42.6399993896,41.7200012207,43.5099983215,43.7000007629,2.4859319617122955,0,2.288552615772721,-0.5106981759600338,9.45978720688252,-4.845909397172887,1.1030303073623626,7.164181625732491,3.0,1.0,0.5748989761353774,4.87464806137492,9.45978720688252,13.256118146011175
ALGT,2024-08-29,train,True,True,D-1,42.2000007629,42.4599990845,43.7000007629,41.9399986267,3.5545023054092573,1,-0.5106981759600338,9.45978720688252,-4.845909397172887,1.1030303073623626,-3.156918645760587,1.4591495729211479,2.0,2.0,0.2189618857500749,8.293382030830987,9.45978720688252,11.548497314722262
ALGT,2024-08-30,train,True,True,D-1,43.0400009155,42.0800018311,41.9399986267,42.1599998474,-2.0446121035817333,0,9.45978720688252,-4.845909397172887,1.1030303073623626,-3.156918645760587,1.7737244538546193,3.788802842536576,3.0,3.0,0.36744146435374236,6.406032217021251,9.45978720688252,10.898976436796648
ALGT,2024-09-03,train,True,True,D-1,41.0699996948,41.0600013733,42.1599998474,42.9199981689,4.504500822614399,1,-4.845909397172887,1.1030303073623626,-3.156918645760587,1.7737244538546193,-0.8949535129375796,-6.029470794555047,2.0,4.0,0.27906999439592983,7.366916205333629,1.7737244538546193,1.1030303073623626
ALGT,2024-09-04,train,True,True,D-1,40.8100013733,40.75,42.9199981689,41.5900001526,5.1702933707335585,1,1.1030303073623626,-3.156918645760587,1.7737244538546193,-0.8949535129375796,-2.4239553550735593,-3.6376419030646256,2.0,1.0,0.11111168197507366,6.4296134956213224,1.7737244538546193,5.070940048263495
ALGT,2024-09-05,train,True,True,D-1,41.2200012207,40.9500007629,41.5900001526,41.75,1.285780600690134,0,-3.156918645760587,1.7737244538546193,-0.8949535129375796,-2.4239553550735593,-0.7549960129849875,-5.408546267558279,1.0,2.0,0.16193171042155102,7.2392656758282214,1.7737244538546193,4.934375055625829
ALGT,2024-09-06,train,True,True,D-1,40.7400016785,40.6399993896,41.75,41.7299995422,2.4791317621202014,0,1.7737244538546193,-0.8949535129375796,-2.4239553550735593,-0.7549960129849875,0.49079941815950434,-1.84563862720587,2.0,3.0,0.21875010158468142,6.715506590396592,1.7737244538546193,2.041626564718968
ALGT,2024-09-09,train,True,True,D-1,40.7000007629,41.6500015259,41.7299995422,41.4000015259,2.5307094840128164,0,-0.8949535129375796,-2.4239553550735593,-0.7549960129849875,0.49079941815950434,-0.7570240965193209,-4.2863865618037345,1.0,4.0,0.13068154107586985,7.529531051329363,0.49079941815950434,0.26994014822085965
ALGT,2024-09-10,train,True,True,D-1,41.7299995422,40.0200004578,41.4000015259,42.8800010681,2.7558148538608274,0,-2.4239553550735593,-0.7549960129849875,0.49079941815950434,-0.7570240965193209,2.4852415144436923,-1.0218637986897594,2.0,2.0,0.5364972141675189,3.0492115161394384,2.4852415144436923,0.49079941815950434
ALGT,2024-09-11,train,True,True,D-1,40.0200004578,41.2700004578,42.8800010681,43.5999984741,8.945522177279841,1,-0.7549960129849875,0.49079941815950434,-0.7570240965193209,2.4852415144436923,-3.913567847257793,-2.532880859025677,2.0,3.0,0.24083823487011324,7.246371009310626,2.4852415144436923,2.0163873638095686
ALGT,2024-09-12,train,True,True,D-1,41.9700012207,41.8699989319,43.5999984741,42.1899986267,3.883719814132558,1,0.49079941815950434,-0.7570240965193209,2.4852415144436923,-3.913567847257793,3.123438245129684,1.276074743067479,3.0,4.0,0.5680633919039134,3.998055955408053,3.123438245129684,3.397608991462142
ALGT,2024-09-13,train,True,True,D-1,42.7099990845,41.5499992371,42.1899986267,43.9399986267,2.8798866039928983,0,-0.7570240965193209,2.4852415144436923,-3.913567847257793,3.123438245129684,1.4538368486656905,2.2466377334808385,3.0,0.0,0.7328038510335477,2.412233489288429,3.123438245129684,2.4852415144436923
ALGT,2024-09-16,train,True,True,D-1,41.6500015259,41.0699996948,43.9399986267,44.8199996948,7.611039742528569,1,2.4852415144436923,-3.913567847257793,3.123438245129684,1.4538368486656905,-0.7642696512136671,2.239172886732077,3.0,0.0,0.5444446140000012,4.933812935355131,3.123438245129684,3.123438245129684
ALGT,2024-09-17,train,True,True,D-1,42.0299987793,42.2700004578,44.8199996948,44.9599990845,6.971211968350177,1,-3.913567847257793,3.123438245129684,1.4538368486656905,-0.7642696512136671,-1.1552335766865873,-1.3925613681894489,2.0,1.0,0.4377780490444457,6.160211341857713,3.123438245129684,5.034112373402689
ALGT,2024-09-18,train,True,True,D-1,41.9300003052,42.8400001526,44.9599990845,46.4399986267,10.756017859939515,1,3.123438245129684,1.4538368486656905,-0.7642696512136671,-1.1552335766865873,2.9218426391951935,5.622188841233422,3.0,0.0,0.6393090368091148,3.9507881495464803,3.123438245129684,3.123438245129684
ALGT,2024-09-19,train,True,True,D-1,44.5699996948,43.0600013733,46.4399986267,47.0099983215,5.474531396473559,1,1.4538368486656905,-0.7642696512136671,-1.1552335766865873,2.9218426391951935,1.3484733584733455,3.8042153559105785,3.0,0.0,0.5695651741303253,4.62184765440492,2.9218426391951935,1.4538368486656905
ALGT,2024-09-20,train,True,True,D-1,44.1599998474,45.8100013733,47.0099983215,48.8499984741,10.620467941365108,1,-0.7642696512136671,-1.1552335766865873,2.9218426391951935,1.3484733584733455,0.5135415964433676,2.8421363070381123,3.0,0.0,0.5671986388750173,4.412442291230678,2.9218426391951935,2.9218426391951935
ALGT,2024-09-23,train,True,True,D-1,45.9900016785,46.1500015259,48.8499984741,48.8899993896,6.305713427394211,1,-1.1552335766865873,2.9218426391951935,1.3484733584733455,0.5135415964433676,6.386437325348493,10.252712910753159,4.0,0.0,0.8926750650709081,1.3752395427064856,6.386437325348493,2.9218426391951935
ALGT,2024-09-24,train,True,True,D-1,46.2700004578,48.5099983215,48.8899993896,51.1100006104,10.460341700264863,1,2.9218426391951935,1.3484733584733455,0.5135415964433676,6.386437325348493,0.7421963379336871,12.369130433042574,5.0,0.0,0.849913287205987,1.8634816189927017,6.386437325348493,2.9218426391951935
ALGT,2024-09-25,train,True,True,D-1,48.5699996948,47.0400009155,51.1100006104,53.0800018311,9.285571679307303,1,1.3484733584733455,0.5135415964433676,6.386437325348493,0.7421963379336871,5.113752367430657,14.762237511517572,5.0,0.0,0.9508670169700284,0.7008867539979091,6.386437325348493,6.386437325348493
ALGT,2024-09-26,train,True,True,D-1,48.1199989319,49.7599983215,53.0800018311,55.2799987793,14.879468009824603,1,0.5135415964433676,6.386437325348493,0.7421963379336871,5.113752367430657,-3.0302977878036375,9.803923314517316,4.0,0.0,0.7127330949373234,3.9328198088754984,6.386437325348493,6.386437325348493
ALGT,2024-09-27,train,True,True,D-1,50.4000015259,52.9000015259,55.2799987793,56.4700012207,12.043649823464175,1,6.386437325348493,0.7421963379336871,5.113752367430657,-3.0302977878036375,5.78230729817808,15.559676578074688,4.0,0.0,0.8396672243648605,2.713027199433604,6.386437325348493,6.386437325348493
ALGT,2024-09-30,train,True,True,D-1,52.6100006104,55.0600013733,56.4700012207,55.7200012207,7.337009248270099,1,0.7421963379336871,5.113752367430657,-3.0302977878036375,5.78230729817808,6.3102960416365095,15.476969963009779,4.0,0.0,0.9772726944298181,0.3402652174062215,6.3102960416365095,5.113752367430657
ALGT,2024-10-01,train,True,True,D-1,54.9900016785,56.4099998474,55.7200012207,55.6500015259,1.327513220435872,0,5.113752367430657,-3.0302977878036375,5.78230729817808,6.3102960416365095,4.083175397154681,19.306607915060603,4.0,0.0,0.9755829692581587,0.39955939068807567,6.3102960416365095,5.78230729817808
ALGT,2024-10-02,train,True,True,D-1,55.6300010681,55.0499992371,55.6500015259,59.9799995422,7.819518947653625,1,-3.0302977878036375,5.78230729817808,6.3102960416365095,4.083175397154681,2.451867854029244,16.285305708614416,4.0,0.0,0.9937302638230386,0.10636655462208378,6.3102960416365095,6.3102960416365095
ALGT,2024-10-03,train,True,True,D-1,55.0699996948,55.0,59.9799995422,58.4799995422,8.915924958437248,1,5.78230729817808,6.3102960416365095,4.083175397154681,2.451867854029244,-2.4109211380589635,17.02805732505981,4.0,1.0,0.8299399288183826,2.5794768451931516,6.3102960416365095,6.328461926036299
ALGT,2024-10-04,train,True,True,D-1,55.9599990845,57.8100013733,58.4799995422,58.1199989319,4.503217474851606,1,6.3102960416365095,4.083175397154681,2.451867854029244,-2.4109211380589635,-0.09082513677185489,10.53055035220114,3.0,2.0,0.7674048589101208,2.6727294921818245,6.3102960416365095,8.80985259404623
ALGT,2024-10-07,train,True,True,D-1,57.4399986267,57.6599998474,58.1199989319,57.0800018311,1.1838445707829548,0,4.083175397154681,2.451867854029244,-2.4109211380589635,-0.09082513677185489,5.109093405999987,9.281662959869763,3.0,0.0,0.7125829949405066,3.753672578015599,5.109093405999987,4.083175397154681
ALGT,2024-10-08,train,True,True,D-1,57.6599998474,55.9199981689,57.0800018311,57.5099983215,-0.2601483286454931,0,2.451867854029244,-2.4109211380589635,-0.09082513677185489,5.109093405999987,-0.2594733131580096,4.7221184330751065,2.0,1.0,0.6171618532923481,4.023586023135595,5.109093405999987,2.451867854029244
ALGT,2024-10-09,train,True,True,D-1,55.9799995422,55.0699996948,57.5099983215,58.3899993896,4.305108730097884,1,-2.4109211380589635,-0.09082513677185489,5.109093405999987,-0.2594733131580096,-3.0176928253642044,-0.8686432898875163,1.0,2.0,0.3300329285092047,7.260374653513435,5.109093405999987,8.378429436967306
ALGT,2024-10-10,train,True,True,D-1,54.5,57.3300018311,58.3899993896,58.4500007629,7.247707821834859,1,-0.09082513677185489,5.109093405999987,-0.2594733131580096,-3.0176928253642044,-1.5200259333569277,0.0363314404671522,1.0,3.0,0.18976918569141588,8.915924958437248,5.109093405999987,9.600942451186533
ALGT,2024-10-11,train,True,True,D-1,56.7400016785,58.3699989319,58.4500007629,61.2599983215,7.966155286020582,1,5.109093405999987,-0.2594733131580096,-3.0176928253642044,-1.5200259333569277,4.103871706600715,4.236366965636362,2.0,4.0,0.5833337332061985,4.6223576250828735,5.109093405999987,5.109093405999987
ALGT,2024-10-14,train,True,True,D-1,58.2400016785,57.6199989319,61.2599983215,62.4500007629,7.228707010759194,1,-0.2594733131580096,-3.0176928253642044,-1.5200259333569277,4.103871706600715,1.8140538419376684,0.9686862918129036,2.0,4.0,0.9773661324101751,0.18845402143716772,4.103871706600715,0.0
ALGT,2024-10-15,train,True,True,D-1,57.9700012207,59.2999992371,62.4500007629,63.7099990845,9.901669385769063,1,-3.0176928253642044,-1.5200259333569277,4.103871706600715,1.8140538419376684,-1.2849066536304354,-0.06937376969453624,2.0,0.0,0.8281570359512359,1.440475262731189,4.103871706600715,4.103871706600715
ALGT,2024-10-16,train,True,True,D-1,60.0699996948,62.3800010681,63.7099990845,66.6999969482,11.037118839829008,1,-1.5200259333569277,4.103871706600715,1.8140538419376684,-1.2849066536304354,2.915654870430595,6.044351178251284,3.0,0.0,0.7434555967284424,3.3052261544950445,4.103871706600715,4.103871706600715
ALGT,2024-10-17,train,True,True,D-1,61.8100013733,63.1500015259,66.6999969482,64.4000015259,7.9113338719521975,1,4.103871706600715,1.8140538419376684,-1.2849066536304354,2.915654870430595,5.193932328203221,13.274017457440168,4.0,0.0,0.9920725163890404,0.11221496249027574,5.193932328203221,4.103871706600715
ALGT,2024-10-18,train,True,True,D-1,63.3600006104,65.6699981689,64.4000015259,64.2300033569,1.6414155705189337,0,1.8140538419376684,-1.2849066536304354,2.915654870430595,5.193932328203221,1.2343707031351236,10.151752152295956,4.0,0.0,0.9238098401552979,0.8867736263954429,5.193932328203221,2.915654870430595
ALGT,2024-10-21,train,True,True,D-1,64.4000015259,63.3800010681,64.2300033569,63.7700004578,-0.26397230585720743,0,-1.2849066536304354,2.915654870430595,5.193932328203221,1.2343707031351236,3.990493400014339,12.506423454824578,4.0,0.0,0.8972056762095263,1.5684464870105552,5.193932328203221,5.193932328203221
ALGT,2024-10-22,train,True,True,D-1,64.0599975586,62.8699989319,63.7700004578,64.75,1.0771190566605915,0,2.915654870430595,5.193932328203221,1.2343707031351236,3.990493400014339,-3.487128315292831,9.996532875690667,4.0,1.0,0.6248591579065077,5.238238914721305,5.193932328203221,5.193932328203221
ALGT,2024-10-23,train,True,True,D-1,62.6899986267,63.4700012207,64.75,64.8199996948,3.397672858127687,1,5.193932328203221,1.2343707031351236,3.990493400014339,-3.487128315292831,-0.8046735998821108,6.02023565046943,3.0,2.0,0.5025974630814207,6.091932688671742,5.193932328203221,9.45767424243098
ALGT,2024-10-24,train,True,True,D-1,63.6800003052,63.7400016785,64.8199996948,64.4300003052,1.7902000379025118,0,1.2343707031351236,3.990493400014339,-3.487128315292831,-0.8046735998821108,0.9543539032820902,1.7473551361598227,3.0,3.0,0.4976675753521186,5.0890116045035905,3.990493400014339,3.990493400014339
ALGT,2024-10-25,train,True,True,D-1,64.2200012207,62.2799987793,64.4300003052,62.8100013733,0.32699950250438814,0,3.990493400014339,-3.487128315292831,-0.8046735998821108,0.9543539032820902,0.4253985388485315,0.9342836711698554,3.0,4.0,0.4588671529435829,4.643858160892433,3.990493400014339,3.990493400014339
ALGT,2024-10-28,train,True,True,D-1,63.9799995422,63.7999992371,62.8100013733,63.6100006104,-0.5783040550913943,0,-3.487128315292831,-0.8046735998821108,0.9543539032820902,0.4253985388485315,-2.290559869395903,-5.162173723350927,2.0,0.0,0.2924788836957449,4.078357362370766,0.9543539032820902,2.8292592420453344
ALGT,2024-10-29,train,True,True,D-1,62.8100013733,60.6899986267,63.6100006104,65.0100021362,3.502628108260497,1,-0.8046735998821108,0.9543539032820902,0.4253985388485315,-2.290559869395903,2.4405916628007507,0.6626667117735296,3.0,1.0,0.7158773219100618,1.5987468180201247,2.4405916628007507,0.9543539032820902
ALGT,2024-10-30,train,True,True,D-1,60.3300018311,62.9599990845,65.0100021362,65.9499969482,9.315423415423973,1,0.9543539032820902,0.4253985388485315,-2.290559869395903,2.4405916628007507,-4.874609165499044,-3.467473106785557,3.0,2.0,0.2351852035057221,6.805076885078476,2.4405916628007507,3.50734071086769
ALGT,2024-10-31,train,True,True,D-1,56.5,65.0100021362,65.9499969482,66.2600021362,17.274340064070802,1,0.4253985388485315,-2.290559869395903,2.4405916628007507,-4.874609165499044,3.7403204962363157,-0.8035325766366452,3.0,3.0,0.6555555398681105,2.9542576832055856,3.7403204962363157,3.757206337792063
ALGT,2024-11-01,train,True,True,D-1,64.8199996948,63.0099983215,66.2600021362,68.6200027466,5.862392887522394,1,-2.290559869395903,2.4405916628007507,-4.874609165499044,3.7403204962363157,3.2560404725366254,1.992470072570418,3.0,0.0,1.0,0.0,3.7403204962363157,2.4405916628007507
ALGT,2024-11-04,train,True,True,D-1,63.0499992371,65.9599990845,68.6200027466,74.3499984741,17.92228290837288,1,2.4405916628007507,-4.874609165499044,3.7403204962363157,3.2560404725366254,-3.0764555437329033,1.1721251710149705,3.0,0.0,0.7346571161497585,4.665923988283649,3.7403204962363157,3.7403204962363157
ALGT,2024-11-05,train,True,True,D-1,65.5100021362,66.25,74.3499984741,74.4100036621,13.58571399127153,1,-4.874609165499044,3.7403204962363157,3.2560404725366254,-3.0764555437329033,4.6817978758672885,3.385579738602784,3.0,0.0,0.9736608457154126,0.45482573660389214,4.6817978758672885,3.7403204962363157
ALGT,2024-11-06,train,True,True,D-1,69.8600006104,73.8700027466,74.4100036621,74.2799987793,6.513030363504813,1,3.7403204962363157,3.2560404725366254,-3.0764555437329033,4.6817978758672885,0.4396617943073222,9.161314053571147,4.0,0.0,0.8276362117029926,3.577362636377357,4.6817978758672885,3.7403204962363157
ALGT,2024-11-07,train,True,True,D-1,72.9400024414,71.1100006104,74.2799987793,75.8700027466,4.017000558169648,1,3.2560404725366254,-3.0764555437329033,4.6817978758672885,0.4396617943073222,11.501890938264147,17.328468584406174,4.0,0.0,0.9753595616642503,0.6497843639542866,11.501890938264147,4.6817978758672885
ALGT,2024-11-08,train,True,True,D-1,71.1100006104,73.7200012207,75.8700027466,74.7200012207,6.693857538096881,1,-3.0764555437329033,4.6817978758672885,0.4396617943073222,11.501890938264147,-3.7362962414767664,9.383169164369676,3.0,0.0,0.7353647378383636,4.6407017625835545,11.501890938264147,4.6817978758672885
ALGT,2024-11-11,train,True,True,D-1,73.3000030518,74.8300018311,74.7200012207,77.2600021362,5.402454187623329,1,4.6817978758672885,0.4396617943073222,11.501890938264147,-3.7362962414767664,3.670370676270651,16.99730706951246,4.0,1.0,0.9428806012570878,0.93597725172887,11.501890938264147,11.704952425096026
ALGT,2024-11-12,train,True,True,D-1,74.1299972534,74.5400009155,77.2600021362,77.5599975586,4.627007193154431,1,0.4396617943073222,11.501890938264147,-3.7362962414767664,3.670370676270651,1.5056980358382432,13.447548316725765,4.0,0.0,0.9003830773663569,1.3898181077790062,11.501890938264147,11.501890938264147
ALGT,2024-11-13,train,True,True,D-1,75.0400009155,74.5400009155,77.5599975586,78.1900024414,4.197763176265279,1,11.501890938264147,-3.7362962414767664,3.670370676270651,1.5056980358382432,-0.38754631632185177,12.513208929056606,3.0,1.0,0.8549617240883257,1.7842793329285067,11.501890938264147,11.501890938264147
ALGT,2024-11-14,train,True,True,D-1,75.9499969482,76.0800018311,78.1900024414,77.8700027466,2.949316106921973,0,-3.7362962414767664,3.670370676270651,1.5056980358382432,-0.38754631632185177,0.0,0.9069962691057976,2.0,0.0,0.6063676151694871,3.6490490841064593,3.670370676270651,4.057916992592503
ALGT,2024-11-15,train,True,True,D-1,76.25,77.6900024414,77.8700027466,73.5800018311,2.1245937660327785,0,3.670370676270651,1.5056980358382432,-0.38754631632185177,0.0,2.0660060325807805,6.989173362449863,3.0,0.0,0.7947301088176723,1.94531505241764,3.670370676270651,3.670370676270651
ALGT,2024-11-18,train,True,True,D-1,77.8700027466,74.1999969482,73.5800018311,73.0,-5.509182951309577,0,1.5056980358382432,-0.38754631632185177,0.0,2.0660060325807805,2.1161942317959426,5.385243020838759,3.0,0.0,0.9111901303092063,0.643583452551888,2.1161942317959426,1.5056980358382432
ALGT,2024-11-19,train,True,True,D-1,71.6999969482,70.7900009155,73.0,76.0299987793,6.039054414783629,1,-0.38754631632185177,0.0,2.0660060325807805,2.1161942317959426,-4.492219569477351,-0.8419148302602042,2.0,1.0,0.2912962641667133,5.377366114968285,2.1161942317959426,4.53709546167107
ALGT,2024-11-20,train,True,True,D-1,70.0199966431,72.6999969482,76.0299987793,79.3000030518,13.25336597201121,1,0.0,2.0660060325807805,2.1161942317959426,-4.492219569477351,-4.59568217378844,-5.030855854497607,2.0,2.0,0.05852405199526307,10.453455898006215,2.1161942317959426,10.997647841099822
ALGT,2024-11-21,train,True,True,D-1,72.5800018311,75.1699981689,79.3000030518,86.9400024414,19.78506509784468,1,2.0660060325807805,2.1161942317959426,-4.492219569477351,-4.59568217378844,2.698115564343473,-2.468478594984014,3.0,3.0,0.35259394812233175,7.5515897161752665,2.698115564343473,4.137757657259655
ALGT,2024-11-22,train,True,True,D-1,75.8600006104,79.0899963379,86.9400024414,84.7900009155,14.605855183029082,1,2.1161942317959426,-4.492219569477351,-4.59568217378844,2.698115564343473,3.397525893240294,-1.1961141433990075,3.0,4.0,0.6438675616746438,4.017565978536197,3.397525893240294,2.1161942317959426
ALGT,2024-11-25,train,True,True,D-1,81.5,84.0100021362,84.7900009155,82.5500030518,4.036810939263802,1,-4.492219569477351,-4.59568217378844,2.698115564343473,3.397525893240294,5.214844039495836,1.8020258109220588,3.0,0.0,0.9781014987463945,0.26552879456811507,5.214844039495836,2.698115564343473
ALGT,2024-11-26,train,True,True,D-1,83.1200027466,80.7399978638,82.5500030518,83.1600036621,0.04812429520959505,0,-4.59568217378844,2.698115564343473,3.397525893240294,5.214844039495836,6.220768777482322,13.221031794446713,4.0,0.0,0.8299477809430237,3.4876803126963063,6.220768777482322,3.397525893240294
ALGT,2024-11-27,train,True,True,D-1,80.7699966431,81.0199966431,83.1600036621,82.0,2.959028250998652,0,2.698115564343473,3.397525893240294,5.214844039495836,6.220768777482322,-3.8923987492567313,14.05565308605805,4.0,1.0,0.6401623116853823,7.678975404555688,6.220768777482322,5.214844039495836
ALGT,2024-11-29,train,True,True,D-1,80.6299972534,81.8399963379,82.0,80.8499984741,1.6991228987574214,0,3.397525893240294,5.214844039495836,6.220768777482322,-3.8923987492567313,0.3467906696905443,11.44429167009202,4.0,2.0,0.5883168436624838,7.306845277195118,6.220768777482322,9.779875332738087
ALGT,2024-12-02,train,True,True,D-1,81.8399963379,80.7699966431,80.8499984741,83.3399963379,1.8328446567944745,0,5.214844039495836,6.220768777482322,-3.8923987492567313,0.3467906696905443,1.0120954440570706,8.873218480081825,4.0,3.0,0.563729252490283,6.231679290946146,6.220768777482322,6.220768777482322
ALGT,2024-12-03,train,True,True,D-1,80.4800033569,79.0400009155,83.3399963379,86.2099990845,7.119775706506282,1,6.220768777482322,-3.8923987492567313,0.3467906696905443,1.0120954440570706,-1.3074288155906055,2.1241628309381255,3.0,4.0,0.1650871031216732,7.638982363170732,6.220768777482322,6.52933457649274
ALGT,2024-12-04,train,True,True,D-1,80.4199981689,82.9000015259,86.2099990845,82.9000015259,7.199702869228752,1,-3.8923987492567313,0.3467906696905443,1.0120954440570706,-1.3074288155906055,-2.1418791624374656,-5.915963688040926,2.0,4.0,0.05115473324903769,7.274797486588103,1.0120954440570706,4.433399876720301
ALGT,2024-12-05,train,True,True,D-1,84.1500015259,81.1200027466,82.9000015259,84.1699981689,0.023763092854900414,0,0.3467906696905443,1.0120954440570706,-1.3074288155906055,-2.1418791624374656,4.883603954568061,2.675258507863343,3.0,0.0,0.9045562945944953,0.5307536838374372,4.883603954568061,1.0120954440570706
ALGT,2024-12-06,train,True,True,D-1,82.4700012207,79.8399963379,84.1699981689,83.8199996948,2.0613519134680125,0,1.0120954440570706,-1.3074288155906055,-2.1418791624374656,4.883603954568061,-2.1471637473298277,0.12343385292958864,2.0,0.0,0.3195188174882608,6.2746501054739445,4.883603954568061,1.0120954440570706
ALGT,2024-12-09,train,True,True,D-1,81.0899963379,82.2600021362,83.8199996948,87.6699981689,8.114443369292168,1,-1.3074288155906055,-2.1418791624374656,4.883603954568061,-2.1471637473298277,-1.5779171170622774,-2.443792875725981,1.0,1.0,0.14839486831580756,7.978460719913838,4.883603954568061,8.574804354659694
ALGT,2024-12-10,train,True,True,D-1,82.3399963379,82.7799987793,87.6699981689,94.4499969482,14.707312544202678,1,-2.1418791624374656,4.883603954568061,-2.1471637473298277,-1.5779171170622774,3.0310695256773545,1.844751213354523,2.0,2.0,0.4719252400472457,4.801843965138586,4.883603954568061,4.883603954568061
ALGT,2024-12-11,train,True,True,D-1,83.0599975586,86.6999969482,94.4499969482,87.6999969482,13.712978237886642,1,4.883603954568061,-2.1471637473298277,-1.5779171170622774,3.0310695256773545,0.6321378915588038,4.731778619029048,3.0,3.0,0.49484538399404593,4.143513355617134,4.883603954568061,4.883603954568061
ALGT,2024-12-12,train,True,True,D-1,88.0,87.3399963379,87.6999969482,86.1699981689,-0.34091255886363747,0,-2.1471637473298277,-1.5779171170622774,3.0310695256773545,0.6321378915588038,4.735441201625412,4.583830340597506,3.0,0.0,0.8824240944606062,1.118801908700795,4.735441201625412,3.0310695256773545
ALGT,2024-12-13,train,True,True,D-1,87.6999969482,84.9000015259,86.1699981689,85.9199981689,-1.7445824772419294,0,-1.5779171170622774,3.0310695256773545,0.6321378915588038,4.735441201625412,0.7381769460526932,7.66764470007455,4.0,0.0,0.5269460287586845,8.140600994294633,4.735441201625412,3.0310695256773545
ALGT,2024-12-16,train,True,True,D-1,84.9199981689,84.4199981689,85.9199981689,87.9599990845,3.5798410046519846,1,3.0310695256773545,0.6321378915588038,4.735441201625412,0.7381769460526932,-2.7936740488975764,6.337682139394096,4.0,1.0,0.3368055923490699,11.248522085581625,4.735441201625412,6.811560562247109
ALGT,2024-12-17,train,True,True,D-1,84.8199996948,83.7300033569,87.9599990845,84.0899963379,3.701956379389726,1,0.6321378915588038,4.735441201625412,0.7381769460526932,-2.7936740488975764,-0.5653749686371556,2.625815677859622,3.0,2.0,0.24981283153411113,11.881069648015007,4.735441201625412,8.07869548538237
ALGT,2024-12-18,train,True,True,D-1,84.8000030518,80.8499984741,84.0899963379,85.5599975586,0.8962199050108088,0,4.735441201625412,0.7381769460526932,-2.7936740488975764,-0.5653749686371556,-0.8173357343831178,1.1476257448768568,2.0,3.0,0.05882404163355504,12.803049279248091,4.735441201625412,6.113530892993757
ALGT,2024-12-19,train,True,True,D-1,81.9100036621,82.1200027466,85.5599975586,87.9899978638,7.422773690478102,1,0.7381769460526932,-2.7936740488975764,-0.5653749686371556,-0.8173357343831178,-3.4396330674011155,-6.747403321819201,1.0,4.0,0.0835578281472702,16.821272394280506,0.7381769460526932,4.967032397645399
ALGT,2024-12-20,train,True,True,D-1,80.5699996948,84.4700012207,87.9899978638,90.3399963379,12.126097406117475,1,-2.7936740488975764,-0.5653749686371556,-0.8173357343831178,-3.4396330674011155,1.5708154563624843,-5.976635917300655,1.0,1.0,0.30059911315978277,7.111539384528087,1.5708154563624843,1.9228478989035236
ALGT,2024-12-23,train,True,True,D-1,84.0100021362,87.3000030518,90.3399963379,92.2200012207,9.772644775308613,1,-0.5653749686371556,-0.8173357343831178,-3.4396330674011155,1.5708154563624843,2.861663901000422,-0.5064785600372712,2.0,2.0,0.5820361075962753,4.1316417821298135,2.861663901000422,0.0
ALGT,2024-12-24,train,True,True,D-1,87.2099990845,90.3399963379,92.2200012207,91.6600036621,5.744756551763852,1,-0.8173357343831178,-3.4396330674011155,1.5708154563624843,2.861663901000422,3.3503040016607644,3.411519717328071,3.0,0.0,0.9176616899581865,0.7903720365170841,3.3503040016607644,1.5708154563624843
ALGT,2024-12-26,train,True,True,D-1,88.7600021362,91.4100036621,91.6600036621,92.6200027466,4.348806351397916,1,-3.4396330674011155,1.5708154563624843,2.861663901000422,3.3503040016607644,3.4822373193918343,7.894413849268389,4.0,0.0,1.0,0.0,3.4822373193918343,2.861663901000422
ALGT,2024-12-27,train,True,True,D-1,90.5699996948,91.1100006104,92.6200027466,94.5299987793,4.372307715407175,1,1.5708154563624843,2.861663901000422,3.3503040016607644,3.4822373193918343,1.1844225897440053,13.061231153124698,5.0,0.0,0.9304723216731572,0.8861147862920804,3.4822373193918343,3.3503040016607644
ALGT,2024-12-30,train,True,True,D-1,91.0800018311,92.2399978638,94.5299987793,96.9300003052,6.422923096716993,1,2.861663901000422,3.3503040016607644,3.4822373193918343,1.1844225897440053,-0.328194989258479,10.947391090013348,4.0,1.0,0.9047209901361575,1.2183082020233327,3.4822373193918343,3.4822373193918343
ALGT,2024-12-31,train,True,True,D-1,93.0,94.1200027466,96.9300003052,94.0299987793,4.225806779784946,1,3.3503040016607644,3.4822373193918343,1.1844225897440053,-0.328194989258479,1.2402560046421707,9.198527916199328,4.0,0.0,0.955967014160402,0.4119740802261296,3.4822373193918343,3.4822373193918343
ALGT,2025-01-02,train,True,True,D-1,95.0,91.9499969482,94.0299987793,100.120002747,5.389476575789476,1,3.4822373193918343,1.1844225897440053,-0.328194989258479,1.2402560046421707,2.0381666590842507,7.8121414162532155,4.0,0.0,0.9455516468572228,0.43560988178448223,3.4822373193918343,3.4822373193918343
ALGT,2025-01-03,train,True,True,D-1,92.1399993896,93.9300003052,100.120002747,101.0,9.615802766545322,1,1.1844225897440053,-0.328194989258479,1.2402560046421707,2.0381666590842507,-2.3055734541809536,1.7821570462301928,3.0,0.0,0.4379229103941141,5.415990780081792,2.0381666590842507,1.5546542291826948
ALGT,2025-01-06,train,True,True,D-1,95.0299987793,98.1200027466,101.0,100.099998474,6.282228030503156,1,-0.328194989258479,1.2402560046421707,2.0381666590842507,-2.3055734541809536,2.1533479311754977,2.7568061942271127,3.0,1.0,0.6273293338281162,3.1938677634965495,2.1533479311754977,2.24003920036705
ALGT,2025-01-07,train,True,True,D-1,99.6600036621,99.1200027466,100.099998474,101.709999084,2.056989109543461,0,1.2402560046421707,2.0381666590842507,-2.3055734541809536,2.1533479311754977,4.460771242186445,7.693998561338855,4.0,0.0,0.8219056631820052,2.0383203673211447,4.460771242186445,2.0381666590842507
ALGT,2025-01-08,train,True,True,D-1,97.7900009155,99.3000030518,101.709999084,100.980003357,4.008587924942608,1,2.0381666590842507,-2.3055734541809536,2.1533479311754977,4.460771242186445,1.0191601834567354,7.458808588611299,4.0,0.0,0.8439836699361519,1.8966880562001354,4.460771242186445,2.1533479311754977
ALGT,2025-01-10,train,True,True,D-1,99.7200012207,100.940002441,100.980003357,101.0,1.2835928235370941,0,-2.3055734541809536,2.1533479311754977,4.460771242186445,1.0191601834567354,0.18159836583153677,5.503612573350813,4.0,1.0,0.8589214508168898,1.7119807612827387,4.460771242186445,4.460771242186445
ALGT,2025-01-13,train,True,True,D-1,98.5999984741,97.25,101.0,105.150001526,6.643005226435705,1,2.1533479311754977,4.460771242186445,1.0191601834567354,0.18159836583153677,1.6515602606220314,9.7770590442374,5.0,0.0,0.9396554456021866,0.7628260594208625,4.460771242186445,4.460771242186445
ALGT,2025-01-14,train,True,True,D-1,98.9899978638,100.970001221,105.150001526,103.870002747,6.222854626863938,1,4.460771242186445,1.0191601834567354,0.18159836583153677,1.6515602606220314,-3.6556393419515,3.5345466666800496,4.0,1.0,0.39892180796836774,4.586117310025717,4.460771242186445,6.525225410159252
ALGT,2025-01-15,train,True,True,D-1,103.430000305,102.120002747,103.870002747,105.019996643,1.5372680395546068,0,1.0191601834567354,0.18159836583153677,1.6515602606220314,-3.6556393419515,3.8251940575835475,2.9046049680209185,4.0,2.0,0.9002698051676751,0.7328888323773652,3.8251940575835475,1.6515602606220314
ALGT,2025-01-16,train,True,True,D-1,102.0,102.339996338,105.019996643,106.870002747,4.774512497058825,1,0.18159836583153677,1.6515602606220314,-3.6556393419515,3.8251940575835475,1.138953661576081,3.0266342991025708,4.0,0.0,0.7209946032534804,2.967096256848678,3.8251940575835475,1.6515602606220314
ALGT,2025-01-17,train,True,True,D-1,104.839996338,102.989997864,106.870002747,106.379997253,1.93629004187994,0,1.6515602606220314,-3.6556393419515,3.8251940575835475,1.138953661576081,0.21542654238371206,3.0614231548554693,4.0,1.0,0.7318698198606716,2.74575463020279,3.8251940575835475,3.8251940575835475
ALGT,2025-01-21,train,True,True,D-1,104.029998779,105.300003052,106.379997253,104.459999084,2.2589623200826026,0,-3.6556393419515,3.8251940575835475,1.138953661576081,0.21542654238371206,0.635139289875708,2.030904867669525,4.0,2.0,0.7938928463666347,2.097294598308763,3.8251940575835475,3.8251940575835475
ALGT,2025-01-22,train,True,True,D-1,105.63999939,104.319999695,104.459999084,104.11000061,-1.117001432046294,0,3.8251940575835475,1.138953661576081,0.21542654238371206,0.635139289875708,2.2429412912993607,8.277638099742934,5.0,0.0,0.8227991437059002,1.4909778247819139,3.8251940575835475,3.8251940575835475
ALGT,2025-01-23,train,True,True,D-1,103.870002747,102.0,104.11000061,106.160003662,2.2046797481827696,0,1.138953661576081,0.21542654238371206,0.635139289875708,2.2429412912993607,-0.9306774250671501,3.317815621956499,4.0,1.0,0.5260221677386171,2.4444047732509855,2.2429412912993607,1.138953661576081
ALGT,2025-01-24,train,True,True,D-1,101.980003357,102.730003357,106.160003662,104.290000916,4.098843074526215,1,0.21542654238371206,0.635139289875708,2.2429412912993607,-0.9306774250671501,-2.2239260945005612,-0.11751149997254462,3.0,2.0,0.18833287549999986,4.774512497058825,2.2429412912993607,5.376847232755377
ALGT,2025-01-27,train,True,True,D-1,102.010002136,104.239997864,104.290000916,104.599998474,2.5389631249561395,0,0.635139289875708,2.2429412912993607,-0.9306774250671501,-2.2239260945005612,0.7156895656862838,0.38108953777162835,3.0,3.0,0.38575726775216207,4.029980779434972,2.2429412912993607,3.76709422712056
ALGT,2025-01-28,train,True,True,D-1,102.36000061,103.029998779,104.599998474,105.410003662,2.979682526205485,0,2.2429412912993607,-0.9306774250671501,-2.2239260945005612,0.7156895656862838,1.4698670862032248,1.2137100941109313,3.0,4.0,0.6097918784574811,2.523028527332971,2.2429412912993607,2.2429412912993607
ALGT,2025-01-29,train,True,True,D-1,103.180000305,103.36000061,105.410003662,107.569999695,4.254699919580518,1,-0.9306774250671501,-2.2239260945005612,0.7156895656862838,1.4698670862032248,-1.160781954906287,-2.1557494845266145,2.0,4.0,0.4640002441599995,3.2514787088232078,1.4698670862032248,0.7156895656862838
ALGT,2025-01-30,train,True,True,D-1,102.88999939,104.059997559,107.569999695,100.519996643,4.548547315333029,1,-2.2239260945005612,0.7156895656862838,1.4698670862032248,-1.160781954906287,0.32029684063945574,-0.9202445243546298,3.0,2.0,0.5356550454372832,2.7089812649721434,1.4698670862032248,2.3140701483983284
ALGT,2025-01-31,train,True,True,D-1,104.260002136,102.430000305,100.519996643,100.879997253,-3.2418998789113918,0,0.7156895656862838,1.4698670862032248,-1.160781954906287,0.32029684063945574,0.677241626227576,2.019605449999995,4.0,3.0,0.6517406515744882,2.018072412320926,1.4698670862032248,1.4698670862032248
ALGT,2025-02-03,train,True,True,D-1,99.0,97.8099975586,100.879997253,97.1999969482,1.8989871242424128,0,1.4698670862032248,-1.160781954906287,0.32029684063945574,0.677241626227576,-1.5664013955755007,-0.29203060663539615,3.0,0.0,0.22938518725701224,5.018060504437116,1.4698670862032248,2.369635177835794
ALGT,2025-02-04,train,True,True,D-1,98.6399993896,99.1100006104,97.1999969482,89.4499969482,-1.4598564986932017,0,-1.160781954906287,0.32029684063945574,0.677241626227576,-1.5664013955755007,-4.51040001234333,-6.1684578253628715,2.0,1.0,0.05972979588072412,9.978532235983927,0.677241626227576,6.683392065407012
ALGT,2025-02-05,train,True,True,D-1,97.1999969482,83.9300003052,89.4499969482,93.3600006104,-3.9506136402930325,0,0.32029684063945574,0.677241626227576,-1.5664013955755007,-4.51040001234333,1.3291106065319358,-3.804715340246123,3.0,2.0,0.18497097080965977,8.535969158002676,1.3291106065319358,3.9184792370000276
ALGT,2025-02-06,train,True,True,D-1,84.3799972534,89.2900009155,93.3600006104,90.5100021362,10.642336631076565,1,0.677241626227576,-1.5664013955755007,-4.51040001234333,1.3291106065319358,-15.316315418937753,-18.798374796952324,2.0,3.0,0.1273531714527344,28.166328254302854,1.3291106065319358,14.868017211396378
ALGT,2025-02-07,train,True,True,D-1,91.4100036621,90.4899978638,90.5100021362,90.4100036621,-0.9845766216429408,0,-1.5664013955755007,-4.51040001234333,1.3291106065319358,-15.316315418937753,6.3862749801133045,-14.193731491417427,2.0,4.0,0.32521220928366884,20.472615737566578,6.3862749801133045,11.237293064831244
ALGT,2025-02-10,train,True,True,D-1,90.4100036621,88.3499984741,90.4100036621,86.3199996948,0.0,0,-4.51040001234333,1.3291106065319358,-15.316315418937753,6.3862749801133045,1.343932059576991,-11.656743537681269,3.0,3.0,0.4906861520587845,11.481931301223348,6.3862749801133045,1.3291106065319358
ALGT,2025-02-11,train,True,True,D-1,87.4000015259,85.6399993896,86.3199996948,86.8300018311,-0.6521735524582017,0,1.3291106065319358,-15.316315418937753,6.3862749801133045,1.343932059576991,-2.3649015805271567,-9.671812003504366,3.0,4.0,0.3857841898033393,14.182228630794146,6.3862749801133045,7.439027171581614
ALGT,2025-02-12,train,True,True,D-1,84.4100036621,84.8199996948,86.8300018311,84.5299987793,2.8669565975704137,0,-15.316315418937753,6.3862749801133045,1.343932059576991,-2.3649015805271567,-3.067344800571148,-13.590960687963637,2.0,4.0,0.30861232120237986,13.49836249532228,6.3862749801133045,11.745981675542684
ALGT,2025-02-13,train,True,True,D-1,84.9000015259,81.5500030518,84.5299987793,85.5199966431,0.7302651425876272,0,6.3862749801133045,1.343932059576991,-2.3649015805271567,-3.067344800571148,-0.9574961474130728,1.0604067512970827,2.0,3.0,0.14257011038382977,10.068381214723754,6.3862749801133045,10.381746219804189
ALGT,2025-02-14,train,True,True,D-1,82.4000015259,83.2600021362,85.5199966431,86.6699981689,5.182034664960344,1,1.343932059576991,-2.3649015805271567,-3.067344800571148,-0.9574961474130728,-3.85521888088437,-8.66838143615295,1.0,4.0,0.0922370776828541,14.481909401153992,1.343932059576991,6.119733515615633
ALGT,2025-02-18,train,True,True,D-1,84.0,84.8899993896,86.6699981689,86.3300018311,3.178569248690466,1,-2.3649015805271567,-3.067344800571148,-0.9574961474130728,-3.85521888088437,2.096871882780693,-7.989828597943105,1.0,4.0,0.28641758004037177,8.70766251980173,2.096871882780693,1.83918599883659
ALGT,2025-02-19,train,True,True,D-1,83.8000030518,85.7200012207,86.3300018311,88.3099975586,5.381854824053156,1,-3.067344800571148,-0.9574961474130728,-3.85521888088437,2.096871882780693,1.9577194470084214,-3.9162412498674803,2.0,4.0,0.4512921047909112,6.502537769102923,2.096871882780693,0.0
ALGT,2025-02-20,train,True,True,D-1,85.25,85.9700012207,88.3099975586,83.4700012207,3.5894399514369457,1,-0.9574961474130728,-3.85521888088437,2.096871882780693,1.9577194470084214,0.9777380575663797,0.09341643118894183,3.0,3.0,0.8287036982471725,1.2949143660674123,2.096871882780693,2.096871882780693
ALGT,2025-02-21,train,True,True,D-1,86.8000030518,81.6399993896,83.4700012207,82.7900009155,-3.8364075046319335,0,-3.85521888088437,2.096871882780693,1.9577194470084214,0.9777380575663797,0.29164721936520976,1.3558141122824052,4.0,4.0,0.8672839251740518,1.0003496547501989,2.096871882780693,2.096871882780693
ALGT,2025-02-24,train,True,True,D-1,82.7799987793,81.6100006104,82.7900009155,80.0500030518,0.012082793364931455,0,2.096871882780693,1.9577194470084214,0.9777380575663797,0.29164721936520976,-5.036642747025355,0.11035724639132383,4.0,0.0,0.23068055621408298,8.170012516988923,2.096871882780693,6.8565566389618855
ALGT,2025-02-25,train,True,True,D-1,81.6100006104,77.5,80.0500030518,78.6200027466,-1.911527443857397,0,1.9577194470084214,0.9777380575663797,0.29164721936520976,-5.036642747025355,-0.036745197726983925,-1.9817457163895713,3.0,1.0,0.22722048867828165,8.209774412556726,1.9577194470084214,7.029256667424555
ALGT,2025-02-26,train,True,True,D-1,78.2399978638,76.4000015259,78.6200027466,75.8799972534,0.48569132563309747,0,0.9777380575663797,0.29164721936520976,-5.036642747025355,-0.036745197726983925,-5.0361482412196406,-8.705382780937288,2.0,2.0,0.09083279112996279,13.948383946580645,0.9777380575663797,6.048780953883937
ALGT,2025-02-27,train,True,True,D-1,76.8899993896,74.6200027466,75.8799972534,74.3700027466,-1.3135676215606962,0,0.29164721936520976,-5.036642747025355,-0.036745197726983925,-5.0361482412196406,-1.4193528698064561,-10.872607981892301,1.0,3.0,0.0033473578004576208,15.58899973144956,0.29164721936520976,6.67566761580185
ALGT,2025-02-28,train,True,True,D-1,74.2600021362,73.5,74.3700027466,68.25,0.14812901593814765,0,-5.036642747025355,-0.036745197726983925,-5.0361482412196406,-1.4193528698064561,-2.3298412876295194,-13.202277902686754,0.0,4.0,0.1229984447995994,18.34628023063667,-0.036745197726983925,3.7161254882580708
ALGT,2025-03-03,train,True,True,D-1,71.8799972534,69.4800033569,68.25,66.5,-5.050079844331523,0,-0.036745197726983925,-5.0361482412196406,-1.4193528698064561,-2.3298412876295194,-1.5009417118401647,-9.97060197263665,0.0,4.0,0.14125747660556143,13.564627511156457,-0.036745197726983925,3.795813439763973
ALGT,2025-03-04,train,True,True,D-1,67.8700027466,62.8899993896,66.5,65.2600021362,-2.0185688686576997,0,-5.0361482412196406,-1.4193528698064561,-2.3298412876295194,-1.5009417118401647,-5.469383187891152,-14.863371109881118,0.0,4.0,0.01553303605300705,19.1565873856254,-1.4193528698064561,6.888232646083892
ALGT,2025-03-05,train,True,True,D-1,63.8600006104,65.9300003052,65.2600021362,63.1399993896,2.1922980150614,0,-1.4193528698064561,-2.3298412876295194,-1.5009417118401647,-5.469383187891152,-9.484749062905095,-18.851613690838708,0.0,4.0,0.024445719620039698,27.285743089127322,-1.4193528698064561,14.43537498013605
ALGT,2025-03-06,train,True,True,D-1,64.75,62.7700004578,63.1399993896,58.5600013733,-2.486487429189188,0,-2.3298412876295194,-1.5009417118401647,-5.469383187891152,-9.484749062905095,4.833838360797826,-13.70418980574315,1.0,4.0,0.23184024458611105,19.24769055461253,4.833838360797826,5.109388140735394
ALGT,2025-03-07,train,True,True,D-1,62.1699981689,60.7599983215,58.5600013733,58.4199981689,-5.806654177136316,0,-1.5009417118401647,-5.469383187891152,-9.484749062905095,4.833838360797826,-4.792961979026044,-15.880463485161055,1.0,4.0,0.0486213383927483,20.88576820134611,4.833838360797826,0.19080765298884472
ALGT,2025-03-10,train,True,True,D-1,58.3199996948,55.7099990845,58.4199981689,57.2000007629,0.1714651485310581,0,-5.469383187891152,-9.484749062905095,4.833838360797826,-4.792961979026044,-3.202170020137751,-17.333335617006806,1.0,4.0,0.13090668950233808,22.399612904999167,4.833838360797826,12.675491568392662
ALGT,2025-03-11,train,True,True,D-1,55.8100013733,56.5099983215,57.2000007629,55.3300018311,2.4905919286807077,0,-9.484749062905095,4.833838360797826,-4.792961979026044,-3.202170020137751,-8.311388045600143,-19.818658041317605,1.0,4.0,0.2316175765925052,22.50942581506694,4.833838360797826,16.0812516502822
ALGT,2025-03-12,train,True,True,D-1,57.2000007629,54.7900009155,55.3300018311,54.9000015259,-3.26922885814519,0,4.833838360797826,-4.792961979026044,-3.202170020137751,-8.311388045600143,1.4360065520492515,-10.144698886982418,2.0,4.0,0.3143444140177019,17.678290524208286,4.833838360797826,11.828571931249776
ALGT,2025-03-13,train,True,True,D-1,54.4399986267,53.4900016785,54.9000015259,54.75,0.8449722828875794,0,-4.792961979026044,-3.202170020137751,-8.311388045600143,1.4360065520492515,-3.0437045781075533,-16.896707626469354,1.0,4.0,0.21455365472260035,19.10932842809654,1.4360065520492515,1.6514058232249385
ALGT,2025-03-14,train,True,True,D-1,54.4199981689,54.2299995422,54.75,54.0400009155,0.6063980929874146,0,-3.202170020137751,-8.311388045600143,1.4360065520492515,-3.0437045781075533,-2.372694315163326,-14.784130494851444,1.0,4.0,0.13916159685248541,18.040750436130114,1.4360065520492515,6.780187639825009
ALGT,2025-03-17,train,True,True,D-1,54.0999984741,54.2099990845,54.0400009155,56.7099990845,4.824400524982497,1,-8.311388045600143,1.4360065520492515,-3.0437045781075533,-2.372694315163326,1.3834321190485888,-10.747200394489397,2.0,4.0,0.3469078229966449,7.9845138625356915,1.4360065520492515,2.458093363406799
ALGT,2025-03-18,train,True,True,D-1,53.1399993896,52.4199981689,56.7099990845,54.9099998474,6.71810262684851,1,1.4360065520492515,-3.0437045781075533,-2.372694315163326,1.3834321190485888,-0.03688080005318506,-2.692514853078398,2.0,4.0,0.3845027282932587,7.766093258621254,1.4360065520492515,1.4360065520492515
ALGT,2025-03-19,train,True,True,D-1,52.4000015259,55.9700012207,54.9099998474,55.0,4.961829004556195,1,-3.0437045781075533,-2.372694315163326,1.3834321190485888,-0.03688080005318506,-3.301975550322045,-7.237657536867948,1.0,4.0,0.14946556894290453,9.11866226816449,1.3834321190485888,4.7210706744233
ALGT,2025-03-20,train,True,True,D-1,54.0699996948,53.0299987793,55.0,57.0800018311,5.566861759367603,1,-2.372694315163326,1.3834321190485888,-0.03688080005318506,-3.301975550322045,6.772230400240953,2.1536781994580645,2.0,0.0,0.855750826511739,1.3221330135085196,6.772230400240953,1.3834321190485888
ALGT,2025-03-21,train,True,True,D-1,52.4199981689,54.9599990845,57.0800018311,56.8899993896,8.88974403849694,1,1.3834321190485888,-0.03688080005318506,-3.301975550322045,6.772230400240953,-5.252818254920211,-0.8599792199761591,2.0,1.0,0.2826506285630057,6.939468960795958,6.772230400240953,1.3834321190485888
ALGT,2025-03-24,train,True,True,D-1,56.3199996948,56.2299995422,56.8899993896,56.2400016785,1.0120733272173998,0,-0.03688080005318506,-3.301975550322045,6.772230400240953,-5.252818254920211,3.6394500275820585,1.3461175520238289,2.0,2.0,0.660852703148473,3.1841339686148995,6.772230400240953,8.576772323006644
ALGT,2025-03-25,train,True,True,D-1,56.5499992371,55.1399993896,56.2400016785,55.7299995422,-0.5481831348931765,0,-3.301975550322045,6.772230400240953,-5.252818254920211,3.6394500275820585,2.3107723414394377,3.726250676653442,3.0,0.0,0.8462926057535225,1.5116526690740706,6.772230400240953,6.772230400240953
ALGT,2025-03-26,train,True,True,D-1,55.1399993896,55.9199981689,55.7299995422,54.9599990845,1.070003915725981,0,6.772230400240953,-5.252818254920211,3.6394500275820585,2.3107723414394377,-1.9384672976601514,5.188861723985583,3.0,1.0,0.6491859798393431,3.518321478012032,6.772230400240953,6.772230400240953
ALGT,2025-03-27,train,True,True,D-1,55.6300010681,54.9000015259,54.9599990845,52.1199989319,-1.2043896651733221,0,-5.252818254920211,3.6394500275820585,2.3107723414394377,-1.9384672976601514,1.4145788682165206,-0.08933902217158618,3.0,2.0,0.7902345175283296,2.0743986054798214,3.6394500275820585,4.190759605785677
ALGT,2025-03-28,train,True,True,D-1,54.5600013733,53.2200012207,52.1199989319,51.8300018311,-4.472145124604154,0,3.6394500275820585,2.3107723414394377,-1.9384672976601514,1.4145788682165206,-1.8240283912728583,3.5263111251097046,3.0,3.0,0.6057867481716414,3.9708565475568225,3.6394500275820585,4.074701870811614
ALGT,2025-03-31,train,True,True,D-1,51.7599983215,51.6500015259,51.8300018311,56.0,8.191657295202791,1,2.3107723414394377,-1.9384672976601514,1.4145788682165206,-1.8240283912728583,-3.060109760484131,-3.1659350305388134,2.0,4.0,0.17697257974870906,7.252913419510865,2.3107723414394377,7.1390932223610815
ALGT,2025-04-01,train,True,True,D-1,50.9799995422,50.8499984741,56.0,51.7099990845,9.846999809493063,1,-1.9384672976601514,1.4145788682165206,-1.8240283912728583,-3.060109760484131,-2.9500181487957966,-8.145114802753572,1.0,4.0,0.27923005037089527,10.145203695826389,1.4145788682165206,7.334432984189099
ALGT,2025-04-02,train,True,True,D-1,51.6899986267,55.4500007629,51.7099990845,47.3699989319,0.03869309021351519,0,1.4145788682165206,-1.8240283912728583,-3.060109760484131,-2.9500181487957966,-1.5488926005139403,-7.780197611516737,1.0,4.0,0.1858004579879849,10.599809962915451,1.4145788682165206,5.867797004705744
ALGT,2025-04-03,train,True,True,D-1,50.8699989319,48.7099990845,47.3699989319,49.4000015259,-2.8897138526931987,0,-1.8240283912728583,-3.060109760484131,-2.9500181487957966,-1.5488926005139403,9.04621912848822,-0.8404817979078438,1.0,0.0,0.9137932374572789,0.9918831912225867,9.04621912848822,0.0
ALGT,2025-04-04,train,True,True,D-1,47.0,46.5499992371,49.4000015259,48.0999984741,5.106386225319159,1,-3.060109760484131,-2.9500181487957966,-1.5488926005139403,9.04621912848822,-12.15509753952887,-11.275049670954507,1.0,1.0,0.11636352539393914,14.966128212923223,9.04621912848822,4.208455169747916
ALGT,2025-04-07,train,True,True,D-1,41.4099998474,45.9199981689,48.0999984741,51.9399986267,25.428637570886515,1,-2.9500181487957966,-1.5488926005139403,9.04621912848822,-12.15509753952887,-4.434407489215753,-12.532885814752081,1.0,2.0,0.2547318189712815,20.300753851287755,9.04621912848822,25.0967176016185
ALGT,2025-04-08,train,True,True,D-1,47.5999984741,42.3300018311,51.9399986267,49.0,9.117647671693675,1,-1.5488926005139403,9.04621912848822,-12.15509753952887,-4.434407489215753,-1.3533857755638756,-11.09390743023827,1.0,3.0,0.32665323920203015,21.951224375106413,9.04621912848822,14.77399775307826
ALGT,2025-04-09,train,True,True,D-1,42.4000015259,50.3400001526,49.0,46.8800010681,15.56603357683466,1,9.04621912848822,-12.15509753952887,-4.434407489215753,-1.3533857755638756,-7.817936587443897,-16.755156142904482,1.0,4.0,0.08684054414119875,32.293875685251216,9.04621912848822,18.11173464977892
ALGT,2025-04-10,train,True,True,D-1,49.0,46.3800010681,46.8800010681,47.4700012207,-3.1224464883673475,0,-12.15509753952887,-4.434407489215753,-1.3533857755638756,-7.817936587443897,18.922745038992716,-9.215510441830244,1.0,0.0,0.8533456923483546,3.1783839277905956,18.922745038992716,0.0
ALGT,2025-04-11,train,True,True,D-1,45.9399986267,46.5099983215,47.4700012207,46.3300018311,3.330436743005838,1,-4.434407489215753,-1.3533857755638756,-7.817936587443897,18.922745038992716,-7.866505904838517,-4.783408048023197,1.0,1.0,0.4903760186646543,11.987920290118637,18.922745038992716,0.0
ALGT,2025-04-14,train,True,True,D-1,47.4700012207,44.9300003052,46.3300018311,45.7999992371,-2.4015153997992478,0,-1.3533857755638756,-7.817936587443897,18.922745038992716,-7.866505904838517,0.28028730143649927,-0.08593107681110768,2.0,2.0,0.5022914407744886,11.674909699340708,18.922745038992716,26.53101245951275
ALGT,2025-04-15,train,True,True,D-1,44.5,45.0999984741,45.7999992371,44.4000015259,2.921346600224717,0,-7.817936587443897,18.922745038992716,-7.866505904838517,0.28028730143649927,-3.397114756655717,-2.1559187786956313,2.0,3.0,0.31941758827996836,15.602043787853482,18.922745038992716,22.04909417549006
ALGT,2025-04-16,train,True,True,D-1,45.4500007629,43.3800010681,44.4000015259,43.3899993896,-2.310229305556122,0,18.922745038992716,-7.866505904838517,0.28028730143649927,-3.397114756655717,0.3783622696310607,6.543814134600101,3.0,4.0,0.29557149356289397,15.166297969007857,18.922745038992716,21.95435092651262
ALGT,2025-04-17,train,True,True,D-1,43.3800010681,44.1599998474,43.3899993896,41.9099998474,0.0230482278787969,0,-7.866505904838517,0.28028730143649927,-3.397114756655717,0.3783622696310607,-3.8137416057513973,-13.82598145292322,2.0,4.0,0.16369078705099038,12.955276149203998,0.3783622696310607,3.73009639685421
ALGT,2025-04-21,train,True,True,D-1,43.2299995422,40.9000015259,41.9099998474,48.5400009155,12.283140017423587,1,0.28028730143649927,-3.397114756655717,0.3783622696310607,-3.8137416057513973,1.7980607655484482,-4.786548446690109,3.0,3.0,0.37191630251171176,7.4954741502221145,1.7980607655484482,2.4626165013464263
ALGT,2025-04-22,train,True,True,D-1,41.7000007629,41.7200012207,48.5400009155,47.1599998474,16.402877763698932,1,-3.397114756655717,0.3783622696310607,-3.8137416057513973,1.7980607655484482,-7.382242601370703,-12.061915712877347,2.0,4.0,0.05738901805526944,16.0635683366406,1.7980607655484482,6.095281313286171
ALGT,2025-04-23,train,True,True,D-1,44.8199996948,45.6100006104,47.1599998474,47.0299987793,5.220883910160956,1,0.3783622696310607,-3.8137416057513973,1.7980607655484482,-7.382242601370703,2.0048891545413117,-7.144444831282337,3.0,4.0,0.29402775205084347,11.04985732385999,2.0048891545413117,7.323419993654656
ALGT,2025-04-24,train,True,True,D-1,44.3699989319,46.9700012207,47.0299987793,47.8100013733,7.752991940972964,1,-3.8137416057513973,1.7980607655484482,-7.382242601370703,2.0048891545413117,9.324063460884858,1.1308251741801945,3.0,0.0,0.6647597548703919,6.4240304009816285,9.324063460884858,1.7980607655484482
ALGT,2025-04-25,train,True,True,D-1,46.4399986267,46.1199989319,47.8100013733,46.8400001526,2.9500490678574964,0,1.7980607655484482,-7.382242601370703,2.0048891545413117,9.324063460884858,2.981803534529859,8.275703236992182,4.0,1.0,0.8203662021392863,3.3425583436180517,9.324063460884858,2.0048891545413117
ALGT,2025-04-28,train,True,True,D-1,46.4399986267,45.8400001526,46.8400001526,47.0800018311,1.3781292491943153,0,-7.382242601370703,2.0048891545413117,9.324063460884858,2.981803534529859,-1.809670569958166,4.438403739295738,3.0,2.0,0.7231119543625736,5.247185688736322,9.324063460884858,9.324063460884858
ALGT,2025-04-29,train,True,True,D-1,45.7000007629,46.5800018311,47.0800018311,48.9599990845,7.133475420522362,1,2.0048891545413117,9.324063460884858,2.981803534529859,-1.809670569958166,-0.6071092493159957,12.078235800484594,3.0,3.0,0.6910754869106291,5.890054000680145,9.324063460884858,11.729856602746647
ALGT,2025-04-30,train,True,True,D-1,44.9099998474,46.9300003052,48.9599990845,52.1399993896,16.098863430787947,1,9.324063460884858,2.981803534529859,-1.809670569958166,-0.6071092493159957,1.6143143019994755,11.649090288110141,3.0,4.0,0.567329368200357,4.207812381603149,9.324063460884858,9.324063460884858
ALGT,2025-05-01,train,True,True,D-1,47.0299987793,47.7200012207,52.1399993896,52.9199981689,12.523919928725258,1,2.981803534529859,-1.809670569958166,-0.6071092493159957,1.6143143019994755,0.7513921432830806,2.894101462693266,3.0,2.0,0.8009048250780764,1.8751354408205634,2.981803534529859,2.981803534529859
ALGT,2025-05-02,train,True,True,D-1,48.8100013733,50.9500007629,52.9199981689,50.9700012207,8.420398852617627,1,-1.809670569958166,-0.6071092493159957,1.6143143019994755,0.7513921432830806,1.6833601328838377,1.5967638503476822,3.0,0.0,0.777379186405456,2.598486655658583,1.6833601328838377,1.6143143019994755
ALGT,2025-05-05,train,True,True,D-1,49.7599983215,50.4300003052,50.9700012207,54.5,9.525727167181142,1,-0.6071092493159957,1.6143143019994755,0.7513921432830806,1.6833601328838377,6.768649328531207,10.472684177924418,4.0,0.0,0.864000156948571,2.3356204296006933,6.768649328531207,1.6143143019994755
ALGT,2025-05-06,train,True,True,D-1,49.3899993896,49.4099998474,54.5,55.8600006104,13.099820410531082,1,1.6143143019994755,0.7513921432830806,1.6833601328838377,6.768649328531207,-1.0206093226963087,10.013089304799362,4.0,0.0,0.7387200228075055,4.937532914199205,6.768649328531207,1.6833601328838377
ALGT,2025-05-07,train,True,True,D-1,53.6300010681,51.2200012207,55.8600006104,55.1199989319,4.158119518715497,1,0.7513921432830806,1.6833601328838377,6.768649328531207,-1.0206093226963087,-2.022606487461831,6.075564416166479,3.0,1.0,0.6316895308398123,7.103821761466156,6.768649328531207,9.791222228316855
ALGT,2025-05-08,train,True,True,D-1,51.2999992371,54.5999984741,55.1199989319,60.8899993896,18.69395769028499,1,1.6833601328838377,6.768649328531207,-1.0206093226963087,-2.022606487461831,3.6632288583082095,9.14127612955642,3.0,0.0,0.5609105430651269,6.403745999862309,6.768649328531207,6.768649328531207
ALGT,2025-05-09,train,True,True,D-1,54.7900009155,54.4500007629,60.8899993896,60.8499984741,11.133415535998491,1,6.768649328531207,-1.0206093226963087,-2.022606487461831,3.6632288583082095,6.5989792519450585,14.417428913257435,3.0,0.0,0.8304169468986199,2.3076962848225913,6.768649328531207,6.768649328531207
ALGT,2025-05-12,train,True,True,D-1,59.0200004578,59.3499984741,60.8499984741,58.5099983215,3.1006404644277508,1,-1.0206093226963087,-2.022606487461831,3.6632288583082095,6.5989792519450585,-0.27472109046148274,6.869479779377308,2.0,1.0,0.8073770619850734,2.5895313640853512,6.5989792519450585,3.6632288583082095
ALGT,2025-05-13,train,True,True,D-1,60.1899986267,58.3400001526,58.5099983215,57.0800018311,-2.791161893223182,0,-2.022606487461831,3.6632288583082095,6.5989792519450585,-0.27472109046148274,8.999077396778766,17.68788045789529,3.0,0.0,0.8753035541883151,2.5947783573609495,8.999077396778766,6.5989792519450585
ALGT,2025-05-14,train,True,True,D-1,58.1899986267,56.3300018311,57.0800018311,56.8100013733,-1.9075387898199625,0,3.6632288583082095,6.5989792519450585,-0.27472109046148274,8.999077396778766,-1.701766381579195,18.073265194858923,3.0,1.0,0.7694394394291492,4.370927717397954,8.999077396778766,6.5989792519450585
ALGT,2025-05-15,train,True,True,D-1,56.8400001526,55.2599983215,56.8100013733,55.8199996948,-0.05277758483367423,0,6.5989792519450585,-0.27472109046148274,8.999077396778766,-1.701766381579195,-3.445317648684343,9.97657260565401,2.0,2.0,0.5245049545373297,8.095148961955845,8.999077396778766,14.087530169558383
ALGT,2025-05-16,train,True,True,D-1,55.2599983215,56.1300010681,55.8199996948,55.5099983215,1.0133937573467477,0,-0.27472109046148274,8.999077396778766,-1.701766381579195,-3.445317648684343,-1.8995268503777085,1.2087909630859706,1.0,3.0,0.23087413895666448,10.188203472871859,8.999077396778766,14.278477162023252
ALGT,2025-05-19,train,True,True,D-1,55.5,55.1100006104,55.5099983215,54.4799995422,0.018014993693693526,0,8.999077396778766,-1.701766381579195,-3.445317648684343,-1.8995268503777085,1.5743806967534857,3.0853999663204457,2.0,4.0,0.3295775571130132,8.480310406060587,8.999077396778766,9.354129334464979
ALGT,2025-05-20,train,True,True,D-1,55.0699996948,55.4099998474,54.4799995422,53.2299995422,-1.0713640019426318,0,-1.701766381579195,-3.445317648684343,-1.8995268503777085,1.5743806967534857,-1.81721082895131,-7.14405724129935,1.0,4.0,0.18696885996682347,10.415528579429534,1.5743806967534857,0.2714399487081409
ALGT,2025-05-21,train,True,True,D-1,54.2400016785,51.4599990845,53.2299995422,52.5600013733,-1.862098276262325,0,-3.445317648684343,-1.8995268503777085,1.5743806967534857,-1.81721082895131,0.544364423293775,-5.022283677641404,2.0,4.0,0.34322030131641146,5.594655265543125,1.5743806967534857,2.8571193516600757
ALGT,2025-05-22,train,True,True,D-1,51.0800018311,52.9900016785,52.5600013733,55.9000015259,9.436177607701946,1,-1.8995268503777085,1.5743806967534857,-1.81721082895131,0.544364423293775,-7.1286785305511025,-8.645486576056271,2.0,4.0,0.007067295003206537,10.921109301559962,1.5743806967534857,8.197500793782108
ALGT,2025-05-23,train,True,True,D-1,51.3499984741,52.3400001526,55.9000015259,57.1399993896,11.275562001078487,1,1.5743806967534857,-1.81721082895131,0.544364423293775,-7.1286785305511025,2.9731881485028033,-4.107847831976519,3.0,4.0,0.33333333333333376,7.208906536702209,2.9731881485028033,5.941820104017004
ALGT,2025-05-27,train,True,True,D-1,53.3800010681,55.8899993896,57.1399993896,57.9700012207,8.598726228469467,1,-1.81721082895131,0.544364423293775,-7.1286785305511025,2.9731881485028033,-1.2266493778273158,-6.752183936183731,2.0,4.0,0.2780083480182874,6.648833649319608,2.9731881485028033,0.544364423293775
ALGT,2025-05-28,train,True,True,D-1,56.75,56.5099983215,57.9700012207,56.5600013733,2.149781886696034,0,0.544364423293775,-7.1286785305511025,2.9731881485028033,-1.2266493778273158,6.782573990542207,1.4153488850675133,3.0,0.0,0.9979587483295395,0.017896110948711907,6.782573990542207,2.9731881485028033
ALGT,2025-05-29,train,True,True,D-1,57.5,55.6899986267,56.5600013733,56.0499992371,-1.6347802203478312,0,-7.1286785305511025,2.9731881485028033,-1.2266493778273158,6.782573990542207,1.1093199833088097,1.9851984788475274,3.0,0.0,0.897393952649718,1.1148488529689304,6.782573990542207,2.9731881485028033
ALGT,2025-05-30,train,True,True,D-1,55.2200012207,55.5800018311,56.0499992371,58.0,5.034405501349171,1,2.9731881485028033,-1.2266493778273158,6.782573990542207,1.1093199833088097,-1.4510701099915257,8.219975937531832,3.0,0.0,0.6728834727849567,4.094097055529233,6.782573990542207,7.1404211279268885
ALGT,2025-06-02,train,True,True,D-1,55.6100006104,55.1500015259,58.0,58.2299995422,4.711380872220339,1,-1.2266493778273158,6.782573990542207,1.1093199833088097,-1.4510701099915257,-0.19751624764319242,4.887714796300635,2.0,1.0,0.6571020127655054,4.300106712595797,6.782573990542207,8.42829424894499
ALGT,2025-06-03,train,True,True,D-1,55.5,57.4599990845,58.2299995422,57.0499992371,4.918918094054048,1,6.782573990542207,1.1093199833088097,-1.4510701099915257,-0.19751624764319242,-0.7736601134104126,5.368745443460643,2.0,2.0,0.4279919837275554,5.113326594334988,6.782573990542207,7.752222247170293
ALGT,2025-06-04,train,True,True,D-1,57.6100006104,56.3800010681,57.0499992371,58.3499984741,1.2844954970655076,0,1.1093199833088097,-1.4510701099915257,-0.19751624764319242,-0.7736601134104126,4.188572066521434,2.809088767304835,2.0,0.0,0.8653363736825689,0.9397858059584818,4.188572066521434,1.1093199833088097
ALGT,2025-06-05,train,True,True,D-1,55.9799995422,54.9099998474,58.3499984741,59.8100013733,6.841732515936849,1,-1.4510701099915257,-0.19751624764319242,-0.7736601134104126,4.188572066521434,-1.879564973211656,-0.2300429256083314,1.0,0.0,0.5636793853274227,3.281302658837193,4.188572066521434,0.0
ALGT,2025-06-06,train,True,True,D-1,56.2599983215,58.25,59.8100013733,58.4399986267,6.309994947943953,1,-0.19751624764319242,-0.7736601134104126,4.188572066521434,-1.879564973211656,-2.607309671605751,-1.4006083651186163,1.0,1.0,0.21698080953681725,6.046256973277342,4.188572066521434,8.626440632008181
ALGT,2025-06-09,train,True,True,D-1,59.0999984741,57.1699981689,58.4399986267,58.4900016785,-1.0321435048214478,0,-0.7736601134104126,4.188572066521434,-1.879564973211656,-2.607309671605751,6.082681045132343,4.803882837236606,2.0,0.0,0.9770645533040497,0.1716712001716747,6.082681045132343,4.188572066521434
ALGT,2025-06-10,train,True,True,D-1,57.4799995422,58.0499992371,58.4900016785,54.2599983215,1.7571366463886129,0,4.188572066521434,-1.879564973211656,-2.607309671605751,6.082681045132343,-1.8540803967382002,3.6627317989308628,2.0,0.0,0.5083795429952976,4.617812294834267,6.082681045132343,4.188572066521434
ALGT,2025-06-11,train,True,True,D-1,58.4900016785,54.5900001526,54.2599983215,52.5,-7.232011002924765,0,-1.879564973211656,-2.607309671605751,6.082681045132343,-1.8540803967382002,1.5392707650613735,1.026801534981514,2.0,1.0,0.672253028675947,3.0318727981570204,6.082681045132343,6.426029994316885
ALGT,2025-06-12,train,True,True,D-1,53.4700012207,53.6899986267,52.5,54.2700004578,1.4961646134960205,0,-2.607309671605751,6.082681045132343,-1.8540803967382002,1.5392707650613735,-5.960377484878077,-3.174886274546007,2.0,2.0,0.05776166821646018,9.562193086843918,6.082681045132343,10.595534113061078
ALGT,2025-06-13,train,True,True,D-1,51.0999984741,51.0499992371,54.2700004578,54.5,6.653623537040398,1,6.082681045132343,-1.8540803967382002,1.5392707650613735,-5.960377484878077,-1.6486563901523144,-2.221819748844467,2.0,3.0,0.17297277234606065,11.398776128030153,6.082681045132343,13.59344877588109
ALGT,2025-06-16,train,True,True,D-1,52.3800010681,54.2400016785,54.5,52.75,4.047344193719571,1,-1.8540803967382002,1.5392707650613735,-5.960377484878077,-1.6486563901523144,-4.917115770398118,-12.360516331158788,1.0,4.0,0.10612250936074796,17.15965184546715,1.5392707650613735,8.023976582251947
ALGT,2025-06-17,train,True,True,D-1,53.6300010681,52.2700004578,52.75,52.0400009155,-1.6408746048365064,0,1.5392707650613735,-5.960377484878077,-1.6486563901523144,-4.917115770398118,6.248780585841218,-5.125059619109617,2.0,3.0,0.49882095312005437,7.835545480236661,6.248780585841218,1.5392707650613735
ALGT,2025-06-18,train,True,True,D-1,52.0299987793,51.1100006104,52.0400009155,51.7700004578,0.01922378711256556,0,-5.960377484878077,-1.6486563901523144,-4.917115770398118,6.248780585841218,-3.632008037862733,-9.956931705876714,1.0,4.0,0.26650958038058264,11.899753522523305,6.248780585841218,0.0
ALGT,2025-06-20,train,True,True,D-1,51.6599998474,50.2200012207,51.7700004578,54.6500015259,5.787846858947443,1,-1.6486563901523144,-4.917115770398118,6.248780585841218,-3.632008037862733,-2.219245910159351,-6.374793061864925,1.0,1.0,0.24498928233529849,6.632751612431398,6.248780585841218,12.019431344026376
ALGT,2025-06-23,train,True,True,D-1,49.4799995422,51.5699996948,54.6500015259,56.2200012207,13.621668837631361,1,-4.917115770398118,6.248780585841218,-3.632008037862733,-2.219245910159351,-1.741340988203588,-6.463023830800352,1.0,2.0,0.05934076990573079,8.522498357757602,6.248780585841218,10.170722845541524
ALGT,2025-06-24,train,True,True,D-1,53.1699981689,54.0200004578,56.2200012207,55.7599983215,5.736323409512534,1,6.248780585841218,-3.632008037862733,-2.219245910159351,-1.741340988203588,2.6881689392384,1.0186101184544105,2.0,3.0,0.5228012057846676,5.681598453636294,6.248780585841218,6.248780585841218
ALGT,2025-06-25,train,True,True,D-1,53.7000007629,54.2799987793,55.7599983215,56.7000007629,5.5865920994038865,1,-3.632008037862733,-2.219245910159351,-1.741340988203588,2.6881689392384,4.750825630210431,-0.405606957765281,2.0,0.0,0.8998408622568665,1.1662366952257752,4.750825630210431,0.0
ALGT,2025-06-26,train,True,True,D-1,54.3699989319,54.6500015259,56.7000007629,56.2200012207,4.2854549876272685,1,-2.219245910159351,-1.741340988203588,2.6881689392384,4.750825630210431,0.4813001097678793,3.8454147769192426,3.0,0.0,0.753180370131555,3.5740650055795964,4.750825630210431,2.6881689392384
ALGT,2025-06-27,train,True,True,D-1,56.2700004578,55.7099990845,56.2200012207,59.9300003052,6.504353683353581,1,-1.741340988203588,2.6881689392384,4.750825630210431,0.4813001097678793,0.6816557754623753,6.926239235418197,4.0,1.0,0.8002545072652262,2.8728264427512196,4.750825630210431,4.750825630210431
ALGT,2025-06-30,train,True,True,D-1,56.2200012207,54.9500007629,59.9300003052,59.5099983215,6.599073290546276,1,2.6881689392384,4.750825630210431,0.4813001097678793,0.6816557754623753,1.9396112150109168,10.931895122171165,5.0,0.0,0.881294764952344,1.7770628157763646,4.750825630210431,4.750825630210431
ALGT,2025-07-01,oos,True,True,D-1,56.1399993896,58.3699989319,59.5099983215,61.5499992371,9.636622562026975,1,4.750825630210431,0.4813001097678793,0.6816557754623753,1.9396112150109168,-1.3642045128151037,6.554200287189094,4.0,1.0,0.5721271553179968,3.184713331581124,4.750825630210431,4.750825630210431
ALGT,2025-07-02,oos,True,True,D-1,58.2099990845,59.0800018311,61.5499992371,60.1699981689,5.737846083370535,1,0.4813001097678793,0.6816557754623753,1.9396112150109168,-1.3642045128151037,6.223836435884178,8.052570228129085,4.0,0.0,0.749598477061192,2.6726081923010625,6.223836435884178,1.9396112150109168
ALGT,2025-07-03,oos,True,True,D-1,59.4000015259,60.2900009155,60.1699981689,57.3600006104,1.29629061148131,0,0.6816557754623753,1.9396112150109168,-1.3642045128151037,6.223836435884178,1.2163832657053009,8.843041930263462,4.0,1.0,0.8549490809623007,1.4387245222672762,6.223836435884178,1.9396112150109168
ALGT,2025-07-07,oos,True,True,D-1,58.6599998474,55.4099998474,57.3600006104,56.5200004578,-2.216159632427317,0,1.9396112150109168,-1.3642045128151037,6.223836435884178,1.2163832657053009,2.0480687997593394,10.320218174059992,4.0,0.0,0.8222851488743704,2.0898960067457395,6.223836435884178,6.223836435884178
ALGT,2025-07-08,oos,True,True,D-1,55.6899986267,54.5299987793,56.5200004578,60.0,7.739273621087173,1,-1.3642045128151037,6.223836435884178,1.2163832657053009,2.0480687997593394,-8.09421296068582,-0.5385016012026123,3.0,1.0,0.1339916420949053,11.081031233729743,6.223836435884178,12.435755647044545
ALGT,2025-07-09,oos,True,True,D-1,55.1199989319,52.7799987793,60.0,57.8699989319,8.853412849534292,1,6.223836435884178,1.2163832657053009,2.0480687997593394,-8.09421296068582,-1.5881629137764586,-0.7643348094065194,3.0,2.0,0.023643699773281505,12.87364866119316,6.223836435884178,15.777663021942757
ALGT,2025-07-10,oos,True,True,D-1,56.0099983215,58.5900001526,57.8699989319,54.7599983215,3.320836754401446,1,1.2163832657053009,2.0480687997593394,-8.09421296068582,-1.5881629137764586,-3.2092426905835802,-9.576837853161225,2.0,3.0,0.009039325445447164,16.616143729884936,2.0480687997593394,6.794506401894451
ALGT,2025-07-11,oos,True,True,D-1,57.3600006104,54.5200004578,54.7599983215,54.9500007629,-4.201533859577822,0,2.0480687997593394,-8.09421296068582,-1.5881629137764586,-3.2092426905835802,11.007960416207219,-0.8293867016132328,2.0,4.0,0.6655367689464405,5.052055089248286,11.007960416207219,2.0480687997593394
ALGT,2025-07-14,oos,True,True,D-1,54.5099983215,54.2099990845,54.9500007629,53.6800003052,0.8071958447051442,0,-8.09421296068582,-1.5881629137764586,-3.2092426905835802,11.007960416207219,-6.946577375319196,-9.570410300353116,1.0,4.0,0.24364127535548494,10.36316519379572,11.007960416207219,0.0
ALGT,2025-07-15,oos,True,True,D-1,54.2000007629,52.4599990845,53.6800003052,55.0200004578,1.5129145449409132,0,-1.5881629137764586,-3.2092426905835802,11.007960416207219,-6.946577375319196,-0.5686011935013724,-2.1656754488446617,1.0,2.0,0.20684910676783344,10.680688089433144,11.007960416207219,18.483640663164223
ALGT,2025-07-16,oos,True,True,D-1,53.3199996948,52.5099983215,55.0200004578,53.2099990845,3.18829852350091,1,-3.2092426905835802,11.007960416207219,-6.946577375319196,-0.5686011935013724,-3.228186735941796,-3.7960750800269394,1.0,3.0,0.007894417190274589,14.372857504924719,11.007960416207219,14.786392837341367
ALGT,2025-07-17,oos,True,True,D-1,53.2000007629,52.2999992371,53.2099990845,52.5299987793,0.018793837324482254,0,11.007960416207219,-6.946577375319196,-0.5686011935013724,-3.228186735941796,0.0953092601459371,-0.5115582873145064,2.0,4.0,0.20572625280088488,14.263953376348226,11.007960416207219,14.143914652897237
ALGT,2025-07-18,oos,True,True,D-1,52.4700012207,51.6899986267,52.5299987793,52.7299995422,0.49551803973930664,0,-6.946577375319196,-0.5686011935013724,-3.228186735941796,0.0953092601459371,-0.3999220931492853,-10.735621947631735,1.0,4.0,0.2369862634379207,10.650095174090968,0.0953092601459371,0.30499399579149156
ALGT,2025-07-21,oos,True,True,D-1,52.3100013733,51.4500007629,52.7299995422,54.3899993896,3.976291266858345,1,-0.5686011935013724,-3.228186735941796,0.0953092601459371,-0.3999220931492853,-1.1663491764781653,-5.1907590009844125,1.0,1.0,0.2516851100818564,6.4422555998674635,0.0953092601459371,1.6569160417333806
ALGT,2025-07-22,oos,True,True,D-1,51.4099998474,52.4799995422,54.3899993896,53.7700004578,5.7965367653093125,1,-3.228186735941796,0.0953092601459371,-0.3999220931492853,-1.1663491764781653,-0.4643023218732223,-5.091308556006147,1.0,2.0,0.1977530151043692,6.938774814313109,0.0953092601459371,1.7205453721897856
ALGT,2025-07-23,oos,True,True,D-1,53.1300010681,54.1199989319,53.7700004578,50.7000007629,1.2045913360319238,0,0.0953092601459371,-0.3999220931492853,-1.1663491764781653,-0.4643023218732223,2.0019412323171837,0.03812515830925456,2.0,3.0,0.42921337526071685,4.839940811275256,2.0019412323171837,0.0953092601459371
ALGT,2025-07-24,oos,True,True,D-1,52.5400009155,50.3499984741,50.7000007629,51.6599998474,-1.6749163547128632,0,-0.3999220931492853,-1.1663491764781653,-0.4643023218732223,2.0019412323171837,3.1249988643411664,3.066083911377304,2.0,4.0,0.7959180142759834,1.6629740274616278,3.1249988643411664,0.0
ALGT,2025-07-25,oos,True,True,D-1,50.3300018311,50.6300010681,51.6599998474,52.4599990845,4.23206273774428,1,-1.1663491764781653,-0.4643023218732223,2.0019412323171837,3.1249988643411664,-6.96600246157405,-3.7284909970261237,2.0,1.0,0.04491693788722701,8.023835229266552,3.1249988643411664,6.060632327364224
ALGT,2025-07-28,oos,True,True,D-1,51.0099983215,51.2900009155,52.4599990845,52.1300010681,2.842581475617978,0,-0.4643023218732223,2.0019412323171837,3.1249988643411664,-6.96600246157405,0.5561124180451182,-2.050682117937741,3.0,2.0,0.24950108159432446,7.42642354765628,3.1249988643411664,9.573627712600231
ALGT,2025-07-29,oos,True,True,D-1,51.2900009155,50.7900009155,52.1300010681,52.9599990845,3.2559916927108468,1,2.0019412323171837,3.1249988643411664,-6.96600246157405,0.5561124180451182,1.3035746266571557,-0.31098123426145374,4.0,3.0,0.3812376222170361,6.0440600872814,3.1249988643411664,3.1249988643411664
ALGT,2025-07-30,oos,True,True,D-1,50.9199981689,50.6699981689,52.9599990845,50.1899986267,4.006286309817564,1,3.1249988643411664,-6.96600246157405,0.5561124180451182,1.3035746266571557,-0.9748488810201961,-3.220271801528962,3.0,4.0,0.2814371895793063,7.08800631858495,3.1249988643411664,3.1249988643411664
ALGT,2025-07-31,oos,True,True,D-1,50.5800018311,51.6399993896,50.1899986267,48.9099998474,-0.7710620606585228,0,-6.96600246157405,0.5561124180451182,1.3035746266571557,-0.9748488810201961,-0.23627238518788563,-6.374724373777585,2.0,4.0,0.2938490387553687,6.118023289771313,1.3035746266571557,2.5123925941620717
ALGT,2025-08-01,oos,True,True,D-1,50.0,48.1199989319,48.9099998474,50.3699989319,0.7399978637999904,0,0.5561124180451182,1.3035746266571557,-0.9748488810201961,-0.23627238518788563,1.9143502185783756,2.5620674371292784,3.0,0.0,0.6312847971275208,2.5561574564345158,1.9143502185783756,1.3035746266571557
ALGT,2025-08-04,oos,True,True,D-1,48.9099998474,48.5900001526,50.3699989319,50.3600006104,2.985072764373786,0,1.3035746266571557,-0.9748488810201961,-0.23627238518788563,1.9143502185783756,-6.816422345676687,-4.957539172918279,2.0,1.0,0.06201544656270423,10.058188404055501,1.9143502185783756,6.336136949829152
ALGT,2025-08-05,oos,True,True,D-1,50.3699989319,48.8699989319,50.3600006104,50.7900009155,0.8338336162520887,0,-0.9748488810201961,-0.23627238518788563,1.9143502185783756,-6.816422345676687,0.9767274129933945,-5.264185444933489,2.0,2.0,0.1847017846563491,8.993617860003589,1.9143502185783756,7.820623016897299
ALGT,2025-08-06,oos,True,True,D-1,47.5999984741,50.2999992371,50.7900009155,49.6899986267,6.701686016094599,1,-0.23627238518788563,1.9143502185783756,-6.816422345676687,0.9767274129933945,0.5762477431995316,-3.780275544381928,3.0,3.0,0.606730668008188,8.3691431184588,1.9143502185783756,1.9143502185783756
ALGT,2025-08-07,oos,True,True,D-1,50.4300003052,49.4799995422,49.6899986267,49.5800018311,-1.4673838469592249,0,1.9143502185783756,-6.816422345676687,0.9767274129933945,0.5762477431995316,2.9261312389073257,-0.7302130356639625,4.0,4.0,0.7442307276149323,5.288270154561059,2.9261312389073257,1.9143502185783756
ALGT,2025-08-08,oos,True,True,D-1,49.6899986267,48.9399986267,49.5800018311,57.0099983215,14.731334065416402,1,-6.816422345676687,0.9767274129933945,0.5762477431995316,2.9261312389073257,-1.6302181060376508,-4.1828037818199775,3.0,0.0,0.8408260697242007,2.647537157276525,2.9261312389073257,0.9767274129933945
ALGT,2025-08-11,oos,True,True,D-1,49.0299987793,49.0400009155,57.0099983215,61.8300018311,26.106472303654304,1,0.9767274129933945,0.5762477431995316,2.9261312389073257,-1.6302181060376508,-1.0913519007603179,1.7040725540340862,3.0,1.0,0.7752123460865388,3.7801437284689765,2.9261312389073257,5.629909829418511
ALGT,2025-08-12,oos,True,True,D-1,49.8800010681,56.7599983215,61.8300018311,61.0400009155,23.957499011848338,1,0.5762477431995316,2.9261312389073257,-1.6302181060376508,-1.0913519007603179,0.20433651738078762,0.9261180520410583,3.0,2.0,0.7873632931536958,3.568515430934416,2.9261312389073257,3.815376652753244
ALGT,2025-08-13,oos,True,True,D-1,56.7400016785,61.3100013733,61.0400009155,60.9199981689,7.578426347895872,1,2.9261312389073257,-1.6302181060376508,-1.0913519007603179,0.20433651738078762,15.742245640048402,16.144873259757286,3.0,0.0,0.9743326432409471,0.4404510348713364,15.742245640048402,2.9261312389073257
ALGT,2025-08-14,oos,True,True,D-1,59.9399986267,59.9000015259,60.9199981689,59.9199981689,1.6349675753303483,0,-1.6302181060376508,-1.0913519007603179,0.20433651738078762,15.742245640048402,8.016214211332183,21.88867257095164,3.0,0.0,0.9628571101571427,0.8481494799418732,15.742245640048402,0.20433651738078762
ALGT,2025-08-15,oos,True,True,D-1,60.4900016785,59.7799987793,59.9199981689,58.6500015259,-0.9423102889458135,0,-1.0913519007603179,0.20433651738078762,15.742245640048402,8.016214211332183,-2.2997876623992997,21.059017946863754,3.0,1.0,0.8621428353428574,3.2220371553170812,15.742245640048402,15.742245640048402
ALGT,2025-08-18,oos,True,True,D-1,58.5999984741,57.3600006104,58.6500015259,56.8600006104,0.08532944215366989,0,0.20433651738078762,15.742245640048402,8.016214211332183,-2.2997876623992997,-0.20033847002176586,22.1495718364938,3.0,2.0,0.8535712105857145,3.429245723755092,15.742245640048402,18.237764413052872
ALGT,2025-08-19,oos,True,True,D-1,57.5699996948,57.1800003052,56.8600006104,55.9799995422,-1.2332796389855405,0,15.742245640048402,8.016214211332183,-2.2997876623992997,-0.20033847002176586,-4.048173667306887,16.96574131235449,2.0,3.0,0.6460806933774035,7.792889074498266,15.742245640048402,19.98264772818814
ALGT,2025-08-20,oos,True,True,D-1,56.7400016785,55.9399986267,55.9799995422,61.2599983215,7.966155286020582,1,8.016214211332183,-2.2997876623992997,-0.20033847002176586,-4.048173667306887,-0.31380806011945817,0.7399612334747063,1.0,4.0,0.15300544549733294,8.132216686044913,8.016214211332183,12.365492443502879
ALGT,2025-08-21,oos,True,True,D-1,55.1899986267,55.9000015259,61.2599983215,60.9799995422,10.998368990470375,1,-2.2997876623992997,-0.20033847002176586,-4.048173667306887,-0.31380806011945817,-2.1685933401214497,-8.758771205864935,0.0,4.0,0.0909087818214575,9.116915291388272,-0.20033847002176586,2.4755961795483894
ALGT,2025-08-22,oos,True,True,D-1,56.6399993896,60.5999984741,60.9799995422,62.1500015259,9.728111221187131,1,-0.20033847002176586,-4.048173667306887,-0.31380806011945817,-2.1685933401214497,-0.07150000318539851,-6.677796157101012,0.0,4.0,0.30470935642881924,8.980315753075786,-0.07150000318539851,2.2385427989995876
ALGT,2025-08-25,oos,True,True,D-1,59.9799995422,59.5999984741,62.1500015259,63.8899993896,6.518839408541588,1,-4.048173667306887,-0.31380806011945817,-2.1685933401214497,-0.07150000318539851,8.407865509667944,1.371695736942602,1.0,0.0,0.9126984046907254,1.089108686499518,8.407865509667944,0.0
ALGT,2025-08-26,oos,True,True,D-1,60.0600013733,62.0400009155,63.8899993896,63.7000007629,6.376952928280577,1,-0.31380806011945817,-2.1685933401214497,-0.07150000318539851,8.407865509667944,-1.6501650580525884,3.905156624586681,1.0,1.0,0.78042322969911,2.785234714597151,8.407865509667944,0.0
ALGT,2025-08-27,oos,True,True,D-1,61.8899993896,62.5099983215,63.7000007629,62.9799995422,2.924545792779809,0,-2.1685933401214497,-0.07150000318539851,8.407865509667944,-1.6501650580525884,4.093963932667455,8.499476362993352,2.0,0.0,0.9869821774594791,0.17730594580394055,8.407865509667944,8.407865509667944
ALGT,2025-08-28,oos,True,True,D-1,63.0400009155,62.2999992371,62.9799995422,66.0,4.695429951639185,1,-0.07150000318539851,8.407865509667944,-1.6501650580525884,4.093963932667455,0.7575715652231363,11.744726235413516,3.0,0.0,0.8645729878231683,2.2076485444814997,8.407865509667944,8.407865509667944
ALGT,2025-08-29,oos,True,True,D-1,62.0299987793,62.6599998474,66.0,66.8300018311,7.738196269966413,1,8.407865509667944,-1.6501650580525884,4.093963932667455,0.7575715652231363,-0.3359447928952597,11.449011693201317,3.0,1.0,0.7806896341379315,2.5521672102254866,8.407865509667944,8.407865509667944
ALGT,2025-09-02,oos,True,True,D-1,61.2400016785,64.4899978638,66.8300018311,67.1800003052,9.699540274156139,1,-1.6501650580525884,4.093963932667455,0.7575715652231363,-0.3359447928952597,0.5778501038658401,3.399342285760021,3.0,2.0,0.7394069440478697,1.9629740587224553,4.093963932667455,4.093963932667455
ALGT,2025-09-03,oos,True,True,D-1,64.3700027466,65.8399963379,67.1800003052,67.3399963379,4.61394044519734,1,4.093963932667455,0.7575715652231363,-0.3359447928952597,0.5778501038658401,2.9205203013991543,8.204697172643428,4.0,0.0,0.7622043308578877,2.3414516765670523,4.093963932667455,4.093963932667455
ALGT,2025-09-04,oos,True,True,D-1,66.3099975586,64.2699966431,67.3399963379,65.0,1.5533084259123475,0,0.7575715652231363,-0.3359447928952597,0.5778501038658401,2.9205203013991543,2.093345509099165,6.125073124314895,4.0,0.0,0.8241553631682489,1.5036536273774326,2.9205203013991543,0.7575715652231363
ALGT,2025-09-05,oos,True,True,D-1,64.5800018311,64.5299987793,65.0,62.9599990845,0.6503532935759893,0,-0.3359447928952597,0.5778501038658401,2.9205203013991543,2.093345509099165,-2.384568320360392,2.8155469026698965,3.0,0.0,0.5133772767847464,4.527779390217868,2.9205203013991543,3.2616603665060473
ALGT,2025-09-08,oos,True,True,D-1,64.4000015259,62.5400009155,62.9599990845,64.1999969482,-0.3105661070824106,0,0.5778501038658401,2.9205203013991543,2.093345509099165,-2.384568320360392,0.40454667773490716,3.5794535626126,4.0,0.0,0.539344259216713,4.3545600678074114,2.9205203013991543,4.910188635942969
ALGT,2025-09-09,oos,True,True,D-1,62.4799995422,60.7599983215,64.1999969482,65.1900024414,4.337392636134085,1,2.9205203013991543,2.093345509099165,-2.384568320360392,0.40454667773490716,-3.083833722988316,-0.19150803094836188,3.0,1.0,0.2749246279761292,7.675080511887811,2.9205203013991543,5.612282893525777
ALGT,2025-09-10,oos,True,True,D-1,60.2900009155,62.9500007629,65.1900024414,65.4700012207,8.59180664545034,1,2.093345509099165,-2.384568320360392,0.40454667773490716,-3.083833722988316,-2.84618255187592,-5.783841938059286,2.0,2.0,0.02662672140028203,10.82949012207537,2.093345509099165,7.935590246610835
ALGT,2025-09-11,oos,True,True,D-1,63.9799995422,64.7699966431,65.4700012207,65.5199966431,2.4069976741469823,0,-2.384568320360392,0.40454667773490716,-3.083833722988316,-2.84618255187592,3.604349081466429,-4.389422441897095,2.0,3.0,0.4019076614068177,6.973781607302665,3.604349081466429,0.40454667773490716
ALGT,2025-09-12,oos,True,True,D-1,64.8300018311,64.7399978638,65.5199966431,63.5,1.0643140405851348,0,0.40454667773490716,-3.083833722988316,-2.84618255187592,3.604349081466429,2.8911768993537867,0.7779679883547663,3.0,4.0,0.6498636271070282,3.9678861015871147,3.604349081466429,0.40454667773490716
ALGT,2025-09-15,oos,True,True,D-1,64.8799972534,61.4799995422,63.5,65.5,0.9556146313916436,0,-3.083833722988316,-2.84618255187592,3.604349081466429,2.8911768993537867,-0.046315857425938134,0.32542861997908457,2.0,0.0,0.866544205851826,1.1275924945746585,3.604349081466429,3.604349081466429
ALGT,2025-09-16,oos,True,True,D-1,61.4799995422,63.4500007629,65.5,63.3199996948,6.538712569509153,1,-2.84618255187592,3.604349081466429,2.8911768993537867,-0.046315857425938134,-5.035524295904958,-1.6949174253006682,2.0,0.0,0.26811602214468705,6.571238013960845,3.604349081466429,8.68385698854378
ALGT,2025-09-17,oos,True,True,D-1,64.0699996948,62.0600013733,63.3199996948,62.8699989319,-1.1705946676645151,0,3.604349081466429,2.8911768993537867,-0.046315857425938134,-5.035524295904958,3.204296088759384,4.427258913284304,3.0,1.0,0.6250005182906225,3.2624048153051532,3.604349081466429,5.596930396674226
ALGT,2025-09-18,oos,True,True,D-1,62.7000007629,62.5099983215,62.8699989319,61.9000015259,0.271129452841401,0,2.8911768993537867,-0.046315857425938134,-5.035524295904958,3.204296088759384,-2.190700351279984,-1.4138195056615954,2.0,2.0,0.31349260713222526,5.575242012947479,3.204296088759384,2.8911768993537867
ALGT,2025-09-19,oos,True,True,D-1,62.8699989319,61.0,61.9000015259,64.5,2.59265324605078,0,-0.046315857425938134,-5.035524295904958,3.204296088759384,-2.190700351279984,0.7250998038063283,-3.489267313156119,2.0,3.0,0.41779508943574645,4.815227007556522,3.204296088759384,4.6857814001821545
ALGT,2025-09-22,oos,True,True,D-1,60.5,61.4500007629,64.5,64.2399978638,6.6115702479338845,1,-5.035524295904958,3.204296088759384,-2.190700351279984,0.7250998038063283,-2.415610881532604,-5.776950860684627,2.0,4.0,0.13409982964654313,7.409830562459008,3.204296088759384,4.912322756248377
ALGT,2025-09-23,oos,True,True,D-1,61.5,61.9799995422,64.2399978638,61.0299987793,4.455281079349582,1,3.204296088759384,-2.190700351279984,0.7250998038063283,-2.415610881532604,0.7377061686885122,-0.04879437137830234,3.0,3.0,0.26630454688148125,6.590722842667818,3.204296088759384,4.900020912088044
ALGT,2025-09-24,oos,True,True,D-1,62.4300003052,61.2299995422,61.0299987793,61.1800003052,-2.0022425018246914,0,-2.190700351279984,0.7250998038063283,-2.415610881532604,0.7377061686885122,0.8624878319285267,-2.316786765997214,3.0,4.0,0.3623188105308782,5.6792521519839045,0.8624878319285267,0.7250998038063283
ALGT,2025-09-25,oos,True,True,D-1,61.0299987793,59.2599983215,61.1800003052,62.9000015259,3.0640714140637737,1,0.7250998038063283,-2.415610881532604,0.7377061686885122,0.8624878319285267,-1.210067772732637,-1.3374183253838767,3.0,1.0,0.2765486445566438,5.340520140860527,0.8624878319285267,1.0957227967905325
ALGT,2025-09-26,oos,True,True,D-1,59.5299987793,60.5800018311,62.9000015259,63.0,5.82899595473636,1,-2.415610881532604,0.7377061686885122,0.8624878319285267,-1.210067772732637,-3.217379120413455,-5.199168272705235,2.0,2.0,0.022387857879561792,8.84239255301984,0.8624878319285267,5.2510022572118675
ALGT,2025-09-29,oos,True,True,D-1,61.5099983215,62.7700004578,63.0,61.8899993896,2.422373141212053,0,0.7377061686885122,0.8624878319285267,-1.210067772732637,-3.217379120413455,2.227478142065853,-0.6885215883606577,3.0,3.0,0.26865714132680596,6.470779218246214,2.227478142065853,1.9240552269307432
ALGT,2025-09-30,oos,True,True,D-1,62.7299995422,60.7700004578,61.8899993896,60.0099983215,-1.3390724672888155,0,0.8624878319285267,-1.210067772732637,-3.217379120413455,2.227478142065853,3.6150520972346945,2.14808735315255,3.0,4.0,0.677238928136821,2.7560929258923172,3.6150520972346945,0.8624878319285267
ALGT,2025-10-01,oos,True,True,D-1,61.2000007629,59.4700012207,60.0099983215,63.8600006104,4.346404925394243,1,-1.210067772732637,-3.217379120413455,2.227478142065853,3.6150520972346945,-3.186235439562557,-1.9522411960912534,2.0,4.0,0.3196081482074735,5.710049991540878,3.6150520972346945,2.227478142065853
ALGT,2025-10-02,oos,True,True,D-1,59.5800018311,59.9399986267,63.8600006104,64.1999969482,7.7542715258669626,1,-3.217379120413455,2.227478142065853,3.6150520972346945,-3.186235439562557,-2.1392121561735866,-2.8744052501372352,2.0,1.0,0.08549268883815066,5.935763757931944,3.6150520972346945,8.872339357123405
ALGT,2025-10-03,oos,True,True,D-1,61.5999984741,62.7900009155,64.1999969482,63.9000015259,4.22077684822213,1,2.227478142065853,3.6150520972346945,-3.186235439562557,-2.1392121561735866,0.7903100661723395,1.1474862039496436,3.0,2.0,0.3879997253400006,5.105107513193929,3.6150520972346945,4.980860596242964
ALGT,2025-10-06,oos,True,True,D-1,63.4399986267,63.9199981689,63.9000015259,63.1399993896,0.7250991632373749,0,3.6150520972346945,-3.186235439562557,-2.1392121561735866,0.7903100661723395,4.75475868217734,3.6480670478709953,3.0,0.0,0.8174062144292233,1.7040924976891692,4.75475868217734,3.6150520972346945
ALGT,2025-10-07,oos,True,True,D-1,63.9000015259,62.1199989319,63.1399993896,64.9899978638,1.7057845256204018,0,-3.186235439562557,-2.1392121561735866,0.7903100661723395,4.75475868217734,1.7996452252337036,1.8320817312613258,3.0,0.0,0.9548388843350505,0.4380456622669726,4.75475868217734,0.7903100661723395
ALGT,2025-10-08,oos,True,True,D-1,62.4599990845,62.2999992371,64.9899978638,61.8199996948,4.050590484122885,1,-2.1392121561735866,0.7903100661723395,4.75475868217734,1.7996452252337036,-2.8160189120214674,2.221488339526112,3.0,1.0,0.6645162838501286,3.348354880978377,4.75475868217734,5.821810718856968
ALGT,2025-10-09,oos,True,True,D-1,63.6300010681,60.7400016785,61.8199996948,61.4099998474,-2.84457228181223,0,0.7903100661723395,4.75475868217734,1.7996452252337036,-2.8160189120214674,0.28976224773817894,4.75869843334551,4.0,2.0,0.6935486054309098,3.0497555928837627,4.75475868217734,7.289175106156842
ALGT,2025-10-10,oos,True,True,D-1,61.0699996948,58.75,61.4099998474,65.8799972534,7.876203672241977,1,4.75475868217734,1.7996452252337036,-2.8160189120214674,0.28976224773817894,-2.504008952974457,1.3346731233384368,3.0,0.0,0.11825799702915238,6.99703007549366,4.75475868217734,6.976261060039324
ALGT,2025-10-13,oos,True,True,D-1,60.1500015259,61.0400009155,65.8799972534,65.7799987793,9.52617719391533,1,1.7996452252337036,-2.8160189120214674,0.28976224773817894,-2.504008952974457,-3.2762621394598956,-6.434146928802975,2.0,1.0,0.09037889526255012,10.621272959659578,1.7996452252337036,7.4978784203730715
ALGT,2025-10-14,oos,True,True,D-1,60.2200012207,65.1200027466,65.7799987793,66.1200027466,9.797411833781112,1,-2.8160189120214674,0.28976224773817894,-2.504008952974457,-3.2762621394598956,3.897873898723403,-4.505627872187967,2.0,2.0,0.4241984266266794,6.471161351665322,3.897873898723403,0.28976224773817894
ALGT,2025-10-15,oos,True,True,D-1,65.1299972534,65.5899963379,66.1200027466,64.8499984741,1.5200453476885478,0,0.28976224773817894,-2.504008952974457,-3.2762621394598956,3.897873898723403,6.684144446111806,4.829368748040053,3.0,0.0,0.9019361444020385,1.1670676823484882,6.684144446111806,0.28976224773817894
ALGT,2025-10-16,oos,True,True,D-1,65.1699981689,65.5999984741,64.8499984741,66.8000030518,2.50115839910805,0,-2.504008952974457,-3.2762621394598956,3.897873898723403,6.684144446111806,0.7217345999337432,5.280894287460591,3.0,1.0,0.96258050861366,0.44214199068712823,6.684144446111806,3.897873898723403
ALGT,2025-10-17,oos,True,True,D-1,64.6800003052,63.9500007629,66.8000030518,68.5199966431,5.936914532746673,1,-3.2762621394598956,3.897873898723403,6.684144446111806,0.7217345999337432,0.015249484309265426,8.001311592522198,4.0,0.0,0.9349181272515562,0.7926894582250599,6.684144446111806,6.684144446111806
ALGT,2025-10-20,oos,True,True,D-1,64.0,65.9100036621,68.5199966431,68.5,7.062494754843751,1,3.897873898723403,6.684144446111806,0.7217345999337432,0.015249484309265426,-2.515240471920832,8.85106512834042,4.0,1.0,0.671211934671231,3.393279058346632,6.684144446111806,9.184518994924462
ALGT,2025-10-21,oos,True,True,D-1,65.2099990845,67.9000015259,68.5,66.9899978638,5.045239935116053,1,6.684144446111806,0.7217345999337432,0.015249484309265426,-2.515240471920832,3.064898945766825,7.978379216182718,4.0,0.0,0.8647417717281662,1.3503252014106293,6.684144446111806,6.684144446111806
ALGT,2025-10-22,oos,True,True,D-1,67.8899993896,66.3600006104,66.9899978638,67.0500030518,-1.237290242086353,0,0.7217345999337432,0.015249484309265426,-2.515240471920832,3.064898945766825,3.0192652908989315,4.2690397144449665,4.0,0.0,0.9126767252904425,0.9131002993623127,3.064898945766825,0.7217345999337432
ALGT,2025-10-23,oos,True,True,D-1,66.5500030518,64.7900009155,67.0500030518,67.8799972534,1.9984885659055207,0,0.015249484309265426,-2.515240471920832,3.064898945766825,3.0192652908989315,-2.268042534450576,1.1739660245339234,3.0,1.0,0.6957751412836202,3.254966866834974,3.064898945766825,3.064898945766825
ALGT,2025-10-24,oos,True,True,D-1,64.7900009155,66.5100021362,67.8799972534,65.3000030518,4.769248794933678,1,-2.515240471920832,3.064898945766825,3.0192652908989315,-2.268042534450576,-2.3658825805585315,-1.2347524046358083,2.0,2.0,0.25697246576312194,5.757054599311884,3.064898945766825,7.645164837533714
ALGT,2025-10-27,oos,True,True,D-1,66.6100006104,65.4700012207,65.3000030518,64.0500030518,-1.966667987682702,0,3.064898945766825,3.0192652908989315,-2.268042534450576,-2.3658825805585315,2.6547325148879697,4.00312954301818,3.0,3.0,0.5855680125277677,3.0220935834341267,3.064898945766825,3.064898945766825
ALGT,2025-10-28,oos,True,True,D-1,65.0,63.2999992371,64.0500030518,63.2700004578,-1.4615337664615313,0,3.0192652908989315,-2.268042534450576,-2.3658825805585315,2.6547325148879697,-1.56367596165502,-0.6675806659877548,2.0,4.0,0.27896016478236524,4.658615190976456,3.0192652908989315,3.0192652908989315
ALGT,2025-10-29,oos,True,True,D-1,62.3100013733,62.4300003052,63.2700004578,62.2799987793,1.5406821751593913,0,-2.268042534450576,-2.3658825805585315,2.6547325148879697,-1.56367596165502,-3.314498156621226,-6.774671848932656,1.0,4.0,0.13333320618333389,8.214851225230802,2.6547325148879697,7.481078622239634
ALGT,2025-10-30,oos,True,True,D-1,62.25,61.0900001526,62.2799987793,63.2099990845,1.542167204016054,0,-2.3658825805585315,2.6547325148879697,-1.56367596165502,-3.314498156621226,-1.3744059121411523,-5.922242720088344,1.0,2.0,0.13216592236225144,8.729772419600735,2.6547325148879697,7.298081925027933
ALGT,2025-10-31,oos,True,True,D-1,60.5800018311,62.1800003052,63.2099990845,61.2299995422,4.341362122656522,1,2.6547325148879697,-1.56367596165502,-3.314498156621226,-1.3744059121411523,-2.146404206389829,-5.710758929800908,1.0,3.0,0.050349751837833814,11.11474395783092,2.6547325148879697,6.146042327107882
ALGT,2025-11-03,oos,True,True,D-1,62.1800003052,61.9300003052,61.2299995422,72.7300033569,16.96687520089595,1,-1.56367596165502,-3.314498156621226,-1.3744059121411523,-2.146404206389829,1.7842529871946677,-6.51030174699585,1.0,4.0,0.24403194431000122,9.166929752689846,1.7842529871946677,0.40044850036493607
ALGT,2025-11-04,oos,True,True,D-1,60.9000015259,58.0299987793,72.7300033569,71.3000030518,19.425289876173224,1,-3.314498156621226,-1.3744059121411523,-2.146404206389829,1.7842529871946677,-0.4020585377499497,-5.407057964710626,1.0,4.0,0.320564359520122,5.441632052304457,1.7842529871946677,0.0
ALGT,2025-11-05,oos,True,True,D-1,59.8800010681,72.5699996948,71.3000030518,71.75,19.822977154593822,1,-1.3744059121411523,-2.146404206389829,1.7842529871946677,-0.4020585377499497,-6.297435018052999,-8.325435262740521,1.0,4.0,0.13256453101685226,10.373952092253713,1.7842529871946677,8.458427167848281
ALGT,2025-11-06,oos,True,True,D-1,69.8199996948,68.9100036621,71.75,72.4599990845,3.7811506749356516,1,-2.146404206389829,1.7842529871946677,-0.4020585377499497,-6.297435018052999,25.056007619091304,16.242190197066876,2.0,0.0,0.9897564895028045,0.2204818282663723,25.056007619091304,1.7842529871946677
ALGT,2025-11-07,oos,True,True,D-1,67.4100036621,70.8899993896,72.4599990845,69.8199996948,7.4914629106291875,1,1.7842529871946677,-0.4020585377499497,-6.297435018052999,25.056007619091304,-5.04340092061798,12.800791438805014,2.0,1.0,0.7554418038975085,5.543461749808287,25.056007619091304,1.7842529871946677
ALGT,2025-11-10,oos,True,True,D-1,72.3700027466,68.3199996948,69.8199996948,69.7200012207,-3.5235635691886036,0,-0.4020585377499497,-6.297435018052999,25.056007619091304,-5.04340092061798,2.8733066641657867,14.00771798270899,2.0,2.0,0.8822020714617169,2.595576221107909,25.056007619091304,27.3710142502962
ALGT,2025-11-11,oos,True,True,D-1,68.0,66.7600021362,69.7200012207,70.0299987793,2.9852923224999994,0,-6.297435018052999,25.056007619091304,-5.04340092061798,2.8733066641657867,-3.625334626786636,10.3181000453886,2.0,3.0,0.7176694694827661,6.454923421839021,25.056007619091304,25.912202563141918
ALGT,2025-11-12,oos,True,True,D-1,66.6399993896,69.0699996948,70.0299987793,66.5,5.087033944704755,1,25.056007619091304,-5.04340092061798,2.8733066641657867,-3.625334626786636,-2.2833688020621246,15.04394888943905,2.0,4.0,0.5642336331433665,8.942482069608593,25.056007619091304,30.88193128810166
ALGT,2025-11-13,oos,True,True,D-1,67.9800033569,66.5100021362,66.5,65.8499984741,-2.1771157455375167,0,-5.04340092061798,2.8733066641657867,-3.625334626786636,-2.2833688020621246,3.4601520142064635,-4.822929605511339,2.0,2.0,0.5007365342305797,4.90806342070278,3.4601520142064635,2.8733066641657867
ALGT,2025-11-14,oos,True,True,D-1,65.0899963379,65.9599990845,65.8499984741,64.6100006104,1.1676174204322098,0,2.8733066641657867,-3.625334626786636,-2.2833688020621246,3.4601520142064635,-3.7063813086895547,-3.482805686193835,2.0,3.0,0.1237119078099239,8.946018278747792,3.4601520142064635,3.247782386155673
ALGT,2025-11-17,oos,True,True,D-1,65.7699966431,62.9199981689,64.6100006104,64.5999984741,-1.7637161196688345,0,-3.625334626786636,-2.2833688020621246,3.4601520142064635,-3.7063813086895547,-0.8269478785667417,-6.95443694110579,1.0,4.0,0.2168670379675367,9.854457383592408,3.4601520142064635,7.962831359858968
ALGT,2025-11-18,oos,True,True,D-1,61.7999992371,63.7000007629,64.5999984741,64.4000015259,4.53074315787223,1,-2.2833688020621246,3.4601520142064635,-3.7063813086895547,-0.8269478785667417,-4.60885530290186,-7.903983533405967,1.0,2.0,0.11235928835144379,11.300064871766512,3.4601520142064635,8.857842364521506
ALGT,2025-11-19,oos,True,True,D-1,64.25,61.9000015259,64.4000015259,66.4800033569,3.4708223453696396,1,3.4601520142064635,-3.7063813086895547,-0.8269478785667417,-4.60885530290186,1.2396735802601144,-4.583584894226278,2.0,3.0,0.25177320314401436,9.937202418507196,3.4601520142064635,6.886468498390707
ALGT,2025-11-20,oos,True,True,D-1,63.3899993896,61.7700004578,66.4800033569,68.8499984741,8.613344592326655,1,-3.7063813086895547,-0.8269478785667417,-4.60885530290186,1.2396735802601144,-2.825744451243939,-10.38077052350096,1.0,4.0,0.03900731286184324,13.134082476554166,1.2396735802601144,1.6211008783915681
ALGT,2025-11-21,oos,True,True,D-1,61.8100013733,65.4499969482,68.8499984741,74.9000015259,21.177802720862694,1,-0.8269478785667417,-4.60885530290186,1.2396735802601144,-2.825744451243939,-0.2100178754367299,-7.126750152094963,1.0,4.0,0.07976651674892676,7.657438088302171,1.2396735802601144,4.269501338479009
ALGT,2025-11-24,oos,True,True,D-1,65.2799987793,68.4599990845,74.9000015259,78.2699966431,19.89889415855668,1,-4.60885530290186,1.2396735802601144,-2.825744451243939,-0.2100178754367299,5.957578862111368,-0.7731991258014603,2.0,0.0,0.7988269812151743,1.5737302623790805,5.957578862111368,1.2396735802601144
ALGT,2025-11-25,oos,True,True,D-1,68.5400009155,72.5100021362,78.2699966431,77.7300033569,14.19608345146608,1,1.2396735802601144,-2.825744451243939,-0.2100178754367299,5.957578862111368,4.59893395974067,8.80483324352399,3.0,0.0,0.9479306407428867,0.5696748390525475,5.957578862111368,1.2396735802601144
ALGT,2025-11-26,oos,True,True,D-1,71.6100006104,77.5800018311,77.7300033569,77.7300033569,8.546296179770163,1,-2.825744451243939,-0.2100178754367299,5.957578862111368,4.59893395974067,5.915867814577513,13.830457249273852,3.0,0.0,0.8234860245124482,3.2960961512740194,5.957578862111368,5.957578862111368
ALGT,2025-11-28,oos,True,True,D-1,77.5400009155,76.0,77.7300033569,79.8499984741,2.9791043736475453,0,-0.2100178754367299,5.957578862111368,4.59893395974067,5.915867814577513,6.992138388544955,25.33117919009942,4.0,0.0,0.9591960393919842,0.8893977774094175,6.992138388544955,5.957578862111368
ALGT,2025-12-01,oos,True,True,D-1,74.1100006104,75.9100036621,79.8499984741,80.8000030518,9.027125065845954,1,5.957578862111368,4.59893395974067,5.915867814577513,6.992138388544955,-2.036609685238011,23.037072100916767,4.0,1.0,0.8638274209698865,2.9868376882894676,6.992138388544955,5.957578862111368
ALGT,2025-12-02,oos,True,True,D-1,76.1900024414,77.4899978638,80.8000030518,80.9899978638,6.300033165232954,1,4.59893395974067,5.915867814577513,6.992138388544955,-2.036609685238011,-0.11841623407895518,15.981676396682666,3.0,2.0,0.8272332601451324,3.108935406596869,6.992138388544955,9.144752631369768
ALGT,2025-12-03,oos,True,True,D-1,77.8600006104,79.9100036621,80.9899978638,83.4100036621,7.128182646017955,1,5.915867814577513,6.992138388544955,-2.036609685238011,-0.11841623407895518,2.081404459856273,13.190182442384057,3.0,0.0,0.7913350026759745,3.0455551366100897,6.992138388544955,6.992138388544955
ALGT,2025-12-04,oos,True,True,D-1,79.0,79.4400024414,83.4100036621,83.4499969482,5.632907529367093,1,6.992138388544955,-2.036609685238011,-0.11841623407895518,2.081404459856273,3.122991179524237,10.205490701820864,3.0,0.0,0.9031556960539364,1.1137521573185927,6.992138388544955,6.992138388544955
ALGT,2025-12-05,oos,True,True,D-1,79.3000030518,82.6399993896,83.4499969482,83.3499984741,5.233283400618727,1,-2.036609685238011,-0.11841623407895518,2.081404459856273,3.122991179524237,-0.5881631825314426,2.3975258654278075,2.0,0.0,0.7873806271981202,1.9511522844468443,3.122991179524237,2.081404459856273
ALGT,2025-12-08,oos,True,True,D-1,82.3399963379,82.2399978638,83.3499984741,85.0,3.2305122424150845,1,-0.11841623407895518,2.081404459856273,3.122991179524237,-0.5881631825314426,4.028193416233261,8.73684130210528,3.0,0.0,0.9206999237809261,0.9317573550186697,4.028193416233261,3.122991179524237
ALGT,2025-12-09,oos,True,True,D-1,81.9800033569,82.5800018311,85.0,84.2799987793,3.683821077626015,1,2.081404459856273,3.122991179524237,-0.5881631825314426,4.028193416233261,-0.4840289554144728,8.338814248879324,3.0,0.0,0.865704792218598,1.4713024268360408,4.028193416233261,3.122991179524237
ALGT,2025-12-10,oos,True,True,D-1,83.0400009155,82.5,84.2799987793,93.0,11.99421841846451,1,3.122991179524237,-0.5881631825314426,4.028193416233261,-0.4840289554144728,0.4134289593040741,6.5685947962554225,3.0,1.0,0.8449206733591662,1.0535179193618571,4.028193416233261,4.100794528216756
ALGT,2025-12-11,oos,True,True,D-1,82.7099990845,84.1600036621,93.0,88.2300033569,12.441060366821311,1,-0.5881631825314426,4.028193416233261,-0.4840289554144728,0.4134289593040741,-0.09687797205869542,3.2411415582607406,2.0,0.0,0.6328926730901869,3.0303030303030276,4.028193416233261,4.028193416233261
ALGT,2025-12-12,oos,True,True,D-1,88.1200027466,85.8600006104,88.2300033569,90.0500030518,2.190195466459488,0,4.028193416233261,-0.4840289554144728,0.4134289593040741,-0.09687797205869542,2.0121256510303054,5.941592491996417,3.0,1.0,0.8703710026622804,0.998094464530408,4.028193416233261,4.028193416233261
ALGT,2025-12-15,oos,True,True,D-1,87.9599990845,87.7600021362,90.0500030518,89.4199981689,2.376084571456416,0,-0.4840289554144728,0.4134289593040741,-0.09687797205869542,2.0121256510303054,2.0199582632213664,3.8964197054498273,3.0,0.0,0.4190399627558103,8.315862262799879,2.0199582632213664,0.4134289593040741
ALGT,2025-12-16,oos,True,True,D-1,87.3300018311,87.2099990845,89.4199981689,87.9300003052,2.3932168716108926,0,0.4134289593040741,-0.09687797205869542,2.0121256510303054,2.0199582632213664,2.212906489974875,6.712067626195517,4.0,1.0,0.5736373089125342,5.970826955618946,2.212906489974875,2.0121256510303054
ALGT,2025-12-17,oos,True,True,D-1,87.0,85.4899978638,87.9300003052,86.4000015259,1.068965868045968,0,-0.09687797205869542,2.0121256510303054,2.0199582632213664,2.212906489974875,-0.6267126689974534,5.606680976914569,3.0,2.0,0.5250205286394486,6.639148006285289,2.212906489974875,2.0199582632213664
ALGT,2025-12-18,oos,True,True,D-1,86.7799987793,85.7399978638,86.4000015259,86.2300033569,-0.43788575564102095,0,2.0121256510303054,2.0199582632213664,2.212906489974875,-0.6267126689974534,-1.9722523090883737,3.624239834909093,3.0,3.0,0.38392119506930206,8.78465589409032,2.212906489974875,4.799511112975052
ALGT,2025-12-19,oos,True,True,D-1,84.3899993896,85.1399993896,86.2300033569,85.3899993896,2.1803578393279954,0,2.0199582632213664,2.212906489974875,-0.6267126689974534,-1.9722523090883737,0.2924318706830409,1.8773694545495045,3.0,4.0,0.2614444777384558,8.467462464522901,2.212906489974875,3.898494422702259
ALGT,2025-12-22,oos,True,True,D-1,85.7799987793,85.4100036621,85.3899993896,85.2099990845,-0.4546507288994084,0,2.212906489974875,-0.6267126689974534,-1.9722523090883737,0.2924318706830409,-0.6997883008500905,-0.8385758393679499,2.0,3.0,0.30942289160735226,5.766976388773348,2.212906489974875,2.622309324160932
ALGT,2025-12-23,oos,True,True,D-1,84.7799987793,83.25,85.2099990845,85.1299972534,0.5071954604757289,0,-0.6267126689974534,-1.9722523090883737,0.2924318706830409,-0.6997883008500905,0.31712975620830086,-2.6777557166109744,2.0,4.0,0.34739817280564717,5.432618183763149,0.31712975620830086,0.6773096522572963
ALGT,2025-12-24,oos,True,True,D-1,83.2200012207,84.6399993896,85.1299972534,84.75,2.2951165641474702,0,-1.9722523090883737,0.2924318706830409,-0.6997883008500905,0.31712975620830086,-2.5289820506804173,-4.540762671793008,2.0,4.0,0.04783916095568181,7.411409211891895,0.31712975620830086,2.5123043197670336
ALGT,2025-12-26,oos,True,True,D-1,83.9599990845,84.6600036621,84.75,87.4499969482,4.156738806282689,1,0.2924318706830409,-0.6997883008500905,0.31712975620830086,-2.5289820506804173,1.6696689364564588,-0.9942665755521274,3.0,4.0,0.43567755021112237,3.887052149487902,1.6696689364564588,1.218668498141029
ALGT,2025-12-29,oos,True,True,D-1,83.1100006104,84.6500015259,87.4499969482,86.6100006104,5.221990501654394,1,-0.6997883008500905,0.31712975620830086,-2.5289820506804173,1.6696689364564588,0.023634537623173912,-1.2596153820945921,3.0,4.0,0.5953496211888425,2.0552773311288464,1.6696689364564588,0.31712975620830086
ALGT,2025-12-30,oos,True,True,D-1,85.0199966431,86.8899993896,86.6100006104,88.1500015259,3.6814925974876678,1,0.31712975620830086,-2.5289820506804173,1.6696689364564588,0.023634537623173912,-0.011814476455640488,-0.5755201635106677,3.0,4.0,0.6174334230014712,1.8665112847240595,1.6696689364564588,1.6696689364564588
ALGT,2025-12-31,oos,True,True,D-1,86.5800018311,85.2699966431,88.1500015259,92.5800018311,6.930006783442644,1,-2.5289820506804173,1.6696689364564588,0.023634537623173912,-0.011814476455640488,2.6461876235343684,1.7328130945353681,3.0,0.0,0.895327529286035,0.6444902319414858,2.6461876235343684,1.6696689364564588
ALGT,2026-01-02,oos,True,True,D-1,85.4100036621,88.0100021362,92.5800018311,94.4800033569,10.619364601227321,1,1.6696689364564588,0.023634537623173912,-0.011814476455640488,2.6461876235343684,-1.864429460099537,2.426422394114125,3.0,1.0,0.5925231912394652,2.556585423855995,2.6461876235343684,1.6696689364564588
ALGT,2026-01-05,oos,True,True,D-1,87.3399963379,91.9899978638,94.4800033569,95.1900024414,8.987870886930182,1,0.023634537623173912,-0.011814476455640488,2.6461876235343684,-1.864429460099537,3.2133289562193523,3.981572271861422,3.0,0.0,0.9736347922942943,0.15907213532768694,3.2133289562193523,2.6461876235343684
ALGT,2026-01-06,oos,True,True,D-1,93.2600021362,93.1999969482,95.1900024414,94.0,2.0694834451980393,0,-0.011814476455640488,2.6461876235343684,-1.864429460099537,3.2133289562193523,4.522208420630136,8.658154836557653,3.0,0.0,0.9394246781778595,0.6413783900436343,4.522208420630136,2.6461876235343684
ALGT,2026-01-07,oos,True,True,D-1,93.75,92.9499969482,94.0,96.8899993896,3.3493326822400027,1,2.6461876235343684,-1.864429460099537,3.2133289562193523,4.522208420630136,1.315359400476912,10.10040787735129,4.0,0.0,0.876447265125891,1.373397479198868,4.522208420630136,3.2133289562193523
ALGT,2026-01-08,oos,True,True,D-1,91.8099975586,92.4700012207,96.8899993896,92.0,5.533168463224891,1,-1.864429460099537,3.2133289562193523,4.522208420630136,1.315359400476912,-0.2682403521310772,6.974332605790434,3.0,0.0,0.7912390687408731,2.409903783480849,4.522208420630136,4.522208420630136
ALGT,2026-01-09,oos,True,True,D-1,94.3600006104,94.9700012207,92.0,89.75,-2.5010604017947413,0,3.2133289562193523,4.522208420630136,1.315359400476912,-0.2682403521310772,-0.5164020906504141,8.443772558987916,3.0,1.0,0.7465050913566692,2.94149582004235,4.522208420630136,5.305465664625242
ALGT,2026-01-12,oos,True,True,D-1,90.6500015259,89.0100021362,89.75,87.1600036621,-0.992831230833302,0,4.522208420630136,1.315359400476912,-0.2682403521310772,-0.5164020906504141,2.7035795036199906,7.908191018708344,3.0,0.0,0.7989531355638438,2.0216891062664555,4.522208420630136,4.522208420630136
ALGT,2026-01-13,oos,True,True,D-1,86.6999969482,86.0699996948,87.1600036621,90.1299972534,3.9561711948494116,1,1.315359400476912,-0.2682403521310772,-0.5164020906504141,2.7035795036199906,-6.2756649551363175,-3.23947798326093,2.0,1.0,0.24809155859457885,8.852934573962056,2.7035795036199906,5.0571124434361625
ALGT,2026-01-14,oos,True,True,D-1,86.0,86.4899978638,90.1299972534,90.4400024414,5.162793536511634,1,-0.2682403521310772,-0.5164020906504141,2.7035795036199906,-6.2756649551363175,-3.3030023265265274,-7.6502118957823555,1.0,2.0,0.0892254043490318,12.571162696836513,2.7035795036199906,12.074961425809672
ALGT,2026-01-15,oos,True,True,D-1,86.8199996948,88.8700027466,90.4400024414,91.75,5.678415483218746,1,-0.5164020906504141,2.7035795036199906,-6.2756649551363175,-3.3030023265265274,0.4879727785398913,-6.949972346959932,2.0,3.0,0.192546293202457,12.024513565345906,2.7035795036199906,5.5347268038346105
ALGT,2026-01-16,oos,True,True,D-1,88.5800018311,89.9499969482,91.75,91.6100006104,3.5786837924708825,1,2.7035795036199906,-6.2756649551363175,-3.3030023265265274,0.4879727785398913,2.7517689230931675,-3.893152835056002,3.0,4.0,0.3773293204016073,9.024413632424299,2.7517689230931675,2.7035795036199906
ALGT,2026-01-20,oos,True,True,D-1,90.6699981689,88.6900024414,91.6100006104,93.6200027466,3.2535619689819884,1,-6.2756649551363175,-3.3030023265265274,0.4879727785398913,2.7517689230931675,1.2152516802316882,-5.285884182347278,3.0,4.0,0.7434288360591583,2.279047383381849,2.7517689230931675,0.4879727785398913
ALGT,2026-01-21,oos,True,True,D-1,90.4300003052,90.6100006104,93.6200027466,89.8899993896,3.5275930892776586,1,-3.3030023265265274,0.4879727785398913,2.7517689230931675,1.2152516802316882,-1.4007721506934523,-0.3595098158860277,3.0,0.0,0.6046513691028749,3.4502170192427517,2.7517689230931675,2.954312300652462
ALGT,2026-01-22,oos,True,True,D-1,91.6999969482,90.3300018311,89.8899993896,88.9800033569,-1.9738251023306286,0,0.4879727785398913,2.7517689230931675,1.2152516802316882,-1.4007721506934523,2.1648417140010645,5.274777427324984,4.0,1.0,0.8527132165072308,1.2581385960935165,2.7517689230931675,2.7517689230931675
ALGT,2026-01-23,oos,True,True,D-1,88.9000015259,88.5199966431,88.9800033569,87.0899963379,0.0899908094790014,0,2.7517689230931675,1.2152516802316882,-1.4007721506934523,2.1648417140010645,-0.30901531554327066,4.439824328990105,3.0,0.0,0.5665350203143112,3.642201758892538,2.7517689230931675,2.7517689230931675
ALGT,2026-01-26,oos,True,True,D-1,87.8300018311,86.1299972534,87.0899963379,88.6299972534,0.9108452756706242,0,1.2152516802316882,-1.4007721506934523,2.1648417140010645,-0.30901531554327066,-2.003769679296996,-0.3938405453840055,2.0,1.0,0.27762006291885466,5.761416964420474,2.1648417140010645,4.471434753644099
ALGT,2026-01-27,oos,True,True,D-1,86.5500030518,85.3499984741,88.6299972534,91.4499969482,5.661460108172789,1,-1.4007721506934523,2.1648417140010645,-0.30901531554327066,-2.003769679296996,-2.69995422541206,-4.246803584662528,1.0,2.0,0.047073166471570616,8.696163627132037,2.1648417140010645,6.8144647545864245
ALGT,2026-01-28,oos,True,True,D-1,87.2900009155,86.75,91.4499969482,91.25,4.7657188556190055,1,2.1648417140010645,-0.30901531554327066,-2.003769679296996,-2.69995422541206,-0.9056064137622055,-3.765930629562031,1.0,3.0,0.050516057204071124,9.689518945931287,2.1648417140010645,5.745951394541359
ALGT,2026-01-29,oos,True,True,D-1,88.1399993896,91.4400024414,91.25,93.2399978638,5.78624745804317,1,-0.30901531554327066,-2.003769679296996,-2.69995422541206,-0.9056064137622055,1.6403064451428584,-4.260016095791697,1.0,4.0,0.2112510368886715,7.919311523458217,1.6403064451428584,0.0
ALGT,2026-01-30,oos,True,True,D-1,89.8899993896,88.6299972534,93.2399978638,96.2099990845,7.03081514942272,1,-2.003769679296996,-2.69995422541206,-0.9056064137622055,1.6403064451428584,5.406342871930825,1.2288282827398689,2.0,0.0,0.9984717863822214,0.010930125254970946,5.406342871930825,0.0
ALGT,2026-02-02,oos,True,True,D-1,88.6999969482,91.0599975586,96.2099990845,100.459999084,13.258176482991013,1,-2.69995422541206,-0.9056064137622055,1.6403064451428584,5.406342871930825,-3.073058959945685,0.12426639682727725,2.0,1.0,0.5688069434576374,3.1817666503332953,5.406342871930825,1.6403064451428584
ALGT,2026-02-03,oos,True,True,D-1,92.7200012207,92.7799987793,100.459999084,104.099998474,12.2735085240264,1,-0.9056064137622055,1.6403064451428584,5.406342871930825,-3.073058959945685,2.741735733391071,5.723906260783473,3.0,0.0,0.7382950993225065,2.3940263163274356,5.406342871930825,5.821921254098439
ALGT,2026-02-04,oos,True,True,D-1,94.3300018311,99.8600006104,104.099998474,117.260002136,24.30827929586674,1,1.6403064451428584,5.406342871930825,-3.073058959945685,2.741735733391071,1.8888658761418542,8.705331503262626,4.0,0.0,0.6643835718676102,3.6969178166935457,5.406342871930825,5.406342871930825
ALGT,2026-02-05,oos,True,True,D-1,102.279998779,99.4199981689,117.260002136,118.0,15.369575096463151,1,5.406342871930825,-3.073058959945685,2.741735733391071,1.8888658761418542,7.630957021180307,15.112392634466843,4.0,0.0,0.955456687509409,0.6008396454360909,7.630957021180307,5.406342871930825
ALGT,2026-02-06,oos,True,True,D-1,101.629997253,114.790000916,118.0,115.5,16.107451726332478,1,-3.073058959945685,2.741735733391071,1.8888658761418542,7.630957021180307,-0.44061930583862985,8.72702921526498,3.0,0.0,0.723567618383905,4.707302747229369,7.630957021180307,2.741735733391071
ALGT,2026-02-09,oos,True,True,D-1,114.790000916,113.930000305,115.5,116.709999084,1.6726179568593347,0,2.741735733391071,1.8888658761418542,7.630957021180307,-0.44061930583862985,15.459669111025963,29.515970295933247,4.0,0.0,0.9135153791549341,2.1517564250282284,15.459669111025963,7.630957021180307
ALGT,2026-02-10,oos,True,True,D-1,113.069999695,114.339996338,116.709999084,113.569999695,3.2192441839733688,1,1.8888658761418542,7.630957021180307,-0.44061930583862985,15.459669111025963,-0.7491947069756755,25.115312277141697,3.0,0.0,0.8450114484419854,3.5723687212360966,15.459669111025963,7.630957021180307
ALGT,2026-02-11,oos,True,True,D-1,114.540000916,109.330001831,113.569999695,113.379997253,-0.8468667829951926,0,7.630957021180307,-0.44061930583862985,15.459669111025963,-0.7491947069756755,0.3598666127467842,23.237764434536956,3.0,1.0,0.8466693238013423,3.2009828399685025,15.459669111025963,15.851693306869718
ALGT,2026-02-12,oos,True,True,D-1,111.86000061,109.279998779,113.379997253,115.239997864,3.021631714257156,1,-0.44061930583862985,15.459669111025963,-0.7491947069756755,0.3598666127467842,-4.381664043603761,9.483277751566277,2.0,2.0,0.581159446994319,7.930118013170717,15.459669111025963,19.497234687858587
ALGT,2026-02-13,oos,True,True,D-1,109.5,111.300003052,115.239997864,115.599998474,5.570774862100469,1,15.459669111025963,-0.7491947069756755,0.3598666127467842,-4.381664043603761,-0.04573589240152165,9.917522421745883,2.0,3.0,0.49124845208060397,7.979503402662647,15.459669111025963,19.88506505387887
ALGT,2026-02-17,oos,True,True,D-1,111.269996643,114.040000916,115.599998474,108.059997559,3.8914370105469054,1,-0.7491947069756755,0.3598666127467842,-4.381664043603761,-0.04573589240152165,1.848466595506748,-3.0403326388627527,2.0,4.0,0.5176387874556987,6.0197634899162855,1.848466595506748,0.3598666127467842
ALGT,2026-02-18,oos,True,True,D-1,112.209999084,109.760002136,108.059997559,107.970001221,-3.6984239897313698,0,0.3598666127467842,-4.381664043603761,-0.04573589240152165,1.848466595506748,2.461812928001317,0.09655104950891946,3.0,3.0,0.7880953578280564,2.341282134824496,2.461812928001317,0.3598666127467842
ALGT,2026-02-19,oos,True,True,D-1,108.059997559,104.180000305,107.970001221,107.11000061,-0.08328367576618811,0,-4.381664043603761,-0.04573589240152165,1.848466595506748,2.461812928001317,-3.7530679986161886,-4.005592398709812,2.0,4.0,0.44841287383159056,6.331994180711198,2.461812928001317,3.232115179308226
ALGT,2026-02-20,oos,True,True,D-1,103.779998779,107.620002747,107.11000061,106.870002747,3.208712536306013,1,-0.04573589240152165,1.848466595506748,2.461812928001317,-3.7530679986161886,-5.083820811233231,-4.710510783637211,2.0,1.0,0.14199847751767675,10.961795100371031,2.461812928001317,11.107902485877341
ALGT,2026-02-23,oos,True,True,D-1,105.959999084,103.690002441,106.870002747,106.040000916,0.8588181114257853,0,1.848466595506748,2.461812928001317,-3.7530679986161886,-5.083820811233231,3.301979681252609,-1.519030060896187,3.0,2.0,0.4062500887370137,7.414974468788937,3.301979681252609,4.411520788200152
ALGT,2026-02-24,oos,True,True,D-1,104.169998169,103.690002441,106.040000916,108.599998474,4.252664282294605,1,2.461812928001317,-3.7530679986161886,-5.083820811233231,3.301979681252609,-3.651737786365694,-6.837376821494379,2.0,3.0,0.11383923880937352,11.486156575005225,3.301979681252609,2.932150672832823
ALGT,2026-02-25,oos,True,True,D-1,106.040000916,102.739997864,108.599998474,104.680000305,2.414181003287541,0,-3.7530679986161886,-5.083820811233231,3.301979681252609,-3.651737786365694,0.0,-9.075761480064903,1.0,4.0,0.1462366567250382,11.486156575005225,3.301979681252609,6.953717467618303
ALGT,2026-02-26,oos,True,True,D-1,104.400001526,106.5,104.680000305,101.099998474,0.26819806025601967,0,-5.083820811233231,3.301979681252609,-3.651737786365694,0.0,-0.9161968894161765,-6.395776362414551,1.0,4.0,0.17004633581494857,5.17811933580361,3.301979681252609,4.218176570668786
ALGT,2026-02-27,oos,True,True,D-1,104.0,102.150001526,101.099998474,97.3300018311,-2.788463005769226,0,3.301979681252609,-3.651737786365694,0.0,-0.9161968894161765,3.659725729191887,2.2269146556036734,2.0,0.0,0.6978418134983041,1.9718295530516405,3.659725729191887,3.301979681252609
ALGT,2026-03-02,oos,True,True,D-1,96.9800033569,97.7099990845,97.3300018311,99.6900024414,2.7943895552641207,0,-3.651737786365694,0.0,-0.9161968894161765,3.659725729191887,-4.0845056093896766,-5.082699388011758,1.0,1.0,0.29738597672849004,6.314240677087324,3.659725729191887,0.5742615828949083
ALGT,2026-03-03,oos,True,True,D-1,93.75,95.9300003052,99.6900024414,90.0699996948,6.336002604160007,1,0.0,-0.9161968894161765,3.659725729191887,-4.0845056093896766,-4.346551517544417,-5.767193765766043,1.0,2.0,0.18058700982623374,11.145225147410232,3.659725729191887,11.913247715576869
ALGT,2026-03-04,oos,True,True,D-1,98.6699981689,92.0899963379,90.0699996948,82.0199966431,-8.715920374680463,0,-0.9161968894161765,3.659725729191887,-4.0845056093896766,-4.346551517544417,-1.8217160945428468,-7.483847963274448,1.0,3.0,0.30840620196814456,13.207545218899796,3.659725729191887,9.74881151272644
ALGT,2026-03-05,oos,True,True,D-1,90.0100021362,84.1299972534,82.0199966431,82.7900009155,-8.021332129039326,0,3.659725729191887,-4.0845056093896766,-4.346551517544417,-1.8217160945428468,-4.002922917839125,-10.36597405831926,1.0,4.0,0.09879899501983273,17.928116834233432,3.659725729191887,9.41144285052744
ALGT,2026-03-06,oos,True,True,D-1,80.1800003052,79.5,82.7900009155,87.1600036621,8.705416974720714,1,-4.0845056093896766,-4.346551517544417,-1.8217160945428468,-4.002922917839125,-8.643717451451383,-21.00469741464788,0.0,4.0,0.0850398980663866,24.426487248898,-1.8217160945428468,12.300639022473092
ALGT,2026-03-09,oos,True,True,D-1,75.8099975586,82.4800033569,87.1600036621,83.3300018311,14.971648158577766,1,-4.346551517544417,-1.8217160945428468,-4.002922917839125,-8.643717451451383,-5.503384529366418,-22.173275758821156,0.0,4.0,0.05800269574371491,27.16980940125786,-1.8217160945428468,13.67140497183248
ALGT,2026-03-10,oos,True,True,D-1,82.3499984741,83.75,83.3300018311,80.9700012207,1.1900466000715593,0,-1.8217160945428468,-4.002922917839125,-8.643717451451383,-5.503384529366418,3.7484318954716933,-15.586936721214206,1.0,3.0,0.3279969279821738,20.865662444302345,3.7484318954716933,1.961243254923939
ALGT,2026-03-11,oos,True,True,D-1,81.4300003052,82.1500015259,80.9700012207,78.9199981689,-0.5649012437380807,0,-4.002922917839125,-8.643717451451383,-5.503384529366418,3.7484318954716933,1.539763083670831,-12.696758330500879,2.0,4.0,0.37758679962744135,19.03283873599999,3.7484318954716933,0.0
ALGT,2026-03-12,oos,True,True,D-1,78.7099990845,77.0599975586,78.9199981689,77.9100036621,0.26680102508265247,0,-8.643717451451383,-5.503384529366418,3.7484318954716933,1.539763083670831,-1.9104459392238815,-10.793783480594154,2.0,4.0,0.5046904798605543,9.640898383188734,3.7484318954716933,4.148531092330421
ALGT,2026-03-13,oos,True,True,D-1,78.9199981689,75.0400009155,77.9100036621,81.7799987793,3.62392381748311,1,-5.503384529366418,3.7484318954716933,1.539763083670831,-1.9104459392238815,-6.19598767225249,-8.403660912415257,2.0,2.0,0.22782838764114843,13.106678462868459,3.7484318954716933,11.736494512068706
ALGT,2026-03-16,oos,True,True,D-1,77.0699996948,74.6600036621,81.7799987793,80.5199966431,6.11132620105328,1,3.7484318954716933,1.539763083670831,-1.9104459392238815,-6.19598767225249,-2.621329752267254,-5.610061741509432,2.0,3.0,0.08872180709380978,16.15138939063703,3.7484318954716933,12.403332051691862
ALGT,2026-03-17,oos,True,True,D-1,78.5999984741,80.0,80.5199966431,79.8899993896,2.4427458095087173,0,1.539763083670831,-1.9104459392238815,-6.19598767225249,-2.621329752267254,-0.5063929221268415,-9.481085568052183,1.0,4.0,0.06015059158935656,16.74256547933366,1.539763083670831,4.654211529733832
ALGT,2026-03-18,oos,True,True,D-1,79.3700027466,77.1900024414,79.8899993896,79.7600021362,0.6551551278890289,0,-1.9104459392238815,-6.19598767225249,-2.621329752267254,-0.5063929221268415,7.152419067735427,-4.477611940298509,1.0,4.0,0.6483631043445783,4.162502288875003,7.152419067735427,0.0
ALGT,2026-03-19,oos,True,True,D-1,75.5899963379,79.2300033569,79.7600021362,83.8399963379,10.914142611042221,1,-6.19598767225249,-2.621329752267254,-0.5063929221268415,7.152419067735427,-3.512496948249999,-6.037734622483515,1.0,1.0,0.4204548738503687,5.94636117725813,7.152419067735427,0.0
ALGT,2026-03-20,oos,True,True,D-1,78.7300033569,77.0500030518,83.8399963379,84.5100021362,7.341545196051902,1,-2.621329752267254,-0.5063929221268415,7.152419067735427,-3.512496948249999,2.642830484490144,2.815995155787321,2.0,2.0,0.6780308065709861,3.2184719353264057,7.152419067735427,8.114914871610424
ALGT,2026-03-23,oos,True,True,D-1,83.4000015259,82.3399963379,84.5100021362,88.0199966431,5.539562389294761,1,-0.5063929221268415,7.152419067735427,-3.512496948249999,2.642830484490144,-2.7514832926106902,2.6785742427740677,2.0,3.0,0.3743389874353451,6.1388650748268825,7.152419067735427,7.333788915088746
ALGT,2026-03-24,oos,True,True,D-1,81.0100021362,83.6399993896,88.0199966431,85.3799972534,8.65324567590342,1,7.152419067735427,-3.512496948249999,2.642830484490144,-2.7514832926106902,6.865662656163152,10.286622420430769,3.0,0.0,0.8399145377091468,1.8217149219249773,7.152419067735427,7.152419067735427
ALGT,2026-03-25,oos,True,True,D-1,86.0400009155,84.8899993896,85.3799972534,83.1900024414,-0.7670893248225119,0,-3.512496948249999,2.642830484490144,-2.7514832926106902,6.865662656163152,1.578823305219923,4.549999237000013,3.0,0.0,0.9133463478816161,1.0401754578541755,6.865662656163152,2.642830484490144
ALGT,2026-03-26,oos,True,True,D-1,83.1500015259,83.9300003052,83.1900024414,80.5999984741,0.0481069329716588,0,2.642830484490144,-2.7514832926106902,6.865662656163152,1.578823305219923,1.49450025002682,9.975381143491457,4.0,0.0,0.7690038146931268,3.6871213052257934,6.865662656163152,6.865662656163152
ALGT,2026-03-27,oos,True,True,D-1,82.0,79.4000015259,80.5999984741,82.4100036621,0.5000044659756009,0,-2.7514832926106902,6.865662656163152,1.578823305219923,1.49450025002682,-1.1308741798832234,5.932092325085936,3.0,1.0,0.6617040879426417,4.873104161834019,6.865662656163152,6.865662656163152
ALGT,2026-03-30,oos,True,True,D-1,79.3000030518,76.5599975586,82.4100036621,86.0899963379,8.562412389397611,1,6.865662656163152,1.578823305219923,1.49450025002682,-1.1308741798832234,-5.397353464586296,3.049965452331138,3.0,2.0,0.11770746376992633,10.856416815544012,6.865662656163152,13.332853023904633
ALGT,2026-03-31,oos,True,True,D-1,78.7399978638,81.0400009155,86.0899963379,83.5800018311,9.334516984383988,1,1.578823305219923,1.49450025002682,-1.1308741798832234,-5.397353464586296,-3.5768311243339124,-7.019673349972622,2.0,3.0,0.04738152557262108,14.968651319154457,1.578823305219923,10.359953675528498
ALGT,2026-04-01,oos,True,True,D-1,82.7399978638,83.1200027466,83.5800018311,82.8000030518,1.0152332475071635,0,1.49450025002682,-1.1308741798832234,-5.397353464586296,-3.5768311243339124,5.851624215989482,-3.108558695689434,2.0,4.0,0.419784169919413,8.613025232906901,5.851624215989482,1.49450025002682
ALGT,2026-04-02,oos,True,True,D-1,78.7699966431,82.8399963379,82.8000030518,81.3000030518,5.116169328989062,1,-1.1308741798832234,-5.397353464586296,-3.5768311243339124,5.851624215989482,2.5666359916120873,-2.0850473032479,2.0,0.0,0.7059411841579846,3.5731394287297435,5.851624215989482,0.0
ALGT,2026-04-06,oos,True,True,D-1,82.0400009155,80.9800033569,81.3000030518,94.6399993896,15.358359743410798,1,-5.397353464586296,-3.5768311243339124,5.851624215989482,2.5666359916120873,-0.33687006670779507,-1.2987060208940138,2.0,1.0,0.6782177731675744,3.92322566836365,5.851624215989482,5.851624215989482
ALGT,2026-04-07,oos,True,True,D-1,79.3799972534,80.7399978638,94.6399993896,88.1200027466,19.223989246921256,1,-3.5768311243339124,5.851624215989482,2.5666359916120873,-0.33687006670779507,-2.245283755703209,1.9899267010525357,2.0,2.0,0.4940600244540781,6.3101911202435135,5.851624215989482,8.426214349514872
ALGT,2026-04-08,oos,True,True,D-1,90.6800003052,86.5299987793,88.1200027466,88.1500015259,-2.7900295222594074,0,5.851624215989482,2.5666359916120873,-0.33687006670779507,-2.245283755703209,-0.29637624493819015,5.459770687689192,2.0,3.0,0.40156581892879967,6.626205865307178,5.851624215989482,8.386629728947526
ALGT,2026-04-09,oos,True,True,D-1,85.4300003052,86.8799972534,88.1500015259,85.3000030518,3.1838946634469734,1,2.5666359916120873,-0.33687006670779507,-2.245283755703209,-0.29637624493819015,7.1711680315710735,6.774429666559834,2.0,0.0,0.514952152021406,9.37247281256186,7.1711680315710735,2.5666359916120873
ALGT,2026-04-10,oos,True,True,D-1,87.0699996948,85.5800018311,85.3000030518,91.8600006104,5.501321847237883,1,-0.33687006670779507,-2.245283755703209,-0.29637624493819015,7.1711680315710735,0.40448223626201596,4.523573607501863,2.0,1.0,0.535885073585233,8.931862777995558,7.1711680315710735,0.0
ALGT,2026-04-13,oos,True,True,D-1,82.9400024414,85.2399978638,91.8600006104,90.2399978638,10.754759954706161,1,-2.245283755703209,-0.29637624493819015,7.1711680315710735,0.40448223626201596,-1.4963115370599578,3.307587656116806,2.0,2.0,0.44823394830457897,10.586582571452553,7.1711680315710735,8.26904964673557
ALGT,2026-04-14,oos,True,True,D-1,87.3199996948,89.8499984741,90.2399978638,89.8199996948,3.3440199028927475,1,-0.29637624493819015,7.1711680315710735,0.40448223626201596,-1.4963115370599578,-0.39729371351385767,5.260551161161464,2.0,3.0,0.42752724883953364,11.027688598514196,7.1711680315710735,9.058828530473573
ALGT,2026-04-15,oos,True,True,D-1,89.3899993896,88.2399978638,89.8199996948,95.7200012207,7.0813311045133,1,7.1711680315710735,0.40448223626201596,-1.4963115370599578,-0.39729371351385767,5.408259884832534,11.283132092308978,3.0,4.0,0.6306861630934004,5.33110851068157,7.1711680315710735,7.1711680315710735
ALGT,2026-04-16,oos,True,True,D-1,88.75,84.2399978638,95.7200012207,92.1699981689,7.853522502197174,1,0.40448223626201596,-1.4963115370599578,-0.39729371351385767,5.408259884832534,-1.7918760574760606,1.9761921976463315,2.0,1.0,0.6447495702398361,4.10245108141043,5.408259884832534,0.40448223626201596
ALGT,2026-04-17,oos,True,True,D-1,89.7900009155,91.7900009155,92.1699981689,91.6500015259,2.6506261600774073,0,-1.4963115370599578,-0.39729371351385767,5.408259884832534,-1.7918760574760606,-4.533091678191193,-3.038673426634686,1.0,2.0,0.25220795673545426,9.045587535412913,5.408259884832534,11.652000236054839
ALGT,2026-04-20,oos,True,True,D-1,91.0800018311,90.3499984741,91.6500015259,85.8300018311,0.6258231042386209,0,-0.39729371351385767,5.408259884832534,-1.7918760574760606,-4.533091678191193,8.962491979055986,7.25636708521693,2.0,0.0,0.7202847365434196,4.281512437087653,8.962491979055986,5.408259884832534
ALGT,2026-04-21,oos,True,True,D-1,89.9000015259,85.5699996948,85.8300018311,82.6200027466,-4.5272520864501065,0,5.408259884832534,-1.7918760574760606,-4.533091678191193,8.962491979055986,-1.5688009881660525,5.994838970391547,2.0,1.0,0.5433671963315477,5.943555990362714,8.962491979055986,5.408259884832534
ALGT,2026-04-22,oos,True,True,D-1,85.7300033569,80.6500015259,82.6200027466,81.8600006104,-3.6276688306576377,0,-1.7918760574760606,-4.533091678191193,8.962491979055986,-1.5688009881660525,-5.2905355395996505,-4.763493435710798,1.0,2.0,0.13690478893231253,11.861635575671038,8.962491979055986,15.738830532997172
ALGT,2026-04-23,oos,True,True,D-1,81.1699981689,78.7399978638,81.8600006104,80.7200012207,0.8500707860855661,0,-4.533091678191193,8.962491979055986,-1.5688009881660525,-5.2905355395996505,-5.74967650630831,-8.601537309209029,1.0,3.0,0.03397428404752316,18.685678127309657,8.962491979055986,19.69851534598569
ALGT,2026-04-24,oos,True,True,D-1,78.6299972534,79.0599975586,80.7200012207,79.8799972534,2.6580237063528855,0,8.962491979055986,-1.5688009881660525,-5.2905355395996505,-5.74967650630831,-2.3682624004496944,-6.528965027862954,1.0,4.0,0.059279751467593324,21.56464797760225,8.962491979055986,16.9442634589676
ALGT,2026-04-27,oos,True,True,D-1,78.9400024414,79.3899993896,79.8799972534,76.8199996948,1.1907711970211787,0,-1.5688009881660525,-5.2905355395996505,-5.74967650630831,-2.3682624004496944,0.4064004362224205,-13.868616657514776,1.0,4.0,0.09586202687586266,16.582343808678644,0.4064004362224205,1.9714865929535974
ALGT,2026-04-28,oos,True,True,D-1,79.2699966431,77.8099975586,76.8199996948,78.1900024414,-1.3624249368427432,0,-5.2905355395996505,-5.74967650630831,-2.3682624004496944,0.4064004362224205,0.41740683176141324,-12.130602401329115,2.0,4.0,0.12303296192262944,15.442753785820074,0.41740683176141324,0.0
ALGT,2026-04-29,oos,True,True,D-1,76.5100021362,74.5100021362,78.1900024414,80.8199996948,5.633247207244252,1,-5.74967650630831,-2.3682624004496944,0.4064004362224205,0.41740683176141324,-1.9901774066608424,-9.06860133677384,2.0,4.0,0.09378467172843559,10.307164277263992,0.41740683176141324,1.987478147581423
ALGT,2026-04-30,oos,True,True,D-1,75.5100021362,75.6399993896,80.8199996948,75.5899963379,7.032177735900702,1,-2.3682624004496944,0.4064004362224205,0.41740683176141324,-1.9901774066608424,-4.241094365688314,-7.6131423106398755,2.0,4.0,0.14989519579360008,10.884445548096178,0.41740683176141324,6.564273302249479
ALGT,2026-05-01,oos,True,True,D-1,73.8300018311,75.0199966431,75.5899963379,76.3300018311,3.386157304613402,1,0.4064004362224205,0.41740683176141324,-1.9901774066608424,-4.241094365688314,1.5165712266850262,-3.937006043056024,3.0,4.0,0.29157151644890145,8.223164028284202,1.5165712266850262,3.2062491876112986
ALGT,2026-05-04,oos,True,True,D-1,74.9800033569,71.9700012207,76.3300018311,82.6200027466,10.189382565554306,1,0.41740683176141324,-1.9901774066608424,-4.241094365688314,1.5165712266850262,-0.8196757687775058,-5.110044321093632,2.0,0.0,0.2506453937278747,7.7312760746883535,1.5165712266850262,0.41740683176141324
ALGT,2026-05-05,oos,True,True,D-1,72.5599975586,75.75,82.6200027466,85.0,17.144436135562646,1,-1.9901774066608424,-4.241094365688314,1.5165712266850262,-0.8196757687775058,-4.0655765914120785,-9.346263038102531,1.0,1.0,0.16034177368188834,12.296788000546211,1.5165712266850262,6.36849904069372
ALGT,2026-05-06,oos,True,True,D-1,80.3600006104,80.0800018311,85.0,83.8799972534,5.774016120402448,1,-4.241094365688314,1.5165712266850262,-0.8196757687775058,-4.0655765914120785,5.252186626631317,-2.6474715630836365,2.0,2.0,0.5189754028062634,6.693068904026411,5.252186626631317,1.5165712266850262
ALGT,2026-05-07,oos,True,True,D-1,81.5,82.1800003052,83.8799972534,82.3600006104,2.9202420287116615,0,1.5165712266850262,-0.8196757687775058,-4.0655765914120785,5.252186626631317,5.716174034455457,7.47550601960576,3.0,0.0,0.7941653080314411,3.171829242533253,5.716174034455457,1.5165712266850262
ALGT,2026-05-08,oos,True,True,D-1,82.1800003052,83.0299987793,82.3600006104,78.9199981689,0.21903176506632427,0,-0.8196757687775058,-4.0655765914120785,5.252186626631317,5.716174034455457,2.6223756569451417,8.646220212026057,3.0,0.0,0.8084239496641903,3.431491463041003,5.716174034455457,5.252186626631317
ALGT,2026-05-11,oos,True,True,D-1,82.3600006104,79.3799972534,78.9199981689,77.3300018311,-4.176787780481894,0,-4.0655765914120785,5.252186626631317,5.716174034455457,2.6223756569451417,1.0343130578526205,10.677156084539385,4.0,1.0,0.8661684064312655,2.3726379015570176,5.716174034455457,5.716174034455457
ALGT,2026-05-12,oos,True,True,D-1,78.75,77.4899978638,77.3300018311,81.0,2.857142857142847,0,5.252186626631317,5.716174034455457,2.6223756569451417,1.0343130578526205,-4.396003347659894,10.295950961535816,4.0,2.0,0.548231379127646,7.0798726896646125,5.716174034455457,9.123332760911218
ALGT,2026-05-13,oos,True,True,D-1,76.1999969482,75.2099990845,81.0,78.2600021362,6.299216855694878,1,5.716174034455457,2.6223756569451417,1.0343130578526205,-4.396003347659894,-2.380951694375444,2.297026882904296,3.0,3.0,0.29549722736956846,9.69157613012188,5.716174034455457,12.38846236029988
ALGT,2026-05-14,oos,True,True,D-1,76.6600036621,80.3799972534,78.2600021362,78.4199981689,2.295844537860514,0,2.6223756569451417,1.0343130578526205,-4.396003347659894,-2.380951694375444,-2.9423136432490726,-6.08142187218168,2.0,4.0,0.08161373806025553,13.016887428094147,2.6223756569451417,7.875585928026874
ALGT,2026-05-15,oos,True,True,D-1,78.1800003052,74.9000015259,78.4199981689,74.0199966431,0.3069811496074326,0,1.0343130578526205,-4.396003347659894,-2.380951694375444,-2.9423136432490726,6.874083541859122,-2.1903176504199817,2.0,4.0,0.6331237249345105,4.354317143065045,6.874083541859122,1.0343130578526205
ALGT,2026-05-18,oos,True,True,D-1,75.1299972534,74.6600036621,74.0199966431,78.1399993896,4.006391915665586,1,-4.396003347659894,-2.380951694375444,-2.9423136432490726,6.874083541859122,-6.8176112400504145,-9.791638411329085,1.0,4.0,0.069826046093293,9.959945170255269,6.874083541859122,0.41217599039153896
ALGT,2026-05-19,oos,True,True,D-1,74.0199966431,69.8700027466,78.1399993896,81.5800018311,10.213463294860524,1,-2.380951694375444,-2.9423136432490726,6.874083541859122,-6.8176112400504145,-0.3204243777178206,-5.946074268852208,1.0,2.0,0.1546671549466661,8.491824306082108,6.874083541859122,13.990273871236203
ALGT,2026-05-20,oos,True,True,D-1,70.1999969482,77.0899963379,81.5800018311,83.4400024414,18.860407505387357,1,-2.9423136432490726,6.874083541859122,-6.8176112400504145,-0.3204243777178206,-6.415752317906154,-9.83352087658237,1.0,3.0,0.01417215669843989,15.929578955028179,6.874083541859122,13.58970260304253
ALGT,2026-05-21,oos,True,True,D-1,75.3899993896,81.3899993896,83.4400024414,88.2200012207,17.01817473800096,1,6.874083541859122,-6.8176112400504145,-0.3204243777178206,-6.415752317906154,10.333466877745835,2.4996639759133465,2.0,4.0,0.6558095552811487,5.071998764874386,10.333466877745835,6.874083541859122
ALGT,2026-05-22,oos,True,True,D-1,81.7799987793,80.3099975586,88.2200012207,92.7099990845,13.365126520357173,1,-6.8176112400504145,-0.3204243777178206,-6.415752317906154,10.333466877745835,5.577900189347895,1.256534176053714,2.0,0.0,0.9840869009507397,0.23344691353355262,10.333466877745835,0.0
ALGT,2026-05-26,oos,True,True,D-1,82.75,87.1999969482,92.7099990845,92.6399993896,12.03625267009063,1,-0.3204243777178206,-6.415752317906154,10.333466877745835,5.577900189347895,-1.3269466016705866,7.222958507990507,2.0,0.0,0.7731881021293154,3.8974037827807395,10.333466877745835,10.333466877745835
ALGT,2026-05-27,oos,True,True,D-1,89.1100006104,91.0,92.6399993896,93.6800003052,5.128492496347992,1,-6.415752317906154,10.333466877745835,5.577900189347895,-1.3269466016705866,8.579254886133626,16.7961326962347,3.0,0.0,0.9451020359539106,1.1697297112360339,10.333466877745835,10.333466877745835
ALGT,2026-05-28,oos,True,True,D-1,88.4300003052,90.7300033569,93.6800003052,89.9899978638,5.936899221848457,1,10.333466877745835,5.577900189347895,-1.3269466016705866,8.579254886133626,4.357801817421336,30.24187265317981,4.0,0.0,0.9258778020323069,1.8791198730769176,10.333466877745835,10.333466877745835
ALGT,2026-05-29,oos,True,True,D-1,90.7300033569,91.6100006104,89.9899978638,90.6999969482,-0.033072200583939004,0,5.577900189347895,-1.3269466016705866,8.579254886133626,4.357801817421336,-0.29669960780219773,17.693614822879567,3.0,1.0,0.8960086327528622,2.18229433962589,8.579254886133626,8.579254886133626
ALGT,2026-06-01,oos,True,True,D-1,88.7900009155,89.1600036621,90.6999969482,86.2399978638,2.1511386563873414,0,-1.3269466016705866,8.579254886133626,4.357801817421336,-0.29669960780219773,0.9699076611277002,12.556826756907302,3.0,0.0,0.8482404847933405,2.259578300412124,8.579254886133626,8.579254886133626
ALGT,2026-06-02,oos,True,True,D-1,90.6999969482,87.6699981689,86.2399978638,86.0999984741,-4.917308968540723,0,8.579254886133626,4.357801817421336,-0.29669960780219773,0.9699076611277002,-2.6743771771374325,11.019806216582673,3.0,1.0,0.5864596050423172,5.069533936124504,8.579254886133626,10.309663391271862
ALGT,2026-06-03,oos,True,True,D-1,86.1500015259,82.9800033569,86.0999984741,85.3099975586,-0.05804184667943524,0,4.357801817421336,-0.29669960780219773,0.9699076611277002,-2.6743771771374325,-1.6711590758192951,0.5389922444368755,2.0,2.0,0.3060046657252088,6.855255231922652,4.357801817421336,8.658644973460694
ALGT,2026-06-04,oos,True,True,D-1,84.7600021362,84.4700012207,85.3099975586,85.4199981689,0.7786644833248646,0,-0.29669960780219773,0.9699076611277002,-2.6743771771374325,-1.6711590758192951,-5.349600672928634,-8.813183124285718,1.0,3.0,0.032549791118179516,12.894669216002463,0.9699076611277002,7.901267072709895
ALGT,2026-06-05,oos,True,True,D-1,83.8499984741,84.1200027466,85.4199981689,88.9599990845,6.0942167005267,1,0.9699076611277002,-2.6743771771374325,-1.6711590758192951,-5.349600672928634,1.795610753823973,-6.8995942958090195,2.0,4.0,0.1672693383789663,10.903278029363905,1.795610753823973,4.619955585202096
ALGT,2026-06-08,oos,True,True,D-1,84.1100006104,82.3099975586,88.9599990845,85.9899978638,5.766256615031229,1,-2.6743771771374325,-1.6711590758192951,-5.349600672928634,1.795610753823973,-0.41434647690550275,-8.1759609364632,1.0,3.0,0.1856436975787643,7.822151672321431,1.795610753823973,0.0
ALGT,2026-06-09,oos,True,True,D-1,85.1800003052,86.6900024414,85.9899978638,86.4100036621,1.4440048749623013,0,-1.6711590758192951,-5.349600672928634,1.795610753823973,-0.41434647690550275,-2.151694161794526,-7.682823936908145,1.0,4.0,0.031177455749459713,10.193171714805116,1.795610753823973,4.352735923570828
ALGT,2026-06-10,oos,True,True,D-1,85.3899993896,80.1500015259,86.4100036621,93.0699996948,8.994027825388851,1,-5.349600672928634,1.795610753823973,-0.41434647690550275,-2.151694161794526,5.321352220526654,-1.1178233694176587,2.0,0.0,0.6789254963140262,2.6185218354728423,5.321352220526654,1.795610753823973
ALGT,2026-06-11,oos,True,True,D-1,80.0,86.0400009155,93.0699996948,101.540000916,26.925001145000003,1,1.795610753823973,-0.41434647690550275,-2.151694161794526,5.321352220526654,-7.544123579787487,-3.410462420479865,2.0,1.0,0.015642395244233755,10.991886950561192,5.321352220526654,4.419831500717097
ALGT,2026-06-12,oos,True,True,D-1,88.3600006104,91.5899963379,101.540000916,99.7600021362,14.91625194041557,1,-0.41434647690550275,-2.151694161794526,5.321352220526654,-7.544123579787487,7.34872024637041,1.8586476525529694,2.0,2.0,0.6741073139113002,3.3937681751860183,7.34872024637041,6.071152090862775
ALGT,2026-06-15,oos,True,True,D-1,98.1500015259,95.2399978638,99.7600021362,101.339996338,3.250122019874069,1,-2.151694161794526,5.321352220526654,-7.544123579787487,7.34872024637041,6.450482756096965,8.880163275555697,3.0,0.0,0.8867633212349019,1.6159006617271432,7.34872024637041,5.321352220526654
ALGT,2026-06-16,oos,True,True,D-1,96.7900009155,95.9199981689,101.339996338,102.559997559,5.961356120388239,1,5.321352220526654,-7.544123579787487,7.34872024637041,6.450482756096965,3.985153042734235,15.708906194529494,4.0,0.0,0.707520762103574,6.614871055761107,7.34872024637041,7.34872024637041
ALGT,2026-06-17,oos,True,True,D-1,98.0,95.8899993896,102.559997559,104.069999695,6.19387723979592,1,-7.544123579787487,7.34872024637041,6.450482756096965,3.985153042734235,0.71398605664863,10.647128235737702,4.0,1.0,0.7390899485558776,5.859052183470714,7.34872024637041,7.34872024637041
ALGT,2026-06-18,oos,True,True,D-1,98.6600036621,100.760002136,104.069999695,104.849998474,6.274067081023116,1,7.34872024637041,6.450482756096965,3.985153042734235,0.71398605664863,-0.03127479136015854,19.638175376220946,4.0,2.0,0.7376972476262456,5.89216973862321,7.34872024637041,7.34872024637041
ALGT,2026-06-22,oos,True,True,D-1,100.050003052,102.180000305,104.849998474,107.879997253,7.826080921687173,1,6.450482756096965,3.985153042734235,0.71398605664863,-0.03127479136015854,5.078738948170414,17.10832294731903,4.0,0.0,0.8846156667295642,1.7864186034558305,6.450482756096965,6.450482756096965
ALGT,2026-06-23,oos,True,True,D-1,98.8600006104,103.540000916,107.879997253,114.019996643,15.334812804972998,1,3.985153042734235,0.71398605664863,-0.03127479136015854,5.078738948170414,1.4092875534910787,11.562402435338704,4.0,0.0,0.7980770014181601,1.849676438009884,5.078738948170414,3.985153042734235
ALGT,2026-06-24,oos,True,True,D-1,105.0,107.319999695,114.019996643,117.13999939,11.561904180952375,1,0.71398605664863,-0.03127479136015854,5.078738948170414,1.4092875534910787,1.3309851310828957,8.714829103702403,4.0,0.0,0.8652266056074484,1.2652091427570955,5.078738948170414,5.078738948170414
ALGT,2026-06-25,oos,True,True,D-1,108.050003052,110.050003052,117.13999939,117.059997559,8.412768238077106,1,-0.03127479136015854,5.078738948170414,1.4092875534910787,1.3309851310828957,3.6507617785967117,11.88490590463358,4.0,0.0,0.9537192042447628,0.5218016768463452,5.078738948170414,5.078738948170414
ALGT,2026-06-26,oos,True,True,D-1,111.089996338,116.099998474,117.059997559,120.419998169,8.398597658256035,1,5.078738948170414,1.4092875534910787,1.3309851310828957,3.6507617785967117,2.543797395414238,14.76692434303608,5.0,0.0,0.7471341170257256,3.607445234803075,5.078738948170414,5.078738948170414
ALGT,2026-06-29,oos,True,True,D-1,115.930000305,114.199996948,120.419998169,123.120002747,6.202020549541842,1,1.4092875534910787,1.3309851310828957,3.6507617785967117,2.543797395414238,5.497496823458792,15.224291398182954,5.0,0.0,0.9439050234831388,0.8957803011796717,5.497496823458792,3.6507617785967117
ALGT,2026-06-30,oos,True,True,D-1,115.699996948,117.599998474,123.120002747,123.629997253,6.85393302867936,1,1.3309851310828957,3.6507617785967117,2.543797395414238,5.497496823458792,-1.6365215770657304,11.76355119115402,4.0,1.0,0.8391683458271912,2.574433030272938,5.497496823458792,3.6507617785967117
ALGT,2026-07-01,oos,True,True,D-1,119.879997253,119.160003662,123.629997253,122.559997559,3.128128199807878,1,3.6507617785967117,2.543797395414238,5.497496823458792,-1.6365215770657304,2.9772343405124246,13.579290548207169,4.0,0.0,0.8201530841743185,2.397958955436086,5.497496823458792,5.497496823458792
