ticker,date,regime,position_independent_daily_evaluation,holding_state_ignored_for_candidate_generation,feature_cutoff,entry_open_d0,entry_close_d0,future_high_d1,future_high_d2,forward_max_return_pct,label_2d3pct,ret_d5_pct,ret_d4_pct,ret_d3_pct,ret_d2_pct,ret_d1_pct,cumulative_ret5_pct,up_days5,days_since_high5,close_pos5,pullback_from_high5_pct,single_up_day5_pct,fade_after_surge_score
CRK,2020-06-16,stress,True,True,D-1,5.11999988556,4.90000009537,5.11000013351,4.96000003815,-0.19530766159200352,0,-2.7868865401287524,-8.768971264465698,-9.796668168553346,-0.6147583833293058,1.0309317881072255,-19.672128328218175,1.0,4.0,0.24489800552713298,22.65306350828109,1.0309317881072255,0.0
CRK,2020-06-17,stress,True,True,D-1,4.98999977112,4.86999988556,4.96000003815,4.94000005722,-0.6011970810825717,0,-8.768971264465698,-9.796668168553346,-0.6147583833293058,1.0309317881072255,0.0,-17.369304600103675,1.0,4.0,0.26277384203783827,20.61223943636954,1.0309317881072255,0.0
CRK,2020-06-18,stress,True,True,D-1,4.82000017166,4.78000020981,4.94000005722,4.76999998093,2.489624093076981,0,-9.796668168553346,-0.6147583833293058,1.0309317881072255,0.0,-0.6122491678795416,-9.981515287999887,1.0,4.0,0.4520546781983521,8.21355451272261,1.0309317881072255,1.6431809559867672
CRK,2020-06-19,stress,True,True,D-1,4.84999990463,4.67999982834,4.76999998093,4.71000003815,-1.6494829953218937,0,-0.6147583833293058,1.0309317881072255,0.0,-0.6122491678795416,-1.8480426666304006,-2.049178325510659,1.0,4.0,0.3809527053393206,8.158992664468979,1.0309317881072255,3.479908996768666
CRK,2020-06-22,stress,True,True,D-1,4.71999979019,4.55000019073,4.71000003815,4.57999992371,-0.2118591628072486,0,1.0309317881072255,0.0,-0.6122491678795416,-1.8480426666304006,-2.092058097921612,-3.5051562810900494,1.0,3.0,0.24137911190484784,9.40171096920892,1.0309317881072255,4.932370426398947
CRK,2020-06-23,stress,True,True,D-1,4.53000020981,4.57000017166,4.57999992371,4.55999994278,1.1037463925878566,0,0.0,-0.6122491678795416,-1.8480426666304006,-2.092058097921612,-2.777770136288893,-7.142855057711428,0.0,4.0,0.1739135542589365,12.52746529530475,0.0,4.811715669132632
CRK,2020-06-24,stress,True,True,D-1,4.51999998093,4.42999982834,4.55999994278,4.42999982834,0.8849549119194888,0,-0.6122491678795416,-1.8480426666304006,-2.092058097921612,-2.777770136288893,0.43956000201379464,-6.734692189533142,1.0,4.0,0.20588276542758382,11.816191281538856,0.43956000201379464,2.350420100742112
CRK,2020-06-25,stress,True,True,D-1,4.30999994278,4.44000005722,4.42999982834,4.5,4.408354054349428,1,-1.8480426666304006,-2.092058097921612,-2.777770136288893,0.43956000201379464,-3.0634647278174443,-9.034908984795697,1.0,4.0,0.05357095720594585,11.96388781822144,0.43956000201379464,2.63737049142293
CRK,2020-06-26,stress,True,True,D-1,4.40000009537,4.09999990463,4.5,4.42999982834,2.2727250559659407,0,-2.092058097921612,-2.777770136288893,0.43956000201379464,-3.0634647278174443,0.22573880965017779,-7.112973591344563,2.0,4.0,0.20634935051647618,11.261261116133037,0.43956000201379464,3.2842013489916777
CRK,2020-06-29,stress,True,True,D-1,4.15999984741,4.40000009537,4.42999982834,4.42000007629,6.490384395040327,1,-2.777770136288893,0.43956000201379464,-3.0634647278174443,0.22573880965017779,-7.657660995682125,-12.393161217608984,2.0,4.0,0.028985477190508365,16.341465655728182,0.43956000201379464,7.8887685008244395
CRK,2020-06-30,stress,True,True,D-1,4.30999994278,4.38000011444,4.42000007629,4.55000019073,5.5684513024655935,1,0.43956000201379464,-3.0634647278174443,0.22573880965017779,-7.657660995682125,7.317077993129217,-3.2967052543339204,3.0,4.0,0.5079366881455967,7.045453092289788,7.317077993129217,1.340460032070201
CRK,2020-07-01,stress,True,True,D-1,4.34999990463,4.30999994278,4.55000019073,4.96999979019,14.252871244895715,1,-3.0634647278174443,0.22573880965017779,-7.657660995682125,7.317077993129217,-0.4545450112841132,-4.157550330047044,2.0,4.0,0.6000003814599992,4.566205571790749,7.317077993129217,0.22573880965017779
CRK,2020-07-02,stress,True,True,D-1,4.40000009537,4.48999977112,4.96999979019,4.96000003815,12.954538237846736,1,0.22573880965017779,-7.657660995682125,7.317077993129217,-0.4545450112841132,-1.5981773934028554,-2.708801133406946,2.0,4.0,0.4791666873589404,5.800464114130532,7.317077993129217,9.362535962203012
CRK,2020-07-06,stress,True,True,D-1,4.61999988556,4.82999992371,4.96000003815,4.90000009537,7.3593108444154565,1,-7.657660995682125,7.317077993129217,-0.4545450112841132,-1.5981773934028554,4.1763301793432905,1.1261196679196894,2.0,0.0,0.8723396052720827,1.3363123088764306,7.317077993129217,7.317077993129217
CRK,2020-07-07,stress,True,True,D-1,4.75,4.78000020981,4.90000009537,4.78000020981,3.157896744631583,1,7.317077993129217,-0.4545450112841132,-1.5981773934028554,4.1763301793432905,7.572386857943858,17.8048789283052,3.0,0.0,0.8333334279504332,2.8985480060311097,7.572386857943858,7.317077993129217
CRK,2020-07-08,stress,True,True,D-1,4.75,4.76000022888,4.78000020981,4.69000005722,0.63158336442104,0,-0.4545450112841132,-1.5981773934028554,4.1763301793432905,7.572386857943858,-1.035190780326034,8.636366050079491,2.0,1.0,0.7500004705659428,3.9748864443575505,7.572386857943858,4.1763301793432905
CRK,2020-07-09,stress,True,True,D-1,4.76000022888,4.63000011444,4.69000005722,4.86999988556,2.310917046024641,0,-1.5981773934028554,4.1763301793432905,7.572386857943858,-1.035190780326034,-0.4184096245216429,8.67580147286331,2.0,2.0,0.7123293755833956,4.411755277570895,7.572386857943858,9.02165592493448
CRK,2020-07-10,stress,True,True,D-1,4.59999990463,4.63999986649,4.86999988556,4.59000015259,5.86956492451749,1,4.1763301793432905,7.572386857943858,-1.035190780326034,-0.4184096245216429,-2.7310947098544314,7.42459804891773,2.0,3.0,0.5142860451498855,7.343405342250708,7.572386857943858,10.710464029199096
CRK,2020-07-13,stress,True,True,D-1,4.65999984741,4.40999984741,4.59000015259,4.71000003815,1.0729655016574524,0,7.572386857943858,-1.035190780326034,-0.4184096245216429,-2.7310947098544314,0.21597736075240626,3.340759532657689,2.0,4.0,0.26666652538660746,7.112067525761234,7.572386857943858,10.09340275331988
CRK,2020-07-14,stress,True,True,D-1,4.34999990463,4.44000005722,4.71000003815,4.92999982834,13.33333187186203,1,-1.035190780326034,-0.4184096245216429,-2.7310947098544314,0.21597736075240626,-4.956897105559344,-8.695653890971311,1.0,4.0,0.017856701896000346,12.471660085499003,0.21597736075240626,4.7516255203507445
CRK,2020-07-15,stress,True,True,D-1,4.5,4.65999984741,4.92999982834,4.84999990463,9.555551740888891,1,-0.4184096245216429,-2.7310947098544314,0.21597736075240626,-4.956897105559344,0.6802768899780931,-7.112973591344563,2.0,4.0,0.16363658432355976,10.360361086076608,0.6802768899780931,4.526318201802759
CRK,2020-07-16,stress,True,True,D-1,4.61999988556,4.80999994278,4.84999990463,4.82999992371,4.97835551444219,1,-2.7310947098544314,0.21597736075240626,-4.956897105559344,0.6802768899780931,4.954950165648153,-2.1008482491928326,3.0,2.0,0.5961537579781768,4.506438734471563,4.954950165648153,0.21597736075240626
CRK,2020-07-17,stress,True,True,D-1,4.80000019073,4.78000020981,4.82999992371,5.32999992371,11.041660665005026,1,0.21597736075240626,-4.956897105559344,0.6802768899780931,4.954950165648153,3.218886272139465,3.887685181229661,4.0,0.0,0.7931036183721992,2.49480014527077,4.954950165648153,0.6802768899780931
CRK,2020-07-20,stress,True,True,D-1,4.75,4.65000009537,5.32999992371,5.36000013351,12.842108073894742,1,-4.956897105559344,0.6802768899780931,4.954950165648153,3.218886272139465,-0.623695079560882,3.0172488652657092,3.0,1.0,0.7413799340342677,3.138067195523453,4.954950165648153,4.954950165648153
CRK,2020-07-21,stress,True,True,D-1,4.82000017166,5.09999990463,5.36000013351,5.59999990463,16.182566497738705,1,0.6802768899780931,4.954950165648153,3.218886272139465,-0.623695079560882,-2.719667546733584,5.442182681728491,3.0,2.0,0.5172417762075442,6.0214995102644275,4.954950165648153,8.281350359273231
CRK,2020-07-22,stress,True,True,D-1,5.15999984741,5.17999982834,5.59999990463,5.73000001907,11.046515281315461,1,4.954950165648153,3.218886272139465,-0.623695079560882,-2.719667546733584,9.677415054422545,14.864861236583927,3.0,0.0,0.7325581588707376,4.509804380019622,9.677415054422545,4.954950165648153
CRK,2020-07-23,stress,True,True,D-1,5.36000013351,5.53999996185,5.73000001907,5.61999988556,6.902982767608723,1,3.218886272139465,-0.623695079560882,-2.719667546733584,9.677415054422545,1.5686259844313488,11.158798239425117,3.0,0.0,0.7631575645243376,3.4749094813712356,9.677415054422545,3.218886272139465
CRK,2020-07-24,stress,True,True,D-1,5.53999996185,5.63000011444,5.61999988556,5.46999979019,1.4440419541678962,0,-0.623695079560882,-2.719667546733584,9.677415054422545,1.5686259844313488,6.949809757529812,15.176715753723835,3.0,0.0,0.9368421528139714,1.083031465580797,9.677415054422545,9.677415054422545
CRK,2020-07-27,stress,True,True,D-1,5.59999990463,5.34000015259,5.46999979019,5.44000005722,-2.321430654534784,0,-2.719667546733584,9.677415054422545,1.5686259844313488,6.949809757529812,1.6245515019813306,17.782424002525012,4.0,0.0,0.907407489171473,1.7761972042152907,9.677415054422545,9.677415054422545
CRK,2020-07-28,stress,True,True,D-1,5.34000015259,5.23000001907,5.44000005722,5.36000013351,1.8726573365638988,0,9.677415054422545,1.5686259844313488,6.949809757529812,1.6245515019813306,-5.150976127090989,14.838710603619809,4.0,1.0,0.5760871368046871,7.303368077449268,9.677415054422545,13.287519939571556
CRK,2020-07-29,stress,True,True,D-1,5.23000001907,5.44000005722,5.36000013351,5.38000011444,2.868070646712395,0,1.5686259844313488,6.949809757529812,1.6245515019813306,-5.150976127090989,-2.059927535145256,2.549021899431425,3.0,2.0,0.40476201288263347,9.56022941064749,6.949809757529812,14.054607044195343
CRK,2020-07-30,stress,True,True,D-1,5.28000020981,5.26000022888,5.38000011444,6.17000007629,16.856057407467915,1,6.949809757529812,1.6245515019813306,-5.150976127090989,-2.059927535145256,4.015297081917435,5.019309604172717,3.0,3.0,0.5322580397122739,5.330881595582171,6.949809757529812,6.949809757529812
CRK,2020-07-31,stress,True,True,D-1,5.26000022888,5.36000013351,6.17000007629,6.28999996185,19.581743120747277,1,1.6245515019813306,-5.150976127090989,-2.059927535145256,4.015297081917435,-3.308820339093621,-5.054146839316919,2.0,4.0,0.24193568235019297,8.93535683913984,4.015297081917435,1.6245515019813306
CRK,2020-08-03,stress,True,True,D-1,5.44000005722,5.98999977112,6.28999996185,6.28999996185,15.624998082525309,1,-5.150976127090989,-2.059927535145256,4.015297081917435,-3.308820339093621,1.9011387885679243,-4.795736686354502,2.0,4.0,0.4901963167532872,4.850741521898794,4.015297081917435,5.48588389935365
CRK,2020-08-04,stress,True,True,D-1,6.0,6.15000009537,6.28999996185,6.01999998093,4.833332697500015,1,-2.059927535145256,4.015297081917435,-3.308820339093621,1.9011387885679243,11.753724289507517,12.172277152740119,3.0,0.0,0.8301883821824332,3.0050135567257996,11.753724289507517,4.015297081917435
CRK,2020-08-05,stress,True,True,D-1,6.26999998093,6.03000020981,6.01999998093,6.13000011444,-2.2328527418788657,0,4.015297081917435,-3.308820339093621,1.9011387885679243,11.753724289507517,2.6711240461380514,17.590823574482407,4.0,0.0,0.8813560280962506,2.276420557869563,11.753724289507517,4.015297081917435
CRK,2020-08-06,stress,True,True,D-1,5.90000009537,5.90000009537,6.13000011444,6.59000015259,11.694916035026415,1,-3.308820339093621,1.9011387885679243,11.753724289507517,2.6711240461380514,-1.9512176211239685,10.845590926179272,3.0,1.0,0.7777780041994149,4.311770198896769,11.753724289507517,11.753724289507517
CRK,2020-08-07,stress,True,True,D-1,5.80000019073,6.11000013351,6.59000015259,6.40999984741,13.620688549676906,1,1.9011387885679243,11.753724289507517,2.6711240461380514,-1.9512176211239685,-2.1558890533454167,12.167297312575865,3.0,2.0,0.663793174326035,6.610167121625143,11.753724289507517,15.818764876876145
CRK,2020-08-10,stress,True,True,D-1,6.15000009537,6.21999979019,6.40999984741,6.23999977112,4.22763817899352,1,11.753724289507517,2.6711240461380514,-1.9512176211239685,-2.1558890533454167,3.559322622804628,13.992536964898573,3.0,3.0,0.7882354723106076,2.9459873061671527,11.753724289507517,11.753724289507517
CRK,2020-08-11,stress,True,True,D-1,6.32999992371,5.92999982834,6.23999977112,6.17999982834,-1.4218033755875825,0,2.6711240461380514,-1.9512176211239685,-2.1558890533454167,3.559322622804628,1.800321673918015,3.839733353228403,3.0,0.0,0.6336630905417743,5.948559081682814,3.559322622804628,2.6711240461380514
CRK,2020-08-12,stress,True,True,D-1,6.03000020981,6.17000007629,6.17999982834,6.84000015259,13.432834404586579,1,-1.9512176211239685,-2.1558890533454167,3.559322622804628,1.800321673918015,-4.662378965146907,-3.5772400588355513,2.0,1.0,0.34653448051008695,11.129854019485808,3.559322622804628,6.505317733063254
CRK,2020-08-13,stress,True,True,D-1,6.11000013351,6.01999998093,6.84000015259,6.55999994278,11.947626892450458,1,-2.1558890533454167,3.559322622804628,1.800321673918015,-4.662378965146907,4.047221836382153,2.3217224147395354,3.0,2.0,0.5841584345324926,6.807132432849894,4.047221836382153,4.363176571141702
CRK,2020-08-14,stress,True,True,D-1,5.90000009537,6.46999979019,6.55999994278,6.63999986649,12.542368799293936,1,3.559322622804628,1.800321673918015,-4.662378965146907,4.047221836382153,-2.431119829907602,2.0338963325470027,3.0,3.0,0.2962960346593321,9.468441419694894,4.047221836382153,3.559322622804628
CRK,2020-08-17,stress,True,True,D-1,6.5,6.38000011444,6.63999986649,6.30999994278,2.1538440998461583,0,1.800321673918015,-4.662378965146907,4.047221836382153,-2.431119829907602,7.475079911719229,5.891974612334283,3.0,0.0,0.6063826171519007,5.718707486838026,7.475079911719229,4.047221836382153
CRK,2020-08-18,stress,True,True,D-1,6.38000011444,6.26999998093,6.30999994278,6.05999994278,-1.0971813543007025,0,-4.662378965146907,4.047221836382153,-2.431119829907602,7.475079911719229,-1.3910305822028124,2.5723525666728753,2.0,1.0,0.5106382870758263,7.21003181659623,7.475079911719229,4.047221836382153
CRK,2020-08-19,stress,True,True,D-1,6.25,6.19999980927,6.05999994278,5.98000001907,-3.0400009155199914,0,4.047221836382153,-2.431119829907602,7.475079911719229,-1.3910305822028124,-1.7241399927412804,5.733560917912839,2.0,2.0,0.393616875571534,9.090911856357842,7.475079911719229,10.56626717208431
CRK,2020-08-20,stress,True,True,D-1,5.75,5.76000022888,5.98000001907,6.11999988556,6.434780618434788,1,-2.431119829907602,7.475079911719229,-1.3910305822028124,-1.7241399927412804,-1.11643017341152,0.48621932915824395,1.0,3.0,0.31914861238118786,10.32258650013338,7.475079911719229,10.296401258761223
CRK,2020-08-21,stress,True,True,D-1,5.71999979019,5.84000015259,6.11999988556,6.25,9.265738273609191,1,7.475079911719229,-1.3910305822028124,-1.7241399927412804,-1.11643017341152,-7.096767643962343,-4.31893277198705,1.0,4.0,0.06896584325674625,18.74999793046883,7.475079911719229,15.609047273778998
CRK,2020-08-24,stress,True,True,D-1,5.86999988556,6.03000020981,6.25,6.21000003815,6.473596624333622,1,-1.3910305822028124,-1.7241399927412804,-1.11643017341152,-7.096767643962343,1.3888875092207265,-9.737243555327835,1.0,3.0,0.20000028609999987,13.698624880090215,1.3888875092207265,5.806446254107023
CRK,2020-08-25,stress,True,True,D-1,6.11999988556,6.13000011444,6.21000003815,6.19000005722,1.470590756093837,0,-1.7241399927412804,-1.11643017341152,-7.096767643962343,1.3888875092207265,3.253425552321887,-5.485891823698196,2.0,4.0,0.39000034331999966,10.11608018997434,3.253425552321887,0.0
CRK,2020-08-26,stress,True,True,D-1,6.21000003815,5.86999988556,6.19000005722,6.19000005722,-0.32206088256253596,0,-1.11643017341152,-7.096767643962343,1.3888875092207265,3.253425552321887,1.658373153409065,-2.2328527418788657,3.0,4.0,0.7313435703817887,2.9363756114129336,3.253425552321887,1.3888875092207265
CRK,2020-08-27,stress,True,True,D-1,5.96999979019,6.09000015259,6.19000005722,6.07000017166,3.68509672967674,1,-7.096767643962343,1.3888875092207265,3.253425552321887,1.658373153409065,-4.241439217391452,-5.322579578415421,3.0,1.0,0.3770491290658542,6.473596624333622,3.253425552321887,5.906830505603655
CRK,2020-08-28,stress,True,True,D-1,6.11000013351,6.13000011444,6.07000017166,5.80000019073,-0.6546638457603615,0,1.3888875092207265,3.253425552321887,1.658373153409065,-4.241439217391452,3.7478751502396657,5.729165114532764,4.0,2.0,0.7377052255884842,2.6272552282606165,3.7478751502396657,3.905953465914813
CRK,2020-08-31,stress,True,True,D-1,6.07000017166,5.76000022888,5.80000019073,5.44000005722,-4.448104996612578,0,3.253425552321887,1.658373153409065,-4.241439217391452,3.7478751502396657,0.6568138070240925,4.965752641656818,4.0,3.0,0.7551021599750652,1.9575837409419483,3.7478751502396657,3.253425552321887
CRK,2020-09-01,stress,True,True,D-1,5.76000022888,5.51999998093,5.44000005722,5.32999992371,-5.555558315007614,0,1.658373153409065,-4.241439217391452,3.7478751502396657,0.6568138070240925,-6.035887090579617,-4.477611468250798,3.0,4.0,0.1250003193080688,8.506940132800622,3.7478751502396657,9.1665929735825
CRK,2020-09-02,stress,True,True,D-1,5.42000007629,5.25,5.32999992371,5.23999977112,-1.660519396922322,0,-4.241439217391452,3.7478751502396657,0.6568138070240925,-6.035887090579617,-4.166670805786876,-9.951062351093054,2.0,4.0,0.02816898571176476,12.50000107977809,3.7478751502396657,13.698937501332718
CRK,2020-09-03,stress,True,True,D-1,5.23999977112,5.19000005722,5.23999977112,5.17000007629,0.0,0,3.7478751502396657,0.6568138070240925,-6.035887090579617,-4.166670805786876,-4.8913040192531065,-10.562178835559754,2.0,4.0,0.0961537579791016,17.904762994666655,3.7478751502396657,12.60204543868715
CRK,2020-09-04,stress,True,True,D-1,5.19999980927,5.23999977112,5.17000007629,5.09999990463,-0.5769179630837673,0,0.6568138070240925,-6.035887090579617,-4.166670805786876,-4.8913040192531065,-1.1428560529523901,-14.778326318879342,1.0,4.0,0.07407400866769083,19.267822523602153,0.6568138070240925,6.635073315177242
CRK,2020-09-08,stress,True,True,D-1,5.13999986649,4.92999982834,5.09999990463,5.05000019073,-0.7782093949219471,0,-6.035887090579617,-4.166670805786876,-4.8913040192531065,-1.1428560529523901,0.9633856136560759,-14.518765525362554,1.0,4.0,0.29661001196061215,15.839702992250238,0.9633856136560759,0.19048055009524
CRK,2020-09-09,stress,True,True,D-1,5.0,5.05999994278,5.05000019073,4.84999990463,1.0000038145999923,0,-4.166670805786876,-4.8913040192531065,-1.1428560529523901,0.9633856136560759,-5.916029700774983,-14.409728603455097,1.0,4.0,0.09374965851498723,17.647066788700915,0.9633856136560759,5.009638266155781
CRK,2020-09-10,stress,True,True,D-1,5.05000019073,4.75,4.84999990463,5.01999998093,-0.5940635379592552,0,-4.8913040192531065,-1.1428560529523901,0.9633856136560759,-5.916029700774983,2.636919248814129,-8.333334053245768,2.0,4.0,0.3666663752649541,7.509883769508985,2.636919248814129,4.3984969915622285
CRK,2020-09-11,stress,True,True,D-1,4.73000001907,4.67999982834,5.01999998093,5.07000017166,7.188163873556386,1,-1.1428560529523901,0.9633856136560759,-5.916029700774983,2.636919248814129,-6.126481151888785,-9.523809523809524,2.0,4.0,0.0,12.2105247096842,2.636919248814129,4.614497877499868
CRK,2020-09-14,stress,True,True,D-1,4.73000001907,4.98000001907,5.07000017166,5.25,10.993657057790895,1,0.9633856136560759,-5.916029700774983,2.636919248814129,-6.126481151888785,-1.473687824421055,-9.826593897056323,2.0,4.0,0.05084703297822022,11.965811182062215,2.636919248814129,10.146803018323137
CRK,2020-09-15,stress,True,True,D-1,5.01000022888,4.92999982834,5.25,5.09999990463,4.7904143743652705,1,-5.916029700774983,2.636919248814129,-6.126481151888785,-1.473687824421055,6.410260720808858,-4.961827545928066,2.0,4.0,0.634615261170114,3.8152621785628282,6.410260720808858,2.636919248814129
CRK,2020-09-16,stress,True,True,D-1,5.03000020981,5.05000019073,5.09999990463,5.13999986649,2.1868718109686824,0,2.636919248814129,-6.126481151888785,-1.473687824421055,6.410260720808858,-1.0040198903320086,0.0,2.0,4.0,0.6222218925613413,3.448277529600685,6.410260720808858,2.636919248814129
CRK,2020-09-17,stress,True,True,D-1,4.96999979019,4.92000007629,5.13999986649,5.03000020981,3.4205248184427273,1,-6.126481151888785,-1.473687824421055,6.410260720808858,-1.0040198903320086,2.434084514570989,-0.19762356053519836,2.0,0.0,0.666666931566708,3.9603921131949438,6.410260720808858,6.410260720808858
CRK,2020-09-18,stress,True,True,D-1,4.94999980927,5.11000013351,5.03000020981,5.11000013351,3.232329907172171,1,-1.473687824421055,6.410260720808858,-1.0040198903320086,2.434084514570989,-2.5742595946557256,3.578948974526308,2.0,1.0,0.45000003972750613,6.707315418556692,6.410260720808858,6.613095455051976
CRK,2020-09-21,stress,True,True,D-1,5.0,4.98000001907,5.11000013351,5.0,2.2000026701999964,0,6.410260720808858,-1.0040198903320086,2.434084514570989,-2.5742595946557256,3.861789721013009,9.18804104577331,3.0,2.0,0.7454548764716202,2.7397233430958012,6.410260720808858,6.410260720808858
CRK,2020-09-22,stress,True,True,D-1,5.0,4.88000011444,5.0,5.07999992371,1.599998474200004,0,-1.0040198903320086,2.434084514570989,-2.5742595946557256,3.861789721013009,-2.544033484216446,0.0,2.0,3.0,0.3999997880710223,5.421686343294874,3.861789721013009,2.434084514570989
CRK,2020-09-23,stress,True,True,D-1,4.92000007629,4.76999998093,5.07999992371,4.96999979019,3.25202936867941,1,2.434084514570989,-2.5742595946557256,3.861789721013009,-2.544033484216446,-2.008030205764444,-1.0141930150296963,2.0,4.0,0.17777768359452778,7.581964690229515,3.861789721013009,8.362768450186076
CRK,2020-09-24,stress,True,True,D-1,4.82999992371,4.96000003815,4.96999979019,4.71999979019,2.8985480060311097,0,-2.5742595946557256,3.861789721013009,-2.544033484216446,-2.008030205764444,-2.254101043655876,-5.54455840049235,1.0,3.0,0.0,7.756811049040335,3.861789721013009,8.07865794060827
CRK,2020-09-25,stress,True,True,D-1,4.90000009537,4.63999986649,4.71999979019,4.67999982834,-3.6734755444205347,0,3.861789721013009,-2.544033484216446,-2.008030205764444,-2.254101043655876,3.9832297270356642,0.8130073422714768,2.0,4.0,0.5813955809357327,3.6290287692646306,3.9832297270356642,3.861789721013009
CRK,2020-09-28,stress,True,True,D-1,4.69999980927,4.67000007629,4.67999982834,4.53999996185,-0.42553152641737757,0,-2.544033484216446,-2.008030205764444,-2.254101043655876,3.9832297270356642,-6.451616314490072,-9.197656648536368,1.0,3.0,0.05999946596000072,10.129316391026943,3.9832297270356642,2.7253692863674517
CRK,2020-09-29,stress,True,True,D-1,4.65999984741,4.53999996185,4.53999996185,4.46000003815,-2.5751049246642066,0,-2.008030205764444,-2.254101043655876,3.9832297270356642,-6.451616314490072,0.646556264293463,-6.224898425560488,2.0,4.0,0.27868858865948626,9.421842613106545,3.9832297270356642,9.830003106661788
CRK,2020-09-30,stress,True,True,D-1,4.51000022888,4.38000011444,4.46000003815,4.51999998093,0.22172398098709856,0,-2.254101043655876,3.9832297270356642,-6.451616314490072,0.646556264293463,-2.7837283151240566,-6.967216078211413,2.0,3.0,0.31645571148053286,11.894272387613757,3.9832297270356642,6.138400147668587
CRK,2020-10-01,stress,True,True,D-1,4.36000013351,4.36000013351,4.51999998093,4.82000017166,10.550459267524825,1,3.9832297270356642,-6.451616314490072,0.646556264293463,-2.7837283151240566,-3.5242257434910385,-8.176097862666287,2.0,4.0,0.11392424928489883,15.981730387682846,3.9832297270356642,10.193078915740294
CRK,2020-10-02,stress,True,True,D-1,4.26000022888,4.44999980927,4.82000017166,4.98000001907,16.901402617513384,1,-6.451616314490072,0.646556264293463,-2.7837283151240566,-3.5242257434910385,-0.4566205572475668,-12.096772177925018,1.0,4.0,0.10294145489842584,13.990817385340826,0.646556264293463,4.611310225803466
CRK,2020-10-05,stress,True,True,D-1,4.51000022888,4.76999998093,4.98000001907,5.32999992371,18.181810492582517,1,0.646556264293463,-2.7837283151240566,-3.5242257434910385,-0.4566205572475668,2.0642126835795915,-4.094828937219952,2.0,4.0,0.41304295997351387,6.067415561626555,2.0642126835795915,0.646556264293463
CRK,2020-10-06,stress,True,True,D-1,4.90000009537,4.82000017166,5.32999992371,5.36999988556,9.591832266168776,1,-2.7837283151240566,-3.5242257434910385,-0.4566205572475668,2.0642126835795915,7.191015401694889,2.14132554617521,2.0,0.0,0.9107139360018767,1.0482220320733093,7.191015401694889,0.0
CRK,2020-10-07,stress,True,True,D-1,4.90000009537,5.28000020981,5.36999988556,5.67000007629,15.71428501904666,1,-3.5242257434910385,-0.4566205572475668,2.0642126835795915,7.191015401694889,1.0482220320733093,6.167405554248129,3.0,0.0,0.7777779249522035,3.3194987907001705,7.191015401694889,2.0642126835795915
CRK,2020-10-08,stress,True,True,D-1,5.30999994278,5.36000013351,5.67000007629,5.76999998093,8.662901000130162,1,-0.4566205572475668,2.0642126835795915,7.191015401694889,1.0482220320733093,9.543568916338362,20.54794684600296,4.0,0.0,0.9532712820932683,0.946964240779824,9.543568916338362,7.191015401694889
CRK,2020-10-09,stress,True,True,D-1,5.51999998093,5.65000009537,5.76999998093,5.78000020981,4.710149090185234,1,2.0642126835795915,7.191015401694889,1.0482220320733093,9.543568916338362,1.5151500098686377,22.935779114184427,5.0,0.0,0.990991211582975,0.1865625335992771,9.543568916338362,7.191015401694889
CRK,2020-10-12,stress,True,True,D-1,5.61000013351,5.69999980927,5.78000020981,5.73999977112,3.030304318257415,1,7.191015401694889,1.0482220320733093,9.543568916338362,1.5151500098686377,5.410446914860323,26.966299719838727,5.0,0.0,0.9829060003282919,0.3539819572107472,9.543568916338362,9.543568916338362
CRK,2020-10-13,stress,True,True,D-1,5.67000007629,5.65999984741,5.73999977112,5.76999998093,1.763666724770685,0,1.0482220320733093,9.543568916338362,1.5151500098686377,5.410446914860323,0.884950673557916,19.49685182511636,5.0,0.0,0.930692882331981,1.2280732281105822,9.543568916338362,9.543568916338362
CRK,2020-10-14,stress,True,True,D-1,5.61999988556,5.53999996185,5.76999998093,5.75,2.669040897232211,0,9.543568916338362,1.5151500098686377,5.410446914860323,0.884950673557916,-0.7017537403237739,17.427378544277204,4.0,0.0,0.8736838670937324,2.1201478027408793,9.543568916338362,9.543568916338362
CRK,2020-10-15,stress,True,True,D-1,5.46999979019,5.67000007629,5.75,6.09999990463,11.517369992771354,1,1.5151500098686377,5.410446914860323,0.884950673557916,-0.7017537403237739,-2.1201393780056588,4.924237532357156,3.0,1.0,0.5932200239161985,4.3321344695434805,5.410446914860323,8.21746187580452
CRK,2020-10-16,stress,True,True,D-1,5.65000009537,5.65999984741,6.09999990463,5.78000020981,7.964598259542699,1,5.410446914860323,0.884950673557916,-0.7017537403237739,-2.1201393780056588,2.3465724789750286,5.78358087795412,3.0,2.0,0.7027026330285566,1.9400376021154297,5.410446914860323,5.410446914860323
CRK,2020-10-19,stress,True,True,D-1,5.90000009537,5.61000013351,5.78000020981,5.96999979019,1.1864354862457072,0,0.884950673557916,-0.7017537403237739,-2.1201393780056588,2.3465724789750286,-0.17637087734474477,0.17698675878243808,2.0,3.0,0.675675013879392,2.1201478027408793,2.3465724789750286,0.884950673557916
CRK,2020-10-20,stress,True,True,D-1,5.67000007629,5.55000019073,5.96999979019,6.28000020981,10.758379635139903,1,-0.7017537403237739,-2.1201393780056588,2.3465724789750286,-0.17637087734474477,-0.8833871951936523,-1.5789417328336164,1.0,0.0,0.28985546306444976,8.734398564326273,2.3465724789750286,3.404772513766907
CRK,2020-10-21,stress,True,True,D-1,5.63000011444,5.78999996185,6.28000020981,6.21999979019,11.545294532105954,1,-2.1201393780056588,2.3465724789750286,-0.17637087734474477,-0.8833871951936523,-1.0695176711602028,-1.9434568841964928,1.0,1.0,0.20289903146393787,9.9099044143935,2.3465724789750286,4.290029363171522
CRK,2020-10-22,stress,True,True,D-1,5.82000017166,6.13000011444,6.21999979019,5.92000007629,6.872845476496114,1,2.3465724789750286,-0.17637087734474477,-0.8833871951936523,-1.0695176711602028,4.324320051751807,4.512635410136645,2.0,2.0,0.5507247578659854,5.354057768956344,4.324320051751807,2.3465724789750286
CRK,2020-10-23,stress,True,True,D-1,6.13000011444,6.01999998093,5.92000007629,5.75,-3.4257754360447312,0,-0.17637087734474477,-0.8833871951936523,-1.0695176711602028,4.324320051751807,5.872196111057715,8.112875343221981,2.0,0.0,0.7945204226719865,2.4469835655737793,5.872196111057715,0.0
CRK,2020-10-26,stress,True,True,D-1,5.90000009537,5.69999980927,5.75,5.44000005722,-2.5423744567006357,0,-0.8833871951936523,-1.0695176711602028,4.324320051751807,5.872196111057715,-1.7944556518176946,6.360426558752197,2.0,1.0,0.6438353122131811,4.318940692751205,5.872196111057715,4.324320051751807
CRK,2020-10-27,stress,True,True,D-1,5.67999982834,5.48000001907,5.44000005722,5.38999986649,-4.225348210796353,0,-1.0695176711602028,4.324320051751807,5.872196111057715,-1.7944556518176946,-5.315617486273883,1.6042722570077883,2.0,2.0,0.2054789241362505,10.175445963993468,5.872196111057715,12.886882850737846
CRK,2020-10-28,stress,True,True,D-1,5.30999994278,5.32000017166,5.38999986649,5.36999988556,1.5065899166115004,0,4.324320051751807,5.872196111057715,-1.7944556518176946,-5.315617486273883,-3.859645571254422,-1.261264310889909,2.0,3.0,0.012345955184432546,14.598543575840473,5.872196111057715,14.842295173692222
CRK,2020-10-29,stress,True,True,D-1,5.26000022888,5.38000011444,5.36999988556,5.36000013351,2.0912481348583922,0,5.872196111057715,-1.7944556518176946,-5.315617486273883,-3.859645571254422,-2.919705234547665,-8.117440298563105,1.0,4.0,0.058823474413494,18.045112916799976,5.872196111057715,12.538856643080898
CRK,2020-10-30,stress,True,True,D-1,5.36999988556,5.30999994278,5.36000013351,5.46999979019,1.862195656631216,0,-1.7944556518176946,-5.315617486273883,-3.859645571254422,-2.919705234547665,1.1278184369170274,-12.23491004891304,1.0,4.0,0.25663721668612993,15.613376540558587,1.1278184369170274,1.824815771569499
CRK,2020-11-02,stress,True,True,D-1,5.34999990463,5.32999992371,5.46999979019,5.28000020981,2.2429885551240814,0,-5.315617486273883,-3.859645571254422,-2.919705234547665,1.1278184369170274,-1.3011184046654134,-11.794020604636534,1.0,4.0,0.2650600125470833,11.487761583489586,1.1278184369170274,0.1879742210023183
CRK,2020-11-03,stress,True,True,D-1,5.40999984741,5.21999979019,5.28000020981,4.76999998093,-2.4029508552063317,0,-3.859645571254422,-2.919705234547665,1.1278184369170274,-1.3011184046654134,0.376647479199943,-6.491226279661689,2.0,4.0,0.3636361009200494,7.879926497215695,1.1278184369170274,2.057189992055075
CRK,2020-11-04,stress,True,True,D-1,5.17000007629,5.07000017166,4.76999998093,4.65999984741,-7.736945637475523,0,-2.919705234547665,1.1278184369170274,-1.3011184046654134,0.376647479199943,-2.0637924032733013,-4.744529707576972,2.0,0.0,0.3421046357334738,4.789272223148888,1.1278184369170274,2.8227365830532314
CRK,2020-11-05,stress,True,True,D-1,4.61000013351,4.55999994278,4.65999984741,4.76000022888,3.2537980699751445,1,1.1278184369170274,-1.3011184046654134,0.376647479199943,-2.0637924032733013,-2.8735560260346293,-4.699247968670505,2.0,1.0,0.23076993614055832,7.88953855989778,1.1278184369170274,6.005862635255855
CRK,2020-11-06,stress,True,True,D-1,4.65999984741,4.44999980927,4.76000022888,4.73999977112,2.145931003100343,0,-1.3011184046654134,0.376647479199943,-2.0637924032733013,-2.8735560260346293,-10.059175771448103,-15.241638554228032,1.0,2.0,0.14953261032183363,19.95613725501977,0.376647479199943,13.020323225132813
CRK,2020-11-09,stress,True,True,D-1,4.76000022888,4.38999986649,4.73999977112,5.11999988556,7.563017633818614,1,0.376647479199943,-2.0637924032733013,-2.8735560260346293,-10.059175771448103,-2.4122836598751918,-16.195859562660463,1.0,3.0,0.046728717907168475,22.921348868267156,0.376647479199943,12.605451057070471
CRK,2020-11-10,stress,True,True,D-1,4.44000005722,4.71000003815,5.11999988556,4.88000011444,15.315311251724761,1,-2.0637924032733013,-2.8735560260346293,-10.059175771448103,-2.4122836598751918,-1.3483133786885038,-17.636023840047322,0.0,4.0,0.03571425530994625,24.601365752739945,-1.3483133786885038,3.728071895245677
CRK,2020-11-11,stress,True,True,D-1,4.82999992371,4.84999990463,4.88000011444,5.07999992371,5.1759835186078185,1,-2.8735560260346293,-10.059175771448103,-2.4122836598751918,-1.3483133786885038,7.28929798159319,-9.770110585031988,1.0,4.0,0.38709679073742065,12.10191437458854,7.28929798159319,0.0
CRK,2020-11-12,stress,True,True,D-1,4.78000020981,4.65000009537,5.07999992371,5.03000020981,6.276144366778702,1,-10.059175771448103,-2.4122836598751918,-1.3483133786885038,7.28929798159319,2.972396291847801,-4.339255613042092,2.0,0.0,0.6493506654326192,5.567010025551711,7.28929798159319,0.0
CRK,2020-11-13,stress,True,True,D-1,4.67999982834,4.92000007629,5.03000020981,4.96000003815,7.478640904013578,1,-2.4122836598751918,-1.3483133786885038,7.28929798159319,2.972396291847801,-4.123707488510919,1.9736875815645538,2.0,1.0,0.389610646973864,10.107522162375403,7.28929798159319,8.56318210673146
CRK,2020-11-16,stress,True,True,D-1,5.03000020981,4.73000001907,4.96000003815,5.03000020981,0.0,0,-1.3483133786885038,7.28929798159319,2.972396291847801,-4.123707488510919,5.806451083492203,10.561804205944458,3.0,2.0,0.7402599815282567,4.065036710747649,7.28929798159319,7.28929798159319
CRK,2020-11-17,stress,True,True,D-1,4.67999982834,4.86999988556,5.03000020981,4.73000001907,7.478640904013578,1,7.28929798159319,2.972396291847801,-4.123707488510919,5.806451083492203,-3.8617897210130203,7.744878426427948,3.0,3.0,0.4583333609207255,8.245240273100052,7.28929798159319,7.28929798159319
CRK,2020-11-18,stress,True,True,D-1,4.88000011444,4.73999977112,4.73000001907,4.73999977112,-2.868859426985182,0,2.972396291847801,-4.123707488510919,5.806451083492203,-3.8617897210130203,2.959828032252876,3.3970243336313377,3.0,4.0,0.5689654605454741,5.133470346503977,5.806451083492203,6.822715106961552
CRK,2020-11-19,stress,True,True,D-1,4.67000007629,4.67999982834,4.73999977112,4.76000022888,1.9271980967824565,0,-4.123707488510919,5.806451083492203,-3.8617897210130203,2.959828032252876,-2.6694069300794654,-2.268044034495531,2.0,3.0,0.370370043325765,7.172999346151077,5.806451083492203,5.806451083492203
CRK,2020-11-20,stress,True,True,D-1,4.67000007629,4.57999992371,4.76000022888,5.15000009537,10.278372831662308,1,5.806451083492203,-3.8617897210130203,2.959828032252876,-2.6694069300794654,-1.2658216387597676,0.6451555345099891,2.0,4.0,0.18367289344704396,8.547010898329033,5.806451083492203,9.707889721783925
CRK,2020-11-23,stress,True,True,D-1,4.61000013351,4.67999982834,5.15000009537,5.21999979019,13.232096290972418,1,-3.8617897210130203,2.959828032252876,-2.6694069300794654,-1.2658216387597676,-2.1367501773065234,-6.910572099754564,1.0,4.0,0.15094319252945052,9.825333921304512,2.959828032252876,6.335352402208572
CRK,2020-11-24,stress,True,True,D-1,4.80999994278,5.11999988556,5.21999979019,5.15000009537,8.523905452960046,1,2.959828032252876,-2.6694069300794654,-1.2658216387597676,-2.1367501773065234,2.1834040675921207,-1.0570864805161562,2.0,3.0,0.3396221831771123,7.478640904013578,2.959828032252876,2.959828032252876
CRK,2020-11-25,stress,True,True,D-1,5.11999988556,5.09999990463,5.15000009537,5.05000019073,0.5859416109482707,0,-2.6694069300794654,-1.2658216387597676,-2.1367501773065234,2.1834040675921207,9.40171096920892,5.133470346503977,2.0,0.0,0.9538458378334194,0.5859416109482707,9.40171096920892,0.0
CRK,2020-11-27,stress,True,True,D-1,5.07000017166,5.05999994278,5.05000019073,5.07000017166,0.0,0,-1.2658216387597676,-2.1367501773065234,2.1834040675921207,9.40171096920892,-0.39062463627014266,7.594939892263675,2.0,0.0,0.8333334437106797,2.3529389765489794,9.40171096920892,2.1834040675921207
CRK,2020-11-30,stress,True,True,D-1,5.03000020981,4.86999988556,5.07000017166,5.03000020981,0.79522783661099,0,-2.1367501773065234,2.1834040675921207,9.40171096920892,-0.39062463627014266,-0.7843129921176195,8.119660862782263,2.0,1.0,0.7777779249522035,3.1620523561131764,9.40171096920892,10.573584877824016
CRK,2020-12-01,stress,True,True,D-1,4.96000003815,4.75,5.03000020981,4.78000020981,1.4112937726127317,0,2.1834040675921207,9.40171096920892,-0.39062463627014266,-0.7843129921176195,-3.7549418847544924,6.331877001759589,2.0,2.0,0.4776117703471926,7.186856526789298,9.40171096920892,13.911515349032443
CRK,2020-12-02,stress,True,True,D-1,4.76000022888,4.76999998093,4.78000020981,4.88999986649,2.73108469241794,0,9.40171096920892,-0.39062463627014266,-0.7843129921176195,-3.7549418847544924,-2.4640634164245334,1.4957302185378385,1.0,3.0,0.09615421647042709,9.894732425052633,9.40171096920892,15.528192121097707
CRK,2020-12-03,stress,True,True,D-1,4.76999998093,4.55000019073,4.88999986649,4.80000019073,2.5157208813364473,0,-0.39062463627014266,-0.7843129921176195,-3.7549418847544924,-2.4640634164245334,0.4210522301052677,-6.835935790098546,1.0,4.0,0.13461571967012953,9.433958303124879,0.4210522301052677,2.0533861802853326
CRK,2020-12-04,stress,True,True,D-1,4.61000013351,4.84999990463,4.80000019073,4.76999998093,4.121476176082806,1,-0.7843129921176195,-3.7549418847544924,-2.4640634164245334,0.4210522301052677,-4.612154949256563,-10.784308317352842,1.0,4.0,0.06249995342870049,13.18681053821531,0.4210522301052677,4.21052230042106
CRK,2020-12-07,stress,True,True,D-1,4.75,4.67999982834,4.76999998093,4.78999996185,0.8421044600000149,0,-3.7549418847544924,-2.4640634164245334,0.4210522301052677,-4.612154949256563,6.593400029107865,-4.150198429342766,2.0,3.0,0.6071423401619361,4.536088069197275,6.593400029107865,0.4210522301052677
CRK,2020-12-08,stress,True,True,D-1,4.61000013351,4.63000011444,4.78999996185,4.96000003815,7.592188600947258,1,-2.4640634164245334,0.4210522301052677,-4.612154949256563,6.593400029107865,-3.5051562810900494,-3.901438638291721,2.0,4.0,0.3035707443398528,8.333340974893444,6.593400029107865,0.4210522301052677
CRK,2020-12-09,stress,True,True,D-1,4.67999982834,4.59000015259,4.96000003815,4.94999980927,5.98291068547574,1,0.4210522301052677,-4.612154949256563,6.593400029107865,-3.5051562810900494,-1.0683699943154767,-2.526313380210532,2.0,4.0,0.23076901915531686,8.639310701580417,6.593400029107865,11.129478266552361
CRK,2020-12-10,stress,True,True,D-1,4.59000015259,4.96000003815,4.94999980927,4.88999986649,7.843129514426339,1,-4.612154949256563,6.593400029107865,-3.5051562810900494,-1.0683699943154767,-0.8639300402012551,-3.773581322004649,1.0,3.0,0.21052631579639877,6.535941262021949,6.593400029107865,8.516470094303196
CRK,2020-12-11,stress,True,True,D-1,4.88999986649,4.73000001907,4.88999986649,4.76000022888,0.0,0,6.593400029107865,-3.5051562810900494,-1.0683699943154767,-0.8639300402012551,8.060999417423108,9.0109852798538,2.0,0.0,1.0,0.0,8.060999417423108,6.593400029107865
CRK,2020-12-14,stress,True,True,D-1,4.82999992371,4.71999979019,4.76000022888,4.78000020981,-1.035190780326034,0,-3.5051562810900494,-1.0683699943154767,-0.8639300402012551,8.060999417423108,-4.63709712320457,-2.4742244931890145,1.0,1.0,0.47727275188739476,4.862579664962063,8.060999417423108,0.0
CRK,2020-12-15,stress,True,True,D-1,4.63999986649,4.73000001907,4.78000020981,4.63000011444,3.0172488652657092,1,-1.0683699943154767,-0.8639300402012551,8.060999417423108,-4.63709712320457,-0.21142132853450013,0.854700070879888,1.0,2.0,0.45454496193394944,5.084751242125329,8.060999417423108,12.899714056818866
CRK,2020-12-16,stress,True,True,D-1,4.76999998093,4.53000020981,4.63000011444,4.59000015259,-2.9350076949623882,0,-0.8639300402012551,8.060999417423108,-4.63709712320457,-0.21142132853450013,0.211869265350062,2.159825100611168,2.0,3.0,0.47727275188739476,4.862579664962063,8.060999417423108,8.060999417423108
CRK,2020-12-17,stress,True,True,D-1,4.55000019073,4.55000019073,4.59000015259,4.57000017166,0.8791200040275893,0,8.060999417423108,-4.63709712320457,-0.21142132853450013,0.211869265350062,-4.228325760119633,-1.3071882524043898,2.0,4.0,0.02272778995344531,9.492269501639505,8.060999417423108,12.086414434917247
CRK,2020-12-18,stress,True,True,D-1,4.55000019073,4.53999996185,4.57000017166,4.59000015259,0.8791200040275893,0,-4.63709712320457,-0.21142132853450013,0.211869265350062,-4.228325760119633,0.4415006621123041,-8.266125892469212,2.0,4.0,0.14893660192957117,8.791200038957037,0.4415006621123041,4.017362449584583
CRK,2020-12-21,stress,True,True,D-1,4.44999980927,4.51999998093,4.59000015259,4.78000020981,7.415739655821119,1,-0.21142132853450013,0.211869265350062,-4.228325760119633,0.4415006621123041,-0.21978524089676377,-4.016914512769009,2.0,4.0,0.1666670451031065,7.709249065662527,0.4415006621123041,0.211869265350062
CRK,2020-12-22,stress,True,True,D-1,4.53000020981,4.44000005722,4.78000020981,4.71000003815,5.51876354130425,1,0.211869265350062,-4.228325760119633,0.4415006621123041,-0.21978524089676377,-0.4405282177987302,-4.237284282844211,2.0,3.0,0.36585360180968096,5.752217477366095,0.4415006621123041,1.1008459048030828
CRK,2020-12-23,stress,True,True,D-1,4.46000003815,4.67999982834,4.71000003815,4.46999979019,5.605381117971908,1,-4.228325760119633,0.4415006621123041,-0.21978524089676377,-0.4405282177987302,-1.7699098240602118,-6.131077392828832,1.0,4.0,0.17073199097597905,7.657660995682125,0.4415006621123041,2.644141751766671
CRK,2020-12-24,stress,True,True,D-1,4.69999980927,4.48999977112,4.46999979019,4.40000009537,-4.893617625821212,0,0.4415006621123041,-0.21978524089676377,-0.4405282177987302,-1.7699098240602118,5.405400180788966,3.311249703811625,2.0,0.0,0.7560968234526945,2.136760366195789,5.405400180788966,0.4415006621123041
CRK,2020-12-28,stress,True,True,D-1,4.42000007629,4.34999990463,4.40000009537,4.44999980927,0.6787269787827954,0,-0.21978524089676377,-0.4405282177987302,-1.7699098240602118,5.405400180788966,-4.0598304313911315,-1.3186904856013482,1.0,1.0,0.2926824162383566,6.4588074270137685,5.405400180788966,0.0
CRK,2020-12-29,stress,True,True,D-1,4.34999990463,4.26999998093,4.44999980927,4.44999980927,2.2988484329290237,0,-0.4405282177987302,-1.7699098240602118,5.405400180788966,-4.0598304313911315,-3.1180372745337137,-4.185023321951253,1.0,2.0,0.20370378545775222,9.885064703618074,5.405400180788966,12.456680860580171
CRK,2020-12-30,stress,True,True,D-1,4.28999996185,4.38999986649,4.44999980927,4.57000017166,6.526811475523964,1,-1.7699098240602118,5.405400180788966,-4.0598304313911315,-3.1180372745337137,-1.8390787460673463,-5.530973474662759,1.0,3.0,0.05555589895959729,11.943799324535886,5.405400180788966,10.305173040579618
CRK,2020-12-31,stress,True,True,D-1,4.42999982834,4.36999988556,4.57000017166,4.98999977112,12.641082719631669,1,5.405400180788966,-4.0598304313911315,-3.1180372745337137,-1.8390787460673463,2.810301782105973,-1.1261304073339584,2.0,4.0,0.277777728725349,8.883834969950065,5.405400180788966,5.405400180788966
CRK,2021-01-04,stress,True,True,D-1,4.40000009537,4.53000020981,4.98999977112,5.03000020981,14.318184108744259,1,-4.0598304313911315,-3.1180372745337137,-1.8390787460673463,2.810301782105973,-0.45558044506253115,-6.623930644244414,1.0,4.0,0.27659583102258684,7.7803240616430624,2.810301782105973,0.0
CRK,2021-01-05,stress,True,True,D-1,4.55000019073,4.80999994278,5.03000020981,5.13000011444,12.747250536201516,1,-3.1180372745337137,-1.8390787460673463,2.810301782105973,-0.45558044506253115,3.66133474691146,0.8908784126735458,2.0,0.0,0.8787881415157497,0.8830013244453649,3.66133474691146,2.810301782105973
CRK,2021-01-06,stress,True,True,D-1,4.90000009537,5.01000022888,5.13000011444,5.0,4.693877848845873,1,-1.8390787460673463,2.810301782105973,-0.45558044506253115,3.66133474691146,6.181009271559046,10.574713752531139,3.0,0.0,0.7600002288800004,3.7422002179061664,6.181009271559046,2.810301782105973
CRK,2021-01-07,stress,True,True,D-1,5.03000020981,4.96000003815,5.0,5.0,-0.5964256174679772,0,2.810301782105973,-0.45558044506253115,3.66133474691146,6.181009271559046,4.158010155492997,17.330216657022767,4.0,0.0,0.9729730077994773,0.39920119793031006,6.181009271559046,3.66133474691146
CRK,2021-01-08,stress,True,True,D-1,5.0,4.90999984741,5.0,5.38999986649,7.7999973298000125,1,-0.45558044506253115,3.66133474691146,6.181009271559046,4.158010155492997,-0.998007753408392,12.984058974829527,3.0,0.0,0.7976189935610923,3.427420866581432,6.181009271559046,6.181009271559046
CRK,2021-01-11,stress,True,True,D-1,4.73000001907,4.98000001907,5.38999986649,5.36999988556,13.95348509004377,1,3.66133474691146,6.181009271559046,4.158010155492997,-0.998007753408392,-1.0080683539399504,12.356978855636758,3.0,1.0,0.698629779064562,4.480657308900904,6.181009271559046,8.177024778575415
CRK,2021-01-12,stress,True,True,D-1,5.05999994278,5.34000015259,5.36999988556,5.46999979019,8.102763874434803,1,6.181009271559046,4.158010155492997,-0.998007753408392,-1.0080683539399504,1.4256654548965964,9.93377016375181,3.0,2.0,0.7413791118962294,3.012050096297214,6.181009271559046,6.181009271559046
CRK,2021-01-13,stress,True,True,D-1,5.30999994278,5.26000022888,5.46999979019,5.34999990463,3.013179833034685,1,4.158010155492997,-0.998007753408392,-1.0080683539399504,1.4256654548965964,7.228918316093269,11.018715511744471,3.0,0.0,0.9295778715304284,0.9363242035816954,7.228918316093269,4.158010155492997
CRK,2021-01-14,stress,True,True,D-1,5.28000020981,5.32000017166,5.34999990463,5.28999996185,1.3257517431522814,0,-0.998007753408392,-1.0080683539399504,1.4256654548965964,7.228918316093269,-1.4981258693634758,4.990019732112638,2.0,1.0,0.8169019286974527,2.471475892648023,7.228918316093269,1.4256654548965964
CRK,2021-01-15,stress,True,True,D-1,5.30000019073,5.26999998093,5.28999996185,5.15999984741,-0.18868355698344885,0,-1.0080683539399504,1.4256654548965964,7.228918316093269,-1.4981258693634758,1.1406832731787997,7.258067152037251,3.0,0.0,0.8101270559827182,2.819541610713805,7.228918316093269,7.603449783480953
CRK,2021-01-19,stress,True,True,D-1,5.28999996185,5.05000019073,5.15999984741,4.73000001907,-2.4574690997641757,0,1.4256654548965964,7.228918316093269,-1.4981258693634758,1.1406832731787997,-0.9398531788843756,7.331978507288506,3.0,1.0,0.7468356722554185,3.795062808040206,7.228918316093269,7.228918316093269
CRK,2021-01-20,stress,True,True,D-1,5.07000017166,4.67999982834,4.73000001907,4.76000022888,-6.114397086469947,0,7.228918316093269,-1.4981258693634758,1.1406832731787997,-0.9398531788843756,-4.17456908910988,1.405625931565191,2.0,2.0,0.12500086922131892,8.316823437570765,7.228918316093269,12.30410576379879
CRK,2021-01-21,stress,True,True,D-1,4.67999982834,4.73000001907,4.76000022888,4.86000013351,3.8461605079555428,1,-1.4981258693634758,1.1406832731787997,-0.9398531788843756,-4.17456908910988,-7.326739572588304,-12.359556280721973,1.0,3.0,0.04819272955072869,16.88034168433323,1.1406832731787997,12.336132129440136
CRK,2021-01-22,stress,True,True,D-1,4.63999986649,4.73999977112,4.86000013351,5.01000022888,7.974145970609525,1,1.1406832731787997,-0.9398531788843756,-4.17456908910988,-7.326739572588304,1.0683801829910688,-10.076049177717461,2.0,4.0,0.1868133019734525,15.644815394007061,1.1406832731787997,7.477320096428941
CRK,2021-01-25,stress,True,True,D-1,4.73000001907,4.78999996185,5.01000022888,4.76000022888,5.9196661454782085,1,-0.9398531788843756,-4.17456908910988,-7.326739572588304,1.0683801829910688,0.21141124756201002,-10.90226281626271,2.0,4.0,0.27380908455070907,12.869201750317071,1.0683801829910688,0.0
CRK,2021-01-26,stress,True,True,D-1,4.84000015259,4.69999980927,4.76000022888,4.82000017166,-0.4132227334599836,0,-4.17456908910988,-7.326739572588304,1.0683801829910688,0.21141124756201002,1.054856395450554,-9.108159787797444,3.0,4.0,0.35897413952162144,10.438413444305938,1.0683801829910688,1.0683801829910688
CRK,2021-01-27,stress,True,True,D-1,4.61999988556,4.61999988556,4.82000017166,4.76999998093,4.32901062887705,1,-7.326739572588304,1.0683801829910688,0.21141124756201002,1.054856395450554,-1.8789176053613188,-6.9307003612093965,3.0,4.0,0.29230721830220757,9.787235251216874,1.0683801829910688,1.9122612754272406
CRK,2021-01-28,stress,True,True,D-1,4.65000009537,4.63999986649,4.76999998093,4.88000011444,4.946236867801579,1,1.0683801829910688,0.21141124756201002,1.054856395450554,-1.8789176053613188,-1.7021261054567027,-1.2820501064266354,3.0,1.0,0.39062479045421417,8.441566081829599,1.0683801829910688,4.617442346748213
CRK,2021-01-29,stress,True,True,D-1,4.59000015259,4.55000019073,4.88000011444,4.94000005722,7.625269999882356,1,0.21141124756201002,1.054856395450554,-1.8789176053613188,-1.7021261054567027,0.43290003085303397,-1.90275163249779,3.0,2.0,0.42187474389369195,7.974145970609525,1.054856395450554,2.3314509744898904
CRK,2021-02-01,stress,True,True,D-1,4.67999982834,4.78000020981,4.94000005722,4.92000007629,5.55556064992897,1,1.054856395450554,-1.8789176053613188,-1.7021261054567027,0.43290003085303397,-1.9396482402936455,-4.008430159588505,2.0,3.0,0.2812503259549022,10.109890524558374,1.054856395450554,2.5700013427218282
CRK,2021-02-02,stress,True,True,D-1,4.88000011444,4.69000005722,4.92000007629,4.96999979019,1.8442556073654526,0,-1.8789176053613188,-1.7021261054567027,0.43290003085303397,-1.9396482402936455,5.054945262389077,-0.20876309226813827,2.0,4.0,0.6406251629852636,4.811715668923422,5.054945262389077,0.43290003085303397
CRK,2021-02-03,stress,True,True,D-1,4.67999982834,4.88000011444,4.96999979019,5.0,6.837610756355628,1,-1.7021261054567027,0.43290003085303397,-1.9396482402936455,5.054945262389077,-1.8828482978994976,-0.21276069054891877,2.0,0.0,0.5614036408586855,5.330490340083016,5.054945262389077,0.43290003085303397
CRK,2021-02-04,stress,True,True,D-1,4.88999986649,4.94000005722,5.0,5.09999990463,4.294479424817155,1,0.43290003085303397,-1.9396482402936455,5.054945262389077,-1.8828482978994976,4.051173878505709,5.627710721219725,3.0,1.0,0.857143019329902,1.2295069953473847,5.054945262389077,5.054945262389077
CRK,2021-02-05,stress,True,True,D-1,5.0,4.84999990463,5.09999990463,5.03999996185,1.999998092599986,0,-1.9396482402936455,5.054945262389077,-1.8828482978994976,4.051173878505709,1.2295069953473847,6.4655215379766595,3.0,0.0,0.9333338984757944,0.6072820368929976,5.054945262389077,5.054945262389077
CRK,2021-02-08,stress,True,True,D-1,4.92999982834,5.05999994278,5.03999996185,5.34000015259,8.31643688693704,1,5.054945262389077,-1.8828482978994976,4.051173878505709,1.2295069953473847,-1.8218654159418812,6.593400029107865,3.0,0.0,0.5833332229421696,3.092785532362674,5.054945262389077,5.669703645718382
CRK,2021-02-09,stress,True,True,D-1,5.03000020981,4.96999979019,5.34000015259,5.34999990463,6.36182269328549,1,-1.8828482978994976,4.051173878505709,1.2295069953473847,-1.8218654159418812,4.3298977789572035,5.857734742257059,3.0,0.0,0.9047620128945393,0.7905130889788836,4.3298977789572035,4.051173878505709
CRK,2021-02-10,stress,True,True,D-1,5.03000020981,5.32000017166,5.34999990463,5.44999980927,8.34989228511116,1,4.051173878505709,1.2295069953473847,-1.8218654159418812,4.3298977789572035,-1.7786591622084735,5.970143487289636,3.0,1.0,0.6904759742228294,2.615696578028026,4.3298977789572035,4.051173878505709
CRK,2021-02-11,stress,True,True,D-1,5.30999994278,5.03000020981,5.44999980927,5.82999992371,9.792843437541698,1,1.2295069953473847,-1.8218654159418812,4.3298977789572035,-1.7786591622084735,7.042261493870594,9.016394403722106,3.0,0.0,0.9629629956618684,0.37593947903500347,7.042261493870594,4.3298977789572035
CRK,2021-02-12,stress,True,True,D-1,5.07000017166,5.40999984741,5.82999992371,6.21999979019,22.682437467324014,1,-1.8218654159418812,4.3298977789572035,-1.7786591622084735,7.042261493870594,-5.451126926552552,1.8218654159418701,2.0,0.0,0.3962266867064376,6.36182269328549,7.042261493870594,4.3298977789572035
CRK,2021-02-16,stress,True,True,D-1,5.61999988556,5.63000011444,6.21999979019,6.55000019073,16.548048471665222,1,4.3298977789572035,-1.7786591622084735,7.042261493870594,-5.451126926552552,7.554664448301374,11.546390799830796,3.0,0.0,0.925925991323735,0.7393708500592622,7.554664448301374,7.042261493870594
CRK,2021-02-17,stress,True,True,D-1,5.69999980927,6.15000009537,6.55000019073,6.23000001907,14.912287893021148,1,-1.7786591622084735,7.042261493870594,-5.451126926552552,7.554664448301374,4.066548488634858,11.2648256542635,3.0,0.0,0.7826089209966728,3.5523944086081727,7.554664448301374,7.042261493870594
CRK,2021-02-18,stress,True,True,D-1,6.34999990463,6.0,6.23000001907,6.36999988556,0.3149603343366669,0,7.042261493870594,-5.451126926552552,7.554664448301374,4.066548488634858,9.236233931794935,23.74246187110782,4.0,0.0,0.9457366690774063,1.1382064021868699,9.236233931794935,7.554664448301374
CRK,2021-02-19,stress,True,True,D-1,6.17000007629,6.21000003815,6.36999988556,5.92000007629,3.24148795457162,1,-5.451126926552552,7.554664448301374,4.066548488634858,9.236233931794935,-2.4390259031528694,12.781951248092138,3.0,0.0,0.654087963552993,9.166669845499985,9.236233931794935,7.554664448301374
CRK,2021-02-22,stress,True,True,D-1,6.30999994278,5.84999990463,5.92000007629,6.11999988556,-3.0110944364967973,0,7.554664448301374,4.066548488634858,9.236233931794935,-2.4390259031528694,3.5000006358333335,23.459240141554027,4.0,1.0,0.7702701701357755,5.47504268101886,9.236233931794935,9.236233931794935
CRK,2021-02-23,stress,True,True,D-1,5.86999988556,5.57999992371,6.11999988556,6.05000019073,4.258943864973341,1,4.066548488634858,9.236233931794935,-2.4390259031528694,3.5000006358333335,-5.797103563742434,8.133088163221425,3.0,2.0,0.36363632422480674,11.965817051483763,9.236233931794935,11.736235521294935
CRK,2021-02-24,stress,True,True,D-1,5.63000011444,6.01000022888,6.05000019073,5.84999990463,7.460036727402031,1,9.236233931794935,-2.4390259031528694,3.5000006358333335,-5.797103563742434,-4.615384364473362,-0.8881028368322386,2.0,3.0,0.11818188123485387,17.38351756777572,9.236233931794935,19.381163248537437
CRK,2021-02-25,stress,True,True,D-1,6.0,5.80999994278,5.84999990463,6.01999998093,0.3333330155000036,0,-2.4390259031528694,3.5000006358333335,-5.797103563742434,-4.615384364473362,7.706098764318692,-2.276420558032166,2.0,4.0,0.5090911140110034,8.985023981448869,7.706098764318692,3.5000006358333335
CRK,2021-02-26,stress,True,True,D-1,5.80999994278,5.71000003815,6.01999998093,6.09999990463,4.991393540552069,1,3.5000006358333335,-5.797103563742434,-4.615384364473362,7.706098764318692,-3.3277916552970077,-3.16666762033333,2.0,3.0,0.3913044604971549,9.638553326939414,7.706098764318692,3.5000006358333335
CRK,2021-03-01,stress,True,True,D-1,5.82999992371,5.96000003815,6.09999990463,6.01000022888,4.631217572095303,1,-5.797103563742434,-4.615384364473362,7.706098764318692,-3.3277916552970077,-1.721168771339987,-8.051529741197127,1.0,4.0,0.2826089209997441,11.558666252195614,7.706098764318692,12.697782280209458
CRK,2021-03-02,stress,True,True,D-1,5.98999977112,5.88000011444,6.01000022888,6.17000007629,3.0050135567257996,1,-4.615384364473362,7.706098764318692,-3.3277916552970077,-1.721168771339987,4.378283683532125,1.8803441933894716,2.0,3.0,0.7611942847887868,2.6845611809704906,7.706098764318692,7.706098764318692
CRK,2021-03-03,stress,True,True,D-1,5.94000005722,5.80999994278,6.17000007629,6.23000001907,4.882154192869215,1,7.706098764318692,-3.3277916552970077,-1.721168771339987,4.378283683532125,-1.3422805905691226,5.376347577627505,2.0,4.0,0.6000003178867163,4.081628681105176,7.706098764318692,7.706098764318692
CRK,2021-03-04,stress,True,True,D-1,5.86000013351,5.96999979019,6.23000001907,6.09999990463,6.313991077307013,1,-3.3277916552970077,-1.721168771339987,4.378283683532125,-1.3422805905691226,-1.1904790866941295,-3.3277916552970077,1.0,1.0,0.5000000000000008,4.991393540552069,4.378283683532125,6.895063791079902
CRK,2021-03-05,stress,True,True,D-1,6.13999986649,5.94000005722,6.09999990463,5.84999990463,-0.6514651910386249,0,-1.721168771339987,4.378283683532125,-1.3422805905691226,-1.1904790866941295,2.753870034178396,2.753870034178396,2.0,0.0,0.6923072972947328,3.3500886621242953,4.378283683532125,4.378283683532125
CRK,2021-03-08,stress,True,True,D-1,6.0,5.78000020981,5.84999990463,6.28999996185,4.833332697500015,1,4.378283683532125,-1.3422805905691226,-1.1904790866941295,2.753870034178396,-0.5025081076099225,4.028021322825048,2.0,0.0,0.5084747680456262,4.882154192869215,4.378283683532125,4.378283683532125
CRK,2021-03-09,stress,True,True,D-1,5.76999998093,5.71000003815,6.28999996185,6.38000011444,10.571926092306171,1,-1.3422805905691226,-1.1904790866941295,2.753870034178396,-0.5025081076099225,-2.693600098800031,-3.020131328654696,1.0,1.0,0.23728865612626526,7.785463545420757,2.753870034178396,5.936442681705301
CRK,2021-03-10,stress,True,True,D-1,5.69999980927,6.23000001907,6.38000011444,6.42000007629,12.631584054600342,1,-1.1904790866941295,2.753870034178396,-0.5025081076099225,-2.693600098800031,-1.2110755902948522,-2.891157703764613,1.0,2.0,0.17460335482284414,9.106829727596244,2.753870034178396,6.625924189976562
CRK,2021-03-11,stress,True,True,D-1,6.30000019073,6.23999977112,6.42000007629,6.03999996185,1.9047600305881263,0,2.753870034178396,-0.5025081076099225,-2.693600098800031,-1.2110755902948522,9.106829727596244,7.228917046925765,2.0,0.0,0.9130435683994882,0.9630809405512197,9.106829727596244,2.753870034178396
CRK,2021-03-12,stress,True,True,D-1,6.26999998093,6.23000001907,6.03999996185,5.73999977112,-3.6682618784615095,0,-0.5025081076099225,-2.693600098800031,-1.2110755902948522,9.106829727596244,0.16050966323259974,4.522612904839085,2.0,0.0,0.8205124286388303,2.2435953278067355,9.106829727596244,0.0
CRK,2021-03-15,stress,True,True,D-1,6.01999998093,5.71999979019,5.73999977112,5.73000001907,-4.651166290647469,0,-2.693600098800031,-1.2110755902948522,9.106829727596244,0.16050966323259974,-0.16025244257669158,4.882154192869215,2.0,0.0,0.768292661652295,3.049760138658275,9.106829727596244,9.106829727596244
CRK,2021-03-16,stress,True,True,D-1,5.59000015259,5.61000013351,5.73000001907,5.55999994278,2.5044698149987443,0,-1.2110755902948522,9.106829727596244,0.16050966323259974,-0.16025244257669158,-8.186199475423628,-1.038069505917405,2.0,1.0,0.1463412932183585,12.237767688392665,9.106829727596244,17.440163060982997
CRK,2021-03-17,stress,True,True,D-1,5.69000005722,5.55000019073,5.55999994278,5.48000001907,-2.2847120058468784,0,9.106829727596244,0.16050966323259974,-0.16025244257669158,-8.186199475423628,-1.923070991517406,-1.7513118033603225,2.0,2.0,0.08988756820425625,14.438501310216711,9.106829727596244,19.058673767117654
CRK,2021-03-18,stress,True,True,D-1,5.51000022888,5.26000022888,5.48000001907,5.63000011444,2.1778562717844396,0,0.16050966323259974,-0.16025244257669158,-8.186199475423628,-1.923070991517406,-1.0695176711602028,-10.914924980072627,1.0,3.0,0.03333356291256809,15.675673074987184,0.16050966323259974,3.1325307418269666
CRK,2021-03-19,stress,True,True,D-1,5.28000020981,5.44000005722,5.63000011444,5.51000022888,6.62878580913151,1,-0.16025244257669158,-8.186199475423628,-1.923070991517406,-1.0695176711602028,-5.225224358268998,-15.705121445286563,0.0,4.0,0.041322470375174766,22.053228078604015,-0.16025244257669158,6.238857331559744
CRK,2021-03-22,stress,True,True,D-1,5.38000011444,5.59000015259,5.51000022888,5.57999992371,3.7174684947161696,1,-8.186199475423628,-1.923070991517406,-1.0695176711602028,-5.225224358268998,3.4220498195363547,-12.680577197942444,1.0,4.0,0.3181820152241476,11.029409895569353,3.4220498195363547,1.9819843194551545
CRK,2021-03-23,stress,True,True,D-1,5.5,5.36000013351,5.57999992371,5.48000001907,1.4545440674545551,0,-1.923070991517406,-1.0695176711602028,-5.225224358268998,3.4220498195363547,2.7573546652985614,-2.2727210204265047,2.0,4.0,0.7413799340342677,2.683356251081692,3.4220498195363547,0.0
CRK,2021-03-24,stress,True,True,D-1,5.42999982834,5.44000005722,5.48000001907,5.78999996185,6.629836922482113,1,-1.0695176711602028,-5.225224358268998,3.4220498195363547,2.7573546652985614,-4.114490390012515,-4.456327879685507,2.0,4.0,0.3508775892427242,6.902982767608723,3.4220498195363547,4.892636636972569
CRK,2021-03-25,stress,True,True,D-1,5.38000011444,5.46000003815,5.78999996185,5.84999990463,8.736055393911869,1,-5.225224358268998,3.4220498195363547,2.7573546652985614,-4.114490390012515,1.4925358529349841,-1.9819843194551545,3.0,2.0,0.5957447887835513,3.4926480739247534,3.4220498195363547,6.105414600850379
CRK,2021-03-26,stress,True,True,D-1,5.55000019073,5.71999979019,5.84999990463,5.65999984741,5.405400064689747,1,3.4220498195363547,2.7573546652985614,-4.114490390012515,1.4925358529349841,0.36764670440501135,3.8022775773259854,4.0,3.0,0.6382979155219308,3.113554489050907,3.4220498195363547,3.4220498195363547
CRK,2021-03-29,stress,True,True,D-1,5.67999982834,5.73000001907,5.65999984741,5.63999986649,-0.3521123509583779,0,2.7573546652985614,-4.114490390012515,1.4925358529349841,0.36764670440501135,4.761900187240586,5.147053860751027,4.0,0.0,0.8703700433233647,1.2237792697134875,4.761900187240586,2.7573546652985614
CRK,2021-03-30,stress,True,True,D-1,5.63999986649,5.59999990463,5.63999986649,5.71999979019,1.418438397052424,0,-4.114490390012515,1.4925358529349841,0.36764670440501135,4.761900187240586,0.1748291826365156,2.5044698149987443,4.0,0.0,0.8000001589433593,2.0942388335188244,4.761900187240586,1.4925358529349841
CRK,2021-03-31,stress,True,True,D-1,5.57999992371,5.53999996185,5.71999979019,5.65000009537,2.508958214947743,0,1.4925358529349841,0.36764670440501135,4.761900187240586,0.1748291826365156,-2.2687628971613805,4.4776075586183905,4.0,1.0,0.583333267104156,4.464285790314104,4.761900187240586,6.8598003613945195
CRK,2021-04-01,stress,True,True,D-1,5.59000015259,5.65999984741,5.65000009537,5.65999984741,1.2522306423832008,0,0.36764670440501135,4.761900187240586,0.1748291826365156,-2.2687628971613805,-1.0714275678896379,1.8382335216574175,3.0,2.0,0.4833333465758364,5.595666875717442,4.761900187240586,8.077782501161368
CRK,2021-04-05,stress,True,True,D-1,5.61999988556,5.48999977112,5.65999984741,5.59000015259,0.7117431079095793,0,4.761900187240586,0.1748291826365156,-2.2687628971613805,-1.0714275678896379,2.166062931161594,3.663000144003048,3.0,3.0,0.4242421177262842,3.3568915608176875,4.761900187240586,4.761900187240586
CRK,2021-04-06,stress,True,True,D-1,5.55000019073,5.53999996185,5.59000015259,5.42999982834,0.7207200087454346,0,0.1748291826365156,-2.2687628971613805,-1.0714275678896379,2.166062931161594,-3.0035349977578507,-4.020979501860444,2.0,4.0,0.16279005296404753,6.557379754435888,2.166062931161594,1.0773597074436592
CRK,2021-04-07,stress,True,True,D-1,5.55000019073,5.51999998093,5.42999982834,5.30000019073,-2.162168617407134,0,-2.2687628971613805,-1.0714275678896379,2.166062931161594,-3.0035349977578507,0.9107503244904613,-3.3158823139207816,2.0,2.0,0.4000000000000012,3.2490943967424135,2.166062931161594,4.286202309167253
CRK,2021-04-08,stress,True,True,D-1,5.42999982834,5.26000022888,5.30000019073,5.38000011444,-0.9208050733085504,0,-1.0714275678896379,2.166062931161594,-3.0035349977578507,0.9107503244904613,-0.3610104884066101,-1.4285700904004828,2.0,3.0,0.3333333333555546,3.623184962879389,2.166062931161594,2.166062931161594
CRK,2021-04-09,stress,True,True,D-1,5.26999998093,5.23999977112,5.38000011444,5.03000020981,2.087289068463871,0,2.166062931161594,-3.0035349977578507,0.9107503244904613,-0.3610104884066101,-4.7101404519605765,-5.054146839316919,2.0,4.0,0.1153854265606801,8.745238427640656,2.166062931161594,7.2202097704785135
CRK,2021-04-12,stress,True,True,D-1,5.30999994278,4.98000001907,5.03000020981,5.26999998093,-0.7532949582115922,0,-3.0035349977578507,0.9107503244904613,-0.3610104884066101,-4.7101404519605765,-0.3802368229983699,-7.420496247578356,1.0,3.0,0.1923075159600523,8.015268981590594,0.9107503244904613,5.983217911036098
CRK,2021-04-13,stress,True,True,D-1,4.94000005722,4.96000003815,5.26999998093,5.11000013351,6.6801603216115835,1,0.9107503244904613,-0.3610104884066101,-4.7101404519605765,-0.3802368229983699,-4.961827545928066,-9.28961335723255,1.0,4.0,0.0,13.654614974619772,0.9107503244904613,6.233947997993594
CRK,2021-04-14,stress,True,True,D-1,4.98000001907,5.09999990463,5.11000013351,5.0,2.6104440550640096,0,-0.3610104884066101,-4.7101404519605765,-0.3802368229983699,-4.961827545928066,-0.4016060410324207,-10.46931277426072,0.0,4.0,0.0869564316005106,12.701615112789,-0.3610104884066101,5.343506587790426
CRK,2021-04-15,stress,True,True,D-1,5.07999992371,4.96000003815,5.0,4.96999979019,-1.5748016714845714,0,-4.7101404519605765,-0.3802368229983699,-4.961827545928066,-0.4016060410324207,2.8225779315158572,-7.608697060706138,1.0,4.0,0.3773583208037587,6.470586860411731,2.8225779315158572,0.0
CRK,2021-04-16,stress,True,True,D-1,5.0,4.92999982834,4.96999979019,4.90000009537,-0.6000041961999991,0,-0.3802368229983699,-4.961827545928066,-0.4016060410324207,2.8225779315158572,-2.745095472509762,-5.703425431102671,1.0,3.0,0.1249998758255245,8.467743408458794,2.8225779315158572,0.0
CRK,2021-04-19,stress,True,True,D-1,4.86000013351,4.94000005722,4.90000009537,4.84999990463,0.8230444601060372,0,-4.961827545928066,-0.4016060410324207,2.8225779315158572,-2.745095472509762,-0.6048429350655748,-5.916029700774983,1.0,4.0,0.21052605161596075,9.127795167723596,2.8225779315158572,6.155912823064902
CRK,2021-04-20,stress,True,True,D-1,4.86999988556,4.78000020981,4.84999990463,4.92999982834,1.2320317082122445,0,-0.4016060410324207,2.8225779315158572,-2.745095472509762,-0.6048429350655748,0.20284440625157885,-0.8032120822656252,2.0,3.0,0.28260892099667256,6.6801603216115835,2.8225779315158572,3.225803350390233
CRK,2021-04-21,stress,True,True,D-1,4.69000005722,4.78999996185,4.92999982834,4.94000005722,5.330490340083016,1,2.8225779315158572,-2.745095472509762,-0.6048429350655748,0.20284440625157885,-3.238863270379,-3.6290287692646195,2.0,4.0,0.1694921281477903,10.251040786868026,2.8225779315158572,5.865166648613373
CRK,2021-04-22,stress,True,True,D-1,4.80000019073,4.86000013351,4.94000005722,5.17000007629,7.708330642872951,1,-2.745095472509762,-0.6048429350655748,0.20284440625157885,-3.238863270379,0.20919982429035144,-6.0784303642548725,2.0,4.0,0.272726977169461,6.68058818807189,0.20919982429035144,3.2392835486108718
CRK,2021-04-23,stress,True,True,D-1,4.80999994278,4.88999986649,5.17000007629,5.28999996185,9.979210494388857,1,-0.6048429350655748,0.20284440625157885,-3.238863270379,0.20919982429035144,1.4613814659189206,-2.016127094170306,3.0,4.0,0.5757578822562687,2.8806556099596037,1.4613814659189206,0.20284440625157885
CRK,2021-04-26,stress,True,True,D-1,4.86999988556,5.15000009537,5.28999996185,5.5,12.936347623087396,1,0.20284440625157885,-3.238863270379,0.20919982429035144,1.4613814659189206,0.6172784394212316,-0.811358280786556,4.0,4.0,0.7333333333555557,1.6359903043805746,1.4613814659189206,0.20919982429035144
CRK,2021-04-27,stress,True,True,D-1,5.23999977112,5.23000001907,5.5,5.53000020981,5.534359758722185,1,-3.238863270379,0.20919982429035144,1.4613814659189206,0.6172784394212316,5.31697824087316,4.251012868776738,4.0,0.0,0.9600000381600005,0.3883491368860348,5.31697824087316,1.4613814659189206
CRK,2021-04-28,stress,True,True,D-1,5.26000022888,5.44000005722,5.53000020981,5.53000020981,5.133079262003948,1,0.20919982429035144,1.4613814659189206,0.6172784394212316,5.31697824087316,1.5533965479325396,9.41422153782474,5.0,0.0,0.9032258808793059,1.1472264352050399,5.31697824087316,1.4613814659189206
CRK,2021-04-29,stress,True,True,D-1,5.5,5.5,5.53000020981,5.69000005722,3.454546494909083,1,1.4613814659189206,0.6172784394212316,5.31697824087316,1.5533965479325396,4.015297081917435,13.569939468620685,5.0,0.0,0.9210527306440143,1.1029401130312033,5.31697824087316,5.31697824087316
CRK,2021-04-30,stress,True,True,D-1,5.44999980927,5.48999977112,5.69000005722,5.73999977112,5.32110040365017,1,0.6172784394212316,5.31697824087316,1.5533965479325396,4.015297081917435,1.1029401130312033,13.168721170955578,5.0,0.0,0.9599997202533336,0.5454583601818053,5.31697824087316,5.31697824087316
CRK,2021-05-03,stress,True,True,D-1,5.57000017166,5.65999984741,5.73999977112,5.88000011444,5.565528424168997,1,5.31697824087316,1.5533965479325396,4.015297081917435,1.1029401130312033,-0.1818223432727306,12.269937035001899,4.0,1.0,0.9393933044874562,0.728605470995114,5.31697824087316,5.31697824087316
CRK,2021-05-04,stress,True,True,D-1,5.48000001907,5.67999982834,5.88000011444,5.73999977112,7.299271787920225,1,1.5533965479325396,4.015297081917435,1.1029401130312033,-0.1818223432727306,3.0965406808262763,9.902907623215462,4.0,0.0,0.9464281912939666,0.5300390568690139,4.015297081917435,4.015297081917435
CRK,2021-05-05,stress,True,True,D-1,5.80000019073,5.65000009537,5.73999977112,5.80999994278,0.1724095124338687,0,4.015297081917435,1.1029401130312033,-0.1818223432727306,3.0965406808262763,0.35335656305983676,8.604202822737639,4.0,0.0,0.8775510799875326,1.0563370526990967,4.015297081917435,4.015297081917435
CRK,2021-05-06,stress,True,True,D-1,5.65999984741,5.65999984741,5.80999994278,5.92000007629,4.593643743629694,1,1.1029401130312033,-0.1818223432727306,3.0965406808262763,0.35335656305983676,-0.5281643288141957,3.8602947783297648,3.0,0.0,0.5208333126410606,4.070796728985493,3.0965406808262763,3.273214749900244
CRK,2021-05-07,stress,True,True,D-1,5.55999994278,5.75,5.92000007629,5.76000022888,6.474822611778652,1,-0.1818223432727306,3.0965406808262763,0.35335656305983676,-0.5281643288141957,0.17698675878243808,2.909088134727278,3.0,1.0,0.5416661285633896,3.8869306176867013,3.0965406808262763,3.448653031784654
CRK,2021-05-10,stress,True,True,D-1,5.80000019073,5.78000020981,5.76000022888,5.94999980927,2.586200234609337,0,3.0965406808262763,0.35335656305983676,-0.5281643288141957,0.17698675878243808,1.5901087458718655,4.735887790883431,4.0,2.0,0.6829268009048416,2.26087155547825,3.0965406808262763,3.0965406808262763
CRK,2021-05-11,stress,True,True,D-1,5.67000007629,5.63000011444,5.94999980927,5.67999982834,4.938266829146332,1,0.35335656305983676,-0.5281643288141957,0.17698675878243808,1.5901087458718655,0.5217427793043461,2.1201478027408793,4.0,0.0,0.688889383397216,2.422142930763016,1.5901087458718655,0.35335656305983676
CRK,2021-05-12,stress,True,True,D-1,5.69000005722,5.63999986649,5.67999982834,5.69000005722,0.0,0,-0.5281643288141957,0.17698675878243808,1.5901087458718655,0.5217427793043461,-2.5951572651401578,-0.8802766797725847,3.0,1.0,0.35555605005647456,5.1509761270910115,1.5901087458718655,3.6770632773501344
CRK,2021-05-13,stress,True,True,D-1,5.59999990463,5.38999986649,5.69000005722,6.13000011444,9.464289622073085,1,0.17698675878243808,1.5901087458718655,0.5217427793043461,-2.5951572651401578,0.1776154857324519,-0.17699519842830913,4.0,0.0,0.22499940397068258,5.496453016282166,1.5901087458718655,4.012259926461558
CRK,2021-05-14,stress,True,True,D-1,5.46000003815,5.61999988556,6.13000011444,6.15000009537,12.637363597048479,1,1.5901087458718655,0.5217427793043461,-2.5951572651401578,0.1776154857324519,-4.432624218404191,-4.770317812703673,3.0,1.0,0.050847032994309,10.389609585364902,1.5901087458718655,5.852990505579814
CRK,2021-05-17,stress,True,True,D-1,5.65999984741,6.13000011444,6.15000009537,5.98000001907,8.657248430567055,1,0.5217427793043461,-2.5951572651401578,0.1776154857324519,-4.432624218404191,4.267161869519254,-2.26087155547825,3.0,2.0,0.4406777880260446,5.871884883092271,4.267161869519254,0.8763523786560978
CRK,2021-05-18,stress,True,True,D-1,6.09000015259,6.01999998093,5.98000001907,5.90000009537,-1.806241884463966,0,-2.5951572651401578,0.1776154857324519,-4.432624218404191,4.267161869519254,9.07473735347204,6.055361451993879,3.0,0.0,1.0,0.0,9.07473735347204,0.1776154857324519
CRK,2021-05-19,stress,True,True,D-1,5.84999990463,5.90000009537,5.90000009537,6.09000015259,4.102568408078966,1,0.1776154857324519,-4.432624218404191,4.267161869519254,9.07473735347204,-1.7944556518176946,6.9271733314838935,3.0,0.0,0.8354428851693559,2.1594703463756026,9.07473735347204,4.267161869519254
CRK,2021-05-20,stress,True,True,D-1,5.88999986649,5.86999988556,6.09000015259,5.94999980927,3.3955906728939445,1,-4.432624218404191,4.267161869519254,9.07473735347204,-1.7944556518176946,-1.9933535870453878,4.6099332452964825,2.0,1.0,0.6835442885194675,4.237288067099976,9.07473735347204,12.826776746231673
CRK,2021-05-21,stress,True,True,D-1,5.96000003815,5.88999986649,5.94999980927,5.75,-0.16778907409374932,0,4.267161869519254,9.07473735347204,-1.7944556518176946,-1.9933535870453878,-0.5084781241536329,8.905380908340899,2.0,2.0,0.6056335285001144,4.770020703046196,9.07473735347204,11.566433297743895
CRK,2021-05-24,stress,True,True,D-1,5.92999982834,5.76999998093,5.75,5.69000005722,-3.0354103465528692,0,9.07473735347204,-1.7944556518176946,-1.9933535870453878,-0.5084781241536329,0.3407151843256351,4.804270221138918,2.0,3.0,0.4693875565115542,4.414265446069376,9.07473735347204,9.24423275547801
CRK,2021-05-25,stress,True,True,D-1,5.73999977112,5.57999992371,5.69000005722,5.75,0.17422002227795996,0,-1.7944556518176946,-1.9933535870453878,-0.5084781241536329,0.3407151843256351,-2.037349546350864,-5.872759001455375,1.0,4.0,0.15555583812327584,6.58579056665356,0.3407151843256351,1.703575921287448
CRK,2021-05-26,stress,True,True,D-1,5.57000017166,5.67000007629,5.75,5.65000009537,3.2315946641408244,1,-1.9933535870453878,-0.5084781241536329,0.3407151843256351,-2.037349546350864,-3.29289528332678,-7.308971073319281,1.0,2.0,0.03773579813707919,9.139789172988255,0.3407151843256351,5.603872226886608
CRK,2021-05-27,stress,True,True,D-1,5.67999982834,5.57000017166,5.65000009537,6.13000011444,7.922540487673113,1,-0.5084781241536329,0.3407151843256351,-2.037349546350864,-3.29289528332678,1.6129059822667768,-3.8983053451217997,2.0,3.0,0.2499997871160499,7.407408653419534,1.6129059822667768,2.073815790400191
CRK,2021-05-28,stress,True,True,D-1,5.57999992371,5.63000011444,6.13000011444,6.25,12.007169990148213,1,0.3407151843256351,-2.037349546350864,-3.29289528332678,1.6129059822667768,-1.763666724594326,-5.110727764032652,2.0,4.0,0.07142851060203535,9.335726479430729,1.6129059822667768,0.5199222127614145
CRK,2021-06-01,stress,True,True,D-1,5.78999996185,6.07999992371,6.25,6.32000017166,9.153716982765857,1,-2.037349546350864,-3.29289528332678,1.6129059822667768,-1.763666724594326,1.07719822138026,-4.414257350483453,2.0,4.0,0.23809523808730068,5.683831053737554,1.6129059822667768,2.3183726720692466
CRK,2021-06-02,stress,True,True,D-1,6.13999986649,6.13999986649,6.32000017166,6.03000020981,2.931601125146277,0,-3.29289528332678,1.6129059822667768,-1.763666724594326,1.07719822138026,7.992891654048573,5.372616010477604,3.0,0.0,0.9166663355374479,0.8223715683780775,7.992891654048573,1.6129059822667768
CRK,2021-06-03,stress,True,True,D-1,6.13000011444,6.25,6.03000020981,6.05999994278,-1.1419277382247572,0,1.6129059822667768,-1.763666724594326,1.07719822138026,7.992891654048573,0.98684117652732,10.035841405669244,4.0,0.0,0.8472219922717311,1.791533158011016,7.992891654048573,1.6129059822667768
CRK,2021-06-04,stress,True,True,D-1,5.98000001907,5.94999980927,6.05999994278,6.07999992371,1.672239202694037,0,-1.763666724594326,1.07719822138026,7.992891654048573,0.98684117652732,1.791533158011016,10.229275412805737,4.0,0.0,0.9113921834931792,1.1200027465600115,7.992891654048573,7.992891654048573
CRK,2021-06-07,stress,True,True,D-1,5.98000001907,5.90000009537,6.07999992371,6.11999988556,2.3411348836713364,0,1.07719822138026,7.992891654048573,0.98684117652732,1.791533158011016,-4.80000305167999,6.822255402134947,4.0,1.0,0.5316450882813423,6.2184936848828976,7.992891654048573,11.087355193973947
CRK,2021-06-08,stress,True,True,D-1,5.92999982834,6.05000019073,6.11999988556,6.28999996185,6.070828734084066,1,7.992891654048573,0.98684117652732,1.791533158011016,-4.80000305167999,-0.8403313529876333,4.795736686354513,3.0,2.0,0.236363762469709,7.118645245778787,7.992891654048573,13.592890128128566
CRK,2021-06-09,stress,True,True,D-1,6.09000015259,6.01999998093,6.28999996185,6.75,10.837435646521465,1,0.98684117652732,1.791533158011016,-4.80000305167999,-0.8403313529876333,2.542374456531138,-0.493416667046509,3.0,3.0,0.5090911140019116,4.462809461455941,2.542374456531138,1.791533158011016
CRK,2021-06-10,stress,True,True,D-1,6.09000015259,6.23000001907,6.75,6.73000001907,10.837435646521465,1,1.791533158011016,-4.80000305167999,-0.8403313529876333,2.542374456531138,-0.4958712207309812,-1.954395572790124,2.0,4.0,0.45454529691740964,4.98339188837762,2.542374456531138,1.791533158011016
CRK,2021-06-11,stress,True,True,D-1,6.30000019073,6.59999990463,6.73000001907,6.55000019073,6.825393893998832,1,-4.80000305167999,-0.8403313529876333,2.542374456531138,-0.4958712207309812,3.4883727376284535,-0.319999694879991,2.0,0.0,0.884615490420122,0.9630809405512197,3.4883727376284535,2.542374456531138
CRK,2021-06-14,stress,True,True,D-1,6.65999984741,6.44000005722,6.55000019073,6.57999992371,-1.2012000830767477,0,-0.8403313529876333,2.542374456531138,-0.4958712207309812,3.4883727376284535,5.939002960311912,10.924371700774005,3.0,0.0,0.8369564315962974,2.272728750568209,5.939002960311912,2.542374456531138
CRK,2021-06-15,stress,True,True,D-1,6.5,6.48000001907,6.57999992371,6.65000009537,2.307693774923081,0,2.542374456531138,-0.4958712207309812,3.4883727376284535,5.939002960311912,-2.4242401473029918,9.152541578325767,3.0,1.0,0.6630435683982674,4.813663664994139,5.939002960311912,3.4883727376284535
CRK,2021-06-16,stress,True,True,D-1,6.48000001907,6.51999998093,6.65000009537,6.36000013351,2.623457959872022,0,-0.4958712207309812,3.4883727376284535,5.939002960311912,-2.4242401473029918,0.6211174145123843,7.107434955107261,3.0,2.0,0.6493506654326199,4.166666360114446,5.939002960311912,7.757183070827034
CRK,2021-06-17,stress,True,True,D-1,6.59000015259,6.40000009537,6.36000013351,6.46000003815,-1.9726875786020726,0,3.4883727376284535,5.939002960311912,-2.4242401473029918,0.6211174145123843,0.617283360220422,8.30564786684198,4.0,3.0,0.6849314889566526,3.527607664765564,5.939002960311912,5.939002960311912
CRK,2021-06-18,stress,True,True,D-1,6.28000020981,6.15999984741,6.46000003815,6.53000020981,3.980891586746682,1,5.939002960311912,-2.4242401473029918,0.6211174145123843,0.617283360220422,-1.8404890477144331,2.7287331585815533,3.0,4.0,0.37500010644197584,5.468748428350856,5.939002960311912,7.173569680444136
CRK,2021-06-21,stress,True,True,D-1,6.25,6.42999982834,6.53000020981,6.94999980927,11.199996948320013,1,-2.4242401473029918,0.6211174145123843,0.617283360220422,-1.8404890477144331,-3.7500038184940854,-6.6666676299697025,2.0,4.0,0.01724095406118016,9.253249769148276,0.6211174145123843,6.142591871152647
CRK,2021-06-22,stress,True,True,D-1,6.46999979019,6.48000001907,6.94999980927,6.84000015259,7.4188567951391615,1,0.6211174145123843,0.617283360220422,-1.8404890477144331,-3.7500038184940854,4.383116682113597,-0.1552830557631557,3.0,2.0,0.5599994659399989,3.421466141575258,4.383116682113597,0.6211174145123843
CRK,2021-06-23,stress,True,True,D-1,6.59000015259,6.78999996185,6.84000015259,6.84999990463,3.945367921392462,1,0.617283360220422,-1.8404890477144331,-3.7500038184940854,4.383116682113597,0.7776079636834021,0.0,3.0,3.0,0.6599998474,2.623457959872022,4.383116682113597,0.617283360220422
CRK,2021-06-24,stress,True,True,D-1,6.78999996185,6.67000007629,6.84999990463,6.59000015259,0.8836515922991506,0,-1.8404890477144331,-3.7500038184940854,4.383116682113597,0.7776079636834021,4.783949720180569,4.141104013952601,3.0,0.0,0.8000001192000428,2.356404246229271,4.783949720180569,4.383116682113597
CRK,2021-06-25,stress,True,True,D-1,6.69000005722,6.5,6.59000015259,6.65999984741,-0.44843362561145517,0,-3.7500038184940854,4.383116682113597,0.7776079636834021,4.783949720180569,-1.7673031845983345,4.218749639009034,3.0,1.0,0.6500002086063242,4.197896998162287,4.783949720180569,4.383116682113597
CRK,2021-06-28,stress,True,True,D-1,6.55000019073,6.51000022888,6.65999984741,6.71000003815,2.4427456910068868,0,4.383116682113597,0.7776079636834021,4.783949720180569,-1.7673031845983345,-2.5487267518077394,5.519483133314607,3.0,2.0,0.4078947946283083,6.923073988769235,4.783949720180569,9.054935927535235
CRK,2021-06-29,stress,True,True,D-1,6.63000011444,6.51999998093,6.71000003815,6.84999990463,3.318247155242804,1,0.7776079636834021,4.783949720180569,-1.7673031845983345,-2.5487267518077394,0.1538496750769225,1.2441742251283028,3.0,3.0,0.2542375894982985,6.758825882033781,4.783949720180569,7.182748004737638
CRK,2021-06-30,stress,True,True,D-1,6.53999996185,6.67000007629,6.84999990463,6.71000003815,4.740060314806294,1,4.783949720180569,-1.7673031845983345,-2.5487267518077394,0.1538496750769225,0.1536060168729092,0.617283360220422,3.0,4.0,0.25862088810377054,6.595089411007415,4.783949720180569,4.783949720180569
CRK,2021-07-01,stress,True,True,D-1,6.82000017166,6.73999977112,6.71000003815,6.63000011444,-1.6129051428341312,0,-1.7673031845983345,-2.5487267518077394,0.1538496750769225,0.1536060168729092,2.300614966238146,-1.7673031845983345,3.0,3.0,0.6250003725234228,2.6986480701829185,2.300614966238146,0.1538496750769225
CRK,2021-07-02,stress,True,True,D-1,6.65999984741,6.61999988556,6.63000011444,6.38999986649,-0.4504464513113593,0,-2.5487267518077394,0.1538496750769225,0.1536060168729092,2.300614966238146,1.049470675102837,1.049470675102837,4.0,4.0,0.7708330642921114,1.6320495140272229,2.300614966238146,0.1538496750769225
CRK,2021-07-06,stress,True,True,D-1,6.61999988556,6.34999990463,6.38999986649,6.36999988556,-3.4743205898189244,0,0.1538496750769225,0.1536060168729092,2.300614966238146,1.049470675102837,-1.780413792804314,1.846152085538466,4.0,1.0,0.5208333126410606,3.4743205898189133,2.300614966238146,3.0502430045905915
CRK,2021-07-07,stress,True,True,D-1,6.30000019073,6.11999988556,6.36999988556,6.42000007629,1.9047600305881263,0,0.1536060168729092,2.300614966238146,1.049470675102837,-1.780413792804314,-4.078549631382067,-2.457762190855206,3.0,2.0,0.09090861801628315,7.874015866290529,2.300614966238146,8.086963330241026
CRK,2021-07-08,stress,True,True,D-1,6.07999992371,6.30999994278,6.42000007629,6.36000013351,5.592107842865457,1,2.300614966238146,1.049470675102837,-1.780413792804314,-4.078549631382067,-3.6220475988085976,-6.134970805827278,2.0,3.0,0.14117635179292837,11.92810510981246,2.300614966238146,9.853485187439126
CRK,2021-07-09,stress,True,True,D-1,6.38000011444,6.38000011444,6.36000013351,6.53000020981,2.3510986313385995,0,1.049470675102837,-1.780413792804314,-4.078549631382067,-3.6220475988085976,3.1045761564195473,-5.397303289241339,2.0,4.0,0.3647058559552915,8.557844163974604,3.1045761564195473,1.6793913436186636
CRK,2021-07-12,stress,True,True,D-1,6.30000019073,6.28999996185,6.53000020981,6.48999977112,3.6507938431244558,1,-1.780413792804314,-4.078549631382067,-3.6220475988085976,3.1045761564195473,1.109352968221411,-5.341241378412964,2.0,4.0,0.5352114000305421,5.17241250455629,3.1045761564195473,0.0
CRK,2021-07-13,stress,True,True,D-1,6.38000011444,6.40999984741,6.48999977112,6.13999986649,1.7241325189169654,0,-4.078549631382067,-3.6220475988085976,3.1045761564195473,1.109352968221411,-1.410660673599362,-4.984893193575701,2.0,4.0,0.46031731614489996,5.405407864104328,3.1045761564195473,3.421533067851601
CRK,2021-07-14,stress,True,True,D-1,6.42999982834,6.09000015259,6.13999986649,5.98999977112,-4.5101083917892915,0,-3.6220475988085976,3.1045761564195473,1.109352968221411,-1.410660673599362,1.9077883352594638,0.9448810028524823,3.0,0.0,0.7735843115175013,1.8720805812263208,3.1045761564195473,3.1045761564195473
CRK,2021-07-15,stress,True,True,D-1,6.01999998093,5.86000013351,5.98999977112,5.65000009537,-0.4983423572264778,0,3.1045761564195473,1.109352968221411,-1.410660673599362,1.9077883352594638,-4.9921950458282405,-0.49019172436235436,3.0,1.0,0.08333325056250415,7.224959707642586,3.1045761564195473,6.284223381746035
CRK,2021-07-16,stress,True,True,D-1,5.94999980927,5.67999982834,5.65000009537,5.82999992371,-2.0168048639773506,0,1.109352968221411,-1.410660673599362,1.9077883352594638,-4.9921950458282405,-3.776683305700479,-7.131534284479624,2.0,2.0,0.05633797140944501,11.433448140532487,1.9077883352594638,10.48812728990438
CRK,2021-07-19,stress,True,True,D-1,5.57000017166,5.61000013351,5.82999992371,6.01999998093,8.078990940782838,1,-1.410660673599362,1.9077883352594638,-4.9921950458282405,-3.776683305700479,-3.0716774926451085,-10.97179112137746,1.0,3.0,0.034090601214398955,14.964795900679029,1.9077883352594638,8.640141602535367
CRK,2021-07-20,stress,True,True,D-1,5.63999986649,5.80000019073,6.01999998093,6.0,6.737590841052432,1,1.9077883352594638,-4.9921950458282405,-3.776683305700479,-3.0716774926451085,-1.2323890307309626,-10.810808147286544,1.0,4.0,0.17857162623718084,16.399287957313913,1.9077883352594638,6.173999842156753
CRK,2021-07-21,stress,True,True,D-1,5.92000007629,5.96000003815,6.0,6.0,1.351350045254307,0,-4.9921950458282405,-3.776683305700479,-3.0716774926451085,-1.2323890307309626,3.3868102085252927,-9.516375525757216,1.0,4.0,0.3611114545085116,11.896544098271056,3.3868102085252927,0.0
CRK,2021-07-22,stress,True,True,D-1,6.0,5.86999988556,6.0,6.42000007629,7.0000012715,1,-3.776683305700479,-3.0716774926451085,-1.2323890307309626,3.3868102085252927,2.758617968249788,-2.1346487878939224,2.0,4.0,0.7534248991296608,3.020131328654707,3.3868102085252927,0.0
CRK,2021-07-23,stress,True,True,D-1,5.90000009537,5.98999977112,6.42000007629,6.30000019073,8.813558856178116,1,-3.0716774926451085,-1.2323890307309626,3.3868102085252927,2.758617968249788,-1.510069664662883,0.17064422904733423,2.0,1.0,0.7540982581357396,2.5553679436858934,3.3868102085252927,3.3868102085252927
CRK,2021-07-26,stress,True,True,D-1,6.03999996185,6.36999988556,6.30000019073,6.21999979019,4.304639578182434,1,-1.2323890307309626,3.3868102085252927,2.758617968249788,-1.510069664662883,2.044291105613061,5.45774563642194,3.0,2.0,0.9508193389452492,0.5008382463492334,3.3868102085252927,3.3868102085252927
CRK,2021-07-27,stress,True,True,D-1,6.30000019073,6.11999988556,6.21999979019,6.21999979019,-1.2698475891749106,0,3.3868102085252927,2.758617968249788,-1.510069664662883,2.044291105613061,6.343908663771924,13.547232334457938,4.0,0.0,0.9404759742287813,0.7849323646511142,6.343908663771924,3.3868102085252927
CRK,2021-07-28,stress,True,True,D-1,6.15000009537,6.15999984741,6.21999979019,6.19999980927,1.1382064021868699,0,2.758617968249788,-1.510069664662883,2.044291105613061,6.343908663771924,-3.924646852297742,5.517235936327181,3.0,1.0,0.5384613127420457,4.901963992480507,6.343908663771924,2.758617968249788
CRK,2021-07-29,stress,True,True,D-1,6.21000003815,6.19999980927,6.19999980927,6.26000022888,0.8051560454562567,0,-1.510069664662883,2.044291105613061,6.343908663771924,-3.924646852297742,0.6535941600976036,3.355701476171147,3.0,2.0,0.5999997065600431,4.220783040917087,6.343908663771924,9.64061261860314
CRK,2021-07-30,stress,True,True,D-1,6.19000005722,6.07999992371,6.26000022888,6.01999998093,1.1308589824381654,0,2.044291105613061,6.343908663771924,-3.924646852297742,0.6535941600976036,0.6493500462799284,5.621804602105507,4.0,3.0,0.6562495110663049,3.548391512707205,6.343908663771924,6.343908663771924
CRK,2021-08-02,stress,True,True,D-1,6.01000022888,5.88999986649,6.01999998093,5.88999986649,0.16638521912109017,0,6.343908663771924,-3.924646852297742,0.6535941600976036,0.6493500462799284,-1.9354820847023446,1.5025067784463664,3.0,4.0,0.2916663769331715,5.592107842865457,6.343908663771924,7.642608756007096
CRK,2021-08-03,stress,True,True,D-1,5.80999994278,5.94000005722,5.88999986649,5.90999984741,1.7211687713399648,0,-3.924646852297742,0.6535941600976036,0.6493500462799284,-1.9354820847023446,-3.125000980329984,-7.535322255783717,2.0,4.0,0.023808929127660437,6.960956426715992,0.6535941600976036,5.653593391008871
CRK,2021-08-04,stress,True,True,D-1,5.80999994278,5.71999979019,5.90999984741,5.86000013351,1.7211687713399648,0,0.6535941600976036,0.6493500462799284,-1.9354820847023446,-3.125000980329984,0.8488996920775094,-2.941173720684309,3.0,1.0,0.28888895953081845,5.387208225209417,0.8488996920775094,2.95622357204951
CRK,2021-08-05,stress,True,True,D-1,5.73000001907,5.71999979019,5.86000013351,5.94999980927,3.8394378615675295,1,0.6493500462799284,-1.9354820847023446,-3.125000980329984,0.8488996920775094,-3.7037081634804347,-7.142858248689732,2.0,2.0,0.19402928775747125,9.440567456245708,0.8488996920775094,3.535599284878088
CRK,2021-08-06,stress,True,True,D-1,5.76999998093,5.80000019073,5.94999980927,6.23000001907,7.972271051305246,1,-1.9354820847023446,-3.125000980329984,0.8488996920775094,-3.7037081634804347,0.0,-7.74193602977733,1.0,3.0,0.19402928775747125,9.440567456245708,0.8488996920775094,4.552607855557945
CRK,2021-08-09,stress,True,True,D-1,5.73000001907,5.88999986649,6.23000001907,6.17999982834,8.72600346136041,1,-3.125000980329984,0.8488996920775094,-3.7037081634804347,0.0,1.398608452350003,-4.605258823903824,2.0,4.0,0.3134328570570252,7.931034879709276,1.398608452350003,0.8488996920775094
CRK,2021-08-10,stress,True,True,D-1,5.94999980927,6.19999980927,6.17999982834,6.15000009537,3.865546662903463,1,0.8488996920775094,-3.7037081634804347,0.0,1.398608452350003,1.5517184965587516,0.0,3.0,4.0,0.6976740317737782,2.207132723034677,1.5517184965587516,0.8488996920775094
CRK,2021-08-11,stress,True,True,D-1,6.15000009537,6.07999992371,6.15000009537,5.88999986649,0.0,0,-3.7037081634804347,0.0,1.398608452350003,1.5517184965587516,5.263157042560973,4.377100160697367,3.0,0.0,0.953124662408133,0.4838743664982825,5.263157042560973,1.398608452350003
CRK,2021-08-12,stress,True,True,D-1,6.07000017166,5.90999984741,5.88999986649,5.69999980927,-2.9654085680326125,0,0.0,1.398608452350003,1.5517184965587516,5.263157042560973,-1.9354820847023446,6.293708858825697,3.0,1.0,0.7457626159856607,2.467106862535462,5.263157042560973,1.5517184965587516
CRK,2021-08-13,stress,True,True,D-1,5.84000015259,5.65999984741,5.69999980927,5.63000011444,-2.397266090102934,0,1.398608452350003,1.5517184965587516,5.263157042560973,-1.9354820847023446,-2.796053921597197,3.321679443867409,3.0,2.0,0.4576269679580966,5.414554651811665,5.263157042560973,9.94057592612938
CRK,2021-08-16,stress,True,True,D-1,5.57999992371,5.53000020981,5.63000011444,5.5,0.896060778021579,0,1.5517184965587516,5.263157042560973,-1.9354820847023446,-2.796053921597197,-4.230118552533635,-2.413798943382084,2.0,3.0,0.03389826397932653,10.070674682453063,5.263157042560973,12.171053121015474
CRK,2021-08-17,stress,True,True,D-1,5.48000001907,5.42000007629,5.5,5.23999977112,0.364963154386877,0,5.263157042560973,-1.9354820847023446,-2.796053921597197,-4.230118552533635,-2.2968134470796375,-6.11204863905257,1.0,4.0,0.11392424928634191,12.658223918657875,5.263157042560973,11.692931110432248
CRK,2021-08-18,stress,True,True,D-1,5.44000005722,5.28999996185,5.23999977112,5.32999992371,-2.0220612564885387,0,-1.9354820847023446,-2.796053921597197,-4.230118552533635,-2.2968134470796375,-1.9891524294133656,-12.580641241533186,0.0,4.0,0.025641009957588043,14.022135449308347,-1.9354820847023446,4.240278756011328
CRK,2021-08-19,stress,True,True,D-1,5.19000005722,5.15000009537,5.32999992371,5.42000007629,4.431599547865872,1,-2.796053921597197,-4.230118552533635,-2.2968134470796375,-1.9891524294133656,-2.3985260629181604,-12.993420588366444,0.0,4.0,0.022727248089879973,16.257091488130058,-1.9891524294133656,4.339968152880869
CRK,2021-08-20,stress,True,True,D-1,5.09000015259,5.23000001907,5.42000007629,5.42000007629,6.483298896014422,1,-4.230118552533635,-2.2968134470796375,-1.9891524294133656,-2.3985260629181604,-2.6465003306170187,-12.859556204101462,0.0,4.0,0.11904755147616507,14.36892732847288,-1.9891524294133656,4.981549393350104
CRK,2021-08-23,stress,True,True,D-1,5.34999990463,5.26000022888,5.42000007629,5.42999982834,1.4953257034783674,0,-2.2968134470796375,-1.9891524294133656,-2.3985260629181604,-2.6465003306170187,1.5533965479325396,-7.597170316829005,1.0,4.0,0.2769229753462132,8.986611634536402,1.5533965479325396,1.1342144274612997
CRK,2021-08-24,stress,True,True,D-1,5.30999994278,5.34999990463,5.42999982834,5.46999979019,3.013179833034685,1,-1.9891524294133656,-2.3985260629181604,-2.6465003306170187,1.5533965479325396,0.5736177763023154,-4.882458782750687,2.0,4.0,0.36206907891767326,7.034218050571894,1.5533965479325396,0.0
CRK,2021-08-25,stress,True,True,D-1,5.34999990463,5.36999988556,5.46999979019,6.0,12.14953470947686,1,-2.3985260629181604,-2.6465003306170187,1.5533965479325396,0.5736177763023154,1.7110203770687393,-1.2915160641089107,3.0,4.0,0.6666663134517019,2.803740150353784,1.7110203770687393,1.5533965479325396
CRK,2021-08-26,stress,True,True,D-1,5.28999996185,5.40999984741,6.0,6.07000017166,14.744805584785304,1,-2.6465003306170187,1.5533965479325396,0.5736177763023154,1.7110203770687393,0.3738314259163378,1.5122859033447567,4.0,0.0,0.8421052631592816,1.1173173940159709,1.7110203770687393,1.5533965479325396
CRK,2021-08-27,stress,True,True,D-1,5.46999979019,5.96999979019,6.07000017166,5.94999980927,10.968928783983722,1,1.5533965479325396,0.5736177763023154,1.7110203770687393,0.3738314259163378,0.744878262615245,5.0485387810720095,5.0,0.0,0.8571428571428569,1.1090562749040522,1.7110203770687393,1.7110203770687393
CRK,2021-08-30,stress,True,True,D-1,5.96999979019,5.92999982834,5.94999980927,6.25,4.690120932166542,1,0.5736177763023154,1.7110203770687393,0.3738314259163378,0.744878262615245,10.35120071302953,14.149135151467673,5.0,0.0,0.9594591633932614,0.502516094879879,10.35120071302953,1.7110203770687393
CRK,2021-08-31,stress,True,True,D-1,5.92000007629,5.90999984741,6.25,6.71999979019,13.513508506597027,1,1.7110203770687393,0.3738314259163378,0.744878262615245,10.35120071302953,-0.670016134937379,12.737634416465827,4.0,0.0,0.8271600577655531,2.3608827550200884,10.35120071302953,1.7110203770687393
CRK,2021-09-01,stress,True,True,D-1,5.90000009537,6.23999977112,6.71999979019,7.07999992371,19.999996767220395,1,0.3738314259163378,0.744878262615245,10.35120071302953,-0.670016134937379,-0.33726781633985903,10.467288836685107,3.0,1.0,0.8024687215398271,2.7072813600852896,10.35120071302953,11.35622491551933
CRK,2021-09-02,stress,True,True,D-1,6.26000022888,6.65999984741,7.07999992371,7.36000013351,17.57188281807467,1,0.744878262615245,10.35120071302953,-0.670016134937379,-0.33726781633985903,5.5837551984814215,16.20111553259882,3.0,0.0,0.9898987563717447,0.16026008408338566,10.35120071302953,10.35120071302953
CRK,2021-09-03,stress,True,True,D-1,6.65999984741,7.05999994278,7.36000013351,7.75,16.36636903248412,1,10.35120071302953,-0.670016134937379,-0.33726781633985903,5.5837551984814215,6.730770700246613,23.105361095313693,3.0,0.0,0.9520000457759998,0.9009000623826369,10.35120071302953,10.35120071302953
CRK,2021-09-07,stress,True,True,D-1,7.03999996185,7.34000015259,7.75,7.86000013351,11.64772977419899,1,-0.670016134937379,-0.33726781633985903,5.5837551984814215,6.730770700246613,6.006007575594108,18.25795964651633,3.0,0.0,0.9848484957925876,0.28328585116284,6.730770700246613,5.5837551984814215
CRK,2021-09-08,stress,True,True,D-1,7.46999979019,7.63999986649,7.86000013351,8.14999961853,9.103076940283339,1,-0.33726781633985903,5.5837551984814215,6.730770700246613,6.006007575594108,3.9660086696791774,23.777409191674547,4.0,0.0,0.9875000111799227,0.2724792984226676,6.730770700246613,6.730770700246613
CRK,2021-09-09,stress,True,True,D-1,7.59999990463,7.84999990463,8.14999961853,8.92000007629,17.368423529266664,1,5.5837551984814215,6.730770700246613,6.006007575594108,3.9660086696791774,4.087189477702413,29.272420706375414,5.0,0.0,0.9408601475192269,1.4397923485898856,6.730770700246613,6.730770700246613
CRK,2021-09-10,stress,True,True,D-1,7.98000001907,8.02000045776,8.92000007629,8.89999961853,11.779449310446854,1,6.730770700246613,6.006007575594108,3.9660086696791774,4.087189477702413,2.7486916467248435,25.80128513724329,5.0,0.0,0.9937498565774523,0.1273914522483155,6.730770700246613,6.730770700246613
CRK,2021-09-13,stress,True,True,D-1,8.14999961853,8.80000019073,8.89999961853,9.38000011444,15.092031331062227,1,6.006007575594108,3.9660086696791774,4.087189477702413,2.7486916467248435,2.165612168093567,20.420430052695714,5.0,0.0,0.9161295582159141,1.6209370741895102,6.006007575594108,6.006007575594108
CRK,2021-09-14,stress,True,True,D-1,8.88000011444,8.63000011444,9.38000011444,9.13000011444,5.630630558066518,1,3.9660086696791774,4.087189477702413,2.7486916467248435,2.165612168093567,9.72568190086931,24.64589606306489,5.0,0.0,0.9368421686645949,1.3636350336265757,9.72568190086931,4.087189477702413
CRK,2021-09-15,stress,True,True,D-1,8.92000007629,9.14000034332,9.13000011444,9.06000041962,2.3542604972414116,0,4.087189477702413,2.7486916467248435,2.165612168093567,9.72568190086931,-1.93181900688002,17.574930994991988,4.0,1.0,0.8053691855092014,3.360370312913008,9.72568190086931,4.087189477702413
CRK,2021-09-16,stress,True,True,D-1,9.10000038147,8.85999965668,9.06000041962,8.73999977112,-0.43956000190341626,0,2.7486916467248435,2.165612168093567,9.72568190086931,-1.93181900688002,5.909620186755871,19.633514437731737,4.0,0.0,0.8769232123550103,2.6258179661382997,9.72568190086931,9.72568190086931
CRK,2021-09-17,stress,True,True,D-1,8.84000015259,8.64999961853,8.73999977112,8.84000015259,0.0,0,2.165612168093567,9.72568190086931,-1.93181900688002,5.909620186755871,-3.0634647278174443,12.866239035930338,3.0,1.0,0.6770183760007928,5.86907988611427,9.72568190086931,9.72568190086931
CRK,2021-09-20,stress,True,True,D-1,8.35999965668,8.64999961853,8.84000015259,8.94999980927,7.057418383008729,1,9.72568190086931,-1.93181900688002,5.909620186755871,-3.0634647278174443,-2.3702036827018436,7.855350683433238,2.0,2.0,0.40650390114687035,8.439312463623638,9.72568190086931,15.086739957591588
CRK,2021-09-21,stress,True,True,D-1,8.72999954224,8.53999996185,8.94999980927,8.98999977112,2.9782387458555215,0,-1.93181900688002,5.909620186755871,-3.0634647278174443,-2.3702036827018436,0.0,-1.7045519198739534,1.0,3.0,0.34234169216463933,8.439312463623638,5.909620186755871,8.279823869457715
CRK,2021-09-22,stress,True,True,D-1,8.78999996185,8.75,8.98999977112,9.35000038147,6.370880796933909,1,5.909620186755871,-3.0634647278174443,-2.3702036827018436,0.0,-1.2716723876421754,-1.04287545071301,1.0,4.0,0.30578501974735706,9.836067404478444,5.909620186755871,7.1812925743980465
CRK,2021-09-23,stress,True,True,D-1,8.82999992371,8.86999988556,9.35000038147,10.470000267,18.57305048085367,1,-3.0634647278174443,-2.3702036827018436,0.0,-1.2716723876421754,2.4590168511488875,-4.2669620204668135,1.0,4.0,0.6041665631885894,4.342858450742848,2.4590168511488875,0.0
CRK,2021-09-24,stress,True,True,D-1,8.85999965668,9.07999992371,10.470000267,10.5500001907,19.074498865762646,1,-2.3702036827018436,0.0,-1.2716723876421754,2.4590168511488875,1.3714272635428681,0.1128694048251111,2.0,4.0,0.7865163362194909,2.142057908809125,2.4590168511488875,0.0
CRK,2021-09-27,stress,True,True,D-1,9.48999977112,10.3400001526,10.5500001907,10.5,11.169656956218233,1,0.0,-1.2716723876421754,2.4590168511488875,1.3714272635428681,2.3675314640293488,4.97110201321691,3.0,0.0,0.7711861119232392,2.973573348331926,2.4590168511488875,2.4590168511488875
CRK,2021-09-28,stress,True,True,D-1,10.5,10.0799999237,10.5,10.4499998093,0.0,0,-1.2716723876421754,2.4590168511488875,1.3714272635428681,2.3675314640293488,13.876654619785246,19.537579290173458,4.0,0.0,0.9434782158170738,1.2572544727410984,13.876654619785246,2.4590168511488875
CRK,2021-09-29,stress,True,True,D-1,9.97999954224,10.3199996948,10.4499998093,10.7299995422,7.515030404416856,1,2.4590168511488875,1.3714272635428681,2.3675314640293488,13.876654619785246,-2.514508946449312,18.03278651908089,4.0,0.0,0.7473117673229476,4.66270109680198,13.876654619785246,2.4590168511488875
CRK,2021-09-30,stress,True,True,D-1,10.3100004196,10.3500003815,10.7299995422,11.1599998474,8.244417004911986,1,1.3714272635428681,2.3675314640293488,13.876654619785246,-2.514508946449312,2.3809501281415013,17.94285365485715,4.0,1.0,0.8756754332546589,2.2286870416855953,13.876654619785246,14.070082642075667
CRK,2021-10-01,stress,True,True,D-1,10.3500003815,10.4399995804,11.1599998474,11.3400001526,9.565214827137257,1,2.3675314640293488,13.876654619785246,-2.514508946449312,2.3809501281415013,0.29070433708555665,16.68546240174569,4.0,2.0,0.8863637595486661,1.9323652350534015,13.876654619785246,13.876654619785246
CRK,2021-10-04,stress,True,True,D-1,10.8000001907,10.5699996948,11.3400001526,10.6800003052,4.9999995589351975,1,13.876654619785246,-2.514508946449312,2.3809501281415013,0.29070433708555665,0.8695574452428856,14.977969913179434,4.0,0.0,0.7716534842138157,2.7777775235206414,13.876654619785246,13.876654619785246
CRK,2021-10-05,stress,True,True,D-1,10.7399997711,10.8999996185,10.6800003052,10.6899995804,-0.4655511337583573,0,-2.514508946449312,2.3809501281415013,0.29070433708555665,0.8695574452428856,1.2452118738017992,2.2243669130136867,4.0,0.0,0.5354327693006445,5.581836988039424,2.3809501281415013,2.3809501281415013
CRK,2021-10-06,stress,True,True,D-1,10.4499998093,10.529999733,10.6899995804,10.75,2.8708152743985194,0,2.3809501281415013,0.29070433708555665,0.8695574452428856,1.2452118738017992,3.122042887686627,8.134917668719655,5.0,0.0,0.6965513158801845,4.036702288991001,3.122042887686627,2.3809501281415013
CRK,2021-10-07,stress,True,True,D-1,10.5,10.25,10.75,10.779999733,2.6666641238095368,0,0.29070433708555665,0.8695574452428856,1.2452118738017992,3.122042887686627,-3.3944944811926336,2.0348841512642046,4.0,1.0,0.3671870401866721,7.69231187216024,3.122042887686627,1.6236410408308033
CRK,2021-10-08,stress,True,True,D-1,10.470000267,10.5200004578,10.779999733,10.3999996185,2.9608353208650406,0,0.8695574452428856,1.2452118738017992,3.122042887686627,-3.3944944811926336,-2.6590668575470877,-0.9661872252559878,3.0,2.0,0.06837599870334367,10.6341478302439,3.122042887686627,9.08534234869569
CRK,2021-10-11,stress,True,True,D-1,10.6999998093,10.3000001907,10.3999996185,9.75,-2.8037401509040327,0,1.2452118738017992,3.122042887686627,-3.3944944811926336,-2.6590668575470877,2.634150807804869,0.7662919599172424,3.0,3.0,0.2991456057052915,7.794673565741306,3.122042887686627,3.2170027685369917
CRK,2021-10-12,stress,True,True,D-1,10.220000267,9.71000003815,9.75,9.59000015259,-4.598828324081483,0,3.122042887686627,-3.3944944811926336,-2.6590668575470877,2.634150807804869,-2.0912572008196184,-2.554394625317047,2.0,4.0,0.11111120164292015,10.09708682179471,3.122042887686627,3.122042887686627
CRK,2021-10-13,stress,True,True,D-1,9.61999988556,9.36999988556,9.59000015259,9.43999958038,-0.3118475397804521,0,-3.3944944811926336,-2.6590668575470877,2.634150807804869,-2.0912572008196184,-5.728156714819477,-10.917427724770533,1.0,1.0,0.08547040593752023,11.019564270299043,2.634150807804869,10.333774233671068
CRK,2021-10-14,stress,True,True,D-1,9.53999996185,9.21000003815,9.43999958038,9.73999977112,2.0964340678174986,0,-2.6590668575470877,2.634150807804869,-2.0912572008196184,-5.728156714819477,-3.5015463568914496,-11.016143179991477,1.0,2.0,0.060000101725467256,15.048024169273845,2.634150807804869,11.663279816750993
CRK,2021-10-15,stress,True,True,D-1,9.39999961853,9.18999958038,9.73999977112,9.46000003815,3.6170230466793463,1,2.634150807804869,-2.0912572008196184,-5.728156714819477,-3.5015463568914496,-1.707575766959979,-10.146341091219513,1.0,3.0,0.048484813456998295,17.046684998335394,2.634150807804869,7.783481374597145
CRK,2021-10-18,stress,True,True,D-1,9.35000038147,9.25,9.46000003815,9.63000011444,2.994649428302787,0,-2.0912572008196184,-5.728156714819477,-3.5015463568914496,-1.707575766959979,-0.21716023547396768,-12.64259334165596,0.0,4.0,0.06470568765295412,17.3014170317759,-0.21716023547396768,1.9210278268775305
CRK,2021-10-19,stress,True,True,D-1,9.22999954224,9.44999980927,9.63000011444,9.56000041962,4.333700888818526,1,-5.728156714819477,-3.5015463568914496,-1.707575766959979,-0.21716023547396768,0.6528881649580986,-10.194176419997147,1.0,4.0,0.12878796636164783,12.432428308108111,0.6528881649580986,0.0
CRK,2021-10-20,stress,True,True,D-1,9.30000019073,9.61999988556,9.56000041962,9.86999988556,6.129028850968865,1,-3.5015463568914496,-1.707575766959979,-0.21716023547396768,0.6528881649580986,2.162160100216215,-2.6776542518895385,2.0,4.0,0.6296295860306584,3.1746052569833205,2.162160100216215,0.0
CRK,2021-10-21,stress,True,True,D-1,9.51000022888,9.47000026703,9.86999988556,10.6400003433,11.882230149568374,1,-1.707575766959979,-0.21716023547396768,0.6528881649580986,2.162160100216215,1.7989426425515598,2.668089680398733,3.0,2.0,0.8500001788137069,1.2474000726353962,2.162160100216215,0.6528881649580986
CRK,2021-10-22,stress,True,True,D-1,9.55000019073,9.76000022888,10.6400003433,10.7399997711,12.46072834139953,1,-0.21716023547396768,0.6528881649580986,2.162160100216215,1.7989426425515598,-1.559247612415826,2.8230209316288724,3.0,3.0,0.6625007003557704,2.851103447483627,2.162160100216215,2.162160100216215
CRK,2021-10-25,stress,True,True,D-1,9.96000003815,10.6400003433,10.7399997711,10.8900003433,9.337352425580336,1,0.6528881649580986,2.162160100216215,1.7989426425515598,-1.559247612415826,3.062301517135535,6.202401246207989,4.0,0.0,0.8817208380821865,1.1270456362747927,3.062301517135535,2.162160100216215
CRK,2021-10-26,stress,True,True,D-1,10.7299995422,10.6999998093,10.8900003433,10.4899997711,1.4911538483364684,0,2.162160100216215,1.7989426425515598,-1.559247612415826,3.062301517135535,9.016394403517204,15.02703073837839,4.0,0.0,1.0,0.0,9.016394403517204,2.162160100216215
CRK,2021-10-27,stress,True,True,D-1,10.5500001907,10.3800001144,10.4899997711,10.2299995422,-0.5687243461179325,0,1.7989426425515598,-1.559247612415826,3.062301517135535,9.016394403517204,0.563904737444676,13.22751349480249,4.0,0.0,0.9753086638110051,0.37383142535418745,9.016394403517204,3.062301517135535
CRK,2021-10-28,stress,True,True,D-1,10.2299995422,10.1099996567,10.2299995422,10.1599998474,0.0,0,-1.559247612415826,3.062301517135535,9.016394403517204,0.563904737444676,-2.990651407506284,7.900210372983363,3.0,0.0,0.6832297915741371,4.913296948739787,9.016394403517204,11.46000549854619
CRK,2021-10-29,stress,True,True,D-1,10.1300001144,9.86999988556,10.1599998474,9.85000038147,0.2961474102784578,0,3.062301517135535,9.016394403517204,0.563904737444676,-2.990651407506284,-2.6011604501374963,6.758177102678342,3.0,1.0,0.4347821580233516,7.715140584432034,9.016394403517204,14.53041461954745
CRK,2021-11-01,stress,True,True,D-1,9.97999954224,9.65999984741,9.85000038147,9.94999980927,-0.3005985405412748,0,9.016394403517204,0.563904737444676,-2.990651407506284,-2.6011604501374963,-2.3738850572655457,1.1270456362747927,2.0,2.0,0.046729121903831314,10.334351262073271,9.016394403517204,13.929691351678931
CRK,2021-11-02,stress,True,True,D-1,9.67000007629,9.82999992371,9.94999980927,9.86999988556,2.895550473329722,0,0.563904737444676,-2.990651407506284,-2.6011604501374963,-2.3738850572655457,-2.1276599856625444,-9.210530679231654,1.0,3.0,0.03906262805376537,12.732924589225348,0.563904737444676,5.014941577903708
CRK,2021-11-03,stress,True,True,D-1,9.25,9.55000019073,9.86999988556,9.72000026703,6.7027014655135275,1,-2.990651407506284,-2.6011604501374963,-2.3738850572655457,-2.1276599856625444,1.759835186183567,-8.13084019715432,1.0,4.0,0.2789114101686151,10.78332073058592,1.759835186183567,0.4052681085490284
CRK,2021-11-04,stress,True,True,D-1,9.72000026703,9.43999958038,9.72000026703,10.1599998474,4.526744529652604,1,-2.6011604501374963,-2.3738850572655457,-2.1276599856625444,1.759835186183567,-2.8484205000311347,-7.996145611969263,1.0,4.0,0.4050635279939219,9.842927346561115,1.759835186183567,1.1387128200575858
CRK,2021-11-05,stress,True,True,D-1,9.52999973297,9.68000030518,10.1599998474,10.1599998474,6.610704428988079,1,-2.3738850572655457,-2.1276599856625444,1.759835186183567,-2.8484205000311347,-1.1518388288282444,-6.627102859256606,1.0,4.0,0.40151504205788324,8.36864403534432,1.759835186183567,5.727285301715279
CRK,2021-11-08,stress,True,True,D-1,9.80000019073,10.0600004196,10.1599998474,10.029999733,3.6734658128938724,1,-2.1276599856625444,1.759835186183567,-2.8484205000311347,-1.1518388288282444,2.542380672334077,-1.925021100131652,2.0,4.0,0.6160003662209278,4.9586728004868075,2.542380672334077,1.759835186183567
CRK,2021-11-09,stress,True,True,D-1,10.0500001907,10.1499996185,10.029999733,9.75,-0.19900952557700968,0,1.759835186183567,-2.8484205000311347,-1.1518388288282444,2.542380672334077,3.9256208929730363,4.140792738182553,3.0,0.0,0.9200004577593598,0.9940300559547754,3.9256208929730363,1.759835186183567
CRK,2021-11-10,stress,True,True,D-1,10.0,9.18000030518,9.75,9.64999961853,-2.500000000000002,0,-2.8484205000311347,-1.1518388288282444,2.542380672334077,3.9256208929730363,0.8946242062242371,3.2553377138707873,3.0,1.0,0.9919998168799367,0.09852442636324454,3.9256208929730363,2.542380672334077
CRK,2021-11-11,stress,True,True,D-1,9.22000026703,9.67000007629,9.64999961853,9.38000011444,4.663767234775951,1,-1.1518388288282444,2.542380672334077,3.9256208929730363,0.8946242062242371,-9.55664384018322,-3.8743442739315515,3.0,2.0,0.19672186251748208,10.67537592201402,3.9256208929730363,12.673136576028943
CRK,2021-11-12,stress,True,True,D-1,9.5,9.26000022888,9.38000011444,9.44999980927,-0.5263177971578936,0,2.542380672334077,3.9256208929730363,0.8946242062242371,-9.55664384018322,5.3376879610070205,2.4364460395531307,4.0,3.0,0.598360931258741,5.067215793632074,5.3376879610070205,8.654680599883024
CRK,2021-11-15,stress,True,True,D-1,9.32999992371,9.27999973297,9.44999980927,9.14000034332,1.28617241737643,0,3.9256208929730363,0.8946242062242371,-9.55664384018322,5.3376879610070205,-4.239915658483651,-4.338843626639644,3.0,4.0,0.26229555611626193,9.719218102318084,5.3376879610070205,3.9256208929730363
CRK,2021-11-16,stress,True,True,D-1,9.44999980927,9.07999992371,9.14000034332,8.88000011444,-3.2804176953094233,0,0.8946242062242371,-9.55664384018322,5.3376879610070205,-4.239915658483651,0.21597736064440376,-7.75348562720054,3.0,4.0,0.2786885886676822,9.482760126635936,5.3376879610070205,9.370783516779014
CRK,2021-11-17,stress,True,True,D-1,9.05000019073,8.73999977112,8.88000011444,8.52999973297,-1.8784538420687835,0,-9.55664384018322,5.3376879610070205,-4.239915658483651,0.21597736064440376,-2.1551704204197275,-10.541869310416086,2.0,4.0,0.12844066397007847,10.462553053655089,5.3376879610070205,7.2815357009737625
CRK,2021-11-18,stress,True,True,D-1,8.69999980927,8.68000030518,8.52999973297,8.72000026703,0.22989032412035204,0,5.3376879610070205,-4.239915658483651,0.21597736064440376,-2.1551704204197275,-3.74449510403827,-4.793033980747474,2.0,4.0,0.0648145368284276,11.556066994616998,5.3376879610070205,11.15665323458872
CRK,2021-11-19,stress,True,True,D-1,8.47000026703,8.47000026703,8.72000026703,8.81000041962,4.014169325513128,1,-4.239915658483651,0.21597736064440376,-2.1551704204197275,-3.74449510403827,-0.6864927632865614,-10.237846569798826,1.0,4.0,0.06730831833443554,11.175106903753562,0.21597736064440376,4.621259540058387
CRK,2021-11-22,stress,True,True,D-1,8.42000007629,8.39999961853,8.81000041962,8.85000038147,5.106891939239344,1,0.21597736064440376,-2.1551704204197275,-3.74449510403827,-0.6864927632865614,-2.4193551931637303,-8.531316871744288,1.0,3.0,0.1250003193080688,11.570242164627897,0.21597736064440376,3.3052166187754195
CRK,2021-11-23,stress,True,True,D-1,8.64000034332,8.63000011444,8.85000038147,8.67000007629,2.4305559005256328,0,-2.1551704204197275,-3.74449510403827,-0.6864927632865614,-2.4193551931637303,-0.8264539113709612,-9.482760126743683,0.0,4.0,0.06249973390399056,12.50000283837811,-0.6864927632865614,3.22581424891083
CRK,2021-11-24,stress,True,True,D-1,8.47999954224,8.81000041962,8.67000007629,8.84000015259,4.245290445557082,1,-3.74449510403827,-0.6864927632865614,-2.4193551931637303,-0.8264539113709612,2.7381012661313653,-4.955945077652979,1.0,4.0,0.37037041397391357,5.909620186755871,2.7381012661313653,0.0
CRK,2021-11-26,stress,True,True,D-1,8.39000034332,8.59000015259,8.84000015259,8.36999988556,5.3635255167573614,1,-0.6864927632865614,-2.4193551931637303,-0.8264539113709612,2.7381012661313653,2.0857509014260422,0.8009227726905044,2.0,4.0,0.8727278717356601,0.7945481439945112,2.7381012661313653,0.0
CRK,2021-11-29,stress,True,True,D-1,8.72999954224,8.42000007629,8.36999988556,8.28999996185,-4.123707623787897,0,-2.4193551931637303,-0.8264539113709612,2.7381012661313653,2.0857509014260422,-2.4971652275981415,-1.036868080941089,2.0,1.0,0.5438597665384926,3.0267779308665865,2.7381012661313653,3.2016002385481968
CRK,2021-11-30,stress,True,True,D-1,8.25,8.09000015259,8.28999996185,7.84000015259,0.48484802242425573,0,-0.8264539113709612,2.7381012661313653,2.0857509014260422,-2.4971652275981415,-1.9790462547167875,-0.5903210054742147,2.0,2.0,0.2456143579633145,5.106891939239344,2.7381012661313653,7.1648926935354185
CRK,2021-12-01,stress,True,True,D-1,8.28999996185,7.46999979019,7.84000015259,7.90999984741,-4.5838373484768935,0,2.7381012661313653,2.0857509014260422,-2.4971652275981415,-1.9790462547167875,-3.9192389633018188,-3.6904700002147184,2.0,3.0,0.21649482509215084,9.394316619841936,2.7381012661313653,8.558822932233356
CRK,2021-12-02,stress,True,True,D-1,7.48999977112,7.69000005722,7.90999984741,7.88999986649,5.607477825425833,1,2.0857509014260422,-2.4971652275981415,-1.9790462547167875,-3.9192389633018188,-7.663786782519488,-13.441486777144407,1.0,4.0,0.007194064438945597,18.47390401660105,2.0857509014260422,13.368414529602479
CRK,2021-12-03,stress,True,True,D-1,7.86999988556,7.59999990463,7.88999986649,8.46000003815,7.4968254278191315,1,-2.4971652275981415,-1.9790462547167875,-3.9192389633018188,-7.663786782519488,2.9451174459056206,-12.712829841707418,1.0,3.0,0.20689664243922098,14.954487474811984,2.9451174459056206,4.944376858162858
CRK,2021-12-06,stress,True,True,D-1,7.59000015259,7.78000020981,8.46000003815,8.51000022888,12.121212882664567,1,-1.9790462547167875,-3.9192389633018188,-7.663786782519488,2.9451174459056206,-1.1703530808884754,-11.525031785494221,1.0,4.0,0.1448275839343641,16.315792941057516,2.9451174459056206,0.0
CRK,2021-12-07,stress,True,True,D-1,7.98999977112,8.30000019073,8.51000022888,8.35999965668,6.508141084553598,1,-3.9192389633018188,-7.663786782519488,2.9451174459056206,-1.1703530808884754,2.3684250978785126,-7.600948464147706,2.0,4.0,0.4537039653454398,7.583543185590846,2.9451174459056206,2.9451174459056206
CRK,2021-12-08,stress,True,True,D-1,8.32999992371,8.36999988556,8.35999965668,8.65999984741,3.9615837541691956,1,-7.663786782519488,2.9451174459056206,-1.1703530808884754,2.3684250978785126,6.683804201757204,2.5957977030787838,3.0,0.0,0.8632480025762199,1.9277089607624198,6.683804201757204,2.9451174459056206
CRK,2021-12-09,stress,True,True,D-1,8.27999973297,8.31000041962,8.65999984741,8.63000011444,4.589373510809236,1,2.9451174459056206,-1.1703530808884754,2.3684250978785126,6.683804201757204,0.843369797848692,12.048194386188982,4.0,0.0,0.8852456453466037,1.6726445069793705,6.683804201757204,2.9451174459056206
CRK,2021-12-10,stress,True,True,D-1,8.40999984741,8.59000015259,8.63000011444,8.56000041962,2.6159366352158875,0,-1.1703530808884754,2.3684250978785126,6.683804201757204,0.843369797848692,-0.716839507292133,8.062423378240325,3.0,1.0,0.8360657659961958,2.4067364519958057,6.683804201757204,6.683804201757204
CRK,2021-12-13,stress,True,True,D-1,8.56999969482,8.27000045776,8.56000041962,8.64999961853,0.9334880578625304,0,2.3684250978785126,6.683804201757204,0.843369797848692,-0.716839507292133,3.3694310328663324,13.026319215568428,4.0,0.0,0.9489053279800905,0.8148974805186171,6.683804201757204,6.683804201757204
CRK,2021-12-14,stress,True,True,D-1,8.23999977112,8.26000022888,8.64999961853,8.97999954224,8.980579996052796,1,6.683804201757204,0.843369797848692,-0.716839507292133,3.3694310328663324,-3.7252583136859974,6.2982035313077,3.0,1.0,0.42647134102657364,4.715832745620374,6.683804201757204,7.1651514922526305
CRK,2021-12-15,stress,True,True,D-1,8.22999954224,8.53999996185,8.97999954224,8.65999984741,9.113001721940183,1,0.843369797848692,-0.716839507292133,3.3694310328663324,-3.7252583136859974,-0.12092174518101295,-0.48192724013036425,2.0,2.0,0.2307692307707073,4.842610259639657,3.3694310328663324,7.211106444367932
CRK,2021-12-16,stress,True,True,D-1,8.72000026703,8.47000026703,8.65999984741,8.25,-0.688078185580554,0,-0.716839507292133,3.3694310328663324,-3.7252583136859974,-0.12092174518101295,3.3898271817356607,2.031064260625448,2.0,3.0,0.8095240257747148,1.4051508910546406,3.3898271817356607,3.3694310328663324
CRK,2021-12-17,stress,True,True,D-1,8.38000011444,8.56000041962,8.25,8.72000026703,4.0572810017523775,1,3.3694310328663324,-3.7252583136859974,-0.12092174518101295,3.3898271817356607,-0.8196685612728793,1.9253891616207275,2.0,0.0,0.46315854989287486,6.02124272882496,3.3898271817356607,3.3694310328663324
CRK,2021-12-20,stress,True,True,D-1,8.25,8.22000026703,8.72000026703,8.82999992371,7.030302105575759,1,-3.7252583136859974,-0.12092174518101295,3.3898271817356607,-0.8196685612728793,1.062575557881984,-0.3492401913514964,2.0,1.0,0.557895571639392,4.906531565785199,3.3898271817356607,3.3898271817356607
CRK,2021-12-21,stress,True,True,D-1,8.38000011444,8.72000026703,8.82999992371,8.72999954224,5.369926051606888,1,-0.12092174518101295,3.3898271817356607,-0.8196685612728793,1.062575557881984,-3.971964204706113,-0.604597194224854,2.0,2.0,0.40625044237582497,9.245732974709476,3.3898271817356607,6.341420949366816
CRK,2021-12-22,stress,True,True,D-1,8.69999980927,8.67000007629,8.72999954224,8.81999969482,1.3793090595489055,0,3.3898271817356607,-0.8196685612728793,1.062575557881984,-3.971964204706113,6.0827248632274955,5.56900757147285,3.0,3.0,0.7968755238669311,2.981642973028875,6.0827248632274955,3.3898271817356607
CRK,2021-12-23,stress,True,True,D-1,8.68000030518,8.46000003815,8.81999969482,8.97999954224,3.456212287008431,1,-0.8196685612728793,1.062575557881984,-3.971964204706113,6.0827248632274955,-0.573396665239212,1.5222495904067657,2.0,4.0,0.757812866702164,3.575541674996763,6.0827248632274955,1.062575557881984
CRK,2021-12-27,stress,True,True,D-1,8.47000026703,8.81000041962,8.97999954224,8.77000045776,6.02124272882496,1,1.062575557881984,-3.971964204706113,6.0827248632274955,-0.573396665239212,-2.4221457473142527,-0.11806645294838436,2.0,1.0,0.6725665061163615,4.373521086187959,6.0827248632274955,9.064378772838621
CRK,2021-12-28,stress,True,True,D-1,8.82999992371,8.75,8.77000045776,8.68999958038,-0.6794956564936228,0,-3.971964204706113,6.0827248632274955,-0.573396665239212,-2.4221457473142527,4.137120329688981,2.9205606044946597,2.0,2.0,0.9823013256065806,0.22700911620232578,6.0827248632274955,6.0827248632274955
CRK,2021-12-29,stress,True,True,D-1,8.72999954224,8.60000038147,8.68999958038,8.26000022888,-0.4581897360527942,0,6.0827248632274955,-0.573396665239212,-2.4221457473142527,4.137120329688981,-0.6810489984356627,6.447685106481105,2.0,0.0,0.6666671273770917,2.628566197028559,6.0827248632274955,6.0827248632274955
CRK,2021-12-30,stress,True,True,D-1,8.64999961853,8.22999954224,8.26000022888,8.56000041962,-1.0404532124741905,0,-0.573396665239212,-2.4221457473142527,4.137120329688981,-0.6810489984356627,-1.7142813546285662,-1.3761454344642154,1.0,1.0,0.44927624368232544,4.4185946966789125,4.137120329688981,6.520775586757144
CRK,2021-12-31,stress,True,True,D-1,8.18999958038,8.09000015259,8.56000041962,8.96000003815,9.401715472789718,1,-2.4221457473142527,4.137120329688981,-0.6810489984356627,-1.7142813546285662,-4.3023351490451445,-5.074977280026527,1.0,2.0,0.025973398662945988,9.113001721940183,4.137120329688981,10.079982704088986
CRK,2022-01-03,stress,True,True,D-1,8.05000019073,8.51000022888,8.96000003815,9.11999988556,13.29192135997912,1,4.137120329688981,-0.6810489984356627,-1.7142813546285662,-4.3023351490451445,-1.7010862386013792,-4.373521086187971,1.0,3.0,0.021978528707124363,11.00122834194346,4.137120329688981,10.067355286176582
CRK,2022-01-04,stress,True,True,D-1,8.59000015259,8.81000041962,9.11999988556,8.60000038147,6.16996185745351,1,-0.6810489984356627,-1.7142813546285662,-4.3023351490451445,-1.7010862386013792,5.191595406281135,-3.405223342236119,1.0,4.0,0.5436898687296162,5.522906001400396,5.191595406281135,0.0
CRK,2022-01-05,stress,True,True,D-1,8.98999977112,8.18999958038,8.60000038147,8.61999988556,-4.115682925250008,0,-1.7142813546285662,-4.3023351490451445,-1.7010862386013792,5.191595406281135,3.525266541379213,0.6857190813714276,2.0,0.0,0.8514855598633515,1.7026062586324997,5.191595406281135,0.0
CRK,2022-01-06,stress,True,True,D-1,8.40999984741,8.39999961853,8.61999988556,8.77999973297,4.399523094806557,1,-4.3023351490451445,-1.7010862386013792,5.191595406281135,3.525266541379213,-7.03746662553214,-4.767450963995401,2.0,0.0,0.20512799612032914,11.3553156633599,5.191595406281135,8.95188494674468
CRK,2022-01-07,stress,True,True,D-1,8.42000007629,8.56999969482,8.77999973297,9.06999969482,7.7197103639029985,1,-1.7010862386013792,5.191595406281135,3.525266541379213,-7.03746662553214,2.564103161288034,2.0656146506143003,3.0,1.0,0.38461519651085996,8.571432139612423,5.191595406281135,9.845406774745115
CRK,2022-01-10,stress,True,True,D-1,8.64999961853,8.59000015259,9.06999969482,9.59000015259,10.867058676469,1,5.191595406281135,3.525266541379213,-7.03746662553214,2.564103161288034,2.023810523931302,5.933245156692979,4.0,2.0,0.5299143975408804,6.417738743589907,5.191595406281135,5.191595406281135
CRK,2022-01-11,stress,True,True,D-1,8.60999965668,9.01000022888,9.59000015259,9.47999954224,11.382120034693322,1,3.525266541379213,-7.03746662553214,2.564103161288034,2.023810523931302,0.23337757855566021,0.9400695835295902,4.0,3.0,0.47000026702999875,6.16996185745351,3.525266541379213,3.525266541379213
CRK,2022-01-12,stress,True,True,D-1,9.13000011444,9.47999954224,9.47999954224,9.03999996185,3.833509566406712,1,-7.03746662553214,2.564103161288034,2.023810523931302,0.23337757855566021,4.889407087651376,2.2701452864247074,4.0,4.0,0.8900003433199988,1.220861863326217,4.889407087651376,2.564103161288034
CRK,2022-01-13,stress,True,True,D-1,9.35999965668,8.92000007629,9.03999996185,9.05000019073,-3.3119602277844162,0,2.564103161288034,2.023810523931302,0.23337757855566021,4.889407087651376,5.2164184397409885,15.750916092234357,5.0,0.0,0.9197075769790771,1.1603440470631776,5.2164184397409885,2.564103161288034
CRK,2022-01-14,stress,True,True,D-1,8.77999973297,8.89000034332,9.05000019073,8.84000015259,3.0751761500187103,1,2.023810523931302,0.23337757855566021,4.889407087651376,5.2164184397409885,-5.907167647580702,6.190481921128943,4.0,1.0,0.47656233119253116,7.511211553471919,5.2164184397409885,5.888298877925912
CRK,2022-01-18,stress,True,True,D-1,9.0,8.63000011444,8.84000015259,8.51000022888,-1.7777760823333377,0,0.23337757855566021,4.889407087651376,5.2164184397409885,-5.907167647580702,-0.33631987346884884,3.73396335933851,3.0,2.0,0.4531250349202962,7.874013298503213,5.2164184397409885,11.440038982032597
CRK,2022-01-19,stress,True,True,D-1,8.84000015259,8.57999992371,8.51000022888,7.84000015259,-3.7330307467620893,0,4.889407087651376,5.2164184397409885,-5.907167647580702,-0.33631987346884884,-2.9246368823300117,0.4656572891670985,2.0,3.0,0.24999981373238303,11.123986389567907,5.2164184397409885,8.467539060477769
CRK,2022-01-20,stress,True,True,D-1,8.46000003815,7.80999994278,7.84000015259,7.88000011444,-6.855791029486003,0,5.2164184397409885,-5.907167647580702,-0.33631987346884884,-2.9246368823300117,-0.5793764781803157,-4.77247829352665,1.0,4.0,0.09009038421921998,11.771564543828973,5.2164184397409885,8.7034871420829
CRK,2022-01-21,stress,True,True,D-1,7.69000005722,7.59999990463,7.88000011444,7.61999988556,2.470741948065558,0,-5.907167647580702,-0.33631987346884884,-2.9246368823300117,-0.5793764781803157,-8.97435883189438,-17.616030380792623,0.0,4.0,0.005952235660693982,21.382837537711396,-0.33631987346884884,9.50173998593521
CRK,2022-01-24,stress,True,True,D-1,7.30999994278,7.84999990463,7.61999988556,7.88999986649,7.9343355437760055,1,-0.33631987346884884,-2.9246368823300117,-0.5793764781803157,-8.97435883189438,-2.688860943515581,-14.798208075901876,0.0,3.0,0.07643303977038468,19.07895137231048,-0.33631987346884884,11.421911745848213
CRK,2022-01-25,stress,True,True,D-1,7.30000019073,7.48000001907,7.88999986649,7.42000007629,8.082187128011586,1,-2.9246368823300117,-0.5793764781803157,-8.97435883189438,-2.688860943515581,3.2894737254890893,-11.698542165653159,1.0,4.0,0.3406592456496888,15.28662803412557,3.2894737254890893,0.0
CRK,2022-01-26,stress,True,True,D-1,7.59999990463,7.13999986649,7.42000007629,8.05000019073,5.921056470354102,1,-0.5793764781803157,-8.97435883189438,-2.688860943515581,3.2894737254890893,-4.713374395606939,-13.3256092713809,1.0,4.0,0.3061223943629752,18.181819920490994,3.2894737254890893,1.5789458824452707
CRK,2022-01-27,stress,True,True,D-1,7.28000020981,7.34000015259,8.05000019073,8.03999996185,10.57692251000768,1,-8.97435883189438,-2.688860943515581,3.2894737254890893,-4.713374395606939,-4.54545657370563,-16.783217599346344,1.0,4.0,0.15950903913851916,19.187680504306325,3.2894737254890893,12.33406030849319
CRK,2022-01-28,stress,True,True,D-1,7.46000003815,7.94000005722,8.03999996185,8.35000038147,11.930299447300152,1,-2.688860943515581,3.2894737254890893,-4.713374395606939,-4.54545657370563,2.80112450755996,-6.017923093898281,2.0,1.0,0.4554456941363961,7.493183957304517,3.2894737254890893,5.161129689701327
CRK,2022-01-31,stress,True,True,D-1,7.96000003815,7.78000020981,8.35000038147,8.90999984741,11.934670913403567,1,3.2894737254890893,-4.713374395606939,-4.54545657370563,2.80112450755996,8.174385451726218,4.473686274428346,3.0,0.0,0.9059827980021987,1.3853920997138447,8.174385451726218,3.2894737254890893
CRK,2022-02-01,stress,True,True,D-1,7.69999980927,8.26000022888,8.90999984741,8.77000045776,15.71428659885532,1,-4.713374395606939,-4.54545657370563,2.80112450755996,8.174385451726218,-2.015111413815529,-0.8917158684131121,2.0,1.0,0.769230800585797,3.4704366791603602,8.174385451726218,2.80112450755996
CRK,2022-02-02,stress,True,True,D-1,8.31000041962,8.84000015259,8.77000045776,8.46000003815,5.535499577760983,1,-4.54545657370563,2.80112450755996,8.174385451726218,-2.015111413815529,6.169665888501585,10.427810264992177,3.0,0.0,0.937062843788224,1.089590194868606,8.174385451726218,8.174385451726218
CRK,2022-02-03,stress,True,True,D-1,8.52999973297,8.13000011444,8.46000003815,8.10000038147,-0.8206295077529568,0,2.80112450755996,8.174385451726218,-2.015111413815529,6.169665888501585,7.0217906493768245,23.8095282617381,4.0,0.0,0.9648242699140589,0.7918517376890755,8.174385451726218,8.174385451726218
CRK,2022-02-04,stress,True,True,D-1,8.19999980927,8.06999969482,8.10000038147,7.90000009537,-1.219505245438568,0,8.174385451726218,-2.015111413815529,6.169665888501585,7.0217906493768245,-8.031674501068641,10.762942035787827,3.0,1.0,0.4620690789138314,9.594092521408637,8.174385451726218,9.748236672522449
CRK,2022-02-07,stress,True,True,D-1,7.98000001907,7.86999988556,7.90000009537,7.5,-1.0025053071280987,0,-2.015111413815529,6.169665888501585,7.0217906493768245,-8.031674501068641,-0.7380125310629593,1.6372750209464826,2.0,2.0,0.3999997275199254,10.408924217545913,7.0217906493768245,15.73220291723634
CRK,2022-02-08,stress,True,True,D-1,7.82999992371,7.36999988556,7.5,7.67000007629,-2.043420804328555,0,6.169665888501585,7.0217906493768245,-8.031674501068641,-0.7380125310629593,-2.4783124761253217,1.1568081403971808,2.0,3.0,0.21212105886750374,13.214739224560956,7.0217906493768245,10.219825399932404
CRK,2022-02-09,stress,True,True,D-1,7.30999994278,7.36999988556,7.67000007629,7.75,6.0191526766642856,1,7.0217906493768245,-8.031674501068641,-0.7380125310629593,-2.4783124761253217,-6.353240244862112,-10.774822259789174,1.0,4.0,0.06097555656796151,20.895522194882442,7.0217906493768245,15.695890224737632
CRK,2022-02-10,stress,True,True,D-1,7.32999992371,7.36000013351,7.75,7.59000015259,5.729878317344128,1,-8.031674501068641,-0.7380125310629593,-2.4783124761253217,-6.353240244862112,0.0,-16.628962009681736,0.0,4.0,0.06666658189424958,18.995937502563788,0.0,6.353240244862112
CRK,2022-02-11,stress,True,True,D-1,7.42000007629,7.59999990463,7.59000015259,7.40000009537,2.2911061260392884,0,-0.7380125310629593,-2.4783124761253217,-6.353240244862112,0.0,-0.13568184810414108,-9.471094343066166,0.0,4.0,0.0756303766827142,14.945650607147588,0.0,0.13568184810414108
CRK,2022-02-14,stress,True,True,D-1,7.57999992371,7.44000005722,7.40000009537,7.73999977112,2.1108159501364243,0,-2.4783124761253217,-6.353240244862112,0.0,-0.13568184810414108,3.2608663962828466,-5.824037273405169,1.0,4.0,0.39759007764972304,6.578953725188796,3.2608663962828466,0.0
CRK,2022-02-15,stress,True,True,D-1,7.36000013351,7.30000019073,7.73999977112,7.86000013351,6.793478137636244,1,-6.353240244862112,0.0,-0.13568184810414108,3.2608663962828466,-2.105261176549833,-5.463784429386987,1.0,4.0,0.2812497904525925,6.182796164142523,3.2608663962828466,0.0
CRK,2022-02-16,stress,True,True,D-1,7.38999986649,7.30000019073,7.86000013351,7.78999996185,6.359949600963044,1,0.0,-0.13568184810414108,3.2608663962828466,-2.105261176549833,-1.8817186211462444,-0.9497923462271851,1.0,2.0,0.23728865612224342,6.164380787844892,3.2608663962828466,7.208231102396034
CRK,2022-02-17,stress,True,True,D-1,7.34000015259,7.71000003815,7.78999996185,7.73000001907,6.130787464646215,1,-0.13568184810414108,3.2608663962828466,-2.105261176549833,-1.8817186211462444,0.0,-0.9497923462271851,1.0,3.0,0.23728865612224342,6.164380787844892,3.2608663962828466,5.1425850174290915
CRK,2022-02-18,stress,True,True,D-1,7.57000017166,7.40999984741,7.73000001907,7.76999998093,2.642005346561871,0,3.2608663962828466,-2.105261176549833,-1.8817186211462444,0.0,5.616436119284529,4.755433400693221,2.0,0.0,0.7857142370673664,1.9455265190373883,5.616436119284529,3.2608663962828466
CRK,2022-02-22,stress,True,True,D-1,7.67000007629,7.40000009537,7.76999998093,8.28999996185,8.083440409297825,1,-2.105261176549833,-1.8817186211462444,0.0,5.616436119284529,-3.891053038334147,-2.500000784266454,1.0,1.0,0.35714271117352914,6.07287847998117,5.616436119284529,0.0
CRK,2022-02-23,stress,True,True,D-1,7.5,7.71999979019,8.28999996185,8.17000007629,10.533332824666664,1,-1.8817186211462444,0.0,5.616436119284529,-3.891053038334147,-0.1349494230218462,-0.5376338916984635,1.0,2.0,0.342857356955015,6.216216651508022,5.616436119284529,9.63718762701582
CRK,2022-02-24,stress,True,True,D-1,7.92000007629,8.11999988556,8.17000007629,8.43000030518,6.439396767391226,1,0.0,5.616436119284529,-3.891053038334147,-0.1349494230218462,4.32432014453914,5.753419020363082,2.0,3.0,0.7971009685360622,1.8134759990265925,5.616436119284529,5.616436119284529
CRK,2022-02-25,stress,True,True,D-1,8.02999973297,8.15999984741,8.43000030518,8.90999984741,10.958905899172699,1,5.616436119284529,-3.891053038334147,-0.1349494230218462,4.32432014453914,5.181348526437657,11.232872238432101,3.0,0.0,0.8482142020889584,2.093597028151639,5.616436119284529,5.616436119284529
CRK,2022-02-28,stress,True,True,D-1,8.19999980927,8.30000019073,8.90999984741,9.35000038147,14.024397548155276,1,-3.891053038334147,-0.1349494230218462,4.32432014453914,5.181348526437657,0.49261037455350376,5.836573372676379,3.0,1.0,0.883928457389976,1.5931386871442355,5.181348526437657,4.32432014453914
CRK,2022-03-01,stress,True,True,D-1,8.44999980927,8.80000019073,9.35000038147,9.09000015259,10.650894585969839,1,-0.1349494230218462,4.32432014453914,5.181348526437657,0.49261037455350376,1.7156905139457113,12.010801101852643,4.0,0.0,0.8968253247346436,1.5662664031645956,5.181348526437657,5.181348526437657
CRK,2022-03-02,stress,True,True,D-1,9.01000022888,9.15999984741,9.09000015259,9.55000019073,5.993340156852867,1,4.32432014453914,5.181348526437657,0.49261037455350376,1.7156905139457113,6.024096247111332,18.918919963743598,5.0,0.0,0.9261747157200455,1.2499960715441238,6.024096247111332,5.181348526437657
CRK,2022-03-03,stress,True,True,D-1,9.0,8.89999961853,9.55000019073,10.1700000763,13.00000084777777,1,5.181348526437657,0.49261037455350376,1.7156905139457113,6.024096247111332,4.090905100879749,18.652850989061488,5.0,0.0,0.8901731331816429,2.074241672762933,6.024096247111332,5.181348526437657
CRK,2022-03-04,stress,True,True,D-1,9.0,9.52000045776,10.1700000763,10.5200004578,16.888893975555554,1,0.49261037455350376,1.7156905139457113,6.024096247111332,4.090905100879749,-2.838430493571642,9.605908176884249,4.0,1.0,0.7058818946202088,5.056188564357789,6.024096247111332,6.024096247111332
CRK,2022-03-07,stress,True,True,D-1,9.64999961853,9.89999961853,10.5200004578,9.85000038147,9.015553094939177,1,1.7156905139457113,6.024096247111332,4.090905100879749,-2.838430493571642,6.966301862970248,16.666674458108787,4.0,0.0,0.9785716280652249,0.3151232303307827,6.966301862970248,6.024096247111332
CRK,2022-03-08,stress,True,True,D-1,10.0699996948,9.53999996185,9.85000038147,10.1899995804,1.1916572913300838,0,6.024096247111332,4.090905100879749,-2.838430493571642,6.966301862970248,3.991587631282645,19.27710109678056,4.0,0.0,0.8499997615783589,2.7272774563004587,6.966301862970248,6.024096247111332
CRK,2022-03-09,stress,True,True,D-1,9.30000019073,9.85000038147,10.1899995804,9.98999977112,9.569885714165128,1,4.090905100879749,-2.838430493571642,6.966301862970248,3.991587631282645,-3.636360308602249,8.409088125924402,3.0,0.0,0.45251396944486627,10.272541927347746,6.966301862970248,6.966301862970248
CRK,2022-03-10,stress,True,True,D-1,9.85999965668,10.0200004578,9.98999977112,9.38000011444,1.3184596244070645,0,-2.838430493571642,6.966301862970248,3.991587631282645,-3.636360308602249,3.249480302512331,7.532757047535288,3.0,1.0,0.6256984728298918,6.8020309683481495,6.966301862970248,7.4713446810165784
CRK,2022-03-11,stress,True,True,D-1,9.85000038147,9.52999973297,9.38000011444,8.97999954224,-4.7715761302321695,0,6.966301862970248,3.991587631282645,-3.636360308602249,3.249480302512331,1.7258890329568732,12.584279632306195,4.0,2.0,0.681528793973332,4.990019732092721,6.966301862970248,6.966301862970248
CRK,2022-03-14,stress,True,True,D-1,9.38000011444,8.60000038147,8.97999954224,9.09000015259,-3.091683990531746,0,3.991587631282645,-3.636360308602249,3.249480302512331,1.7258890329568732,-4.890226571282874,0.10503439841589302,3.0,3.0,0.3612899335591732,10.388255535884138,3.991587631282645,7.240325053689167
CRK,2022-03-15,stress,True,True,D-1,8.31000041962,8.90999984741,9.09000015259,9.61999988556,15.764132368117313,1,-3.636360308602249,3.249480302512331,1.7258890329568732,-4.890226571282874,-9.758650341642428,-13.131305930828209,2.0,4.0,0.05418747445347014,22.325581292611684,3.249480302512331,17.421137103432038
CRK,2022-03-16,stress,True,True,D-1,8.94999980927,8.94999980927,9.61999988556,9.60999965668,7.486034531487307,1,3.249480302512331,1.7258890329568732,-4.890226571282874,-9.758650341642428,3.6046447928995695,-6.6037748108945475,3.0,3.0,0.35678397979756277,14.365878281828204,3.6046447928995695,9.755250532652482
CRK,2022-03-17,stress,True,True,D-1,9.21000003815,9.52999973297,9.60999965668,10.0399999619,9.011942674396778,1,1.7258890329568732,-4.890226571282874,-9.758650341642428,3.6046447928995695,0.44893336189704147,-9.137061292841143,3.0,4.0,0.3768844654560541,13.854746341398405,3.6046447928995695,1.7258890329568732
CRK,2022-03-18,stress,True,True,D-1,9.56999969482,9.39000034332,10.0399999619,10.0799999237,5.329156166598947,1,-4.890226571282874,-9.758650341642428,3.6046447928995695,0.44893336189704147,6.480446212962621,-4.890226571282874,3.0,4.0,0.7430167329866408,4.826863074912624,6.480446212962621,3.6046447928995695
CRK,2022-03-21,stress,True,True,D-1,9.67000007629,9.89000034332,10.0799999237,11.4099998474,17.993792734048974,1,-9.758650341642428,3.6046447928995695,0.44893336189704147,6.480446212962621,-1.469038757321861,-1.469038757321861,3.0,1.0,0.8380285000822577,2.4494093059711064,6.480446212962621,3.6046447928995695
CRK,2022-03-22,stress,True,True,D-1,9.81999969482,10.0399999619,11.4099998474,12.0900001526,23.116094993133384,1,3.6046447928995695,0.44893336189704147,6.480446212962621,-1.469038757321861,5.324813436835463,14.999998891040756,4.0,0.0,0.9184784749253431,1.5166796094331136,6.480446212962621,6.480446212962621
CRK,2022-03-23,stress,True,True,D-1,10.3900003433,11.1999998093,12.0900001526,13.0,25.120303854302172,1,0.44893336189704147,6.480446212962621,-1.469038757321861,5.324813436835463,1.5166796094331136,12.68238085120139,4.0,0.0,0.9703704070388913,0.3984059955357999,6.480446212962621,6.480446212962621
CRK,2022-03-24,stress,True,True,D-1,11.1800003052,11.8199996948,13.0,12.9399995804,16.279066593168956,1,6.480446212962621,-1.469038757321861,5.324813436835463,1.5166796094331136,11.553783384481985,25.13966534054617,4.0,0.0,0.9062499734114089,1.8750003721037967,11.553783384481985,6.480446212962621
CRK,2022-03-25,stress,True,True,D-1,11.8000001907,12.8199996948,12.9399995804,13.0,10.169489744972736,1,-1.469038757321861,5.324813436835463,1.5166796094331136,11.553783384481985,5.535713357648264,24.029381175190533,4.0,0.0,0.9021737552867569,2.2842678914685832,11.553783384481985,5.324813436835463
CRK,2022-03-28,stress,True,True,D-1,12.470000267,12.8699998856,13.0,13.8900003433,11.387329959068392,1,5.324813436835463,1.5166796094331136,11.553783384481985,5.535713357648264,8.460237105081593,36.52821327019529,5.0,0.0,0.9464284751213762,1.4040585763275049,11.553783384481985,11.553783384481985
CRK,2022-03-29,stress,True,True,D-1,12.1999998093,13.0,13.8900003433,13.6800003052,13.852463609972542,1,1.5166796094331136,11.553783384481985,5.535713357648264,8.460237105081593,0.39001709820851715,30.131440230866936,5.0,1.0,0.9606060282162463,1.0101019079685747,11.553783384481985,11.553783384481985
CRK,2022-03-30,stress,True,True,D-1,13.25,13.1199998856,13.6800003052,14.0799999237,6.264150367547172,1,11.553783384481985,5.535713357648264,8.460237105081593,0.39001709820851715,1.0101019079685747,29.48207220450867,5.0,2.0,1.0,0.0,11.553783384481985,11.553783384481985
CRK,2022-03-31,stress,True,True,D-1,12.9399995804,13.0500001907,14.0799999237,14.3800001144,11.12828887708115,1,5.535713357648264,8.460237105081593,0.39001709820851715,1.0101019079685747,0.9230760430769314,17.14285811599492,5.0,0.0,0.7326387405854612,5.86890597876546,8.460237105081593,8.460237105081593
CRK,2022-04-01,stress,True,True,D-1,12.9899997711,13.9899997711,14.3800001144,14.3699998856,10.700541707417543,1,8.460237105081593,0.39001709820851715,1.0101019079685747,0.9230760430769314,-0.5335342645606977,10.406095834681928,4.0,1.0,0.6056337523546945,6.436782684483178,8.460237105081593,8.460237105081593
CRK,2022-04-04,stress,True,True,D-1,14.1700000763,13.5900001526,14.3699998856,14.6800003052,3.5991547364421006,1,0.39001709820851715,1.0101019079685747,0.9230760430769314,-0.5335342645606977,7.203061813515421,9.126365867033304,4.0,0.0,0.9612068256725531,0.6433177560582815,7.203061813515421,1.0101019079685747
CRK,2022-04-05,stress,True,True,D-1,13.9300003052,13.970000267,14.6800003052,14.6000003815,5.384063055045507,1,1.0101019079685747,0.9230760430769314,-0.5335342645606977,7.203061813515421,-2.859182452070541,5.594407718725725,3.0,0.0,0.698473283845493,5.813097519714594,7.203061813515421,1.0101019079685747
CRK,2022-04-06,stress,True,True,D-1,14.1099996567,14.0200004578,14.6000003815,14.8999996185,5.59886591793699,1,0.9230760430769314,-0.5335342645606977,7.203061813515421,-2.859182452070541,2.7961744674984246,7.461540515384613,3.0,1.0,0.724832274908797,2.9348592667424844,7.203061813515421,7.346017527791526
CRK,2022-04-07,stress,True,True,D-1,14.2700004578,13.9300003052,14.8999996185,15.2100000381,6.5872428181051434,1,-0.5335342645606977,7.203061813515421,-2.859182452070541,2.7961744674984246,0.3579111656719869,6.859760518655222,3.0,0.0,0.6312849936044459,4.707559385512083,7.203061813515421,7.203061813515421
CRK,2022-04-08,stress,True,True,D-1,14.3800001144,14.6899995804,15.2100000381,15.9499998093,10.917939376981067,1,7.203061813515421,-2.859182452070541,2.7961744674984246,0.3579111656719869,-0.6419411530755648,6.743295798011761,3.0,1.0,0.5614035185698163,5.384063055045507,7.203061813515421,7.4893893799828914
CRK,2022-04-11,stress,True,True,D-1,14.6499996185,15.0200004578,15.9499998093,16.6100006104,13.3788467094901,1,-2.859182452070541,2.7961744674984246,0.3579111656719869,-0.6419411530755648,5.455845359287581,5.0035727001656705,3.0,0.0,0.8679244377951364,1.4295442076131204,5.455845359287581,2.7961744674984246
CRK,2022-04-12,stress,True,True,D-1,15.2700004578,15.2700004578,16.6100006104,16.8400001526,10.281595597451565,1,2.7961744674984246,0.3579111656719869,-0.6419411530755648,5.455845359287581,2.2464321771683338,10.522445100388156,4.0,0.0,0.8855424109841997,1.2649771938011645,5.455845359287581,2.7961744674984246
CRK,2022-04-13,stress,True,True,D-1,15.6300001144,16.3899993896,16.8400001526,18.5499992371,18.682016003376667,1,0.3579111656719869,-0.6419411530755648,5.455845359287581,2.2464321771683338,1.664447352730769,9.305656162876863,4.0,0.0,0.7166668918486471,4.453171782012966,5.455845359287581,5.455845359287581
CRK,2022-04-14,stress,True,True,D-1,16.3700008392,16.6900005341,18.5499992371,17.7000007629,13.317032902525728,1,-0.6419411530755648,5.455845359287581,2.2464321771683338,1.664447352730769,7.334635875717321,16.904414082821617,4.0,0.0,0.9281041860701544,1.342289377628636,7.334635875717321,5.455845359287581
CRK,2022-04-18,stress,True,True,D-1,17.0699996948,18.0599994659,17.7000007629,17.9200000763,4.979498516095071,1,5.455845359287581,2.2464321771683338,1.664447352730769,7.334635875717321,1.8303914318042125,19.813353685783518,5.0,0.0,0.9448530868471429,0.8987394469732068,7.334635875717321,5.455845359287581
CRK,2022-04-19,stress,True,True,D-1,17.6000003815,17.2800006866,17.9200000763,18.2900009155,3.9204574945650883,1,2.2464321771683338,1.664447352730769,7.334635875717321,1.8303914318042125,8.208501425754289,22.940775913951626,5.0,0.0,0.8891403012540239,2.713177107924025,8.208501425754289,7.334635875717321
CRK,2022-04-20,stress,True,True,D-1,17.3299999237,17.6800003052,18.2900009155,17.2399997711,5.53953257949602,1,1.664447352730769,7.334635875717321,1.8303914318042125,8.208501425754289,-4.318930245666685,15.046605591988293,4.0,1.0,0.6329482986890661,7.349528356702173,8.208501425754289,7.334635875717321
CRK,2022-04-21,stress,True,True,D-1,18.0,16.8400001526,17.2399997711,16.7800006866,-4.222223493888899,0,7.334635875717321,1.8303914318042125,8.208501425754289,-4.318930245666685,2.31481251566259,15.782578750146392,4.0,2.0,0.7175327198658924,4.920808353403228,8.208501425754289,10.31259429362782
CRK,2022-04-22,stress,True,True,D-1,16.6200008392,16.1700000763,16.7800006866,17.1499996185,3.1889214954186063,1,1.8303914318042125,8.208501425754289,-4.318930245666685,2.31481251566259,-4.751132002825487,2.7455813286090702,3.0,3.0,0.34981002656295557,10.154388770810009,8.208501425754289,10.754800711154244
CRK,2022-04-25,stress,True,True,D-1,15.5500001907,16.5499992371,17.1499996185,17.1399993896,10.289385261595774,1,8.208501425754289,-4.318930245666685,2.31481251566259,-4.751132002825487,-3.978622744825544,-3.1156407499063232,2.0,4.0,0.09848495795657919,14.71860945930552,8.208501425754289,16.74922655490422
CRK,2022-04-26,stress,True,True,D-1,16.6399993896,16.1800003052,17.1399993896,17.1399993896,3.004807802532139,1,-4.318930245666685,2.31481251566259,-4.751132002825487,-3.978622744825544,2.3500257205128605,-8.361020340289082,2.0,2.0,0.41805978039808406,10.513605792195158,2.3500257205128605,4.036908197800837
CRK,2022-04-27,stress,True,True,D-1,16.3700008392,16.6900005341,17.1399993896,17.5499992371,7.20829772393381,1,2.31481251566259,-4.751132002825487,-3.978622744825544,2.3500257205128605,-2.2356431961070844,-6.365742694981547,2.0,3.0,0.29431434822105706,13.040794626078455,2.3500257205128605,2.31481251566259
CRK,2022-04-28,stress,True,True,D-1,16.7600002289,16.8899993896,17.5499992371,17.2900009155,4.713597836578609,1,-4.751132002825487,-3.978622744825544,2.3500257205128605,-2.2356431961070844,3.1520409102594016,-5.599546119967103,2.0,4.0,0.46488294530195406,9.586580768113052,3.1520409102594016,2.3500257205128605
CRK,2022-04-29,stress,True,True,D-1,17.0499992371,17.0300006866,17.2900009155,18.9099998474,10.909094976689083,1,-3.978622744825544,2.3500257205128605,-2.2356431961070844,3.1520409102594016,1.1983154529646267,0.29690758044489396,3.0,4.0,0.8195873931952942,2.0722344236170365,3.1520409102594016,2.3500257205128605
CRK,2022-05-02,stress,True,True,D-1,16.75,17.1200008392,18.9099998474,19.1700000763,14.447761649552238,1,2.3500257205128605,-2.2356431961070844,3.1520409102594016,1.1983154529646267,0.8289005450539344,5.318494781954186,4.0,0.0,0.7688894351613185,3.0534264799481736,3.1520409102594016,3.1520409102594016
CRK,2022-05-03,stress,True,True,D-1,17.4300003052,18.6800003052,19.1700000763,18.1100006104,9.982786807989296,1,-2.2356431961070844,3.1520409102594016,1.1983154529646267,0.8289005450539344,0.5284800291923242,3.44411860045426,4.0,1.0,0.734568715180768,2.51167276181099,3.1520409102594016,3.1520409102594016
CRK,2022-05-04,stress,True,True,D-1,18.9699993134,17.8400001526,18.1100006104,17.5100002289,-4.533467233140664,0,3.1520409102594016,1.1983154529646267,0.8289005450539344,0.5284800291923242,9.112145966885944,15.451173997793678,5.0,0.0,0.9228189337135927,1.2312609124314422,9.112145966885944,3.1520409102594016
CRK,2022-05-05,stress,True,True,D-1,17.9699993134,17.0699996948,17.5100002289,16.4300003052,-2.5598169286349504,0,1.1983154529646267,0.8289005450539344,0.5284800291923242,9.112145966885944,-4.496788752011794,6.890350998793493,4.0,0.0,0.5895061673882594,7.4551564592120645,9.112145966885944,1.1983154529646267
CRK,2022-05-06,stress,True,True,D-1,17.2399997711,16.7399997711,16.4300003052,15.529999733,-4.698372834423282,0,0.8289005450539344,0.5284800291923242,9.112145966885944,-4.496788752011794,-4.316146026981837,1.0657212060696475,3.0,1.0,0.33120993959790623,12.302287164889169,9.112145966885944,17.730992776817846
CRK,2022-05-09,stress,True,True,D-1,16.1599998474,15.1099996567,15.529999733,15.6899995804,-2.908417521276274,0,0.5284800291923242,9.112145966885944,-4.496788752011794,-4.316146026981837,-1.933215756298623,-1.7028825825485039,2.0,2.0,0.22611440206930508,14.51613105392726,9.112145966885944,15.278067335107938
CRK,2022-05-10,stress,True,True,D-1,15.3100004196,14.779999733,15.6899995804,15.0600004196,2.482032334326534,0,9.112145966885944,-4.496788752011794,-4.316146026981837,-1.933215756298623,-9.737157327887413,-11.740660537221824,1.0,3.0,0.06451606524305234,26.869626153828108,9.112145966885944,20.594278791393673
CRK,2022-05-11,stress,True,True,D-1,15.0399999619,14.6700000763,15.0600004196,15.1400003433,0.6648961546098731,0,-4.496788752011794,-4.316146026981837,-1.933215756298623,-9.737157327887413,-2.183983661135769,-20.87794704754018,0.0,4.0,0.1306930341538294,29.702303265258113,-1.933215756298623,11.708483063923037
CRK,2022-05-12,stress,True,True,D-1,14.3299999237,14.3699998856,15.1400003433,15.8999996185,10.95603421604643,1,-4.316146026981837,-1.933215756298623,-9.737157327887413,-2.183983661135769,-0.7442466758263877,-17.76905857166152,0.0,4.0,0.1378446342832601,23.44921960605486,-0.7442466758263877,2.911976111163561
CRK,2022-05-13,stress,True,True,D-1,14.6700000763,14.6999998093,15.8999996185,16.7999992371,14.519421606828109,1,-1.933215756298623,-9.737157327887413,-2.183983661135769,-0.7442466758263877,-2.0449910643467684,-15.817222363644767,0.0,4.0,0.07374630521619274,21.851081199009315,-0.7442466758263877,2.774017962155806
CRK,2022-05-16,stress,True,True,D-1,14.970000267,15.6499996185,16.7999992371,16.4899997711,12.224441800004948,1,-9.737157327887413,-2.183983661135769,-0.7442466758263877,-2.0449910643467684,2.296450426772023,-12.186379866754027,1.0,4.0,0.25108217244412107,11.76871100913559,2.296450426772023,0.0
CRK,2022-05-17,stress,True,True,D-1,16.0,16.6800003052,16.4899997711,16.0400009155,3.062498569374994,1,-2.183983661135769,-0.7442466758263877,-2.0449910643467684,2.296450426772023,6.462583819892176,3.573792018986288,2.0,0.0,0.8595505407224435,1.5974441283977514,6.462583819892176,0.0
CRK,2022-05-18,stress,True,True,D-1,16.4899997711,15.4300003052,16.0400009155,15.9300003052,-2.7289197201121773,0,-0.7442466758263877,-2.0449910643467684,2.296450426772023,6.462583819892176,6.581474196858306,12.855213846572532,3.0,0.0,0.9541988622823684,0.719418043790987,6.581474196858306,2.296450426772023
CRK,2022-05-19,stress,True,True,D-1,15.0900001526,15.5699996948,15.9300003052,16.9500007629,12.326047657325724,1,-2.0449910643467684,2.296450426772023,6.462583819892176,6.581474196858306,-7.494004659042552,5.180642296845073,3.0,1.0,0.4770994311411842,8.878800419973443,6.581474196858306,7.868330265022672
CRK,2022-05-20,stress,True,True,D-1,15.7600002289,15.5200004578,16.9500007629,17.2900009155,9.708126043008235,1,2.296450426772023,6.462583819892176,6.581474196858306,-7.494004659042552,0.9073194221053793,8.350729427649494,4.0,2.0,0.42523369482248785,7.899804536995525,6.581474196858306,13.236153993560452
CRK,2022-05-23,stress,True,True,D-1,15.6199998856,16.9400005341,17.2900009155,18.8299999237,20.55057657880832,1,6.462583819892176,6.581474196858306,-7.494004659042552,0.9073194221053793,-0.3211254847788947,5.578235776446916,3.0,3.0,0.3227517499340705,8.24741457179985,6.581474196858306,6.581474196858306
CRK,2022-05-24,stress,True,True,D-1,16.5900001526,17.2099990845,18.8299999237,20.3299999237,22.543699437602882,1,6.581474196858306,-7.494004659042552,0.9073194221053793,-0.3211254847788947,9.14948475781998,8.242817553011816,3.0,0.0,0.9948716795448187,0.05903322600178118,9.14948475781998,6.581474196858306
CRK,2022-05-25,stress,True,True,D-1,17.5,18.7399997711,20.3299999237,20.6700000763,18.114286150285718,1,-7.494004659042552,0.9073194221053793,-0.3211254847788947,9.14948475781998,1.593852077256419,3.177450657088854,3.0,0.0,0.9650647165865742,0.4648566836476409,9.14948475781998,0.9073194221053793
CRK,2022-05-26,stress,True,True,D-1,18.7299995422,19.7000007629,20.6700000763,21.1100006104,12.70689336023576,1,0.9073194221053793,-0.3211254847788947,9.14948475781998,1.593852077256419,8.890184590294226,21.451713547824824,4.0,0.0,0.9765012651715521,0.48025695677327285,9.14948475781998,9.14948475781998
CRK,2022-05-27,stress,True,True,D-1,19.4899997711,20.6499996185,21.1100006104,20.7399997711,8.311959252570933,1,-0.3211254847788947,9.14948475781998,1.593852077256419,8.890184590294226,5.1227374787937485,26.525376679868007,4.0,0.0,0.8797711472671021,3.197965159404692,9.14948475781998,9.14948475781998
CRK,2022-05-31,stress,True,True,D-1,21.0900001526,19.2999992371,20.7399997711,20.9599990845,-0.6164109395891626,0,9.14948475781998,1.593852077256419,8.890184590294226,5.1227374787937485,4.8223290294946874,33.054117328468124,5.0,0.0,0.9960936604986556,0.09685451898062691,9.14948475781998,9.14948475781998
CRK,2022-06-01,stress,True,True,D-1,19.7299995422,20.4099998474,20.9599990845,20.7099990845,6.234159000709472,1,1.593852077256419,8.890184590294226,5.1227374787937485,4.8223290294946874,-6.537532234095334,13.93151492675193,4.0,0.0,0.6165252319588975,9.378245828220933,8.890184590294226,10.92064910963223
CRK,2022-06-02,stress,True,True,D-1,20.2800006866,20.4599990845,20.7099990845,21.2600002289,4.832344719532156,1,8.890184590294226,5.1227374787937485,4.8223290294946874,-6.537532234095334,5.751298726303933,18.593846212240916,4.0,1.0,0.8108106436085082,3.429695091786944,8.890184590294226,10.052411106196857
CRK,2022-06-03,stress,True,True,D-1,20.6200008392,20.2900009155,21.2600002289,21.5300006866,4.413190156956892,1,5.1227374787937485,4.8223290294946874,-6.537532234095334,5.751298726303933,0.2449742159423396,9.178224836760718,4.0,2.0,0.726890237746155,3.1769381964069865,5.751298726303933,5.1227374787937485
CRK,2022-06-06,stress,True,True,D-1,20.8400001526,21.0499992371,21.5300006866,22.1100006104,6.094052056144328,1,4.8223290294946874,-6.537532234095334,5.751298726303933,0.2449742159423396,-0.8308806285763248,2.994924516506181,3.0,3.0,0.5837567579947961,4.041398018240527,5.751298726303933,6.339240582243189
CRK,2022-06-07,stress,True,True,D-1,20.8999996185,21.4799995422,22.1100006104,20.8500003815,5.789478535822301,1,-6.537532234095334,5.751298726303933,0.2449742159423396,-0.8308806285763248,3.745679089740306,1.937044193655324,3.0,0.0,0.9009429676125312,0.9976294508832195,5.751298726303933,5.751298726303933
CRK,2022-06-08,stress,True,True,D-1,22.0,21.2000007629,20.8500003815,20.4699993134,-5.22727099318182,0,5.751298726303933,0.2449742159423396,-0.8308806285763248,3.745679089740306,2.0427568678583974,11.29533881488156,4.0,0.0,0.9756092114696677,0.2327800068234076,5.751298726303933,5.751298726303933
CRK,2022-06-09,stress,True,True,D-1,20.75,20.0699996948,20.4699993134,19.3899993896,-1.349400899277109,0,0.2449742159423396,-0.8308806285763248,3.745679089740306,2.0427568678583974,-1.3035325198676562,3.8706561558384145,3.0,0.0,0.6539925939563158,4.292451956381527,3.745679089740306,3.745679089740306
CRK,2022-06-10,stress,True,True,D-1,19.7900009155,20.0599994659,19.3899993896,18.7099990845,-2.0212304567743034,0,-0.8308806285763248,3.745679089740306,2.0427568678583974,-1.3035325198676562,-5.330193525641292,-1.9061554601703556,2.0,1.0,0.28919849511348555,10.164429230801385,3.745679089740306,10.309924329270647
CRK,2022-06-13,stress,True,True,D-1,19.0,18.2900009155,18.7099990845,17.3600006104,-1.5263206078947267,0,3.745679089740306,2.0427568678583974,-1.3035325198676562,-5.330193525641292,-0.049826751629655774,-1.1335704249490486,2.0,2.0,0.2857140958188707,10.219347951553036,3.745679089740306,9.12304350472185
CRK,2022-06-14,stress,True,True,D-1,18.6000003815,16.7999992371,17.3600006104,16.9599990845,-6.666665299283181,0,2.0427568678583974,-1.3035325198676562,-5.330193525641292,-0.049826751629655774,-8.823522420371056,-13.111631456668116,1.0,3.0,0.09692709555425064,20.885727193500102,2.0427568678583974,10.911709565257722
CRK,2022-06-15,stress,True,True,D-1,16.9099998474,16.9799995422,16.9599990845,16.5200004578,0.29567851893084196,0,-1.3035325198676562,-5.330193525641292,-0.049826751629655774,-8.823522420371056,-8.146536926290072,-21.787711381955976,0.0,4.0,0.08131475044310724,31.607152466850998,-0.049826751629655774,16.251247834486115
CRK,2022-06-16,stress,True,True,D-1,16.7700004578,16.3299999237,16.5200004578,15.6199998856,-1.4907572640149858,0,-5.330193525641292,-0.049826751629655774,-8.823522420371056,-8.146536926290072,1.0714304361544302,-19.905665419055087,1.0,4.0,0.14380521076680874,22.791524991988222,1.0714304361544302,7.162390966256471
CRK,2022-06-17,stress,True,True,D-1,16.3299999237,15.0900001526,15.6199998856,14.6300001144,-4.347826340584149,0,-0.049826751629655774,-8.823522420371056,-8.146536926290072,1.0714304361544302,-3.8280308364235904,-18.63477741890055,1.0,4.0,0.03944317804237966,25.352109057217742,1.0714304361544302,2.797615087755978
CRK,2022-06-21,stress,True,True,D-1,15.3500003815,14.970000267,14.6300001144,14.2899999619,-4.690555369417138,0,-8.823522420371056,-8.146536926290072,1.0714304361544302,-3.8280308364235904,-7.5933850391534214,-24.775670217481828,1.0,4.0,0.09853256097948636,28.49568716710127,1.0714304361544302,12.202169190904279
CRK,2022-06-22,stress,True,True,D-1,14.1599998474,14.0100002289,14.2899999619,13.6300001144,0.9180799145550145,0,-8.146536926290072,1.0714304361544302,-3.8280308364235904,-7.5933850391534214,-0.7952278620707909,-18.151998263086146,1.0,4.0,0.08780503915659596,24.983291588474366,1.0714304361544302,9.399658623872973
CRK,2022-06-23,stress,True,True,D-1,14.1700000763,12.8800001144,13.6300001144,13.9099998474,-1.8348639908256748,0,1.0714304361544302,-3.8280308364235904,-7.5933850391534214,-0.7952278620707909,-6.412825791434573,-16.607137707713417,1.0,4.0,0.05367245337782513,23.911494123958544,1.0714304361544302,8.228487512220251
CRK,2022-06-24,stress,True,True,D-1,13.1599998474,13.1899995804,13.9099998474,14.2899999619,8.586627109446754,1,-3.8280308364235904,-7.5933850391534214,-0.7952278620707909,-6.412825791434573,-8.065668065936372,-24.146051462547856,0.0,4.0,0.05555551875770509,31.67701035606756,-0.7952278620707909,13.961256615387075
CRK,2022-06-27,stress,True,True,D-1,13.2399997711,13.6099996567,14.2899999619,14.029999733,7.9305151733606305,1,-7.5933850391534214,-0.7952278620707909,-6.412825791434573,-8.065668065936372,2.4068281307965123,-19.22841615414135,1.0,4.0,0.14175237651271982,25.246406242107035,2.4068281307965123,5.852966703087493
CRK,2022-06-28,stress,True,True,D-1,14.0200004578,13.6599998474,14.029999733,13.3599996567,0.07132150409052684,0,-0.7952278620707909,-6.412825791434573,-8.065668065936372,2.4068281307965123,3.184231157399786,-9.807822935276755,2.0,4.0,0.3255031752962424,14.768554589275883,3.184231157399786,0.0
CRK,2022-06-29,stress,True,True,D-1,13.8699998856,13.4799995422,13.3599996567,12.8100004196,-3.677002401632956,0,-6.412825791434573,-8.065668065936372,2.4068281307965123,3.184231157399786,0.36737833917126483,-8.75083765020216,3.0,4.0,0.5125626238319521,7.1010269241300605,3.184231157399786,2.4068281307965123
CRK,2022-06-30,stress,True,True,D-1,13.0399999619,12.0799999237,12.8100004196,12.3699998856,-1.7638001761657085,0,-8.065668065936372,2.4068281307965123,3.184231157399786,0.36737833917126483,-1.3177182079856409,-3.783016973880615,3.0,4.0,0.5090905412528074,6.008905394723807,3.184231157399786,4.139412037481605
CRK,2022-07-01,train,True,True,D-1,12.2600002289,12.7600002289,12.3699998856,11.3999996185,0.8972239367557533,0,2.4068281307965123,3.184231157399786,0.36737833917126483,-1.3177182079856409,-10.385754199154162,-6.2111815496460165,3.0,2.0,0.08298747798987206,18.29470241853357,3.184231157399786,14.750848590420706
CRK,2022-07-05,train,True,True,D-1,12.3000001907,11.3400001526,11.3999996185,12.3500003815,0.4065056099576525,0,3.184231157399786,0.36737833917126483,-1.3177182079856409,-10.385754199154162,5.629141634892654,-3.2600406761116862,3.0,3.0,0.3651452988318082,11.990593303711062,5.629141634892654,8.525472535383493
CRK,2022-07-06,train,True,True,D-1,11.1000003815,11.1400003433,12.3500003815,12.5,12.61260874218828,1,0.36737833917126483,-1.3177182079856409,-10.385754199154162,5.629141634892654,-11.128527044097181,-16.678909341357052,2.0,4.0,0.06940071347152216,26.014107315718448,5.629141634892654,6.4932042975653586
CRK,2022-07-07,train,True,True,D-1,11.5200004578,12.1999998093,12.5,12.6700000763,9.982635180551181,1,-1.3177182079856409,-10.385754199154162,5.629141634892654,-11.128527044097181,-1.7636667249439464,-18.448020001842448,1.0,4.0,0.1373134676629154,25.942543093709602,5.629141634892654,18.325065275480657
CRK,2022-07-08,train,True,True,D-1,12.3999996185,12.1000003815,12.6700000763,12.3199996948,2.1774231137650535,0,-10.385754199154162,5.629141634892654,-11.128527044097181,-1.7636667249439464,9.51525523639254,-9.495547302452644,2.0,4.0,0.5671641313081862,9.508195619115822,9.51525523639254,5.629141634892654
CRK,2022-07-11,train,True,True,D-1,12.5,12.5200004578,12.3199996948,12.7700004578,2.160003662400012,0,5.629141634892654,-11.128527044097181,-1.7636667249439464,9.51525523639254,-0.819667453795947,0.16556670468812484,2.0,4.0,0.6666666666823159,5.867768724912925,9.51525523639254,5.629141634892654
CRK,2022-07-12,train,True,True,D-1,11.970000267,11.9200000763,12.7700004578,12.1700000763,6.683376549334885,1,-11.128527044097181,-1.7636667249439464,9.51525523639254,-0.819667453795947,3.4710749013045383,-1.8808759153187582,2.0,0.0,0.9246232986162181,1.1980799761596606,9.51525523639254,9.51525523639254
CRK,2022-07-13,train,True,True,D-1,11.7100000381,12.4600000381,12.1700000763,12.529999733,7.002559284645815,1,-1.7636667249439464,9.51525523639254,-0.819667453795947,3.4710749013045383,-4.792335140261105,5.114637706305669,2.0,1.0,0.6231155345382641,6.291946268450044,9.51525523639254,11.002861017589105
CRK,2022-07-14,train,True,True,D-1,11.8500003815,12.0900001526,12.529999733,12.9799995422,9.535857589204255,1,9.51525523639254,-0.819667453795947,3.4710749013045383,-4.792335140261105,4.530200992814248,11.849188995706772,3.0,0.0,0.7737224600107587,2.48796483749667,9.51525523639254,9.994491797942494
CRK,2022-07-15,train,True,True,D-1,12.3599996567,12.5100002289,12.9799995422,13.0100002289,5.258904451891744,1,-0.819667453795947,3.4710749013045383,-4.792335140261105,4.530200992814248,-2.969501479683956,-0.9016365444214802,2.0,1.0,0.4603173161375927,5.624485497245946,4.530200992814248,3.4710749013045383
CRK,2022-07-18,train,True,True,D-1,12.6400003433,12.6999998093,13.0100002289,13.7700004578,8.939874080770661,1,3.4710749013045383,-4.792335140261105,4.530200992814248,-2.969501479683956,3.4739459966812047,3.3884283840755813,3.0,2.0,0.793650649470925,2.078339121843986,4.530200992814248,4.530200992814248
CRK,2022-07-19,train,True,True,D-1,12.5699996948,12.9399995804,13.7700004578,13.5900001526,9.546545681273333,1,-4.792335140261105,4.530200992814248,-2.969501479683956,3.4739459966812047,1.5187815901159807,1.437694448228699,3.0,0.0,0.8095239022449411,2.2047223394047633,4.530200992814248,4.530200992814248
CRK,2022-07-20,train,True,True,D-1,12.7700004578,13.6700000763,13.5900001526,14.3900003433,12.685981420701475,1,4.530200992814248,-2.969501479683956,3.4739459966812047,1.5187815901159807,1.8897620055415398,8.557042764857204,4.0,0.0,0.9533329010000008,0.5409632980670764,4.530200992814248,4.530200992814248
CRK,2022-07-21,train,True,True,D-1,13.25,13.5699996948,14.3900003433,15.0500001907,13.584907099622656,1,-2.969501479683956,3.4739459966812047,1.5187815901159807,1.8897620055415398,5.641425962684865,9.711075718299188,4.0,0.0,0.955752048065644,0.7315316820910134,5.641425962684865,3.4739459966812047
CRK,2022-07-22,train,True,True,D-1,14.0,13.5799999237,15.0500001907,15.8800001144,13.428572245714276,1,3.4739459966812047,1.5187815901159807,1.8897620055415398,5.641425962684865,-0.7315316820910023,12.241517977828309,4.0,1.0,0.889502366505998,1.4738450073557452,5.641425962684865,3.4739459966812047
CRK,2022-07-25,train,True,True,D-1,13.9399995804,14.9099998474,15.8800001144,16.2800006866,16.786235126506767,1,1.5187815901159807,1.8897620055415398,5.641425962684865,-0.7315316820910023,0.07369365604210643,8.553154877872338,4.0,0.0,0.5846153319471609,5.9646570261489895,5.641425962684865,6.299803081175403
CRK,2022-07-26,train,True,True,D-1,15.5,15.6599998474,16.2800006866,16.5200004578,6.580648114838694,1,1.8897620055415398,5.641425962684865,-0.7315316820910023,0.07369365604210643,9.793813926161121,17.401575364447286,4.0,0.0,0.9450979086940503,0.9389694482418998,9.793813926161121,5.641425962684865
CRK,2022-07-27,train,True,True,D-1,15.6300001144,16.1499996185,16.5200004578,16.3600006104,5.694180018463579,1,5.641425962684865,-0.7315316820910023,0.07369365604210643,9.793813926161121,5.03018113800171,21.02009548068253,4.0,0.0,0.9327216403037631,1.4048548476616185,9.793813926161121,5.641425962684865
CRK,2022-07-28,train,True,True,D-1,16.3500003815,15.8500003815,16.3600006104,15.8699998856,0.06116347808355904,0,-0.7315316820910023,0.07369365604210643,9.793813926161121,5.03018113800171,3.128989628830392,18.141913155506373,4.0,0.0,0.9636868613847811,0.804960193008819,9.793813926161121,9.793813926161121
CRK,2022-07-29,train,True,True,D-1,16.1299991608,15.9300003052,15.8699998856,16.2099990845,0.49596979455783785,0,0.07369365604210643,9.793813926161121,5.03018113800171,3.128989628830392,-1.8575804587409928,16.80177404553438,4.0,0.0,0.7781457037300985,4.227129717182954,9.793813926161121,9.793813926161121
CRK,2022-08-01,train,True,True,D-1,15.529999733,15.720000267,16.2099990845,16.9500007629,9.143599834600202,1,9.793813926161121,5.03018113800171,3.128989628830392,-1.8575804587409928,0.504731367662159,17.30486299487195,4.0,1.0,0.7979451584988994,3.7037045906860744,9.793813926161121,11.156038808494795
CRK,2022-08-02,train,True,True,D-1,15.3299999237,15.9799995422,16.9500007629,16.8899993896,10.567520203933567,1,5.03018113800171,3.128989628830392,-1.8575804587409928,0.504731367662159,-1.3182676345050104,5.432598443260539,3.0,2.0,0.45578228201398135,5.089059651477168,5.03018113800171,5.850371115105657
CRK,2022-08-03,train,True,True,D-1,16.1200008392,16.6800003052,16.8899993896,16.3400001526,4.776665696738358,1,3.128989628830392,-1.8575804587409928,0.504731367662159,-1.3182676345050104,1.653939381577496,2.043420804075735,3.0,3.0,0.6470583835065417,3.3792298565088474,3.128989628830392,3.128989628830392
CRK,2022-08-04,train,True,True,D-1,16.6299991608,15.3900003433,16.3400001526,15.6000003815,-1.7438305642467178,0,-1.8575804587409928,0.504731367662159,-1.3182676345050104,1.653939381577496,4.380480494704875,3.2817380756645864,3.0,0.0,0.8622447341457512,1.6187077503579284,4.380480494704875,0.504731367662159
CRK,2022-08-05,train,True,True,D-1,15.0699996948,15.6099996567,15.6000003815,16.3500003815,8.493700813687944,1,0.504731367662159,-1.3182676345050104,1.653939381577496,4.380480494704875,-7.73381257971465,-2.9022083730477877,3.0,1.0,0.20408182132227012,10.136454742050361,4.380480494704875,5.346049618138693
CRK,2022-08-08,train,True,True,D-1,15.3900003433,14.8400001526,16.3500003815,16.0499992371,6.237816873200597,1,-1.3182676345050104,1.653939381577496,4.380480494704875,-7.73381257971465,1.4294951818878632,-2.0087924819156666,3.0,2.0,0.3299997663561113,8.58424814650689,4.380480494704875,10.795352370734923
CRK,2022-08-09,train,True,True,D-1,15.6800003052,15.8500003815,16.0499992371,17.5100002289,11.670917653573731,1,1.653939381577496,4.380480494704875,-7.73381257971465,1.4294951818878632,-4.932732357681424,-5.597965009245753,3.0,3.0,0.10212754559512971,14.218332807296651,4.380480494704875,7.954230841886911
CRK,2022-08-10,train,True,True,D-1,15.7299995422,16.0200004578,17.5100002289,17.5,11.315961465381253,1,4.380480494704875,-7.73381257971465,1.4294951818878632,-4.932732357681424,6.805931391604769,-0.8135116672356557,3.0,4.0,0.5319148072883796,6.9400653307486015,6.805931391604769,4.380480494704875
CRK,2022-08-11,train,True,True,D-1,16.6000003815,17.2900009155,17.5,16.9500007629,5.421684324194431,1,-7.73381257971465,1.4294951818878632,-4.932732357681424,6.805931391604769,1.0725556606195452,-3.9568335451063863,3.0,4.0,0.6200876381506232,5.430704787379748,6.805931391604769,1.4294951818878632
CRK,2022-08-12,train,True,True,D-1,17.1100006104,17.4099998474,16.9500007629,18.1399993896,6.019864070454406,1,1.4294951818878632,-4.932732357681424,6.805931391604769,1.0725556606195452,7.927593142368772,12.345682454953021,4.0,0.0,0.9243988574100561,1.2724077602724648,7.927593142368772,6.805931391604769
CRK,2022-08-15,train,True,True,D-1,16.5,16.7999992371,18.1399993896,18.7700004578,13.757578532121206,1,-4.932732357681424,6.805931391604769,1.0725556606195452,7.927593142368772,0.6940365849976704,11.531071302281681,4.0,1.0,0.965635605929895,0.57438473507474,7.927593142368772,6.805931391604769
CRK,2022-08-16,train,True,True,D-1,17.6100006104,17.8299999237,18.7700004578,19.1100006104,8.517887268636093,1,6.805931391604769,1.0725556606195452,7.927593142368772,0.6940365849976704,-3.5037370226691844,13.207540864860468,4.0,2.0,0.6978719674305717,4.22619657167651,7.927593142368772,10.76161079681971
CRK,2022-08-17,train,True,True,D-1,18.0699996948,18.0300006866,19.1100006104,18.8700008392,5.755400847623049,1,1.0725556606195452,7.927593142368772,0.6940365849976704,-3.5037370226691844,6.130956746268268,12.49211037566309,4.0,0.0,0.8959733176095925,1.7386397488871719,7.927593142368772,7.927593142368772
CRK,2022-08-18,train,True,True,D-1,18.3400001526,19.0300006866,18.8700008392,19.7600002289,7.74263939195603,1,7.927593142368772,0.6940365849976704,-3.5037370226691844,6.130956746268268,1.1217092751310442,12.546817549067857,4.0,0.0,0.7375887939622942,4.104269234720381,7.927593142368772,7.927593142368772
CRK,2022-08-19,train,True,True,D-1,18.8500003815,18.4799995422,19.7600002289,20.6599998474,9.602118988158725,1,0.6940365849976704,-3.5037370226691844,6.130956746268268,1.1217092751310442,5.546311491508726,10.063618733184354,4.0,0.0,0.9746835748357561,0.42038844410725584,6.130956746268268,6.130956746268268
CRK,2022-08-22,train,True,True,D-1,18.6900005341,19.5599994659,20.6599998474,19.8600006104,10.540391958286598,1,-3.5037370226691844,6.130956746268268,1.1217092751310442,5.546311491508726,-2.890179319789954,6.145891465701503,3.0,1.0,0.8006326238965844,3.409096773846554,6.130956746268268,6.130956746268268
CRK,2022-08-23,train,True,True,D-1,19.9699993134,18.9699993134,19.8600006104,20.2999992371,1.6524783928188125,0,6.130956746268268,1.1217092751310442,5.546311491508726,-2.890179319789954,5.844155576052712,16.42857353650944,4.0,0.0,0.9259256642661913,1.0224988162636395,6.130956746268268,6.130956746268268
CRK,2022-08-24,train,True,True,D-1,19.0699996948,19.7600002289,20.2999992371,20.7900009155,9.01940874791418,1,1.1217092751310442,5.546311491508726,-2.890179319789954,5.844155576052712,-3.016360780216687,6.393715056524973,3.0,0.0,0.4600635823914875,8.908806511164302,5.844155576052712,5.546311491508726
CRK,2022-08-25,train,True,True,D-1,19.8600006104,20.0699996948,20.7900009155,21.1800003052,6.646523938719118,1,5.546311491508726,-2.890179319789954,5.844155576052712,-3.016360780216687,4.164475192900841,9.595116341763354,3.0,1.0,0.6153848035009739,4.554653887016191,5.844155576052712,5.844155576052712
CRK,2022-08-26,train,True,True,D-1,20.0799999237,20.3199996948,21.1800003052,20.1499996185,5.4780895701184384,1,-2.890179319789954,5.844155576052712,-3.016360780216687,4.164475192900841,1.5688231898226768,5.465049767088637,3.0,2.0,0.7456895559415739,2.939711816502255,5.844155576052712,5.844155576052712
CRK,2022-08-29,train,True,True,D-1,19.9699993134,20.7700004578,20.1499996185,19.8799991608,0.9013535868237055,0,5.844155576052712,-3.016360780216687,4.164475192900841,1.5688231898226768,1.2456402780353537,9.956711029122411,4.0,0.0,0.7911105685777784,2.312998168106639,5.844155576052712,5.844155576052712
CRK,2022-08-30,train,True,True,D-1,20.0300006866,18.8199996948,19.8799991608,19.8199996948,-0.7488842768754944,0,-3.016360780216687,4.164475192900841,1.5688231898226768,1.2456402780353537,2.2145707173172546,6.1860993095089745,4.0,0.0,0.8429119726002031,1.974000184704039,4.164475192900841,4.164475192900841
CRK,2022-08-31,train,True,True,D-1,18.3299999237,19.6000003815,19.8199996948,19.3999996185,8.128749467006191,1,4.164475192900841,1.5688231898226768,1.2456402780353537,2.2145707173172546,-9.388544631772945,-0.7907202110125633,4.0,1.0,0.14181795985454537,12.539854668818485,4.164475192900841,11.546365067554031
CRK,2022-09-01,train,True,True,D-1,19.2099990845,18.8899993896,19.3999996185,19.0300006866,0.9890710205879394,0,1.5688231898226768,1.2456402780353537,2.2145707173172546,-9.388544631772945,4.144530814819913,-0.8097158175433328,4.0,2.0,0.47854799814557375,8.061223943604245,4.144530814819913,7.8476956595972425
CRK,2022-09-02,train,True,True,D-1,19.3199996948,19.1900005341,19.0300006866,17.9400005341,-1.5010300868589121,0,1.2456402780353537,2.2145707173172546,-9.388544631772945,4.144530814819913,-3.6224539697976454,-5.879423633004488,3.0,3.0,0.24422429154824363,12.122821543661733,4.144530814819913,2.2145707173172546
CRK,2022-09-06,train,True,True,D-1,18.8199996948,18.1200008392,17.9400005341,18.6000003815,-1.168965551900547,0,2.2145707173172546,-9.388544631772945,4.144530814819913,-3.6224539697976454,1.5881479840871071,-5.5610195751586105,3.0,4.0,0.34323454782205826,10.369982885429497,4.144530814819913,6.236366730226262
CRK,2022-09-07,train,True,True,D-1,17.6900005341,17.5599994659,18.6000003815,19.0400009155,7.631432112156689,1,-9.388544631772945,4.144530814819913,-3.6224539697976454,1.5881479840871071,-5.575818994890835,-12.758784594079364,2.0,4.0,0.05581435371775594,11.203083252117697,4.144530814819913,8.220754082587344
CRK,2022-09-08,train,True,True,D-1,17.6599998474,18.3799991608,19.0400009155,19.9500007629,12.967162713974446,1,4.144530814819913,-3.6224539697976454,1.5881479840871071,-5.575818994890835,-3.090515162055174,-6.695006638327106,2.0,4.0,0.1245282910170142,13.211843766881891,4.144530814819913,12.63854344032007
CRK,2022-09-09,train,True,True,D-1,18.9099998474,18.7800006866,19.9500007629,20.3799991608,7.773661159506107,1,-3.6224539697976454,1.5881479840871071,-5.575818994890835,-3.090515162055174,4.669702276998189,-6.2244959028242235,2.0,4.0,0.44401527059585694,7.834606092209007,4.669702276998189,1.5881479840871071
CRK,2022-09-12,train,True,True,D-1,19.2600002289,19.9400005341,20.3799991608,21.8500003815,13.447560341736931,1,1.5881479840871071,-5.575818994890835,-3.090515162055174,4.669702276998189,2.176286964436347,-0.5823118398858185,3.0,4.0,0.7142862165437612,3.3013786434117787,4.669702276998189,1.5881479840871071
CRK,2022-09-13,train,True,True,D-1,19.6200008392,19.6399993896,21.8500003815,20.3299999237,11.36595029009655,1,-5.575818994890835,-3.090515162055174,4.669702276998189,2.176286964436347,6.176782774708256,3.908285456622451,3.0,0.0,0.9963234469441064,0.05015159745305198,6.176782774708256,4.669702276998189
CRK,2022-09-14,train,True,True,D-1,20.3099994659,21.2299995422,20.3299999237,19.6900005341,0.09847591494811514,0,-3.090515162055174,4.669702276998189,2.176286964436347,6.176782774708256,-1.504519240041946,8.388512582801333,3.0,0.0,0.7650794092702494,3.767819726062993,6.176782774708256,4.669702276998189
CRK,2022-09-15,train,True,True,D-1,20.0300006866,19.9699993134,19.6900005341,19.2700004578,-1.6974545224427207,0,4.669702276998189,2.176286964436347,6.176782774708256,-1.504519240041946,8.095724042852858,20.89977327975907,4.0,0.0,0.8554776906817316,2.9203996828525147,8.095724042852858,6.176782774708256
CRK,2022-09-16,train,True,True,D-1,19.6900005341,18.9500007629,19.2700004578,19.2700004578,-2.133062797904084,0,2.176286964436347,6.176782774708256,-1.504519240041946,8.095724042852858,-5.934998850543705,8.650708515760307,3.0,1.0,0.4613177101993189,9.414126853967918,8.095724042852858,6.176782774708256
CRK,2022-09-19,train,True,True,D-1,18.2199993134,19.0499992371,19.2700004578,19.8299999237,8.83644715132299,1,6.176782774708256,-1.504519240041946,8.095724042852858,-5.934998850543705,-5.107654409459961,0.905218690547227,2.0,2.0,0.25064625589989575,15.303427450396567,8.095724042852858,18.83523807236532
CRK,2022-09-20,train,True,True,D-1,19.0900001526,18.8999996185,19.8299999237,19.3199996948,3.876373835435598,1,-1.504519240041946,8.095724042852858,-5.934998850543705,-5.107654409459961,0.5276964125287886,-4.463396555471411,2.0,3.0,0.2764856493141068,14.69816932562904,8.095724042852858,12.70263494886713
CRK,2022-09-21,train,True,True,D-1,19.5799999237,18.6000003815,19.3199996948,17.1000003815,-1.3278867717731235,0,8.095724042852858,-5.934998850543705,-5.107654409459961,0.5276964125287886,-0.7873996042365938,-3.7678197255538226,2.0,4.0,0.23772606635051996,15.608469960562488,8.095724042852858,8.359582314024493
CRK,2022-09-22,train,True,True,D-1,19.0699996948,18.1100006104,17.1000003815,16.7700004578,-10.33035838924098,0,-5.934998850543705,-5.107654409459961,0.5276964125287886,-0.7873996042365938,-1.5872975823044588,-12.388126318477832,1.0,4.0,0.2638301015526868,9.30107261675488,0.5276964125287886,2.88989522418871
CRK,2022-09-23,train,True,True,D-1,16.9599990845,16.2199993134,16.7700004578,16.2399997711,-1.1202749820525937,0,-5.107654409459961,0.5276964125287886,-0.7873996042365938,-1.5872975823044588,-2.6344073174716987,-9.31396478192129,1.0,1.0,0.12244892005203416,9.497511073038067,0.5276964125287886,4.707585428646654
CRK,2022-09-26,train,True,True,D-1,16.1599998474,15.6999998093,16.2399997711,17.3999996185,7.673265982731459,1,0.5276964125287886,-0.7873996042365938,-1.5872975823044588,-2.6344073174716987,-10.436229891205162,-14.406339522923684,1.0,2.0,0.12165427935861635,22.25647819428471,0.5276964125287886,13.32340081728356
CRK,2022-09-27,train,True,True,D-1,16.0,15.8400001526,17.3999996185,17.3799991608,8.749997615625006,1,-0.7873996042365938,-1.5872975823044588,-2.6344073174716987,-10.436229891205162,-3.205915697360151,-17.585299537838583,0.0,3.0,0.023640529225209102,26.305733532261378,-0.7873996042365938,13.307568856270569
CRK,2022-09-28,train,True,True,D-1,15.8999996185,17.1900005341,17.3799991608,17.5900001526,10.62893443175712,1,-1.5872975823044588,-2.6344073174716987,-10.436229891205162,-3.205915697360151,0.8917219426784362,-16.190473691357976,1.0,4.0,0.05673754067953826,25.189392251647647,0.8917219426784362,2.3427816084188535
CRK,2022-09-29,train,True,True,D-1,16.9200000763,16.8099994659,17.5900001526,18.3999996185,8.74704217213953,1,-2.6344073174716987,-10.436229891205162,-3.205915697360151,0.8917219426784362,8.52272959908027,-7.580644185375485,2.0,4.0,0.42741947476047176,12.390919688889458,8.52272959908027,0.0
CRK,2022-09-30,train,True,True,D-1,16.5300006866,17.2900009155,18.3999996185,19.6599998474,18.935263344165044,1,-10.436229891205162,-3.205915697360151,0.8917219426784362,8.52272959908027,-2.2105936962956485,-7.178360578041354,2.0,1.0,0.6722219985029908,3.5098166052702773,8.52272959908027,0.8917219426784362
CRK,2022-10-03,train,True,True,D-1,18.0,18.0699996948,19.6599998474,19.4699993134,9.222221374444462,1,-3.205915697360151,0.8917219426784362,8.52272959908027,-2.2105936962956485,2.8554519027422343,6.596804237938714,3.0,0.0,0.849246597182184,1.735102494014673,8.52272959908027,8.52272959908027
CRK,2022-10-04,train,True,True,D-1,18.6100006104,19.3400001526,19.4699993134,19.4400005341,4.621164292275193,1,0.8917219426784362,8.52272959908027,-2.2105936962956485,2.8554519027422343,4.511270896467989,15.095540855332468,4.0,0.0,0.881294980069744,1.8262309312321978,8.52272959908027,8.52272959908027
CRK,2022-10-05,train,True,True,D-1,19.3199996948,19.1800003052,19.4400005341,18.3500003815,0.6211223664371879,0,8.52272959908027,-2.2105936962956485,2.8554519027422343,4.511270896467989,7.028226227172918,22.09595938309068,4.0,0.0,0.9183674263848373,1.654600270295159,8.52272959908027,8.52272959908027
CRK,2022-10-06,train,True,True,D-1,19.0,18.1800003052,18.3500003815,18.2800006866,-3.4210506236842186,0,-2.2105936962956485,2.8554519027422343,4.511270896467989,7.028226227172918,-0.8273001351475573,11.576496272658133,3.0,1.0,0.8647888322912332,2.502604455485158,7.028226227172918,4.511270896467989
CRK,2022-10-07,train,True,True,D-1,18.0499992371,17.6700000763,18.2800006866,18.0799999237,1.274246311474947,0,2.8554519027422343,4.511270896467989,7.028226227172918,-0.8273001351475573,-5.213764254888376,8.149916019207026,3.0,2.0,0.5286624745527307,8.140811426591,7.028226227172918,13.026157138481897
CRK,2022-10-10,train,True,True,D-1,17.8899993896,17.9400005341,18.0799999237,18.2800006866,2.1799961448110583,0,4.511270896467989,7.028226227172918,-0.8273001351475573,-5.213764254888376,-2.8052817400345487,2.1977972277569036,2.0,3.0,0.09954724187126637,11.262024688778038,7.028226227172918,14.901011445485013
CRK,2022-10-11,train,True,True,D-1,17.4599990845,17.6000003815,18.2800006866,19.0300006866,8.9919913197118,1,7.028226227172918,-0.8273001351475573,-5.213764254888376,-2.8052817400345487,1.5280161665768288,-0.7194198278675623,2.0,4.0,0.24561456344782495,9.587509822146668,7.028226227172918,8.348356959136394
CRK,2022-10-12,train,True,True,D-1,17.6399993896,18.2000007629,19.0300006866,18.8799991608,7.879826219379038,1,-0.8273001351475573,-5.213764254888376,-2.8052817400345487,1.5280161665768288,-1.8952070372224128,-8.996896366963469,1.0,4.0,0.18695671644751266,10.624993700941188,1.5280161665768288,0.39614994056444974
CRK,2022-10-13,train,True,True,D-1,17.7999992371,18.9699993134,18.8799991608,17.6800003052,6.067415561732092,1,-5.213764254888376,-2.8052817400345487,1.5280161665768288,-1.8952070372224128,3.4090930022404153,-5.1094865834507175,2.0,4.0,0.45374470435051745,6.813185270451716,3.4090930022404153,1.5280161665768288
CRK,2022-10-14,train,True,True,D-1,18.5400009155,17.2999992371,17.6800003052,18.5300006866,-0.05393866454255214,0,-2.8052817400345487,1.5280161665768288,-1.8952070372224128,3.4090930022404153,4.2307610891402225,4.345429015059121,3.0,0.0,0.9677412077889993,0.3162961274206122,4.2307610891402225,1.5280161665768288
CRK,2022-10-17,train,True,True,D-1,17.1499996185,17.5400009155,18.5300006866,18.2800006866,8.046653637306033,1,1.5280161665768288,-1.8952070372224128,3.4090930022404153,4.2307610891402225,-8.803374468866465,-2.093949279017071,3.0,1.0,0.06989199900264166,10.000008819595774,4.2307610891402225,8.354156123526757
CRK,2022-10-18,train,True,True,D-1,18.0300006866,18.0900001526,18.2800006866,18.2900009155,1.442042257342968,0,-1.8952070372224128,3.4090930022404153,4.2307610891402225,-8.803374468866465,1.3872929999055428,-2.2296522112119854,3.0,2.0,0.35497883750781783,8.49486712274512,4.2307610891402225,11.768971155863206
CRK,2022-10-19,train,True,True,D-1,17.8600006104,17.8799991608,18.2900009155,16.8199996948,2.40761640763667,0,3.4090930022404153,4.2307610891402225,-8.803374468866465,1.3872929999055428,3.1356853386134587,2.7840895481744177,4.0,3.0,0.5930736038057686,5.196243925210253,4.2307610891402225,4.2307610891402225
CRK,2022-10-20,train,True,True,D-1,18.1499996185,16.9500007629,16.8199996948,17.0400009155,-6.115695461880888,0,4.2307610891402225,-8.803374468866465,1.3872929999055428,3.1356853386134587,-1.1608678276866402,-1.7582504872873939,3.0,4.0,0.5021641375879683,6.431776173240866,4.2307610891402225,4.2307610891402225
CRK,2022-10-21,train,True,True,D-1,16.75,16.5300006866,17.0400009155,17.7099990845,5.731337817910465,1,-8.803374468866465,1.3872929999055428,3.1356853386134587,-1.1608678276866402,-5.201333565713595,-10.648384942603107,2.0,4.0,0.10648216006906425,11.386420714058975,3.1356853386134587,9.437506124038663
CRK,2022-10-24,train,True,True,D-1,16.5900001526,16.7600002289,17.7099990845,18.0699996948,8.92103392758592,1,1.3872929999055428,3.1356853386134587,-1.1608678276866402,-5.201333565713595,-2.4778764448158075,-4.450858869685559,2.0,3.0,0.2779784586531628,12.09921304855901,3.1356853386134587,10.686012729901751
CRK,2022-10-25,train,True,True,D-1,16.75,17.6200008392,18.0699996948,18.4400005341,10.089555427462681,1,3.1356853386134587,-1.1608678276866402,-5.201333565713595,-2.4778764448158075,1.3914067316793677,-4.446982017604773,2.0,4.0,0.36101077067341925,10.560861775215912,3.1356853386134587,4.256632391405757
CRK,2022-10-26,train,True,True,D-1,17.3500003815,17.6000003815,18.4400005341,18.1599998474,6.282421490677592,1,-1.1608678276866402,-5.201333565713595,-2.4778764448158075,1.3914067316793677,5.131268487795504,-2.598116691184482,2.0,3.0,0.7351779073228655,3.802497414242012,5.131268487795504,0.0
CRK,2022-10-27,train,True,True,D-1,17.9599990845,17.6900005341,18.1599998474,19.1800003052,6.792880194258455,1,-5.201333565713595,-2.4778764448158075,1.3914067316793677,5.131268487795504,-0.11350997018969577,-1.5659887720457455,2.0,4.0,0.7272725902192253,3.9204574945650883,5.131268487795504,1.3914067316793677
CRK,2022-10-28,train,True,True,D-1,17.7099990845,17.8600006104,19.1800003052,19.0599994659,8.300402578713628,1,-2.4778764448158075,1.3914067316793677,5.131268487795504,-0.11350997018969577,0.5113644923246952,4.3657801645632155,3.0,0.0,0.72014928560091,4.23968330896467,5.131268487795504,5.131268487795504
CRK,2022-10-31,train,True,True,D-1,18.5799999237,18.7800006866,19.0599994659,19.5200004578,5.059206339936351,1,1.3914067316793677,5.131268487795504,-0.11350997018969577,0.5113644923246952,0.9609953146824335,8.045976216311711,4.0,1.0,0.7289721625341611,3.2474798649349657,5.131268487795504,5.131268487795504
CRK,2022-11-01,train,True,True,D-1,18.8999996185,18.6900005341,19.5200004578,18.4899997711,3.280427787380047,1,5.131268487795504,-0.11350997018969577,0.5113644923246952,0.9609953146824335,5.151176062470442,12.052508532886685,4.0,0.0,0.8507464279672355,2.129923343854867,5.151176062470442,5.131268487795504
CRK,2022-11-02,train,True,True,D-1,19.1000003815,18.3600006104,18.4899997711,18.4599990845,-3.1937204095076277,0,-0.11350997018969577,0.5113644923246952,0.9609953146824335,5.151176062470442,-0.47923402135026105,6.072642701125908,3.0,1.0,0.7688681240042381,2.6217215468024913,5.151176062470442,0.9609953146824335
CRK,2022-11-03,train,True,True,D-1,18.0300006866,17.7199993134,18.4599990845,21.1700000763,17.415414698423515,1,0.5113644923246952,0.9609953146824335,5.151176062470442,-0.47923402135026105,-1.76564962156055,4.318183025148481,3.0,0.0,0.5284555367174613,6.318081747464199,5.151176062470442,7.387598111696891
CRK,2022-11-04,train,True,True,D-1,18.1900005341,18.4300003052,21.1700000763,20.1100006104,16.382624819683333,1,0.9609953146824335,5.151176062470442,-0.47923402135026105,-1.76564962156055,-3.4858457283355015,0.16958043185002492,2.0,1.0,0.2682925127563645,10.158020395851963,5.151176062470442,10.341123590455958
CRK,2022-11-07,train,True,True,D-1,18.9799995422,20.2800006866,20.1100006104,19.3600006104,5.953641177322266,1,5.151176062470442,-0.47923402135026105,-1.76564962156055,-3.4858457283355015,4.0067777613461475,3.1914875437802914,2.0,2.0,0.5198238181606418,5.914270941669253,5.151176062470442,5.151176062470442
CRK,2022-11-08,train,True,True,D-1,19.7399997711,19.7000007629,19.3600006104,18.7800006866,-1.925021099829649,0,-0.47923402135026105,-1.76564962156055,-3.4858457283355015,4.0067777613461475,10.0379834550411,7.987220155270225,2.0,0.0,0.7729593437814295,4.3885569998430185,10.0379834550411,0.0
CRK,2022-11-09,train,True,True,D-1,18.9899997711,17.8199996948,18.7800006866,19.6800003052,3.633494167546436,1,-1.76564962156055,-3.4858457283355015,4.0067777613461475,10.0379834550411,-2.8599600792086566,5.403960406299868,2.0,1.0,0.625000182452165,7.4619251597612735,10.0379834550411,4.0067777613461475
CRK,2022-11-10,train,True,True,D-1,18.5100002289,18.6299991608,19.6800003052,19.5499992371,6.320907951547494,1,-3.4858457283355015,4.0067777613461475,10.0379834550411,-2.8599600792086566,-9.543152260382193,-2.9411813597332803,2.0,2.0,0.1454080825778988,18.799104595257397,10.0379834550411,22.168165449686917
CRK,2022-11-11,train,True,True,D-1,19.1299991608,18.6000003815,19.5499992371,18.7800006866,2.1955049384457803,0,4.0067777613461475,10.0379834550411,-2.8599600792086566,-9.543152260382193,4.545451626670705,5.1354395183969,3.0,3.0,0.35204059539267946,13.6339293071172,10.0379834550411,15.469463458407796
CRK,2022-11-14,train,True,True,D-1,19.0,18.2800006866,18.7800006866,18.3899993896,-1.1578911231578837,0,10.0379834550411,-2.8599600792086566,-9.543152260382193,4.545451626670705,-0.16102405073169512,0.922409514296274,2.0,4.0,0.24633436662481614,13.817202376813832,10.0379834550411,10.0379834550411
CRK,2022-11-15,train,True,True,D-1,18.3600006104,18.7199993134,18.3899993896,18.0900001526,0.16339203814081937,0,-2.8599600792086566,-9.543152260382193,4.545451626670705,-0.16102405073169512,-1.7204284319170093,-9.861932604970269,1.0,4.0,0.22127675458847593,10.010940126175516,4.545451626670705,6.424133805768395
CRK,2022-11-16,train,True,True,D-1,18.2000007629,18.1100006104,18.0900001526,17.8899993896,-0.6043989323573751,0,-9.543152260382193,4.545451626670705,-0.16102405073169512,-1.7204284319170093,2.406994585741651,-4.974626454561304,2.0,2.0,0.4999995033073106,5.128210614371231,4.545451626670705,4.545451626670705
CRK,2022-11-17,train,True,True,D-1,17.9699993134,17.9400005341,17.8899993896,18.3899993896,2.337229227865434,0,4.545451626670705,-0.16102405073169512,-1.7204284319170093,2.406994585741651,-3.258540199642823,1.6273901266374624,2.0,3.0,0.23786402826184064,8.669241534417171,4.545451626670705,5.47543012675149
CRK,2022-11-18,train,True,True,D-1,17.4300003052,17.5900001526,18.3899993896,19.7099990845,13.080887776116645,1,-0.16102405073169512,-1.7204284319170093,2.406994585741651,-3.258540199642823,-0.9387082858648421,-3.7036964990951216,1.0,4.0,0.21267014016912075,9.698995090845397,2.406994585741651,6.573654884397029
CRK,2022-11-21,train,True,True,D-1,17.4899997711,18.3700008392,19.7099990845,19.8099994659,13.26472112728958,1,-1.7204284319170093,2.406994585741651,-3.258540199642823,-0.9387082858648421,-1.9509496715718,-5.430108646151277,1.0,4.0,0.22222213813928043,11.142689411576212,2.406994585741651,5.278338816958195
CRK,2022-11-22,train,True,True,D-1,18.8099994659,19.1200008392,19.8099994659,19.3099994659,5.316321256748924,1,2.406994585741651,-3.258540199642823,-0.9387082858648421,-1.9509496715718,4.4343415567549505,0.4923421729736255,2.0,4.0,0.7709499230700246,2.231898904027796,4.4343415567549505,2.406994585741651
CRK,2022-11-23,train,True,True,D-1,19.25,19.2399997711,19.3099994659,18.4899997711,0.3116855371428473,0,-3.258540199642823,-0.9387082858648421,-1.9509496715718,4.4343415567549505,4.082743417188994,2.136760365763868,2.0,0.0,0.783088825650289,3.085764745838193,4.4343415567549505,0.0
CRK,2022-11-25,train,True,True,D-1,19.1399993896,18.8999996185,18.4899997711,18.4699993134,-3.3960273731941104,0,-0.9387082858648421,-1.9509496715718,4.4343415567549505,4.082743417188994,0.6276094489178874,6.239641759322057,3.0,0.0,0.7978724267768315,2.9625764115454034,4.4343415567549505,4.4343415567549505
CRK,2022-11-28,train,True,True,D-1,18.1200008392,18.1000003815,18.4699993134,18.5,2.0971255143538814,0,-1.9509496715718,4.4343415567549505,4.082743417188994,0.6276094489178874,-1.7671525813150235,5.351165305570937,3.0,1.0,0.6773049837281854,4.814814104595322,4.4343415567549505,5.584975505729206
CRK,2022-11-29,train,True,True,D-1,18.3099994659,18.4099998474,18.5,18.7999992371,2.6761320889853835,0,4.4343415567549505,4.082743417188994,0.6276094489178874,-1.7671525813150235,-4.23280028120706,2.8993759208388425,3.0,2.0,0.39361728033049437,9.447508554462726,4.4343415567549505,10.35949437984578
CRK,2022-11-30,train,True,True,D-1,18.5,18.3500003815,18.7999992371,17.3099994659,1.6216174978378461,0,4.082743417188994,0.6276094489178874,-1.7671525813150235,-4.23280028120706,1.712704195392467,0.21774091656352468,3.0,3.0,0.23497285416854072,7.6045607284332295,4.082743417188994,6.675334851002413
CRK,2022-12-01,train,True,True,D-1,18.6800003052,17.4300003052,17.3099994659,16.3500003815,-7.334051482422243,0,0.6276094489178874,-1.7671525813150235,-4.23280028120706,1.712704195392467,-0.32590693317401387,-4.027198869789473,2.0,4.0,0.2663320340017096,7.956398114693952,1.712704195392467,0.6276094489178874
CRK,2022-12-02,train,True,True,D-1,17.0599994659,16.5400009155,16.3500003815,15.1199998856,-4.161776709425846,0,-1.7671525813150235,-4.23280028120706,1.712704195392467,-0.32590693317401387,-5.013624289771235,-9.407481743418533,1.0,4.0,0.005291128110955324,10.785996143322652,1.712704195392467,7.035895669174064
CRK,2022-12-05,train,True,True,D-1,16.2800006866,14.8500003815,15.1199998856,14.9899997711,-7.125311744948471,0,-4.23280028120706,1.712704195392467,-0.32590693317401387,-5.013624289771235,-5.106135250235666,-12.486765876386318,1.0,1.0,0.008772135266730548,13.663834319876656,1.712704195392467,11.576461298224983
CRK,2022-12-06,train,True,True,D-1,14.8000001907,14.8100004196,14.9899997711,15.0500001907,1.6891891674237547,0,1.712704195392467,-0.32590693317401387,-5.013624289771235,-5.106135250235666,-10.217656834687737,-17.95580072651172,1.0,2.0,0.027093749967502693,26.599318209586542,1.712704195392467,16.514768902931763
CRK,2022-12-07,train,True,True,D-1,14.6899995804,14.6899995804,15.0500001907,14.5600004196,2.4506509229607287,0,-0.32590693317401387,-5.013624289771235,-5.106135250235666,-10.217656834687737,-0.2693600058746859,-19.554586950789254,0.0,3.0,0.07209313362787241,26.941247160395186,-0.2693600058746859,10.459494559512251
CRK,2022-12-08,train,True,True,D-1,14.9499998093,14.1099996567,14.5600004196,15.3599996567,2.742473930634759,0,-5.013624289771235,-5.106135250235666,-10.217656834687737,-0.2693600058746859,-0.8102689790689399,-19.94550803819012,0.0,4.0,0.0551723684298,27.978214935987666,-0.2693600058746859,1.0774464443740084
CRK,2022-12-09,train,True,True,D-1,14.25,13.970000267,15.3599996567,16.0699996948,12.771927682807016,1,-5.106135250235666,-10.217656834687737,-0.2693600058746859,-0.8102689790689399,-3.948263718631151,-19.047622434691093,0.0,4.0,0.033232530045164285,22.678950298064038,-0.2693600058746859,4.72654114157619
CRK,2022-12-12,train,True,True,D-1,14.5399999619,15.1300001144,16.0699996948,15.6800003052,10.522694201575966,1,-10.217656834687737,-0.2693600058746859,-0.8102689790689399,-3.948263718631151,-0.9921998093991635,-15.538092540802673,0.0,4.0,0.012448413538412969,17.036507294291514,-0.2693600058746859,4.901288862939479
CRK,2022-12-13,train,True,True,D-1,15.6899995804,15.5100002289,15.6800003052,15.75,0.38241186236200875,0,-0.2693600058746859,-0.8102689790689399,-3.948263718631151,-0.9921998093991635,8.303506265065419,1.8855200384292337,1.0,0.0,0.8380285000411447,1.5201555886380724,8.303506265065419,0.0
CRK,2022-12-14,train,True,True,D-1,15.4799995422,15.1400003433,15.75,15.470000267,1.7441890554579897,0,-0.8102689790689399,-3.948263718631151,-0.9921998093991635,8.303506265065419,2.5115671621068536,4.726534702683716,2.0,0.0,0.7370894667497484,3.610570326469409,8.303506265065419,0.0
CRK,2022-12-15,train,True,True,D-1,15.1400003433,15.6999998093,15.470000267,14.6300001144,2.179655985582829,0,-3.948263718631151,-0.9921998093991635,8.303506265065419,2.5115671621068536,-2.3855569319114034,3.0633136538710914,2.0,1.0,0.563380609600591,6.1426640053648285,8.303506265065419,8.303506265065419
CRK,2022-12-16,train,True,True,D-1,15.1999998093,14.7700004578,14.6300001144,14.5900001526,-3.7499980398108312,0,-0.9921998093991635,8.303506265065419,2.5115671621068536,-2.3855569319114034,3.698807485482125,11.268605182743595,3.0,2.0,0.82629114289779,2.356687197415308,8.303506265065419,8.303506265065419
CRK,2022-12-19,train,True,True,D-1,14.3900003433,14.3999996185,14.5900001526,15.0600004196,4.656011537984095,1,8.303506265065419,2.5115671621068536,-2.3855569319114034,3.698807485482125,-5.923562820358175,5.7265581639949215,3.0,3.0,0.19254688559089791,8.801619476683719,8.303506265065419,10.747362784948123
CRK,2022-12-20,train,True,True,D-1,14.1499996185,14.5699996948,15.0600004196,14.5,6.431101241234272,1,2.5115671621068536,-2.3855569319114034,3.698807485482125,-5.923562820358175,-2.5050834653468357,-4.824854529942934,2.0,4.0,0.1256543404580383,11.597223059329199,3.698807485482125,11.979063578414905
CRK,2022-12-21,train,True,True,D-1,15.0500001907,14.5399999619,14.5,14.6300001144,-2.790698146034154,0,-2.3855569319114034,3.698807485482125,-5.923562820358175,-2.5050834653468357,1.18055611669321,-6.060609414747031,2.0,3.0,0.3017747939791146,8.098835483305745,3.698807485482125,5.05290875021418
CRK,2022-12-22,train,True,True,D-1,14.4099998474,13.9799995422,14.6300001144,14.7899999619,2.637058421402849,0,3.698807485482125,-5.923562820358175,-2.5050834653468357,1.18055611669321,-0.20590071055874848,-3.9630143183287503,2.0,4.0,0.28402346832914027,8.321870985355106,3.698807485482125,3.698807485482125
CRK,2022-12-23,train,True,True,D-1,14.029999733,14.5799999237,14.7899999619,14.279999733,5.416965383915162,1,-5.923562820358175,-2.5050834653468357,1.18055611669321,-0.20590071055874848,-3.8514471882214685,-10.955415847082662,1.0,4.0,0.1857919197136191,10.658088509246987,1.18055611669321,5.229973858346082
CRK,2022-12-27,train,True,True,D-1,14.7899999619,14.5699996948,14.279999733,13.75,-3.4482774186192944,0,-2.5050834653468357,1.18055611669321,-0.20590071055874848,-3.8514471882214685,4.291848363004891,-1.2863949100262895,2.0,2.0,0.6619714999236447,3.2921844884220564,4.291848363004891,1.18055611669321
CRK,2022-12-28,train,True,True,D-1,14.25,13.4300003052,13.75,13.7899999619,-3.2280704428070184,0,1.18055611669321,-0.20590071055874848,-3.8514471882214685,4.291848363004891,-0.06858867594193852,1.18055611669321,2.0,3.0,0.65492908558374,3.363079856308304,4.291848363004891,1.18055611669321
CRK,2022-12-29,train,True,True,D-1,13.2399997711,13.6599998474,13.7899999619,13.3900003433,4.154080062754439,1,-0.20590071055874848,-3.8514471882214685,4.291848363004891,-0.06858867594193852,-7.824292474123129,-7.824292474123129,1.0,4.0,0.02395207189967454,12.137007277422596,4.291848363004891,12.179362934460137
CRK,2022-12-30,train,True,True,D-1,13.4600000381,13.7100000381,13.3900003433,13.5100002289,0.37147244174196015,0,-3.8514471882214685,4.291848363004891,-0.06858867594193852,-7.824292474123129,1.7125803199791845,-6.0522704044423286,2.0,2.0,0.35795456390011376,8.27232889548737,4.291848363004891,10.537557810238285
CRK,2023-01-03,train,True,True,D-1,13.1499996185,12.5200004578,13.5100002289,12.9300003052,2.737647306799418,0,4.291848363004891,-0.06858867594193852,-7.824292474123129,1.7125803199791845,0.36603361097047316,-1.9313269881374384,3.0,3.0,0.3863637594666681,7.877461129093266,4.291848363004891,4.291848363004891
CRK,2023-01-04,train,True,True,D-1,12.3199996948,13.1700000763,12.9300003052,12.6999998093,4.951303778501459,1,-0.06858867594193852,-7.824292474123129,1.7125803199791845,0.36603361097047316,-8.679792684121079,-14.128940169275594,2.0,4.0,0.06198370556638143,18.13098579150436,1.7125803199791845,10.05811035171622
CRK,2023-01-05,train,True,True,D-1,12.8599996567,12.25,12.6999998093,13.2100000381,2.7216204567910074,0,-7.824292474123129,1.7125803199791845,0.36603361097047316,-8.679792684121079,5.19169005377349,-9.608782757899837,3.0,4.0,0.4714285908816374,8.428243358156816,5.19169005377349,5.651310883796434
CRK,2023-01-06,train,True,True,D-1,12.3199996948,12.6800003052,13.2100000381,12.529999733,7.22402893951084,1,1.7125803199791845,0.36603361097047316,-8.679792684121079,5.19169005377349,-6.985573811465495,-8.786301402711905,3.0,3.0,0.07228909435185982,12.571428260408158,5.19169005377349,3.8691334184400517
CRK,2023-01-09,train,True,True,D-1,13.0500001907,12.8299999237,12.529999733,12.8000001907,-1.9157087842662346,0,0.36603361097047316,-8.679792684121079,5.19169005377349,-6.985573811465495,3.5102065730612253,-7.174228061111798,3.0,4.0,0.3313254465826091,8.753940299550255,5.19169005377349,8.912265363273875
CRK,2023-01-10,train,True,True,D-1,12.3500003815,12.5,12.8000001907,13.0399999619,5.587040964254575,1,-8.679792684121079,5.19169005377349,-6.985573811465495,3.5102065730612253,1.182962262536269,-6.418673318413459,3.0,3.0,0.507246196536458,5.300080352641934,5.19169005377349,5.19169005377349
CRK,2023-01-11,train,True,True,D-1,12.8000001907,12.3599996567,13.0399999619,13.0399999619,1.8749981845654462,0,5.19169005377349,-6.985573811465495,3.5102065730612253,1.182962262536269,-2.572096069076457,-0.15974805965394134,3.0,4.0,0.2681158368845922,8.08000183119999,5.19169005377349,6.611250786167034
CRK,2023-01-12,train,True,True,D-1,12.7299995422,12.9300003052,13.0399999619,13.6700000763,7.3841364328717685,1,-6.985573811465495,3.5102065730612253,1.182962262536269,-2.572096069076457,-1.1200027464000062,-6.150344836046218,2.0,2.0,0.21296255421207644,6.877025930492153,3.5102065730612253,7.173497841923993
CRK,2023-01-13,train,True,True,D-1,12.7600002289,12.9899997711,13.6700000763,13.220000267,7.131660118147565,1,3.5102065730612253,1.182962262536269,-2.572096069076457,-1.1200027464000062,4.611655860289776,5.55102289959184,3.0,3.0,0.7358494131486658,2.165504457006029,4.611655860289776,3.5102065730612253
CRK,2023-01-17,train,True,True,D-1,13.5900001526,13.0600004196,13.220000267,12.7899999619,-2.7225892674417107,0,1.182962262536269,-2.572096069076457,-1.1200027464000062,4.611655860289776,0.46403298131301174,2.444790681691633,3.0,4.0,0.7924526604593056,1.6936125548628,4.611655860289776,1.182962262536269
CRK,2023-01-18,train,True,True,D-1,12.9899997711,12.6199998856,12.7899999619,12.8999996185,-0.6928418336098141,0,-2.572096069076457,-1.1200027464000062,4.611655860289776,0.46403298131301174,0.5388810603040639,1.7926772974887983,3.0,0.0,0.5986845572514536,4.670747604146563,4.611655860289776,4.611655860289776
CRK,2023-01-19,train,True,True,D-1,12.6000003815,12.5799999237,12.8999996185,13.1300001144,4.206346959149099,1,-1.1200027464000062,4.611655860289776,0.46403298131301174,0.5388810603040639,-3.369069830500626,0.9599990848000006,3.0,1.0,0.2335764391395218,8.320128369399571,4.611655860289776,7.4599999097113345
CRK,2023-01-20,train,True,True,D-1,12.7299995422,12.6700000763,13.1300001144,13.1499996185,3.2992937266627553,1,4.611655860289776,0.46403298131301174,0.5388810603040639,-3.369069830500626,-0.3169569117480009,1.77993748471299,3.0,2.0,0.14173247268887743,8.66454816542963,4.611655860289776,8.287004102849027
CRK,2023-01-23,train,True,True,D-1,12.9799995422,13.0200004578,13.1499996185,12.4300003052,1.3097078759309877,0,0.46403298131301174,0.5388810603040639,-3.369069830500626,-0.3169569117480009,0.7154225210323162,-2.0108292557072693,3.0,3.0,0.21259870903331474,7.892659778831113,0.7154225210323162,0.5388810603040639
CRK,2023-01-24,train,True,True,D-1,13.0900001526,12.7600002289,12.4300003052,12.3900003433,-5.0420155821687125,0,0.5388810603040639,-3.369069830500626,-0.3169569117480009,0.7154225210323162,2.7624339336405956,0.23095217266089207,3.0,4.0,0.48818946126524787,4.992316402804731,2.7624339336405956,0.5388810603040639
CRK,2023-01-25,train,True,True,D-1,12.3800001144,12.279999733,12.3900003433,12.4399995804,0.48464834770245435,0,-3.369069830500626,-0.3169569117480009,0.7154225210323162,2.7624339336405956,-1.9969294912293267,-2.297091738601864,2.0,4.0,0.4390247874297857,3.6050159079006106,2.7624339336405956,0.7154225210323162
CRK,2023-01-26,train,True,True,D-1,12.2700004578,12.3199996948,12.4399995804,12.2100000381,1.3854858700671935,0,-0.3169569117480009,0.7154225210323162,2.7624339336405956,-1.9969294912293267,-3.761759304775325,-2.6941375252146904,2.0,1.0,0.2689074014567609,7.084689775375597,2.7624339336405956,8.446003048699124
CRK,2023-01-27,train,True,True,D-1,12.3500003815,12.3500003815,12.2100000381,12.3999996185,0.40485210895133683,0,0.7154225210323162,2.7624339336405956,-1.9969294912293267,-3.761759304775325,0.3257325950301704,-2.0667744870981664,3.0,2.0,0.43150691641067523,6.737012534588982,2.7624339336405956,6.210713919587985
CRK,2023-01-30,train,True,True,D-1,12.0399999619,11.7399997711,12.3999996185,12.1700000763,2.9900303798937156,0,2.7624339336405956,-1.9969294912293267,-3.761759304775325,0.3257325950301704,0.2435120734025853,-2.5256487203861866,3.0,3.0,0.4520553314223908,6.4777264152831915,2.7624339336405956,2.7624339336405956
CRK,2023-01-31,train,True,True,D-1,12.3999996185,12.1499996185,12.1700000763,12.4499998093,0.40322735756701533,0,-1.9969294912293267,-3.761759304775325,0.3257325950301704,0.2435120734025853,-4.939276044993202,-9.831034114389592,2.0,4.0,0.03424670506520618,12.010220399415616,0.3257325950301704,5.0335243001290335
CRK,2023-02-01,train,True,True,D-1,11.9799995422,11.9399995804,12.4499998093,12.4399995804,3.9232077217065564,1,-3.761759304775325,0.3257325950301704,0.2435120734025853,-4.939276044993202,3.4923326694544343,-4.780568961263921,3.0,2.0,0.6133333841333339,2.386831037084436,3.4923326694544343,1.9451719215227814
CRK,2023-02-02,train,True,True,D-1,11.9200000763,12.0500001907,12.4399995804,11.8699998856,4.362411919223841,1,0.3257325950301704,0.2435120734025853,-4.939276044993202,3.4923326694544343,-1.728395429578844,-2.7687309445644237,3.0,3.0,0.43181763997882255,4.187604837279646,3.4923326694544343,0.3257325950301704
CRK,2023-02-03,train,True,True,D-1,12.0200004578,11.8999996185,11.8699998856,11.9799995422,-0.3327863067928871,0,0.2435120734025853,-4.939276044993202,3.4923326694544343,-1.728395429578844,0.9212781755919774,-2.191554470686885,3.0,0.0,0.5505619180988085,3.3194988570100836,3.4923326694544343,4.31537325332193
CRK,2023-02-06,train,True,True,D-1,11.7700004578,11.3500003815,11.9799995422,12.0200004578,2.124044097503197,0,-4.939276044993202,3.4923326694544343,-1.728395429578844,0.9212781755919774,-1.2448180068558634,-3.643730761936559,2.0,1.0,0.38202183376171495,4.621850491028212,3.4923326694544343,3.8273407373413115
CRK,2023-02-07,train,True,True,D-1,11.5,11.9300003052,12.0200004578,12.1899995804,5.999996351304349,1,3.4923326694544343,-1.728395429578844,0.9212781755919774,-1.2448180068558634,-4.621842475901938,-3.3219710153662096,2.0,2.0,0.035087704661426064,9.691624588779323,3.4923326694544343,9.301459624823693
CRK,2023-02-08,train,True,True,D-1,11.8599996567,11.6400003433,12.1899995804,12.3999996185,4.553119539889217,1,-1.728395429578844,0.9212781755919774,-1.2448180068558634,-4.621842475901938,5.11013131458018,-1.8106939934798172,2.0,3.0,0.5438598399277726,4.358755161752548,5.11013131458018,0.9212781755919774
CRK,2023-02-09,train,True,True,D-1,11.7299995422,11.8299999237,12.3999996185,12.529999733,6.8201212448637305,1,0.9212781755919774,-1.2448180068558634,-4.621842475901938,5.11013131458018,-2.430846223646743,-2.5125565129203276,2.0,4.0,0.28947377225074045,6.958758093733519,5.11013131458018,0.9212781755919774
CRK,2023-02-10,train,True,True,D-1,11.8999996185,12.3800001144,12.529999733,12.5699996948,5.630252922516088,1,-1.2448180068558634,-4.621842475901938,5.11013131458018,-2.430846223646743,1.6322987525456911,-1.8257283279529912,2.0,4.0,0.46017689405349593,5.1563792107719,5.11013131458018,5.948357458266118
CRK,2023-02-13,train,True,True,D-1,12.3000001907,12.3100004196,12.5699996948,13.2899999619,8.048778502853482,1,-4.621842475901938,5.11013131458018,-2.430846223646743,1.6322987525456911,4.649198598878601,4.033617741918061,3.0,0.0,0.981651817615844,0.16154688138281248,5.11013131458018,5.11013131458018
CRK,2023-02-14,train,True,True,D-1,12.4300003052,12.3400001526,13.2899999619,13.4899997711,8.527750924161737,1,5.11013131458018,-2.430846223646743,1.6322987525456911,4.649198598878601,-0.5654256393631041,8.458149831120343,3.0,0.0,0.808696185771065,1.7871592680835047,5.11013131458018,5.11013131458018
CRK,2023-02-15,train,True,True,D-1,12.6999998093,13.0600004196,13.4899997711,12.8000001907,6.220472233562524,1,-2.430846223646743,1.6322987525456911,4.649198598878601,-0.5654256393631041,0.24370212816755554,3.436712798919972,3.0,0.0,0.80672300563107,1.8638536414567142,4.649198598878601,4.972300064390489
CRK,2023-02-16,train,True,True,D-1,13.1400003433,13.1000003815,12.8000001907,12.0399999619,-2.5875201196122077,0,1.6322987525456911,4.649198598878601,-0.5654256393631041,0.24370212816755554,5.8346860461610195,12.199313010479006,4.0,0.0,0.8606063057789364,1.7610990421931705,5.8346860461610195,4.649198598878601
CRK,2023-02-17,train,True,True,D-1,12.8000001907,12.0600004196,12.0399999619,11.970000267,-5.937501699040504,0,4.649198598878601,-0.5654256393631041,0.24370212816755554,5.8346860461610195,0.3062784120586137,10.735422366788882,4.0,0.0,0.7732560783110161,2.9770944903998897,5.8346860461610195,4.649198598878601
CRK,2023-02-21,train,True,True,D-1,12.0,11.3000001907,11.970000267,12.4899997711,4.0833314258333475,1,-0.5654256393631041,0.24370212816755554,5.8346860461610195,0.3062784120586137,-7.938930775671594,-2.5848117273261306,3.0,1.0,0.16374308793063602,11.857373977997177,5.8346860461610195,13.491653640888156
CRK,2023-02-22,train,True,True,D-1,11.3800001144,11.7600002289,12.4899997711,12.8299999237,12.741650217254419,1,0.24370212816755554,5.8346860461610195,0.3062784120586137,-7.938930775671594,-6.301825891024359,-8.204713196368985,3.0,2.0,0.01793720628325306,19.380526933109167,5.8346860461610195,19.575145117765203
CRK,2023-02-23,train,True,True,D-1,12.1199998856,11.9899997711,12.8299999237,12.8500003815,6.023106458666927,1,5.8346860461610195,0.3062784120586137,-7.938930775671594,-6.301825891024359,4.070796729530879,-4.70016139811632,3.0,3.0,0.22421529266626036,14.710880174547603,5.8346860461610195,8.322249729927044
CRK,2023-02-24,train,True,True,D-1,12.0,12.8100004196,12.8500003815,12.4300003052,7.083336512499994,1,0.3062784120586137,-7.938930775671594,-6.301825891024359,4.070796729530879,1.9557783820002062,-8.192960291901507,3.0,4.0,0.3273541220012189,12.510425593297448,4.070796729530879,0.3062784120586137
CRK,2023-02-27,train,True,True,D-1,12.8500003815,12.3100004196,12.4300003052,12.5799999237,-2.1011708154399344,0,-7.938930775671594,-6.301825891024359,4.070796729530879,1.9557783820002062,6.83903806634325,-2.2137401027067294,3.0,0.0,0.9872614598803798,0.1561241486721654,6.83903806634325,4.070796729530879
CRK,2023-02-28,train,True,True,D-1,12.3400001526,12.1400003433,12.5799999237,12.470000267,1.9448927725453258,0,-6.301825891024359,4.070796729530879,1.9557783820002062,6.83903806634325,-3.9032004966601974,2.0729684187547726,3.0,0.0,0.6603774150480547,4.386677038939912,6.83903806634325,4.070796729530879
CRK,2023-03-01,train,True,True,D-1,12.0399999619,12.4600000381,12.470000267,13.4200000763,11.461795006369968,1,4.070796729530879,1.9557783820002062,6.83903806634325,-3.9032004966601974,-1.3809916369241115,7.433629543575826,3.0,1.0,0.5389610027496203,5.848435075142677,6.83903806634325,12.069327327496293
CRK,2023-03-02,train,True,True,D-1,12.3100004196,12.3400001526,13.4200000763,12.7600002289,9.01705620523503,1,1.9557783820002062,6.83903806634325,-3.9032004966601974,-1.3809916369241115,2.6359117442414703,5.952379214073167,3.0,2.0,0.6388885454140713,3.1300187978126948,6.83903806634325,6.83903806634325
CRK,2023-03-03,train,True,True,D-1,12.279999733,13.1700000763,12.7600002289,12.4499998093,3.9087989115349497,1,6.83903806634325,-3.9032004966601974,-1.3809916369241115,2.6359117442414703,-0.9630809400727691,2.919102486920977,2.0,3.0,0.5277775324716908,4.132902938356486,6.83903806634325,6.83903806634325
CRK,2023-03-06,train,True,True,D-1,12.6300001144,12.3500003815,12.4499998093,12.3199996948,-1.4251805500363757,0,-3.9032004966601974,-1.3809916369241115,2.6359117442414703,-0.9630809400727691,6.726093301750247,2.810301677657878,2.0,0.0,0.8263889532817082,1.898253595684385,6.726093301750247,2.6359117442414703
CRK,2023-03-07,train,True,True,D-1,12.279999733,12.1999998093,12.3199996948,12.1300001144,0.3257325950301704,0,-1.3809916369241115,2.6359117442414703,-0.9630809400727691,6.726093301750247,-6.226269476456769,0.3249387533432735,2.0,1.0,0.25694493199007734,8.66396487244514,6.726093301750247,2.6359117442414703
CRK,2023-03-08,train,True,True,D-1,12.0699996948,11.9600000381,12.1300001144,11.5399999619,0.49710373750753156,0,2.6359117442414703,-0.9630809400727691,6.726093301750247,-6.226269476456769,-1.2145794944646071,0.49422952473894277,2.0,2.0,0.15277790659813878,10.00000234483609,6.726093301750247,14.091319280340464
CRK,2023-03-09,train,True,True,D-1,12.0,11.5600004196,11.5399999619,11.2700004578,-3.833333650833337,0,-0.9630809400727691,6.726093301750247,-6.226269476456769,-1.2145794944646071,-1.967211270094027,-4.012841079222373,1.0,3.0,0.1560695839913836,12.20735814004177,6.726093301750247,9.883990721609514
CRK,2023-03-10,train,True,True,D-1,11.5200004578,10.8000001907,11.2700004578,11.2700004578,-2.1701388026484802,0,6.726093301750247,-6.226269476456769,-1.2145794944646071,-1.967211270094027,-3.3444784048976106,-6.3209053756426155,1.0,4.0,0.021052615700827605,16.089961844174038,6.726093301750247,11.971990020634882
CRK,2023-03-13,train,True,True,D-1,10.4200000763,10.8000001907,11.2700004578,10.3500003815,8.157393236812949,1,-6.226269476456769,-1.2145794944646071,-1.967211270094027,-3.3444784048976106,-6.574396205136956,-17.995443218447036,0.0,4.0,0.02487571393330826,18.1481481814026,-1.2145794944646071,9.698995348701356
CRK,2023-03-14,train,True,True,D-1,10.9799995422,10.6800003052,10.3500003815,10.7399997711,-2.185790356161632,0,-1.2145794944646071,-1.967211270094027,-3.3444784048976106,-6.574396205136956,0.0,-12.550608444691724,0.0,4.0,0.23255818078962343,15.277773976530407,0.0,6.574396205136956
CRK,2023-03-15,train,True,True,D-1,10.1800003052,10.220000267,10.7399997711,10.6199998856,5.500976906788013,1,-1.967211270094027,-3.3444784048976106,-6.574396205136956,0.0,-1.1111100313066058,-12.459012523437185,0.0,4.0,0.18811891474661857,15.355799089270604,0.0,1.1111100313066058
CRK,2023-03-16,train,True,True,D-1,9.96000003815,10.6899995804,10.6199998856,10.6899995804,7.329312645119157,1,-3.3444784048976106,-6.574396205136956,0.0,-1.1111100313066058,-4.307116339463313,-14.548493023052044,0.0,4.0,0.16228067055714837,18.688843419772883,0.0,5.3703695690620945
CRK,2023-03-17,train,True,True,D-1,10.5200004578,10.3000001907,10.6899995804,10.8900003433,3.5171090247022363,1,-6.574396205136956,0.0,-1.1111100313066058,-4.307116339463313,4.598818993357678,-7.52595854343493,1.0,4.0,0.4970410695109598,7.951360288717568,4.598818993357678,0.0
CRK,2023-03-20,train,True,True,D-1,10.3500003815,10.470000267,10.8900003433,10.8199996948,5.2173907429531985,1,0.0,-1.1111100313066058,-4.307116339463313,4.598818993357678,-3.6482638447906,-4.629629547882375,1.0,4.0,0.31690125707107564,9.417478146998736,4.598818993357678,0.0
CRK,2023-03-21,train,True,True,D-1,10.7899999619,10.8000001907,10.8199996948,10.6599998474,0.27803274333577654,0,-1.1111100313066058,-4.307116339463313,4.598818993357678,-3.6482638447906,1.6504861471118737,-3.055554795120907,2.0,4.0,0.4366196142273411,7.640880328546795,4.598818993357678,6.656810780404776
CRK,2023-03-22,train,True,True,D-1,10.7399997711,10.2700004578,10.6599998474,10.5500001907,-0.7448782626166439,0,-4.307116339463313,4.598818993357678,-3.6482638447906,1.6504861471118737,3.151861655057586,1.1235944014118981,3.0,0.0,0.9134613885546358,0.8333347315817585,4.598818993357678,4.598818993357678
CRK,2023-03-23,train,True,True,D-1,10.4600000381,9.96000003815,10.5500001907,10.7600002289,2.868070647296972,0,4.598818993357678,-3.6482638447906,1.6504861471118737,3.151861655057586,-4.907404847607211,0.48923864475276524,3.0,1.0,0.33333367519702073,6.036999589704162,4.598818993357678,6.5090367975574654
CRK,2023-03-24,train,True,True,D-1,9.75,10.529999733,10.7600002289,10.8400001526,11.179488744615384,1,-3.6482638447906,1.6504861471118737,3.151861655057586,-4.907404847607211,-3.018504438474068,-6.828807959809902,2.0,2.0,0.16216234793464335,9.337352425580336,3.151861655057586,10.929640707999955
CRK,2023-03-27,train,True,True,D-1,10.5100002289,10.720000267,10.8400001526,10.8500003815,3.23501565361608,1,1.6504861471118737,3.151861655057586,-4.907404847607211,-3.018504438474068,5.72288848058955,2.23300522370542,3.0,3.0,0.694914815929444,3.418809301312642,5.72288848058955,3.151861655057586
CRK,2023-03-28,train,True,True,D-1,10.6599998474,10.6800003052,10.8500003815,10.7299995422,1.7823690133198289,0,3.151861655057586,-4.907404847607211,-3.018504438474068,5.72288848058955,1.8043735880121314,2.3877745331866373,3.0,4.0,0.8559321759849964,1.5858215677785115,5.72288848058955,3.151861655057586
CRK,2023-03-29,train,True,True,D-1,10.8299999237,10.5200004578,10.7299995422,10.9799995422,1.3850380383821248,0,-4.907404847607211,-3.018504438474068,5.72288848058955,1.8043735880121314,-0.37313396272138366,-1.1111100313066058,2.0,0.0,0.8584072290312326,1.4981258691734167,5.72288848058955,5.72288848058955
CRK,2023-03-30,train,True,True,D-1,10.7100000381,10.4200000763,10.9799995422,11.2100000381,4.668534063690832,1,-3.018504438474068,5.72288848058955,1.8043735880121314,-0.37313396272138366,-1.4981258691734056,2.434274477662046,2.0,0.0,0.7105264699041556,3.1368812674843705,5.72288848058955,7.588558296062131
CRK,2023-03-31,train,True,True,D-1,10.6800003052,10.7899999619,11.2100000381,10.970000267,4.962544173729544,1,5.72288848058955,1.8043735880121314,-0.37313396272138366,-1.4981258691734056,-0.9505739272649527,4.61847426092421,2.0,1.0,0.6228068634291782,4.126682361337242,5.72288848058955,8.157347483117938
CRK,2023-04-03,train,True,True,D-1,11.0200004578,10.8000001907,10.970000267,10.9799995422,-0.36298469998418126,0,1.8043735880121314,-0.37313396272138366,-1.4981258691734056,-0.9505739272649527,3.5508625997187293,2.469138038866081,2.0,0.0,0.7432437309844452,1.760885829202019,3.5508625997187293,1.8043735880121314
CRK,2023-04-04,train,True,True,D-1,10.9300003052,10.8599996567,10.9799995422,10.75,0.4574495480682783,0,-0.37313396272138366,-1.4981258691734056,-0.9505739272649527,3.5508625997187293,0.09268052674060723,0.7462679263756211,2.0,0.0,0.5729168425748631,3.796294816300616,3.5508625997187293,0.0
CRK,2023-04-05,train,True,True,D-1,10.9200000763,10.7700004578,10.75,11.1300001144,1.9230772585411504,0,-1.4981258691734056,-0.9505739272649527,3.5508625997187293,0.09268052674060723,0.5555506013015243,1.6853871381666385,3.0,1.0,0.6354162838444154,3.2228397096133454,3.5508625997187293,3.5508625997187293
CRK,2023-04-06,train,True,True,D-1,10.75,10.3999996185,11.1300001144,11.2399997711,4.558137405581397,1,-0.9505739272649527,3.5508625997187293,0.09268052674060723,0.5555506013015243,-0.8287219313536043,2.3764257520981324,3.0,2.0,0.5416671220442527,4.085418399228913,3.5508625997187293,3.8286378994435655
CRK,2023-04-10,train,True,True,D-1,10.6300001144,11.0799999237,11.2399997711,11.3500003815,6.773285600671319,1,3.5508625997187293,0.09268052674060723,0.5555506013015243,-0.8287219313536043,-3.435476541990601,-0.19194297172309138,3.0,3.0,0.0,7.788465858778815,3.5508625997187293,7.786590525512948
CRK,2023-04-11,train,True,True,D-1,10.970000267,11.220000267,11.3500003815,11.2399997711,3.463993666828946,1,0.09268052674060723,0.5555506013015243,-0.8287219313536043,-3.435476541990601,6.538464712925407,2.6876734274699166,3.0,4.0,0.8395061147447341,1.1732862391265142,6.538464712925407,0.5555506013015243
CRK,2023-04-12,train,True,True,D-1,11.3199996948,10.9600000381,11.2399997711,11.1499996185,-0.7067131259442361,0,0.5555506013015243,-0.8287219313536043,-3.435476541990601,6.538464712925407,1.2635410132137315,3.8888895267026546,3.0,0.0,0.9761910708729065,0.17824869540175037,6.538464712925407,0.5555506013015243
CRK,2023-04-13,train,True,True,D-1,10.9200000763,10.9899997711,11.1499996185,11.5500001907,5.769231776539163,1,-0.8287219313536043,-3.435476541990601,6.538464712925407,1.2635410132137315,-2.3172925375474884,0.9208138541542787,2.0,0.0,0.5894736524543197,3.5583972814256404,6.538464712925407,7.621496178867226
CRK,2023-04-14,train,True,True,D-1,10.970000267,11.1199998856,11.5500001907,11.0500001907,5.287145939683868,1,-3.435476541990601,6.538464712925407,1.2635410132137315,-2.3172925375474884,0.2737201906543252,2.042704772038051,3.0,1.0,0.6210522934074749,3.275710808899923,6.538464712925407,8.588379957370373
CRK,2023-04-17,train,True,True,D-1,11.4099998474,11.0500001907,11.0500001907,10.9499998093,-3.155124114940566,0,6.538464712925407,1.2635410132137315,-2.3172925375474884,0.2737201906543252,1.1828946060750356,6.923079745303351,4.0,2.0,0.6933326721333349,2.068349804552083,6.538464712925407,6.538464712925407
CRK,2023-04-18,train,True,True,D-1,10.9200000763,11.0399999619,10.9499998093,11.2899999619,3.3882773169848335,1,1.2635410132137315,-2.3172925375474884,0.2737201906543252,1.1828946060750356,-0.6294936656487504,-0.270755714860893,3.0,0.0,0.35064973663326704,4.524886799737926,1.2635410132137315,1.2635410132137315
CRK,2023-04-19,train,True,True,D-1,10.6499996185,10.9399995804,11.2899999619,11.1800003052,6.009393111040695,1,-2.3172925375474884,0.2737201906543252,1.1828946060750356,-0.6294936656487504,-0.09049980658296652,-1.6042807559409122,2.0,1.0,0.4069768989790671,4.6195673057976006,1.1828946060750356,1.902318387756885
CRK,2023-04-20,train,True,True,D-1,11.0,11.0799999237,11.1800003052,11.3699998856,3.3636353236363714,1,0.2737201906543252,1.1828946060750356,-0.6294936656487504,-0.09049980658296652,-0.9058005601912056,-0.1824859272853363,2.0,2.0,0.3296695466017281,5.575874165414696,1.1828946060750356,2.178375225094209
CRK,2023-04-21,train,True,True,D-1,11.1300001144,10.9200000763,11.3699998856,11.1599998474,2.156332153936713,0,1.1828946060750356,-0.6294936656487504,-0.09049980658296652,-0.9058005601912056,1.2797106825380933,0.8189277022249808,2.0,3.0,0.483516103499514,4.241879695275763,1.2797106825380933,1.1828946060750356
CRK,2023-04-24,train,True,True,D-1,10.8699998856,11.25,11.1599998474,10.9899997711,2.6678929609206037,0,-0.6294936656487504,-0.09049980658296652,-0.9058005601912056,1.2797106825380933,-1.4440419539874183,-1.7985594546542583,1.0,4.0,0.30769206588330533,5.769231776539163,1.2797106825380933,0.18281083059483727
CRK,2023-04-25,train,True,True,D-1,11.0200004578,10.8599996567,10.9899997711,11.1800003052,1.451904181063357,0,-0.09049980658296652,-0.9058005601912056,1.2797106825380933,-1.4440419539874183,3.0219773021449736,1.8099529941033365,2.0,0.0,0.8356164920022848,1.066665649777776,3.0219773021449736,1.2797106825380933
CRK,2023-04-26,train,True,True,D-1,10.8000001907,10.6599998474,11.1800003052,11.6099996567,7.499994923125075,1,-0.9058005601912056,1.2797106825380933,-1.4440419539874183,3.0219773021449736,-3.466669718222226,-1.6304375527282366,2.0,1.0,0.3013691114200565,4.69613485287137,3.0219773021449736,1.8291650706403484
CRK,2023-04-27,train,True,True,D-1,10.75,11.1300001144,11.6099996567,11.4799995422,7.999996806511622,1,1.2797106825380933,-1.4440419539874183,3.0219773021449736,-3.466669718222226,-1.8416189283819273,-2.5594126484396296,2.0,2.0,0.12345616509332387,6.660413211667837,3.0219773021449736,8.26642310303386
CRK,2023-04-28,train,True,True,D-1,11.220000267,11.5,11.4799995422,11.1000003815,2.3172840375476955,0,-1.4440419539874183,3.0219773021449736,-3.466669718222226,-1.8416189283819273,4.409008196324082,0.45126526213279394,2.0,3.0,0.7037037908368193,2.156332153936713,4.409008196324082,3.0219773021449736
CRK,2023-05-01,train,True,True,D-1,11.2399997711,11.3100004196,11.1000003815,10.5,-1.2455461961837777,0,3.0219773021449736,-3.466669718222226,-1.8416189283819273,4.409008196324082,3.3243475453454296,5.311354575525984,3.0,0.0,0.8952383460736522,0.9565187539130493,4.409008196324082,3.0219773021449736
CRK,2023-05-02,train,True,True,D-1,11.0200004578,10.75,10.5,9.81000041962,-4.7186972431742635,0,-3.466669718222226,-1.8416189283819273,4.409008196324082,3.3243475453454296,-1.6521702643478298,0.5333370631111167,2.0,1.0,0.7142862332656834,2.6525130501331207,4.409008196324082,4.409008196324082
CRK,2023-05-03,train,True,True,D-1,10.3500003815,9.78999996185,9.81000041962,9.82999992371,-5.02415882727375,0,-1.8416189283819273,4.409008196324082,3.3243475453454296,-1.6521702643478298,-4.95137399490747,-1.012888215260077,2.0,2.0,0.20370396531723367,7.999996806511622,4.409008196324082,10.93074732675886
CRK,2023-05-04,train,True,True,D-1,9.75,9.25,9.82999992371,10.0,2.564102564102555,0,4.409008196324082,3.3243475453454296,-1.6521702643478298,-4.95137399490747,-8.93023291302325,-8.161349887469227,2.0,3.0,0.11650477346458496,18.59039532116684,4.409008196324082,17.848445874114702
CRK,2023-05-05,train,True,True,D-1,9.43000030518,9.55000019073,10.0,9.89000034332,6.044535274372076,1,3.3243475453454296,-1.6521702643478298,-4.95137399490747,-8.93023291302325,-5.515832113935549,-16.89128567004824,1.0,4.0,0.01666665341978974,25.51350980216216,3.3243475453454296,17.277835917438455
CRK,2023-05-08,train,True,True,D-1,9.88000011444,9.72000026703,9.89000034332,9.76000022888,0.1012168903255839,0,-1.6521702643478298,-4.95137399490747,-8.93023291302325,-5.515832113935549,3.2432453051891796,-16.956520080608694,1.0,4.0,0.1497798356226033,20.20941688926261,3.2432453051891796,2.451478774823701
CRK,2023-05-09,train,True,True,D-1,9.64999961853,9.69999980927,9.76000022888,9.55000019073,1.1399027429884523,0,-4.95137399490747,-8.93023291302325,-5.515832113935549,3.2432453051891796,1.7801054754429835,-14.058356265085203,2.0,4.0,0.26984134192062237,14.19753165183466,3.2432453051891796,0.0
CRK,2023-05-10,train,True,True,D-1,9.69999980927,9.55000019073,9.55000019073,9.81000041962,1.134026933122989,0,-8.93023291302325,-5.515832113935549,3.2432453051891796,1.7801054754429835,-0.2057660206846057,-9.76744363469767,2.0,4.0,0.3798447950473485,8.247424808869198,3.2432453051891796,3.2432453051891796
CRK,2023-05-11,train,True,True,D-1,9.47999954224,9.32999992371,9.81000041962,10.2899999619,8.544308636839947,1,-5.515832113935549,3.2432453051891796,1.7801054754429835,-0.2057660206846057,-1.546387850406461,-2.451478774823701,2.0,2.0,0.430379960758222,4.7120397935364045,3.2432453051891796,4.992217235536101
CRK,2023-05-12,train,True,True,D-1,9.44999980927,9.78999996185,10.2899999619,10.220000267,8.888890683426244,1,3.2432453051891796,1.7801054754429835,-0.2057660206846057,-1.546387850406461,-2.303667671478682,0.8648640401081042,2.0,3.0,0.06944468360581472,7.181136996446824,3.2432453051891796,7.057677190088829
CRK,2023-05-15,train,True,True,D-1,9.92000007629,10.1300001144,10.220000267,9.94999980927,3.024195447609279,1,1.7801054754429835,-0.2057660206846057,-1.546387850406461,-2.303667671478682,4.930332710625418,2.513086558395705,2.0,4.0,0.7083333885190776,2.145046363312919,4.930332710625418,1.7801054754429835
CRK,2023-05-16,train,True,True,D-1,10.1000003815,9.67000007629,9.94999980927,10.5600004196,4.55445565074013,1,-0.2057660206846057,-1.546387850406461,-2.303667671478682,4.930332710625418,3.4729331345753067,4.218105309736542,2.0,0.0,0.8415843453129662,1.5794654066445313,4.930332710625418,0.0
CRK,2023-05-17,train,True,True,D-1,9.78999996185,9.71000003815,10.5600004196,10.8199996948,10.52093704763777,1,-1.546387850406461,-2.303667671478682,4.930332710625418,3.4729331345753067,-4.540967748421842,-0.3092756038132083,2.0,1.0,0.3861388662586434,6.411580979509868,4.930332710625418,6.156072098037269
CRK,2023-05-18,train,True,True,D-1,9.68000030518,10.5399999619,10.8199996948,10.6099996567,11.776852827266527,1,-2.303667671478682,4.930332710625418,3.4729331345753067,-4.540967748421842,0.4136500676776178,1.6753910390002735,3.0,2.0,0.42574277991555,5.973222672206124,4.930332710625418,9.076434107534205
CRK,2023-05-19,train,True,True,D-1,10.779999733,10.3199996948,10.6099996567,10.720000267,-0.5565813310396406,0,4.930332710625418,3.4729331345753067,-4.540967748421842,0.4136500676776178,8.547887955602263,12.968917985894834,4.0,0.0,0.9842516137864753,0.18975766387379078,8.547887955602263,4.930332710625418
CRK,2023-05-22,train,True,True,D-1,10.2100000381,10.4600000381,10.720000267,10.5699996948,4.995105063632366,1,3.4729331345753067,-4.540967748421842,0.4136500676776178,8.547887955602263,-2.0872890692149593,5.4136847294721235,3.0,0.0,0.6062990588597578,4.844961383593227,8.547887955602263,3.4729331345753067
CRK,2023-05-23,train,True,True,D-1,10.5900001526,10.5100002289,10.5699996948,10.4200000763,-0.188861732878165,0,-4.540967748421842,0.4136500676776178,8.547887955602263,-2.0872890692149593,1.3565925139565893,3.257649752944225,3.0,1.0,0.7165355926940922,3.4416793058194894,8.547887955602263,9.306900518118233
CRK,2023-05-24,train,True,True,D-1,10.4799995422,10.4200000763,10.4200000763,10.1499996185,-0.5725140126046746,0,0.4136500676776178,8.547887955602263,-2.0872890692149593,1.3565925139565893,0.4780132946259563,8.686661282140085,4.0,2.0,0.7559058370443946,2.9495666902801476,8.547887955602263,8.547887955602263
CRK,2023-05-25,train,True,True,D-1,10.2399997711,10.0799999237,10.1499996185,9.52000045776,-0.8789077598810535,0,8.547887955602263,-2.0872890692149593,1.3565925139565893,0.4780132946259563,-0.8563287406266773,7.312049797738962,3.0,3.0,0.6721312757068707,3.8387679037525935,8.547887955602263,8.930296766828873
CRK,2023-05-26,train,True,True,D-1,10.1400003433,9.69999980927,9.52000045776,9.46000003815,-6.114397086284762,0,-2.0872890692149593,1.3565925139565893,0.4780132946259563,-0.8563287406266773,-3.262957294725166,-4.364326753916581,2.0,4.0,0.051282019868498466,7.341267626005821,1.3565925139565893,5.447936908199325
CRK,2023-05-30,train,True,True,D-1,9.46000003815,9.38000011444,9.46000003815,9.36999988556,0.0,0,1.3565925139565893,0.4780132946259563,-0.8563287406266773,-3.262957294725166,-3.7698424335951386,-6.007751006450146,2.0,3.0,0.04672912190426807,10.515468843156217,1.3565925139565893,8.266383893590255
CRK,2023-05-31,train,True,True,D-1,9.31000041962,9.31999969482,9.36999988556,9.81999969482,5.477972633870376,1,0.4780132946259563,-0.8563287406266773,-3.262957294725166,-3.7698424335951386,-3.298965990949676,-10.325047033710877,1.0,4.0,0.10067147599821531,14.285715737861704,0.4780132946259563,7.42245589937408
CRK,2023-06-01,train,True,True,D-1,9.30000019073,9.26000022888,9.81999969482,10.0,7.526879515204121,1,-0.8563287406266773,-3.262957294725166,-3.7698424335951386,-3.298965990949676,-0.6396633143706754,-11.322554787465954,0.0,4.0,0.11971835715428233,13.41201760633901,-0.6396633143706754,3.9175270301226806
CRK,2023-06-02,train,True,True,D-1,9.43999958038,9.71000003815,10.0,9.85000038147,5.9322080986518255,1,-3.262957294725166,-3.7698424335951386,-3.298965990949676,-0.6396633143706754,-0.6437711148568837,-11.132436074145403,0.0,4.0,0.140741096570434,12.526995882810056,-0.6396633143706754,1.2793164615772956
CRK,2023-06-05,train,True,True,D-1,9.97999954224,9.55000019073,9.85000038147,10.3000001907,3.2064194703177007,1,-3.7698424335951386,-3.298965990949676,-0.6396633143706754,-0.6437711148568837,4.859609051267033,-3.6706338130029215,1.0,4.0,0.5925929523673086,4.531406576944064,4.859609051267033,0.0
CRK,2023-06-06,train,True,True,D-1,9.40999984741,9.80000019073,10.3000001907,10.3199996948,9.670561765635588,1,-3.298965990949676,-0.6396633143706754,-0.6437711148568837,4.859609051267033,-1.647784210003811,-1.546387850406461,1.0,0.0,0.5161293961264845,4.7120397935364045,4.859609051267033,0.0
CRK,2023-06-07,train,True,True,D-1,9.94999980927,10.2600002289,10.3199996948,10.3299999237,3.819096700644864,1,-0.6396633143706754,-0.6437711148568837,4.859609051267033,-1.647784210003811,2.617800994838415,4.477612698995959,2.0,1.0,0.7849465122150785,2.0408143405872936,4.859609051267033,4.859609051267033
CRK,2023-06-08,train,True,True,D-1,10.2600002289,10.3199996948,10.3299999237,9.89999961853,0.6822582186970072,0,-0.6437711148568837,4.859609051267033,-1.647784210003811,2.617800994838415,4.693877849156802,10.085842970600577,3.0,0.0,0.9674797189643543,0.38986316674078925,4.859609051267033,4.859609051267033
CRK,2023-06-09,train,True,True,D-1,10.2299995422,9.94999980927,9.89999961853,10.3299999237,0.9775208795219203,0,4.859609051267033,-1.647784210003811,2.617800994838415,4.693877849156802,0.5847901029377711,11.447078182720617,4.0,0.0,1.0,0.0,4.859609051267033,4.859609051267033
CRK,2023-06-12,train,True,True,D-1,9.77000045776,9.85000038147,10.3299999237,10.3400001526,5.834182887752748,1,-1.647784210003811,2.617800994838415,4.693877849156802,0.5847901029377711,-3.5852703146535325,2.4716763149027488,3.0,0.0,0.6274506870738673,3.819096700644864,4.693877849156802,7.715324366836218
CRK,2023-06-13,train,True,True,D-1,10.0600004196,10.220000267,10.3400001526,10.6899995804,6.2624168441640204,1,2.617800994838415,4.693877849156802,0.5847901029377711,-3.5852703146535325,-1.0050193941394392,3.141363191083535,3.0,1.0,0.5294119847019522,4.873091610564662,4.693877849156802,9.248134895955173
CRK,2023-06-14,train,True,True,D-1,10.279999733,10.1800003052,10.6899995804,10.8999996185,6.031127447501072,1,4.693877849156802,0.5847901029377711,-3.5852703146535325,-1.0050193941394392,3.75634387005761,4.285714980569955,3.0,2.0,0.8493154442755203,1.0763175521157908,4.693877849156802,4.693877849156802
CRK,2023-06-15,train,True,True,D-1,10.3000001907,10.6800003052,10.8999996185,10.5600004196,5.825237055255084,1,0.5847901029377711,-3.5852703146535325,-1.0050193941394392,3.75634387005761,-0.3913890484832705,-0.7797263344561989,2.0,0.0,0.7837839231278737,1.5717076876537117,3.75634387005761,0.5847901029377711
CRK,2023-06-16,train,True,True,D-1,10.6999998093,10.470000267,10.5600004196,10.6099996567,-0.8411229364861827,0,-3.5852703146535325,-1.0050193941394392,3.75634387005761,-0.3913890484832705,4.911591208347965,3.4883781109159795,2.0,0.0,0.9908263462855605,0.09362616960910675,4.911591208347965,3.75634387005761
CRK,2023-06-20,train,True,True,D-1,10.4899997711,10.2100000381,10.6099996567,10.4600000381,1.1439455502239237,0,-1.0050193941394392,3.75634387005761,-0.3913890484832705,4.911591208347965,-1.9662924363190615,5.226135353746808,2.0,0.0,0.6692310739486397,4.106966003193913,4.911591208347965,3.75634387005761
CRK,2023-06-21,train,True,True,D-1,10.1099996567,10.5600004196,10.4600000381,10.6000003815,4.846693782776446,1,3.75634387005761,-0.3913890484832705,4.911591208347965,-1.9662924363190615,-2.4832877007604726,3.6548187074920246,2.0,1.0,0.3030305657138651,6.7580761785031696,4.911591208347965,9.312342647195404
CRK,2023-06-22,train,True,True,D-1,10.3999996185,10.279999733,10.6000003815,10.9899997711,5.673078598488401,1,-0.3913890484832705,4.911591208347965,-1.9662924363190615,-2.4832877007604726,3.4280154769238624,3.326811582362166,2.0,2.0,0.6263744440409522,3.2196892555888645,4.911591208347965,4.911591208347965
CRK,2023-06-23,train,True,True,D-1,10.0200004578,10.3800001144,10.9899997711,11.3900003433,13.672652923219509,1,4.911591208347965,-1.9662924363190615,-2.4832877007604726,3.4280154769238624,-2.651521548051272,0.9823126208446276,2.0,3.0,0.2705878789769225,6.031127447501072,4.911591208347965,4.911591208347965
CRK,2023-06-26,train,True,True,D-1,10.470000267,10.8000001907,11.3900003433,11.1099996567,8.787011010875666,1,-1.9662924363190615,-2.4832877007604726,3.4280154769238624,-2.651521548051272,0.9727663812965526,-2.808990470289907,2.0,4.0,0.4222225283087709,5.009629078699285,3.4280154769238624,5.132563753890862
CRK,2023-06-27,train,True,True,D-1,10.6099996567,10.9899997711,11.1099996567,11.6700000763,9.990579207329485,1,-2.4832877007604726,3.4280154769238624,-2.651521548051272,0.9727663812965526,4.0462434650394785,3.151861655057586,3.0,0.0,0.8080811875452361,1.7592553430101798,4.0462434650394785,3.4280154769238624
CRK,2023-06-28,train,True,True,D-1,11.0200004578,11.0500001907,11.6700000763,11.7899999619,6.987291035500731,1,3.4280154769238624,-2.651521548051272,0.9727663812965526,4.0462434650394785,1.7592553430101798,7.639566406359699,4.0,0.0,0.7122298752456722,3.6396777118400614,4.0462434650394785,3.4280154769238624
CRK,2023-06-29,train,True,True,D-1,11.0,11.6400003433,11.7899999619,11.8000001907,7.272729006363643,1,-2.651521548051272,0.9727663812965526,4.0462434650394785,1.7592553430101798,0.5459546938097359,4.640149163162266,4.0,1.0,0.7553956340810639,3.0769244048172384,4.0462434650394785,4.0462434650394785
CRK,2023-06-30,train,True,True,D-1,11.6899995804,11.6000003815,11.8000001907,11.6400003433,0.9409804469491467,0,0.9727663812965526,4.0462434650394785,1.7592553430101798,0.5459546938097359,5.339367804686201,13.229578264814922,5.0,0.0,0.9820360888446993,0.2577296573471832,5.339367804686201,4.0462434650394785
CRK,2023-07-03,train,True,True,D-1,11.6000003815,11.4899997711,11.6400003433,11.3900003433,0.34482724555591204,0,4.0462434650394785,1.7592553430101798,0.5459546938097359,5.339367804686201,-0.3436422733700817,11.753374312660302,4.0,0.0,0.8571431644468487,1.637927363373337,5.339367804686201,4.0462434650394785
CRK,2023-07-05,train,True,True,D-1,11.6000003815,11.470000267,11.3900003433,11.5799999237,-0.17241773398469773,0,1.7592553430101798,0.5459546938097359,5.339367804686201,-0.3436422733700817,-0.9482810929509089,6.388884890892554,3.0,0.0,0.747967240148818,2.698001964975849,5.339367804686201,6.6280324763014375
CRK,2023-07-06,train,True,True,D-1,11.3800001144,10.9899997711,11.5799999237,11.5399999619,1.7574675508739812,0,0.5459546938097359,5.339367804686201,-0.3436422733700817,-0.9482810929509089,-0.17406009137009848,4.367611518630232,2.0,1.0,0.6632655543740927,2.8770698868197497,5.339367804686201,6.4600584100703795
CRK,2023-07-07,train,True,True,D-1,11.0,11.279999733,11.5399999619,11.9399995804,8.545450730909089,1,5.339367804686201,-0.3436422733700817,-0.9482810929509089,-0.17406009137009848,-4.184834217319022,-0.5429902132535469,1.0,2.0,0.23584896324318405,7.370340641225748,5.339367804686201,9.69097798711297
CRK,2023-07-10,train,True,True,D-1,11.3500003815,11.5,11.9399995804,11.9300003052,5.1982306525881095,1,-0.3436422733700817,-0.9482810929509089,-0.17406009137009848,-4.184834217319022,2.6387622196553773,-3.0927886570657814,1.0,3.0,0.5094337246618952,4.609933244756403,2.6387622196553773,1.6564998219454674
CRK,2023-07-11,train,True,True,D-1,11.6000003815,11.8999996185,11.9300003052,12.2899999619,5.948272049201231,1,-0.9482810929509089,-0.17406009137009848,-4.184834217319022,2.6387622196553773,1.950357023115723,-0.8620722259585656,2.0,4.0,0.7169810642025894,2.608697310434782,2.6387622196553773,0.0
CRK,2023-07-12,train,True,True,D-1,11.8100004196,11.8599996567,12.2899999619,11.8400001526,4.064348223928826,1,-0.17406009137009848,-4.184834217319022,2.6387622196553773,1.950357023115723,3.4782575521739245,3.5683190214785165,3.0,0.0,0.966666693119449,0.3361341443895105,3.4782575521739245,2.6387622196553773
CRK,2023-07-13,train,True,True,D-1,11.9300003052,11.8100004196,11.8400001526,11.720000267,-0.7544019304070892,0,-4.184834217319022,2.6387622196553773,1.950357023115723,3.4782575521739245,-0.3361341435491827,3.4001689679298064,3.0,1.0,0.9333333863222298,0.674535632509965,3.4782575521739245,2.6387622196553773
CRK,2023-07-14,train,True,True,D-1,11.8299999237,11.4099998474,11.720000267,12.2399997711,3.4657637366388716,1,2.6387622196553773,1.950357023115723,3.4782575521739245,-0.3361341435491827,-0.4215787398590187,7.4613345366605355,3.0,0.0,0.6363638990565347,4.064348223928826,3.4782575521739245,4.234553365495519
CRK,2023-07-17,train,True,True,D-1,11.4300003052,11.6099996567,12.2399997711,12.2600002289,7.261591439524251,1,1.950357023115723,3.4782575521739245,-0.3361341435491827,-0.4215787398590187,-3.3869649279279823,1.152483310967467,2.0,1.0,0.11111079002237204,7.712533972562019,3.4782575521739245,7.272522495898304
CRK,2023-07-18,train,True,True,D-1,11.8100004196,12.0399999619,12.2600002289,12.3999996185,4.995759339016037,1,3.4782575521739245,-0.3361341435491827,-0.4215787398590187,-3.3869649279279823,1.7528467307172946,0.9565187539130493,2.0,2.0,0.29166637693577435,5.857022612464768,3.4782575521739245,5.171744053394334
CRK,2023-07-19,train,True,True,D-1,12.1099996567,12.1099996567,12.3999996185,12.3000001907,2.394714863922842,0,-0.3361341435491827,-0.4215787398590187,-3.3869649279279823,1.7528467307172946,3.7037064419881416,1.1764735116659208,2.0,3.0,0.7395833436957457,2.0764119667036063,3.7037064419881416,0.0
CRK,2023-07-20,train,True,True,D-1,12.3999996185,12.279999733,12.3000001907,12.4099998474,0.08064700973926531,0,-0.4215787398590187,-3.3869649279279823,1.7528467307172946,3.7037064419881416,0.5813928157932802,2.107925862027904,3.0,4.0,0.8124996895442829,1.486377459147259,3.7037064419881416,1.7528467307172946
CRK,2023-07-21,train,True,True,D-1,12.3000001907,12.1099996567,12.4099998474,12.2899999619,0.8943061381671447,0,-3.3869649279279823,1.7528467307172946,3.7037064419881416,0.5813928157932802,1.4037991834784824,3.979672283668889,4.0,0.0,0.8878505423102665,0.9771977859048819,3.7037064419881416,3.7037064419881416
CRK,2023-07-24,train,True,True,D-1,12.2100000381,12.1800003052,12.2899999619,12.4799995422,2.211298142977025,0,1.7528467307172946,3.7037064419881416,0.5813928157932802,1.4037991834784824,-1.384365472282223,6.134967735862928,4.0,1.0,0.7289719210114289,2.394714863922842,3.7037064419881416,3.7037064419881416
CRK,2023-07-25,train,True,True,D-1,12.1700000763,12.1499996185,12.4799995422,12.4399995804,2.547242924868165,0,3.7037064419881416,0.5813928157932802,1.4037991834784824,-1.384365472282223,0.5780400535459362,4.909566454388825,4.0,0.0,0.6714291359164802,1.8883377375763066,3.7037064419881416,4.518034047641684
CRK,2023-07-26,train,True,True,D-1,12.029999733,12.2100000381,12.4399995804,12.529999733,4.156276068971376,1,0.5813928157932802,1.4037991834784824,-1.384365472282223,0.5780400535459362,-0.24631105047830948,0.9136184131901093,3.0,1.0,0.40908982535020844,2.1399196466155734,1.4037991834784824,1.4037991834784824
CRK,2023-07-27,train,True,True,D-1,12.4399995804,11.8400001526,12.529999733,12.779999733,2.7331202899370854,0,1.4037991834784824,-1.384365472282223,0.5780400535459362,-0.24631105047830948,0.493830629497638,0.8257670044166776,3.0,0.0,0.47058845525982956,2.211298142977025,1.4037991834784824,1.4037991834784824
CRK,2023-07-28,train,True,True,D-1,12.1599998474,12.5200004578,12.779999733,12.4200000763,5.098683333721965,1,-1.384365472282223,0.5780400535459362,-0.24631105047830948,0.493830629497638,-3.030302083091363,-3.5830585502179657,2.0,1.0,0.08571490850629182,5.40540018033242,0.5780400535459362,3.129476066992265
CRK,2023-07-31,train,True,True,D-1,12.6599998474,12.75,12.4200000763,11.6099996567,-1.895732811950146,0,0.5780400535459362,-0.24631105047830948,0.493830629497638,-3.030302083091363,5.743245746924042,3.385638420502879,3.0,0.0,0.9866676330666664,0.07986641241510828,5.743245746924042,0.5780400535459362
CRK,2023-08-01,train,True,True,D-1,11.8599996567,11.779999733,11.6099996567,12.2399997711,3.204048274869309,1,-0.24631105047830948,0.493830629497638,-3.030302083091363,5.743245746924042,1.8370569791529734,4.679800332653938,3.0,0.0,0.9700002669999996,0.2352920235294098,5.743245746924042,0.493830629497638
CRK,2023-08-02,train,True,True,D-1,11.4300003052,11.5699996948,12.2399997711,12.3900003433,8.398950240300994,1,0.493830629497638,-3.030302083091363,5.743245746924042,1.8370569791529734,-7.607845231372545,-3.0452666429439668,3.0,1.0,0.09909882046903258,8.488964538756672,5.743245746924042,11.653794450929698
CRK,2023-08-03,train,True,True,D-1,11.7299995422,12.0799999237,12.3900003433,12.6000003815,7.416887240021386,1,-3.030302083091363,5.743245746924042,1.8370569791529734,-7.607845231372545,-1.782682877417352,-5.241608036879175,2.0,2.0,0.24844702098873464,10.458081850631507,5.743245746924042,14.99815010143385
CRK,2023-08-04,train,True,True,D-1,12.25,12.220000267,12.6000003815,12.6199998856,3.020407229387767,1,5.743245746924042,1.8370569791529734,-7.607845231372545,-1.782682877417352,4.4079536936307395,2.027025067624666,3.0,3.0,0.5652174170429443,5.794700444713219,5.743245746924042,5.743245746924042
CRK,2023-08-07,train,True,True,D-1,12.3199996948,12.3900003433,12.6199998856,13.3599996567,8.441558341425615,1,1.8370569791529734,-7.607845231372545,-1.782682877417352,4.4079536936307395,1.1589432465585414,-2.396167570529917,3.0,4.0,0.6521741705536599,4.582646921148381,4.4079536936307395,1.8370569791529734
CRK,2023-08-08,train,True,True,D-1,11.9600000381,12.6099996567,13.3599996567,12.7600002289,11.705682392476046,1,-7.607845231372545,-1.782682877417352,4.4079536936307395,1.1589432465585414,1.3911626234500485,-2.8235267192156854,3.0,0.0,0.8531468577759304,1.6949155155880025,4.4079536936307395,4.4079536936307395
CRK,2023-08-09,train,True,True,D-1,13.0100002289,12.8100004196,12.7600002289,12.529999733,-1.92159873636788,0,-1.782682877417352,4.4079536936307395,1.1589432465585414,1.3911626234500485,1.7756199136746975,7.04583991946004,4.0,0.0,0.9931032895067561,0.07930395854283123,4.4079536936307395,4.4079536936307395
CRK,2023-08-10,train,True,True,D-1,12.6499996185,12.4099998474,12.529999733,12.3199996948,-0.9486157242606263,0,4.4079536936307395,1.1589432465585414,1.3911626234500485,1.7756199136746975,1.5860489162958569,10.717379062311494,5.0,0.0,0.683908442842898,4.2935145908229,4.4079536936307395,4.4079536936307395
CRK,2023-08-11,train,True,True,D-1,12.3000001907,12.3699998856,12.3199996948,11.9600000381,0.16259759178800515,0,1.1589432465585414,1.3911626234500485,1.7756199136746975,1.5860489162958569,-3.122564864150801,2.7317874651022533,4.0,1.0,0.37086075145686975,7.655115398724455,1.7756199136746975,3.3616612677181523
CRK,2023-08-14,train,True,True,D-1,12.3199996948,12.1000003815,11.9600000381,11.7700004578,-2.9220752079397116,0,1.3911626234500485,1.7756199136746975,1.5860489162958569,-3.122564864150801,-0.32232040525270733,1.2274927604140284,3.0,2.0,0.344370697814492,8.003231853320102,1.7756199136746975,5.210440519353787
CRK,2023-08-15,train,True,True,D-1,11.8299999237,11.9200000763,11.7700004578,11.9499998093,1.014369284648886,0,1.7756199136746975,1.5860489162958569,-3.122564864150801,-0.32232040525270733,-2.1826960921342398,-2.340596882685486,2.0,3.0,0.16556299337752156,10.413216822095684,1.7756199136746975,4.273601136172034
CRK,2023-08-16,train,True,True,D-1,11.4899997711,11.6700000763,11.9499998093,11.8299999237,4.00348170029563,1,1.5860489162958569,-3.122564864150801,-0.32232040525270733,-2.1826960921342398,-1.487605781196566,-5.471844561338957,1.0,4.0,0.1272727798435376,12.080533315289887,1.5860489162958569,5.223880876374121
CRK,2023-08-17,train,True,True,D-1,11.8699998856,11.8100004196,11.8299999237,12.1700000763,2.527381580381838,0,-3.122564864150801,-0.32232040525270733,-2.1826960921342398,-1.487605781196566,-2.0973154228166813,-8.899299812322703,0.0,4.0,0.20437938421970833,9.340189764125405,-0.32232040525270733,3.5537214185334953
CRK,2023-08-18,train,True,True,D-1,11.6999998093,11.8199996948,12.1700000763,12.1999998093,4.2735043431587405,1,-0.32232040525270733,-2.1826960921342398,-1.487605781196566,-2.0973154228166813,1.199660174675743,-4.83480608523702,1.0,4.0,0.3684213167960779,6.096522335469889,1.199660174675743,0.9228159060057917
CRK,2023-08-21,train,True,True,D-1,11.9799995422,12.0799999237,12.1999998093,11.75,1.83639628970802,0,-2.1826960921342398,-1.487605781196566,-2.0973154228166813,1.199660174675743,0.08466786490037848,-4.446242488977381,2.0,4.0,0.46236521649875545,4.230118552540785,1.199660174675743,0.0
CRK,2023-08-22,train,True,True,D-1,12.1300001144,11.8400001526,11.75,11.5799999237,-3.1327296852115105,0,-1.487605781196566,-2.0973154228166813,1.199660174675743,0.08466786490037848,2.1996635838694933,-0.16529303445789179,3.0,0.0,0.8846151494772391,0.7450343805336157,2.1996635838694933,1.199660174675743
CRK,2023-08-23,train,True,True,D-1,11.6599998474,11.4300003052,11.5799999237,11.6099996567,-0.42881810767047,0,-2.0973154228166813,1.199660174675743,0.08466786490037848,2.1996635838694933,-1.9867530845686487,-0.6711402952006673,3.0,0.0,0.5555556863786871,3.0405376018592722,2.1996635838694933,1.199660174675743
CRK,2023-08-24,train,True,True,D-1,11.3900003433,11.470000267,11.6099996567,11.8199996948,3.7752356324812553,1,1.199660174675743,0.08466786490037848,2.1996635838694933,-1.9867530845686487,-3.462836504355671,-2.0565532950372667,3.0,1.0,0.012820810670714625,6.736653399297743,2.1996635838694933,7.58045516172996
CRK,2023-08-25,train,True,True,D-1,11.5799999237,11.4799995422,11.8199996948,11.8400001526,2.245252423256705,0,0.08466786490037848,2.1996635838694933,-1.9867530845686487,-3.462836504355671,0.34995591191544495,-2.878917362574618,3.0,2.0,0.16091995598763445,6.364424806512514,2.1996635838694933,5.324662577376693
CRK,2023-08-28,train,True,True,D-1,11.7100000381,11.7299995422,11.8400001526,12.2899999619,4.953030930084501,1,2.1996635838694933,-1.9867530845686487,-3.462836504355671,0.34995591191544495,0.08717763702907888,-2.87648190675992,3.0,3.0,0.19101038109397278,6.2717795802456955,2.1996635838694933,2.1996635838694933
CRK,2023-08-29,train,True,True,D-1,11.7100000381,11.8299999237,12.2899999619,12.3699998856,5.636207048271613,1,-1.9867530845686487,-3.462836504355671,0.34995591191544495,0.08717763702907888,2.177700435274499,-2.8973541697904115,3.0,4.0,0.47190945011948054,4.006822552798228,2.177700435274499,0.34995591191544495
CRK,2023-08-30,train,True,True,D-1,11.8500003815,11.970000267,12.3699998856,12.8000001907,8.016875768908193,1,-3.462836504355671,0.34995591191544495,0.08717763702907888,2.177700435274499,0.8525182046277058,-0.08446139164789424,4.0,0.0,0.9811316340795229,0.0845327892180725,2.177700435274499,0.34995591191544495
CRK,2023-08-31,train,True,True,D-1,11.9099998474,12.2600002289,12.8000001907,12.7700004578,7.4727149849148855,1,0.34995591191544495,0.08717763702907888,2.177700435274499,0.8525182046277058,1.1834348622397295,4.724408988461093,5.0,0.0,0.6734695465785832,2.6733474332678586,2.177700435274499,2.177700435274499
CRK,2023-09-01,train,True,True,D-1,12.3900003433,12.6700000763,12.7700004578,12.470000267,3.0669903468201865,1,0.08717763702907888,2.177700435274499,0.8525182046277058,1.1834348622397295,2.4227231030186314,6.887532201484636,5.0,0.0,0.896226686684009,0.8972239367557533,2.4227231030186314,2.177700435274499
CRK,2023-09-05,train,True,True,D-1,12.5100002289,12.2899999619,12.470000267,12.4600000381,-0.3197438942294628,0,2.177700435274499,0.8525182046277058,1.1834348622397295,2.4227231030186314,3.3442075019992634,10.365858724345834,5.0,0.0,0.9037036461684652,1.0260466741683238,3.3442075019992634,2.177700435274499
CRK,2023-09-06,train,True,True,D-1,12.2399997711,12.2299995422,12.4600000381,12.5100002289,2.2058861343894787,0,0.8525182046277058,1.1834348622397295,2.4227231030186314,3.3442075019992634,-2.9992116188760964,4.774087310790898,4.0,1.0,0.6222221594699762,4.149717090163074,3.3442075019992634,2.4227231030186314
CRK,2023-09-07,train,True,True,D-1,12.1999998093,12.1099996567,12.5100002289,12.4499998093,2.5409870856201833,0,1.1834348622397295,2.4227231030186314,3.3442075019992634,-2.9992116188760964,-0.4882052065582232,3.381230947420777,3.0,2.0,0.4722215844726914,4.660675959415994,3.3442075019992634,6.816982020154527
CRK,2023-09-08,train,True,True,D-1,12.1700000763,12.3400001526,12.4499998093,12.3299999237,2.3007373150742527,0,2.4227231030186314,3.3442075019992634,-2.9992116188760964,-0.4882052065582232,-0.9811928862788366,1.1695855186065751,2.0,3.0,0.36111057153031123,5.697775008756922,3.3442075019992634,4.808815360079133
CRK,2023-09-11,train,True,True,D-1,12.3500003815,11.7899999619,12.3299999237,12.1999998093,-0.1619470217179786,0,3.3442075019992634,-2.9992116188760964,-0.4882052065582232,-0.9811928862788366,1.8992609613555977,0.6525279135918716,2.0,4.0,0.3611112951156716,3.7277150114384705,3.3442075019992634,3.3442075019992634
CRK,2023-09-12,train,True,True,D-1,12.0399999619,12.1899995804,12.1999998093,12.3500003815,2.574754323762307,0,-2.9992116188760964,-0.4882052065582232,-0.9811928862788366,1.8992609613555977,-4.457051733375527,-6.945541508291642,1.0,4.0,0.057692660458269006,8.312133155783918,1.8992609613555977,2.642441815619345
CRK,2023-09-13,train,True,True,D-1,12.1999998093,12.0900001526,12.3500003815,11.9499998093,1.2295129061039356,0,-0.4882052065582232,-0.9811928862788366,1.8992609613555977,-4.457051733375527,3.3927024579526677,-0.8136727567942148,2.0,2.0,0.5897431195171804,2.625107953363015,3.3927024579526677,3.1148247404888973
CRK,2023-09-14,train,True,True,D-1,12.279999733,12.0100002289,11.9499998093,11.6199998856,-2.6872958540316016,0,-0.9811928862788366,1.8992609613555977,-4.457051733375527,3.3927024579526677,-0.8203398789347505,-1.1447211352455744,2.0,3.0,0.46153883777087257,3.4739459966812047,3.3927024579526677,1.8992609613555977
CRK,2023-09-15,train,True,True,D-1,11.9499998093,11.6199998856,11.6199998856,11.5500001907,-2.76150568172544,0,1.8992609613555977,-4.457051733375527,3.3927024579526677,-0.8203398789347505,-0.661703248058243,-0.8257591299325462,2.0,4.0,0.358974923322974,4.163197256206841,3.3927024579526677,4.869317369321635
CRK,2023-09-18,train,True,True,D-1,11.6000003815,11.3800001144,11.5500001907,11.1899995804,-0.43103611341031023,0,-4.457051733375527,3.3927024579526677,-0.8203398789347505,-0.661703248058243,-3.2472967182925583,-5.834686046161009,1.0,4.0,0.10752634143100295,7.142856556552735,3.3927024579526677,7.280214956444442
CRK,2023-09-19,train,True,True,D-1,11.5200004578,11.0900001526,11.1899995804,10.6499996185,-2.8645908358151284,0,3.3927024579526677,-0.8203398789347505,-0.661703248058243,-3.2472967182925583,-2.0654025263581843,-3.477522042620318,1.0,2.0,0.04901977280269296,8.52372809621138,3.3927024579526677,8.63833195414545
CRK,2023-09-20,train,True,True,D-1,11.0500001907,10.6499996185,10.6499996185,10.6300001144,-3.6199146180707964,0,-0.8203398789347505,-0.661703248058243,-3.2472967182925583,-2.0654025263581843,-2.548330042923641,-9.023785608398727,0.0,3.0,0.007874193145821714,11.361588923013667,-0.661703248058243,4.561099296195337
CRK,2023-09-21,train,True,True,D-1,10.6400003433,10.470000267,10.6300001144,10.6499996185,0.09397814734373178,0,-0.661703248058243,-3.2472967182925583,-2.0654025263581843,-2.548330042923641,-3.9675430842698645,-11.910674242550122,0.0,4.0,0.0058475292260962595,15.962449050673634,-0.661703248058243,6.41476703481112
CRK,2023-09-22,train,True,True,D-1,10.5200004578,10.3500003815,10.6499996185,10.6199998856,1.2357334129544872,0,-3.2472967182925583,-2.0654025263581843,-2.548330042923641,-3.9675430842698645,-1.6901348164118812,-12.822647231881435,0.0,4.0,0.06918276713377983,14.135620864927345,-1.6901348164118812,5.5906210736583635
CRK,2023-09-25,train,True,True,D-1,10.3100004196,10.5799999237,10.6199998856,10.9600000381,6.304554724016387,1,-2.0654025263581843,-2.548330042923641,-3.9675430842698645,-1.6901348164118812,-1.1461306823288608,-10.929427853728624,0.0,4.0,0.03787894117944219,12.270526157371432,-1.1461306823288608,2.816894345037124
CRK,2023-09-26,train,True,True,D-1,10.3599996567,10.3599996567,10.9600000381,11.2600002289,8.687264498295155,1,-2.548330042923641,-3.9675430842698645,-1.6901348164118812,-1.1461306823288608,2.2222177171230983,-7.029878582230387,1.0,4.0,0.23015865804738106,9.168244555721827,2.2222177171230983,0.0
CRK,2023-09-27,train,True,True,D-1,10.5600004196,10.779999733,11.2600002289,11.2899999619,6.912874178916484,1,-3.9675430842698645,-1.6901348164118812,-1.1461306823288608,2.2222177171230983,-2.0793976236917033,-6.5825111438691515,1.0,4.0,0.07777747163567253,8.011582540576878,2.2222177171230983,0.0
CRK,2023-09-28,train,True,True,D-1,10.8100004196,11.0699996948,11.2899999619,11.0,4.440328618578926,1,-1.6901348164118812,-1.1461306823288608,2.2222177171230983,-2.0793976236917033,4.054054924880024,1.220658395838603,2.0,0.0,0.731342858763693,1.669761684213955,4.054054924880024,2.2222177171230983
CRK,2023-09-29,train,True,True,D-1,11.0900001526,11.029999733,11.0,10.720000267,-0.811543294513839,0,-1.1461306823288608,2.2222177171230983,-2.0793976236917033,4.054054924880024,2.6901666881516295,5.730653414509601,3.0,0.0,0.8041232146382499,1.7163553689098165,4.054054924880024,2.2222177171230983
CRK,2023-10-02,train,True,True,D-1,11.0,10.5900001526,10.720000267,10.6000003815,-2.5454521181818235,0,2.2222177171230983,-2.0793976236917033,4.054054924880024,2.6901666881516295,-0.36133661158807007,6.570041801307158,3.0,0.0,0.7399997711000008,2.3572097479034326,4.054054924880024,4.054054924880024
CRK,2023-10-03,train,True,True,D-1,10.5900001526,10.5799999237,10.6000003815,10.8599996567,2.5495703513631174,0,-2.0793976236917033,4.054054924880024,2.6901666881516295,-0.36133661158807007,-3.989116872628673,0.09452012260982023,2.0,1.0,0.28571414670547485,6.610007546866181,4.054054924880024,8.390094269356918
CRK,2023-10-04,train,True,True,D-1,10.5799999237,10.3199996948,10.8599996567,11.6199998856,9.82986738563505,1,4.054054924880024,2.6901666881516295,-0.36133661158807007,-3.989116872628673,-0.09443086643907694,2.12355477114059,2.0,2.0,0.1647062123112714,6.710775456713813,4.054054924880024,8.13383570632168
CRK,2023-10-05,train,True,True,D-1,10.2899999619,10.8500003815,11.6199998856,12.3400001526,19.922256543152383,1,2.6901666881516295,-0.36133661158807007,-3.989116872628673,-0.09443086643907694,-2.4574690999532134,-4.267161870067926,1.0,3.0,0.22399978632000028,9.399227672349241,2.6901666881516295,5.23974604518036
CRK,2023-10-06,train,True,True,D-1,10.9300003052,11.4399995804,12.3400001526,12.4099998474,13.540709065633628,1,-0.36133661158807007,-3.989116872628673,-0.09443086643907694,-2.4574690999532134,5.135665720678784,-1.9873470584045538,1.0,4.0,0.6480003356799997,4.055295529299974,5.135665720678784,0.0
CRK,2023-10-09,train,True,True,D-1,11.6800003052,12.2899999619,12.4099998474,12.3500003815,6.249995917166196,1,-3.989116872628673,-0.09443086643907694,-2.4574690999532134,5.135665720678784,5.437780443823681,3.717133792608762,2.0,0.0,0.8860757507009999,1.5734292989694865,5.437780443823681,0.0
CRK,2023-10-10,train,True,True,D-1,12.2899999619,12.25,12.3500003815,12.6800003052,3.173314438641439,1,-0.09443086643907694,-2.4574690999532134,5.135665720678784,5.437780443823681,7.430073537382764,16.052878043468443,3.0,0.0,0.9782607884546379,0.4068363779902828,7.430073537382764,5.135665720678784
CRK,2023-10-11,train,True,True,D-1,12.029999733,12.3500003815,12.6800003052,12.9300003052,7.481301680590824,1,-2.4574690999532134,5.135665720678784,5.437780443823681,7.430073537382764,-0.32546755104965186,15.78449988982582,3.0,0.0,0.9324895126033963,1.306121203265298,7.430073537382764,5.437780443823681
CRK,2023-10-12,train,True,True,D-1,12.4600000381,12.6700000763,12.9300003052,12.6700000763,3.7720727581287417,1,5.135665720678784,5.437780443823681,7.430073537382764,-0.32546755104965186,0.8163296448979507,19.67054987145851,4.0,1.0,0.9716983636129537,0.4858256198103428,7.430073537382764,7.430073537382764
CRK,2023-10-13,train,True,True,D-1,12.8500003815,12.6599998474,12.6700000763,13.0699996948,1.7120568620117016,0,5.437780443823681,7.430073537382764,-0.32546755104965186,0.8163296448979507,2.5910905661132855,16.77419014568171,4.0,0.0,0.9945053706941023,0.07892840441814375,7.430073537382764,7.430073537382764
CRK,2023-10-16,train,True,True,D-1,12.5500001907,12.5799999237,13.0699996948,13.2899999619,5.8964124299246246,1,7.430073537382764,-0.32546755104965186,0.8163296448979507,2.5910905661132855,-0.07892840441813265,10.664338389401774,3.0,0.0,0.7954542991271871,2.1327050636217093,7.430073537382764,7.430073537382764
CRK,2023-10-17,train,True,True,D-1,12.6499996185,13.0100002289,13.2899999619,13.1199998856,5.059291404752542,1,-0.32546755104965186,0.8163296448979507,2.5910905661132855,-0.07892840441813265,-0.6319109373167042,2.3596416818472354,2.0,1.0,0.703389583919915,2.7821970081304936,2.5910905661132855,3.3014311506279537
CRK,2023-10-18,train,True,True,D-1,13.0799999237,12.9399995804,13.1199998856,12.5600004196,0.30581010805299513,0,0.8163296448979507,2.5910905661132855,-0.07892840441813265,-0.6319109373167042,3.418126453163972,6.204083501224478,3.0,0.0,0.9545458486571153,0.46117959142475407,3.418126453163972,2.5910905661132855
CRK,2023-10-19,train,True,True,D-1,12.8699998856,12.6199998856,12.5600004196,12.3299999237,-2.4086982809289115,0,2.5910905661132855,-0.07892840441813265,-0.6319109373167042,3.418126453163972,-0.5380526308101152,4.777321301008253,2.0,0.0,0.6818179453513221,2.704794380597497,3.418126453163972,2.5910905661132855
CRK,2023-10-20,train,True,True,D-1,12.5600004196,12.2899999619,12.3299999237,12.1599998474,-1.8312140781546526,0,-0.07892840441813265,-0.6319109373167042,3.418126453163972,-0.5380526308101152,-2.4729498081645818,-0.3946344940717661,1.0,1.0,0.39090923278920736,5.309033933229279,3.418126453163972,6.415823120637231
CRK,2023-10-23,train,True,True,D-1,12.1800003052,11.9600000381,12.1599998474,12.1800003052,0.0,0,-0.6319109373167042,3.418126453163972,-0.5380526308101152,-2.4729498081645818,-2.6148964080145998,-2.9225899680874634,1.0,2.0,0.09090940619823713,8.136696526444931,3.418126453163972,8.44130759363746
CRK,2023-10-24,train,True,True,D-1,12.0799999237,12.0200004578,12.1800003052,12.5399999619,3.807947360144559,1,3.418126453163972,-0.5380526308101152,-2.4729498081645818,-2.6148964080145998,-2.6851092337105475,-4.928456990146368,1.0,3.0,0.0,11.120400665243535,3.418126453163972,8.64791926998555
CRK,2023-10-25,train,True,True,D-1,11.9899997711,12.1300001144,12.5399999619,12.5600004196,4.753967134127013,1,-0.5380526308101152,-2.4729498081645818,-2.6148964080145998,-2.6851092337105475,0.501675748401853,-7.6095292366009755,1.0,4.0,0.06617659949884316,10.565719265641738,0.501675748401853,2.1969040271523133
CRK,2023-10-26,train,True,True,D-1,11.9200000763,12.4600000381,12.5600004196,12.3500003815,5.369130362444241,1,-2.4729498081645818,-2.6148964080145998,-2.6851092337105475,0.501675748401853,0.9151385391888089,-6.259656045328576,2.0,4.0,0.17500005956042633,8.161580889226316,0.9151385391888089,0.0
CRK,2023-10-27,train,True,True,D-1,12.4499998093,12.25,12.3500003815,12.6400003433,1.526108730203135,0,-2.6148964080145998,-2.6851092337105475,0.501675748401853,0.9151385391888089,2.720526962800651,-1.2678276461996374,3.0,4.0,0.8863632176136916,0.8025712776422056,2.720526962800651,0.501675748401853
CRK,2023-10-30,train,True,True,D-1,12.1199998856,12.0500001907,12.6400003433,12.8400001526,5.940596318449187,1,-2.6851092337105475,0.501675748401853,0.9151385391888089,2.720526962800651,-1.6853935590518954,-0.32546755104965186,3.0,0.0,0.6477268417046017,2.5306156702040727,2.720526962800651,0.9151385391888089
CRK,2023-10-31,train,True,True,D-1,12.0399999619,12.6000003815,12.8400001526,13.1700000763,9.385383039666362,1,0.501675748401853,0.9151385391888089,2.720526962800651,-1.6853935590518954,-1.6326515044897905,0.7525096347265281,3.0,1.0,0.42045436068184283,4.23236697783298,2.720526962800651,6.011055423043898
CRK,2023-11-01,train,True,True,D-1,12.3000001907,12.6599998474,13.1700000763,13.3900003433,8.86178972114282,1,0.9151385391888089,2.720526962800651,-1.6853935590518954,-1.6326515044897905,4.564316863865936,4.825290362810475,3.0,0.0,0.9595960277624219,0.3174600046737419,4.564316863865936,2.720526962800651
CRK,2023-11-02,train,True,True,D-1,12.8000001907,13.1599998474,13.3900003433,13.2399997711,4.609376123514997,1,2.720526962800651,-1.6853935590518954,-1.6326515044897905,4.564316863865936,0.47618622288372325,4.369329991768245,3.0,0.0,0.8487393072170889,1.4218033757477988,4.564316863865936,2.720526962800651
CRK,2023-11-03,train,True,True,D-1,13.1999998093,13.3100004196,13.2399997711,12.1499996185,0.3030300180142387,0,-1.6853935590518954,-1.6326515044897905,4.564316863865936,0.47618622288372325,3.94944712501466,5.617975980413736,3.0,0.0,0.993420904020994,0.07598958218812957,4.564316863865936,4.564316863865936
CRK,2023-11-06,train,True,True,D-1,13.0799999237,12.4799995422,12.1499996185,11.8299999237,-7.110094117928146,0,-1.6326515044897905,4.564316863865936,0.47618622288372325,3.94944712501466,1.1398219904207307,8.653064649795915,4.0,0.0,0.9540230515080985,0.6010512485198349,4.564316863865936,4.564316863865936
CRK,2023-11-07,train,True,True,D-1,12.1499996185,11.8599996567,11.8299999237,11.5200004578,-2.633742426730268,0,4.564316863865936,0.47618622288372325,3.94944712501466,1.1398219904207307,-6.235919242930754,3.5684592920742553,4.0,1.0,0.4770112517024391,7.291673353215389,4.564316863865936,9.731492495211757
CRK,2023-11-08,train,True,True,D-1,11.7299995422,11.3999996185,11.5200004578,11.3100004196,-1.7902735941677128,0,0.47618622288372325,3.94944712501466,1.1398219904207307,-6.235919242930754,-4.96794798271848,-5.873021447574789,3.0,2.0,0.04374979882114162,12.90051206481837,3.94944712501466,14.843517126430761
CRK,2023-11-09,train,True,True,D-1,11.5200004578,11.1499996185,11.3100004196,11.3000001907,-1.822916925821938,0,3.94944712501466,1.1398219904207307,-6.235919242930754,-4.96794798271848,-3.8785839082224105,-9.952608563093834,2.0,3.0,0.014851349555711713,17.45614729294036,3.94944712501466,12.60329298492897
CRK,2023-11-10,train,True,True,D-1,11.2399997711,10.8500003815,11.3000001907,11.5699996948,2.9359424414623803,0,1.1398219904207307,-6.235919242930754,-4.96794798271848,-3.8785839082224105,-2.19298252952832,-15.273558147473022,1.0,4.0,0.01321573870095011,20.08969328647694,1.1398219904207307,7.126331760671046
CRK,2023-11-13,train,True,True,D-1,11.0,11.1700000763,11.5699996948,11.7299995422,6.636359474545461,1,-6.235919242930754,-4.96794798271848,-3.8785839082224105,-2.19298252952832,-2.6905762086506746,-18.48234380577074,0.0,4.0,0.02448996909089215,22.027643369258463,-2.19298252952832,4.824554871979636
CRK,2023-11-14,train,True,True,D-1,11.1700000763,11.3100004196,11.7299995422,11.2600002289,5.013424011412337,1,-4.96794798271848,-3.8785839082224105,-2.19298252952832,-2.6905762086506746,2.949305839155736,-10.496790977198,1.0,4.0,0.2794119193750385,8.773496289219551,2.949305839155736,0.0
CRK,2023-11-15,train,True,True,D-1,11.3400001526,11.3699998856,11.2600002289,10.8999996185,-0.7054666898012263,0,-3.8785839082224105,-2.19298252952832,-2.6905762086506746,2.949305839155736,1.2533602716534142,-4.637430463914827,2.0,4.0,0.5000004584615548,4.597696594235767,2.949305839155736,0.0
CRK,2023-11-16,train,True,True,D-1,11.1999998093,10.75,10.8999996185,11.0399999619,-1.4285700903953868,0,-2.19298252952832,-2.6905762086506746,2.949305839155736,1.2533602716534142,0.5304992376129691,-0.2631555605608682,3.0,0.0,0.6170214709190553,3.1662239245572543,2.949305839155736,2.949305839155736
CRK,2023-11-17,train,True,True,D-1,10.8000001907,10.8900003433,11.0399999619,10.6999998093,2.2222200644650414,0,-2.6905762086506746,2.949305839155736,1.2533602716534142,0.5304992376129691,-5.452945398752595,-3.587440647408846,3.0,1.0,0.13274312381531372,9.116274811162794,2.949305839155736,7.900679834063206
CRK,2023-11-20,train,True,True,D-1,10.9399995804,10.779999733,10.6999998093,10.6199998856,-2.1937822696993736,0,2.949305839155736,1.2533602716534142,0.5304992376129691,-5.452945398752595,1.302328774883721,0.36866322943365226,4.0,2.0,0.25663732495195396,7.713491023136676,2.949305839155736,7.170937740031258
CRK,2023-11-21,train,True,True,D-1,10.6999998093,10.4899997711,10.6199998856,10.75,0.46729151019744286,0,1.2533602716534142,0.5304992376129691,-5.452945398752595,1.302328774883721,-1.0101065824821287,-3.491498125657888,3.0,3.0,0.15929157981718936,8.812614403800367,1.302328774883721,1.2533602716534142
CRK,2023-11-22,train,True,True,D-1,10.25,10.5699996948,10.75,10.3800001144,4.878048780487809,1,0.5304992376129691,-5.452945398752595,1.302328774883721,-1.0101065824821287,-2.6901666890792653,-7.250226508205559,2.0,4.0,0.06060601681587667,11.82077977271463,1.302328774883721,4.975428495638989
CRK,2023-11-24,train,True,True,D-1,10.4600000381,10.5500001907,10.3800001144,10.4499998093,-0.09560448148734357,0,-5.452945398752595,1.302328774883721,-1.0101065824821287,-2.6901666890792653,0.7626303664981959,-7.0360615554024175,2.0,4.0,0.3669720756881303,6.527914418384051,1.302328774883721,3.250381125545132
CRK,2023-11-27,train,True,True,D-1,10.3400001526,10.2600002289,10.4499998093,10.3999996185,1.0638264514178042,0,1.302328774883721,-1.0101065824821287,-2.6901666890792653,0.7626303664981959,-0.18921007263451584,-1.86046334232558,2.0,3.0,0.43678179812395274,4.644547510358743,1.302328774883721,1.302328774883721
CRK,2023-11-28,train,True,True,D-1,10.2600002289,10.2399997711,10.3999996185,10.3400001526,1.3645164373939922,0,-1.0101065824821287,-2.6901666890792653,0.7626303664981959,-0.18921007263451584,-2.7488147541043784,-5.785124835075006,1.0,4.0,0.14285729262168873,7.602336409339694,0.7626303664981959,3.695454158844258
CRK,2023-11-29,train,True,True,D-1,10.3500003815,10.0600004196,10.3400001526,10.2299995422,-0.09662056552068865,0,-2.6901666890792653,0.7626303664981959,-0.18921007263451584,-2.7488147541043784,-0.19493623151841666,-5.00927620848578,1.0,2.0,0.17741883386567056,4.980471096682582,0.7626303664981959,3.701022916227914
CRK,2023-11-30,train,True,True,D-1,10.0100002289,9.86999988556,10.2299995422,10.0600004196,2.197795287405069,0,0.7626303664981959,-0.18921007263451584,-2.7488147541043784,-0.19493623151841666,-1.7578062062853506,-4.099135947406318,1.0,3.0,0.041667604826040074,6.858842461434378,0.7626303664981959,2.7119462031260255
CRK,2023-12-01,train,True,True,D-1,9.82999992371,10.1000003815,10.0600004196,9.97000026703,2.33978125813854,0,-0.18921007263451584,-2.7488147541043784,-0.19493623151841666,-1.7578062062853506,-1.8886732218203472,-6.622514942780655,0.0,4.0,0.13725517695104975,8.91590805109792,-0.18921007263451584,3.613280212996084
CRK,2023-12-04,train,True,True,D-1,9.89999961853,9.81000041962,9.97000026703,9.60000038147,0.7070772848210893,0,-2.7488147541043784,-0.19493623151841666,-1.7578062062853506,-1.8886732218203472,2.330298871396086,-4.265400957970444,1.0,3.0,0.5138898639174618,3.465340738413114,2.330298871396086,0.0
CRK,2023-12-05,train,True,True,D-1,9.85999965668,9.52999973297,9.60000038147,9.18999958038,-2.636909576704227,0,-0.19493623151841666,-1.7578062062853506,-1.8886732218203472,2.330298871396086,-2.871286642832094,-4.385962955560729,1.0,4.0,0.1111122884810446,6.52394864734156,2.330298871396086,0.6078973316684722
CRK,2023-12-06,train,True,True,D-1,9.51000022888,9.06000041962,9.18999958038,9.14999961853,-3.3648858128122794,0,-1.7578062062853506,-1.8886732218203472,2.330298871396086,-2.871286642832094,-2.8542372545672823,-6.933594277353505,1.0,4.0,0.011362823575412082,9.129065161672024,2.330298871396086,7.973869435750324
CRK,2023-12-07,train,True,True,D-1,9.07999992371,9.06000041962,9.14999961853,8.85000038147,0.77092175559621,0,-1.8886732218203472,2.330298871396086,-2.871286642832094,-2.8542372545672823,-4.931787266729815,-9.940357438074155,1.0,4.0,0.0,14.128031718498391,2.330298871396086,9.975558483210168
CRK,2023-12-08,train,True,True,D-1,9.14999961853,8.89000034332,8.85000038147,8.52000045776,-3.278680323138594,0,2.330298871396086,-2.871286642832094,-2.8542372545672823,-4.931787266729815,0.0,-8.206681614303212,1.0,4.0,0.17605644681369545,12.913897002104925,2.330298871396086,7.262086138125901
CRK,2023-12-11,train,True,True,D-1,8.60000038147,8.69999980927,8.52000045776,8.78999996185,2.209297348281325,0,-2.871286642832094,-2.8542372545672823,-4.931787266729815,0.0,-1.876380446206749,-11.980197945302407,0.0,4.0,0.0639999389610247,13.160855242926338,0.0,1.876380446206749
CRK,2023-12-12,train,True,True,D-1,8.42000007629,8.39999961853,8.78999996185,9.18000030518,9.026130902659911,1,-2.8542372545672823,-4.931787266729815,0.0,-1.876380446206749,-2.137238770668526,-11.314990447197104,0.0,4.0,0.14765111410332177,14.597706731059844,0.0,3.9735164864937
CRK,2023-12-13,train,True,True,D-1,8.38000011444,8.68999958038,9.18000030518,9.22999954224,10.14319112401112,1,-4.931787266729815,0.0,-1.876380446206749,-2.137238770668526,-3.4482781300793297,-11.85729429278628,0.0,4.0,0.08396917667546074,14.28572401709227,0.0,5.51181896363131
CRK,2023-12-14,train,True,True,D-1,8.88000011444,9.02000045776,9.22999954224,9.18999958038,3.9414349469529597,1,0.0,-1.876380446206749,-2.137238770668526,-3.4482781300793297,3.4523806549975777,-4.0838942836993635,1.0,4.0,0.4444442089690359,5.753740208789937,3.4523806549975777,0.11494516217511741
CRK,2023-12-15,train,True,True,D-1,9.14000034332,8.92000007629,9.18999958038,8.97000026703,0.5470375840471497,0,-1.876380446206749,-2.137238770668526,-3.4482781300793297,3.4523806549975777,3.797478634234519,-0.44150066233304974,2.0,0.0,0.8202249598900725,1.773834138582009,3.797478634234519,0.0
CRK,2023-12-18,train,True,True,D-1,9.10999965668,8.85999965668,8.97000026703,9.06000041962,-0.5488390663476839,0,-2.137238770668526,-3.4482781300793297,3.4523806549975777,3.797478634234519,-1.1086516230048415,0.3374548010286693,2.0,0.0,0.6702131868810163,3.475330306038904,3.797478634234519,3.4523806549975777
CRK,2023-12-19,train,True,True,D-1,8.80000019073,8.93000030518,9.06000041962,9.13000011444,3.7499990517912085,1,-3.4482781300793297,3.4523806549975777,3.797478634234519,-1.1086516230048415,-0.6726504383053333,1.8390787461801672,2.0,1.0,0.6063829247599345,4.176071104935519,3.797478634234519,5.5713233455432665
CRK,2023-12-20,train,True,True,D-1,8.97999954224,8.68999958038,9.13000011444,9.30000019073,3.56348179067032,1,3.4523806549975777,3.797478634234519,-1.1086516230048415,-0.6726504383053333,0.7900750701183457,6.309532270463958,3.0,2.0,0.6629219743869973,3.3594538276328967,3.797478634234519,3.797478634234519
CRK,2023-12-21,train,True,True,D-1,8.81000041962,9.13000011444,9.30000019073,9.31000041962,5.675368628660826,1,3.797478634234519,-1.1086516230048415,-0.6726504383053333,0.7900750701183457,-2.687578013416003,0.0,2.0,3.0,0.11475366265119251,6.214038986597803,3.797478634234519,5.716215461406149
CRK,2023-12-22,train,True,True,D-1,9.13000011444,9.13000011444,9.31000041962,9.31000041962,1.971525771344873,0,-1.1086516230048415,-0.6726504383053333,0.7900750701183457,-2.687578013416003,5.063297529420119,1.2195083270241547,2.0,4.0,0.8360664195382341,1.0952839709370998,5.063297529420119,0.7900750701183457
CRK,2023-12-26,train,True,True,D-1,9.18999958038,9.17000007629,9.31000041962,9.19999980927,1.3057763299161973,0,-0.6726504383053333,0.7900750701183457,-2.687578013416003,5.063297529420119,0.0,2.3542604972414116,2.0,0.0,0.7500000000036762,1.8619942405162515,5.063297529420119,0.7900750701183457
CRK,2023-12-27,train,True,True,D-1,9.31000041962,9.07999992371,9.19999980927,9.01000022888,-1.1815317442755768,0,0.7900750701183457,-2.687578013416003,5.063297529420119,0.0,0.43811567742191304,3.4988762034124488,3.0,0.0,0.7971011087393943,1.5267212886070247,5.063297529420119,5.063297529420119
CRK,2023-12-28,train,True,True,D-1,9.09000015259,8.93000030518,9.01000022888,9.26000022888,1.8701878265817484,0,-2.687578013416003,5.063297529420119,0.0,0.43811567742191304,-0.9814629425435317,1.6797269138164594,2.0,1.0,0.6461533947147168,2.5330451304235613,5.063297529420119,5.610944737561107
CRK,2023-12-29,train,True,True,D-1,8.94999980927,8.85000038147,9.26000022888,8.93999958038,3.463691913031264,1,5.063297529420119,0.0,0.43811567742191304,-0.9814629425435317,-1.6519781915230625,2.7618036408409763,2.0,2.0,0.3214288755393133,4.255320285034858,5.063297529420119,7.680525109718017
CRK,2024-01-02,train,True,True,D-1,8.98999977112,8.93999958038,8.93999958038,9.11999988556,1.446052477750004,0,0.0,0.43811567742191304,-0.9814629425435317,-1.6519781915230625,-0.8958557780070264,-3.066809742172427,1.0,3.0,0.021277070634861228,5.197740320024624,0.43811567742191304,2.971150304871828
CRK,2024-01-03,train,True,True,D-1,8.75,8.86999988556,9.11999988556,8.96000003815,4.228570120685715,1,0.43811567742191304,-0.9814629425435317,-1.6519781915230625,-0.8958557780070264,1.0169400568438292,-2.081057302063938,2.0,4.0,0.2127646190967336,4.13871204258236,1.0169400568438292,0.43811567742191304
CRK,2024-01-04,train,True,True,D-1,9.10999965668,8.72000026703,8.96000003815,8.90999984741,-1.6465381359264009,0,-0.9814629425435317,-1.6519781915230625,-0.8958557780070264,1.0169400568438292,-0.7829943859686939,-3.271539675399582,1.0,4.0,0.3333333333333342,4.960547234913748,1.0169400568438292,0.0
CRK,2024-01-05,train,True,True,D-1,8.68000030518,8.89999961853,8.90999984741,9.39000034332,8.17972365411428,1,-1.6519781915230625,-0.8958557780070264,1.0169400568438292,-0.7829943859686939,-1.69108929498627,-3.964753961505618,1.0,2.0,0.11475504665452133,6.192659923322696,1.0169400568438292,3.4777826035573334
CRK,2024-01-08,train,True,True,D-1,8.63000011444,8.90999984741,9.39000034332,9.14999961853,8.806491527252058,1,-0.8958557780070264,1.0169400568438292,-0.7829943859686939,-1.69108929498627,2.0642126833478436,-0.33595392636882604,2.0,3.0,0.4705875753099852,4.044950851463747,2.0642126833478436,1.0169400568438292
CRK,2024-01-09,train,True,True,D-1,9.06999969482,9.25,9.14999961853,8.93000030518,0.8820278544848126,0,1.0169400568438292,-0.7829943859686939,-1.69108929498627,2.0642126833478436,0.112362127063248,0.6779600378958861,3.0,4.0,0.5624996274680594,3.9281749434792346,2.0642126833478436,1.0169400568438292
CRK,2024-01-10,train,True,True,D-1,9.09000015259,8.84000015259,8.93000030518,9.07999992371,-0.11001351718514796,0,-0.7829943859686939,-1.69108929498627,2.0642126833478436,0.112362127063248,3.8159389271912536,3.467566377747233,3.0,0.0,0.849462045827599,1.5135172250810847,3.8159389271912536,2.0642126833478436
CRK,2024-01-11,train,True,True,D-1,8.86999988556,8.61999988556,9.07999992371,8.77999973297,2.3675314640293488,0,-1.69108929498627,2.0642126833478436,0.112362127063248,3.8159389271912536,-4.4324307828108145,-0.33821570864774886,3.0,1.0,0.4086021395127788,6.221721507197708,3.8159389271912536,2.849843390629503
CRK,2024-01-12,train,True,True,D-1,8.85000038147,8.90999984741,8.77999973297,8.27000045776,-0.7909677455671837,0,2.0642126833478436,0.112362127063248,3.8159389271912536,-4.4324307828108145,-2.4886907605487063,-1.1467933303637379,3.0,2.0,0.17204279022333588,8.932720046201915,3.8159389271912536,10.626750975191246
CRK,2024-01-16,train,True,True,D-1,8.73999977112,8.34000015259,8.27000045776,8.14999961853,-5.377566655242283,0,0.112362127063248,3.8159389271912536,-4.4324307828108145,-2.4886907605487063,3.3642687436203023,0.112362127063248,3.0,3.0,0.48387060386796626,5.387211045233942,3.8159389271912536,3.8159389271912536
CRK,2024-01-17,train,True,True,D-1,8.18999958038,8.10999965668,8.14999961853,7.98999977112,-0.4884000476120254,0,3.8159389271912536,-4.4324307828108145,-2.4886907605487063,3.3642687436203023,-6.397303081724425,-6.397303081724425,2.0,4.0,0.009434174454080412,12.589930114137026,3.8159389271912536,7.064195733308498
CRK,2024-01-18,train,True,True,D-1,8.14000034332,8.05000019073,7.98999977112,8.02999973297,-1.3513587925124804,0,-4.4324307828108145,-2.4886907605487063,3.3642687436203023,-6.397303081724425,-2.757799660693927,-12.324328035891895,1.0,4.0,0.0956519071028978,12.823674548412335,3.3642687436203023,12.342946683357292
CRK,2024-01-19,train,True,True,D-1,7.94999980927,7.98999977112,8.02999973297,8.10000038147,1.8867996955810318,0,-2.4886907605487063,3.3642687436203023,-6.397303081724425,-2.757799660693927,-0.7398208198514555,-8.936650998004115,1.0,3.0,0.09649135648470246,12.795027435727269,3.3642687436203023,6.841486448106071
CRK,2024-01-22,train,True,True,D-1,7.82999992371,8.02000045776,8.10000038147,8.47999954224,8.301400062109042,1,3.3642687436203023,-6.397303081724425,-2.757799660693927,-0.7398208198514555,-0.7453468097937899,-7.308586111414694,1.0,4.0,0.16793877847286795,13.642054866257002,3.3642687436203023,4.843922142386581
CRK,2024-01-23,train,True,True,D-1,8.02000045776,8.02000045776,8.47999954224,8.36999988556,5.735649105043539,1,-6.397303081724425,-2.757799660693927,-0.7398208198514555,-0.7453468097937899,0.375477941168878,-9.988769976339674,1.0,4.0,0.26923143933767285,9.476299648769192,0.375477941168878,0.3726674814808817
CRK,2024-01-24,train,True,True,D-1,8.15999984741,8.22000026703,8.36999988556,8.27999973297,2.573529927413598,0,-2.757799660693927,-0.7398208198514555,-0.7453468097937899,0.375477941168878,0.0,-3.836926726321732,1.0,4.0,0.5283024978988169,3.1172068046218637,0.375477941168878,0.0
CRK,2024-01-25,train,True,True,D-1,8.31000041962,8.22000026703,8.27999973297,8.06000041962,-0.36101907503118813,0,-0.7398208198514555,-0.7453468097937899,0.375477941168878,0.0,2.4937630655180953,1.3563577682694117,2.0,0.0,0.6486495194228414,3.1630081114819797,2.4937630655180953,0.375477941168878
CRK,2024-01-26,train,True,True,D-1,8.26000022888,7.98999977112,8.06000041962,8.14000034332,-1.4527830779039852,0,-0.7453468097937899,0.375477941168878,0.0,2.4937630655180953,0.0,2.1118021400268416,2.0,1.0,0.6486495194228414,3.1630081114819797,2.4937630655180953,0.375477941168878
CRK,2024-01-29,train,True,True,D-1,7.98999977112,7.94000005722,8.14000034332,8.15999984741,2.1276605902351697,0,0.375477941168878,0.0,2.4937630655180953,0.0,-2.798059470052827,0.0,2.0,2.0,0.33783794233020037,6.13266314338472,2.4937630655180953,5.2918225355709225
CRK,2024-01-30,train,True,True,D-1,7.84000015259,8.13000011444,8.15999984741,7.94999980927,4.081628681018423,1,0.0,2.4937630655180953,0.0,-2.798059470052827,-0.6257786649847552,-0.9975111717430596,1.0,3.0,0.23943687511065176,6.801001021769104,2.4937630655180953,5.90009154135851
CRK,2024-01-31,train,True,True,D-1,8.10000038147,7.80999994278,7.94999980927,7.76000022888,-1.8518588288359727,0,2.4937630655180953,0.0,-2.798059470052827,-0.6257786649847552,2.3929478066845755,1.371566713235861,2.0,4.0,0.5070427548515294,4.305035951701308,2.4937630655180953,2.4937630655180953
CRK,2024-02-01,train,True,True,D-1,7.86999988556,7.76000022888,7.76000022888,7.55000019073,-1.397708491480787,0,0.0,-2.798059470052827,-0.6257786649847552,2.3929478066845755,-3.936041416427971,-4.987838332493622,1.0,4.0,0.06666661367999223,7.170293814120909,2.3929478066845755,1.6372810264880022
CRK,2024-02-02,train,True,True,D-1,7.69999980927,7.63999986649,7.55000019073,7.63000011444,-0.9090869683623715,0,-2.798059470052827,-0.6257786649847552,2.3929478066845755,-3.936041416427971,-0.6402012069951724,-5.596107338281209,1.0,4.0,0.1612909676260299,6.701024339596584,2.3929478066845755,6.943991845451913
CRK,2024-02-05,train,True,True,D-1,7.53999996185,7.44999980927,7.63000011444,7.59000015259,1.1936359820341025,0,-0.6257786649847552,2.3929478066845755,-3.936041416427971,-0.6402012069951724,-1.5463963769408284,-4.3804745263583245,1.0,2.0,0.13333322737664965,6.806282591715562,2.3929478066845755,4.56964534235047
CRK,2024-02-06,train,True,True,D-1,7.40999984741,7.51999998093,7.59000015259,7.51999998093,2.4291539660815875,0,2.3929478066845755,-3.936041416427971,-0.6402012069951724,-1.5463963769408284,-2.4869117871763824,-6.171287713082984,1.0,3.0,0.053333282480000514,9.530202098214158,2.3929478066845755,6.387798457027172
CRK,2024-02-07,train,True,True,D-1,7.51999998093,7.46000003815,7.51999998093,7.48000001907,0.0,0,-3.936041416427971,-0.6402012069951724,-1.5463963769408284,-2.4869117871763824,0.9395996436523113,-7.503076567324463,1.0,4.0,0.17948706976722076,8.51063654392259,0.9395996436523113,1.5706791578143253
CRK,2024-02-08,train,True,True,D-1,7.42000007629,7.5,7.48000001907,7.84999990463,5.795145874917562,1,-0.6402012069951724,-1.5463963769408284,-2.4869117871763824,0.9395996436523113,-0.7978715815446069,-4.481432870605328,1.0,4.0,0.2343751979084875,6.568361509573339,0.9395996436523113,0.0
CRK,2024-02-09,train,True,True,D-1,7.44000005722,7.36000013351,7.84999990463,7.57000017166,5.510750594848779,1,-1.5463963769408284,-2.4869117871763824,0.9395996436523113,-0.7978715815446069,0.5361925153544611,-3.350518314579043,2.0,4.0,0.4222220809383611,3.466669718399995,0.9395996436523113,1.20555683754483
CRK,2024-02-12,train,True,True,D-1,7.36000013351,7.71000003815,7.57000017166,7.59999990463,3.2608663962828466,1,-2.4869117871763824,0.9395996436523113,-0.7978715815446069,0.5361925153544611,-1.8666648865333313,-3.66491803498733,2.0,3.0,0.15625051221261496,3.6684779352203156,0.9395996436523113,2.2800809322395255
CRK,2024-02-13,train,True,True,D-1,7.53000020981,7.34999990463,7.59999990463,7.67999982834,1.9920267510030287,0,0.9395996436523113,-0.7978715815446069,0.5361925153544611,-1.8666648865333313,4.755433400693221,3.4899360474678343,3.0,0.0,0.7407409696838291,1.8158218649450664,4.755433400693221,0.9395996436523113
CRK,2024-02-14,train,True,True,D-1,7.19999980927,7.28000020981,7.67999982834,7.78000020981,8.055561332005157,1,-0.7978715815446069,0.5361925153544611,-1.8666648865333313,4.755433400693221,-4.669262409061947,-2.26063931823276,2.0,1.0,0.13793092107608493,6.802721176704152,4.755433400693221,0.6720651878897366
CRK,2024-02-15,train,True,True,D-1,7.38999986649,7.53000020981,7.78000020981,7.73999977112,5.277406635532689,1,0.5361925153544611,-1.8666648865333313,4.755433400693221,-4.669262409061947,-0.952376812629685,-2.4128663192961253,2.0,2.0,0.2692309103111919,7.82966591198595,4.755433400693221,10.332603649880113
CRK,2024-02-16,train,True,True,D-1,7.51000022888,7.63000011444,7.73999977112,8.51000022888,13.315578821881523,1,-1.8666648865333313,4.755433400693221,-4.669262409061947,-0.952376812629685,3.4340658350959785,0.4000027974666587,2.0,3.0,0.5897438405503815,4.2496638234233775,4.755433400693221,4.755433400693221
CRK,2024-02-20,train,True,True,D-1,7.55999994278,7.53999996185,8.51000022888,8.30000019073,12.566141445639477,1,4.755433400693221,-4.669262409061947,-0.952376812629685,3.4340658350959785,1.3280199448032048,3.6684779352203156,3.0,4.0,0.7179488903767844,2.883352383883242,4.755433400693221,4.755433400693221
CRK,2024-02-21,train,True,True,D-1,7.92000007629,8.32999992371,8.30000019073,8.17000007629,4.797981196712375,1,-4.669262409061947,-0.952376812629685,3.4340658350959785,1.3280199448032048,-1.1795563727406977,-2.2049296427862353,2.0,1.0,0.6619714999095602,3.183027177378306,3.4340658350959785,3.4340658350959785
CRK,2024-02-22,train,True,True,D-1,8.02999973297,8.30000019073,8.17000007629,8.18000030518,1.8680022067014468,0,-0.952376812629685,3.4340658350959785,1.3280199448032048,-1.1795563727406977,10.477453128078885,13.333333765931975,3.0,0.0,0.8749997930434115,2.1608680290339244,10.477453128078885,3.4340658350959785
CRK,2024-02-23,train,True,True,D-1,8.10000038147,7.94999980927,8.18000030518,8.26000022888,1.9753066651209572,0,3.4340658350959785,1.3280199448032048,-1.1795563727406977,10.477453128078885,-0.3601408553991825,14.010988345103637,3.0,1.0,0.835937497087464,2.530120883425302,10.477453128078885,3.4340658350959785
CRK,2024-02-26,train,True,True,D-1,8.03999996185,8.0,8.26000022888,8.30000019073,3.233833707881928,1,1.3280199448032048,-1.1795563727406977,10.477453128078885,-0.3601408553991825,-4.216871968881442,5.577683768359387,2.0,2.0,0.4766352058231789,7.044030604340601,10.477453128078885,15.039279273579687
CRK,2024-02-27,train,True,True,D-1,8.14999961853,8.13000011444,8.30000019073,8.56999969482,5.153375410412031,1,-1.1795563727406977,10.477453128078885,-0.3601408553991825,-4.216871968881442,0.6289332318184071,4.8492775886040285,2.0,3.0,0.5142855845336296,6.37500286099999,10.477453128078885,14.091913174297444
CRK,2024-02-28,train,True,True,D-1,8.14000034332,8.27000045776,8.56999969482,8.81999969482,8.353800034640457,1,10.477453128078885,-0.3601408553991825,-4.216871968881442,0.6289332318184071,1.625001430499995,7.824935750334383,3.0,4.0,0.4153845250996583,4.674048082300364,10.477453128078885,10.477453128078885
CRK,2024-02-29,train,True,True,D-1,8.30000019073,8.55000019073,8.81999969482,8.89000034332,7.108435410025082,1,-0.3601408553991825,-4.216871968881442,0.6289332318184071,1.625001430499995,1.7220214188108152,-0.7202817106783055,3.0,4.0,0.9318187975712021,0.36275370386285033,1.7220214188108152,0.6289332318184071
CRK,2024-03-01,train,True,True,D-1,8.55000019073,8.53999996185,8.89000034332,8.96000003815,4.7953197458934005,1,-4.216871968881442,0.6289332318184071,1.625001430499995,1.7220214188108152,3.3857281435488495,3.012048123555666,4.0,0.0,0.9718316669758221,0.23391232331999579,3.3857281435488495,1.625001430499995
CRK,2024-03-04,train,True,True,D-1,8.78999996185,8.47999954224,8.96000003815,8.78999996185,1.934016803615779,0,0.6289332318184071,1.625001430499995,1.7220214188108152,3.3857281435488495,-0.11696173867740134,7.421385745091946,4.0,0.0,0.708333478207098,3.2786854124217557,3.3857281435488495,1.7220214188108152
CRK,2024-03-05,train,True,True,D-1,8.44999980927,8.72000026703,8.78999996185,8.65999984741,4.023670535554391,1,1.625001430499995,1.7220214188108152,3.3857281435488495,-0.11696173867740134,-0.7025810290168022,5.999994277999998,3.0,0.0,0.549449829682299,4.834915368069681,3.3857281435488495,4.2044491602559075
CRK,2024-03-06,train,True,True,D-1,8.78999996185,8.63000011444,8.65999984741,8.60000038147,-1.4789546644393692,0,1.7220214188108152,3.3857281435488495,-0.11696173867740134,-0.7025810290168022,2.8301973790744395,7.257074345449022,3.0,0.0,0.7303374398463457,2.7522908689284087,3.3857281435488495,3.3857281435488495
CRK,2024-03-07,train,True,True,D-1,8.64000034332,8.40999984741,8.60000038147,8.47999954224,-0.46296250301571806,0,3.3857281435488495,-0.11696173867740134,-0.7025810290168022,2.8301973790744395,-1.0321118100223958,4.353079041757502,2.0,1.0,0.5352114000305421,3.8238692854456913,3.3857281435488495,3.3857281435488495
CRK,2024-03-08,train,True,True,D-1,8.47000026703,8.48999977112,8.47999954224,8.51000022888,0.47225455240775815,0,-0.11696173867740134,-0.7025810290168022,2.8301973790744395,-1.0321118100223958,-2.5492498738428404,-1.6374308794962156,1.0,2.0,0.01785753819039427,6.539835918182324,2.8301973790744395,6.385247953924766
CRK,2024-03-11,train,True,True,D-1,8.39000034332,8.40999984741,8.51000022888,8.43999958038,1.430272713344305,0,-0.7025810290168022,2.8301973790744395,-1.0321118100223958,-2.5492498738428404,0.9512476237991452,-0.585482329664655,2.0,3.0,0.16071443776965824,5.535927911668215,2.8301973790744395,4.452449307967765
CRK,2024-03-12,train,True,True,D-1,8.51000022888,8.38000011444,8.43999958038,8.32999992371,-0.8225692904500814,0,2.8301973790744395,-1.0321118100223958,-2.5492498738428404,0.9512476237991452,-0.9422841680412297,-0.8254681439700762,2.0,4.0,0.2253518856518683,6.539835918182324,2.8301973790744395,2.8301973790744395
CRK,2024-03-13,train,True,True,D-1,8.40999984741,8.27999973297,8.32999992371,8.22999954224,-0.9512476236802514,0,-1.0321118100223958,-2.5492498738428404,0.9512476237991452,-0.9422841680412297,-0.35671502395140386,-3.8990841992921577,1.0,4.0,0.26785796393592737,4.892599544282938,0.9512476237991452,2.2468855465960558
CRK,2024-03-14,train,True,True,D-1,8.28999996185,8.19999980927,8.22999954224,8.06999969482,-0.7237686355382134,0,-2.5492498738428404,0.9512476237991452,-0.9422841680412297,-0.35671502395140386,-1.1933219582859533,-4.055624296972693,1.0,4.0,0.17391286318904872,4.589373510809236,0.9512476237991452,2.497027847327171
CRK,2024-03-15,train,True,True,D-1,8.18000030518,8.0,8.06999969482,8.14999961853,-0.3667565468304712,0,0.9512476237991452,-0.9422841680412297,-0.35671502395140386,-1.1933219582859533,-0.9661826845410282,-2.4970278472082663,1.0,4.0,0.19999885560000052,4.878055871998965,0.9512476237991452,3.099222596494333
CRK,2024-03-18,train,True,True,D-1,8.05000019073,7.88000011444,8.14999961853,8.17000007629,1.4906817728797872,0,-0.9422841680412297,-0.35671502395140386,-1.1933219582859533,-0.9661826845410282,-2.439022120999357,-5.771493337217837,0.0,3.0,0.05555589895959738,6.37500286099999,-0.35671502395140386,3.381639396135161
CRK,2024-03-19,train,True,True,D-1,7.82000017166,8.02999973297,8.17000007629,8.47999954224,8.439889464093152,1,-0.35671502395140386,-1.1933219582859533,-0.9661826845410282,-2.439022120999357,-1.499998569500005,-6.302018342285976,0.0,4.0,0.05970142879907103,7.994925194043234,-0.35671502395140386,3.902435393574588
CRK,2024-03-20,train,True,True,D-1,7.92000007629,8.06999969482,8.47999954224,8.39999961853,7.070700259542462,1,-1.1933219582859533,-0.9661826845410282,-2.439022120999357,-1.499998569500005,1.9035484308576045,-4.17661547363104,1.0,4.0,0.3492062170513211,5.105851320599686,1.9035484308576045,0.0
CRK,2024-03-21,train,True,True,D-1,8.17000007629,8.35999965668,8.39999961853,8.60000038147,5.263161580963693,1,-0.9661826845410282,-2.439022120999357,-1.499998569500005,1.9035484308576045,0.498131546452818,-2.536232426600249,2.0,4.0,0.49999954149036746,3.221812127909862,1.9035484308576045,0.0
CRK,2024-03-22,train,True,True,D-1,8.30000019073,8.39999961853,8.60000038147,9.02999973297,8.795175005601962,1,-2.439022120999357,-1.499998569500005,1.9035484308576045,0.498131546452818,3.593556044941937,1.951217696726304,3.0,0.0,0.820895586121668,1.4354053886128426,3.593556044941937,1.9035484308576045
CRK,2024-03-25,train,True,True,D-1,8.39999961853,8.56999969482,9.02999973297,9.32999992371,11.071432707311835,1,-1.499998569500005,1.9035484308576045,0.498131546452818,3.593556044941937,0.47846846283108313,4.9999952316249985,4.0,1.0,0.8805970574094707,0.9523800874172039,3.593556044941937,1.9035484308576045
CRK,2024-03-26,train,True,True,D-1,8.80000019073,8.85999965668,9.32999992371,9.39999961853,6.818175168132901,1,1.9035484308576045,0.498131546452818,3.593556044941937,0.47846846283108313,2.023810523931302,8.75633972537113,5.0,0.0,0.9620244683664376,0.3500663677751703,3.593556044941937,3.593556044941937
CRK,2024-03-27,train,True,True,D-1,8.76000022888,9.26000022888,9.39999961853,9.40999984741,7.420086775649626,1,0.498131546452818,3.593556044941937,0.47846846283108313,2.023810523931302,3.383896991680002,10.336238497021899,5.0,0.0,0.8534481908169477,1.9187368270587646,3.593556044941937,3.593556044941937
CRK,2024-03-28,train,True,True,D-1,9.30000019073,9.27999973297,9.40999984741,9.31999969482,1.182791983054421,0,3.593556044941937,0.47846846283108313,2.023810523931302,3.383896991680002,4.514679319410808,14.745979914024554,5.0,0.0,0.9465650966664803,0.7559362105811429,4.514679319410808,3.593556044941937
CRK,2024-04-01,train,True,True,D-1,9.40999984741,9.31999969482,9.31999969482,9.27000045776,-0.9564309675815008,0,0.47846846283108313,2.023810523931302,3.383896991680002,4.514679319410808,0.21597736064440376,11.004786053488424,5.0,0.0,0.9047619408034973,1.2931022522949531,4.514679319410808,3.383896991680002
CRK,2024-04-02,train,True,True,D-1,9.27000045776,9.11999988556,9.27000045776,9.30000019073,0.3236216989060292,0,2.023810523931302,3.383896991680002,4.514679319410808,0.21597736064440376,0.4310340840623983,10.95238235797682,5.0,0.0,0.9108909582230462,0.9656669049036726,4.514679319410808,4.514679319410808
CRK,2024-04-03,train,True,True,D-1,9.14999961853,9.15999984741,9.30000019073,9.14999961853,1.6393505841926892,0,3.383896991680002,4.514679319410808,0.21597736064440376,0.4310340840623983,-2.1459207704819794,6.417738743589907,4.0,1.0,0.5735296592587557,3.1798241829933183,4.514679319410808,6.238815655768137
CRK,2024-04-04,train,True,True,D-1,9.22999954224,9.09000015259,9.14999961853,9.34000015259,1.191772652280143,0,4.514679319410808,0.21597736064440376,0.4310340840623983,-2.1459207704819794,0.4385960784202725,3.38600679858736,4.0,2.0,0.6153843896625903,2.7292576873861885,4.514679319410808,6.231415935817841
CRK,2024-04-05,train,True,True,D-1,9.06000041962,9.07999992371,9.34000015259,9.64999961853,6.512132136686444,1,0.21597736064440376,0.4310340840623983,-2.1459207704819794,0.4385960784202725,-0.7641888208087089,-1.8358539102386384,3.0,3.0,0.21951264898886363,3.520348618793201,0.4385960784202725,0.7599785286506178
CRK,2024-04-08,train,True,True,D-1,9.13000011444,9.31999969482,9.64999961853,9.96000003815,9.090908141362153,1,0.4310340840623983,-2.1459207704819794,0.4385960784202725,-0.7641888208087089,-0.11001351718514796,-2.1551704204197275,2.0,4.0,0.3529416164680835,3.634360423707639,0.4385960784202725,1.3119577054144127
CRK,2024-04-09,train,True,True,D-1,9.38000011444,9.64000034332,9.96000003815,9.96000003815,6.183367981170074,1,-2.1459207704819794,0.4385960784202725,-0.7641888208087089,-0.11001351718514796,2.643169307560278,0.0,2.0,0.0,0.954544469331776,0.21459719340028993,2.643169307560278,0.4385960784202725
CRK,2024-04-10,train,True,True,D-1,9.51000022888,9.89999961853,9.96000003815,9.92000007629,4.731859079282041,1,0.4385960784202725,-0.7641888208087089,-0.11001351718514796,2.643169307560278,3.433483465432463,5.701759476810242,3.0,0.0,0.9866676330533343,0.10372691757141173,3.433483465432463,0.4385960784202725
CRK,2024-04-11,train,True,True,D-1,9.89999961853,9.56999969482,9.92000007629,9.64000034332,0.20202483364306634,0,-0.7641888208087089,-0.11001351718514796,2.643169307560278,3.433483465432463,2.6970878210617943,8.07860025597309,3.0,0.0,0.9433958529549363,0.6060648679995451,3.433483465432463,2.643169307560278
CRK,2024-04-12,train,True,True,D-1,9.64000034332,9.56000041962,9.64000034332,9.26000022888,0.0,0,-0.11001351718514796,2.643169307560278,3.433483465432463,2.6970878210617943,-3.3333326911683225,5.280522928189768,3.0,1.0,0.632075293451477,4.075238827239436,3.433483465432463,4.159631245587958
CRK,2024-04-15,train,True,True,D-1,9.5,9.27999973297,9.26000022888,9.30000019073,-2.1052611502105356,0,2.643169307560278,3.433483465432463,2.6970878210617943,-3.3333326911683225,-0.10448563760574459,5.286349118314493,3.0,2.0,0.5505623997476531,4.184096244484259,3.433483465432463,6.867818940290638
CRK,2024-04-16,train,True,True,D-1,9.22999954224,9.11999988556,9.30000019073,9.48999977112,2.8169040278944735,0,3.433483465432463,2.6970878210617943,-3.3333326911683225,-0.10448563760574459,-2.9288773468603035,-0.42918415407494637,2.0,3.0,0.10526302579920767,7.327589706323945,3.433483465432463,6.46378619372795
CRK,2024-04-17,train,True,True,D-1,9.10999965668,9.18999958038,9.48999977112,9.55000019073,4.829863343928498,1,2.6970878210617943,-3.3333326911683225,-0.10448563760574459,-2.9288773468603035,-1.7241363363573292,-5.394195427807558,1.0,4.0,0.24999978712497928,9.210528104501403,2.6970878210617943,7.299603665694876
CRK,2024-04-18,train,True,True,D-1,9.22000026703,9.23999977112,9.55000019073,9.85999965668,6.941424849396016,1,-3.3333326911683225,-0.10448563760574459,-2.9288773468603035,-1.7241363363573292,0.7675405230084698,-7.171717833413648,1.0,4.0,0.31249952102896983,8.378677833825975,0.7675405230084698,0.9698292584023105
CRK,2024-04-19,train,True,True,D-1,9.17000007629,9.52000045776,9.85999965668,9.89999961853,7.960736490368081,1,-0.10448563760574459,-2.9288773468603035,-1.7241363363573292,0.7675405230084698,0.5440717412734886,-3.4482751747486495,2.0,4.0,0.3703700433233663,7.359310844307254,0.7675405230084698,0.0
CRK,2024-04-22,train,True,True,D-1,9.46000003815,9.72999954224,9.89999961853,10.220000267,8.033829025212412,1,-2.9288773468603035,-1.7241363363573292,0.7675405230084698,0.5440717412734886,3.030310536534353,-0.4184096245216429,3.0,4.0,0.8500001788118321,1.2605029389697764,3.030310536534353,0.7675405230084698
CRK,2024-04-23,train,True,True,D-1,9.65999984741,9.77999973297,10.220000267,10.3000001907,6.6252624575516395,1,-1.7241363363573292,0.7675405230084698,0.5440717412734886,3.030310536534353,2.205872630067196,4.849136015287159,4.0,0.0,0.8725488454467631,1.3360752369580453,3.030310536534353,0.7675405230084698
CRK,2024-04-24,train,True,True,D-1,9.71000003815,10.1499996185,10.3000001907,10.3800001144,6.900103744774566,1,0.7675405230084698,0.5440717412734886,3.030310536534353,2.205872630067196,0.5138765989961103,7.236840522936827,5.0,0.0,0.8554218113375055,1.2269927283889537,3.030310536534353,3.030310536534353
CRK,2024-04-25,train,True,True,D-1,10.220000267,10.3000001907,10.3800001144,10.4799995422,2.544024152714841,0,0.5440717412734886,3.030310536534353,2.205872630067196,0.5138765989961103,3.7832300166908084,10.4461379973241,5.0,0.0,0.9333327278229682,0.6896615874981027,3.7832300166908084,3.030310536534353
CRK,2024-04-26,train,True,True,D-1,10.220000267,10.3199996948,10.4799995422,10.3800001144,2.544024152714841,0,3.030310536534353,2.205872630067196,0.5138765989961103,3.7832300166908084,1.4778382053000305,11.47186629693515,5.0,0.0,1.0,0.0,3.7832300166908084,3.030310536534353
CRK,2024-04-29,train,True,True,D-1,10.3400001526,10.3900003433,10.3800001144,9.98999977112,0.3868468202095965,0,2.205872630067196,0.5138765989961103,3.7832300166908084,1.4778382053000305,0.19416993912346747,8.403352926184994,5.0,0.0,0.9393935015413744,0.5813994319227689,3.7832300166908084,3.7832300166908084
CRK,2024-04-30,train,True,True,D-1,10.3500003815,10.0600004196,9.98999977112,10.0399999619,-2.995173025830089,0,0.5138765989961103,3.7832300166908084,1.4778382053000305,0.19416993912346747,0.6783008776179766,6.783153464651215,5.0,0.0,0.9081640398545899,0.8662097779239764,3.7832300166908084,3.7832300166908084
CRK,2024-05-01,train,True,True,D-1,9.94999980927,9.77000045776,10.0399999619,10.1400003433,1.9095531424330847,0,3.7832300166908084,1.4778382053000305,0.19416993912346747,0.6783008776179766,-3.1761300557877403,2.8629927839984637,4.0,1.0,0.49397691418705747,4.174941402405041,3.7832300166908084,6.302602912903277
CRK,2024-05-02,train,True,True,D-1,10.0399999619,9.85999965668,10.1400003433,10.5600004196,5.179287446945313,1,1.4778382053000305,0.19416993912346747,0.6783008776179766,-3.1761300557877403,-2.8827032777751116,-3.743834236677124,3.0,2.0,0.06578978739001481,7.2671346077171295,1.4778382053000305,7.4451131336382925
CRK,2024-05-03,train,True,True,D-1,9.97999954224,9.97999954224,10.5600004196,10.4899997711,5.811632304241754,1,0.19416993912346747,0.6783008776179766,-3.1761300557877403,-2.8827032777751116,0.9211790655395014,-4.271849765762948,3.0,3.0,0.3800001144551996,6.288031512252235,0.9211790655395014,2.6663799489700657
CRK,2024-05-06,train,True,True,D-1,10.1899995804,10.3199996948,10.4899997711,10.3000001907,2.9440647993453917,0,0.6783008776179766,-3.1761300557877403,-2.8827032777751116,0.9211790655395014,1.2170374212812751,-3.2945752191380184,3.0,4.0,0.50000000002,5.010020269477633,1.2170374212812751,0.6783008776179766
CRK,2024-05-07,train,True,True,D-1,10.3400001526,10.3299999237,10.3000001907,10.4399995804,0.9671124402725884,0,-3.1761300557877403,-2.8827032777751116,0.9211790655395014,1.2170374212812751,3.406815312174727,-0.6737309546398729,3.0,0.0,0.7777772871938143,2.325588487380781,3.406815312174727,0.9211790655395014
CRK,2024-05-08,train,True,True,D-1,10.2600002289,10.1300001144,10.4399995804,10.4200000763,1.754379605109424,0,-2.8827032777751116,0.9211790655395014,1.2170374212812751,3.406815312174727,0.09690144569518555,2.683891578910469,4.0,1.0,0.787036750875405,2.226529502408914,3.406815312174727,1.2170374212812751
CRK,2024-05-09,train,True,True,D-1,10.1999998093,10.3000001907,10.4200000763,10.4799995422,2.7450954719107523,0,0.9211790655395014,1.2170374212812751,3.406815312174727,0.09690144569518555,-1.936106590292841,3.684745545268253,4.0,2.0,0.6018518927029844,4.244820339031841,3.406815312174727,5.247896572048571
CRK,2024-05-10,train,True,True,D-1,10.3500003815,10.1499996185,10.4799995422,10.9600000381,5.893716271647098,1,1.2170374212812751,3.406815312174727,0.09690144569518555,-1.936106590292841,1.6781843472868596,4.462480216435982,4.0,3.0,0.6388887048893443,2.524274020254458,3.406815312174727,3.697228992925805
CRK,2024-05-13,train,True,True,D-1,10.1999998093,10.3599996567,10.9600000381,10.7700004578,7.45098277459828,1,3.406815312174727,0.09690144569518555,-1.936106590292841,1.6781843472868596,-1.4563162079883951,1.7034076558869682,3.0,4.0,0.1458325468367502,4.039416911432259,3.406815312174727,3.406815312174727
CRK,2024-05-14,train,True,True,D-1,10.4899997711,10.7299995422,10.7700004578,10.8599996567,3.527167718528945,1,0.09690144569518555,-1.936106590292841,1.6781843472868596,-1.4563162079883951,2.0689659713606368,0.38759654150140044,3.0,4.0,0.6829264322306638,1.254827400654679,2.0689659713606368,1.6781843472868596
CRK,2024-05-15,train,True,True,D-1,10.6400003433,10.6300001144,10.8599996567,10.9099998474,2.5375892423727064,0,-1.936106590292841,1.6781843472868596,-1.4563162079883951,2.0689659713606368,3.5714275845628585,3.8722131796175896,3.0,0.0,0.7386358340909771,2.1435275462541536,3.5714275845628585,1.6781843472868596
CRK,2024-05-16,train,True,True,D-1,10.6700000763,10.6499996185,10.9099998474,11.4300003052,7.1227762274163275,1,1.6781843472868596,-1.4563162079883951,2.0689659713606368,3.5714275845628585,-0.9319611562583319,4.935834100231062,3.0,1.0,0.5975609188726726,3.1044206975404,3.5714275845628585,2.0689659713606368
CRK,2024-05-17,train,True,True,D-1,10.7299995422,10.8000001907,11.4300003052,11.6599998474,8.667291191788063,1,-1.4563162079883951,2.0689659713606368,3.5714275845628585,-0.9319611562583319,0.18814208734494464,3.3980526341739203,3.0,2.0,0.6219505670967236,2.9108021662413996,3.5714275845628585,4.317000064648879
CRK,2024-05-20,train,True,True,D-1,10.8000001907,11.3500003815,11.6599998474,11.1000003815,7.962959643654033,1,2.0689659713606368,3.5714275845628585,-0.9319611562583319,0.18814208734494464,1.408456127448443,6.403946764837998,4.0,3.0,0.8024694265232452,1.4814800423594177,3.5714275845628585,3.5714275845628585
CRK,2024-05-21,train,True,True,D-1,11.2600002289,11.0,11.1000003815,11.2700004578,0.08881197776828831,0,3.5714275845628585,-0.9319611562583319,0.18814208734494464,1.408456127448443,5.092594269337236,9.555991868781089,4.0,0.0,0.9310345394619568,0.7048451190397875,5.092594269337236,3.5714275845628585
CRK,2024-05-22,train,True,True,D-1,10.9300003052,11.0900001526,11.2700004578,10.970000267,3.1107057923707826,1,-0.9319611562583319,0.18814208734494464,1.408456127448443,5.092594269337236,-3.0837036981116284,2.5163137867631358,3.0,0.0,0.5251797573882906,5.999998612727264,5.092594269337236,1.408456127448443
CRK,2024-05-23,train,True,True,D-1,11.1899995804,10.8599996567,10.970000267,11.3599996567,1.5192143223826893,0,0.18814208734494464,1.408456127448443,5.092594269337236,-3.0837036981116284,0.8181832054545479,4.32737566556427,4.0,1.0,0.4356439944367221,5.139762731800923,5.092594269337236,7.3833451077582435
CRK,2024-05-24,train,True,True,D-1,10.8900003433,10.8100004196,11.3599996567,11.25,4.315879693145863,1,1.408456127448443,5.092594269337236,-3.0837036981116284,0.8181832054545479,-2.073944929983418,1.9718314152350702,3.0,2.0,0.1999998092999995,7.366484493454339,5.092594269337236,6.365324662973604
CRK,2024-05-28,train,True,True,D-1,10.970000267,11.2399997711,11.25,11.8299999237,7.839559122774653,1,5.092594269337236,-3.0837036981116284,0.8181832054545479,-2.073944929983418,-0.4603981462297124,0.0925947104020386,2.0,3.0,0.12371217130809245,7.863084133270104,5.092594269337236,7.617388941538894
CRK,2024-05-29,train,True,True,D-1,11.1199998856,11.220000267,11.8299999237,11.8599996567,6.654674269001326,1,-3.0837036981116284,0.8181832054545479,-2.073944929983418,-0.4603981462297124,3.977792181398576,-0.9691683409922547,2.0,4.0,0.5670103498023065,3.7366555591922035,3.977792181398576,0.8181832054545479
CRK,2024-05-30,train,True,True,D-1,11.2399997711,11.5799999237,11.8599996567,11.970000267,6.4946664658922515,1,0.8181832054545479,-2.073944929983418,-0.4603981462297124,3.977792181398576,-0.17793153476233226,2.000002427272718,2.0,1.0,0.7910457108107646,1.2477663669203443,3.977792181398576,0.8181832054545479
CRK,2024-05-31,train,True,True,D-1,11.6700000763,11.7100000381,11.970000267,11.6300001144,2.5706957047005874,0,-2.073944929983418,-0.4603981462297124,3.977792181398576,-0.17793153476233226,3.2085530136645612,4.418392825586404,2.0,0.0,0.7663550735435223,2.158894660166122,3.977792181398576,3.977792181398576
CRK,2024-06-03,train,True,True,D-1,11.8900003433,11.7299995422,11.6300001144,11.8400001526,-0.42052303832081916,0,-0.4603981462297124,3.977792181398576,-0.17793153476233226,3.2085530136645612,1.1226262111965646,7.826891420531479,3.0,0.0,0.8636366394298964,1.2809531862677748,3.977792181398576,3.977792181398576
CRK,2024-06-04,train,True,True,D-1,11.5699996948,11.4300003052,11.8400001526,11.8299999237,2.3336254530875067,0,3.977792181398576,-0.17793153476233226,3.2085530136645612,1.1226262111965646,0.17078995759973736,8.510629850965756,4.0,0.0,0.7857136166644727,2.046042064507936,3.977792181398576,3.977792181398576
CRK,2024-06-05,train,True,True,D-1,11.4600000381,11.7399997711,11.8299999237,11.7700004578,3.2286202824598265,1,-0.17793153476233226,3.2085530136645612,1.1226262111965646,0.17078995759973736,-2.55753835216036,1.6903962452786248,3.0,1.0,0.40659334906169836,4.724408988461093,3.2085530136645612,5.59966942689244
CRK,2024-06-06,train,True,True,D-1,11.7399997711,11.720000267,11.7700004578,12.1499996185,3.4923326694544343,1,3.2085530136645612,1.1226262111965646,0.17078995759973736,-2.55753835216036,2.71215623466754,4.634576575095206,4.0,2.0,0.6849310415653388,1.959118401911586,3.2085530136645612,3.2085530136645612
CRK,2024-06-07,train,True,True,D-1,11.6000003815,11.6999998093,12.1499996185,12.220000267,5.3448264233576515,1,1.1226262111965646,0.17078995759973736,-2.55753835216036,2.71215623466754,-0.17035353057870406,1.20898397428717,3.0,3.0,0.6323531061309814,2.1331057534522913,2.71215623466754,1.1226262111965646
CRK,2024-06-10,train,True,True,D-1,11.7600002289,12.0200004578,12.220000267,12.3900003433,5.357143725659008,1,0.17078995759973736,-2.55753835216036,2.71215623466754,-0.17035353057870406,-0.1706523655661929,-0.08539905010643833,2.0,4.0,0.6029406815335264,2.3076962572716075,2.71215623466754,3.0528714184826833
CRK,2024-06-11,train,True,True,D-1,11.8500003815,12.1599998474,12.3900003433,11.9499998093,4.556961556246364,1,-2.55753835216036,2.71215623466754,-0.17035353057870406,-0.1706523655661929,2.735048322356737,2.4723011672480366,2.0,0.0,0.8488381248732694,1.0815237583093662,2.735048322356737,2.71215623466754
CRK,2024-06-12,train,True,True,D-1,12.3000001907,11.9099998474,11.9499998093,11.4899997711,-2.8455315119802593,0,2.71215623466754,-0.17035353057870406,-0.1706523655661929,2.735048322356737,1.164720335007563,6.38669748650742,3.0,0.0,0.923076452840651,0.4934245094816214,2.735048322356737,2.71215623466754
CRK,2024-06-13,train,True,True,D-1,11.8599996567,11.4499998093,11.4899997711,11.1599998474,-3.119729311214414,0,-0.17035353057870406,-0.1706523655661929,2.735048322356737,1.164720335007563,-2.0559210784320325,1.44804156400824,2.0,0.0,0.4418602845728696,4.030230915618249,2.735048322356737,3.6501947966534054
CRK,2024-06-14,train,True,True,D-1,11.3999996185,11.1499996185,11.1599998474,11.0699996948,-2.1052612204523924,0,-0.1706523655661929,2.735048322356737,1.164720335007563,-2.0559210784320325,-3.8623009571273847,-2.303758119018484,2.0,1.0,0.05050520625638914,8.209611787386283,2.735048322356737,8.573864498426097
CRK,2024-06-17,train,True,True,D-1,11.1000003815,10.9499998093,11.0699996948,11.0100002289,-0.2702764474675212,0,2.735048322356737,1.164720335007563,-2.0559210784320325,-3.8623009571273847,-2.620089046257712,-4.700856408243858,2.0,2.0,0.03124995339358069,11.121083114142882,2.735048322356737,9.116242601430635
CRK,2024-06-18,train,True,True,D-1,10.9499998093,10.9300003052,11.0100002289,10.8199996948,0.5479490469857407,0,1.164720335007563,-2.0559210784320325,-3.8623009571273847,-2.620089046257712,-1.7937203232559984,-8.901835338996655,1.0,3.0,0.1272727062876098,13.150690037245361,1.164720335007563,5.531532634811154
CRK,2024-06-20,train,True,True,D-1,10.8599996567,10.75,10.8199996948,11.5399999619,6.261513137161834,1,-2.0559210784320325,-3.8623009571273847,-2.620089046257712,-1.7937203232559984,-0.18264387624019607,-10.115127941082935,0.0,4.0,0.11515179891523634,13.357730991145523,-0.18264387624019607,1.9730880791688943
CRK,2024-06-21,train,True,True,D-1,10.7899999619,10.7899999619,11.5399999619,11.3400001526,6.950880469400245,1,-3.8623009571273847,-2.620089046257712,-1.7937203232559984,-0.18264387624019607,-1.6468462961923613,-9.739713369125125,0.0,4.0,0.016393814279682263,11.162788923720935,-0.18264387624019607,1.826482308521471
CRK,2024-06-24,train,True,True,D-1,10.8699998856,11.4200000763,11.3400001526,11.1999998093,4.3238295487255,1,-2.620089046257712,-1.7937203232559984,-0.18264387624019607,-1.6468462961923613,0.3720926688371984,-5.76419090298963,1.0,4.0,0.2929293221732537,6.4874866698029,0.3720926688371984,1.2808814216903053
CRK,2024-06-25,train,True,True,D-1,11.3299999237,11.1599998474,11.1999998093,10.8100004196,-1.147397310463072,0,-1.7937203232559984,-0.18264387624019607,-1.6468462961923613,0.3720926688371984,5.838740654537156,2.421528852359911,2.0,0.0,0.884615490388317,1.0507870822964005,5.838740654537156,0.0
CRK,2024-06-26,train,True,True,D-1,11.1000003815,10.6800003052,10.8100004196,10.75,-2.6126121795755353,0,-0.18264387624019607,-1.6468462961923613,0.3720926688371984,5.838740654537156,-2.276709519814968,1.91780860052293,2.0,1.0,0.6346152611335016,3.405018993692277,5.838740654537156,0.3720926688371984
CRK,2024-06-27,train,True,True,D-1,10.7700004578,10.5600004196,10.75,10.529999733,-0.1857052641582313,0,-1.6468462961923613,0.3720926688371984,5.838740654537156,-2.276709519814968,-4.301071225478803,-2.287282644274591,2.0,2.0,0.1730772228790792,8.05243101239681,5.838740654537156,12.318598501786436
CRK,2024-06-28,train,True,True,D-1,10.7100000381,10.3800001144,10.529999733,10.5900001526,-1.1204471061915022,0,0.3720926688371984,5.838740654537156,-2.276709519814968,-4.301071225478803,-1.123594402348227,-1.7674379572093057,2.0,3.0,0.12500031928574734,9.280298327271485,5.838740654537156,11.215079686833697
CRK,2024-07-01,train,True,True,D-1,10.4499998093,10.2299995422,10.5900001526,10.9200000763,4.4976102926023165,1,5.838740654537156,-2.276709519814968,-4.301071225478803,-1.123594402348227,-1.7045482769669995,-3.799813243259764,1.0,4.0,0.07936536764544971,11.175335594560853,5.838740654537156,8.647731124827063
CRK,2024-07-02,train,True,True,D-1,10.3400001526,10.5600004196,10.9200000763,10.970000267,6.092844343349313,1,-2.276709519814968,-4.301071225478803,-1.123594402348227,-1.7045482769669995,-1.445092201799747,-10.420319843689096,0.0,4.0,0.05932175991101591,10.850446335027787,-1.123594402348227,3.12500818454039
CRK,2024-07-03,train,True,True,D-1,10.6099996567,10.9200000763,10.970000267,10.6700000763,3.3930313095973386,1,-4.301071225478803,-1.123594402348227,-1.7045482769669995,-1.445092201799747,3.225815172705593,-5.37633903229654,1.0,4.0,0.3846159488979496,6.060600040432984,3.225815172705593,0.0
CRK,2024-07-05,train,True,True,D-1,10.8500003815,10.4799995422,10.6700000763,10.5600004196,-1.6589889296862448,0,-1.123594402348227,-1.7045482769669995,-1.445092201799747,3.225815172705593,3.409087522684362,2.247188803760092,2.0,0.0,1.0,0.0,3.409087522684362,0.0
CRK,2024-07-08,train,True,True,D-1,10.529999733,10.5500001907,10.5600004196,10.470000267,0.2849068125422738,0,-1.7045482769669995,-1.445092201799747,3.225815172705593,3.409087522684362,-4.029308892176164,-0.757584036185388,2.0,0.0,0.3950611469535096,4.675579639358807,3.409087522684362,3.983399208890981
CRK,2024-07-09,train,True,True,D-1,10.5,10.3999996185,10.470000267,10.6400003433,1.3333366028571492,0,-1.445092201799747,3.225815172705593,3.409087522684362,-4.029308892176164,0.6679451484528087,1.6377656495799364,3.0,1.0,0.4814816558892567,3.9810433052905214,3.409087522684362,6.797364839669184
CRK,2024-07-10,train,True,True,D-1,10.4399995804,10.3400001526,10.6400003433,10.7700004578,3.1609280714871124,1,3.225815172705593,3.409087522684362,-4.029308892176164,0.6679451484528087,-1.421806345863652,1.6617799013453505,3.0,2.0,0.22972960782700164,5.480775667395754,3.409087522684362,4.172445606602803
CRK,2024-07-11,train,True,True,D-1,10.4499998093,10.6000003815,10.7700004578,10.8000001907,3.3492860075319486,1,3.409087522684362,-4.029308892176164,0.6679451484528087,-1.421806345863652,-0.5769179625090604,-2.0833357789613927,2.0,3.0,0.20253146219835683,6.092844343349313,3.409087522684362,5.399609174855691
CRK,2024-07-12,train,True,True,D-1,10.7100000381,10.720000267,10.8000001907,10.5,0.8403375563009519,0,-4.029308892176164,0.6679451484528087,-1.421806345863652,-0.5769179625090604,2.514508946449312,-2.930400115055898,2.0,4.0,0.5316456919099555,3.4905648319197624,2.514508946449312,0.6679451484528087
CRK,2024-07-15,train,True,True,D-1,10.7700004578,10.4300003052,10.5,10.6899995804,-0.7428122005515791,0,0.6679451484528087,-1.421806345863652,-0.5769179625090604,2.514508946449312,1.132074350765433,2.2900833519465813,3.0,0.0,0.915253935817371,0.4664196786815289,2.514508946449312,0.6679451484528087
CRK,2024-07-16,train,True,True,D-1,10.4600000381,10.470000267,10.6899995804,10.3000001907,2.1988483887403376,0,-1.421806345863652,-0.5769179625090604,2.514508946449312,1.132074350765433,-2.705223456875494,-1.1374396524256203,2.0,0.0,0.40322588091832773,3.547458050557606,2.514508946449312,4.118283193445538
CRK,2024-07-17,train,True,True,D-1,10.5,10.1300001144,10.3000001907,10.25,-1.9047600885714222,0,-0.5769179625090604,2.514508946449312,1.132074350765433,-2.705223456875494,0.3835087308679874,0.6730831833443363,3.0,1.0,0.4923082566172532,3.151861655057586,2.514508946449312,4.846598440603422
CRK,2024-07-18,train,True,True,D-1,10.1999998093,10.2100000381,10.25,10.6999998093,4.9019608759611755,1,2.514508946449312,1.132074350765433,-2.705223456875494,0.3835087308679874,-3.2473748226314214,-2.030948115094522,3.0,2.0,0.08219229978197011,6.6140184475179,2.514508946449312,5.3908290041815405
CRK,2024-07-19,train,True,True,D-1,10.1199998856,10.2299995422,10.6999998093,10.6499996185,5.731224607277863,1,1.132074350765433,-2.705223456875494,0.3835087308679874,-3.2473748226314214,0.7897327028286938,-3.6792483902232664,3.0,3.0,0.19178116191194827,5.778649856986617,1.132074350765433,3.6153620515259055
CRK,2024-07-22,train,True,True,D-1,10.3199996948,10.6599998474,10.6499996185,10.8199996948,4.844961383593227,1,-2.705223456875494,0.3835087308679874,-3.2473748226314214,0.7897327028286938,0.19588152816227833,-4.570902169735924,3.0,4.0,0.2191777242599539,5.571854095874373,0.7897327028286938,0.3835087308679874
CRK,2024-07-23,train,True,True,D-1,10.5500001907,10.6099996567,10.8199996948,10.3599996567,2.5592369594268582,0,0.3835087308679874,-3.2473748226314214,0.7897327028286938,0.19588152816227833,4.203326729646428,2.205172919173659,4.0,0.0,0.9365080085235452,0.37523416953664235,4.203326729646428,0.7897327028286938
CRK,2024-07-24,train,True,True,D-1,10.6599998474,10.0699996948,10.3599996567,10.4600000381,-1.8761708458070903,0,-3.2473748226314214,0.7897327028286938,0.19588152816227833,4.203326729646428,-0.46904494761503823,1.33714790954933,3.0,1.0,0.8571426408843928,0.8482578276349573,4.203326729646428,0.7897327028286938
CRK,2024-07-25,train,True,True,D-1,10.0,10.0500001907,10.4600000381,10.470000267,4.700002669999992,1,0.7897327028286938,0.19588152816227833,4.203326729646428,-0.46904494761503823,-5.089537977119541,-0.5923042341796969,3.0,0.0,0.013156953600210762,7.447865171111068,4.203326729646428,9.738037433642376
CRK,2024-07-26,train,True,True,D-1,10.1300001144,10.3999996185,10.470000267,10.2700004578,3.356368694573675,1,0.19588152816227833,4.203326729646428,-0.46904494761503823,-5.089537977119541,-0.19860481336784197,-1.5670895867085144,2.0,1.0,0.11494298228450961,7.661686462578743,4.203326729646428,9.481361452733061
CRK,2024-07-29,train,True,True,D-1,10.3999996185,10.1099996567,10.2700004578,10.029999733,-1.2499919756607691,0,4.203326729646428,-0.46904494761503823,-5.089537977119541,-0.19860481336784197,3.4825813050618715,1.6617799013453505,2.0,2.0,0.5172412280903494,4.03846242025705,4.203326729646428,4.203326729646428
CRK,2024-07-30,train,True,True,D-1,10.0500001907,10.2100000381,10.029999733,9.53999996185,-0.19900952557700968,0,-0.46904494761503823,-5.089537977119541,-0.19860481336784197,3.4825813050618715,-2.788461273442122,-5.159476534459307,1.0,3.0,0.2022466010868312,7.022750368042563,3.4825813050618715,0.0
CRK,2024-07-31,train,True,True,D-1,9.81999969482,9.47000026703,9.53999996185,8.90999984741,-2.851321198285761,0,-5.089537977119541,-0.19860481336784197,3.4825813050618715,-2.788461273442122,0.9891234895713419,-3.7700248024740257,2.0,4.0,0.3146066572467549,5.974531385148896,3.4825813050618715,5.309500414385882
CRK,2024-08-01,train,True,True,D-1,9.48999977112,9.06999969482,8.90999984741,8.31999969482,-6.111695866158584,0,-0.19860481336784197,3.4825813050618715,-2.788461273442122,0.9891234895713419,-7.247794008899023,-5.958286454366335,2.0,2.0,0.04761922062717996,10.559661792740593,3.4825813050618715,9.81294145740732
CRK,2024-08-02,train,True,True,D-1,8.86999988556,8.31999969482,8.31999969482,8.61999988556,-2.818489326104612,0,3.4825813050618715,-2.788461273442122,0.9891234895713419,-7.247794008899023,-4.223870759567038,-9.751248530192736,2.0,3.0,0.054053984388992816,15.435508481654736,3.4825813050618715,14.648108621672396
CRK,2024-08-05,train,True,True,D-1,8.01000022888,8.14000034332,8.61999988556,8.89999961853,11.111103173769132,1,-2.788461273442122,0.9891234895713419,-7.247794008899023,-4.223870759567038,-8.269019021338398,-19.999999999807695,1.0,4.0,0.0,25.841353978877923,0.9891234895713419,13.132740593931423
CRK,2024-08-06,train,True,True,D-1,8.17000007629,8.43999958038,8.89999961853,9.64999961853,18.115049307466702,1,0.9891234895713419,-7.247794008899023,-4.223870759567038,-8.269019021338398,-2.163453823346484,-19.48565163476005,1.0,4.0,0.1581029500529118,26.167076469818085,0.9891234895713419,11.24269992608583
CRK,2024-08-07,train,True,True,D-1,8.64999961853,8.77000045776,9.64999961853,9.93999958038,14.91329501433234,1,-7.247794008899023,-4.223870759567038,-8.269019021338398,-2.163453823346484,3.6854941573336797,-17.335949570176336,1.0,4.0,0.30567677769100393,18.83886530416643,3.6854941573336797,0.0
CRK,2024-08-08,train,True,True,D-1,8.96000003815,9.64000034332,9.93999958038,10.2100000381,13.950892797184554,1,-4.223870759567038,-8.269019021338398,-2.163453823346484,3.6854941573336797,3.9099631965282766,-7.391761241095884,2.0,4.0,0.5722225430555524,8.779925472052597,3.9099631965282766,0.0
CRK,2024-08-09,train,True,True,D-1,9.64000034332,9.75,10.2100000381,10.25,6.327797043105887,1,-8.269019021338398,-2.163453823346484,3.6854941573336797,3.9099631965282766,9.920180617438778,6.284461606162295,3.0,0.0,0.9947647769587215,0.10372691757141173,9.920180617438778,3.6854941573336797
CRK,2024-08-12,train,True,True,D-1,9.81999969482,10.1199998856,10.25,10.7100000381,9.063140233593604,1,-2.163453823346484,3.6854941573336797,3.9099631965282766,9.920180617438778,1.1410752361250998,17.187504298471467,4.0,0.0,0.9136365468850157,1.9487136449230835,9.920180617438778,3.9099631965282766
CRK,2024-08-13,train,True,True,D-1,10.1800003052,10.220000267,10.7100000381,10.6999998093,5.206284057076838,1,3.6854941573336797,3.9099631965282766,9.920180617438778,1.1410752361250998,3.794870621538471,24.324317675304073,5.0,0.0,0.9563106144809492,0.8893295802113954,9.920180617438778,9.920180617438778
CRK,2024-08-14,train,True,True,D-1,10.3500003815,10.5100002289,10.6999998093,10.7399997711,3.768109905552297,1,3.9099631965282766,9.920180617438778,1.1410752361250998,3.794870621538471,0.9881460724351587,21.0900565772286,5.0,0.0,0.9813666214924149,0.2935394541707437,9.920180617438778,9.920180617438778
CRK,2024-08-15,train,True,True,D-1,10.2399997711,10.529999733,10.7399997711,11.1000003815,8.398443648672217,1,9.920180617438778,1.1410752361250998,3.794870621538471,0.9881460724351587,2.8375729385878623,19.840361235105597,5.0,0.0,0.889502893459265,1.9029477149776763,9.920180617438778,9.920180617438778
CRK,2024-08-16,train,True,True,D-1,10.470000267,10.6499996185,11.1000003815,11.1700000763,6.685766871528198,1,1.1410752361250998,3.794870621538471,0.9881460724351587,2.8375729385878623,0.19029023467580508,9.232358485305681,5.0,1.0,0.8434779436380044,1.7094046501814786,3.794870621538471,3.794870621538471
CRK,2024-08-19,train,True,True,D-1,10.6999998093,10.9799995422,11.1700000763,11.3100004196,5.700940384782172,1,3.794870621538471,0.9881460724351587,2.8375729385878623,0.19029023467580508,1.1396000811275675,9.23076531794873,5.0,0.0,0.9062498447653057,0.8450718856708894,3.794870621538471,3.794870621538471
CRK,2024-08-20,train,True,True,D-1,10.8699998856,11.029999733,11.3100004196,11.0500001907,4.047843041681065,1,0.9881460724351587,2.8375729385878623,0.19029023467580508,1.1396000811275675,3.098590943860313,8.498020418198958,5.0,0.0,0.8899075022936842,1.092903864328898,3.098590943860313,2.8375729385878623
CRK,2024-08-21,train,True,True,D-1,11.1599998474,10.9799995422,11.0500001907,11.4399995804,2.508958215310675,0,2.8375729385878623,0.19029023467580508,1.1396000811275675,3.098590943860313,0.45537516288440827,7.925630575719844,5.0,0.0,0.8556697889032655,1.2692687823113946,3.098590943860313,2.8375729385878623
CRK,2024-08-22,train,True,True,D-1,11.0100002289,10.7100000381,11.4399995804,11.6499996185,5.812891701128908,1,0.19029023467580508,1.1396000811275675,3.098590943860313,0.45537516288440827,-0.4533108976458755,4.471924862642851,4.0,0.0,0.7027020757125436,3.005472597076997,3.098590943860313,3.098590943860313
CRK,2024-08-23,train,True,True,D-1,10.8900003433,11.4300003052,11.6499996185,11.5100002289,6.9788728305007375,1,1.1396000811275675,3.098590943860313,0.45537516288440827,-0.4533108976458755,-2.4590119795751986,1.7094046501814786,3.0,1.0,0.2857139613095837,5.602244438520487,3.098590943860313,5.999766851803557
CRK,2024-08-26,train,True,True,D-1,11.5500001907,11.5,11.5100002289,11.1700000763,-0.34632000986639655,0,3.098590943860313,0.45537516288440827,-0.4533108976458755,-2.4590119795751986,6.722691545645687,7.323950372214738,3.0,0.0,0.9868430463997893,0.08748272032372828,6.722691545645687,3.098590943860313
CRK,2024-08-27,train,True,True,D-1,11.4799995422,11.029999733,11.1700000763,10.75,-2.700343887301171,0,0.45537516288440827,-0.4533108976458755,-2.4590119795751986,6.722691545645687,0.6124207605502363,4.73588779126497,3.0,0.0,0.8453611085664666,1.304344508695654,6.722691545645687,0.45537516288440827
CRK,2024-08-28,train,True,True,D-1,11.029999733,10.1999998093,10.75,10.7700004578,-2.357201101484385,0,-0.4533108976458755,-2.4590119795751986,6.722691545645687,0.6124207605502363,-4.086958843478261,0.0,2.0,1.0,0.36082440781249575,5.621032642866353,6.722691545645687,10.222259013006319
CRK,2024-08-29,train,True,True,D-1,10.2399997711,10.75,10.7700004578,10.4399995804,5.175788071751741,1,-2.4590119795751986,6.722691545645687,0.6124207605502363,-4.086958843478261,-7.524931494030529,-7.1038230001940095,2.0,2.0,0.1369045422956558,14.215684669699137,6.722691545645687,18.02704102999352
CRK,2024-08-30,train,True,True,D-1,10.6400003433,10.6300001144,10.4399995804,10.4899997711,-1.4097797684231694,0,6.722691545645687,0.6124207605502363,-4.086958843478261,-7.524931494030529,5.392158833165173,0.3734823693529732,3.0,3.0,0.4642857345673969,8.372089474418608,6.722691545645687,9.261220464756049
CRK,2024-09-03,train,True,True,D-1,10.3500003815,10.2399997711,10.4899997711,9.92000007629,1.3526510573877992,0,0.6124207605502363,-4.086958843478261,-7.524931494030529,5.392158833165173,-1.1162780055813948,-6.99912659176436,2.0,4.0,0.39285720366052457,9.595479709527499,5.392158833165173,0.6124207605502363
CRK,2024-09-04,train,True,True,D-1,10.25,9.64000034332,9.92000007629,9.85999965668,-3.219511450829271,0,-4.086958843478261,-7.524931494030529,5.392158833165173,-1.1162780055813948,-3.6688649021901942,-10.956523729565216,1.0,4.0,0.17532435763319368,12.402348497939197,5.392158833165173,10.136347008979119
CRK,2024-09-05,train,True,True,D-1,9.80000019073,9.71000003815,9.85999965668,9.60000038147,0.6122394365538408,0,-7.524931494030529,5.392158833165173,-1.1162780055813948,-3.6688649021901942,-5.859369542891568,-12.601989332069907,1.0,4.0,0.006493655277707127,15.871365959444251,5.392158833165173,14.705420925598167
CRK,2024-09-06,train,True,True,D-1,9.68999958038,9.52000045776,9.60000038147,9.69999980927,0.10320154100158518,0,5.392158833165173,-1.1162780055813948,-3.6688649021901942,-5.859369542891568,0.7261378873135049,-4.80391941481445,2.0,3.0,0.12396662297268939,10.916585123432787,5.392158833165173,10.567937590951882
CRK,2024-09-09,train,True,True,D-1,9.43999958038,9.27000045776,9.69999980927,10.0200004578,6.144077364425615,1,-1.1162780055813948,-3.6688649021901942,-5.859369542891568,0.7261378873135049,-1.9567412939598627,-11.441856206883717,1.0,4.0,0.023438023863732123,13.130251469905051,0.7261378873135049,1.2448120465385015
CRK,2024-09-10,train,True,True,D-1,9.30000019073,9.67000007629,10.0200004578,10.0200004578,7.741938196815079,1,-3.6688649021901942,-5.859369542891568,0.7261378873135049,-1.9567412939598627,-2.6260502938969754,-12.793975936064827,1.0,3.0,0.03937024429518493,13.160725491860447,0.7261378873135049,5.257544464669506
CRK,2024-09-11,train,True,True,D-1,9.68000030518,9.96000003815,10.0200004578,10.0799999237,4.132227333773453,1,-5.859369542891568,0.7261378873135049,-1.9567412939598627,-2.6260502938969754,4.3149902780766025,-5.566403394057595,2.0,4.0,0.41428577267562827,8.479831316863873,4.3149902780766025,0.7261378873135049
CRK,2024-09-12,train,True,True,D-1,9.94999980927,9.75,10.0799999237,10.1000003815,1.5075434683953448,0,0.7261378873135049,-1.9567412939598627,-2.6260502938969754,4.3149902780766025,2.9989654557609935,3.3194987908038875,3.0,0.0,0.9354834409044069,0.6024138496002029,4.3149902780766025,0.7261378873135049
CRK,2024-09-13,train,True,True,D-1,9.90999984741,10.0200004578,10.1000003815,10.1199998856,2.119072062800109,0,-1.9567412939598627,-2.6260502938969754,4.3149902780766025,2.9989654557609935,-2.108434109895907,0.41194605244947446,2.0,1.0,0.7096770223757808,2.7692354646153827,4.3149902780766025,4.3149902780766025
CRK,2024-09-16,train,True,True,D-1,9.97999954224,9.94999980927,10.1199998856,10.2700004578,2.9058209304778204,0,-2.6260502938969754,4.3149902780766025,2.9989654557609935,-2.108434109895907,2.7692354646153827,5.252100588214126,3.0,0.0,0.9393944648767661,0.5987970375120444,4.3149902780766025,4.3149902780766025
CRK,2024-09-17,train,True,True,D-1,10.0399999619,9.92000007629,10.2700004578,10.3400001526,2.988049719506458,0,4.3149902780766025,2.9989654557609935,-2.108434109895907,2.7692354646153827,-0.6986092348479689,7.335483472827309,3.0,0.0,0.8514846156105523,1.5075434683953448,4.3149902780766025,4.3149902780766025
CRK,2024-09-18,train,True,True,D-1,9.97000026703,9.94999980927,10.3400001526,10.8800001144,9.127380371084804,1,2.9989654557609935,-2.108434109895907,2.7692354646153827,-0.6986092348479689,-0.30150485984985487,2.5853153880833757,2.0,0.0,0.6969699158526674,2.0161270944747622,2.9989654557609935,3.9969732096643895
CRK,2024-09-19,train,True,True,D-1,10.1999998093,10.1300001144,10.8800001144,11.4799995422,12.549017223833104,1,-2.108434109895907,2.7692354646153827,-0.6986092348479689,-0.30150485984985487,0.30241666077910345,-0.10040390403308619,2.0,0.0,0.5076917433668875,3.2160869815481608,2.7692354646153827,2.7692354646153827
CRK,2024-09-20,train,True,True,D-1,10.0500001907,10.8199996948,11.4799995422,11.6199998856,15.62188721501554,1,2.7692354646153827,-0.6986092348479689,-0.30150485984985487,0.30241666077910345,1.8090483274411762,3.8974370707692163,3.0,0.0,0.6557379867602656,2.0730506991947673,2.7692354646153827,2.7692354646153827
CRK,2024-09-23,train,True,True,D-1,10.8900003433,11.279999733,11.6199998856,11.1300001144,6.703393198230034,1,-0.6986092348479689,-0.30150485984985487,0.30241666077910345,1.8090483274411762,6.811446916166886,7.984023956578223,3.0,0.0,0.947825748045235,0.5545325442923632,6.811446916166886,0.30241666077910345
CRK,2024-09-24,train,True,True,D-1,11.3800001144,11.1099996567,11.1300001144,11.029999733,-2.196836533276092,0,-0.30150485984985487,0.30241666077910345,1.8090483274411762,6.811446916166886,4.251386794595491,13.36683366054836,4.0,0.0,0.8780488514403897,1.7730479958691259,6.811446916166886,1.8090483274411762
CRK,2024-09-25,train,True,True,D-1,11.0600004196,10.9099998474,11.029999733,11.4399995804,3.4357969835750124,1,0.30241666077910345,1.8090483274411762,6.811446916166886,4.251386794595491,-1.5070929106732134,11.995963419942335,4.0,0.0,0.7134829744959655,4.590461248056288,6.811446916166886,6.811446916166886
CRK,2024-09-26,train,True,True,D-1,10.8199996948,10.9300003052,11.4399995804,11.3100004196,5.730128494347064,1,1.8090483274411762,6.811446916166886,4.251386794595491,-1.5070929106732134,-1.8001783571558239,9.64824177419188,3.0,1.0,0.5696968470724048,6.5077914585782715,6.811446916166886,10.09158782359576
CRK,2024-09-27,train,True,True,D-1,11.1800003052,11.1000003815,11.3100004196,11.279999733,1.1627916891874701,0,6.811446916166886,4.251386794595491,-1.5070929106732134,-1.8001783571558239,0.18332225554307247,7.8973364438839955,3.0,2.0,0.5818183394502842,6.312896259222689,6.811446916166886,8.431603145347765
CRK,2024-09-30,train,True,True,D-1,11.0799999237,11.1300001144,11.279999733,11.4200000763,3.0685934561492267,1,4.251386794595491,-1.5070929106732134,-1.8001783571558239,0.18332225554307247,1.5553528961853802,2.587806789260494,3.0,3.0,0.4222225283729684,4.684680056107626,4.251386794595491,4.251386794595491
CRK,2024-10-01,train,True,True,D-1,10.8800001144,11.1599998474,11.4200000763,11.9499998093,9.834555915894017,1,-1.5070929106732134,-1.8001783571558239,0.18332225554307247,1.5553528961853802,0.27026785467503256,-1.3297838843131515,3.0,4.0,0.4555555790543305,4.402513622313786,1.5553528961853802,0.18332225554307247
CRK,2024-10-02,train,True,True,D-1,11.3599996567,11.3299999237,11.9499998093,12.2399997711,7.746480114380883,1,-1.8001783571558239,0.18332225554307247,1.5553528961853802,0.27026785467503256,0.26953937728344535,0.45004673487858415,4.0,2.0,0.6111111110956788,2.508958215310675,1.5553528961853802,1.5553528961853802
CRK,2024-10-03,train,True,True,D-1,11.3400001526,11.9499998093,12.2399997711,12.220000267,7.93650446551053,1,0.18332225554307247,1.5553528961853802,0.27026785467503256,0.26953937728344535,1.5232981955605185,3.8496799466050557,5.0,3.0,0.8472225533375081,0.9708707629370927,1.5553528961853802,1.5553528961853802
CRK,2024-10-04,train,True,True,D-1,12.0600004196,12.0500001907,12.220000267,12.1700000763,1.3266985226631167,0,1.5553528961853802,0.27026785467503256,0.26953937728344535,1.5232981955605185,5.472196732350265,9.332108651586491,5.0,0.0,1.0,0.0,5.472196732350265,1.5553528961853802
CRK,2024-10-07,train,True,True,D-1,12.1099996567,12.0900001526,12.1700000763,12.1099996567,0.4954617778771153,0,0.27026785467503256,0.26953937728344535,1.5232981955605185,5.472196732350265,0.836823288667965,8.55855654548745,5.0,0.0,0.8642859770179286,1.5767599783661268,5.472196732350265,1.5232981955605185
CRK,2024-10-08,train,True,True,D-1,11.8999996185,12.1000003815,12.1099996567,11.8900003433,1.7647062599357444,0,0.26953937728344535,1.5232981955605185,5.472196732350265,0.836823288667965,0.33194988603295617,8.62533718178451,5.0,1.0,0.8928573861607801,1.2406916179214633,5.472196732350265,5.472196732350265
CRK,2024-10-09,train,True,True,D-1,11.970000267,11.8999996185,11.8900003433,12.3100004196,2.8404356308775025,0,1.5232981955605185,5.472196732350265,0.836823288667965,0.33194988603295617,0.08271487819500045,8.422943969116602,5.0,2.0,0.8782613599623542,1.157019712280749,5.472196732350265,5.472196732350265
CRK,2024-10-10,train,True,True,D-1,11.8900003433,11.7299995422,12.3100004196,11.9499998093,3.532380691113013,1,5.472196732350265,0.836823288667965,0.33194988603295617,0.08271487819500045,-1.6528988156544577,5.030888778804665,4.0,3.0,0.6599998474,2.85714423109249,5.472196732350265,7.043747863051775
CRK,2024-10-11,train,True,True,D-1,11.6300001144,12.0600004196,11.9499998093,11.6000003815,2.751502078695456,0,0.836823288667965,0.33194988603295617,0.08271487819500045,-1.6528988156544577,-1.428572115546245,-1.841006448625937,3.0,4.0,0.16393358045639053,4.347828208050797,0.836823288667965,3.8946813682900427
CRK,2024-10-14,train,True,True,D-1,11.8299999237,11.8400001526,11.6000003815,11.6700000763,-1.3524923789683285,0,0.33194988603295617,0.08271487819500045,-1.6528988156544577,-1.428572115546245,2.813306822500583,0.08298945013891501,3.0,0.0,0.6575344792173307,2.0729684187547726,2.813306822500583,0.33194988603295617
CRK,2024-10-15,train,True,True,D-1,11.3999996185,11.3699998856,11.6700000763,11.720000267,2.80702332639291,0,0.08271487819500045,-1.6528988156544577,-1.428572115546245,2.813306822500583,-1.8242144224344559,-2.0678246223697294,2.0,1.0,0.35616445517540585,3.9695967984999525,2.813306822500583,0.08271487819500045
CRK,2024-10-16,train,True,True,D-1,11.4799995422,11.5799999237,11.720000267,11.6099996567,2.090598731452631,0,-1.6528988156544577,-1.428572115546245,2.813306822500583,-1.8242144224344559,-3.9695967984999525,-6.033061759370817,1.0,2.0,0.05999946600000072,8.267375052399961,2.813306822500583,8.534704086124268
CRK,2024-10-17,train,True,True,D-1,11.6999998093,11.6099996567,11.6099996567,11.5799999237,-0.7692320860421042,0,-1.428572115546245,2.813306822500583,-1.8242144224344559,-3.9695967984999525,1.8469660528841692,-2.6890731517547395,2.0,3.0,0.2699995041000012,6.303976690068502,2.813306822500583,5.009254673421049
CRK,2024-10-18,train,True,True,D-1,11.5399999619,11.4499998093,11.5799999237,11.5,0.34662012072845805,0,2.813306822500583,-1.8242144224344559,-3.9695967984999525,1.8469660528841692,0.2590650535204242,-1.0230169666101574,3.0,4.0,0.29999923709999976,6.029291848394136,2.813306822500583,2.813306822500583
CRK,2024-10-21,train,True,True,D-1,11.5699996948,11.3299999237,11.5,11.5900001526,0.17286480836287144,0,-1.8242144224344559,-3.9695967984999525,1.8469660528841692,0.2590650535204242,-1.3781210347208361,-5.058048002292126,2.0,4.0,0.21874925500417217,4.36681229980358,1.8469660528841692,2.969592264080756
CRK,2024-10-22,train,True,True,D-1,11.3500003815,11.3299999237,11.5900001526,12.1000003815,6.607929293310577,1,-3.9695967984999525,1.8469660528841692,0.2590650535204242,-1.3781210347208361,-1.0480339528261995,-4.307434310193026,2.0,2.0,0.07142792273821409,3.4421919322717764,1.8469660528841692,4.258677864076288
CRK,2024-10-23,train,True,True,D-1,11.3400001526,11.5799999237,12.1000003815,12.1199998856,6.878304431249638,1,1.8469660528841692,0.2590650535204242,-1.3781210347208361,-1.0480339528261995,0.0,-0.3518026587727485,2.0,3.0,0.17021250692183315,3.4421919322717764,1.8469660528841692,2.8950000057103686
CRK,2024-10-24,train,True,True,D-1,11.6700000763,12.0100002289,12.1199998856,12.1000003815,3.856039471789563,1,0.2590650535204242,-1.3781210347208361,-1.0480339528261995,0.0,2.2065313476044457,0.0,2.0,4.0,0.7254896461478844,1.20898397428717,2.2065313476044457,0.2590650535204242
CRK,2024-10-25,train,True,True,D-1,12.0500001907,12.0,12.1000003815,12.029999733,0.4149393361718712,0,-1.3781210347208361,-1.0480339528261995,0.0,2.2065313476044457,3.7133014510643214,3.4453108012726164,2.0,0.0,0.8988762720515595,0.7493767767250414,3.7133014510643214,0.0
CRK,2024-10-28,train,True,True,D-1,11.6400003433,11.9399995804,12.029999733,12.4799995422,7.216487750221612,1,-1.0480339528261995,0.0,2.2065313476044457,3.7133014510643214,-0.08326585103582973,4.803495195286156,2.0,0.0,0.8681319717473904,0.9999990466666775,3.7133014510643214,2.2065313476044457
CRK,2024-10-29,train,True,True,D-1,11.9799995422,11.9499998093,12.4799995422,12.5200004578,4.507520335854998,1,0.0,2.2065313476044457,3.7133014510643214,-0.08326585103582973,-0.5000034966666678,5.383933458145984,2.0,1.0,0.8021974336649544,1.5075402975346597,3.7133014510643214,4.296154466600111
CRK,2024-10-30,train,True,True,D-1,12.0500001907,12.4300003052,12.5200004578,11.9200000763,3.9004170926299153,1,2.2065313476044457,3.7133014510643214,-0.08326585103582973,-0.5000034966666678,0.08375401383107217,5.472196732350265,3.0,2.0,0.8131866980340335,1.422594803455146,3.7133014510643214,4.129969706897663
CRK,2024-10-31,train,True,True,D-1,12.3299999237,11.5600004196,11.9200000763,11.720000267,-3.3252218161974545,0,3.7133014510643214,-0.08326585103582973,-0.5000034966666678,0.08375401383107217,4.016740615564229,7.34024513903806,3.0,0.0,0.9504957694250831,0.4022464663905323,4.016740615564229,3.7133014510643214
CRK,2024-11-01,train,True,True,D-1,11.6999998093,11.1499996185,11.720000267,11.8999996185,1.7094001064942521,0,-0.08326585103582973,-0.5000034966666678,0.08375401383107217,4.016740615564229,-6.999194402562015,-3.7468759427427223,2.0,0.0,0.0,8.304498298912844,4.016740615564229,3.347347285158875
CRK,2024-11-04,train,True,True,D-1,11.1400003433,11.5900001526,11.8999996185,12.9499998093,16.247750540587713,1,-0.5000034966666678,0.08375401383107217,4.016740615564229,-6.999194402562015,-3.5467196039616233,-7.083336512499994,2.0,1.0,0.06802680927213574,12.287003463452173,4.016740615564229,14.314412822092814
CRK,2024-11-05,train,True,True,D-1,11.6000003815,11.6599998474,12.9499998093,13.1199998856,13.103443569916928,1,0.08375401383107217,4.016740615564229,-6.999194402562015,-3.5467196039616233,3.946193265961684,-2.93131859380078,3.0,2.0,0.3673468461099708,8.02416128520389,4.016740615564229,4.016740615564229
CRK,2024-11-06,train,True,True,D-1,12.1800003052,12.8900003433,13.1199998856,13.4099998474,10.098518155823655,1,4.016740615564229,-6.999194402562015,-3.5467196039616233,3.946193265961684,0.6039662974835824,-2.4267779625762764,3.0,3.0,0.4149656774575967,7.375648556219905,4.016740615564229,4.016740615564229
CRK,2024-11-07,train,True,True,D-1,12.8400001526,13.0799999237,13.4099998474,14.279999733,11.214949869828562,1,-6.999194402562015,-3.5467196039616233,3.946193265961684,0.6039662974835824,10.548889468247058,3.7007242703571253,3.0,0.0,0.968421327345208,0.46547295889860507,10.548889468247058,3.946193265961684
CRK,2024-11-08,train,True,True,D-1,13.029999733,13.1999998093,14.279999733,14.1700000763,9.593246551143263,1,-3.5467196039616233,3.946193265961684,0.6039662974835824,10.548889468247058,1.4740075666387353,13.148784160274252,4.0,0.0,0.980676344060074,0.30581010805299513,10.548889468247058,3.946193265961684
CRK,2024-11-11,train,True,True,D-1,13.5100002289,14.2399997711,14.1700000763,14.1000003815,4.885268957939437,1,3.946193265961684,0.6039662974835824,10.548889468247058,1.4740075666387353,0.9174303233944858,18.385652564495626,5.0,0.0,0.9074889497902069,1.5909094025292836,10.548889468247058,10.548889468247058
CRK,2024-11-12,train,True,True,D-1,14.1000003815,14.029999733,14.1000003815,13.8500003815,0.0,0,0.6039662974835824,10.548889468247058,1.4740075666387353,0.9174303233944858,7.878787703218548,22.86453480249111,5.0,0.0,0.9860139976568552,0.28089861336360045,10.548889468247058,10.548889468247058
CRK,2024-11-13,train,True,True,D-1,14.0900001526,13.779999733,13.8500003815,13.5600004196,-1.7033340560731913,0,10.548889468247058,1.4740075666387353,0.9174303233944858,7.878787703218548,-1.47471939238506,20.325899799462466,4.0,1.0,0.887387352558629,1.7818959711878968,10.548889468247058,10.548889468247058
CRK,2024-11-14,train,True,True,D-1,13.7899999619,13.3900003433,13.5600004196,14.1400003433,2.538073838774535,0,1.4740075666387353,0.9174303233944858,7.878787703218548,-1.47471939238506,-1.7818959711878968,6.904572273053544,3.0,2.0,0.6774193945473417,3.6284470949778935,7.878787703218548,11.10912510135228
CRK,2024-11-15,train,True,True,D-1,13.3999996185,13.3699998856,14.1400003433,14.1499996185,5.597015084720991,1,0.9174303233944858,7.878787703218548,-1.47471939238506,-1.7818959711878968,-2.830184305200234,2.3700338028160184,2.0,3.0,0.3257578822641894,6.646746578653606,7.878787703218548,12.440437039495123
CRK,2024-11-18,train,True,True,D-1,13.4300003052,13.8900003433,14.1499996185,15.0699996948,12.211462042670274,1,7.878787703218548,-1.47471939238506,-1.7818959711878968,-2.830184305200234,-0.14936861230184784,1.287879384515045,1.0,4.0,0.1574074891761039,6.806281639389566,7.878787703218548,10.85411321369837
CRK,2024-11-19,train,True,True,D-1,13.6199998856,14.0399999619,15.0699996948,15.8400001526,16.2995615686248,1,-1.47471939238506,-1.7818959711878968,-2.830184305200234,-0.14936861230184784,3.889307869479186,-2.457861189789634,1.0,4.0,0.7113405608990429,2.015836760832479,3.889307869479186,0.0
CRK,2024-11-20,train,True,True,D-1,14.1800003052,15.0,15.8400001526,15.3599996567,11.706627726878516,1,-1.7818959711878968,-2.830184305200234,-0.14936861230184784,3.889307869479186,1.0799108343604313,0.0712774703514718,2.0,0.0,0.8842108645341388,0.783473339732943,3.889307869479186,0.0
CRK,2024-11-21,train,True,True,D-1,15.3800001144,15.2299995422,15.3599996567,15.8199996948,2.8608555079790765,0,-2.830184305200234,-0.14936861230184784,3.889307869479186,1.0799108343604313,6.83760712752941,8.853412849336806,3.0,0.0,0.962567005836322,0.4666646320000023,6.83760712752941,3.889307869479186
CRK,2024-11-22,train,True,True,D-1,14.9799995422,15.1599998474,15.8199996948,15.6499996185,5.607477825574314,1,-0.14936861230184784,3.889307869479186,1.0799108343604313,6.83760712752941,1.5333302813333338,13.741591872480319,4.0,0.0,0.76893919277393,4.005256918818567,6.83760712752941,3.889307869479186
CRK,2024-11-25,train,True,True,D-1,15.6599998474,15.5100002289,15.6499996185,15.5399999619,-0.06385842271677822,0,3.889307869479186,1.0799108343604313,6.83760712752941,1.5333302813333338,-0.4596171825615669,13.388182326971432,4.0,1.0,0.7246962624721044,4.485490184992469,6.83760712752941,6.83760712752941
CRK,2024-11-26,train,True,True,D-1,15.4399995804,15.5699996948,15.5399999619,15.6400003433,1.2953417638293718,0,1.0799108343604313,6.83760712752941,1.5333302813333338,-0.4596171825615669,2.3087096637407045,11.663065842769571,4.0,2.0,0.8558952274277761,2.127659051126951,6.83760712752941,6.83760712752941
CRK,2024-11-27,train,True,True,D-1,15.25,15.4200000763,15.6400003433,15.4499998093,2.5573793003278666,0,6.83760712752941,1.5333302813333338,-0.4596171825615669,2.3087096637407045,0.38684374606392513,10.897434024586339,4.0,3.0,0.8373491068551046,1.7341070205041387,6.83760712752941,6.83760712752941
CRK,2024-11-29,train,True,True,D-1,15.5500001907,15.5699996948,15.4499998093,15.3599996567,-0.6430892615667538,0,1.5333302813333338,-0.4596171825615669,2.3087096637407045,0.38684374606392513,-0.9633887054609103,2.800000508666667,3.0,4.0,0.5578945677794662,2.723735889894874,2.3087096637407045,2.888981432095039
CRK,2024-12-02,train,True,True,D-1,15.3000001907,15.1199998856,15.3599996567,15.3699998856,0.4575143400491477,0,-0.4596171825615669,2.3087096637407045,0.38684374606392513,-0.9633887054609103,0.9727601670413977,2.2324370506900726,3.0,3.0,0.7311826082493778,1.6056519261429036,2.3087096637407045,2.3087096637407045
CRK,2024-12-03,train,True,True,D-1,15.1199998856,15.1700000763,15.3699998856,15.1099996567,1.6534391659493108,0,2.3087096637407045,0.38684374606392513,-0.9633887054609103,0.9727601670413977,-2.8901722416236675,-0.26385199342109367,3.0,4.0,0.4400001526400004,4.629628402753272,2.3087096637407045,4.254236182648374
CRK,2024-12-04,train,True,True,D-1,15.25,14.8999996185,15.1099996567,14.8000001907,-0.918035038032794,0,0.38684374606392513,-0.9633887054609103,0.9727601670413977,-2.8901722416236675,0.33068909443325634,-2.1921350585570765,3.0,4.0,0.5555559480452941,3.164136715792787,0.9727601670413977,3.5418007986452005
CRK,2024-12-05,train,True,True,D-1,15.0500001907,14.7299995422,14.8000001907,15.0900001526,0.265780474373134,0,-0.9633887054609103,0.9727601670413977,-2.8901722416236675,0.33068909443325634,-1.7798316179432172,-4.303147652107942,2.0,3.0,0.3084109567247619,4.966447944610719,0.9727601670413977,2.427788399611186
CRK,2024-12-06,train,True,True,D-1,14.8000001907,14.5200004578,15.0900001526,15.5699996948,5.2026992849895315,1,0.9727601670413977,-2.8901722416236675,0.33068909443325634,-1.7798316179432172,-1.140940138608637,-4.474711612748338,2.0,4.0,0.14953247703569017,6.177873926560129,0.9727601670413977,3.8732251102645
CRK,2024-12-09,train,True,True,D-1,14.6999998093,14.7399997711,15.5699996948,16.9599990845,15.374144928697264,1,-2.8901722416236675,0.33068909443325634,-1.7798316179432172,-1.140940138608637,-1.425655742882903,-6.743733189350509,1.0,4.0,0.31617677481138756,6.404954009491193,0.33068909443325634,2.8810190973158734
CRK,2024-12-10,train,True,True,D-1,14.9399995804,15.220000267,16.9599990845,17.5900001526,17.73762146336719,1,0.33068909443325634,-1.7798316179432172,-1.140940138608637,-1.425655742882903,1.5151467380417172,-2.513228289518077,2.0,3.0,0.5078123078795991,4.274084968001213,1.5151467380417172,0.33068909443325634
CRK,2024-12-11,train,True,True,D-1,15.4200000763,16.8899993896,17.5900001526,17.7900009155,15.36965517167932,1,-1.7798316179432172,-1.140940138608637,-1.425655742882903,1.5151467380417172,3.2564484623745615,0.32959914600207973,2.0,0.0,0.7635138269842092,2.2996019819977898,3.2564484623745615,0.0
CRK,2024-12-12,train,True,True,D-1,16.7700004578,17.5900001526,17.7900009155,16.9200000763,6.082292366459541,1,-1.140940138608637,-1.425655742882903,1.5151467380417172,3.2564484623745615,10.972398773348857,13.355703503704742,3.0,0.0,0.9756098533271368,0.414444626582422,10.972398773348857,1.5151467380417172
CRK,2024-12-13,train,True,True,D-1,17.6499996185,16.7999992371,16.9200000763,16.2000007629,-4.135974832740763,0,-1.425655742882903,1.5151467380417172,3.2564484623745615,10.972398773348857,4.144468847234073,19.416162249064417,4.0,0.0,1.0,0.0,10.972398773348857,3.2564484623745615
CRK,2024-12-16,train,True,True,D-1,16.8600006104,16.1200008392,16.2000007629,16.4500007629,-2.4317902292784854,0,1.5151467380417172,3.2564484623745615,10.972398773348857,4.144468847234073,-4.491193340798394,15.70247043673616,4.0,0.0,0.6867084090436375,5.892867400932644,10.972398773348857,11.50525937579161
CRK,2024-12-17,train,True,True,D-1,15.8699998856,16.0900001526,16.4500007629,15.8900003433,3.6546999463199503,1,3.2564484623745615,10.972398773348857,4.144468847234073,-4.491193340798394,-4.047609695114374,9.362286903190453,3.0,1.0,0.4319728663355408,10.35980142283217,10.972398773348857,19.329415832173137
CRK,2024-12-18,train,True,True,D-1,16.0799999237,15.3599996567,15.8900003433,16.0499992371,-0.18657143496489947,0,10.972398773348857,4.144468847234073,-4.491193340798394,-4.047609695114374,-0.1861084679787739,5.71616209157586,2.0,2.0,0.3117409219667431,10.56557331744521,10.972398773348857,15.198583992048665
CRK,2024-12-19,train,True,True,D-1,15.7899999619,15.4799995422,16.0499992371,16.7399997711,6.016464923953602,1,4.144468847234073,-4.491193340798394,-4.047609695114374,-0.1861084679787739,-4.536982529375788,-9.05861331079796,1.0,3.0,0.03952545480704467,15.820321048900787,4.144468847234073,8.85911613591075
CRK,2024-12-20,train,True,True,D-1,15.3800001144,15.8199996948,16.7399997711,16.9799995422,10.403117138483985,1,-4.491193340798394,-4.047609695114374,-0.1861084679787739,-4.536982529375788,0.7812492720184139,-11.995455327429983,1.0,4.0,0.08695622671772943,14.922489932914452,0.7812492720184139,3.791178400339712
CRK,2024-12-23,train,True,True,D-1,15.8699998856,16.6700000763,16.9799995422,16.75,6.994326809083251,1,-4.047609695114374,-0.1861084679787739,-4.536982529375788,0.7812492720184139,2.196383479683739,-5.833330873824294,2.0,4.0,0.3413171669206589,6.95322631302937,2.196383479683739,0.0
CRK,2024-12-24,train,True,True,D-1,16.7700004578,16.7900009155,16.75,17.1800003052,2.4448410030263545,0,-0.1861084679787739,-4.536982529375788,0.7812492720184139,2.196383479683739,5.372948153591883,3.411905759722611,3.0,0.0,0.9530203318431906,0.41991418404081493,5.372948153591883,0.7812492720184139
CRK,2024-12-26,train,True,True,D-1,16.5900001526,16.6599998474,17.1800003052,19.25,16.033754206946902,1,-4.536982529375788,0.7812492720184139,2.196383479683739,5.372948153591883,0.7198610596925281,4.35053297862702,4.0,0.0,0.890174175157072,1.131617726861478,5.372948153591883,2.196383479683739
CRK,2024-12-27,train,True,True,D-1,16.7199993134,17.0900001526,19.25,18.6800003052,15.131583675200089,1,0.7812492720184139,2.196383479683739,5.372948153591883,0.7198610596925281,-0.7742767183531507,8.463543097365523,4.0,1.0,0.8150290292024798,1.9207664929837387,5.372948153591883,5.432937528842185
CRK,2024-12-30,train,True,True,D-1,18.0,18.9200000763,18.6800003052,18.8799991608,4.888884226666668,1,2.196383479683739,5.372948153591883,0.7198610596925281,-0.7742767183531507,2.5810342685393506,10.400521046599387,4.0,0.0,0.953367803954479,0.5266246448003109,5.372948153591883,5.372948153591883
CRK,2024-12-31,train,True,True,D-1,18.3400001526,18.2199993134,18.8799991608,18.75,2.9443784280636986,0,5.372948153591883,0.7198610596925281,-0.7742767183531507,2.5810342685393506,10.708015841776298,19.59545158852918,4.0,0.0,0.9080780195897753,1.744185636200779,10.708015841776298,5.372948153591883
CRK,2025-01-02,train,True,True,D-1,18.6299991608,18.7000007629,18.75,18.5100002289,0.6441269168304453,0,0.7198610596925281,-0.7742767183531507,2.5810342685393506,10.708015841776298,-3.6997926008301207,9.298135752882564,3.0,1.0,0.6496596940533186,5.653132411714634,10.708015841776298,2.5810342685393506
CRK,2025-01-03,train,True,True,D-1,18.75,17.6800003052,18.5100002289,18.7999992371,0.2666625978666737,0,-0.7742767183531507,2.5810342685393506,10.708015841776298,-3.6997926008301207,2.634475672822778,11.375817410687272,3.0,2.0,0.8129254635430307,2.9411722709187016,10.708015841776298,11.870802905797396
CRK,2025-01-06,train,True,True,D-1,18.1900005341,18.3899993896,18.7999992371,20.0599994659,10.280367657463184,1,2.5810342685393506,10.708015841776298,-3.6997926008301207,2.634475672822778,-5.454547679610999,6.122451783570582,3.0,3.0,0.44128114120578543,8.880088618201176,10.708015841776298,13.671786580246382
CRK,2025-01-07,train,True,True,D-1,18.1100006104,18.7900009155,20.0599994659,20.0799999237,10.87796381502435,1,10.708015841776298,-3.6997926008301207,2.634475672822778,-5.454547679610999,4.015831856016305,7.606783062563194,3.0,4.0,0.46249974666021626,4.676458069304523,10.708015841776298,12.365777128690414
CRK,2025-01-08,train,True,True,D-1,19.0,19.6200008392,20.0799999237,20.5699996948,8.263156288421047,1,-3.6997926008301207,2.634475672822778,-5.454547679610999,4.015831856016305,2.175103530053457,-0.6870991557914596,3.0,3.0,0.9565225804033997,0.47896881806834823,4.015831856016305,2.634475672822778
CRK,2025-01-10,train,True,True,D-1,20.0,19.8799991608,20.5699996948,20.9699993134,4.849996567000003,1,2.634475672822778,-5.454547679610999,4.015831856016305,2.175103530053457,4.4172425931886306,7.683872549711679,4.0,0.0,0.8646158071692309,2.2426024866466943,4.4172425931886306,4.015831856016305
CRK,2025-01-13,train,True,True,D-1,20.2000007629,19.9899997711,20.9699993134,21.3199996948,5.544548958418982,1,-5.454547679610999,4.015831856016305,2.175103530053457,4.4172425931886306,1.3251697781813343,6.310151602993863,4.0,0.0,0.9388376957492669,1.0060400972972339,4.4172425931886306,4.015831856016305
CRK,2025-01-14,train,True,True,D-1,19.8500003815,20.8600006104,21.3199996948,21.75,9.571786307222352,1,4.015831856016305,2.175103530053457,4.4172425931886306,1.3251697781813343,0.5533230127941824,13.065607613256592,5.0,0.0,0.8457447105343179,2.9014503768955535,4.4172425931886306,4.4172425931886306
CRK,2025-01-15,train,True,True,D-1,20.9799995422,21.1800003052,21.75,21.5300006866,3.6701643212679214,1,2.175103530053457,4.4172425931886306,1.3251697781813343,0.5533230127941824,4.35218033647895,13.431219699750763,5.0,0.0,0.9735580031172107,0.527318790897624,4.4172425931886306,4.4172425931886306
CRK,2025-01-16,train,True,True,D-1,21.0,21.5200004578,21.5300006866,21.3299999237,2.5238127933333354,0,4.4172425931886306,1.3251697781813343,0.5533230127941824,4.35218033647895,1.5340349253895047,12.719527798045371,5.0,0.0,0.9444446967570089,0.6609980527980897,4.4172425931886306,4.4172425931886306
CRK,2025-01-17,train,True,True,D-1,20.8799991608,21.3700008392,21.3299999237,22.0599994659,5.6513426845118175,1,1.3251697781813343,0.5533230127941824,4.35218033647895,1.5340349253895047,1.605288704913388,9.683993564382899,5.0,0.0,0.9025425920711865,1.068771084141118,4.35218033647895,4.35218033647895
CRK,2025-01-21,train,True,True,D-1,21.2999992371,20.9699993134,22.0599994659,21.5200004578,3.5680763193467246,1,0.5533230127941824,4.35218033647895,1.5340349253895047,1.605288704913388,-0.697024235172039,7.4949785779570455,4.0,1.0,0.8256884827522359,1.7781897326973883,4.35218033647895,4.35218033647895
CRK,2025-01-22,train,True,True,D-1,21.0,21.3099994659,21.5200004578,21.3199996948,2.476192656190479,0,4.35218033647895,1.5340349253895047,1.605288704913388,-0.697024235172039,-1.8717899395972792,4.902448992104591,3.0,2.0,0.5999998043898196,3.7196028237424628,4.35218033647895,6.907947681737758
CRK,2025-01-23,train,True,True,D-1,21.4200000763,21.2199993134,21.3199996948,19.8799991608,-0.4668551874126403,0,1.5340349253895047,1.605288704913388,-0.697024235172039,-1.8717899395972792,1.621364633439626,2.1572331847183435,3.0,0.0,0.46043141773189733,3.5194745133623417,1.621364633439626,1.8860625511639584
CRK,2025-01-24,train,True,True,D-1,21.1900005341,20.5100002289,19.8799991608,19.0900001526,-6.182167721949239,0,1.605288704913388,-0.697024235172039,-1.8717899395972792,1.621364633439626,-0.4223376572299653,0.18885272721256285,2.0,1.0,0.3956830781474466,3.958530535717575,1.621364633439626,1.605288704913388
CRK,2025-01-27,train,True,True,D-1,19.8799991608,18.8199996948,19.0900001526,19.3899993896,-2.4647876855357076,0,-0.697024235172039,-1.8717899395972792,1.621364633439626,-0.4223376572299653,-3.3458958881852907,-4.693309514005694,1.0,2.0,0.08823512910888597,7.557285322776064,1.621364633439626,5.375467200547368
CRK,2025-01-28,train,True,True,D-1,18.9200000763,19.0400009155,19.3899993896,19.8500003815,4.9154349970905065,1,-1.8717899395972792,1.621364633439626,-0.4223376572299653,-3.3458958881852907,-8.239885496045362,-11.932620703142005,1.0,3.0,0.08474557092065912,17.215727011914982,1.621364633439626,12.931448027666914
CRK,2025-01-29,train,True,True,D-1,19.2800006866,19.1299991608,19.8500003815,19.5,2.9564298475163397,0,1.621364633439626,-0.4223376572299653,-3.3458958881852907,-8.239885496045362,1.168975686863516,-9.203616886466548,2.0,4.0,0.1881722828273943,15.861336161709394,1.621364633439626,8.788596700695638
CRK,2025-01-30,train,True,True,D-1,19.2800006866,19.4300003052,19.5,19.6000003815,1.6597493957684506,0,-0.4223376572299653,-3.3458958881852907,-8.239885496045362,1.168975686863516,0.47267983704106786,-10.22994068389541,2.0,4.0,0.2484273372264085,12.49347308857931,1.168975686863516,0.0
CRK,2025-01-31,train,True,True,D-1,19.4300003052,18.5599994659,19.6000003815,18.3899993896,0.8749360454436195,0,-3.3458958881852907,-8.239885496045362,1.168975686863516,0.47267983704106786,1.5682235105098252,-8.435433864833586,3.0,4.0,0.36577191947999527,9.727222644943478,1.5682235105098252,1.168975686863516
CRK,2025-02-03,train,True,True,D-1,19.2000007629,18.6100006104,18.3899993896,18.5799999237,-3.2291709091909038,0,-8.239885496045362,1.168975686863516,0.47267983704106786,1.5682235105098252,-4.4776161895744515,-9.50756090315551,3.0,4.0,0.1428567889515348,7.112067526323029,1.5682235105098252,4.148587395723435
CRK,2025-02-04,train,True,True,D-1,18.1499996185,18.1599998474,18.5799999237,18.4300003052,2.36914773685013,0,1.168975686863516,0.47267983704106786,1.5682235105098252,-4.4776161895744515,0.26940272596380765,-1.1158293719740198,4.0,2.0,0.1788082230932447,6.663082914715424,1.5682235105098252,5.788499794193391
CRK,2025-02-05,train,True,True,D-1,18.2099990845,18.3899993896,18.4300003052,17.9200000763,1.2081341667241396,0,0.47267983704106786,1.5682235105098252,-4.4776161895744515,0.26940272596380765,-2.418058829877312,-4.6218541270321545,3.0,3.0,0.11979142346870632,9.306170420160864,1.5682235105098252,3.723393930826435
CRK,2025-02-06,train,True,True,D-1,18.3500003815,17.6100006104,17.9200000763,18.7399997711,2.1253372288383643,0,1.5682235105098252,-4.4776161895744515,0.26940272596380765,-2.418058829877312,1.266517313506066,-3.8682687070701105,3.0,4.0,0.23958284693741078,7.939102992714986,1.5682235105098252,2.750390160612215
CRK,2025-02-07,train,True,True,D-1,17.6499996185,17.3199996948,18.7399997711,18.9699993134,7.478751974115783,1,-4.4776161895744515,0.26940272596380765,-2.418058829877312,1.266517313506066,-4.241429065196756,-9.36695659398893,2.0,3.0,0.1495728028526452,11.300395809894281,1.266517313506066,3.2980329111052753
CRK,2025-02-10,train,True,True,D-1,17.6200008392,18.4899997711,18.9699993134,18.5,7.6617389892320364,1,0.26940272596380765,-2.418058829877312,1.266517313506066,-4.241429065196756,-1.6467967379213633,-6.681033441720896,2.0,4.0,0.06938776463556523,13.163976483120422,1.266517313506066,7.084895401137281
CRK,2025-02-11,train,True,True,D-1,18.5100002289,18.4200000763,18.5,18.1900005341,-0.05402608739241144,0,-2.418058829877312,1.266517313506066,-4.241429065196756,-1.6467967379213633,6.755196864416058,-0.6448191045890672,2.0,0.0,0.8427673106878667,1.3520822233364926,6.755196864416058,1.266517313506066
CRK,2025-02-12,train,True,True,D-1,18.3600006104,17.7999992371,18.1900005341,18.8799991608,2.83223601912872,0,1.266517313506066,-4.241429065196756,-1.6467967379213633,6.755196864416058,-0.3785813719122344,1.431719334167414,2.0,0.0,0.6978025663184411,2.9858807536469856,6.755196864416058,1.266517313506066
CRK,2025-02-13,train,True,True,D-1,18.0599994659,18.1700000763,18.8799991608,19.3600006104,7.198234678548032,1,-4.241429065196756,-1.6467967379213633,6.755196864416058,-0.3785813719122344,-3.365911165210689,-3.208266297353224,1.0,1.0,0.35714270745287896,6.573034418234158,6.755196864416058,10.48694668887238
CRK,2025-02-14,train,True,True,D-1,18.2600002289,18.5599994659,19.3600006104,21.0,15.005475009597301,1,-1.6467967379213633,6.755196864416058,-0.3785813719122344,-3.365911165210689,2.0786564890902692,3.1800082140217345,2.0,2.0,0.5604399059286894,4.40285764304138,6.755196864416058,8.112417271389138
CRK,2025-02-18,train,True,True,D-1,18.4799995422,18.9400005341,21.0,20.7299995422,13.636366451446346,1,6.755196864416058,-0.3785813719122344,-3.365911165210689,2.0786564890902692,2.146391788455171,7.159352153292975,3.0,3.0,0.7191780105530604,2.209050966048176,6.755196864416058,6.755196864416058
CRK,2025-02-19,train,True,True,D-1,20.4899997711,20.8099994659,20.7299995422,20.2800006866,1.1713019706252492,0,-0.3785813719122344,-3.365911165210689,2.0786564890902692,2.146391788455171,2.0474196074098616,2.433752128560629,3.0,0.0,0.7729729785463835,2.217529379388461,2.146391788455171,2.0786564890902692
CRK,2025-02-20,train,True,True,D-1,20.4599990845,20.0699996948,20.2800006866,19.4099998474,-0.8797576048591438,0,-3.365911165210689,2.0786564890902692,2.146391788455171,2.0474196074098616,9.873278136572438,12.975023776873273,4.0,0.0,0.9455585826470941,0.9130251752833773,9.873278136572438,2.146391788455171
CRK,2025-02-21,train,True,True,D-1,20.2600002289,19.5400009155,19.4099998474,19.0900001526,-4.195460868196388,0,2.0786564890902692,2.146391788455171,2.0474196074098616,9.873278136572438,-3.5559816919389586,12.752812106692147,4.0,1.0,0.7181816605456935,4.633783354969134,9.873278136572438,2.146391788455171
CRK,2025-02-24,train,True,True,D-1,18.5599994659,19.1000003815,19.0900001526,18.8999996185,2.8556072303437263,0,2.146391788455171,2.0474196074098616,9.873278136572438,-3.5559816919389586,-2.6407513072225886,7.53990552254844,3.0,2.0,0.4965519735981299,7.471847574694146,9.873278136572438,15.97610650271951
CRK,2025-02-25,train,True,True,D-1,18.9400005341,18.5599994659,18.8999996185,19.2199993134,1.4783462059353214,0,2.0474196074098616,9.873278136572438,-3.5559816919389586,-2.6407513072225886,-2.251793824896764,2.909487775536501,2.0,3.0,0.3402777180073127,9.947641782982974,9.873278136572438,14.706358993824875
CRK,2025-02-26,train,True,True,D-1,18.7299995422,18.5699996948,19.2199993134,17.9899997711,2.6161227078302485,0,9.873278136572438,-3.5559816919389586,-2.6407513072225886,-2.251793824896764,-2.827229868136749,-2.006341380592047,1.0,4.0,0.18120774867681463,13.146554980149517,9.873278136572438,14.888638442019607
CRK,2025-02-27,train,True,True,D-1,18.9899997711,17.4899997711,17.9899997711,18.5900001526,-2.1063697910557178,0,-3.5559816919389586,-2.6407513072225886,-2.251793824896764,-2.827229868136749,0.053880545192774854,-10.764054918744915,1.0,4.0,0.20295181653973582,11.631663343564025,0.053880545192774854,2.774872649810789
CRK,2025-02-28,train,True,True,D-1,17.3199996948,17.9799995422,18.5900001526,19.7199993134,13.85681097512117,1,-2.6407513072225886,-2.251793824896764,-2.827229868136749,0.053880545192774854,-5.815831671782012,-12.855007289155374,1.0,4.0,0.06999969483333264,15.951977998936995,0.053880545192774854,5.765084728401493
CRK,2025-03-03,train,True,True,D-1,18.1599998474,18.0,19.7199993134,19.0900001526,8.590305501700456,1,-2.251793824896764,-2.827229868136749,0.053880545192774854,-5.815831671782012,2.8015996427265044,-7.983629990838614,2.0,4.0,0.36444430879999995,7.953283323749338,2.8015996427265044,3.231048893586508
CRK,2025-03-04,train,True,True,D-1,18.1299991608,19.1399993896,19.0900001526,18.5499992371,5.295096724966619,1,-2.827229868136749,0.053880545192774854,-5.815831671782012,2.8015996427265044,0.11123725422270692,-5.759164186014598,3.0,2.0,0.4077671700716836,6.777773963333322,2.8015996427265044,0.053880545192774854
CRK,2025-03-05,train,True,True,D-1,18.7600002289,18.9300003052,18.5499992371,17.9699993134,-1.1194082581965636,0,0.053880545192774854,-5.815831671782012,2.8015996427265044,0.11123725422270692,6.333329942222221,3.1249996788287993,4.0,0.0,0.7734374825061,3.0303027288242745,6.333329942222221,2.8015996427265044
CRK,2025-03-06,train,True,True,D-1,18.3700008392,16.9200000763,17.9699993134,18.6900005341,1.741968863807286,0,-5.815831671782012,2.8015996427265044,0.11123725422270692,6.333329942222221,-1.0971739346768539,1.9386139812420655,3.0,1.0,0.691406573051215,4.173264635304785,6.333329942222221,2.8015996427265044
CRK,2025-03-07,train,True,True,D-1,16.8700008392,17.9699993134,18.6900005341,19.1000003815,13.218728105325628,1,2.8015996427265044,0.11123725422270692,6.333329942222221,-1.0971739346768539,-10.618067599015635,-3.2590034434525905,3.0,2.0,0.020978843744601156,16.548458773484185,6.333329942222221,17.932072805851938
CRK,2025-03-10,train,True,True,D-1,18.1599998474,17.6700000763,19.1000003815,18.7900009155,5.176214438319948,1,0.11123725422270692,6.333329942222221,-1.0971739346768539,-10.618067599015635,6.205669222015797,-0.055618626555198336,3.0,3.0,0.46153846153846156,9.738453349272236,6.333329942222221,11.404650472186994
CRK,2025-03-11,train,True,True,D-1,18.0900001526,18.3700008392,18.7900009155,18.5200004578,3.8695453675791747,1,6.333329942222221,-1.0971739346768539,-10.618067599015635,6.205669222015797,-1.6694449001803502,-1.8333329094444517,2.0,4.0,0.36923100396923086,11.601580239094478,6.333329942222221,6.333329942222221
CRK,2025-03-12,train,True,True,D-1,18.7399997711,18.1399993896,18.5200004578,18.8299999237,0.48025695677327285,0,-1.0971739346768539,-10.618067599015635,6.205669222015797,-1.6694449001803502,3.961520995344414,-4.022981060377617,2.0,0.0,0.7224337468321351,3.97386776783506,6.205669222015797,6.205669222015797
CRK,2025-03-13,train,True,True,D-1,18.0699996948,17.8999996185,18.8299999237,19.1100006104,5.755400847623049,1,-10.618067599015635,6.205669222015797,-1.6694449001803502,3.961520995344414,-1.2520492057310983,-4.1732747113743525,2.0,1.0,0.6349807596870918,5.292177641694873,6.205669222015797,6.205669222015797
CRK,2025-03-14,train,True,True,D-1,17.9599990845,18.4599990845,19.1100006104,19.3999996185,8.017820753915084,1,6.205669222015797,-1.6694449001803502,3.961520995344414,-1.2520492057310983,-1.3230417815647488,5.791959443148564,2.0,2.0,0.5437261309300842,6.7039150199744935,6.205669222015797,8.76419507519407
CRK,2025-03-17,train,True,True,D-1,18.2099990845,18.8400001526,19.3999996185,20.1299991608,10.543658280215219,1,-1.6694449001803502,3.961520995344414,-1.2520492057310983,-1.3230417815647488,3.1284887035485154,2.7267656640065363,2.0,3.0,0.6649207601397432,3.466962777573368,3.961520995344414,3.961520995344414
CRK,2025-03-18,train,True,True,D-1,18.8899993896,19.3500003815,20.1299991608,20.0799999237,6.564318746789843,1,3.961520995344414,-1.2520492057310983,-1.3230417815647488,3.1284887035485154,2.0585107635193056,6.621392593366582,3.0,0.0,0.8137928857076041,1.4331234374366009,3.961520995344414,3.961520995344414
CRK,2025-03-19,train,True,True,D-1,19.4899997711,19.9699993134,20.0799999237,20.1000003815,3.129813327676456,1,-1.2520492057310983,-1.3230417815647488,3.1284887035485154,2.0585107635193056,2.707007562468733,5.334782240231406,3.0,0.0,0.9712648025416735,0.25839398456966034,3.1284887035485154,3.1284887035485154
CRK,2025-03-20,train,True,True,D-1,19.3899993896,19.8400001526,20.1000003815,20.5799999237,6.1371870632356496,1,-1.3230417815647488,3.1284887035485154,2.0585107635193056,2.707007562468733,3.2041287838565857,10.08820278598892,4.0,0.0,0.9352227158396417,0.8012010661043956,3.2041287838565857,3.1284887035485154
CRK,2025-03-21,train,True,True,D-1,19.7600002289,19.9200000763,20.5799999237,20.3999996185,4.149795978244519,1,3.1284887035485154,2.0585107635193056,2.707007562468733,3.2041287838565857,-0.6509722847750421,10.837992041603005,4.0,1.0,0.8716817594825942,1.461688538152539,3.2041287838565857,3.1284887035485154
CRK,2025-03-24,train,True,True,D-1,19.9300003052,20.2399997711,20.3999996185,20.7299995422,4.014045282233503,1,2.0585107635193056,2.707007562468733,3.2041287838565857,-0.6509722847750421,0.4032254187735784,7.908998180968996,4.0,2.0,0.8906254811694136,1.0542122675483823,3.2041287838565857,3.45450053557943
CRK,2025-03-25,train,True,True,D-1,20.1700000763,20.2600002289,20.7299995422,19.9899997711,2.7763979364482383,0,2.707007562468733,3.2041287838565857,-0.6509722847750421,0.4032254187735784,1.6064241645296073,7.430995791721351,4.0,0.0,0.8265304533615452,1.6798426701835956,3.2041287838565857,3.2041287838565857
CRK,2025-03-26,train,True,True,D-1,20.4400005341,19.9200000763,19.9899997711,20.2199993134,-1.0763268833235862,0,3.2041287838565857,-0.6509722847750421,0.4032254187735784,1.6064241645296073,0.09881649222427402,4.702841495910404,4.0,1.0,0.7762240374100866,1.5794654056495716,3.2041287838565857,3.2041287838565857
CRK,2025-03-27,train,True,True,D-1,19.8899993896,19.8299999237,20.2199993134,20.6700000763,3.9215722002879705,1,-0.6509722847750421,0.4032254187735784,1.6064241645296073,0.09881649222427402,-1.6781843472785662,-0.2503717517228443,3.0,0.0,0.48734208543303736,4.066262363440987,1.6064241645296073,3.18745034248894
CRK,2025-03-28,train,True,True,D-1,19.6100006104,19.8400001526,20.6700000763,20.4899997711,5.405402513541158,1,0.4032254187735784,1.6064241645296073,0.09881649222427402,-1.6781843472785662,-0.4518079932493424,-0.05040437914859419,3.0,1.0,0.3525179757388301,4.538576005864514,1.6064241645296073,3.728834334035047
CRK,2025-03-31,train,True,True,D-1,19.8099994659,20.3400001526,20.4899997711,21.6399993896,9.237758571624788,1,1.6064241645296073,0.09881649222427402,-1.6781843472785662,-0.4518079932493424,0.05042979797516001,-0.4016060411324074,3.0,2.0,0.3597123881787342,4.48588398565799,1.6064241645296073,2.0080302056620147
CRK,2025-04-01,train,True,True,D-1,20.1900005341,20.3500003815,21.6399993896,21.4599990845,7.181767296395147,1,0.09881649222427402,-1.6781843472785662,-0.4518079932493424,0.05042979797516001,2.520161270938681,0.4940730367140933,3.0,3.0,0.7194247763574684,1.9174011144250214,2.520161270938681,0.09881649222427402
CRK,2025-04-02,train,True,True,D-1,20.0699996948,21.4799995422,21.4599990845,19.2800006866,6.925756905019487,1,-1.6781843472785662,-0.4518079932493424,0.05042979797516001,2.520161270938681,0.049165333456113736,0.44422582222687357,3.0,4.0,0.7266191887973751,1.8673177079910896,2.520161270938681,0.05042979797516001
CRK,2025-04-03,train,True,True,D-1,19.4500007629,20.5400009155,19.2800006866,19.4200000763,-0.15424516927128318,0,-0.4518079932493424,0.05042979797516001,2.520161270938681,0.049165333456113736,5.55282132440289,7.831322589983447,4.0,0.0,0.9304348258790323,0.7448782626166217,5.55282132440289,2.520161270938681
CRK,2025-04-04,train,True,True,D-1,19.1499996185,17.1200008392,19.4200000763,18.8999996185,1.4099240897068377,0,0.05042979797516001,2.520161270938681,0.049165333456113736,5.55282132440289,-4.376157573249784,3.5804387016231676,4.0,1.0,0.6180559740744366,5.355396421963721,5.55282132440289,2.520161270938681
CRK,2025-04-07,train,True,True,D-1,16.3700008392,17.9599990845,18.8999996185,19.5699996948,19.547945580657554,1,2.520161270938681,0.049165333456113736,5.55282132440289,-4.376157573249784,-16.650437798759697,-13.709673853220949,3.0,2.0,0.07755124442567347,26.40185939740418,5.55282132440289,25.850767301702696
CRK,2025-04-08,train,True,True,D-1,18.6399993896,17.3799991608,19.5699996948,18.7199993134,4.989272186987748,1,0.049165333456113736,5.55282132440289,-4.376157573249784,-16.650437798759697,4.906531566147132,-11.701086776028212,3.0,3.0,0.3147111662708511,20.489980471524326,5.55282132440289,18.113686543513285
CRK,2025-04-09,train,True,True,D-1,16.9300003052,19.1800003052,18.7199993134,19.4500007629,14.884822281580167,1,5.55282132440289,-4.376157573249784,-16.650437798759697,4.906531566147132,-3.2293984034807544,-14.59460031951646,2.0,4.0,0.20670371020501027,24.510934605844437,5.55282132440289,5.55282132440289
CRK,2025-04-10,train,True,True,D-1,18.5799999237,18.0499992371,19.4500007629,19.8700008392,6.942954363818465,1,-4.376157573249784,-16.650437798759697,4.906531566147132,-3.2293984034807544,10.356738960378319,-10.707631685379603,2.0,4.0,0.5606937605781775,11.887376136703498,10.356738960378319,4.906531566147132
CRK,2025-04-11,train,True,True,D-1,18.3099994659,19.3700008392,19.8700008392,19.4200000763,8.519942210841137,1,-16.650437798759697,4.906531566147132,-3.2293984034807544,10.356738960378319,-5.891559176845473,-12.122695070188538,2.0,1.0,0.5393936941992089,8.421055523236753,10.356738960378319,4.906531566147132
CRK,2025-04-14,train,True,True,D-1,19.75,19.0699996948,19.4200000763,19.9699993134,1.1139205741772074,0,4.906531566147132,-3.2293984034807544,10.356738960378319,-5.891559176845473,7.313028575573921,13.14252272025671,3.0,2.0,0.9393942721690391,1.0325185696185013,10.356738960378319,10.356738960378319
CRK,2025-04-15,train,True,True,D-1,18.8999996185,19.2999992371,19.9699993134,20.2900009155,7.35450436538323,1,-3.2293984034807544,10.356738960378319,-5.891559176845473,7.313028575573921,-1.5487926246904093,6.180404604017831,2.0,0.0,0.7484273372184967,4.195076860007196,10.356738960378319,10.356738960378319
CRK,2025-04-16,train,True,True,D-1,19.2900009155,19.7099990845,20.2900009155,19.5699996948,5.184032931779048,1,10.356738960378319,-5.891559176845473,7.313028575573921,-1.5487926246904093,1.2060804718456053,11.047181639861602,3.0,1.0,0.8207542303735486,2.9533762934264685,10.356738960378319,10.718130798618896
CRK,2025-04-17,train,True,True,D-1,19.8899993896,19.7700004578,19.5699996948,19.0,-1.6088471826063544,0,-5.891559176845473,7.313028575573921,-1.5487926246904093,1.2060804718456053,2.1243516249050742,2.763288690648813,3.0,0.0,0.8907561678246129,1.3191285691355636,7.313028575573921,7.313028575573921
CRK,2025-04-21,train,True,True,D-1,19.5,18.6399993896,19.0,19.0900001526,-2.102563320000006,0,7.313028575573921,-1.5487926246904093,1.2060804718456053,2.1243516249050742,0.304420984713194,9.52909303821301,4.0,0.0,0.7719296924969616,2.6302501044952686,7.313028575573921,7.313028575573921
CRK,2025-04-22,train,True,True,D-1,18.8500003815,18.2199993134,19.0900001526,19.0599994659,1.2732083089799007,0,-1.5487926246904093,1.2060804718456053,2.1243516249050742,0.304420984713194,-5.715736176193009,-3.768721827428423,3.0,1.0,0.1406242394116516,8.851939806503427,2.1243516249050742,7.553066716736067
CRK,2025-04-23,train,True,True,D-1,18.4300003052,18.4799995422,19.0599994659,18.3899993896,3.418335052996424,1,1.2060804718456053,2.1243516249050742,0.304420984713194,-5.715736176193009,-2.25321936670414,-4.457264787643278,3.0,2.0,0.0,11.361150823851052,2.1243516249050742,9.964519093330537
CRK,2025-04-24,train,True,True,D-1,18.4899997711,18.3600006104,18.3899993896,18.7700004578,1.5143358040363042,0,2.1243516249050742,0.304420984713194,-5.715736176193009,-2.25321936670414,1.4270046026224836,-4.248703250328267,3.0,3.0,0.2551435612986425,9.79437996828283,2.1243516249050742,2.9827199330567766
CRK,2025-04-25,train,True,True,D-1,18.0900001526,18.3899993896,18.7700004578,19.0900001526,5.52791592904589,1,0.304420984713194,-5.715736176193009,-2.25321936670414,1.4270046026224836,-0.6493448851336736,-6.849307644877789,2.0,4.0,0.20576129103795493,10.511983883087407,1.4270046026224836,0.304420984713194
CRK,2025-04-28,train,True,True,D-1,18.3600006104,18.6299991608,19.0900001526,18.5499992371,3.9760322327358155,1,-5.715736176193009,-2.25321936670414,1.4270046026224836,-0.6493448851336736,0.16339203814081937,-6.980278382621574,2.0,4.0,0.33333333329566855,6.416532595794,1.4270046026224836,1.9140184274577199
CRK,2025-04-29,train,True,True,D-1,18.4699993134,18.9099998474,18.5499992371,19.1200008392,3.519228749123049,1,-2.25321936670414,1.4270046026224836,-0.6493448851336736,0.16339203814081937,1.3050558954108782,-0.05364929789417605,3.0,3.0,0.6434103369440607,2.469141237364636,1.4270046026224836,1.4270046026224836
CRK,2025-04-30,train,True,True,D-1,18.3999996185,18.2700004578,19.1200008392,20.2999992371,10.326085097793559,1,1.4270046026224836,-0.6493448851336736,0.16339203814081937,1.3050558954108782,1.5029559807450799,3.7870502744340895,4.0,4.0,0.8604649787165234,0.9518789352330081,1.5029559807450799,1.4270046026224836
CRK,2025-05-01,train,True,True,D-1,18.4200000763,18.8700008392,20.2999992371,21.4200000763,16.286644883676928,1,-0.6493448851336736,0.16339203814081937,1.3050558954108782,1.5029559807450799,-3.3844494699348138,-1.1363587099688988,3.0,1.0,0.3643417729807023,4.48823029147718,1.5029559807450799,3.237416170324292
CRK,2025-05-02,train,True,True,D-1,19.1900005341,20.2700004578,21.4200000763,21.7700004578,13.444501573178291,1,0.16339203814081937,1.3050558954108782,1.5029559807450799,-3.3844494699348138,3.2840742548741586,2.777778931614572,4.0,0.0,0.8106062904755015,1.3248542071108815,3.2840742548741586,1.7144790295170909
CRK,2025-05-05,train,True,True,D-1,20.1599998474,21.2399997711,21.7700004578,22.4300003052,11.259922990985327,1,1.3050558954108782,1.5029559807450799,-3.3844494699348138,3.2840742548741586,7.419181538623354,10.22295340185375,4.0,0.0,0.9870694899805603,0.147995947816848,7.419181538623354,1.5029559807450799
CRK,2025-05-06,train,True,True,D-1,21.1599998474,21.5799999237,22.4300003052,23.1100006104,9.215504617499338,1,1.5029559807450799,-3.3844494699348138,3.2840742548741586,7.419181538623354,4.785393642784741,14.00966574272202,4.0,0.0,0.9476743380078884,0.8474590731630594,7.419181538623354,3.2840742548741586
CRK,2025-05-07,train,True,True,D-1,21.9599990845,22.3799991608,23.1100006104,23.3799991608,6.466302984968131,1,-3.3844494699348138,3.2840742548741586,7.419181538623354,4.785393642784741,1.600754031375362,14.119514002360534,4.0,0.0,0.9498679450662036,0.8804473344382613,7.419181538623354,7.419181538623354
CRK,2025-05-08,train,True,True,D-1,22.6299991608,22.5699996948,23.3799991608,23.8799991608,5.523641389104728,1,3.2840742548741586,7.419181538623354,4.785393642784741,1.600754031375362,3.7071327151461553,22.495887246928458,5.0,0.0,0.9883718299784369,0.22341888415966515,7.419181538623354,7.419181538623354
CRK,2025-05-09,train,True,True,D-1,22.8600006104,23.3400001526,23.8799991608,24.1299991608,5.555549066005816,1,7.419181538623354,4.785393642784741,1.600754031375362,3.7071327151461553,0.848974714587114,19.607836200588437,5.0,0.0,0.8720377347432069,2.3925605799826943,7.419181538623354,7.419181538623354
CRK,2025-05-12,train,True,True,D-1,23.6399993896,22.8199996948,24.1299991608,23.8600006104,2.0727571228938757,0,4.785393642784741,1.600754031375362,3.7071327151461553,0.848974714587114,3.411610404130405,15.145533426066837,5.0,0.0,0.9876926128615378,0.17137535534912374,4.785393642784741,4.785393642784741
CRK,2025-05-13,train,True,True,D-1,23.1499996185,23.6499996185,23.8600006104,24.3999996185,5.399568123539322,1,1.600754031375362,3.7071327151461553,0.848974714587114,3.411610404130405,-2.2279368226228224,7.438794447869124,4.0,0.0,0.6293706480048009,4.645045925401758,3.7071327151461553,3.7071327151461553
CRK,2025-05-14,train,True,True,D-1,23.2900009155,23.8199996948,24.3999996185,24.4799995422,5.109482953725575,1,3.7071327151461553,0.848974714587114,3.411610404130405,-2.2279368226228224,3.6371600999150377,9.5922136335443,4.0,0.0,0.8032787653863641,2.0295964061010974,3.7071327151461553,3.7071327151461553
CRK,2025-05-15,train,True,True,D-1,23.6900005341,24.3999996185,24.4799995422,23.9500007629,3.3347361346102833,1,0.848974714587114,3.411610404130405,-2.2279368226228224,3.6371600999150377,0.718816401870126,6.434318981218956,4.0,1.0,0.8268158448245556,1.301425146817592,3.6371600999150377,3.411610404130405
CRK,2025-05-16,train,True,True,D-1,24.4300003052,24.25,23.9500007629,24.3999996185,-0.12280264562097853,0,3.411610404130405,-2.2279368226228224,3.6371600999150377,0.718816401870126,2.434928342281295,8.108107879689609,4.0,0.0,1.0,0.0,3.6371600999150377,3.6371600999150377
CRK,2025-05-19,train,True,True,D-1,23.7900009155,23.7099990845,24.3999996185,23.9500007629,2.5640970135590413,0,-2.2279368226228224,3.6371600999150377,0.718816401870126,2.434928342281295,-0.6147525444478719,3.8988853532575085,3.0,0.0,0.8925235477553142,0.9484517204123799,3.6371600999150377,3.6371600999150377
CRK,2025-05-20,train,True,True,D-1,24.2199993134,23.7900009155,23.9500007629,23.4599990845,-1.1147752194634375,0,3.6371600999150377,0.718816401870126,2.434928342281295,-0.6147525444478719,-2.226807898969063,3.9000850201711623,3.0,1.0,0.49342090405345534,3.247576918732875,3.6371600999150377,6.4650311851131015
CRK,2025-05-21,train,True,True,D-1,23.6299991608,23.3899993896,23.4599990845,23.9899997711,1.5234897295180794,0,0.718816401870126,2.434928342281295,-0.6147525444478719,-2.226807898969063,0.3374181108775298,0.591971667054425,3.0,2.0,0.5071437037680859,2.900372426007114,2.434928342281295,4.331831783518414
CRK,2025-05-22,train,True,True,D-1,23.3099994659,23.2199993134,23.9899997711,24.7000007629,5.963111663873799,1,2.434928342281295,-0.6147525444478719,-2.226807898969063,0.3374181108775298,-1.6813850798945706,-1.8052070138937504,2.0,3.0,0.07627129595731144,4.660111932643551,2.434928342281295,3.7845686090715036
CRK,2025-05-23,train,True,True,D-1,23.4099998474,23.7600002289,24.7000007629,24.25,5.510469559628262,1,-0.6147525444478719,-2.226807898969063,0.3374181108775298,-1.6813850798945706,-0.7268066722378341,-4.836066899793434,1.0,4.0,0.23170689160602834,5.426357734958542,0.3374181108775298,2.73338944406325
CRK,2025-05-27,train,True,True,D-1,23.9500007629,24.2800006866,24.25,23.9500007629,1.2526063780537111,0,-2.226807898969063,0.3374181108775298,-1.6813850798945706,-0.7268066722378341,2.32558540683665,-2.020617612783504,2.0,3.0,0.5897438405655041,2.693600098629423,2.32558540683665,0.3374181108775298
CRK,2025-05-28,train,True,True,D-1,24.2399997711,23.7900009155,23.9500007629,23.6800003052,-1.1963655566768927,0,0.3374181108775298,-1.6813850798945706,-0.7268066722378341,2.32558540683665,2.1885540938148207,2.4040557743953084,3.0,0.0,0.7741935814568057,1.7298190462234908,2.32558540683665,0.3374181108775298
CRK,2025-05-29,train,True,True,D-1,23.8799991608,23.4799995422,23.6800003052,24.2099990845,1.3819092767880292,0,-1.6813850798945706,-0.7268066722378341,2.32558540683665,2.1885540938148207,-2.0181209112174026,0.0,2.0,1.0,0.51075293074596,3.82513582337487,2.32558540683665,2.32558540683665
CRK,2025-05-30,train,True,True,D-1,23.4899997711,23.2999992371,24.2099990845,24.2399997711,3.192848051547159,1,-0.7268066722378341,2.32558540683665,2.1885540938148207,-2.0181209112174026,-1.3030742386311522,0.38478048289312117,2.0,2.0,0.3440855804325661,5.195916714169102,2.32558540683665,5.620482942986705
CRK,2025-06-02,train,True,True,D-1,24.2099990845,23.7399997711,24.2399997711,24.5,1.1978559540122724,0,2.32558540683665,2.1885540938148207,-2.0181209112174026,-1.3030742386311522,-0.7666111951002863,0.34453025868022014,2.0,3.0,0.1139230421470433,6.008590436221195,2.32558540683665,4.385281327574287
CRK,2025-06-03,train,True,True,D-1,23.5900001526,23.8199996948,24.5,24.4500007629,3.857566093740372,1,2.1885540938148207,-2.0181209112174026,-1.3030742386311522,-0.7666111951002863,1.8884143708442602,-0.0841770101318251,2.0,4.0,0.3924044062281364,4.043812135873148,2.1885540938148207,2.1885540938148207
CRK,2025-06-04,train,True,True,D-1,23.7399997711,23.75,24.4500007629,25.0499992371,5.518110693474965,1,-2.0181209112174026,-1.3030742386311522,-0.7666111951002863,1.8884143708442602,0.33698367511101335,-1.894567457956764,2.0,4.0,0.6194684738565871,1.8052070138937504,1.8884143708442602,0.0
CRK,2025-06-05,train,True,True,D-1,23.9699993134,24.2299995422,25.0499992371,24.6700000763,4.505631850795444,1,-1.3030742386311522,-0.7666111951002863,1.8884143708442602,0.33698367511101335,-0.29386941938240874,-0.16814171484094143,2.0,0.0,0.45652140863243945,3.157894736842115,1.8884143708442602,1.8884143708442602
CRK,2025-06-06,train,True,True,D-1,24.2900009155,24.4599990845,24.6700000763,24.7299995422,1.811439317069885,0,-0.7666111951002863,1.8884143708442602,0.33698367511101335,-0.29386941938240874,2.0210507040000047,3.194207898735457,3.0,1.0,0.8043473753683472,1.1143230000056459,2.0210507040000047,1.8884143708442602
CRK,2025-06-09,train,True,True,D-1,24.6000003815,24.2399997711,24.7299995422,24.4699993134,0.5284518645689351,0,1.8884143708442602,0.33698367511101335,-0.29386941938240874,2.0210507040000047,0.9492346126520612,4.9785402806063805,4.0,0.0,0.654970486272212,2.4121021041815016,2.0210507040000047,1.8884143708442602
CRK,2025-06-10,train,True,True,D-1,24.2999992371,24.0400009155,24.4699993134,25.6499996185,5.555557299519953,1,0.33698367511101335,-0.29386941938240874,2.0210507040000047,0.9492346126520612,-0.8994248635905033,2.106149978184413,3.0,1.0,0.5263158481533093,3.3415819870003416,2.0210507040000047,2.0210507040000047
CRK,2025-06-11,train,True,True,D-1,24.4200000763,23.9400005341,25.6499996185,26.1599998474,7.125306165697753,1,-0.29386941938240874,2.0210507040000047,0.9492346126520612,-0.8994248635905033,-0.8250777949199817,0.9235987553267044,2.0,2.0,0.40935739044835706,4.201323973115145,2.0210507040000047,3.738132407679018
CRK,2025-06-12,train,True,True,D-1,24.1900005341,25.6200008392,26.1599998474,26.5,9.54939815996967,1,2.0210507040000047,0.9492346126520612,-0.8994248635905033,-0.8250777949199817,-0.4159749483849673,0.8000022488421132,2.0,3.0,0.3508776039347653,4.636585957543837,2.0210507040000047,3.258671330373397
CRK,2025-06-13,train,True,True,D-1,25.8600006104,25.3299999237,26.5,28.8799991608,11.678261713518534,1,0.9492346126520612,-0.8994248635905033,-0.8250777949199817,-0.4159749483849673,7.017544977524182,5.736695514909584,2.0,0.0,0.9851491225233887,0.1170912502629573,7.017544977524182,0.9492346126520612
CRK,2025-06-16,train,True,True,D-1,25.6599998474,26.4599990845,28.8799991608,30.8999996185,20.420887771871676,1,-0.8994248635905033,-0.8250777949199817,-0.4159749483849673,7.017544977524182,-1.1319317174115051,3.556831037460295,1.0,0.0,0.6719368780822684,3.2767466490333907,7.017544977524182,0.0
CRK,2025-06-17,train,True,True,D-1,27.1900005341,28.8600006104,30.8999996185,31.1499996185,14.564174353117853,1,-0.8250777949199817,-0.4159749483849673,7.017544977524182,-1.1319317174115051,4.461110004752578,9.158413095559448,2.0,0.0,0.9856627590056436,0.15117504491310996,7.017544977524182,7.017544977524182
CRK,2025-06-18,train,True,True,D-1,29.4300003052,30.7399997711,31.1499996185,31.1700000763,5.912333513610446,1,-0.4159749483849673,7.017544977524182,-1.1319317174115051,4.461110004752578,9.070300865225267,20.049914772641575,3.0,0.0,0.9961318084903564,0.06929504496542283,9.070300865225267,7.017544977524182
CRK,2025-06-20,train,True,True,D-1,30.75,30.5,31.1700000763,29.6900005341,1.3658539066666586,0,7.017544977524182,-1.1319317174115051,4.461110004752578,9.070300865225267,6.514203468251223,28.404340372984183,4.0,0.0,0.9777468935303417,0.5204939772004202,9.070300865225267,7.017544977524182
CRK,2025-06-23,train,True,True,D-1,30.9200000763,29.7099990845,29.6900005341,29.4099998474,-3.9780062715549125,0,-1.1319317174115051,4.461110004752578,9.070300865225267,6.514203468251223,-0.7807409658006303,19.04761514813589,3.0,0.0,0.907142911642857,2.131146290163932,9.070300865225267,9.070300865225267
CRK,2025-06-24,train,True,True,D-1,29.3299999237,29.5699996948,29.4099998474,28.8400001526,0.2727580085513548,0,4.461110004752578,9.070300865225267,6.514203468251223,-0.7807409658006303,-2.5901669360655744,17.291745653350187,3.0,0.0,0.7465276156631651,4.9141738027238535,9.070300865225267,12.420986272738988
CRK,2025-06-25,train,True,True,D-1,29.3999996185,28.3299999237,28.8400001526,28.7800006866,-1.9047601128117764,0,9.070300865225267,6.514203468251223,-0.7807409658006303,-2.5901669360655744,-0.47121977116801883,11.753593038186484,2.0,1.0,0.6521738589555811,5.4108907609538015,9.070300865225267,12.119482193749853
CRK,2025-06-26,train,True,True,D-1,28.1800003052,28.3999996185,28.7800006866,28.3999996185,2.1291709542291315,0,6.514203468251223,-0.7807409658006303,-2.5901669360655744,-0.47121977116801883,-4.193438565770624,-1.836454177028013,1.0,2.0,0.013888548560858435,10.02470935492006,6.514203468251223,11.159101493576173
CRK,2025-06-27,train,True,True,D-1,28.4699993134,28.7600002289,28.3999996185,27.4899997711,-0.24587178288778544,0,-0.7807409658006303,-2.5901669360655744,-0.47121977116801883,-4.193438565770624,0.24708681605551952,-7.612232173143784,1.0,3.0,0.09477093422129301,9.753522869752418,0.24708681605551952,3.95671318355052
CRK,2025-06-30,train,True,True,D-1,28.1599998474,27.6700000763,27.4899997711,25.7000007629,-2.379261647481379,0,-2.5901669360655744,-0.47121977116801883,-4.193438565770624,0.24708681605551952,1.2676078001264912,-5.704917282295074,2.0,4.0,0.21241821305639497,8.379693422179702,1.2676078001264912,0.0
CRK,2025-07-01,oos,True,True,D-1,27.4799995422,25.2600002289,25.7000007629,24.9799995422,-6.477433802597132,0,-0.47121977116801883,-4.193438565770624,0.24708681605551952,1.2676078001264912,-3.789986592227823,-6.86637183124078,2.0,4.0,0.12173936842143132,7.300326896385445,1.2676078001264912,2.81750777382368
CRK,2025-07-02,oos,True,True,D-1,25.3799991608,24.8500003815,24.9799995422,24.2099990845,-1.5760426785900283,0,-4.193438565770624,0.24708681605551952,1.2676078001264912,-3.789986592227823,-8.709793425205737,-14.575581705731055,2.0,4.0,0.07982274770034882,16.42913531628547,1.2676078001264912,13.437287814534004
CRK,2025-07-03,oos,True,True,D-1,24.9799995422,24.0100002289,24.2099990845,23.8600006104,-3.082467861535376,0,0.24708681605551952,1.2676078001264912,-3.789986592227823,-8.709793425205737,-1.6231189377857613,-12.283796511022016,2.0,4.0,0.05896226733407147,16.056336860543553,1.2676078001264912,11.459149856591445
CRK,2025-07-07,oos,True,True,D-1,23.8099994659,23.7700004578,23.8600006104,23.2299995422,0.21000061159854866,0,1.2676078001264912,-3.789986592227823,-8.709793425205737,-1.6231189377857613,-3.3802822523308684,-15.457744537222872,1.0,4.0,0.06653622543893216,19.866723915972795,1.2676078001264912,6.216142988854923
CRK,2025-07-08,oos,True,True,D-1,23.7999992371,23.1200008392,23.2299995422,22.2000007629,-2.394956778029933,0,-3.789986592227823,-8.709793425205737,-1.6231189377857613,-3.3802822523308684,-0.9995825439898298,-17.350485853215368,0.0,4.0,0.035416688192277536,19.478330128431676,-0.9995825439898298,4.346076084988814
CRK,2025-07-09,oos,True,True,D-1,22.75,22.6800003052,22.2000007629,22.6299991608,-0.5274762162637336,0,-8.709793425205737,-1.6231189377857613,-3.3802822523308684,-0.9995825439898298,-2.7345376780870234,-16.443799149090644,0.0,4.0,0.04376384600803633,18.901378777161028,-0.9995825439898298,3.7067862607878754
CRK,2025-07-10,oos,True,True,D-1,21.8199996948,22.1499996185,22.6299991608,23.9099998474,9.578369302626877,1,-1.6231189377857613,-3.3802822523308684,-0.9995825439898298,-2.7345376780870234,-1.903116427461271,-10.213776327476909,0.0,4.0,0.1143693276107803,13.315698487921024,-0.9995825439898298,4.5856126697815025
CRK,2025-07-11,oos,True,True,D-1,22.1900005341,22.3999996185,23.9099998474,23.9599990845,7.976559296066688,1,-3.3802822523308684,-0.9995825439898298,-2.7345376780870234,-1.903116427461271,-2.336863666525091,-10.865194050500138,0.0,4.0,0.23924719190619526,12.776523577618226,-0.9995825439898298,4.195506857661357
CRK,2025-07-14,oos,True,True,D-1,22.6700000763,23.8600006104,23.9599990845,24.0400009155,6.043232618389993,1,-0.9995825439898298,-2.7345376780870234,-1.903116427461271,-2.336863666525091,1.1286681909971508,-6.705541836947171,1.0,4.0,0.38644062096360887,8.080354896547126,1.1286681909971508,1.23457091239898
CRK,2025-07-15,oos,True,True,D-1,23.75,23.1100006104,24.0400009155,23.4599990845,1.2210564863157858,0,-2.7345376780870234,-1.903116427461271,-2.336863666525091,1.1286681909971508,6.5178616819894675,0.37862915804223185,2.0,0.0,0.9811323606799978,0.20955253864582968,6.5178616819894675,0.0
CRK,2025-07-16,oos,True,True,D-1,23.7999992371,23.3400001526,23.4599990845,23.6499996185,-0.6302505185217688,0,-1.903116427461271,-2.336863666525091,1.1286681909971508,6.5178616819894675,-3.143336046995293,-0.04325358320508288,2.0,0.0,0.6851856168986736,3.6780547453446832,6.5178616819894675,1.1286681909971508
CRK,2025-07-17,oos,True,True,D-1,23.3500003815,23.2600002289,23.6499996185,22.7600002289,1.2847932852184885,0,-2.336863666525091,1.1286681909971508,6.5178616819894675,-3.143336046995293,0.9952381485290651,2.9100521980534255,3.0,0.0,0.7482012266133227,2.999146350999582,6.5178616819894675,8.697243259931863
CRK,2025-07-18,oos,True,True,D-1,23.6499996185,23.1599998474,22.7600002289,21.6900005341,-3.763211010387524,0,1.1286681909971508,6.5178616819894675,-3.143336046995293,0.9952381485290651,-0.3427588825062,5.011289523783602,3.0,1.0,0.6372092404569405,3.3533993074981394,6.5178616819894675,6.5178616819894675
CRK,2025-07-21,oos,True,True,D-1,22.7600002289,21.0200004578,21.6900005341,20.9699993134,-4.701228840241156,0,6.5178616819894675,-3.143336046995293,0.9952381485290651,-0.3427588825062,-0.4299242498534084,3.392858222516759,2.0,2.0,0.38461476898883645,3.799659213723139,6.5178616819894675,7.289071210794651
CRK,2025-07-22,oos,True,True,D-1,20.8600006104,21.3500003815,20.9699993134,21.4200000763,2.6845611194316277,0,-3.143336046995293,0.9952381485290651,-0.3427588825062,-0.4299242498534084,-9.240066509932399,-11.902766470852955,1.0,3.0,0.013072188773843118,14.367271131905968,0.9952381485290651,10.625503621686095
CRK,2025-07-23,oos,True,True,D-1,20.7999992371,20.5499992371,21.4200000763,21.1100006104,2.980773374713075,0,0.9952381485290651,-0.3427588825062,-0.4299242498534084,-9.240066509932399,1.5699329995853883,-7.615751546574878,2.0,4.0,0.18237088587825334,12.599533891956805,1.5699329995853883,8.81043451219915
CRK,2025-07-24,oos,True,True,D-1,20.8700008392,21.2099990845,21.1100006104,21.0599994659,1.1499748996138592,0,-0.3427588825062,-0.4299242498534084,-9.240066509932399,1.5699329995853883,-3.7470778927629844,-11.953731350722386,1.0,3.0,0.0402474239087527,15.085160566835487,1.5699329995853883,2.2359715055362606
CRK,2025-07-25,oos,True,True,D-1,21.0400009155,20.7399997711,21.0599994659,21.3700008392,1.568440633749657,0,-0.4299242498534084,-9.240066509932399,1.5699329995853883,-3.7470778927629844,3.2116782087683537,-8.813418418856767,2.0,4.0,0.24458177095032096,11.504010557846378,3.2116782087683537,2.225676767727469
CRK,2025-07-28,oos,True,True,D-1,20.9300003052,20.6599998474,21.3700008392,21.2700004578,2.1022481012132666,0,-9.240066509932399,1.5699329995853883,-3.7470778927629844,3.2116782087683537,-2.215932737797577,-10.449050484651357,2.0,4.0,0.13675199740668584,9.73963587316311,3.2116782087683537,1.5699329995853883
CRK,2025-07-29,oos,True,True,D-1,20.7800006866,21.0300006866,21.2700004578,20.5599994659,2.3580353946569987,0,1.5699329995853883,-3.7470778927629844,3.2116782087683537,-2.215932737797577,-0.3857276980854807,-1.7126574812533324,2.0,4.0,0.2797199532373923,4.985482547472642,3.2116782087683537,5.804791178310786
CRK,2025-07-30,oos,True,True,D-1,20.6000003815,20.7900009155,20.5599994659,17.7700004578,-0.19417919834566755,0,-3.7470778927629844,3.2116782087683537,-2.215932737797577,-0.3857276980854807,1.7909043655998103,-1.4988275839904919,2.0,3.0,0.6637935853404332,1.854490618007909,3.2116782087683537,3.2116782087683537
CRK,2025-07-31,oos,True,True,D-1,20.4200000763,17.8700008392,17.7700004578,16.5699996948,-12.977471148864794,0,3.2116782087683537,-2.215932737797577,-0.3857276980854807,1.7909043655998103,-1.141225693125758,1.1678914224323211,2.0,4.0,0.45689720372630316,3.030298860305991,3.2116782087683537,3.2116782087683537
CRK,2025-08-01,oos,True,True,D-1,17.6800003052,16.4099998474,16.5699996948,16.3600006104,-6.278283887096592,0,-2.215932737797577,-0.3857276980854807,1.7909043655998103,-1.141225693125758,-14.045213793728074,-15.747281421340709,1.0,2.0,0.035812955881041914,19.58589723354869,1.7909043655998103,16.817056263985176
CRK,2025-08-04,oos,True,True,D-1,16.1700000763,16.2099990845,16.3600006104,16.4699993134,1.8552828428226364,0,-0.3857276980854807,1.7909043655998103,-1.141225693125758,-14.045213793728074,-8.170122681792547,-20.87753120293475,1.0,3.0,0.03313840953311256,30.22547859795295,1.7909043655998103,22.858729643252797
CRK,2025-08-05,oos,True,True,D-1,16.3199996948,16.2600002289,16.4699993134,16.5499992371,1.4093109473113818,0,1.7909043655998103,-1.141225693125758,-14.045213793728074,-8.170122681792547,-1.2187737035944446,-21.53921004728381,1.0,4.0,0.03007515022868488,31.832214966834837,1.7909043655998103,11.080225444189718
CRK,2025-08-06,oos,True,True,D-1,16.3799991608,16.2600002289,16.5499992371,16.4200000763,1.0378515568354674,0,-1.141225693125758,-14.045213793728074,-8.170122681792547,-1.2187737035944446,0.30845865036359665,-22.681884460134004,1.0,4.0,0.07222227814340984,30.81180909207728,0.30845865036359665,0.9140744661479516
CRK,2025-08-07,oos,True,True,D-1,16.3400001526,16.0799999237,16.4200000763,15.9899997711,0.48959561170671684,0,-14.045213793728074,-8.170122681792547,-1.2187737035944446,0.30845865036359665,0.0,-21.789324132365252,1.0,4.0,0.08315573095958656,26.445259387864684,0.30845865036359665,0.0
CRK,2025-08-08,oos,True,True,D-1,16.1700000763,15.9399995804,15.9899997711,15.6999998093,-1.1131744239372021,0,-8.170122681792547,-1.2187737035944446,0.30845865036359665,0.0,-1.1070129315255084,-10.016792565411725,1.0,4.0,0.11052630255623704,10.509953620143598,0.30845865036359665,1.415471581889105
CRK,2025-08-11,oos,True,True,D-1,15.8299999237,15.7600002289,15.6999998093,15.8000001907,-0.18951189604926588,0,-1.2187737035944446,0.30845865036359665,0.0,-1.1070129315255084,-0.8706489052506594,-2.864108905366436,1.0,4.0,0.09999959125703138,3.9523220262480674,0.30845865036359665,2.2764822911704563
CRK,2025-08-12,oos,True,True,D-1,15.5,15.5500001907,15.8000001907,16.1800003052,4.3870987432258035,1,0.30845865036359665,0.0,-1.1070129315255084,-0.8706489052506594,-1.1292305912060985,-2.776057254872344,1.0,2.0,0.11236005626218157,5.012683989377953,0.30845865036359665,2.298506513040266
CRK,2025-08-13,oos,True,True,D-1,15.8000001907,15.6800003052,16.1800003052,16.3999996185,3.7974646870774453,1,0.0,-1.1070129315255084,-0.8706489052506594,-1.1292305912060985,-1.3324875326772512,-4.3665438388990285,0.0,3.0,0.18032818919125781,6.430861955860734,0.0,2.4466712670403568
CRK,2025-08-14,oos,True,True,D-1,15.5799999237,15.9300003052,16.3999996185,15.2100000381,5.2631559615904155,1,-1.1070129315255084,-0.8706489052506594,-1.1292305912060985,-1.3324875326772512,0.8360135878181518,-3.567035150892117,1.0,4.0,0.3149612034561108,5.548462467895998,0.8360135878181518,0.5076137216882715
CRK,2025-08-15,oos,True,True,D-1,16.2000007629,15.9399995804,15.2100000381,15.3400001526,-5.30864549259471,0,-0.8706489052506594,-1.1292305912060985,-1.3324875326772512,0.8360135878181518,1.5943877240684134,-0.9328334528094118,2.0,4.0,0.570175768823385,3.075955817402276,1.5943877240684134,0.0
CRK,2025-08-18,oos,True,True,D-1,15.2100000381,15.029999733,15.3400001526,15.5200004578,2.038135561627019,0,-1.1292305912060985,-1.3324875326772512,0.8360135878181518,1.5943877240684134,0.06277008793738048,0.0,3.0,0.0,0.5892856382796476,2.8858221468563983,1.5943877240684134,0.8360135878181518
CRK,2025-08-19,oos,True,True,D-1,14.7700004578,15.1899995804,15.5200004578,15.6700000763,6.093429861911148,1,-1.3324875326772512,0.8360135878181518,1.5943877240684134,0.06277008793738048,-5.708907599464097,-4.631982774729638,3.0,1.0,0.21714292257142834,9.11510252719443,1.5943877240684134,7.244108721915565
CRK,2025-08-20,oos,True,True,D-1,15.0900001526,15.4099998474,15.6700000763,15.5399999619,3.843604491946051,1,0.8360135878181518,1.5943877240684134,0.06277008793738048,-5.708907599464097,1.0645365950918917,-2.315116436559961,4.0,2.0,0.3085714067999997,7.965767422806858,1.5943877240684134,6.2995321390168835
CRK,2025-08-21,oos,True,True,D-1,15.4300003052,15.6199998856,15.5399999619,15.4399995804,0.7128947149983356,0,1.5943877240684134,0.06277008793738048,-5.708907599464097,1.0645365950918917,1.4483230617324816,-1.7219416616366945,4.0,3.0,0.43428584508571383,6.42439831864785,1.5943877240684134,1.5943877240684134
CRK,2025-08-22,oos,True,True,D-1,15.3900003433,15.3599996567,15.4399995804,15.9300003052,3.5087716039921224,1,0.06277008793738048,-5.708907599464097,1.0645365950918917,1.4483230617324816,1.362751721476707,-1.9460164071610664,4.0,4.0,0.5542858669142855,4.993596277930057,1.4483230617324816,1.0645365950918917
CRK,2025-08-25,oos,True,True,D-1,15.1099996567,15.3000001907,15.9300003052,16.4099998474,8.603575249742402,1,-5.708907599464097,1.0645365950918917,1.4483230617324816,1.362751721476707,-1.6645341280680404,-3.638644535556801,3.0,1.0,0.6960781564072743,2.018231943545512,1.4483230617324816,1.7727889358086335
CRK,2025-08-26,oos,True,True,D-1,15.4099998474,15.8699998856,16.4099998474,16.4500007629,6.748870381562466,1,1.0645365950918917,1.4483230617324816,1.362751721476707,-1.6645341280680404,-0.39062153216798956,1.7964102627838763,3.0,2.0,0.6224492873748972,2.418299875740537,1.4483230617324816,3.4969766932539947
CRK,2025-08-27,oos,True,True,D-1,15.9899997711,15.7700004578,16.4500007629,16.2900009155,2.8768042425578733,0,1.4483230617324816,1.362751721476707,-1.6645341280680404,-0.39062153216798956,3.7254881555261132,4.476631494298533,3.0,0.0,0.9444440520010015,0.37807448035611646,3.7254881555261132,1.4483230617324816
CRK,2025-08-28,oos,True,True,D-1,15.720000267,16.3500003815,16.2900009155,16.3899993896,4.262080860179673,1,1.362751721476707,-1.6645341280680404,-0.39062153216798956,3.7254881555261132,-0.6301161217445062,2.336149344354088,2.0,0.0,0.5428574542857989,4.058334629175309,3.7254881555261132,1.362751721476707
CRK,2025-08-29,oos,True,True,D-1,16.2299995422,16.1299991608,16.3899993896,16.6299991608,2.464569500202085,0,-1.6645341280680404,-0.39062153216798956,3.7254881555261132,-0.6301161217445062,3.67786878162788,4.673498727570302,2.0,0.0,0.9305553164468473,0.6116231135575356,3.7254881555261132,3.7254881555261132
CRK,2025-09-02,oos,True,True,D-1,15.8400001526,16.3700008392,16.6299991608,16.0400009155,4.987367427962619,1,-0.39062153216798956,3.7254881555261132,-0.6301161217445062,3.67786878162788,-1.3455731838938,5.013017716859958,2.0,1.0,0.7777767476161231,1.9838910027824674,3.7254881555261132,3.7254881555261132
CRK,2025-09-03,oos,True,True,D-1,16.4799995422,15.8100004196,16.0400009155,16.0400009155,-2.669894653657645,0,3.7254881555261132,-0.6301161217445062,3.67786878162788,-1.3455731838938,1.4879212082246296,6.993468203682718,3.0,2.0,0.9424461122721215,0.48869834819085245,3.7254881555261132,3.7254881555261132
CRK,2025-09-04,oos,True,True,D-1,15.8800001144,15.9899997711,16.0400009155,16.2700004578,2.4559215402419676,0,-0.6301161217445062,3.67786878162788,-1.3455731838938,1.4879212082246296,-3.42089426323674,-0.3780684715344096,2.0,0.0,0.26126153212270864,5.186582665636297,3.67786878162788,5.661742047893625
CRK,2025-09-05,oos,True,True,D-1,15.8900003433,15.8999996185,16.2700004578,15.779999733,2.391441826873364,0,3.67786878162788,-1.3455731838938,1.4879212082246296,-3.42089426323674,1.1385157920480005,1.3950495048412392,3.0,1.0,0.4234232995315495,4.00249780401325,3.67786878162788,5.999194674232832
CRK,2025-09-08,oos,True,True,D-1,16.0699996948,15.4499998093,15.779999733,15.8500003815,-1.369006331538325,0,-1.3455731838938,1.4879212082246296,-3.42089426323674,1.1385157920480005,-0.5628527447677945,-2.7522981804280144,2.0,2.0,0.3240738532996868,4.59119220009685,1.4879212082246296,1.4879212082246296
CRK,2025-09-09,oos,True,True,D-1,15.5100002289,15.3999996185,15.8500003815,16.0300006866,3.352678594621028,1,1.4879212082246296,-3.42089426323674,1.1385157920480005,-0.5628527447677945,-2.8301875471519966,-4.215743254051574,2.0,3.0,0.06349203945954704,7.637536349933871,1.4879212082246296,4.865031711853196
CRK,2025-09-10,oos,True,True,D-1,15.2700004578,15.8500003815,16.0300006866,16.5400009155,8.316964110182944,1,-3.42089426323674,1.1385157920480005,-0.5628527447677945,-2.8301875471519966,-0.32362583441523096,-5.925480580167164,1.0,4.0,0.05384595067621206,7.987010212795087,1.1385157920480005,4.283169955550237
CRK,2025-09-11,oos,True,True,D-1,15.6599998474,16.0,16.5400009155,16.3199996948,5.619419391285008,1,1.1385157920480005,-0.5628527447677945,-2.8301875471519966,-0.32362583441523096,2.9220829490113287,0.253004179875993,2.0,2.0,0.6250002128904655,2.6498426889012494,2.9220829490113287,1.1385157920480005
CRK,2025-09-12,oos,True,True,D-1,16.1800003052,15.9499998093,16.3199996948,17.1100006104,5.747838613458578,1,-0.5628527447677945,-2.8301875471519966,-0.32362583441523096,2.9220829490113287,0.9463698100290241,0.06254051934431182,2.0,3.0,0.758928343331645,1.6875028612499898,2.9220829490113287,0.0
CRK,2025-09-15,oos,True,True,D-1,15.9799995422,16.2399997711,17.1100006104,17.6800003052,10.638302951828237,1,-2.8301875471519966,-0.32362583441523096,2.9220829490113287,0.9463698100290241,-0.31250119187500314,0.31446661635023965,2.0,0.0,0.5755391685796392,3.699066540778184,2.9220829490113287,2.9220829490113287
CRK,2025-09-16,oos,True,True,D-1,16.2900009155,17.0699996948,17.6800003052,17.3400001526,8.532838008482923,1,-0.32362583441523096,2.9220829490113287,0.9463698100290241,-0.31250119187500314,1.8181816004217755,5.113268424278328,3.0,1.0,0.7841720399488232,1.8472977132294677,2.9220829490113287,2.9220829490113287
CRK,2025-09-17,oos,True,True,D-1,17.1700000763,17.1499996185,17.3400001526,17.1399993896,0.9900994498809101,0,2.9220829490113287,0.9463698100290241,-0.31250119187500314,1.8181816004217755,5.110837040632421,10.844156608249712,4.0,0.0,0.9795913799200561,0.23433460055763966,5.110837040632421,2.9220829490113287
CRK,2025-09-18,oos,True,True,D-1,17.2800006866,17.0499992371,17.1399993896,17.9200000763,3.7037000247129193,1,0.9463698100290241,-0.31250119187500314,1.8181816004217755,5.110837040632421,0.46865802653981437,8.201887733184865,4.0,0.0,0.7601806888964247,3.0903830815732336,5.110837040632421,1.8181816004217755
CRK,2025-09-19,oos,True,True,D-1,17.0499992371,16.8999996185,17.9200000763,18.9200000763,10.967747348228407,1,-0.31250119187500314,1.8181816004217755,5.110837040632421,0.46865802653981437,-0.5830926158862937,6.5624952318749985,3.0,1.0,0.7083328182368461,3.6950210926059546,5.110837040632421,5.228004340325421
CRK,2025-09-22,oos,True,True,D-1,16.8999996185,17.6700000763,18.9200000763,19.7800006866,17.041426823154104,1,1.8181816004217755,5.110837040632421,0.46865802653981437,-0.5830926158862937,-0.8797631983091692,5.95611172763828,3.0,2.0,0.638888545460367,4.615388782885854,5.110837040632421,6.568563020581253
CRK,2025-09-23,oos,True,True,D-1,17.8999996185,18.8199996948,19.7800006866,19.7000007629,10.50279948697308,1,5.110837040632421,0.46865802653981437,-0.5830926158862937,-0.8797631983091692,4.556215829479071,8.805420722633063,3.0,0.0,0.8571428571428571,1.41482738494898,5.110837040632421,5.110837040632421
CRK,2025-09-24,oos,True,True,D-1,19.0,19.2000007629,19.7000007629,19.9799995422,5.15789232736843,1,0.46865802653981437,-0.5830926158862937,-0.8797631983091692,4.556215829479071,6.5082038117387775,10.251904108311717,3.0,0.0,0.953916876505135,0.5313516637708959,6.5082038117387775,0.46865802653981437
CRK,2025-09-25,oos,True,True,D-1,19.3299999237,19.3700008392,19.9799995422,20.4400005341,5.742372554482311,1,-0.5830926158862937,-0.8797631983091692,4.556215829479071,6.5082038117387775,2.019134294699243,11.95335970846687,3.0,0.0,0.8085809266430148,3.0208328159065934,6.5082038117387775,4.556215829479071
CRK,2025-09-26,oos,True,True,D-1,19.2700004578,19.7099990845,20.4400005341,20.7000007629,7.420862849648624,1,-0.8797631983091692,4.556215829479071,6.5082038117387775,2.019134294699243,0.8854170288810082,13.60704812849367,4.0,1.0,0.8646865496720176,2.116674391517148,6.5082038117387775,6.5082038117387775
CRK,2025-09-29,oos,True,True,D-1,19.7099990845,20.2399997711,20.7000007629,21.5599994659,9.386100798222973,1,4.556215829479071,6.5082038117387775,2.019134294699243,0.8854170288810082,1.7552825532765715,16.62721615049012,5.0,0.0,0.9156248267940786,1.3698653994983045,6.5082038117387775,6.5082038117387775
CRK,2025-09-30,oos,True,True,D-1,20.1399993896,19.8299999237,21.5599994659,21.8299999237,8.391264078054995,1,6.5082038117387775,2.019134294699243,0.8854170288810082,1.7552825532765715,2.688993968633868,14.544423790054362,5.0,0.0,0.9233713730935295,0.9881460734282088,6.5082038117387775,6.5082038117387775
CRK,2025-10-01,oos,True,True,D-1,19.7199993134,21.3400001526,21.8299999237,21.5,10.699800627610712,1,2.019134294699243,0.8854170288810082,1.7552825532765715,2.688993968633868,-2.025690968561289,5.366632546646999,4.0,0.0,0.5271734961445883,4.3872962306984675,2.688993968633868,2.019134294699243
CRK,2025-10-02,oos,True,True,D-1,21.4799995422,21.1599998474,21.5,22.0900001526,2.8398539264471445,0,0.8854170288810082,1.7552825532765715,2.688993968633868,-2.025690968561289,7.614726347503953,11.145829711814903,4.0,0.0,0.9185187383128501,1.0309246097788716,7.614726347503953,2.688993968633868
CRK,2025-10-03,oos,True,True,D-1,21.1900005341,21.4300003052,22.0900001526,22.0200004578,4.247284548443853,1,1.7552825532765715,2.688993968633868,-2.025690968561289,7.614726347503953,-0.8434878346430863,9.241088955337041,3.0,0.0,0.7490636490061588,3.166351990226146,7.614726347503953,2.688993968633868
CRK,2025-10-06,oos,True,True,D-1,21.6800003052,21.2600002289,22.0200004578,21.6700000763,1.5682663644541073,0,2.688993968633868,-2.025690968561289,7.614726347503953,-0.8434878346430863,1.2759946112814946,8.726541352569672,3.0,1.0,0.8312238494248712,1.8665404237205863,7.614726347503953,7.614726347503953
CRK,2025-10-07,oos,True,True,D-1,21.3400001526,21.8099994659,21.6700000763,21.0400009155,1.5463913839747212,0,-2.025690968561289,7.614726347503953,-0.8434878346430863,1.2759946112814946,-0.7932807927153784,5.039528010550809,2.0,0.0,0.6653225496309134,3.9040447542974643,7.614726347503953,7.614726347503953
CRK,2025-10-08,oos,True,True,D-1,21.6399993896,20.5900001526,21.0400009155,19.7199993134,-2.772636280148677,0,7.614726347503953,-0.8434878346430863,1.2759946112814946,-0.7932807927153784,2.5870142571887245,9.984869136754671,3.0,1.0,0.8847733944309302,1.283817943864607,7.614726347503953,7.614726347503953
CRK,2025-10-09,oos,True,True,D-1,20.7900009155,19.7800006866,19.7199993134,19.6800003052,-5.146712626175298,0,-0.8434878346430863,1.2759946112814946,-0.7932807927153784,2.5870142571887245,-5.593761316718382,-3.514526685271002,2.0,2.0,0.11764745484411213,7.285089795449018,2.5870142571887245,4.427453073587772
CRK,2025-10-10,oos,True,True,D-1,19.4799995422,18.4200000763,19.6800003052,19.6499996185,1.0266979861407677,0,1.2759946112814946,-0.7932807927153784,2.5870142571887245,-5.593761316718382,-3.9339458960504947,-6.521735211494184,2.0,3.0,0.07968157157804331,11.67845998895698,2.5870142571887245,11.894665926203697
CRK,2025-10-13,oos,True,True,D-1,18.5,19.5900001526,19.6499996185,19.7399997711,6.702701465405392,1,-0.7932807927153784,2.5870142571887245,-5.593761316718382,-3.9339458960504947,-6.875634798240105,-14.045731152741158,1.0,4.0,0.013440657615149272,19.923995988588427,2.5870142571887245,13.126111198506539
CRK,2025-10-14,oos,True,True,D-1,19.0400009155,19.2099990845,19.7399997711,19.0200004578,3.6764644009557257,1,2.5870142571887245,-5.593761316718382,-3.9339458960504947,-6.875634798240105,6.351791918857663,-7.8551272733754285,2.0,4.0,0.33424642215933825,12.40428936330298,6.351791918857663,3.547583152055944
CRK,2025-10-15,oos,True,True,D-1,19.1499996185,19.2199993134,19.0200004578,17.8799991608,-0.6788468056908803,0,-5.593761316718382,-3.9339458960504947,-6.875634798240105,6.351791918857663,-1.9397706234808965,-11.921139133749659,1.0,4.0,0.25454498166435413,12.80583606995016,6.351791918857663,0.0
CRK,2025-10-16,oos,True,True,D-1,18.5200004578,17.7299995422,17.8799991608,18.1599998474,-1.9438477402865084,0,-3.9339458960504947,-6.875634798240105,6.351791918857663,-1.9397706234808965,0.052057414766171206,-6.653719422275007,2.0,4.0,0.3183514793669595,9.469311483435439,6.351791918857663,8.240514922011355
CRK,2025-10-17,oos,True,True,D-1,17.6200008392,17.0,18.1599998474,18.6299991608,5.732112789421739,1,-6.875634798240105,6.351791918857663,-1.9397706234808965,0.052057414766171206,-7.752340397646029,-10.364009470377711,2.0,1.0,0.08636305706085708,11.3367190118415,6.351791918857663,14.056110569732404
CRK,2025-10-20,oos,True,True,D-1,17.6100006104,18.0699996948,18.6299991608,18.5,5.792155110986297,1,6.351791918857663,-1.9397706234808965,0.052057414766171206,-7.752340397646029,-4.117312809075346,-7.709012325830744,2.0,2.0,0.0385967002369681,16.117645712352946,6.351791918857663,17.90225702138364
CRK,2025-10-21,oos,True,True,D-1,18.0,18.2099990845,18.5,18.1499996185,2.777777777777768,0,-1.9397706234808965,0.052057414766171206,-7.752340397646029,-4.117312809075346,6.294115851764714,-7.759063021744095,2.0,3.0,0.4140351393844192,9.241837877731541,6.294115851764714,0.052057414766171206
CRK,2025-10-22,oos,True,True,D-1,18.2000007629,17.5100002289,18.1499996185,18.1100006104,-0.2747315511212767,0,0.052057414766171206,-7.752340397646029,-4.117312809075346,6.294115851764714,0.7747614392062729,-5.205622319924375,3.0,4.0,0.4631577256860806,8.401981128611391,6.294115851764714,0.052057414766171206
CRK,2025-10-23,oos,True,True,D-1,18.1499996185,17.8700008392,18.1100006104,18.1100006104,-0.2203802145495981,0,-7.752340397646029,-4.117312809075346,6.294115851764714,0.7747614392062729,-3.8440356441084345,-8.896977864654776,2.0,4.0,0.29108006026679867,8.623644826730303,6.294115851764714,9.393172162546781
CRK,2025-10-24,oos,True,True,D-1,18.0200004578,17.8700008392,18.1100006104,17.5499992371,0.4994458951916636,0,-4.117312809075346,6.294115851764714,0.7747614392062729,-3.8440356441084345,2.0559714768354054,0.7896294450926211,3.0,2.0,0.5632192979681463,4.252928292722036,6.294115851764714,8.161212295440002
CRK,2025-10-27,oos,True,True,D-1,18.0599994659,17.6700000763,17.5499992371,17.8299999237,-1.2735301716606973,0,6.294115851764714,0.7747614392062729,-3.8440356441084345,2.0559714768354054,0.0,5.1176519952941035,3.0,3.0,0.47945287797199265,4.252928292722036,6.294115851764714,6.294115851764714
CRK,2025-10-28,oos,True,True,D-1,17.3600006104,17.25,17.8299999237,18.8999996185,8.870961716311342,1,0.7747614392062729,-3.8440356441084345,2.0559714768354054,0.0,-1.1191983967973496,-2.2136116505586223,2.0,4.0,0.34246596816958447,5.432931977106259,2.0559714768354054,3.175169873632755
CRK,2025-10-29,oos,True,True,D-1,17.3500003815,17.5100002289,18.8999996185,18.8400001526,8.933712985117491,1,-3.8440356441084345,2.0559714768354054,0.0,-1.1191983967973496,-2.3769104385196194,-5.271823903149642,1.0,4.0,0.06716428533636451,7.246376811594213,2.0559714768354054,5.525477968631154
CRK,2025-10-30,oos,True,True,D-1,17.75,18.3799991608,18.8400001526,19.5200004578,9.971833565070408,1,2.0559714768354054,0.0,-1.1191983967973496,-2.3769104385196194,1.507247703768111,0.0,2.0,4.0,0.40186955873886865,3.6550507209228256,2.0559714768354054,2.961460139592109
CRK,2025-10-31,oos,True,True,D-1,18.6000003815,18.75,19.5200004578,21.0699996948,13.27956592816375,1,0.0,-1.1191983967973496,-2.3769104385196194,1.507247703768111,4.968583212603717,2.853935633182836,2.0,0.0,0.7142854148900596,2.829164752134661,4.968583212603717,0.0
CRK,2025-11-03,oos,True,True,D-1,18.7999992371,19.2299995422,21.0699996948,21.3999996185,13.82978982397589,1,-1.1191983967973496,-2.3769104385196194,1.507247703768111,4.968583212603717,2.013062329127413,4.9244494654393955,3.0,1.0,0.9175826133770401,0.7999979653333433,4.968583212603717,1.507247703768111
CRK,2025-11-04,oos,True,True,D-1,18.75,20.0499992371,21.3999996185,22.6599998474,20.853332519466683,1,-2.3769104385196194,1.507247703768111,4.968583212603717,2.013062329127413,2.559997558400018,8.828519859444484,4.0,0.0,0.8811471917538065,1.508065119625157,4.968583212603717,4.968583212603717
CRK,2025-11-05,oos,True,True,D-1,19.75,21.1399993896,22.6599998474,23.0400009155,16.6582324835443,1,1.507247703768111,4.968583212603717,2.013062329127413,2.559997558400018,4.264169081754354,16.231879635362322,5.0,0.0,0.7443607728782408,5.08728427187477,4.968583212603717,4.968583212603717
CRK,2025-11-06,oos,True,True,D-1,22.3799991608,21.7999992371,23.0400009155,23.9599990845,7.0598748120932475,1,4.968583212603717,2.013062329127413,2.559997558400018,4.264169081754354,5.436409945009335,20.731005786674615,5.0,0.0,0.9315788733933367,1.2298970501763984,5.436409945009335,4.968583212603717
CRK,2025-11-07,oos,True,True,D-1,21.4599990845,23.0200004578,23.9599990845,25.2900009155,17.847166795856516,1,2.013062329127413,2.559997558400018,4.264169081754354,5.436409945009335,3.1220428881596485,18.607182983957983,5.0,0.0,0.8154505067677565,3.944957066037058,5.436409945009335,4.264169081754354
CRK,2025-11-10,oos,True,True,D-1,23.9599990845,23.6299991608,25.2900009155,25.5799999237,6.7612725421512865,1,2.559997558400018,4.264169081754354,5.436409945009335,3.1220428881596485,5.596336070616736,22.773335774933322,5.0,0.0,0.996031655939091,0.08688295961012393,5.596336070616736,5.436409945009335
CRK,2025-11-11,oos,True,True,D-1,23.8600006104,25.1200008392,25.5799999237,25.9599990845,8.80133453636487,1,4.264169081754354,5.436409945009335,3.1220428881596485,5.596336070616736,2.649863991611312,22.880913797965796,5.0,0.0,0.9446308767801287,1.3965295616575446,5.596336070616736,5.436409945009335
CRK,2025-11-12,oos,True,True,D-1,24.8299999237,25.2199993134,25.9599990845,25.5300006866,4.550943069965241,1,5.436409945009335,3.1220428881596485,5.596336070616736,2.649863991611312,6.305551127025755,25.286791995076996,5.0,0.0,0.9703315823223978,0.6767518734900335,6.305551127025755,5.596336070616736
CRK,2025-11-13,oos,True,True,D-1,25.0599994659,25.0300006866,25.5300006866,25.7800006866,2.873109481425695,0,3.1220428881596485,5.596336070616736,2.649863991611312,6.305551127025755,0.398083084630918,19.299905589435305,5.0,0.0,0.9189187912174486,1.4274409996066995,6.305551127025755,5.596336070616736
CRK,2025-11-14,oos,True,True,D-1,24.2600002289,25.2999992371,25.7800006866,25.2399997711,6.265459370809423,1,5.596336070616736,2.649863991611312,6.305551127025755,0.398083084630918,-0.7533649166241108,14.81652092906074,4.0,0.0,0.7937918527716731,3.7155348477392547,6.305551127025755,6.66383197731758
CRK,2025-11-17,oos,True,True,D-1,25.0,24.5900001526,25.2399997711,25.25,1.0000000000000009,0,2.649863991611312,6.305551127025755,0.398083084630918,-0.7533649166241108,1.078699732695343,9.904425429876373,4.0,1.0,0.8012048469721679,2.608695127674854,6.305551127025755,6.305551127025755
CRK,2025-11-18,oos,True,True,D-1,23.9400005341,24.9799995422,25.25,26.1499996185,9.231407832477245,1,6.305551127025755,0.398083084630918,-0.7533649166241108,1.078699732695343,-2.8063205767170807,4.062636588631596,3.0,2.0,0.36279108142721717,5.5713660975929225,6.305551127025755,8.063443743607102
CRK,2025-11-19,oos,True,True,D-1,25.2000007629,24.3600006104,26.1499996185,24.2199993134,3.769836614444122,1,0.398083084630918,-0.7533649166241108,1.078699732695343,-2.8063205767170807,1.5860080812515553,-0.5573299853617986,3.0,3.0,0.5967077413931987,3.9231367504408254,1.5860080812515553,2.343520699293433
CRK,2025-11-20,oos,True,True,D-1,24.5,23.8600006104,24.2199993134,25.2999992371,3.2653030085714185,1,-0.7533649166241108,1.078699732695343,-2.8063205767170807,1.5860080812515553,-2.4819813577362404,-3.409987019876959,2.0,4.0,0.3415639798434778,6.568138070640739,1.5860080812515553,2.014037434088889
CRK,2025-11-21,oos,True,True,D-1,23.9699993134,24.1599998474,25.2999992371,25.1499996185,5.548602260311664,1,1.078699732695343,-2.8063205767170807,1.5860080812515553,-2.4819813577362404,-2.0525451045618426,-4.674390907333736,2.0,0.0,0.12595422073729096,9.597648572992256,1.5860080812515553,6.069590756695287
CRK,2025-11-24,oos,True,True,D-1,23.7999992371,25.1800003052,25.1499996185,26.2099990845,10.126050103578322,1,-2.8063205767170807,1.5860080812515553,-2.4819813577362404,-2.0525451045618426,1.2573312209775755,-4.505926577374353,2.0,1.0,0.33444818613885957,8.236754071478835,1.5860080812515553,2.407029255260118
CRK,2025-11-25,oos,True,True,D-1,24.7600002289,25.1399993896,26.2099990845,26.8799991608,8.562192699116068,1,1.5860080812515553,-2.4819813577362404,-2.0525451045618426,1.2573312209775755,4.221856226169507,2.3993499346831815,3.0,2.0,0.6755854891108755,3.852260927493645,4.221856226169507,1.5860080812515553
CRK,2025-11-26,oos,True,True,D-1,25.3999996185,25.4500007629,26.8799991608,26.9400005341,6.062995821772943,1,-2.4819813577362404,-2.0525451045618426,1.2573312209775755,4.221856226169507,-0.15885986940095131,0.6405118107776664,2.0,3.0,0.6622072554445617,4.017502996908662,4.221856226169507,1.2573312209775755
CRK,2025-11-28,oos,True,True,D-1,25.6399993896,26.8600006104,26.9400005341,26.4099998474,5.070207392545045,1,-2.0525451045618426,1.2573312209775755,4.221856226169507,-0.15885986940095131,1.2331001623979487,4.47454895397108,3.0,0.0,0.7508201600985898,2.9862408597955525,4.221856226169507,4.221856226169507
CRK,2025-12-01,oos,True,True,D-1,26.8500003815,26.4899997711,26.4099998474,26.9699993134,0.44692338992546876,0,1.2573312209775755,4.221856226169507,-0.15885986940095131,1.2331001623979487,5.540274283824154,12.573344187981172,4.0,0.0,0.9946240445991582,0.07445476524767791,5.540274283824154,4.221856226169507
CRK,2025-12-02,oos,True,True,D-1,26.3600006104,25.3600006104,26.9699993134,27.2000007629,3.1866469387280327,1,4.221856226169507,-0.15885986940095131,1.2331001623979487,5.540274283824154,-1.377516123945055,9.644039480201982,3.0,0.0,0.8728811732740102,1.6987571418967784,5.540274283824154,4.221856226169507
CRK,2025-12-03,oos,True,True,D-1,25.6200008392,26.7700004578,27.2000007629,28.1000003815,9.679935445222409,1,-0.15885986940095131,1.2331001623979487,5.540274283824154,-1.377516123945055,-4.265757532896631,0.7148542613910402,2.0,1.0,0.43369196946653477,6.230283460845221,5.540274283824154,11.124786442841794
CRK,2025-12-04,oos,True,True,D-1,26.7099990845,26.8299999237,28.1000003815,27.0,5.204048463658029,1,1.2331001623979487,5.540274283824154,-1.377516123945055,-4.265757532896631,5.559936172958002,6.483695734989969,3.0,0.0,0.8830415422950475,0.7471006805370717,5.559936172958002,5.540274283824154
CRK,2025-12-05,oos,True,True,D-1,27.4200000763,27.3700008392,27.0,25.25,-1.5317289392096645,0,5.540274283824154,-1.377516123945055,-4.265757532896631,5.559936172958002,0.22412949149770434,5.422393396591607,3.0,0.0,0.8092779704358579,1.379056430310177,5.559936172958002,5.540274283824154
CRK,2025-12-08,oos,True,True,D-1,26.8199996948,24.7999992371,25.25,24.5599994659,-5.853839346256217,0,-1.377516123945055,-4.265757532896631,5.559936172958002,0.22412949149770434,2.012675799611152,1.898734985890238,3.0,0.0,0.7429579214523313,2.6671520640016766,5.559936172958002,5.559936172958002
CRK,2025-12-09,oos,True,True,D-1,24.5799999237,24.5400009155,24.5599994659,22.8400001526,-0.08136882775462428,0,-4.265757532896631,5.559936172958002,0.22412949149770434,2.012675799611152,-9.389848459263394,-6.379768020397469,3.0,1.0,0.029411319240434327,13.30645663675385,5.559936172958002,13.12609604017001
CRK,2025-12-10,oos,True,True,D-1,24.5599994659,23.1100006104,22.8400001526,22.2299995422,-7.003254685278437,0,5.559936172958002,0.22412949149770434,2.012675799611152,-9.389848459263394,-1.0483803612826414,-3.2334372049018123,3.0,2.0,0.013850730178812679,14.506924748121852,5.559936172958002,15.899723666302924
CRK,2025-12-11,oos,True,True,D-1,22.6100006104,21.5,22.2299995422,21.8899993896,-1.6806769479926875,0,0.22412949149770434,2.012675799611152,-9.389848459263394,-1.0483803612826414,-5.827221889779066,-13.672020115089612,2.0,3.0,0.0020000457800001927,21.592382688446964,2.012675799611152,8.827186600772052
CRK,2025-12-12,oos,True,True,D-1,21.8700008392,21.6700000763,21.8899993896,21.3999996185,0.0914428423987701,0,2.012675799611152,-9.389848459263394,-1.0483803612826414,-5.827221889779066,-6.966683547708197,-19.86582161333441,1.0,4.0,0.04069776789690628,30.69767619302326,2.012675799611152,14.400617128414716
CRK,2025-12-15,oos,True,True,D-1,21.3700008392,21.6900005341,21.3999996185,22.1499996185,3.649970747166331,1,-9.389848459263394,-1.0483803612826414,-5.827221889779066,-6.966683547708197,0.7906980293023169,-20.825723741799518,1.0,4.0,0.07785479402160875,24.596215528071475,0.7906980293023169,6.231070947925332
CRK,2025-12-16,oos,True,True,D-1,21.1399993896,21.2800006866,22.1499996185,22.2000007629,5.01419774790286,1,-1.0483803612826414,-5.827221889779066,-6.966683547708197,0.7906980293023169,0.09229560558181582,-12.540317736572915,2.0,4.0,0.17782920816821488,16.41309072493169,0.7906980293023169,0.0
CRK,2025-12-17,oos,True,True,D-1,21.6700000763,22.0699996948,22.2000007629,21.9099998474,2.445780732505165,0,-5.827221889779066,-6.966683547708197,0.7906980293023169,0.09229560558181582,-1.8902712651178488,-13.284434015000013,2.0,4.0,0.1611255991528816,15.413527600896227,0.7906980293023169,2.590418326149624
CRK,2025-12-18,oos,True,True,D-1,21.9500007629,21.0300006866,21.9099998474,22.0200004578,0.31890520486137497,0,-6.966683547708197,0.7906980293023169,0.09229560558181582,-1.8902712651178488,3.7124012345425283,-4.500220199613403,3.0,4.0,0.6484017031911649,3.488901080417417,3.7124012345425283,0.7906980293023169
CRK,2025-12-19,oos,True,True,D-1,21.1599998474,21.5499992371,22.0200004578,23.25,9.877127446467359,1,0.7906980293023169,0.09229560558181582,-1.8902712651178488,3.7124012345425283,-4.712274683198281,-2.18604331813953,3.0,4.0,0.2405070167409402,5.706128466104254,3.7124012345425283,1.96551002147215
CRK,2025-12-22,oos,True,True,D-1,21.6399993896,21.8099994659,23.25,23.2199993134,7.439929093407249,1,0.09229560558181582,-1.8902712651178488,3.7124012345425283,-4.712274683198281,2.4726511342024526,-0.5537648305375065,3.0,1.0,0.5806444865228703,3.0162484863617722,3.7124012345425283,6.068542896939199
CRK,2025-12-23,oos,True,True,D-1,22.1200008392,23.0599994659,23.2199993134,23.6000003815,6.69077525384727,1,-1.8902712651178488,3.7124012345425283,-4.712274683198281,2.4726511342024526,1.2064976241502157,0.553245407308034,3.0,2.0,0.7483864457719678,1.788176554565113,3.7124012345425283,3.7124012345425283
CRK,2025-12-24,oos,True,True,D-1,22.7800006866,23.1100006104,23.6000003815,24.2700004578,6.540824083804653,1,3.7124012345425283,-4.712274683198281,2.4726511342024526,1.2064976241502157,5.731316050485824,8.364655647877228,4.0,0.0,0.9155553181777774,0.8239398894217764,5.731316050485824,3.7124012345425283
CRK,2025-12-26,oos,True,True,D-1,23.4300003052,23.5499992371,24.2700004578,24.7000007629,5.4204030779211765,1,-4.712274683198281,2.4726511342024526,1.2064976241502157,5.731316050485824,0.21683064032131938,4.712283325699551,4.0,1.0,0.9377780490666667,0.6057956984085733,5.731316050485824,2.4726511342024526
CRK,2025-12-29,oos,True,True,D-1,23.6399993896,24.1299991608,24.7000007629,23.6700000763,4.483931474915059,1,2.4726511342024526,1.2064976241502157,5.731316050485824,0.21683064032131938,1.9039316965746345,11.982874313959035,5.0,0.0,0.9801582796363254,0.21231909137910954,5.731316050485824,5.731316050485824
CRK,2025-12-30,oos,True,True,D-1,24.5,23.8400001526,23.6700000763,23.5900001526,-3.387754790612252,0,1.2064976241502157,5.731316050485824,0.21683064032131938,1.9039316965746345,2.4628447664078346,11.972157842392539,5.0,0.0,0.950703771310777,0.5801960292954877,5.731316050485824,5.731316050485824
CRK,2025-12-31,oos,True,True,D-1,23.3099994659,23.1800003052,23.5900001526,23.25,1.201204174670223,0,5.731316050485824,0.21683064032131938,1.9039316965746345,2.4628447664078346,-1.2018193878394978,9.30766041454476,4.0,0.0,0.66666642025839,3.60738508722791,5.731316050485824,5.731316050485824
CRK,2026-01-02,oos,True,True,D-1,22.9599990845,23.5799999237,23.25,22.9300003052,1.263070239823194,0,0.21683064032131938,1.9039316965746345,2.4628447664078346,-1.2018193878394978,-2.7684557180173486,0.5203852648715479,3.0,1.0,0.22842664170537932,6.55737893738948,2.4628447664078346,6.399848034701794
CRK,2026-01-05,oos,True,True,D-1,23.2299995422,22.5599994659,22.9300003052,23.0799999237,-0.6457151160399688,0,1.9039316965746345,2.4628447664078346,-1.2018193878394978,-2.7684557180173486,1.7256238707221705,2.033748597516216,3.0,2.0,0.4862382190590463,4.749791530212422,2.4628447664078346,3.553449746423498
CRK,2026-01-06,oos,True,True,D-1,22.2999992371,22.8999996185,23.0799999237,22.2199993134,3.497761046118475,1,2.4628447664078346,-1.2018193878394978,-2.7684557180173486,1.7256238707221705,-4.325701701019979,-4.203820820683434,2.0,3.0,0.3495438597241928,9.485821576523822,2.4628447664078346,5.137567937834698
CRK,2026-01-07,oos,True,True,D-1,22.8099994659,22.0799999237,22.2199993134,21.75,-2.586585560346133,0,-1.2018193878394978,-2.7684557180173486,1.7256238707221705,-4.325701701019979,1.507092910679897,-5.09738742261614,2.0,4.0,0.45288734239563455,7.8602671370607835,1.7256238707221705,4.60942500473549
CRK,2026-01-08,oos,True,True,D-1,21.8400001526,21.5100002289,21.75,22.6700000763,3.800365924453497,1,-2.7684557180173486,1.7256238707221705,-4.325701701019979,1.507092910679897,-3.580784753103461,-7.382551248465708,2.0,4.0,0.2964601807257808,7.201087672529116,1.7256238707221705,3.8532814663064685
CRK,2026-01-09,oos,True,True,D-1,21.5,21.2399997711,22.6700000763,23.0,6.976744186046502,1,1.7256238707221705,-4.325701701019979,1.507092910679897,-3.580784753103461,-2.5815203658048014,-7.204486860707093,2.0,4.0,0.1646585883896999,9.6699205093703,1.7256238707221705,7.79549030197344
CRK,2026-01-12,oos,True,True,D-1,21.6200008392,22.4300003052,23.0,22.1200008392,6.382974594052171,1,-4.325701701019979,1.507092910679897,-3.580784753103461,-2.5815203658048014,-1.2552322404777994,-9.92366480140695,1.0,4.0,0.18292643214193044,9.463278015826004,1.507092910679897,5.311441441036413
CRK,2026-01-13,oos,True,True,D-1,22.8700008392,22.3600006104,22.1200008392,21.7999992371,-3.2794052141636665,0,1.507092910679897,-3.580784753103461,-2.5815203658048014,-1.2552322404777994,5.602639109813756,-0.5762374280925631,2.0,3.0,0.7161572489016417,2.897902851786016,5.602639109813756,1.507092910679897
CRK,2026-01-14,oos,True,True,D-1,21.9099998474,22.0400009155,21.7999992371,21.25,-0.5020566456692799,0,-3.580784753103461,-2.5815203658048014,-1.2552322404777994,5.602639109813756,-0.3120806680674493,-2.3580743104631208,1.0,4.0,0.6855896833484052,3.2200326191633266,5.602639109813756,0.0
CRK,2026-01-15,oos,True,True,D-1,21.7099990845,20.8500003815,21.25,23.1000003815,6.402585700670982,1,-2.5815203658048014,-1.2552322404777994,5.602639109813756,-0.3120806680674493,-1.4311256089642677,-0.1811549290680392,1.0,1.0,0.5656110940348216,4.355712543663581,5.602639109813756,7.341379120484137
CRK,2026-01-16,oos,True,True,D-1,20.3500003815,21.1800003052,23.1000003815,24.6499996185,21.130216984708717,1,-1.2552322404777994,5.602639109813756,-0.3120806680674493,-1.4311256089642677,-5.399276245778695,-3.0683395647446376,1.0,2.0,0.02714909088461239,10.311748581106372,5.602639109813756,12.355770539504663
CRK,2026-01-20,oos,True,True,D-1,22.7199993134,22.2800006866,24.6499996185,24.7299995422,8.846832260309645,1,5.602639109813756,-0.3120806680674493,-1.4311256089642677,-5.399276245778695,1.582733418042559,-0.28248336415538366,2.0,3.0,0.3933334350666667,8.59301071092602,5.602639109813756,9.504638087024276
CRK,2026-01-21,oos,True,True,D-1,23.2700004578,24.0300006866,24.7299995422,25.8500003815,11.087236239547194,1,-0.3120806680674493,-1.4311256089642677,-5.399276245778695,1.582733418042559,5.193580573886658,-0.6687455040525481,2.0,0.0,0.7354840019396306,3.680429396903806,5.193580573886658,0.0
CRK,2026-01-22,oos,True,True,D-1,24.4099998474,24.4699993134,25.8500003815,25.0300006866,5.899223855396207,1,-1.4311256089642677,-5.399276245778695,1.582733418042559,5.193580573886658,7.8545778548943845,7.468694233502204,3.0,0.0,0.8666668854265414,2.5801036795048082,7.8545778548943845,1.582733418042559
CRK,2026-01-23,oos,True,True,D-1,25.2600002289,24.2199993134,25.0300006866,24.5,-0.9105286627703824,0,-5.399276245778695,1.582733418042559,5.193580573886658,7.8545778548943845,1.8310387608326595,11.025400621426762,4.0,0.0,0.9450316587812877,1.062526506315109,7.8545778548943845,5.193580573886658
CRK,2026-01-26,oos,True,True,D-1,24.7099990845,24.6700000763,24.5,23.1399993896,-0.8498546834497023,0,1.582733418042559,5.193580573886658,7.8545778548943845,1.8310387608326595,-1.02165920316597,16.1630641258413,4.0,0.0,0.7213673569569834,6.729979827861454,7.8545778548943845,7.8545778548943845
CRK,2026-01-27,oos,True,True,D-1,24.3099994659,22.4699993134,23.1399993896,23.4799995422,-3.4142325871469037,0,5.193580573886658,7.8545778548943845,1.8310387608326595,-1.02165920316597,1.8579718235212095,16.47780793583442,4.0,1.0,0.6966581203687447,4.783138636199702,7.8545778548943845,7.8545778548943845
CRK,2026-01-28,oos,True,True,D-1,22.4200000763,22.4099998474,23.4799995422,24.4300003052,8.965210624708053,1,7.8545778548943845,1.8310387608326595,-1.02165920316597,1.8579718235212095,-8.917716887295423,0.8527765751563443,3.0,2.0,0.07397221334602765,15.042283806766,7.8545778548943845,15.080011585735953
CRK,2026-01-29,oos,True,True,D-1,22.8899993896,23.3500003815,24.4300003052,23.5799999237,6.727832925586252,1,1.8310387608326595,-1.02165920316597,1.8579718235212095,-8.917716887295423,-0.2670203285863759,-6.741576333384669,2.0,3.0,0.06267017368345161,15.350292536923437,1.8579718235212095,11.018896922468157
CRK,2026-01-30,oos,True,True,D-1,23.2099990845,24.3500003815,23.5799999237,22.5799999237,1.594144135262332,0,-1.02165920316597,1.8579718235212095,-8.917716887295423,-0.2670203285863759,4.194558413658611,-4.577028865246746,2.0,4.0,0.31880110408051093,10.7066379407031,4.194558413658611,1.8579718235212095
CRK,2026-02-02,oos,True,True,D-1,23.1299991608,22.0300006866,22.5799999237,23.2299995422,0.4323406183666334,0,1.8579718235212095,-8.917716887295423,-0.2670203285863759,4.194558413658611,4.282655176281236,0.5367509157115258,3.0,4.0,0.7614034336493786,2.7926090120993674,4.282655176281236,1.8579718235212095
CRK,2026-02-03,oos,True,True,D-1,22.0300006866,22.4699993134,23.2299995422,21.9400005341,5.447112202451776,1,-8.917716887295423,-0.2670203285863759,4.194558413658611,4.282655176281236,-9.527719336968165,-10.701254079995703,2.0,4.0,0.04633236761763713,11.211980192548987,4.282655176281236,9.847661939711749
CRK,2026-02-04,oos,True,True,D-1,22.8500003815,21.5400009155,21.9400005341,21.7099990845,-3.9824937952156914,0,-0.2670203285863759,4.194558413658611,4.282655176281236,-9.527719336968165,1.9972701456502095,0.0,3.0,2.0,0.2924185314551603,8.722746113441815,4.282655176281236,12.003398661477803
CRK,2026-02-05,oos,True,True,D-1,21.2000007629,20.7999992371,21.7099990845,21.1499996185,2.4056523738079205,0,4.194558413658611,4.282655176281236,-9.527719336968165,1.9972701456502095,-4.138844798919927,-3.8821907087203344,3.0,3.0,0.09687540605751944,13.416895389360839,4.282655176281236,6.506893741094588
CRK,2026-02-06,oos,True,True,D-1,21.1299991608,21.5699996948,21.1499996185,21.0900001526,0.09465432321031919,0,4.282655176281236,-9.527719336968165,1.9972701456502095,-4.138844798919927,-3.435476541078042,-10.920775600587751,2.0,4.0,0.05221902339015978,17.45192885211906,4.282655176281236,11.714787474140685
CRK,2026-02-09,oos,True,True,D-1,20.7299995422,20.8600006104,21.0900001526,20.9099998474,1.736616586349382,0,-9.527719336968165,1.9972701456502095,-4.138844798919927,-3.435476541078042,3.7019254131826385,-11.416840423592411,2.0,4.0,0.32550317527360867,9.318499106815302,3.7019254131826385,1.9972701456502095
CRK,2026-02-10,oos,True,True,D-1,20.7999992371,20.4200000763,20.9099998474,19.8199996948,0.528849107377849,0,1.9972701456502095,-4.138844798919927,-3.435476541078042,3.7019254131826385,-3.291604517598412,-5.310939808148385,2.0,3.0,0.12222224580412486,11.361451881350426,3.7019254131826385,1.9972701456502095
CRK,2026-02-11,oos,True,True,D-1,20.6700000763,20.4200000763,19.8199996948,19.4300003052,-4.11224179178693,0,-4.138844798919927,-3.435476541078042,3.7019254131826385,-3.291604517598412,-2.1093025945580934,-9.123272361995493,1.0,4.0,0.0602007755785811,13.761015942215217,3.7019254131826385,9.033402625846843
CRK,2026-02-12,oos,True,True,D-1,19.6499996185,19.1800003052,19.4300003052,19.2900009155,-1.1195894023981356,0,-3.435476541078042,3.7019254131826385,-3.291604517598412,-2.1093025945580934,0.0,-5.199632272968269,1.0,4.0,0.11111135899920502,7.443684878160961,3.7019254131826385,5.811228007740732
CRK,2026-02-13,oos,True,True,D-1,18.8600006104,19.0200004578,19.2900009155,18.8099994659,2.279959126103548,0,3.7019254131826385,-3.291604517598412,-2.1093025945580934,0.0,-6.072476819131733,-7.788456689029499,1.0,4.0,0.13058456633237284,13.190817200425586,3.7019254131826385,9.774402232314372
CRK,2026-02-17,oos,True,True,D-1,19.0200004578,18.5499992371,18.8099994659,20.0300006866,5.310200864825987,1,-3.291604517598412,-2.1093025945580934,0.0,-6.072476819131733,-0.834201485161723,-11.821971595181546,0.0,4.0,0.14800033571999904,11.198733488076762,0.0,6.856021612482155
CRK,2026-02-18,oos,True,True,D-1,18.4300003052,18.6100006104,20.0300006866,20.3999996185,10.689089965691245,1,-2.1093025945580934,0.0,-6.072476819131733,-0.834201485161723,-2.471089428955575,-11.073831762729291,0.0,4.0,0.14189187012555496,13.692727870414112,0.0,3.2846770494012856
CRK,2026-02-19,oos,True,True,D-1,18.8799991608,19.8500003815,20.3999996185,20.0200004578,8.05085023973906,1,0.0,-6.072476819131733,-0.834201485161723,-2.471089428955575,0.32345755130813725,-8.863856313109098,1.0,4.0,0.17266234929857208,12.358942297479935,0.32345755130813725,2.155624803004985
CRK,2026-02-20,oos,True,True,D-1,19.6700000763,19.9699993134,20.0200004578,18.6100006104,1.7793613632046013,0,-6.072476819131733,-0.834201485161723,-2.471089428955575,0.32345755130813725,6.663082914715424,-2.791379493977364,2.0,0.0,0.9052630733945267,0.9068025271564251,6.663082914715424,0.0
CRK,2026-02-23,oos,True,True,D-1,19.9500007629,18.6399993896,18.6100006104,18.7999992371,-5.764418455254394,0,-0.834201485161723,-2.471089428955575,0.32345755130813725,6.663082914715424,0.604528612562838,4.118868590350422,3.0,0.0,0.8105725910136226,2.15323144659032,6.663082914715424,0.32345755130813725
CRK,2026-02-24,oos,True,True,D-1,18.5699996948,18.2900009155,18.7999992371,18.9599990845,2.1001582989212952,0,-2.471089428955575,0.32345755130813725,6.663082914715424,0.604528612562838,-6.659989832386026,-1.997902518683492,3.0,1.0,0.2246696590170468,9.442061623038335,6.663082914715424,12.75880567866916
CRK,2026-02-25,oos,True,True,D-1,18.5599994659,18.3999996185,18.9599990845,19.7299995422,6.303879902850351,1,0.32345755130813725,6.663082914715424,0.604528612562838,-6.659989832386026,-1.8776742787624756,-1.4016082603389268,3.0,2.0,0.109704787373705,11.536350997182666,6.663082914715424,15.07569410981301
CRK,2026-02-26,oos,True,True,D-1,18.2000007629,18.75,19.7299995422,20.8700008392,14.670329474615684,1,6.663082914715424,0.604528612562838,-6.659989832386026,-1.8776742787624756,0.6014144204158134,-1.128430870564523,3.0,3.0,0.1561177631431994,10.869565442757567,6.663082914715424,7.950635376942994
CRK,2026-02-27,oos,True,True,D-1,18.8899993896,19.6100006104,20.8700008392,21.1299991608,11.858125164542077,1,0.604528612562838,-6.659989832386026,-1.8776742787624756,0.6014144204158134,1.902176025852187,-5.541563528256599,3.0,4.0,0.30379731556367584,8.79999796533333,1.902176025852187,0.604528612562838
CRK,2026-03-02,oos,True,True,D-1,20.7999992371,20.2299995422,21.1299991608,21.2399997711,2.1153872602802437,0,-6.659989832386026,-1.8776742787624756,0.6014144204158134,1.902176025852187,4.586669922133324,-1.8026976233215808,3.0,4.0,0.7939699022413643,2.090769172044582,4.586669922133324,0.6014144204158134
CRK,2026-03-03,oos,True,True,D-1,20.6200008392,20.6499996185,21.2399997711,21.7299995422,5.383116672283639,1,-1.8776742787624756,0.6014144204158134,1.902176025852187,4.586669922133324,3.1616466726226866,8.530044016455962,4.0,0.0,0.7746474427425359,3.1636248713943216,4.586669922133324,1.902176025852187
CRK,2026-03-04,oos,True,True,D-1,20.0100002289,21.1200008392,21.7299995422,22.0400009155,10.144930851465528,1,0.6014144204158134,1.902176025852187,4.586669922133324,3.1616466726226866,2.0761249916188884,12.903218069278521,5.0,0.0,0.8415842456507885,2.324453032289542,4.586669922133324,4.586669922133324
CRK,2026-03-05,oos,True,True,D-1,21.2000007629,21.0599994659,22.0400009155,21.7099990845,3.9622647281692513,1,1.902176025852187,4.586669922133324,3.1616466726226866,2.0761249916188884,2.276035009118993,14.78261563638954,5.0,0.0,0.9617837722206417,0.5681767383137304,4.586669922133324,4.586669922133324
CRK,2026-03-06,oos,True,True,D-1,21.5400009155,21.3799991608,21.7099990845,20.1900005341,0.7892208067534101,0,4.586669922133324,3.1616466726226866,2.0761249916188884,2.276035009118993,-0.28409740016976937,12.319997151466655,4.0,0.0,0.7713310557907483,3.1813869577008047,4.586669922133324,4.586669922133324
CRK,2026-03-09,oos,True,True,D-1,21.7000007629,20.0799999237,20.1900005341,20.2099990845,-6.866366940168134,0,3.1616466726226866,2.0761249916188884,2.276035009118993,-0.28409740016976937,1.5194667759519165,9.025999466115753,4.0,0.0,0.7401568831442422,3.0870055220119097,3.1616466726226866,3.1616466726226866
CRK,2026-03-10,oos,True,True,D-1,19.8700008392,19.5699996948,20.2099990845,20.9400005341,5.385000753442748,1,2.0761249916188884,2.276035009118993,-0.28409740016976937,1.5194667759519165,-6.080445688152947,-0.7414711907783311,3.0,1.0,0.16239279317045327,9.76096115163152,2.276035009118993,6.929404273381312
CRK,2026-03-11,oos,True,True,D-1,19.7700004578,20.1299991608,20.9400005341,21.0599994659,6.525032767973693,1,2.276035009118993,-0.28409740016976937,1.5194667759519165,-6.080445688152947,-2.5398417870413303,-5.230023940206019,2.0,2.0,0.011999511720000555,12.621365657743521,2.276035009118993,10.741888783887209
CRK,2026-03-12,oos,True,True,D-1,20.1900005341,20.7800006866,21.0599994659,21.4500007629,6.240714192512842,1,-0.28409740016976937,1.5194667759519165,-6.080445688152947,-2.5398417870413303,2.8615200548459896,-4.687507760712284,2.0,3.0,0.24803107627068924,9.488334994168435,2.8615200548459896,1.5194667759519165
CRK,2026-03-13,oos,True,True,D-1,20.5799999237,20.8099994659,21.4500007629,21.2700004578,4.227409341231847,1,1.5194667759519165,-6.080445688152947,-2.5398417870413303,2.8615200548459896,3.229019140079137,-1.3295289002897004,3.0,4.0,0.5039370965533819,6.063523519094538,3.229019140079137,1.5194667759519165
CRK,2026-03-16,oos,True,True,D-1,20.8500003815,20.5200004578,21.2700004578,20.7399997711,2.014388818297874,0,-6.080445688152947,-2.5398417870413303,2.8615200548459896,3.229019140079137,0.14436370697206158,-2.66604170848187,3.0,4.0,0.5927601848741842,4.324842103310833,3.229019140079137,2.8615200548459896
CRK,2026-03-17,oos,True,True,D-1,20.9899997711,20.6000003815,20.7399997711,22.3799991608,6.622198212759467,1,-2.5398417870413303,2.8615200548459896,3.229019140079137,0.14436370697206158,-1.3935560573905992,2.191237727947759,3.0,0.0,0.5230769532023541,4.532165128419829,3.229019140079137,4.4802232796808505
CRK,2026-03-18,oos,True,True,D-1,20.6399993896,20.6299991608,22.3799991608,22.9099998474,10.998064558779985,1,2.8615200548459896,3.229019140079137,0.14436370697206158,-1.3935560573905992,0.38986316722811054,5.263161485759671,4.0,1.0,0.564102539049319,4.126215367274222,3.229019140079137,4.238144992024074
CRK,2026-03-19,oos,True,True,D-1,20.7999992371,21.3999996185,22.9099998474,21.75,10.144234075434433,1,3.229019140079137,0.14436370697206158,-1.3935560573905992,0.38986316722811054,0.14562513953613188,2.483855046420813,4.0,2.0,0.5444438440213695,3.974801916900317,3.229019140079137,3.229019140079137
CRK,2026-03-20,oos,True,True,D-1,21.6200008392,21.6900005341,21.75,22.4099998474,3.654019322550761,1,0.14436370697206158,-1.3935560573905992,0.38986316722811054,0.14562513953613188,3.7324308726251143,2.9836328749488716,4.0,0.0,0.6410257484972474,4.579437195189495,3.7324308726251143,0.38986316722811054
CRK,2026-03-23,oos,True,True,D-1,21.0699996948,21.2000007629,22.4099998474,22.4300003052,6.454677883719406,1,-1.3935560573905992,0.38986316722811054,0.14562513953613188,3.7324308726251143,1.3551444895788523,4.228741426168714,4.0,0.0,0.6257671080864751,5.624708544298906,3.7324308726251143,0.38986316722811054
CRK,2026-03-24,oos,True,True,D-1,21.1599998474,21.3199996948,22.4300003052,23.0300006866,8.837433141237817,1,0.38986316722811054,0.14562513953613188,3.7324308726251143,1.3551444895788523,-2.259104468114914,3.313841568855924,4.0,1.0,0.47546044035800744,8.066033127189787,3.7324308726251143,4.667004980874645
CRK,2026-03-25,oos,True,True,D-1,21.1700000763,22.3899993896,23.0300006866,23.4400005341,10.72272295521286,1,0.14562513953613188,3.7324308726251143,1.3551444895788523,-2.259104468114914,0.5660326772723323,3.4951422328448167,4.0,2.0,0.5122699260863228,7.457786938842248,3.7324308726251143,5.43828993297093
CRK,2026-03-26,oos,True,True,D-1,22.3099994659,22.3299999237,23.4400005341,23.3099994659,5.064998185800795,1,3.7324308726251143,1.3551444895788523,-2.259104468114914,0.5660326772723323,5.018760366403652,8.531266603947586,4.0,3.0,0.8162542502403525,2.3224674943114865,5.018760366403652,3.7324308726251143
CRK,2026-03-27,oos,True,True,D-1,22.75,23.4300003052,23.3099994659,22.2900009155,2.461536113846141,0,1.3551444895788523,-2.259104468114914,0.5660326772723323,5.018760366403652,-0.26797439721176763,4.345795896164528,3.0,0.0,0.7627116671617861,3.134799665435972,5.018760366403652,1.3551444895788523
CRK,2026-03-30,oos,True,True,D-1,23.1499996185,21.8799991608,22.2900009155,20.8199996948,-3.714897266403172,0,-2.259104468114914,0.5660326772723323,5.018760366403652,-0.26797439721176763,4.926110099680336,8.022128760967306,3.0,0.0,0.9970237419394962,0.04268130076712229,5.018760366403652,5.018760366403652
CRK,2026-03-31,oos,True,True,D-1,21.9099998474,21.0799999237,20.8199996948,19.7800006866,-4.974898038300757,0,0.5660326772723323,5.018760366403652,-0.26797439721176763,4.926110099680336,-6.615455075585275,3.207539497309808,3.0,1.0,0.3606553148254084,7.129805453077376,5.018760366403652,7.0339899429268105
CRK,2026-04-01,oos,True,True,D-1,20.3999996185,19.2199993134,19.7800006866,20.1499996185,-1.2254902189962946,0,5.018760366403652,-0.26797439721176763,4.926110099680336,-6.615455075585275,-3.6563037832893053,-1.1257025072028304,2.0,2.0,0.1355313709647341,11.19544885646171,5.018760366403652,15.048638091067811
CRK,2026-04-02,oos,True,True,D-1,19.5699996948,19.5400009155,20.1499996185,19.8500003815,2.9637196358981877,0,-0.26797439721176763,4.926110099680336,-6.615455075585275,-3.6563037832893053,-8.82353233886317,-14.158107023765453,1.0,3.0,0.004716639523388155,21.95630266104045,4.926110099680336,17.08333107510721
CRK,2026-04-06,oos,True,True,D-1,19.5300006866,19.3500003815,19.8500003815,18.75,1.638503244495837,0,4.926110099680336,-6.615455075585275,-3.6563037832893053,-8.82353233886317,1.6649407571877273,-12.494397750708586,2.0,4.0,0.105504799862355,19.95905545483547,4.926110099680336,12.231608267489147
CRK,2026-04-07,oos,True,True,D-1,19.5300006866,19.3199996948,18.75,18.8799991608,-3.328220701220874,0,-6.615455075585275,-3.6563037832893053,-8.82353233886317,1.6649407571877273,-0.9723670680551577,-17.413571790669135,1.0,4.0,0.08120659509801433,20.46511114380156,1.6649407571877273,0.0
CRK,2026-04-08,oos,True,True,D-1,18.0499992371,18.5499992371,18.8799991608,17.9099998474,4.598337721776846,1,-3.6563037832893053,-8.82353233886317,1.6649407571877273,-0.9723670680551577,-0.15504230547035425,-11.700180823527962,1.0,4.0,0.09726431785851582,15.372677368620135,1.6649407571877273,2.790842550393291
CRK,2026-04-09,oos,True,True,D-1,18.4699993134,17.9400005341,17.9099998474,18.2199993134,-1.3535463415996207,0,-8.82353233886317,1.6649407571877273,-0.9723670680551577,-0.15504230547035425,-3.985509678383936,-12.001900833764001,1.0,4.0,0.24333318076666663,12.237199736159553,1.6649407571877273,5.799313514951898
CRK,2026-04-10,oos,True,True,D-1,17.7299995422,17.5599994659,18.2199993134,17.1399993896,2.763676163858464,0,1.6649407571877273,-0.9723670680551577,-0.15504230547035425,-3.985509678383936,-3.2884028468313953,-6.659723335201139,1.0,3.0,0.07142862867649183,12.318835109281512,1.6649407571877273,8.807793668678343
CRK,2026-04-13,oos,True,True,D-1,17.6900005341,17.3299999237,17.1399993896,16.4699993134,-3.109107562997504,0,-0.9723670680551577,-0.15504230547035425,-3.985509678383936,-3.2884028468313953,-2.1181775746199283,-10.13306733281355,0.0,4.0,0.018939109303193296,14.749431841553061,-0.15504230547035425,5.3369262097865855
CRK,2026-04-14,oos,True,True,D-1,17.0699996948,16.25,16.4699993134,17.2700004578,1.1716506536372462,0,-0.15504230547035425,-3.985509678383936,-3.2884028468313953,-2.1181775746199283,-1.3097924213872458,-10.439278645861238,0.0,4.0,0.08363619716363696,14.541260639901799,-0.15504230547035425,3.4002262666632754
CRK,2026-04-15,oos,True,True,D-1,16.2199993134,16.2700004578,17.2700004578,16.9500007629,6.473496848625326,1,-3.985509678383936,-3.2884028468313953,-2.1181775746199283,-1.3097924213872458,-6.2319672732544245,-15.890267822448745,0.0,3.0,0.07067164957323217,16.184610220307704,-1.3097924213872458,7.460133859593244
CRK,2026-04-16,oos,True,True,D-1,16.3999996185,17.0,16.9500007629,17.0100002289,3.7195160035972785,1,-3.2884028468313953,-2.1181775746199283,-1.3097924213872458,-6.2319672732544245,0.12307974030767443,-12.291099046192965,1.0,4.0,0.09059244796578088,16.04178629109223,0.12307974030767443,6.116557822082724
CRK,2026-04-17,oos,True,True,D-1,16.1100006104,16.8600006104,17.0100002289,16.9899997711,5.586589599003466,1,-2.1181775746199283,-1.3097924213872458,-6.2319672732544245,0.12307974030767443,4.48678255476036,-5.2396906695363015,2.0,3.0,0.44796388290087547,7.176466549411753,4.48678255476036,0.0
CRK,2026-04-20,oos,True,True,D-1,16.8999996185,16.7900009155,16.9899997711,17.4500007629,3.254444714885829,1,-1.3097924213872458,-6.2319672732544245,0.12307974030767443,4.48678255476036,-0.823525821176474,-3.986326177625099,2.0,4.0,0.3846157165681849,8.06642143394165,4.48678255476036,0.12307974030767443
CRK,2026-04-21,oos,True,True,D-1,16.5900001526,16.5100002289,17.4500007629,17.4200000763,5.183849321214273,1,-6.2319672732544245,0.12307974030767443,4.48678255476036,-0.823525821176474,-0.4151820425013719,-3.1159781337420256,2.0,2.0,0.6190480515078572,2.8588416684175444,4.48678255476036,5.722071287113306
CRK,2026-04-22,oos,True,True,D-1,16.9200000763,17.4400005341,17.4200000763,17.2199993134,2.9550827289909654,0,0.12307974030767443,4.48678255476036,-0.823525821176474,-0.4151820425013719,-1.667663319431445,1.6000014086153813,2.0,3.0,0.39682532473546367,4.603272067614217,4.48678255476036,6.562704078061509
CRK,2026-04-23,oos,True,True,D-1,17.2600002289,17.2000007629,17.2199993134,17.5900001526,1.9119346426626826,0,4.48678255476036,-0.823525821176474,-0.4151820425013719,-1.667663319431445,5.632951497917471,7.191149621259485,2.0,0.0,0.9930553992419566,0.0573407597118214,5.632951497917471,4.48678255476036
CRK,2026-04-24,oos,True,True,D-1,16.8400001526,16.9400005341,17.5900001526,17.5499992371,4.4536816698556025,1,-0.823525821176474,-0.4151820425013719,-1.667663319431445,5.632951497917471,-1.3761454349197733,1.176475075882344,1.0,1.0,0.826388953269652,1.4534883076240623,5.632951497917471,0.0
CRK,2026-04-27,oos,True,True,D-1,17.1599998474,16.8099994659,17.5499992371,17.7000007629,3.146858509919026,1,-0.4151820425013719,-1.667663319431445,5.632951497917471,-1.3761454349197733,-1.5116291701615103,0.4744953784322714,1.0,2.0,0.5819674438461816,3.0106269936259755,5.632951497917471,8.49992388718066
CRK,2026-04-28,oos,True,True,D-1,17.2399997711,17.2900009155,17.7000007629,17.7900009155,3.1902619008266075,1,-1.667663319431445,5.632951497917471,-1.3761454349197733,-1.5116291701615103,-0.7674206853672261,0.11910988272512135,1.0,0.0,0.4264703407224285,4.640099413936771,5.632951497917471,7.900400798508345
CRK,2026-04-29,oos,True,True,D-1,17.4899997711,17.4699993134,17.7900009155,17.6200008392,1.7152724318253654,0,5.632951497917471,-1.3761454349197733,-1.5116291701615103,-0.7674206853672261,2.8554519027422343,4.724413542009787,2.0,1.0,0.6875011175379074,1.735102494014673,5.632951497917471,5.632951497917471
CRK,2026-04-30,oos,True,True,D-1,17.0699996948,17.4200000763,17.6200008392,17.7900009155,4.217933412847863,1,-1.3761454349197733,-1.5116291701615103,-0.7674206853672261,2.8554519027422343,1.0410548777856743,0.17201134392939021,2.0,0.0,0.7850456961479334,1.3165509933568353,2.8554519027422343,0.0
CRK,2026-05-01,oos,True,True,D-1,17.5200004578,17.3600006104,17.7900009155,17.6900005341,1.5410984625847668,0,-1.5116291701615103,-0.7674206853672261,2.8554519027422343,1.0410548777856743,-0.2862005670581147,1.2790657188488819,2.0,0.0,0.6542053409323587,2.124000215725519,2.8554519027422343,2.8554519027422343
CRK,2026-05-04,oos,True,True,D-1,17.4200000763,17.7700004578,17.6900005341,16.6299991608,1.5499452159437155,0,-0.7674206853672261,2.8554519027422343,1.0410548777856743,-0.2862005670581147,-0.3444286201905844,2.479339215217524,2.0,1.0,0.598131157695396,2.4769601957409737,2.8554519027422343,3.4850953333268375
CRK,2026-05-05,oos,True,True,D-1,17.5,17.3299999237,16.6299991608,15.1499996185,-4.971433366857136,0,2.8554519027422343,1.0410548777856743,-0.2862005670581147,-0.3444286201905844,2.36175018999929,5.710892459261596,3.0,2.0,0.976470060322728,0.11255181308238438,2.8554519027422343,2.8554519027422343
CRK,2026-05-06,oos,True,True,D-1,16.3500003815,14.9899997711,15.1499996185,14.8199996948,-7.339454036697135,0,1.0410548777856743,-0.2862005670581147,-0.3444286201905844,2.36175018999929,-2.476086228275043,0.23134185125546214,2.0,3.0,0.4588226054177168,2.654362341750005,2.36175018999929,1.2138698872622644
CRK,2026-05-07,oos,True,True,D-1,14.9399995804,14.8000001907,14.8199996948,15.1899995804,1.6733601540924958,0,-0.2862005670581147,-0.3444286201905844,2.36175018999929,-2.476086228275043,-13.502597593205323,-14.195762105140819,1.0,4.0,0.04761883135086587,18.679127332598533,2.36175018999929,18.0060980520149
CRK,2026-05-08,oos,True,True,D-1,14.6599998474,14.1000003815,15.1899995804,15.1400003433,3.615277888928481,1,-0.3444286201905844,2.36175018999929,-2.476086228275043,-13.502597593205323,-1.2675088946052626,-15.040182974307347,1.0,3.0,0.11799422394144293,20.202707339685368,2.36175018999929,16.96071005231323
CRK,2026-05-11,oos,True,True,D-1,14.220000267,15.0699996948,15.1400003433,14.8000001907,6.469761315230227,1,2.36175018999929,-2.476086228275043,-13.502597593205323,-1.2675088946052626,-4.729728379597365,-18.778802501579438,1.0,4.0,0.0,26.17021584511083,2.36175018999929,8.29903773629984
CRK,2026-05-12,oos,True,True,D-1,15.0100002289,14.720000267,14.8000001907,15.0200004578,0.0666237757994681,0,-2.476086228275043,-13.502597593205323,-1.2675088946052626,-4.729728379597365,6.87942756776585,-15.194151341818651,1.0,4.0,0.27019478330592656,17.385540095293095,6.87942756776585,0.0
CRK,2026-05-13,oos,True,True,D-1,14.6700000763,14.5500001907,15.0200004578,15.220000267,3.7491492013592254,1,-13.502597593205323,-1.2675088946052626,-4.729728379597365,6.87942756776585,-2.3224912733128322,-15.060586660076336,1.0,4.0,0.24505936151935284,12.975535727957332,6.87942756776585,0.0
CRK,2026-05-14,oos,True,True,D-1,14.4399995804,14.8800001144,15.220000267,14.9099998474,5.401666961671703,1,-1.2675088946052626,-4.729728379597365,6.87942756776585,-2.3224912733128322,-1.1548918017421084,-2.93528743908521,1.0,2.0,0.41284416507290045,4.398621177400885,6.87942756776585,10.329988381509125
CRK,2026-05-15,oos,True,True,D-1,15.0900001526,14.8100004196,14.9099998474,15.1700000763,0.5301519078262817,0,-4.729728379597365,6.87942756776585,-2.3224912733128322,-1.1548918017421084,2.2680406829886257,0.5405400180350517,2.0,3.0,0.7155966111600411,2.083329728606653,6.87942756776585,6.87942756776585
CRK,2026-05-18,oos,True,True,D-1,14.779999733,14.6700000763,15.1700000763,15.0,2.6387033176274555,0,6.87942756776585,-2.3224912733128322,-1.1548918017421084,2.2680406829886257,-0.4704280528348814,5.035461126877427,2.0,0.0,0.6132078442433854,2.768398621092505,6.87942756776585,6.87942756776585
CRK,2026-05-19,oos,True,True,D-1,14.720000267,15.1499996185,15.0,14.529999733,1.9021720646820617,0,-2.3224912733128322,-1.1548918017421084,2.2680406829886257,-0.4704280528348814,-0.9453095160937286,-2.6542775487780723,1.0,1.0,0.48113210095940545,3.7491492013592254,2.2680406829886257,3.6793312507674147
CRK,2026-05-20,oos,True,True,D-1,14.9499998093,14.3400001526,14.529999733,14.0900001526,-2.8093650946987236,0,-1.1548918017421084,2.2680406829886257,-0.4704280528348814,-0.9453095160937286,3.271980502409555,2.9211911936169788,2.0,2.0,0.9339616784996989,0.4620504967836503,3.271980502409555,2.2680406829886257
CRK,2026-05-21,oos,True,True,D-1,14.3900003433,14.1099996567,14.0900001526,13.9399995804,-2.0847823734742366,0,2.2680406829886257,-0.4704280528348814,-0.9453095160937286,3.271980502409555,-5.346531262686582,-1.4432992120111954,2.0,3.0,0.08333325054687915,6.136681346132655,3.271980502409555,4.517528903736001
CRK,2026-05-22,oos,True,True,D-1,14.0,13.9399995804,13.9399995804,13.3900003433,-0.42857442571427873,0,-0.4704280528348814,-0.9453095160937286,3.271980502409555,-5.346531262686582,-1.6039086014814186,-5.174734218952315,1.0,4.0,0.026315547338483524,7.866765678997911,3.271980502409555,10.136666891774437
CRK,2026-05-26,oos,True,True,D-1,13.7399997711,13.1800003052,13.3900003433,13.8599996567,0.8733616273589817,0,-0.9453095160937286,3.271980502409555,-5.346531262686582,-1.6039086014814186,-1.2048198471732552,-5.874414682990925,1.0,3.0,0.221518635887261,8.82353323474565,3.271980502409555,6.061384741903064
CRK,2026-05-27,oos,True,True,D-1,13.1000003815,13.2299995422,13.8599996567,13.8299999237,5.801521015780131,1,3.271980502409555,-5.346531262686582,-1.6039086014814186,-1.2048198471732552,-5.451931836989288,-10.15678093626704,1.0,4.0,0.009950475384246937,15.09863220803469,3.271980502409555,9.863046229745686
CRK,2026-05-28,oos,True,True,D-1,13.2700004578,13.6499996185,13.8299999237,13.6800003052,4.220041044315392,1,-5.346531262686582,-1.6039086014814186,-1.2048198471732552,-5.451931836989288,0.3793568728543528,-12.673268149495176,1.0,4.0,0.18055528571885945,13.378688730518796,0.3793568728543528,5.093257242261895
CRK,2026-05-29,oos,True,True,D-1,13.6499996185,13.3299999237,13.6800003052,13.6499996185,0.219785256692151,0,-1.6039086014814186,-1.2048198471732552,-5.451931836989288,0.3793568728543528,3.174603861174119,-4.81171915451406,2.0,4.0,0.47928974379288586,6.4468874658965225,3.174603861174119,0.0
CRK,2026-06-01,oos,True,True,D-1,13.3599996567,13.4200000763,13.6499996185,13.5100002289,2.1706584524840755,0,-1.2048198471732552,-5.451931836989288,0.3793568728543528,3.174603861174119,-2.3443201739456465,-5.527992572484742,2.0,4.0,0.39199981688000063,5.7014271061529564,3.174603861174119,0.3793568728543528
CRK,2026-06-02,oos,True,True,D-1,13.3599996567,13.4499998093,13.5100002289,13.8599996567,3.7425150662279583,1,-5.451931836989288,0.3793568728543528,3.174603861174119,-2.3443201739456465,0.6751699408488632,-3.7302691517375197,3.0,4.0,0.5272729321868825,3.8748099936178892,3.174603861174119,4.859582239402648
CRK,2026-06-03,oos,True,True,D-1,13.4300003052,13.2299995422,13.8599996567,13.8500003815,3.2017821424285886,1,0.3793568728543528,3.174603861174119,-2.3443201739456465,0.6751699408488632,0.2235449540196388,2.04855461189537,4.0,3.0,0.5980391698702198,3.0483260461944717,3.174603861174119,3.174603861174119
CRK,2026-06-04,oos,True,True,D-1,13.2600002289,13.8299999237,13.8500003815,13.1800003052,4.44947317055171,1,3.174603861174119,-2.3443201739456465,0.6751699408488632,0.2235449540196388,-1.6356897414071425,0.0,3.0,4.0,0.17105169036613915,4.7619057921391095,3.174603861174119,4.590405150441946
CRK,2026-06-05,oos,True,True,D-1,13.8199996948,13.0,13.1800003052,12.8000001907,-4.630965294744616,0,-2.3443201739456465,0.6751699408488632,0.2235449540196388,-1.6356897414071425,4.535150432818735,1.3186835914342776,3.0,0.0,0.9605266294601348,0.2169178103073488,4.535150432818735,0.6751699408488632
CRK,2026-06-08,oos,True,True,D-1,12.8599996567,12.8500003815,12.8000001907,13.5799999237,5.598758057702469,1,0.6751699408488632,0.2235449540196388,-1.6356897414071425,4.535150432818735,-6.001445613008705,-2.475618346503361,3.0,1.0,0.044444420945668604,6.615381974615375,4.535150432818735,2.4136397077325733
CRK,2026-06-09,oos,True,True,D-1,12.7600002289,12.6700000763,13.5799999237,13.5699996948,6.426329781270623,1,0.2235449540196388,-1.6356897414071425,4.535150432818735,-6.001445613008705,-1.1538432192307768,-4.247389653943678,2.0,2.0,0.1140352492067651,7.859916305170578,4.535150432818735,11.621191991796687
CRK,2026-06-10,oos,True,True,D-1,12.75,13.3699998856,13.5699996948,13.7399997711,7.764704087058827,1,-1.6356897414071425,4.535150432818735,-6.001445613008705,-1.1538432192307768,-1.400780543626634,-5.799254602670478,1.0,3.0,0.16197217150811427,9.392261825048976,4.535150432818735,7.0736113843572035
CRK,2026-06-11,oos,True,True,D-1,13.3100004196,13.1700000763,13.7399997711,13.529999733,3.2306486697535552,1,4.535150432818735,-6.001445613008705,-1.1538432192307768,-1.400780543626634,5.524860340051552,1.0582036904343006,2.0,4.0,0.6549297572034227,3.66491978528547,5.524860340051552,4.535150432818735
CRK,2026-06-12,oos,True,True,D-1,13.0500001907,13.5200004578,13.529999733,13.4899997711,3.6781573585115135,1,-6.001445613008705,-1.1538432192307768,-1.400780543626634,5.524860340051552,-1.4958848991121432,-4.772233196248843,1.0,4.0,0.5177305540042926,5.1632520976494956,5.524860340051552,0.0
CRK,2026-06-15,oos,True,True,D-1,13.0,13.0500001907,13.4899997711,13.3199996948,3.76922900846155,1,-1.1538432192307768,-1.400780543626634,5.524860340051552,-1.4958848991121432,2.657557930693133,4.000003521538464,2.0,0.0,0.8307697838247705,1.6272138006702352,5.524860340051552,5.524860340051552
CRK,2026-06-16,oos,True,True,D-1,13.1800003052,13.3400001526,13.3199996948,13.220000267,1.062210822140619,0,-1.400780543626634,5.524860340051552,-1.4958848991121432,2.657557930693133,-3.4763332188265217,1.5564187024300624,2.0,1.0,0.46923116985970453,5.287353029249187,5.524860340051552,6.436021197339192
CRK,2026-06-17,oos,True,True,D-1,13.1400003433,13.1300001144,13.220000267,13.4899997711,2.6636181024033423,0,5.524860340051552,-1.4958848991121432,2.657557930693133,-3.4763332188265217,2.2222218977948183,5.288082654026782,3.0,2.0,0.6153849680843322,2.998497855504456,5.524860340051552,6.856223499112346
CRK,2026-06-18,oos,True,True,D-1,12.9600000381,13.1000003815,13.4899997711,13.5399999619,4.475308040855763,1,-1.4958848991121432,2.657557930693133,-3.4763332188265217,2.2222218977948183,-1.5742131619021826,-1.7950618792337392,2.0,3.0,0.3068186620453918,4.645846545202992,2.657557930693133,2.657557930693133
CRK,2026-06-22,oos,True,True,D-1,13.1099996567,13.4499998093,13.5399999619,13.6800003052,4.347831147414993,1,2.657557930693133,-3.4763332188265217,2.2222218977948183,-1.5742131619021826,-0.2284823506368383,-0.5315086894036369,2.0,4.0,0.3962266867213889,4.885491381388185,2.657557930693133,4.456656643995805
CRK,2026-06-23,oos,True,True,D-1,13.1999998093,13.4600000381,13.6800003052,13.9300003052,5.530306867017387,1,-3.4763332188265217,2.2222218977948183,-1.5742131619021826,-0.2284823506368383,2.6717512794448117,-0.5177562583558615,2.0,4.0,0.9058823793481137,0.5947949801804908,2.6717512794448117,2.2222218977948183
CRK,2026-06-24,oos,True,True,D-1,13.4899997711,13.4600000381,13.9300003052,14.5600004196,7.931806276174225,1,2.2222218977948183,-1.5742131619021826,-0.2284823506368383,2.6717512794448117,0.07435114454861225,3.141761236847973,3.0,0.0,0.9069767956571335,0.5943530726118196,2.6717512794448117,2.2222218977948183
CRK,2026-06-25,oos,True,True,D-1,13.3999996185,13.8699998856,14.5600004196,14.3100004196,8.656722642726834,1,-1.5742131619021826,-0.2284823506368383,2.6717512794448117,0.07435114454861225,0.0,0.8995493562765189,2.0,0.0,0.7799997329000004,1.6344744909157827,2.6717512794448117,2.6717512794448117
CRK,2026-06-26,oos,True,True,D-1,13.8199996948,14.3000001907,14.3100004196,15.1400003433,9.551379722509502,1,-0.2284823506368383,2.6717512794448117,0.07435114454861225,0.0,3.046061265523403,5.6359464185261166,3.0,0.0,0.9519996643200003,0.432591348917688,3.046061265523403,2.6717512794448117
CRK,2026-06-29,oos,True,True,D-1,14.1700000763,14.1899995804,15.1400003433,15.1199998856,6.845449977254225,1,2.6717512794448117,0.07435114454861225,0.0,3.046061265523403,3.1002185194423326,9.160303620255284,4.0,0.0,0.8300652861288728,1.8181833946344206,3.1002185194423326,2.6717512794448117
CRK,2026-06-30,oos,True,True,D-1,14.1899995804,14.9200000763,15.1199998856,15.220000267,7.258637893285713,1,0.07435114454861225,0.0,3.046061265523403,3.1002185194423326,-0.7692350268046821,5.501857112208497,3.0,1.0,0.749999516740027,2.6074760404578567,3.1002185194423326,3.046061265523403
CRK,2026-07-01,oos,True,True,D-1,14.9499998093,14.6800003052,15.220000267,14.6800003052,1.8060231514654523,0,0.0,3.046061265523403,3.1002185194423326,-0.7692350268046821,5.144471582002841,10.846954190693236,3.0,0.0,0.8810809612733622,1.4745326131027747,5.144471582002841,3.1002185194423326
