ticker,date,regime,position_independent_daily_evaluation,holding_state_ignored_for_candidate_generation,feature_cutoff,entry_open_d0,entry_close_d0,future_high_d1,future_high_d2,forward_max_return_pct,label_2d3pct,ret_d5_pct,ret_d4_pct,ret_d3_pct,ret_d2_pct,ret_d1_pct,cumulative_ret5_pct,up_days5,days_since_high5,close_pos5,pullback_from_high5_pct,single_up_day5_pct,fade_after_surge_score
ABEV,2020-06-16,stress,True,True,D-1,2.70000004768,2.55999994278,2.70000004768,2.6400001049,0.0,0,-2.666664123666662,-3.4246623437440116,-6.382972787279173,2.651512517748622,-3.6900421270202544,-13.000003496666668,1.0,3.0,0.19565197110398647,14.176250530302159,2.651512517748622,1.1363715381797812
ABEV,2020-06-17,stress,True,True,D-1,2.59999990463,2.6400001049,2.6400001049,2.65000009537,1.9230843297709743,0,-3.4246623437440116,-6.382972787279173,2.651512517748622,-3.6900421270202544,-1.9157070624358896,-12.328771373437675,1.0,4.0,0.08695643159452549,16.406253346783494,2.651512517748622,8.186571309570578
ABEV,2020-06-18,stress,True,True,D-1,2.59999990463,2.58999991417,2.65000009537,2.74000000954,5.384619617127373,1,-6.382972787279173,2.651512517748622,-3.6900421270202544,-1.9157070624358896,3.125006402661268,-6.382972787279173,2.0,3.0,0.5217396261757615,4.166662527620124,3.125006402661268,2.651512517748622
ABEV,2020-06-19,stress,True,True,D-1,2.59999990463,2.59999990463,2.74000000954,2.79999995232,7.692309808698283,1,2.651512517748622,-3.6900421270202544,-1.9157070624358896,3.125006402661268,-1.8939465433049252,-1.8939465433049252,2.0,4.0,0.30434751059170734,6.177609696225583,3.125006402661268,2.651512517748622
ABEV,2020-06-22,stress,True,True,D-1,2.63000011444,2.71000003815,2.79999995232,2.69000005722,6.463871881473193,1,-3.6900421270202544,-1.9157070624358896,3.125006402661268,-1.8939465433049252,0.3861000305555917,-4.059045460201993,2.0,3.0,0.42105210319683534,4.230774521341907,3.125006402661268,4.640165443593003
ABEV,2020-06-23,stress,True,True,D-1,2.75,2.72000002861,2.69000005722,2.71000003815,-1.4545440672727228,0,-1.9157070624358896,3.125006402661268,-1.8939465433049252,0.3861000305555917,4.230774521341907,3.8314232593549047,3.0,0.0,0.8500001788174569,1.107009998807218,4.230774521341907,3.125006402661268
ABEV,2020-06-24,stress,True,True,D-1,2.67000007629,2.58999991417,2.71000003815,2.65000009537,1.498125869553557,0,3.125006402661268,-1.8939465433049252,0.3861000305555917,4.230774521341907,0.369003332812734,6.250003492431699,4.0,0.0,0.692307974452673,2.9411736348724293,4.230774521341907,3.125006402661268
ABEV,2020-06-25,stress,True,True,D-1,2.61999988556,2.68000006676,2.65000009537,2.69000005722,2.671762393800181,0,-1.8939465433049252,0.3861000305555917,4.230774521341907,0.369003332812734,-4.7794159217871,-1.8939465433049252,3.0,1.0,0.19230751597188664,8.108109849775701,4.230774521341907,8.658823314356646
ABEV,2020-06-26,stress,True,True,D-1,2.6400001049,2.54999995232,2.69000005722,2.74000000954,3.787875025246934,1,0.3861000305555917,4.230774521341907,0.369003332812734,-4.7794159217871,3.474909481564281,3.474909481564281,4.0,2.0,0.5200004577600001,4.477607558610042,4.230774521341907,5.701361338594301
ABEV,2020-06-29,stress,True,True,D-1,2.59999990463,2.68000006676,2.74000000954,2.76999998093,6.538464712912839,1,4.230774521341907,0.369003332812734,-4.7794159217871,3.474909481564281,-4.850750417971605,-1.9230751593860451,3.0,3.0,0.0,9.803921751941559,4.230774521341907,5.775174643950343
ABEV,2020-06-30,stress,True,True,D-1,2.67000007629,2.6400001049,2.76999998093,2.79999995232,4.868909075487227,1,0.369003332812734,-4.7794159217871,3.474909481564281,-4.850750417971605,5.098043798852836,-1.107009998807229,3.0,4.0,0.5200004577600001,4.477607558610042,5.098043798852836,3.474909481564281
ABEV,2020-07-01,stress,True,True,D-1,2.66000008583,2.73000001907,2.79999995232,2.73000001907,5.263152705738183,1,-4.7794159217871,3.474909481564281,-4.850750417971605,5.098043798852836,-1.4925358531187705,-2.9411736348724293,2.0,0.0,0.47368487092500855,3.787875025246934,5.098043798852836,3.474909481564281
ABEV,2020-07-02,stress,True,True,D-1,2.76999998093,2.66000008583,2.73000001907,2.75999999046,-0.3610104887669663,0,3.474909481564281,-4.850750417971605,5.098043798852836,-1.4925358531187705,3.409087522494958,5.405409634728309,3.0,0.0,0.8181820151900553,1.4652000578969426,5.098043798852836,5.098043798852836
ABEV,2020-07-06,stress,True,True,D-1,2.71000003815,2.69000005722,2.75999999046,2.80999994278,3.69003332923441,1,-4.850750417971605,5.098043798852836,-1.4925358531187705,3.409087522494958,-2.5641001007701725,-0.7462679265593741,2.0,0.0,0.44000053404000106,5.263152705738183,5.098043798852836,5.098043798852836
ABEV,2020-07-07,stress,True,True,D-1,2.70000004768,2.71000003815,2.80999994278,2.8599998951,5.925920170167442,1,5.098043798852836,-1.4925358531187705,3.409087522494958,-2.5641001007701725,1.1278184369170274,5.490200294812841,3.0,1.0,0.5217396261965555,4.089215344243535,5.098043798852836,6.563243856383472
ABEV,2020-07-08,stress,True,True,D-1,2.75,2.80999994278,2.8599998951,2.83999991417,3.9999961854545463,1,-1.4925358531187705,3.409087522494958,-2.5641001007701725,1.1278184369170274,0.7434936990547536,1.119401889652516,3.0,2.0,0.5263163838640872,3.321029996421654,3.409087522494958,3.409087522494958
ABEV,2020-07-09,stress,True,True,D-1,2.82999992371,2.77999997139,2.83999991417,2.81999993324,0.35335656288253414,0,3.409087522494958,-2.5641001007701725,1.1278184369170274,0.7434936990547536,3.69003332923441,6.43938754261677,4.0,0.0,1.0,0.0,3.69003332923441,3.409087522494958
ABEV,2020-07-10,stress,True,True,D-1,2.75,2.82999992371,2.81999993324,2.63000011444,2.545452117818181,0,-2.5641001007701725,1.1278184369170274,0.7434936990547536,3.69003332923441,-1.0676146619533533,1.8315000721880415,3.0,0.0,0.6521739130340266,2.877695127097435,3.69003332923441,1.1278184369170274
ABEV,2020-07-13,stress,True,True,D-1,2.81999993324,2.6099998951,2.63000011444,2.72000002861,-3.5460959928146796,0,1.1278184369170274,0.7434936990547536,3.69003332923441,-1.0676146619533533,1.7985594544808636,6.390971142655233,4.0,1.0,0.8421052631634344,1.0600696890009642,3.69003332923441,3.69003332923441
ABEV,2020-07-14,stress,True,True,D-1,2.57999992371,2.61999988556,2.72000002861,2.71000003815,5.4263608154949905,1,0.7434936990547536,3.69003332923441,-1.0676146619533533,1.7985594544808636,-7.77385281062446,-2.9739836586723523,3.0,2.0,0.0,9.578544446279436,3.69003332923441,9.805144050080926
ABEV,2020-07-15,stress,True,True,D-1,2.67000007629,2.69000005722,2.71000003815,2.68000006676,1.498125869553557,0,3.69003332923441,-1.0676146619533533,1.7985594544808636,-7.77385281062446,0.3831414123339094,-3.3210387942075204,3.0,3.0,0.2941174408061757,9.16030610775016,3.69003332923441,11.110529576976337
ABEV,2020-07-16,stress,True,True,D-1,2.66000008583,2.65000009537,2.68000006676,2.70000004768,1.5037579157640923,0,-1.0676146619533533,1.7985594544808636,-7.77385281062446,0.3831414123339094,2.671762393800181,-4.270458647813413,3.0,4.0,0.5000003506030286,6.319696441036049,2.671762393800181,1.7985594544808636
ABEV,2020-07-17,stress,True,True,D-1,2.67000007629,2.6099998951,2.70000004768,2.86999988556,7.490629346644151,1,1.7985594544808636,-7.77385281062446,0.3831414123339094,2.671762393800181,-1.4869873977377601,-4.676254581218586,3.0,4.0,0.4062504423789977,7.169804224987075,2.671762393800181,1.7985594544808636
ABEV,2020-07-20,stress,True,True,D-1,2.61999988556,2.66000008583,2.86999988556,2.99000000954,14.122142753487799,1,-7.77385281062446,0.3831414123339094,2.671762393800181,-1.4869873977377601,-1.5094414652998323,-7.77385281062446,2.0,4.0,0.2999997615899618,8.045978796177454,2.671762393800181,5.645746052472534
ABEV,2020-07-21,stress,True,True,D-1,2.71000003815,2.8599998951,2.99000000954,2.90000009537,10.332102119863595,1,0.3831414123339094,2.671762393800181,-1.4869873977377601,-1.5094414652998323,1.915716196919015,1.915716196919015,3.0,3.0,0.7000003576199154,2.255636873834077,2.671762393800181,2.671762393800181
ABEV,2020-07-22,stress,True,True,D-1,2.91000008583,2.90000009537,2.90000009537,2.88000011444,-0.3436422737131295,0,2.671762393800181,-1.4869873977377601,-1.5094414652998323,1.915716196919015,7.5187895795722826,9.16030610775016,3.0,0.0,0.9642857447079117,0.34965002890849917,7.5187895795722826,2.671762393800181
ABEV,2020-07-23,stress,True,True,D-1,2.8900001049,2.78999996185,2.88000011444,3.0,3.8062246057879,1,-1.4869873977377601,-1.5094414652998323,1.915716196919015,7.5187895795722826,1.3986084523475606,7.806692701970652,3.0,0.0,0.7750002682205605,3.103445214146361,7.5187895795722826,1.915716196919015
ABEV,2020-07-24,stress,True,True,D-1,2.79999995232,2.86999988556,3.0,2.99000000954,7.142858967346966,1,-1.5094414652998323,1.915716196919015,7.5187895795722826,1.3986084523475606,-3.7931079276728563,5.2830136393052785,3.0,1.0,0.4999999999875,7.168460588701353,7.5187895795722826,9.966339782980683
ABEV,2020-07-27,stress,True,True,D-1,2.8900001049,2.99000000954,2.99000000954,3.00999999046,4.15224502437006,1,1.915716196919015,7.5187895795722826,1.3986084523475606,-3.7931079276728563,2.8673808173443005,9.961685858613345,4.0,2.0,0.6756754492696154,4.181189155573284,7.5187895795722826,8.553279539000103
ABEV,2020-07-28,stress,True,True,D-1,2.94000005722,2.93000006676,3.00999999046,3.05999994278,4.081628681105176,1,7.5187895795722826,1.3986084523475606,-3.7931079276728563,2.8673808173443005,4.181189155573284,12.406011769245119,4.0,0.0,0.9666666931688934,0.3344478404044615,7.5187895795722826,7.5187895795722826
ABEV,2020-07-29,stress,True,True,D-1,2.99000000954,2.90000009537,3.05999994278,2.78999996185,2.3411348835001844,0,1.3986084523475606,-3.7931079276728563,2.8673808173443005,4.181189155573284,-2.006687043095723,2.4475585394226895,3.0,1.0,0.7200002670399996,2.389076165360171,4.181189155573284,2.8673808173443005
ABEV,2020-07-30,stress,True,True,D-1,3.0,2.83999991417,2.78999996185,2.65000009537,-7.000001271666667,0,-3.7931079276728563,2.8673808173443005,4.181189155573284,-2.006687043095723,-1.0238897852031137,0.0,2.0,0.0,0.576923464899422,3.793099705948988,4.181189155573284,7.191219720216879
ABEV,2020-07-31,stress,True,True,D-1,2.78999996185,2.68000006676,2.65000009537,2.58999991417,-5.01791642990449,0,2.8673808173443005,4.181189155573284,-2.006687043095723,-1.0238897852031137,-2.068971697476607,1.792113010884977,2.0,0.0,0.29032235736208095,7.7464801147466344,4.181189155573284,7.2528666483838045
ABEV,2020-08-03,stress,True,True,D-1,2.63000011444,2.57999992371,2.58999991417,2.58999991417,-1.5209200961771585,0,4.181189155573284,-2.006687043095723,-1.0238897852031137,-2.068971697476607,-5.633797614277758,-6.620203009622316,1.0,1.0,0.04999997020623877,14.179099498284842,4.181189155573284,11.76739678919514
ABEV,2020-08-04,stress,True,True,D-1,2.55999994278,2.52999997139,2.58999991417,2.51999998093,1.1718739086150842,0,-2.006687043095723,-1.0238897852031137,-2.068971697476607,-5.633797614277758,-3.7313485283190895,-13.71237740875717,0.0,2.0,0.0,18.604652452073232,-1.0238897852031137,9.154929518228027
ABEV,2020-08-05,stress,True,True,D-1,2.56999993324,2.49000000954,2.51999998093,2.5,-1.9455234867249538,0,-1.0238897852031137,-2.068971697476607,-5.633797614277758,-3.7313485283190895,-1.9379827053677134,-13.651880076996747,0.0,3.0,0.0535713829559904,20.94861570685371,-1.0238897852031137,5.59701834453098
ABEV,2020-08-06,stress,True,True,D-1,2.46000003815,2.49000000954,2.5,2.50999999046,2.032518355064794,0,-2.068971697476607,-5.633797614277758,-3.7313485283190895,-1.9379827053677134,-1.5810261779577672,-14.137933529194912,0.0,4.0,0.033898277694049794,22.891563496230717,-1.5810261779577672,3.488368869429326
ABEV,2020-08-07,stress,True,True,D-1,2.45000004768,2.46000003815,2.50999999046,2.52999997139,3.2653029450246285,1,-5.633797614277758,-3.7313485283190895,-1.9379827053677134,-1.5810261779577672,0.0,-12.323940676325284,0.0,4.0,0.14285704555507636,12.048190809662751,0.0,1.5810261779577672
ABEV,2020-08-10,stress,True,True,D-1,2.5,2.43000006676,2.52999997139,2.50999999046,1.199998855600004,0,-3.7313485283190895,-1.9379827053677134,-1.5810261779577672,0.0,-1.2048181234963984,-8.208956086929131,0.0,4.0,0.09523798712700479,7.723579442010342,0.0,1.2048181234963984
ABEV,2020-08-11,stress,True,True,D-1,2.47000002861,2.48000001907,2.50999999046,2.53999996185,2.8340053615057093,0,-1.9379827053677134,-1.5810261779577672,0.0,-1.2048181234963984,-1.2195110132014908,-5.813948115715551,0.0,4.0,0.11111111112962856,6.584355679600162,0.0,2.409636246992808
ABEV,2020-08-12,stress,True,True,D-1,2.49000000954,2.49000000954,2.53999996185,2.50999999046,2.0080302055595967,0,-1.5810261779577672,0.0,-1.2048181234963984,-1.2195110132014908,2.0576111496435567,-1.976282722743672,1.0,4.0,0.388888888870369,4.435479607022352,2.0576111496435567,0.0
ABEV,2020-08-13,stress,True,True,D-1,2.5,2.47000002861,2.50999999046,2.47000002861,0.3999996184000043,0,0.0,-1.2048181234963984,-1.2195110132014908,2.0576111496435567,0.40322541907682474,0.0,2.0,1.0,0.6923076923254446,1.6064241645279864,2.0576111496435567,0.0
ABEV,2020-08-14,stress,True,True,D-1,2.48000001907,2.45000004768,2.47000002861,2.45000004768,-0.40322541867358064,0,-1.2048181234963984,-1.2195110132014908,2.0576111496435567,0.40322541907682474,-0.8032120824648104,-0.8032120824648104,2.0,0.0,0.5,2.8340053615057093,2.0576111496435567,2.4608365683171374
ABEV,2020-08-17,stress,True,True,D-1,2.44000005722,2.3599998951,2.45000004768,2.42000007629,0.40983566497918567,0,-1.2195110132014908,2.0576111496435567,0.40322541907682474,-0.8032120824648104,-0.8097158177465591,-0.40650367133816534,2.0,1.0,0.3571428571122467,3.6734658129996545,2.0576111496435567,3.6640353145731552
ABEV,2020-08-18,stress,True,True,D-1,2.43000006676,2.3900001049,2.42000007629,2.3599998951,-0.41152223025793244,0,2.0576111496435567,0.40322541907682474,-0.8032120824648104,-0.8097158177465591,-3.6734755440198774,-2.8806654212702676,2.0,2.0,0.14285698067349933,7.627121811476734,2.0576111496435567,6.511057798869014
ABEV,2020-08-19,stress,True,True,D-1,2.41000008583,2.33999991417,2.3599998951,2.32999992371,-2.07469663689992,0,0.40322541907682474,-0.8032120824648104,-0.8097158177465591,-3.6734755440198774,1.2711953870120363,-3.629028769271936,2.0,3.0,0.2857150966325055,6.276144366791825,1.2711953870120363,2.852202627743272
ABEV,2020-08-20,stress,True,True,D-1,2.26999998093,2.33999991417,2.32999992371,2.34999990463,3.5242257432629875,1,-0.8032120824648104,-0.8097158177465591,-3.6734755440198774,1.2711953870120363,-2.092058097716787,-6.024100192582371,1.0,4.0,0.047618993541959385,8.54701089811536,1.2711953870120363,0.8474568567365504
ABEV,2020-08-21,stress,True,True,D-1,2.30999994278,2.32999992371,2.34999990463,2.32999992371,1.7316001229792821,0,-0.8097158177465591,-3.6734755440198774,1.2711953870120363,-2.092058097716787,0.0,-5.263162466972037,1.0,4.0,0.3703700433209639,7.264960791688724,1.2711953870120363,3.363253484728823
ABEV,2020-08-24,stress,True,True,D-1,2.32999992371,2.32999992371,2.32999992371,2.34999990463,0.8583683079334437,0,-3.6734755440198774,1.2711953870120363,-2.092058097716787,0.0,-0.4273500353330961,-4.897964148353095,1.0,4.0,0.39130394220797293,6.008588389869174,1.2711953870120363,1.6985454223451324
ABEV,2020-08-25,stress,True,True,D-1,2.30999994278,2.31999993324,2.34999990463,2.31999993324,1.7316001229792821,0,1.2711953870120363,-2.092058097716787,0.0,-0.4273500353330961,0.0,-1.2711852848929395,1.0,4.0,0.42857094202049584,5.150220081506562,1.2711953870120363,1.6985454223451324
ABEV,2020-08-26,stress,True,True,D-1,2.31999993324,2.28999996185,2.31999993324,2.38000011444,2.586214781317109,0,-2.092058097716787,0.0,-0.4273500353330961,0.0,-0.42918415439590074,-2.9288773467618157,0.0,4.0,0.4444438557409591,4.310351117568545,0.0,0.42918415439590074
ABEV,2020-08-27,stress,True,True,D-1,2.30999994278,2.28999996185,2.38000011444,2.33999991417,3.030310536534353,1,0.0,-0.4273500353330961,0.0,-0.42918415439590074,-1.293102252296341,-2.136750177520197,0.0,4.0,0.4166666666111101,3.0567656950286626,0.0,1.7167366167252562
ABEV,2020-08-28,stress,True,True,D-1,2.32999992371,2.38000011444,2.33999991417,2.38000011444,2.1459310028811407,0,-0.4273500353330961,0.0,-0.42918415439590074,-1.293102252296341,0.0,-2.136750177520197,0.0,3.0,0.4545454545123952,2.6200848812035993,0.0,1.293102252296341
ABEV,2020-08-31,stress,True,True,D-1,2.32999992371,2.25,2.38000011444,2.41000008583,3.4334834652105073,1,0.0,-0.42918415439590074,-1.293102252296341,0.0,3.930137733159289,2.1459310028811407,1.0,0.0,1.0,0.0,3.930137733159289,0.0
ABEV,2020-09-01,stress,True,True,D-1,2.34999990463,2.34999990463,2.41000008583,2.49000000954,5.957451514537082,1,-0.42918415439590074,-1.293102252296341,0.0,3.930137733159289,-5.4621894197088405,-3.4334732330213225,1.0,1.0,0.0714284497653965,5.777782863999992,3.930137733159289,1.7467232539901678
ABEV,2020-09-02,stress,True,True,D-1,2.3599998951,2.38000011444,2.49000000954,2.43000006676,5.508479670270994,1,-1.293102252296341,0.0,3.930137733159289,-5.4621894197088405,4.444440205777789,1.293102252296352,2.0,2.0,0.7857129476336566,1.2766047245743817,4.444440205777789,5.190650689775622
ABEV,2020-09-03,stress,True,True,D-1,2.42000007629,2.41000008583,2.43000006676,2.3599998951,0.4132227336674399,0,0.0,3.930137733159289,-5.4621894197088405,4.444440205777789,1.2766047245743817,3.930137733159289,3.0,0.0,0.8125002793943809,1.2605029389697764,4.444440205777789,3.930137733159289
ABEV,2020-09-04,stress,True,True,D-1,2.41000008583,2.36999988556,2.3599998951,2.3599998951,-2.07469663689992,0,3.930137733159289,-5.4621894197088405,4.444440205777789,1.2766047245743817,1.2605029389697764,5.240180173761089,4.0,0.0,0.6666669977916537,3.319498790907649,4.444440205777789,4.444440205777789
ABEV,2020-09-08,stress,True,True,D-1,2.32999992371,2.31999993324,2.3599998951,2.41000008583,3.4334834652105073,1,-5.4621894197088405,4.444440205777789,1.2766047245743817,1.2605029389697764,-1.6597592881920642,-0.4201776638297794,3.0,1.0,0.499999503291686,5.063296614955148,4.444440205777789,4.864617869607568
ABEV,2020-09-09,stress,True,True,D-1,2.3599998951,2.32999992371,2.41000008583,2.3599998951,2.1186522437485644,0,4.444440205777789,1.2766047245743817,1.2605029389697764,-1.6597592881920642,-2.109702731406904,3.1111081439999966,3.0,2.0,0.10526302577289398,7.327589706547366,4.444440205777789,8.17888623833899
ABEV,2020-09-10,stress,True,True,D-1,2.33999991417,2.32999992371,2.3599998951,2.40000009537,2.5641104017425587,0,1.2766047245743817,1.2605029389697764,-1.6597592881920642,-2.109702731406904,0.4310340843861393,-0.8510630524110274,3.0,3.0,0.15789453871197137,6.86695669823183,1.2766047245743817,2.9643669094467473
ABEV,2020-09-11,stress,True,True,D-1,2.32999992371,2.28999996185,2.40000009537,2.47000002861,6.008588389869174,1,1.2605029389697764,-1.6597592881920642,-2.109702731406904,0.4310340843861393,0.0,-2.100848248982745,2.0,4.0,0.15789453871197137,6.86695669823183,1.2605029389697764,1.2605029389697764
ABEV,2020-09-14,stress,True,True,D-1,2.32999992371,2.3900001049,2.47000002861,2.45000004768,6.008588389869174,1,-1.6597592881920642,-2.109702731406904,0.4310340843861393,0.0,-1.7167366167252562,-4.9792580790997025,1.0,4.0,0.17647034073713588,6.113541800974498,0.4310340843861393,2.1477707011113956
ABEV,2020-09-15,stress,True,True,D-1,2.3900001049,2.44000005722,2.45000004768,2.54999995232,6.694553991523544,1,-2.109702731406904,0.4310340843861393,0.0,-1.7167366167252562,4.366818546547657,0.8438911521413184,2.0,2.0,0.8666668785731974,0.8368192490450621,4.366818546547657,0.4310340843861393
ABEV,2020-09-16,stress,True,True,D-1,2.44000005722,2.42000007629,2.54999995232,2.50999999046,4.508192316410353,1,0.4310340843861393,0.0,-1.7167366167252562,4.366818546547657,2.0920481224034004,5.172419285909768,3.0,0.0,0.8571430193333034,1.2295069953473847,4.366818546547657,0.4310340843861393
ABEV,2020-09-17,stress,True,True,D-1,2.3900001049,2.53999996185,2.50999999046,2.38000011444,5.020915493433464,1,0.0,-1.7167366167252562,4.366818546547657,2.0920481224034004,-0.819671330368188,3.862667619177218,2.0,1.0,0.7619050322063007,2.066113667097591,4.366818546547657,4.366818546547657
ABEV,2020-09-18,stress,True,True,D-1,2.49000000954,2.3900001049,2.38000011444,2.3900001049,-4.016060411922407,0,-1.7167366167252562,4.366818546547657,2.0920481224034004,-0.819671330368188,4.958672800703656,9.012877468494596,3.0,0.0,0.9655172697063061,0.3937004181179704,4.958672800703656,4.366818546547657
ABEV,2020-09-21,stress,True,True,D-1,2.33999991417,2.3599998951,2.3900001049,2.32999992371,2.1367603659821155,0,4.366818546547657,2.0920481224034004,-0.819671330368188,4.958672800703656,-5.905506267832705,4.366818546547657,3.0,1.0,0.3600006103200002,6.694553991523544,4.958672800703656,5.606486746723571
ABEV,2020-09-22,stress,True,True,D-1,2.3599998951,2.3599998951,2.32999992371,2.34999990463,-0.42372842858012794,0,2.0920481224034004,-0.819671330368188,4.958672800703656,-5.905506267832705,-1.2552388486717247,-1.2552388486717247,2.0,2.0,0.23999977112000082,8.05085024005685,4.958672800703656,12.045289708323514
ABEV,2020-09-23,stress,True,True,D-1,2.31999993324,2.24000000954,2.34999990463,2.33999991417,1.293102252296352,0,-0.819671330368188,4.958672800703656,-5.905506267832705,-1.2552388486717247,0.0,-3.2786950919643565,1.0,3.0,0.23999977112000082,8.05085024005685,4.958672800703656,6.213911649375381
ABEV,2020-09-24,stress,True,True,D-1,2.25,2.30999994278,2.33999991417,2.34999990463,4.444440205777789,1,4.958672800703656,-5.905506267832705,-1.2552388486717247,0.0,-5.084741139571758,-7.438019052708067,1.0,4.0,0.0,13.839283100880895,4.958672800703656,10.043413940275414
ABEV,2020-09-25,stress,True,True,D-1,2.28999996185,2.32999992371,2.34999990463,2.27999997139,2.6200848812035993,0,-5.905506267832705,-1.2552388486717247,0.0,-5.084741139571758,3.1249970063337296,-9.055118997028643,1.0,4.0,0.3333330684221809,8.658010936541704,3.1249970063337296,2.1186421416294676
ABEV,2020-09-28,stress,True,True,D-1,2.32999992371,2.23000001907,2.27999997139,2.27999997139,-2.145920770691967,0,-1.2552388486717247,0.0,-5.084741139571758,3.1249970063337296,0.8658000617060901,-2.5104677220300964,2.0,3.0,0.6666657836669942,2.5751151568478736,3.1249970063337296,0.0
ABEV,2020-09-29,stress,True,True,D-1,2.22000002861,2.19000005722,2.27999997139,2.27999997139,2.702700090394483,0,0.0,-5.084741139571758,3.1249970063337296,0.8658000617060901,-4.291841541383956,-5.508469568151897,2.0,4.0,0.11111096390746078,7.17489167989902,3.1249970063337296,6.588197252725225
ABEV,2020-09-30,stress,True,True,D-1,2.23000001907,2.25999999046,2.27999997139,2.29999995232,3.139010432797784,1,-5.084741139571758,3.1249970063337296,0.8658000617060901,-4.291841541383956,-1.7937202469927138,-7.203383281201248,2.0,3.0,0.0,7.305928914591231,3.1249970063337296,9.133575164013752
ABEV,2020-10-01,stress,True,True,D-1,2.23000001907,2.25999999046,2.29999995232,2.31999993324,4.035870556069954,1,3.1249970063337296,0.8658000617060901,-4.291841541383956,-1.7937202469927138,3.1963439000480376,0.8928562872688062,3.0,4.0,0.4374999999882807,3.982297103978394,3.1963439000480376,3.1249970063337296
ABEV,2020-10-02,stress,True,True,D-1,2.25,2.24000000954,2.31999993324,2.50999999046,11.55555513155555,1,0.8658000617060901,-4.291841541383956,-1.7937202469927138,3.1963439000480376,0.0,-2.1645001540487985,2.0,3.0,0.4374999999882807,3.982297103978394,3.1963439000480376,0.8658000617060901
ABEV,2020-10-05,stress,True,True,D-1,2.24000000954,2.31999993324,2.50999999046,2.5,12.053570525450397,1,-4.291841541383956,-1.7937202469927138,3.1963439000480376,0.0,-0.8849549117001976,-3.862657386988033,1.0,4.0,0.312500000027345,4.910709581317785,3.1963439000480376,4.081298811748235
ABEV,2020-10-06,stress,True,True,D-1,2.3900001049,2.42000007629,2.5,2.49000000954,4.602505869120144,1,-1.7937202469927138,3.1963439000480376,0.0,-0.8849549117001976,3.5714251499681327,4.035870556069954,2.0,0.0,1.0,0.0,3.5714251499681327,3.1963439000480376
ABEV,2020-10-07,stress,True,True,D-1,2.42000007629,2.43000006676,2.49000000954,2.53999996185,4.958672800703656,1,3.1963439000480376,0.0,-0.8849549117001976,3.5714251499681327,4.310351117568545,10.502283701396964,3.0,0.0,0.6896554275529472,3.719004600527742,4.310351117568545,3.1963439000480376
ABEV,2020-10-08,stress,True,True,D-1,2.42000007629,2.46000003815,2.53999996185,2.52999997139,4.958672800703656,1,0.0,-0.8849549117001976,3.5714251499681327,4.310351117568545,0.4132227336674399,7.522127301664194,3.0,1.0,0.7241381578478302,3.2921778395943235,4.310351117568545,3.5714251499681327
ABEV,2020-10-09,stress,True,True,D-1,2.48000001907,2.47000002861,2.52999997139,2.50999999046,2.0161270941743803,0,-0.8849549117001976,3.5714251499681327,4.310351117568545,0.4132227336674399,1.2345666899507668,8.849559669656992,4.0,2.0,0.8275863486635149,2.032518355064794,4.310351117568545,4.310351117568545
ABEV,2020-10-12,stress,True,True,D-1,2.48000001907,2.51999998093,2.50999999046,2.52999997139,2.0161270941743803,0,3.5714251499681327,4.310351117568545,0.4132227336674399,1.2345666899507668,0.4065036709316461,10.267857950466341,5.0,0.0,0.7666668521078068,2.8340053615057093,4.310351117568545,4.310351117568545
ABEV,2020-10-13,stress,True,True,D-1,2.48000001907,2.49000000954,2.52999997139,2.46000003815,2.0161270941743803,0,4.310351117568545,0.4132227336674399,1.2345666899507668,0.4065036709316461,2.024289544164004,8.620691958843718,5.0,1.0,0.875000000039064,0.7936500425138382,4.310351117568545,4.310351117568545
ABEV,2020-10-14,stress,True,True,D-1,2.49000000954,2.50999999046,2.46000003815,2.41000008583,-1.2048181234963984,0,0.4132227336674399,1.2345666899507668,0.4065036709316461,2.024289544164004,-1.1904750641676065,2.89255913401929,4.0,2.0,0.6428571428877565,2.0080302055595967,2.024289544164004,1.2345666899507668
ABEV,2020-10-15,stress,True,True,D-1,2.44000005722,2.42000007629,2.41000008583,2.44000005722,0.0,0,1.2345666899507668,0.4065036709316461,2.024289544164004,-1.1904750641676065,0.8032120820631761,3.2921778395943235,4.0,3.0,0.7857142857040812,1.1952179882081193,2.024289544164004,2.4211145658177724
ABEV,2020-10-16,stress,True,True,D-1,2.40000009537,2.34999990463,2.44000005722,2.43000006676,1.6666650108542402,0,0.4065036709316461,2.024289544164004,-1.1904750641676065,0.8032120820631761,-3.585653964624358,-1.626014684539645,3.0,4.0,0.0,4.958672800703656,2.024289544164004,4.8355318325900125
ABEV,2020-10-19,stress,True,True,D-1,2.3900001049,2.36999988556,2.43000006676,2.45000004768,2.5104577467167433,0,2.024289544164004,-1.1904750641676065,0.8032120820631761,-3.585653964624358,-2.8925689856718617,-4.858304558301163,2.0,4.0,0.052631512886448156,7.659577619784641,2.024289544164004,8.39879497994598
ABEV,2020-10-20,stress,True,True,D-1,2.41000008583,2.42000007629,2.45000004768,2.45000004768,1.6597493952463571,0,-1.1904750641676065,0.8032120820631761,-3.585653964624358,-2.8925689856718617,0.8510630528365315,-5.952384781949204,2.0,3.0,0.15789453871197137,6.751058799827514,0.8510630528365315,2.869335600813361
ABEV,2020-10-21,stress,True,True,D-1,2.3900001049,2.41000008583,2.45000004768,2.50999999046,5.020915493433464,1,0.8032120820631761,-3.585653964624358,-2.8925689856718617,0.8510630528365315,2.109712790901064,-2.811242288426008,3.0,4.0,0.4210533580385627,4.545450067449441,2.109712790901064,0.8032120820631761
ABEV,2020-10-22,stress,True,True,D-1,2.41000008583,2.45000004768,2.50999999046,2.57999992371,7.053934930523131,1,-3.585653964624358,-2.8925689856718617,0.8510630528365315,2.109712790901064,-0.413222733254226,-3.984059960560915,2.0,4.0,0.583334161151924,2.0746867443691475,2.109712790901064,0.8510630528365315
ABEV,2020-10-23,stress,True,True,D-1,2.45000004768,2.50999999046,2.57999992371,2.53999996185,5.306117285716039,1,-2.8925689856718617,0.8510630528365315,2.109712790901064,-0.413222733254226,1.6597493952463571,1.239668200175914,3.0,1.0,1.0,0.0,2.109712790901064,2.109712790901064
ABEV,2020-10-26,stress,True,True,D-1,2.50999999046,2.55999994278,2.53999996185,2.38000011444,1.1952179882081193,0,0.8510630528365315,2.109712790901064,-0.413222733254226,1.6597493952463571,2.4489772086664363,6.808514566948087,4.0,0.0,1.0,0.0,2.4489772086664363,2.109712790901064
ABEV,2020-10-27,stress,True,True,D-1,2.52999997139,2.44000005722,2.38000011444,2.34999990463,-5.92884816783571,0,2.109712790901064,-0.413222733254226,1.6597493952463571,2.4489772086664363,1.9920299804796704,8.01688043858726,4.0,0.0,0.8999999999850011,0.7812492725402631,2.4489772086664363,2.109712790901064
ABEV,2020-10-28,stress,True,True,D-1,2.36999988556,2.32999992371,2.34999990463,2.24000000954,-0.8438810926471474,0,-0.413222733254226,1.6597493952463571,2.4489772086664363,1.9920299804796704,-4.687495634460371,0.826445466921677,3.0,1.0,0.2999999999949989,5.737699311757738,2.4489772086664363,5.237819181019255
ABEV,2020-10-29,stress,True,True,D-1,2.32999992371,2.25999999046,2.24000000954,2.21000003815,-3.862657386988033,0,1.6597493952463571,2.4489772086664363,1.9920299804796704,-4.687495634460371,-4.508202087311741,-3.3195086834384213,3.0,2.0,0.07407400867626346,10.729614085219863,2.4489772086664363,11.433353154403159
ABEV,2020-10-30,stress,True,True,D-1,2.24000000954,2.1400001049,2.21000003815,2.27999997139,1.7857125749840552,0,2.4489772086664363,1.9920299804796704,-4.687495634460371,-4.508202087311741,-3.0042890790546006,-7.75510422540272,2.0,3.0,0.15789463777420534,14.159289141628161,2.4489772086664363,9.82602895206196
ABEV,2020-11-02,stress,True,True,D-1,2.18000006676,2.18000006676,2.27999997139,2.30999994278,5.9632968825185095,1,1.9920299804796704,-4.687495634460371,-4.508202087311741,-3.0042890790546006,-5.309729471971158,-14.74103135323882,1.0,4.0,0.02222221044098241,20.5607381888685,1.9920299804796704,10.14652890885166
ABEV,2020-11-03,stress,True,True,D-1,2.23000001907,2.25,2.30999994278,2.43000006676,8.968611927340175,1,-4.687495634460371,-4.508202087311741,-3.0042890790546006,-5.309729471971158,1.8691570046380557,-14.843745488812166,1.0,4.0,0.12195114860616012,16.51375614978974,1.8691570046380557,3.5398196476857824
ABEV,2020-11-04,stress,True,True,D-1,2.28999996185,2.25,2.43000006676,2.5,9.170307495566487,1,-4.508202087311741,-3.0042890790546006,-5.309729471971158,1.8691570046380557,3.2110060135932317,-7.78688740837471,2.0,4.0,0.47999954223999985,5.777782863999992,3.2110060135932317,0.0
ABEV,2020-11-05,stress,True,True,D-1,2.3599998951,2.43000006676,2.5,2.67000007629,13.135601481747706,1,-3.0042890790546006,-5.309729471971158,1.8691570046380557,3.2110060135932317,0.0,-3.4334732330213225,2.0,4.0,0.5454545454628094,4.444440205777789,3.2110060135932317,1.8691570046380557
ABEV,2020-11-06,stress,True,True,D-1,2.42000007629,2.48000001907,2.67000007629,2.86999988556,18.59503285470452,1,-5.309729471971158,1.8691570046380557,3.2110060135932317,0.0,8.000002967111097,7.522127301664194,3.0,0.0,1.0,0.0,8.000002967111097,3.2110060135932317
ABEV,2020-11-09,stress,True,True,D-1,2.63000011444,2.66000008583,2.86999988556,2.82999992371,9.125466185430287,1,1.8691570046380557,3.2110060135932317,0.0,8.000002967111097,2.0576111496435567,15.887845677740643,4.0,0.0,0.9444444812284052,0.8064508377503943,8.000002967111097,3.2110060135932317
ABEV,2020-11-10,stress,True,True,D-1,2.69000005722,2.8599998951,2.82999992371,2.76999998093,5.204455892639803,1,3.2110060135932317,0.0,8.000002967111097,2.0576111496435567,7.2580671522535,22.018348824337174,4.0,0.0,0.9777778013323435,0.3759394788470205,8.000002967111097,8.000002967111097
ABEV,2020-11-11,stress,True,True,D-1,2.77999997139,2.78999996185,2.76999998093,2.79999995232,0.7194237818642701,0,0.0,8.000002967111097,2.0576111496435567,7.2580671522535,7.5187895795722826,27.1111064488889,4.0,0.0,0.9838709801519275,0.34965002890849917,8.000002967111097,8.000002967111097
ABEV,2020-11-12,stress,True,True,D-1,2.75,2.71000003815,2.79999995232,2.86999988556,4.363632202181811,1,8.000002967111097,2.0576111496435567,7.2580671522535,7.5187895795722826,-2.4475502034083996,23.999998304444436,4.0,1.0,0.8490567395688932,2.8673808173443005,8.000002967111097,8.000002967111097
ABEV,2020-11-13,stress,True,True,D-1,2.69000005722,2.79999995232,2.86999988556,2.97000002861,10.40892064810468,1,2.0576111496435567,7.2580671522535,7.5187895795722826,-2.4475502034083996,-2.867380816985865,11.522632250925557,3.0,2.0,0.6521740933280558,5.904053326848846,7.5187895795722826,12.763540014947917
ABEV,2020-11-16,stress,True,True,D-1,2.81999993324,2.86999988556,2.97000002861,2.91000008583,5.319152444009423,1,7.2580671522535,7.5187895795722826,-2.4475502034083996,-2.867380816985865,3.321029996421654,12.903223015699815,3.0,3.0,0.7586208881082303,2.4999976582856798,7.5187895795722826,7.5187895795722826
ABEV,2020-11-17,stress,True,True,D-1,2.82999992371,2.91000008583,2.91000008583,2.84999990463,2.826860928502195,0,7.5187895795722826,-2.4475502034083996,-2.867380816985865,3.321029996421654,2.4999976582856798,7.894729058419325,3.0,4.0,1.0,0.0,7.5187895795722826,7.5187895795722826
ABEV,2020-11-18,stress,True,True,D-1,2.90000009537,2.76999998093,2.84999990463,2.76999998093,-1.7241444515752824,0,-2.4475502034083996,-2.867380816985865,3.321029996421654,2.4999976582856798,1.393735256619899,1.7482584812560598,3.0,0.0,0.8000001589466926,2.061853642966005,3.321029996421654,3.321029996421654
ABEV,2020-11-19,stress,True,True,D-1,2.78999996185,2.79999995232,2.76999998093,2.74000000954,-0.7168452040672513,0,-2.867380816985865,3.321029996421654,2.4999976582856798,1.393735256619899,-4.811000026485179,-0.7168452040672513,3.0,1.0,0.33333306844440314,7.220218377505239,3.321029996421654,6.805347369852055
ABEV,2020-11-20,stress,True,True,D-1,2.74000000954,2.69000005722,2.74000000954,2.83999991417,3.6496315431322923,1,3.321029996421654,2.4999976582856798,1.393735256619899,-4.811000026485179,1.0830314655788431,3.321029996421654,4.0,2.0,0.41379276326273756,6.071431399459226,3.321029996421654,7.101103201423831
ABEV,2020-11-23,stress,True,True,D-1,2.71000003815,2.74000000954,2.83999991417,2.78999996185,4.797043328041628,1,2.4999976582856798,1.393735256619899,-4.811000026485179,1.0830314655788431,-3.9285677490407567,-3.9285677490407567,3.0,3.0,0.0,10.40892064810468,2.4999976582856798,5.3880815666162984
ABEV,2020-11-24,stress,True,True,D-1,2.76999998093,2.77999997139,2.78999996185,2.75999999046,0.7220209768118879,0,1.393735256619899,-4.811000026485179,1.0830314655788431,-3.9285677490407567,1.8587342474510216,-4.52961258549437,3.0,4.0,0.2333331479177487,8.394161250700606,1.8587342474510216,3.5365903923953668
ABEV,2020-11-25,stress,True,True,D-1,2.74000000954,2.75999999046,2.75999999046,2.72000002861,0.7299263084074692,0,-4.811000026485179,1.0830314655788431,-3.9285677490407567,1.8587342474510216,1.4598526171799353,-4.467357752772061,3.0,4.0,0.4583328780312682,4.676263157477667,1.8587342474510216,1.0830314655788431
ABEV,2020-11-27,stress,True,True,D-1,2.71000003815,2.73000001907,2.72000002861,2.8599998951,5.535049994036112,1,1.0830314655788431,-3.9285677490407567,1.8587342474510216,1.4598526171799353,-0.7194237818642923,-0.3610104887669663,3.0,4.0,0.4999999999999988,3.260866466706047,1.8587342474510216,1.8587342474510216
ABEV,2020-11-30,stress,True,True,D-1,2.71000003815,2.66000008583,2.8599998951,2.8900001049,6.642068790260169,1,-3.9285677490407567,1.8587342474510216,1.4598526171799353,-0.7194237818642923,-1.0869554889020194,-2.4999976586428163,2.0,2.0,0.35294117646366674,4.029300158667137,1.8587342474510216,3.6572937019318963
ABEV,2020-12-01,stress,True,True,D-1,2.72000002861,2.8599998951,2.8900001049,2.93000006676,7.7205895566595295,1,1.8587342474510216,1.4598526171799353,-0.7194237818642923,-1.0869554889020194,-2.5641001007701725,-1.1152405483962458,2.0,3.0,0.14285714285714346,6.766910621502276,1.8587342474510216,5.481919210336949
ABEV,2020-12-02,stress,True,True,D-1,2.80999994278,2.88000011444,2.93000006676,2.93000006676,4.270467132511069,1,1.4598526171799353,-0.7194237818642923,-1.0869554889020194,-2.5641001007701725,7.5187895795722826,4.379557851904758,2.0,0.0,1.0,0.0,7.5187895795722826,1.4598526171799353
ABEV,2020-12-03,stress,True,True,D-1,2.79999995232,2.8900001049,2.93000006676,3.03999996185,8.571429057744906,1,-0.7194237818642923,-1.0869554889020194,-2.5641001007701725,7.5187895795722826,0.6993083941809308,3.5971274848610735,2.0,0.0,0.9615384968195283,0.34722187717497466,7.5187895795722826,0.0
ABEV,2020-12-04,stress,True,True,D-1,2.86999988556,2.91000008583,3.03999996185,3.01999998093,5.923347842114257,1,-1.0869554889020194,-2.5641001007701725,7.5187895795722826,0.6993083941809308,0.34722187717497466,4.710149090193783,3.0,0.0,0.8666667726089057,1.3840816750207097,7.5187895795722826,7.5187895795722826
ABEV,2020-12-07,stress,True,True,D-1,2.97000002861,2.95000004768,3.01999998093,3.02999997139,2.02020007414212,0,-2.5641001007701725,7.5187895795722826,0.6993083941809308,0.34722187717497466,0.6920408375103548,6.593408992770589,4.0,1.0,0.9333333863044536,0.687284547769873,7.5187895795722826,7.5187895795722826
ABEV,2020-12-08,stress,True,True,D-1,2.96000003815,2.96000003815,3.02999997139,3.18000006676,7.432433303193475,1,7.5187895795722826,0.6993083941809308,0.34722187717497466,0.6920408375103548,1.374569095196132,10.902253853105105,5.0,0.0,0.7428573180180075,3.0508444988256667,7.5187895795722826,7.5187895795722826
ABEV,2020-12-09,stress,True,True,D-1,2.98000001907,2.99000000954,3.18000006676,3.13000011444,6.711410953360208,1,0.6993083941809308,0.34722187717497466,0.6920408375103548,1.374569095196132,0.33898272231771553,3.4965086264978185,5.0,1.0,0.6800003052000001,2.7027000901662213,1.374569095196132,0.6993083941809308
ABEV,2020-12-10,stress,True,True,D-1,3.03999996185,3.15000009537,3.13000011444,3.09999990463,2.9605313723500837,0,0.34722187717497466,0.6920408375103548,1.374569095196132,0.33898272231771553,1.0135125338967876,3.8194406503136102,5.0,2.0,0.7916668736475618,1.6722392023567956,1.374569095196132,1.374569095196132
ABEV,2020-12-11,stress,True,True,D-1,3.09999990463,3.13000011444,3.09999990463,3.11999988556,0.6451606950093502,0,0.6920408375103548,1.374569095196132,0.33898272231771553,1.0135125338967876,5.351173422056776,8.996539136077164,5.0,0.0,0.9090910404517257,0.9523800152925421,5.351173422056776,1.374569095196132
ABEV,2020-12-14,stress,True,True,D-1,3.07999992371,3.01999998093,3.11999988556,3.16000008583,2.5974079253754168,0,1.374569095196132,0.33898272231771553,1.0135125338967876,5.351173422056776,-0.6349200103008434,7.56013821722108,4.0,1.0,0.8000001907200005,1.5974425077279975,5.351173422056776,1.374569095196132
ABEV,2020-12-15,stress,True,True,D-1,3.04999995232,3.09999990463,3.16000008583,3.20000004768,4.918035990325231,1,0.33898272231771553,1.0135125338967876,5.351173422056776,-0.6349200103008434,-3.5143811338064546,2.372879054868182,3.0,2.0,0.3599996566800012,5.298016120540772,5.351173422056776,9.478161057107304
ABEV,2020-12-16,stress,True,True,D-1,3.07999992371,3.16000008583,3.20000004768,3.17000007629,3.8961080176084684,1,1.0135125338967876,5.351173422056776,-0.6349200103008434,-3.5143811338064546,2.6490041127538166,4.7297251579597965,3.0,3.0,0.6799993514800011,2.580650470682766,5.351173422056776,6.309646543881797
ABEV,2020-12-17,stress,True,True,D-1,3.17000007629,3.19000005722,3.17000007629,3.06999993324,0.0,0,5.351173422056776,-0.6349200103008434,-3.5143811338064546,2.6490041127538166,1.935489775673438,5.68562126246126,3.0,4.0,0.8823531061556367,0.6329107717333082,5.351173422056776,5.351173422056776
ABEV,2020-12-18,stress,True,True,D-1,3.1400001049,3.13000011444,3.06999993324,3.08999991417,-1.5923627089048265,0,-0.6349200103008434,-3.5143811338064546,2.6490041127538166,1.935489775673438,0.9493661574417223,1.2698400202842297,3.0,0.0,0.9473684871135518,0.3134793191419183,2.6490041127538166,2.6490041127538166
ABEV,2020-12-21,stress,True,True,D-1,3.04999995232,3.03999996185,3.08999991417,3.06999993324,1.3114741795183793,0,-3.5143811338064546,2.6490041127538166,1.935489775673438,0.9493661574417223,-1.8808759154784527,0.0,3.0,1.0,0.6315794096896115,2.2364195105636364,2.6490041127538166,3.598370270195561
ABEV,2020-12-22,stress,True,True,D-1,3.02999997139,3.02999997139,3.06999993324,3.05999994278,1.3201307665904105,0,2.6490041127538166,1.935489775673438,0.9493661574417223,-1.8808759154784527,-2.875404130970849,0.6622510280228866,3.0,2.0,0.2727269771694604,5.2631607841413075,2.6490041127538166,7.351201375431016
ABEV,2020-12-23,stress,True,True,D-1,3.04999995232,3.01999998093,3.05999994278,3.05999994278,0.32786854479764926,0,1.935489775673438,0.9493661574417223,-1.8808759154784527,-2.875404130970849,-0.32894705873333097,-2.2580624320488463,2.0,3.0,0.22727248098970254,5.6105636269037085,1.935489775673438,5.130382408062095
ABEV,2020-12-24,stress,True,True,D-1,3.04999995232,3.04999995232,3.05999994278,3.11999988556,2.2950798142391537,0,0.9493661574417223,-1.8808759154784527,-2.875404130970849,-0.32894705873333097,-0.3300326915650853,-4.430382946120326,1.0,4.0,0.18181798480994465,5.9602671485636805,0.9493661574417223,1.6072602749083842
ABEV,2020-12-28,stress,True,True,D-1,3.01999998093,3.02999997139,3.11999988556,3.11999988556,3.311255141107816,1,-1.8808759154784527,-2.875404130970849,-0.32894705873333097,-0.3300326915650853,0.9933765423654428,-4.388717943221798,1.0,4.0,0.3684205903630201,3.934430355604479,0.9933765423654428,0.0
ABEV,2020-12-29,stress,True,True,D-1,3.07999992371,3.11999988556,3.11999988556,3.06999993324,1.2987000922330516,0,-2.875404130970849,-0.32894705873333097,-0.3300326915650853,0.9933765423654428,-0.6557370899231252,-3.1948926323886573,1.0,3.0,0.4545454545619861,1.9801961500506282,0.9933765423654428,0.0
ABEV,2020-12-30,stress,True,True,D-1,3.09999990463,3.04999995232,3.06999993324,3.08999991417,-0.322580347343393,0,-0.32894705873333097,-0.3300326915650853,0.9933765423654428,-0.6557370899231252,2.970294225075931,2.6315764708535028,2.0,0.0,1.0,0.0,2.970294225075931,0.9933765423654428
ABEV,2020-12-31,stress,True,True,D-1,3.04999995232,3.05999994278,3.08999991417,3.05999994278,1.3114741795183793,0,-0.3300326915650853,0.9933765423654428,-0.6557370899231252,2.970294225075931,-2.243587686139803,0.6600653834602177,2.0,1.0,0.4166666666944435,2.2950798142391537,2.970294225075931,0.9933765423654428
ABEV,2021-01-04,stress,True,True,D-1,3.06999993324,2.99000000954,3.05999994278,3.08999991417,0.6514651910396685,0,0.9933765423654428,-0.6557370899231252,2.970294225075931,-2.243587686139803,0.32786854479764926,1.3245020563769083,3.0,2.0,0.5000000000000019,1.9607824804561913,2.970294225075931,4.893369384715895
ABEV,2021-01-05,stress,True,True,D-1,2.91000008583,3.05999994278,3.08999991417,3.05999994278,6.185560928898037,1,-0.6557370899231252,2.970294225075931,-2.243587686139803,0.32786854479764926,-2.287579560423303,-1.9672112694415156,2.0,3.0,0.2777777777962978,4.347821926595907,2.970294225075931,4.937505494517447
ABEV,2021-01-06,stress,True,True,D-1,2.98000001907,3.06999993324,3.05999994278,3.13000011444,5.033560215104038,1,2.970294225075931,-2.243587686139803,0.32786854479764926,-2.287579560423303,2.3411348835001844,0.9900980750253252,3.0,4.0,0.7272727272685964,1.9607824804561913,2.970294225075931,2.970294225075931
ABEV,2021-01-07,stress,True,True,D-1,3.03999996185,2.99000000954,3.13000011444,3.03999996185,2.9605313723500837,0,-2.243587686139803,0.32786854479764926,-2.287579560423303,2.3411348835001844,0.3267970799671005,-1.6025626331401477,3.0,4.0,0.7727272727086784,1.6286629774363348,2.3411348835001844,0.32786854479764926
ABEV,2021-01-08,stress,True,True,D-1,3.06999993324,3.06999993324,3.03999996185,3.20000004768,4.2345315070675404,1,0.32786854479764926,-2.287579560423303,2.3411348835001844,0.3267970799671005,-2.6058607635072506,-1.9672112694415156,3.0,3.0,0.4736842105346275,3.3444784050480347,2.3411348835001844,4.628714443923487
ABEV,2021-01-11,stress,True,True,D-1,3.00999999046,2.96000003815,3.20000004768,3.09999990463,6.312294279807085,1,-2.287579560423303,2.3411348835001844,0.3267970799671005,-2.6058607635072506,2.675582723904668,0.3267970799671005,3.0,0.0,0.7391296685860753,1.9544033389172544,2.675582723904668,2.3411348835001844
ABEV,2021-01-12,stress,True,True,D-1,3.00999999046,3.19000005722,3.09999990463,3.19000005722,5.980068682076367,1,2.3411348835001844,0.3267970799671005,-2.6058607635072506,2.675582723904668,-3.583058549903906,-1.0033435215478614,3.0,1.0,0.26086929480531607,5.743245746586201,2.675582723904668,3.344478405048046
ABEV,2021-01-13,stress,True,True,D-1,3.07999992371,3.07999992371,3.19000005722,3.13000011444,3.5714329946313628,1,0.3267970799671005,-2.6058607635072506,2.675582723904668,-3.583058549903906,7.770270814379776,4.248369832382903,3.0,0.0,0.9600000381599987,0.3134793191419183,7.770270814379776,2.675582723904668
ABEV,2021-01-14,stress,True,True,D-1,3.1099998951,3.18000006676,3.13000011444,3.08999991417,0.6430938911448747,0,-2.6058607635072506,2.675582723904668,-3.583058549903906,7.770270814379776,-3.448279985482572,0.32573259568269286,2.0,1.0,0.5199995041199994,3.8961080176084684,7.770270814379776,2.675582723904668
ABEV,2021-01-15,stress,True,True,D-1,3.09999990463,3.04999995232,3.08999991417,3.09999990463,0.0,0,2.675582723904668,-3.583058549903906,7.770270814379776,-3.448279985482572,3.2467579716542794,6.354516943604649,3.0,2.0,0.9200000763199991,0.628930204406486,7.770270814379776,8.083750133521693
ABEV,2021-01-19,stress,True,True,D-1,3.07999992371,3.06999993324,3.09999990463,3.04999995232,0.6493500459542112,0,-3.583058549903906,7.770270814379776,-3.448279985482572,3.2467579716542794,-4.0880538273841305,-0.6514651907139513,2.0,3.0,0.399999618559999,4.918035990325231,7.770270814379776,8.744295883635743
ABEV,2021-01-20,stress,True,True,D-1,3.09999990463,3.03999996185,3.04999995232,2.90000009537,-1.6129017370395071,0,7.770270814379776,-3.448279985482572,3.2467579716542794,-4.0880538273841305,0.6557370895952763,3.716212624063009,3.0,4.0,0.3499995827600997,4.2345315070675404,7.770270814379776,11.22939443735741
ABEV,2021-01-21,stress,True,True,D-1,3.04999995232,2.94000005722,2.90000009537,2.84999990463,-4.918028173603806,0,-3.448279985482572,3.2467579716542794,-4.0880538273841305,0.6557370895952763,-0.9771977863966552,-4.702197262677199,2.0,3.0,0.11764689379246054,4.934213725407965,3.2467579716542794,3.5746265167797775
ABEV,2021-01-22,stress,True,True,D-1,2.86999988556,2.79999995232,2.84999990463,2.94000005722,2.4390304686838338,0,3.2467579716542794,-4.0880538273841305,0.6557370895952763,-0.9771977863966552,-3.289470588320176,-4.5454503233027355,2.0,4.0,0.10714276591197938,8.503401195046045,3.2467579716542794,7.481281712597876
ABEV,2021-01-25,stress,True,True,D-1,2.82999992371,2.84999990463,2.94000005722,2.93000006676,3.8869306175031593,1,-4.0880538273841305,0.6557370895952763,-0.9771977863966552,-3.289470588320176,-4.761908237252932,-11.949688882465026,1.0,4.0,0.13157878226874745,11.785720276408274,0.6557370895952763,8.55047434426114
ABEV,2021-01-26,stress,True,True,D-1,2.90000009537,2.90000009537,2.93000006676,2.95000004768,1.7241362298514362,0,0.6557370895952763,-0.9771977863966552,-3.289470588320176,-4.761908237252932,1.7857126129081413,-6.55737871529698,2.0,3.0,0.28571409108158,8.771930118097892,1.7857126129081413,3.7169667099477888
ABEV,2021-01-27,stress,True,True,D-1,2.86999988556,2.8599998951,2.95000004768,2.86999988556,2.787462205922364,0,-0.9771977863966552,-3.289470588320176,-4.761908237252932,1.7857126129081413,1.754392716251374,-5.537454122697216,2.0,4.0,0.42857181783684,6.896544920095371,1.7857126129081413,0.0
ABEV,2021-01-28,stress,True,True,D-1,2.8900001049,2.90000009537,2.86999988556,2.91000008583,0.6920408375103548,0,-3.289470588320176,-4.761908237252932,1.7857126129081413,1.754392716251374,-1.3793172053291336,-5.921054901607969,2.0,4.0,0.36666637527550966,6.643358887723183,1.7857126129081413,1.7857126129081413
ABEV,2021-01-29,stress,True,True,D-1,2.8599998951,2.78999996185,2.91000008583,3.00999999046,5.2447587713899235,1,-4.761908237252932,1.7857126129081413,1.754392716251374,-1.3793172053291336,1.3986084523475606,-1.3605428935883457,3.0,0.0,0.7500002980499275,1.7241362298514362,1.7857126129081413,1.7857126129081413
ABEV,2021-02-01,stress,True,True,D-1,2.8599998951,2.90000009537,3.00999999046,3.00999999046,5.2447587713899235,1,1.7857126129081413,1.754392716251374,-1.3793172053291336,1.3986084523475606,-3.7931079276728563,-0.3571425228673375,3.0,1.0,0.11111096390746078,5.734770179850002,1.7857126129081413,4.233262816316541
ABEV,2021-02-02,stress,True,True,D-1,2.99000000954,2.92000007629,3.00999999046,2.93000006676,0.668895680808923,0,1.754392716251374,-1.3793172053291336,1.3986084523475606,-3.7931079276728563,3.942657169323427,1.754392716251374,3.0,2.0,0.7058827654600207,1.7241362298514362,3.942657169323427,1.754392716251374
ABEV,2021-02-03,stress,True,True,D-1,2.97000002861,2.96000003815,2.93000006676,2.97000002861,0.0,0,-1.3793172053291336,1.3986084523475606,-3.7931079276728563,3.942657169323427,0.6896544918026493,0.6896544918026493,3.0,0.0,0.6086960577920271,3.0821887609108867,3.942657169323427,1.3986084523475606
ABEV,2021-02-04,stress,True,True,D-1,2.92000007629,2.91000008583,2.97000002861,2.86999988556,1.7123270895091025,0,1.3986084523475606,-3.7931079276728563,3.942657169323427,0.6896544918026493,1.3698616717442658,3.4965086264978185,4.0,1.0,0.7826089210245564,1.6891875562694114,3.942657169323427,3.942657169323427
ABEV,2021-02-05,stress,True,True,D-1,2.94000005722,2.92000007629,2.86999988556,2.83999991417,-2.380958173388281,0,-3.7931079276728563,3.942657169323427,0.6896544918026493,1.3698616717442658,-1.6891875566072523,0.34482724590132463,3.0,2.0,0.5652178420056344,3.436422738162137,3.942657169323427,4.285122587088253
ABEV,2021-02-08,stress,True,True,D-1,2.81999993324,2.82999992371,2.83999991417,2.84999990463,1.0638287978798733,0,3.942657169323427,0.6896544918026493,1.3698616717442658,-1.6891875566072523,0.3436422737131073,4.659502373390678,4.0,3.0,0.5714290579795042,3.0821887609108867,3.942657169323427,5.294007214744367
ABEV,2021-02-09,stress,True,True,D-1,2.76999998093,2.80999994278,2.84999990463,2.86999988556,3.6101048851424844,1,0.6896544918026493,1.3698616717442658,-1.6891875566072523,0.3436422737131073,-3.0821969256367154,-2.4137989433779206,3.0,4.0,0.18181798480994302,6.3604265583876,1.3698616717442658,4.11900805526344
ABEV,2021-02-10,stress,True,True,D-1,2.81999993324,2.82999992371,2.86999988556,2.81999993324,1.7730479965846424,0,1.3698616717442658,-1.6891875566072523,0.3436422737131073,-3.0821969256367154,-0.706713126118419,-3.767127761508837,2.0,4.0,0.19999980928000127,7.117439564149408,1.3698616717442658,5.1369894332531025
ABEV,2021-02-11,stress,True,True,D-1,2.81999993324,2.82999992371,2.81999993324,2.8900001049,2.4822756495449294,0,-1.6891875566072523,0.3436422737131073,-3.0821969256367154,-0.706713126118419,0.7117431080875258,-4.391895701503101,2.0,3.0,0.3333329549207041,4.9470003065041235,0.7117431080875258,0.3436422737131073
ABEV,2021-02-12,stress,True,True,D-1,2.77999997139,2.78999996185,2.8900001049,2.88000011444,3.9568393756133746,1,0.3436422737131073,-3.0821969256367154,-0.706713126118419,0.7117431080875258,0.0,-2.7491463835191743,2.0,4.0,0.3333329549207041,4.9470003065041235,0.7117431080875258,0.3436422737131073
ABEV,2021-02-16,stress,True,True,D-1,2.79999995232,2.88000011444,2.88000011444,2.80999994278,2.85714869579603,0,-3.0821969256367154,-0.706713126118419,0.7117431080875258,0.0,-1.413426252236849,-4.452058597380981,1.0,4.0,0.272727272719009,2.8673808173443005,0.7117431080875258,2.125169360324375
ABEV,2021-02-17,stress,True,True,D-1,2.8599998951,2.86999988556,2.80999994278,2.81999993324,-1.3986001163332706,0,-0.706713126118419,0.7117431080875258,0.0,-1.413426252236849,3.2258119648977512,1.7667912395012308,2.0,0.0,0.9230770641773914,0.34722187717497466,3.2258119648977512,0.7117431080875258
ABEV,2021-02-18,stress,True,True,D-1,2.78999996185,2.75999999046,2.81999993324,2.75999999046,1.0752678064593013,0,0.7117431080875258,0.0,-1.413426252236849,3.2258119648977512,-0.34723015564687154,2.1352293239066844,2.0,1.0,0.846152294356396,0.6968717817944281,3.2258119648977512,0.7117431080875258
ABEV,2021-02-19,stress,True,True,D-1,2.75,2.80999994278,2.75999999046,2.76999998093,0.7272720338181937,0,0.0,-1.413426252236849,3.2258119648977512,-0.34723015564687154,-3.832749111017353,-2.4734959412378132,1.0,2.0,0.0714284497653965,4.710149090193783,3.2258119648977512,7.392482770858244
ABEV,2021-02-22,stress,True,True,D-1,2.68000006676,2.70000004768,2.76999998093,2.75999999046,3.358205668957548,1,-1.413426252236849,3.2258119648977512,-0.34723015564687154,-3.832749111017353,1.8115924816241469,-0.706713126118419,2.0,3.0,0.4666659249249172,2.846980916336017,3.2258119648977512,5.316402389025676
ABEV,2021-02-23,stress,True,True,D-1,2.70000004768,2.75999999046,2.75999999046,2.71000003815,2.2222200637201928,0,3.2258119648977512,-0.34723015564687154,-3.832749111017353,1.8115924816241469,-3.9145870939475746,-3.225803419377915,2.0,4.0,0.20833312635244,7.037039032027392,3.2258119648977512,5.399722942701768
ABEV,2021-02-24,stress,True,True,D-1,2.72000002861,2.73000001907,2.71000003815,2.6400001049,-0.3676467042211806,0,-0.34723015564687154,-3.832749111017353,1.8115924816241469,-3.9145870939475746,2.2222200637201928,-4.166670805960493,2.0,4.0,0.4782603737807593,4.347830594013891,2.2222200637201928,3.590950251665026
ABEV,2021-02-25,stress,True,True,D-1,2.67000007629,2.61999988556,2.6400001049,2.57999992371,-1.123594401977901,0,-3.832749111017353,1.8115924816241469,-3.9145870939475746,2.2222200637201928,-1.0869554889020194,-4.8780443230813315,2.0,3.0,0.47058823527335547,3.296700129718677,2.2222200637201928,1.8115924816241469
ABEV,2021-02-26,stress,True,True,D-1,2.63000011444,2.54999995232,2.57999992371,2.53999996185,-1.9011478537766746,0,1.8115924816241469,-3.9145870939475746,2.2222200637201928,-1.0869554889020194,-4.029308891634087,-5.072467586373675,2.0,4.0,0.0909089924049705,7.633589939537422,2.2222200637201928,7.294687650093867
ABEV,2021-03-01,stress,True,True,D-1,2.53999996185,2.5,2.53999996185,2.57999992371,1.5748016716845115,0,-3.9145870939475746,2.2222200637201928,-1.0869554889020194,-4.029308891634087,-2.6717532937997945,-9.252668888056137,1.0,3.0,0.04347821582798052,8.627452263669388,2.2222200637201928,8.815629056124475
ABEV,2021-03-02,stress,True,True,D-1,2.42000007629,2.51999998093,2.57999992371,2.68000006676,10.743800920394797,1,2.2222200637201928,-1.0869554889020194,-4.029308891634087,-2.6717532937997945,-1.9607824805843554,-7.407409042523982,1.0,4.0,0.035714255292088305,10.799999237200009,2.2222200637201928,6.802368567595074
ABEV,2021-03-03,stress,True,True,D-1,2.45000004768,2.54999995232,2.68000006676,2.73000001907,11.428570038402341,1,-1.0869554889020194,-4.029308891634087,-2.6717532937997945,-1.9607824805843554,0.7999992371999998,-8.695652549259602,1.0,4.0,0.368420821491615,9.523809974055176,0.7999992371999998,1.1764694882721694
ABEV,2021-03-04,stress,True,True,D-1,2.6099998951,2.66000008583,2.73000001907,2.71000003815,4.597706084022746,1,-4.029308891634087,-2.6717532937997945,-1.9607824805843554,0.7999992371999998,1.1904750641675843,-6.593408992404282,2.0,4.0,0.5151511429723653,6.2745132871250275,1.1904750641675843,0.0
ABEV,2021-03-05,stress,True,True,D-1,2.68000006676,2.71000003815,2.71000003815,2.66000008583,1.119401889652516,0,-2.6717532937997945,-1.9607824805843554,0.7999992371999998,1.1904750641675843,4.313730806540672,1.5267252678314636,3.0,0.0,0.9333333863044536,0.7518789580700069,4.313730806540672,0.7999992371999998
ABEV,2021-03-08,stress,True,True,D-1,2.66000008583,2.55999994278,2.66000008583,2.74000000954,3.007515831904106,1,-1.9607824805843554,0.7999992371999998,1.1904750641675843,4.313730806540672,1.8796973949870566,6.2745132871250275,4.0,0.0,0.9428571818008276,0.738006665625468,4.313730806540672,1.1904750641675843
ABEV,2021-03-09,stress,True,True,D-1,2.56999993324,2.6400001049,2.74000000954,2.77999997139,8.171207922377377,1,0.7999992371999998,1.1904750641675843,4.313730806540672,1.8796973949870566,-5.535058791821957,2.399997711200008,4.0,1.0,0.514285363963987,6.6406281285065205,4.313730806540672,8.073134559296447
ABEV,2021-03-10,stress,True,True,D-1,2.69000005722,2.71000003815,2.77999997139,2.77999997139,3.3457216451887817,1,1.1904750641675843,4.313730806540672,1.8796973949870566,-5.535058791821957,3.125006402661268,4.761909717384749,4.0,2.0,0.7272729243058311,3.409087522494958,4.313730806540672,6.896754137336858
ABEV,2021-03-11,stress,True,True,D-1,2.75999999046,2.75,2.77999997139,2.75999999046,0.7246369927221163,0,4.313730806540672,1.8796973949870566,-5.535058791821957,3.125006402661268,2.651512517748622,6.2745132871250275,4.0,0.0,0.8421054612880287,1.107009998807218,4.313730806540672,4.313730806540672
ABEV,2021-03-12,stress,True,True,D-1,2.73000001907,2.75,2.75999999046,2.77999997139,1.8315000721880415,0,1.8796973949870566,-5.535058791821957,3.125006402661268,2.651512517748622,1.476013331619952,3.3834553107511267,4.0,0.0,0.869565352597342,1.0909080505454583,3.125006402661268,3.125006402661268
ABEV,2021-03-15,stress,True,True,D-1,2.71000003815,2.74000000954,2.77999997139,2.79999995232,3.321029996421654,1,-5.535058791821957,3.125006402661268,2.651512517748622,1.476013331619952,0.0,1.476013331619952,3.0,1.0,0.869565352597342,1.0909080505454583,3.125006402661268,3.125006402661268
ABEV,2021-03-16,stress,True,True,D-1,2.74000000954,2.71000003815,2.79999995232,2.81999993324,2.9197052343598484,0,3.125006402661268,2.651512517748622,1.476013331619952,0.0,-0.36363601672726453,7.031252764971985,3.0,2.0,0.8181820152355115,1.4598526171799353,3.125006402661268,3.4886424193885324
ABEV,2021-03-17,stress,True,True,D-1,2.69000005722,2.78999996185,2.81999993324,2.8900001049,7.434945852257413,1,2.651512517748622,1.476013331619952,0.0,-0.36363601672726453,-1.0948894629761896,2.651512517748622,2.0,3.0,0.5333333333555552,2.583023330427192,2.651512517748622,4.106056585021345
ABEV,2021-03-18,stress,True,True,D-1,2.76999998093,2.75999999046,2.8900001049,2.88000011444,4.332134469174642,1,1.476013331619952,0.0,-0.36363601672726453,-1.0948894629761896,2.952026663239926,2.952026663239926,2.0,0.0,0.9333333332888897,0.35842260239205004,2.952026663239926,1.476013331619952
ABEV,2021-03-19,stress,True,True,D-1,2.78999996185,2.86999988556,2.88000011444,2.8599998951,3.2258119648977512,1,0.0,-0.36363601672726453,-1.0948894629761896,2.952026663239926,-1.0752678064593124,0.36363601672726453,1.0,0.0,0.6470588235155703,2.173910977804039,2.952026663239926,0.0
ABEV,2021-03-22,stress,True,True,D-1,2.83999991417,2.88000011444,2.8599998951,2.77999997139,0.704224701916778,0,-0.36363601672726453,-1.0948894629761896,2.952026663239926,-1.0752678064593124,3.9855034594281635,4.363632202181811,2.0,0.0,0.9166657560590642,0.6968717817944281,3.9855034594281635,2.952026663239926
ABEV,2021-03-23,stress,True,True,D-1,2.83999991417,2.76999998093,2.77999997139,2.71000003815,-2.1126741053981712,0,-1.0948894629761896,2.952026663239926,-1.0752678064593124,3.9855034594281635,0.3484400445559199,5.109492861772047,3.0,1.0,0.9583333747378461,0.34722187717497466,3.9855034594281635,2.952026663239926
ABEV,2021-03-24,stress,True,True,D-1,2.75,2.67000007629,2.71000003815,2.73000001907,-0.7272720338181937,0,2.952026663239926,-1.0752678064593124,3.9855034594281635,0.3484400445559199,-3.819448928438285,2.214019997614458,3.0,2.0,0.4999995033125212,4.332134469174642,3.9855034594281635,7.469820832858565
ABEV,2021-03-25,stress,True,True,D-1,2.66000008583,2.68000006676,2.73000001907,2.70000004768,2.63157635268112,0,-1.0752678064593124,3.9855034594281635,0.3484400445559199,-3.819448928438285,-3.6101048855035067,-4.3010712258372275,2.0,3.0,0.0833332505243097,8.239701210634154,3.9855034594281635,11.277171161005096
ABEV,2021-03-26,stress,True,True,D-1,2.70000004768,2.68000006676,2.70000004768,2.75999999046,2.2222200637201928,0,3.9855034594281635,0.3484400445559199,-3.819448928438285,-3.6101048855035067,0.37453146757564504,-2.898547970163823,3.0,4.0,0.1249998758281303,7.835822123462877,3.9855034594281635,7.234597856164715
ABEV,2021-03-29,stress,True,True,D-1,2.65000009537,2.70000004768,2.75999999046,2.77999997139,4.905655522319874,1,0.3484400445559199,-3.819448928438285,-3.6101048855035067,0.37453146757564504,0.0,-6.620203009622316,2.0,4.0,0.13043464740265803,7.462688160369768,0.37453146757564504,0.3484400445559199
ABEV,2021-03-30,stress,True,True,D-1,2.70000004768,2.74000000954,2.77999997139,2.73000001907,2.962960085083721,0,-3.819448928438285,-3.6101048855035067,0.37453146757564504,0.0,0.7462679261862615,-6.250002069704774,2.0,4.0,0.3333339955833075,5.925920170167442,0.7462679261862615,0.37453146757564504
ABEV,2021-03-31,stress,True,True,D-1,2.72000002861,2.74000000954,2.73000001907,2.75999999046,1.470586817252384,0,-3.6101048855035067,0.37453146757564504,0.0,0.7462679261862615,1.481480042727057,-1.0830314655788542,3.0,4.0,0.7500003725466754,1.4598526171799353,1.481480042727057,0.37453146757564504
ABEV,2021-04-01,stress,True,True,D-1,2.73000001907,2.67000007629,2.75999999046,2.79999995232,2.5641001011365017,0,0.37453146757564504,0.0,0.7462679261862615,1.481480042727057,0.0,2.621720271531447,3.0,0.0,0.7500003725466754,1.4598526171799353,1.481480042727057,0.7462679261862615
ABEV,2021-04-05,stress,True,True,D-1,2.70000004768,2.72000002861,2.79999995232,2.79999995232,3.7037001064472497,1,0.0,0.7462679261862615,1.481480042727057,0.0,-2.5547420805210885,-0.3731339634662545,2.0,1.0,0.3125010244252318,4.119846140710459,1.481480042727057,4.036222123248145
ABEV,2021-04-06,stress,True,True,D-1,2.72000002861,2.75999999046,2.79999995232,2.83999991417,4.4117604521248355,1,0.7462679261862615,1.481480042727057,0.0,-2.5547420805210885,1.8726573367546573,1.4925358527456467,3.0,2.0,0.6250005587887618,2.205880226062429,1.8726573367546573,2.211406351499512
ABEV,2021-04-07,stress,True,True,D-1,2.76999998093,2.72000002861,2.83999991417,2.80999994278,2.527073419563619,0,1.481480042727057,0.0,-2.5547420805210885,1.8726573367546573,1.470586817252384,2.2222200637201928,3.0,0.0,0.733333333288889,1.4492739854442327,1.8726573367546573,1.481480042727057
ABEV,2021-04-08,stress,True,True,D-1,2.75999999046,2.80999994278,2.80999994278,2.77999997139,1.8115924816241469,0,0.0,-2.5547420805210885,1.8726573367546573,1.470586817252384,-1.4492739850819114,-0.729926308772455,2.0,1.0,0.46666666664444484,2.9411736348724293,1.8726573367546573,1.8726573367546573
ABEV,2021-04-09,stress,True,True,D-1,2.78999996185,2.76999998093,2.77999997139,2.80999994278,0.7168452044256979,0,-2.5547420805210885,1.8726573367546573,1.470586817252384,-1.4492739850819114,3.308820339093632,2.554742080156114,3.0,0.0,0.8421052631551265,1.067614661953331,3.308820339093632,1.8726573367546573
ABEV,2021-04-12,stress,True,True,D-1,2.77999997139,2.74000000954,2.80999994278,2.82999992371,1.7985594544808636,0,1.8726573367546573,1.470586817252384,-1.4492739850819114,3.308820339093632,-1.4234862158191697,3.745314673509359,3.0,1.0,0.5000000000357159,2.527073419563619,3.308820339093632,1.8726573367546573
ABEV,2021-04-13,stress,True,True,D-1,2.73000001907,2.76999998093,2.82999992371,2.88000011444,5.4945089495310295,1,1.470586817252384,-1.4492739850819114,3.308820339093632,-1.4234862158191697,-1.0830314655788542,0.7352934088100227,2.0,2.0,0.230769230775149,3.6496315431322923,3.308820339093632,5.799921216866155
ABEV,2021-04-14,stress,True,True,D-1,2.77999997139,2.81999993324,2.88000011444,2.8900001049,3.9568393756133746,1,-1.4492739850819114,3.308820339093632,-1.4234862158191697,-1.0830314655788542,1.0948894629762007,0.36231849654222437,2.0,3.0,0.461538461550298,2.527073419563619,3.308820339093632,3.308820339093632
ABEV,2021-04-15,stress,True,True,D-1,2.84999990463,2.84999990463,2.8900001049,2.93000006676,2.8070233265634403,0,3.308820339093632,-1.4234862158191697,-1.0830314655788542,1.0948894629762007,1.805052442390731,3.6764670433148128,3.0,4.0,0.8461538461242619,0.7092191987047691,3.308820339093632,3.308820339093632
ABEV,2021-04-16,stress,True,True,D-1,2.80999994278,2.88000011444,2.93000006676,2.90000009537,4.270467132511069,1,-1.4234862158191697,-1.0830314655788542,1.0948894629762007,1.805052442390731,1.0638287978798733,1.4234862158191808,3.0,0.0,0.8235282567825262,1.0526389759263788,1.805052442390731,1.0948894629762007
ABEV,2021-04-19,stress,True,True,D-1,2.83999991417,2.8599998951,2.90000009537,2.93000006676,3.169019553167951,1,-1.0830314655788542,1.0948894629762007,1.805052442390731,1.0638287978798733,1.0526389759263788,3.9711239807687093,4.0,0.0,0.9444445180462696,0.34722187717497466,1.805052442390731,1.805052442390731
ABEV,2021-04-20,stress,True,True,D-1,2.8599998951,2.83999991417,2.93000006676,2.96000003815,3.4965086264978185,1,1.0948894629762007,1.805052442390731,1.0638287978798733,1.0526389759263788,-0.6944520328218462,4.379557851904758,4.0,0.0,0.6818174429236504,2.4475585394226895,1.805052442390731,1.805052442390731
ABEV,2021-04-21,stress,True,True,D-1,2.8599998951,2.90000009537,2.96000003815,2.97000002861,3.8461586554062954,1,1.805052442390731,1.0638287978798733,1.0526389759263788,-0.6944520328218462,-0.6993000581666409,2.527073419563619,3.0,1.0,0.4374993480589421,3.169019553167951,1.805052442390731,3.193948229909749
ABEV,2021-04-22,stress,True,True,D-1,2.93000006676,2.95000004768,2.97000002861,2.93000006676,1.3651863801570574,0,1.0638287978798733,1.0526389759263788,-0.6944520328218462,-0.6993000581666409,2.1126825004688543,2.8368852490746166,3.0,2.0,0.7692311924552481,1.034481738048787,2.1126825004688543,1.0638287978798733
ABEV,2021-04-23,stress,True,True,D-1,2.95000004768,2.92000007629,2.93000006676,2.86999988556,-0.6779654439575067,0,1.0526389759263788,-0.6944520328218462,-0.6993000581666409,2.1126825004688543,1.7241362298514362,3.5087770665375606,3.0,0.0,0.9375000930897945,0.33898272231771553,2.1126825004688543,1.0526389759263788
ABEV,2021-04-26,stress,True,True,D-1,2.92000007629,2.86999988556,2.86999988556,2.88000011444,-1.3698616714017953,0,-0.6944520328218462,-0.6993000581666409,2.1126825004688543,1.7241362298514362,-1.0169481662752222,1.388887509047132,2.0,0.0,0.6428577510301573,1.7123270895091025,2.1126825004688543,2.1126825004688543
ABEV,2021-04-27,stress,True,True,D-1,2.82999992371,2.81999993324,2.88000011444,2.92000007629,3.180217491384729,1,-0.6993000581666409,2.1126825004688543,1.7241362298514362,-1.0169481662752222,-1.712335254234909,0.34965002890849917,2.0,1.0,0.2857137991330177,3.484325680747813,2.1126825004688543,4.8245523590105694
ABEV,2021-04-28,stress,True,True,D-1,2.86999988556,2.84999990463,2.92000007629,2.8900001049,1.742166993858385,0,2.1126825004688543,1.7241362298514362,-1.0169481662752222,-1.712335254234909,-1.7421586868894168,-0.7042247019167558,2.0,2.0,0.0,5.319152444009423,2.1126825004688543,5.537344844212866
ABEV,2021-04-29,stress,True,True,D-1,2.86999988556,2.8900001049,2.8900001049,2.79999995232,0.6968717817944281,0,1.7241362298514362,-1.0169481662752222,-1.712335254234909,-1.7421586868894168,1.0638287978798733,-1.7241444515752824,2.0,3.0,0.19999968210686972,4.210530806862556,1.7241362298514362,2.420999704676885
ABEV,2021-04-30,stress,True,True,D-1,2.8900001049,2.77999997139,2.79999995232,2.74000000954,-3.1141920177582216,0,-1.0169481662752222,-1.712335254234909,-1.7421586868894168,1.0638287978798733,1.4035158459134278,-2.0338963325504555,2.0,4.0,0.4666675143594605,2.768163349695385,1.4035158459134278,0.0
ABEV,2021-05-03,stress,True,True,D-1,2.77999997139,2.75,2.74000000954,2.80999994278,1.0791356726165713,0,-1.712335254234909,-1.7421586868894168,1.0638287978798733,1.4035158459134278,-3.8062328552685654,-4.794524015145807,2.0,4.0,0.06249990684770562,5.395686939341937,1.4035158459134278,3.519966888491066
ABEV,2021-05-04,stress,True,True,D-1,2.73000001907,2.72000002861,2.80999994278,3.11999988556,14.285709295447457,1,-1.7421586868894168,1.0638287978798733,1.4035158459134278,-3.8062328552685654,-1.0791356726165713,-4.1811808482558614,2.0,2.0,0.10526302582552555,6.181820955999995,1.4035158459134278,6.247809957274519
ABEV,2021-05-05,stress,True,True,D-1,2.75,2.78999996185,3.11999988556,3.16000008583,14.909094030181812,1,1.0638287978798733,1.4035158459134278,-3.8062328552685654,-1.0791356726165713,-1.0909080505454583,-3.5460959928146796,2.0,3.0,0.13043464740265803,7.35294285207071,1.4035158459134278,3.5617871911465815
ABEV,2021-05-06,stress,True,True,D-1,3.05999994278,3.11999988556,3.16000008583,3.22000002861,5.22876107261101,1,1.4035158459134278,-3.8062328552685654,-1.0791356726165713,-1.0909080505454583,2.5735269302836095,-2.105261220624133,2.0,4.0,0.4347821579943667,4.659502373390678,2.5735269302836095,1.4035158459134278
ABEV,2021-05-07,stress,True,True,D-1,3.13000011444,3.11999988556,3.22000002861,3.27999997139,4.792327522864559,1,-3.8062328552685654,-1.0791356726165713,-1.0909080505454583,2.5735269302836095,11.827954416572206,7.958469630157983,2.0,0.0,1.0,0.0,11.827954416572206,0.0
ABEV,2021-05-10,stress,True,True,D-1,3.11999988556,3.21000003815,3.27999997139,3.31999993324,6.410258173586536,1,-1.0791356726165713,-1.0909080505454583,2.5735269302836095,11.827954416572206,0.0,12.230212865793666,2.0,0.0,0.9148931960955436,1.2820577479867756,11.827954416572206,2.5735269302836095
ABEV,2021-05-11,stress,True,True,D-1,3.13000011444,3.26999998093,3.31999993324,3.28999996185,6.07028152885527,1,-1.0909080505454583,2.5735269302836095,11.827954416572206,0.0,2.884620381126912,16.727274114545466,3.0,0.0,0.9811320924531873,0.3115261788521062,11.827954416572206,11.827954416572206
ABEV,2021-05-12,stress,True,True,D-1,3.24000000954,3.22000002861,3.28999996185,3.32999992371,2.777775120524706,0,2.5735269302836095,11.827954416572206,0.0,2.884620381126912,1.8691570737357166,20.220586269665098,4.0,0.0,0.9818181975874396,0.3058101075938291,11.827954416572206,11.827954416572206
ABEV,2021-05-13,stress,True,True,D-1,3.23000001907,3.22000002861,3.32999992371,3.36999988556,4.334361166050704,1,11.827954416572206,0.0,2.884620381126912,1.8691570737357166,-1.5290505385807451,15.412188983503583,3.0,0.0,0.7058825591938234,3.105587072717131,11.827954416572206,11.827954416572206
ABEV,2021-05-14,stress,True,True,D-1,3.26999998093,3.30999994278,3.36999988556,3.38000011444,3.363918475581018,1,0.0,2.884620381126912,1.8691570737357166,-1.5290505385807451,0.0,3.20513290762674,2.0,1.0,0.5652178420056333,3.105587072717131,2.884620381126912,4.413670919707657
ABEV,2021-05-17,stress,True,True,D-1,3.26999998093,3.33999991417,3.38000011444,3.36999988556,3.363918475581018,1,2.884620381126912,1.8691570737357166,-1.5290505385807451,0.0,2.795028365538599,6.089745647086708,3.0,0.0,0.9047620128729973,0.6042290415631202,2.884620381126912,2.884620381126912
ABEV,2021-05-18,stress,True,True,D-1,3.33999991417,3.32999992371,3.36999988556,3.36999988556,0.8982027593092079,0,1.8691570737357166,-1.5290505385807451,0.0,2.795028365538599,0.9063435621936344,4.049840326323539,3.0,0.0,0.8749999999999996,0.8982027593092079,2.795028365538599,1.8691570737357166
ABEV,2021-05-19,stress,True,True,D-1,3.32999992371,3.34999990463,3.36999988556,3.34999990463,1.201200083074938,0,-1.5290505385807451,0.0,2.795028365538599,0.9063435621936344,-0.2994009196699343,1.834860646174552,2.0,0.0,0.749999105950213,1.5015072635285343,2.795028365538599,2.795028365538599
ABEV,2021-05-20,stress,True,True,D-1,3.33999991417,3.34999990463,3.34999990463,3.34999990463,0.2994009196699343,0,0.0,2.795028365538599,0.9063435621936344,-0.2994009196699343,0.6006000413873336,4.037263194563323,3.0,1.0,0.8499989867102424,0.8955286765392589,2.795028365538599,2.795028365538599
ABEV,2021-05-21,stress,True,True,D-1,3.34999990463,3.29999995232,3.34999990463,3.36999988556,0.5970143731155897,0,2.795028365538599,0.9063435621936344,-0.2994009196699343,0.6006000413873336,0.0,4.037263194563323,3.0,2.0,0.7499985098765412,0.8955286765392589,2.795028365538599,2.795028365538599
ABEV,2021-05-24,stress,True,True,D-1,3.31999993324,3.32999992371,3.36999988556,3.34999990463,1.506022690524711,0,0.9063435621936344,-0.2994009196699343,0.6006000413873336,0.0,-1.4925359323412435,-0.30211452063052535,2.0,3.0,0.384614679266892,2.424247371996402,0.9063435621936344,2.398879494534878
ABEV,2021-05-25,stress,True,True,D-1,3.3599998951,3.29999995232,3.34999990463,3.40000009537,1.1904821880599936,0,-0.2994009196699343,0.6006000413873336,0.0,-1.4925359323412435,0.9090900552561898,-0.2994009196699343,2.0,4.0,0.615383486811644,1.5015072635285343,0.9090900552561898,1.1976144142044287
ABEV,2021-05-26,stress,True,True,D-1,3.31999993324,3.28999996185,3.40000009537,3.47000002861,4.518075252598397,1,0.6006000413873336,0.0,-1.4925359323412435,0.9090900552561898,-0.9009000623812824,-0.9009000623812824,2.0,4.0,0.4166666666944435,2.1212101288300866,0.9090900552561898,0.6006000413873336
ABEV,2021-05-27,stress,True,True,D-1,3.29999995232,3.36999988556,3.47000002861,3.69000005722,11.818185167724572,1,0.0,-1.4925359323412435,0.9090900552561898,-0.9009000623812824,-0.3030300186207424,-1.7910431190482967,1.0,4.0,0.33333333330555553,2.4316086516005697,0.9090900552561898,2.110290138631432
ABEV,2021-05-28,stress,True,True,D-1,3.36999988556,3.46000003815,3.69000005722,3.8900001049,15.430274094908182,1,-1.4925359323412435,0.9090900552561898,-0.9009000623812824,-0.3030300186207424,2.4316086516005697,0.5970143731155897,2.0,0.0,0.7999987284274759,0.890213971179854,2.4316086516005697,0.9090900552561898
ABEV,2021-06-01,stress,True,True,D-1,3.50999999046,3.66000008583,3.8900001049,3.80999994278,10.826214116034794,1,0.9090900552561898,-0.9009000623812824,-0.3030300186207424,2.4316086516005697,2.670627763984168,4.848487519447242,3.0,0.0,0.947368487113554,0.2890170621312027,2.670627763984168,0.9090900552561898
ABEV,2021-06-02,stress,True,True,D-1,3.65000009537,3.80999994278,3.80999994278,3.88000011444,6.301370220832414,1,-0.9009000623812824,-0.3030300186207424,2.4316086516005697,2.670627763984168,5.780348135109747,9.90991500541365,3.0,0.0,0.9268293533908217,0.819671330231575,5.780348135109747,2.4316086516005697
ABEV,2021-06-03,stress,True,True,D-1,3.78999996185,3.78999996185,3.88000011444,3.94000005722,3.9577861973587147,1,-0.3030300186207424,2.4316086516005697,2.670627763984168,5.780348135109747,4.098356651157942,15.454545388749331,4.0,0.0,0.8688522219500657,2.0997418194611983,5.780348135109747,2.670627763984168
ABEV,2021-06-04,stress,True,True,D-1,3.81999993324,3.86999988556,3.94000005722,3.95000004768,3.4031444165429026,1,2.4316086516005697,2.670627763984168,5.780348135109747,4.098356651157942,-0.5249338905608192,15.197568565284868,4.0,1.0,0.8360653751424784,2.6385262284062794,5.780348135109747,5.780348135109747
ABEV,2021-06-07,stress,True,True,D-1,3.84999990463,3.90000009537,3.95000004768,3.93000006676,2.5974063773284817,0,2.670627763984168,5.780348135109747,4.098356651157942,-0.5249338905608192,2.1108159502711388,14.836795756060205,4.0,2.0,0.9622637520321978,0.5168015486157085,5.780348135109747,5.780348135109747
ABEV,2021-06-08,stress,True,True,D-1,3.88000011444,3.90000009537,3.93000006676,3.86999988556,1.2886585269396678,0,5.780348135109747,4.098356651157942,-0.5249338905608192,2.1108159502711388,0.7751992428201016,12.716764519322377,4.0,0.0,0.9090910076177557,1.0256400223550566,5.780348135109747,5.780348135109747
ABEV,2021-06-09,stress,True,True,D-1,3.91000008583,3.78999996185,3.86999988556,3.81999993324,-1.0230230023513975,0,4.098356651157942,-0.5249338905608192,2.1108159502711388,0.7751992428201016,0.0,6.557377156060196,3.0,0.0,0.8333334658055758,1.282050027879733,4.098356651157942,4.098356651157942
ABEV,2021-06-10,stress,True,True,D-1,3.80999994278,3.79999995232,3.81999993324,3.8599998951,1.312334726270814,0,-0.5249338905608192,2.1108159502711388,0.7751992428201016,0.0,-2.8205161751300944,-0.5249338905608192,2.0,1.0,0.2727269771694604,4.221638191043664,2.1108159502711388,4.931332125401234
ABEV,2021-06-11,stress,True,True,D-1,3.80999994278,3.74000000954,3.8599998951,3.83999991417,1.312334726270814,0,2.1108159502711388,0.7751992428201016,0.0,-2.8205161751300944,0.2638519939488049,0.2638519939488049,3.0,2.0,0.1666664459167467,3.9473709800554424,2.1108159502711388,4.674922119620161
ABEV,2021-06-14,stress,True,True,D-1,3.75999999046,3.82999992371,3.83999991417,3.86999988556,2.925529132422744,0,0.7751992428201016,0.0,-2.8205161751300944,0.2638519939488049,-1.5789458824431835,-3.3591700223316256,2.0,3.0,0.19230751597928444,5.614974267495487,0.7751992428201016,2.0944592115086924
ABEV,2021-06-15,stress,True,True,D-1,3.82999992371,3.81999993324,3.86999988556,3.88000011444,1.3054880346202946,0,0.0,-2.8205161751300944,0.2638519939488049,-1.5789458824431835,2.4064148112413974,-1.7948761525186319,2.0,4.0,0.5384610447189168,3.133162568153791,2.4064148112413974,0.2638519939488049
ABEV,2021-06-16,stress,True,True,D-1,3.81999993324,3.78999996185,3.88000011444,3.79999995232,1.5706853991777292,0,-2.8205161751300944,0.2638519939488049,-1.5789458824431835,2.4064148112413974,-0.2610963621198503,-2.051286158299692,2.0,4.0,0.5416661285521057,2.879584697445292,2.4064148112413974,0.2638519939488049
ABEV,2021-06-17,stress,True,True,D-1,3.8599998951,3.75999999046,3.79999995232,3.75,-1.554402704937008,0,0.2638519939488049,-1.5789458824431835,2.4064148112413974,-0.2610963621198503,-0.7853395789081841,0.0,2.0,4.0,0.5555555555370376,2.1108159502711388,2.4064148112413974,3.4508002591986164
ABEV,2021-06-18,stress,True,True,D-1,3.77999997139,3.69000005722,3.75,3.69000005722,-0.793650042779459,0,-1.5789458824431835,2.4064148112413974,-0.2610963621198503,-0.7853395789081841,-0.7915559813187034,-1.0526305884709042,1.0,0.0,0.36842059031038854,3.1914926671401167,2.4064148112413974,3.9770939690577767
ABEV,2021-06-21,stress,True,True,D-1,3.70000004768,3.72000002861,3.69000005722,3.71000003815,0.270270009219864,0,2.4064148112413974,-0.2610963621198503,-0.7853395789081841,-0.7915559813187034,-1.861700356851237,-1.336897117445468,1.0,1.0,0.04999994038001361,5.1490529613472225,2.4064148112413974,5.044934748882445
ABEV,2021-06-22,stress,True,True,D-1,3.69000005722,3.66000008583,3.71000003815,3.6400001049,0.5420048948472811,0,-0.2610963621198503,-0.7853395789081841,-0.7915559813187034,-1.861700356851237,0.81300734213543,-2.8720599814907266,1.0,2.0,0.2380949677936993,4.30107754299629,0.81300734213543,1.0638287753055642
ABEV,2021-06-23,stress,True,True,D-1,3.66000008583,3.58999991417,3.6400001049,3.6400001049,-0.5464475535788105,0,-0.7853395789081841,-0.7915559813187034,-1.861700356851237,0.81300734213543,-1.6129016752298053,-4.188477754089726,1.0,3.0,0.1851857411531837,6.010929602481396,0.81300734213543,0.8130073421354189
ABEV,2021-06-24,stress,True,True,D-1,3.59999990463,3.6400001049,3.6400001049,3.56999993324,1.1111167036019998,0,-0.7915559813187034,-1.861700356851237,0.81300734213543,-1.6129016752298053,-1.9125729513234657,-5.277046166047317,1.0,4.0,0.0645160298054683,8.078000200650347,0.81300734213543,4.307634047516807
ABEV,2021-06-25,stress,True,True,D-1,3.63000011444,3.44000005722,3.56999993324,3.51999998093,-1.6528975016094738,0,-1.861700356851237,0.81300734213543,-1.6129016752298053,-1.9125729513234657,1.3927630062787966,-3.1914863261826576,2.0,4.0,0.3043485471870853,4.395600077170747,1.3927630062787966,1.3594548957142405
ABEV,2021-06-28,stress,True,True,D-1,3.50999999046,3.52999997139,3.51999998093,3.49000000954,0.2849000141646574,0,0.81300734213543,-1.6129016752298053,-1.9125729513234657,1.3927630062787966,-5.494506646051168,-6.77506764561806,2.0,4.0,0.0606060168291903,9.01162609370778,1.3927630062787966,4.991276437851544
ABEV,2021-06-29,stress,True,True,D-1,3.51999998093,3.49000000954,3.49000000954,3.45000004768,-0.852271919105918,0,-1.6129016752298053,-1.9125729513234657,1.3927630062787966,-5.494506646051168,2.6162765311908975,-5.107528380611182,2.0,3.0,0.37931003298925775,5.099152074188873,2.6162765311908975,4.414744609024435
ABEV,2021-06-30,stress,True,True,D-1,3.45000004768,3.44000005722,3.45000004768,3.49000000954,1.159419168324316,0,-1.9125729513234657,1.3927630062787966,-5.494506646051168,2.6162765311908975,-1.1331434043680533,-4.64481071867101,2.0,4.0,0.2903223573620824,6.30372573090614,2.6162765311908975,1.3927630062787966
ABEV,2021-07-01,stress,True,True,D-1,3.43000006676,3.38000011444,3.49000000954,3.45000004768,1.749269434757661,0,1.3927630062787966,-5.494506646051168,2.6162765311908975,-1.1331434043680533,-1.4326633863416705,-4.178269095716114,2.0,4.0,0.1999998092799995,5.813954777710917,2.6162765311908975,5.165849191231498
ABEV,2021-07-02,stress,True,True,D-1,3.47000002861,3.43000006676,3.45000004768,3.41000008583,-0.576368321760834,0,-5.494506646051168,2.6162765311908975,-1.1331434043680533,-1.4326633863416705,-1.744184354127254,-7.142856674921516,1.0,4.0,0.0,7.692307149613131,2.6162765311908975,5.768135981027934
ABEV,2021-07-06,stress,True,True,D-1,3.43000006676,3.3599998951,3.41000008583,3.33999991417,-0.5830898116830574,0,2.6162765311908975,-1.1331434043680533,-1.4326633863416705,-1.744184354127254,1.4792884800917783,-0.2906973922576439,2.0,4.0,0.26315789475900203,4.081628680906846,2.6162765311908975,2.9069739234485414
ABEV,2021-07-07,stress,True,True,D-1,3.40000009537,3.36999988556,3.33999991417,3.36999988556,-0.8823590873086484,0,-1.1331434043680533,-1.4326633863416705,-1.744184354127254,1.4792884800917783,-2.0408212914736934,-4.815866222884402,1.0,4.0,0.19999976161005667,4.76190746503693,1.4792884800917783,0.5917224456459369
ABEV,2021-07-08,stress,True,True,D-1,3.31999993324,3.31999993324,3.36999988556,3.41000008583,2.7108480240892296,0,-1.4326633863416705,-1.744184354127254,1.4792884800917783,-2.0408212914736934,0.29761877298219996,-3.43839895850937,2.0,4.0,0.29411723458149924,3.560834660386325,1.4792884800917783,3.2285648658697097
ABEV,2021-07-09,stress,True,True,D-1,3.33999991417,3.3599998951,3.41000008583,3.46000003815,3.592818175560364,1,-1.744184354127254,1.4792884800917783,-2.0408212914736934,0.29761877298219996,-1.4836781607691751,-3.488375639068353,2.0,3.0,0.2608692947939739,5.120484328868535,1.4792884800917783,2.6697635726158353
ABEV,2021-07-12,stress,True,True,D-1,3.30999994278,3.41000008583,3.46000003815,3.54999995232,7.250755700570455,1,1.4792884800917783,-2.0408212914736934,0.29761877298219996,-1.4836781607691751,1.2048181525402546,-0.5917224456459369,3.0,4.0,0.4347821580189414,3.8690511457927013,1.4792884800917783,1.7760241121269171
ABEV,2021-07-13,stress,True,True,D-1,3.38000011444,3.44000005722,3.54999995232,3.49000000954,5.029580832075364,1,-2.0408212914736934,0.29761877298219996,-1.4836781607691751,1.2048181525402546,1.4881009610421936,-0.5830898116830574,3.0,4.0,0.7894739484015828,1.1730193795659094,1.4881009610421936,0.29761877298219996
ABEV,2021-07-14,stress,True,True,D-1,3.52999997139,3.47000002861,3.49000000954,3.45000004768,-1.1331434043680533,0,0.29761877298219996,-1.4836781607691751,1.2048181525402546,1.4881009610421936,0.8797645347477401,2.380957280286422,4.0,0.0,0.9000001191949706,0.5813947848059886,1.4881009610421936,1.2048181525402546
ABEV,2021-07-15,stress,True,True,D-1,3.48000001907,3.40000009537,3.45000004768,3.30999994278,-0.8620681386667606,0,-1.4836781607691751,1.2048181525402546,1.4881009610421936,0.8797645347477401,0.8720921770636325,2.967363396019307,4.0,0.0,0.7241381578228598,2.3054732867551664,1.4881009610421936,1.4881009610421936
ABEV,2021-07-16,stress,True,True,D-1,3.44000005722,3.3900001049,3.30999994278,3.24000000954,-3.7790730313259857,0,1.2048181525402546,1.4881009610421936,0.8797645347477401,0.8720921770636325,-2.017289125730648,2.409643486104751,4.0,1.0,0.44444493502061005,4.4117603747795275,1.4881009610421936,2.65089053036347
ABEV,2021-07-19,stress,True,True,D-1,3.27999997139,3.21000003815,3.24000000954,3.27999997139,0.0,0,1.4881009610421936,0.8797645347477401,0.8720921770636325,-2.017289125730648,-0.29411735851471166,0.8928634147801651,3.0,2.0,0.4074079306639598,4.719759364866438,1.4881009610421936,3.793574247797349
ABEV,2021-07-20,stress,True,True,D-1,3.17000007629,3.20000004768,3.27999997139,3.25999999046,3.470028153082505,1,0.8797645347477401,0.8720921770636325,-2.017289125730648,-0.29411735851471166,-5.3097363179966495,-5.865103889911483,2.0,3.0,0.10526309186701448,10.591897511812798,0.8797645347477401,6.4680013550565185
ABEV,2021-07-21,stress,True,True,D-1,3.23000001907,3.25999999046,3.25999999046,3.25999999046,0.9287916784173289,0,0.8720921770636325,-2.017289125730648,-0.29411735851471166,-5.3097363179966495,-0.3115261791636348,-6.97674434732286,1.0,4.0,0.10256403985467942,10.937496857031292,0.8720921770636325,6.476813455548802
ABEV,2021-07-22,stress,True,True,D-1,3.25999999046,3.21000003815,3.25999999046,3.27999997139,0.6134963493413359,0,-2.017289125730648,-0.29411735851471166,-5.3097363179966495,-0.3115261791636348,1.8749981839375263,-6.051874248373457,1.0,4.0,0.3030300840853481,7.055215329848696,1.8749981839375263,0.0
ABEV,2021-07-23,stress,True,True,D-1,3.24000000954,3.19000005722,3.27999997139,3.25,1.2345667201303145,0,-0.29411735851471166,-5.3097363179966495,-0.3115261791636348,1.8749981839375263,-1.5337408728932078,-5.588236820308778,1.0,4.0,0.17241365137096784,7.476635722045599,1.8749981839375263,0.0
ABEV,2021-07-26,stress,True,True,D-1,3.19000005722,3.25,3.25,3.32999992371,4.3887104695542245,1,-5.3097363179966495,-0.3115261791636348,1.8749981839375263,-1.5337408728932078,-0.6230523580157521,-5.899706238678714,1.0,4.0,0.19999999999999762,3.7617518309569276,1.8749981839375263,4.022235406172081
ABEV,2021-07-27,stress,True,True,D-1,3.25,3.24000000954,3.32999992371,3.3900001049,4.307695535384615,1,-0.3115261791636348,1.8749981839375263,-1.5337408728932078,-0.6230523580157521,1.8808759154784749,1.2461047157199756,2.0,3.0,0.7499999999999991,0.9230760427692442,1.8808759154784749,1.8749981839375263
ABEV,2021-07-28,stress,True,True,D-1,3.24000000954,3.31999993324,3.3900001049,3.3599998951,4.629632559207808,1,1.8749981839375263,-1.5337408728932078,-0.6230523580157521,1.8808759154784749,-0.3076920141538375,1.2499987895000286,2.0,4.0,0.6363636364049591,1.2345667201303145,1.8808759154784749,1.8749981839375263
ABEV,2021-07-29,stress,True,True,D-1,3.24000000954,3.32999992371,3.3599998951,3.30999994278,3.703700160699608,1,-1.5337408728932078,-0.6230523580157521,1.8808759154784749,-0.3076920141538375,2.469133440260629,1.8404890477172753,2.0,0.0,0.9374999999609381,0.30120453828565985,2.469133440260629,1.8808759154784749
ABEV,2021-07-30,stress,True,True,D-1,3.31999993324,3.17000007629,3.30999994278,3.27999997139,-0.30120453798445634,0,-0.6230523580157521,1.8808759154784749,-0.3076920141538375,2.469133440260629,0.30120453828565985,3.738314147471433,3.0,0.0,0.7272719391488629,1.80180728422219,2.469133440260629,1.8808759154784749
ABEV,2021-08-02,stress,True,True,D-1,3.24000000954,3.23000001907,3.27999997139,3.26999998093,1.2345667201303145,0,1.8808759154784749,-0.3076920141538375,2.469133440260629,0.30120453828565985,-4.804800332900361,-0.626958638597308,3.0,1.0,0.043478215786392695,6.940063826985021,2.469133440260629,6.987201511533591
ABEV,2021-08-03,stress,True,True,D-1,3.16000008583,3.25,3.26999998093,3.26999998093,3.4810092440585416,1,-0.3076920141538375,2.469133440260629,0.30120453828565985,-4.804800332900361,1.8927426288967375,-0.6153840286153955,3.0,2.0,0.30434751059170734,4.953562999546612,2.469133440260629,5.472133648398437
ABEV,2021-08-04,stress,True,True,D-1,3.25,3.16000008583,3.26999998093,3.24000000954,0.6153840286153844,0,2.469133440260629,0.30120453828565985,-4.804800332900361,1.8927426288967375,0.6191944523814108,0.3086416799554126,4.0,3.0,0.5,4.307695535384615,2.469133440260629,2.469133440260629
ABEV,2021-08-05,stress,True,True,D-1,3.25,3.17000007629,3.24000000954,3.27999997139,0.9230760427692442,0,0.30120453828565985,-4.804800332900361,1.8927426288967375,0.6191944523814108,-2.769228128307688,-4.819272609257419,3.0,4.0,0.17857197594856977,7.278481418445537,1.8927426288967375,4.059923211767269
ABEV,2021-08-06,stress,True,True,D-1,3.18000006676,3.22000002861,3.27999997139,3.22000002861,3.1446510229758307,1,-4.804800332900361,1.8927426288967375,0.6191944523814108,-2.769228128307688,0.316455385708414,-4.804800332900361,3.0,4.0,0.24000072475999978,5.993684991716641,1.8927426288967375,4.354278743050588
ABEV,2021-08-09,stress,True,True,D-1,3.25,3.21000003815,3.22000002861,3.20000004768,-0.923076042769233,0,1.8927426288967375,0.6191944523814108,-2.769228128307688,0.316455385708414,1.5772855241857675,1.5772855241857675,4.0,4.0,0.5500005364298709,2.795028365538599,1.8927426288967375,1.8927426288967375
ABEV,2021-08-10,stress,True,True,D-1,3.19000005722,3.20000004768,3.20000004768,3.18000006676,0.3134793191419183,0,0.6191944523814108,-2.769228128307688,0.316455385708414,1.5772855241857675,-0.31055870717854317,-0.6191944520718029,3.0,4.0,0.5882358716087369,2.180683252587823,1.5772855241857675,0.6191944523814108
ABEV,2021-08-11,stress,True,True,D-1,3.17000007629,3.15000009537,3.18000006676,3.1400001049,0.31545710502642876,0,-2.769228128307688,0.316455385708414,1.5772855241857675,-0.31055870717854317,-0.3115261791636348,-1.5384600713846064,2.0,1.0,0.46666666664444484,2.4999975786875295,1.5772855241857675,2.1984029388534054
ABEV,2021-08-12,stress,True,True,D-1,3.15000009537,3.11999988556,3.1400001049,3.11999988556,-0.31746000530915586,0,0.316455385708414,1.5772855241857675,-0.31055870717854317,-0.3115261791636348,-1.562498486406283,-0.31645538570843623,2.0,2.0,0.18750121072981812,4.126980066161878,1.5772855241857675,3.446442597921495
ABEV,2021-08-13,stress,True,True,D-1,3.09999990463,3.11999988556,3.11999988556,3.07999992371,0.6451606950093502,0,1.5772855241857675,-0.31055870717854317,-0.3115261791636348,-1.562498486406283,-0.9523875841812024,-1.5772930450057787,1.0,3.0,0.05882344689623012,5.128208067266704,1.5772855241857675,4.077290553185698
ABEV,2021-08-16,stress,True,True,D-1,3.1099998951,3.05999994278,3.07999992371,3.1099998951,0.0,0,-0.31055870717854317,-0.3115261791636348,-1.562498486406283,-0.9523875841812024,0.0,-3.105594477064888,0.0,4.0,0.272726977169459,5.128208067266704,0.0,0.9523875841812024
ABEV,2021-08-17,stress,True,True,D-1,3.03999996185,3.05999994278,3.1099998951,3.1400001049,3.2894784310834257,1,-0.3115261791636348,-1.562498486406283,-0.9523875841812024,0.0,-1.9230751596399642,-4.672900111753531,0.0,4.0,0.058823446896232735,5.22876107261101,0.0,1.9230751596399642
ABEV,2021-08-18,stress,True,True,D-1,3.03999996185,3.01999998093,3.1400001049,3.21000003815,5.5921078432035864,1,-1.562498486406283,-0.9523875841812024,0.0,-1.9230751596399642,0.0,-4.375003212937445,0.0,4.0,0.2999996423800861,4.575166912350004,0.0,1.9230751596399642
ABEV,2021-08-19,stress,True,True,D-1,3.00999999046,3.1099998951,3.21000003815,3.21000003815,6.644519877870003,1,-0.9523875841812024,0.0,-1.9230751596399642,0.0,-1.3071883201951962,-4.1269876350505275,0.0,4.0,0.11111096395684596,5.298016120540772,0.0,1.3071883201951962
ABEV,2021-08-20,stress,True,True,D-1,3.08999991417,3.19000005722,3.21000003815,3.32999992371,7.76699081574137,1,0.0,-1.9230751596399642,0.0,-1.3071883201951962,2.980129627096373,-0.32051252649981654,1.0,4.0,0.7857129477050852,0.9646370035982121,2.980129627096373,0.0
ABEV,2021-08-23,stress,True,True,D-1,3.19000005722,3.18000006676,3.32999992371,3.31999993324,4.3887104695542245,1,-1.9230751596399642,0.0,-1.3071883201951962,2.980129627096373,2.5723525665079627,2.2435953278067355,2.0,0.0,0.9047620128729952,0.6269586385973192,2.980129627096373,0.0
ABEV,2021-08-24,stress,True,True,D-1,3.21000003815,3.26999998093,3.31999993324,3.27999997139,3.4267879683077984,1,0.0,-1.3071883201951962,2.980129627096373,2.5723525665079627,-0.3134793191419183,3.921572752415803,2.0,1.0,0.8571430193333034,0.9433953069241996,2.980129627096373,2.980129627096373
ABEV,2021-08-25,stress,True,True,D-1,3.26999998093,3.31999993324,3.27999997139,3.24000000954,0.3058101075938291,0,-1.3071883201951962,2.980129627096373,2.5723525665079627,-0.3134793191419183,2.8301859207725766,6.862746473100123,3.0,0.0,0.8181819495427308,1.834860646174552,2.980129627096373,2.980129627096373
ABEV,2021-08-26,stress,True,True,D-1,3.27999997139,3.21000003815,3.24000000954,3.27999997139,0.0,0,2.980129627096373,2.5723525665079627,-0.3134793191419183,2.8301859207725766,1.529050538274923,9.93377331802552,4.0,1.0,0.9696969915702534,0.30120453828565985,2.980129627096373,2.980129627096373
ABEV,2021-08-27,stress,True,True,D-1,3.23000001907,3.23000001907,3.27999997139,3.28999996185,1.8575833568346356,0,2.5723525665079627,-0.3134793191419183,2.8301859207725766,1.529050538274923,-3.313249918732697,3.2154387917361804,3.0,2.0,0.5555559480164883,3.738314147471433,2.8301859207725766,4.66504656694714
ABEV,2021-08-30,stress,True,True,D-1,3.20000004768,3.26999998093,3.28999996185,3.32999992371,4.062496065406296,1,-0.3134793191419183,2.8301859207725766,1.529050538274923,-3.313249918732697,0.6230523577042124,1.2539172768811557,3.0,3.0,0.41176470585466957,3.0959722615974794,2.8301859207725766,5.541026763536361
ABEV,2021-08-31,stress,True,True,D-1,3.25999999046,3.25999999046,3.32999992371,3.22000002861,2.1472372225413094,0,2.8301859207725766,1.529050538274923,-3.313249918732697,0.6230523577042124,1.2383889047628438,2.8301859207725766,4.0,4.0,0.6000000000000018,1.834860646174552,2.8301859207725766,2.8301859207725766
ABEV,2021-09-01,stress,True,True,D-1,3.26999998093,3.27999997139,3.22000002861,3.19000005722,-1.5290505385807451,0,1.529050538274923,-3.313249918732697,0.6230523577042124,1.2383889047628438,-0.30581010789964,-0.30581010789964,3.0,4.0,0.5714285714081624,1.8404890477172753,1.529050538274923,1.529050538274923
ABEV,2021-09-02,stress,True,True,D-1,3.20000004768,3.15000009537,3.19000005722,3.25,1.5624984867187663,0,-3.313249918732697,0.6230523577042124,1.2383889047628438,-0.30581010789964,0.6134963493413359,-1.204818152239051,3.0,0.0,0.6666666666444454,1.5243888035404662,1.2383889047628438,1.2383889047628438
ABEV,2021-09-03,stress,True,True,D-1,3.17000007629,3.1400001049,3.25,3.20000004768,2.5236568386341363,0,0.6230523577042124,1.2383889047628438,-0.30581010789964,0.6134963493413359,-3.9634108888393915,-1.8691570737357277,3.0,1.0,0.10000000001499891,5.714280091755275,1.2383889047628438,4.6126188253733265
ABEV,2021-09-07,stress,True,True,D-1,3.18000006676,3.20000004768,3.20000004768,3.08999991417,0.628930204406486,0,1.2383889047628438,-0.30581010789964,0.6134963493413359,-3.9634108888393915,-0.31746000530915586,-2.7863750352519534,2.0,2.0,0.049999999982499425,6.0509494414826115,1.2383889047628438,5.506677554493256
ABEV,2021-09-08,stress,True,True,D-1,3.18000006676,3.03999996185,3.08999991417,3.1400001049,-1.2578604094419021,0,-0.30581010789964,0.6134963493413359,-3.9634108888393915,-0.31746000530915586,1.9108261393485204,-2.140670754074192,2.0,3.0,0.34999999997750053,4.062496065406296,1.9108261393485204,0.6134963493413359
ABEV,2021-09-09,stress,True,True,D-1,3.01999998093,3.04999995232,3.1400001049,3.1400001049,3.9735140638327504,1,0.6134963493413359,-3.9634108888393915,-0.31746000530915586,1.9108261393485204,-5.00000260768747,-6.748467155024651,2.0,4.0,0.09374993014939978,9.539472549319372,1.9108261393485204,3.798214174476078
ABEV,2021-09-10,stress,True,True,D-1,3.13000011444,3.00999999046,3.1400001049,3.15000009537,0.6389770031550945,0,-3.9634108888393915,-0.31746000530915586,1.9108261393485204,-5.00000260768747,0.32894705906227895,-7.01219576451797,2.0,2.0,0.2857140424438525,6.557378714969131,1.9108261393485204,6.598329049504736
ABEV,2021-09-13,stress,True,True,D-1,3.09999990463,3.06999993324,3.15000009537,3.08999991417,1.6129094283300338,0,-0.31746000530915586,1.9108261393485204,-5.00000260768747,0.32894705906227895,-1.3114741798462615,-4.444447640359694,2.0,3.0,0.1428570212040691,7.9734222691250745,1.9108261393485204,2.8976673158774724
ABEV,2021-09-14,stress,True,True,D-1,3.09999990463,3.07999992371,3.08999991417,3.07999992371,-0.322580347343393,0,1.9108261393485204,-5.00000260768747,0.32894705906227895,-1.3114741798462615,1.9933535870487074,-2.2293047554604817,3.0,4.0,0.3571425530280307,5.863194484503853,1.9933535870487074,1.9108261393485204
ABEV,2021-09-15,stress,True,True,D-1,3.04999995232,3.02999997139,3.07999992371,2.96000003815,0.9836056347207522,0,-5.00000260768747,0.32894705906227895,-1.3114741798462615,1.9933535870487074,0.32573259568269286,-3.750003818187453,3.0,4.0,0.4782603738242376,3.8961080176084684,1.9933535870487074,0.32894705906227895
ABEV,2021-09-16,stress,True,True,D-1,2.99000000954,3.02999997139,2.96000003815,2.93000006676,-1.0033435215478614,0,0.32894705906227895,-1.3114741798462615,1.9933535870487074,0.32573259568269286,-1.6233751155348308,-0.32894705873333097,3.0,1.0,0.3333328918149799,3.9604001687481905,1.9933535870487074,3.296283968802338
ABEV,2021-09-17,stress,True,True,D-1,2.95000004768,2.96000003815,2.93000006676,2.98000001907,1.0169481662752222,0,-1.3114741798462615,1.9933535870487074,0.32573259568269286,-1.6233751155348308,0.0,-0.6557370899231252,2.0,2.0,0.3999995231701142,3.9604001687481905,1.9933535870487074,3.616728702583538
ABEV,2021-09-20,stress,True,True,D-1,2.92000007629,2.90000009537,2.98000001907,2.97000002861,2.054792507273917,0,1.9933535870487074,0.32573259568269286,-1.6233751155348308,0.0,-2.3102288416157246,-1.6611279889857666,2.0,3.0,0.3666668786065318,6.418920769296665,1.9933535870487074,4.303582428664432
ABEV,2021-09-21,stress,True,True,D-1,2.92000007629,2.92000007629,2.97000002861,2.98000001907,2.054792507273917,0,0.32573259568269286,-1.6233751155348308,0.0,-2.3102288416157246,-2.0270250677935864,-5.537454122697216,1.0,4.0,0.19354885848047354,8.620689371670643,0.32573259568269286,4.616157587349057
ABEV,2021-09-22,stress,True,True,D-1,2.95000004768,2.92000007629,2.98000001907,2.94000005722,1.0169481662752222,0,-1.6233751155348308,0.0,-2.3102288416157246,-2.0270250677935864,0.6896544918026493,-5.194800369581598,1.0,4.0,0.32000064848000065,5.821912104056959,0.6896544918026493,1.3513500454209404
ABEV,2021-09-23,stress,True,True,D-1,2.92000007629,2.95000004768,2.94000005722,2.94000005722,0.6849308358721329,0,0.0,-2.3102288416157246,-2.0270250677935864,0.6896544918026493,0.0,-3.630359608536171,1.0,4.0,0.3333339955833075,5.479446686292122,0.6896544918026493,0.0
ABEV,2021-09-24,stress,True,True,D-1,2.92000007629,2.92000007629,2.94000005722,2.8900001049,0.6849308358721329,0,-2.3102288416157246,-2.0270250677935864,0.6896544918026493,0.0,1.0273962536369696,-2.640261533510846,2.0,2.0,0.785714650632382,1.0169481662752222,1.0273962536369696,0.6896544918026493
ABEV,2021-09-27,stress,True,True,D-1,2.92000007629,2.88000011444,2.8900001049,2.8599998951,-1.0273962536369696,0,-2.0270250677935864,0.6896544918026493,0.0,1.0273962536369696,-1.0169481662752222,-1.3513500454209404,2.0,3.0,0.5714293012647608,2.054792507273917,1.0273962536369696,0.6896544918026493
ABEV,2021-09-28,stress,True,True,D-1,2.8900001049,2.78999996185,2.8599998951,2.82999992371,-1.0380695055731803,0,0.6896544918026493,0.0,1.0273962536369696,-1.0169481662752222,-1.3698616714017953,-0.6896544921474623,2.0,4.0,0.09091106129512996,3.4722187727914022,1.0273962536369696,3.4002753081661674
ABEV,2021-09-29,stress,True,True,D-1,2.81999993324,2.79999995232,2.82999992371,2.81999993324,0.3546095995296872,0,0.0,1.0273962536369696,-1.0169481662752222,-1.3698616714017953,-3.1250051740883356,-4.452058597380981,1.0,3.0,0.09523798708391898,6.810037986309303,1.0273962536369696,5.479454851017951
ABEV,2021-09-30,stress,True,True,D-1,2.80999994278,2.75999999046,2.81999993324,2.76999998093,0.3558715538658275,0,1.0273962536369696,-1.0169481662752222,-1.3698616714017953,-3.1250051740883356,0.35842260239205004,-4.109593179273685,2.0,4.0,0.1428569806734975,6.428573921969427,1.0273962536369696,3.8051795502031194
ABEV,2021-10-01,stress,True,True,D-1,2.79999995232,2.77999997139,2.76999998093,2.76999998093,-1.0714275678877283,0,-1.0169481662752222,-1.3698616714017953,-3.1250051740883356,0.35842260239205004,-1.428570090755077,-6.440679801663873,1.0,4.0,0.05263151288644594,6.521741571817907,0.35842260239205004,1.0752678064593124
ABEV,2021-10-04,stress,True,True,D-1,2.70000004768,2.74000000954,2.76999998093,2.75,2.5925900745871644,0,-1.3698616714017953,-3.1250051740883356,0.35842260239205004,-1.428570090755077,0.7246369927221163,-4.794524015145807,2.0,4.0,0.1999997615700571,5.755398830094216,0.7246369927221163,1.0727076477695774
ABEV,2021-10-05,stress,True,True,D-1,2.71000003815,2.73000001907,2.75,2.72000002861,1.476013331619952,0,-3.1250051740883356,0.35842260239205004,-1.428570090755077,0.7246369927221163,-1.4388475633688613,-4.8611145603104315,2.0,4.0,0.21052605165104923,5.474456015975782,0.7246369927221163,1.083059594751834
ABEV,2021-10-06,stress,True,True,D-1,2.73000001907,2.71000003815,2.72000002861,2.77999997139,1.8315000721880415,0,0.35842260239205004,-1.428570090755077,0.7246369927221163,-1.4388475633688613,-0.3649631545687204,-2.150535612918625,2.0,4.0,0.27777777774073975,4.7619001876155975,0.7246369927221163,2.523196447202991
ABEV,2021-10-07,stress,True,True,D-1,2.70000004768,2.68000006676,2.77999997139,2.75999999046,2.962960085083721,0,-1.428570090755077,0.7246369927221163,-1.4388475633688613,-0.3649631545687204,-0.7326000285821643,-3.214282703663207,1.0,4.0,0.25000000003125006,4.428039995228872,0.7246369927221163,1.819526455698306
ABEV,2021-10-08,stress,True,True,D-1,2.73000001907,2.74000000954,2.75999999046,2.75999999046,1.098900043239559,0,0.7246369927221163,-1.4388475633688613,-0.3649631545687204,-0.7326000285821643,-1.107009998807229,-2.898547970163823,1.0,4.0,0.06666666671111036,5.223875484796303,0.7246369927221163,2.5561370645438286
ABEV,2021-10-11,stress,True,True,D-1,2.74000000954,2.70000004768,2.75999999046,2.78999996185,1.82481577138367,0,-1.4388475633688613,-0.3649631545687204,-0.7326000285821643,-1.107009998807229,2.238803779305032,-1.4388475633688613,1.0,0.0,0.6363636364049591,1.4598526171799353,2.238803779305032,0.0
ABEV,2021-10-12,stress,True,True,D-1,2.73000001907,2.70000004768,2.78999996185,2.78999996185,2.197800086479118,0,-0.3649631545687204,-0.7326000285821643,-1.107009998807229,2.238803779305032,-1.4598526175448878,-1.4598526175448878,1.0,1.0,0.272727272719009,2.962960085083721,2.238803779305032,0.0
ABEV,2021-10-13,stress,True,True,D-1,2.72000002861,2.75999999046,2.78999996185,2.81999993324,3.6764670433148128,1,-0.7326000285821643,-1.107009998807229,2.238803779305032,-1.4598526175448878,0.0,-1.0989000432395368,1.0,2.0,0.272727272719009,2.962960085083721,2.238803779305032,3.6986563968499198
ABEV,2021-10-14,stress,True,True,D-1,2.76999998093,2.76999998093,2.81999993324,2.79999995232,1.805052442390731,0,-1.107009998807229,2.238803779305032,-1.4598526175448878,0.0,2.2222200637201928,1.845016664432686,2.0,0.0,0.7272727272561976,1.0869554889020083,2.238803779305032,2.238803779305032
ABEV,2021-10-15,stress,True,True,D-1,2.75999999046,2.78999996185,2.79999995232,2.73000001907,1.4492739854442327,0,2.238803779305032,-1.4598526175448878,0.0,2.2222200637201928,0.36231849654222437,3.358205668957548,3.0,1.0,0.7777777778518541,0.7220209768118879,2.238803779305032,2.238803779305032
ABEV,2021-10-18,stress,True,True,D-1,2.74000000954,2.78999996185,2.73000001907,2.75999999046,0.7299263084074692,0,-1.4598526175448878,0.0,2.2222200637201928,0.36231849654222437,0.7220209768118879,1.82481577138367,3.0,0.0,0.7499999999999991,1.0752678064593013,2.2222200637201928,2.2222200637201928
ABEV,2021-10-19,stress,True,True,D-1,2.72000002861,2.67000007629,2.75999999046,2.68000006676,1.470586817252384,0,0.0,2.2222200637201928,0.36231849654222437,0.7220209768118879,0.0,3.3333300955803002,3.0,1.0,0.7499999999999991,1.0752678064593013,2.2222200637201928,2.2222200637201928
ABEV,2021-10-20,stress,True,True,D-1,2.69000005722,2.73000001907,2.68000006676,2.65000009537,-0.37174684934150326,0,2.2222200637201928,0.36231849654222437,0.7220209768118879,0.0,-4.3010712258372275,-1.1111100318601075,3.0,2.0,0.11764705878892838,5.617972009889494,2.2222200637201928,6.52329128955742
ABEV,2021-10-21,stress,True,True,D-1,2.67000007629,2.63000011444,2.65000009537,2.73000001907,2.2471888039557797,0,0.36231849654222437,0.7220209768118879,0.0,-4.3010712258372275,2.2471888039557797,-1.0869554889020194,3.0,3.0,0.47058823527335547,3.296700129718677,2.2471888039557797,2.8725565897305128
ABEV,2021-10-22,stress,True,True,D-1,2.56999993324,2.61999988556,2.73000001907,2.71000003815,6.225684435263301,1,0.7220209768118879,0.0,-4.3010712258372275,2.2471888039557797,-3.6630001440097315,-5.054146839488305,2.0,4.0,0.2400007247999998,7.2243273966722255,2.2471888039557797,2.2201468459909
ABEV,2021-10-25,stress,True,True,D-1,2.65000009537,2.72000002861,2.71000003815,2.77999997139,4.905655522319874,1,0.0,-4.3010712258372275,2.2471888039557797,-3.6630001440097315,-0.3802368229983699,-6.093192781883627,1.0,4.0,0.3999996821066162,6.870231855812725,2.2471888039557797,6.276497695589867
ABEV,2021-10-26,stress,True,True,D-1,2.68000006676,2.70000004768,2.77999997139,2.96000003815,10.447759866234163,1,-4.3010712258372275,2.2471888039557797,-3.6630001440097315,-0.3802368229983699,3.8167995197688986,-2.5089582149522505,2.0,3.0,0.8461539872396501,1.470586817252384,3.8167995197688986,2.2471888039557797
ABEV,2021-10-27,stress,True,True,D-1,2.75999999046,2.68000006676,2.96000003815,3.00999999046,9.057971045801839,1,2.2471888039557797,-3.6630001440097315,-0.3802368229983699,3.8167995197688986,-0.7352934088100116,1.1235944019778898,2.0,4.0,0.7692309808402453,2.2222200637201928,3.8167995197688986,2.2471888039557797
ABEV,2021-10-28,stress,True,True,D-1,2.8900001049,2.94000005722,3.00999999046,3.05999994278,5.8823471179729525,1,-3.6630001440097315,-0.3802368229983699,3.8167995197688986,-0.7352934088100116,-0.740740020993158,-1.8315000718217123,1.0,0.0,0.6428574469719693,3.7313396320506564,3.8167995197688986,5.287386337021294
ABEV,2021-10-29,stress,True,True,D-1,2.96000003815,2.96000003815,3.05999994278,3.04999995232,3.378375112876686,1,-0.3802368229983699,3.8167995197688986,-0.7352934088100116,-0.740740020993158,9.701491939674778,11.78706955478621,2.0,0.0,0.9565217841928124,0.6802714469642535,9.701491939674778,3.8167995197688986
ABEV,2021-11-01,stress,True,True,D-1,2.95000004768,3.04999995232,3.04999995232,3.18000006676,7.796610690256811,1,3.8167995197688986,-0.7352934088100116,-0.740740020993158,9.701491939674778,0.6802714469642535,12.97710562751908,3.0,0.0,0.8611112031088235,1.6891875562694114,9.701491939674778,3.8167995197688986
ABEV,2021-11-02,stress,True,True,D-1,3.02999997139,3.0,3.18000006676,3.16000008583,4.950498243773516,1,-0.7352934088100116,-0.740740020993158,9.701491939674778,0.6802714469642535,3.040537601690363,12.132350008784364,3.0,0.0,0.9750000149093795,0.32786854479764926,9.701491939674778,9.701491939674778
ABEV,2021-11-03,stress,True,True,D-1,3.03999996185,3.1400001049,3.16000008583,3.22000002861,5.9210549019369285,1,-0.740740020993158,9.701491939674778,0.6802714469642535,3.040537601690363,-1.6393427246438885,11.11110914897122,3.0,1.0,0.8421053622216386,1.999998092666666,9.701491939674778,9.701491939674778
ABEV,2021-11-04,stress,True,True,D-1,3.15000009537,3.1400001049,3.22000002861,3.20000004768,2.222220035576794,0,9.701491939674778,0.6802714469642535,3.040537601690363,-1.6393427246438885,4.666670163333331,17.164180100044526,4.0,0.0,0.8857144413958548,1.2738840931113327,9.701491939674778,9.701491939674778
ABEV,2021-11-05,stress,True,True,D-1,3.19000005722,3.22000002861,3.20000004768,3.25999999046,2.194355234620371,0,0.6802714469642535,3.040537601690363,-1.6393427246438885,4.666670163333331,0.0,6.80272257780552,3.0,1.0,0.8518519826474714,1.2738840931113327,4.666670163333331,3.040537601690363
ABEV,2021-11-08,stress,True,True,D-1,3.17000007629,3.15000009537,3.25999999046,3.25999999046,2.8391139433451063,0,3.040537601690363,-1.6393427246438885,4.666670163333331,0.0,2.5477681859041867,8.783783348276565,3.0,0.0,1.0,0.0,4.666670163333331,4.666670163333331
ABEV,2021-11-09,stress,True,True,D-1,3.20000004768,3.20000004768,3.25999999046,3.26999998093,2.1874978814687918,0,-1.6393427246438885,4.666670163333331,0.0,2.5477681859041867,-2.1739109508709387,3.2786932660092027,2.0,1.0,0.7200002670399996,2.222220035576794,4.666670163333331,4.666670163333331
ABEV,2021-11-10,stress,True,True,D-1,3.23000001907,3.18000006676,3.26999998093,3.23000001907,1.2383889047628438,0,4.666670163333331,0.0,2.5477681859041867,-2.1739109508709387,1.5873000252759395,6.666668255999997,3.0,0.0,0.7391307051946854,1.8749981839375263,4.666670163333331,5.287787578000969
ABEV,2021-11-11,stress,True,True,D-1,3.22000002861,3.19000005722,3.23000001907,3.19000005722,0.31055870717853207,0,0.0,2.5477681859041867,-2.1739109508709387,1.5873000252759395,-0.6249993944375198,1.2738840931113327,2.0,1.0,0.5294124247125068,2.515720818254863,2.5477681859041867,2.5477681859041867
ABEV,2021-11-12,stress,True,True,D-1,3.22000002861,3.1400001049,3.19000005722,3.18000006676,-0.9316761218461922,0,2.5477681859041867,-2.1739109508709387,1.5873000252759395,-0.6249993944375198,0.31446510220323187,1.5923551162299265,3.0,0.0,0.4285714285612222,2.507834554075794,2.5477681859041867,2.8602678831229467
ABEV,2021-11-15,stress,True,True,D-1,3.15000009537,3.1400001049,3.18000006676,3.15000009537,0.9523800152925421,0,-2.1739109508709387,1.5873000252759395,-0.6249993944375198,0.31446510220323187,-1.5673965963365344,-2.4844696583600334,2.0,1.0,0.13333471082579035,4.140123302134113,1.5873000252759395,2.8451604347178416
ABEV,2021-11-16,stress,True,True,D-1,3.1400001049,3.11999988556,3.15000009537,3.13000011444,0.31847102343707245,0,1.5873000252759395,-0.6249993944375198,0.31446510220323187,-1.5673965963365344,0.0,-0.31746000530915586,2.0,2.0,0.13333471082579035,4.140123302134113,1.5873000252759395,3.154696621612474
ABEV,2021-11-17,stress,True,True,D-1,3.13000011444,3.13000011444,3.13000011444,3.1400001049,0.3194885014178084,0,-0.6249993944375198,0.31446510220323187,-1.5673965963365344,0.0,-0.6369496392305662,-2.50000502899993,1.0,3.0,0.0,4.807695540766899,0.31446510220323187,0.9514147414337981
ABEV,2021-11-18,stress,True,True,D-1,3.11999988556,3.1099998951,3.1400001049,3.09999990463,0.641032694666599,0,0.31446510220323187,-1.5673965963365344,0.0,-0.6369496392305662,0.3205201681667713,-1.572325511645134,2.0,4.0,0.22222325241319868,4.472839021446751,0.3205201681667713,0.6329361253218257
ABEV,2021-11-19,stress,True,True,D-1,3.13000011444,3.05999994278,3.09999990463,3.05999994278,-0.9584731218250209,0,-1.5673965963365344,0.0,-0.6369496392305662,0.3205201681667713,-0.6389846200877347,-2.5078420277433344,1.0,4.0,0.19999968212020303,3.858525016642833,0.3205201681667713,0.32051252649981654
ABEV,2021-11-22,stress,True,True,D-1,3.07999992371,3.03999996185,3.05999994278,3.05999994278,-0.6493500462788626,0,0.0,-0.6369496392305662,0.3205201681667713,-0.6389846200877347,-1.6077155629097617,-2.5477757785790756,1.0,4.0,0.0,4.248369832382903,0.3205201681667713,2.5569472959825146
ABEV,2021-11-23,stress,True,True,D-1,3.03999996185,3.04999995232,3.05999994278,2.99000000954,0.657894117795621,0,-0.6369496392305662,0.3205201681667713,-0.6389846200877347,-1.6077155629097617,-0.6535941602610063,-3.184717825134742,1.0,4.0,0.0,4.605266666674646,0.3205201681667713,2.5713219563047507
ABEV,2021-11-24,stress,True,True,D-1,3.0,3.02999997139,2.99000000954,2.97000002861,-0.3333330153333258,0,0.3205201681667713,-0.6389846200877347,-1.6077155629097617,-0.6535941602610063,0.32894705906227895,-2.243587686139803,2.0,4.0,0.37499944121123646,3.2786932660092027,0.32894705906227895,0.6473172481338829
ABEV,2021-11-26,stress,True,True,D-1,2.97000002861,2.95000004768,2.97000002861,2.90000009537,0.0,0,-0.6389846200877347,-1.6077155629097617,-0.6535941602610063,0.32894705906227895,-0.6557370899231252,-3.1948926323886573,1.0,3.0,0.2666662428047142,3.630367476853058,0.32894705906227895,0.32894705873333097
ABEV,2021-11-29,stress,True,True,D-1,2.96000003815,2.90000009537,2.90000009537,2.8599998951,-2.0270250677935864,0,-1.6077155629097617,-0.6535941602610063,0.32894705906227895,-0.6557370899231252,-2.640261533510846,-5.144689801182622,1.0,4.0,0.0952379870839209,6.440679801663851,0.32894705906227895,3.607632508350045
ABEV,2021-11-30,stress,True,True,D-1,2.86999988556,2.81999993324,2.8599998951,2.84999990463,-0.3484317372385082,0,-0.6535941602610063,0.32894705906227895,-0.6557370899231252,-2.640261533510846,-1.694913610232729,-5.228753281107612,1.0,4.0,0.13043568401126662,6.896544920095371,0.32894705906227895,4.619372050728643
ABEV,2021-12-01,stress,True,True,D-1,2.81999993324,2.75,2.84999990463,2.84999990463,1.0638287978798733,0,0.32894705906227895,-0.6557370899231252,-2.640261533510846,-1.694913610232729,-2.7586261896240694,-7.2368431371992,1.0,4.0,0.07692300636094489,8.51063883764902,0.32894705906227895,4.735730528175696
ABEV,2021-12-02,stress,True,True,D-1,2.79999995232,2.80999994278,2.84999990463,2.86999988556,2.4999976582856798,0,-0.6557370899231252,-2.640261533510846,-1.694913610232729,-2.7586261896240694,-2.4822671949348063,-9.836064164256896,0.0,4.0,0.031249976707026023,11.272725192,-0.6557370899231252,5.172416911622957
ABEV,2021-12-03,stress,True,True,D-1,2.82999992371,2.81999993324,2.86999988556,2.86999988556,1.4134262518834984,0,-2.640261533510846,-1.694913610232729,-2.7586261896240694,-2.4822671949348063,2.1818161010909165,-7.26072708538924,1.0,4.0,0.27999973296000036,6.405696456417775,2.1818161010909165,0.35460959917508195
ABEV,2021-12-06,stress,True,True,D-1,2.81999993324,2.81999993324,2.86999988556,2.92000007629,3.5461044474248027,1,-1.694913610232729,-2.7586261896240694,-2.4822671949348063,2.1818161010909165,0.3558715538658275,-4.406783469113417,2.0,4.0,0.34782572637810194,5.319152444009423,2.1818161010909165,0.0
ABEV,2021-12-07,stress,True,True,D-1,2.83999991417,2.8599998951,2.92000007629,2.8599998951,2.816907202033514,0,-2.7586261896240694,-2.4822671949348063,2.1818161010909165,0.3558715538658275,0.0,-2.7586261896240694,2.0,4.0,0.4999992549066505,2.8368852490746166,2.1818161010909165,2.1818161010909165
ABEV,2021-12-08,stress,True,True,D-1,2.8900001049,2.86999988556,2.8599998951,2.84999990463,-1.0380695055731803,0,-2.4822671949348063,2.1818161010909165,0.3558715538658275,0.0,1.4184383974095605,1.4184383974095605,3.0,1.0,0.9230769231005925,0.34965002890849917,2.1818161010909165,2.1818161010909165
ABEV,2021-12-09,stress,True,True,D-1,2.84999990463,2.77999997139,2.84999990463,2.82999992371,0.0,0,2.1818161010909165,0.3558715538658275,0.0,1.4184383974095605,0.34965002890849917,4.363632202181811,4.0,0.0,0.6874989755747681,1.742166993858385,2.1818161010909165,2.1818161010909165
ABEV,2021-12-10,stress,True,True,D-1,2.81999993324,2.80999994278,2.82999992371,2.8900001049,2.4822756495449294,0,0.3558715538658275,0.0,1.4184383974095605,0.34965002890849917,-3.135885636191893,-1.0676146619533533,3.0,1.0,0.0,5.035975048229946,1.4184383974095605,4.215638629726448
ABEV,2021-12-13,stress,True,True,D-1,2.81999993324,2.79999995232,2.8900001049,2.80999994278,2.4822756495449294,0,0.0,1.4184383974095605,0.34965002890849917,-3.135885636191893,1.0791356726165713,-0.35460959917508195,3.0,2.0,0.21428534936762123,3.9145955782893704,1.4184383974095605,3.5090288215374854
ABEV,2021-12-14,stress,True,True,D-1,2.88000011444,2.82999992371,2.80999994278,2.84999990463,-1.041673910344032,0,1.4184383974095605,0.34965002890849917,-3.135885636191893,1.0791356726165713,-0.3558715538658386,-0.709219198350175,3.0,3.0,0.14285689960222153,4.2857187861939705,1.4184383974095605,1.4184383974095605
ABEV,2021-12-15,stress,True,True,D-1,2.80999994278,2.79999995232,2.84999990463,2.81999993324,1.4234862158191808,0,0.34965002890849917,-3.135885636191893,1.0791356726165713,-0.3558715538658386,1.0714275678877394,-1.048950087075129,3.0,4.0,0.35714224896984276,3.180217491384729,1.0791356726165713,1.0791356726165713
ABEV,2021-12-16,stress,True,True,D-1,2.78999996185,2.78999996185,2.81999993324,2.68000006676,1.0752678064593013,0,-3.135885636191893,1.0791356726165713,-0.3558715538658386,1.0714275678877394,-1.0600696890009642,-2.4390221613664442,2.0,1.0,0.3999993642404031,3.214291218306209,1.0791356726165713,1.0791356726165713
ABEV,2021-12-17,stress,True,True,D-1,2.79999995232,2.80999994278,2.68000006676,2.69000005722,-3.9285677490407567,0,1.0791356726165713,-0.3558715538658386,1.0714275678877394,-1.0600696890009642,-0.3571425228673375,0.35971189075227894,2.0,2.0,0.33333280348922534,3.584234566931377,1.0791356726165713,2.4925619248534203
ABEV,2021-12-20,stress,True,True,D-1,2.67000007629,2.66000008583,2.69000005722,2.73000001907,2.2471888039557797,0,-0.3558715538658386,1.0714275678877394,-1.0600696890009642,-0.3571425228673375,0.7168452044256979,0.0,2.0,3.0,0.4666659249249172,2.846980916336017,1.0714275678877394,1.0714275678877394
ABEV,2021-12-21,stress,True,True,D-1,2.66000008583,2.66000008583,2.73000001907,2.75,3.3834553107511267,1,1.0714275678877394,-1.0600696890009642,-0.3571425228673375,0.7168452044256979,-5.338073309766744,-4.999995316928485,2.0,4.0,0.14814876953721878,8.646616979270982,1.0714275678877394,5.7309213957585925
ABEV,2021-12-22,stress,True,True,D-1,2.65000009537,2.73000001907,2.75,2.75999999046,4.150939287971678,1,-1.0600696890009642,-0.3571425228673375,0.7168452044256979,-5.338073309766744,0.0,-6.007061571123218,1.0,3.0,0.17391389979766114,7.142850100349318,0.7168452044256979,6.054918514192442
ABEV,2021-12-23,stress,True,True,D-1,2.70000004768,2.74000000954,2.75999999046,2.75999999046,2.2222200637201928,0,-0.3571425228673375,0.7168452044256979,-5.338073309766744,0.0,2.63157635268112,-2.4999976586428163,2.0,4.0,0.47826141038936787,4.395600172958214,2.63157635268112,0.7168452044256979
ABEV,2021-12-27,stress,True,True,D-1,2.74000000954,2.74000000954,2.75999999046,2.73000001907,0.7299263084074692,0,0.7168452044256979,-5.338073309766744,0.0,2.63157635268112,0.3663000146574058,-1.7921130105265637,3.0,4.0,0.6000004768598867,2.9197052343598484,2.63157635268112,0.7168452044256979
ABEV,2021-12-28,stress,True,True,D-1,2.73000001907,2.73000001907,2.73000001907,2.77999997139,1.8315000721880415,0,-5.338073309766744,0.0,2.63157635268112,0.3663000146574058,0.0,-2.491100877772523,2.0,0.0,0.8571431004692069,0.7299263084074692,2.63157635268112,2.63157635268112
ABEV,2021-12-29,stress,True,True,D-1,2.72000002861,2.71000003815,2.77999997139,2.79999995232,2.9411736348724293,0,0.0,2.63157635268112,0.3663000146574058,0.0,-0.3649631545687204,2.63157635268112,2.0,1.0,0.7499999999999991,1.098900043239559,2.63157635268112,2.99653950724984
ABEV,2021-12-30,stress,True,True,D-1,2.75,2.75999999046,2.79999995232,2.72000002861,1.8181800843636298,0,2.63157635268112,0.3663000146574058,0.0,-0.3649631545687204,-0.7326000285821643,1.8796973949870566,2.0,2.0,0.5833333333888898,1.845016664432686,2.63157635268112,3.7264658156573094
ABEV,2021-12-31,stress,True,True,D-1,2.78999996185,2.79999995232,2.72000002861,2.73000001907,-2.150535612918625,0,0.3663000146574058,0.0,-0.3649631545687204,-0.7326000285821643,1.845016664432686,1.098900043239559,2.0,0.0,0.7777777777407391,0.7246369927221163,1.845016664432686,0.3663000146574058
ABEV,2022-01-03,stress,True,True,D-1,2.72000002861,2.72000002861,2.73000001907,2.71000003815,0.3676467042211806,0,0.0,-0.3649631545687204,-0.7326000285821643,1.845016664432686,1.4492739854442327,2.189778925952357,2.0,0.0,1.0,0.0,1.845016664432686,0.0
ABEV,2022-01-04,stress,True,True,D-1,2.66000008583,2.71000003815,2.71000003815,2.6400001049,1.8796973949870566,0,-0.3649631545687204,-0.7326000285821643,1.845016664432686,1.4492739854442327,-2.8571401811530173,-0.729926308772455,2.0,1.0,0.33333333330555553,2.9411736348724293,1.845016664432686,3.2942906495145974
ABEV,2022-01-05,stress,True,True,D-1,2.67000007629,2.63000011444,2.6400001049,2.63000011444,-1.123594401977901,0,-0.7326000285821643,1.845016664432686,1.4492739854442327,-2.8571401811530173,-0.3676467042211806,-0.7326000285821643,2.0,2.0,0.3571428571581631,3.321029996421654,1.845016664432686,5.059299368095893
ABEV,2022-01-06,stress,True,True,D-1,2.63000011444,2.59999990463,2.63000011444,2.6099998951,0.0,0,1.845016664432686,1.4492739854442327,-2.8571401811530173,-0.3676467042211806,-2.95202666360892,-2.95202666360892,2.0,3.0,0.05555680650570931,6.463871881473193,1.845016664432686,5.1538370035263075
ABEV,2022-01-07,stress,True,True,D-1,2.59999990463,2.58999991417,2.6099998951,2.66000008583,2.3076993615712693,0,1.4492739854442327,-2.8571401811530173,-0.3676467042211806,-2.95202666360892,-1.1406923385776202,-5.79710457909578,1.0,4.0,0.09090899235951796,7.692309808698283,1.4492739854442327,5.508319445646226
ABEV,2022-01-10,stress,True,True,D-1,2.55999994278,2.59999990463,2.66000008583,2.72000002861,6.250003492431699,1,-2.8571401811530173,-0.3676467042211806,-2.95202666360892,-1.1406923385776202,-0.384615031800295,-7.500001490214315,0.0,3.0,0.12499981375791122,5.405409634728309,-0.3676467042211806,1.5209200961771585
ABEV,2022-01-11,stress,True,True,D-1,2.59999990463,2.65000009537,2.72000002861,2.73000001907,5.000004584942452,1,-0.3676467042211806,-2.95202666360892,-1.1406923385776202,-0.384615031800295,0.3861000305555917,-4.411769217565897,1.0,4.0,0.34999958276010046,5.000004584942452,0.3861000305555917,0.0
ABEV,2022-01-12,stress,True,True,D-1,2.67000007629,2.69000005722,2.73000001907,2.75,2.9962517387325693,0,-2.95202666360892,-1.1406923385776202,-0.384615031800295,0.3861000305555917,1.9230843297709743,-2.214019997614447,2.0,4.0,0.6666671081850202,2.2641487026672236,1.9230843297709743,0.0
ABEV,2022-01-13,stress,True,True,D-1,2.70000004768,2.72000002861,2.75,2.65000009537,1.8518500532236137,0,-1.1406923385776202,-0.384615031800295,0.3861000305555917,1.9230843297709743,1.5094324683190274,2.281366546357555,3.0,0.0,0.8421054612880283,1.115240548396268,1.9230843297709743,0.3861000305555917
ABEV,2022-01-14,stress,True,True,D-1,2.71000003815,2.75,2.65000009537,2.68000006676,-1.107009998807229,0,-0.384615031800295,0.3861000305555917,1.9230843297709743,1.5094324683190274,1.115240548396268,4.61538955314218,4.0,0.0,0.9500000596199862,0.3676467042211806,1.9230843297709743,1.9230843297709743
ABEV,2022-01-18,stress,True,True,D-1,2.6400001049,2.6099998951,2.68000006676,2.71000003815,2.651512517748622,0,0.3861000305555917,1.9230843297709743,1.5094324683190274,1.115240548396268,1.1029401130312033,6.177609696225583,5.0,0.0,1.0,0.0,1.9230843297709743,1.9230843297709743
ABEV,2022-01-19,stress,True,True,D-1,2.66000008583,2.65000009537,2.71000003815,2.75,3.3834553107511267,1,1.9230843297709743,1.5094324683190274,1.115240548396268,1.1029401130312033,-5.090912905454548,0.38461503218489845,4.0,1.0,0.22222192791368944,5.363988909073725,1.9230843297709743,5.967206842748052
ABEV,2022-01-20,stress,True,True,D-1,2.69000005722,2.65000009537,2.75,2.70000004768,2.230481096792536,0,1.5094324683190274,1.115240548396268,1.1029401130312033,-5.090912905454548,1.5325747845850834,0.0,4.0,2.0,0.33333439299932416,3.773581170986251,1.5325747845850834,5.145792636682667
ABEV,2022-01-21,stress,True,True,D-1,2.67000007629,2.67000007629,2.70000004768,2.78999996185,4.494377607911582,1,1.115240548396268,1.1029401130312033,-5.090912905454548,1.5325747845850834,0.0,-1.4869873977377601,3.0,3.0,0.33333439299932416,3.773581170986251,1.5325747845850834,1.115240548396268
ABEV,2022-01-24,stress,True,True,D-1,2.68000006676,2.69000005722,2.78999996185,2.82999992371,5.597009448262558,1,1.1029401130312033,-5.090912905454548,1.5325747845850834,0.0,0.7547162339708535,-1.838233521841226,3.0,4.0,0.4666675143594605,2.9962517387325693,1.5325747845850834,1.5325747845850834
ABEV,2022-01-25,stress,True,True,D-1,2.67000007629,2.78999996185,2.82999992371,2.86999988556,7.490629346644151,1,-5.090912905454548,1.5325747845850834,0.0,0.7547162339708535,0.7490629347767674,-2.1818161010909165,3.0,1.0,0.6000006357862606,2.230481096792536,1.5325747845850834,1.5325747845850834
ABEV,2022-01-26,stress,True,True,D-1,2.79999995232,2.75,2.86999988556,2.81999993324,2.4999976582856798,0,1.5325747845850834,0.0,0.7547162339708535,0.7490629347767674,3.717468494530296,6.896554558792545,4.0,0.0,1.0,0.0,3.717468494530296,1.5325747845850834
ABEV,2022-01-27,stress,True,True,D-1,2.77999997139,2.82999992371,2.81999993324,2.84999990463,2.5179832359854437,0,0.0,0.7547162339708535,0.7490629347767674,3.717468494530296,-1.433690408492938,3.773581170986251,3.0,0.0,0.5789473684182828,2.909088134909088,3.717468494530296,0.7547162339708535
ABEV,2022-01-28,stress,True,True,D-1,2.81999993324,2.76999998093,2.84999990463,2.8599998951,1.4184383974095605,0,0.7547162339708535,0.7490629347767674,3.717468494530296,-1.433690408492938,2.909088134909088,6.792446108001671,4.0,0.0,0.8260869565387524,1.4134262518834984,3.717468494530296,3.717468494530296
ABEV,2022-01-31,stress,True,True,D-1,2.76999998093,2.82999992371,2.8599998951,2.79999995232,3.2490943967365293,1,0.7490629347767674,3.717468494530296,-1.433690408492938,2.909088134909088,-2.120139378001906,3.745314673509359,3.0,1.0,0.5652173913251429,3.6101048851424844,3.717468494530296,3.717468494530296
ABEV,2022-02-01,stress,True,True,D-1,2.83999991417,2.81999993324,2.79999995232,2.75999999046,-1.4084494034814155,0,3.717468494530296,-1.433690408492938,2.909088134909088,-2.120139378001906,2.1660629311576862,5.204455892639803,3.0,2.0,0.8095238095396825,1.4134262518834984,3.717468494530296,3.717468494530296
ABEV,2022-02-02,stress,True,True,D-1,2.79999995232,2.75999999046,2.75999999046,2.73000001907,-1.428570090755077,0,-1.433690408492938,2.909088134909088,-2.120139378001906,2.1660629311576862,-0.3533565632358848,1.0752678064593013,2.0,3.0,0.6666666666444454,1.7730479965846424,2.909088134909088,2.909088134909088
ABEV,2022-02-03,stress,True,True,D-1,2.75,2.71000003815,2.73000001907,2.74000000954,-0.36363601672726453,0,2.909088134909088,-2.120139378001906,2.1660629311576862,-0.3533565632358848,-2.1276575957597355,0.36363601672726453,2.0,4.0,0.312499999964843,3.9855034594281635,2.909088134909088,5.382584076146902
ABEV,2022-02-04,stress,True,True,D-1,2.68000006676,2.71000003815,2.74000000954,2.73000001907,2.238803779305032,0,-2.120139378001906,2.1660629311576862,-0.3533565632358848,-2.1276575957597355,-1.8115924812618034,-4.240278756003835,1.0,2.0,0.0,5.535049994036112,2.1660629311576862,6.066768523147448
ABEV,2022-02-07,stress,True,True,D-1,2.70000004768,2.72000002861,2.73000001907,2.80999994278,4.074070116943829,1,2.1660629311576862,-0.3533565632358848,-2.1276575957597355,-1.8115924812618034,0.0,-2.1660629311577084,1.0,3.0,0.21052631581717443,5.535049994036112,2.1660629311576862,3.9776554124194896
ABEV,2022-02-08,stress,True,True,D-1,2.69000005722,2.71000003815,2.80999994278,2.83999991417,5.576202741981295,1,-0.3533565632358848,-2.1276575957597355,-1.8115924812618034,0.0,0.369003332812734,-3.8869221931213116,1.0,4.0,0.2631578947451516,5.147053860934858,0.369003332812734,0.0
ABEV,2022-02-09,stress,True,True,D-1,2.73000001907,2.77999997139,2.83999991417,2.92000007629,6.959709007061665,1,-2.1276575957597355,-1.8115924812618034,0.0,0.369003332812734,-0.3676467042211806,-3.9007055919897615,1.0,4.0,0.307692307727811,3.321029996421654,0.369003332812734,0.0
ABEV,2022-02-10,stress,True,True,D-1,2.78999996185,2.80999994278,2.92000007629,2.90000009537,4.659502373390678,1,-1.8115924812618034,0.0,0.369003332812734,-0.3676467042211806,2.583023330427192,0.7246369927221163,2.0,0.0,0.7857142857193873,1.0791356726165713,2.583023330427192,0.369003332812734
ABEV,2022-02-11,stress,True,True,D-1,2.84999990463,2.84999990463,2.90000009537,3.02999997139,6.3157920274866886,1,0.0,0.369003332812734,-0.3676467042211806,2.583023330427192,1.0791356726165713,3.69003332923441,3.0,0.0,0.823529411768168,1.067614661953331,2.583023330427192,0.369003332812734
ABEV,2022-02-14,stress,True,True,D-1,2.86999988556,2.90000009537,3.02999997139,2.94000005722,5.574916104875749,1,0.369003332812734,-0.3676467042211806,2.583023330427192,1.0791356726165713,1.4234862158191808,5.166046660854362,4.0,0.0,0.6956514527996828,2.456146456225494,2.583023330427192,2.583023330427192
ABEV,2022-02-15,stress,True,True,D-1,2.97000002861,2.95000004768,2.94000005722,2.8900001049,-1.01010003707106,0,-0.3676467042211806,2.583023330427192,1.0791356726165713,1.4234862158191808,1.754392716251374,6.617649443628326,4.0,1.0,0.9130435684272128,0.6896544918026493,2.583023330427192,2.583023330427192
ABEV,2022-02-16,stress,True,True,D-1,2.93000006676,2.94000005722,2.8900001049,2.90000009537,-1.0238897852031137,0,2.583023330427192,1.0791356726165713,1.4234862158191808,1.754392716251374,1.7241362298514362,8.856088787874627,5.0,0.0,0.750000186250039,2.7118617768469244,2.583023330427192,2.583023330427192
ABEV,2022-02-17,stress,True,True,D-1,2.88000011444,2.8599998951,2.90000009537,2.93000006676,1.7361093865693178,0,1.0791356726165713,1.4234862158191808,1.754392716251374,1.7241362298514362,-0.33898272197875334,5.755398830094216,4.0,1.0,0.6400003433199988,3.061221510828882,1.754392716251374,1.754392716251374
ABEV,2022-02-18,stress,True,True,D-1,2.88000011444,2.88000011444,2.93000006676,3.02999997139,5.208328159360742,1,1.4234862158191808,1.754392716251374,1.7241362298514362,-0.33898272197875334,-2.721093896700333,1.779357770040857,3.0,2.0,0.14999982119004304,5.944058829556553,1.754392716251374,4.805245296771831
ABEV,2022-02-22,stress,True,True,D-1,2.90000009537,2.8900001049,3.02999997139,2.8900001049,4.4827541980964725,1,1.754392716251374,1.7241362298514362,-0.33898272197875334,-2.721093896700333,0.6993083941809308,1.0526389759263788,3.0,3.0,0.250000894049787,5.208328159360742,1.754392716251374,3.795207056803951
ABEV,2022-02-23,stress,True,True,D-1,3.00999999046,2.96000003815,2.8900001049,2.97000002861,-1.3289023912550602,0,1.7241362298514362,-0.33898272197875334,-2.721093896700333,0.6993083941809308,0.34722187717497466,-0.3448272462461377,3.0,4.0,0.26315881932659135,4.844285861880415,1.7241362298514362,1.7241362298514362
ABEV,2022-02-24,stress,True,True,D-1,2.77999997139,2.88000011444,2.97000002861,2.93000006676,6.834534502710787,1,-0.33898272197875334,-2.721093896700333,0.6993083941809308,0.34722187717497466,2.4221429311132248,0.33898272231771553,3.0,0.0,0.6315794096896115,2.3648625789798983,2.4221429311132248,0.6993083941809308
ABEV,2022-02-25,stress,True,True,D-1,2.8900001049,2.96000003815,2.93000006676,2.94000005722,1.73010209360287,0,-2.721093896700333,0.6993083941809308,0.34722187717497466,2.4221429311132248,-2.702700090504051,-2.040814340552577,3.0,1.0,0.46428617044009757,5.208328159360742,2.4221429311132248,1.045328812763091
ABEV,2022-02-28,stress,True,True,D-1,2.92000007629,2.93000006676,2.94000005722,2.8900001049,0.6849308358721329,0,0.6993083941809308,0.34722187717497466,2.4221429311132248,-2.702700090504051,2.777775018441475,3.4965086264978185,4.0,2.0,0.7500002128839501,2.3648625789798983,2.777775018441475,2.4221429311132248
ABEV,2022-03-01,stress,True,True,D-1,2.91000008583,2.81999993324,2.8900001049,2.84999990463,-0.6872845477698952,0,0.34722187717497466,2.4221429311132248,-2.702700090504051,2.777775018441475,-1.0135125338967876,1.7361093865693178,3.0,3.0,0.6428574469719693,3.412965950563285,2.777775018441475,2.4221429311132248
ABEV,2022-03-02,stress,True,True,D-1,2.83999991417,2.84999990463,2.84999990463,2.77999997139,0.35211235078234093,0,2.4221429311132248,-2.702700090504051,2.777775018441475,-1.0135125338967876,-3.7542706830596795,-2.422151180593879,2.0,4.0,0.2499997871160499,7.446810039769169,2.777775018441475,7.507508231468729
ABEV,2022-03-03,stress,True,True,D-1,2.82999992371,2.81999993324,2.77999997139,2.71000003815,-1.7667828151193832,0,-2.702700090504051,2.777775018441475,-1.0135125338967876,-3.7542706830596795,1.0638287978798733,-3.7162206791304553,2.0,3.0,0.45454496193394944,4.210530806862556,2.777775018441475,5.5081559162980405
ABEV,2022-03-04,stress,True,True,D-1,2.74000000954,2.73000001907,2.71000003815,2.70000004768,-1.0948894629761896,0,2.777775018441475,-1.0135125338967876,-3.7542706830596795,1.0638287978798733,-1.0526306103120664,-2.0833395422161893,2.0,4.0,0.21052605159841767,5.319152444009423,2.777775018441475,2.777775018441475
ABEV,2022-03-07,stress,True,True,D-1,2.70000004768,2.61999988556,2.70000004768,2.78999996185,3.3333300955803002,1,-1.0135125338967876,-3.7542706830596795,1.0638287978798733,-1.0526306103120664,-3.1914863936395976,-7.7702708147176285,1.0,3.0,0.08695643157278539,7.692309036010125,1.0638287978798733,5.274351239128139
ABEV,2022-03-08,stress,True,True,D-1,2.65000009537,2.6400001049,2.78999996185,2.67000007629,5.2830136393052785,1,-3.7542706830596795,1.0638287978798733,-1.0526306103120664,-3.1914863936395976,-4.029308891634087,-10.580210721387417,1.0,4.0,0.03030298650690825,12.21374754341269,1.0638287978798733,8.156029238119345
ABEV,2022-03-09,stress,True,True,D-1,2.73000001907,2.76999998093,2.67000007629,2.68000006676,-1.8315000718217123,0,1.0638287978798733,-1.0526306103120664,-3.1914863936395976,-4.029308891634087,0.7633671837250944,-6.382972787279173,2.0,4.0,0.10714352614745741,9.469696593420007,1.0638287978798733,4.360528927598528
ABEV,2022-03-10,stress,True,True,D-1,2.65000009537,2.67000007629,2.68000006676,2.65000009537,1.1320743513336229,0,-1.0526306103120664,-3.1914863936395976,-4.029308891634087,0.7633671837250944,4.924237532745268,-2.807014960598253,2.0,4.0,0.6666669978194315,2.8880839079695964,4.924237532745268,0.0
ABEV,2022-03-11,stress,True,True,D-1,2.67000007629,2.59999990463,2.65000009537,2.66000008583,-0.3745314672011224,0,-3.1914863936395976,-4.029308891634087,0.7633671837250944,4.924237532745268,-3.6101048855035067,-5.319143989399311,2.0,1.0,0.33333421633300575,4.494377607911582,4.924237532745268,0.7633671837250944
ABEV,2022-03-14,stress,True,True,D-1,2.6099998951,2.61999988556,2.66000008583,2.71000003815,3.8314232593549047,1,-4.029308891634087,0.7633671837250944,4.924237532745268,-3.6101048855035067,-2.6217292007446713,-4.761908920582547,2.0,2.0,0.04999994038001583,7.307694776513385,4.924237532745268,11.061424445032685
ABEV,2022-03-15,stress,True,True,D-1,2.61999988556,2.61999988556,2.71000003815,2.78999996185,6.488552813568704,1,0.7633671837250944,4.924237532745268,-3.6101048855035067,-2.6217292007446713,0.7692300639851712,0.0,3.0,3.0,0.1904759742154587,6.488552813568704,4.924237532745268,6.796903798713172
ABEV,2022-03-16,stress,True,True,D-1,2.6400001049,2.70000004768,2.78999996185,2.83999991417,7.575750050115082,1,4.924237532745268,-3.6101048855035067,-2.6217292007446713,0.7692300639851712,0.0,-0.7575840358066022,2.0,4.0,0.1904759742154587,6.488552813568704,4.924237532745268,4.924237532745268
ABEV,2022-03-17,stress,True,True,D-1,2.72000002861,2.76999998093,2.83999991417,2.8900001049,6.250002739039484,1,-3.6101048855035067,-2.6217292007446713,0.7692300639851712,0.0,3.0534414356625295,-2.5270734199246525,2.0,0.0,0.9230770641004684,0.37037001086694943,3.0534414356625295,0.7692300639851712
ABEV,2022-03-18,stress,True,True,D-1,2.75,2.83999991417,2.8900001049,2.94000005722,6.909092989818166,1,-2.6217292007446713,0.7692300639851712,0.0,3.0534414356625295,2.5925900745871644,3.745314673509359,3.0,0.0,0.9047620129160813,0.7220209768118879,3.0534414356625295,0.7692300639851712
ABEV,2022-03-21,stress,True,True,D-1,2.8599998951,2.8599998951,2.94000005722,2.94000005722,2.7972085683311665,0,0.7692300639851712,0.0,3.0534414356625295,2.5925900745871644,2.527073419563619,9.230769936284045,4.0,0.0,1.0,0.0,3.0534414356625295,3.0534414356625295
ABEV,2022-03-22,stress,True,True,D-1,2.90000009537,2.90000009537,2.94000005722,2.98000001907,2.758617967900201,0,0.0,3.0534414356625295,2.5925900745871644,2.527073419563619,0.704224701916778,9.16030610775016,4.0,0.0,0.899999364243738,1.0489584230894078,3.0534414356625295,3.0534414356625295
ABEV,2022-03-23,stress,True,True,D-1,2.8900001049,2.92000007629,2.98000001907,3.0,3.8062246057879,1,3.0534414356625295,2.5925900745871644,2.527073419563619,0.704224701916778,1.3986084523475606,10.687031375581624,5.0,0.0,0.8709678411831608,1.3793089839501116,3.0534414356625295,3.0534414356625295
ABEV,2022-03-24,stress,True,True,D-1,2.92000007629,2.92000007629,3.0,3.07999992371,5.479446686292122,1,2.5925900745871644,2.527073419563619,0.704224701916778,1.3986084523475606,0.6896544918026493,8.1481490638875,5.0,1.0,0.9200000762800009,0.6849308358721329,2.5925900745871644,2.5925900745871644
ABEV,2022-03-25,stress,True,True,D-1,2.93000006676,3.0,3.07999992371,3.19000005722,8.873719608733953,1,2.527073419563619,0.704224701916778,1.3986084523475606,0.6896544918026493,0.0,5.4151659347535075,4.0,0.0,0.7391307051946854,2.054792507273917,2.527073419563619,2.527073419563619
ABEV,2022-03-28,stress,True,True,D-1,3.0,3.05999994278,3.19000005722,3.18000006676,6.33333524066666,1,0.704224701916778,1.3986084523475606,0.6896544918026493,0.0,2.739723343146072,5.633806009348441,4.0,0.0,1.0,0.0,2.739723343146072,1.3986084523475606
ABEV,2022-03-29,stress,True,True,D-1,3.16000008583,3.18000006676,3.18000006676,3.25999999046,3.1645538580336474,1,1.3986084523475606,0.6896544918026493,0.0,2.739723343146072,1.999998092666666,6.993008916631704,4.0,0.0,0.9090910075950295,0.653594160260984,2.739723343146072,1.3986084523475606
ABEV,2022-03-30,stress,True,True,D-1,3.16000008583,3.1400001049,3.25999999046,3.28999996185,4.113920015475392,1,0.6896544918026493,0.0,2.739723343146072,1.999998092666666,3.921572752415803,9.65517110971943,4.0,0.0,0.9696970134930918,0.31446510220323187,3.921572752415803,2.739723343146072
ABEV,2022-03-31,stress,True,True,D-1,3.17000007629,3.23000001907,3.28999996185,3.30999994278,4.416399467530874,1,0.0,2.739723343146072,1.999998092666666,3.921572752415803,-1.2578604094419021,7.534247358291868,3.0,1.0,0.8275863486290321,1.5923551162299265,3.921572752415803,2.739723343146072
ABEV,2022-04-01,stress,True,True,D-1,3.25,3.28999996185,3.30999994278,3.27999997139,1.846152085538466,0,2.739723343146072,1.999998092666666,3.921572752415803,-1.2578604094419021,2.8662392090227584,10.616436119202755,4.0,0.0,0.9142857726726686,0.9287916784173289,3.921572752415803,3.921572752415803
ABEV,2022-04-04,stress,True,True,D-1,3.29999995232,3.27999997139,3.27999997139,3.18000006676,-0.6060600369384606,0,1.999998092666666,3.921572752415803,-1.2578604094419021,2.8662392090227584,1.8575833568346356,9.666665395000006,4.0,0.0,1.0,0.0,3.921572752415803,3.921572752415803
ABEV,2022-04-05,stress,True,True,D-1,3.25,3.20000004768,3.18000006676,3.16000008583,-2.1538440996923147,0,3.921572752415803,-1.2578604094419021,2.8662392090227584,1.8575833568346356,-0.3039510813360846,7.189543553067224,3.0,0.0,0.8333333333333329,0.9146332820633152,3.921572752415803,3.921572752415803
ABEV,2022-04-06,stress,True,True,D-1,3.17000007629,3.1400001049,3.16000008583,3.1400001049,-0.31545710471097,0,-1.2578604094419021,2.8662392090227584,1.8575833568346356,-0.3039510813360846,-2.4390220856037814,0.628930204406486,2.0,1.0,0.3888888888703705,3.4374966706562926,2.8662392090227584,5.601798941959412
ABEV,2022-04-07,stress,True,True,D-1,3.11999988556,3.1400001049,3.1400001049,3.25,4.166670487446722,1,2.8662392090227584,1.8575833568346356,-0.3039510813360846,-2.4390220856037814,-1.8749981839375374,0.0,2.0,2.0,0.10526428061461998,5.414007394926967,2.8662392090227584,7.13452785875317
ABEV,2022-04-08,stress,True,True,D-1,3.1400001049,3.11999988556,3.25,3.31999993324,5.732478418045561,1,1.8575833568346356,-0.3039510813360846,-2.4390220856037814,-1.8749981839375374,0.0,-2.7863750352519534,1.0,3.0,0.15000101323975756,5.414007394926967,1.8575833568346356,3.732581540772173
ABEV,2022-04-11,stress,True,True,D-1,3.16000008583,3.24000000954,3.31999993324,3.16000008583,5.063286172917136,1,-0.3039510813360846,-2.4390220856037814,-1.8749981839375374,0.0,-0.6369496392305662,-5.167175631041864,0.0,4.0,0.20833312638542426,6.089745647086708,0.0,0.6369496392305662
ABEV,2022-04-12,stress,True,True,D-1,3.30999994278,3.21000003815,3.16000008583,3.09999990463,-4.531717810968249,0,-2.4390220856037814,-1.8749981839375374,0.0,-0.6369496392305662,3.8461579609468943,-1.219511042649457,1.0,4.0,0.8095240257936116,1.2345667201303145,3.8461579609468943,0.0
ABEV,2022-04-13,stress,True,True,D-1,3.13000011444,3.1400001049,3.09999990463,3.1400001049,0.3194885014178084,0,-1.8749981839375374,0.0,-0.6369496392305662,3.8461579609468943,-0.925925040174902,0.3124996975312433,1.0,0.0,0.5600004196399997,3.4267879683077984,3.8461579609468943,0.0
ABEV,2022-04-14,stress,True,True,D-1,3.09999990463,3.09999990463,3.1400001049,3.13000011444,1.2903290806640877,0,0.0,-0.6369496392305662,3.8461579609468943,-0.925925040174902,-2.1806832528993625,0.0,1.0,1.0,0.28000068663999933,5.732478418045561,3.8461579609468943,6.9325747617356654
ABEV,2022-04-18,stress,True,True,D-1,3.1099998951,3.1099998951,3.13000011444,3.22000002861,3.536981904189518,1,-0.6369496392305662,3.8461579609468943,-0.925925040174902,-2.1806832528993625,-1.2738916857862215,-1.2738916857862215,1.0,2.0,0.1851850216419648,7.0967753347804585,3.8461579609468943,7.2729533569804605
ABEV,2022-04-19,stress,True,True,D-1,3.1099998951,3.13000011444,3.22000002861,3.23000001907,3.858525016642833,1,3.8461579609468943,-0.925925040174902,-2.1806832528993625,-1.2738916857862215,0.3225803476659683,-0.32051252649981654,2.0,3.0,0.22222202599998672,6.7524130296874985,3.8461579609468943,4.801578623296054
ABEV,2022-04-20,stress,True,True,D-1,3.1400001049,3.18000006676,3.23000001907,3.09999990463,2.8662392090227584,0,-0.925925040174902,-2.1806832528993625,-1.2738916857862215,0.3225803476659683,0.6430938911448747,-3.395058480744184,2.0,4.0,0.29629691767905664,6.07028152885527,0.6430938911448747,0.0
ABEV,2022-04-21,stress,True,True,D-1,3.19000005722,3.1099998951,3.09999990463,3.07999992371,-2.8213213471987353,0,-2.1806832528993625,-1.2738916857862215,0.3225803476659683,0.6430938911448747,1.5974425077279975,-0.9345785368678583,3.0,0.0,0.7647062123562534,1.2578604091274315,1.5974425077279975,0.3225803476659683
ABEV,2022-04-22,stress,True,True,D-1,3.08999991417,3.01999998093,3.07999992371,3.00999999046,-0.3236242957206037,0,-1.2738916857862215,0.3225803476659683,0.6430938911448747,1.5974425077279975,-2.2012632135357424,-0.9554206623491601,3.0,0.0,0.33333289183349835,3.858525016642833,1.5974425077279975,1.2820785112326094
ABEV,2022-04-25,stress,True,True,D-1,3.02999997139,3.05999994278,3.00999999046,2.95000004768,-0.6600653834602288,0,0.3225803476659683,0.6430938911448747,1.5974425077279975,-2.2012632135357424,-2.893888013044643,-2.580642779392228,3.0,1.0,0.04545449622521454,6.953643690929123,1.5974425077279975,6.628891642036305
ABEV,2022-04-26,stress,True,True,D-1,3.00999999046,2.92000007629,2.95000004768,2.97000002861,-1.3289023912550602,0,0.6430938911448747,1.5974425077279975,-2.2012632135357424,-2.893888013044643,1.3245020563769083,-1.6077155629097617,3.0,2.0,0.26086929480531657,5.555558152578111,1.5974425077279975,3.205158070637759
ABEV,2022-04-27,stress,True,True,D-1,2.91000008583,2.92000007629,2.97000002861,3.01999998093,3.780065012218903,1,1.5974425077279975,-2.2012632135357424,-2.893888013044643,1.3245020563769083,-4.575159121173411,-6.709266149262483,2.0,3.0,0.0,10.616436119202755,1.5974425077279975,4.90869764916696
ABEV,2022-04-28,stress,True,True,D-1,2.90000009537,2.95000004768,3.01999998093,2.8900001049,4.137926952195148,1,-2.2012632135357424,-2.893888013044643,1.3245020563769083,-4.575159121173411,0.0,-8.176100157598597,1.0,4.0,0.0882352322447944,10.616436119202755,1.3245020563769083,5.899661177550319
ABEV,2022-04-29,stress,True,True,D-1,2.98000001907,2.91000008583,2.8900001049,2.88000011444,-3.0201313286597586,0,-2.893888013044643,1.3245020563769083,-4.575159121173411,0.0,1.0273962536369696,-5.144689801182622,2.0,4.0,0.3478267629867118,5.084740831376133,1.3245020563769083,1.3245020563769083
ABEV,2022-05-02,stress,True,True,D-1,2.86999988556,2.81999993324,2.88000011444,2.90000009537,1.0453035193813687,0,1.3245020563769083,-4.575159121173411,0.0,1.0273962536369696,-1.3559308882539756,-3.6423806554503946,2.0,4.0,0.1904771095395164,5.841918655184908,1.3245020563769083,1.666967474141734
ABEV,2022-05-03,stress,True,True,D-1,2.86999988556,2.82999992371,2.90000009537,2.78999996185,1.0453035193813687,0,-4.575159121173411,0.0,1.0273962536369696,-1.3559308882539756,-3.092788657575929,-7.843137713328218,1.0,1.0,0.16666650108333977,7.0922004405940875,1.0273962536369696,5.434179722750387
ABEV,2022-05-04,stress,True,True,D-1,2.77999997139,2.8900001049,2.78999996185,2.71000003815,0.35971189075227894,0,0.0,1.0273962536369696,-1.3559308882539756,-3.092788657575929,0.3546095995296872,-3.0821969256367154,2.0,2.0,0.20833312638542426,6.713783121623518,1.0273962536369696,3.776542637156144
ABEV,2022-05-05,stress,True,True,D-1,2.76999998093,2.71000003815,2.71000003815,2.67000007629,-2.1660629311577084,0,1.0273962536369696,-1.3559308882539756,-3.092788657575929,0.3546095995296872,2.120147802383765,-1.0273962536369696,3.0,3.0,0.5000004584807856,4.498265443298255,2.120147802383765,1.0273962536369696
ABEV,2022-05-06,stress,True,True,D-1,2.65000009537,2.61999988556,2.67000007629,2.69000005722,1.5094324683190274,0,-1.3559308882539756,-3.092788657575929,0.3546095995296872,2.120147802383765,-6.228375786035767,-8.13559341189658,2.0,4.0,0.1142856364522236,11.439112118670813,2.120147802383765,4.594888355533522
ABEV,2022-05-09,stress,True,True,D-1,2.59999990463,2.6099998951,2.69000005722,2.75999999046,6.153849680727919,1,-3.092788657575929,0.3546095995296872,2.120147802383765,-6.228375786035767,-3.3210387942075204,-9.965642327027124,2.0,2.0,0.0,10.687031375581624,2.120147802383765,11.462715606523776
ABEV,2022-05-10,stress,True,True,D-1,2.67000007629,2.6400001049,2.75999999046,2.79999995232,4.868909075487227,1,0.3546095995296872,2.120147802383765,-6.228375786035767,-3.3210387942075204,-0.38167904186233725,-7.446810039414553,2.0,3.0,0.06451602980546974,11.111119230864519,2.120147802383765,5.81018992940402
ABEV,2022-05-11,stress,True,True,D-1,2.65000009537,2.66000008583,2.79999995232,2.88000011444,8.67924569028693,1,2.120147802383765,-6.228375786035767,-3.3210387942075204,-0.38167904186233725,1.1494333718680139,-6.713774697241648,2.0,4.0,0.1612908435616104,9.848484096171983,2.120147802383765,2.120147802383765
ABEV,2022-05-12,stress,True,True,D-1,2.66000008583,2.77999997139,2.88000011444,2.92000007629,9.774435416188055,1,-6.228375786035767,-3.3210387942075204,-0.38167904186233725,1.1494333718680139,0.757575005125144,-7.958477879638637,2.0,4.0,0.35000077485981645,4.887213226515219,1.1494333718680139,0.0
ABEV,2022-05-13,stress,True,True,D-1,2.79999995232,2.8599998951,2.92000007629,2.99000000954,6.785716444836787,1,-3.3210387942075204,-0.38167904186233725,1.1494333718680139,0.757575005125144,4.511273747668176,2.583023330427192,3.0,0.0,0.9047620128729973,0.7194237818642701,4.511273747668176,1.1494333718680139
ABEV,2022-05-16,stress,True,True,D-1,2.83999991417,2.8900001049,2.99000000954,2.94000005722,5.281693658566122,1,-0.38167904186233725,1.1494333718680139,0.757575005125144,4.511273747668176,2.877695127097435,9.16030610775016,4.0,0.0,0.9310337740409177,0.6993083941809308,4.511273747668176,1.1494333718680139
ABEV,2022-05-17,stress,True,True,D-1,2.94000005722,2.94000005722,2.94000005722,2.8599998951,0.0,0,1.1494333718680139,0.757575005125144,4.511273747668176,2.877695127097435,1.0489584230894078,10.72797781814745,5.0,0.0,0.9032259553048034,1.038061256092515,4.511273747668176,4.511273747668176
ABEV,2022-05-18,stress,True,True,D-1,2.91000008583,2.79999995232,2.8599998951,2.8599998951,-1.7182195620361607,0,0.757575005125144,4.511273747668176,2.877695127097435,1.0489584230894078,1.73010209360287,11.363634106043463,5.0,0.0,0.8611112030849025,1.7006786172405475,4.511273747668176,4.511273747668176
ABEV,2022-05-19,stress,True,True,D-1,2.83999991417,2.81999993324,2.8599998951,2.90000009537,2.1126825004688543,0,4.511273747668176,2.877695127097435,1.0489584230894078,1.73010209360287,-4.761908237252932,5.263152705738183,4.0,1.0,0.44117616122397013,6.785716444836787,4.511273747668176,7.625465765426398
ABEV,2022-05-20,stress,True,True,D-1,2.82999992371,2.81999993324,2.90000009537,2.90000009537,2.473504365619661,0,2.877695127097435,1.0489584230894078,1.73010209360287,-4.761908237252932,0.7142850450204019,1.4388475633688502,4.0,2.0,0.19047597420638843,6.028371642714214,2.877695127097435,6.959331917726252
ABEV,2022-05-23,stress,True,True,D-1,2.84999990463,2.90000009537,2.90000009537,2.90000009537,1.754392716251374,0,1.0489584230894078,1.73010209360287,-4.761908237252932,0.7142850450204019,0.0,-1.3986001163332706,3.0,3.0,0.14999982118254304,6.028371642714214,1.73010209360287,1.73010209360287
ABEV,2022-05-24,stress,True,True,D-1,2.86999988556,2.8900001049,2.90000009537,2.97000002861,3.484325680747813,1,1.73010209360287,-4.761908237252932,0.7142850450204019,0.0,2.8368852490746166,0.34602041892817237,3.0,4.0,0.5500005364523708,3.103445214146361,2.8368852490746166,1.73010209360287
ABEV,2022-05-25,stress,True,True,D-1,2.84999990463,2.86999988556,2.97000002861,3.0,5.263161417174622,1,-4.761908237252932,0.7142850450204019,0.0,2.8368852490746166,-0.3448272462461377,-1.7006786172405253,2.0,4.0,0.6666671964663302,1.73010209360287,2.8368852490746166,0.7142850450204019
ABEV,2022-05-26,stress,True,True,D-1,2.88000011444,2.94000005722,3.0,2.99000000954,4.166662527488585,1,0.7142850450204019,0.0,2.8368852490746166,-0.3448272462461377,-0.6920490869910201,2.4999976582856798,2.0,2.0,0.7272711509523275,1.0453035193813687,2.8368852490746166,3.8713752085024367
ABEV,2022-05-27,stress,True,True,D-1,2.94000005722,2.96000003815,2.99000000954,2.95000004768,1.7006786172405475,0,0.0,2.8368852490746166,-0.3448272462461377,-0.6920490869910201,2.4390304686838338,4.255323646129572,2.0,0.0,0.8333335540925101,1.020407170276294,2.8368852490746166,2.8368852490746166
ABEV,2022-05-31,stress,True,True,D-1,2.97000002861,2.96000003815,2.95000004768,2.94000005722,-0.673400024826265,0,2.8368852490746166,-0.3448272462461377,-0.6920490869910201,2.4390304686838338,0.6802714469642535,4.964542844834341,3.0,0.0,0.7647062123562534,1.3513500450831106,2.8368852490746166,2.8368852490746166
ABEV,2022-06-01,stress,True,True,D-1,2.95000004768,2.93000006676,2.94000005722,2.95000004768,0.0,0,-0.3448272462461377,-0.6920490869910201,2.4390304686838338,0.6802714469642535,0.0,2.068963476097574,2.0,1.0,0.7647062123562534,1.3513500450831106,2.4390304686838338,2.4390304686838338
ABEV,2022-06-02,stress,True,True,D-1,2.91000008583,2.93000006676,2.95000004768,2.93000006676,1.374569095196132,0,-0.6920490869910201,2.4390304686838338,0.6802714469642535,0.0,-1.0135125338967876,1.3840816750207097,2.0,2.0,0.5882358716087369,2.389076165360171,2.4390304686838338,3.4525430025806214
ABEV,2022-06-03,stress,True,True,D-1,2.92000007629,2.8900001049,2.93000006676,2.80999994278,0.34246541810729614,0,2.4390304686838338,0.6802714469642535,0.0,-1.0135125338967876,0.0,2.0905987314453256,2.0,3.0,0.500000851499361,2.389076165360171,2.4390304686838338,3.4525430025806214
ABEV,2022-06-06,stress,True,True,D-1,2.92000007629,2.88000011444,2.80999994278,2.81999993324,-3.4246623437440116,0,0.6802714469642535,0.0,-1.0135125338967876,0.0,-1.365186380498351,-1.7006786172405253,1.0,4.0,0.21428705229491482,3.8062246057879,0.6802714469642535,2.0454578274626045
ABEV,2022-06-07,stress,True,True,D-1,2.80999994278,2.78999996185,2.81999993324,2.77999997139,0.3558715538658275,0,0.0,-1.0135125338967876,0.0,-1.365186380498351,-0.34602041858216026,-2.702700090504051,0.0,4.0,0.153847705643604,3.8194406503136102,0.0,1.7064829754522837
ABEV,2022-06-08,stress,True,True,D-1,2.79999995232,2.77999997139,2.77999997139,2.70000004768,-0.7142850453775274,0,-1.0135125338967876,0.0,-1.365186380498351,-0.34602041858216026,-3.1250051740883356,-5.743245746924042,0.0,4.0,0.2380949677574181,5.734770179850002,0.0,3.460212436686405
ABEV,2022-06-09,stress,True,True,D-1,2.75,2.71000003815,2.70000004768,2.61999988556,-1.8181800843636298,0,0.0,-1.365186380498351,-0.34602041858216026,-3.1250051740883356,-0.35842260203362564,-5.119457063216737,0.0,3.0,0.1904759742154587,6.115110720846517,0.0,3.47222705126331
ABEV,2022-06-10,stress,True,True,D-1,2.65000009537,2.67000007629,2.61999988556,2.56999993324,-1.1320833483144166,0,-1.365186380498351,-0.34602041858216026,-3.1250051740883356,-0.35842260203362564,-2.5179832359854326,-7.508533228576897,0.0,4.0,0.0,8.856088787874627,-0.34602041858216026,2.867380816985865
ABEV,2022-06-13,stress,True,True,D-1,2.6099998951,2.54999995232,2.56999993324,2.56999993324,-1.532565650101969,0,-0.34602041858216026,-3.1250051740883356,-0.35842260203362564,-2.5179832359854326,-1.476013331988968,-7.612457461056477,0.0,4.0,0.18750046563646888,9.73782708018771,-0.34602041858216026,3.956830799714006
ABEV,2022-06-14,stress,True,True,D-1,2.54999995232,2.50999999046,2.56999993324,2.5,0.7843129919200331,0,-3.1250051740883356,-0.35842260203362564,-2.5179832359854326,-1.476013331988968,-4.494386537124817,-11.458338507190192,0.0,3.0,0.06896546055528308,10.588234743861591,-0.35842260203362564,5.904062124634701
ABEV,2022-06-15,stress,True,True,D-1,2.53999996185,2.53999996185,2.5,2.51999998093,-0.7874008354485484,0,-0.35842260203362564,-2.5179832359854326,-1.476013331988968,-4.494386537124817,-1.56862598462435,-10.03584140568723,0.0,4.0,0.08823523224479429,12.350595376822593,-0.35842260203362564,5.9925124066783635
ABEV,2022-06-16,stress,True,True,D-1,2.49000000954,2.45000004768,2.51999998093,2.53999996185,2.0080302055595967,0,-2.5179832359854326,-1.476013331988968,-4.494386537124817,-1.56862598462435,1.1952179882081193,-8.633093957191662,1.0,4.0,0.19999984105330854,9.448819415146637,1.1952179882081193,0.39215649635215843
ABEV,2022-06-17,stress,True,True,D-1,2.46000003815,2.49000000954,2.53999996185,2.55999994278,4.06503671053613,1,-1.476013331988968,-4.494386537124817,-1.56862598462435,1.1952179882081193,-3.543303760699612,-9.594095454238094,1.0,4.0,0.1071427659119808,10.204081434069145,1.1952179882081193,2.3904359764162275
ABEV,2022-06-21,stress,True,True,D-1,2.49000000954,2.50999999046,2.55999994278,2.53999996185,2.811242288024407,0,-4.494386537124817,-1.56862598462435,1.1952179882081193,-3.543303760699612,1.6326514727164065,-6.741575341080597,2.0,4.0,0.3500000000275006,5.220878535017182,1.6326514727164065,3.16372007722322
ABEV,2022-06-22,stress,True,True,D-1,2.49000000954,2.52999997139,2.53999996185,2.58999991417,4.016060411520783,1,-1.56862598462435,1.1952179882081193,-3.543303760699612,1.6326514727164065,0.8032120820631761,-1.56862598462435,3.0,4.0,0.5999999999999989,2.3904359764162386,1.6326514727164065,1.1952179882081193
ABEV,2022-06-23,stress,True,True,D-1,2.52999997139,2.51999998093,2.58999991417,2.61999988556,3.557308900701428,1,1.1952179882081193,-3.543303760699612,1.6326514727164065,0.8032120820631761,0.7968119922715511,0.7968119922715511,4.0,4.0,0.7333333333555557,1.5810261779577672,1.6326514727164065,1.6326514727164065
ABEV,2022-06-24,stress,True,True,D-1,2.51999998093,2.56999993324,2.61999988556,2.61999988556,3.9682502137597275,1,-3.543303760699612,1.6326514727164065,0.8032120820631761,0.7968119922715511,-0.39525654439062086,-0.7874008354485484,3.0,1.0,0.714285714316327,1.5873000854245367,1.6326514727164065,1.6326514727164065
ABEV,2022-06-27,stress,True,True,D-1,2.57999992371,2.58999991417,2.61999988556,2.59999990463,1.5503861640616012,0,1.6326514727164065,0.8032120820631761,0.7968119922715511,-0.39525654439062086,1.9841251066814447,4.897954417332873,4.0,0.0,0.866666666644446,0.7782093949234348,1.9841251066814447,1.6326514727164065
ABEV,2022-06-28,stress,True,True,D-1,2.59999990463,2.50999999046,2.59999990463,2.54999995232,0.0,0,0.8032120820631761,0.7968119922715511,-0.39525654439062086,1.9841251066814447,0.7782093949234348,4.016060411520783,4.0,0.0,0.7999999999999994,1.1583000920528663,1.9841251066814447,0.8032120820631761
ABEV,2022-06-29,stress,True,True,D-1,2.52999997139,2.57999992371,2.54999995232,2.56999993324,1.5810261779577672,0,0.7968119922715511,-0.39525654439062086,1.9841251066814447,0.7782093949234348,-3.088800245602985,0.0,3.0,1.0,0.15384615379881494,4.382465956895909,1.9841251066814447,4.318753291062693
ABEV,2022-06-30,stress,True,True,D-1,2.52999997139,2.50999999046,2.56999993324,2.57999992371,1.9762827227436608,0,-0.39525654439062086,1.9841251066814447,0.7782093949234348,-3.088800245602985,2.7888419727512215,1.9762827227436608,3.0,2.0,0.6666666666944445,1.5503861640616012,2.7888419727512215,2.3702251372370253
ABEV,2022-07-01,train,True,True,D-1,2.48000001907,2.55999994278,2.57999992371,2.6099998951,5.241930444772747,1,1.9841251066814447,0.7782093949234348,-3.088800245602985,2.7888419727512215,-2.7131757875923257,-0.3968250216537683,3.0,3.0,0.0833333333055546,4.382465956895909,2.7888419727512215,1.9841251066814447
ABEV,2022-07-05,train,True,True,D-1,2.51999998093,2.55999994278,2.6099998951,2.6400001049,4.761909717384749,1,0.7782093949234348,-3.088800245602985,2.7888419727512215,-2.7131757875923257,1.9920299804796704,-0.3891046972671619,3.0,4.0,0.6000000000000018,2.3437478172301685,2.7888419727512215,3.5640350549758226
ABEV,2022-07-06,train,True,True,D-1,2.58999991417,2.58999991417,2.6400001049,2.68000006676,3.474909481564281,1,-3.088800245602985,2.7888419727512215,-2.7131757875923257,1.9920299804796704,0.0,-1.1583000920528441,2.0,4.0,0.6000000000000018,2.3437478172301685,2.7888419727512215,2.7888419727512215
ABEV,2022-07-07,train,True,True,D-1,2.58999991417,2.63000011444,2.68000006676,2.6400001049,3.474909481564281,1,2.7888419727512215,-2.7131757875923257,1.9920299804796704,0.0,1.1718739086150842,3.1872479686877897,3.0,0.0,0.8571428571224476,0.7722000614972746,2.7888419727512215,2.7888419727512215
ABEV,2022-07-08,train,True,True,D-1,2.63000011444,2.68000006676,2.6400001049,2.53999996185,0.3802277575995161,0,-2.7131757875923257,1.9920299804796704,0.0,1.1718739086150842,1.5444093280141624,1.9379919460656536,3.0,0.0,0.9411765531037699,0.3802277575995161,1.9920299804796704,1.9920299804796704
ABEV,2022-07-11,train,True,True,D-1,2.6400001049,2.56999993324,2.53999996185,2.71000003815,2.651512517748622,0,1.9920299804796704,0.0,1.1718739086150842,1.5444093280141624,1.9011387887580389,6.772911432116957,4.0,0.0,1.0,0.0,1.9920299804796704,1.9920299804796704
ABEV,2022-07-12,train,True,True,D-1,2.47000002861,2.50999999046,2.71000003815,2.72000002861,10.12145737264174,1,0.0,1.1718739086150842,1.5444093280141624,1.9011387887580389,-4.104482491785344,0.3906246360748211,3.0,1.0,0.38888837376562385,4.280160948538336,1.9011387887580389,3.825784939770571
ABEV,2022-07-13,train,True,True,D-1,2.59999990463,2.66000008583,2.72000002861,2.71000003815,4.61538955314218,1,1.1718739086150842,1.5444093280141624,1.9011387887580389,-4.104482491785344,-2.334628184381249,-1.9531231811553695,3.0,2.0,0.22727248094424643,6.772911432116957,1.9011387887580389,8.244425059848414
ABEV,2022-07-14,train,True,True,D-1,2.65000009537,2.69000005722,2.71000003815,2.72000002861,2.6415068196526503,0,1.5444093280141624,1.9011387887580389,-4.104482491785344,-2.334628184381249,5.976099439845428,2.7027094200670287,3.0,0.0,0.8000001907200005,1.8796973949870566,5.976099439845428,1.9011387887580389
ABEV,2022-07-15,train,True,True,D-1,2.68000006676,2.65000009537,2.72000002861,2.72000002861,1.4925358527456467,0,1.9011387887580389,-4.104482491785344,-2.334628184381249,5.976099439845428,1.1278184369170274,2.281366546357555,3.0,0.0,0.8846154904201218,1.115240548396268,5.976099439845428,1.9011387887580389
ABEV,2022-07-18,train,True,True,D-1,2.67000007629,2.6400001049,2.72000002861,2.66000008583,1.8726573367546573,0,-4.104482491785344,-2.334628184381249,5.976099439845428,1.1278184369170274,-1.4869873977377601,-1.119401889652516,2.0,1.0,0.730769477659772,2.6415068196526503,5.976099439845428,6.352038918692471
ABEV,2022-07-19,train,True,True,D-1,2.67000007629,2.65000009537,2.66000008583,2.63000011444,-0.3745314672011224,0,-2.334628184381249,5.976099439845428,1.1278184369170274,-1.4869873977377601,-0.37735811736276936,2.7237421586914445,2.0,2.0,0.6923079744408387,3.03030002012179,5.976099439845428,7.834833687296438
ABEV,2022-07-20,train,True,True,D-1,2.6400001049,2.58999991417,2.63000011444,2.66000008583,0.757575005125144,0,5.976099439845428,1.1278184369170274,-1.4869873977377601,-0.37735811736276936,0.37878750275195383,5.577693443908838,3.0,3.0,0.4615394490878875,2.6415068196526503,5.976099439845428,5.976099439845428
ABEV,2022-07-21,train,True,True,D-1,2.56999993324,2.6099998951,2.66000008583,2.71000003815,5.447475040728955,1,1.1278184369170274,-1.4869873977377601,-0.37735811736276936,0.37878750275195383,-2.2641576996480284,-2.631585315838747,2.0,4.0,0.23529378764374662,5.019309604172717,1.1278184369170274,3.0217649802219526
ABEV,2022-07-22,train,True,True,D-1,2.61999988556,2.6099998951,2.71000003815,2.74000000954,4.58015760387529,1,-1.4869873977377601,-0.37735811736276936,0.37878750275195383,-2.2641576996480284,0.7722000614972746,-2.9739836586723523,2.0,3.0,0.352940681495033,4.214564671688814,0.7722000614972746,1.888228968051786
ABEV,2022-07-25,train,True,True,D-1,2.65000009537,2.69000005722,2.74000000954,2.82999992371,6.792446108001671,1,-0.37735811736276936,0.37878750275195383,-2.2641576996480284,0.7722000614972746,0.0,-1.5094414652998323,2.0,4.0,0.352940681495033,4.214564671688814,0.7722000614972746,0.37878750275195383
ABEV,2022-07-26,train,True,True,D-1,2.70000004768,2.72000002861,2.82999992371,2.90000009537,7.407409042894342,1,0.37878750275195383,-2.2641576996480284,0.7722000614972746,0.0,3.0651404343039035,1.8939375126234559,3.0,4.0,0.8235296592524836,1.115240548396268,3.0651404343039035,0.7722000614972746
ABEV,2022-07-27,train,True,True,D-1,2.75999999046,2.82999992371,2.90000009537,2.91000008583,5.434786082915899,1,-2.2641576996480284,0.7722000614972746,0.0,3.0651404343039035,1.115240548396268,2.6415068196526503,3.0,0.0,0.8947369741744745,0.7352934088100227,3.0651404343039035,0.7722000614972746
ABEV,2022-07-28,train,True,True,D-1,2.86999988556,2.88000011444,2.91000008583,2.84999990463,1.393735256619899,0,0.7722000614972746,0.0,3.0651404343039035,1.115240548396268,4.044113747903655,9.266409941828568,4.0,0.0,1.0,0.0,4.044113747903655,3.0651404343039035
ABEV,2022-07-29,train,True,True,D-1,2.88000011444,2.81999993324,2.84999990463,2.78999996185,-1.041673910344032,0,0.0,3.0651404343039035,1.115240548396268,4.044113747903655,1.7667912395012308,10.34483640581354,4.0,0.0,0.9354839701945317,0.6944437546971605,4.044113747903655,3.0651404343039035
ABEV,2022-08-01,train,True,True,D-1,2.78999996185,2.76999998093,2.78999996185,2.75,0.0,0,3.0651404343039035,1.115240548396268,4.044113747903655,1.7667912395012308,-2.0833395422161893,8.045978796177454,4.0,0.0,0.6538455542603333,3.1914948482497207,4.044113747903655,4.397470311139539
ABEV,2022-08-02,train,True,True,D-1,2.75999999046,2.73000001907,2.75,2.77999997139,0.7246369927221163,0,1.115240548396268,4.044113747903655,1.7667912395012308,-2.0833395422161893,-1.773047996230026,2.9739747958472895,3.0,1.0,0.3913039422079741,5.054155446347552,4.044113747903655,7.86356267634194
ABEV,2022-08-03,train,True,True,D-1,2.74000000954,2.72000002861,2.77999997139,2.81999993324,2.9197052343598484,0,4.044113747903655,1.7667912395012308,-2.0833395422161893,-1.773047996230026,-1.4440419543458205,0.3676467042211806,2.0,2.0,0.05263151288644582,6.593408992770589,4.044113747903655,7.2356001415432525
ABEV,2022-08-04,train,True,True,D-1,2.74000000954,2.77999997139,2.81999993324,2.8599998951,4.379557851904758,1,1.7667912395012308,-2.0833395422161893,-1.773047996230026,-1.4440419543458205,-0.3663000142910766,-3.8869221931213116,1.0,3.0,0.17391286318905064,6.985296147849529,1.7667912395012308,3.5718436822529953
ABEV,2022-08-05,train,True,True,D-1,2.76999998093,2.75999999046,2.8599998951,2.86999988556,3.6101048851424844,1,-2.0833395422161893,-1.773047996230026,-1.4440419543458205,-0.3663000142910766,2.205880226062429,-3.47222705126331,1.0,4.0,0.4347821579943667,4.676263157477667,2.205880226062429,0.0
ABEV,2022-08-08,train,True,True,D-1,2.80999994278,2.84999990463,2.86999988556,2.96000003815,5.338081794464422,1,-1.773047996230026,-1.4440419543458205,-0.3663000142910766,2.205880226062429,-0.7194237818642923,-2.1276575957597355,1.0,4.0,0.47058823527335547,3.260866466706047,2.205880226062429,0.0
ABEV,2022-08-09,train,True,True,D-1,2.84999990463,2.81999993324,2.96000003815,2.96000003815,3.8596539368755067,1,-1.4440419543458205,-0.3663000142910766,2.205880226062429,-0.7194237818642923,3.260866466706047,2.8880839079695964,2.0,0.0,0.944444444407408,0.3508768703379461,3.260866466706047,2.205880226062429
ABEV,2022-08-10,train,True,True,D-1,2.88000011444,2.95000004768,2.96000003815,2.97000002861,3.1249968956164276,1,-0.3663000142910766,2.205880226062429,-0.7194237818642923,3.260866466706047,-1.0526306103120664,3.296700129718677,2.0,0.0,0.7368421052409979,1.7730479965846424,3.260866466706047,2.205880226062429
ABEV,2022-08-11,train,True,True,D-1,2.94000005722,2.90000009537,2.97000002861,3.0,2.040814340552588,0,2.205880226062429,-0.7194237818642923,3.260866466706047,-1.0526306103120664,4.609933245304654,8.455882965101914,3.0,0.0,0.9600000381200005,0.33898272231771553,4.609933245304654,3.260866466706047
ABEV,2022-08-12,train,True,True,D-1,2.93000006676,2.96000003815,3.0,2.99000000954,2.389076165360171,0,-0.7194237818642923,3.260866466706047,-1.0526306103120664,4.609933245304654,-1.694913610232729,4.316551266725366,2.0,1.0,0.7000003576349139,2.068963476097574,4.609933245304654,3.260866466706047
ABEV,2022-08-15,train,True,True,D-1,2.94000005722,3.0,2.99000000954,2.99000000954,1.7006786172405475,0,3.260866466706047,-1.0526306103120664,4.609933245304654,-1.694913610232729,2.068963476097574,7.246378564540024,3.0,0.0,0.944444518049356,0.337837511186323,4.609933245304654,4.609933245304654
ABEV,2022-08-16,train,True,True,D-1,2.96000003815,2.97000002861,2.99000000954,3.04999995232,3.040537601690363,1,-1.0526306103120664,4.609933245304654,-1.694913610232729,2.068963476097574,1.3513500450831106,5.263161417174622,3.0,0.0,1.0,0.0,4.609933245304654,4.609933245304654
ABEV,2022-08-17,train,True,True,D-1,2.93000006676,2.98000001907,3.04999995232,3.05999994278,4.4368557357663985,1,4.609933245304654,-1.694913610232729,2.068963476097574,1.3513500450831106,-0.999999046333333,5.319152444009423,3.0,1.0,0.7692311924552481,1.010100037071071,4.609933245304654,4.609933245304654
ABEV,2022-08-18,train,True,True,D-1,3.0,3.02999997139,3.05999994278,2.97000002861,1.999998092666666,0,-1.694913610232729,2.068963476097574,1.3513500450831106,-0.999999046333333,0.33670001224477275,1.0169481662752222,3.0,2.0,0.8461541282778565,0.6711402953695877,2.068963476097574,2.735629507097581
ABEV,2022-08-19,train,True,True,D-1,3.04999995232,2.99000000954,2.97000002861,3.00999999046,-1.3114741798462615,0,2.068963476097574,1.3513500450831106,-0.999999046333333,0.33670001224477275,1.6778507382561703,4.4827541980964725,4.0,0.0,0.8571428571224503,0.6600653834602177,2.068963476097574,2.068963476097574
ABEV,2022-08-22,train,True,True,D-1,2.97000002861,2.94000005722,3.00999999046,3.07999992371,3.703700136039445,1,1.3513500450831106,-0.999999046333333,0.33670001224477275,1.6778507382561703,-1.3201307665904105,1.0135125338967876,3.0,0.0,0.5000000000357143,2.3411348835001844,1.6778507382561703,1.3513500450831106
ABEV,2022-08-23,train,True,True,D-1,2.96000003815,2.98000001907,3.07999992371,3.07999992371,4.0540501355871505,1,-0.999999046333333,0.33670001224477275,1.6778507382561703,-1.3201307665904105,-1.6722392026912614,-1.9999980926666772,2.0,1.0,0.14285714287754922,4.081628681105176,1.6778507382561703,4.648144963332124
ABEV,2022-08-24,train,True,True,D-1,3.01999998093,3.03999996185,3.07999992371,3.07999992371,1.9867530847309078,0,0.33670001224477275,1.6778507382561703,-1.3201307665904105,-1.6722392026912614,1.3605428935883346,0.33670001224477275,3.0,2.0,0.4285714285612222,2.684561181142775,1.6778507382561703,2.0122985789950976
ABEV,2022-08-25,train,True,True,D-1,3.03999996185,3.03999996185,3.07999992371,3.07999992371,1.3157882355912198,0,1.6778507382561703,-1.3201307665904105,-1.6722392026912614,1.3605428935883346,2.0134208857731872,2.0134208857731872,3.0,0.0,0.74999999996875,1.3157882355912198,2.0134208857731872,1.6778507382561703
ABEV,2022-08-26,train,True,True,D-1,3.06999993324,3.02999997139,3.07999992371,3.06999993324,0.32573259568269286,0,-1.3201307665904105,-1.6722392026912614,1.3605428935883346,2.0134208857731872,0.0,0.3300326915650853,2.0,1.0,0.74999999996875,1.3157882355912198,2.0134208857731872,1.3605428935883346
ABEV,2022-08-29,train,True,True,D-1,3.01999998093,3.03999996185,3.06999993324,2.98000001907,1.6556275703883516,0,-1.6722392026912614,1.3605428935883346,2.0134208857731872,0.0,-0.32894705873333097,1.337791361952334,2.0,2.0,0.6874999999921881,1.650163458485543,2.0134208857731872,2.342367944506518
ABEV,2022-08-30,train,True,True,D-1,3.04999995232,2.95000004768,2.98000001907,2.92000007629,-2.295079814567025,0,1.3605428935883346,2.0134208857731872,0.0,-0.32894705873333097,0.3300326915650853,3.401357234140945,3.0,3.0,0.692307692272189,1.3157882355912198,2.0134208857731872,2.0134208857731872
ABEV,2022-08-31,train,True,True,D-1,2.93000006676,2.90000009537,2.92000007629,3.0,2.389076165360171,0,2.0134208857731872,0.0,-0.32894705873333097,0.3300326915650853,-2.9605235295868337,-1.0067104428865714,2.0,4.0,0.0,4.406775387418627,2.0134208857731872,4.653682419284033
ABEV,2022-09-01,train,True,True,D-1,2.90000009537,2.88000011444,3.0,2.96000003815,3.4482724600476855,1,0.0,-0.32894705873333097,0.3300326915650853,-2.9605235295868337,-1.694913610232729,-4.605258823582448,1.0,4.0,0.052631578980608835,6.206890428292722,0.3300326915650853,4.935291515147533
ABEV,2022-09-02,train,True,True,D-1,2.93000006676,2.93000006676,2.96000003815,2.98000001907,1.706482975110979,0,-0.32894705873333097,0.3300326915650853,-2.9605235295868337,-1.694913610232729,-0.6896544921474623,-5.263152941378058,1.0,4.0,0.13043568400559574,6.94443754593006,0.3300326915650853,2.702911746094283
ABEV,2022-09-06,train,True,True,D-1,2.95000004768,2.93000006676,2.98000001907,2.98000001907,1.0169481662752222,0,0.3300326915650853,-2.9605235295868337,-1.694913610232729,-0.6896544921474623,1.7361093865693178,-3.30032691664105,2.0,4.0,0.3478267630150659,5.1194489260155684,1.7361093865693178,0.3300326915650853
ABEV,2022-09-07,train,True,True,D-1,2.92000007629,2.98000001907,2.98000001907,3.01999998093,3.424654179018205,1,-2.9605235295868337,-1.694913610232729,-0.6896544921474623,1.7361093865693178,0.0,-3.6184176470534957,1.0,4.0,0.3636370533015621,4.77815233072032,1.7361093865693178,0.0
ABEV,2022-09-08,train,True,True,D-1,2.97000002861,2.92000007629,3.01999998093,3.04999995232,2.693600098968374,0,-1.694913610232729,-0.6896544921474623,1.7361093865693178,0.0,1.706482975110979,1.0169481662752222,2.0,2.0,0.866666878573197,0.6711402953695877,1.7361093865693178,1.7361093865693178
ABEV,2022-09-09,train,True,True,D-1,2.95000004768,3.0,3.04999995232,3.02999997139,3.3898272211434044,1,-0.6896544921474623,1.7361093865693178,0.0,1.706482975110979,-2.013420885773165,0.6896544918026493,2.0,3.0,0.4666675143594605,2.739723343146072,1.7361093865693178,2.077405981864544
ABEV,2022-09-12,train,True,True,D-1,3.00999999046,3.02999997139,3.02999997139,2.96000003815,0.6644511957936583,0,1.7361093865693178,0.0,1.706482975110979,-2.013420885773165,2.739723343146072,4.166662527488585,3.0,0.0,0.8461538461360933,0.6666660310000072,2.739723343146072,1.7361093865693178
ABEV,2022-09-13,train,True,True,D-1,2.99000000954,2.94000005722,2.96000003815,2.92000007629,-1.0033435215478614,0,0.0,1.706482975110979,-2.013420885773165,2.739723343146072,0.9999990463333441,3.412965950563285,3.0,0.0,0.8749999999843764,0.6600653834602177,2.739723343146072,1.706482975110979
ABEV,2022-09-14,train,True,True,D-1,2.94000005722,2.92000007629,2.92000007629,2.8900001049,-0.6802714469642313,0,1.706482975110979,-2.013420885773165,2.739723343146072,0.9999990463333441,-2.9702942250759534,0.3412965949539437,3.0,1.0,0.3125000000078118,3.7414929577931133,2.739723343146072,4.739721435812749
ABEV,2022-09-15,train,True,True,D-1,2.92000007629,2.86999988556,2.8900001049,2.97000002861,1.7123270895091025,0,-2.013420885773165,2.739723343146072,0.9999990463333441,-2.9702942250759534,-0.6802714469642313,-2.013420885773165,2.0,2.0,0.1874999999921882,4.452050432655152,2.739723343146072,6.370082951682243
ABEV,2022-09-16,train,True,True,D-1,2.84999990463,2.82999992371,2.97000002861,3.01999998093,5.9649151574996395,1,2.739723343146072,0.9999990463333441,-2.9702942250759534,-0.6802714469642313,-1.712335254234909,-1.712335254234909,2.0,3.0,0.05263151288644594,6.271779579701198,2.739723343146072,5.120681516534353
ABEV,2022-09-19,train,True,True,D-1,2.83999991417,2.96000003815,3.01999998093,3.01999998093,6.338030711265219,1,0.9999990463333441,-2.9702942250759534,-0.6802714469642313,-1.712335254234909,-1.3937269493024762,-5.666669209666663,1.0,4.0,0.08333325056250246,7.77385281062446,0.9999990463333441,4.08219597197006
ABEV,2022-09-20,train,True,True,D-1,2.94000005722,3.0,3.01999998093,3.01999998093,2.7210857875168415,0,-2.9702942250759534,-0.6802714469642313,-1.712335254234909,-1.3937269493024762,4.593643743621589,-2.3102288416157246,1.0,4.0,0.681818526650781,2.3648625789798983,4.593643743621589,0.0
ABEV,2022-09-21,train,True,True,D-1,3.0,2.95000004768,3.01999998093,2.93000006676,0.6666660310000072,0,-0.6802714469642313,-1.712335254234909,-1.3937269493024762,4.593643743621589,1.3513500450831106,2.040814340552588,2.0,0.0,0.9047620128729952,0.6666660310000072,4.593643743621589,0.0
ABEV,2022-09-22,train,True,True,D-1,2.97000002861,2.99000000954,2.93000006676,2.88000011444,-1.3468000493158439,0,-1.712335254234909,-1.3937269493024762,4.593643743621589,1.3513500450831106,-1.6666650773333291,1.0273962536369696,2.0,1.0,0.666667045079296,2.372879054868182,4.593643743621589,4.9314812551457425
ABEV,2022-09-23,train,True,True,D-1,2.92000007629,2.88000011444,2.88000011444,2.88000011444,-1.3698616714017953,0,-1.3937269493024762,4.593643743621589,1.3513500450831106,-1.6666650773333291,1.35593088859296,4.181189155573284,3.0,2.0,0.8571430193333034,1.0033435215478725,4.593643743621589,4.926976758954915
ABEV,2022-09-26,train,True,True,D-1,2.82999992371,2.79999995232,2.88000011444,2.92000007629,3.180217491384729,1,4.593643743621589,1.3513500450831106,-1.6666650773333291,1.35593088859296,-3.678926245786973,1.7667912395012308,3.0,3.0,0.26315881932659135,4.861106282185768,4.593643743621589,6.966522798150788
ABEV,2022-09-27,train,True,True,D-1,2.84999990463,2.82999992371,2.92000007629,2.8900001049,2.456146456225494,0,1.3513500450831106,-1.6666650773333291,1.35593088859296,-3.678926245786973,-2.7777832965661498,-5.4054082353999,2.0,4.0,0.11999988555999863,7.857144012724526,1.35593088859296,7.7104478321976195
ABEV,2022-09-28,train,True,True,D-1,2.84999990463,2.90000009537,2.8900001049,2.88000011444,1.4035158459134278,0,-1.6666650773333291,1.35593088859296,-3.678926245786973,-2.7777832965661498,1.0714275678877394,-5.666669209666663,2.0,4.0,0.23999977111999904,6.713783121623518,1.35593088859296,3.0920485532869524
ABEV,2022-09-29,train,True,True,D-1,2.86999988556,2.8599998951,2.88000011444,3.1099998951,8.362370003829135,1,1.35593088859296,-3.678926245786973,-2.7777832965661498,1.0714275678877394,2.473504365619661,-1.694913610232729,3.0,4.0,0.5200004577599984,4.137926952195148,2.473504365619661,1.35593088859296
ABEV,2022-09-30,train,True,True,D-1,2.84999990463,2.82999992371,3.1099998951,3.16000008583,10.877199704336316,1,-3.678926245786973,-2.7777832965661498,1.0714275678877394,2.473504365619661,-1.3793172053291336,-4.347829900508938,2.0,4.0,0.5624991618168561,2.4475585394226895,2.473504365619661,1.0714275678877394
ABEV,2022-10-03,train,True,True,D-1,2.93000006676,3.1099998951,3.16000008583,3.09999990463,7.849829823530841,1,-2.7777832965661498,1.0714275678877394,2.473504365619661,-1.3793172053291336,-1.048950087075129,-1.7361176646939924,2.0,2.0,0.3999993642404031,3.180217491384729,2.473504365619661,4.8873033089975815
ABEV,2022-10-04,train,True,True,D-1,3.15000009537,3.09999990463,3.09999990463,3.08999991417,-1.5873075944820458,0,1.0714275678877394,2.473504365619661,-1.3793172053291336,-1.048950087075129,9.893992188626388,11.071426716387723,3.0,0.0,1.0,0.0,9.893992188626388,2.473504365619661
ABEV,2022-10-05,train,True,True,D-1,3.05999994278,3.06999993324,3.08999991417,2.96000003815,0.9803912402280845,0,2.473504365619661,-1.3793172053291336,-1.048950087075129,9.893992188626388,-0.32154311277488024,9.540635625390493,2.0,0.0,0.8235289580226952,1.935489775673438,9.893992188626388,2.473504365619661
ABEV,2022-10-06,train,True,True,D-1,3.04999995232,3.04999995232,2.96000003815,2.94000005722,-2.950816904162279,0,-1.3793172053291336,-1.048950087075129,9.893992188626388,-0.32154311277488024,-0.9677410423527322,5.862063182046584,1.0,1.0,0.7352937876515321,2.9316011253138985,9.893992188626388,11.180164639082813
ABEV,2022-10-07,train,True,True,D-1,2.96000003815,2.8900001049,2.94000005722,2.8900001049,-0.6756750227104757,0,-1.048950087075129,9.893992188626388,-0.32154311277488024,-0.9677410423527322,-0.6514651907139513,6.643358887723183,1.0,2.0,0.6764703407570307,3.606561810806852,9.893992188626388,11.506893925665896
ABEV,2022-10-10,train,True,True,D-1,2.91000008583,2.8900001049,2.8900001049,2.80999994278,-0.6872845477698952,0,9.893992188626388,-0.32154311277488024,-0.9677410423527322,-0.6514651907139513,-5.245896718729293,2.120147802383765,1.0,3.0,0.0,9.342559554659346,9.893992188626388,15.757178907006308
ABEV,2022-10-11,train,True,True,D-1,2.88000011444,2.79999995232,2.80999994278,2.84999990463,-1.041673910344032,0,-0.32154311277488024,-0.9677410423527322,-0.6514651907139513,-5.245896718729293,0.0,-7.073948476545722,0.0,4.0,0.06896622595908232,9.342559554659346,0.0,5.245896718729293
ABEV,2022-10-12,train,True,True,D-1,2.79999995232,2.78999996185,2.84999990463,2.82999992371,1.7857126129081413,0,-0.9677410423527322,-0.6514651907139513,-5.245896718729293,0.0,-3.1141920177582216,-9.67741811417271,0.0,4.0,0.032258039728402944,10.714284193520385,0.0,3.1141920177582216
ABEV,2022-10-13,train,True,True,D-1,2.73000001907,2.82999992371,2.82999992371,2.81999993324,3.6630001443760385,1,-0.6514651907139513,-5.245896718729293,0.0,-3.1141920177582216,-0.3571425228673375,-9.120520439050795,0.0,4.0,0.11764697631658819,10.752686610112905,0.0,3.460212436686405
ABEV,2022-10-14,train,True,True,D-1,2.81999993324,2.74000000954,2.81999993324,2.83999991417,0.7092191987047691,0,-5.245896718729293,0.0,-3.1141920177582216,-0.3571425228673375,1.4336904088513513,-7.2131158048922455,1.0,4.0,0.4583328780312682,4.593643743621589,1.4336904088513513,0.0
ABEV,2022-10-17,train,True,True,D-1,2.76999998093,2.78999996185,2.83999991417,2.82999992371,2.527073419563619,0,0.0,-3.1141920177582216,-0.3571425228673375,1.4336904088513513,-3.1802090670028704,-5.190314529943252,1.0,4.0,0.09090899240497251,7.299271787724426,1.4336904088513513,1.7921130105265637
ABEV,2022-10-18,train,True,True,D-1,2.80999994278,2.79999995232,2.82999992371,2.88000011444,2.4911093624701897,0,-3.1141920177582216,-0.3571425228673375,1.4336904088513513,-3.1802090670028704,1.82481577138367,-3.460212436686405,2.0,4.0,0.4117641283912631,3.584234566931377,1.82481577138367,2.8471166610882004
ABEV,2022-10-19,train,True,True,D-1,2.78999996185,2.75999999046,2.88000011444,2.94000005722,5.376347577816354,1,-0.3571425228673375,1.4336904088513513,-3.1802090670028704,1.82481577138367,0.35842260239205004,0.0,3.0,3.0,0.615384615426034,1.7857126129081413,1.82481577138367,1.4336904088513513
ABEV,2022-10-20,train,True,True,D-1,2.79999995232,2.82999992371,2.94000005722,2.88000011444,5.000003831571487,1,1.4336904088513513,-3.1802090670028704,1.82481577138367,0.35842260239205004,-1.428570090755077,-1.0752678064593124,3.0,4.0,0.3076923076745554,3.260866466706047,1.82481577138367,2.9000835778429823
ABEV,2022-10-21,train,True,True,D-1,2.82999992371,2.94000005722,2.88000011444,2.80999994278,1.7667912395012308,0,-3.1802090670028704,1.82481577138367,0.35842260239205004,-1.428570090755077,2.536229474346241,0.0,3.0,0.0,0.6428560481028605,1.7667912395012308,2.536229474346241,1.82481577138367
ABEV,2022-10-24,train,True,True,D-1,2.8599998951,2.82999992371,2.80999994278,2.79999995232,-1.7482501452417587,0,1.82481577138367,0.35842260239205004,-1.428570090755077,2.536229474346241,3.8869306175031593,7.299271787724426,4.0,0.0,1.0,0.0,3.8869306175031593,1.82481577138367
ABEV,2022-10-25,train,True,True,D-1,2.78999996185,2.76999998093,2.79999995232,2.96000003815,6.093192782242052,1,0.35842260239205004,-1.428570090755077,2.536229474346241,3.8869306175031593,-3.741501066976627,1.4336904088513513,3.0,1.0,0.38888837382117936,3.8869306175031593,3.8869306175031593,2.536229474346241
ABEV,2022-10-26,train,True,True,D-1,2.75,2.79999995232,2.96000003815,2.94000005722,7.63636502363636,1,-1.428570090755077,2.536229474346241,3.8869306175031593,-3.741501066976627,-2.120139378001906,-1.0714275678877283,2.0,2.0,0.05555548200620198,6.1371869119263955,3.8869306175031593,9.669246025032363
ABEV,2022-10-27,train,True,True,D-1,2.90000009537,2.8900001049,2.94000005722,3.04999995232,5.172408690243935,1,2.536229474346241,3.8869306175031593,-3.741501066976627,-2.120139378001906,1.0830314655788431,1.4492739854442327,3.0,3.0,0.29999964238008453,5.000003831571487,3.8869306175031593,4.9470003065041235
ABEV,2022-10-28,train,True,True,D-1,2.86999988556,2.93000006676,3.04999995232,3.08999991417,7.665506529003685,1,3.8869306175031593,-3.741501066976627,-2.120139378001906,1.0830314655788431,3.214291218306209,2.120147802383765,3.0,0.0,0.6818185266053265,2.4221429311132248,3.8869306175031593,3.8869306175031593
ABEV,2022-10-31,train,True,True,D-1,2.93000006676,3.03999996185,3.08999991417,3.04999995232,5.46074552096949,1,-3.741501066976627,-2.120139378001906,1.0830314655788431,3.214291218306209,1.3840816750207097,-0.34013572331205166,3.0,1.0,0.8636365114152695,1.0238897852031137,3.214291218306209,1.0830314655788431
ABEV,2022-11-01,train,True,True,D-1,3.04999995232,3.05999994278,3.04999995232,3.08999991417,1.3114741795183793,0,-2.120139378001906,1.0830314655788431,3.214291218306209,1.3840816750207097,3.7542625455172063,7.420496247388564,4.0,0.0,0.967741960271597,0.32894705906227895,3.7542625455172063,3.214291218306209
ABEV,2022-11-02,train,True,True,D-1,3.01999998093,2.97000002861,3.08999991417,3.24000000954,7.284769205271702,1,1.0830314655788431,3.214291218306209,1.3840816750207097,3.7542625455172063,0.657894117795621,10.469312774241812,5.0,0.0,0.9142857726726699,0.9803912402280845,3.7542625455172063,3.214291218306209
ABEV,2022-11-03,train,True,True,D-1,2.97000002861,3.07999992371,3.24000000954,3.22000002861,9.09090836124886,1,3.214291218306209,1.3840816750207097,3.7542625455172063,0.657894117795621,-2.941173720684309,6.071431399459226,4.0,1.0,0.5200004577600001,4.040400148284218,3.7542625455172063,6.05689195730843
ABEV,2022-11-04,train,True,True,D-1,3.15000009537,3.24000000954,3.22000002861,3.22000002861,2.222220035576794,0,1.3840816750207097,3.7542625455172063,0.657894117795621,-2.941173720684309,3.703700136039445,6.574387955483285,4.0,2.0,0.9565217842136073,0.3246750229770834,3.7542625455172063,3.7542625455172063
ABEV,2022-11-07,train,True,True,D-1,3.21000003815,3.13000011444,3.22000002861,3.22000002861,0.3115261788521062,0,3.7542625455172063,0.657894117795621,-2.941173720684309,3.703700136039445,5.194808110166216,10.580202584186239,4.0,0.0,1.0,0.0,5.194808110166216,3.7542625455172063
ABEV,2022-11-08,train,True,True,D-1,3.1400001049,3.20000004768,3.22000002861,3.02999997139,2.5477681859041867,0,0.657894117795621,-2.941173720684309,3.703700136039445,5.194808110166216,-3.395058480744184,2.9605313723500837,3.0,1.0,0.6071431916441667,3.5143735168738255,5.194808110166216,3.703700136039445
ABEV,2022-11-09,train,True,True,D-1,3.19000005722,3.15000009537,3.02999997139,3.00999999046,-5.015676581819106,0,-2.941173720684309,3.703700136039445,5.194808110166216,-3.395058480744184,2.2364195105636364,4.575166912350004,3.0,2.0,0.8571429787602166,1.2499987895000286,5.194808110166216,6.429374830605172
ABEV,2022-11-10,train,True,True,D-1,3.00999999046,2.93000006676,3.00999999046,3.00999999046,0.0,0,3.703700136039445,5.194808110166216,-3.395058480744184,2.2364195105636364,-1.562498486406283,6.060608250035693,3.0,3.0,0.6785717022640576,2.8571400458776486,5.194808110166216,5.194808110166216
ABEV,2022-11-11,train,True,True,D-1,2.96000003815,2.99000000954,3.00999999046,3.03999996185,2.7027000901662213,0,5.194808110166216,-3.395058480744184,2.2364195105636364,-1.562498486406283,-6.9841276809281645,-4.8701253462798295,2.0,4.0,0.0606060168291903,10.580202584186239,5.194808110166216,13.632307388197484
ABEV,2022-11-14,train,True,True,D-1,2.95000004768,2.97000002861,3.03999996185,2.94000005722,3.0508444988256667,1,-3.395058480744184,2.2364195105636364,-1.562498486406283,-6.9841276809281645,2.0477795704062274,-7.7160493599965685,2.0,4.0,0.25806431766593646,7.692308305556983,2.2364195105636364,7.315787160906706
ABEV,2022-11-15,train,True,True,D-1,3.02999997139,3.0,2.94000005722,2.82999992371,-2.9702942250759534,0,2.2364195105636364,-1.562498486406283,-6.9841276809281645,2.0477795704062274,-0.6688956811433999,-5.111823641534475,2.0,4.0,0.1935482382413871,8.417508336422586,2.2364195105636364,2.2364195105636364
ABEV,2022-11-16,train,True,True,D-1,2.91000008583,2.82999992371,2.82999992371,2.93000006676,0.687284547769873,0,-1.562498486406283,-6.9841276809281645,2.0477795704062274,-0.6688956811433999,1.010100037071071,-6.250001396874982,2.0,4.0,0.29032235736208134,7.333334287000004,2.0477795704062274,2.0477795704062274
ABEV,2022-11-17,train,True,True,D-1,2.75,2.81999993324,2.93000006676,2.95000004768,7.272729006545453,1,-6.9841276809281645,2.0477795704062274,-0.6688956811433999,1.010100037071071,-5.666669209666663,-10.15873530068616,2.0,1.0,0.04545449622521252,7.420496247388564,2.0477795704062274,6.761587770789368
ABEV,2022-11-18,train,True,True,D-1,2.8900001049,2.86999988556,2.95000004768,2.94000005722,2.07612251218503,0,2.0477795704062274,-0.6688956811433999,1.010100037071071,-5.666669209666663,-0.3533565632358848,-3.7542706830596795,2.0,2.0,0.2413791118917697,7.801419638944251,2.0477795704062274,8.047781795739562
ABEV,2022-11-21,train,True,True,D-1,2.90000009537,2.92000007629,2.94000005722,2.93000006676,1.3793089839501116,0,-0.6688956811433999,1.010100037071071,-5.666669209666663,-0.3533565632358848,1.7730479965846424,-4.0133820601044645,2.0,3.0,0.41379276326273756,5.923347842114257,1.7730479965846424,1.010100037071071
ABEV,2022-11-22,train,True,True,D-1,2.94000005722,2.86999988556,2.93000006676,2.95000004768,0.34013572331206277,0,1.010100037071071,-5.666669209666663,-0.3533565632358848,1.7730479965846424,1.742166993858385,-1.683500061897325,3.0,4.0,0.5862072367372625,4.109585014547856,1.7730479965846424,1.010100037071071
ABEV,2022-11-23,train,True,True,D-1,2.8599998951,2.92000007629,2.95000004768,2.95000004768,3.1468585972396657,1,-5.666669209666663,-0.3533565632358848,1.7730479965846424,1.742166993858385,-1.712335254234909,-4.333337148000005,2.0,1.0,0.59999928476017,2.787462205922364,1.7730479965846424,1.7730479965846424
ABEV,2022-11-25,train,True,True,D-1,2.93000006676,2.91000008583,2.95000004768,2.98000001907,1.706482975110979,0,-0.3533565632358848,1.7730479965846424,1.742166993858385,-1.712335254234909,1.742166993858385,3.180217491384729,3.0,2.0,0.8500001788099569,1.0273962536369696,1.7730479965846424,1.7730479965846424
ABEV,2022-11-28,train,True,True,D-1,2.93000006676,2.93000006676,2.98000001907,3.04999995232,4.095559140812455,1,1.7730479965846424,1.742166993858385,-1.712335254234909,1.742166993858385,-0.34246541776482564,3.1914948482497207,3.0,3.0,0.6000009536986356,1.374569095196132,1.7730479965846424,1.7730479965846424
ABEV,2022-11-29,train,True,True,D-1,2.97000002861,2.92000007629,3.04999995232,3.08999991417,4.040400148284218,1,1.742166993858385,-1.712335254234909,1.742166993858385,-0.34246541776482564,0.687284547769873,2.0905987314453256,3.0,4.0,0.8000004768993155,0.6825931899078874,1.742166993858385,1.742166993858385
ABEV,2022-11-30,train,True,True,D-1,2.95000004768,3.04999995232,3.08999991417,3.16000008583,7.118645245960331,1,-1.712335254234909,1.742166993858385,-0.34246541776482564,0.687284547769873,-0.34129659529522627,0.0,2.0,0.0,0.5384623849104979,2.054792507273917,1.742166993858385,1.742166993858385
ABEV,2022-12-01,train,True,True,D-1,3.03999996185,3.07999992371,3.16000008583,3.04999995232,3.9473725488790468,1,1.742166993858385,-0.34246541776482564,0.687284547769873,-0.34129659529522627,4.452050432655152,6.271779579701198,3.0,0.0,1.0,0.0,4.452050432655152,1.742166993858385
ABEV,2022-12-02,train,True,True,D-1,3.08999991417,3.09999990463,3.04999995232,3.05999994278,-0.97087288748543,0,-0.34246541776482564,0.687284547769873,-0.34129659529522627,4.452050432655152,0.9836056347207522,5.479446686292122,3.0,0.0,0.9500000000175006,0.3246750229770834,4.452050432655152,0.687284547769873
ABEV,2022-12-05,train,True,True,D-1,3.04999995232,3.00999999046,3.05999994278,3.05999994278,0.32786854479764926,0,0.687284547769873,-0.34129659529522627,4.452050432655152,0.9836056347207522,0.6493500459542112,6.529203202611167,4.0,0.0,0.7599992752000002,1.935489775673438,4.452050432655152,4.452050432655152
ABEV,2022-12-06,train,True,True,D-1,3.01999998093,3.0,3.05999994278,3.01999998093,1.3245020563769083,0,-0.34129659529522627,4.452050432655152,0.9836056347207522,0.6493500459542112,-2.9032231270581965,2.7303727603140926,3.0,1.0,0.37499962746876403,4.983391888552013,4.452050432655152,6.724775594468857
ABEV,2022-12-07,train,True,True,D-1,3.02999997139,3.02999997139,3.01999998093,2.97000002861,-0.3300326915650853,0,4.452050432655152,0.9836056347207522,0.6493500459542112,-2.9032231270581965,-0.3322255977307065,2.739723343146072,3.0,2.0,0.2727269771694604,5.333336194333338,4.452050432655152,7.677853907056731
ABEV,2022-12-08,train,True,True,D-1,3.00999999046,2.97000002861,2.97000002861,2.86999988556,-1.3289023912550602,0,0.9836056347207522,0.6493500459542112,-2.9032231270581965,-0.3322255977307065,0.9999990463333441,-0.6557370899231252,3.0,3.0,0.23529378764374662,4.290432860313298,0.9999990463333441,0.9836056347207522
ABEV,2022-12-09,train,True,True,D-1,2.95000004768,2.92000007629,2.86999988556,2.94000005722,-0.33898272197875334,0,0.6493500459542112,-2.9032231270581965,-0.3322255977307065,0.9999990463333441,-1.9801961500506393,-3.5714252540467673,2.0,4.0,0.04999994038001361,6.397308262280488,0.9999990463333441,1.6493490922875442
ABEV,2022-12-12,train,True,True,D-1,2.84999990463,2.86999988556,2.94000005722,2.8599998951,3.1579001965504894,1,-2.9032231270581965,-0.3322255977307065,0.9999990463333441,-1.9801961500506393,-1.683500061897325,-5.806446254116382,1.0,3.0,0.0,4.794515850420011,0.9999990463333441,4.630358654869515
ABEV,2022-12-13,train,True,True,D-1,2.90000009537,2.84999990463,2.8599998951,2.8599998951,-1.3793172053291336,0,-0.3322255977307065,0.9999990463333441,-1.9801961500506393,-1.683500061897325,-1.712335254234909,-4.651166290489073,1.0,4.0,0.26923052234022765,6.620211316939728,0.9999990463333441,4.3670071974006515
ABEV,2022-12-14,train,True,True,D-1,2.75999999046,2.84999990463,2.8599998951,2.81999993324,3.6231849632482716,1,0.9999990463333441,-1.9801961500506393,-1.683500061897325,-1.712335254234909,-0.6968634748254487,-5.0000031789999895,1.0,4.0,0.1923075159408229,7.368422637798755,0.9999990463333441,3.397265136440386
ABEV,2022-12-15,train,True,True,D-1,2.80999994278,2.79999995232,2.81999993324,2.8900001049,2.846980916336017,0,-1.9801961500506393,-1.683500061897325,-1.712335254234909,-0.6968634748254487,0.0,-5.94059631879883,0.0,4.0,0.4137927632484697,5.9649151574996395,0.0,0.6968634748254487
ABEV,2022-12-16,train,True,True,D-1,2.78999996185,2.75999999046,2.8900001049,2.79999995232,3.584234566931377,1,-1.683500061897325,-1.712335254234909,-0.6968634748254487,0.0,-1.7543843502861978,-5.7239082374542,0.0,4.0,0.2916663769479284,6.071431399459226,0.0,1.7543843502861978
ABEV,2022-12-19,train,True,True,D-1,2.79999995232,2.84999990463,2.79999995232,2.76999998093,0.0,0,-1.712335254234909,-0.6968634748254487,0.0,-1.7543843502861978,-1.428570090755077,-5.479454851017951,0.0,3.0,0.1428569806666966,6.521741571817907,0.0,3.157891830936199
ABEV,2022-12-20,train,True,True,D-1,2.75,2.75999999046,2.76999998093,2.76999998093,0.7272720338181937,0,-0.6968634748254487,0.0,-1.7543843502861978,-1.428570090755077,3.260866466706047,-0.6968634748254487,1.0,4.0,0.5714279226667864,3.1579001965504894,3.260866466706047,0.0
ABEV,2022-12-21,train,True,True,D-1,2.73000001907,2.75,2.76999998093,2.84999990463,4.395600172958214,1,0.0,-1.7543843502861978,-1.428570090755077,3.260866466706047,-3.157891830936199,-3.157891830936199,1.0,1.0,0.1874997206056191,4.710149090193783,3.260866466706047,0.0
ABEV,2022-12-22,train,True,True,D-1,2.75,2.75999999046,2.84999990463,2.75999999046,3.6363601683636393,1,-1.7543843502861978,-1.428570090755077,3.260866466706047,-3.157891830936199,-0.362318496179892,-3.5087687009232593,1.0,2.0,0.1764703407475165,5.090912905454537,3.260866466706047,6.769635167629307
ABEV,2022-12-23,train,True,True,D-1,2.81999993324,2.80999994278,2.75999999046,2.78999996185,-1.0638287978798622,0,-1.428570090755077,3.260866466706047,-3.157891830936199,-0.362318496179892,0.36363601672726453,-1.428570090755077,2.0,3.0,0.23529378764374662,4.710149090193783,3.260866466706047,3.260866466706047
ABEV,2022-12-27,train,True,True,D-1,2.73000001907,2.72000002861,2.78999996185,2.78999996185,2.197800086479118,0,3.260866466706047,-3.157891830936199,-0.362318496179892,0.36363601672726453,1.8115924816241469,1.8115924816241469,3.0,4.0,0.5294110222425494,2.846980916336017,3.260866466706047,3.260866466706047
ABEV,2022-12-28,train,True,True,D-1,2.75999999046,2.75,2.78999996185,2.77999997139,1.0869554889020083,0,-3.157891830936199,-0.362318496179892,0.36363601672726453,1.8115924816241469,-3.20284398586006,-4.561399311235325,2.0,1.0,0.07142857140816233,4.779407156346016,1.8115924816241469,1.812910001809176
ABEV,2022-12-29,train,True,True,D-1,2.77999997139,2.75,2.77999997139,2.69000005722,0.0,0,-0.362318496179892,0.36363601672726453,1.8115924816241469,-3.20284398586006,1.1029401130312033,-0.362318496179892,3.0,2.0,0.2857142857040812,3.6363601683636393,1.8115924816241469,3.9468218055308535
ABEV,2022-12-30,train,True,True,D-1,2.73000001907,2.72000002861,2.69000005722,2.65000009537,-1.4652000575306356,0,0.36363601672726453,1.8115924816241469,-3.20284398586006,1.1029401130312033,0.0,0.0,3.0,3.0,0.2857142857040812,3.6363601683636393,1.8115924816241469,1.8115924816241469
ABEV,2023-01-03,train,True,True,D-1,2.67000007629,2.58999991417,2.65000009537,2.66000008583,-0.3745314672011224,0,1.8115924816241469,-3.20284398586006,1.1029401130312033,0.0,-1.0909080505454583,-1.4492739850819114,2.0,4.0,0.07142857140816233,4.779407156346016,1.8115924816241469,2.902500532169605
ABEV,2023-01-04,train,True,True,D-1,2.58999991417,2.6099998951,2.66000008583,2.72000002861,5.019309604172717,1,-3.20284398586006,1.1029401130312033,0.0,-1.0909080505454583,-4.7794159217871,-7.829182672236968,1.0,3.0,0.047618993541959385,7.722009818834019,1.1029401130312033,6.921125052303934
ABEV,2023-01-05,train,True,True,D-1,2.63000011444,2.6400001049,2.72000002861,2.73000001907,3.802277577135871,1,1.1029401130312033,0.0,-1.0909080505454583,-4.7794159217871,0.7722000614972746,-4.0441225129770775,2.0,4.0,0.14285698067349933,6.896554558792545,1.1029401130312033,5.147062626008281
ABEV,2023-01-06,train,True,True,D-1,2.67000007629,2.71000003815,2.73000001907,2.77999997139,4.119846140710459,1,0.0,-1.0909080505454583,-4.7794159217871,0.7722000614972746,1.1494333718680139,-3.9999961854545463,2.0,4.0,0.2857150966325055,5.681812537491626,1.1494333718680139,0.0
ABEV,2023-01-09,train,True,True,D-1,2.68000006676,2.72000002861,2.77999997139,2.74000000954,3.7313396320506564,1,-1.0909080505454583,-4.7794159217871,0.7722000614972746,1.1494333718680139,2.651512517748622,-1.4545440672727228,3.0,4.0,0.6500004172399003,2.583023330427192,2.651512517748622,0.7722000614972746
ABEV,2023-01-10,train,True,True,D-1,2.75,2.75999999046,2.74000000954,2.76999998093,0.7272720338181937,0,-4.7794159217871,0.7722000614972746,1.1494333718680139,2.651512517748622,0.369003332812734,0.0,4.0,0.0,0.9333334393154888,0.3676467042211806,2.651512517748622,1.1494333718680139
ABEV,2023-01-11,train,True,True,D-1,2.70000004768,2.72000002861,2.76999998093,2.74000000954,2.5925900745871644,0,0.7722000614972746,1.1494333718680139,2.651512517748622,0.369003332812734,1.470586817252384,6.563709726781153,5.0,0.0,0.9000001191899706,0.7246369927221163,2.651512517748622,2.651512517748622
ABEV,2023-01-12,train,True,True,D-1,2.71000003815,2.74000000954,2.74000000954,2.73000001907,1.107009998807218,0,1.1494333718680139,2.651512517748622,0.369003332812734,1.470586817252384,-1.4492739850819114,4.214564671688814,4.0,1.0,0.6250005587887618,2.205880226062429,2.651512517748622,2.651512517748622
ABEV,2023-01-13,train,True,True,D-1,2.70000004768,2.71000003815,2.73000001907,2.75999999046,2.2222200637201928,0,2.651512517748622,0.369003332812734,1.470586817252384,-1.4492739850819114,0.7352934088100227,3.787875025246934,4.0,2.0,0.6923076923254446,1.4598526171799353,2.651512517748622,3.376149510108406
ABEV,2023-01-17,train,True,True,D-1,2.66000008583,2.72000002861,2.75999999046,2.65000009537,3.7593947895981694,1,0.369003332812734,1.470586817252384,-1.4492739850819114,0.7352934088100227,-1.0948894629761896,0.0,3.0,3.0,0.4166666666944435,2.583023330427192,1.470586817252384,1.8382335214735646
ABEV,2023-01-18,train,True,True,D-1,2.75,2.65000009537,2.65000009537,2.61999988556,-3.6363601683636393,0,1.470586817252384,-1.4492739850819114,0.7352934088100227,-1.0948894629761896,0.369003332812734,0.0,3.0,4.0,0.5384615384497036,2.205880226062429,1.470586817252384,2.200513126024839
ABEV,2023-01-19,train,True,True,D-1,2.63000011444,2.59999990463,2.61999988556,2.6099998951,-0.3802368229983699,0,-1.4492739850819114,0.7352934088100227,-1.0948894629761896,0.369003332812734,-2.5735269302836095,-3.9855034590658422,2.0,3.0,0.0769230769704132,4.528297405334469,0.7352934088100227,2.9493134064244697
ABEV,2023-01-20,train,True,True,D-1,2.57999992371,2.59999990463,2.6099998951,2.63000011444,1.9379919460656536,0,0.7352934088100227,-1.0948894629761896,0.369003332812734,-2.5735269302836095,-1.8867995826626016,-4.411769217565897,2.0,4.0,0.0,6.538464712912839,0.7352934088100227,5.14706262637592
ABEV,2023-01-23,train,True,True,D-1,2.55999994278,2.56999993324,2.63000011444,2.69000005722,5.078129583816615,1,-1.0948894629761896,0.369003332812734,-2.5735269302836095,-1.8867995826626016,0.0,-5.109492862137022,1.0,2.0,0.1999997615700571,6.153849680727919,0.369003332812734,2.2558029154753356
ABEV,2023-01-24,train,True,True,D-1,2.58999991417,2.63000011444,2.69000005722,2.71000003815,4.6332095736171475,1,0.369003332812734,-2.5735269302836095,-1.8867995826626016,0.0,-1.1538450957854662,-5.166055459009211,1.0,3.0,0.0952379870839209,7.39299852745392,0.369003332812734,1.5228484285982002
ABEV,2023-01-25,train,True,True,D-1,2.63000011444,2.68000006676,2.71000003815,2.69000005722,3.0418220619368386,1,-2.5735269302836095,-1.8867995826626016,0.0,-1.1538450957854662,2.3346374614242826,-3.308820339093621,1.0,4.0,0.38095308376404546,4.942960850314648,2.3346374614242826,0.0
ABEV,2023-01-26,train,True,True,D-1,2.70000004768,2.68000006676,2.69000005722,2.67000007629,-0.37037001049659013,0,-1.8867995826626016,0.0,-1.1538450957854662,2.3346374614242826,1.9011387887580389,1.1320743513336229,2.0,0.0,0.9285715502346035,0.37313396309313074,2.3346374614242826,0.0
ABEV,2023-01-27,train,True,True,D-1,2.67000007629,2.65000009537,2.67000007629,2.69000005722,0.7490629347767674,0,0.0,-1.1538450957854662,2.3346374614242826,1.9011387887580389,0.0,3.0769294255564406,2.0,0.0,0.8125002793943809,1.119401889652516,2.3346374614242826,2.3346374614242826
ABEV,2023-01-30,train,True,True,D-1,2.66000008583,2.61999988556,2.69000005722,2.63000011444,1.1278184369170274,0,-1.1538450957854662,2.3346374614242826,1.9011387887580389,0.0,-1.119401889652516,1.9230843297709743,2.0,1.0,0.6250005587887618,2.2641487026672236,2.3346374614242826,3.4540393510767986
ABEV,2023-01-31,train,True,True,D-1,2.65000009537,2.66000008583,2.63000011444,2.6400001049,-0.37735811736276936,0,2.3346374614242826,1.9011387887580389,0.0,-1.119401889652516,-1.1320833483144166,1.9455234871140537,2.0,2.0,0.3076917433673605,3.4351204779065725,2.3346374614242826,4.573450136997737
ABEV,2023-02-01,train,True,True,D-1,2.58999991417,2.58999991417,2.6400001049,2.56999993324,1.930509358569732,0,1.9011387887580389,0.0,-1.119401889652516,-1.1320833483144166,1.5267252678314636,1.1406832731787997,2.0,3.0,0.5000011920482957,1.8796973949870566,1.9011387887580389,1.9011387887580389
ABEV,2023-02-02,train,True,True,D-1,2.63000011444,2.57999992371,2.56999993324,2.52999997139,-2.281375611756409,0,0.0,-1.119401889652516,-1.1320833483144166,1.5267252678314636,-2.631585315838747,-3.35821456522597,1.0,4.0,0.4285709420000877,4.6332095736171475,1.5267252678314636,1.1450371259687286
ABEV,2023-02-03,train,True,True,D-1,2.53999996185,2.50999999046,2.52999997139,2.5,-0.3937004177242742,0,-1.119401889652516,-1.1320833483144166,1.5267252678314636,-2.631585315838747,-0.3861000305555806,-3.7313485283190895,1.0,4.0,0.4210521032494669,4.263571192351878,1.5267252678314636,4.534250062517242
ABEV,2023-02-06,train,True,True,D-1,2.50999999046,2.5,2.5,2.52999997139,0.7968119922715511,0,-1.1320833483144166,1.5267252678314636,-2.631585315838747,-0.3861000305555806,-2.7131757875923257,-5.283022636663448,1.0,3.0,0.09999988076002744,7.171317428053525,1.5267252678314636,4.615525513434449
ABEV,2023-02-07,train,True,True,D-1,2.47000002861,2.49000000954,2.52999997139,2.5,2.4291474528348678,0,1.5267252678314636,-2.631585315838747,-0.3861000305555806,-2.7131757875923257,-0.3984059959365682,-4.580148503874881,1.0,4.0,0.09523798712700479,7.600002288800001,1.5267252678314636,4.627497596342289
ABEV,2023-02-08,train,True,True,D-1,2.50999999046,2.5,2.5,2.45000004768,-0.3984059959365682,0,-2.631585315838747,-0.3861000305555806,-2.7131757875923257,-0.3984059959365682,-0.3999996183999932,-6.390980105436905,0.0,3.0,0.21052605165104923,6.024100192180759,-0.3861000305555806,0.7968119918731364
ABEV,2023-02-09,train,True,True,D-1,2.49000000954,2.45000004768,2.45000004768,2.51999998093,1.2048181234963984,0,-0.3861000305555806,-2.7131757875923257,-0.3984059959365682,-0.3999996183999932,0.40160604103158803,-3.4749002761585657,1.0,4.0,0.26315756453749517,5.600004195999997,0.40160604103158803,0.0
ABEV,2023-02-10,train,True,True,D-1,2.43000006676,2.44000005722,2.51999998093,2.55999994278,5.34978898964944,1,-2.7131757875923257,-0.3984059959365682,-0.3999996183999932,0.40160604103158803,-1.9999980927999927,-5.0387550338785285,1.0,4.0,0.14285714281632786,4.897954417332873,0.40160604103158803,1.6064241649295985
ABEV,2023-02-13,train,True,True,D-1,2.48000001907,2.50999999046,2.55999994278,2.53999996185,3.2258033505983663,1,-0.3984059959365682,-0.3999996183999932,0.40160604103158803,-1.9999980927999927,-0.4081628679750371,-2.788841972352818,1.0,4.0,0.3076923076745554,3.688520986042154,0.40160604103158803,2.801603752231596
ABEV,2023-02-14,train,True,True,D-1,2.54999995232,2.49000000954,2.53999996185,2.5,-0.39215649635215843,0,-0.3999996183999932,0.40160604103158803,-1.9999980927999927,-0.4081628679750371,2.868849655673955,0.3999996184000043,2.0,3.0,0.846153846124259,0.7968119922715511,2.868849655673955,0.40160604103158803
ABEV,2023-02-15,train,True,True,D-1,2.5,2.51999998093,2.5,2.53999996185,1.5999984740000084,0,0.40160604103158803,-1.9999980927999927,-0.4081628679750371,2.868849655673955,-0.7968119918731364,0.0,2.0,0.0,0.5625000000117193,2.811242288024407,2.868849655673955,0.40160604103158803
ABEV,2023-02-16,train,True,True,D-1,2.49000000954,2.5,2.53999996185,2.54999995232,2.4096362469927968,0,-1.9999980927999927,-0.4081628679750371,2.868849655673955,-0.7968119918731364,1.2048181234963984,0.7999992371999998,2.0,1.0,0.7500000000156257,1.5873000854245367,2.868849655673955,2.868849655673955
ABEV,2023-02-17,train,True,True,D-1,2.49000000954,2.51999998093,2.54999995232,2.55999994278,2.811242288024407,0,-0.4081628679750371,2.868849655673955,-0.7968119918731364,1.2048181234963984,-0.7936500429106874,2.0408143406914103,2.0,2.0,0.6249999999921871,2.399997711200008,2.868849655673955,2.868849655673955
ABEV,2023-02-21,train,True,True,D-1,2.51999998093,2.51999998093,2.55999994278,2.58999991417,2.777775149592121,0,2.868849655673955,-0.7968119918731364,1.2048181234963984,-0.7936500429106874,0.7999992371999998,3.2786853210629685,3.0,3.0,0.6666666666944457,1.5873000854245367,2.868849655673955,2.868849655673955
ABEV,2023-02-22,train,True,True,D-1,2.53999996185,2.53999996185,2.58999991417,2.56999993324,1.9685020894087968,0,-0.7968119918731364,1.2048181234963984,-0.7936500429106874,0.7999992371999998,0.0,0.39840599633498286,2.0,4.0,0.6666666666944457,1.5873000854245367,1.2048181234963984,1.2048181234963984
ABEV,2023-02-23,train,True,True,D-1,2.57999992371,2.57999992371,2.56999993324,2.57999992371,0.0,0,1.2048181234963984,-0.7936500429106874,0.7999992371999998,0.0,0.7936500425138382,2.0080302055595967,3.0,0.0,0.8333333333055543,0.7874008358422779,1.2048181234963984,1.2048181234963984
ABEV,2023-02-24,train,True,True,D-1,2.51999998093,2.54999995232,2.57999992371,2.58999991417,2.777775149592121,0,-0.7936500429106874,0.7999992371999998,0.0,0.7936500425138382,1.5748016716845115,2.380950128335191,3.0,0.0,0.9333333333555563,0.38759654091848894,1.5748016716845115,0.7999992371999998
ABEV,2023-02-27,train,True,True,D-1,2.55999994278,2.56999993324,2.58999991417,2.58999991417,1.1718739086150842,0,0.7999992371999998,0.0,0.7936500425138382,1.5748016716845115,-1.1627896231431123,1.9999980928000038,3.0,1.0,0.6363636364049591,1.568625984232197,1.5748016716845115,0.7999992371999998
ABEV,2023-02-28,train,True,True,D-1,2.56999993324,2.54999995232,2.58999991417,2.54999995232,0.7782093949234348,0,0.0,0.7936500425138382,1.5748016716845115,-1.1627896231431123,0.7843129919200331,1.9841251066814447,3.0,2.0,0.7777777777407429,0.7782093949234348,1.5748016716845115,1.9623982129906126
ABEV,2023-03-01,train,True,True,D-1,2.57999992371,2.57999992371,2.54999995232,2.52999997139,-1.1627896231431123,0,0.7936500425138382,1.5748016716845115,-1.1627896231431123,0.7843129919200331,-0.778209394534346,1.1904750641675843,3.0,3.0,0.5000000000625001,1.568625984232197,1.5748016716845115,1.5748016716845115
ABEV,2023-03-02,train,True,True,D-1,2.50999999046,2.51999998093,2.52999997139,2.61999988556,4.382465956895909,1,1.5748016716845115,-1.1627896231431123,0.7843129919200331,-0.778209394534346,1.1764694882721916,1.5748016716845115,3.0,4.0,0.8750000000468764,0.38759654091848894,1.5748016716845115,1.5748016716845115
ABEV,2023-03-03,train,True,True,D-1,2.51999998093,2.51999998093,2.61999988556,2.6099998951,3.9682502137597275,1,-1.1627896231431123,0.7843129919200331,-0.778209394534346,1.1764694882721916,-2.3255792462862135,-2.3255792462862135,2.0,2.0,0.22222222225926203,2.777775149592121,1.1764694882721916,1.9607824801922025
ABEV,2023-03-06,train,True,True,D-1,2.51999998093,2.6099998951,2.6099998951,2.6400001049,4.761909717384749,1,0.7843129919200331,-0.778209394534346,1.1764694882721916,-2.3255792462862135,0.0,-1.1764694882721694,2.0,3.0,0.36363636368595414,2.777775149592121,1.1764694882721916,3.502048734558405
ABEV,2023-03-07,train,True,True,D-1,2.58999991417,2.56999993324,2.6400001049,2.67000007629,3.0888094506225983,1,-0.778209394534346,1.1764694882721916,-2.3255792462862135,0.0,3.5714251925027973,1.5564187898468917,2.0,0.0,0.9285714285969398,0.3831414123339094,3.5714251925027973,1.1764694882721916
ABEV,2023-03-08,train,True,True,D-1,2.59999990463,2.63000011444,2.67000007629,2.6400001049,2.692314393371542,0,1.1764694882721916,-2.3255792462862135,0.0,3.5714251925027973,-1.532565650101969,0.7843129919200331,2.0,1.0,0.642857142841838,1.9455234871140537,3.5714251925027973,1.1764694882721916
ABEV,2023-03-09,train,True,True,D-1,2.66000008583,2.61999988556,2.6400001049,2.6099998951,-0.751878958070018,0,-2.3255792462862135,0.0,3.5714251925027973,-1.532565650101969,2.3346374614242826,1.9379919460656536,2.0,0.0,0.9375000931522945,0.3802277575995161,3.5714251925027973,3.5714251925027973
ABEV,2023-03-10,train,True,True,D-1,2.58999991417,2.57999992371,2.6099998951,2.68000006676,3.474909481564281,1,0.0,3.5714251925027973,-1.532565650101969,2.3346374614242826,-0.3802368229983699,3.9682502137597275,2.0,0.0,0.7368411806734086,1.908404309693812,3.5714251925027973,3.5714251925027973
ABEV,2023-03-13,train,True,True,D-1,2.56999993324,2.55999994278,2.68000006676,2.66000008583,4.280160948538336,1,3.5714251925027973,-1.532565650101969,2.3346374614242826,-0.3802368229983699,-1.526716167831066,2.380950128335191,2.0,1.0,0.3999993642404031,3.488378110127277,3.5714251925027973,5.4725730462794715
ABEV,2023-03-14,train,True,True,D-1,2.61999988556,2.65000009537,2.66000008583,2.72000002861,3.8167995197688986,1,-1.532565650101969,2.3346374614242826,-0.3802368229983699,-1.526716167831066,-0.7751930822246011,-1.9157070624358896,1.0,2.0,0.15384587172214348,4.296880311276352,2.3346374614242826,4.624711713361718
ABEV,2023-03-15,train,True,True,D-1,2.61999988556,2.65000009537,2.72000002861,2.71000003815,3.8167995197688986,1,2.3346374614242826,-0.3802368229983699,-1.526716167831066,-0.7751930822246011,3.51563103912671,3.1128468563477174,2.0,0.0,0.7500004967078187,1.1320743513336229,3.51563103912671,2.3346374614242826
ABEV,2023-03-16,train,True,True,D-1,2.67000007629,2.71000003815,2.71000003815,2.70000004768,1.498125869553557,0,-0.3802368229983699,-1.526716167831066,-0.7751930822246011,3.51563103912671,0.0,0.7604555155792614,1.0,1.0,0.7500004967078187,1.1320743513336229,3.51563103912671,0.0
ABEV,2023-03-17,train,True,True,D-1,2.65000009537,2.69000005722,2.70000004768,2.69000005722,1.8867905853044542,0,-1.526716167831066,-0.7751930822246011,3.51563103912671,0.0,2.2641487026672236,3.4351204779065725,2.0,0.0,0.9375000931522943,0.369003332812734,3.51563103912671,3.51563103912671
ABEV,2023-03-20,train,True,True,D-1,2.68000006676,2.68000006676,2.69000005722,2.68000006676,0.37313396309313074,0,-0.7751930822246011,3.51563103912671,0.0,2.2641487026672236,-0.738006665994495,4.263571192351878,2.0,1.0,0.8125002793943804,1.115240548396268,3.51563103912671,3.51563103912671
ABEV,2023-03-21,train,True,True,D-1,2.68000006676,2.63000011444,2.68000006676,2.68000006676,0.0,0,3.51563103912671,0.0,2.2641487026672236,-0.738006665994495,-0.37174684934150326,4.687504947741794,2.0,2.0,0.636364424536233,1.4925358527456467,3.51563103912671,4.622641037933938
ABEV,2023-03-22,train,True,True,D-1,2.6400001049,2.63000011444,2.68000006676,2.66000008583,1.515150010250288,0,0.0,2.2641487026672236,-0.738006665994495,-0.37174684934150326,-1.86566981621189,-0.754716234348185,1.0,3.0,0.18181995513834345,3.4220498195363547,2.2641487026672236,4.494629799459737
ABEV,2023-03-23,train,True,True,D-1,2.67000007629,2.58999991417,2.66000008583,2.68000006676,0.37453146757564504,0,2.2641487026672236,-0.738006665994495,-0.37174684934150326,-1.86566981621189,0.0,-0.754716234348185,1.0,4.0,0.18181995513834345,3.4220498195363547,2.2641487026672236,4.129818518879114
ABEV,2023-03-24,train,True,True,D-1,2.59999990463,2.63000011444,2.68000006676,2.8900001049,11.153854265670414,1,-0.738006665994495,-0.37174684934150326,-1.86566981621189,0.0,-1.5209200961771585,-4.428048793014739,0.0,4.0,0.19999968210686675,4.6332095736171475,0.0,1.5209200961771585
ABEV,2023-03-27,train,True,True,D-1,2.65000009537,2.66000008583,2.8900001049,2.8900001049,9.056603807272335,1,-0.37174684934150326,-1.86566981621189,0.0,-1.5209200961771585,1.5444093280141624,-2.2304810967925137,1.0,4.0,0.500000851499361,2.6615943039570933,1.5444093280141624,0.0
ABEV,2023-03-28,train,True,True,D-1,2.68000006676,2.77999997139,2.8900001049,2.91000008583,8.582090050022284,1,-1.86566981621189,0.0,-1.5209200961771585,1.5444093280141624,1.1406832731787997,-0.7462679265593741,2.0,4.0,0.7692311924552506,1.1278184369170274,1.5444093280141624,0.0
ABEV,2023-03-29,train,True,True,D-1,2.79999995232,2.8599998951,2.91000008583,2.86999988556,3.9285762636837696,1,0.0,-1.5209200961771585,1.5444093280141624,1.1406832731787997,4.511273747668176,5.703416365893932,3.0,0.0,0.6666664258486034,3.9568393756133746,4.511273747668176,1.5444093280141624
ABEV,2023-03-30,train,True,True,D-1,2.90000009537,2.86999988556,2.86999988556,2.81999993324,-1.03448995942782,0,-1.5209200961771585,1.5444093280141624,1.1406832731787997,4.511273747668176,2.877695127097435,8.74523842783077,4.0,1.0,0.9090903179947811,1.0489584230894078,4.511273747668176,1.5444093280141624
ABEV,2023-03-31,train,True,True,D-1,2.84999990463,2.81999993324,2.81999993324,2.8599998951,0.3508768703379461,0,1.5444093280141624,1.1406832731787997,4.511273747668176,2.877695127097435,0.34965002890849917,10.810810064437003,5.0,0.0,0.8823524049466069,1.393735256619899,4.511273747668176,4.511273747668176
ABEV,2023-04-03,train,True,True,D-1,2.75999999046,2.80999994278,2.8599998951,2.86999988556,3.9855034594281635,1,1.1406832731787997,4.511273747668176,2.877695127097435,0.34965002890849917,-1.7421586868894168,7.2243273966722255,4.0,1.0,0.6666660779752671,3.1914948482497207,4.511273747668176,5.909873864001447
ABEV,2023-04-04,train,True,True,D-1,2.83999991417,2.81999993324,2.86999988556,2.86999988556,1.0563370526990967,0,4.511273747668176,2.877695127097435,0.34965002890849917,-1.7421586868894168,-0.35460959917508195,5.639092184585226,3.0,2.0,0.5652168053970247,3.558724024423543,4.511273747668176,6.601864171796102
ABEV,2023-04-05,train,True,True,D-1,2.84999990463,2.81999993324,2.86999988556,2.83999991417,0.7017537403249952,0,2.877695127097435,0.34965002890849917,-1.7421586868894168,-0.35460959917508195,0.3558715538658275,1.4388475633688502,3.0,3.0,0.3999993642137383,3.1914948482497207,2.877695127097435,2.877695127097435
ABEV,2023-04-06,train,True,True,D-1,2.84999990463,2.83999991417,2.83999991417,2.95000004768,3.5087770665375606,1,0.34965002890849917,-1.7421586868894168,-0.35460959917508195,0.3558715538658275,0.0,-1.3986001163332706,2.0,4.0,0.3999993642137383,3.1914948482497207,0.3558715538658275,0.34965002890849917
ABEV,2023-04-10,train,True,True,D-1,2.81999993324,2.81999993324,2.95000004768,3.0,6.382981241889296,1,-1.7421586868894168,-0.35460959917508195,0.3558715538658275,0.0,0.7092191987047691,-1.045295212063968,2.0,4.0,0.727272727280991,1.0563370526990967,0.7092191987047691,0.3558715538658275
ABEV,2023-04-11,train,True,True,D-1,2.92000007629,2.91000008583,3.0,2.96000003815,2.739723343146072,0,-0.35460959917508195,0.3558715538658275,0.0,0.7092191987047691,-0.7042247019167558,0.0,2.0,2.0,0.545454545438018,1.7730479965846424,0.7092191987047691,0.3558715538658275
ABEV,2023-04-12,train,True,True,D-1,2.95000004768,2.97000002861,2.96000003815,2.97000002861,0.67796544429648,0,0.3558715538658275,0.0,0.7092191987047691,-0.7042247019167558,3.1914948482497207,3.558724024423543,3.0,0.0,0.7647062123562534,1.374569095196132,3.1914948482497207,0.7092191987047691
ABEV,2023-04-13,train,True,True,D-1,2.94000005722,2.93000006676,2.97000002861,2.97000002861,1.020407170276294,0,0.0,0.7092191987047691,-0.7042247019167558,3.1914948482497207,2.061853642966005,5.319152444009423,3.0,0.0,0.8636365114152695,1.010100037071071,3.1914948482497207,0.7092191987047691
ABEV,2023-04-14,train,True,True,D-1,2.92000007629,2.94000005722,2.97000002861,2.96000003815,1.7123270895091025,0,0.7092191987047691,-0.7042247019167558,3.1914948482497207,2.061853642966005,-1.3468000493158439,3.90071404695449,3.0,1.0,0.6500004172399003,2.389076165360171,3.1914948482497207,3.1914948482497207
ABEV,2023-04-17,train,True,True,D-1,2.95000004768,2.95000004768,2.96000003815,2.88000011444,0.33898272231771553,0,-0.7042247019167558,3.1914948482497207,2.061853642966005,-1.3468000493158439,0.3412965949539437,3.5211319039502698,3.0,2.0,0.7000003576199139,2.040814340552588,3.1914948482497207,4.20159488532078
ABEV,2023-04-18,train,True,True,D-1,2.92000007629,2.92000007629,2.88000011444,2.92000007629,0.0,0,3.1914948482497207,2.061853642966005,-1.3468000493158439,0.3412965949539437,0.34013572331206277,4.609933245304654,4.0,3.0,0.49999999995000216,1.6949136105717022,3.1914948482497207,3.1914948482497207
ABEV,2023-04-19,train,True,True,D-1,2.8599998951,2.84999990463,2.92000007629,2.8900001049,2.0979085101645367,0,2.061853642966005,-1.3468000493158439,0.3412965949539437,0.34013572331206277,-1.0169481662752222,0.3436422737131073,3.0,4.0,0.272727272719009,2.739723343146072,2.061853642966005,2.7421250899302363
ABEV,2023-04-20,train,True,True,D-1,2.8599998951,2.88000011444,2.8900001049,2.88000011444,1.0489584230894078,0,-1.3468000493158439,0.3412965949539437,0.34013572331206277,-1.0169481662752222,-2.397266090107042,-4.040408175893562,2.0,3.0,0.07692293582261193,4.210530806862556,0.3412965949539437,3.731131897792128
ABEV,2023-04-21,train,True,True,D-1,2.8900001049,2.82999992371,2.88000011444,2.80999994278,-0.34602041858216026,0,0.3412965949539437,0.34013572331206277,-1.0169481662752222,-2.397266090107042,1.0526389759263788,-1.7064829754522837,3.0,4.0,0.3076935773657475,3.1249968956164276,1.0526389759263788,1.711158266355739
ABEV,2023-04-24,train,True,True,D-1,2.88000011444,2.81999993324,2.80999994278,2.80999994278,-2.430561419391153,0,0.34013572331206277,-1.0169481662752222,-2.397266090107042,1.0526389759263788,-1.7361176646939924,-3.741501066976627,2.0,4.0,0.06666656074673334,4.9470003065041235,1.0526389759263788,1.0418894632861941
ABEV,2023-04-25,train,True,True,D-1,2.76999998093,2.78999996185,2.80999994278,2.80999994278,1.4440419539847982,0,-1.0169481662752222,-2.397266090107042,1.0526389759263788,-1.7361176646939924,-0.3533565632358848,-4.406783469113417,1.0,4.0,0.0,4.964542844834341,1.0526389759263788,3.135978518142568
ABEV,2023-04-26,train,True,True,D-1,2.77999997139,2.76999998093,2.80999994278,2.80999994278,1.0791356726165713,0,-2.397266090107042,1.0526389759263788,-1.7361176646939924,-0.3533565632358848,-1.0638287978798622,-4.452058597380981,1.0,3.0,0.1874997206056191,4.659502373390678,1.0526389759263788,2.466065228163228
ABEV,2023-04-27,train,True,True,D-1,2.79999995232,2.79999995232,2.80999994278,2.82999992371,1.0714275678877394,0,1.0526389759263788,-1.7361176646939924,-0.3533565632358848,-1.0638287978798622,-0.7168452040672513,-2.807014960598253,1.0,4.0,0.0624999069102082,5.4151659347535075,1.0526389759263788,2.825686972156405
ABEV,2023-04-28,train,True,True,D-1,2.76999998093,2.79999995232,2.82999992371,2.80999994278,2.1660629311576862,0,-1.7361176646939924,-0.3533565632358848,-1.0638287978798622,-0.7168452040672513,1.0830314655788431,-2.7777832965661498,1.0,4.0,0.3076917434442835,3.214291218306209,1.0830314655788431,0.0
ABEV,2023-05-01,train,True,True,D-1,2.78999996185,2.78999996185,2.80999994278,2.91000008583,4.301079771357075,1,-0.3533565632358848,-1.0638287978798622,-0.7168452040672513,1.0830314655788431,0.0,-1.0600696890009642,1.0,4.0,0.33333267111179476,2.85714869579603,1.0830314655788431,0.0
ABEV,2023-05-02,train,True,True,D-1,2.79999995232,2.79999995232,2.91000008583,2.98000001907,6.428573921969427,1,-1.0638287978798622,-0.7168452040672513,1.0830314655788431,0.0,-0.3571425228673375,-1.0638287978798622,1.0,0.0,0.4285714285306131,1.4336904088513513,1.0830314655788431,1.4401739884461806
ABEV,2023-05-03,train,True,True,D-1,2.83999991417,2.88000011444,2.98000001907,2.93000006676,4.929581307431685,1,-0.7168452040672513,1.0830314655788431,0.0,-0.3571425228673375,0.35842260239205004,0.35842260239205004,2.0,1.0,0.5714285714693869,1.0714275678877394,1.0830314655788431,1.0830314655788431
ABEV,2023-05-04,train,True,True,D-1,2.97000002861,2.91000008583,2.93000006676,2.91000008583,-1.3468000493158439,0,1.0830314655788431,0.0,-0.3571425228673375,0.35842260239205004,2.85714869579603,3.9711239807687093,3.0,0.0,0.8000003178931309,1.0416656318721573,2.85714869579603,1.0830314655788431
ABEV,2023-05-05,train,True,True,D-1,2.88000011444,2.8900001049,2.91000008583,2.90000009537,1.0416656318721573,0,0.0,-0.3571425228673375,0.35842260239205004,2.85714869579603,1.0416656318721573,3.9285762636837696,3.0,0.0,0.681818526650783,2.4054959166791345,2.85714869579603,0.35842260239205004
ABEV,2023-05-08,train,True,True,D-1,2.8900001049,2.86999988556,2.90000009537,2.90000009537,0.34602041892817237,0,-0.3571425228673375,0.35842260239205004,2.85714869579603,1.0416656318721573,-0.6872845477698952,3.214291218306209,3.0,1.0,0.5909095342458106,3.1141837682775453,2.85714869579603,2.85714869579603
ABEV,2023-05-09,train,True,True,D-1,2.8599998951,2.8599998951,2.90000009537,2.92000007629,2.0979085101645367,0,0.35842260239205004,2.85714869579603,1.0416656318721573,-0.6872845477698952,-0.6920490869910201,2.8673808173443005,3.0,2.0,0.49999945815916197,3.832757417986321,2.85714869579603,4.231725984119072
ABEV,2023-05-10,train,True,True,D-1,2.88000011444,2.88000011444,2.92000007629,2.93000006676,1.7361093865693178,0,2.85714869579603,1.0416656318721573,-0.6872845477698952,-0.6920490869910201,-0.3484317372385082,2.142855135775479,2.0,3.0,0.1428568996022247,4.195808684314795,2.85714869579603,3.8952182013692105
ABEV,2023-05-11,train,True,True,D-1,2.88000011444,2.90000009537,2.93000006676,2.97000002861,3.1249968956164276,1,1.0416656318721573,-0.6872845477698952,-0.6920490869910201,-0.3484317372385082,0.6993083941809308,0.0,2.0,4.0,0.2307706415431363,3.4722187727914022,1.0416656318721573,1.0416656318721573
ABEV,2023-05-12,train,True,True,D-1,2.8900001049,2.91000008583,2.97000002861,2.99000000954,3.46020418720574,1,-0.6872845477698952,-0.6920490869910201,-0.3484317372385082,0.6993083941809308,0.6944437546971605,-0.3436422737131295,2.0,4.0,0.6250011176071074,1.034481738048787,0.6993083941809308,0.0
ABEV,2023-05-15,train,True,True,D-1,2.94000005722,2.96000003815,2.99000000954,2.95000004768,1.7006786172405475,0,-0.6920490869910201,-0.3484317372385082,0.6993083941809308,0.6944437546971605,0.34482724590132463,0.6920408375103548,3.0,0.0,0.7500007450297421,0.687284547769873,0.6993083941809308,0.6993083941809308
ABEV,2023-05-16,train,True,True,D-1,2.98000001907,2.94000005722,2.95000004768,2.91000008583,-1.0067104428865714,0,-0.3484317372385082,0.6993083941809308,0.6944437546971605,0.34482724590132463,1.7182113692528977,3.1358939435093047,4.0,0.0,0.9166668322637186,0.337837511186323,1.7182113692528977,0.6993083941809308
ABEV,2023-05-17,train,True,True,D-1,2.95000004768,2.91000008583,2.91000008583,2.92000007629,-1.0169481662752222,0,0.6993083941809308,0.6944437546971605,0.34482724590132463,1.7182113692528977,-0.6756750227104757,2.7972085683311665,4.0,0.0,0.6428577510556642,1.7006786172405475,1.7182113692528977,0.6993083941809308
ABEV,2023-05-18,train,True,True,D-1,2.91000008583,2.90000009537,2.92000007629,2.94000005722,1.0309268214830025,0,0.6944437546971605,0.34482724590132463,1.7182113692528977,-0.6756750227104757,-1.020407170276283,1.0416656318721573,3.0,1.0,0.3333346578597437,2.7491381907359003,1.7182113692528977,3.40739892586015
ABEV,2023-05-19,train,True,True,D-1,2.91000008583,2.88000011444,2.94000005722,2.93000006676,1.0309268214830025,0,0.34482724590132463,1.7182113692528977,-0.6756750227104757,-1.020407170276283,-0.3436422737131295,0.0,2.0,2.0,0.3571439519430546,3.103445214146361,1.7182113692528977,3.0787542628412434
ABEV,2023-05-22,train,True,True,D-1,2.94000005722,2.8900001049,2.93000006676,2.96000003815,0.6802714469642535,0,1.7182113692528977,-0.6756750227104757,-1.020407170276283,-0.3436422737131295,-0.6896544921474623,-1.0309268214830136,1.0,3.0,0.21428705235103715,3.8194406503136102,1.7182113692528977,2.7491381907359114
ABEV,2023-05-23,train,True,True,D-1,2.8900001049,2.88000011444,2.96000003815,2.95000004768,2.4221429311132248,0,-0.6756750227104757,-1.020407170276283,-0.3436422737131295,-0.6896544921474623,0.34722187717497466,-2.364862579317739,1.0,4.0,0.2857155021113316,3.46020418720574,0.34722187717497466,0.3448272462461377
ABEV,2023-05-24,train,True,True,D-1,2.92000007629,2.94000005722,2.95000004768,2.95000004768,1.0273962536369696,0,-1.020407170276283,-0.3436422737131295,-0.6896544921474623,0.34722187717497466,-0.34602041858216026,-2.040814340552577,1.0,4.0,0.3000016689476112,2.430553140919267,0.34722187717497466,0.0
ABEV,2023-05-25,train,True,True,D-1,2.92000007629,2.91000008583,2.95000004768,2.8900001049,1.0273962536369696,0,-0.3436422737131295,-0.6896544921474623,0.34722187717497466,-0.34602041858216026,2.0833312637442924,1.0309268214830025,2.0,0.0,0.8181822122391889,0.6802714469642535,2.0833312637442924,0.34722187717497466
ABEV,2023-05-26,train,True,True,D-1,2.94000005722,2.91000008583,2.8900001049,2.81999993324,-1.7006786172405253,0,-0.6896544921474623,0.34722187717497466,-0.34602041858216026,2.0833312637442924,-1.020407170276283,0.34482724590132463,2.0,1.0,0.5000011920482957,1.7182113692528977,2.0833312637442924,0.34722187717497466
ABEV,2023-05-30,train,True,True,D-1,2.8900001049,2.82999992371,2.81999993324,2.83999991417,-1.7301103430835352,0,0.34722187717497466,-0.34602041858216026,2.0833312637442924,-1.020407170276283,0.0,1.0416656318721573,2.0,2.0,0.444445916133309,1.7182113692528977,2.0833312637442924,3.1037384340205754
ABEV,2023-05-31,train,True,True,D-1,2.80999994278,2.78999996185,2.83999991417,2.92000007629,3.9145955782893704,1,-0.34602041858216026,2.0833312637442924,-1.020407170276283,0.0,-2.7491463835191743,-2.0761307616657065,1.0,3.0,0.13333312142680004,4.593643743621589,2.0833312637442924,4.832477647263467
ABEV,2023-06-01,train,True,True,D-1,2.80999994278,2.81999993324,2.92000007629,2.92000007629,3.9145955782893704,1,2.0833312637442924,-1.020407170276283,0.0,-2.7491463835191743,-1.413426252236849,-3.1250051740883356,1.0,4.0,0.14999982118254304,6.093192782242052,2.0833312637442924,6.207046742803235
ABEV,2023-06-02,train,True,True,D-1,2.8599998951,2.90000009537,2.92000007629,3.0,4.895108742481424,1,-1.020407170276283,0.0,-2.7491463835191743,-1.413426252236849,1.0752678064593013,-4.081636790628817,1.0,4.0,0.31578907742394274,4.609933245304654,1.0752678064593013,0.3533565632358848
ABEV,2023-06-05,train,True,True,D-1,2.90000009537,2.88000011444,3.0,3.02999997139,4.4827541980964725,1,0.0,-2.7491463835191743,-1.413426252236849,1.0752678064593013,2.8368852490746166,-0.3436422737131295,2.0,4.0,0.7368424355151346,1.7241362298514362,2.8368852490746166,0.0
ABEV,2023-06-06,train,True,True,D-1,2.8900001049,2.98000001907,3.02999997139,3.01999998093,4.844285861880415,1,-2.7491463835191743,-1.413426252236849,1.0752678064593013,2.8368852490746166,-0.6896544921474623,-1.0309268214830136,2.0,1.0,0.7500003725466754,1.388887509047132,2.8368852490746166,1.0752678064593013
ABEV,2023-06-07,train,True,True,D-1,3.0,2.99000000954,3.01999998093,3.09999990463,3.333330154333347,1,-1.413426252236849,1.0752678064593013,2.8368852490746166,-0.6896544921474623,3.4722187727914022,5.300356869386635,3.0,0.0,0.9166667494374958,0.6711402953695877,3.4722187727914022,2.8368852490746166
ABEV,2023-06-08,train,True,True,D-1,2.97000002861,3.0,3.09999990463,3.09999990463,4.377100160529013,1,1.0752678064593013,2.8368852490746166,-0.6896544921474623,3.4722187727914022,0.335570147852593,7.168460588701353,4.0,0.0,0.8333334989166602,1.337791361952334,3.4722187727914022,2.8368852490746166
ABEV,2023-06-09,train,True,True,D-1,3.01999998093,3.09999990463,3.09999990463,3.13000011444,3.642388549821307,1,2.8368852490746166,-0.6896544921474623,3.4722187727914022,0.335570147852593,0.3344478404044615,6.382981241889296,4.0,1.0,0.8421054612880287,0.9999990463333441,3.4722187727914022,3.4722187727914022
ABEV,2023-06-12,train,True,True,D-1,3.06999993324,3.07999992371,3.13000011444,3.16000008583,2.9316011253138985,0,-0.6896544921474623,3.4722187727914022,0.335570147852593,0.3344478404044615,3.333330154333347,6.896544920095371,4.0,0.0,1.0,0.0,3.4722187727914022,3.4722187727914022
ABEV,2023-06-13,train,True,True,D-1,3.08999991417,3.09999990463,3.16000008583,3.16000008583,2.2653777865493163,0,3.4722187727914022,0.335570147852593,0.3344478404044615,3.333330154333347,-0.645160694686775,6.94443754593006,4.0,1.0,0.9047619047936499,0.6493500459542112,3.4722187727914022,3.4722187727914022
ABEV,2023-06-14,train,True,True,D-1,3.11999988556,3.1400001049,3.16000008583,3.15000009537,1.2820577479867756,0,0.335570147852593,0.3344478404044615,3.333330154333347,-0.645160694686775,0.6493500459542112,4.0268417715463745,4.0,0.0,0.8235282567825262,0.9677487333207058,3.333330154333347,3.333330154333347
ABEV,2023-06-15,train,True,True,D-1,3.1400001049,3.13000011444,3.15000009537,3.13000011444,0.31847102343707245,0,0.3344478404044615,3.333330154333347,-0.645160694686775,0.6493500459542112,1.2903290806640877,5.016725581317871,4.0,0.0,0.9000001191899706,0.6369420465556663,3.333330154333347,3.333330154333347
ABEV,2023-06-16,train,True,True,D-1,3.08999991417,3.08999991417,3.13000011444,3.19000005722,3.2362506740347463,1,3.333330154333347,-0.645160694686775,0.6493500459542112,1.2903290806640877,-0.3184710231185939,4.333337147999994,3.0,1.0,0.8000003178931309,0.9584655045729029,3.333330154333347,3.333330154333347
ABEV,2023-06-20,train,True,True,D-1,3.11999988556,3.1099998951,3.19000005722,3.23000001907,3.5256454341265453,1,-0.645160694686775,0.6493500459542112,1.2903290806640877,-0.3184710231185939,-1.2779616232428403,-0.322580347343393,2.0,2.0,0.46153761508950053,2.2653777865493163,1.2903290806640877,2.882691789568914
ABEV,2023-06-21,train,True,True,D-1,3.13000011444,3.19000005722,3.23000001907,3.23000001907,3.1948850151365393,1,0.6493500459542112,1.2903290806640877,-0.3184710231185939,-1.2779616232428403,0.6472485917648374,0.9740250692559682,3.0,3.0,0.44444326713779814,1.6077232288264298,1.2903290806640877,1.9293137007518224
ABEV,2023-06-22,train,True,True,D-1,3.18000006676,3.22000002861,3.23000001907,3.22000002861,1.5723255113306633,0,1.2903290806640877,-0.3184710231185939,-1.2779616232428403,0.6472485917648374,2.5723525665079627,2.903230818026148,3.0,0.0,1.0,0.0,2.5723525665079627,1.2903290806640877
ABEV,2023-06-23,train,True,True,D-1,3.22000002861,3.20000004768,3.22000002861,3.21000003815,0.0,0,-0.3184710231185939,-1.2779616232428403,0.6472485917648374,2.5723525665079627,0.9404379577392374,2.5477681859041867,3.0,0.0,0.9333334393154888,0.31055870717853207,2.5723525665079627,0.6472485917648374
ABEV,2023-06-26,train,True,True,D-1,3.22000002861,3.19000005722,3.21000003815,3.15000009537,-0.31055870717854317,0,-1.2779616232428403,0.6472485917648374,2.5723525665079627,0.9404379577392374,-0.6211174146676379,2.2364195105636364,3.0,1.0,0.8000003178798,0.9374990919687631,2.5723525665079627,2.5723525665079627
ABEV,2023-06-27,train,True,True,D-1,3.21000003815,3.19000005722,3.15000009537,3.13000011444,-1.8691570737357277,0,0.6472485917648374,2.5723525665079627,0.9404379577392374,-0.6211174146676379,-0.3124996972187599,3.2362506740347463,3.0,2.0,0.6923082566326384,1.2539172768811557,2.5723525665079627,3.504028688354155
ABEV,2023-06-28,train,True,True,D-1,3.15000009537,3.09999990463,3.13000011444,3.19000005722,1.2698400202842297,0,2.5723525665079627,0.9404379577392374,-0.6211174146676379,-0.3124996972187599,0.0,2.5723525665079627,2.0,3.0,0.6666673289437596,1.2539172768811557,2.5723525665079627,2.8848522637267227
ABEV,2023-06-29,train,True,True,D-1,3.09999990463,3.09999990463,3.19000005722,3.20000004768,3.225811165369552,1,0.9404379577392374,-0.6211174146676379,-0.3124996972187599,0.0,-2.8213213471987353,-2.8213213471987353,1.0,4.0,0.07142844976539968,4.193552207722262,0.9404379577392374,3.7617593049379727
ABEV,2023-06-30,train,True,True,D-1,3.11999988556,3.18000006676,3.20000004768,3.13000011444,2.5641078543065854,0,-0.6211174146676379,-0.3124996972187599,0.0,-2.8213213471987353,0.0,-3.726711891732526,0.0,4.0,0.07142844976539968,4.193552207722262,0.0,2.8213213471987353
ABEV,2023-07-03,train,True,True,D-1,3.18000006676,3.18000006676,3.13000011444,3.07999992371,-1.572325511645134,0,-0.3124996972187599,0.0,-2.8213213471987353,0.0,2.580650470682766,-0.6249993944375198,1.0,4.0,0.6923082566326395,1.2578604091274315,2.580650470682766,0.0
ABEV,2023-07-05,train,True,True,D-1,3.09999990463,3.13000011444,3.07999992371,3.04999995232,-0.645160694686775,0,0.0,-2.8213213471987353,0.0,2.580650470682766,0.0,-0.3134793191419183,1.0,4.0,0.7500004967078197,0.9433953069241996,2.580650470682766,0.0
ABEV,2023-07-06,train,True,True,D-1,3.06999993324,3.0,3.04999995232,3.1400001049,2.28013593427423,0,-2.8213213471987353,0.0,2.580650470682766,0.0,-1.572325511645134,-1.8808759154784527,1.0,1.0,0.4166678256307471,2.2364195105636364,2.580650470682766,4.1529759823279
ABEV,2023-07-07,train,True,True,D-1,3.03999996185,3.02999997139,3.1400001049,3.0,3.2894784310834257,1,0.0,2.580650470682766,0.0,-1.572325511645134,-4.15335813696156,-3.2258034744015784,1.0,2.0,0.09090899240497233,6.666668255999997,2.580650470682766,8.24102980971203
ABEV,2023-07-10,train,True,True,D-1,3.11999988556,3.04999995232,3.0,3.04999995232,-2.243587686139803,0,2.580650470682766,0.0,-1.572325511645134,-4.15335813696156,0.9999990463333441,-2.2580624320488463,2.0,3.0,0.22727248098970254,5.6105636269037085,2.580650470682766,5.775543103071423
ABEV,2023-07-11,train,True,True,D-1,2.97000002861,3.0,3.04999995232,3.06999993324,3.367000123457964,1,0.0,-1.572325511645134,-4.15335813696156,0.9999990463333441,0.6600653834602177,-4.0880538273841305,2.0,4.0,0.31818147339467284,4.918035990325231,0.9999990463333441,0.0
ABEV,2023-07-12,train,True,True,D-1,3.01999998093,3.01999998093,3.06999993324,3.05999994278,1.6556275703883516,0,-1.572325511645134,-4.15335813696156,0.9999990463333441,0.6600653834602177,-1.6393427246438885,-5.660379339029264,2.0,1.0,0.2999996423800861,4.666670163333331,0.9999990463333441,1.9900971213586582
ABEV,2023-07-13,train,True,True,D-1,3.04999995232,3.05999994278,3.05999994278,3.04999995232,0.32786854479764926,0,-4.15335813696156,0.9999990463333441,0.6600653834602177,-1.6393427246438885,0.6666660310000072,-3.5143811338064546,3.0,2.0,0.3999995231901155,3.9735140638327504,0.9999990463333441,1.9836046810540964
ABEV,2023-07-14,train,True,True,D-1,3.02999997139,3.03999996185,3.04999995232,3.07999992371,1.650163458485543,0,0.9999990463333441,0.6600653834602177,-1.6393427246438885,0.6666660310000072,1.3245020563769083,1.999998092666666,4.0,3.0,0.5999992847601722,2.6143844318938125,1.3245020563769083,0.9999990463333441
ABEV,2023-07-17,train,True,True,D-1,3.02999997139,3.03999996185,3.07999992371,3.03999996185,1.650163458485543,0,0.6600653834602177,-1.6393427246438885,0.6666660310000072,1.3245020563769083,-0.6535941602610063,0.3300326915650853,3.0,4.0,0.49999940395014275,3.2894784310834257,1.3245020563769083,0.6666660310000072
ABEV,2023-07-18,train,True,True,D-1,3.03999996185,3.01999998093,3.03999996185,3.09999990463,1.973682353057904,0,-1.6393427246438885,0.6666660310000072,1.3245020563769083,-0.6535941602610063,0.0,-0.3278685451254981,2.0,2.0,0.7692307692248518,0.9868411765289409,1.3245020563769083,1.9780962166379146
ABEV,2023-07-19,train,True,True,D-1,3.01999998093,3.01999998093,3.09999990463,3.21000003815,6.291392662906237,1,0.6666660310000072,1.3245020563769083,-0.6535941602610063,0.0,-0.6578941174666619,0.6666660310000072,2.0,0.0,0.333333333333335,1.9867530847309078,1.3245020563769083,1.9823961738435703
ABEV,2023-07-20,train,True,True,D-1,3.02999997139,3.08999991417,3.21000003815,3.22000002861,6.270629010363926,1,1.3245020563769083,-0.6535941602610063,0.0,-0.6578941174666619,0.0,0.0,1.0,1.0,0.333333333333335,1.9867530847309078,1.3245020563769083,1.9823961738435703
ABEV,2023-07-21,train,True,True,D-1,3.13000011444,3.16000008583,3.22000002861,3.15000009537,2.875396513718731,0,-0.6535941602610063,0.0,-0.6578941174666619,0.0,2.317878598742351,0.9803912402280845,1.0,0.0,0.9090909091156996,0.3236242957206148,2.317878598742351,0.0
ABEV,2023-07-24,train,True,True,D-1,3.18000006676,3.15000009537,3.15000009537,3.16000008583,-0.6289302047209455,0,0.0,-0.6578941174666619,0.0,2.317878598742351,2.2653777865493163,3.9473725488790468,2.0,0.0,0.772727519010299,1.5822769291750527,2.317878598742351,0.0
ABEV,2023-07-25,train,True,True,D-1,3.11999988556,3.1400001049,3.16000008583,3.15000009537,1.2820577479867756,0,-0.6578941174666619,0.0,2.317878598742351,2.2653777865493163,-0.31645538570843623,3.6184254901457047,2.0,0.0,0.6956524894082907,2.222220035576794,2.317878598742351,2.317878598742351
ABEV,2023-07-26,train,True,True,D-1,3.1400001049,3.1400001049,3.15000009537,3.1400001049,0.31847102343707245,0,0.0,2.317878598742351,2.2653777865493163,-0.31645538570843623,-0.31746000530915586,3.9735140638327504,2.0,1.0,0.6521742735784198,2.5477681859041867,2.317878598742351,2.9507893704756705
ABEV,2023-07-27,train,True,True,D-1,3.1400001049,3.06999993324,3.1400001049,3.16000008583,0.6369420465556663,0,2.317878598742351,2.2653777865493163,-0.31645538570843623,-0.31746000530915586,0.0,3.9735140638327504,2.0,2.0,0.6363640304255685,2.5477681859041867,2.317878598742351,2.635338604051507
ABEV,2023-07-28,train,True,True,D-1,3.09999990463,3.13000011444,3.16000008583,3.1099998951,1.935489775673438,0,2.2653777865493163,-0.31645538570843623,-0.31746000530915586,0.0,-2.2293047554604817,-0.6472485917648263,1.0,3.0,0.06249990684770562,4.885996698107209,2.2653777865493163,4.494682542009798
ABEV,2023-07-31,train,True,True,D-1,3.15000009537,3.11999988556,3.1099998951,3.13000011444,-0.6349200103008434,0,-0.31645538570843623,-0.31746000530915586,0.0,-2.2293047554604817,1.9544033389172544,-0.9493661574417445,1.0,4.0,0.4375008381831439,2.875396513718731,1.9544033389172544,0.3184710231185939
ABEV,2023-08-01,train,True,True,D-1,3.05999994278,3.09999990463,3.13000011444,3.1099998951,2.287587351926712,0,-0.31746000530915586,0.0,-2.2293047554604817,1.9544033389172544,-0.31949611866992633,-0.9523875841812024,1.0,3.0,0.5999985695020443,1.2820577479867756,1.9544033389172544,0.0
ABEV,2023-08-02,train,True,True,D-1,3.1099998951,3.08999991417,3.1099998951,3.03999996185,0.0,0,0.0,-2.2293047554604817,1.9544033389172544,-0.31949611866992633,-0.6410250533201545,-1.2738916857862215,1.0,4.0,0.4545444693069827,1.935489775673438,1.9544033389172544,2.9128764607422752
ABEV,2023-08-03,train,True,True,D-1,3.07999992371,2.95000004768,3.03999996185,2.98000001907,-1.2987000925577363,0,-2.2293047554604817,1.9544033389172544,-0.31949611866992633,-0.6410250533201545,-0.322580347343393,-1.5923627089048265,1.0,2.0,0.36363557546376557,2.2653777865493163,1.9544033389172544,2.9159409187372476
ABEV,2023-08-04,train,True,True,D-1,2.99000000954,2.98000001907,2.98000001907,2.96000003815,-0.3344478407389273,0,1.9544033389172544,-0.31949611866992633,-0.6410250533201545,-0.322580347343393,-4.530740141706602,-3.90879114558661,1.0,3.0,0.045454496179759905,7.118645245960331,1.9544033389172544,6.793108550680904
ABEV,2023-08-07,train,True,True,D-1,2.97000002861,2.96000003815,2.96000003815,2.93000006676,-0.33670001224478385,0,-0.31949611866992633,-0.6410250533201545,-0.322580347343393,-4.530740141706602,1.0169481662752222,-4.792335140116677,1.0,4.0,0.1818179847644881,6.040270657990621,1.0169481662752222,3.559867254221172
ABEV,2023-08-08,train,True,True,D-1,2.93000006676,2.94000005722,2.93000006676,2.98000001907,1.706482975110979,0,-0.6410250533201545,-0.322580347343393,-4.530740141706602,1.0169481662752222,-0.6711402950340006,-5.12820042559976,1.0,3.0,0.10526302582552555,5.743245746586201,1.0169481662752222,0.0
ABEV,2023-08-09,train,True,True,D-1,2.92000007629,2.91000008583,2.98000001907,2.93000006676,2.054792507273917,0,-0.322580347343393,-4.530740141706602,1.0169481662752222,-0.6711402950340006,-0.6756750227104757,-5.161285559107043,1.0,4.0,0.09523798712700268,6.4625868544934795,1.0169481662752222,2.3592287566788106
ABEV,2023-08-10,train,True,True,D-1,2.95000004768,2.92000007629,2.93000006676,2.8900001049,-0.6779654439575067,0,-4.530740141706602,1.0169481662752222,-0.6711402950340006,-0.6756750227104757,-1.020407170276283,-5.825237324912647,1.0,4.0,0.09090909092148854,6.8728454766679326,1.0169481662752222,2.7061357228824745
ABEV,2023-08-11,train,True,True,D-1,2.91000008583,2.90000009537,2.8900001049,2.8599998951,-0.6872845477698952,0,1.0169481662752222,-0.6711402950340006,-0.6756750227104757,-1.020407170276283,0.3436422737131073,-1.0169481662752222,2.0,4.0,0.2000000000000006,4.109585014547856,1.0169481662752222,1.6972196132394535
ABEV,2023-08-14,train,True,True,D-1,2.86999988556,2.8599998951,2.8599998951,2.8599998951,-0.3484317372385082,0,-0.6711402950340006,-0.6756750227104757,-1.020407170276283,0.3436422737131073,-0.6849308355296735,-2.684561180807188,1.0,4.0,0.11111111118518417,2.758617967900201,0.3436422737131073,0.3436422737131295
ABEV,2023-08-15,train,True,True,D-1,2.8599998951,2.81999993324,2.8599998951,2.86999988556,0.34965002890849917,0,-0.6756750227104757,-1.020407170276283,0.3436422737131073,-0.6849308355296735,-1.3793172053291336,-3.3783831676063136,1.0,2.0,0.19999968212020303,4.195808684314795,0.3436422737131073,2.398442945712853
ABEV,2023-08-16,train,True,True,D-1,2.82999992371,2.83999991417,2.86999988556,2.86999988556,1.4134262518834984,0,-1.020407170276283,0.3436422737131073,-0.6849308355296735,-1.3793172053291336,-1.3986001163332706,-4.081636790628817,1.0,3.0,0.0,5.673762043184505,0.3436422737131073,3.1022684633371767
ABEV,2023-08-17,train,True,True,D-1,2.84999990463,2.82999992371,2.86999988556,2.86999988556,0.7017537403249952,0,0.3436422737131073,-0.6849308355296735,-1.3793172053291336,-1.3986001163332706,0.7092191987047691,-2.405504109806056,2.0,4.0,0.12499981375791122,4.929581307431685,0.7092191987047691,1.0429423318797482
ABEV,2023-08-18,train,True,True,D-1,2.81999993324,2.8599998951,2.86999988556,2.92000007629,3.5461044474248027,1,-0.6849308355296735,-1.3793172053291336,-1.3986001163332706,0.7092191987047691,-0.35211235078231873,-3.0821969256367154,1.0,4.0,0.23076880754475199,3.533574054620625,0.7092191987047691,0.0
ABEV,2023-08-21,train,True,True,D-1,2.83999991417,2.84999990463,2.92000007629,2.95000004768,3.8732442547325885,1,-1.3793172053291336,-1.3986001163332706,0.7092191987047691,-0.35211235078231873,1.0600696890009642,-1.3793172053291336,2.0,4.0,0.6666649006696626,1.0489584230894078,1.0600696890009642,0.7092191987047691
ABEV,2023-08-22,train,True,True,D-1,2.86999988556,2.88000011444,2.95000004768,2.94000005722,2.787462205922364,0,-1.3986001163332706,0.7092191987047691,-0.35211235078231873,1.0600696890009642,-0.3496500292581417,-0.3496500292581417,2.0,2.0,0.7142857142244934,0.7017537403249952,1.0600696890009642,0.7092191987047691
ABEV,2023-08-23,train,True,True,D-1,2.92000007629,2.93000006676,2.94000005722,2.86999988556,0.6849308358721329,0,0.7092191987047691,-0.35211235078231873,1.0600696890009642,-0.3496500292581417,1.0526389759263788,2.1276660503698475,3.0,0.0,0.6666673289437608,1.388887509047132,1.0600696890009642,1.0600696890009642
ABEV,2023-08-24,train,True,True,D-1,2.93000006676,2.86999988556,2.86999988556,2.90000009537,-1.0238897852031137,0,-0.35211235078231873,1.0600696890009642,-0.3496500292581417,1.0526389759263788,1.7361093865693178,3.169019553167951,3.0,0.0,0.8666668786309751,0.6825931899078874,1.7361093865693178,1.0600696890009642
ABEV,2023-08-25,train,True,True,D-1,2.84999990463,2.8599998951,2.90000009537,2.92000007629,2.456146456225494,0,1.0600696890009642,-0.3496500292581417,1.0526389759263788,1.7361093865693178,-2.047787707607407,1.4134262518834984,3.0,1.0,0.384614679266892,2.787462205922364,1.7361093865693178,1.4072998446478358
ABEV,2023-08-28,train,True,True,D-1,2.82999992371,2.88000011444,2.92000007629,2.92000007629,3.180217491384729,1,-0.3496500292581417,1.0526389759263788,1.7361093865693178,-2.047787707607407,-0.3484317372385082,0.0,2.0,2.0,0.47058757534631673,3.1468585972396657,1.7361093865693178,4.125193689130658
ABEV,2023-08-29,train,True,True,D-1,2.88000011444,2.90000009537,2.92000007629,2.84999990463,1.388887509047132,0,1.0526389759263788,1.7361093865693178,-2.047787707607407,-0.3484317372385082,0.6993083941809308,1.0526389759263788,3.0,3.0,0.5882358716087369,2.430553140919267,1.7361093865693178,1.7361093865693178
ABEV,2023-08-30,train,True,True,D-1,2.91000008583,2.88000011444,2.84999990463,2.82999992371,-2.0618618360929153,0,1.7361093865693178,-2.047787707607407,-0.3484317372385082,0.6993083941809308,0.6944437546971605,0.6944437546971605,3.0,4.0,0.7058827654600207,1.7241362298514362,1.7361093865693178,1.7361093865693178
ABEV,2023-08-31,train,True,True,D-1,2.84999990463,2.76999998093,2.82999992371,2.81999993324,-0.7017537399741314,0,-2.047787707607407,-0.3484317372385082,0.6993083941809308,0.6944437546971605,-0.6896544921474623,-1.7064829754522837,2.0,4.0,0.6250005587887635,2.0833312637442924,0.6993083941809308,0.6993083941809308
ABEV,2023-09-01,train,True,True,D-1,2.81999993324,2.76999998093,2.81999993324,2.80999994278,0.0,0,-0.3484317372385082,0.6993083941809308,0.6944437546971605,-0.6896544921474623,-3.819448928438285,-3.484317373430401,2.0,2.0,0.0624999069102082,5.4151659347535075,0.6993083941809308,5.182070813656414
ABEV,2023-09-05,train,True,True,D-1,2.76999998093,2.77999997139,2.80999994278,2.76999998093,1.4440419539847982,0,0.6993083941809308,0.6944437546971605,-0.6896544921474623,-3.819448928438285,0.0,-3.1468502612253757,2.0,3.0,0.11764689385128636,5.4151659347535075,0.6993083941809308,4.518757322619216
ABEV,2023-09-06,train,True,True,D-1,2.79999995232,2.76999998093,2.76999998093,2.75999999046,-1.0714275678877283,0,0.6944437546971605,-0.6896544921474623,-3.819448928438285,0.0,0.36101048840593286,-3.47222705126331,2.0,4.0,0.1764703407475165,5.035975048229946,0.6944437546971605,0.6944437546971605
ABEV,2023-09-07,train,True,True,D-1,2.76999998093,2.74000000954,2.75999999046,2.78999996185,0.7220209768118879,0,-0.6896544921474623,-3.819448928438285,0.0,0.36101048840593286,-0.35971189075227894,-4.482762419475483,1.0,4.0,0.11764689385128636,5.4151659347535075,0.36101048840593286,0.0
ABEV,2023-09-08,train,True,True,D-1,2.75,2.72000002861,2.78999996185,2.75,1.4545440672727228,0,-3.819448928438285,0.0,0.36101048840593286,-0.35971189075227894,-1.0830314655788542,-4.8611145603104315,1.0,4.0,0.08333333338889141,4.014594697336049,0.36101048840593286,1.7998580517747942
ABEV,2023-09-11,train,True,True,D-1,2.75,2.77999997139,2.75,2.77999997139,1.0909080505454583,0,0.0,0.36101048840593286,-0.35971189075227894,-1.0830314655788542,-0.729926308772455,-1.8050524427517645,1.0,4.0,0.0,4.044113747903655,0.36101048840593286,2.1660629311576973
ABEV,2023-09-12,train,True,True,D-1,2.75,2.73000001907,2.77999997139,2.76999998093,1.0909080505454583,0,0.36101048840593286,-0.35971189075227894,-1.0830314655788542,-0.729926308772455,2.205880226062429,0.36101048840593286,2.0,4.0,0.6000000000200009,1.4388475633688502,2.205880226062429,0.36101048840593286
ABEV,2023-09-13,train,True,True,D-1,2.75999999046,2.74000000954,2.76999998093,2.76999998093,0.36231849654222437,0,-0.35971189075227894,-1.0830314655788542,-0.729926308772455,2.205880226062429,-1.7985594544808747,-1.7985594544808747,1.0,4.0,0.11111111107407239,2.9304001154275783,2.205880226062429,0.0
ABEV,2023-09-14,train,True,True,D-1,2.75,2.73000001907,2.76999998093,2.75,0.7272720338181937,0,-1.0830314655788542,-0.729926308772455,2.205880226062429,-1.7985594544808747,0.3663000146574058,-1.0830314655788542,2.0,2.0,0.285714285775513,1.82481577138367,2.205880226062429,3.64472778943129
ABEV,2023-09-15,train,True,True,D-1,2.75,2.73000001907,2.75,2.75999999046,0.36363601672726453,0,-0.729926308772455,2.205880226062429,-1.7985594544808747,0.3663000146574058,-0.3649631545687204,-0.3649631545687204,2.0,3.0,0.14285714281632467,2.197800086479118,2.205880226062429,2.205880226062429
ABEV,2023-09-18,train,True,True,D-1,2.73000001907,2.73000001907,2.75999999046,2.76999998093,1.4652000578969426,0,2.205880226062429,-1.7985594544808747,0.3663000146574058,-0.3649631545687204,0.0,0.3676467042211806,2.0,4.0,0.14285714281632467,2.197800086479118,2.205880226062429,2.5708433806311493
ABEV,2023-09-19,train,True,True,D-1,2.75,2.73000001907,2.76999998093,2.70000004768,0.7272720338181937,0,-1.7985594544808747,0.3663000146574058,-0.3649631545687204,0.0,0.0,-1.7985594544808747,1.0,3.0,0.1666666666111086,1.8315000721880415,0.3663000146574058,0.3663000146574058
ABEV,2023-09-20,train,True,True,D-1,2.75,2.73000001907,2.70000004768,2.67000007629,-1.8181800843636298,0,0.3663000146574058,-0.3649631545687204,0.0,0.0,0.0,0.0,1.0,4.0,0.1666666666111086,1.8315000721880415,0.3663000146574058,0.3663000146574058
ABEV,2023-09-21,train,True,True,D-1,2.69000005722,2.65000009537,2.67000007629,2.66000008583,-0.7434936990547425,0,-0.3649631545687204,0.0,0.0,0.0,0.0,-0.3649631545687204,0.0,4.0,0.19999999991999637,1.4652000578969426,0.0,0.0
ABEV,2023-09-22,train,True,True,D-1,2.67000007629,2.63000011444,2.66000008583,2.63000011444,-0.3745314672011224,0,0.0,0.0,0.0,0.0,-2.9304001150612713,-2.9304001150612713,0.0,4.0,0.0769230769704132,4.528297405334469,0.0,2.9304001150612713
ABEV,2023-09-25,train,True,True,D-1,2.63000011444,2.61999988556,2.63000011444,2.58999991417,0.0,0,0.0,0.0,0.0,-2.9304001150612713,-0.754716234348185,-3.6630001440097315,0.0,2.0,0.0,5.323188608294416,0.0,3.6630001440097315
ABEV,2023-09-26,train,True,True,D-1,2.59999990463,2.56999993324,2.58999991417,2.57999992371,-0.384615031800295,0,0.0,0.0,-2.9304001150612713,-0.754716234348185,-0.3802368229983699,-4.029308891634087,0.0,3.0,0.06249990684770545,5.725194729844008,0.0,1.1320833483144166
ABEV,2023-09-27,train,True,True,D-1,2.58999991417,2.52999997139,2.57999992371,2.6099998951,0.7722000614972746,0,0.0,-2.9304001150612713,-0.754716234348185,-0.3802368229983699,-1.9083952100750867,-5.860808963822106,0.0,4.0,0.0,7.782103225110193,0.0,2.281375611756409
ABEV,2023-09-28,train,True,True,D-1,2.53999996185,2.55999994278,2.6099998951,2.57999992371,2.7559029252510747,0,-2.9304001150612713,-0.754716234348185,-0.3802368229983699,-1.9083952100750867,-1.5564187894577919,-7.326009021352742,0.0,4.0,0.10526302582552555,6.7193706803324815,-0.3802368229983699,3.4351113779061526
ABEV,2023-09-29,train,True,True,D-1,2.6099998951,2.57999992371,2.57999992371,2.58999991417,-0.7662828250509901,0,-0.754716234348185,-0.3802368229983699,-1.9083952100750867,-1.5564187894577919,1.1857696335671353,-3.396232050981629,1.0,4.0,0.3124995343635327,4.296880311276352,1.1857696335671353,0.3891046972671619
ABEV,2023-10-02,train,True,True,D-1,2.56999993324,2.54999995232,2.58999991417,2.55999994278,0.7782093949234348,0,-0.3802368229983699,-1.9083952100750867,-1.5564187894577919,1.1857696335671353,0.7812492725402631,-1.9011478537766746,2.0,4.0,0.4666659249604714,3.100781569208766,1.1857696335671353,0.0
ABEV,2023-10-03,train,True,True,D-1,2.55999994278,2.5,2.55999994278,2.53999996185,0.0,0,-1.9083952100750867,-1.5564187894577919,1.1857696335671353,0.7812492725402631,-1.1627896231431123,-2.6717532937997945,2.0,4.0,0.33333267111179476,3.1372613182684805,1.1857696335671353,1.5763942696419675
ABEV,2023-10-04,train,True,True,D-1,2.50999999046,2.54999995232,2.53999996185,2.55999994278,1.9920299804796704,0,-1.5564187894577919,1.1857696335671353,0.7812492725402631,-1.1627896231431123,-1.9607824805843554,-2.7237328816484108,2.0,2.0,0.0,4.399995804000012,1.1857696335671353,4.286541962077961
ABEV,2023-10-05,train,True,True,D-1,2.53999996185,2.49000000954,2.55999994278,2.54999995232,0.7874008358422779,0,1.1857696335671353,0.7812492725402631,-1.1627896231431123,-1.9607824805843554,1.9999980928000038,0.7905130891765033,3.0,3.0,0.45454545456198203,2.352938976544383,1.9999980928000038,1.1857696335671353
ABEV,2023-10-06,train,True,True,D-1,2.46000003815,2.53999996185,2.54999995232,2.6099998951,6.097555066007421,1,0.7812492725402631,-1.1627896231431123,-1.9607824805843554,1.9999980928000038,-2.352938976544361,-2.7343724533050007,2.0,4.0,0.1428571428775524,4.8192724939855935,1.9999980928000038,1.1812488909402563
ABEV,2023-10-09,train,True,True,D-1,2.51999998093,2.52999997139,2.6099998951,2.6099998951,3.5714251925027973,1,-1.1627896231431123,-1.9607824805843554,1.9999980928000038,-2.352938976544361,2.0080302055595967,-1.5503861644492134,2.0,3.0,0.6874999999726569,1.9685020894087968,2.0080302055595967,2.3921545891521623
ABEV,2023-10-10,train,True,True,D-1,2.55999994278,2.59999990463,2.6099998951,2.72000002861,6.250003492431699,1,-1.9607824805843554,1.9999980928000038,-2.352938976544361,2.0080302055595967,-0.3937004177242742,-0.7843129923121639,2.0,4.0,0.6249999999921889,2.3715392671342705,2.0080302055595967,1.9999980928000038
ABEV,2023-10-11,train,True,True,D-1,2.6099998951,2.59999990463,2.72000002861,2.57999992371,4.214564671688814,1,1.9999980928000038,-2.352938976544361,2.0080302055595967,-0.3937004177242742,2.7667958115249247,3.9999961852000165,3.0,0.0,0.944444444407408,0.38461503218489845,2.7667958115249247,2.0080302055595967
ABEV,2023-10-12,train,True,True,D-1,2.68000006676,2.53999996185,2.57999992371,2.56999993324,-3.7313485283190895,0,-2.352938976544361,2.0080302055595967,-0.3937004177242742,2.7667958115249247,0.0,1.9607824801922025,2.0,1.0,0.944444444407408,0.38461503218489845,2.7667958115249247,2.0080302055595967
ABEV,2023-10-13,train,True,True,D-1,2.54999995232,2.54999995232,2.56999993324,2.56999993324,0.7843129919200331,0,2.0080302055595967,-0.3937004177242742,2.7667958115249247,0.0,-2.3076901915709325,2.0080302055595967,2.0,0.0,0.3793100329678546,7.086616908013554,2.7667958115249247,5.074486003095857
ABEV,2023-10-16,train,True,True,D-1,2.54999995232,2.55999994278,2.56999993324,2.50999999046,0.7843129919200331,0,-0.3937004177242742,2.7667958115249247,0.0,-2.3076901915709325,0.3937004181179704,0.3937004181179704,2.0,1.0,0.19047597425400747,6.666669783085033,2.7667958115249247,4.68987097091097
ABEV,2023-10-17,train,True,True,D-1,2.51999998093,2.51999998093,2.50999999046,2.50999999046,-0.3968250216537683,0,2.7667958115249247,0.0,-2.3076901915709325,0.3937004181179704,0.39215649596002766,1.1857696335671353,3.0,2.0,0.2380949677937014,6.250003492431699,2.7667958115249247,2.7667958115249247
ABEV,2023-10-18,train,True,True,D-1,2.50999999046,2.45000004768,2.50999999046,2.48000001907,0.0,0,0.0,-2.3076901915709325,0.3937004181179704,0.39215649596002766,-1.5624985446899053,-3.076920255171489,2.0,3.0,0.047618993587312974,7.936509888630638,0.3937004181179704,1.5701699063901398
ABEV,2023-10-19,train,True,True,D-1,2.46000003815,2.45000004768,2.48000001907,2.49000000954,1.2195110132014797,0,-2.3076901915709325,0.3937004181179704,0.39215649596002766,-1.5624985446899053,-2.777775149988959,-5.76922547892732,2.0,4.0,0.035714255292089894,11.020407170427337,0.3937004181179704,4.690571416503508
ABEV,2023-10-20,train,True,True,D-1,2.45000004768,2.46000003815,2.49000000954,2.5,2.0408143406914103,0,0.3937004181179704,0.39215649596002766,-1.5624985446899053,-2.777775149988959,0.0,-3.543303760699612,2.0,4.0,0.07142857140306347,5.306117285716039,0.3937004181179704,3.1714755681069295
ABEV,2023-10-23,train,True,True,D-1,2.45000004768,2.45000004768,2.5,2.5,2.0408143406914103,0,0.39215649596002766,-1.5624985446899053,-2.777775149988959,0.0,0.4081628683831662,-3.5294084648165414,2.0,4.0,0.153846153875741,4.471540381467776,0.4081628683831662,0.39215649596002766
ABEV,2023-10-24,train,True,True,D-1,2.46000003815,2.5,2.5,2.53999996185,3.252029368266296,1,-1.5624985446899053,-2.777775149988959,0.0,0.4081628683831662,-0.40650367133816534,-4.296870998385538,1.0,4.0,0.07692307689941062,4.897954417332873,0.4081628683831662,0.0
ABEV,2023-10-25,train,True,True,D-1,2.48000001907,2.46000003815,2.53999996185,2.52999997139,2.419352512847972,0,-2.777775149988959,0.0,0.4081628683831662,-0.40650367133816534,2.0408143406914103,-0.7936500429106874,2.0,4.0,0.8571428571836753,0.3999996184000043,2.0408143406914103,0.4081628683831662
ABEV,2023-10-26,train,True,True,D-1,2.48000001907,2.5,2.52999997139,2.48000001907,2.0161270941743803,0,0.0,0.4081628683831662,-0.40650367133816534,2.0408143406914103,-1.5999984739999973,0.4081628683831662,2.0,4.0,0.285714285775513,2.032518355064794,2.0408143406914103,0.4081628683831662
ABEV,2023-10-27,train,True,True,D-1,2.52999997139,2.44000005722,2.48000001907,2.52999997139,0.0,0,0.4081628683831662,-0.40650367133816534,2.0408143406914103,-1.5999984739999973,1.626014684133148,2.0408143406914103,3.0,0.0,0.6000000000200009,1.5999984740000084,2.0408143406914103,2.0408143406914103
ABEV,2023-10-30,train,True,True,D-1,2.47000002861,2.43000006676,2.52999997139,2.58999991417,4.858294905669713,1,-0.40650367133816534,2.0408143406914103,-1.5999984739999973,1.626014684133148,-2.399997711200008,-0.8130073422698336,2.0,1.0,0.16666666669444263,4.09835665102134,2.0408143406914103,2.853821682961244
ABEV,2023-10-31,train,True,True,D-1,2.51999998093,2.52999997139,2.58999991417,2.63000011444,4.365084696127841,1,2.0408143406914103,-1.5999984739999973,1.626014684133148,-2.399997711200008,-0.40983566497917456,-0.8163257359500409,2.0,2.0,0.08333333338888801,4.52674452954509,2.0408143406914103,4.840811670291412
ABEV,2023-11-01,train,True,True,D-1,2.52999997139,2.57999992371,2.63000011444,2.72000002861,7.509883769508985,1,-1.5999984739999973,1.626014684133148,-2.399997711200008,-0.40983566497917456,4.115222299698673,1.199998855600004,2.0,3.0,0.9166666666944454,0.39525654439063196,4.115222299698673,1.626014684133148
ABEV,2023-11-02,train,True,True,D-1,2.59999990463,2.6099998951,2.72000002861,2.76999998093,6.538464712912839,1,1.626014684133148,-2.399997711200008,-0.40983566497917456,4.115222299698673,1.9762827227436608,4.878044052805941,3.0,0.0,0.9411764706089972,0.38759654091848894,4.115222299698673,1.626014684133148
ABEV,2023-11-03,train,True,True,D-1,2.67000007629,2.70000004768,2.76999998093,2.77999997139,4.119846140710459,1,-2.399997711200008,-0.40983566497917456,4.115222299698673,1.9762827227436608,1.1627896231431123,4.399995804000012,3.0,0.0,0.9047608775874884,0.7662919595341044,4.115222299698673,4.115222299698673
ABEV,2023-11-06,train,True,True,D-1,2.71000003815,2.75,2.77999997139,2.78999996185,2.952026663239926,0,-0.40983566497917456,4.115222299698673,1.9762827227436608,1.1627896231431123,3.448281846637835,10.655737064048676,4.0,0.0,0.9333333863044536,0.7407400213635063,4.115222299698673,4.115222299698673
ABEV,2023-11-07,train,True,True,D-1,2.75999999046,2.76999998093,2.78999996185,2.75999999046,1.0869554889020083,0,4.115222299698673,1.9762827227436608,1.1627896231431123,3.448281846637835,1.8518500532236137,13.16872117072272,5.0,0.0,0.9310345394470936,0.7272720338181937,4.115222299698673,4.115222299698673
ABEV,2023-11-08,train,True,True,D-1,2.77999997139,2.75999999046,2.75999999046,2.73000001907,-0.7194237818642923,0,1.9762827227436608,1.1627896231431123,3.448281846637835,1.8518500532236137,0.7272720338181937,9.486166492252668,5.0,0.0,0.9615384968195283,0.36101048840593286,3.448281846637835,3.448281846637835
ABEV,2023-11-09,train,True,True,D-1,2.73000001907,2.71000003815,2.73000001907,2.75999999046,1.098900043239559,0,1.1627896231431123,3.448281846637835,1.8518500532236137,0.7272720338181937,-0.3610104887669663,6.976746979556592,4.0,0.0,0.8500001788099569,1.0869554889020083,3.448281846637835,3.448281846637835
ABEV,2023-11-10,train,True,True,D-1,2.72000002861,2.72000002861,2.75999999046,2.82999992371,4.044113747903655,1,3.448281846637835,1.8518500532236137,0.7272720338181937,-0.3610104887669663,-1.8115924812618034,3.8314232593549047,3.0,1.0,0.42857142859183767,2.952026663239926,3.448281846637835,5.6143447777955435
ABEV,2023-11-13,train,True,True,D-1,2.68000006676,2.74000000954,2.82999992371,2.82999992371,5.597009448262558,1,1.8518500532236137,0.7272720338181937,-0.3610104887669663,-1.8115924812618034,0.369003332812734,0.7407400213635063,3.0,2.0,0.2222222222592571,2.5735269302836095,1.8518500532236137,3.301124038305525
ABEV,2023-11-14,train,True,True,D-1,2.79999995232,2.79999995232,2.82999992371,2.81999993324,1.0714275678877394,0,0.7272720338181937,-0.3610104887669663,-1.8115924812618034,0.369003332812734,0.7352934088100227,-0.36363601672726453,3.0,3.0,0.5454545454876049,1.82481577138367,0.7352934088100227,0.7272720338181937
ABEV,2023-11-15,train,True,True,D-1,2.77999997139,2.79999995232,2.81999993324,2.78999996185,1.4388475633688502,0,-0.3610104887669663,-1.8115924812618034,0.369003332812734,0.7352934088100227,2.189778925952357,1.0830314655788431,3.0,0.0,0.7999999999999994,1.0714275678877394,2.189778925952357,0.369003332812734
ABEV,2023-11-16,train,True,True,D-1,2.78999996185,2.78999996185,2.78999996185,2.79999995232,0.35842260239205004,0,-1.8115924812618034,0.369003332812734,0.7352934088100227,2.189778925952357,0.0,1.4492739854442327,3.0,1.0,0.7999999999999994,1.0714275678877394,2.189778925952357,0.7352934088100227
ABEV,2023-11-17,train,True,True,D-1,2.76999998093,2.76999998093,2.79999995232,2.77999997139,1.0830314655788431,0,0.369003332812734,0.7352934088100227,2.189778925952357,0.0,-0.3571425228673375,2.952026663239926,3.0,2.0,0.733333333288889,1.4336904088513513,2.189778925952357,2.5469214488196945
ABEV,2023-11-20,train,True,True,D-1,2.76999998093,2.77999997139,2.77999997139,2.77999997139,0.36101048840593286,0,0.7352934088100227,2.189778925952357,0.0,-0.3571425228673375,-0.7168452040672513,1.8382335218412482,2.0,3.0,0.6000000000000018,2.1660629311576862,2.189778925952357,3.2612064938400853
ABEV,2023-11-21,train,True,True,D-1,2.77999997139,2.73000001907,2.77999997139,2.75999999046,0.0,0,2.189778925952357,0.0,-0.3571425228673375,-0.7168452040672513,0.36101048840593286,1.4598526171799353,2.0,4.0,0.3749999999843764,1.7985594544808636,2.189778925952357,2.5482015279859827
ABEV,2023-11-22,train,True,True,D-1,2.75999999046,2.75999999046,2.75999999046,2.77999997139,0.7246369927221163,0,0.0,-0.3571425228673375,-0.7168452040672513,0.36101048840593286,-1.7985594544808747,-2.4999976586428163,1.0,4.0,0.09090909087603193,3.6630001443760385,0.36101048840593286,1.4440419543458205
ABEV,2023-11-24,train,True,True,D-1,2.74000000954,2.75,2.77999997139,2.81999993324,2.9197052343598484,0,-0.3571425228673375,-0.7168452040672513,0.36101048840593286,-1.7985594544808747,1.098900043239559,-1.428570090755077,2.0,4.0,0.3999999999799991,2.173910977804039,1.098900043239559,1.0804342702702252
ABEV,2023-11-27,train,True,True,D-1,2.74000000954,2.75999999046,2.81999993324,2.76999998093,2.9197052343598484,0,-0.7168452040672513,0.36101048840593286,-1.7985594544808747,1.098900043239559,-0.362318496179892,-1.433690408492938,2.0,3.0,0.3749999999843764,1.8181800843636298,1.098900043239559,0.36101048840593286
ABEV,2023-11-28,train,True,True,D-1,2.77999997139,2.78999996185,2.76999998093,2.77999997139,0.0,0,0.36101048840593286,-1.7985594544808747,1.098900043239559,-0.362318496179892,0.36363601672726453,-0.3610104887669663,3.0,4.0,0.49999999993749994,1.4492739854442327,1.098900043239559,1.098900043239559
ABEV,2023-11-29,train,True,True,D-1,2.75999999046,2.72000002861,2.77999997139,2.86999988556,3.9855034594281635,1,-1.7985594544808747,1.098900043239559,-0.362318496179892,0.36363601672726453,1.0869554889020083,0.35971189075227894,3.0,0.0,0.6999999999899995,1.0752678064593013,1.098900043239559,1.098900043239559
ABEV,2023-11-30,train,True,True,D-1,2.72000002861,2.74000000954,2.86999988556,2.84999990463,5.514700565156039,1,1.098900043239559,-0.362318496179892,0.36363601672726453,1.0869554889020083,-2.5089582149522505,-0.3663000142910766,3.0,1.0,0.0909090908842964,3.6764670433148128,1.098900043239559,2.5481740283214704
ABEV,2023-12-01,train,True,True,D-1,2.80999994278,2.84999990463,2.84999990463,2.90000009537,3.2028524705577155,1,-0.362318496179892,0.36363601672726453,1.0869554889020083,-2.5089582149522505,0.7352934088100227,-0.724636992359784,3.0,2.0,0.27272727274380243,2.9197052343598484,1.0869554889020083,2.879068499428572
ABEV,2023-12-04,train,True,True,D-1,2.82999992371,2.81999993324,2.90000009537,2.8599998951,2.473504365619661,0,0.36363601672726453,1.0869554889020083,-2.5089582149522505,0.7352934088100227,4.014594697336049,3.6363601683636393,4.0,0.0,0.8749999999765639,0.7017537403249952,4.014594697336049,1.0869554889020083
ABEV,2023-12-05,train,True,True,D-1,2.83999991417,2.86999988556,2.8599998951,2.8900001049,1.7605701493344172,0,1.0869554889020083,-2.5089582149522505,0.7352934088100227,4.014594697336049,-1.0526306103120664,2.173910977804039,3.0,1.0,0.6874999999726569,1.7730479965846424,4.014594697336049,1.0869554889020083
ABEV,2023-12-06,train,True,True,D-1,2.84999990463,2.82999992371,2.8900001049,2.92000007629,2.456146456225494,0,-2.5089582149522505,0.7352934088100227,4.014594697336049,-1.0526306103120664,1.7730479965846424,2.8673808173443005,3.0,0.0,0.8421042064463022,1.0453035193813687,4.014594697336049,4.014594697336049
ABEV,2023-12-07,train,True,True,D-1,2.8900001049,2.83999991417,2.92000007629,2.90000009537,1.038061256092515,0,0.7352934088100227,4.014594697336049,-1.0526306103120664,1.7730479965846424,-1.3937269493024762,4.044113747903655,3.0,1.0,0.6315781548478846,2.473504365619661,4.014594697336049,4.014594697336049
ABEV,2023-12-08,train,True,True,D-1,2.8599998951,2.8900001049,2.90000009537,2.8900001049,1.3986084523475606,0,4.014594697336049,-1.0526306103120664,1.7730479965846424,-1.3937269493024762,0.35335656288253414,3.6496315431322923,3.0,2.0,0.3999990463013644,2.1126825004688543,4.014594697336049,5.059889909400017
ABEV,2023-12-11,train,True,True,D-1,2.8599998951,2.8900001049,2.8900001049,2.98000001907,4.195808684314795,1,-1.0526306103120664,1.7730479965846424,-1.3937269493024762,0.35335656288253414,1.7605701493344172,1.4035158459134278,3.0,0.0,0.7000007152489757,1.038061256092515,1.7730479965846424,1.7730479965846424
ABEV,2023-12-12,train,True,True,D-1,2.8900001049,2.84999990463,2.98000001907,2.95000004768,3.1141837682775453,1,1.7730479965846424,-1.3937269493024762,0.35335656288253414,1.7605701493344172,0.0,2.4822756495449294,3.0,1.0,0.7000007152489757,1.038061256092515,1.7730479965846424,1.7730479965846424
ABEV,2023-12-13,train,True,True,D-1,2.86999988556,2.96000003815,2.95000004768,2.92000007629,2.787462205922364,0,-1.3937269493024762,0.35335656288253414,1.7605701493344172,0.0,-1.3840899245013638,-0.6968634748254487,2.0,2.0,0.2999992847510244,2.456146456225494,1.7605701493344172,3.144660073835781
ABEV,2023-12-14,train,True,True,D-1,2.92000007629,2.91000008583,2.92000007629,2.95000004768,1.0273962536369696,0,0.35335656288253414,1.7605701493344172,0.0,-1.3840899245013638,3.8596539368755067,4.593643743621589,3.0,0.0,0.8571431004692069,0.6756750223726238,3.8596539368755067,1.7605701493344172
ABEV,2023-12-15,train,True,True,D-1,2.91000008583,2.88000011444,2.95000004768,3.0,3.0927804644490076,1,1.7605701493344172,0.0,-1.3840899245013638,3.8596539368755067,-1.6891875566072523,2.4647948512511952,2.0,1.0,0.5000008514993642,2.4054959166791345,3.8596539368755067,1.7605701493344172
ABEV,2023-12-18,train,True,True,D-1,2.91000008583,2.95000004768,3.0,2.97000002861,3.0927804644490076,1,0.0,-1.3840899245013638,3.8596539368755067,-1.6891875566072523,-1.0309268214830136,-0.34602041858216026,1.0,2.0,0.285715502131743,3.4722187727914022,3.8596539368755067,6.562354027379557
ABEV,2023-12-19,train,True,True,D-1,2.98000001907,2.98000001907,2.97000002861,2.94000005722,-0.33557014751700587,0,-1.3840899245013638,3.8596539368755067,-1.6891875566072523,-1.0309268214830136,2.430553140919267,2.07612251218503,2.0,3.0,0.785714650632382,1.0169481662752222,3.8596539368755067,3.8596539368755067
ABEV,2023-12-20,train,True,True,D-1,2.96000003815,2.90000009537,2.94000005722,2.82999992371,-0.6756750227104757,0,3.8596539368755067,-1.6891875566072523,-1.0309268214830136,2.430553140919267,1.0169481662752222,4.561407676849627,3.0,0.0,0.8461541282778565,0.6711402953695877,3.8596539368755067,3.8596539368755067
ABEV,2023-12-21,train,True,True,D-1,2.94000005722,2.92000007629,2.82999992371,2.83999991417,-3.4013653436645863,0,-1.6891875566072523,-1.0309268214830136,2.430553140919267,1.0169481662752222,-2.684561180807188,-2.0270250677935864,2.0,1.0,0.23077064154313554,3.4482724600476855,2.430553140919267,4.125466751151996
ABEV,2023-12-22,train,True,True,D-1,2.78999996185,2.80999994278,2.83999991417,2.84999990463,2.150535612918625,0,-1.0309268214830136,2.430553140919267,1.0169481662752222,-2.684561180807188,0.6896544918026493,0.3436422737131073,3.0,2.0,0.384616513188356,2.739723343146072,2.430553140919267,4.443974026692432
ABEV,2023-12-26,train,True,True,D-1,2.80999994278,2.82999992371,2.84999990463,2.83999991417,1.4234862158191808,0,2.430553140919267,1.0169481662752222,-2.684561180807188,0.6896544918026493,-3.767127761508837,-2.430561419391153,3.0,3.0,0.1363634885847305,6.761568010283603,2.430553140919267,5.53400657644465
ABEV,2023-12-27,train,True,True,D-1,2.80999994278,2.83999991417,2.83999991417,2.81999993324,1.067614661953331,0,1.0169481662752222,-2.684561180807188,0.6896544918026493,-3.767127761508837,0.7117431080875258,-4.067800746795691,3.0,4.0,0.227272480989701,6.007069995505088,1.0169481662752222,4.099145091911938
ABEV,2023-12-28,train,True,True,D-1,2.83999991417,2.81999993324,2.81999993324,2.79999995232,-0.7042247019167558,0,-2.684561180807188,0.6896544918026493,-3.767127761508837,0.7117431080875258,0.35335656288253414,-4.697990067251445,3.0,4.0,0.31578907742394113,4.577468956649344,0.7117431080875258,0.6896544918026493
ABEV,2023-12-29,train,True,True,D-1,2.79999995232,2.79999995232,2.79999995232,2.77999997139,0.0,0,0.6896544918026493,-3.767127761508837,0.7117431080875258,0.35335656288253414,-0.7042247019167558,-2.7586261896240694,3.0,4.0,0.24999962745332524,4.255323646129572,0.7117431080875258,1.0650996713234107
ABEV,2024-01-02,train,True,True,D-1,2.77999997139,2.75999999046,2.77999997139,2.77999997139,0.0,0,-3.767127761508837,0.7117431080875258,0.35335656288253414,-0.7042247019167558,-0.709219198350175,-4.109593179273685,2.0,2.0,0.2857142857755066,1.7857126129081413,0.7117431080875258,2.1201925115689413
ABEV,2024-01-03,train,True,True,D-1,2.75,2.75,2.77999997139,2.79999995232,1.8181800843636298,0,0.7117431080875258,0.35335656288253414,-0.7042247019167558,-0.709219198350175,-1.428570090755077,-1.7793577700408791,2.0,3.0,0.0,3.260866466706047,0.7117431080875258,2.8394007038472613
ABEV,2024-01-04,train,True,True,D-1,2.72000002861,2.75999999046,2.79999995232,2.80999994278,3.308820339093632,1,0.35335656288253414,-0.7042247019167558,-0.709219198350175,-1.428570090755077,-0.362318496179892,-2.8268525041203474,1.0,4.0,0.0909090908842964,3.6363601683636393,0.35335656288253414,2.139069176147812
ABEV,2024-01-05,train,True,True,D-1,2.77999997139,2.77999997139,2.80999994278,2.77999997139,1.0791356726165713,0,-0.7042247019167558,-0.709219198350175,-1.428570090755077,-0.362318496179892,0.36363601672726453,-2.816898807314938,1.0,4.0,0.33333333330555553,2.898547970526133,0.36363601672726453,0.0
ABEV,2024-01-08,train,True,True,D-1,2.75999999046,2.78999996185,2.77999997139,2.81999993324,2.173910977804039,0,-0.709219198350175,-1.428570090755077,-0.362318496179892,0.36363601672726453,0.7246369927221163,-1.4184383970549441,2.0,4.0,0.6000000000200009,1.4388475633688502,0.7246369927221163,0.0
ABEV,2024-01-09,train,True,True,D-1,2.75999999046,2.74000000954,2.81999993324,2.79999995232,2.173910977804039,0,-1.428570090755077,-0.362318496179892,0.36363601672726453,0.7246369927221163,0.35971189075227894,-0.3571425228673375,3.0,0.0,0.7777777777407391,0.7168452044256979,0.7246369927221163,0.36363601672726453
ABEV,2024-01-10,train,True,True,D-1,2.78999996185,2.80999994278,2.79999995232,2.81999993324,1.0752678064593013,0,-0.362318496179892,0.36363601672726453,0.7246369927221163,0.35971189075227894,-1.7921130105265637,-0.724636992359784,3.0,1.0,0.22222222225926094,2.554742080156114,0.7246369927221163,2.1634845560909777
ABEV,2024-01-11,train,True,True,D-1,2.79999995232,2.76999998093,2.81999993324,2.75,0.7142850450204019,0,0.36363601672726453,0.7246369927221163,0.35971189075227894,-1.7921130105265637,2.554742080156114,2.1818161010909165,4.0,0.0,0.9000000000300014,0.3558715538658275,2.554742080156114,0.7246369927221163
ABEV,2024-01-12,train,True,True,D-1,2.79999995232,2.76999998093,2.75,2.73000001907,-1.7857126132652779,0,0.7246369927221163,0.35971189075227894,-1.7921130105265637,2.554742080156114,-1.4234862158191697,0.36231849654222437,3.0,1.0,0.37500000003125145,1.805052442390731,2.554742080156114,0.7246369927221163
ABEV,2024-01-16,train,True,True,D-1,2.75,2.69000005722,2.73000001907,2.70000004768,-0.7272720338181937,0,0.35971189075227894,-1.7921130105265637,2.554742080156114,-1.4234862158191697,0.0,-0.35971189075227894,2.0,2.0,0.37500000003125145,1.805052442390731,2.554742080156114,3.9782282959752835
ABEV,2024-01-17,train,True,True,D-1,2.71000003815,2.69000005722,2.70000004768,2.71000003815,0.0,0,-1.7921130105265637,2.554742080156114,-1.4234862158191697,0.0,-2.8880839083306187,-3.5842260214115518,1.0,3.0,0.0,4.832709042926542,2.554742080156114,5.4428259884867325
ABEV,2024-01-18,train,True,True,D-1,2.67000007629,2.70000004768,2.71000003815,2.70000004768,1.498125869553557,0,2.554742080156114,-1.4234862158191697,0.0,-2.8880839083306187,0.0,-1.8248157717486446,1.0,4.0,0.0,4.832709042926542,2.554742080156114,5.4428259884867325
ABEV,2024-01-19,train,True,True,D-1,2.70000004768,2.70000004768,2.70000004768,2.69000005722,0.0,0,-1.4234862158191697,0.0,-2.8880839083306187,0.0,0.37174684934151436,-3.9145870939475746,1.0,3.0,0.24999999998437497,4.444440127440408,0.37174684934151436,0.0
ABEV,2024-01-22,train,True,True,D-1,2.67000007629,2.65000009537,2.69000005722,2.71000003815,1.498125869553557,0,0.0,-2.8880839083306187,0.0,0.37174684934151436,0.0,-2.5270734199246525,1.0,4.0,0.24999999998437497,4.444440127440408,0.37174684934151436,0.0
ABEV,2024-01-23,train,True,True,D-1,2.67000007629,2.67000007629,2.71000003815,2.68000006676,1.498125869553557,0,-2.8880839083306187,0.0,0.37174684934151436,0.0,-1.8518500528532655,-4.332125862315406,1.0,4.0,0.16666666669444263,3.773581170986251,0.37174684934151436,2.22359690219478
ABEV,2024-01-24,train,True,True,D-1,2.71000003815,2.6400001049,2.68000006676,2.69000005722,-0.738006665994495,0,0.0,0.37174684934151436,0.0,-1.8518500528532655,0.7547162339708535,-0.7434936990547425,2.0,4.0,0.39999999998000085,2.2471888039557797,0.7547162339708535,1.4828568812016218
ABEV,2024-01-25,train,True,True,D-1,2.67000007629,2.67000007629,2.69000005722,2.67000007629,0.7490629347767674,0,0.37174684934151436,0.0,-1.8518500528532655,0.7547162339708535,-1.123594401977901,-1.8587342474510105,2.0,3.0,0.12499999995312357,2.651512517748622,0.7547162339708535,0.7491049667042837
ABEV,2024-01-26,train,True,True,D-1,2.67000007629,2.68000006676,2.67000007629,2.65000009537,0.0,0,0.0,-1.8518500528532655,0.7547162339708535,-1.123594401977901,1.1363625074983341,-1.1111100318601075,2.0,4.0,0.49999999993749994,1.498125869553557,1.1363625074983341,0.7547162339708535
ABEV,2024-01-29,train,True,True,D-1,2.67000007629,2.67000007629,2.65000009537,2.66000008583,-0.3745314672011224,0,-1.8518500528532655,0.7547162339708535,-1.123594401977901,1.1363625074983341,0.37453146757564504,-0.740740020993158,3.0,2.0,0.6250000000156236,1.119401889652516,1.1363625074983341,0.7547162339708535
ABEV,2024-01-30,train,True,True,D-1,2.6400001049,2.63000011444,2.66000008583,2.65000009537,0.757575005125144,0,0.7547162339708535,-1.123594401977901,1.1363625074983341,0.37453146757564504,-0.3731339634662545,0.7547162339708535,3.0,3.0,0.49999999993749994,1.498125869553557,1.1363625074983341,1.1363625074983341
ABEV,2024-01-31,train,True,True,D-1,2.65000009537,2.61999988556,2.65000009537,2.6400001049,0.0,0,-1.123594401977901,1.1363625074983341,0.37453146757564504,-0.3731339634662545,-1.4981258691790122,-1.4981258691790122,2.0,4.0,0.20000190729727133,3.0418220619368386,1.1363625074983341,3.002032323710224
ABEV,2024-02-01,train,True,True,D-1,2.6099998951,2.6400001049,2.6400001049,2.63000011444,1.1494333718680139,0,1.1363625074983341,0.37453146757564504,-0.3731339634662545,-1.4981258691790122,-0.3802368229983699,-0.7575840358066022,2.0,3.0,0.124999627438254,2.671762393800181,1.1363625074983341,3.009028773466238
ABEV,2024-02-02,train,True,True,D-1,2.61999988556,2.63000011444,2.63000011444,2.66000008583,1.5267252678314636,0,0.37453146757564504,-0.3731339634662545,-1.4981258691790122,-0.3802368229983699,0.7633671837250944,-1.123594401977901,2.0,4.0,0.44444591613330625,1.8939375126234559,0.7633671837250944,0.37453146757564504
ABEV,2024-02-05,train,True,True,D-1,2.61999988556,2.59999990463,2.66000008583,2.6400001049,1.5267252678314636,0,-0.3731339634662545,-1.4981258691790122,-0.3802368229983699,0.7633671837250944,-0.37878750237317904,-1.86566981621189,1.0,4.0,0.42857337487277697,1.5209110307782936,0.7633671837250944,0.0
ABEV,2024-02-06,train,True,True,D-1,2.63000011444,2.65000009537,2.6400001049,2.58999991417,0.3802277575995161,0,-1.4981258691790122,-0.3802368229983699,0.7633671837250944,-0.37878750237317904,-1.1406923385776202,-2.6217292007446713,1.0,3.0,0.14285665624609542,2.3076993615712693,0.7633671837250944,2.2785262246568294
ABEV,2024-02-07,train,True,True,D-1,2.63000011444,2.58999991417,2.58999991417,2.58999991417,-1.5209200961771585,0,-0.3802368229983699,0.7633671837250944,-0.37878750237317904,-1.1406923385776202,1.9230843297709743,0.7604555155792614,2.0,4.0,0.8571433437539046,0.37735811698542676,1.9230843297709743,0.7633671837250944
ABEV,2024-02-08,train,True,True,D-1,2.57999992371,2.55999994278,2.58999991417,2.61999988556,1.5503861640616012,0,0.7633671837250944,-0.37878750237317904,-1.1406923385776202,1.9230843297709743,-2.2641576996480284,-1.1450371259687286,2.0,1.0,0.2222216335688966,2.7027094200670287,1.9230843297709743,1.1479822155253894
ABEV,2024-02-09,train,True,True,D-1,2.56999993324,2.57999992371,2.61999988556,2.59999990463,1.9455234871140537,0,-0.37878750237317904,-1.1406923385776202,1.9230843297709743,-2.2641576996480284,-1.1583000920528441,-3.030309050803237,1.0,2.0,0.0,3.906255675201531,1.9230843297709743,5.319316380752603
ABEV,2024-02-12,train,True,True,D-1,2.57999992371,2.59999990463,2.59999990463,2.57999992371,0.7751930818370223,0,-1.1406923385776202,1.9230843297709743,-2.2641576996480284,-1.1583000920528441,0.7812492725402631,-1.9011478537766746,2.0,3.0,0.2727266816205524,3.100781569208766,1.9230843297709743,2.309184360326555
ABEV,2024-02-13,train,True,True,D-1,2.58999991417,2.53999996185,2.57999992371,2.58999991417,0.0,0,1.9230843297709743,-2.2641576996480284,-1.1583000920528441,0.7812492725402631,0.7751930818370223,0.0,3.0,4.0,0.4545444693069827,2.3076993615712693,1.9230843297709743,1.9230843297709743
ABEV,2024-02-14,train,True,True,D-1,2.51999998093,2.55999994278,2.58999991417,2.56999993324,2.777775149592121,0,-2.2641576996480284,-1.1583000920528441,0.7812492725402631,0.7751930818370223,-2.3076901915709325,-4.150948285329825,2.0,4.0,0.2857137991330177,3.9370135650382165,0.7812492725402631,2.3316354369894765
ABEV,2024-02-15,train,True,True,D-1,2.56999993324,2.55999994278,2.56999993324,2.63000011444,2.3346374614242826,0,-1.1583000920528441,0.7812492725402631,0.7751930818370223,-2.3076901915709325,0.7874008358422779,-1.1583000920528441,3.0,2.0,0.5000000000000019,2.3437478172301685,0.7874008358422779,2.3197094001260132
ABEV,2024-02-16,train,True,True,D-1,2.54999995232,2.54999995232,2.63000011444,2.59999990463,3.1372613182684805,1,0.7812492725402631,0.7751930818370223,-2.3076901915709325,0.7874008358422779,0.0,0.0,3.0,3.0,0.5000000000000019,2.3437478172301685,0.7874008358422779,0.7812492725402631
ABEV,2024-02-20,train,True,True,D-1,2.6099998951,2.55999994278,2.59999990463,2.6099998951,0.0,0,0.7751930818370223,-2.3076901915709325,0.7874008358422779,0.0,-0.3906246360748322,-1.1627896231431123,2.0,4.0,0.4166666666944435,2.7450954725043664,0.7874008358422779,1.1780254719171102
ABEV,2024-02-21,train,True,True,D-1,2.57999992371,2.59999990463,2.6099998951,2.59999990463,1.1627896231431123,0,-2.3076901915709325,0.7874008358422779,0.0,-0.3906246360748322,0.39215649596002766,-1.5384601275857501,2.0,0.0,0.46153761508950397,2.7343817665864467,0.7874008358422779,0.7874008358422779
ABEV,2024-02-22,train,True,True,D-1,2.57999992371,2.58999991417,2.59999990463,2.6099998951,1.1627896231431123,0,0.7874008358422779,0.0,-0.3906246360748322,0.39215649596002766,1.5624985446899053,2.362202507133082,3.0,1.0,0.727271150927534,1.153854265785803,1.5624985446899053,0.7874008358422779
ABEV,2024-02-23,train,True,True,D-1,2.58999991417,2.55999994278,2.6099998951,2.68000006676,3.474909481564281,1,0.0,-0.3906246360748322,0.39215649596002766,1.5624985446899053,-0.384615031800295,1.1718739086150842,2.0,2.0,0.555554083866691,1.5444093280141624,1.5624985446899053,0.39215649596002766
ABEV,2024-02-26,train,True,True,D-1,2.57999992371,2.58999991417,2.68000006676,2.72000002861,5.4263608154949905,1,-0.3906246360748322,0.39215649596002766,1.5624985446899053,-0.384615031800295,-1.1583000920528441,0.0,2.0,3.0,0.22222163356890154,2.7343817665864467,1.5624985446899053,3.1009586722756555
ABEV,2024-02-27,train,True,True,D-1,2.65000009537,2.66000008583,2.72000002861,2.52999997139,2.6415068196526503,0,0.39215649596002766,1.5624985446899053,-0.384615031800295,-1.1583000920528441,1.1718739086150842,1.568625984232197,3.0,4.0,0.4999985098780186,1.5444093280141624,1.5624985446899053,1.5624985446899053
ABEV,2024-02-28,train,True,True,D-1,2.68000006676,2.69000005722,2.52999997139,2.50999999046,-5.59701834453098,0,1.5624985446899053,-0.384615031800295,-1.1583000920528441,1.1718739086150842,2.7027094200670287,3.906255675201531,3.0,0.0,0.84615412827786,0.7518789580700069,2.7027094200670287,1.5624985446899053
ABEV,2024-02-29,train,True,True,D-1,2.50999999046,2.49000000954,2.50999999046,2.51999998093,0.39840599633498286,0,-0.384615031800295,-1.1583000920528441,1.1718739086150842,2.7027094200670287,1.1278184369170274,3.4615444573567133,3.0,0.0,0.8235296592524836,1.115240548396268,2.7027094200670287,1.1718739086150842
ABEV,2024-03-01,train,True,True,D-1,2.5,2.48000001907,2.51999998093,2.56999993324,2.7999973296000125,0,-1.1583000920528441,1.1718739086150842,2.7027094200670287,1.1278184369170274,-7.434945852257391,-3.8610003067141463,3.0,1.0,0.11538450957987821,9.236948521638343,2.7027094200670287,9.093689525503933
ABEV,2024-03-04,train,True,True,D-1,2.48000001907,2.5,2.56999993324,2.57999992371,4.032254188348761,1,1.1718739086150842,2.7027094200670287,1.1278184369170274,-7.434945852257391,-0.4016060414332223,-3.1249970897704538,3.0,2.0,0.1428570212040691,9.67741966510145,2.7027094200670287,10.509402122037681
ABEV,2024-03-05,train,True,True,D-1,2.54999995232,2.54999995232,2.57999992371,2.54999995232,1.1764694882721916,0,2.7027094200670287,1.1278184369170274,-7.434945852257391,-0.4016060414332223,0.8064508377503943,-3.4749002761585657,3.0,3.0,0.2142855318239616,8.800001144400005,2.7027094200670287,2.7027094200670287
ABEV,2024-03-06,train,True,True,D-1,2.55999994278,2.53999996185,2.54999995232,2.57999992371,0.7812492725402631,0,1.1278184369170274,-7.434945852257391,-0.4016060414332223,0.8064508377503943,1.9999980928000038,-4.135343231602828,3.0,4.0,0.3928568083558333,6.666669783085033,1.9999980928000038,1.1278184369170274
ABEV,2024-03-07,train,True,True,D-1,2.54999995232,2.54999995232,2.57999992371,2.57999992371,1.1764694882721916,0,-7.434945852257391,-0.4016060414332223,0.8064508377503943,1.9999980928000038,-0.39215649635215843,-5.576211605178127,2.0,0.0,0.7142857142448984,1.5748016716845115,1.9999980928000038,0.8064508377503943
ABEV,2024-03-08,train,True,True,D-1,2.50999999046,2.55999994278,2.57999992371,2.56999993324,2.7888419727512215,0,-0.4016060414332223,0.8064508377503943,1.9999980928000038,-0.39215649635215843,0.3937004181179704,2.4096362469927968,3.0,1.0,0.7857142857193873,1.1764694882721916,1.9999980928000038,1.9999980928000038
ABEV,2024-03-11,train,True,True,D-1,2.55999994278,2.54999995232,2.56999993324,2.56999993324,0.3906246360748211,0,0.8064508377503943,1.9999980928000038,-0.39215649635215843,0.3937004181179704,0.39215649596002766,3.2258033505983663,4.0,2.0,0.7999999999800026,0.7812492725402631,1.9999980928000038,1.9999980928000038
ABEV,2024-03-12,train,True,True,D-1,2.55999994278,2.55999994278,2.56999993324,2.54999995232,0.3906246360748211,0,1.9999980928000038,-0.39215649635215843,0.3937004181179704,0.39215649596002766,-0.3906246360748322,1.9999980928000038,3.0,3.0,0.5714285714693869,1.1764694882721916,1.9999980928000038,1.9999980928000038
ABEV,2024-03-13,train,True,True,D-1,2.55999994278,2.52999997139,2.54999995232,2.52999997139,-0.3906246360748322,0,-0.39215649635215843,0.3937004181179704,0.39215649596002766,-0.3906246360748322,0.39215649596002766,0.39215649596002766,3.0,4.0,0.7142857142653097,0.7812492725402631,0.3937004181179704,0.3937004181179704
ABEV,2024-03-14,train,True,True,D-1,2.53999996185,2.51999998093,2.52999997139,2.50999999046,-0.3937004177242742,0,0.3937004181179704,0.39215649596002766,-0.3906246360748322,0.39215649596002766,-1.1718739086150953,-0.3937004177242742,3.0,3.0,0.2857142857346966,1.9762827227436608,0.3937004181179704,1.1780134104301343
ABEV,2024-03-15,train,True,True,D-1,2.51999998093,2.5,2.50999999046,2.49000000954,-0.3968250216537683,0,0.39215649596002766,-0.3906246360748322,0.39215649596002766,-1.1718739086150953,-0.39525654439062086,-1.1764694882721694,2.0,4.0,0.14285714293878013,2.380950128335191,0.39215649596002766,1.954655040649933
ABEV,2024-03-18,train,True,True,D-1,2.5,2.50999999046,2.49000000954,2.5,0.0,0,-0.3906246360748322,0.39215649596002766,-1.1718739086150953,-0.39525654439062086,-0.7936500429106874,-2.3437478172301796,1.0,4.0,0.11111111107407294,3.199996948400008,0.39215649596002766,1.577926129527174
ABEV,2024-03-19,train,True,True,D-1,2.47000002861,2.47000002861,2.5,2.50999999046,1.6194316350882865,0,0.39215649596002766,-1.1718739086150953,-0.39525654439062086,-0.7936500429106874,0.3999996184000043,-1.56862598462435,2.0,4.0,0.3999999999799991,2.3904359764162386,0.3999996184000043,0.788981517613796
ABEV,2024-03-20,train,True,True,D-1,2.47000002861,2.5,2.50999999046,2.5,1.6194316350882865,0,-1.1718739086150953,-0.39525654439062086,-0.7936500429106874,0.3999996184000043,-1.5936239841446875,-3.515621725845275,1.0,4.0,0.0909090908842964,4.048579087923154,0.3999996184000043,1.199998855600004
ABEV,2024-03-21,train,True,True,D-1,2.5,2.49000000954,2.5,2.49000000954,0.0,0,-0.39525654439062086,-0.7936500429106874,0.3999996184000043,-1.5936239841446875,1.2145737264174228,-1.1857696335671464,2.0,4.0,0.44444444440740793,1.9999980928000038,1.2145737264174228,0.7984056143365725
ABEV,2024-03-22,train,True,True,D-1,2.49000000954,2.47000002861,2.49000000954,2.49000000954,0.0,0,-0.7936500429106874,0.3999996184000043,-1.5936239841446875,1.2145737264174228,-0.3999996183999932,-1.1904750641676065,2.0,4.0,0.42857142859183767,1.6064241645279864,1.2145737264174228,0.3999996184000043
ABEV,2024-03-25,train,True,True,D-1,2.49000000954,2.45000004768,2.49000000954,2.48000001907,0.0,0,0.3999996184000043,-1.5936239841446875,1.2145737264174228,-0.3999996183999932,-0.8032120824648104,-1.199998855600004,2.0,4.0,0.19999999995999818,1.6194316350882865,1.2145737264174228,2.414572582017427
ABEV,2024-03-26,train,True,True,D-1,2.48000001907,2.47000002861,2.48000001907,2.5,0.8064508377503943,0,-1.5936239841446875,1.2145737264174228,-0.3999996183999932,-0.8032120824648104,-0.8097158177465591,-2.3904359764162275,1.0,2.0,0.0,2.4489772086664363,1.2145737264174228,2.8209978913470213
ABEV,2024-03-27,train,True,True,D-1,2.46000003815,2.48000001907,2.5,2.47000002861,1.626014684133148,0,1.2145737264174228,-0.3999996183999932,-0.8032120824648104,-0.8097158177465591,0.8163257363581922,0.0,2.0,3.0,0.3333333333888865,1.6194316350882865,1.2145737264174228,1.2145737264174228
ABEV,2024-03-28,train,True,True,D-1,2.47000002861,2.48000001907,2.47000002861,2.45000004768,0.0,0,-0.3999996183999932,-0.8032120824648104,-0.8097158177465591,0.8163257363581922,0.4048579086708415,-0.7999992372000109,2.0,4.0,0.4999999999999963,1.209676256423986,0.8163257363581922,0.0
ABEV,2024-04-01,train,True,True,D-1,2.46000003815,2.42000007629,2.45000004768,2.46000003815,0.0,0,-0.8032120824648104,-0.8097158177465591,0.8163257363581922,0.4048579086708415,0.0,-0.4016060414332223,2.0,4.0,0.5999999999599946,0.8064508377503943,0.8163257363581922,0.8163257363581922
ABEV,2024-04-02,train,True,True,D-1,2.43000006676,2.41000008583,2.46000003815,2.50999999046,3.2921778395943235,1,-0.8097158177465591,0.8163257363581922,0.4048579086708415,0.0,-2.41935251284795,-2.024289544163993,2.0,1.0,0.11111111107407294,3.305781867273505,0.8163257363581922,3.235678249206142
ABEV,2024-04-03,train,True,True,D-1,2.41000008583,2.45000004768,2.50999999046,2.45000004768,4.149373488323338,1,0.8163257363581922,0.4048579086708415,0.0,-2.41935251284795,-0.413222733254226,-1.632651472308233,2.0,2.0,0.0,3.7344361396154824,0.8163257363581922,3.6389036678797226
ABEV,2024-04-04,train,True,True,D-1,2.47000002861,2.45000004768,2.45000004768,2.42000007629,-0.8097158177465591,0,0.4048579086708415,0.0,-2.41935251284795,-0.413222733254226,1.6597493952463571,-0.8097158177465591,2.0,3.0,0.6153853207331079,2.0408143406914103,1.6597493952463571,0.4048579086708415
ABEV,2024-04-05,train,True,True,D-1,2.45000004768,2.41000008583,2.42000007629,2.46000003815,0.4081628683831662,0,0.0,-2.41935251284795,-0.413222733254226,1.6597493952463571,0.0,-1.2096762564239638,1.0,0.0,0.5714293012647608,2.4489772086664363,1.6597493952463571,0.0
ABEV,2024-04-08,train,True,True,D-1,2.40000009537,2.41000008583,2.46000003815,2.42000007629,2.4999975164896826,0,-2.41935251284795,-0.413222733254226,1.6597493952463571,0.0,-1.632651472308233,-2.8225779315215305,1.0,1.0,0.33333439295488276,4.149373488323338,1.6597493952463571,3.29240086755459
ABEV,2024-04-09,train,True,True,D-1,2.44000005722,2.45000004768,2.42000007629,2.41000008583,-0.819671330368188,0,-0.413222733254226,1.6597493952463571,0.0,-1.632651472308233,0.0,-0.413222733254226,1.0,2.0,0.33333439295488276,4.149373488323338,1.6597493952463571,3.29240086755459
ABEV,2024-04-10,train,True,True,D-1,2.41000008583,2.38000011444,2.41000008583,2.36999988556,0.0,0,1.6597493952463571,0.0,-1.632651472308233,0.0,1.6597493952463571,1.6597493952463571,2.0,3.0,0.600000635759597,2.4489772086664363,1.6597493952463571,1.6597493952463571
ABEV,2024-04-11,train,True,True,D-1,2.38000011444,2.40000009537,2.36999988556,2.33999991417,-0.4201776638297794,0,0.0,-1.632651472308233,0.0,1.6597493952463571,-2.8571400766414623,-2.8571400766414623,1.0,4.0,0.13333471083467974,5.462179402062262,1.6597493952463571,1.2448120465385015
ABEV,2024-04-12,train,True,True,D-1,2.36999988556,2.34999990463,2.33999991417,2.28999996185,-1.2658216387597676,0,-1.632651472308233,0.0,1.6597493952463571,-2.8571400766414623,0.8403352927865537,-2.04081434028327,2.0,2.0,0.4000014304979512,2.4999975164896826,1.6597493952463571,3.7005637355296273
ABEV,2024-04-15,train,True,True,D-1,2.31999993324,2.31999993324,2.28999996185,2.27999997139,-1.293102252296341,0,0.0,1.6597493952463571,-2.8571400766414623,0.8403352927865537,-2.083341198046551,-2.489633986022699,2.0,3.0,0.15384587164522046,4.680856935495026,1.6597493952463571,2.9202623518626902
ABEV,2024-04-16,train,True,True,D-1,2.26999998093,2.25999999046,2.27999997139,2.28999996185,0.881056435595462,0,1.6597493952463571,-2.8571400766414623,0.8403352927865537,-2.083341198046551,-1.2765945790420563,-3.7344460325612006,2.0,4.0,0.12499981369541367,6.034487454251014,1.6597493952463571,4.9930893515377495
ABEV,2024-04-17,train,True,True,D-1,2.27999997139,2.25999999046,2.28999996185,2.30999994278,1.3157882353704853,0,-2.8571400766414623,0.8403352927865537,-2.083341198046551,-1.2765945790420563,-2.586204504592682,-7.75510422540272,1.0,4.0,0.05882344689623012,7.079649845371616,0.8403352927865537,4.670119029912723
ABEV,2024-04-18,train,True,True,D-1,2.25999999046,2.27999997139,2.30999994278,2.32999992371,3.097342192278174,1,0.8403352927865537,-2.083341198046551,-1.2765945790420563,-2.586204504592682,0.0,-5.042021773525651,1.0,4.0,0.11764689379246024,6.637172389521528,0.8403352927865537,3.4265397973792355
ABEV,2024-04-19,train,True,True,D-1,2.27999997139,2.28999996185,2.32999992371,2.30999994278,2.1929803924303215,0,-2.083341198046551,-1.2765945790420563,-2.586204504592682,0.0,0.8849549121426881,-5.000004967145621,1.0,4.0,0.3571428571581651,3.9473647061114336,0.8849549121426881,0.0
ABEV,2024-04-22,train,True,True,D-1,2.29999995232,2.29999995232,2.30999994278,2.33999991417,1.7391288121398452,0,-1.2765945790420563,-2.586204504592682,0.0,0.8849549121426881,0.43859607831062686,-2.5531891580841126,2.0,4.0,0.545454545438018,2.183404067815209,0.8849549121426881,0.0
ABEV,2024-04-23,train,True,True,D-1,2.28999996185,2.29999995232,2.33999991417,2.31999993324,2.183404067815209,0,-2.586204504592682,0.0,0.8849549121426881,0.43859607831062686,0.4366808138250411,-0.8620681679102127,3.0,0.0,0.7000000000199996,1.3043466092135914,0.8849549121426881,0.8849549121426881
ABEV,2024-04-24,train,True,True,D-1,2.29999995232,2.31999993324,2.31999993324,2.34999990463,2.1739110150661434,0,0.0,0.8849549121426881,0.43859607831062686,0.4366808138250411,0.0,1.7699098242853761,3.0,1.0,0.7000000000199996,1.3043466092135914,0.8849549121426881,0.8849549121426881
ABEV,2024-04-25,train,True,True,D-1,2.30999994278,2.29999995232,2.34999990463,2.3599998951,2.1645001540487874,0,0.8849549121426881,0.43859607831062686,0.4366808138250411,0.0,0.869564405852552,2.654864735985596,4.0,0.0,0.818181818157027,0.8620681683412235,0.8849549121426881,0.8849549121426881
ABEV,2024-04-26,train,True,True,D-1,2.32999992371,2.32999992371,2.3599998951,2.36999988556,1.7167366162960773,0,0.43859607831062686,0.4366808138250411,0.0,0.869564405852552,-0.8620681679102127,0.8771921570598362,3.0,1.0,0.42857142859183406,1.7391288121398452,0.869564405852552,0.43859607831062686
ABEV,2024-04-29,train,True,True,D-1,2.32999992371,2.3599998951,2.36999988556,2.36999988556,1.7167366162960773,0,0.4366808138250411,0.0,0.869564405852552,-0.8620681679102127,1.3043466092135914,1.746723254426863,3.0,0.0,0.7142857143673443,0.8583683079334437,1.3043466092135914,0.869564405852552
ABEV,2024-04-30,train,True,True,D-1,2.3599998951,2.31999993324,2.36999988556,2.44000005722,3.389837528641504,1,0.0,0.869564405852552,-0.8620681679102127,1.3043466092135914,1.2875524623293444,2.6086932184271827,3.0,0.0,1.0,0.0,1.3043466092135914,0.869564405852552
ABEV,2024-05-01,train,True,True,D-1,2.33999991417,2.33999991417,2.44000005722,2.45000004768,4.700860578835431,1,0.869564405852552,-0.8620681679102127,1.3043466092135914,1.2875524623293444,-1.6949137134730674,0.869564405852552,3.0,0.0,0.3749999999843764,2.1551704206375755,1.3043466092135914,1.733530763609492
ABEV,2024-05-02,train,True,True,D-1,2.3900001049,2.41000008583,2.45000004768,2.45000004768,2.5104577467167433,0,-0.8620681679102127,1.3043466092135914,1.2875524623293444,-1.6949137134730674,0.8620681683412235,0.8620681683412235,3.0,1.0,0.6250000000156236,1.2820501064266576,1.3043466092135914,2.1518034659501417
ABEV,2024-05-03,train,True,True,D-1,2.44000005722,2.43000006676,2.45000004768,2.47000002861,1.2295069953473847,0,1.3043466092135914,1.2875524623293444,-1.6949137134730674,0.8620681683412235,2.991460437075677,4.78261459958047,4.0,0.0,0.7692311924552506,1.2448120465384793,2.991460437075677,1.3043466092135914
ABEV,2024-05-06,train,True,True,D-1,2.42000007629,2.44000005722,2.47000002861,2.3900001049,2.066113667097591,0,1.2875524623293444,-1.6949137134730674,0.8620681683412235,2.991460437075677,0.8298746978306459,4.291851773573119,4.0,0.0,0.8571431004692038,0.8230444596928344,2.991460437075677,1.2875524623293444
ABEV,2024-05-07,train,True,True,D-1,2.46000003815,2.46000003815,2.3900001049,2.3599998951,-2.845525697741136,0,-1.6949137134730674,0.8620681683412235,2.991460437075677,0.8298746978306459,0.41152222984639497,3.389837528641504,4.0,1.0,0.9285715502346004,0.40983566497918567,2.991460437075677,2.991460437075677
ABEV,2024-05-08,train,True,True,D-1,2.3599998951,2.36999988556,2.3599998951,2.33999991417,0.0,0,0.8620681683412235,2.991460437075677,0.8298746978306459,0.41152222984639497,0.8196713303681991,6.034487454251014,5.0,0.0,0.9375000931522943,0.4065036709316461,2.991460437075677,2.991460437075677
ABEV,2024-05-09,train,True,True,D-1,2.33999991417,2.33999991417,2.33999991417,2.34999990463,0.4273500353331183,0,2.991460437075677,0.8298746978306459,0.41152222984639497,0.8196713303681991,-3.6585427314742236,1.2820501064266576,4.0,1.0,0.3333328035336698,4.219415522307979,2.991460437075677,5.860319864060859
ABEV,2024-05-10,train,True,True,D-1,2.33999991417,2.31999993324,2.34999990463,2.38000011444,1.7094103306490194,0,0.8298746978306459,0.41152222984639497,0.8196713303681991,-3.6585427314742236,-1.2658216387597676,-2.9045713347305657,3.0,2.0,0.13333312142680004,5.55556064992897,0.8298746978306459,5.70792844250636
ABEV,2024-05-13,train,True,True,D-1,2.33999991417,2.32999992371,2.38000011444,2.41000008583,2.991460437075677,0,0.41152222984639497,0.8196713303681991,-3.6585427314742236,-1.2658216387597676,-0.8547000710935393,-4.526754341478956,2.0,3.0,0.0,6.46552153820612,0.8196713303681991,2.929374061775103
ABEV,2024-05-14,train,True,True,D-1,2.34999990463,2.3599998951,2.41000008583,2.43000006676,3.4042623564529695,1,0.8196713303681991,-3.6585427314742236,-1.2658216387597676,-0.8547000710935393,0.4310340843861393,-4.508202087311741,2.0,4.0,0.1764703407475165,6.008588389869174,0.8196713303681991,1.2470213657012952
ABEV,2024-05-15,train,True,True,D-1,2.36999988556,2.3900001049,2.43000006676,2.42000007629,2.531653337435613,0,-3.6585427314742236,-1.2658216387597676,-0.8547000710935393,0.4310340843861393,1.2875524623293444,-4.065046402405881,2.0,4.0,0.6666649006696626,1.2711953870120363,1.2875524623293444,0.0
ABEV,2024-05-16,train,True,True,D-1,2.41000008583,2.3900001049,2.42000007629,2.41000008583,0.4149373487078556,0,-1.2658216387597676,-0.8547000710935393,0.4310340843861393,1.2875524623293444,1.2711953870120363,0.8438911521413184,3.0,0.0,0.8181822122226607,0.8368192490450621,1.2875524623293444,0.4310340843861393
ABEV,2024-05-17,train,True,True,D-1,2.40000009537,2.42000007629,2.41000008583,2.38000011444,0.41666625260941004,0,-0.8547000710935393,0.4310340843861393,1.2875524623293444,1.2711953870120363,0.0,2.1367603659821155,3.0,0.0,0.6923082565557165,1.673638498090102,1.2875524623293444,1.2875524623293444
ABEV,2024-05-20,train,True,True,D-1,2.38000011444,2.33999991417,2.38000011444,2.32999992371,0.0,0,0.4310340843861393,1.2875524623293444,1.2711953870120363,0.0,1.2552288733583605,4.310351117568545,4.0,1.0,0.9230770641004684,0.4132227336674399,1.2875524623293444,1.2875524623293444
ABEV,2024-05-21,train,True,True,D-1,2.38000011444,2.31999993324,2.32999992371,2.31999993324,-2.100848248982745,0,1.2875524623293444,1.2711953870120363,0.0,1.2552288733583605,-3.305791718926099,0.4291841539667107,3.0,2.0,0.0,3.8461605081692163,1.2875524623293444,3.3796105600461313
ABEV,2024-05-22,train,True,True,D-1,2.31999993324,2.29999995232,2.31999993324,2.30999994278,0.0,0,1.2711953870120363,0.0,1.2552288733583605,-3.305791718926099,-0.8547000710935393,-1.6949137134730674,2.0,3.0,0.0,4.741385201954684,1.2711953870120363,5.4034325728598125
ABEV,2024-05-23,train,True,True,D-1,2.31999993324,2.27999997139,2.30999994278,2.26999998093,-0.43103408395509524,0,0.0,1.2552288733583605,-3.305791718926099,-0.8547000710935393,-0.8620681679102127,-3.765696595388468,1.0,4.0,0.13333312142680004,5.652179005867786,1.2552288733583605,2.9646290151181143
ABEV,2024-05-24,train,True,True,D-1,2.28999996185,2.28999996185,2.26999998093,2.22000002861,-0.8733616267767363,0,1.2552288733583605,-3.305791718926099,-0.8547000710935393,-0.8620681679102127,-0.8695644062873042,-4.602515844433497,1.0,4.0,0.0,6.140355555120869,1.2552288733583605,2.9793652096097967
ABEV,2024-05-28,train,True,True,D-1,2.26999998093,2.23000001907,2.22000002861,2.25,-0.8810564360360207,0,-3.305791718926099,-0.8547000710935393,-0.8620681679102127,-0.8695644062873042,0.43859607831062686,-5.371905386023689,1.0,4.0,0.07692293582260852,5.240180173761089,0.43859607831062686,0.43478220336105045
ABEV,2024-05-29,train,True,True,D-1,2.18000006676,2.20000004768,2.25,2.23000001907,3.2110060135932317,1,-0.8547000710935393,-0.8620681679102127,-0.8695644062873042,0.43859607831062686,-2.6200848812036104,-4.7008503903735015,1.0,4.0,0.06249990684770545,6.726461618262958,0.43859607831062686,2.192980392430355
ABEV,2024-05-30,train,True,True,D-1,2.22000002861,2.21000003815,2.23000001907,2.22000002861,0.4504500149155932,0,-0.8620681679102127,-0.8695644062873042,0.43859607831062686,-2.6200848812036104,-1.345290185356629,-5.172409009185353,1.0,4.0,0.1874999999921882,5.909085146024906,0.43859607831062686,4.368723400116014
ABEV,2024-05-31,train,True,True,D-1,2.21000003815,2.22000002861,2.22000002861,2.22000002861,0.4524882482975334,0,-0.8695644062873042,0.43859607831062686,-2.6200848812036104,-1.345290185356629,0.45454501151240834,-3.913039827640752,2.0,4.0,0.26666666671111094,4.977370732630448,0.45454501151240834,1.3354562015827631
ABEV,2024-06-03,train,True,True,D-1,2.20000004768,2.19000005722,2.22000002861,2.23000001907,1.3636350336281078,0,0.43859607831062686,-2.6200848812036104,-1.345290185356629,0.45454501151240834,0.4524882482975334,-2.6315764707409706,3.0,4.0,0.3571428571581619,4.054050135591747,0.45454501151240834,0.43859607831062686
ABEV,2024-06-04,train,True,True,D-1,2.19000005722,2.21000003815,2.23000001907,2.25,2.739723343028788,0,-2.6200848812036104,-1.345290185356629,0.45454501151240834,0.4524882482975334,-1.3513500451972416,-4.366808135193779,2.0,4.0,0.20000000001999735,3.652964457523944,0.45454501151240834,1.359521508559991
ABEV,2024-06-05,train,True,True,D-1,2.22000002861,2.20000004768,2.25,2.22000002861,1.3513500451972416,0,-1.345290185356629,0.45454501151240834,0.4524882482975334,-1.3513500451972416,0.9132411144951336,-0.8968601232721363,3.0,3.0,0.5000000000625001,1.8099529936426606,0.9132411144951336,0.9049950264280016
ABEV,2024-06-06,train,True,True,D-1,2.21000003815,2.24000000954,2.22000002861,2.16000008583,0.4524882482975334,0,0.45454501151240834,0.4524882482975334,-1.3513500451972416,0.9132411144951336,-0.452488248750027,0.0,3.0,4.0,0.3749999999843764,2.272725056198399,0.9132411144951336,0.45454501151240834
ABEV,2024-06-07,train,True,True,D-1,2.21000003815,2.17000007629,2.16000008583,2.17000007629,-1.8099529940951542,0,0.4524882482975334,-1.3513500451972416,0.9132411144951336,-0.452488248750027,1.8181800451405383,1.3574647453451272,3.0,0.0,0.8750000000468764,0.4464281436344031,1.8181800451405383,0.9132411144951336
ABEV,2024-06-10,train,True,True,D-1,2.15000009537,2.15000009537,2.17000007629,2.1400001049,0.9302316294343305,0,-1.3513500451972416,0.9132411144951336,-0.452488248750027,1.8181800451405383,-3.1249970067801502,-2.252250075478879,2.0,1.0,0.11111111107407294,3.6866322994224987,1.8181800451405383,2.2768761481232636
ABEV,2024-06-11,train,True,True,D-1,2.15000009537,2.13000011444,2.1400001049,2.07999992371,-0.46511581518227096,0,0.9132411144951336,-0.452488248750027,1.8181800451405383,-3.1249970067801502,-0.9216580745100122,-1.8264822285336435,2.0,2.0,0.23077064154313554,4.651158148567003,1.8181800451405383,5.836033339189517
ABEV,2024-06-12,train,True,True,D-1,2.1400001049,2.07999992371,2.07999992371,2.1099998951,-1.401878893898545,0,-0.452488248750027,1.8181800451405383,-3.1249970067801502,-0.9216580745100122,-0.9302316298994362,-3.619905987737826,1.0,3.0,0.07692476982099547,5.6337971414405,1.8181800451405383,3.661496194621372
ABEV,2024-06-13,train,True,True,D-1,2.04999995232,2.06999993324,2.1099998951,2.09999990463,2.926826545146888,0,1.8181800451405383,-3.1249970067801502,-0.9216580745100122,-0.9302316298994362,-2.347426668713848,-5.4545509713304625,1.0,4.0,0.055555482006199516,8.173080890636708,1.8181800451405383,5.07400183839275
ABEV,2024-06-14,train,True,True,D-1,2.04999995232,2.1099998951,2.09999990463,2.1099998951,2.926826545146888,0,-3.1249970067801502,-0.9216580745100122,-0.9302316298994362,-2.347426668713848,-0.4807687902297353,-7.58928908821348,0.0,4.0,0.11764689379246285,7.24638165254512,-0.4807687902297353,2.8169097641468688
ABEV,2024-06-17,train,True,True,D-1,2.08999991417,2.07999992371,2.1099998951,2.1099998951,0.9569369259013971,0,-0.9216580745100122,-0.9302316298994362,-2.347426668713848,-0.4807687902297353,1.9323653695674903,-2.764985211087223,1.0,3.0,0.4999990066260273,2.843610624310311,1.9323653695674903,0.0
ABEV,2024-06-18,train,True,True,D-1,2.07999992371,2.07999992371,2.1099998951,2.09999990463,1.442306369727664,0,-0.9302316298994362,-2.347426668713848,-0.4807687902297353,1.9323653695674903,-1.4217996626288087,-3.2558217932522115,1.0,4.0,0.24999950331301365,4.3269305712026584,1.9323653695674903,0.0
ABEV,2024-06-20,train,True,True,D-1,2.08999991417,2.07999992371,2.09999990463,2.11999988556,1.4354053886128426,0,-2.347426668713848,-0.4807687902297353,1.9323653695674903,-1.4217996626288087,0.0,-2.347426668713848,1.0,4.0,0.3333324503348313,2.8846242014749945,1.9323653695674903,3.354165032196299
ABEV,2024-06-21,train,True,True,D-1,2.06999993324,2.07999992371,2.11999988556,2.1099998951,2.4154567117178116,0,-0.4807687902297353,1.9323653695674903,-1.4217996626288087,0.0,0.0,0.0,1.0,3.0,0.5,1.442306369727664,1.9323653695674903,1.9323653695674903
ABEV,2024-06-24,train,True,True,D-1,2.09999990463,2.09999990463,2.1099998951,2.1099998951,0.47619004400678566,0,1.9323653695674903,-1.4217996626288087,0.0,0.0,0.0,0.4830913426334238,1.0,4.0,0.5,1.442306369727664,1.9323653695674903,1.9323653695674903
ABEV,2024-06-25,train,True,True,D-1,2.07999992371,2.09999990463,2.1099998951,2.1099998951,1.442306369727664,0,-1.4217996626288087,0.0,0.0,0.0,0.9615375794979508,-0.47393322119222425,1.0,0.0,0.7142857142244934,0.9523800875373745,0.9615375794979508,0.0
ABEV,2024-06-26,train,True,True,D-1,2.05999994278,2.09999990463,2.1099998951,2.08999991417,2.427182218875412,0,0.0,0.0,0.0,0.9615375794979508,0.0,0.9615375794979508,1.0,1.0,0.7142857142244934,0.9523800875373745,0.9615375794979508,0.0
ABEV,2024-06-27,train,True,True,D-1,2.07999992371,2.08999991417,2.08999991417,2.06999993324,0.4807687897489643,0,0.0,0.0,0.9615375794979508,0.0,0.0,0.9615375794979508,1.0,2.0,0.7142857142244934,0.9523800875373745,0.9615375794979508,0.9615375794979508
ABEV,2024-06-28,train,True,True,D-1,2.06999993324,2.04999995232,2.06999993324,2.05999994278,0.0,0,0.0,0.9615375794979508,0.0,0.0,-0.476190043530611,0.4807687897489643,1.0,3.0,0.5714285714081624,1.4354053886128426,0.9615375794979508,1.4377276230285618
ABEV,2024-07-01,train,True,True,D-1,2.05999994278,2.03999996185,2.05999994278,2.08999991417,1.456309331228156,0,0.9615375794979508,0.0,0.0,-0.476190043530611,-1.9138738513242992,-1.442306369727675,1.0,4.0,0.3636363636859501,3.414630969175425,0.9615375794979508,3.342487797627114
ABEV,2024-07-02,train,True,True,D-1,2.03999996185,2.05999994278,2.08999991417,2.08999991417,2.450978100737644,0,0.0,0.0,-0.476190043530611,-1.9138738513242992,-0.4878044245163471,-2.8571402621359487,0.0,4.0,0.29999999998000043,3.431369341130752,0.0,2.3923423145142286
ABEV,2024-07-03,train,True,True,D-1,2.06999993324,2.07999992371,2.08999991417,2.07999992371,0.9661826847837451,0,0.0,-0.476190043530611,-1.9138738513242992,-0.4878044245163471,0.9803912403931081,-1.9047601745985632,1.0,4.0,0.5000000000000022,2.427182218875412,0.9803912403931081,0.0
ABEV,2024-07-05,train,True,True,D-1,2.08999991417,2.06999993324,2.07999992371,2.08999991417,0.0,0,-0.476190043530611,-1.9138738513242992,-0.4878044245163471,0.9803912403931081,0.9708728876472339,-0.9523800870611998,2.0,4.0,0.7000000000199996,1.442306369727664,0.9803912403931081,0.0
ABEV,2024-07-08,train,True,True,D-1,2.05999994278,2.05999994278,2.08999991417,2.13000011444,3.3980666798239634,1,-1.9138738513242992,-0.4878044245163471,0.9803912403931081,0.9708728876472339,-0.4807687902297353,-0.9569369259013749,2.0,4.0,0.7499999999687528,0.9661826847837451,0.9803912403931081,0.9803912403931081
ABEV,2024-07-09,train,True,True,D-1,2.06999993324,2.07999992371,2.13000011444,2.17000007629,4.830924940827308,1,-0.4878044245163471,0.9803912403931081,0.9708728876472339,-0.4807687902297353,-0.48309134215032135,0.4878044240285595,2.0,2.0,0.5714285714081659,1.456309331228156,0.9803912403931081,1.9419288203717966
ABEV,2024-07-10,train,True,True,D-1,2.09999990463,2.11999988556,2.17000007629,2.16000008583,3.333341659000366,1,0.9803912403931081,0.9708728876472339,-0.4807687902297353,-0.48309134215032135,0.9708728876472339,1.960782480786194,3.0,3.0,0.8571428571836744,0.4807687897489643,0.9803912403931081,0.9803912403931081
ABEV,2024-07-11,train,True,True,D-1,2.1400001049,2.1400001049,2.16000008583,2.15000009537,0.9345785023190389,0,0.9708728876472339,-0.4807687902297353,-0.48309134215032135,0.9708728876472339,1.9230751594766282,2.912618662456312,3.0,0.0,0.8749973923177838,0.47170893489734134,1.9230751594766282,0.9708728876472339
ABEV,2024-07-12,train,True,True,D-1,2.15000009537,2.15000009537,2.15000009537,2.18000006676,1.3953474446166236,0,-0.4807687902297353,-0.48309134215032135,0.9708728876472339,1.9230751594766282,0.9434066235676664,2.8846242014749945,3.0,0.0,0.7500004966869863,1.4018677532448898,1.9230751594766282,0.9708728876472339
ABEV,2024-07-15,train,True,True,D-1,2.15000009537,2.1400001049,2.18000006676,2.20000004768,2.325579074050954,0,-0.48309134215032135,0.9708728876472339,1.9230751594766282,0.9434066235676664,0.4672892513931437,3.864742256526643,4.0,1.0,0.8333336645135452,0.9302316294343305,1.9230751594766282,1.9230751594766282
ABEV,2024-07-16,train,True,True,D-1,2.15000009537,2.18000006676,2.20000004768,2.16000008583,2.325579074050954,0,0.9708728876472339,1.9230751594766282,0.9434066235676664,0.4672892513931437,-0.46511581518227096,3.8835031234048634,4.0,2.0,0.7272733183794464,1.4018677532448898,1.9230751594766282,1.9230751594766282
ABEV,2024-07-17,train,True,True,D-1,2.16000008583,2.18000006676,2.16000008583,2.1400001049,0.0,0,1.9230751594766282,0.9434066235676664,0.4672892513931437,-0.46511581518227096,1.8691570046380557,4.807699361432394,4.0,0.0,1.0,0.0,1.9230751594766282,1.9230751594766282
ABEV,2024-07-18,train,True,True,D-1,2.15000009537,2.09999990463,2.1400001049,2.15000009537,0.0,0,0.9434066235676664,0.4672892513931437,-0.46511581518227096,1.8691570046380557,0.0,2.830197379192345,3.0,0.0,0.7500007451234878,0.917430289335952,1.8691570046380557,0.9434066235676664
ABEV,2024-07-19,train,True,True,D-1,2.13000011444,2.1099998951,2.15000009537,2.1400001049,0.9389661903965729,0,0.4672892513931437,-0.46511581518227096,1.8691570046380557,0.0,-3.669732095416811,-1.8691681452916997,2.0,1.0,0.09090889384321717,4.761911790068352,1.8691570046380557,5.538889100054867
ABEV,2024-07-22,train,True,True,D-1,2.13000011444,2.13000011444,2.1400001049,2.13000011444,0.469483094963552,0,-0.46511581518227096,1.8691570046380557,0.0,-3.669732095416811,0.47619004400678566,-1.860474348635599,2.0,2.0,0.18181778777733928,4.26541028693912,1.8691570046380557,5.080173954928191
ABEV,2024-07-23,train,True,True,D-1,2.13000011444,2.11999988556,2.13000011444,2.13000011444,0.0,0,1.8691570046380557,0.0,-3.669732095416811,0.47619004400678566,0.94787774096321,-0.46728925092586193,3.0,3.0,0.363637742915682,3.286381665683802,1.8691570046380557,1.8691570046380557
ABEV,2024-07-24,train,True,True,D-1,2.09999990463,2.09999990463,2.13000011444,2.11999988556,1.428581484401814,0,0.0,-3.669732095416811,0.47619004400678566,0.94787774096321,-0.46949428839018204,-2.7523018056221704,2.0,4.0,0.2727266816205524,3.773592756532995,0.94787774096321,0.47619004400678566
ABEV,2024-07-25,train,True,True,D-1,2.1099998951,2.09999990463,2.11999988556,2.11999988556,0.47393322071829225,0,-3.669732095416811,0.47619004400678566,0.94787774096321,-0.46949428839018204,-0.9433953778123283,-3.669732095416811,2.0,4.0,0.14285665624609542,2.8571516154697774,0.94787774096321,2.356338219749954
ABEV,2024-07-26,train,True,True,D-1,2.1099998951,2.1099998951,2.11999988556,2.09999990463,0.47393322071829225,0,0.47619004400678566,0.94787774096321,-0.46949428839018204,-0.9433953778123283,0.0,0.0,2.0,3.0,0.1666660043353392,2.3809615719391664,0.94787774096321,1.8912731187755383
ABEV,2024-07-29,train,True,True,D-1,2.1099998951,2.1099998951,2.09999990463,2.07999992371,-0.47393322119222425,0,0.94787774096321,-0.46949428839018204,-0.9433953778123283,0.0,0.47619004400678566,0.0,2.0,4.0,0.3333320088373372,1.8957441828737043,0.94787774096321,0.94787774096321
ABEV,2024-07-30,train,True,True,D-1,2.08999991417,2.08999991417,2.07999992371,2.1099998951,0.9569369259013971,0,-0.46949428839018204,-0.9433953778123283,0.0,0.47619004400678566,0.0,-0.9389773833537229,1.0,4.0,0.4999980132560018,1.4218109616815022,0.47619004400678566,0.0
ABEV,2024-07-31,train,True,True,D-1,2.05999994278,2.05999994278,2.1099998951,2.08999991417,2.427182218875412,0,-0.9433953778123283,0.0,0.47619004400678566,0.0,-0.9478664419105276,-1.4150930664826755,1.0,4.0,0.19999904628363552,1.9138852589802857,0.47619004400678566,1.4240564859173133
ABEV,2024-08-01,train,True,True,D-1,2.09999990463,2.04999995232,2.08999991417,2.09999990463,0.0,0,0.0,0.47619004400678566,0.0,-0.9478664419105276,-1.4354053886128315,-1.9047601745985632,1.0,4.0,0.12499962743825886,3.3980666798239634,0.47619004400678566,2.8458561485461
ABEV,2024-08-02,train,True,True,D-1,2.05999994278,2.06999993324,2.09999990463,2.16000008583,4.8543760110521195,1,0.47619004400678566,0.0,-0.9478664419105276,-1.4354053886128315,-0.4854364435809222,-2.380950218129163,1.0,4.0,0.0,3.414630969175425,0.47619004400678566,2.390063895331085
ABEV,2024-08-05,train,True,True,D-1,2.01999998093,2.08999991417,2.16000008583,2.25999999046,11.881188702759516,1,0.0,-0.9478664419105276,-1.4354053886128315,-0.4854364435809222,0.9756088480570968,-1.895732883821033,1.0,4.0,0.2857142856326557,2.4154567117178116,0.9756088480570968,0.0
ABEV,2024-08-06,train,True,True,D-1,2.09999990463,2.13000011444,2.25999999046,2.26999998093,8.095242096211063,1,-0.9478664419105276,-1.4354053886128315,-0.4854364435809222,0.9756088480570968,0.9661826847837451,-0.9478664419105276,2.0,2.0,0.777777777740738,0.9569369259013971,0.9756088480570968,0.0
ABEV,2024-08-07,train,True,True,D-1,2.17000007629,2.24000000954,2.26999998093,2.27999997139,5.069119411648337,1,-1.4354053886128315,-0.4854364435809222,0.9756088480570968,0.9661826847837451,1.9138852589802857,1.9138852589802857,3.0,0.0,0.7857146506323788,1.408449285360125,1.9138852589802857,0.9756088480570968
ABEV,2024-08-08,train,True,True,D-1,2.23000001907,2.25,2.27999997139,2.29999995232,3.139010432797784,1,-0.4854364435809222,0.9756088480570968,0.9661826847837451,1.9138852589802857,5.164314046476948,8.73786756115571,4.0,0.0,0.916666749475692,0.8928562872688062,5.164314046476948,0.9756088480570968
ABEV,2024-08-09,train,True,True,D-1,2.25999999046,2.26999998093,2.29999995232,2.32999992371,3.097342192278174,1,0.9756088480570968,0.9661826847837451,1.9138852589802857,5.164314046476948,0.4464281436344031,9.756100113741883,5.0,0.0,0.9200000762799991,0.8888880413333355,5.164314046476948,1.9138852589802857
ABEV,2024-08-12,train,True,True,D-1,2.28999996185,2.25999999046,2.32999992371,2.34999990463,2.6200848812035993,0,0.9661826847837451,1.9138852589802857,5.164314046476948,0.4464281436344031,0.8888880413333355,9.661838364262977,5.0,0.0,0.9615384968195283,0.4405282177977421,5.164314046476948,5.164314046476948
ABEV,2024-08-13,train,True,True,D-1,2.27999997139,2.32999992371,2.34999990463,2.43000006676,6.578951633870078,1,1.9138852589802857,5.164314046476948,0.4464281436344031,0.8888880413333355,-0.4405282182382897,8.1339752761431,4.0,0.0,0.8000002383899429,1.7699098242853761,5.164314046476948,5.164314046476948
ABEV,2024-08-14,train,True,True,D-1,2.31999993324,2.31999993324,2.43000006676,2.47000002861,6.46552153820612,1,5.164314046476948,0.4464281436344031,0.8888880413333355,-0.4405282182382897,3.097342192278174,9.389661902557322,4.0,0.0,1.0,0.0,5.164314046476948,5.164314046476948
ABEV,2024-08-15,train,True,True,D-1,2.34999990463,2.41000008583,2.47000002861,2.44000005722,5.106388461700528,1,0.4464281436344031,0.8888880413333355,-0.4405282182382897,3.097342192278174,-0.42918415439590074,3.5714251499681327,3.0,0.0,0.7857142857040812,1.293102252296352,3.097342192278174,0.8888880413333355
ABEV,2024-08-16,train,True,True,D-1,2.46000003815,2.3900001049,2.44000005722,2.40000009537,-0.8130073422698336,0,0.8888880413333355,-0.4405282182382897,3.097342192278174,-0.42918415439590074,3.879317033613461,7.111114925777784,3.0,0.0,0.8888890360431565,0.8298746978306459,3.879317033613461,3.097342192278174
ABEV,2024-08-19,train,True,True,D-1,2.40000009537,2.42000007629,2.40000009537,2.40000009537,0.0,0,-0.4405282182382897,3.097342192278174,-0.42918415439590074,3.879317033613461,-0.829874697830657,5.286349117978251,2.0,0.0,0.6363640304255685,3.347276995761783,3.879317033613461,3.097342192278174
ABEV,2024-08-20,train,True,True,D-1,2.3900001049,2.36999988556,2.40000009537,2.3599998951,0.4184096247317193,0,3.097342192278174,-0.42918415439590074,3.879317033613461,-0.829874697830657,1.2552288733583605,7.079649845371616,3.0,1.0,0.7368424354625048,2.066113667097591,3.879317033613461,3.879317033613461
ABEV,2024-08-21,train,True,True,D-1,2.3900001049,2.3599998951,2.3599998951,2.41000008583,0.8368192490450621,0,-0.42918415439590074,3.879317033613461,-0.829874697830657,1.2552288733583605,-2.0661235187501847,1.7167366162960773,2.0,2.0,0.37499944121123646,4.219415522307979,3.879317033613461,4.716146257971876
ABEV,2024-08-22,train,True,True,D-1,2.33999991417,2.32999992371,2.41000008583,2.42000007629,3.418810472408773,1,3.879317033613461,-0.829874697830657,1.2552288733583605,-2.0661235187501847,-0.421940546112598,1.7241363366824691,2.0,3.0,0.21428534936762123,4.661022813534443,3.879317033613461,6.3586632856178715
ABEV,2024-08-23,train,True,True,D-1,2.38000011444,2.40000009537,2.42000007629,2.3900001049,1.6806705851529546,0,-0.829874697830657,1.2552288733583605,-2.0661235187501847,-0.421940546112598,-1.2711852848929395,-3.3195086834384213,1.0,4.0,0.06666656074673334,6.008588389869174,1.2552288733583605,2.942991058230726
ABEV,2024-08-26,train,True,True,D-1,2.3900001049,2.3900001049,2.3900001049,2.3599998951,0.0,0,1.2552288733583605,-2.0661235187501847,-0.421940546112598,-1.2711852848929395,3.0042993112437744,0.4184096247317193,2.0,4.0,0.6666673289715372,1.6666650108542402,3.0042993112437744,1.2552288733583605
ABEV,2024-08-27,train,True,True,D-1,2.38000011444,2.36999988556,2.3599998951,2.30999994278,-0.8403453100129687,0,-2.0661235187501847,-0.421940546112598,-1.2711852848929395,3.0042993112437744,-0.41666625302605453,-1.239668200175914,1.0,0.0,0.7000007152489757,1.2552288733583605,3.0042993112437744,0.0
ABEV,2024-08-28,train,True,True,D-1,2.34999990463,2.33999991417,2.30999994278,2.28999996185,-1.702126105247559,0,-0.421940546112598,-1.2711852848929395,3.0042993112437744,-0.41666625302605453,-0.8368292243584152,0.0,1.0,1.0,0.4999988079517043,2.109712790901064,3.0042993112437744,4.254308003654883
ABEV,2024-08-29,train,True,True,D-1,2.27999997139,2.27999997139,2.28999996185,2.30999994278,1.3157882353704853,0,-1.2711852848929395,3.0042993112437744,-0.41666625302605453,-0.8368292243584152,-1.2658216387597676,-0.8474568567365504,1.0,2.0,0.3333326710562392,3.418810472408773,3.0042993112437744,5.096357408960561
ABEV,2024-08-30,train,True,True,D-1,2.25,2.26999998093,2.30999994278,2.32999992371,3.5555521648888977,1,3.0042993112437744,-0.41666625302605453,-0.8368292243584152,-1.2658216387597676,-2.564100212853293,-2.145920770691967,1.0,3.0,0.06666656068451114,6.140355555120869,3.0042993112437744,6.801764227523044
ABEV,2024-09-03,train,True,True,D-1,2.28999996185,2.26999998093,2.32999992371,2.33999991417,2.183404067815209,0,-0.41666625302605453,-0.8368292243584152,-1.2658216387597676,-2.564100212853293,-0.43859607831062686,-5.41667121975501,0.0,4.0,0.11764689385128636,6.6079337718120135,-0.41666625302605453,2.991450248186389
ABEV,2024-09-04,train,True,True,D-1,2.29999995232,2.31999993324,2.33999991417,2.3599998951,2.6086932184271827,0,-0.8368292243584152,-1.2658216387597676,-2.564100212853293,-0.43859607831062686,0.0,-5.020925468746817,0.0,4.0,0.1428568996022247,5.286349117978251,0.0,0.43859607831062686
ABEV,2024-09-05,train,True,True,D-1,2.31999993324,2.31999993324,2.3599998951,2.38000011444,2.586214781317109,0,-1.2658216387597676,-2.564100212853293,-0.43859607831062686,0.0,2.2026410894292248,-2.109702731406904,1.0,4.0,0.6363636363140499,1.7241363366824691,2.2026410894292248,0.0
ABEV,2024-09-06,train,True,True,D-1,2.33999991417,2.32999992371,2.38000011444,2.38000011444,1.7094103306490194,0,-2.564100212853293,-0.43859607831062686,0.0,2.2026410894292248,0.0,-0.8547000710935393,1.0,0.0,0.7777777777407429,0.8620681683412235,2.2026410894292248,0.0
ABEV,2024-09-09,train,True,True,D-1,2.32999992371,2.36999988556,2.38000011444,2.36999988556,2.1459310028811407,0,-0.43859607831062686,0.0,2.2026410894292248,0.0,0.4310340843861393,2.1929803924303215,2.0,0.0,0.727272727280991,1.2875524623293444,2.2026410894292248,2.2026410894292248
ABEV,2024-09-10,train,True,True,D-1,2.34999990463,2.36999988556,2.36999988556,2.30999994278,0.8510630528365315,0,0.0,2.2026410894292248,0.0,0.4310340843861393,1.7167366162960773,4.405282179298986,3.0,0.0,0.9166648454324366,0.42195060602869816,2.2026410894292248,2.2026410894292248
ABEV,2024-09-11,train,True,True,D-1,2.3599998951,2.32999992371,2.30999994278,2.33999991417,-0.8474568567365504,0,2.2026410894292248,0.0,0.4310340843861393,1.7167366162960773,0.0,4.405282179298986,3.0,1.0,0.8999978542530687,0.42195060602869816,2.2026410894292248,2.2026410894292248
ABEV,2024-09-12,train,True,True,D-1,2.28999996185,2.29999995232,2.33999991417,2.34999990463,2.6200848812035993,0,0.0,0.4310340843861393,1.7167366162960773,0.0,-1.6877621848723656,0.4310340843861393,2.0,2.0,0.28571331263503674,2.1459310028811407,1.7167366162960773,3.404498801168443
ABEV,2024-09-13,train,True,True,D-1,2.32999992371,2.30999994278,2.34999990463,2.38000011444,2.1459310028811407,0,0.4310340843861393,1.7167366162960773,0.0,-1.6877621848723656,-1.2875524623293555,-0.8620681679102127,2.0,3.0,0.33333267111179476,3.478267990366879,1.7167366162960773,4.670320439928199
ABEV,2024-09-16,train,True,True,D-1,2.31999993324,2.32999992371,2.38000011444,2.43000006676,4.741385201954684,1,1.7167366162960773,0.0,-1.6877621848723656,-1.2875524623293555,0.434782202926276,-0.8583683083626115,2.0,4.0,0.4166658388480796,3.030310536534353,1.7167366162960773,2.575104924658689
ABEV,2024-09-17,train,True,True,D-1,2.34999990463,2.36999988556,2.43000006676,2.43000006676,3.4042623564529695,1,0.0,-1.6877621848723656,-1.2875524623293555,0.434782202926276,0.8658000617060901,-1.6877621848723656,2.0,4.0,0.5833321744039751,2.1459310028811407,0.8658000617060901,0.0
ABEV,2024-09-18,train,True,True,D-1,2.36999988556,2.3900001049,2.43000006676,2.38000011444,2.531653337435613,0,-1.6877621848723656,-1.2875524623293555,0.434782202926276,0.8658000617060901,1.7167366162960773,0.0,3.0,0.0,0.9166648454324366,0.42195060602869816,1.7167366162960773,0.434782202926276
ABEV,2024-09-19,train,True,True,D-1,2.43000006676,2.3900001049,2.38000011444,2.31999993324,-2.057611150055094,0,-1.2875524623293555,0.434782202926276,0.8658000617060901,1.7167366162960773,0.8438911521413184,2.5751151568478736,4.0,0.0,0.7647062123112707,1.673638498090102,1.7167366162960773,0.8658000617060901
ABEV,2024-09-20,train,True,True,D-1,2.36999988556,2.29999995232,2.31999993324,2.36999988556,0.0,0,0.434782202926276,0.8658000617060901,1.7167366162960773,0.8438911521413184,0.0,3.913050193293155,4.0,1.0,0.7142862008159618,1.673638498090102,1.7167366162960773,1.7167366162960773
ABEV,2024-09-23,train,True,True,D-1,2.30999994278,2.30999994278,2.36999988556,2.38000011444,3.030310536534353,1,0.8658000617060901,1.7167366162960773,0.8438911521413184,0.0,-3.765696595388468,-0.4329000306366071,3.0,2.0,0.0,5.652179005867786,1.7167366162960773,5.482433211684546
ABEV,2024-09-24,train,True,True,D-1,2.3599998951,2.32999992371,2.38000011444,2.36999988556,0.847466958855625,0,1.7167366162960773,0.8438911521413184,0.0,-3.765696595388468,0.434782202926276,-0.8583683083626115,3.0,3.0,0.14285689959202066,5.19481069058314,1.7167366162960773,5.064023587371214
ABEV,2024-09-25,train,True,True,D-1,2.3599998951,2.32999992371,2.36999988556,2.41000008583,2.1186522437485644,0,0.8438911521413184,0.0,-3.765696595388468,0.434782202926276,0.8658000617060901,-1.6877621848723656,3.0,4.0,0.2857137991840381,4.291851773573119,0.8658000617060901,0.8438911521413184
ABEV,2024-09-26,train,True,True,D-1,2.3599998951,2.3599998951,2.41000008583,2.44000005722,3.389837528641504,1,0.0,-3.765696595388468,0.434782202926276,0.8658000617060901,0.0,-2.5104677220300964,2.0,4.0,0.2857137991840381,4.291851773573119,0.8658000617060901,0.434782202926276
ABEV,2024-09-27,train,True,True,D-1,2.3599998951,2.40000009537,2.44000005722,2.52999997139,7.203393383320322,1,-3.765696595388468,0.434782202926276,0.8658000617060901,0.0,1.2875524623293444,-1.2552388486717247,3.0,4.0,0.7777757174355926,0.847466958855625,1.2875524623293444,0.8658000617060901
ABEV,2024-09-30,train,True,True,D-1,2.3900001049,2.44000005722,2.52999997139,2.55999994278,7.112963615836887,1,0.434782202926276,0.8658000617060901,0.0,1.2875524623293444,1.694923815592153,4.347832396654194,4.0,0.0,0.9166668322637151,0.41666625260941004,1.694923815592153,0.8658000617060901
ABEV,2024-10-01,train,True,True,D-1,2.48000001907,2.5,2.55999994278,2.5,3.2258033505983663,1,0.8658000617060901,0.0,1.2875524623293444,1.694923815592153,1.6666650108542402,5.627710721219725,4.0,0.0,1.0,0.0,1.694923815592153,1.2875524623293444
ABEV,2024-10-02,train,True,True,D-1,2.53999996185,2.55999994278,2.5,2.49000000954,-1.5748016712908153,0,0.0,1.2875524623293444,1.694923815592153,1.6666650108542402,2.4590139906947694,7.2961408521985405,4.0,0.0,0.8636365114152695,1.199998855600004,2.4590139906947694,1.694923815592153
ABEV,2024-10-03,train,True,True,D-1,2.49000000954,2.48000001907,2.49000000954,2.46000003815,0.0,0,1.2875524623293444,1.694923815592153,1.6666650108542402,2.4590139906947694,2.399997711200008,9.87124577685723,5.0,0.0,1.0,0.0,2.4590139906947694,1.694923815592153
ABEV,2024-10-04,train,True,True,D-1,2.44000005722,2.47000002861,2.46000003815,2.40000009537,0.8196713303681991,0,1.694923815592153,1.6666650108542402,2.4590139906947694,2.399997711200008,-3.1249970897704538,5.0847512416908325,4.0,1.0,0.6000004768098844,3.2258033505983663,2.4590139906947694,3.2590132278947803
ABEV,2024-10-07,train,True,True,D-1,2.45000004768,2.41000008583,2.40000009537,2.38000011444,-2.04081434028327,0,1.6666650108542402,2.4590139906947694,2.399997711200008,-3.1249970897704538,-0.40322541867358064,2.9166637690990704,3.0,2.0,0.4999999999999988,3.6437211792522906,2.4590139906947694,5.974635716540044
ABEV,2024-10-08,train,True,True,D-1,2.38000011444,2.36999988556,2.38000011444,2.38000011444,0.0,0,2.4590139906947694,2.399997711200008,-3.1249970897704538,-0.40322541867358064,-2.4291474528348456,-1.2295069953473625,2.0,3.0,0.062499999980470636,6.224060232692485,2.4590139906947694,5.2815919222163
ABEV,2024-10-09,train,True,True,D-1,2.34999990463,2.3599998951,2.38000011444,2.34999990463,1.2766047245743817,0,2.399997711200008,-3.1249970897704538,-0.40322541867358064,-2.4291474528348456,-1.6597592881920642,-5.200004577600003,1.0,4.0,0.09523798712700268,8.01688043858726,2.399997711200008,6.448586451754612
ABEV,2024-10-10,train,True,True,D-1,2.36999988556,2.3599998951,2.34999990463,2.33999991417,-0.8438810926471474,0,-3.1249970897704538,-0.40322541867358064,-2.4291474528348456,-1.6597592881920642,-0.421940546112598,-7.812502037121627,0.0,4.0,0.1764703407475165,5.932208098427383,-0.40322541867358064,2.07469663689992
ABEV,2024-10-11,train,True,True,D-1,2.32999992371,2.30999994278,2.33999991417,2.30999994278,0.4291841539667107,0,-0.40322541867358064,-2.4291474528348456,-1.6597592881920642,-0.421940546112598,0.0,-4.838714639002295,0.0,4.0,0.1874997206056191,5.508479670270994,0.0,0.421940546112598
ABEV,2024-10-14,train,True,True,D-1,2.31999993324,2.33999991417,2.30999994278,2.31999993324,0.0,0,-2.4291474528348456,-1.6597592881920642,-0.421940546112598,0.0,-2.1186421416294676,-6.4777361933894495,0.0,4.0,0.11764689384436595,6.493510782925838,0.0,2.1186421416294676
ABEV,2024-10-15,train,True,True,D-1,2.30999994278,2.27999997139,2.31999993324,2.30999994278,0.4329000306365849,0,-1.6597592881920642,-0.421940546112598,0.0,-2.1186421416294676,1.298700092342675,-2.9045713347305657,1.0,4.0,0.45454446935656734,2.5641104017425587,1.298700092342675,0.8474568567365504
ABEV,2024-10-16,train,True,True,D-1,2.27999997139,2.29999995232,2.30999994278,2.30999994278,1.3157882353704853,0,-0.421940546112598,0.0,-2.1186421416294676,1.298700092342675,-2.564100212853293,-3.7974649162792695,1.0,4.0,0.0909088938432135,4.385971241439757,1.298700092342675,1.2987000923426972
ABEV,2024-10-17,train,True,True,D-1,2.27999997139,2.29999995232,2.30999994278,2.28999996185,1.3157882353704853,0,0.0,-2.1186421416294676,1.298700092342675,-2.564100212853293,0.8771921570598362,-2.54237056978589,2.0,4.0,0.27272668162054947,3.478267990366879,1.298700092342675,3.0081002341024288
ABEV,2024-10-18,train,True,True,D-1,2.30999994278,2.27999997139,2.28999996185,2.28999996185,-0.8658000617061012,0,-2.1186421416294676,1.298700092342675,-2.564100212853293,0.8771921570598362,0.0,-2.54237056978589,2.0,4.0,0.3750000000312459,2.1739110150661434,1.298700092342675,1.298700092342675
ABEV,2024-10-21,train,True,True,D-1,2.26999998093,2.28999996185,2.28999996185,2.26999998093,0.881056435595462,0,1.298700092342675,-2.564100212853293,0.8771921570598362,0.0,-0.8695644062873042,-1.2987000923426972,2.0,4.0,0.14285714281632558,2.6315764707409484,1.298700092342675,2.1682644986299793
ABEV,2024-10-22,train,True,True,D-1,2.27999997139,2.26999998093,2.26999998093,2.28999996185,0.43859607831062686,0,-2.564100212853293,0.8771921570598362,0.0,-0.8695644062873042,0.43859607831062686,-2.136750177520197,2.0,3.0,0.5,1.3100424406017996,0.8771921570598362,1.3119743604208867
ABEV,2024-10-23,train,True,True,D-1,2.25999999046,2.25,2.28999996185,2.27999997139,1.327432367992798,0,0.8771921570598362,0.0,-0.8695644062873042,0.43859607831062686,-0.8733616267767363,-0.43859607831062686,2.0,4.0,0.285714285775513,2.2026410894292248,0.8771921570598362,1.315788235370463
ABEV,2024-10-24,train,True,True,D-1,2.25,2.26999998093,2.27999997139,2.29999995232,2.2222201031111055,0,0.0,-0.8695644062873042,0.43859607831062686,-0.8733616267767363,-0.8810564360360207,-2.1739110155008956,1.0,4.0,0.25000000003125145,2.666664123555562,0.43859607831062686,2.1853193323007947
ABEV,2024-10-25,train,True,True,D-1,2.25999999046,2.25,2.29999995232,2.29999995232,1.7699098242853761,0,-0.8695644062873042,0.43859607831062686,-0.8733616267767363,-0.8810564360360207,0.8888880413333355,-1.3043466092135692,2.0,4.0,0.5000000000625029,1.7621128716314827,0.8888880413333355,0.43859607831062686
ABEV,2024-10-28,train,True,True,D-1,2.28999996185,2.27999997139,2.29999995232,2.27999997139,0.4366808138250411,0,0.43859607831062686,-0.8733616267767363,-0.8810564360360207,0.8888880413333355,-0.8810564360360207,-1.3157882353704853,2.0,4.0,0.33333333338889143,1.7777760822222266,0.8888880413333355,0.43859607831062686
ABEV,2024-10-29,train,True,True,D-1,2.27999997139,2.27999997139,2.27999997139,2.24000000954,0.0,0,-0.8733616267767363,-0.8810564360360207,0.8888880413333355,-0.8810564360360207,1.3333320617777922,-0.43668081338836817,2.0,0.0,0.7142857142653097,0.8771921570598362,1.3333320617777922,0.8888880413333355
ABEV,2024-10-30,train,True,True,D-1,2.26999998093,2.26999998093,2.24000000954,2.19000005722,-1.3215846538337628,0,-0.8810564360360207,0.8888880413333355,-0.8810564360360207,1.3333320617777922,0.0,0.4405282177977421,2.0,1.0,0.7142857142653097,0.8771921570598362,1.3333320617777922,0.8888880413333355
ABEV,2024-10-31,train,True,True,D-1,2.22000002861,2.18000006676,2.19000005722,2.22000002861,0.0,0,0.8888880413333355,-0.8810564360360207,1.3333320617777922,0.0,-0.43859607831062686,0.8888880413333355,2.0,2.0,0.5000000000000037,1.3215846538337406,1.3333320617777922,1.771928140088419
ABEV,2024-11-01,train,True,True,D-1,2.18000006676,2.15000009537,2.22000002861,2.22000002861,1.8348605791306039,0,-0.8810564360360207,1.3333320617777922,0.0,-0.43859607831062686,-3.9647539615012772,-3.9647539615012772,1.0,3.0,0.0,5.504581737850511,1.3333320617777922,5.719292846199875
ABEV,2024-11-04,train,True,True,D-1,2.18000006676,2.21000003815,2.22000002861,2.22000002861,1.8348605791306039,0,1.3333320617777922,0.0,-0.43859607831062686,-3.9647539615012772,-1.376145434462639,-4.444440205777789,1.0,4.0,0.06250000003906185,6.9767372230830516,1.3333320617777922,6.619670677112821
ABEV,2024-11-05,train,True,True,D-1,2.21000003815,2.22000002861,2.22000002861,2.25,1.8099529936426606,0,0.0,-0.43859607831062686,-3.9647539615012772,-1.376145434462639,2.790694889233225,-3.0701725490515974,1.0,4.0,0.4375000000234382,4.072394236035359,2.790694889233225,0.0
ABEV,2024-11-06,train,True,True,D-1,2.18000006676,2.21000003815,2.25,2.20000004768,3.2110060135932317,1,-0.43859607831062686,-3.9647539615012772,-1.376145434462639,2.790694889233225,0.4524882482975334,-2.6315764707409706,2.0,4.0,0.5714285714387746,2.702700090394483,2.790694889233225,0.0
ABEV,2024-11-07,train,True,True,D-1,2.24000000954,2.23000001907,2.20000004768,2.21000003815,-1.3392844313496632,0,-3.9647539615012772,-1.376145434462639,2.790694889233225,0.4524882482975334,-0.4504500149155932,-2.6431693076675145,2.0,4.0,0.7000000000199996,1.3574647453451272,2.790694889233225,2.790694889233225
ABEV,2024-11-08,train,True,True,D-1,2.17000007629,2.17000007629,2.21000003815,2.22000002861,2.30414518719666,0,-1.376145434462639,2.790694889233225,0.4524882482975334,-0.4504500149155932,0.904976496595089,2.2935757237985577,3.0,0.0,0.818181818157023,0.8968601237205887,2.790694889233225,2.790694889233225
ABEV,2024-11-11,train,True,True,D-1,2.1400001049,2.20000004768,2.22000002861,2.22000002861,3.7383140088088185,1,2.790694889233225,0.4524882482975334,-0.4504500149155932,0.904976496595089,-2.6905803707132803,0.9302316294343305,3.0,1.0,0.272727272719009,3.6866322994224987,2.790694889233225,4.60064788332838
ABEV,2024-11-12,train,True,True,D-1,2.16000008583,2.22000002861,2.22000002861,2.24000000954,3.7037000245886187,1,0.4524882482975334,-0.4504500149155932,0.904976496595089,-2.6905803707132803,1.3824871122258386,-0.452488248750027,3.0,2.0,0.545454545438018,2.272725056198399,1.3824871122258386,2.250266681951718
ABEV,2024-11-13,train,True,True,D-1,2.19000005722,2.22000002861,2.24000000954,2.22000002861,2.2831027860095388,0,-0.4504500149155932,0.904976496595089,-2.6905803707132803,1.3824871122258386,0.909090022570247,0.0,3.0,3.0,0.727272727280991,1.3513500451972416,1.3824871122258386,0.904976496595089
ABEV,2024-11-14,train,True,True,D-1,2.23000001907,2.21000003815,2.22000002861,2.23000001907,0.0,0,0.904976496595089,-2.6905803707132803,1.3824871122258386,0.909090022570247,0.0,0.4524882482975334,3.0,4.0,0.727272727280991,1.3513500451972416,1.3824871122258386,1.3824871122258386
ABEV,2024-11-15,train,True,True,D-1,2.21000003815,2.21000003815,2.23000001907,2.21000003815,0.904976496595089,0,-2.6905803707132803,1.3824871122258386,0.909090022570247,0.0,-0.4504500149155932,-0.8968601232721363,2.0,0.0,0.7000000000199996,1.3574647453451272,1.3824871122258386,1.8329371271414319
ABEV,2024-11-18,train,True,True,D-1,2.21000003815,2.18000006676,2.21000003815,2.19000005722,0.0,0,1.3824871122258386,0.909090022570247,0.0,-0.4504500149155932,0.0,1.843316149941665,2.0,1.0,0.7000000000199996,1.3574647453451272,1.3824871122258386,1.8329371271414319
ABEV,2024-11-19,train,True,True,D-1,2.18000006676,2.18000006676,2.19000005722,2.17000007629,0.458715144667976,0,0.909090022570247,0.0,-0.4504500149155932,0.0,-1.3574647453451272,-0.9090900221157328,1.0,2.0,0.3333333333333333,2.752290868925278,0.909090022570247,2.266554767915374
ABEV,2024-11-20,train,True,True,D-1,2.18000006676,2.17000007629,2.17000007629,2.20000004768,0.917430289335952,0,0.0,-0.4504500149155932,0.0,-1.3574647453451272,0.0,-1.8018000601128348,0.0,3.0,0.2500000000312473,2.752290868925278,0.0,1.3574647453451272
ABEV,2024-11-21,train,True,True,D-1,2.1400001049,2.15000009537,2.20000004768,2.21000003815,3.2710247578829454,1,-0.4504500149155932,0.0,-1.3574647453451272,0.0,-0.4587151451266869,-2.252250075478879,0.0,4.0,0.12499999995312357,3.2258032621675037,0.0,0.4587151451266869
ABEV,2024-11-22,train,True,True,D-1,2.17000007629,2.19000005722,2.21000003815,2.21000003815,1.843316149941665,0,0.0,-1.3574647453451272,0.0,-0.4587151451266869,-0.9216580745100122,-2.7149294906902544,0.0,3.0,0.11111111118518417,3.7209265186675555,0.0,1.376145434462639
ABEV,2024-11-25,train,True,True,D-1,2.20000004768,2.17000007629,2.21000003815,2.20000004768,0.45454501151240834,0,-1.3574647453451272,0.0,-0.4587151451266869,-0.9216580745100122,1.8604632593337778,-0.9049764970475827,1.0,4.0,0.5555555555925921,1.8264822285336546,1.8604632593337778,0.0
ABEV,2024-11-26,train,True,True,D-1,2.17000007629,2.19000005722,2.20000004768,2.1400001049,1.3824871122258386,0,0.0,-0.4587151451266869,-0.9216580745100122,1.8604632593337778,-0.9132411144951225,-0.4587151451266869,1.0,4.0,0.4285714285306131,1.843316149941665,1.8604632593337778,0.0
ABEV,2024-11-27,train,True,True,D-1,2.19000005722,2.15000009537,2.1400001049,2.20000004768,0.4566205570192716,0,-0.4587151451266869,-0.9216580745100122,1.8604632593337778,-0.9132411144951225,0.9216580749708214,0.458715144667976,2.0,1.0,0.7142857142653034,0.9132411144951336,1.8604632593337778,1.8604632593337778
ABEV,2024-11-29,train,True,True,D-1,2.06999993324,2.11999988556,2.20000004768,2.30999994278,11.594203733347364,1,-0.9216580745100122,1.8604632593337778,-0.9132411144951225,0.9216580749708214,-1.8264822285336435,-0.9216580745100122,2.0,2.0,0.2500000000312473,2.790694889233225,1.8604632593337778,2.78212133384379
ABEV,2024-12-02,train,True,True,D-1,2.13000011444,2.19000005722,2.30999994278,2.32999992371,9.389661902557322,1,1.8604632593337778,-0.9132411144951225,0.9216580749708214,-1.8264822285336435,-1.3953585339184338,-1.3953585339184338,2.0,3.0,0.43749934805894364,4.24529044567501,1.8604632593337778,5.056818046139511
ABEV,2024-12-03,train,True,True,D-1,2.22000002861,2.30999994278,2.32999992371,2.3900001049,7.657660995456905,1,-0.9132411144951225,0.9216580749708214,-1.8264822285336435,-1.3953585339184338,3.30189506786267,0.0,2.0,4.0,0.8750001862420863,0.9132411144951336,3.30189506786267,0.9216580749708214
ABEV,2024-12-04,train,True,True,D-1,2.30999994278,2.25999999046,2.3900001049,2.36999988556,3.463210567170938,1,0.9216580749708214,-1.8264822285336435,-1.3953585339184338,3.30189506786267,5.479446686057576,6.451606523874176,3.0,0.0,1.0,0.0,5.479446686057576,0.9216580749708214
ABEV,2024-12-05,train,True,True,D-1,2.32999992371,2.33999991417,2.36999988556,2.32999992371,1.7167366162960773,0,-1.8264822285336435,-1.3953585339184338,3.30189506786267,5.479446686057576,-2.1645001540487985,3.1963439000480376,2.0,0.0,0.7500002128482358,3.097342192278174,5.479446686057576,3.30189506786267
ABEV,2024-12-06,train,True,True,D-1,2.34999990463,2.28999996185,2.32999992371,2.33999991417,-0.4255315262055248,0,-1.3953585339184338,3.30189506786267,5.479446686057576,-2.1645001540487985,3.5398196481282618,8.83720048241683,3.0,0.0,0.8529406814950317,2.1367603659821155,5.479446686057576,5.479446686057576
ABEV,2024-12-09,train,True,True,D-1,2.28999996185,2.29999995232,2.33999991417,2.29999995232,2.183404067815209,0,3.30189506786267,5.479446686057576,-2.1645001540487985,3.5398196481282618,-2.136750177520197,8.018871955980988,3.0,1.0,0.6551721586505923,4.366818546547657,5.479446686057576,5.479446686057576
ABEV,2024-12-10,train,True,True,D-1,2.33999991417,2.31999993324,2.29999995232,2.22000002861,-1.7094001417597537,0,5.479446686057576,-2.1645001540487985,3.5398196481282618,-2.136750177520197,0.4366808138250411,5.022826129038305,3.0,2.0,0.4999993377502451,3.913050193293155,5.479446686057576,7.18884682781733
ABEV,2024-12-11,train,True,True,D-1,2.29999995232,2.26999998093,2.22000002861,2.19000005722,-3.478257624714487,0,-2.1645001540487985,3.5398196481282618,-2.136750177520197,0.4366808138250411,0.869564405852552,0.4329000306365849,3.0,3.0,0.4999991485006389,3.017248865272215,3.5398196481282618,3.5398196481282618
ABEV,2024-12-12,train,True,True,D-1,2.21000003815,2.18000006676,2.19000005722,2.16000008583,-0.9049764970475827,0,3.5398196481282618,-2.136750177520197,0.4366808138250411,0.869564405852552,-2.1551704202065314,0.4424774562926004,3.0,4.0,0.29411723459880285,5.286349117978251,3.5398196481282618,4.844166257341831
ABEV,2024-12-13,train,True,True,D-1,2.18000006676,2.1400001049,2.16000008583,2.1400001049,-0.9174302897946518,0,-2.136750177520197,0.4366808138250411,0.869564405852552,-2.1551704202065314,-3.9647539615012772,-6.837600567466351,2.0,4.0,0.05000000003249948,8.715587751443742,0.869564405852552,6.904041582948118
ABEV,2024-12-16,train,True,True,D-1,2.15000009537,2.07999992371,2.1400001049,2.08999991417,-0.46511581518227096,0,0.4366808138250411,0.869564405852552,-2.1551704202065314,-3.9647539615012772,-1.8348605795893147,-6.550212203008998,2.0,3.0,0.0,9.345785021788377,0.869564405852552,6.596431239425849
ABEV,2024-12-17,train,True,True,D-1,2.08999991417,2.11999988556,2.08999991417,2.08999991417,0.0,0,0.869564405852552,-2.1551704202065314,-3.9647539615012772,-1.8348605795893147,-2.803746647143446,-9.565218833508538,1.0,4.0,0.03703700435665025,12.4999999998197,0.869564405852552,5.456726790605315
ABEV,2024-12-18,train,True,True,D-1,2.07999992371,2.01999998093,2.08999991417,2.06999993324,0.4807687897489643,0,-2.1551704202065314,-3.9647539615012772,-1.8348605795893147,-2.803746647143446,1.9230751594766282,-8.620691958412674,1.0,4.0,0.21739107900947013,8.490569645123003,1.9230751594766282,0.934589642972683
ABEV,2024-12-19,train,True,True,D-1,2.08999991417,2.02999997139,2.06999993324,1.98000001907,-0.9569369259013749,0,-3.9647539615012772,-1.8348605795893147,-2.803746647143446,1.9230751594766282,-4.716976888118307,-11.013215951551558,1.0,4.0,0.047618993587312974,9.900992552877174,1.9230751594766282,2.884612739455328
ABEV,2024-12-20,train,True,True,D-1,2.04999995232,2.05999994278,1.98000001907,1.91999995708,-3.4146309696632127,0,-1.8348605795893147,-2.803746647143446,1.9230751594766282,-4.716976888118307,0.4950490373468286,-6.880738109010043,2.0,4.0,0.11111096395684596,7.881777738176177,1.9230751594766282,6.1683543589246215
ABEV,2024-12-23,train,True,True,D-1,1.97000002861,1.89999997616,1.91999995708,1.90999996662,-2.5380746600942583,0,-2.803746647143446,1.9230751594766282,-4.716976888118307,0.4950490373468286,1.477831123783635,-3.7383251494624625,3.0,4.0,0.33333280353367173,4.8543760110521195,1.9230751594766282,1.9230751594766282
ABEV,2024-12-24,train,True,True,D-1,1.91999995708,1.89999997616,1.90999996662,1.90999996662,-0.520832848101116,0,1.9230751594766282,-4.716976888118307,0.4950490373468286,1.477831123783635,-7.7669888866151116,-8.653843949616235,3.0,4.0,0.07692297113022212,12.631585881651052,1.9230751594766282,8.327015901455326
ABEV,2024-12-26,train,True,True,D-1,1.90999996662,1.88999998569,1.90999996662,1.88999998569,0.0,0,-4.716976888118307,0.4950490373468286,1.477831123783635,-7.7669888866151116,0.0,-10.377354777162495,2.0,4.0,0.09523804119045534,9.999996862842053,1.477831123783635,9.244820010398747
ABEV,2024-12-27,train,True,True,D-1,1.89999997616,1.87000000477,1.88999998569,1.86000001431,-0.5263152944986027,0,0.4950490373468286,1.477831123783635,-7.7669888866151116,0.0,-0.5263152944986027,-6.4356433894691705,2.0,4.0,0.04761902057141866,10.582006878004503,1.477831123783635,2.0041464182822377
ABEV,2024-12-30,train,True,True,D-1,1.87999999523,1.85000002384,1.86000001431,1.86000001431,-1.0638287750396103,0,1.477831123783635,-7.7669888866151116,0.0,-0.5263152944986027,-1.058200056689329,-7.88177186576231,1.0,4.0,0.04761902057368619,10.695183313360413,1.477831123783635,3.0567770062268185
ABEV,2024-12-31,train,True,True,D-1,1.85000002384,1.85000002384,1.86000001431,1.84000003338,0.540540018439728,0,-7.7669888866151116,0.0,-0.5263152944986027,-1.058200056689329,-1.0695176940633155,-10.194171105490524,0.0,4.0,0.0,7.027026678635506,0.0,2.116400113907768
ABEV,2025-01-02,train,True,True,D-1,1.85000002384,1.83000004292,1.84000003338,1.83000004292,-0.5405400178992048,0,0.0,-0.5263152944986027,-1.058200056689329,-1.0695176940633155,0.0,-2.6315764709140876,0.0,4.0,0.3000000000100011,3.783780126375502,0.0,1.0695176940633155
ABEV,2025-01-03,train,True,True,D-1,1.83000004292,1.76999998093,1.83000004292,1.87000000477,2.1857902137627727,0,-0.5263152944986027,-1.058200056689329,-1.0695176940633155,0.0,-1.0810800357984096,-3.6842070588586795,0.0,4.0,0.2000009537197734,4.371580427525545,0.0,1.0810800357984096
ABEV,2025-01-06,train,True,True,D-1,1.83000004292,1.78999996185,1.87000000477,1.85000002384,2.1857902137627727,0,-1.058200056689329,-1.0695176940633155,0.0,-1.0810800357984096,-3.2786918351248917,-6.3492066491307675,0.0,4.0,0.06666661372887975,7.909603796517595,0.0,4.324326588058414
ABEV,2025-01-07,train,True,True,D-1,1.83000004292,1.85000002384,1.85000002384,1.84000003338,1.0928951066081716,0,-1.0695176940633155,0.0,-1.0810800357984096,-3.2786918351248917,1.1299424370327715,-4.278077150584803,1.0,4.0,0.23076901915975473,5.586593629680747,1.1299424370327715,2.1857967285167312
ABEV,2025-01-08,train,True,True,D-1,1.85000002384,1.84000003338,1.84000003338,1.82000005245,-0.5405400178992048,0,0.0,-1.0810800357984096,-3.2786918351248917,1.1299424370327715,3.35195884183086,0.0,2.0,0.0,0.8181820151983215,1.081080036338955,3.35195884183086,0.0
ABEV,2025-01-10,train,True,True,D-1,1.84000003338,1.77999997139,1.82000005245,1.83000004292,-0.5434777325319051,0,-1.0810800357984096,-3.2786918351248917,1.1299424370327715,3.35195884183086,-0.5405400178992048,-0.5405400178992048,2.0,1.0,0.7272730228429357,1.6304331981392028,3.35195884183086,1.1299424370327715
ABEV,2025-01-13,train,True,True,D-1,1.78999996185,1.78999996185,1.83000004292,1.86000001431,3.9106175392123133,1,-3.2786918351248917,1.1299424370327715,3.35195884183086,-0.5405400178992048,-3.260872875082632,-2.732244281820806,2.0,2.0,0.18181798480167854,5.056181731829978,3.35195884183086,7.135745411990058
ABEV,2025-01-14,train,True,True,D-1,1.82000005245,1.79999995232,1.86000001431,1.83000004292,2.1978000388600982,0,1.1299424370327715,3.35195884183086,-0.5405400178992048,-3.260872875082632,0.56179722588372,1.1299424370327715,3.0,3.0,0.19999976152005666,4.469276236035147,3.35195884183086,6.069353984381587
ABEV,2025-01-15,train,True,True,D-1,1.84000003338,1.85000002384,1.83000004292,1.79999995232,-0.5434777325319051,0,3.35195884183086,-0.5405400178992048,-3.260872875082632,0.56179722588372,0.5586586973814756,0.5586586973814756,3.0,4.0,0.2999996423800861,3.888891905790204,3.35195884183086,3.35195884183086
ABEV,2025-01-16,train,True,True,D-1,1.82000005245,1.80999994278,1.79999995232,1.83000004292,0.5494500099897603,0,-0.5405400178992048,-3.260872875082632,0.56179722588372,0.5586586973814756,2.777781824691461,0.0,3.0,0.0,0.8888890359876009,0.540540018439728,2.777781824691461,0.56179722588372
ABEV,2025-01-17,train,True,True,D-1,1.77999997139,1.77999997139,1.83000004292,1.83000004292,2.808992827733303,0,-3.260872875082632,0.56179722588372,0.5586586973814756,2.777781824691461,-2.16216651592106,-1.6304396769434404,3.0,1.0,0.4444438557162678,2.762434978489803,2.777781824691461,0.56179722588372
ABEV,2025-01-21,train,True,True,D-1,1.78999996185,1.82000005245,1.83000004292,1.84000003338,2.7933001450080486,0,0.56179722588372,0.5586586973814756,2.777781824691461,-2.16216651592106,-1.6574570352705376,0.0,3.0,2.0,0.11111096390129042,4.494384505946258,2.777781824691461,6.561568394850658
ABEV,2025-01-22,train,True,True,D-1,1.82000005245,1.79999995232,1.84000003338,1.83000004292,1.0989000194300491,0,0.5586586973814756,2.777781824691461,-2.16216651592106,-1.6574570352705376,2.247195601287788,1.6759827508037617,3.0,3.0,0.5555561441726211,2.1978000388600982,2.777781824691461,2.777781824691461
ABEV,2025-01-23,train,True,True,D-1,1.83000004292,1.82000005245,1.83000004292,1.84000003338,0.5464475533040858,0,2.777781824691461,-2.16216651592106,-1.6574570352705376,2.247195601287788,-1.098906568880409,0.0,2.0,4.0,0.3333328918149799,3.333336865518599,2.777781824691461,2.777781824691461
ABEV,2025-01-24,train,True,True,D-1,1.83000004292,1.78999996185,1.84000003338,1.87000000477,2.1857902137627727,0,-2.16216651592106,-1.6574570352705376,2.247195601287788,-1.098906568880409,1.1111167033211355,-1.6216200542381598,2.0,0.0,0.7142862007955537,1.0989000194300491,2.247195601287788,2.247195601287788
ABEV,2025-01-27,train,True,True,D-1,1.82000005245,1.83000004292,1.87000000477,1.86000001431,2.747250048300409,0,-1.6574570352705376,2.247195601287788,-1.098906568880409,1.1111167033211355,-1.6483565788701582,-1.1049713570311925,2.0,1.0,0.28571379906158917,2.7933001450080486,2.247195601287788,2.8027506421149373
ABEV,2025-01-28,train,True,True,D-1,1.84000003338,1.85000002384,1.86000001431,1.86000001431,1.0869554656072866,0,2.247195601287788,-1.098906568880409,1.1111167033211355,-1.6483565788701582,2.2346414481852372,2.808992827733303,3.0,2.0,0.8000004769193199,0.5464475533040858,2.247195601287788,2.247195601287788
ABEV,2025-01-29,train,True,True,D-1,1.85000002384,1.82000005245,1.86000001431,1.88999998569,2.1621600721373424,0,-1.098906568880409,1.1111167033211355,-1.6483565788701582,2.2346414481852372,1.0928951066081716,1.64835002887036,3.0,0.0,0.7500003724998004,1.081080036338955,2.2346414481852372,1.1111167033211355
ABEV,2025-01-30,train,True,True,D-1,1.83000004292,1.86000001431,1.88999998569,1.87000000477,3.2786853203709443,1,1.1111167033211355,-1.6483565788701582,2.2346414481852372,1.0928951066081716,-1.6216200542381598,1.1111167033211355,3.0,1.0,0.3750009313119997,2.747250048300409,2.2346414481852372,2.781089002035775
ABEV,2025-01-31,train,True,True,D-1,1.87999999523,1.85000002384,1.87000000477,1.87000000477,-0.531914387519794,0,-1.6483565788701582,2.2346414481852372,1.0928951066081716,-1.6216200542381598,2.1978000388600982,2.1978000388600982,3.0,2.0,0.8750001863123988,0.5376338915626278,2.2346414481852372,2.2346414481852372
ABEV,2025-02-03,train,True,True,D-1,1.84000003338,1.84000003338,1.87000000477,1.84000003338,1.6304331981392028,0,2.2346414481852372,1.0928951066081716,-1.6216200542381598,2.1978000388600982,-0.5376338921002422,3.35195884183086,3.0,0.0,0.5555561442343495,2.1621600721373424,2.2346414481852372,2.2346414481852372
ABEV,2025-02-04,train,True,True,D-1,1.84000003338,1.84000003338,1.84000003338,1.86000001431,1.0869554656072866,0,1.0928951066081716,-1.6216200542381598,2.1978000388600982,-0.5376338921002422,-0.5405400178992048,0.5464475533040858,2.0,1.0,0.3750009313588748,2.7173886632030353,2.1978000388600982,3.273067822522957
ABEV,2025-02-05,train,True,True,D-1,1.83000004292,1.83000004292,1.86000001431,1.86000001431,1.639342660458687,0,-1.6216200542381598,2.1978000388600982,-0.5376338921002422,-0.5405400178992048,0.0,-0.5405400178992048,1.0,2.0,0.3750009313588748,2.7173886632030353,2.1978000388600982,2.738340056759303
ABEV,2025-02-06,train,True,True,D-1,1.84000003338,1.84000003338,1.86000001431,1.89999997616,3.2608663962784057,1,2.1978000388600982,-0.5376338921002422,-0.5405400178992048,0.0,-0.5434777325319051,0.5494500099897603,1.0,3.0,0.33333421640707983,3.2786853203709443,2.1978000388600982,2.7412777713920033
ABEV,2025-02-07,train,True,True,D-1,1.84000003338,1.84000003338,1.89999997616,1.87000000477,3.2608663962784057,1,-0.5376338921002422,-0.5405400178992048,0.0,-0.5434777325319051,0.5464475533040858,-1.0752677836628588,1.0,4.0,0.44444518032071345,2.7173886632030353,0.5464475533040858,0.0
ABEV,2025-02-10,train,True,True,D-1,1.87000000477,1.86000001431,1.87000000477,1.87000000477,0.0,0,-0.5405400178992048,0.0,-0.5434777325319051,0.5464475533040858,0.0,-0.5405400178992048,1.0,4.0,0.5714293012647575,1.6304331981392028,0.5464475533040858,0.0
ABEV,2025-02-11,train,True,True,D-1,1.87000000477,1.85000002384,1.87000000477,1.87999999523,0.5347588467642828,0,0.0,-0.5434777325319051,0.5464475533040858,0.0,1.0869554656072866,1.0869554656072866,2.0,0.0,0.6000004768598858,2.150535566788081,1.0869554656072866,0.5464475533040858
ABEV,2025-02-12,train,True,True,D-1,1.86000001431,1.84000003338,1.87999999523,1.91999995708,3.2258033499133143,1,-0.5434777325319051,0.5464475533040858,0.0,1.0869554656072866,-0.5376338921002422,0.5434777325319162,2.0,1.0,0.5000005959998584,2.7027000905770926,1.0869554656072866,0.5464475533040858
ABEV,2025-02-13,train,True,True,D-1,1.85000002384,1.87000000477,1.91999995708,1.92999994755,4.324320144815252,1,0.5464475533040858,0.0,1.0869554656072866,-0.5376338921002422,-0.5405400178992048,0.5464475533040858,2.0,2.0,0.25000000003125006,3.2608663962784057,1.0869554656072866,2.1622232492701454
ABEV,2025-02-14,train,True,True,D-1,1.89999997616,1.89999997616,1.92999994755,1.89999997616,1.5789458824432057,0,0.0,1.0869554656072866,-0.5376338921002422,-0.5405400178992048,1.6304331981392028,1.6304331981392028,2.0,3.0,0.6250000000156264,1.6042765408275983,1.6304331981392028,1.0869554656072866
ABEV,2025-02-18,train,True,True,D-1,1.89999997616,1.90999996662,1.89999997616,1.91999995708,1.0526305879445808,0,1.0869554656072866,-0.5376338921002422,-0.5405400178992048,1.6304331981392028,1.6042765408275983,3.2608663962784057,3.0,0.0,0.7777777778271603,1.0526305879445808,1.6304331981392028,1.0869554656072866
ABEV,2025-02-19,train,True,True,D-1,1.89999997616,1.88999998569,1.91999995708,1.92999994755,1.5789458824432057,0,-0.5376338921002422,-0.5405400178992048,1.6304331981392028,1.6042765408275983,0.5263152939722904,2.6881694583507088,3.0,0.0,0.7999999999599999,1.0471194387187577,1.6304331981392028,1.6304331981392028
ABEV,2025-02-20,train,True,True,D-1,1.89999997616,1.90999996662,1.92999994755,1.91999995708,1.5789458824432057,0,-0.5405400178992048,1.6304331981392028,1.6042765408275983,0.5263152939722904,-1.0471194387187688,2.1621600721373424,3.0,1.0,0.5555555554814819,2.1164001144368783,1.6304331981392028,2.1567484926378055
ABEV,2025-02-21,train,True,True,D-1,1.90999996662,1.91999995708,1.91999995708,1.90999996662,0.5235597190975882,0,1.6304331981392028,1.6042765408275983,0.5263152939722904,-1.0471194387187688,1.0582000572184391,3.804344128810322,4.0,2.0,0.777777777740741,1.0471194387187577,1.6304331981392028,1.6304331981392028
ABEV,2025-02-24,train,True,True,D-1,1.91999995708,1.89999997616,1.90999996662,2.0,4.166668995225753,1,1.6042765408275983,0.5263152939722904,-1.0471194387187688,1.0582000572184391,0.5235597190975882,2.6737942343561416,4.0,3.0,0.7999999998799981,0.520832848621966,1.6042765408275983,1.6042765408275983
ABEV,2025-02-25,train,True,True,D-1,1.89999997616,1.88999998569,2.0,2.13000011444,12.105270587678763,1,0.5263152939722904,-1.0471194387187688,1.0582000572184391,0.5235597190975882,-1.041665696202232,0.0,3.0,4.0,0.40000000003999914,1.5789458824432057,1.0582000572184391,1.5817597763160496
ABEV,2025-02-26,train,True,True,D-1,1.97000002861,1.99000000954,2.13000011444,2.08999991417,8.121831650068234,1,-1.0471194387187688,1.0582000572184391,0.5235597190975882,-1.041665696202232,-0.5263152944986027,-1.0471194387187688,2.0,2.0,0.3333333332222221,2.1164001144368783,1.0582000572184391,2.620698602042615
ABEV,2025-02-27,train,True,True,D-1,2.02999997139,2.1099998951,2.08999991417,2.1099998951,3.940882996920525,1,1.0582000572184391,0.5235597190975882,-1.041665696202232,-0.5263152944986027,5.291006592970526,5.291006592970526,3.0,0.0,0.9230769936390549,0.5025120810080663,5.291006592970526,1.0582000572184391
ABEV,2025-02-28,train,True,True,D-1,2.07999992371,2.06999993324,2.1099998951,2.09999990463,1.442306369727664,0,0.5235597190975882,-1.041665696202232,-0.5263152944986027,5.291006592970526,6.030144974106744,10.471200626978373,3.0,0.0,0.9230761119086264,0.94787774096321,6.030144974106744,0.5235597190975882
ABEV,2025-03-03,train,True,True,D-1,2.06999993324,2.07999992371,2.09999990463,2.20000004768,6.280198967761397,1,-1.041665696202232,-0.5263152944986027,5.291006592970526,6.030144974106744,-1.895732883821033,7.812498932975243,2.0,1.0,0.7692301696481821,2.8985595717429202,6.030144974106744,5.291006592970526
ABEV,2025-03-04,train,True,True,D-1,2.06999993324,2.08999991417,2.20000004768,2.21000003815,6.763290310394798,1,-0.5263152944986027,5.291006592970526,6.030144974106744,-1.895732883821033,0.4830913426334238,9.473681568869786,3.0,2.0,0.8076916552325235,2.4038554117260302,6.030144974106744,7.451944636735552
ABEV,2025-03-05,train,True,True,D-1,2.13000011444,2.19000005722,2.21000003815,2.24000000954,5.164314046476948,1,5.291006592970526,6.030144974106744,-1.895732883821033,0.4830913426334238,0.4807687897489643,10.582006878004503,4.0,3.0,0.777776747586801,1.9138852589802857,6.030144974106744,6.030144974106744
ABEV,2025-03-06,train,True,True,D-1,2.19000005722,2.21000003815,2.24000000954,2.25,2.739723343028788,0,6.030144974106744,-1.895732883821033,0.4830913426334238,0.4807687897489643,4.784696036205949,10.050253604080694,4.0,0.0,0.9444445180462672,0.4566205570192716,6.030144974106744,6.030144974106744
ABEV,2025-03-07,train,True,True,D-1,2.19000005722,2.23000001907,2.25,2.20000004768,2.739723343028788,0,-1.895732883821033,0.4830913426334238,0.4807687897489643,4.784696036205949,0.9132411144951336,4.739343508131344,4.0,0.0,1.0,0.0,4.784696036205949,0.4830913426334238
ABEV,2025-03-10,train,True,True,D-1,2.23000001907,2.23000001907,2.20000004768,2.22000002861,-0.4484300616360626,0,0.4830913426334238,0.4807687897489643,4.784696036205949,0.9132411144951336,0.904976496595089,7.729472994695441,5.0,0.0,0.944444517993798,0.44843006208452607,4.784696036205949,4.784696036205949
ABEV,2025-03-11,train,True,True,D-1,2.19000005722,2.19000005722,2.22000002861,2.25,2.739723343028788,0,0.4807687897489643,4.784696036205949,0.9132411144951336,0.904976496595089,0.0,7.211543310657986,4.0,0.0,0.8947369741744742,0.8968601237205887,4.784696036205949,4.784696036205949
ABEV,2025-03-12,train,True,True,D-1,2.18000006676,2.20000004768,2.25,2.31999993324,6.422012027186463,1,4.784696036205949,0.9132411144951336,0.904976496595089,0.0,-1.7937202469927138,4.784696036205949,3.0,1.0,0.5714293012647575,2.739723343028788,4.784696036205949,6.578416283198663
ABEV,2025-03-13,train,True,True,D-1,2.20000004768,2.24000000954,2.31999993324,2.36999988556,7.727265190710897,1,0.9132411144951336,0.904976496595089,0.0,-1.7937202469927138,0.4566205570192716,0.4566205570192716,3.0,2.0,0.49999999995000216,2.272725056198399,0.9132411144951336,2.2585312998517626
ABEV,2025-03-14,train,True,True,D-1,2.27999997139,2.29999995232,2.36999988556,2.3599998951,3.9473647061114336,1,0.904976496595089,0.0,-1.7937202469927138,0.4566205570192716,1.8181800451405383,1.3574647453451272,3.0,3.0,0.9000000000300014,0.4464281436344031,1.8181800451405383,0.904976496595089
ABEV,2025-03-17,train,True,True,D-1,2.32999992371,2.33999991417,2.3599998951,2.38000011444,2.1459310028811407,0,0.0,-1.7937202469927138,0.4566205570192716,1.8181800451405383,2.6785688626993043,3.139010432797784,3.0,0.0,0.8823529412110717,0.869564405852552,2.6785688626993043,0.4566205570192716
ABEV,2025-03-18,train,True,True,D-1,2.31999993324,2.34999990463,2.38000011444,2.3599998951,2.586214781317109,0,-1.7937202469927138,0.4566205570192716,1.8181800451405383,2.6785688626993043,1.7391288121398452,4.932730679790498,4.0,0.0,0.8636363636342972,1.2820501064266576,2.6785688626993043,1.8181800451405383
ABEV,2025-03-19,train,True,True,D-1,2.3599998951,2.36999988556,2.3599998951,2.3599998951,0.0,0,0.4566205570192716,1.8181800451405383,2.6785688626993043,1.7391288121398452,0.4273500353331183,7.305928914591231,5.0,1.0,0.8999999999850011,0.8510630528365315,2.6785688626993043,2.6785688626993043
ABEV,2025-03-20,train,True,True,D-1,2.3599998951,2.34999990463,2.3599998951,2.3599998951,0.0,0,1.8181800451405383,2.6785688626993043,1.7391288121398452,0.4273500353331183,0.8510630528365315,7.727265190710897,5.0,0.0,0.9473672322718258,0.42195060602869816,2.6785688626993043,2.6785688626993043
ABEV,2025-03-21,train,True,True,D-1,2.32999992371,2.3599998951,2.3599998951,2.3599998951,1.2875524623293444,0,2.6785688626993043,1.7391288121398452,0.4273500353331183,0.8510630528365315,-0.8438810926471474,4.910709581317785,4.0,1.0,0.6999983310523887,1.2766047245743817,2.6785688626993043,2.6785688626993043
ABEV,2025-03-24,train,True,True,D-1,2.31999993324,2.29999995232,2.3599998951,2.30999994278,1.7241363366824691,0,1.7391288121398452,0.4273500353331183,0.8510630528365315,-0.8438810926471474,0.4255315266310289,2.6086932184271827,4.0,2.0,0.7999980927027287,0.847466958855625,1.7391288121398452,2.161069358252443
ABEV,2025-03-25,train,True,True,D-1,2.30999994278,2.32999992371,2.30999994278,2.30999994278,0.0,0,0.4273500353331183,0.8510630528365315,-0.8438810926471474,0.4255315266310289,-2.54237056978589,-1.7094001417597537,3.0,3.0,0.1999995232006799,3.478267990366879,0.8510630528365315,2.9787206842896152
ABEV,2025-03-26,train,True,True,D-1,2.28999996185,2.30999994278,2.30999994278,2.28999996185,0.8733616272134315,0,0.8510630528365315,-0.8438810926471474,0.4255315266310289,-2.54237056978589,1.3043466092135914,-0.8510630524110274,3.0,4.0,0.44444326713779814,2.1459310028811407,1.3043466092135914,2.122248337729471
ABEV,2025-03-27,train,True,True,D-1,2.28999996185,2.30999994278,2.28999996185,2.34999990463,2.6200848812035993,0,-0.8438810926471474,0.4255315266310289,-2.54237056978589,1.3043466092135914,-0.8583683083626115,-2.531643277519513,2.0,4.0,0.5000000000000022,2.1645001540487874,1.3043466092135914,0.4255315266310289
ABEV,2025-03-28,train,True,True,D-1,2.26999998093,2.27999997139,2.34999990463,2.34999990463,3.5242257432629875,1,0.4255315266310289,-2.54237056978589,1.3043466092135914,-0.8583683083626115,0.0,-1.702126105247559,2.0,4.0,0.5000000000000022,2.1645001540487874,1.3043466092135914,2.162714917576203
ABEV,2025-03-31,train,True,True,D-1,2.30999994278,2.32999992371,2.34999990463,2.36999988556,2.5974001846853723,0,-2.54237056978589,1.3043466092135914,-0.8583683083626115,0.0,-1.2987000923426972,-3.389827426522418,1.0,4.0,0.272727272719009,3.508768627800829,1.3043466092135914,2.6030467015562886
ABEV,2025-04-01,train,True,True,D-1,2.31999993324,2.33999991417,2.36999988556,2.47000002861,6.46552153820612,1,1.3043466092135914,-0.8583683083626115,0.0,-1.2987000923426972,2.1929803924303215,1.3043466092135914,2.0,4.0,0.727272727280991,1.2875524623293444,2.1929803924303215,1.3043466092135914
ABEV,2025-04-02,train,True,True,D-1,2.34999990463,2.3599998951,2.47000002861,2.3599998951,5.106388461700528,1,-0.8583683083626115,0.0,-1.2987000923426972,2.1929803924303215,0.4291841539667107,0.4291841539667107,2.0,1.0,0.9000000000299969,0.4273500353331183,2.1929803924303215,0.0
ABEV,2025-04-03,train,True,True,D-1,2.41000008583,2.42000007629,2.3599998951,2.28999996185,-2.07469663689992,0,0.0,-1.2987000923426972,2.1929803924303215,0.4291841539667107,0.8547000710935615,2.1645001540487874,3.0,0.0,0.9166666666944454,0.4237284281563891,2.1929803924303215,2.1929803924303215
ABEV,2025-04-04,train,True,True,D-1,2.34999990463,2.30999994278,2.28999996185,2.25,-2.5531891580841126,0,-1.2987000923426972,2.1929803924303215,0.4291841539667107,0.8547000710935615,2.5423806719049757,4.761910659513635,4.0,0.0,0.772727519010299,2.066113667097591,2.5423806719049757,2.1929803924303215
ABEV,2025-04-07,train,True,True,D-1,2.16000008583,2.22000002861,2.25,2.31999993324,7.407400048714274,1,2.1929803924303215,0.4291841539667107,0.8547000710935615,2.5423806719049757,-4.545459919102002,1.3157882353704853,4.0,1.0,0.058823446896232735,6.9264108135624225,2.5423806719049757,4.311622534059789
ABEV,2025-04-08,train,True,True,D-1,2.24000000954,2.15000009537,2.31999993324,2.28999996185,3.5714251499681327,1,0.4291841539667107,0.8547000710935615,2.5423806719049757,-4.545459919102002,-3.8961002770280917,-4.721025695350667,3.0,2.0,0.1935482382413871,11.261261116133037,2.5423806719049757,10.80684519153473
ABEV,2025-04-09,train,True,True,D-1,2.1400001049,2.29999995232,2.28999996185,2.27999997139,7.009338766224471,1,0.8547000710935615,2.5423806719049757,-4.545459919102002,-3.8961002770280917,-3.1531501053100874,-8.119650673892998,2.0,3.0,0.030303008429746668,14.883717164902288,2.5423806719049757,9.468781164255047
ABEV,2025-04-10,train,True,True,D-1,2.28999996185,2.25999999046,2.27999997139,2.30999994278,0.8733616272134315,0,2.5423806719049757,-4.545459919102002,-3.8961002770280917,-3.1531501053100874,6.9767372230830516,-2.54237056978589,2.0,4.0,0.48484813457292164,7.391307818007631,6.9767372230830516,2.5423806719049757
ABEV,2025-04-11,train,True,True,D-1,2.26999998093,2.25,2.30999994278,2.30999994278,1.7621128716314827,0,-4.545459919102002,-3.8961002770280917,-3.1531501053100874,6.9767372230830516,-1.7391288125746307,-6.611573586199615,1.0,4.0,0.545454545438016,4.42477456027095,6.9767372230830516,0.0
ABEV,2025-04-14,train,True,True,D-1,2.26999998093,2.28999996185,2.30999994278,2.3599998951,3.964753961501244,1,-3.8961002770280917,-3.1531501053100874,6.9767372230830516,-1.7391288125746307,-0.4424774558500988,-2.5974001846853945,1.0,2.0,0.6111111111296295,3.1111081439999966,6.9767372230830516,9.150648238583948
ABEV,2025-04-15,train,True,True,D-1,2.27999997139,2.27999997139,2.3599998951,2.41000008583,5.701759476810242,1,-3.1531501053100874,6.9767372230830516,-1.7391288125746307,-0.4424774558500988,1.7777760822222266,3.1531501053100763,2.0,3.0,0.8333333333333329,1.3100424406017996,6.9767372230830516,6.9767372230830516
ABEV,2025-04-16,train,True,True,D-1,2.26999998093,2.32999992371,2.41000008583,2.42000007629,6.6079337718120135,1,6.9767372230830516,-1.7391288125746307,-0.4424774558500988,1.7777760822222266,-0.43668081338836817,6.0465055931836265,2.0,4.0,0.7777777777962966,1.7543843136811121,6.9767372230830516,6.9767372230830516
ABEV,2025-04-17,train,True,True,D-1,2.30999994278,2.40000009537,2.42000007629,2.46000003815,6.493510782925838,1,-1.7391288125746307,-0.4424774558500988,1.7777760822222266,-0.43668081338836817,2.1929803924303215,1.3043466092135914,2.0,0.0,0.7857142857193873,1.2875524623293444,2.1929803924303215,1.7777760822222266
ABEV,2025-04-21,train,True,True,D-1,2.40000009537,2.40000009537,2.46000003815,2.49000000954,3.749996274734535,1,-0.4424774558500988,1.7777760822222266,-0.43668081338836817,2.1929803924303215,3.0042993112437744,6.1946949336714185,3.0,0.0,0.9444445180493537,0.41666625260941004,3.0042993112437744,1.7777760822222266
ABEV,2025-04-22,train,True,True,D-1,2.38000011444,2.43000006676,2.49000000954,2.47000002861,4.621844109695861,1,1.7777760822222266,-0.43668081338836817,2.1929803924303215,3.0042993112437744,0.0,6.666670905333327,3.0,0.0,0.8750001863045863,0.8333325052187979,3.0042993112437744,2.1929803924303215
ABEV,2025-04-23,train,True,True,D-1,2.45000004768,2.45000004768,2.47000002861,2.47000002861,0.8163257363581922,0,-0.43668081338836817,2.1929803924303215,3.0042993112437744,0.0,1.2499987582448524,6.113541800974498,3.0,0.0,0.8500001788174569,1.2345666899507668,3.0042993112437744,3.0042993112437744
ABEV,2025-04-24,train,True,True,D-1,2.45000004768,2.46000003815,2.47000002861,2.50999999046,2.4489772086664363,0,2.1929803924303215,3.0042993112437744,0.0,1.2499987582448524,0.8230444596928344,7.456143790491354,4.0,0.0,0.8260871367750325,1.6326514727164065,3.0042993112437744,3.0042993112437744
ABEV,2025-04-25,train,True,True,D-1,2.46000003815,2.47000002861,2.50999999046,2.56999993324,4.471540381467776,1,3.0042993112437744,0.0,1.2499987582448524,0.8230444596928344,0.4081628683831662,5.579404235902463,4.0,1.0,0.8333335540925101,1.2195110132014797,3.0042993112437744,3.0042993112437744
ABEV,2025-04-28,train,True,True,D-1,2.47000002861,2.49000000954,2.56999993324,2.58999991417,4.858294905669713,1,0.0,1.2499987582448524,0.8230444596928344,0.4081628683831662,0.4065036709316461,2.9166637690990704,4.0,2.0,0.8461541282778565,0.8097158177465813,1.2499987582448524,1.2499987582448524
ABEV,2025-04-29,train,True,True,D-1,2.48000001907,2.53999996185,2.58999991417,2.52999997139,4.435479607022352,1,1.2499987582448524,0.8230444596928344,0.4081628683831662,0.4065036709316461,0.8097158177465813,3.749996274734535,5.0,0.0,0.8571431004692069,0.8032120820631761,1.2499987582448524,1.2499987582448524
ABEV,2025-04-30,train,True,True,D-1,2.51999998093,2.52999997139,2.52999997139,2.53999996185,0.7936500425138382,0,0.8230444596928344,0.4081628683831662,0.4065036709316461,0.8097158177465813,2.0080302055595967,4.52674452954509,5.0,0.0,0.7999999999999994,1.181101253566541,2.0080302055595967,0.8230444596928344
ABEV,2025-05-01,train,True,True,D-1,2.52999997139,2.49000000954,2.53999996185,2.49000000954,0.39525654439063196,0,0.4081628683831662,0.4065036709316461,0.8097158177465813,2.0080302055595967,-0.3937004177242742,3.2653029450246285,4.0,0.0,0.6249999999921889,2.3715392671342705,2.0080302055595967,0.8097158177465813
ABEV,2025-05-02,train,True,True,D-1,2.52999997139,2.49000000954,2.49000000954,2.49000000954,-1.5810261779577672,0,0.4065036709316461,0.8097158177465813,2.0080302055595967,-0.3937004177242742,-1.5810261779577672,1.2195110132014797,3.0,1.0,0.3750000000078139,4.016060411520783,2.0080302055595967,3.9765322945746973
ABEV,2025-05-05,train,True,True,D-1,2.49000000954,2.46000003815,2.49000000954,2.5,0.40160604103158803,0,0.8097158177465813,2.0080302055595967,-0.3937004177242742,-1.5810261779577672,0.0,0.8097158177465813,2.0,2.0,0.28571428575510255,4.016060411520783,2.0080302055595967,3.589056383517364
ABEV,2025-05-06,train,True,True,D-1,2.45000004768,2.49000000954,2.5,2.6400001049,7.755104225402687,1,2.0080302055595967,-0.3937004177242742,-1.5810261779577672,0.0,-1.2048181234963984,-1.2048181234963984,1.0,3.0,0.07142857147448917,5.284547723737587,2.0080302055595967,3.212848329055995
ABEV,2025-05-07,train,True,True,D-1,2.47000002861,2.5,2.6400001049,2.53999996185,6.882594102060313,1,-0.3937004177242742,-1.5810261779577672,0.0,-1.2048181234963984,1.2195110132014797,-1.9685020890151006,1.0,4.0,0.33333333335555754,4.016060411520783,1.2195110132014797,0.0
ABEV,2025-05-08,train,True,True,D-1,2.58999991417,2.52999997139,2.53999996185,2.50999999046,-1.9305001535501187,0,-1.5810261779577672,0.0,-1.2048181234963984,1.2195110132014797,0.40160604103158803,-1.1857696335671464,2.0,3.0,0.6000000000200009,1.5999984740000084,1.2195110132014797,0.0
ABEV,2025-05-09,train,True,True,D-1,2.53999996185,2.52999997139,2.50999999046,2.53999996185,0.0,0,0.0,-1.2048181234963984,1.2195110132014797,0.40160604103158803,1.199998855600004,1.6064241645279864,3.0,0.0,0.44999946357012915,4.347831413198189,1.2195110132014797,1.2195110132014797
ABEV,2025-05-12,train,True,True,D-1,2.5,2.5,2.53999996185,2.55999994278,2.399997711200008,0,-1.2048181234963984,1.2195110132014797,0.40160604103158803,1.199998855600004,0.0,1.6064241645279864,3.0,1.0,0.44999946357012915,4.347831413198189,1.2195110132014797,1.2195110132014797
ABEV,2025-05-13,train,True,True,D-1,2.51999998093,2.51999998093,2.55999994278,2.55999994278,1.5873000854245367,0,1.2195110132014797,0.40160604103158803,1.199998855600004,0.0,-1.1857696335671464,1.626014684133148,3.0,2.0,0.2999996423800861,5.600004195999997,1.2195110132014797,2.405280646768626
ABEV,2025-05-14,train,True,True,D-1,2.55999994278,2.52999997139,2.55999994278,2.55999994278,0.0,0,0.40160604103158803,1.199998855600004,0.0,-1.1857696335671464,0.7999992371999998,1.2048181234963984,3.0,3.0,0.3999995231901155,4.761909717384749,1.199998855600004,1.595255399990625
ABEV,2025-05-15,train,True,True,D-1,2.52999997139,2.53999996185,2.55999994278,2.56999993324,1.5810261779577672,0,1.199998855600004,0.0,-1.1857696335671464,0.7999992371999998,0.3968250212569302,1.199998855600004,3.0,4.0,0.352940681495033,4.347831413198189,1.199998855600004,1.199998855600004
ABEV,2025-05-16,train,True,True,D-1,2.53999996185,2.54999995232,2.56999993324,2.53999996185,1.181101253566541,0,0.0,-1.1857696335671464,0.7999992371999998,0.3968250212569302,0.39525654439063196,0.39525654439063196,3.0,1.0,0.7777777777407391,0.7874008358422779,0.7999992371999998,0.7999992371999998
ABEV,2025-05-19,train,True,True,D-1,2.52999997139,2.54999995232,2.53999996185,2.51999998093,0.39525654439063196,0,-1.1857696335671464,0.7999992371999998,0.3968250212569302,0.39525654439063196,0.3937004181179704,0.7905130891765033,4.0,2.0,0.8888888889259227,0.39215649596002766,0.7999992371999998,0.7999992371999998
ABEV,2025-05-20,train,True,True,D-1,2.51999998093,2.51999998093,2.51999998093,2.54999995232,1.1904750641675843,0,0.7999992371999998,0.3968250212569302,0.39525654439063196,0.3937004181179704,0.0,1.9999980928000038,4.0,0.0,0.6666666667777754,0.7843129919200331,0.7999992371999998,0.7999992371999998
ABEV,2025-05-21,train,True,True,D-1,2.50999999046,2.50999999046,2.54999995232,2.52999997139,1.5936239845431022,0,0.3968250212569302,0.39525654439063196,0.3937004181179704,0.0,-1.1764694882721694,0.0,3.0,1.0,0.285714285775513,1.9841251066814447,0.3968250212569302,1.5732945095290995
ABEV,2025-05-22,train,True,True,D-1,2.5,2.50999999046,2.52999997139,2.53999996185,1.5999984740000084,0,0.39525654439063196,0.3937004181179704,0.0,-1.1764694882721694,-0.3968250216537683,-0.7905130891765255,2.0,2.0,0.3333333333333333,2.3904359764162386,0.39525654439063196,1.963882529014982
ABEV,2025-05-23,train,True,True,D-1,2.46000003815,2.51999998093,2.53999996185,2.5,3.252029368266296,1,0.3937004181179704,0.0,-1.1764694882721694,-0.3968250216537683,0.0,-1.181101253566541,1.0,3.0,0.3333333333333333,2.3904359764162386,0.3937004181179704,0.7905254397717387
ABEV,2025-05-27,train,True,True,D-1,2.52999997139,2.50999999046,2.5,2.5,-1.1857696335671464,0,0.0,-1.1764694882721694,-0.3968250216537683,0.0,0.39840599633498286,-1.1764694882721694,1.0,4.0,0.5833333333888898,1.9841251066814447,0.39840599633498286,0.0
ABEV,2025-05-28,train,True,True,D-1,2.47000002861,2.48000001907,2.5,2.47000002861,1.2145737264174228,0,-1.1764694882721694,-0.3968250216537683,0.0,0.39840599633498286,-0.3968250216537683,-1.56862598462435,1.0,2.0,0.5999999999599991,1.5936239845431022,0.39840599633498286,0.0
ABEV,2025-05-29,train,True,True,D-1,2.49000000954,2.49000000954,2.47000002861,2.48000001907,-0.4016060414332223,0,-0.3968250216537683,0.0,0.39840599633498286,-0.3968250216537683,-1.1952179882081193,-1.5873000858213748,1.0,3.0,0.2999999999799973,2.8225779319247746,0.39840599633498286,1.9857060821563577
ABEV,2025-05-30,train,True,True,D-1,2.46000003815,2.44000005722,2.48000001907,2.49000000954,1.2195110132014797,0,0.0,0.39840599633498286,-0.3968250216537683,-1.1952179882081193,0.40322541907682474,-0.7968119918731364,2.0,4.0,0.4000000000400009,2.4096362469927968,0.40322541907682474,1.1952179882081193
ABEV,2025-06-02,train,True,True,D-1,2.46000003815,2.44000005722,2.49000000954,2.50999999046,2.032518355064794,0,0.39840599633498286,-0.3968250216537683,-1.1952179882081193,0.40322541907682474,-2.0080302059612087,-2.788841972352818,2.0,3.0,0.0909090908842964,4.09835665102134,0.40322541907682474,2.0113076714325495
ABEV,2025-06-03,train,True,True,D-1,2.46000003815,2.48000001907,2.50999999046,2.5,2.032518355064794,0,-0.3968250216537683,-1.1952179882081193,0.40322541907682474,-2.0080302059612087,0.0,-3.1746001712459004,1.0,4.0,0.16666666669444263,4.09835665102134,0.40322541907682474,2.4112556250380335
ABEV,2025-06-04,train,True,True,D-1,2.5,2.47000002861,2.5,2.50999999046,0.3999996184000043,0,-1.1952179882081193,0.40322541907682474,-2.0080302059612087,0.0,1.6393426603265704,-1.1952179882081193,2.0,4.0,0.7499999999687472,0.8064508377503943,1.6393426603265704,0.40322541907682474
ABEV,2025-06-05,train,True,True,D-1,2.5,2.46000003815,2.50999999046,2.49000000954,0.3999996184000043,0,0.40322541907682474,-2.0080302059612087,0.0,1.6393426603265704,-0.40322541867358064,-0.40322541867358064,2.0,0.0,0.5555555555925921,1.6194316350882865,1.6393426603265704,0.40322541907682474
ABEV,2025-06-06,train,True,True,D-1,2.46000003815,2.49000000954,2.49000000954,2.51999998093,2.4390220264029816,0,-2.0080302059612087,0.0,1.6393426603265704,-0.40322541867358064,-0.4048579086708526,-1.2048181234963984,1.0,1.0,0.44444444451851917,2.032518355064794,1.6393426603265704,2.4457934976737317
ABEV,2025-06-09,train,True,True,D-1,2.48000001907,2.48000001907,2.51999998093,2.49000000954,1.6129016755008108,0,0.0,1.6393426603265704,-0.40322541867358064,-0.4048579086708526,1.2195110132014797,2.049178325715584,2.0,2.0,0.7777777778518541,0.8032120820631761,1.6393426603265704,1.6393426603265704
ABEV,2025-06-10,train,True,True,D-1,2.5,2.45000004768,2.49000000954,2.48000001907,-0.3999996183999932,0,1.6393426603265704,-0.40322541867358064,-0.4048579086708526,1.2195110132014797,-0.4016060414332223,1.6393426603265704,2.0,3.0,0.5714285714081624,1.209676256423986,1.6393426603265704,1.6393426603265704
ABEV,2025-06-11,train,True,True,D-1,2.44000005722,2.48000001907,2.48000001907,2.44000005722,1.6393426603265704,0,-0.40322541867358064,-0.4048579086708526,1.2195110132014797,-0.4016060414332223,-1.2096762564239638,-1.2096762564239638,1.0,0.0,0.12499999995312842,2.8571400770496247,1.2195110132014797,2.825935178131078
ABEV,2025-06-12,train,True,True,D-1,2.47000002861,2.45000004768,2.44000005722,2.48000001907,0.4048579086708415,0,-0.4048579086708526,1.2195110132014797,-0.4016060414332223,-1.2096762564239638,1.224488604333196,0.4048579086708415,2.0,1.0,0.5555555554814782,1.6129016755008108,1.224488604333196,1.2195110132014797
ABEV,2025-06-13,train,True,True,D-1,2.43000006676,2.44000005722,2.48000001907,2.46000003815,2.0576111496435567,0,1.2195110132014797,-0.4016060414332223,-1.2096762564239638,1.224488604333196,-1.2096762564239638,-0.40650367133816534,2.0,2.0,0.2222222221481497,2.8571400770496247,1.224488604333196,1.2195110132014797
ABEV,2025-06-16,train,True,True,D-1,2.46000003815,2.43000006676,2.46000003815,2.42000007629,0.0,0,-0.4016060414332223,-1.2096762564239638,1.224488604333196,-1.2096762564239638,-0.4081628679750371,-2.0080302059612087,1.0,3.0,0.20000000001999735,3.2786853210629685,1.224488604333196,2.8373902794307626
ABEV,2025-06-17,train,True,True,D-1,2.45000004768,2.40000009537,2.42000007629,2.42000007629,-1.2244886043332182,0,-1.2096762564239638,1.224488604333196,-1.2096762564239638,-0.4081628679750371,-0.40983566497917456,-2.0161270937711473,1.0,4.0,0.10000000005999873,3.703700069852278,1.224488604333196,2.040814340283237
ABEV,2025-06-18,train,True,True,D-1,2.41000008583,2.41000008583,2.42000007629,2.44000005722,1.2448120465384793,0,1.224488604333196,-1.2096762564239638,-0.4081628679750371,-0.40983566497917456,-1.2345666899507557,-2.04081434028327,1.0,4.0,0.10000000005999873,3.749996274734535,1.224488604333196,2.8638312646597552
ABEV,2025-06-20,train,True,True,D-1,2.40000009537,2.3900001049,2.44000005722,2.45000004768,2.083331263463628,0,-1.2096762564239638,-0.4081628679750371,-0.40983566497917456,-1.2345666899507557,0.41666625260941004,-2.8225779315215305,1.0,4.0,0.22222222225926203,2.9045614417848364,0.41666625260941004,0.8230444601043385
ABEV,2025-06-23,train,True,True,D-1,2.40000009537,2.42000007629,2.45000004768,2.38000011444,2.083331263463628,0,-0.4081628679750371,-0.40983566497917456,-1.2345666899507557,0.41666625260941004,-0.829874697830657,-2.4489772086664474,1.0,3.0,0.09999999996999909,3.7656866200750816,0.41666625260941004,0.41666625302605453
ABEV,2025-06-24,train,True,True,D-1,2.45000004768,2.40000009537,2.38000011444,2.3900001049,-2.4489772086664474,0,-0.40983566497917456,-1.2345666899507557,0.41666625260941004,-0.829874697830657,1.2552288733583605,-0.819671330368188,2.0,4.0,0.39999999998000085,2.479336400351828,1.2552288733583605,0.41666625260941004
ABEV,2025-06-25,train,True,True,D-1,2.38000011444,2.31999993324,2.3900001049,2.38000011444,0.42016764618320046,0,-1.2345666899507557,0.41666625260941004,-0.829874697830657,1.2552288733583605,-0.8264454665084742,-1.2345666899507557,2.0,4.0,0.2500000000312473,2.4999975164896826,1.2552288733583605,0.41666625260941004
ABEV,2025-06-26,train,True,True,D-1,2.34999990463,2.36999988556,2.38000011444,2.42000007629,2.9787308298219406,0,0.41666625260941004,-0.829874697830657,1.2552288733583605,-0.8264454665084742,-3.3333399562913923,-3.3333399562913923,2.0,1.0,0.13333312136902487,5.603453369864897,1.2552288733583605,5.387466059206137
ABEV,2025-06-27,train,True,True,D-1,2.34999990463,2.3599998951,2.42000007629,2.42000007629,2.9787308298219406,0,-0.829874697830657,1.2552288733583605,-0.8264454665084742,-3.3333399562913923,2.1551704206375755,-1.6597592881920642,2.0,2.0,0.4666659249249158,3.3755344296608314,2.1551704206375755,2.505237565769469
ABEV,2025-06-30,train,True,True,D-1,2.34999990463,2.41000008583,2.42000007629,2.50999999046,6.808514566948087,1,1.2552288733583605,-0.8264454665084742,-3.3333399562913923,2.1551704206375755,-0.421940546112598,-1.2552388486717247,2.0,3.0,0.3999993642404049,3.813565956797915,2.1551704206375755,1.2552288733583605
ABEV,2025-07-01,oos,True,True,D-1,2.40000009537,2.42000007629,2.50999999046,2.49000000954,4.583328779953311,1,-0.8264454665084742,-3.3333399562913923,2.1551704206375755,-0.421940546112598,2.1186522437485644,-0.413222733254226,2.0,4.0,0.7333337571952866,1.6597493952463571,2.1551704206375755,2.1551704206375755
ABEV,2025-07-02,oos,True,True,D-1,2.42000007629,2.49000000954,2.49000000954,2.44000005722,2.89255913401929,0,-3.3333399562913923,2.1551704206375755,-0.421940546112598,2.1186522437485644,0.4149373487078556,0.8333325052187979,3.0,1.0,1.0,0.0,2.1551704206375755,2.1551704206375755
ABEV,2025-07-03,oos,True,True,D-1,2.47000002861,2.47000002861,2.44000005722,2.42000007629,-1.2145737264174339,0,2.1551704206375755,-0.421940546112598,2.1186522437485644,0.4149373487078556,2.89255913401929,7.327589706547366,4.0,0.0,0.8888890360925392,0.8032120820631761,2.89255913401929,2.1551704206375755
ABEV,2025-07-07,oos,True,True,D-1,2.43000006676,2.3900001049,2.42000007629,2.42000007629,-0.41152223025793244,0,-0.421940546112598,2.1186522437485644,0.4149373487078556,2.89255913401929,-0.8032120824648104,4.219415522307979,3.0,1.0,0.7777780721295204,1.6194316350882865,2.89255913401929,2.1186522437485644
ABEV,2025-07-08,oos,True,True,D-1,2.3900001049,2.41000008583,2.42000007629,2.36999988556,1.2552288733583605,0,2.1186522437485644,0.4149373487078556,2.89255913401929,-0.8032120824648104,-3.238863270581427,1.2711953870120363,3.0,2.0,0.2500011175775243,5.020915493433464,2.89255913401929,6.908619545941697
ABEV,2025-07-09,oos,True,True,D-1,2.42000007629,2.40000009537,2.36999988556,2.36999988556,-2.0661235187501847,0,0.4149373487078556,2.89255913401929,-0.8032120824648104,-3.238863270581427,0.8368192490450621,0.0,3.0,3.0,0.285715502131743,4.149373488323338,2.89255913401929,5.321706586854136
ABEV,2025-07-10,oos,True,True,D-1,2.34999990463,2.33999991417,2.36999988556,2.40000009537,2.127667777410913,0,2.89255913401929,-0.8032120824648104,-3.238863270581427,0.8368192490450621,-0.4149373487078667,-0.8264454665084742,2.0,4.0,0.26666783227036867,4.583328779953311,2.89255913401929,2.89255913401929
ABEV,2025-07-11,oos,True,True,D-1,2.32999992371,2.34999990463,2.40000009537,2.3599998951,3.0042993112437744,1,-0.8032120824648104,-3.238863270581427,0.8368192490450621,-0.4149373487078667,-2.50000745065595,-6.024100192582371,1.0,4.0,0.06249990684770545,6.4102607210225315,0.8368192490450621,3.741390583775628
ABEV,2025-07-14,oos,True,True,D-1,2.3599998951,2.33999991417,2.3599998951,2.44000005722,3.389837528641504,1,-3.238863270581427,0.8368192490450621,-0.4149373487078667,-2.50000745065595,0.4273500353331183,-4.858304558301163,2.0,4.0,0.24999950329218132,3.829793882658472,0.8368192490450621,2.920160447091613
ABEV,2025-07-15,oos,True,True,D-1,2.34999990463,2.34999990463,2.44000005722,2.41000008583,3.829793882658472,1,0.8368192490450621,-0.4149373487078667,-2.50000745065595,0.4273500353331183,-0.4255315262055248,-2.092058097716787,2.0,4.0,0.1999995232006799,3.418810472408773,0.8368192490450621,0.8368192490450621
ABEV,2025-07-16,oos,True,True,D-1,2.3900001049,2.42000007629,2.41000008583,2.3900001049,0.8368192490450621,0,-0.4149373487078667,-2.50000745065595,0.4273500353331183,-0.4255315262055248,0.4273500353331183,-2.489633986022699,2.0,4.0,0.2999992847510244,2.9787308298219406,0.4273500353331183,0.4273500353331183
ABEV,2025-07-17,oos,True,True,D-1,2.3900001049,2.38000011444,2.3900001049,2.36999988556,0.0,0,-2.50000745065595,0.4273500353331183,-0.4255315262055248,0.4273500353331183,2.9787308298219406,0.8333325052187979,3.0,0.0,0.8333336644441038,0.826445466921677,2.9787308298219406,0.4273500353331183
ABEV,2025-07-18,oos,True,True,D-1,2.3900001049,2.34999990463,2.36999988556,2.3900001049,0.0,0,0.4273500353331183,-0.4255315262055248,0.4273500353331183,2.9787308298219406,-1.65289093343014,1.7094103306490194,3.0,1.0,0.5000009934156411,2.5210058779395306,2.9787308298219406,0.4273500353331183
ABEV,2025-07-21,oos,True,True,D-1,2.36999988556,2.36999988556,2.3900001049,2.44000005722,2.953593883548211,0,-0.4255315262055248,0.4273500353331183,2.9787308298219406,-1.65289093343014,-1.2605129566163331,0.0,2.0,2.0,0.24999950329218132,3.829793882658472,2.9787308298219406,5.871299815493803
ABEV,2025-07-22,oos,True,True,D-1,2.36999988556,2.38000011444,2.44000005722,2.42000007629,2.953593883548211,0,0.4273500353331183,2.9787308298219406,-1.65289093343014,-1.2605129566163331,0.8510630528365315,1.2820501064266576,3.0,3.0,0.41666583884807745,2.953593883548211,2.9787308298219406,3.39890849365172
ABEV,2025-07-23,oos,True,True,D-1,2.3900001049,2.43000006676,2.42000007629,2.42000007629,1.2552288733583605,0,2.9787308298219406,-1.65289093343014,-1.2605129566163331,0.8510630528365315,0.42195060602869816,1.2766047245743817,3.0,4.0,0.454546636758897,2.5210058779395306,2.9787308298219406,2.9787308298219406
ABEV,2025-07-24,oos,True,True,D-1,2.3900001049,2.42000007629,2.42000007629,2.3599998951,1.2552288733583605,0,-1.65289093343014,-1.2605129566163331,0.8510630528365315,0.42195060602869816,2.10083823175633,0.4132227336674399,3.0,0.0,0.9090911061567865,0.41152222984639497,2.10083823175633,0.8510630528365315
ABEV,2025-07-25,oos,True,True,D-1,2.42000007629,2.3900001049,2.3599998951,2.33999991417,-2.4793462520044107,0,-1.2605129566163331,0.8510630528365315,0.42195060602869816,2.10083823175633,-0.41152223025793244,1.6806705851529546,3.0,1.0,0.818182212222664,0.826445466921677,2.10083823175633,0.8510630528365315
ABEV,2025-07-28,oos,True,True,D-1,2.34999990463,2.29999995232,2.33999991417,2.3599998951,0.4255315266310289,0,0.8510630528365315,0.42195060602869816,2.10083823175633,-0.41152223025793244,-1.239668200175914,1.7021362507798843,3.0,2.0,0.5454555306021105,2.0920481224034004,2.10083823175633,3.7469271519650182
ABEV,2025-07-29,oos,True,True,D-1,2.29999995232,2.33999991417,2.3599998951,2.22000002861,2.6086932184271827,0,0.42195060602869816,2.10083823175633,-0.41152223025793244,-1.239668200175914,-3.765696595388468,-2.953583823632122,2.0,3.0,0.06666656074673334,6.0869612087940395,2.10083823175633,7.0595208841125805
ABEV,2025-07-30,oos,True,True,D-1,2.32999992371,2.29999995232,2.22000002861,2.24000000954,-3.862657386988033,0,2.10083823175633,-0.41152223025793244,-1.239668200175914,-3.765696595388468,1.7391288121398452,-1.6806806027995447,2.0,4.0,0.3333328035336698,4.273510543502312,2.10083823175633,4.1928963294731165
ABEV,2025-07-31,oos,True,True,D-1,2.16000008583,2.18000006676,2.24000000954,2.24000000954,3.7037000245886187,1,-0.41152223025793244,-1.239668200175914,-3.765696595388468,1.7391288121398452,-1.7094001417597537,-5.349798801171779,1.0,4.0,0.07692293589953153,5.217396802506746,1.7391288121398452,0.0
ABEV,2025-08-01,oos,True,True,D-1,2.22000002861,2.18000006676,2.24000000954,2.24000000954,0.9009000302816483,0,-1.239668200175914,-3.765696595388468,1.7391288121398452,-1.7094001417597537,-5.217386436854343,-9.917355453059907,1.0,4.0,0.11111101299999336,11.009174411939227,1.7391288121398452,8.576729379606196
ABEV,2025-08-04,oos,True,True,D-1,2.23000001907,2.21000003815,2.24000000954,2.26999998093,1.793720247441155,0,-3.765696595388468,1.7391288121398452,-1.7094001417597537,-5.217386436854343,0.0,-8.786612088821922,1.0,4.0,0.14285714285714315,8.25687260677579,1.7391288121398452,6.956515248994188
ABEV,2025-08-05,oos,True,True,D-1,2.20000004768,2.21000003815,2.26999998093,2.29999995232,4.545450112396776,1,1.7391288121398452,-1.7094001417597537,-5.217386436854343,0.0,1.3761454344626278,-3.913039827640752,2.0,3.0,0.2857142857142863,6.787323726725614,1.7391288121398452,1.7391288121398452
ABEV,2025-08-06,oos,True,True,D-1,2.22000002861,2.25999999046,2.29999995232,2.27999997139,3.6036001206761314,1,-1.7094001417597537,-5.217386436854343,0.0,1.3761454344626278,0.0,-5.555550461039694,1.0,4.0,0.2857142857142863,6.787323726725614,1.3761454344626278,0.0
ABEV,2025-08-07,oos,True,True,D-1,2.26999998093,2.27999997139,2.27999997139,2.25,0.4405282177977421,0,-5.217386436854343,0.0,1.3761454344626278,0.0,2.2624412419402162,-1.7391288125746307,2.0,0.0,0.9166666666111086,0.4424774562926004,2.2624412419402162,1.3761454344626278
ABEV,2025-08-08,oos,True,True,D-1,2.26999998093,2.25999999046,2.25,2.26999998093,0.0,0,0.0,1.3761454344626278,0.0,2.2624412419402162,0.8849549121426881,4.5871514480558595,3.0,0.0,0.8571428571224503,0.8771921570598362,2.2624412419402162,1.3761454344626278
ABEV,2025-08-11,oos,True,True,D-1,2.24000000954,2.24000000954,2.26999998093,2.22000002861,1.3392844313496521,0,1.3761454344626278,0.0,2.2624412419402162,0.8849549121426881,-0.8771921570598584,3.6697211582612077,3.0,1.0,0.6363636363140499,1.7699098242853761,2.2624412419402162,2.2624412419402162
ABEV,2025-08-12,oos,True,True,D-1,2.24000000954,2.24000000954,2.22000002861,2.20000004768,-0.8928562877152602,0,0.0,2.2624412419402162,0.8849549121426881,-0.8771921570598584,-0.8849549117001976,1.3574647453451272,2.0,2.0,0.4545454545619861,2.6785688626993043,2.2624412419402162,4.016825555621328
ABEV,2025-08-13,oos,True,True,D-1,2.20000004768,2.21000003815,2.20000004768,2.22000002861,0.909090022570247,0,2.2624412419402162,0.8849549121426881,-0.8771921570598584,-0.8849549117001976,0.0,1.3574647453451272,2.0,3.0,0.25000000003125283,2.6785688626993043,2.2624412419402162,3.147396153640414
ABEV,2025-08-14,oos,True,True,D-1,2.19000005722,2.18000006676,2.22000002861,2.22000002861,1.3698616715144052,0,0.8849549121426881,-0.8771921570598584,-0.8849549117001976,0.0,-1.3392844313496632,-2.2123872796929955,1.0,4.0,0.25000000000000094,4.072394236035359,0.8849549121426881,2.2242393434923513
ABEV,2025-08-15,oos,True,True,D-1,2.19000005722,2.19000005722,2.22000002861,2.18000006676,1.3698616715144052,0,-0.8771921570598584,-0.8849549117001976,0.0,-1.3392844313496632,-1.3574647453451272,-4.385960784422083,0.0,4.0,0.09090909096694111,4.5871514480558595,0.0,2.6785688626993154
ABEV,2025-08-18,oos,True,True,D-1,2.19000005722,2.19000005722,2.18000006676,2.20000004768,0.4566205570192716,0,-0.8849549117001976,0.0,-1.3392844313496632,-1.3574647453451272,0.458715144667976,-3.0973421918356836,1.0,3.0,0.20000000001999735,3.652964457523944,0.458715144667976,0.9049764970475827
ABEV,2025-08-19,oos,True,True,D-1,2.16000008583,2.17000007629,2.20000004768,2.19000005722,1.8518500120628278,0,0.0,-1.3392844313496632,-1.3574647453451272,0.458715144667976,0.0,-2.2321407190649123,1.0,4.0,0.20000000001999735,3.652964457523944,0.458715144667976,0.0
ABEV,2025-08-20,oos,True,True,D-1,2.17000007629,2.19000005722,2.19000005722,2.24000000954,3.2258032621675037,1,-1.3392844313496632,-1.3574647453451272,0.458715144667976,0.0,-0.9132411144951225,-3.1249970067801502,1.0,4.0,0.2857142856326557,2.30414518719666,0.458715144667976,1.3719562591630985
ABEV,2025-08-21,oos,True,True,D-1,2.19000005722,2.19000005722,2.24000000954,2.23000001907,2.2831027860095388,0,-1.3574647453451272,0.458715144667976,0.0,-0.9132411144951225,0.9216580749708214,-0.9049764970475827,2.0,3.0,0.5714285714081624,1.3698616715144052,0.9216580749708214,0.458715144667976
ABEV,2025-08-22,oos,True,True,D-1,2.18000006676,2.23000001907,2.23000001907,2.22000002861,2.2935757237985577,0,0.458715144667976,0.0,-0.9132411144951225,0.9216580749708214,0.0,0.458715144667976,2.0,4.0,0.5714285714081624,1.3698616715144052,0.9216580749708214,0.458715144667976
ABEV,2025-08-25,oos,True,True,D-1,2.22000002861,2.20000004768,2.22000002861,2.22000002861,0.0,0,0.0,-0.9132411144951225,0.9216580749708214,0.0,1.8264822285336546,1.8264822285336546,2.0,0.0,0.8888888888148114,0.44843006208452607,1.8264822285336546,0.9216580749708214
ABEV,2025-08-26,oos,True,True,D-1,2.21000003815,2.20000004768,2.22000002861,2.25,1.8099529936426606,0,-0.9132411144951225,0.9216580749708214,0.0,1.8264822285336546,-1.345290185356629,0.4566205570192716,2.0,1.0,0.555555555481483,1.8181800451405383,1.8264822285336546,0.9216580749708214
ABEV,2025-08-27,oos,True,True,D-1,2.20000004768,2.21000003815,2.25,2.26999998093,3.1818150787686683,1,0.9216580749708214,0.0,1.8264822285336546,-1.345290185356629,0.0,1.3824871122258386,2.0,2.0,0.49999999993749994,1.8181800451405383,1.8264822285336546,3.1717724138902836
ABEV,2025-08-28,oos,True,True,D-1,2.22000002861,2.23000001907,2.26999998093,2.22000002861,2.25225007547889,0,0.0,1.8264822285336546,-1.345290185356629,0.0,0.45454501151240834,0.9132411144951336,2.0,3.0,0.6250000000156236,1.3574647453451272,1.8264822285336546,1.8264822285336546
ABEV,2025-08-29,oos,True,True,D-1,2.23000001907,2.24000000954,2.22000002861,2.17000007629,-0.4484300616360626,0,1.8264822285336546,-1.345290185356629,0.0,0.45454501151240834,0.904976496595089,1.8264822285336546,3.0,0.0,0.7142857142244871,0.8968601237205887,1.8264822285336546,1.8264822285336546
ABEV,2025-09-02,oos,True,True,D-1,2.20000004768,2.19000005722,2.17000007629,2.20000004768,0.0,0,-1.345290185356629,0.0,0.45454501151240834,0.904976496595089,0.44843006208452607,0.44843006208452607,3.0,0.0,0.6666666666666666,1.3392844313496521,0.904976496595089,0.45454501151240834
ABEV,2025-09-03,oos,True,True,D-1,2.16000008583,2.15000009537,2.20000004768,2.25999999046,4.629625030388551,1,0.0,0.45454501151240834,0.904976496595089,0.44843006208452607,-2.2321407190649123,-0.45454501105787193,3.0,1.0,0.11111111107407239,3.652964457523944,0.904976496595089,2.698696743587803
ABEV,2025-09-04,oos,True,True,D-1,2.16000008583,2.19000005722,2.25999999046,2.23000001907,4.629625030388551,1,0.45454501151240834,0.904976496595089,0.44843006208452607,-2.2321407190649123,-1.8264822285336435,-2.2727250557438627,3.0,2.0,0.2500011175775236,5.581389778466472,0.904976496595089,4.922829790644068
ABEV,2025-09-05,oos,True,True,D-1,2.25,2.23000001907,2.23000001907,2.24000000954,-0.44444402044443443,0,0.904976496595089,0.44843006208452607,-2.2321407190649123,-1.8264822285336435,1.8604632593337778,-0.9049764970475827,3.0,3.0,0.5000007450308481,3.652964457523944,1.8604632593337778,0.904976496595089
ABEV,2025-09-08,oos,True,True,D-1,2.22000002861,2.20000004768,2.24000000954,2.26999998093,2.25225007547889,0,0.44843006208452607,-2.2321407190649123,-1.8264822285336435,1.8604632593337778,1.8264822285336546,0.0,3.0,4.0,0.7500003724841727,1.793720247441155,1.8604632593337778,0.44843006208452607
ABEV,2025-09-09,oos,True,True,D-1,2.20000004768,2.22000002861,2.26999998093,2.29999995232,4.545450112396776,1,-2.2321407190649123,-1.8264822285336435,1.8604632593337778,1.8264822285336546,-1.345290185356629,-1.785712575430487,2.0,1.0,0.600000635759597,2.7272700672562378,1.8604632593337778,1.8604632593337778
ABEV,2025-09-10,oos,True,True,D-1,2.25,2.25999999046,2.29999995232,2.30999994278,2.666664123555562,0,-1.8264822285336435,1.8604632593337778,1.8264822285336546,-1.345290185356629,0.909090022570247,1.3698616715144052,3.0,2.0,0.7333337571952858,1.8018000601128348,1.8604632593337778,2.3088933209698403
ABEV,2025-09-11,oos,True,True,D-1,2.25999999046,2.28999996185,2.30999994278,2.34999990463,3.982297103978394,1,1.8604632593337778,1.8264822285336546,-1.345290185356629,0.909090022570247,1.8018000601128348,5.116273963284157,4.0,0.0,0.9090909090330549,0.4424774562926004,1.8604632593337778,1.8604632593337778
ABEV,2025-09-12,oos,True,True,D-1,2.26999998093,2.29999995232,2.34999990463,2.38000011444,4.845820900180531,1,1.8264822285336546,-1.345290185356629,0.909090022570247,1.8018000601128348,1.327432367992798,4.566205571562443,4.0,0.0,0.9230769230295865,0.4366808138250411,1.8264822285336546,1.8264822285336546
ABEV,2025-09-15,oos,True,True,D-1,2.31999993324,2.32999992371,2.38000011444,2.40000009537,3.4482829496583323,1,-1.345290185356629,0.909090022570247,1.8018000601128348,1.327432367992798,0.4366808138250411,3.139010432797784,4.0,0.0,0.9285714285969365,0.434782202926276,1.8018000601128348,1.8018000601128348
ABEV,2025-09-16,oos,True,True,D-1,2.34999990463,2.3599998951,2.40000009537,2.34999990463,2.127667777410913,0,0.909090022570247,1.8018000601128348,1.327432367992798,0.4366808138250411,1.3043466092135914,5.909085146024906,5.0,0.0,0.8666666667111098,0.8583683079334437,1.8018000601128348,1.8018000601128348
ABEV,2025-09-17,oos,True,True,D-1,2.3599998951,2.3599998951,2.34999990463,2.31999993324,-0.42372842858012794,0,1.8018000601128348,1.327432367992798,0.4366808138250411,1.3043466092135914,1.2875524623293444,6.306300211070615,5.0,0.0,0.8571413974704817,0.847466958855625,1.8018000601128348,1.8018000601128348
ABEV,2025-09-18,oos,True,True,D-1,2.34999990463,2.29999995232,2.31999993324,2.28999996185,-1.2765945790420563,0,1.327432367992798,0.4366808138250411,1.3043466092135914,1.2875524623293444,0.0,4.42477456027095,4.0,0.0,0.7333321677474092,1.694923815592153,1.327432367992798,1.327432367992798
ABEV,2025-09-19,oos,True,True,D-1,2.30999994278,2.29999995232,2.28999996185,2.33999991417,1.298700092342675,0,0.4366808138250411,1.3043466092135914,1.2875524623293444,0.0,-2.54237056978589,0.4366808138250411,3.0,1.0,0.23076880754474935,4.347832396654194,1.3043466092135914,3.8467171789994814
ABEV,2025-09-22,oos,True,True,D-1,2.27999997139,2.26999998093,2.33999991417,2.31999993324,2.6315764707409484,0,1.3043466092135914,1.2875524623293444,0.0,-2.54237056978589,0.0,0.0,2.0,2.0,0.23076880754474935,4.347832396654194,1.3043466092135914,3.8467171789994814
ABEV,2025-09-23,oos,True,True,D-1,2.27999997139,2.31999993324,2.31999993324,2.32999992371,2.1929803924303215,0,1.2875524623293444,0.0,-2.54237056978589,0.0,-1.3043466092135692,-2.5751049246586777,1.0,3.0,0.0,5.726877336216529,1.2875524623293444,2.5918990715429135
ABEV,2025-09-24,oos,True,True,D-1,2.29999995232,2.28999996185,2.32999992371,2.30999994278,1.3043466092135914,0,0.0,-2.54237056978589,0.0,-1.3043466092135692,2.2026410894292248,-1.6949137134730674,1.0,4.0,0.38461467918997033,3.4482829496583323,2.2026410894292248,0.0
ABEV,2025-09-25,oos,True,True,D-1,2.27999997139,2.29999995232,2.30999994278,2.32999992371,2.1929803924303215,0,-2.54237056978589,0.0,-1.3043466092135692,2.2026410894292248,-1.293102252296341,-2.966098998366018,1.0,4.0,0.24999999993749716,2.6200848812035993,2.2026410894292248,0.0
ABEV,2025-09-26,oos,True,True,D-1,2.29999995232,2.29999995232,2.32999992371,2.28999996185,1.3043466092135914,0,0.0,-1.3043466092135692,2.2026410894292248,-1.293102252296341,0.4366808138250411,0.0,2.0,2.0,0.42857142859183406,1.7391288121398452,2.2026410894292248,3.0647092573394374
ABEV,2025-09-29,oos,True,True,D-1,2.31999993324,2.28999996185,2.28999996185,2.24000000954,-1.293102252296341,0,-1.3043466092135692,2.2026410894292248,-1.293102252296341,0.4366808138250411,0.0,0.0,2.0,3.0,0.42857142859183406,1.7391288121398452,2.2026410894292248,2.2026410894292248
ABEV,2025-09-30,oos,True,True,D-1,2.27999997139,2.23000001907,2.24000000954,2.24000000954,-1.7543843136811121,0,2.2026410894292248,-1.293102252296341,0.4366808138250411,0.0,-0.43478220336105045,0.881056435595462,2.0,4.0,0.28571428563265117,2.183404067815209,2.2026410894292248,2.637423292790275
ABEV,2025-10-01,oos,True,True,D-1,2.24000000954,2.21000003815,2.24000000954,2.20000004768,0.0,0,-1.293102252296341,0.4366808138250411,0.0,-0.43478220336105045,-2.6200848812036104,-3.879306756889034,1.0,3.0,0.09090909087603193,4.484300618154435,0.4366808138250411,3.480156235613263
ABEV,2025-10-02,oos,True,True,D-1,2.22000002861,2.19000005722,2.20000004768,2.21000003815,-0.4504500149155932,0,0.4366808138250411,0.0,-0.43478220336105045,-2.6200848812036104,-0.8968601232721363,-3.4934465079803467,1.0,4.0,0.1428571428775524,5.4298589813804865,0.4366808138250411,3.930127321805388
ABEV,2025-10-03,oos,True,True,D-1,2.18000006676,2.17000007629,2.21000003815,2.18000006676,1.3761454344626278,0,0.0,-0.43478220336105045,-2.6200848812036104,-0.8968601232721363,-0.9049764970475827,-4.782604233928078,0.0,3.0,0.12500000001562364,6.39268780055271,0.0,1.7937202469927138
ABEV,2025-10-06,oos,True,True,D-1,2.20000004768,2.18000006676,2.18000006676,2.19000005722,-0.45454501105787193,0,-0.43478220336105045,-2.6200848812036104,-0.8968601232721363,-0.9049764970475827,-0.9132411144951225,-5.652168640215383,0.0,4.0,0.0,7.373264598844997,-0.43478220336105045,1.8099529940951542
ABEV,2025-10-07,oos,True,True,D-1,2.18000006676,2.16000008583,2.19000005722,2.19000005722,0.458715144667976,0,-2.6200848812036104,-0.8968601232721363,-0.9049764970475827,-0.9132411144951225,0.4608290377158264,-4.803488948582146,1.0,4.0,0.1538461538757381,5.0458665927238355,0.4608290377158264,0.4566205570192494
ABEV,2025-10-08,oos,True,True,D-1,2.16000008583,2.17000007629,2.19000005722,2.16000008583,1.3888875091628394,0,-0.8968601232721363,-0.9049764970475827,-0.9132411144951225,0.4608290377158264,-0.9174302897946518,-3.139010432349343,1.0,4.0,0.2000000000200018,3.7037000245886187,0.4608290377158264,0.460829037254995
ABEV,2025-10-09,oos,True,True,D-1,2.18000006676,2.15000009537,2.16000008583,2.16000008583,-0.9174302897946518,0,-0.9049764970475827,-0.9132411144951225,0.4608290377158264,-0.9174302897946518,0.4629625028999662,-1.8099529940951542,2.0,4.0,0.29999999998000043,3.2258032621675037,0.4629625028999662,0.9195441828425133
ABEV,2025-10-10,oos,True,True,D-1,2.15000009537,2.1099998951,2.16000008583,2.17000007629,0.9302316294343305,0,-0.9132411144951225,0.4608290377158264,-0.9174302897946518,0.4629625028999662,-0.9216580745100122,-1.8264822285336435,2.0,3.0,0.2500000000312473,2.790694889233225,0.4629625028999662,0.9237915406158037
ABEV,2025-10-13,oos,True,True,D-1,2.13000011444,2.1400001049,2.17000007629,2.19000005722,2.8168985707202276,0,0.4608290377158264,-0.9174302897946518,0.4629625028999662,-0.9216580745100122,-1.860474348635599,-2.764985211087223,2.0,4.0,0.0,4.739343508131344,0.4629625028999662,3.2279477139871893
ABEV,2025-10-14,oos,True,True,D-1,2.1099998951,2.16000008583,2.19000005722,2.23000001907,5.687209949567906,1,-0.9174302897946518,0.4629625028999662,-0.9216580745100122,-1.860474348635599,1.4218109616815022,-1.8348605795893147,2.0,3.0,0.3750018625587249,2.3364462555639065,1.4218109616815022,0.9280783180822372
ABEV,2025-10-15,oos,True,True,D-1,2.16000008583,2.17000007629,2.23000001907,2.26999998093,5.09258753375148,1,0.4629625028999662,-0.9216580745100122,-1.860474348635599,1.4218109616815022,0.9345785023190389,0.0,3.0,4.0,0.6666675497022089,1.3888875091628394,1.4218109616815022,0.4629625028999662
ABEV,2025-10-16,oos,True,True,D-1,2.18000006676,2.23000001907,2.26999998093,2.28999996185,5.0458665927238355,1,-0.9216580745100122,-1.860474348635599,1.4218109616815022,0.9345785023190389,0.4629625028999662,0.0,3.0,4.0,0.7777783664311023,0.9216580749708214,1.4218109616815022,1.4218109616815022
ABEV,2025-10-17,oos,True,True,D-1,2.22000002861,2.25,2.28999996185,2.25,3.1531501053100763,1,-1.860474348635599,1.4218109616815022,0.9345785023190389,0.4629625028999662,2.764974224451655,3.7209265186675555,4.0,0.0,1.0,0.0,2.764974224451655,1.4218109616815022
ABEV,2025-10-20,oos,True,True,D-1,2.26999998093,2.26999998093,2.25,2.23000001907,-0.8810564360360207,0,1.4218109616815022,0.9345785023190389,0.4629625028999662,2.764974224451655,0.8968601237205887,6.635076391478445,5.0,0.0,0.882353106155634,0.8888880413333355,2.764974224451655,1.4218109616815022
ABEV,2025-10-21,oos,True,True,D-1,2.25,2.22000002861,2.23000001907,2.22000002861,-0.8888880413333466,0,0.9345785023190389,0.4629625028999662,2.764974224451655,0.8968601237205887,0.8888880413333355,6.074760264372747,5.0,0.0,0.8947369742271081,0.881056435595462,2.764974224451655,2.764974224451655
ABEV,2025-10-22,oos,True,True,D-1,2.20000004768,2.20000004768,2.22000002861,2.24000000954,1.8181800451405383,0,0.4629625028999662,2.764974224451655,0.8968601237205887,0.8888880413333355,-2.2026410898697835,2.7777750183257233,4.0,1.0,0.5,3.1531501053100763,2.764974224451655,4.098306286229436
ABEV,2025-10-23,oos,True,True,D-1,2.22000002861,2.21000003815,2.24000000954,2.25,1.3513500451972416,0,2.764974224451655,0.8968601237205887,0.8888880413333355,-2.2026410898697835,-0.9009000302816372,1.3824871122258386,3.0,2.0,0.30769230767455646,4.090905100884368,2.764974224451655,5.848671750357437
ABEV,2025-10-24,oos,True,True,D-1,2.23000001907,2.19000005722,2.25,2.22000002861,0.8968601237205887,0,0.8968601237205887,0.8888880413333355,-2.2026410898697835,-0.9009000302816372,0.45454501151240834,-0.8968601232721363,3.0,3.0,0.27272727274380243,3.619905987285321,0.8968601237205887,1.3473101386361819
ABEV,2025-10-27,oos,True,True,D-1,2.24000000954,2.22000002861,2.22000002861,2.23000001907,-0.44642814408085707,0,0.8888880413333355,-2.2026410898697835,-0.9009000302816372,0.45454501151240834,-0.9049764970475827,-2.666664123555562,2.0,4.0,0.0909090908842964,4.566205571562443,0.8888880413333355,1.3434330523912075
ABEV,2025-10-28,oos,True,True,D-1,2.21000003815,2.21000003815,2.23000001907,2.32999992371,5.4298589813804865,1,-2.2026410898697835,-0.9009000302816372,0.45454501151240834,-0.9049764970475827,1.3698616715144052,-2.2026410898697835,2.0,4.0,0.5714285714081624,1.3513500451972416,1.3698616715144052,0.45454501151240834
ABEV,2025-10-29,oos,True,True,D-1,2.21000003815,2.18000006676,2.32999992371,2.3599998951,6.787323726725614,1,-0.9009000302816372,0.45454501151240834,-0.9049764970475827,1.3698616715144052,-0.4504500149155932,-0.4504500149155932,2.0,1.0,0.42857142859183767,1.8099529936426606,1.3698616715144052,0.45454501151240834
ABEV,2025-10-30,oos,True,True,D-1,2.26999998093,2.29999995232,2.3599998951,2.36999988556,4.405282179298986,1,0.45454501151240834,-0.9049764970475827,1.3698616715144052,-0.4504500149155932,-1.3574647453451272,-0.9090900221157328,2.0,2.0,0.0,3.2110060135932317,1.3698616715144052,3.17166173162724
ABEV,2025-10-31,oos,True,True,D-1,2.30999994278,2.30999994278,2.36999988556,2.40000009537,3.896110598240443,1,-0.9049764970475827,1.3698616715144052,-0.4504500149155932,-1.3574647453451272,5.504581737850511,4.072394236035359,2.0,0.0,0.7999999999999994,1.3043466092135914,5.504581737850511,1.3698616715144052
ABEV,2025-11-03,oos,True,True,D-1,2.3599998951,2.34999990463,2.40000009537,2.43000006676,2.9661091004850926,0,1.3698616715144052,-0.4504500149155932,-1.3574647453451272,5.504581737850511,0.434782202926276,5.479446686057576,3.0,0.0,0.7222222222037047,2.1645001540487874,5.504581737850511,1.3698616715144052
ABEV,2025-11-04,oos,True,True,D-1,2.34999990463,2.3900001049,2.43000006676,2.43000006676,3.4042623564529695,1,-0.4504500149155932,-1.3574647453451272,5.504581737850511,0.434782202926276,1.7316001229792821,5.855850195704582,3.0,0.0,0.8947368420858738,0.8510630528365315,5.504581737850511,5.504581737850511
ABEV,2025-11-05,oos,True,True,D-1,2.40000009537,2.42000007629,2.43000006676,2.44000005722,1.6666650108542402,0,-1.3574647453451272,5.504581737850511,0.434782202926276,1.7316001229792821,1.7021362507798843,8.144799259853341,4.0,0.0,0.9545455037747875,0.4184096247317193,5.504581737850511,5.504581737850511
ABEV,2025-11-06,oos,True,True,D-1,2.42000007629,2.40000009537,2.44000005722,2.46000003815,1.6528909338433762,0,5.504581737850511,0.434782202926276,1.7316001229792821,1.7021362507798843,1.2552288733583605,11.009174411939227,5.0,0.0,0.9473684870609225,0.4132227336674399,5.504581737850511,5.504581737850511
ABEV,2025-11-07,oos,True,True,D-1,2.41000008583,2.43000006676,2.46000003815,2.53999996185,5.3941855348618395,1,0.434782202926276,1.7316001229792821,1.7021362507798843,1.2552288733583605,-0.8264454665084742,4.347832396654194,4.0,1.0,0.7857146506476849,1.2499987582448524,1.7316001229792821,1.7316001229792821
ABEV,2025-11-10,oos,True,True,D-1,2.44000005722,2.44000005722,2.53999996185,2.53999996185,4.09835665102134,1,1.7316001229792821,1.7021362507798843,1.2552288733583605,-0.8264454665084742,1.2499987582448524,5.19481069058314,4.0,0.0,0.9000002384496599,0.41152222984639497,1.7316001229792821,1.7316001229792821
ABEV,2025-11-11,oos,True,True,D-1,2.50999999046,2.52999997139,2.53999996185,2.55999994278,1.9920299804796704,0,1.7021362507798843,1.2552288733583605,-0.8264454665084742,1.2499987582448524,0.41152222984639497,3.829793882658472,4.0,0.0,0.8181822122391889,0.8196713303681991,1.7021362507798843,1.7021362507798843
ABEV,2025-11-12,oos,True,True,D-1,2.52999997139,2.52999997139,2.55999994278,2.58999991417,2.3715392671342705,0,1.2552288733583605,-0.8264454665084742,1.2499987582448524,0.41152222984639497,3.688520986042154,5.857734742478504,4.0,0.0,0.9285714285918376,0.39525654439063196,3.688520986042154,1.2552288733583605
ABEV,2025-11-13,oos,True,True,D-1,2.52999997139,2.51999998093,2.58999991417,2.56999993324,2.3715392671342705,0,-0.8264454665084742,1.2499987582448524,0.41152222984639497,3.688520986042154,0.0,4.545450067449441,3.0,1.0,0.9285714285918376,0.39525654439063196,3.688520986042154,1.2499987582448524
ABEV,2025-11-14,oos,True,True,D-1,2.53999996185,2.54999995232,2.56999993324,2.54999995232,1.181101253566541,0,1.2499987582448524,0.41152222984639497,3.688520986042154,0.0,-0.39525654439062086,4.999995032979387,3.0,0.0,0.7333333333555557,1.5873000854245367,3.688520986042154,4.083777530432775
ABEV,2025-11-17,oos,True,True,D-1,2.53999996185,2.53999996185,2.54999995232,2.54999995232,0.3937004181179704,0,0.41152222984639497,3.688520986042154,0.0,-0.39525654439062086,1.1904750641675843,4.938266759803001,3.0,0.0,0.7500000000156251,1.568625984232197,3.688520986042154,3.688520986042154
ABEV,2025-11-18,oos,True,True,D-1,2.53999996185,2.52999997139,2.54999995232,2.49000000954,0.3937004181179704,0,3.688520986042154,0.0,-0.39525654439062086,1.1904750641675843,-0.39215649635215843,4.09835665102134,2.0,1.0,0.44444444440740793,1.9685020894087968,3.688520986042154,3.688520986042154
ABEV,2025-11-19,oos,True,True,D-1,2.52999997139,2.47000002861,2.49000000954,2.5,-1.1857696335671464,0,0.0,-0.39525654439062086,1.1904750641675843,-0.39215649635215843,-0.3937004177242742,0.0,1.0,2.0,0.14285714281632558,2.3715392671342705,1.1904750641675843,1.9747880564797482
ABEV,2025-11-20,oos,True,True,D-1,2.48000001907,2.43000006676,2.5,2.53999996185,2.419352512847972,0,-0.39525654439062086,1.1904750641675843,-0.39215649635215843,-0.3937004177242742,-2.3715392671342927,-2.3715392671342927,1.0,3.0,0.07692307689940747,4.858294905669713,1.1904750641675843,3.9463779890249517
ABEV,2025-11-21,oos,True,True,D-1,2.44000005722,2.48000001907,2.53999996185,2.52999997139,4.09835665102134,1,1.1904750641675843,-0.39215649635215843,-0.3937004177242742,-2.3715392671342927,-1.6194316350882865,-3.5714251925028195,1.0,4.0,0.05882352944982641,6.584355679600162,1.1904750641675843,5.143040509259644
ABEV,2025-11-24,oos,True,True,D-1,2.5,2.51999998093,2.52999997139,2.51999998093,1.199998855600004,0,-0.39215649635215843,-0.3937004177242742,-2.3715392671342927,-1.6194316350882865,2.0576111496435567,-2.7450954728965304,1.0,4.0,0.39999999999999825,3.629028769271958,2.0576111496435567,0.0
ABEV,2025-11-25,oos,True,True,D-1,2.51999998093,2.50999999046,2.51999998093,2.55999994278,1.5873000854245367,0,-0.3937004177242742,-2.3715392671342927,-1.6194316350882865,2.0576111496435567,1.6129016755008108,-0.7874008354485484,2.0,4.0,0.7692307692426059,1.1904750641675843,2.0576111496435567,0.0
ABEV,2025-11-26,oos,True,True,D-1,2.49000000954,2.50999999046,2.55999994278,2.56999993324,3.212848329055995,1,-2.3715392671342927,-1.6194316350882865,2.0576111496435567,1.6129016755008108,-0.3968250216537683,-0.7905130891765255,2.0,4.0,0.692307692272189,1.5936239845431022,2.0576111496435567,2.0576111496435567
ABEV,2025-11-28,oos,True,True,D-1,2.52999997139,2.53999996185,2.56999993324,2.63000011444,3.952574868807579,1,-1.6194316350882865,2.0576111496435567,1.6129016755008108,-0.3968250216537683,0.0,1.6194316350882865,2.0,2.0,0.7499999999999991,1.1952179882081193,2.0576111496435567,2.454436171297325
ABEV,2025-12-01,oos,True,True,D-1,2.54999995232,2.56999993324,2.63000011444,2.61999988556,3.1372613182684805,1,2.0576111496435567,1.6129016755008108,-0.3968250216537683,0.0,1.1952179882081193,4.52674452954509,3.0,0.0,0.846153846124259,0.7874008358422779,2.0576111496435567,2.0576111496435567
ABEV,2025-12-02,oos,True,True,D-1,2.61999988556,2.57999992371,2.61999988556,2.6099998951,0.0,0,1.6129016755008108,-0.3968250216537683,0.0,1.1952179882081193,1.181101253566541,3.629028769271958,3.0,0.0,1.0,0.0,1.6129016755008108,1.6129016755008108
ABEV,2025-12-03,oos,True,True,D-1,2.57999992371,2.61999988556,2.6099998951,2.59999990463,1.1627896231431123,0,-0.3968250216537683,0.0,1.1952179882081193,1.181101253566541,0.38910469765627287,2.380950128335191,3.0,0.0,0.6666656070673406,1.9379919460656536,1.1952179882081193,1.1952179882081193
ABEV,2025-12-04,oos,True,True,D-1,2.6099998951,2.57999992371,2.59999990463,2.5,-0.3831414127170585,0,0.0,1.1952179882081193,1.181101253566541,0.38910469765627287,1.5503861640616012,4.382465956895909,4.0,1.0,0.9333318498542762,0.381688141862746,1.5503861640616012,1.1952179882081193
ABEV,2025-12-05,oos,True,True,D-1,2.58999991417,2.46000003815,2.5,2.49000000954,-3.4749002761585657,0,1.1952179882081193,1.181101253566541,0.38910469765627287,1.5503861640616012,-1.526716167831066,2.7888419727512215,4.0,2.0,0.4999988079517043,1.9379919460656536,1.5503861640616012,1.1952179882081193
ABEV,2025-12-08,oos,True,True,D-1,2.49000000954,2.47000002861,2.49000000954,2.46000003815,0.0,0,1.181101253566541,0.38910469765627287,1.5503861640616012,-1.526716167831066,-4.6511584925724385,-3.1496033425816417,3.0,3.0,0.055555482006199516,6.9105720997405085,1.5503861640616012,7.657250835767549
ABEV,2025-12-09,oos,True,True,D-1,2.45000004768,2.47000002861,2.46000003815,2.52999997139,3.2653029450246285,1,0.38910469765627287,1.5503861640616012,-1.526716167831066,-4.6511584925724385,0.4065036709316461,-3.8910469738390296,3.0,4.0,0.11111096395684349,6.477736193389472,1.5503861640616012,5.813948115715539
ABEV,2025-12-10,oos,True,True,D-1,2.41000008583,2.45000004768,2.52999997139,2.55999994278,6.224060232692485,1,1.5503861640616012,-1.526716167831066,-4.6511584925724385,0.4065036709316461,0.0,-4.263561951653938,2.0,4.0,0.16666666666666707,6.072868632087136,1.5503861640616012,1.5503861640616012
ABEV,2025-12-11,oos,True,True,D-1,2.46000003815,2.5,2.55999994278,2.59999990463,5.691051394669278,1,-1.526716167831066,-4.6511584925724385,0.4065036709316461,0.0,-0.8097158177465591,-6.4885437139499675,1.0,4.0,0.272727272719009,6.530605890049257,0.4065036709316461,1.2162194886782052
ABEV,2025-12-12,oos,True,True,D-1,2.52999997139,2.54999995232,2.59999990463,2.56999993324,2.7667958115249247,0,-4.6511584925724385,0.4065036709316461,0.0,-0.8097158177465591,2.0408143406914103,-3.1007723285108257,2.0,4.0,0.5238095238253966,3.9999961852000165,2.0408143406914103,0.4065036709316461
ABEV,2025-12-15,oos,True,True,D-1,2.55999994278,2.58999991417,2.56999993324,2.52999997139,0.3906246360748211,0,0.4065036709316461,0.0,-0.8097158177465591,2.0408143406914103,1.9999980928000038,3.6585330396044613,3.0,0.0,0.9411764706089947,0.39215649596002766,2.0408143406914103,0.4065036709316461
ABEV,2025-12-16,oos,True,True,D-1,2.55999994278,2.54999995232,2.52999997139,2.52999997139,-1.1718739086150953,0,0.0,-0.8097158177465591,2.0408143406914103,1.9999980928000038,1.568625984232197,4.858294905669713,3.0,0.0,0.9523809523968239,0.3861000305555917,2.0408143406914103,2.0408143406914103
ABEV,2025-12-17,oos,True,True,D-1,2.51999998093,2.51999998093,2.52999997139,2.50999999046,0.3968250212569302,0,-0.8097158177465591,2.0408143406914103,1.9999980928000038,1.568625984232197,-1.5444001226084358,3.238863270581427,3.0,1.0,0.7619047619365068,1.9607824801922025,2.0408143406914103,2.0408143406914103
ABEV,2025-12-18,oos,True,True,D-1,2.50999999046,2.48000001907,2.50999999046,2.33999991417,0.0,0,2.0408143406914103,1.9999980928000038,1.568625984232197,-1.5444001226084358,-1.1764694882721694,2.8571400770496247,3.0,2.0,0.42857142859183767,3.174600170849051,2.0408143406914103,4.74351455535269
ABEV,2025-12-19,oos,True,True,D-1,2.5,2.49000000954,2.33999991417,2.40000009537,-3.9999961852000054,0,1.9999980928000038,1.568625984232197,-1.5444001226084358,-1.1764694882721694,-1.5873000858213748,-0.7999992372000109,2.0,3.0,0.0,4.838705025695944,1.9999980928000038,4.745093565696534
ABEV,2025-12-22,oos,True,True,D-1,2.30999994278,2.29999995232,2.40000009537,2.3900001049,3.896110598240443,1,1.568625984232197,-1.5444001226084358,-1.1764694882721694,-1.5873000858213748,0.40322541907682474,-2.352938976544361,2.0,4.0,0.08333333338889141,4.417666452552393,1.568625984232197,2.7591010483998035
ABEV,2025-12-23,oos,True,True,D-1,2.33999991417,2.36999988556,2.3900001049,2.44000005722,4.273510543502312,1,-1.5444001226084358,-1.1764694882721694,-1.5873000858213748,0.40322541907682474,-7.630524357110369,-11.196910094992585,1.0,4.0,0.06896546055528308,11.73912984857466,0.40322541907682474,7.258067151850267
ABEV,2025-12-24,oos,True,True,D-1,2.38000011444,2.36999988556,2.44000005722,2.43000006676,2.5210058779395306,0,-1.1764694882721694,-1.5873000858213748,0.40322541907682474,-7.630524357110369,3.0434754213534365,-7.058826279437191,2.0,4.0,0.35999965667999945,6.751058799827514,3.0434754213534365,5.2225074881627975
ABEV,2025-12-26,oos,True,True,D-1,2.3900001049,2.43000006676,2.43000006676,2.5,4.602505869120144,1,-1.5873000858213748,0.40322541907682474,-7.630524357110369,3.0434754213534365,0.0,-5.952384781949204,2.0,4.0,0.35999965667999945,6.751058799827514,3.0434754213534365,0.40322541907682474
ABEV,2025-12-29,oos,True,True,D-1,2.3900001049,2.42000007629,2.5,2.48000001907,4.602505869120144,1,0.40322541907682474,-7.630524357110369,3.0434754213534365,0.0,2.531653337435613,-2.0161270937711473,3.0,4.0,0.6521742736218981,3.2921778395943235,3.0434754213534365,3.0434754213534365
ABEV,2025-12-30,oos,True,True,D-1,2.49000000954,2.48000001907,2.48000001907,2.5,0.40160604103158803,0,-7.630524357110369,3.0434754213534365,0.0,2.531653337435613,-0.41152223025793244,-2.811242288426008,2.0,1.0,0.8750001862420888,0.826445466921677,3.0434754213534365,3.0434754213534365
ABEV,2025-12-31,oos,True,True,D-1,2.47000002861,2.47000002861,2.5,2.51999998093,2.024289544164004,0,3.0434754213534365,0.0,2.531653337435613,-0.41152223025793244,2.479336400351828,7.826090020933907,3.0,0.0,0.8750001862420863,0.8064508377503943,3.0434754213534365,3.0434754213534365
ABEV,2026-01-02,oos,True,True,D-1,2.49000000954,2.47000002861,2.51999998093,2.53999996185,2.0080302055595967,0,0.0,2.531653337435613,-0.41152223025793244,2.479336400351828,-0.40322541867358064,4.219415522307979,2.0,1.0,0.8000003178931303,1.2145737264174228,2.531653337435613,2.531653337435613
ABEV,2026-01-05,oos,True,True,D-1,2.48000001907,2.50999999046,2.53999996185,2.50999999046,2.419352512847972,0,2.531653337435613,-0.41152223025793244,2.479336400351828,-0.40322541867358064,0.0,4.219415522307979,2.0,2.0,0.7499999999999991,1.2145737264174228,2.531653337435613,2.934878756109194
ABEV,2026-01-06,oos,True,True,D-1,2.51999998093,2.50999999046,2.50999999046,2.50999999046,-0.3968250216537683,0,-0.41152223025793244,2.479336400351828,-0.40322541867358064,0.0,1.6194316350882865,3.2921778395943235,2.0,0.0,0.9285714285255079,0.39840599633498286,2.479336400351828,2.479336400351828
ABEV,2026-01-07,oos,True,True,D-1,2.5,2.50999999046,2.50999999046,2.56999993324,2.7999973296000125,0,2.479336400351828,-0.40322541867358064,0.0,1.6194316350882865,0.0,3.719004600527742,2.0,0.0,0.6999999999899995,1.1952179882081193,2.479336400351828,2.479336400351828
ABEV,2026-01-08,oos,True,True,D-1,2.47000002861,2.5,2.56999993324,2.57999992371,4.45343699699885,1,-0.40322541867358064,0.0,1.6194316350882865,0.0,0.0,1.209676256423986,1.0,1.0,0.6999999999899995,1.1952179882081193,1.6194316350882865,1.6194316350882865
ABEV,2026-01-09,oos,True,True,D-1,2.53999996185,2.55999994278,2.57999992371,2.57999992371,1.5748016716845115,0,0.0,1.6194316350882865,0.0,0.0,-0.3984059959365682,1.2145737264174228,1.0,2.0,0.6000000000200009,1.5999984740000084,1.6194316350882865,2.0178376310248547
ABEV,2026-01-12,oos,True,True,D-1,2.54999995232,2.56999993324,2.57999992371,2.6099998951,2.352938976544383,0,1.6194316350882865,0.0,0.0,-0.3984059959365682,2.399997711200008,3.6437211792522906,2.0,0.0,0.9166666666944454,0.3906246360748211,2.399997711200008,1.6194316350882865
ABEV,2026-01-13,oos,True,True,D-1,2.56999993324,2.56999993324,2.6099998951,2.59999990463,1.5564187898468917,0,0.0,0.0,-0.3984059959365682,2.399997711200008,0.3906246360748211,2.3904359764162386,2.0,0.0,0.9230769230295865,0.38910469765627287,2.399997711200008,0.0
ABEV,2026-01-14,oos,True,True,D-1,2.57999992371,2.6099998951,2.59999990463,2.59999990463,0.7751930818370223,0,0.0,-0.3984059959365682,2.399997711200008,0.3906246360748211,0.0,2.3904359764162386,2.0,1.0,0.9230769230295865,0.38910469765627287,2.399997711200008,2.399997711200008
ABEV,2026-01-15,oos,True,True,D-1,2.58999991417,2.59999990463,2.59999990463,2.61999988556,1.1583000920528663,0,-0.3984059959365682,2.399997711200008,0.3906246360748211,0.0,1.5564187898468917,3.984059960959341,3.0,0.0,1.0,0.0,2.399997711200008,2.399997711200008
ABEV,2026-01-16,oos,True,True,D-1,2.57999992371,2.58999991417,2.61999988556,2.66000008583,3.100781569208766,1,2.399997711200008,0.3906246360748211,0.0,1.5564187898468917,-0.3831414127170585,3.9999961852000165,3.0,1.0,0.8749999999218763,0.38461503218489845,2.399997711200008,2.399997711200008
ABEV,2026-01-20,oos,True,True,D-1,2.58999991417,2.59999990463,2.66000008583,2.75999999046,6.563709726781153,1,0.3906246360748211,0.0,1.5564187898468917,-0.3831414127170585,-0.384615031800295,1.1718739086150842,2.0,2.0,0.7142857142653034,0.7722000614972746,1.5564187898468917,2.322701614897882
ABEV,2026-01-21,oos,True,True,D-1,2.61999988556,2.65000009537,2.75999999046,2.80999994278,7.2519108976750735,1,0.0,1.5564187898468917,-0.3831414127170585,-0.384615031800295,0.3861000305555917,1.1673140921906189,2.0,0.0,0.7499999999687528,0.7692300639851712,1.5564187898468917,1.5564187898468917
ABEV,2026-01-22,oos,True,True,D-1,2.68000006676,2.74000000954,2.80999994278,2.81999993324,5.223875484796303,1,1.5564187898468917,-0.3831414127170585,-0.384615031800295,0.3861000305555917,1.9230843297709743,3.1128468563477174,3.0,0.0,0.9000002384496555,0.37735811698542676,1.9230843297709743,1.5564187898468917
ABEV,2026-01-23,oos,True,True,D-1,2.74000000954,2.77999997139,2.81999993324,2.8599998951,4.379557851904758,1,-0.3831414127170585,-0.384615031800295,0.3861000305555917,1.9230843297709743,3.3962230540008465,4.980847496739815,3.0,0.0,0.9000001192399726,0.7299263084074692,3.3962230540008465,0.3861000305555917
ABEV,2026-01-26,oos,True,True,D-1,2.76999998093,2.79999995232,2.8599998951,2.86999988556,3.6101048851424844,1,-0.384615031800295,0.3861000305555917,1.9230843297709743,3.3962230540008465,1.4598526171799353,6.923079744713112,4.0,0.0,0.8800001144399996,1.0791356726165713,3.3962230540008465,1.9230843297709743
ABEV,2026-01-27,oos,True,True,D-1,2.84999990463,2.82999992371,2.86999988556,2.83999991417,0.7017537403249952,0,0.3861000305555917,1.9230843297709743,3.3962230540008465,1.4598526171799353,0.7194237818642701,8.108109849775701,5.0,0.0,0.9200000763199991,0.7142850450204019,3.3962230540008465,3.3962230540008465
ABEV,2026-01-28,oos,True,True,D-1,2.84999990463,2.82999992371,2.83999991417,2.82999992371,-0.35087686998707124,0,1.9230843297709743,3.3962230540008465,1.4598526171799353,0.7194237818642701,1.0714275678877394,8.84615490448375,5.0,0.0,0.8846154904245597,1.0600696890009642,3.3962230540008465,3.3962230540008465
ABEV,2026-01-29,oos,True,True,D-1,2.82999992371,2.79999995232,2.82999992371,2.84999990463,0.7067131257650683,0,3.3962230540008465,1.4598526171799353,0.7194237818642701,1.0714275678877394,0.0,6.792446108001671,4.0,0.0,0.80000000002,1.4134262518834984,3.3962230540008465,3.3962230540008465
ABEV,2026-01-30,oos,True,True,D-1,2.79999995232,2.77999997139,2.84999990463,2.92000007629,4.2857187861939705,1,1.4598526171799353,0.7194237818642701,1.0714275678877394,0.0,-1.0600696890009642,2.189778925952357,3.0,1.0,0.5625000000117181,2.4999976582856798,1.4598526171799353,2.5199223061808995
ABEV,2026-02-02,oos,True,True,D-1,2.80999994278,2.82999992371,2.92000007629,2.92000007629,3.9145955782893704,1,0.7194237818642701,1.0714275678877394,0.0,-1.0600696890009642,-0.7142850453775274,0.0,2.0,2.0,0.25000000000000094,3.237407017849714,1.0714275678877394,2.8382103830071226
ABEV,2026-02-03,oos,True,True,D-1,2.8900001049,2.90000009537,2.92000007629,2.93000006676,1.3840816750207097,0,1.0714275678877394,0.0,-1.0600696890009642,-0.7142850453775274,1.7985594544808636,1.0714275678877394,2.0,3.0,0.6363636364049591,1.4134262518834984,1.7985594544808636,1.0714275678877394
ABEV,2026-02-04,oos,True,True,D-1,2.90000009537,2.90000009537,2.93000006676,2.94000005722,1.3793089839501116,0,0.0,-1.0600696890009642,-0.7142850453775274,1.7985594544808636,2.473504365619661,2.473504365619661,2.0,0.0,0.8750001863045863,0.6896544918026493,2.473504365619661,0.0
ABEV,2026-02-05,oos,True,True,D-1,2.90000009537,2.91000008583,2.94000005722,2.95000004768,1.7241362298514362,0,-1.0600696890009642,-0.7142850453775274,1.7985594544808636,2.473504365619661,0.0,2.473504365619661,2.0,1.0,0.8750001863045863,0.6896544918026493,2.473504365619661,1.7985594544808636
ABEV,2026-02-06,oos,True,True,D-1,2.93000006676,2.94000005722,2.95000004768,3.02999997139,3.412965950563285,1,-0.7142850453775274,1.7985594544808636,2.473504365619661,0.0,0.34482724590132463,3.9285762636837696,3.0,0.0,0.8823531061556367,0.687284547769873,2.473504365619661,2.473504365619661
ABEV,2026-02-09,oos,True,True,D-1,2.92000007629,2.94000005722,3.02999997139,3.05999994278,4.794515850420011,1,1.7985594544808636,2.473504365619661,0.0,0.34482724590132463,1.0309268214830025,5.755398830094216,4.0,0.0,1.0,0.0,2.473504365619661,2.473504365619661
ABEV,2026-02-10,oos,True,True,D-1,2.95000004768,3.0,3.05999994278,3.23000001907,9.491524300489518,1,2.473504365619661,0.0,0.34482724590132463,1.0309268214830025,0.0,3.8869306175031593,3.0,0.0,0.9000002384496555,0.34013572331206277,2.473504365619661,2.473504365619661
ABEV,2026-02-11,oos,True,True,D-1,3.03999996185,3.04999995232,3.23000001907,3.1400001049,6.250001960670248,1,0.0,0.34482724590132463,1.0309268214830025,0.0,2.040814340552588,3.4482724600476855,3.0,0.0,0.8235296592524836,0.9999990463333441,2.040814340552588,1.0309268214830025
ABEV,2026-02-12,oos,True,True,D-1,3.15000009537,3.20000004768,3.1400001049,3.1099998951,-0.31746000530915586,0,0.34482724590132463,1.0309268214830025,0.0,2.040814340552588,1.6666650773333291,5.172408690243935,4.0,0.0,0.9444444444629612,0.32786854479764926,2.040814340552588,1.0309268214830025
ABEV,2026-02-13,oos,True,True,D-1,3.11999988556,3.1099998951,3.1099998951,3.13000011444,0.3205201681667713,0,1.0309268214830025,0.0,2.040814340552588,1.6666650773333291,4.918035990325231,9.965634133900213,4.0,0.0,0.9142857726726699,0.9374990919687631,4.918035990325231,2.040814340552588
ABEV,2026-02-17,oos,True,True,D-1,3.1099998951,3.07999992371,3.13000011444,3.1099998951,0.6430938911448747,0,0.0,2.040814340552588,1.6666650773333291,4.918035990325231,-2.8125047262186786,5.7823072983457235,3.0,1.0,0.6571424095190623,3.858525016642833,4.918035990325231,2.040814340552588
ABEV,2026-02-18,oos,True,True,D-1,3.06999993324,3.04999995232,3.1099998951,3.07999992371,1.3029303820793592,0,2.040814340552588,1.6666650773333291,4.918035990325231,-2.8125047262186786,-0.9646293376815551,4.7619001280694295,3.0,2.0,0.48275822381802214,4.870133086864437,4.918035990325231,8.668039808512685
ABEV,2026-02-19,oos,True,True,D-1,3.06999993324,3.07999992371,3.07999992371,3.15000009537,2.605868529956923,0,1.6666650773333291,4.918035990325231,-2.8125047262186786,-0.9646293376815551,-0.9740250692559682,1.6666650773333291,2.0,3.0,0.18181798480994302,5.9016416250459836,4.918035990325231,6.847294665688331
ABEV,2026-02-20,oos,True,True,D-1,3.05999994278,3.06999993324,3.15000009537,3.24000000954,5.882355232872016,1,4.918035990325231,-2.8125047262186786,-0.9646293376815551,-0.9740250692559682,0.9836056347207522,0.9836056347207522,2.0,4.0,0.21052605165104923,4.870133086864437,4.918035990325231,4.918035990325231
ABEV,2026-02-23,oos,True,True,D-1,3.07999992371,3.13000011444,3.24000000954,3.22000002861,5.194808110166216,1,-2.8125047262186786,-0.9646293376815551,-0.9740250692559682,0.9836056347207522,-0.3246750233017681,-4.062503515718696,1.0,4.0,0.4999991485006389,2.28013593427423,0.9836056347207522,0.0
ABEV,2026-02-24,oos,True,True,D-1,3.15000009537,3.23000001907,3.22000002861,3.23000001907,2.5396800405684816,0,-0.9646293376815551,-0.9740250692559682,0.9836056347207522,-0.3246750233017681,1.9544033389172544,0.6430938911448747,2.0,0.0,0.8666668785731999,0.6389770031550945,1.9544033389172544,0.9836056347207522
ABEV,2026-02-25,oos,True,True,D-1,3.19000005722,3.20000004768,3.23000001907,3.22000002861,1.2539172768811557,0,-0.9740250692559682,0.9836056347207522,-0.3246750233017681,1.9544033389172544,3.1948850151365393,4.870133086864437,3.0,0.0,0.9583333746979137,0.3095972263455149,3.1948850151365393,0.9836056347207522
ABEV,2026-02-26,oos,True,True,D-1,3.23000001907,3.19000005722,3.22000002861,3.1099998951,-0.309597226035907,0,0.9836056347207522,-0.3246750233017681,1.9544033389172544,3.1948850151365393,-0.9287916784173067,4.918035990325231,3.0,1.0,0.8333334988749935,1.2499987895000286,3.1948850151365393,1.9544033389172544
ABEV,2026-02-27,oos,True,True,D-1,3.20000004768,3.16000008583,3.1099998951,2.97000002861,-2.8125047262186786,0,-0.3246750233017681,1.9544033389172544,3.1948850151365393,-0.9287916784173067,-0.3124996972187599,3.5714329946313628,2.0,2.0,0.7916668736145739,1.5673965963365566,3.1948850151365393,4.433273919589764
ABEV,2026-03-02,oos,True,True,D-1,3.09999990463,3.07999992371,2.97000002861,3.00999999046,-2.9032231270581965,0,1.9544033389172544,3.1948850151365393,-0.9287916784173067,-0.3124996972187599,-0.9404379577392152,2.9316011253138985,2.0,3.0,0.5294124246813648,2.531643086616797,3.1948850151365393,4.444883804324062
ABEV,2026-03-03,oos,True,True,D-1,2.92000007629,2.94000005722,3.00999999046,2.96000003815,3.0821887609108867,1,3.1948850151365393,-0.9287916784173067,-0.3124996972187599,-0.9404379577392152,-2.531650631236848,-1.5974501246606487,1.0,4.0,0.15789453871197137,5.194808110166216,3.1948850151365393,6.643165000619112
ABEV,2026-03-04,oos,True,True,D-1,3.0,2.98000001907,2.96000003815,2.93000006676,-1.33333206166667,0,-0.9287916784173067,-0.3124996972187599,-0.9404379577392152,-2.531650631236848,-4.5454503233027355,-8.9783269392518,0.0,3.0,0.1714284546546615,9.863944088634401,-0.3124996972187599,6.962026032737134
ABEV,2026-03-05,oos,True,True,D-1,2.93000006676,2.92000007629,2.93000006676,3.0,2.389076165360171,0,-0.3124996972187599,-0.9404379577392152,-2.531650631236848,-4.5454503233027355,1.3605428935883346,-6.875000791624997,1.0,4.0,0.2857140910815791,8.389261691280803,1.3605428935883346,3.2467502310696728
ABEV,2026-03-06,oos,True,True,D-1,2.8599998951,2.92000007629,3.0,3.06999993324,7.342658945540181,1,-0.9404379577392152,-2.531650631236848,-4.5454503233027355,1.3605428935883346,-2.013420885773165,-8.463949093634115,1.0,4.0,0.11764697631658819,10.27397070143794,1.3605428935883346,0.6802714469642313
ABEV,2026-03-09,oos,True,True,D-1,2.92000007629,3.0,3.06999993324,3.02999997139,5.136981268184826,1,-2.531650631236848,-4.5454503233027355,1.3605428935883346,-2.013420885773165,0.0,-7.594936804470443,1.0,4.0,0.3214291492003142,6.506842939929092,1.3605428935883346,3.3739637793614996
ABEV,2026-03-10,oos,True,True,D-1,2.99000000954,3.01999998093,3.02999997139,2.93000006676,1.337791361952334,0,-4.5454503233027355,1.3605428935883346,-2.013420885773165,0.0,2.739723343146072,-2.597400184790799,2.0,3.0,0.9444445180462696,0.3333330153333369,2.739723343146072,1.3605428935883346
ABEV,2026-03-11,oos,True,True,D-1,3.00999999046,2.99000000954,2.93000006676,2.93000006676,-2.6578047825101203,0,1.3605428935883346,-2.013420885773165,0.0,2.739723343146072,0.6666660310000072,2.7210857875168415,3.0,0.0,0.7916668736475618,1.6556275703883516,2.739723343146072,1.3605428935883346
ABEV,2026-03-12,oos,True,True,D-1,2.93000006676,2.86999988556,2.93000006676,2.94000005722,0.3412965949539437,0,-2.013420885773165,0.0,2.739723343146072,0.6666660310000072,-0.993376542365465,0.335570147852593,2.0,1.0,0.6666669978194315,2.675582723904668,2.739723343146072,3.073056358479398
ABEV,2026-03-13,oos,True,True,D-1,2.90000009537,2.8599998951,2.94000005722,2.94000005722,1.3793089839501116,0,0.0,2.739723343146072,0.6666660310000072,-0.993376542365465,-4.0133820601044645,-1.712335254234909,2.0,2.0,0.16666650109028422,6.968643054178236,2.739723343146072,7.706613949675423
ABEV,2026-03-16,oos,True,True,D-1,2.90000009537,2.90000009537,2.94000005722,2.8900001049,1.3793089839501116,0,2.739723343146072,0.6666660310000072,-0.993376542365465,-4.0133820601044645,-0.3484317372385082,-2.054800671999746,2.0,3.0,0.04545449622521252,7.342658945540181,2.739723343146072,7.08755324365501
ABEV,2026-03-17,oos,True,True,D-1,2.92000007629,2.90000009537,2.8900001049,2.82999992371,-1.0273962536369696,0,0.6666660310000072,-0.993376542365465,-4.0133820601044645,-0.3484317372385082,1.3986084523475606,-3.333330154333336,2.0,4.0,0.2272735647168316,5.862063182046584,1.3986084523475606,0.6666660310000072
ABEV,2026-03-18,oos,True,True,D-1,2.88000011444,2.82999992371,2.82999992371,2.77999997139,-1.7361176646939924,0,-0.993376542365465,-4.0133820601044645,-0.3484317372385082,1.3986084523475606,0.0,-3.97350616946186,1.0,4.0,0.27777873441939627,4.4827541980964725,1.3986084523475606,0.0
ABEV,2026-03-19,oos,True,True,D-1,2.76999998093,2.79999995232,2.77999997139,2.82999992371,2.1660629311576862,0,-4.0133820601044645,-0.3484317372385082,1.3986084523475606,0.0,-2.4137989433779206,-5.351173422056799,1.0,2.0,0.0,3.8869306175031593,1.3986084523475606,3.812407395725481
ABEV,2026-03-20,oos,True,True,D-1,2.77999997139,2.71000003815,2.82999992371,2.79999995232,1.7985594544808636,0,-0.3484317372385082,1.3986084523475606,0.0,-2.4137989433779206,-1.0600696890009642,-2.4390221613664442,1.0,3.0,0.26315756453749517,5.000003831571487,1.3986084523475606,4.846889133774268
ABEV,2026-03-23,oos,True,True,D-1,2.79999995232,2.79999995232,2.79999995232,2.88000011444,2.85714869579603,0,1.3986084523475606,0.0,-2.4137989433779206,-1.0600696890009642,-3.214282703663207,-5.244750435375634,1.0,4.0,0.041666625302084564,8.487085455061871,1.3986084523475606,5.638887208351395
ABEV,2026-03-24,oos,True,True,D-1,2.75999999046,2.77999997139,2.88000011444,2.86999988556,4.347830594013891,1,0.0,-2.4137989433779206,-1.0600696890009642,-3.214282703663207,3.321029996421654,-3.4482806814267075,1.0,4.0,0.4166662527708493,5.000003831571487,3.321029996421654,0.0
ABEV,2026-03-25,oos,True,True,D-1,2.82999992371,2.84999990463,2.86999988556,2.86999988556,1.4134262518834984,0,-2.4137989433779206,-1.0600696890009642,-3.214282703663207,3.321029996421654,-0.7142850453775274,-4.13793517357417,1.0,4.0,0.4210521032494669,3.9568393756133746,3.321029996421654,0.0
ABEV,2026-03-26,oos,True,True,D-1,2.82999992371,2.81999993324,2.86999988556,2.84999990463,1.4134262518834984,0,-1.0600696890009642,-3.214282703663207,3.321029996421654,-0.7142850453775274,2.5179832359854437,0.7067131257650683,2.0,0.0,0.8333322295374472,1.0526389759263788,3.321029996421654,3.321029996421654
ABEV,2026-03-27,oos,True,True,D-1,2.81999993324,2.80999994278,2.84999990463,2.93000006676,3.90071404695449,1,-3.214282703663207,3.321029996421654,-0.7142850453775274,2.5179832359854437,-1.0526306103120664,0.7142850450204019,2.0,1.0,0.6666657836299573,2.1276660503698475,3.321029996421654,3.321029996421654
ABEV,2026-03-30,oos,True,True,D-1,2.83999991417,2.81999993324,2.93000006676,2.99000000954,5.281693658566122,1,3.321029996421654,-0.7142850453775274,2.5179832359854437,-1.0526306103120664,-0.35460959917508195,3.69003332923441,2.0,2.0,0.46153761508950397,2.4911093624701897,3.321029996421654,4.72453747672078
ABEV,2026-03-31,oos,True,True,D-1,2.88000011444,2.92000007629,2.99000000954,2.98000001907,3.8194406503136102,1,-0.7142850453775274,2.5179832359854437,-1.0526306103120664,-0.35460959917508195,0.3558715538658275,0.7142850450204019,2.0,3.0,0.5384605509121125,2.1276660503698475,2.5179832359854437,2.5179832359854437
ABEV,2026-04-01,oos,True,True,D-1,2.95000004768,2.97000002861,2.98000001907,3.0,1.6949136105717022,0,2.5179832359854437,-1.0526306103120664,-0.35460959917508195,0.3558715538658275,3.5461044474248027,5.035975048229946,3.0,0.0,0.928571550168277,0.34246541810729614,3.5461044474248027,2.5179832359854437
ABEV,2026-04-02,oos,True,True,D-1,2.94000005722,2.93000006676,3.0,2.98000001907,2.040814340552588,0,-1.0526306103120664,-0.35460959917508195,0.3558715538658275,3.5461044474248027,1.7123270895091025,4.210530806862556,3.0,0.0,0.9000001191949706,0.6734000248262761,3.5461044474248027,0.3558715538658275
ABEV,2026-04-06,oos,True,True,D-1,2.95000004768,2.99000000954,2.98000001907,3.13000011444,6.101697079685109,1,-0.35460959917508195,0.3558715538658275,3.5461044474248027,1.7123270895091025,-1.3468000493158439,3.90071404695449,3.0,1.0,0.7000003576349139,2.0477795704062274,3.5461044474248027,3.5461044474248027
ABEV,2026-04-07,oos,True,True,D-1,2.95000004768,2.97000002861,3.13000011444,3.19000005722,8.135593412235554,1,0.3558715538658275,3.5461044474248027,1.7123270895091025,-1.3468000493158439,2.0477795704062274,6.405696456417775,4.0,0.0,0.9523810064603082,0.3344478404044615,3.5461044474248027,3.5461044474248027
ABEV,2026-04-08,oos,True,True,D-1,3.09999990463,3.07999992371,3.19000005722,3.23000001907,4.193552207722262,1,3.5461044474248027,1.7123270895091025,-1.3468000493158439,2.0477795704062274,-0.6688956811433999,5.319152444009423,3.0,1.0,0.7857146506323788,1.010100037071071,3.5461044474248027,3.5461044474248027
ABEV,2026-04-09,oos,True,True,D-1,3.1099998951,3.15000009537,3.23000001907,3.18000006676,3.858525016642833,1,1.7123270895091025,-1.3468000493158439,2.0477795704062274,-0.6688956811433999,3.703700136039445,5.479446686292122,3.0,0.0,0.772726435328621,1.6233828561194485,3.703700136039445,2.0477795704062274
ABEV,2026-04-10,oos,True,True,D-1,3.20000004768,3.19000005722,3.18000006676,3.20000004768,0.0,0,-1.3468000493158439,2.0477795704062274,-0.6688956811433999,3.703700136039445,2.272732902398311,6.060608250035693,3.0,0.0,0.8571429787959307,1.2698400202842297,3.703700136039445,2.0477795704062274
ABEV,2026-04-13,oos,True,True,D-1,3.16000008583,3.16000008583,3.20000004768,3.17000007629,1.2658215431501585,0,2.0477795704062274,-0.6688956811433999,3.703700136039445,2.272732902398311,1.2698400202842297,8.873719608733953,4.0,0.0,0.8709678411831608,1.2539172768811557,3.703700136039445,3.703700136039445
ABEV,2026-04-14,oos,True,True,D-1,3.19000005722,3.1400001049,3.17000007629,3.08999991417,-0.626958638597308,0,-0.6688956811433999,3.703700136039445,2.272732902398311,1.2698400202842297,-0.9404379577392152,5.68562126246126,3.0,1.0,0.774193722062468,2.215187700591903,3.703700136039445,3.703700136039445
ABEV,2026-04-15,oos,True,True,D-1,3.16000008583,3.13000011444,3.08999991417,3.1400001049,-0.6329107717333193,0,3.703700136039445,2.272732902398311,1.2698400202842297,-0.9404379577392152,-0.6329107717333193,5.723908237454212,3.0,2.0,0.4375008381831439,2.8662392090227584,3.703700136039445,5.271096732375979
ABEV,2026-04-16,oos,True,True,D-1,3.06999993324,3.04999995232,3.1400001049,3.08999991417,2.28013593427423,0,2.272732902398311,1.2698400202842297,-0.9404379577392152,-0.6329107717333193,-0.3184710231185939,1.6233828561194485,2.0,3.0,0.2307706415431363,3.1948850151365393,2.272732902398311,3.2220990598400556
ABEV,2026-04-17,oos,True,True,D-1,3.13000011444,3.04999995232,3.08999991417,3.1099998951,-0.6389846200877347,0,1.2698400202842297,-0.9404379577392152,-0.6329107717333193,-0.3184710231185939,-2.5559156292335516,-3.1746076197579853,1.0,4.0,0.1428569806734975,5.9016416250459836,1.2698400202842297,4.136086821981911
ABEV,2026-04-20,oos,True,True,D-1,3.07999992371,3.06999993324,3.1099998951,3.06999993324,0.9740250692559682,0,-0.9404379577392152,-0.6329107717333193,-0.3184710231185939,-2.5559156292335516,0.0,-4.388717943221798,0.0,3.0,0.1666664459167467,4.918035990325231,0.0,2.5559156292335516
ABEV,2026-04-21,oos,True,True,D-1,3.06999993324,3.06999993324,3.06999993324,3.00999999046,0.0,0,-0.6329107717333193,-0.3184710231185939,-2.5559156292335516,0.0,0.6557370895952763,-2.848106017261731,1.0,4.0,0.27777740982420995,4.2345315070675404,0.6557370895952763,0.0
ABEV,2026-04-22,oos,True,True,D-1,3.06999993324,3.00999999046,3.00999999046,2.92000007629,-1.9543955727933104,0,-0.3184710231185939,-2.5559156292335516,0.0,0.6557370895952763,0.0,-2.2293047554604817,1.0,4.0,0.33333280348922534,3.257333720670874,0.6557370895952763,0.0
ABEV,2026-04-23,oos,True,True,D-1,3.0,2.94000005722,2.92000007629,2.94000005722,-1.9999980926666772,0,-2.5559156292335516,0.0,0.6557370895952763,0.0,-1.9543955727933104,-3.833869635543763,1.0,3.0,0.0,4.318940692758377,0.6557370895952763,2.6101326623885868
ABEV,2026-04-24,oos,True,True,D-1,2.90000009537,2.88000011444,2.94000005722,2.92000007629,1.3793089839501116,0,0.0,0.6557370895952763,0.0,-1.9543955727933104,-2.325579184779414,-3.606553994085415,1.0,4.0,0.047618993541959385,6.80272257780552,0.6557370895952763,4.890260830538873
ABEV,2026-04-27,oos,True,True,D-1,2.92000007629,2.8900001049,2.92000007629,2.8900001049,0.0,0,0.6557370895952763,0.0,-1.9543955727933104,-2.325579184779414,-2.040814340552577,-5.573765263526919,1.0,3.0,0.04166761867704578,7.986103177802217,0.6557370895952763,4.974669861423386
ABEV,2026-04-28,oos,True,True,D-1,2.8900001049,2.91000008583,2.8900001049,2.95000004768,2.07612251218503,0,0.0,-1.9543955727933104,-2.325579184779414,-2.040814340552577,0.34722187717497466,-5.86318671837992,1.0,4.0,0.0833342439374636,7.6124492115758,0.34722187717497466,1.7006786172405253
ABEV,2026-04-29,oos,True,True,D-1,2.88000011444,2.84999990463,2.95000004768,2.94000005722,2.430553140919267,0,-1.9543955727933104,-2.325579184779414,-2.040814340552577,0.34722187717497466,0.6920408375103548,-5.211721527340241,2.0,4.0,0.23809610309054613,5.498276381128164,0.6920408375103548,0.0
ABEV,2026-04-30,oos,True,True,D-1,2.8900001049,2.92000007629,2.94000005722,2.94000005722,1.73010209360287,0,-2.325579184779414,-2.040814340552577,0.34722187717497466,0.6920408375103548,-2.0618618360929153,-5.315617486282709,2.0,4.0,0.058823446896232735,5.614038287161693,0.6920408375103548,1.7313118016763385
ABEV,2026-05-01,oos,True,True,D-1,2.92000007629,2.90000009537,2.94000005722,3.42000007629,17.123287223857673,1,-2.040814340552577,0.34722187717497466,0.6920408375103548,-2.0618618360929153,2.456146456225494,-0.6802714469642313,3.0,0.0,0.7272733183794475,1.0273962536369696,2.456146456225494,0.6920408375103548
ABEV,2026-05-04,oos,True,True,D-1,2.92000007629,2.90000009537,3.42000007629,3.45000004768,18.150683477494646,1,0.34722187717497466,0.6920408375103548,-2.0618618360929153,2.456146456225494,-0.6849308355296735,0.6944437546971605,3.0,1.0,0.5454555306930172,1.7241362298514362,2.456146456225494,0.6920408375103548
ABEV,2026-05-05,oos,True,True,D-1,3.24000000954,3.36999988556,3.45000004768,3.40000009537,6.481482639557612,1,0.6920408375103548,-2.0618618360929153,2.456146456225494,-0.6849308355296735,0.0,0.34602041892817237,2.0,2.0,0.5454555306930172,1.7241362298514362,2.456146456225494,3.1410772917551677
ABEV,2026-05-06,oos,True,True,D-1,3.43000006676,3.43000006676,3.40000009537,3.3599998951,-0.8746347173788305,0,-2.0618618360929153,2.456146456225494,-0.6849308355296735,0.0,16.206888783913453,15.807552789085122,2.0,0.0,0.9137927986998473,1.4836852352501317,16.206888783913453,2.456146456225494
ABEV,2026-05-07,oos,True,True,D-1,3.40000009537,3.27999997139,3.3599998951,3.33999991417,-1.1764764455292398,0,2.456146456225494,-0.6849308355296735,0.0,16.206888783913453,1.780420867582011,20.350883562759204,3.0,0.0,0.9649123100658695,0.5830898113915239,16.206888783913453,2.456146456225494
ABEV,2026-05-08,oos,True,True,D-1,3.33999991417,3.28999996185,3.33999991417,3.29999995232,0.0,0,-0.6849308355296735,0.0,16.206888783913453,1.780420867582011,-4.373180537914411,12.32876320871188,2.0,1.0,0.6964284041779166,5.18292920039134,16.206888783913453,18.877509473119922
ABEV,2026-05-11,oos,True,True,D-1,3.28999996185,3.27999997139,3.29999995232,3.28999996185,0.3039510816400304,0,0.0,16.206888783913453,1.780420867582011,-4.373180537914411,0.3048777605861419,13.448270815668417,3.0,2.0,0.7142855318239608,4.86322454970578,16.206888783913453,20.288524416132113
ABEV,2026-05-12,oos,True,True,D-1,3.28999996185,3.25999999046,3.28999996185,3.21000003815,0.0,0,16.206888783913453,1.780420867582011,-4.373180537914411,0.3048777605861419,-0.3039510813360846,13.103443569767116,3.0,3.0,0.1904759742154587,5.18292920039134,16.206888783913453,16.206888783913453
ABEV,2026-05-13,oos,True,True,D-1,3.24000000954,3.15000009537,3.21000003815,3.13000011444,-0.925925040174902,0,1.780420867582011,-4.373180537914411,0.3048777605861419,-0.3039510813360846,-0.6097555214771733,-3.2640919535735002,2.0,4.0,0.04999994038001361,5.828222631166025,1.780420867582011,2.692274111894233
ABEV,2026-05-14,oos,True,True,D-1,3.18000006676,3.15000009537,3.13000011444,3.15000009537,-0.9433953069241996,0,-4.373180537914411,0.3048777605861419,-0.3039510813360846,-0.6097555214771733,-3.374229920610483,-8.163264313125506,1.0,4.0,0.03846150321745391,7.936507696220718,0.3048777605861419,4.268288649425534
ABEV,2026-05-15,oos,True,True,D-1,3.07999992371,3.06999993324,3.15000009537,3.15000009537,2.272732902398311,0,0.3048777605861419,-0.3039510813360846,-0.6097555214771733,-3.374229920610483,0.0,-3.9634108888393915,1.0,4.0,0.08695652175236196,6.666660107047817,0.3048777605861419,3.679107681196625
ABEV,2026-05-18,oos,True,True,D-1,3.13000011444,3.1400001049,3.15000009537,3.24000000954,3.5143735168738255,1,-0.3039510813360846,-0.6097555214771733,-3.374229920610483,0.0,-2.539687609774588,-6.686931038330213,0.0,4.0,0.06896546052080185,8.794787843693808,0.0,2.539687609774588
ABEV,2026-05-19,oos,True,True,D-1,3.07999992371,3.15000009537,3.24000000954,3.29999995232,7.14285824867813,1,-0.6097555214771733,-3.374229920610483,0.0,-2.539687609774588,2.28013593427423,-4.268288649730412,1.0,4.0,0.3600006103200002,5.095536371808351,2.28013593427423,0.31746000530915586
ABEV,2026-05-20,oos,True,True,D-1,3.15000009537,3.23000001907,3.29999995232,3.24000000954,4.761900076462733,1,-3.374229920610483,0.0,-2.539687609774588,2.28013593427423,0.31847102343707245,-3.374229920610483,2.0,4.0,0.41666724616317097,4.444440071153588,2.28013593427423,0.0
ABEV,2026-05-21,oos,True,True,D-1,3.20000004768,3.26999998093,3.24000000954,3.30999994278,3.4374966706562926,1,0.0,-2.539687609774588,2.28013593427423,0.31847102343707245,2.5396800405684816,2.5396800405684816,3.0,0.0,0.9473684870609203,0.3095972263455149,2.5396800405684816,2.28013593427423
ABEV,2026-05-22,oos,True,True,D-1,3.23000001907,3.20000004768,3.30999994278,3.32999992371,3.0959722615974794,1,-2.539687609774588,2.28013593427423,0.31847102343707245,2.5396800405684816,1.2383889047628438,3.8095200611701907,4.0,0.0,0.8800001144400014,0.9174303230872649,2.5396800405684816,2.28013593427423
ABEV,2026-05-26,oos,True,True,D-1,3.29999995232,3.26999998093,3.32999992371,3.28999996185,0.9090900552561898,0,2.28013593427423,0.31847102343707245,2.5396800405684816,1.2383889047628438,-2.140670754074192,4.2345315070675404,4.0,1.0,0.5833337472291507,3.1249969734375327,2.5396800405684816,3.4684717189857883
ABEV,2026-05-27,oos,True,True,D-1,3.26999998093,3.26999998093,3.28999996185,3.24000000954,0.611620215187636,0,0.31847102343707245,2.5396800405684816,1.2383889047628438,-2.140670754074192,2.1874978814687918,4.140123302134113,4.0,0.0,0.8400001526,1.223240430681094,2.5396800405684816,2.5396800405684816
ABEV,2026-05-28,oos,True,True,D-1,3.25999999046,3.20000004768,3.24000000954,3.26999998093,0.30674817482405636,0,2.5396800405684816,1.2383889047628438,-2.140670754074192,2.1874978814687918,0.0,3.8095200611701907,3.0,0.0,0.6666666666666683,1.834860646174552,2.5396800405684816,2.5396800405684816
ABEV,2026-05-29,oos,True,True,D-1,3.17000007629,3.21000003815,3.26999998093,3.29999995232,4.100942362819904,1,1.2383889047628438,-2.140670754074192,2.1874978814687918,0.0,-2.140670754074192,-0.9287916784173067,2.0,1.0,0.13333333328889022,4.062496065406296,2.1874978814687918,4.328168635542983
ABEV,2026-06-01,oos,True,True,D-1,3.19000005722,3.24000000954,3.29999995232,3.21000003815,3.4482725118150093,1,-2.140670754074192,2.1874978814687918,0.0,-2.140670754074192,0.3124996975312433,-1.8348606461745631,2.0,2.0,0.33333333333333415,3.738314147471433,2.1874978814687918,4.022358527643355
ABEV,2026-06-02,oos,True,True,D-1,3.26999998093,3.25,3.21000003815,3.16000008583,-1.8348606461745631,0,2.1874978814687918,0.0,-2.140670754074192,0.3124996975312433,0.9345785368678694,1.2499987895000286,3.0,3.0,0.5000000000000012,2.777775120524706,2.1874978814687918,2.1874978814687918
ABEV,2026-06-03,oos,True,True,D-1,3.18000006676,3.1400001049,3.16000008583,3.15000009537,-0.6289302047209455,0,0.0,-2.140670754074192,0.3124996975312433,0.9345785368678694,0.3086416799554126,-0.611620215493458,3.0,4.0,0.5555555555370376,2.4615361141538505,0.9345785368678694,0.3124996975312433
ABEV,2026-06-04,oos,True,True,D-1,3.1400001049,3.1099998951,3.15000009537,3.11999988556,0.31847102343707245,0,-2.140670754074192,0.3124996975312433,0.9345785368678694,0.3086416799554126,-3.3846121569230836,-3.975531400248755,3.0,1.0,0.05882352939100283,5.095536371808351,0.9345785368678694,4.020995337656641
ABEV,2026-06-05,oos,True,True,D-1,3.1099998951,3.11999988556,3.11999988556,3.15000009537,1.2861801163730702,0,0.3124996975312433,0.9345785368678694,0.3086416799554126,-3.3846121569230836,-0.9554206623491601,-2.8125047262186786,3.0,2.0,0.04999994042751372,6.109326804780824,0.9345785368678694,5.242274072252484
ABEV,2026-06-08,oos,True,True,D-1,3.09999990463,3.06999993324,3.15000009537,3.1400001049,1.6129094283300338,0,0.9345785368678694,0.3086416799554126,-3.3846121569230836,-0.9554206623491601,0.32154311245333744,-2.803743038017825,3.0,3.0,0.09999988080502745,5.7692331205868586,0.9345785368678694,1.5715281760984356
ABEV,2026-06-09,oos,True,True,D-1,3.13000011444,3.11999988556,3.1400001049,3.24000000954,3.5143735168738255,1,0.3086416799554126,-3.3846121569230836,-0.9554206623491601,0.32154311245333744,-1.6025626331401477,-5.246915919735928,2.0,4.0,0.07999992368000086,7.491857461940188,0.32154311245333744,1.5948141304118368
ABEV,2026-06-10,oos,True,True,D-1,3.11999988556,3.1099998951,3.24000000954,3.27999997139,5.128208067266704,1,-3.3846121569230836,-0.9554206623491601,0.32154311245333744,-1.6025626331401477,1.6286629774363348,-4.0000035212307665,2.0,4.0,0.43749934805894364,2.884620381126912,1.6286629774363348,0.32154311245333744
ABEV,2026-06-11,oos,True,True,D-1,3.16000008583,3.22000002861,3.27999997139,3.31999993324,5.063286172917136,1,-0.9554206623491601,0.32154311245333744,-1.6025626331401477,1.6286629774363348,-0.32051252649981654,-0.9554206623491601,2.0,4.0,0.5454533632411048,1.6077232288264298,1.6286629774363348,0.32154311245333744
ABEV,2026-06-12,oos,True,True,D-1,3.26999998093,3.25,3.31999993324,3.24000000954,1.529050538274923,0,0.32154311245333744,-1.6025626331401477,1.6286629774363348,-0.32051252649981654,3.536981904189518,3.536981904189518,3.0,0.0,0.8947369741744745,0.6211174146676601,3.536981904189518,1.6286629774363348
ABEV,2026-06-15,oos,True,True,D-1,3.30999994278,3.25,3.24000000954,3.28999996185,-0.6042290415631424,0,-1.6025626331401477,1.6286629774363348,-0.32051252649981654,3.536981904189518,0.9316761218461922,4.166670487446722,3.0,0.0,0.869565352597342,0.9230760427692442,3.536981904189518,1.6286629774363348
ABEV,2026-06-16,oos,True,True,D-1,3.23000001907,3.20000004768,3.28999996185,3.16000008583,1.8575833568346356,0,1.6286629774363348,-0.32051252649981654,3.536981904189518,0.9316761218461922,0.0,5.863194484503853,3.0,0.0,0.681818526650781,2.1538440996923036,3.536981904189518,3.536981904189518
ABEV,2026-06-17,oos,True,True,D-1,3.25,3.1400001049,3.16000008583,3.17000007629,-2.4615361141538505,0,-0.32051252649981654,3.536981904189518,0.9316761218461922,0.0,-1.5384600713846064,2.5641078543065854,2.0,1.0,0.4545460456610801,3.7499963678750525,3.536981904189518,5.075441975574124
ABEV,2026-06-18,oos,True,True,D-1,3.1400001049,3.11999988556,3.17000007629,3.17000007629,0.9554130696742602,0,3.536981904189518,0.9316761218461922,0.0,-1.5384600713846064,-1.8749981839375374,0.9646370035982121,2.0,2.0,0.05263157893074729,5.732478418045561,3.536981904189518,6.921594061112602
ABEV,2026-06-22,oos,True,True,D-1,3.13000011444,3.1400001049,3.17000007629,3.16000008583,1.2779540059907113,0,0.9316761218461922,0.0,-1.5384600713846064,-1.8749981839375374,-0.6369496392305662,-3.105594477064888,1.0,3.0,0.0909089924049705,6.410258173586536,0.9316761218461922,3.431681150846122
ABEV,2026-06-23,oos,True,True,D-1,3.1099998951,3.16000008583,3.16000008583,3.16000008583,1.6077232288264298,0,0.0,-1.5384600713846064,-1.8749981839375374,-0.6369496392305662,0.641032694666599,-3.3846121569230836,1.0,4.0,0.18181906849161908,5.732478418045561,0.641032694666599,0.0
ABEV,2026-06-24,oos,True,True,D-1,3.15000009537,3.13000011444,3.16000008583,3.23000001907,2.5396800405684816,0,-1.5384600713846064,-1.8749981839375374,-0.6369496392305662,0.641032694666599,0.6369420465556663,-2.769228128307688,2.0,3.0,0.3157903322656695,4.113920015475392,0.641032694666599,0.0
ABEV,2026-06-25,oos,True,True,D-1,3.13000011444,3.1400001049,3.23000001907,3.24000000954,3.5143735168738255,1,-1.8749981839375374,-0.6369496392305662,0.641032694666599,0.6369420465556663,-0.9493661574417445,-2.187497881156286,2.0,4.0,0.15789579355369773,5.111816024282345,0.641032694666599,0.9595037177851928
ABEV,2026-06-26,oos,True,True,D-1,3.15000009537,3.23000001907,3.24000000954,3.17000007629,2.8571400458776486,0,-0.6369496392305662,0.641032694666599,0.6369420465556663,-0.9493661574417445,0.3194885014178084,0.0,3.0,3.0,0.5714300311188669,0.9554130696742602,0.641032694666599,1.2739434663999183
ABEV,2026-06-29,oos,True,True,D-1,3.24000000954,3.18000006676,3.17000007629,3.13000011444,-2.1604917606138585,0,0.641032694666599,0.6369420465556663,-0.9493661574417445,0.3194885014178084,2.8662392090227584,3.5256454341265453,4.0,0.0,1.0,0.0,2.8662392090227584,0.641032694666599
ABEV,2026-06-30,oos,True,True,D-1,3.15000009537,3.1400001049,3.13000011444,3.17000007629,0.6349200099833974,0,0.6369420465556663,-0.9493661574417445,0.3194885014178084,2.8662392090227584,-1.5479861304891318,1.2738840931113327,3.0,0.0,0.538462384910496,1.8867906138483992,2.8662392090227584,0.6369420465556663
ABEV,2026-07-01,oos,True,True,D-1,3.09999990463,3.1099998951,3.17000007629,3.08999991417,2.25807012301682,0,-0.9493661574417445,0.3194885014178084,2.8662392090227584,-1.5479861304891318,-1.2578604094419021,-0.6329107717333193,2.0,1.0,0.2307706414662125,3.184710232459853,2.8662392090227584,5.652614244274712
