[32m2026-07-08 22:39:26[0m | [1mINFO    [0m | [36mengine.adapters.factory[0m:[36mget_adapter[0m:[36m63[0m | [1madapter created: CE → USStockAdapter[0m
[32m2026-07-08 22:39:26[0m | [1mINFO    [0m | [36mengine.core.data_loader[0m:[36mload_ohlcv[0m:[36m157[0m | [1mloaded CE: 1526 rows (2020-06-09 ~ 2026-07-07)[0m
[32m2026-07-08 22:39:26[0m | [1mINFO    [0m | [36mengine.adapters.base[0m:[36mload_history[0m:[36m119[0m | [1mCE: history loaded (1526 rows, 28 cols)[0m
INJECT_OK
{
  "base_market_history": "/home/g3000kkw/kingmaker/data/_system/market_history.csv",
  "base_rulebook_sector_name": "materials",
  "check_end": "2026-06-12",
  "check_non_null": true,
  "check_null_count": 0,
  "check_rows": 1526,
  "check_start": "2020-05-18",
  "has_sector_materials": true,
  "market_history_first": "2019-07-08",
  "market_history_last": "2026-07-07",
  "materials_latest_in_check": 88.16007423552026,
  "materials_max": 100.0,
  "materials_min": 0.0,
  "non_neutral_count": 1466,
  "ok_materials_column": true,
  "ok_no_missing": true,
  "ok_sector_name": true,
  "patched_market_history": "/home/g3000kkw/kingmaker/exp_batch_CE_materials_retrain_20260708/inputs/market_history_with_sector_materials.csv",
  "run_root": "/home/g3000kkw/kingmaker/exp_batch_CE_materials_retrain_20260708",
  "sector_name": "materials",
  "status": "INJECT_OK",
  "ticker": "CE",
  "unique_count": 1172,
  "xlb_cache": "/home/g3000kkw/kingmaker/data/_system/research/honest_full_6174_20260616_stage01_full/stage0/ohlcv_cache/XLB.pkl",
  "xlb_first": "2020-05-18",
  "xlb_last": "2026-06-12"
}
[32m2026-07-08 22:39:27[0m | [1mINFO    [0m | [36mengine.adapters.base[0m:[36mload_history[0m:[36m119[0m | [1mCE: history loaded (1526 rows, 28 cols)[0m
INJECT_OK
{
  "base_market_history": "/home/g3000kkw/kingmaker/data/_system/market_history.csv",
  "base_rulebook_sector_name": "materials",
  "check_end": "2026-06-12",
  "check_non_null": true,
  "check_null_count": 0,
  "check_rows": 1526,
  "check_start": "2020-05-18",
  "has_sector_materials": true,
  "market_history_first": "2019-07-08",
  "market_history_last": "2026-07-07",
  "materials_latest_in_check": 88.16007423552026,
  "materials_max": 100.0,
  "materials_min": 0.0,
  "non_neutral_count": 1466,
  "ok_materials_column": true,
  "ok_no_missing": true,
  "ok_sector_name": true,
  "patched_market_history": "/home/g3000kkw/kingmaker/exp_batch_CE_materials_retrain_20260708/inputs/market_history_with_sector_materials.csv",
  "run_root": "/home/g3000kkw/kingmaker/exp_batch_CE_materials_retrain_20260708",
  "sector_name": "materials",
  "status": "INJECT_OK",
  "ticker": "CE",
  "unique_count": 1172,
  "xlb_cache": "/home/g3000kkw/kingmaker/data/_system/research/honest_full_6174_20260616_stage01_full/stage0/ohlcv_cache/XLB.pkl",
  "xlb_first": "2020-05-18",
  "xlb_last": "2026-06-12"
}
2026-07-08 22:39:27,209 INFO stage2 start ticker=CE out_dir=/home/g3000kkw/kingmaker/exp_batch_CE_materials_retrain_20260708/tickers/CE/stage2 seed_base=2026061505 parallel=False
[32m2026-07-08 22:39:27[0m | [1mINFO    [0m | [36mengine.adapters.base[0m:[36mload_history[0m:[36m119[0m | [1mCE: history loaded (1526 rows, 28 cols)[0m
2026-07-08 22:39:27,277 INFO training mode=sequential train_splits=3
2026-07-08 22:39:27,277 INFO train start label=train_1
[32m2026-07-08 22:39:27[0m | [1mINFO    [0m | [36mengine.adapters.base[0m:[36mload_history[0m:[36m119[0m | [1mCE: history loaded (1526 rows, 28 cols)[0m
[32m2026-07-08 22:39:38[0m | [1mINFO    [0m | [36mengine.learning.genetic[0m:[36mrun_ga[0m:[36m268[0m | [1mGen  1: best=90.317, avg=-24.135[0m
[32m2026-07-08 22:39:46[0m | [1mINFO    [0m | [36mengine.learning.genetic[0m:[36mrun_ga[0m:[36m268[0m | [1mGen  2: best=90.317, avg=-1.076[0m
[32m2026-07-08 22:39:55[0m | [1mINFO    [0m | [36mengine.learning.genetic[0m:[36mrun_ga[0m:[36m268[0m | [1mGen  3: best=103.102, avg=11.496[0m
[32m2026-07-08 22:40:03[0m | [1mINFO    [0m | [36mengine.learning.genetic[0m:[36mrun_ga[0m:[36m268[0m | [1mGen  4: best=103.102, avg=28.894[0m
[32m2026-07-08 22:40:12[0m | [1mINFO    [0m | [36mengine.learning.genetic[0m:[36mrun_ga[0m:[36m268[0m | [1mGen  5: best=103.974, avg=38.860[0m
[32m2026-07-08 22:40:21[0m | [1mINFO    [0m | [36mengine.learning.genetic[0m:[36mrun_ga[0m:[36m268[0m | [1mGen  6: best=103.974, avg=41.542[0m
[32m2026-07-08 22:40:29[0m | [1mINFO    [0m | [36mengine.learning.genetic[0m:[36mrun_ga[0m:[36m268[0m | [1mGen  7: best=103.974, avg=52.415[0m
[32m2026-07-08 22:40:38[0m | [1mINFO    [0m | [36mengine.learning.genetic[0m:[36mrun_ga[0m:[36m268[0m | [1mGen  8: best=118.285, avg=55.152[0m
[32m2026-07-08 22:40:46[0m | [1mINFO    [0m | [36mengine.learning.genetic[0m:[36mrun_ga[0m:[36m268[0m | [1mGen  9: best=118.285, avg=62.148[0m
[32m2026-07-08 22:40:55[0m | [1mINFO    [0m | [36mengine.learning.genetic[0m:[36mrun_ga[0m:[36m268[0m | [1mGen 10: best=118.285, avg=65.031[0m
[32m2026-07-08 22:41:03[0m | [1mINFO    [0m | [36mengine.learning.genetic[0m:[36mrun_ga[0m:[36m268[0m | [1mGen 11: best=121.671, avg=78.887[0m
[32m2026-07-08 22:41:11[0m | [1mINFO    [0m | [36mengine.learning.genetic[0m:[36mrun_ga[0m:[36m268[0m | [1mGen 12: best=122.163, avg=80.502[0m
[32m2026-07-08 22:41:20[0m | [1mINFO    [0m | [36mengine.learning.genetic[0m:[36mrun_ga[0m:[36m268[0m | [1mGen 13: best=126.421, avg=89.638[0m
[32m2026-07-08 22:41:28[0m | [1mINFO    [0m | [36mengine.learning.genetic[0m:[36mrun_ga[0m:[36m268[0m | [1mGen 14: best=127.215, avg=94.911[0m
[32m2026-07-08 22:41:37[0m | [1mINFO    [0m | [36mengine.learning.genetic[0m:[36mrun_ga[0m:[36m268[0m | [1mGen 15: best=134.707, avg=96.308[0m
[32m2026-07-08 22:41:45[0m | [1mINFO    [0m | [36mengine.learning.genetic[0m:[36mrun_ga[0m:[36m268[0m | [1mGen 16: best=134.707, avg=88.996[0m
[32m2026-07-08 22:41:53[0m | [1mINFO    [0m | [36mengine.learning.genetic[0m:[36mrun_ga[0m:[36m268[0m | [1mGen 17: best=136.097, avg=100.424[0m
[32m2026-07-08 22:42:02[0m | [1mINFO    [0m | [36mengine.learning.genetic[0m:[36mrun_ga[0m:[36m268[0m | [1mGen 18: best=136.097, avg=108.163[0m
[32m2026-07-08 22:42:10[0m | [1mINFO    [0m | [36mengine.learning.genetic[0m:[36mrun_ga[0m:[36m268[0m | [1mGen 19: best=136.097, avg=107.601[0m
[32m2026-07-08 22:42:19[0m | [1mINFO    [0m | [36mengine.learning.genetic[0m:[36mrun_ga[0m:[36m268[0m | [1mGen 20: best=139.563, avg=107.354[0m
[32m2026-07-08 22:42:27[0m | [1mINFO    [0m | [36mengine.learning.genetic[0m:[36mrun_ga[0m:[36m268[0m | [1mGen 21: best=139.563, avg=105.227[0m
[32m2026-07-08 22:42:35[0m | [1mINFO    [0m | [36mengine.learning.genetic[0m:[36mrun_ga[0m:[36m268[0m | [1mGen 22: best=141.691, avg=106.259[0m
[32m2026-07-08 22:42:44[0m | [1mINFO    [0m | [36mengine.learning.genetic[0m:[36mrun_ga[0m:[36m268[0m | [1mGen 23: best=141.691, avg=106.540[0m
[32m2026-07-08 22:42:52[0m | [1mINFO    [0m | [36mengine.learning.genetic[0m:[36mrun_ga[0m:[36m268[0m | [1mGen 24: best=141.691, avg=104.739[0m
[32m2026-07-08 22:43:01[0m | [1mINFO    [0m | [36mengine.learning.genetic[0m:[36mrun_ga[0m:[36m268[0m | [1mGen 25: best=144.640, avg=104.252[0m
[32m2026-07-08 22:43:09[0m | [1mINFO    [0m | [36mengine.learning.genetic[0m:[36mrun_ga[0m:[36m268[0m | [1mGen 26: best=144.640, avg=110.268[0m
[32m2026-07-08 22:43:18[0m | [1mINFO    [0m | [36mengine.learning.genetic[0m:[36mrun_ga[0m:[36m268[0m | [1mGen 27: best=146.998, avg=103.302[0m
[32m2026-07-08 22:43:26[0m | [1mINFO    [0m | [36mengine.learning.genetic[0m:[36mrun_ga[0m:[36m268[0m | [1mGen 28: best=146.998, avg=106.455[0m
[32m2026-07-08 22:43:35[0m | [1mINFO    [0m | [36mengine.learning.genetic[0m:[36mrun_ga[0m:[36m268[0m | [1mGen 29: best=146.998, avg=102.810[0m
[32m2026-07-08 22:43:43[0m | [1mINFO    [0m | [36mengine.learning.genetic[0m:[36mrun_ga[0m:[36m268[0m | [1mGen 30: best=146.998, avg=106.197[0m
[32m2026-07-08 22:43:51[0m | [1mINFO    [0m | [36mengine.learning.genetic[0m:[36mrun_ga[0m:[36m268[0m | [1mGen 31: best=146.998, avg=111.488[0m
[32m2026-07-08 22:44:00[0m | [1mINFO    [0m | [36mengine.learning.genetic[0m:[36mrun_ga[0m:[36m268[0m | [1mGen 32: best=148.140, avg=108.190[0m
[32m2026-07-08 22:44:09[0m | [1mINFO    [0m | [36mengine.learning.genetic[0m:[36mrun_ga[0m:[36m268[0m | [1mGen 33: best=148.140, avg=103.905[0m
[32m2026-07-08 22:44:17[0m | [1mINFO    [0m | [36mengine.learning.genetic[0m:[36mrun_ga[0m:[36m268[0m | [1mGen 34: best=148.140, avg=108.646[0m
[32m2026-07-08 22:44:26[0m | [1mINFO    [0m | [36mengine.learning.genetic[0m:[36mrun_ga[0m:[36m268[0m | [1mGen 35: best=149.353, avg=108.322[0m
[32m2026-07-08 22:44:34[0m | [1mINFO    [0m | [36mengine.learning.genetic[0m:[36mrun_ga[0m:[36m268[0m | [1mGen 36: best=149.947, avg=111.165[0m
[32m2026-07-08 22:44:43[0m | [1mINFO    [0m | [36mengine.learning.genetic[0m:[36mrun_ga[0m:[36m268[0m | [1mGen 37: best=149.947, avg=117.118[0m
[32m2026-07-08 22:44:51[0m | [1mINFO    [0m | [36mengine.learning.genetic[0m:[36mrun_ga[0m:[36m268[0m | [1mGen 38: best=149.947, avg=116.301[0m
[32m2026-07-08 22:45:00[0m | [1mINFO    [0m | [36mengine.learning.genetic[0m:[36mrun_ga[0m:[36m268[0m | [1mGen 39: best=149.947, avg=117.462[0m
[32m2026-07-08 22:45:08[0m | [1mINFO    [0m | [36mengine.learning.genetic[0m:[36mrun_ga[0m:[36m268[0m | [1mGen 40: best=149.947, avg=118.591[0m
[32m2026-07-08 22:45:17[0m | [1mINFO    [0m | [36mengine.learning.genetic[0m:[36mrun_ga[0m:[36m268[0m | [1mGen 41: best=150.234, avg=119.835[0m
[32m2026-07-08 22:45:25[0m | [1mINFO    [0m | [36mengine.learning.genetic[0m:[36mrun_ga[0m:[36m268[0m | [1mGen 42: best=150.234, avg=119.786[0m
[32m2026-07-08 22:45:35[0m | [1mINFO    [0m | [36mengine.learning.genetic[0m:[36mrun_ga[0m:[36m268[0m | [1mGen 43: best=151.891, avg=122.264[0m
[32m2026-07-08 22:45:43[0m | [1mINFO    [0m | [36mengine.learning.genetic[0m:[36mrun_ga[0m:[36m268[0m | [1mGen 44: best=151.891, avg=116.112[0m
[32m2026-07-08 22:45:52[0m | [1mINFO    [0m | [36mengine.learning.genetic[0m:[36mrun_ga[0m:[36m268[0m | [1mGen 45: best=151.891, avg=116.153[0m
[32m2026-07-08 22:46:00[0m | [1mINFO    [0m | [36mengine.learning.genetic[0m:[36mrun_ga[0m:[36m268[0m | [1mGen 46: best=151.891, avg=118.235[0m
[32m2026-07-08 22:46:09[0m | [1mINFO    [0m | [36mengine.learning.genetic[0m:[36mrun_ga[0m:[36m268[0m | [1mGen 47: best=151.891, avg=123.599[0m
[32m2026-07-08 22:46:17[0m | [1mINFO    [0m | [36mengine.learning.genetic[0m:[36mrun_ga[0m:[36m268[0m | [1mGen 48: best=151.891, avg=118.703[0m
[32m2026-07-08 22:46:25[0m | [1mINFO    [0m | [36mengine.learning.genetic[0m:[36mrun_ga[0m:[36m268[0m | [1mGen 49: best=151.891, avg=112.223[0m
[32m2026-07-08 22:46:34[0m | [1mINFO    [0m | [36mengine.learning.genetic[0m:[36mrun_ga[0m:[36m268[0m | [1mGen 50: best=151.891, avg=115.268[0m
2026-07-08 22:46:43,086 INFO train done label=train_1 pid=149780 generations=50 early_stop=False rows=100 elapsed=435.8s
2026-07-08 22:46:43,086 INFO train start label=train_2
[32m2026-07-08 22:46:43[0m | [1mINFO    [0m | [36mengine.core.data_loader[0m:[36mload_ohlcv[0m:[36m157[0m | [1mloaded CE: 1526 rows (2020-06-09 ~ 2026-07-07)[0m
[32m2026-07-08 22:46:43[0m | [1mINFO    [0m | [36mengine.adapters.base[0m:[36mload_history[0m:[36m119[0m | [1mCE: history loaded (1526 rows, 28 cols)[0m
[32m2026-07-08 22:46:54[0m | [1mINFO    [0m | [36mengine.learning.genetic[0m:[36mrun_ga[0m:[36m268[0m | [1mGen  1: best=54.115, avg=-59.564[0m
[32m2026-07-08 22:47:11[0m | [1mINFO    [0m | [36mengine.learning.genetic[0m:[36mrun_ga[0m:[36m268[0m | [1mGen  2: best=54.115, avg=-23.905[0m
[32m2026-07-08 22:47:27[0m | [1mINFO    [0m | [36mengine.learning.genetic[0m:[36mrun_ga[0m:[36m268[0m | [1mGen  3: best=99.586, avg=-6.021[0m
[32m2026-07-08 22:47:49[0m | [1mINFO    [0m | [36mengine.learning.genetic[0m:[36mrun_ga[0m:[36m268[0m | [1mGen  4: best=99.586, avg=7.725[0m
[32m2026-07-08 22:47:58[0m | [1mINFO    [0m | [36mengine.learning.genetic[0m:[36mrun_ga[0m:[36m268[0m | [1mGen  5: best=102.667, avg=20.979[0m
[32m2026-07-08 22:48:07[0m | [1mINFO    [0m | [36mengine.learning.genetic[0m:[36mrun_ga[0m:[36m268[0m | [1mGen  6: best=102.667, avg=16.188[0m
[32m2026-07-08 22:48:15[0m | [1mINFO    [0m | [36mengine.learning.genetic[0m:[36mrun_ga[0m:[36m268[0m | [1mGen  7: best=102.667, avg=27.945[0m
[32m2026-07-08 22:48:24[0m | [1mINFO    [0m | [36mengine.learning.genetic[0m:[36mrun_ga[0m:[36m268[0m | [1mGen  8: best=107.815, avg=29.010[0m
[32m2026-07-08 22:48:33[0m | [1mINFO    [0m | [36mengine.learning.genetic[0m:[36mrun_ga[0m:[36m268[0m | [1mGen  9: best=107.815, avg=41.266[0m
[32m2026-07-08 22:48:41[0m | [1mINFO    [0m | [36mengine.learning.genetic[0m:[36mrun_ga[0m:[36m268[0m | [1mGen 10: best=107.815, avg=54.007[0m
[32m2026-07-08 22:48:50[0m | [1mINFO    [0m | [36mengine.learning.genetic[0m:[36mrun_ga[0m:[36m268[0m | [1mGen 11: best=107.815, avg=63.845[0m
[32m2026-07-08 22:48:59[0m | [1mINFO    [0m | [36mengine.learning.genetic[0m:[36mrun_ga[0m:[36m268[0m | [1mGen 12: best=107.815, avg=60.348[0m
[32m2026-07-08 22:49:07[0m | [1mINFO    [0m | [36mengine.learning.genetic[0m:[36mrun_ga[0m:[36m268[0m | [1mGen 13: best=107.815, avg=66.284[0m
[32m2026-07-08 22:49:16[0m | [1mINFO    [0m | [36mengine.learning.genetic[0m:[36mrun_ga[0m:[36m268[0m | [1mGen 14: best=107.815, avg=67.035[0m
[32m2026-07-08 22:49:25[0m | [1mINFO    [0m | [36mengine.learning.genetic[0m:[36mrun_ga[0m:[36m268[0m | [1mGen 15: best=107.815, avg=63.337[0m
[32m2026-07-08 22:49:33[0m | [1mINFO    [0m | [36mengine.learning.genetic[0m:[36mrun_ga[0m:[36m268[0m | [1mGen 16: best=107.815, avg=64.995[0m
[32m2026-07-08 22:49:42[0m | [1mINFO    [0m | [36mengine.learning.genetic[0m:[36mrun_ga[0m:[36m268[0m | [1mGen 17: best=107.815, avg=73.192[0m
[32m2026-07-08 22:49:51[0m | [1mINFO    [0m | [36mengine.learning.genetic[0m:[36mrun_ga[0m:[36m268[0m | [1mGen 18: best=107.815, avg=70.864[0m
[32m2026-07-08 22:49:59[0m | [1mINFO    [0m | [36mengine.learning.genetic[0m:[36mrun_ga[0m:[36m268[0m | [1mGen 19: best=108.338, avg=70.416[0m
[32m2026-07-08 22:50:08[0m | [1mINFO    [0m | [36mengine.learning.genetic[0m:[36mrun_ga[0m:[36m268[0m | [1mGen 20: best=108.338, avg=68.785[0m
[32m2026-07-08 22:50:17[0m | [1mINFO    [0m | [36mengine.learning.genetic[0m:[36mrun_ga[0m:[36m268[0m | [1mGen 21: best=108.338, avg=68.745[0m
[32m2026-07-08 22:50:25[0m | [1mINFO    [0m | [36mengine.learning.genetic[0m:[36mrun_ga[0m:[36m268[0m | [1mGen 22: best=108.338, avg=72.681[0m
[32m2026-07-08 22:50:34[0m | [1mINFO    [0m | [36mengine.learning.genetic[0m:[36mrun_ga[0m:[36m268[0m | [1mGen 23: best=108.338, avg=64.904[0m
[32m2026-07-08 22:50:43[0m | [1mINFO    [0m | [36mengine.learning.genetic[0m:[36mrun_ga[0m:[36m268[0m | [1mGen 24: best=108.338, avg=70.053[0m
[32m2026-07-08 22:50:51[0m | [1mINFO    [0m | [36mengine.learning.genetic[0m:[36mrun_ga[0m:[36m268[0m | [1mGen 25: best=108.338, avg=73.167[0m
[32m2026-07-08 22:51:00[0m | [1mINFO    [0m | [36mengine.learning.genetic[0m:[36mrun_ga[0m:[36m268[0m | [1mGen 26: best=108.541, avg=67.730[0m
[32m2026-07-08 22:51:09[0m | [1mINFO    [0m | [36mengine.learning.genetic[0m:[36mrun_ga[0m:[36m268[0m | [1mGen 27: best=108.541, avg=72.790[0m
[32m2026-07-08 22:51:17[0m | [1mINFO    [0m | [36mengine.learning.genetic[0m:[36mrun_ga[0m:[36m268[0m | [1mGen 28: best=108.642, avg=75.102[0m
[32m2026-07-08 22:51:26[0m | [1mINFO    [0m | [36mengine.learning.genetic[0m:[36mrun_ga[0m:[36m268[0m | [1mGen 29: best=108.642, avg=76.793[0m
[32m2026-07-08 22:51:35[0m | [1mINFO    [0m | [36mengine.learning.genetic[0m:[36mrun_ga[0m:[36m268[0m | [1mGen 30: best=108.642, avg=76.854[0m
[32m2026-07-08 22:51:44[0m | [1mINFO    [0m | [36mengine.learning.genetic[0m:[36mrun_ga[0m:[36m268[0m | [1mGen 31: best=108.642, avg=76.266[0m
[32m2026-07-08 22:51:53[0m | [1mINFO    [0m | [36mengine.learning.genetic[0m:[36mrun_ga[0m:[36m268[0m | [1mGen 32: best=109.241, avg=69.924[0m
[32m2026-07-08 22:52:01[0m | [1mINFO    [0m | [36mengine.learning.genetic[0m:[36mrun_ga[0m:[36m268[0m | [1mGen 33: best=109.241, avg=71.894[0m
[32m2026-07-08 22:52:10[0m | [1mINFO    [0m | [36mengine.learning.genetic[0m:[36mrun_ga[0m:[36m268[0m | [1mGen 34: best=109.241, avg=79.270[0m
[32m2026-07-08 22:52:19[0m | [1mINFO    [0m | [36mengine.learning.genetic[0m:[36mrun_ga[0m:[36m268[0m | [1mGen 35: best=109.241, avg=78.098[0m
[32m2026-07-08 22:52:28[0m | [1mINFO    [0m | [36mengine.learning.genetic[0m:[36mrun_ga[0m:[36m268[0m | [1mGen 36: best=109.241, avg=72.457[0m
[32m2026-07-08 22:52:36[0m | [1mINFO    [0m | [36mengine.learning.genetic[0m:[36mrun_ga[0m:[36m268[0m | [1mGen 37: best=109.241, avg=70.117[0m
[32m2026-07-08 22:52:45[0m | [1mINFO    [0m | [36mengine.learning.genetic[0m:[36mrun_ga[0m:[36m268[0m | [1mGen 38: best=109.241, avg=68.883[0m
[32m2026-07-08 22:52:54[0m | [1mINFO    [0m | [36mengine.learning.genetic[0m:[36mrun_ga[0m:[36m268[0m | [1mGen 39: best=109.241, avg=69.327[0m
[32m2026-07-08 22:53:03[0m | [1mINFO    [0m | [36mengine.learning.genetic[0m:[36mrun_ga[0m:[36m268[0m | [1mGen 40: best=109.241, avg=74.022[0m
[32m2026-07-08 22:53:12[0m | [1mINFO    [0m | [36mengine.learning.genetic[0m:[36mrun_ga[0m:[36m268[0m | [1mGen 41: best=109.369, avg=72.464[0m
[32m2026-07-08 22:53:21[0m | [1mINFO    [0m | [36mengine.learning.genetic[0m:[36mrun_ga[0m:[36m268[0m | [1mGen 42: best=109.369, avg=68.631[0m
[32m2026-07-08 22:53:30[0m | [1mINFO    [0m | [36mengine.learning.genetic[0m:[36mrun_ga[0m:[36m268[0m | [1mGen 43: best=109.369, avg=70.310[0m
[32m2026-07-08 22:53:38[0m | [1mINFO    [0m | [36mengine.learning.genetic[0m:[36mrun_ga[0m:[36m268[0m | [1mGen 44: best=109.369, avg=64.262[0m
[32m2026-07-08 22:53:47[0m | [1mINFO    [0m | [36mengine.learning.genetic[0m:[36mrun_ga[0m:[36m268[0m | [1mGen 45: best=109.369, avg=76.917[0m
[32m2026-07-08 22:53:56[0m | [1mINFO    [0m | [36mengine.learning.genetic[0m:[36mrun_ga[0m:[36m268[0m | [1mGen 46: best=109.369, avg=67.820[0m
[32m2026-07-08 22:54:05[0m | [1mINFO    [0m | [36mengine.learning.genetic[0m:[36mrun_ga[0m:[36m268[0m | [1mGen 47: best=109.941, avg=73.473[0m
[32m2026-07-08 22:54:14[0m | [1mINFO    [0m | [36mengine.learning.genetic[0m:[36mrun_ga[0m:[36m268[0m | [1mGen 48: best=109.941, avg=73.650[0m
[32m2026-07-08 22:54:23[0m | [1mINFO    [0m | [36mengine.learning.genetic[0m:[36mrun_ga[0m:[36m268[0m | [1mGen 49: best=109.941, avg=77.929[0m
[32m2026-07-08 22:54:32[0m | [1mINFO    [0m | [36mengine.learning.genetic[0m:[36mrun_ga[0m:[36m268[0m | [1mGen 50: best=109.941, avg=77.005[0m
2026-07-08 22:54:41,271 INFO train done label=train_2 pid=149780 generations=50 early_stop=False rows=100 elapsed=478.1s
2026-07-08 22:54:41,271 INFO train start label=train_3
[32m2026-07-08 22:54:41[0m | [1mINFO    [0m | [36mengine.core.data_loader[0m:[36mload_ohlcv[0m:[36m157[0m | [1mloaded CE: 1526 rows (2020-06-09 ~ 2026-07-07)[0m
[32m2026-07-08 22:54:41[0m | [1mINFO    [0m | [36mengine.adapters.base[0m:[36mload_history[0m:[36m119[0m | [1mCE: history loaded (1526 rows, 28 cols)[0m
[32m2026-07-08 22:54:52[0m | [1mINFO    [0m | [36mengine.learning.genetic[0m:[36mrun_ga[0m:[36m268[0m | [1mGen  1: best=99.187, avg=-86.453[0m
[32m2026-07-08 22:55:01[0m | [1mINFO    [0m | [36mengine.learning.genetic[0m:[36mrun_ga[0m:[36m268[0m | [1mGen  2: best=103.129, avg=-44.817[0m
[32m2026-07-08 22:55:10[0m | [1mINFO    [0m | [36mengine.learning.genetic[0m:[36mrun_ga[0m:[36m268[0m | [1mGen  3: best=105.048, avg=-18.264[0m
[32m2026-07-08 22:55:20[0m | [1mINFO    [0m | [36mengine.learning.genetic[0m:[36mrun_ga[0m:[36m268[0m | [1mGen  4: best=107.985, avg=-10.848[0m
[32m2026-07-08 22:55:29[0m | [1mINFO    [0m | [36mengine.learning.genetic[0m:[36mrun_ga[0m:[36m268[0m | [1mGen  5: best=108.596, avg=10.423[0m
[32m2026-07-08 22:55:38[0m | [1mINFO    [0m | [36mengine.learning.genetic[0m:[36mrun_ga[0m:[36m268[0m | [1mGen  6: best=110.240, avg=24.709[0m
[32m2026-07-08 22:55:48[0m | [1mINFO    [0m | [36mengine.learning.genetic[0m:[36mrun_ga[0m:[36m268[0m | [1mGen  7: best=110.240, avg=45.040[0m
[32m2026-07-08 22:55:58[0m | [1mINFO    [0m | [36mengine.learning.genetic[0m:[36mrun_ga[0m:[36m268[0m | [1mGen  8: best=110.240, avg=50.473[0m
[32m2026-07-08 22:56:07[0m | [1mINFO    [0m | [36mengine.learning.genetic[0m:[36mrun_ga[0m:[36m268[0m | [1mGen  9: best=110.240, avg=59.458[0m
[32m2026-07-08 22:56:16[0m | [1mINFO    [0m | [36mengine.learning.genetic[0m:[36mrun_ga[0m:[36m268[0m | [1mGen 10: best=111.074, avg=67.433[0m
[32m2026-07-08 22:56:26[0m | [1mINFO    [0m | [36mengine.learning.genetic[0m:[36mrun_ga[0m:[36m268[0m | [1mGen 11: best=111.158, avg=68.497[0m
[32m2026-07-08 22:56:35[0m | [1mINFO    [0m | [36mengine.learning.genetic[0m:[36mrun_ga[0m:[36m268[0m | [1mGen 12: best=111.158, avg=65.485[0m
[32m2026-07-08 22:56:45[0m | [1mINFO    [0m | [36mengine.learning.genetic[0m:[36mrun_ga[0m:[36m268[0m | [1mGen 13: best=111.158, avg=70.088[0m
[32m2026-07-08 22:56:54[0m | [1mINFO    [0m | [36mengine.learning.genetic[0m:[36mrun_ga[0m:[36m268[0m | [1mGen 14: best=111.217, avg=79.317[0m
[32m2026-07-08 22:57:04[0m | [1mINFO    [0m | [36mengine.learning.genetic[0m:[36mrun_ga[0m:[36m268[0m | [1mGen 15: best=111.217, avg=61.273[0m
[32m2026-07-08 22:57:13[0m | [1mINFO    [0m | [36mengine.learning.genetic[0m:[36mrun_ga[0m:[36m268[0m | [1mGen 16: best=111.217, avg=78.183[0m
[32m2026-07-08 22:57:23[0m | [1mINFO    [0m | [36mengine.learning.genetic[0m:[36mrun_ga[0m:[36m268[0m | [1mGen 17: best=111.217, avg=65.238[0m
[32m2026-07-08 22:57:32[0m | [1mINFO    [0m | [36mengine.learning.genetic[0m:[36mrun_ga[0m:[36m268[0m | [1mGen 18: best=111.217, avg=69.773[0m
[32m2026-07-08 22:57:42[0m | [1mINFO    [0m | [36mengine.learning.genetic[0m:[36mrun_ga[0m:[36m268[0m | [1mGen 19: best=111.217, avg=80.332[0m
[32m2026-07-08 22:57:52[0m | [1mINFO    [0m | [36mengine.learning.genetic[0m:[36mrun_ga[0m:[36m268[0m | [1mGen 20: best=111.217, avg=81.690[0m
[32m2026-07-08 22:58:09[0m | [1mINFO    [0m | [36mengine.learning.genetic[0m:[36mrun_ga[0m:[36m268[0m | [1mGen 21: best=111.217, avg=86.845[0m
[32m2026-07-08 22:58:26[0m | [1mINFO    [0m | [36mengine.learning.genetic[0m:[36mrun_ga[0m:[36m268[0m | [1mGen 22: best=111.220, avg=79.179[0m
[32m2026-07-08 22:58:44[0m | [1mINFO    [0m | [36mengine.learning.genetic[0m:[36mrun_ga[0m:[36m268[0m | [1mGen 23: best=111.220, avg=72.595[0m
[32m2026-07-08 22:59:04[0m | [1mINFO    [0m | [36mengine.learning.genetic[0m:[36mrun_ga[0m:[36m268[0m | [1mGen 24: best=111.220, avg=79.233[0m
[32m2026-07-08 22:59:13[0m | [1mINFO    [0m | [36mengine.learning.genetic[0m:[36mrun_ga[0m:[36m268[0m | [1mGen 25: best=111.220, avg=80.518[0m
[32m2026-07-08 22:59:22[0m | [1mINFO    [0m | [36mengine.learning.genetic[0m:[36mrun_ga[0m:[36m268[0m | [1mGen 26: best=111.220, avg=76.507[0m
[32m2026-07-08 22:59:32[0m | [1mINFO    [0m | [36mengine.learning.genetic[0m:[36mrun_ga[0m:[36m268[0m | [1mGen 27: best=111.220, avg=69.398[0m
[32m2026-07-08 22:59:41[0m | [1mINFO    [0m | [36mengine.learning.genetic[0m:[36mrun_ga[0m:[36m268[0m | [1mGen 28: best=111.220, avg=81.417[0m
[32m2026-07-08 22:59:50[0m | [1mINFO    [0m | [36mengine.learning.genetic[0m:[36mrun_ga[0m:[36m268[0m | [1mGen 29: best=111.220, avg=67.382[0m
[32m2026-07-08 23:00:00[0m | [1mINFO    [0m | [36mengine.learning.genetic[0m:[36mrun_ga[0m:[36m268[0m | [1mGen 30: best=111.220, avg=75.156[0m
[32m2026-07-08 23:00:09[0m | [1mINFO    [0m | [36mengine.learning.genetic[0m:[36mrun_ga[0m:[36m268[0m | [1mGen 31: best=111.220, avg=66.597[0m
[32m2026-07-08 23:00:19[0m | [1mINFO    [0m | [36mengine.learning.genetic[0m:[36mrun_ga[0m:[36m268[0m | [1mGen 32: best=111.220, avg=75.583[0m
[32m2026-07-08 23:00:28[0m | [1mINFO    [0m | [36mengine.learning.genetic[0m:[36mrun_ga[0m:[36m268[0m | [1mGen 33: best=111.270, avg=73.875[0m
[32m2026-07-08 23:00:38[0m | [1mINFO    [0m | [36mengine.learning.genetic[0m:[36mrun_ga[0m:[36m268[0m | [1mGen 34: best=111.270, avg=82.597[0m
[32m2026-07-08 23:00:47[0m | [1mINFO    [0m | [36mengine.learning.genetic[0m:[36mrun_ga[0m:[36m268[0m | [1mGen 35: best=111.270, avg=74.991[0m
[32m2026-07-08 23:00:57[0m | [1mINFO    [0m | [36mengine.learning.genetic[0m:[36mrun_ga[0m:[36m268[0m | [1mGen 36: best=111.270, avg=73.281[0m
[32m2026-07-08 23:01:06[0m | [1mINFO    [0m | [36mengine.learning.genetic[0m:[36mrun_ga[0m:[36m268[0m | [1mGen 37: best=111.270, avg=72.322[0m
[32m2026-07-08 23:01:16[0m | [1mINFO    [0m | [36mengine.learning.genetic[0m:[36mrun_ga[0m:[36m268[0m | [1mGen 38: best=111.270, avg=73.459[0m
[32m2026-07-08 23:01:25[0m | [1mINFO    [0m | [36mengine.learning.genetic[0m:[36mrun_ga[0m:[36m268[0m | [1mGen 39: best=111.270, avg=78.301[0m
[32m2026-07-08 23:01:34[0m | [1mINFO    [0m | [36mengine.learning.genetic[0m:[36mrun_ga[0m:[36m268[0m | [1mGen 40: best=111.270, avg=77.883[0m
[32m2026-07-08 23:01:44[0m | [1mINFO    [0m | [36mengine.learning.genetic[0m:[36mrun_ga[0m:[36m268[0m | [1mGen 41: best=111.270, avg=65.991[0m
[32m2026-07-08 23:01:53[0m | [1mINFO    [0m | [36mengine.learning.genetic[0m:[36mrun_ga[0m:[36m268[0m | [1mGen 42: best=111.270, avg=73.697[0m
[32m2026-07-08 23:02:03[0m | [1mINFO    [0m | [36mengine.learning.genetic[0m:[36mrun_ga[0m:[36m268[0m | [1mGen 43: best=111.270, avg=76.685[0m
[32m2026-07-08 23:02:12[0m | [1mINFO    [0m | [36mengine.learning.genetic[0m:[36mrun_ga[0m:[36m268[0m | [1mGen 44: best=111.270, avg=63.860[0m
[32m2026-07-08 23:02:21[0m | [1mINFO    [0m | [36mengine.learning.genetic[0m:[36mrun_ga[0m:[36m268[0m | [1mGen 45: best=111.270, avg=76.834[0m
[32m2026-07-08 23:02:31[0m | [1mINFO    [0m | [36mengine.learning.genetic[0m:[36mrun_ga[0m:[36m268[0m | [1mGen 46: best=111.270, avg=86.609[0m
[32m2026-07-08 23:02:40[0m | [1mINFO    [0m | [36mengine.learning.genetic[0m:[36mrun_ga[0m:[36m268[0m | [1mGen 47: best=111.270, avg=80.626[0m
2026-07-08 23:02:50,331 INFO train done label=train_3 pid=149780 generations=48 early_stop=True rows=100 elapsed=489.0s
[32m2026-07-08 23:02:50[0m | [1mINFO    [0m | [36mengine.learning.genetic[0m:[36mrun_ga[0m:[36m268[0m | [1mGen 48: best=111.270, avg=80.868[0m
[32m2026-07-08 23:02:50[0m | [1mINFO    [0m | [36mengine.learning.genetic[0m:[36mrun_ga[0m:[36m278[0m | [1mearly stop at gen 48 (no improvement for 15)[0m
2026-07-08 23:02:50,369 INFO eval start period=stress_pre_2022h1 reached=300
2026-07-08 23:03:31,772 INFO eval done period=stress_pre_2022h1 pass=0
2026-07-08 23:03:31,772 INFO eval start period=train_3_eval reached=0
2026-07-08 23:03:31,778 INFO eval done period=train_3_eval pass=0
2026-07-08 23:03:31,779 INFO eval start period=train_2_eval reached=0
2026-07-08 23:03:31,779 INFO eval done period=train_2_eval pass=0
2026-07-08 23:03:31,779 INFO eval start period=train_1_eval reached=0
2026-07-08 23:03:31,779 INFO eval done period=train_1_eval pass=0
2026-07-08 23:03:31,779 INFO eval start period=oos_2025h2 reached=0
2026-07-08 23:03:31,779 INFO eval done period=oos_2025h2 pass=0
2026-07-08 23:03:32,856 INFO stage2 rl_replay_trades written path=/home/g3000kkw/kingmaker/exp_batch_CE_materials_retrain_20260708/tickers/CE/stage2/rl_replay_trades.jsonl rows=5471 missing_field_counts={'entry_rulebook_hash': 5471, 'exit_rank': 5471, 'final_rulebook_hash': 5471} critical_null_counts={}
2026-07-08 23:03:32,858 INFO stage2 done ticker=CE survivors=0 elapsed=1445.7s
{
  "actual_eval_ratio": 0.2,
  "actual_period_evaluations": 300,
  "elapsed_sec": 1445.6930718421936,
  "fail_counts_by_first_failed_period": {
    "stress_pre_2022h1": 300
  },
  "fitness_cache": {
    "enabled": false,
    "hit_rate": 0.0,
    "hits": 0,
    "misses": 0,
    "unique_keys": 0
  },
  "fitness_cache_by_train": {
    "train_1": {
      "enabled": false,
      "hit_rate": 0.0,
      "hits": 0,
      "misses": 0,
      "unique_keys": 0
    },
    "train_2": {
      "enabled": false,
      "hit_rate": 0.0,
      "hits": 0,
      "misses": 0,
      "unique_keys": 0
    },
    "train_3": {
      "enabled": false,
      "hit_rate": 0.0,
      "hits": 0,
      "misses": 0,
      "unique_keys": 0
    }
  },
  "ga_average_generations_run": 49.333333333333336,
  "ga_early_stop_triggered_by_train": {
    "train_1": false,
    "train_2": false,
    "train_3": true
  },
  "ga_early_stop_triggered_count": 1,
  "ga_generations_run_by_train": {
    "train_1": 50,
    "train_2": 50,
    "train_3": 48
  },
  "generated_rulebook_rows": 300,
  "max_period_evaluations": 1500,
  "outputs": {
    "config": "/home/g3000kkw/kingmaker/exp_batch_CE_materials_retrain_20260708/tickers/CE/stage2/config.json",
    "early_cut_log": "/home/g3000kkw/kingmaker/exp_batch_CE_materials_retrain_20260708/tickers/CE/stage2/early_cut_log.csv",
    "ga_history": "/home/g3000kkw/kingmaker/exp_batch_CE_materials_retrain_20260708/tickers/CE/stage2/ga_history.csv",
    "period_metrics_all": "/home/g3000kkw/kingmaker/exp_batch_CE_materials_retrain_20260708/tickers/CE/stage2/period_metrics_all.csv",
    "rulebooks_all": "/home/g3000kkw/kingmaker/exp_batch_CE_materials_retrain_20260708/tickers/CE/stage2/rulebooks_all.jsonl",
    "run_log": "/home/g3000kkw/kingmaker/exp_batch_CE_materials_retrain_20260708/tickers/CE/stage2/run.log",
    "summary": "/home/g3000kkw/kingmaker/exp_batch_CE_materials_retrain_20260708/tickers/CE/stage2/summary.json",
    "survivors": "/home/g3000kkw/kingmaker/exp_batch_CE_materials_retrain_20260708/tickers/CE/stage2/survivors.jsonl",
    "trades": "/home/g3000kkw/kingmaker/exp_batch_CE_materials_retrain_20260708/tickers/CE/stage2/trades.jsonl"
  },
  "parallel": {
    "enabled": false,
    "live_runner_reserved_cores": 1,
    "note": "Parallel mode runs independent train splits in separate processes; GA engine has no internal worker parameter.",
    "system_cpu": 8,
    "train_splits_parallel": 1
  },
  "period_eval_saved_ratio": 0.8,
  "survivor_count": 0,
  "survivor_hashes": [],
  "ticker": "CE",
  "unique_rulebook_hashes": 300
}
[32m2026-07-08 23:03:32[0m | [1mINFO    [0m | [36mengine.core.data_loader[0m:[36mload_ohlcv[0m:[36m157[0m | [1mloaded CE: 1526 rows (2020-06-09 ~ 2026-07-07)[0m
[32m2026-07-08 23:03:32[0m | [1mINFO    [0m | [36mengine.adapters.base[0m:[36mload_history[0m:[36m119[0m | [1mCE: history loaded (1526 rows, 28 cols)[0m
INJECT_OK
{
  "base_market_history": "/home/g3000kkw/kingmaker/data/_system/market_history.csv",
  "base_rulebook_sector_name": "materials",
  "check_end": "2026-06-12",
  "check_non_null": true,
  "check_null_count": 0,
  "check_rows": 1526,
  "check_start": "2020-05-18",
  "has_sector_materials": true,
  "market_history_first": "2019-07-08",
  "market_history_last": "2026-07-07",
  "materials_latest_in_check": 88.16007423552026,
  "materials_max": 100.0,
  "materials_min": 0.0,
  "non_neutral_count": 1466,
  "ok_materials_column": true,
  "ok_no_missing": true,
  "ok_sector_name": true,
  "patched_market_history": "/home/g3000kkw/kingmaker/exp_batch_CE_materials_retrain_20260708/inputs/market_history_with_sector_materials.csv",
  "run_root": "/home/g3000kkw/kingmaker/exp_batch_CE_materials_retrain_20260708",
  "sector_name": "materials",
  "status": "INJECT_OK",
  "ticker": "CE",
  "unique_count": 1172,
  "xlb_cache": "/home/g3000kkw/kingmaker/data/_system/research/honest_full_6174_20260616_stage01_full/stage0/ohlcv_cache/XLB.pkl",
  "xlb_first": "2020-05-18",
  "xlb_last": "2026-06-12"
}
{"event": "stage3_start", "ticker": "CE", "stage": "all", "out_dir": "/home/g3000kkw/kingmaker/exp_batch_CE_materials_retrain_20260708/tickers/CE/stage3", "seed_base": 2026061505}
[32m2026-07-08 23:03:33[0m | [1mINFO    [0m | [36mengine.adapters.base[0m:[36mload_history[0m:[36m119[0m | [1mCE: history loaded (1526 rows, 28 cols)[0m
{"event": "stage3_qualify_ga_start", "ticker": "CE", "split": "train_1", "seed": 2026061506}
[32m2026-07-08 23:03:43[0m | [1mINFO    [0m | [36mengine.learning.genetic[0m:[36mrun_ga[0m:[36m268[0m | [1mGen  1: best=90.317, avg=-24.135[0m
[32m2026-07-08 23:03:52[0m | [1mINFO    [0m | [36mengine.learning.genetic[0m:[36mrun_ga[0m:[36m268[0m | [1mGen  2: best=90.317, avg=-1.076[0m
[32m2026-07-08 23:04:01[0m | [1mINFO    [0m | [36mengine.learning.genetic[0m:[36mrun_ga[0m:[36m268[0m | [1mGen  3: best=103.102, avg=11.496[0m
[32m2026-07-08 23:04:09[0m | [1mINFO    [0m | [36mengine.learning.genetic[0m:[36mrun_ga[0m:[36m268[0m | [1mGen  4: best=103.102, avg=28.894[0m
[32m2026-07-08 23:04:18[0m | [1mINFO    [0m | [36mengine.learning.genetic[0m:[36mrun_ga[0m:[36m268[0m | [1mGen  5: best=103.974, avg=38.860[0m
[32m2026-07-08 23:04:26[0m | [1mINFO    [0m | [36mengine.learning.genetic[0m:[36mrun_ga[0m:[36m268[0m | [1mGen  6: best=103.974, avg=41.542[0m
[32m2026-07-08 23:04:35[0m | [1mINFO    [0m | [36mengine.learning.genetic[0m:[36mrun_ga[0m:[36m268[0m | [1mGen  7: best=103.974, avg=52.415[0m
[32m2026-07-08 23:04:44[0m | [1mINFO    [0m | [36mengine.learning.genetic[0m:[36mrun_ga[0m:[36m268[0m | [1mGen  8: best=118.285, avg=55.152[0m
[32m2026-07-08 23:04:52[0m | [1mINFO    [0m | [36mengine.learning.genetic[0m:[36mrun_ga[0m:[36m268[0m | [1mGen  9: best=118.285, avg=62.148[0m
[32m2026-07-08 23:05:01[0m | [1mINFO    [0m | [36mengine.learning.genetic[0m:[36mrun_ga[0m:[36m268[0m | [1mGen 10: best=118.285, avg=65.031[0m
[32m2026-07-08 23:05:09[0m | [1mINFO    [0m | [36mengine.learning.genetic[0m:[36mrun_ga[0m:[36m268[0m | [1mGen 11: best=121.671, avg=78.887[0m
[32m2026-07-08 23:05:18[0m | [1mINFO    [0m | [36mengine.learning.genetic[0m:[36mrun_ga[0m:[36m268[0m | [1mGen 12: best=122.163, avg=80.502[0m
[32m2026-07-08 23:05:26[0m | [1mINFO    [0m | [36mengine.learning.genetic[0m:[36mrun_ga[0m:[36m268[0m | [1mGen 13: best=126.421, avg=89.638[0m
[32m2026-07-08 23:05:35[0m | [1mINFO    [0m | [36mengine.learning.genetic[0m:[36mrun_ga[0m:[36m268[0m | [1mGen 14: best=127.215, avg=94.911[0m
[32m2026-07-08 23:05:43[0m | [1mINFO    [0m | [36mengine.learning.genetic[0m:[36mrun_ga[0m:[36m268[0m | [1mGen 15: best=134.707, avg=96.308[0m
[32m2026-07-08 23:05:52[0m | [1mINFO    [0m | [36mengine.learning.genetic[0m:[36mrun_ga[0m:[36m268[0m | [1mGen 16: best=134.707, avg=88.996[0m
[32m2026-07-08 23:06:00[0m | [1mINFO    [0m | [36mengine.learning.genetic[0m:[36mrun_ga[0m:[36m268[0m | [1mGen 17: best=136.097, avg=100.424[0m
[32m2026-07-08 23:06:09[0m | [1mINFO    [0m | [36mengine.learning.genetic[0m:[36mrun_ga[0m:[36m268[0m | [1mGen 18: best=136.097, avg=108.163[0m
[32m2026-07-08 23:06:17[0m | [1mINFO    [0m | [36mengine.learning.genetic[0m:[36mrun_ga[0m:[36m268[0m | [1mGen 19: best=136.097, avg=107.601[0m
[32m2026-07-08 23:06:26[0m | [1mINFO    [0m | [36mengine.learning.genetic[0m:[36mrun_ga[0m:[36m268[0m | [1mGen 20: best=139.563, avg=107.354[0m
[32m2026-07-08 23:06:34[0m | [1mINFO    [0m | [36mengine.learning.genetic[0m:[36mrun_ga[0m:[36m268[0m | [1mGen 21: best=139.563, avg=105.227[0m
[32m2026-07-08 23:06:42[0m | [1mINFO    [0m | [36mengine.learning.genetic[0m:[36mrun_ga[0m:[36m268[0m | [1mGen 22: best=141.691, avg=106.259[0m
[32m2026-07-08 23:06:51[0m | [1mINFO    [0m | [36mengine.learning.genetic[0m:[36mrun_ga[0m:[36m268[0m | [1mGen 23: best=141.691, avg=106.540[0m
[32m2026-07-08 23:06:59[0m | [1mINFO    [0m | [36mengine.learning.genetic[0m:[36mrun_ga[0m:[36m268[0m | [1mGen 24: best=141.691, avg=104.739[0m
[32m2026-07-08 23:07:08[0m | [1mINFO    [0m | [36mengine.learning.genetic[0m:[36mrun_ga[0m:[36m268[0m | [1mGen 25: best=144.640, avg=104.252[0m
[32m2026-07-08 23:07:16[0m | [1mINFO    [0m | [36mengine.learning.genetic[0m:[36mrun_ga[0m:[36m268[0m | [1mGen 26: best=144.640, avg=110.268[0m
[32m2026-07-08 23:07:25[0m | [1mINFO    [0m | [36mengine.learning.genetic[0m:[36mrun_ga[0m:[36m268[0m | [1mGen 27: best=146.998, avg=103.302[0m
[32m2026-07-08 23:07:33[0m | [1mINFO    [0m | [36mengine.learning.genetic[0m:[36mrun_ga[0m:[36m268[0m | [1mGen 28: best=146.998, avg=106.455[0m
[32m2026-07-08 23:07:42[0m | [1mINFO    [0m | [36mengine.learning.genetic[0m:[36mrun_ga[0m:[36m268[0m | [1mGen 29: best=146.998, avg=102.810[0m
[32m2026-07-08 23:07:50[0m | [1mINFO    [0m | [36mengine.learning.genetic[0m:[36mrun_ga[0m:[36m268[0m | [1mGen 30: best=146.998, avg=106.197[0m
[32m2026-07-08 23:07:59[0m | [1mINFO    [0m | [36mengine.learning.genetic[0m:[36mrun_ga[0m:[36m268[0m | [1mGen 31: best=146.998, avg=111.488[0m
[32m2026-07-08 23:08:07[0m | [1mINFO    [0m | [36mengine.learning.genetic[0m:[36mrun_ga[0m:[36m268[0m | [1mGen 32: best=148.140, avg=108.190[0m
[32m2026-07-08 23:08:16[0m | [1mINFO    [0m | [36mengine.learning.genetic[0m:[36mrun_ga[0m:[36m268[0m | [1mGen 33: best=148.140, avg=103.905[0m
[32m2026-07-08 23:08:24[0m | [1mINFO    [0m | [36mengine.learning.genetic[0m:[36mrun_ga[0m:[36m268[0m | [1mGen 34: best=148.140, avg=108.646[0m
[32m2026-07-08 23:08:33[0m | [1mINFO    [0m | [36mengine.learning.genetic[0m:[36mrun_ga[0m:[36m268[0m | [1mGen 35: best=149.353, avg=108.322[0m
[32m2026-07-08 23:08:41[0m | [1mINFO    [0m | [36mengine.learning.genetic[0m:[36mrun_ga[0m:[36m268[0m | [1mGen 36: best=149.947, avg=111.165[0m
[32m2026-07-08 23:08:50[0m | [1mINFO    [0m | [36mengine.learning.genetic[0m:[36mrun_ga[0m:[36m268[0m | [1mGen 37: best=149.947, avg=117.118[0m
[32m2026-07-08 23:08:58[0m | [1mINFO    [0m | [36mengine.learning.genetic[0m:[36mrun_ga[0m:[36m268[0m | [1mGen 38: best=149.947, avg=116.301[0m
[32m2026-07-08 23:09:07[0m | [1mINFO    [0m | [36mengine.learning.genetic[0m:[36mrun_ga[0m:[36m268[0m | [1mGen 39: best=149.947, avg=117.462[0m
[32m2026-07-08 23:09:15[0m | [1mINFO    [0m | [36mengine.learning.genetic[0m:[36mrun_ga[0m:[36m268[0m | [1mGen 40: best=149.947, avg=118.591[0m
{"event": "stage3_qualify_ga_done", "ticker": "CE", "split": "train_1", "top_count": 100}
{"event": "stage3_qualify_ga_start", "ticker": "CE", "split": "train_2", "seed": 2026061507}
[32m2026-07-08 23:09:35[0m | [1mINFO    [0m | [36mengine.learning.genetic[0m:[36mrun_ga[0m:[36m268[0m | [1mGen  1: best=54.115, avg=-59.564[0m
[32m2026-07-08 23:09:44[0m | [1mINFO    [0m | [36mengine.learning.genetic[0m:[36mrun_ga[0m:[36m268[0m | [1mGen  2: best=54.115, avg=-23.905[0m
[32m2026-07-08 23:09:53[0m | [1mINFO    [0m | [36mengine.learning.genetic[0m:[36mrun_ga[0m:[36m268[0m | [1mGen  3: best=99.586, avg=-6.021[0m
[32m2026-07-08 23:10:02[0m | [1mINFO    [0m | [36mengine.learning.genetic[0m:[36mrun_ga[0m:[36m268[0m | [1mGen  4: best=99.586, avg=7.725[0m
[32m2026-07-08 23:10:11[0m | [1mINFO    [0m | [36mengine.learning.genetic[0m:[36mrun_ga[0m:[36m268[0m | [1mGen  5: best=102.667, avg=20.979[0m
[32m2026-07-08 23:10:19[0m | [1mINFO    [0m | [36mengine.learning.genetic[0m:[36mrun_ga[0m:[36m268[0m | [1mGen  6: best=102.667, avg=16.188[0m
[32m2026-07-08 23:10:28[0m | [1mINFO    [0m | [36mengine.learning.genetic[0m:[36mrun_ga[0m:[36m268[0m | [1mGen  7: best=102.667, avg=27.945[0m
[32m2026-07-08 23:10:37[0m | [1mINFO    [0m | [36mengine.learning.genetic[0m:[36mrun_ga[0m:[36m268[0m | [1mGen  8: best=107.815, avg=29.010[0m
[32m2026-07-08 23:10:45[0m | [1mINFO    [0m | [36mengine.learning.genetic[0m:[36mrun_ga[0m:[36m268[0m | [1mGen  9: best=107.815, avg=41.266[0m
[32m2026-07-08 23:10:54[0m | [1mINFO    [0m | [36mengine.learning.genetic[0m:[36mrun_ga[0m:[36m268[0m | [1mGen 10: best=107.815, avg=54.007[0m
[32m2026-07-08 23:11:03[0m | [1mINFO    [0m | [36mengine.learning.genetic[0m:[36mrun_ga[0m:[36m268[0m | [1mGen 11: best=107.815, avg=63.845[0m
[32m2026-07-08 23:11:12[0m | [1mINFO    [0m | [36mengine.learning.genetic[0m:[36mrun_ga[0m:[36m268[0m | [1mGen 12: best=107.815, avg=60.348[0m
[32m2026-07-08 23:11:20[0m | [1mINFO    [0m | [36mengine.learning.genetic[0m:[36mrun_ga[0m:[36m268[0m | [1mGen 13: best=107.815, avg=66.284[0m
[32m2026-07-08 23:11:29[0m | [1mINFO    [0m | [36mengine.learning.genetic[0m:[36mrun_ga[0m:[36m268[0m | [1mGen 14: best=107.815, avg=67.035[0m
[32m2026-07-08 23:11:37[0m | [1mINFO    [0m | [36mengine.learning.genetic[0m:[36mrun_ga[0m:[36m268[0m | [1mGen 15: best=107.815, avg=63.337[0m
[32m2026-07-08 23:11:46[0m | [1mINFO    [0m | [36mengine.learning.genetic[0m:[36mrun_ga[0m:[36m268[0m | [1mGen 16: best=107.815, avg=64.995[0m
[32m2026-07-08 23:11:55[0m | [1mINFO    [0m | [36mengine.learning.genetic[0m:[36mrun_ga[0m:[36m268[0m | [1mGen 17: best=107.815, avg=73.192[0m
[32m2026-07-08 23:12:03[0m | [1mINFO    [0m | [36mengine.learning.genetic[0m:[36mrun_ga[0m:[36m268[0m | [1mGen 18: best=107.815, avg=70.864[0m
[32m2026-07-08 23:12:12[0m | [1mINFO    [0m | [36mengine.learning.genetic[0m:[36mrun_ga[0m:[36m268[0m | [1mGen 19: best=108.338, avg=70.416[0m
[32m2026-07-08 23:12:20[0m | [1mINFO    [0m | [36mengine.learning.genetic[0m:[36mrun_ga[0m:[36m268[0m | [1mGen 20: best=108.338, avg=68.785[0m
[32m2026-07-08 23:12:29[0m | [1mINFO    [0m | [36mengine.learning.genetic[0m:[36mrun_ga[0m:[36m268[0m | [1mGen 21: best=108.338, avg=68.745[0m
[32m2026-07-08 23:12:38[0m | [1mINFO    [0m | [36mengine.learning.genetic[0m:[36mrun_ga[0m:[36m268[0m | [1mGen 22: best=108.338, avg=72.681[0m
[32m2026-07-08 23:12:46[0m | [1mINFO    [0m | [36mengine.learning.genetic[0m:[36mrun_ga[0m:[36m268[0m | [1mGen 23: best=108.338, avg=64.904[0m
[32m2026-07-08 23:12:55[0m | [1mINFO    [0m | [36mengine.learning.genetic[0m:[36mrun_ga[0m:[36m268[0m | [1mGen 24: best=108.338, avg=70.053[0m
[32m2026-07-08 23:13:04[0m | [1mINFO    [0m | [36mengine.learning.genetic[0m:[36mrun_ga[0m:[36m268[0m | [1mGen 25: best=108.338, avg=73.167[0m
[32m2026-07-08 23:13:12[0m | [1mINFO    [0m | [36mengine.learning.genetic[0m:[36mrun_ga[0m:[36m268[0m | [1mGen 26: best=108.541, avg=67.730[0m
[32m2026-07-08 23:13:21[0m | [1mINFO    [0m | [36mengine.learning.genetic[0m:[36mrun_ga[0m:[36m268[0m | [1mGen 27: best=108.541, avg=72.790[0m
[32m2026-07-08 23:13:30[0m | [1mINFO    [0m | [36mengine.learning.genetic[0m:[36mrun_ga[0m:[36m268[0m | [1mGen 28: best=108.642, avg=75.102[0m
[32m2026-07-08 23:13:38[0m | [1mINFO    [0m | [36mengine.learning.genetic[0m:[36mrun_ga[0m:[36m268[0m | [1mGen 29: best=108.642, avg=76.793[0m
[32m2026-07-08 23:13:47[0m | [1mINFO    [0m | [36mengine.learning.genetic[0m:[36mrun_ga[0m:[36m268[0m | [1mGen 30: best=108.642, avg=76.854[0m
[32m2026-07-08 23:13:56[0m | [1mINFO    [0m | [36mengine.learning.genetic[0m:[36mrun_ga[0m:[36m268[0m | [1mGen 31: best=108.642, avg=76.266[0m
[32m2026-07-08 23:14:05[0m | [1mINFO    [0m | [36mengine.learning.genetic[0m:[36mrun_ga[0m:[36m268[0m | [1mGen 32: best=109.241, avg=69.924[0m
[32m2026-07-08 23:14:14[0m | [1mINFO    [0m | [36mengine.learning.genetic[0m:[36mrun_ga[0m:[36m268[0m | [1mGen 33: best=109.241, avg=71.894[0m
[32m2026-07-08 23:14:23[0m | [1mINFO    [0m | [36mengine.learning.genetic[0m:[36mrun_ga[0m:[36m268[0m | [1mGen 34: best=109.241, avg=79.270[0m
[32m2026-07-08 23:14:32[0m | [1mINFO    [0m | [36mengine.learning.genetic[0m:[36mrun_ga[0m:[36m268[0m | [1mGen 35: best=109.241, avg=78.098[0m
[32m2026-07-08 23:14:41[0m | [1mINFO    [0m | [36mengine.learning.genetic[0m:[36mrun_ga[0m:[36m268[0m | [1mGen 36: best=109.241, avg=72.457[0m
[32m2026-07-08 23:14:50[0m | [1mINFO    [0m | [36mengine.learning.genetic[0m:[36mrun_ga[0m:[36m268[0m | [1mGen 37: best=109.241, avg=70.117[0m
[32m2026-07-08 23:14:59[0m | [1mINFO    [0m | [36mengine.learning.genetic[0m:[36mrun_ga[0m:[36m268[0m | [1mGen 38: best=109.241, avg=68.883[0m
[32m2026-07-08 23:15:07[0m | [1mINFO    [0m | [36mengine.learning.genetic[0m:[36mrun_ga[0m:[36m268[0m | [1mGen 39: best=109.241, avg=69.327[0m
[32m2026-07-08 23:15:16[0m | [1mINFO    [0m | [36mengine.learning.genetic[0m:[36mrun_ga[0m:[36m268[0m | [1mGen 40: best=109.241, avg=74.022[0m
{"event": "stage3_qualify_ga_done", "ticker": "CE", "split": "train_2", "top_count": 100}
{"event": "stage3_qualify_ga_start", "ticker": "CE", "split": "train_3", "seed": 2026061508}
[32m2026-07-08 23:15:37[0m | [1mINFO    [0m | [36mengine.learning.genetic[0m:[36mrun_ga[0m:[36m268[0m | [1mGen  1: best=99.187, avg=-86.453[0m
[32m2026-07-08 23:15:47[0m | [1mINFO    [0m | [36mengine.learning.genetic[0m:[36mrun_ga[0m:[36m268[0m | [1mGen  2: best=103.129, avg=-44.817[0m
[32m2026-07-08 23:15:56[0m | [1mINFO    [0m | [36mengine.learning.genetic[0m:[36mrun_ga[0m:[36m268[0m | [1mGen  3: best=105.048, avg=-18.264[0m
[32m2026-07-08 23:16:05[0m | [1mINFO    [0m | [36mengine.learning.genetic[0m:[36mrun_ga[0m:[36m268[0m | [1mGen  4: best=107.985, avg=-10.848[0m
[32m2026-07-08 23:16:15[0m | [1mINFO    [0m | [36mengine.learning.genetic[0m:[36mrun_ga[0m:[36m268[0m | [1mGen  5: best=108.596, avg=10.423[0m
[32m2026-07-08 23:16:24[0m | [1mINFO    [0m | [36mengine.learning.genetic[0m:[36mrun_ga[0m:[36m268[0m | [1mGen  6: best=110.240, avg=24.709[0m
[32m2026-07-08 23:16:34[0m | [1mINFO    [0m | [36mengine.learning.genetic[0m:[36mrun_ga[0m:[36m268[0m | [1mGen  7: best=110.240, avg=45.040[0m
[32m2026-07-08 23:16:43[0m | [1mINFO    [0m | [36mengine.learning.genetic[0m:[36mrun_ga[0m:[36m268[0m | [1mGen  8: best=110.240, avg=50.473[0m
[32m2026-07-08 23:16:53[0m | [1mINFO    [0m | [36mengine.learning.genetic[0m:[36mrun_ga[0m:[36m268[0m | [1mGen  9: best=110.240, avg=59.458[0m
[32m2026-07-08 23:17:02[0m | [1mINFO    [0m | [36mengine.learning.genetic[0m:[36mrun_ga[0m:[36m268[0m | [1mGen 10: best=111.074, avg=67.433[0m
[32m2026-07-08 23:17:12[0m | [1mINFO    [0m | [36mengine.learning.genetic[0m:[36mrun_ga[0m:[36m268[0m | [1mGen 11: best=111.158, avg=68.497[0m
[32m2026-07-08 23:17:21[0m | [1mINFO    [0m | [36mengine.learning.genetic[0m:[36mrun_ga[0m:[36m268[0m | [1mGen 12: best=111.158, avg=65.485[0m
[32m2026-07-08 23:17:31[0m | [1mINFO    [0m | [36mengine.learning.genetic[0m:[36mrun_ga[0m:[36m268[0m | [1mGen 13: best=111.158, avg=70.088[0m
[32m2026-07-08 23:17:40[0m | [1mINFO    [0m | [36mengine.learning.genetic[0m:[36mrun_ga[0m:[36m268[0m | [1mGen 14: best=111.217, avg=79.317[0m
[32m2026-07-08 23:17:50[0m | [1mINFO    [0m | [36mengine.learning.genetic[0m:[36mrun_ga[0m:[36m268[0m | [1mGen 15: best=111.217, avg=61.273[0m
[32m2026-07-08 23:17:59[0m | [1mINFO    [0m | [36mengine.learning.genetic[0m:[36mrun_ga[0m:[36m268[0m | [1mGen 16: best=111.217, avg=78.183[0m
[32m2026-07-08 23:18:09[0m | [1mINFO    [0m | [36mengine.learning.genetic[0m:[36mrun_ga[0m:[36m268[0m | [1mGen 17: best=111.217, avg=65.238[0m
[32m2026-07-08 23:18:18[0m | [1mINFO    [0m | [36mengine.learning.genetic[0m:[36mrun_ga[0m:[36m268[0m | [1mGen 18: best=111.217, avg=69.773[0m
[32m2026-07-08 23:18:28[0m | [1mINFO    [0m | [36mengine.learning.genetic[0m:[36mrun_ga[0m:[36m268[0m | [1mGen 19: best=111.217, avg=80.332[0m
[32m2026-07-08 23:18:37[0m | [1mINFO    [0m | [36mengine.learning.genetic[0m:[36mrun_ga[0m:[36m268[0m | [1mGen 20: best=111.217, avg=81.690[0m
[32m2026-07-08 23:18:47[0m | [1mINFO    [0m | [36mengine.learning.genetic[0m:[36mrun_ga[0m:[36m268[0m | [1mGen 21: best=111.217, avg=86.845[0m
[32m2026-07-08 23:18:56[0m | [1mINFO    [0m | [36mengine.learning.genetic[0m:[36mrun_ga[0m:[36m268[0m | [1mGen 22: best=111.220, avg=79.179[0m
[32m2026-07-08 23:19:05[0m | [1mINFO    [0m | [36mengine.learning.genetic[0m:[36mrun_ga[0m:[36m268[0m | [1mGen 23: best=111.220, avg=72.595[0m
[32m2026-07-08 23:19:15[0m | [1mINFO    [0m | [36mengine.learning.genetic[0m:[36mrun_ga[0m:[36m268[0m | [1mGen 24: best=111.220, avg=79.233[0m
[32m2026-07-08 23:19:24[0m | [1mINFO    [0m | [36mengine.learning.genetic[0m:[36mrun_ga[0m:[36m268[0m | [1mGen 25: best=111.220, avg=80.518[0m
[32m2026-07-08 23:19:33[0m | [1mINFO    [0m | [36mengine.learning.genetic[0m:[36mrun_ga[0m:[36m268[0m | [1mGen 26: best=111.220, avg=76.507[0m
[32m2026-07-08 23:19:43[0m | [1mINFO    [0m | [36mengine.learning.genetic[0m:[36mrun_ga[0m:[36m268[0m | [1mGen 27: best=111.220, avg=69.398[0m
[32m2026-07-08 23:19:52[0m | [1mINFO    [0m | [36mengine.learning.genetic[0m:[36mrun_ga[0m:[36m268[0m | [1mGen 28: best=111.220, avg=81.417[0m
[32m2026-07-08 23:20:02[0m | [1mINFO    [0m | [36mengine.learning.genetic[0m:[36mrun_ga[0m:[36m268[0m | [1mGen 29: best=111.220, avg=67.382[0m
[32m2026-07-08 23:20:11[0m | [1mINFO    [0m | [36mengine.learning.genetic[0m:[36mrun_ga[0m:[36m268[0m | [1mGen 30: best=111.220, avg=75.156[0m
[32m2026-07-08 23:20:20[0m | [1mINFO    [0m | [36mengine.learning.genetic[0m:[36mrun_ga[0m:[36m268[0m | [1mGen 31: best=111.220, avg=66.597[0m
[32m2026-07-08 23:20:30[0m | [1mINFO    [0m | [36mengine.learning.genetic[0m:[36mrun_ga[0m:[36m268[0m | [1mGen 32: best=111.220, avg=75.583[0m
[32m2026-07-08 23:20:39[0m | [1mINFO    [0m | [36mengine.learning.genetic[0m:[36mrun_ga[0m:[36m268[0m | [1mGen 33: best=111.270, avg=73.875[0m
[32m2026-07-08 23:20:49[0m | [1mINFO    [0m | [36mengine.learning.genetic[0m:[36mrun_ga[0m:[36m268[0m | [1mGen 34: best=111.270, avg=82.597[0m
[32m2026-07-08 23:20:58[0m | [1mINFO    [0m | [36mengine.learning.genetic[0m:[36mrun_ga[0m:[36m268[0m | [1mGen 35: best=111.270, avg=74.991[0m
[32m2026-07-08 23:21:08[0m | [1mINFO    [0m | [36mengine.learning.genetic[0m:[36mrun_ga[0m:[36m268[0m | [1mGen 36: best=111.270, avg=73.281[0m
[32m2026-07-08 23:21:17[0m | [1mINFO    [0m | [36mengine.learning.genetic[0m:[36mrun_ga[0m:[36m268[0m | [1mGen 37: best=111.270, avg=72.322[0m
[32m2026-07-08 23:21:27[0m | [1mINFO    [0m | [36mengine.learning.genetic[0m:[36mrun_ga[0m:[36m268[0m | [1mGen 38: best=111.270, avg=73.459[0m
[32m2026-07-08 23:21:36[0m | [1mINFO    [0m | [36mengine.learning.genetic[0m:[36mrun_ga[0m:[36m268[0m | [1mGen 39: best=111.270, avg=78.301[0m
[32m2026-07-08 23:21:46[0m | [1mINFO    [0m | [36mengine.learning.genetic[0m:[36mrun_ga[0m:[36m268[0m | [1mGen 40: best=111.270, avg=77.883[0m
{"event": "stage3_qualify_ga_done", "ticker": "CE", "split": "train_3", "top_count": 100}
{"event": "stage3_qualify_eval_start", "ticker": "CE", "split": "train_1", "candidate_count": 300}
{"event": "stage3_qualify_eval_done", "ticker": "CE", "split": "train_1", "pass_count": 102}
{"event": "stage3_qualify_eval_start", "ticker": "CE", "split": "train_2", "candidate_count": 300}
{"event": "stage3_qualify_eval_done", "ticker": "CE", "split": "train_2", "pass_count": 94}
{"event": "stage3_qualify_eval_start", "ticker": "CE", "split": "train_3", "candidate_count": 300}
{"event": "stage3_qualify_eval_done", "ticker": "CE", "split": "train_3", "pass_count": 148}
[32m2026-07-08 23:23:50[0m | [1mINFO    [0m | [36mengine.learning.genetic[0m:[36mrun_ga[0m:[36m268[0m | [1mGen  1: best=53.921, avg=-89.620[0m
[32m2026-07-08 23:24:00[0m | [1mINFO    [0m | [36mengine.learning.genetic[0m:[36mrun_ga[0m:[36m268[0m | [1mGen  2: best=57.803, avg=-49.545[0m
[32m2026-07-08 23:24:09[0m | [1mINFO    [0m | [36mengine.learning.genetic[0m:[36mrun_ga[0m:[36m268[0m | [1mGen  3: best=69.456, avg=-32.849[0m
[32m2026-07-08 23:24:18[0m | [1mINFO    [0m | [36mengine.learning.genetic[0m:[36mrun_ga[0m:[36m268[0m | [1mGen  4: best=94.195, avg=-25.137[0m
[32m2026-07-08 23:24:27[0m | [1mINFO    [0m | [36mengine.learning.genetic[0m:[36mrun_ga[0m:[36m268[0m | [1mGen  5: best=102.966, avg=-1.021[0m
[32m2026-07-08 23:24:36[0m | [1mINFO    [0m | [36mengine.learning.genetic[0m:[36mrun_ga[0m:[36m268[0m | [1mGen  6: best=105.319, avg=7.977[0m
[32m2026-07-08 23:24:45[0m | [1mINFO    [0m | [36mengine.learning.genetic[0m:[36mrun_ga[0m:[36m268[0m | [1mGen  7: best=107.919, avg=26.127[0m
[32m2026-07-08 23:24:54[0m | [1mINFO    [0m | [36mengine.learning.genetic[0m:[36mrun_ga[0m:[36m268[0m | [1mGen  8: best=107.919, avg=31.148[0m
[32m2026-07-08 23:25:03[0m | [1mINFO    [0m | [36mengine.learning.genetic[0m:[36mrun_ga[0m:[36m268[0m | [1mGen  9: best=108.386, avg=26.609[0m
[32m2026-07-08 23:25:12[0m | [1mINFO    [0m | [36mengine.learning.genetic[0m:[36mrun_ga[0m:[36m268[0m | [1mGen 10: best=109.146, avg=48.457[0m
[32m2026-07-08 23:25:21[0m | [1mINFO    [0m | [36mengine.learning.genetic[0m:[36mrun_ga[0m:[36m268[0m | [1mGen 11: best=109.146, avg=54.891[0m
[32m2026-07-08 23:25:31[0m | [1mINFO    [0m | [36mengine.learning.genetic[0m:[36mrun_ga[0m:[36m268[0m | [1mGen 12: best=109.146, avg=57.638[0m
[32m2026-07-08 23:25:40[0m | [1mINFO    [0m | [36mengine.learning.genetic[0m:[36mrun_ga[0m:[36m268[0m | [1mGen 13: best=109.146, avg=51.320[0m
[32m2026-07-08 23:25:49[0m | [1mINFO    [0m | [36mengine.learning.genetic[0m:[36mrun_ga[0m:[36m268[0m | [1mGen 14: best=110.537, avg=60.299[0m
[32m2026-07-08 23:25:58[0m | [1mINFO    [0m | [36mengine.learning.genetic[0m:[36mrun_ga[0m:[36m268[0m | [1mGen 15: best=111.226, avg=70.181[0m
[32m2026-07-08 23:26:07[0m | [1mINFO    [0m | [36mengine.learning.genetic[0m:[36mrun_ga[0m:[36m268[0m | [1mGen 16: best=111.226, avg=71.079[0m
[32m2026-07-08 23:26:16[0m | [1mINFO    [0m | [36mengine.learning.genetic[0m:[36mrun_ga[0m:[36m268[0m | [1mGen 17: best=111.226, avg=79.247[0m
[32m2026-07-08 23:26:26[0m | [1mINFO    [0m | [36mengine.learning.genetic[0m:[36mrun_ga[0m:[36m268[0m | [1mGen 18: best=111.226, avg=76.611[0m
[32m2026-07-08 23:26:35[0m | [1mINFO    [0m | [36mengine.learning.genetic[0m:[36mrun_ga[0m:[36m268[0m | [1mGen 19: best=111.226, avg=81.996[0m
[32m2026-07-08 23:26:44[0m | [1mINFO    [0m | [36mengine.learning.genetic[0m:[36mrun_ga[0m:[36m268[0m | [1mGen 20: best=111.226, avg=62.589[0m
[32m2026-07-08 23:26:53[0m | [1mINFO    [0m | [36mengine.learning.genetic[0m:[36mrun_ga[0m:[36m268[0m | [1mGen 21: best=111.251, avg=82.720[0m
[32m2026-07-08 23:27:02[0m | [1mINFO    [0m | [36mengine.learning.genetic[0m:[36mrun_ga[0m:[36m268[0m | [1mGen 22: best=111.251, avg=75.442[0m
[32m2026-07-08 23:27:12[0m | [1mINFO    [0m | [36mengine.learning.genetic[0m:[36mrun_ga[0m:[36m268[0m | [1mGen 23: best=111.372, avg=87.518[0m
[32m2026-07-08 23:27:21[0m | [1mINFO    [0m | [36mengine.learning.genetic[0m:[36mrun_ga[0m:[36m268[0m | [1mGen 24: best=111.372, avg=86.298[0m
[32m2026-07-08 23:27:30[0m | [1mINFO    [0m | [36mengine.learning.genetic[0m:[36mrun_ga[0m:[36m268[0m | [1mGen 25: best=111.372, avg=89.497[0m
[32m2026-07-08 23:27:39[0m | [1mINFO    [0m | [36mengine.learning.genetic[0m:[36mrun_ga[0m:[36m268[0m | [1mGen 26: best=111.372, avg=84.225[0m
[32m2026-07-08 23:27:49[0m | [1mINFO    [0m | [36mengine.learning.genetic[0m:[36mrun_ga[0m:[36m268[0m | [1mGen 27: best=111.372, avg=87.701[0m
[32m2026-07-08 23:27:58[0m | [1mINFO    [0m | [36mengine.learning.genetic[0m:[36mrun_ga[0m:[36m268[0m | [1mGen 28: best=111.372, avg=86.669[0m
[32m2026-07-08 23:28:07[0m | [1mINFO    [0m | [36mengine.learning.genetic[0m:[36mrun_ga[0m:[36m268[0m | [1mGen 29: best=111.372, avg=93.346[0m
[32m2026-07-08 23:28:16[0m | [1mINFO    [0m | [36mengine.learning.genetic[0m:[36mrun_ga[0m:[36m268[0m | [1mGen 30: best=111.372, avg=90.252[0m
[32m2026-07-08 23:28:25[0m | [1mINFO    [0m | [36mengine.learning.genetic[0m:[36mrun_ga[0m:[36m268[0m | [1mGen 31: best=111.372, avg=94.043[0m
[32m2026-07-08 23:28:35[0m | [1mINFO    [0m | [36mengine.learning.genetic[0m:[36mrun_ga[0m:[36m268[0m | [1mGen 32: best=111.372, avg=93.447[0m
[32m2026-07-08 23:28:44[0m | [1mINFO    [0m | [36mengine.learning.genetic[0m:[36mrun_ga[0m:[36m268[0m | [1mGen 33: best=111.372, avg=92.218[0m
[32m2026-07-08 23:28:53[0m | [1mINFO    [0m | [36mengine.learning.genetic[0m:[36mrun_ga[0m:[36m268[0m | [1mGen 34: best=111.413, avg=96.083[0m
[32m2026-07-08 23:29:03[0m | [1mINFO    [0m | [36mengine.learning.genetic[0m:[36mrun_ga[0m:[36m268[0m | [1mGen 35: best=111.413, avg=88.520[0m
[32m2026-07-08 23:29:12[0m | [1mINFO    [0m | [36mengine.learning.genetic[0m:[36mrun_ga[0m:[36m268[0m | [1mGen 36: best=111.413, avg=93.690[0m
[32m2026-07-08 23:29:21[0m | [1mINFO    [0m | [36mengine.learning.genetic[0m:[36mrun_ga[0m:[36m268[0m | [1mGen 37: best=111.413, avg=90.657[0m
[32m2026-07-08 23:29:30[0m | [1mINFO    [0m | [36mengine.learning.genetic[0m:[36mrun_ga[0m:[36m268[0m | [1mGen 38: best=111.413, avg=96.051[0m
[32m2026-07-08 23:29:40[0m | [1mINFO    [0m | [36mengine.learning.genetic[0m:[36mrun_ga[0m:[36m268[0m | [1mGen 39: best=111.413, avg=94.851[0m
[32m2026-07-08 23:29:49[0m | [1mINFO    [0m | [36mengine.learning.genetic[0m:[36mrun_ga[0m:[36m268[0m | [1mGen 40: best=111.451, avg=93.073[0m
[32m2026-07-08 23:29:58[0m | [1mINFO    [0m | [36mengine.learning.genetic[0m:[36mrun_ga[0m:[36m268[0m | [1mGen 41: best=111.451, avg=97.687[0m
[32m2026-07-08 23:30:08[0m | [1mINFO    [0m | [36mengine.learning.genetic[0m:[36mrun_ga[0m:[36m268[0m | [1mGen 42: best=111.451, avg=97.992[0m
[32m2026-07-08 23:30:18[0m | [1mINFO    [0m | [36mengine.learning.genetic[0m:[36mrun_ga[0m:[36m268[0m | [1mGen 43: best=111.451, avg=96.883[0m
[32m2026-07-08 23:30:27[0m | [1mINFO    [0m | [36mengine.learning.genetic[0m:[36mrun_ga[0m:[36m268[0m | [1mGen 44: best=111.451, avg=99.983[0m
[32m2026-07-08 23:30:36[0m | [1mINFO    [0m | [36mengine.learning.genetic[0m:[36mrun_ga[0m:[36m268[0m | [1mGen 45: best=111.451, avg=95.832[0m
[32m2026-07-08 23:30:46[0m | [1mINFO    [0m | [36mengine.learning.genetic[0m:[36mrun_ga[0m:[36m268[0m | [1mGen 46: best=111.451, avg=103.560[0m
[32m2026-07-08 23:30:55[0m | [1mINFO    [0m | [36mengine.learning.genetic[0m:[36mrun_ga[0m:[36m268[0m | [1mGen 47: best=111.451, avg=101.201[0m
[32m2026-07-08 23:31:05[0m | [1mINFO    [0m | [36mengine.learning.genetic[0m:[36mrun_ga[0m:[36m268[0m | [1mGen 48: best=111.455, avg=98.930[0m
[32m2026-07-08 23:31:14[0m | [1mINFO    [0m | [36mengine.learning.genetic[0m:[36mrun_ga[0m:[36m268[0m | [1mGen 49: best=111.455, avg=103.113[0m
[32m2026-07-08 23:31:23[0m | [1mINFO    [0m | [36mengine.learning.genetic[0m:[36mrun_ga[0m:[36m268[0m | [1mGen 50: best=111.485, avg=96.513[0m
{"event": "stage3_exit_ga_gen", "entry_hash": "3c506e160238df562432410ae785469dbca0cbc70742f3a6a88dbda939260c18", "generation": 0, "best": 0.790858, "cache_size": 60}
{"event": "stage3_exit_ga_gen", "entry_hash": "3c506e160238df562432410ae785469dbca0cbc70742f3a6a88dbda939260c18", "generation": 1, "best": 0.790858, "cache_size": 108}
{"event": "stage3_exit_ga_gen", "entry_hash": "3c506e160238df562432410ae785469dbca0cbc70742f3a6a88dbda939260c18", "generation": 2, "best": 0.790858, "cache_size": 156}
{"event": "stage3_exit_ga_gen", "entry_hash": "3c506e160238df562432410ae785469dbca0cbc70742f3a6a88dbda939260c18", "generation": 3, "best": 0.790858, "cache_size": 204}
{"event": "stage3_exit_ga_gen", "entry_hash": "3c506e160238df562432410ae785469dbca0cbc70742f3a6a88dbda939260c18", "generation": 4, "best": 0.790858, "cache_size": 252}
{"event": "stage3_exit_ga_gen", "entry_hash": "3c506e160238df562432410ae785469dbca0cbc70742f3a6a88dbda939260c18", "generation": 5, "best": 1.226378, "cache_size": 300}
{"event": "stage3_exit_ga_gen", "entry_hash": "3c506e160238df562432410ae785469dbca0cbc70742f3a6a88dbda939260c18", "generation": 6, "best": 1.226378, "cache_size": 348}
{"event": "stage3_exit_ga_gen", "entry_hash": "3c506e160238df562432410ae785469dbca0cbc70742f3a6a88dbda939260c18", "generation": 7, "best": 2.070953, "cache_size": 396}
{"event": "stage3_exit_ga_gen", "entry_hash": "3c506e160238df562432410ae785469dbca0cbc70742f3a6a88dbda939260c18", "generation": 8, "best": 2.070953, "cache_size": 444}
{"event": "stage3_exit_ga_gen", "entry_hash": "3c506e160238df562432410ae785469dbca0cbc70742f3a6a88dbda939260c18", "generation": 9, "best": 2.243592, "cache_size": 492}
{"event": "stage3_exit_ga_gen", "entry_hash": "3c506e160238df562432410ae785469dbca0cbc70742f3a6a88dbda939260c18", "generation": 10, "best": 2.243592, "cache_size": 540}
{"event": "stage3_exit_ga_gen", "entry_hash": "3c506e160238df562432410ae785469dbca0cbc70742f3a6a88dbda939260c18", "generation": 11, "best": 2.243592, "cache_size": 588}
{"event": "stage3_exit_ga_gen", "entry_hash": "3c506e160238df562432410ae785469dbca0cbc70742f3a6a88dbda939260c18", "generation": 12, "best": 2.243592, "cache_size": 636}
{"event": "stage3_exit_ga_gen", "entry_hash": "3c506e160238df562432410ae785469dbca0cbc70742f3a6a88dbda939260c18", "generation": 13, "best": 2.243592, "cache_size": 684}
{"event": "stage3_exit_ga_gen", "entry_hash": "3c506e160238df562432410ae785469dbca0cbc70742f3a6a88dbda939260c18", "generation": 14, "best": 2.35227, "cache_size": 732}
{"event": "stage3_exit_ga_gen", "entry_hash": "3c506e160238df562432410ae785469dbca0cbc70742f3a6a88dbda939260c18", "generation": 15, "best": 2.455848, "cache_size": 780}
{"event": "stage3_exit_ga_gen", "entry_hash": "3c506e160238df562432410ae785469dbca0cbc70742f3a6a88dbda939260c18", "generation": 16, "best": 2.455848, "cache_size": 828}
{"event": "stage3_exit_ga_gen", "entry_hash": "3c506e160238df562432410ae785469dbca0cbc70742f3a6a88dbda939260c18", "generation": 17, "best": 2.584546, "cache_size": 876}
{"event": "stage3_exit_ga_gen", "entry_hash": "3c506e160238df562432410ae785469dbca0cbc70742f3a6a88dbda939260c18", "generation": 18, "best": 3.096874, "cache_size": 924}
{"event": "stage3_exit_ga_gen", "entry_hash": "3c506e160238df562432410ae785469dbca0cbc70742f3a6a88dbda939260c18", "generation": 19, "best": 3.096874, "cache_size": 972}
{"event": "stage3_exit_ga_gen", "entry_hash": "3c506e160238df562432410ae785469dbca0cbc70742f3a6a88dbda939260c18", "generation": 20, "best": 3.096874, "cache_size": 1020}
{"event": "stage3_exit_ga_gen", "entry_hash": "3c506e160238df562432410ae785469dbca0cbc70742f3a6a88dbda939260c18", "generation": 21, "best": 3.096874, "cache_size": 1068}
{"event": "stage3_exit_ga_gen", "entry_hash": "3c506e160238df562432410ae785469dbca0cbc70742f3a6a88dbda939260c18", "generation": 22, "best": 3.096874, "cache_size": 1116}
{"event": "stage3_exit_ga_gen", "entry_hash": "3c506e160238df562432410ae785469dbca0cbc70742f3a6a88dbda939260c18", "generation": 23, "best": 3.096874, "cache_size": 1164}
{"event": "stage3_exit_ga_gen", "entry_hash": "3c506e160238df562432410ae785469dbca0cbc70742f3a6a88dbda939260c18", "generation": 24, "best": 3.096874, "cache_size": 1212}
{"event": "stage3_exit_ga_gen", "entry_hash": "3c506e160238df562432410ae785469dbca0cbc70742f3a6a88dbda939260c18", "generation": 25, "best": 3.096874, "cache_size": 1260}
{"event": "stage3_exit_ga_gen", "entry_hash": "93dbdbba828d3106baf8a643b7b07554f67abc7b165fd356b65dc1086ef39b0e", "generation": 0, "best": 0.373198, "cache_size": 60}
{"event": "stage3_exit_ga_gen", "entry_hash": "93dbdbba828d3106baf8a643b7b07554f67abc7b165fd356b65dc1086ef39b0e", "generation": 1, "best": 2.084135, "cache_size": 108}
{"event": "stage3_exit_ga_gen", "entry_hash": "93dbdbba828d3106baf8a643b7b07554f67abc7b165fd356b65dc1086ef39b0e", "generation": 2, "best": 2.084135, "cache_size": 156}
{"event": "stage3_exit_ga_gen", "entry_hash": "93dbdbba828d3106baf8a643b7b07554f67abc7b165fd356b65dc1086ef39b0e", "generation": 3, "best": 2.725483, "cache_size": 204}
{"event": "stage3_exit_ga_gen", "entry_hash": "93dbdbba828d3106baf8a643b7b07554f67abc7b165fd356b65dc1086ef39b0e", "generation": 4, "best": 2.725483, "cache_size": 252}
{"event": "stage3_exit_ga_gen", "entry_hash": "93dbdbba828d3106baf8a643b7b07554f67abc7b165fd356b65dc1086ef39b0e", "generation": 5, "best": 3.525844, "cache_size": 300}
{"event": "stage3_exit_ga_gen", "entry_hash": "93dbdbba828d3106baf8a643b7b07554f67abc7b165fd356b65dc1086ef39b0e", "generation": 6, "best": 3.525844, "cache_size": 348}
{"event": "stage3_exit_ga_gen", "entry_hash": "93dbdbba828d3106baf8a643b7b07554f67abc7b165fd356b65dc1086ef39b0e", "generation": 7, "best": 4.025777, "cache_size": 396}
{"event": "stage3_exit_ga_gen", "entry_hash": "93dbdbba828d3106baf8a643b7b07554f67abc7b165fd356b65dc1086ef39b0e", "generation": 8, "best": 4.499267, "cache_size": 444}
{"event": "stage3_exit_ga_gen", "entry_hash": "93dbdbba828d3106baf8a643b7b07554f67abc7b165fd356b65dc1086ef39b0e", "generation": 9, "best": 4.572114, "cache_size": 492}
{"event": "stage3_exit_ga_gen", "entry_hash": "93dbdbba828d3106baf8a643b7b07554f67abc7b165fd356b65dc1086ef39b0e", "generation": 10, "best": 5.10667, "cache_size": 540}
{"event": "stage3_exit_ga_gen", "entry_hash": "93dbdbba828d3106baf8a643b7b07554f67abc7b165fd356b65dc1086ef39b0e", "generation": 11, "best": 5.10667, "cache_size": 588}
{"event": "stage3_exit_ga_gen", "entry_hash": "93dbdbba828d3106baf8a643b7b07554f67abc7b165fd356b65dc1086ef39b0e", "generation": 12, "best": 5.10667, "cache_size": 636}
{"event": "stage3_exit_ga_gen", "entry_hash": "93dbdbba828d3106baf8a643b7b07554f67abc7b165fd356b65dc1086ef39b0e", "generation": 13, "best": 5.10667, "cache_size": 684}
{"event": "stage3_exit_ga_gen", "entry_hash": "93dbdbba828d3106baf8a643b7b07554f67abc7b165fd356b65dc1086ef39b0e", "generation": 14, "best": 5.10667, "cache_size": 732}
{"event": "stage3_exit_ga_gen", "entry_hash": "93dbdbba828d3106baf8a643b7b07554f67abc7b165fd356b65dc1086ef39b0e", "generation": 15, "best": 5.10667, "cache_size": 780}
{"event": "stage3_exit_ga_gen", "entry_hash": "93dbdbba828d3106baf8a643b7b07554f67abc7b165fd356b65dc1086ef39b0e", "generation": 16, "best": 5.10667, "cache_size": 828}
{"event": "stage3_exit_ga_gen", "entry_hash": "93dbdbba828d3106baf8a643b7b07554f67abc7b165fd356b65dc1086ef39b0e", "generation": 17, "best": 5.10667, "cache_size": 876}
{"event": "stage3_exit_ga_gen", "entry_hash": "93dbdbba828d3106baf8a643b7b07554f67abc7b165fd356b65dc1086ef39b0e", "generation": 18, "best": 5.219182, "cache_size": 924}
{"event": "stage3_exit_ga_gen", "entry_hash": "93dbdbba828d3106baf8a643b7b07554f67abc7b165fd356b65dc1086ef39b0e", "generation": 19, "best": 5.219182, "cache_size": 972}
{"event": "stage3_exit_ga_gen", "entry_hash": "93dbdbba828d3106baf8a643b7b07554f67abc7b165fd356b65dc1086ef39b0e", "generation": 20, "best": 5.219182, "cache_size": 1020}
{"event": "stage3_exit_ga_gen", "entry_hash": "93dbdbba828d3106baf8a643b7b07554f67abc7b165fd356b65dc1086ef39b0e", "generation": 21, "best": 5.219182, "cache_size": 1068}
{"event": "stage3_exit_ga_gen", "entry_hash": "93dbdbba828d3106baf8a643b7b07554f67abc7b165fd356b65dc1086ef39b0e", "generation": 22, "best": 5.397911, "cache_size": 1116}
{"event": "stage3_exit_ga_gen", "entry_hash": "93dbdbba828d3106baf8a643b7b07554f67abc7b165fd356b65dc1086ef39b0e", "generation": 23, "best": 5.397911, "cache_size": 1164}
{"event": "stage3_exit_ga_gen", "entry_hash": "93dbdbba828d3106baf8a643b7b07554f67abc7b165fd356b65dc1086ef39b0e", "generation": 24, "best": 5.397911, "cache_size": 1212}
{"event": "stage3_exit_ga_gen", "entry_hash": "93dbdbba828d3106baf8a643b7b07554f67abc7b165fd356b65dc1086ef39b0e", "generation": 25, "best": 5.397911, "cache_size": 1260}
{"event": "stage3_exit_ga_gen", "entry_hash": "a7c82a90d0ce05d76a603dedb53f01c6f30126166e1148571c201e3f4b5f56a0", "generation": 0, "best": -1.010424, "cache_size": 60}
{"event": "stage3_exit_ga_gen", "entry_hash": "a7c82a90d0ce05d76a603dedb53f01c6f30126166e1148571c201e3f4b5f56a0", "generation": 1, "best": 0.620536, "cache_size": 108}
{"event": "stage3_exit_ga_gen", "entry_hash": "a7c82a90d0ce05d76a603dedb53f01c6f30126166e1148571c201e3f4b5f56a0", "generation": 2, "best": 1.707817, "cache_size": 156}
{"event": "stage3_exit_ga_gen", "entry_hash": "a7c82a90d0ce05d76a603dedb53f01c6f30126166e1148571c201e3f4b5f56a0", "generation": 3, "best": 1.883987, "cache_size": 204}
{"event": "stage3_exit_ga_gen", "entry_hash": "a7c82a90d0ce05d76a603dedb53f01c6f30126166e1148571c201e3f4b5f56a0", "generation": 4, "best": 2.117704, "cache_size": 252}
{"event": "stage3_exit_ga_gen", "entry_hash": "a7c82a90d0ce05d76a603dedb53f01c6f30126166e1148571c201e3f4b5f56a0", "generation": 5, "best": 2.223401, "cache_size": 300}
{"event": "stage3_exit_ga_gen", "entry_hash": "a7c82a90d0ce05d76a603dedb53f01c6f30126166e1148571c201e3f4b5f56a0", "generation": 6, "best": 2.296191, "cache_size": 348}
{"event": "stage3_exit_ga_gen", "entry_hash": "a7c82a90d0ce05d76a603dedb53f01c6f30126166e1148571c201e3f4b5f56a0", "generation": 7, "best": 2.296191, "cache_size": 396}
{"event": "stage3_exit_ga_gen", "entry_hash": "a7c82a90d0ce05d76a603dedb53f01c6f30126166e1148571c201e3f4b5f56a0", "generation": 8, "best": 2.296191, "cache_size": 444}
{"event": "stage3_exit_ga_gen", "entry_hash": "a7c82a90d0ce05d76a603dedb53f01c6f30126166e1148571c201e3f4b5f56a0", "generation": 9, "best": 2.392535, "cache_size": 492}
{"event": "stage3_exit_ga_gen", "entry_hash": "a7c82a90d0ce05d76a603dedb53f01c6f30126166e1148571c201e3f4b5f56a0", "generation": 10, "best": 2.392535, "cache_size": 540}
{"event": "stage3_exit_ga_gen", "entry_hash": "a7c82a90d0ce05d76a603dedb53f01c6f30126166e1148571c201e3f4b5f56a0", "generation": 11, "best": 2.392535, "cache_size": 588}
{"event": "stage3_exit_ga_gen", "entry_hash": "a7c82a90d0ce05d76a603dedb53f01c6f30126166e1148571c201e3f4b5f56a0", "generation": 12, "best": 2.470637, "cache_size": 636}
{"event": "stage3_exit_ga_gen", "entry_hash": "a7c82a90d0ce05d76a603dedb53f01c6f30126166e1148571c201e3f4b5f56a0", "generation": 13, "best": 2.781871, "cache_size": 684}
{"event": "stage3_exit_ga_gen", "entry_hash": "a7c82a90d0ce05d76a603dedb53f01c6f30126166e1148571c201e3f4b5f56a0", "generation": 14, "best": 2.781871, "cache_size": 732}
{"event": "stage3_exit_ga_gen", "entry_hash": "a7c82a90d0ce05d76a603dedb53f01c6f30126166e1148571c201e3f4b5f56a0", "generation": 15, "best": 2.781871, "cache_size": 780}
{"event": "stage3_exit_ga_gen", "entry_hash": "a7c82a90d0ce05d76a603dedb53f01c6f30126166e1148571c201e3f4b5f56a0", "generation": 16, "best": 2.781871, "cache_size": 828}
{"event": "stage3_exit_ga_gen", "entry_hash": "a7c82a90d0ce05d76a603dedb53f01c6f30126166e1148571c201e3f4b5f56a0", "generation": 17, "best": 2.781871, "cache_size": 876}
{"event": "stage3_exit_ga_gen", "entry_hash": "a7c82a90d0ce05d76a603dedb53f01c6f30126166e1148571c201e3f4b5f56a0", "generation": 18, "best": 2.781871, "cache_size": 924}
{"event": "stage3_exit_ga_gen", "entry_hash": "a7c82a90d0ce05d76a603dedb53f01c6f30126166e1148571c201e3f4b5f56a0", "generation": 19, "best": 2.781871, "cache_size": 972}
{"event": "stage3_exit_ga_gen", "entry_hash": "a7c82a90d0ce05d76a603dedb53f01c6f30126166e1148571c201e3f4b5f56a0", "generation": 20, "best": 2.781871, "cache_size": 1020}
{"event": "stage3_exit_ga_gen", "entry_hash": "a7c82a90d0ce05d76a603dedb53f01c6f30126166e1148571c201e3f4b5f56a0", "generation": 21, "best": 2.843686, "cache_size": 1068}
{"event": "stage3_exit_ga_gen", "entry_hash": "a7c82a90d0ce05d76a603dedb53f01c6f30126166e1148571c201e3f4b5f56a0", "generation": 22, "best": 2.924115, "cache_size": 1116}
{"event": "stage3_exit_ga_gen", "entry_hash": "a7c82a90d0ce05d76a603dedb53f01c6f30126166e1148571c201e3f4b5f56a0", "generation": 23, "best": 2.924115, "cache_size": 1164}
{"event": "stage3_exit_ga_gen", "entry_hash": "a7c82a90d0ce05d76a603dedb53f01c6f30126166e1148571c201e3f4b5f56a0", "generation": 24, "best": 2.932312, "cache_size": 1212}
{"event": "stage3_exit_ga_gen", "entry_hash": "a7c82a90d0ce05d76a603dedb53f01c6f30126166e1148571c201e3f4b5f56a0", "generation": 25, "best": 2.950031, "cache_size": 1260}
{"event": "stage3_exit_ga_gen", "entry_hash": "8df209ab6b7185f03767ff4200d464a6ee2a9c5d98e8fe6f14f416f0c86ce834", "generation": 0, "best": 1.948669, "cache_size": 60}
{"event": "stage3_exit_ga_gen", "entry_hash": "8df209ab6b7185f03767ff4200d464a6ee2a9c5d98e8fe6f14f416f0c86ce834", "generation": 1, "best": 1.948669, "cache_size": 108}
{"event": "stage3_exit_ga_gen", "entry_hash": "8df209ab6b7185f03767ff4200d464a6ee2a9c5d98e8fe6f14f416f0c86ce834", "generation": 2, "best": 2.75237, "cache_size": 156}
{"event": "stage3_exit_ga_gen", "entry_hash": "8df209ab6b7185f03767ff4200d464a6ee2a9c5d98e8fe6f14f416f0c86ce834", "generation": 3, "best": 2.75237, "cache_size": 204}
{"event": "stage3_exit_ga_gen", "entry_hash": "8df209ab6b7185f03767ff4200d464a6ee2a9c5d98e8fe6f14f416f0c86ce834", "generation": 4, "best": 2.75237, "cache_size": 252}
{"event": "stage3_exit_ga_gen", "entry_hash": "8df209ab6b7185f03767ff4200d464a6ee2a9c5d98e8fe6f14f416f0c86ce834", "generation": 5, "best": 2.945437, "cache_size": 300}
{"event": "stage3_exit_ga_gen", "entry_hash": "8df209ab6b7185f03767ff4200d464a6ee2a9c5d98e8fe6f14f416f0c86ce834", "generation": 6, "best": 2.949781, "cache_size": 348}
{"event": "stage3_exit_ga_gen", "entry_hash": "8df209ab6b7185f03767ff4200d464a6ee2a9c5d98e8fe6f14f416f0c86ce834", "generation": 7, "best": 2.949781, "cache_size": 396}
{"event": "stage3_exit_ga_gen", "entry_hash": "8df209ab6b7185f03767ff4200d464a6ee2a9c5d98e8fe6f14f416f0c86ce834", "generation": 8, "best": 2.949781, "cache_size": 444}
{"event": "stage3_exit_ga_gen", "entry_hash": "8df209ab6b7185f03767ff4200d464a6ee2a9c5d98e8fe6f14f416f0c86ce834", "generation": 9, "best": 2.949781, "cache_size": 492}
{"event": "stage3_exit_ga_gen", "entry_hash": "8df209ab6b7185f03767ff4200d464a6ee2a9c5d98e8fe6f14f416f0c86ce834", "generation": 10, "best": 2.97082, "cache_size": 540}
{"event": "stage3_exit_ga_gen", "entry_hash": "8df209ab6b7185f03767ff4200d464a6ee2a9c5d98e8fe6f14f416f0c86ce834", "generation": 11, "best": 2.97082, "cache_size": 588}
{"event": "stage3_exit_ga_gen", "entry_hash": "8df209ab6b7185f03767ff4200d464a6ee2a9c5d98e8fe6f14f416f0c86ce834", "generation": 12, "best": 2.971097, "cache_size": 636}
{"event": "stage3_exit_ga_gen", "entry_hash": "8df209ab6b7185f03767ff4200d464a6ee2a9c5d98e8fe6f14f416f0c86ce834", "generation": 13, "best": 2.971097, "cache_size": 684}
{"event": "stage3_exit_ga_gen", "entry_hash": "8df209ab6b7185f03767ff4200d464a6ee2a9c5d98e8fe6f14f416f0c86ce834", "generation": 14, "best": 2.971097, "cache_size": 732}
{"event": "stage3_exit_ga_gen", "entry_hash": "8df209ab6b7185f03767ff4200d464a6ee2a9c5d98e8fe6f14f416f0c86ce834", "generation": 15, "best": 2.971097, "cache_size": 780}
{"event": "stage3_exit_ga_gen", "entry_hash": "8df209ab6b7185f03767ff4200d464a6ee2a9c5d98e8fe6f14f416f0c86ce834", "generation": 16, "best": 3.037283, "cache_size": 828}
{"event": "stage3_exit_ga_gen", "entry_hash": "8df209ab6b7185f03767ff4200d464a6ee2a9c5d98e8fe6f14f416f0c86ce834", "generation": 17, "best": 3.037283, "cache_size": 876}
{"event": "stage3_exit_ga_gen", "entry_hash": "8df209ab6b7185f03767ff4200d464a6ee2a9c5d98e8fe6f14f416f0c86ce834", "generation": 18, "best": 3.037283, "cache_size": 924}
{"event": "stage3_exit_ga_gen", "entry_hash": "8df209ab6b7185f03767ff4200d464a6ee2a9c5d98e8fe6f14f416f0c86ce834", "generation": 19, "best": 3.037283, "cache_size": 972}
{"event": "stage3_exit_ga_gen", "entry_hash": "8df209ab6b7185f03767ff4200d464a6ee2a9c5d98e8fe6f14f416f0c86ce834", "generation": 20, "best": 3.037283, "cache_size": 1020}
{"event": "stage3_exit_ga_gen", "entry_hash": "8df209ab6b7185f03767ff4200d464a6ee2a9c5d98e8fe6f14f416f0c86ce834", "generation": 21, "best": 3.037283, "cache_size": 1067}
{"event": "stage3_exit_ga_gen", "entry_hash": "8df209ab6b7185f03767ff4200d464a6ee2a9c5d98e8fe6f14f416f0c86ce834", "generation": 22, "best": 3.037283, "cache_size": 1115}
{"event": "stage3_exit_ga_gen", "entry_hash": "8df209ab6b7185f03767ff4200d464a6ee2a9c5d98e8fe6f14f416f0c86ce834", "generation": 23, "best": 3.037283, "cache_size": 1163}
{"event": "stage3_exit_ga_gen", "entry_hash": "8df209ab6b7185f03767ff4200d464a6ee2a9c5d98e8fe6f14f416f0c86ce834", "generation": 24, "best": 3.037283, "cache_size": 1211}
{"event": "stage3_exit_ga_gen", "entry_hash": "8df209ab6b7185f03767ff4200d464a6ee2a9c5d98e8fe6f14f416f0c86ce834", "generation": 25, "best": 3.037283, "cache_size": 1259}
{"event": "stage3_exit_ga_gen", "entry_hash": "dc0557f48fa8be5daad2cdc88218cc3cd5b333c62bb8a745a92e4c1fd6b82c0b", "generation": 0, "best": 2.390522, "cache_size": 60}
{"event": "stage3_exit_ga_gen", "entry_hash": "dc0557f48fa8be5daad2cdc88218cc3cd5b333c62bb8a745a92e4c1fd6b82c0b", "generation": 1, "best": 3.93795, "cache_size": 108}
{"event": "stage3_exit_ga_gen", "entry_hash": "dc0557f48fa8be5daad2cdc88218cc3cd5b333c62bb8a745a92e4c1fd6b82c0b", "generation": 2, "best": 3.93795, "cache_size": 156}
{"event": "stage3_exit_ga_gen", "entry_hash": "dc0557f48fa8be5daad2cdc88218cc3cd5b333c62bb8a745a92e4c1fd6b82c0b", "generation": 3, "best": 3.93795, "cache_size": 204}
{"event": "stage3_exit_ga_gen", "entry_hash": "dc0557f48fa8be5daad2cdc88218cc3cd5b333c62bb8a745a92e4c1fd6b82c0b", "generation": 4, "best": 4.886272, "cache_size": 252}
{"event": "stage3_exit_ga_gen", "entry_hash": "dc0557f48fa8be5daad2cdc88218cc3cd5b333c62bb8a745a92e4c1fd6b82c0b", "generation": 5, "best": 4.886272, "cache_size": 300}
{"event": "stage3_exit_ga_gen", "entry_hash": "dc0557f48fa8be5daad2cdc88218cc3cd5b333c62bb8a745a92e4c1fd6b82c0b", "generation": 6, "best": 4.886272, "cache_size": 348}
{"event": "stage3_exit_ga_gen", "entry_hash": "dc0557f48fa8be5daad2cdc88218cc3cd5b333c62bb8a745a92e4c1fd6b82c0b", "generation": 7, "best": 4.886272, "cache_size": 396}
{"event": "stage3_exit_ga_gen", "entry_hash": "dc0557f48fa8be5daad2cdc88218cc3cd5b333c62bb8a745a92e4c1fd6b82c0b", "generation": 8, "best": 4.886272, "cache_size": 444}
{"event": "stage3_exit_ga_gen", "entry_hash": "dc0557f48fa8be5daad2cdc88218cc3cd5b333c62bb8a745a92e4c1fd6b82c0b", "generation": 9, "best": 4.886272, "cache_size": 492}
{"event": "stage3_exit_ga_gen", "entry_hash": "dc0557f48fa8be5daad2cdc88218cc3cd5b333c62bb8a745a92e4c1fd6b82c0b", "generation": 10, "best": 4.886272, "cache_size": 540}
{"event": "stage3_exit_ga_gen", "entry_hash": "dc0557f48fa8be5daad2cdc88218cc3cd5b333c62bb8a745a92e4c1fd6b82c0b", "generation": 11, "best": 4.886272, "cache_size": 588}
{"event": "stage3_exit_ga_gen", "entry_hash": "dc0557f48fa8be5daad2cdc88218cc3cd5b333c62bb8a745a92e4c1fd6b82c0b", "generation": 12, "best": 4.886272, "cache_size": 636}
{"event": "stage3_exit_ga_gen", "entry_hash": "dc0557f48fa8be5daad2cdc88218cc3cd5b333c62bb8a745a92e4c1fd6b82c0b", "generation": 13, "best": 4.979169, "cache_size": 684}
{"event": "stage3_exit_ga_gen", "entry_hash": "dc0557f48fa8be5daad2cdc88218cc3cd5b333c62bb8a745a92e4c1fd6b82c0b", "generation": 14, "best": 4.997464, "cache_size": 732}
{"event": "stage3_exit_ga_gen", "entry_hash": "dc0557f48fa8be5daad2cdc88218cc3cd5b333c62bb8a745a92e4c1fd6b82c0b", "generation": 15, "best": 4.997464, "cache_size": 780}
{"event": "stage3_exit_ga_gen", "entry_hash": "dc0557f48fa8be5daad2cdc88218cc3cd5b333c62bb8a745a92e4c1fd6b82c0b", "generation": 16, "best": 4.997464, "cache_size": 828}
{"event": "stage3_exit_ga_gen", "entry_hash": "dc0557f48fa8be5daad2cdc88218cc3cd5b333c62bb8a745a92e4c1fd6b82c0b", "generation": 17, "best": 4.997464, "cache_size": 876}
{"event": "stage3_exit_ga_gen", "entry_hash": "dc0557f48fa8be5daad2cdc88218cc3cd5b333c62bb8a745a92e4c1fd6b82c0b", "generation": 18, "best": 4.997464, "cache_size": 924}
{"event": "stage3_exit_ga_gen", "entry_hash": "dc0557f48fa8be5daad2cdc88218cc3cd5b333c62bb8a745a92e4c1fd6b82c0b", "generation": 19, "best": 4.997464, "cache_size": 972}
{"event": "stage3_exit_ga_gen", "entry_hash": "dc0557f48fa8be5daad2cdc88218cc3cd5b333c62bb8a745a92e4c1fd6b82c0b", "generation": 20, "best": 4.997464, "cache_size": 1020}
{"event": "stage3_exit_ga_gen", "entry_hash": "dc0557f48fa8be5daad2cdc88218cc3cd5b333c62bb8a745a92e4c1fd6b82c0b", "generation": 21, "best": 4.997464, "cache_size": 1068}
{"event": "stage3_exit_ga_gen", "entry_hash": "dc0557f48fa8be5daad2cdc88218cc3cd5b333c62bb8a745a92e4c1fd6b82c0b", "generation": 22, "best": 4.997464, "cache_size": 1116}
{"event": "stage3_exit_ga_gen", "entry_hash": "dc0557f48fa8be5daad2cdc88218cc3cd5b333c62bb8a745a92e4c1fd6b82c0b", "generation": 23, "best": 4.997464, "cache_size": 1164}
{"event": "stage3_exit_ga_gen", "entry_hash": "dc0557f48fa8be5daad2cdc88218cc3cd5b333c62bb8a745a92e4c1fd6b82c0b", "generation": 24, "best": 4.997464, "cache_size": 1212}
{"event": "stage3_exit_ga_gen", "entry_hash": "dc0557f48fa8be5daad2cdc88218cc3cd5b333c62bb8a745a92e4c1fd6b82c0b", "generation": 25, "best": 4.997464, "cache_size": 1260}
{"event": "stage3_exit_ga_gen", "entry_hash": "5d348150a0aeed4044024da4872e5c3985bfdae5b6a77cefbb84a3b7549eaff0", "generation": 0, "best": 2.453298, "cache_size": 60}
{"event": "stage3_exit_ga_gen", "entry_hash": "5d348150a0aeed4044024da4872e5c3985bfdae5b6a77cefbb84a3b7549eaff0", "generation": 1, "best": 2.501992, "cache_size": 108}
{"event": "stage3_exit_ga_gen", "entry_hash": "5d348150a0aeed4044024da4872e5c3985bfdae5b6a77cefbb84a3b7549eaff0", "generation": 2, "best": 3.858724, "cache_size": 156}
{"event": "stage3_exit_ga_gen", "entry_hash": "5d348150a0aeed4044024da4872e5c3985bfdae5b6a77cefbb84a3b7549eaff0", "generation": 3, "best": 3.858724, "cache_size": 204}
{"event": "stage3_exit_ga_gen", "entry_hash": "5d348150a0aeed4044024da4872e5c3985bfdae5b6a77cefbb84a3b7549eaff0", "generation": 4, "best": 3.858724, "cache_size": 252}
{"event": "stage3_exit_ga_gen", "entry_hash": "5d348150a0aeed4044024da4872e5c3985bfdae5b6a77cefbb84a3b7549eaff0", "generation": 5, "best": 3.901117, "cache_size": 300}
{"event": "stage3_exit_ga_gen", "entry_hash": "5d348150a0aeed4044024da4872e5c3985bfdae5b6a77cefbb84a3b7549eaff0", "generation": 6, "best": 4.438032, "cache_size": 348}
{"event": "stage3_exit_ga_gen", "entry_hash": "5d348150a0aeed4044024da4872e5c3985bfdae5b6a77cefbb84a3b7549eaff0", "generation": 7, "best": 4.608609, "cache_size": 396}
{"event": "stage3_exit_ga_gen", "entry_hash": "5d348150a0aeed4044024da4872e5c3985bfdae5b6a77cefbb84a3b7549eaff0", "generation": 8, "best": 5.127121, "cache_size": 444}
{"event": "stage3_exit_ga_gen", "entry_hash": "5d348150a0aeed4044024da4872e5c3985bfdae5b6a77cefbb84a3b7549eaff0", "generation": 9, "best": 5.182152, "cache_size": 492}
{"event": "stage3_exit_ga_gen", "entry_hash": "5d348150a0aeed4044024da4872e5c3985bfdae5b6a77cefbb84a3b7549eaff0", "generation": 10, "best": 5.189493, "cache_size": 540}
{"event": "stage3_exit_ga_gen", "entry_hash": "5d348150a0aeed4044024da4872e5c3985bfdae5b6a77cefbb84a3b7549eaff0", "generation": 11, "best": 5.280643, "cache_size": 588}
{"event": "stage3_exit_ga_gen", "entry_hash": "5d348150a0aeed4044024da4872e5c3985bfdae5b6a77cefbb84a3b7549eaff0", "generation": 12, "best": 5.280643, "cache_size": 636}
{"event": "stage3_exit_ga_gen", "entry_hash": "5d348150a0aeed4044024da4872e5c3985bfdae5b6a77cefbb84a3b7549eaff0", "generation": 13, "best": 5.340236, "cache_size": 684}
{"event": "stage3_exit_ga_gen", "entry_hash": "5d348150a0aeed4044024da4872e5c3985bfdae5b6a77cefbb84a3b7549eaff0", "generation": 14, "best": 5.340236, "cache_size": 732}
{"event": "stage3_exit_ga_gen", "entry_hash": "5d348150a0aeed4044024da4872e5c3985bfdae5b6a77cefbb84a3b7549eaff0", "generation": 15, "best": 5.340236, "cache_size": 780}
{"event": "stage3_exit_ga_gen", "entry_hash": "5d348150a0aeed4044024da4872e5c3985bfdae5b6a77cefbb84a3b7549eaff0", "generation": 16, "best": 5.392648, "cache_size": 828}
{"event": "stage3_exit_ga_gen", "entry_hash": "5d348150a0aeed4044024da4872e5c3985bfdae5b6a77cefbb84a3b7549eaff0", "generation": 17, "best": 5.392648, "cache_size": 876}
{"event": "stage3_exit_ga_gen", "entry_hash": "5d348150a0aeed4044024da4872e5c3985bfdae5b6a77cefbb84a3b7549eaff0", "generation": 18, "best": 5.40749, "cache_size": 924}
{"event": "stage3_exit_ga_gen", "entry_hash": "5d348150a0aeed4044024da4872e5c3985bfdae5b6a77cefbb84a3b7549eaff0", "generation": 19, "best": 5.40749, "cache_size": 972}
{"event": "stage3_exit_ga_gen", "entry_hash": "5d348150a0aeed4044024da4872e5c3985bfdae5b6a77cefbb84a3b7549eaff0", "generation": 20, "best": 5.583825, "cache_size": 1020}
{"event": "stage3_exit_ga_gen", "entry_hash": "5d348150a0aeed4044024da4872e5c3985bfdae5b6a77cefbb84a3b7549eaff0", "generation": 21, "best": 5.583825, "cache_size": 1068}
{"event": "stage3_exit_ga_gen", "entry_hash": "5d348150a0aeed4044024da4872e5c3985bfdae5b6a77cefbb84a3b7549eaff0", "generation": 22, "best": 5.583825, "cache_size": 1116}
{"event": "stage3_exit_ga_gen", "entry_hash": "5d348150a0aeed4044024da4872e5c3985bfdae5b6a77cefbb84a3b7549eaff0", "generation": 23, "best": 5.604493, "cache_size": 1164}
{"event": "stage3_exit_ga_gen", "entry_hash": "5d348150a0aeed4044024da4872e5c3985bfdae5b6a77cefbb84a3b7549eaff0", "generation": 24, "best": 5.604493, "cache_size": 1212}
{"event": "stage3_exit_ga_gen", "entry_hash": "5d348150a0aeed4044024da4872e5c3985bfdae5b6a77cefbb84a3b7549eaff0", "generation": 25, "best": 5.604493, "cache_size": 1260}
{"event": "stage3_exit_ga_gen", "entry_hash": "53b78481969276a79509c007daf2c65f610f459963f305615daf4166cf3ba22b", "generation": 0, "best": 4.297928, "cache_size": 60}
{"event": "stage3_exit_ga_gen", "entry_hash": "53b78481969276a79509c007daf2c65f610f459963f305615daf4166cf3ba22b", "generation": 1, "best": 4.297928, "cache_size": 108}
{"event": "stage3_exit_ga_gen", "entry_hash": "53b78481969276a79509c007daf2c65f610f459963f305615daf4166cf3ba22b", "generation": 2, "best": 4.297928, "cache_size": 156}
{"event": "stage3_exit_ga_gen", "entry_hash": "53b78481969276a79509c007daf2c65f610f459963f305615daf4166cf3ba22b", "generation": 3, "best": 5.480061, "cache_size": 204}
{"event": "stage3_exit_ga_gen", "entry_hash": "53b78481969276a79509c007daf2c65f610f459963f305615daf4166cf3ba22b", "generation": 4, "best": 5.480061, "cache_size": 252}
{"event": "stage3_exit_ga_gen", "entry_hash": "53b78481969276a79509c007daf2c65f610f459963f305615daf4166cf3ba22b", "generation": 5, "best": 5.480061, "cache_size": 300}
{"event": "stage3_exit_ga_gen", "entry_hash": "53b78481969276a79509c007daf2c65f610f459963f305615daf4166cf3ba22b", "generation": 6, "best": 5.643044, "cache_size": 348}
{"event": "stage3_exit_ga_gen", "entry_hash": "53b78481969276a79509c007daf2c65f610f459963f305615daf4166cf3ba22b", "generation": 7, "best": 5.643044, "cache_size": 396}
{"event": "stage3_exit_ga_gen", "entry_hash": "53b78481969276a79509c007daf2c65f610f459963f305615daf4166cf3ba22b", "generation": 8, "best": 5.643044, "cache_size": 444}
{"event": "stage3_exit_ga_gen", "entry_hash": "53b78481969276a79509c007daf2c65f610f459963f305615daf4166cf3ba22b", "generation": 9, "best": 6.254869, "cache_size": 492}
{"event": "stage3_exit_ga_gen", "entry_hash": "53b78481969276a79509c007daf2c65f610f459963f305615daf4166cf3ba22b", "generation": 10, "best": 6.254869, "cache_size": 540}
{"event": "stage3_exit_ga_gen", "entry_hash": "53b78481969276a79509c007daf2c65f610f459963f305615daf4166cf3ba22b", "generation": 11, "best": 6.254869, "cache_size": 588}
{"event": "stage3_exit_ga_gen", "entry_hash": "53b78481969276a79509c007daf2c65f610f459963f305615daf4166cf3ba22b", "generation": 12, "best": 6.254869, "cache_size": 636}
{"event": "stage3_exit_ga_gen", "entry_hash": "53b78481969276a79509c007daf2c65f610f459963f305615daf4166cf3ba22b", "generation": 13, "best": 6.254869, "cache_size": 684}
{"event": "stage3_exit_ga_gen", "entry_hash": "53b78481969276a79509c007daf2c65f610f459963f305615daf4166cf3ba22b", "generation": 14, "best": 6.254869, "cache_size": 732}
{"event": "stage3_exit_ga_gen", "entry_hash": "53b78481969276a79509c007daf2c65f610f459963f305615daf4166cf3ba22b", "generation": 15, "best": 6.254869, "cache_size": 780}
{"event": "stage3_exit_ga_gen", "entry_hash": "53b78481969276a79509c007daf2c65f610f459963f305615daf4166cf3ba22b", "generation": 16, "best": 7.39531, "cache_size": 828}
{"event": "stage3_exit_ga_gen", "entry_hash": "53b78481969276a79509c007daf2c65f610f459963f305615daf4166cf3ba22b", "generation": 17, "best": 7.39531, "cache_size": 876}
{"event": "stage3_exit_ga_gen", "entry_hash": "53b78481969276a79509c007daf2c65f610f459963f305615daf4166cf3ba22b", "generation": 18, "best": 7.39531, "cache_size": 924}
{"event": "stage3_exit_ga_gen", "entry_hash": "53b78481969276a79509c007daf2c65f610f459963f305615daf4166cf3ba22b", "generation": 19, "best": 7.39531, "cache_size": 972}
{"event": "stage3_exit_ga_gen", "entry_hash": "53b78481969276a79509c007daf2c65f610f459963f305615daf4166cf3ba22b", "generation": 20, "best": 7.594184, "cache_size": 1020}
{"event": "stage3_exit_ga_gen", "entry_hash": "53b78481969276a79509c007daf2c65f610f459963f305615daf4166cf3ba22b", "generation": 21, "best": 7.695894, "cache_size": 1068}
{"event": "stage3_exit_ga_gen", "entry_hash": "53b78481969276a79509c007daf2c65f610f459963f305615daf4166cf3ba22b", "generation": 22, "best": 7.976873, "cache_size": 1116}
{"event": "stage3_exit_ga_gen", "entry_hash": "53b78481969276a79509c007daf2c65f610f459963f305615daf4166cf3ba22b", "generation": 23, "best": 8.140233, "cache_size": 1163}
{"event": "stage3_exit_ga_gen", "entry_hash": "53b78481969276a79509c007daf2c65f610f459963f305615daf4166cf3ba22b", "generation": 24, "best": 8.140233, "cache_size": 1211}
{"event": "stage3_exit_ga_gen", "entry_hash": "53b78481969276a79509c007daf2c65f610f459963f305615daf4166cf3ba22b", "generation": 25, "best": 8.140233, "cache_size": 1259}
{"event": "stage3_exit_ga_gen", "entry_hash": "be3ff3c9ff0a14e3849b6c4e618476bd7d512c07a57e8d4d65fefa8f23435652", "generation": 0, "best": 2.019971, "cache_size": 60}
{"event": "stage3_exit_ga_gen", "entry_hash": "be3ff3c9ff0a14e3849b6c4e618476bd7d512c07a57e8d4d65fefa8f23435652", "generation": 1, "best": 2.084932, "cache_size": 108}
{"event": "stage3_exit_ga_gen", "entry_hash": "be3ff3c9ff0a14e3849b6c4e618476bd7d512c07a57e8d4d65fefa8f23435652", "generation": 2, "best": 2.355728, "cache_size": 156}
{"event": "stage3_exit_ga_gen", "entry_hash": "be3ff3c9ff0a14e3849b6c4e618476bd7d512c07a57e8d4d65fefa8f23435652", "generation": 3, "best": 3.123367, "cache_size": 204}
{"event": "stage3_exit_ga_gen", "entry_hash": "be3ff3c9ff0a14e3849b6c4e618476bd7d512c07a57e8d4d65fefa8f23435652", "generation": 4, "best": 3.123367, "cache_size": 252}
{"event": "stage3_exit_ga_gen", "entry_hash": "be3ff3c9ff0a14e3849b6c4e618476bd7d512c07a57e8d4d65fefa8f23435652", "generation": 5, "best": 3.123367, "cache_size": 300}
{"event": "stage3_exit_ga_gen", "entry_hash": "be3ff3c9ff0a14e3849b6c4e618476bd7d512c07a57e8d4d65fefa8f23435652", "generation": 6, "best": 3.149755, "cache_size": 348}
{"event": "stage3_exit_ga_gen", "entry_hash": "be3ff3c9ff0a14e3849b6c4e618476bd7d512c07a57e8d4d65fefa8f23435652", "generation": 7, "best": 3.445977, "cache_size": 396}
{"event": "stage3_exit_ga_gen", "entry_hash": "be3ff3c9ff0a14e3849b6c4e618476bd7d512c07a57e8d4d65fefa8f23435652", "generation": 8, "best": 3.456495, "cache_size": 444}
{"event": "stage3_exit_ga_gen", "entry_hash": "be3ff3c9ff0a14e3849b6c4e618476bd7d512c07a57e8d4d65fefa8f23435652", "generation": 9, "best": 3.456495, "cache_size": 492}
{"event": "stage3_exit_ga_gen", "entry_hash": "be3ff3c9ff0a14e3849b6c4e618476bd7d512c07a57e8d4d65fefa8f23435652", "generation": 10, "best": 3.456495, "cache_size": 540}
{"event": "stage3_exit_ga_gen", "entry_hash": "be3ff3c9ff0a14e3849b6c4e618476bd7d512c07a57e8d4d65fefa8f23435652", "generation": 11, "best": 3.736376, "cache_size": 588}
{"event": "stage3_exit_ga_gen", "entry_hash": "be3ff3c9ff0a14e3849b6c4e618476bd7d512c07a57e8d4d65fefa8f23435652", "generation": 12, "best": 3.736376, "cache_size": 636}
{"event": "stage3_exit_ga_gen", "entry_hash": "be3ff3c9ff0a14e3849b6c4e618476bd7d512c07a57e8d4d65fefa8f23435652", "generation": 13, "best": 3.745721, "cache_size": 684}
{"event": "stage3_exit_ga_gen", "entry_hash": "be3ff3c9ff0a14e3849b6c4e618476bd7d512c07a57e8d4d65fefa8f23435652", "generation": 14, "best": 3.745721, "cache_size": 732}
{"event": "stage3_exit_ga_gen", "entry_hash": "be3ff3c9ff0a14e3849b6c4e618476bd7d512c07a57e8d4d65fefa8f23435652", "generation": 15, "best": 3.745721, "cache_size": 780}
{"event": "stage3_exit_ga_gen", "entry_hash": "be3ff3c9ff0a14e3849b6c4e618476bd7d512c07a57e8d4d65fefa8f23435652", "generation": 16, "best": 3.856756, "cache_size": 828}
{"event": "stage3_exit_ga_gen", "entry_hash": "be3ff3c9ff0a14e3849b6c4e618476bd7d512c07a57e8d4d65fefa8f23435652", "generation": 17, "best": 3.856756, "cache_size": 876}
{"event": "stage3_exit_ga_gen", "entry_hash": "be3ff3c9ff0a14e3849b6c4e618476bd7d512c07a57e8d4d65fefa8f23435652", "generation": 18, "best": 3.856756, "cache_size": 924}
{"event": "stage3_exit_ga_gen", "entry_hash": "be3ff3c9ff0a14e3849b6c4e618476bd7d512c07a57e8d4d65fefa8f23435652", "generation": 19, "best": 3.856756, "cache_size": 972}
{"event": "stage3_exit_ga_gen", "entry_hash": "be3ff3c9ff0a14e3849b6c4e618476bd7d512c07a57e8d4d65fefa8f23435652", "generation": 20, "best": 3.969255, "cache_size": 1020}
{"event": "stage3_exit_ga_gen", "entry_hash": "be3ff3c9ff0a14e3849b6c4e618476bd7d512c07a57e8d4d65fefa8f23435652", "generation": 21, "best": 3.969255, "cache_size": 1068}
{"event": "stage3_exit_ga_gen", "entry_hash": "be3ff3c9ff0a14e3849b6c4e618476bd7d512c07a57e8d4d65fefa8f23435652", "generation": 22, "best": 3.969255, "cache_size": 1116}
{"event": "stage3_exit_ga_gen", "entry_hash": "be3ff3c9ff0a14e3849b6c4e618476bd7d512c07a57e8d4d65fefa8f23435652", "generation": 23, "best": 3.969255, "cache_size": 1164}
{"event": "stage3_exit_ga_gen", "entry_hash": "be3ff3c9ff0a14e3849b6c4e618476bd7d512c07a57e8d4d65fefa8f23435652", "generation": 24, "best": 3.969255, "cache_size": 1212}
{"event": "stage3_exit_ga_gen", "entry_hash": "be3ff3c9ff0a14e3849b6c4e618476bd7d512c07a57e8d4d65fefa8f23435652", "generation": 25, "best": 3.969255, "cache_size": 1260}
{"event": "stage3_exit_ga_gen", "entry_hash": "ae8a03b494a2b2ca23f553191174326abe23d9a78e0a7f5ea41b3dd29dd40daa", "generation": 0, "best": 2.724978, "cache_size": 60}
{"event": "stage3_exit_ga_gen", "entry_hash": "ae8a03b494a2b2ca23f553191174326abe23d9a78e0a7f5ea41b3dd29dd40daa", "generation": 1, "best": 3.217909, "cache_size": 108}
{"event": "stage3_exit_ga_gen", "entry_hash": "ae8a03b494a2b2ca23f553191174326abe23d9a78e0a7f5ea41b3dd29dd40daa", "generation": 2, "best": 3.217909, "cache_size": 156}
{"event": "stage3_exit_ga_gen", "entry_hash": "ae8a03b494a2b2ca23f553191174326abe23d9a78e0a7f5ea41b3dd29dd40daa", "generation": 3, "best": 3.911485, "cache_size": 204}
{"event": "stage3_exit_ga_gen", "entry_hash": "ae8a03b494a2b2ca23f553191174326abe23d9a78e0a7f5ea41b3dd29dd40daa", "generation": 4, "best": 3.911485, "cache_size": 252}
{"event": "stage3_exit_ga_gen", "entry_hash": "ae8a03b494a2b2ca23f553191174326abe23d9a78e0a7f5ea41b3dd29dd40daa", "generation": 5, "best": 3.911485, "cache_size": 300}
{"event": "stage3_exit_ga_gen", "entry_hash": "ae8a03b494a2b2ca23f553191174326abe23d9a78e0a7f5ea41b3dd29dd40daa", "generation": 6, "best": 4.207522, "cache_size": 348}
{"event": "stage3_exit_ga_gen", "entry_hash": "ae8a03b494a2b2ca23f553191174326abe23d9a78e0a7f5ea41b3dd29dd40daa", "generation": 7, "best": 5.302709, "cache_size": 396}
{"event": "stage3_exit_ga_gen", "entry_hash": "ae8a03b494a2b2ca23f553191174326abe23d9a78e0a7f5ea41b3dd29dd40daa", "generation": 8, "best": 5.882267, "cache_size": 444}
{"event": "stage3_exit_ga_gen", "entry_hash": "ae8a03b494a2b2ca23f553191174326abe23d9a78e0a7f5ea41b3dd29dd40daa", "generation": 9, "best": 5.882267, "cache_size": 492}
{"event": "stage3_exit_ga_gen", "entry_hash": "ae8a03b494a2b2ca23f553191174326abe23d9a78e0a7f5ea41b3dd29dd40daa", "generation": 10, "best": 5.882267, "cache_size": 540}
{"event": "stage3_exit_ga_gen", "entry_hash": "ae8a03b494a2b2ca23f553191174326abe23d9a78e0a7f5ea41b3dd29dd40daa", "generation": 11, "best": 5.882267, "cache_size": 588}
{"event": "stage3_exit_ga_gen", "entry_hash": "ae8a03b494a2b2ca23f553191174326abe23d9a78e0a7f5ea41b3dd29dd40daa", "generation": 12, "best": 5.882267, "cache_size": 636}
{"event": "stage3_exit_ga_gen", "entry_hash": "ae8a03b494a2b2ca23f553191174326abe23d9a78e0a7f5ea41b3dd29dd40daa", "generation": 13, "best": 6.497055, "cache_size": 684}
{"event": "stage3_exit_ga_gen", "entry_hash": "ae8a03b494a2b2ca23f553191174326abe23d9a78e0a7f5ea41b3dd29dd40daa", "generation": 14, "best": 6.497055, "cache_size": 732}
{"event": "stage3_exit_ga_gen", "entry_hash": "ae8a03b494a2b2ca23f553191174326abe23d9a78e0a7f5ea41b3dd29dd40daa", "generation": 15, "best": 6.497055, "cache_size": 780}
{"event": "stage3_exit_ga_gen", "entry_hash": "ae8a03b494a2b2ca23f553191174326abe23d9a78e0a7f5ea41b3dd29dd40daa", "generation": 16, "best": 6.497055, "cache_size": 828}
{"event": "stage3_exit_ga_gen", "entry_hash": "ae8a03b494a2b2ca23f553191174326abe23d9a78e0a7f5ea41b3dd29dd40daa", "generation": 17, "best": 6.497055, "cache_size": 876}
{"event": "stage3_exit_ga_gen", "entry_hash": "ae8a03b494a2b2ca23f553191174326abe23d9a78e0a7f5ea41b3dd29dd40daa", "generation": 18, "best": 6.911939, "cache_size": 924}
{"event": "stage3_exit_ga_gen", "entry_hash": "ae8a03b494a2b2ca23f553191174326abe23d9a78e0a7f5ea41b3dd29dd40daa", "generation": 19, "best": 6.911939, "cache_size": 972}
{"event": "stage3_exit_ga_gen", "entry_hash": "ae8a03b494a2b2ca23f553191174326abe23d9a78e0a7f5ea41b3dd29dd40daa", "generation": 20, "best": 6.911939, "cache_size": 1020}
{"event": "stage3_exit_ga_gen", "entry_hash": "ae8a03b494a2b2ca23f553191174326abe23d9a78e0a7f5ea41b3dd29dd40daa", "generation": 21, "best": 6.911939, "cache_size": 1068}
{"event": "stage3_exit_ga_gen", "entry_hash": "ae8a03b494a2b2ca23f553191174326abe23d9a78e0a7f5ea41b3dd29dd40daa", "generation": 22, "best": 6.911939, "cache_size": 1116}
{"event": "stage3_exit_ga_gen", "entry_hash": "ae8a03b494a2b2ca23f553191174326abe23d9a78e0a7f5ea41b3dd29dd40daa", "generation": 23, "best": 6.911939, "cache_size": 1164}
{"event": "stage3_exit_ga_gen", "entry_hash": "ae8a03b494a2b2ca23f553191174326abe23d9a78e0a7f5ea41b3dd29dd40daa", "generation": 24, "best": 6.911939, "cache_size": 1212}
{"event": "stage3_exit_ga_gen", "entry_hash": "ae8a03b494a2b2ca23f553191174326abe23d9a78e0a7f5ea41b3dd29dd40daa", "generation": 25, "best": 6.911939, "cache_size": 1260}
{"event": "stage3_exit_ga_gen", "entry_hash": "a23f4127e98ec57f804d2522208ec9cc01135b68fb7304abc031b26885f17e4c", "generation": 0, "best": 1.928558, "cache_size": 60}
{"event": "stage3_exit_ga_gen", "entry_hash": "a23f4127e98ec57f804d2522208ec9cc01135b68fb7304abc031b26885f17e4c", "generation": 1, "best": 2.792136, "cache_size": 108}
{"event": "stage3_exit_ga_gen", "entry_hash": "a23f4127e98ec57f804d2522208ec9cc01135b68fb7304abc031b26885f17e4c", "generation": 2, "best": 3.375228, "cache_size": 156}
{"event": "stage3_exit_ga_gen", "entry_hash": "a23f4127e98ec57f804d2522208ec9cc01135b68fb7304abc031b26885f17e4c", "generation": 3, "best": 3.375228, "cache_size": 204}
{"event": "stage3_exit_ga_gen", "entry_hash": "a23f4127e98ec57f804d2522208ec9cc01135b68fb7304abc031b26885f17e4c", "generation": 4, "best": 3.440749, "cache_size": 252}
{"event": "stage3_exit_ga_gen", "entry_hash": "a23f4127e98ec57f804d2522208ec9cc01135b68fb7304abc031b26885f17e4c", "generation": 5, "best": 3.440749, "cache_size": 300}
{"event": "stage3_exit_ga_gen", "entry_hash": "a23f4127e98ec57f804d2522208ec9cc01135b68fb7304abc031b26885f17e4c", "generation": 6, "best": 3.476635, "cache_size": 348}
{"event": "stage3_exit_ga_gen", "entry_hash": "a23f4127e98ec57f804d2522208ec9cc01135b68fb7304abc031b26885f17e4c", "generation": 7, "best": 3.497272, "cache_size": 396}
{"event": "stage3_exit_ga_gen", "entry_hash": "a23f4127e98ec57f804d2522208ec9cc01135b68fb7304abc031b26885f17e4c", "generation": 8, "best": 3.715318, "cache_size": 444}
{"event": "stage3_exit_ga_gen", "entry_hash": "a23f4127e98ec57f804d2522208ec9cc01135b68fb7304abc031b26885f17e4c", "generation": 9, "best": 3.957702, "cache_size": 492}
{"event": "stage3_exit_ga_gen", "entry_hash": "a23f4127e98ec57f804d2522208ec9cc01135b68fb7304abc031b26885f17e4c", "generation": 10, "best": 4.153407, "cache_size": 540}
{"event": "stage3_exit_ga_gen", "entry_hash": "a23f4127e98ec57f804d2522208ec9cc01135b68fb7304abc031b26885f17e4c", "generation": 11, "best": 4.153407, "cache_size": 588}
{"event": "stage3_exit_ga_gen", "entry_hash": "a23f4127e98ec57f804d2522208ec9cc01135b68fb7304abc031b26885f17e4c", "generation": 12, "best": 4.153407, "cache_size": 636}
{"event": "stage3_exit_ga_gen", "entry_hash": "a23f4127e98ec57f804d2522208ec9cc01135b68fb7304abc031b26885f17e4c", "generation": 13, "best": 4.153407, "cache_size": 684}
{"event": "stage3_exit_ga_gen", "entry_hash": "a23f4127e98ec57f804d2522208ec9cc01135b68fb7304abc031b26885f17e4c", "generation": 14, "best": 4.153407, "cache_size": 732}
{"event": "stage3_exit_ga_gen", "entry_hash": "a23f4127e98ec57f804d2522208ec9cc01135b68fb7304abc031b26885f17e4c", "generation": 15, "best": 4.153407, "cache_size": 780}
{"event": "stage3_exit_ga_gen", "entry_hash": "a23f4127e98ec57f804d2522208ec9cc01135b68fb7304abc031b26885f17e4c", "generation": 16, "best": 4.153407, "cache_size": 828}
{"event": "stage3_exit_ga_gen", "entry_hash": "a23f4127e98ec57f804d2522208ec9cc01135b68fb7304abc031b26885f17e4c", "generation": 17, "best": 4.153407, "cache_size": 876}
{"event": "stage3_exit_ga_gen", "entry_hash": "a23f4127e98ec57f804d2522208ec9cc01135b68fb7304abc031b26885f17e4c", "generation": 18, "best": 4.179174, "cache_size": 924}
{"event": "stage3_exit_ga_gen", "entry_hash": "a23f4127e98ec57f804d2522208ec9cc01135b68fb7304abc031b26885f17e4c", "generation": 19, "best": 4.179174, "cache_size": 972}
{"event": "stage3_exit_ga_gen", "entry_hash": "a23f4127e98ec57f804d2522208ec9cc01135b68fb7304abc031b26885f17e4c", "generation": 20, "best": 4.179174, "cache_size": 1020}
{"event": "stage3_exit_ga_gen", "entry_hash": "a23f4127e98ec57f804d2522208ec9cc01135b68fb7304abc031b26885f17e4c", "generation": 21, "best": 4.179174, "cache_size": 1068}
{"event": "stage3_exit_ga_gen", "entry_hash": "a23f4127e98ec57f804d2522208ec9cc01135b68fb7304abc031b26885f17e4c", "generation": 22, "best": 4.179174, "cache_size": 1116}
{"event": "stage3_exit_ga_gen", "entry_hash": "a23f4127e98ec57f804d2522208ec9cc01135b68fb7304abc031b26885f17e4c", "generation": 23, "best": 4.179174, "cache_size": 1164}
{"event": "stage3_exit_ga_gen", "entry_hash": "a23f4127e98ec57f804d2522208ec9cc01135b68fb7304abc031b26885f17e4c", "generation": 24, "best": 4.242293, "cache_size": 1212}
{"event": "stage3_exit_ga_gen", "entry_hash": "a23f4127e98ec57f804d2522208ec9cc01135b68fb7304abc031b26885f17e4c", "generation": 25, "best": 4.271079, "cache_size": 1260}
{"event": "stage3_exit_ga_gen", "entry_hash": "6c5fb173b67a57172de9b39715352c58b6cc5cb199f0958fed659ea8ae430411", "generation": 0, "best": 0.898842, "cache_size": 60}
{"event": "stage3_exit_ga_gen", "entry_hash": "6c5fb173b67a57172de9b39715352c58b6cc5cb199f0958fed659ea8ae430411", "generation": 1, "best": 1.582262, "cache_size": 108}
{"event": "stage3_exit_ga_gen", "entry_hash": "6c5fb173b67a57172de9b39715352c58b6cc5cb199f0958fed659ea8ae430411", "generation": 2, "best": 1.582262, "cache_size": 156}
{"event": "stage3_exit_ga_gen", "entry_hash": "6c5fb173b67a57172de9b39715352c58b6cc5cb199f0958fed659ea8ae430411", "generation": 3, "best": 1.582262, "cache_size": 204}
{"event": "stage3_exit_ga_gen", "entry_hash": "6c5fb173b67a57172de9b39715352c58b6cc5cb199f0958fed659ea8ae430411", "generation": 4, "best": 1.714975, "cache_size": 252}
{"event": "stage3_exit_ga_gen", "entry_hash": "6c5fb173b67a57172de9b39715352c58b6cc5cb199f0958fed659ea8ae430411", "generation": 5, "best": 1.766397, "cache_size": 300}
{"event": "stage3_exit_ga_gen", "entry_hash": "6c5fb173b67a57172de9b39715352c58b6cc5cb199f0958fed659ea8ae430411", "generation": 6, "best": 1.766397, "cache_size": 348}
{"event": "stage3_exit_ga_gen", "entry_hash": "6c5fb173b67a57172de9b39715352c58b6cc5cb199f0958fed659ea8ae430411", "generation": 7, "best": 1.810209, "cache_size": 396}
{"event": "stage3_exit_ga_gen", "entry_hash": "6c5fb173b67a57172de9b39715352c58b6cc5cb199f0958fed659ea8ae430411", "generation": 8, "best": 1.855718, "cache_size": 444}
{"event": "stage3_exit_ga_gen", "entry_hash": "6c5fb173b67a57172de9b39715352c58b6cc5cb199f0958fed659ea8ae430411", "generation": 9, "best": 1.855718, "cache_size": 492}
{"event": "stage3_exit_ga_gen", "entry_hash": "6c5fb173b67a57172de9b39715352c58b6cc5cb199f0958fed659ea8ae430411", "generation": 10, "best": 2.177827, "cache_size": 540}
{"event": "stage3_exit_ga_gen", "entry_hash": "6c5fb173b67a57172de9b39715352c58b6cc5cb199f0958fed659ea8ae430411", "generation": 11, "best": 2.177827, "cache_size": 588}
{"event": "stage3_exit_ga_gen", "entry_hash": "6c5fb173b67a57172de9b39715352c58b6cc5cb199f0958fed659ea8ae430411", "generation": 12, "best": 2.177827, "cache_size": 636}
{"event": "stage3_exit_ga_gen", "entry_hash": "6c5fb173b67a57172de9b39715352c58b6cc5cb199f0958fed659ea8ae430411", "generation": 13, "best": 2.177827, "cache_size": 684}
{"event": "stage3_exit_ga_gen", "entry_hash": "6c5fb173b67a57172de9b39715352c58b6cc5cb199f0958fed659ea8ae430411", "generation": 14, "best": 2.177827, "cache_size": 732}
{"event": "stage3_exit_ga_gen", "entry_hash": "6c5fb173b67a57172de9b39715352c58b6cc5cb199f0958fed659ea8ae430411", "generation": 15, "best": 2.310001, "cache_size": 780}
{"event": "stage3_exit_ga_gen", "entry_hash": "6c5fb173b67a57172de9b39715352c58b6cc5cb199f0958fed659ea8ae430411", "generation": 16, "best": 2.310001, "cache_size": 828}
{"event": "stage3_exit_ga_gen", "entry_hash": "6c5fb173b67a57172de9b39715352c58b6cc5cb199f0958fed659ea8ae430411", "generation": 17, "best": 2.378173, "cache_size": 876}
{"event": "stage3_exit_ga_gen", "entry_hash": "6c5fb173b67a57172de9b39715352c58b6cc5cb199f0958fed659ea8ae430411", "generation": 18, "best": 2.378173, "cache_size": 924}
{"event": "stage3_exit_ga_gen", "entry_hash": "6c5fb173b67a57172de9b39715352c58b6cc5cb199f0958fed659ea8ae430411", "generation": 19, "best": 2.430819, "cache_size": 972}
{"event": "stage3_exit_ga_gen", "entry_hash": "6c5fb173b67a57172de9b39715352c58b6cc5cb199f0958fed659ea8ae430411", "generation": 20, "best": 2.472522, "cache_size": 1020}
{"event": "stage3_exit_ga_gen", "entry_hash": "6c5fb173b67a57172de9b39715352c58b6cc5cb199f0958fed659ea8ae430411", "generation": 21, "best": 2.472522, "cache_size": 1068}
{"event": "stage3_exit_ga_gen", "entry_hash": "6c5fb173b67a57172de9b39715352c58b6cc5cb199f0958fed659ea8ae430411", "generation": 22, "best": 2.473875, "cache_size": 1116}
{"event": "stage3_exit_ga_gen", "entry_hash": "6c5fb173b67a57172de9b39715352c58b6cc5cb199f0958fed659ea8ae430411", "generation": 23, "best": 2.502634, "cache_size": 1164}
{"event": "stage3_exit_ga_gen", "entry_hash": "6c5fb173b67a57172de9b39715352c58b6cc5cb199f0958fed659ea8ae430411", "generation": 24, "best": 2.502634, "cache_size": 1212}
{"event": "stage3_exit_ga_gen", "entry_hash": "6c5fb173b67a57172de9b39715352c58b6cc5cb199f0958fed659ea8ae430411", "generation": 25, "best": 2.538379, "cache_size": 1260}
{"event": "stage3_exit_ga_gen", "entry_hash": "fa380b6357fbb6006163ea5e292449f34ad78dd2afbedda850645ea008b88b0c", "generation": 0, "best": 2.351888, "cache_size": 60}
{"event": "stage3_exit_ga_gen", "entry_hash": "fa380b6357fbb6006163ea5e292449f34ad78dd2afbedda850645ea008b88b0c", "generation": 1, "best": 2.726009, "cache_size": 108}
{"event": "stage3_exit_ga_gen", "entry_hash": "fa380b6357fbb6006163ea5e292449f34ad78dd2afbedda850645ea008b88b0c", "generation": 2, "best": 2.845421, "cache_size": 156}
{"event": "stage3_exit_ga_gen", "entry_hash": "fa380b6357fbb6006163ea5e292449f34ad78dd2afbedda850645ea008b88b0c", "generation": 3, "best": 2.845421, "cache_size": 204}
{"event": "stage3_exit_ga_gen", "entry_hash": "fa380b6357fbb6006163ea5e292449f34ad78dd2afbedda850645ea008b88b0c", "generation": 4, "best": 2.845421, "cache_size": 252}
{"event": "stage3_exit_ga_gen", "entry_hash": "fa380b6357fbb6006163ea5e292449f34ad78dd2afbedda850645ea008b88b0c", "generation": 5, "best": 2.956615, "cache_size": 300}
{"event": "stage3_exit_ga_gen", "entry_hash": "fa380b6357fbb6006163ea5e292449f34ad78dd2afbedda850645ea008b88b0c", "generation": 6, "best": 2.956615, "cache_size": 348}
{"event": "stage3_exit_ga_gen", "entry_hash": "fa380b6357fbb6006163ea5e292449f34ad78dd2afbedda850645ea008b88b0c", "generation": 7, "best": 3.049968, "cache_size": 396}
{"event": "stage3_exit_ga_gen", "entry_hash": "fa380b6357fbb6006163ea5e292449f34ad78dd2afbedda850645ea008b88b0c", "generation": 8, "best": 3.372888, "cache_size": 444}
{"event": "stage3_exit_ga_gen", "entry_hash": "fa380b6357fbb6006163ea5e292449f34ad78dd2afbedda850645ea008b88b0c", "generation": 9, "best": 3.372888, "cache_size": 492}
{"event": "stage3_exit_ga_gen", "entry_hash": "fa380b6357fbb6006163ea5e292449f34ad78dd2afbedda850645ea008b88b0c", "generation": 10, "best": 3.372888, "cache_size": 540}
{"event": "stage3_exit_ga_gen", "entry_hash": "fa380b6357fbb6006163ea5e292449f34ad78dd2afbedda850645ea008b88b0c", "generation": 11, "best": 3.372888, "cache_size": 588}
{"event": "stage3_exit_ga_gen", "entry_hash": "fa380b6357fbb6006163ea5e292449f34ad78dd2afbedda850645ea008b88b0c", "generation": 12, "best": 3.425235, "cache_size": 636}
{"event": "stage3_exit_ga_gen", "entry_hash": "fa380b6357fbb6006163ea5e292449f34ad78dd2afbedda850645ea008b88b0c", "generation": 13, "best": 3.425235, "cache_size": 684}
{"event": "stage3_exit_ga_gen", "entry_hash": "fa380b6357fbb6006163ea5e292449f34ad78dd2afbedda850645ea008b88b0c", "generation": 14, "best": 3.425235, "cache_size": 732}
{"event": "stage3_exit_ga_gen", "entry_hash": "fa380b6357fbb6006163ea5e292449f34ad78dd2afbedda850645ea008b88b0c", "generation": 15, "best": 3.425235, "cache_size": 780}
{"event": "stage3_exit_ga_gen", "entry_hash": "fa380b6357fbb6006163ea5e292449f34ad78dd2afbedda850645ea008b88b0c", "generation": 16, "best": 3.425235, "cache_size": 828}
{"event": "stage3_exit_ga_gen", "entry_hash": "fa380b6357fbb6006163ea5e292449f34ad78dd2afbedda850645ea008b88b0c", "generation": 17, "best": 3.425235, "cache_size": 876}
{"event": "stage3_exit_ga_gen", "entry_hash": "fa380b6357fbb6006163ea5e292449f34ad78dd2afbedda850645ea008b88b0c", "generation": 18, "best": 3.425235, "cache_size": 924}
{"event": "stage3_exit_ga_gen", "entry_hash": "fa380b6357fbb6006163ea5e292449f34ad78dd2afbedda850645ea008b88b0c", "generation": 19, "best": 3.425235, "cache_size": 972}
{"event": "stage3_exit_ga_gen", "entry_hash": "fa380b6357fbb6006163ea5e292449f34ad78dd2afbedda850645ea008b88b0c", "generation": 20, "best": 3.425235, "cache_size": 1020}
{"event": "stage3_exit_ga_gen", "entry_hash": "fa380b6357fbb6006163ea5e292449f34ad78dd2afbedda850645ea008b88b0c", "generation": 21, "best": 3.425235, "cache_size": 1068}
{"event": "stage3_exit_ga_gen", "entry_hash": "fa380b6357fbb6006163ea5e292449f34ad78dd2afbedda850645ea008b88b0c", "generation": 22, "best": 3.44392, "cache_size": 1116}
{"event": "stage3_exit_ga_gen", "entry_hash": "fa380b6357fbb6006163ea5e292449f34ad78dd2afbedda850645ea008b88b0c", "generation": 23, "best": 3.47668, "cache_size": 1164}
{"event": "stage3_exit_ga_gen", "entry_hash": "fa380b6357fbb6006163ea5e292449f34ad78dd2afbedda850645ea008b88b0c", "generation": 24, "best": 3.47668, "cache_size": 1212}
{"event": "stage3_exit_ga_gen", "entry_hash": "fa380b6357fbb6006163ea5e292449f34ad78dd2afbedda850645ea008b88b0c", "generation": 25, "best": 3.47668, "cache_size": 1260}
{"event": "stage3_exit_ga_gen", "entry_hash": "e13bbb3cba2fcbd00941d92be59d761d9a24af43482ad8fad0e849d6ae05a743", "generation": 0, "best": 1.991934, "cache_size": 60}
{"event": "stage3_exit_ga_gen", "entry_hash": "e13bbb3cba2fcbd00941d92be59d761d9a24af43482ad8fad0e849d6ae05a743", "generation": 1, "best": 1.991934, "cache_size": 108}
{"event": "stage3_exit_ga_gen", "entry_hash": "e13bbb3cba2fcbd00941d92be59d761d9a24af43482ad8fad0e849d6ae05a743", "generation": 2, "best": 2.457636, "cache_size": 156}
{"event": "stage3_exit_ga_gen", "entry_hash": "e13bbb3cba2fcbd00941d92be59d761d9a24af43482ad8fad0e849d6ae05a743", "generation": 3, "best": 3.180085, "cache_size": 204}
{"event": "stage3_exit_ga_gen", "entry_hash": "e13bbb3cba2fcbd00941d92be59d761d9a24af43482ad8fad0e849d6ae05a743", "generation": 4, "best": 3.180085, "cache_size": 252}
{"event": "stage3_exit_ga_gen", "entry_hash": "e13bbb3cba2fcbd00941d92be59d761d9a24af43482ad8fad0e849d6ae05a743", "generation": 5, "best": 3.180085, "cache_size": 300}
{"event": "stage3_exit_ga_gen", "entry_hash": "e13bbb3cba2fcbd00941d92be59d761d9a24af43482ad8fad0e849d6ae05a743", "generation": 6, "best": 3.180085, "cache_size": 348}
{"event": "stage3_exit_ga_gen", "entry_hash": "e13bbb3cba2fcbd00941d92be59d761d9a24af43482ad8fad0e849d6ae05a743", "generation": 7, "best": 3.180085, "cache_size": 396}
{"event": "stage3_exit_ga_gen", "entry_hash": "e13bbb3cba2fcbd00941d92be59d761d9a24af43482ad8fad0e849d6ae05a743", "generation": 8, "best": 3.599931, "cache_size": 444}
{"event": "stage3_exit_ga_gen", "entry_hash": "e13bbb3cba2fcbd00941d92be59d761d9a24af43482ad8fad0e849d6ae05a743", "generation": 9, "best": 3.599931, "cache_size": 492}
{"event": "stage3_exit_ga_gen", "entry_hash": "e13bbb3cba2fcbd00941d92be59d761d9a24af43482ad8fad0e849d6ae05a743", "generation": 10, "best": 3.599931, "cache_size": 540}
{"event": "stage3_exit_ga_gen", "entry_hash": "e13bbb3cba2fcbd00941d92be59d761d9a24af43482ad8fad0e849d6ae05a743", "generation": 11, "best": 3.599931, "cache_size": 588}
{"event": "stage3_exit_ga_gen", "entry_hash": "e13bbb3cba2fcbd00941d92be59d761d9a24af43482ad8fad0e849d6ae05a743", "generation": 12, "best": 3.889163, "cache_size": 636}
{"event": "stage3_exit_ga_gen", "entry_hash": "e13bbb3cba2fcbd00941d92be59d761d9a24af43482ad8fad0e849d6ae05a743", "generation": 13, "best": 3.937247, "cache_size": 684}
{"event": "stage3_exit_ga_gen", "entry_hash": "e13bbb3cba2fcbd00941d92be59d761d9a24af43482ad8fad0e849d6ae05a743", "generation": 14, "best": 3.937247, "cache_size": 732}
{"event": "stage3_exit_ga_gen", "entry_hash": "e13bbb3cba2fcbd00941d92be59d761d9a24af43482ad8fad0e849d6ae05a743", "generation": 15, "best": 3.937247, "cache_size": 780}
{"event": "stage3_exit_ga_gen", "entry_hash": "e13bbb3cba2fcbd00941d92be59d761d9a24af43482ad8fad0e849d6ae05a743", "generation": 16, "best": 3.983551, "cache_size": 828}
{"event": "stage3_exit_ga_gen", "entry_hash": "e13bbb3cba2fcbd00941d92be59d761d9a24af43482ad8fad0e849d6ae05a743", "generation": 17, "best": 4.060514, "cache_size": 876}
{"event": "stage3_exit_ga_gen", "entry_hash": "e13bbb3cba2fcbd00941d92be59d761d9a24af43482ad8fad0e849d6ae05a743", "generation": 18, "best": 4.060514, "cache_size": 924}
{"event": "stage3_exit_ga_gen", "entry_hash": "e13bbb3cba2fcbd00941d92be59d761d9a24af43482ad8fad0e849d6ae05a743", "generation": 19, "best": 4.060514, "cache_size": 972}
{"event": "stage3_exit_ga_gen", "entry_hash": "e13bbb3cba2fcbd00941d92be59d761d9a24af43482ad8fad0e849d6ae05a743", "generation": 20, "best": 4.116375, "cache_size": 1020}
{"event": "stage3_exit_ga_gen", "entry_hash": "e13bbb3cba2fcbd00941d92be59d761d9a24af43482ad8fad0e849d6ae05a743", "generation": 21, "best": 4.116375, "cache_size": 1068}
{"event": "stage3_exit_ga_gen", "entry_hash": "e13bbb3cba2fcbd00941d92be59d761d9a24af43482ad8fad0e849d6ae05a743", "generation": 22, "best": 4.168432, "cache_size": 1116}
{"event": "stage3_exit_ga_gen", "entry_hash": "e13bbb3cba2fcbd00941d92be59d761d9a24af43482ad8fad0e849d6ae05a743", "generation": 23, "best": 4.188694, "cache_size": 1164}
{"event": "stage3_exit_ga_gen", "entry_hash": "e13bbb3cba2fcbd00941d92be59d761d9a24af43482ad8fad0e849d6ae05a743", "generation": 24, "best": 4.188694, "cache_size": 1212}
{"event": "stage3_exit_ga_gen", "entry_hash": "e13bbb3cba2fcbd00941d92be59d761d9a24af43482ad8fad0e849d6ae05a743", "generation": 25, "best": 4.188694, "cache_size": 1260}
{"event": "stage3_exit_ga_gen", "entry_hash": "cceb1f9a8ae0ae9881ac2ebc9a45d68fd6e5e99b8429f476ebc20c987c610f6c", "generation": 0, "best": 1.514604, "cache_size": 60}
{"event": "stage3_exit_ga_gen", "entry_hash": "cceb1f9a8ae0ae9881ac2ebc9a45d68fd6e5e99b8429f476ebc20c987c610f6c", "generation": 1, "best": 1.761395, "cache_size": 108}
{"event": "stage3_exit_ga_gen", "entry_hash": "cceb1f9a8ae0ae9881ac2ebc9a45d68fd6e5e99b8429f476ebc20c987c610f6c", "generation": 2, "best": 1.771289, "cache_size": 156}
{"event": "stage3_exit_ga_gen", "entry_hash": "cceb1f9a8ae0ae9881ac2ebc9a45d68fd6e5e99b8429f476ebc20c987c610f6c", "generation": 3, "best": 1.875884, "cache_size": 204}
{"event": "stage3_exit_ga_gen", "entry_hash": "cceb1f9a8ae0ae9881ac2ebc9a45d68fd6e5e99b8429f476ebc20c987c610f6c", "generation": 4, "best": 1.875884, "cache_size": 252}
{"event": "stage3_exit_ga_gen", "entry_hash": "cceb1f9a8ae0ae9881ac2ebc9a45d68fd6e5e99b8429f476ebc20c987c610f6c", "generation": 5, "best": 1.905194, "cache_size": 300}
{"event": "stage3_exit_ga_gen", "entry_hash": "cceb1f9a8ae0ae9881ac2ebc9a45d68fd6e5e99b8429f476ebc20c987c610f6c", "generation": 6, "best": 2.08264, "cache_size": 348}
{"event": "stage3_exit_ga_gen", "entry_hash": "cceb1f9a8ae0ae9881ac2ebc9a45d68fd6e5e99b8429f476ebc20c987c610f6c", "generation": 7, "best": 2.08264, "cache_size": 396}
{"event": "stage3_exit_ga_gen", "entry_hash": "cceb1f9a8ae0ae9881ac2ebc9a45d68fd6e5e99b8429f476ebc20c987c610f6c", "generation": 8, "best": 2.08264, "cache_size": 444}
{"event": "stage3_exit_ga_gen", "entry_hash": "cceb1f9a8ae0ae9881ac2ebc9a45d68fd6e5e99b8429f476ebc20c987c610f6c", "generation": 9, "best": 2.08264, "cache_size": 492}
{"event": "stage3_exit_ga_gen", "entry_hash": "cceb1f9a8ae0ae9881ac2ebc9a45d68fd6e5e99b8429f476ebc20c987c610f6c", "generation": 10, "best": 2.122602, "cache_size": 540}
{"event": "stage3_exit_ga_gen", "entry_hash": "cceb1f9a8ae0ae9881ac2ebc9a45d68fd6e5e99b8429f476ebc20c987c610f6c", "generation": 11, "best": 2.122602, "cache_size": 588}
{"event": "stage3_exit_ga_gen", "entry_hash": "cceb1f9a8ae0ae9881ac2ebc9a45d68fd6e5e99b8429f476ebc20c987c610f6c", "generation": 12, "best": 2.122602, "cache_size": 636}
{"event": "stage3_exit_ga_gen", "entry_hash": "cceb1f9a8ae0ae9881ac2ebc9a45d68fd6e5e99b8429f476ebc20c987c610f6c", "generation": 13, "best": 2.216628, "cache_size": 684}
{"event": "stage3_exit_ga_gen", "entry_hash": "cceb1f9a8ae0ae9881ac2ebc9a45d68fd6e5e99b8429f476ebc20c987c610f6c", "generation": 14, "best": 2.216628, "cache_size": 732}
{"event": "stage3_exit_ga_gen", "entry_hash": "cceb1f9a8ae0ae9881ac2ebc9a45d68fd6e5e99b8429f476ebc20c987c610f6c", "generation": 15, "best": 2.216628, "cache_size": 780}
{"event": "stage3_exit_ga_gen", "entry_hash": "cceb1f9a8ae0ae9881ac2ebc9a45d68fd6e5e99b8429f476ebc20c987c610f6c", "generation": 16, "best": 2.260702, "cache_size": 828}
{"event": "stage3_exit_ga_gen", "entry_hash": "cceb1f9a8ae0ae9881ac2ebc9a45d68fd6e5e99b8429f476ebc20c987c610f6c", "generation": 17, "best": 2.263692, "cache_size": 876}
{"event": "stage3_exit_ga_gen", "entry_hash": "cceb1f9a8ae0ae9881ac2ebc9a45d68fd6e5e99b8429f476ebc20c987c610f6c", "generation": 18, "best": 2.263692, "cache_size": 924}
{"event": "stage3_exit_ga_gen", "entry_hash": "cceb1f9a8ae0ae9881ac2ebc9a45d68fd6e5e99b8429f476ebc20c987c610f6c", "generation": 19, "best": 2.263692, "cache_size": 972}
{"event": "stage3_exit_ga_gen", "entry_hash": "cceb1f9a8ae0ae9881ac2ebc9a45d68fd6e5e99b8429f476ebc20c987c610f6c", "generation": 20, "best": 2.263692, "cache_size": 1020}
{"event": "stage3_exit_ga_gen", "entry_hash": "cceb1f9a8ae0ae9881ac2ebc9a45d68fd6e5e99b8429f476ebc20c987c610f6c", "generation": 21, "best": 2.275247, "cache_size": 1068}
{"event": "stage3_exit_ga_gen", "entry_hash": "cceb1f9a8ae0ae9881ac2ebc9a45d68fd6e5e99b8429f476ebc20c987c610f6c", "generation": 22, "best": 2.36998, "cache_size": 1116}
{"event": "stage3_exit_ga_gen", "entry_hash": "cceb1f9a8ae0ae9881ac2ebc9a45d68fd6e5e99b8429f476ebc20c987c610f6c", "generation": 23, "best": 2.36998, "cache_size": 1164}
{"event": "stage3_exit_ga_gen", "entry_hash": "cceb1f9a8ae0ae9881ac2ebc9a45d68fd6e5e99b8429f476ebc20c987c610f6c", "generation": 24, "best": 2.36998, "cache_size": 1212}
{"event": "stage3_exit_ga_gen", "entry_hash": "cceb1f9a8ae0ae9881ac2ebc9a45d68fd6e5e99b8429f476ebc20c987c610f6c", "generation": 25, "best": 2.36998, "cache_size": 1260}
{"event": "stage3_exit_ga_gen", "entry_hash": "61abf0948de0606bf9e759c751c2377331a2492b53a93f48b5cbbb0fcfcb83a4", "generation": 0, "best": 1.526622, "cache_size": 60}
{"event": "stage3_exit_ga_gen", "entry_hash": "61abf0948de0606bf9e759c751c2377331a2492b53a93f48b5cbbb0fcfcb83a4", "generation": 1, "best": 1.526622, "cache_size": 108}
{"event": "stage3_exit_ga_gen", "entry_hash": "61abf0948de0606bf9e759c751c2377331a2492b53a93f48b5cbbb0fcfcb83a4", "generation": 2, "best": 1.526622, "cache_size": 156}
{"event": "stage3_exit_ga_gen", "entry_hash": "61abf0948de0606bf9e759c751c2377331a2492b53a93f48b5cbbb0fcfcb83a4", "generation": 3, "best": 1.594722, "cache_size": 204}
{"event": "stage3_exit_ga_gen", "entry_hash": "61abf0948de0606bf9e759c751c2377331a2492b53a93f48b5cbbb0fcfcb83a4", "generation": 4, "best": 1.594722, "cache_size": 252}
{"event": "stage3_exit_ga_gen", "entry_hash": "61abf0948de0606bf9e759c751c2377331a2492b53a93f48b5cbbb0fcfcb83a4", "generation": 5, "best": 2.645644, "cache_size": 300}
{"event": "stage3_exit_ga_gen", "entry_hash": "61abf0948de0606bf9e759c751c2377331a2492b53a93f48b5cbbb0fcfcb83a4", "generation": 6, "best": 2.645644, "cache_size": 348}
{"event": "stage3_exit_ga_gen", "entry_hash": "61abf0948de0606bf9e759c751c2377331a2492b53a93f48b5cbbb0fcfcb83a4", "generation": 7, "best": 2.645644, "cache_size": 396}
{"event": "stage3_exit_ga_gen", "entry_hash": "61abf0948de0606bf9e759c751c2377331a2492b53a93f48b5cbbb0fcfcb83a4", "generation": 8, "best": 2.645644, "cache_size": 444}
{"event": "stage3_exit_ga_gen", "entry_hash": "61abf0948de0606bf9e759c751c2377331a2492b53a93f48b5cbbb0fcfcb83a4", "generation": 9, "best": 3.003981, "cache_size": 492}
{"event": "stage3_exit_ga_gen", "entry_hash": "61abf0948de0606bf9e759c751c2377331a2492b53a93f48b5cbbb0fcfcb83a4", "generation": 10, "best": 3.307978, "cache_size": 540}
{"event": "stage3_exit_ga_gen", "entry_hash": "61abf0948de0606bf9e759c751c2377331a2492b53a93f48b5cbbb0fcfcb83a4", "generation": 11, "best": 3.307978, "cache_size": 588}
{"event": "stage3_exit_ga_gen", "entry_hash": "61abf0948de0606bf9e759c751c2377331a2492b53a93f48b5cbbb0fcfcb83a4", "generation": 12, "best": 3.820868, "cache_size": 636}
{"event": "stage3_exit_ga_gen", "entry_hash": "61abf0948de0606bf9e759c751c2377331a2492b53a93f48b5cbbb0fcfcb83a4", "generation": 13, "best": 3.820868, "cache_size": 684}
{"event": "stage3_exit_ga_gen", "entry_hash": "61abf0948de0606bf9e759c751c2377331a2492b53a93f48b5cbbb0fcfcb83a4", "generation": 14, "best": 3.820868, "cache_size": 732}
{"event": "stage3_exit_ga_gen", "entry_hash": "61abf0948de0606bf9e759c751c2377331a2492b53a93f48b5cbbb0fcfcb83a4", "generation": 15, "best": 3.820868, "cache_size": 780}
{"event": "stage3_exit_ga_gen", "entry_hash": "61abf0948de0606bf9e759c751c2377331a2492b53a93f48b5cbbb0fcfcb83a4", "generation": 16, "best": 3.820868, "cache_size": 828}
{"event": "stage3_exit_ga_gen", "entry_hash": "61abf0948de0606bf9e759c751c2377331a2492b53a93f48b5cbbb0fcfcb83a4", "generation": 17, "best": 3.931458, "cache_size": 876}
{"event": "stage3_exit_ga_gen", "entry_hash": "61abf0948de0606bf9e759c751c2377331a2492b53a93f48b5cbbb0fcfcb83a4", "generation": 18, "best": 3.931458, "cache_size": 924}
{"event": "stage3_exit_ga_gen", "entry_hash": "61abf0948de0606bf9e759c751c2377331a2492b53a93f48b5cbbb0fcfcb83a4", "generation": 19, "best": 4.217767, "cache_size": 972}
{"event": "stage3_exit_ga_gen", "entry_hash": "61abf0948de0606bf9e759c751c2377331a2492b53a93f48b5cbbb0fcfcb83a4", "generation": 20, "best": 4.217767, "cache_size": 1020}
{"event": "stage3_exit_ga_gen", "entry_hash": "61abf0948de0606bf9e759c751c2377331a2492b53a93f48b5cbbb0fcfcb83a4", "generation": 21, "best": 4.217767, "cache_size": 1068}
{"event": "stage3_exit_ga_gen", "entry_hash": "61abf0948de0606bf9e759c751c2377331a2492b53a93f48b5cbbb0fcfcb83a4", "generation": 22, "best": 4.217767, "cache_size": 1116}
{"event": "stage3_exit_ga_gen", "entry_hash": "61abf0948de0606bf9e759c751c2377331a2492b53a93f48b5cbbb0fcfcb83a4", "generation": 23, "best": 4.217767, "cache_size": 1164}
{"event": "stage3_exit_ga_gen", "entry_hash": "61abf0948de0606bf9e759c751c2377331a2492b53a93f48b5cbbb0fcfcb83a4", "generation": 24, "best": 4.237966, "cache_size": 1212}
{"event": "stage3_exit_ga_gen", "entry_hash": "61abf0948de0606bf9e759c751c2377331a2492b53a93f48b5cbbb0fcfcb83a4", "generation": 25, "best": 4.504303, "cache_size": 1260}
{"event": "stage3_exit_ga_gen", "entry_hash": "c135eba155e6650310bf9d17da988559bceffb7ac9ca27e7dd3a32cda6a33195", "generation": 0, "best": 0.850526, "cache_size": 60}
{"event": "stage3_exit_ga_gen", "entry_hash": "c135eba155e6650310bf9d17da988559bceffb7ac9ca27e7dd3a32cda6a33195", "generation": 1, "best": 1.999599, "cache_size": 107}
{"event": "stage3_exit_ga_gen", "entry_hash": "c135eba155e6650310bf9d17da988559bceffb7ac9ca27e7dd3a32cda6a33195", "generation": 2, "best": 1.999599, "cache_size": 155}
{"event": "stage3_exit_ga_gen", "entry_hash": "c135eba155e6650310bf9d17da988559bceffb7ac9ca27e7dd3a32cda6a33195", "generation": 3, "best": 2.619347, "cache_size": 203}
{"event": "stage3_exit_ga_gen", "entry_hash": "c135eba155e6650310bf9d17da988559bceffb7ac9ca27e7dd3a32cda6a33195", "generation": 4, "best": 2.619347, "cache_size": 251}
{"event": "stage3_exit_ga_gen", "entry_hash": "c135eba155e6650310bf9d17da988559bceffb7ac9ca27e7dd3a32cda6a33195", "generation": 5, "best": 2.691114, "cache_size": 299}
{"event": "stage3_exit_ga_gen", "entry_hash": "c135eba155e6650310bf9d17da988559bceffb7ac9ca27e7dd3a32cda6a33195", "generation": 6, "best": 2.742209, "cache_size": 347}
{"event": "stage3_exit_ga_gen", "entry_hash": "c135eba155e6650310bf9d17da988559bceffb7ac9ca27e7dd3a32cda6a33195", "generation": 7, "best": 2.861027, "cache_size": 395}
{"event": "stage3_exit_ga_gen", "entry_hash": "c135eba155e6650310bf9d17da988559bceffb7ac9ca27e7dd3a32cda6a33195", "generation": 8, "best": 3.152598, "cache_size": 443}
{"event": "stage3_exit_ga_gen", "entry_hash": "c135eba155e6650310bf9d17da988559bceffb7ac9ca27e7dd3a32cda6a33195", "generation": 9, "best": 3.152598, "cache_size": 491}
{"event": "stage3_exit_ga_gen", "entry_hash": "c135eba155e6650310bf9d17da988559bceffb7ac9ca27e7dd3a32cda6a33195", "generation": 10, "best": 3.152598, "cache_size": 539}
{"event": "stage3_exit_ga_gen", "entry_hash": "c135eba155e6650310bf9d17da988559bceffb7ac9ca27e7dd3a32cda6a33195", "generation": 11, "best": 3.152598, "cache_size": 587}
{"event": "stage3_exit_ga_gen", "entry_hash": "c135eba155e6650310bf9d17da988559bceffb7ac9ca27e7dd3a32cda6a33195", "generation": 12, "best": 3.152598, "cache_size": 635}
{"event": "stage3_exit_ga_gen", "entry_hash": "c135eba155e6650310bf9d17da988559bceffb7ac9ca27e7dd3a32cda6a33195", "generation": 13, "best": 3.152598, "cache_size": 683}
{"event": "stage3_exit_ga_gen", "entry_hash": "c135eba155e6650310bf9d17da988559bceffb7ac9ca27e7dd3a32cda6a33195", "generation": 14, "best": 3.152598, "cache_size": 731}
{"event": "stage3_exit_ga_gen", "entry_hash": "c135eba155e6650310bf9d17da988559bceffb7ac9ca27e7dd3a32cda6a33195", "generation": 15, "best": 3.184894, "cache_size": 779}
{"event": "stage3_exit_ga_gen", "entry_hash": "c135eba155e6650310bf9d17da988559bceffb7ac9ca27e7dd3a32cda6a33195", "generation": 16, "best": 3.184894, "cache_size": 827}
{"event": "stage3_exit_ga_gen", "entry_hash": "c135eba155e6650310bf9d17da988559bceffb7ac9ca27e7dd3a32cda6a33195", "generation": 17, "best": 3.184894, "cache_size": 875}
{"event": "stage3_exit_ga_gen", "entry_hash": "c135eba155e6650310bf9d17da988559bceffb7ac9ca27e7dd3a32cda6a33195", "generation": 18, "best": 3.184894, "cache_size": 923}
{"event": "stage3_exit_ga_gen", "entry_hash": "c135eba155e6650310bf9d17da988559bceffb7ac9ca27e7dd3a32cda6a33195", "generation": 19, "best": 3.184894, "cache_size": 971}
{"event": "stage3_exit_ga_gen", "entry_hash": "c135eba155e6650310bf9d17da988559bceffb7ac9ca27e7dd3a32cda6a33195", "generation": 20, "best": 3.184894, "cache_size": 1019}
{"event": "stage3_exit_ga_gen", "entry_hash": "c135eba155e6650310bf9d17da988559bceffb7ac9ca27e7dd3a32cda6a33195", "generation": 21, "best": 3.220347, "cache_size": 1067}
{"event": "stage3_exit_ga_gen", "entry_hash": "c135eba155e6650310bf9d17da988559bceffb7ac9ca27e7dd3a32cda6a33195", "generation": 22, "best": 3.220347, "cache_size": 1115}
{"event": "stage3_exit_ga_gen", "entry_hash": "c135eba155e6650310bf9d17da988559bceffb7ac9ca27e7dd3a32cda6a33195", "generation": 23, "best": 3.220347, "cache_size": 1163}
{"event": "stage3_exit_ga_gen", "entry_hash": "c135eba155e6650310bf9d17da988559bceffb7ac9ca27e7dd3a32cda6a33195", "generation": 24, "best": 3.220347, "cache_size": 1211}
{"event": "stage3_exit_ga_gen", "entry_hash": "c135eba155e6650310bf9d17da988559bceffb7ac9ca27e7dd3a32cda6a33195", "generation": 25, "best": 3.220347, "cache_size": 1259}
{"event": "stage3_exit_ga_gen", "entry_hash": "5cdd981d67f0898eccd2aa3652c5271c832b608d282990c6d304293526cca12c", "generation": 0, "best": 2.547918, "cache_size": 60}
{"event": "stage3_exit_ga_gen", "entry_hash": "5cdd981d67f0898eccd2aa3652c5271c832b608d282990c6d304293526cca12c", "generation": 1, "best": 2.972812, "cache_size": 108}
{"event": "stage3_exit_ga_gen", "entry_hash": "5cdd981d67f0898eccd2aa3652c5271c832b608d282990c6d304293526cca12c", "generation": 2, "best": 3.252443, "cache_size": 156}
{"event": "stage3_exit_ga_gen", "entry_hash": "5cdd981d67f0898eccd2aa3652c5271c832b608d282990c6d304293526cca12c", "generation": 3, "best": 4.586594, "cache_size": 204}
{"event": "stage3_exit_ga_gen", "entry_hash": "5cdd981d67f0898eccd2aa3652c5271c832b608d282990c6d304293526cca12c", "generation": 4, "best": 4.873212, "cache_size": 252}
{"event": "stage3_exit_ga_gen", "entry_hash": "5cdd981d67f0898eccd2aa3652c5271c832b608d282990c6d304293526cca12c", "generation": 5, "best": 4.873212, "cache_size": 300}
{"event": "stage3_exit_ga_gen", "entry_hash": "5cdd981d67f0898eccd2aa3652c5271c832b608d282990c6d304293526cca12c", "generation": 6, "best": 4.873212, "cache_size": 348}
{"event": "stage3_exit_ga_gen", "entry_hash": "5cdd981d67f0898eccd2aa3652c5271c832b608d282990c6d304293526cca12c", "generation": 7, "best": 4.873212, "cache_size": 396}
{"event": "stage3_exit_ga_gen", "entry_hash": "5cdd981d67f0898eccd2aa3652c5271c832b608d282990c6d304293526cca12c", "generation": 8, "best": 4.873212, "cache_size": 444}
{"event": "stage3_exit_ga_gen", "entry_hash": "5cdd981d67f0898eccd2aa3652c5271c832b608d282990c6d304293526cca12c", "generation": 9, "best": 5.471219, "cache_size": 492}
{"event": "stage3_exit_ga_gen", "entry_hash": "5cdd981d67f0898eccd2aa3652c5271c832b608d282990c6d304293526cca12c", "generation": 10, "best": 5.984438, "cache_size": 540}
{"event": "stage3_exit_ga_gen", "entry_hash": "5cdd981d67f0898eccd2aa3652c5271c832b608d282990c6d304293526cca12c", "generation": 11, "best": 6.956787, "cache_size": 588}
{"event": "stage3_exit_ga_gen", "entry_hash": "5cdd981d67f0898eccd2aa3652c5271c832b608d282990c6d304293526cca12c", "generation": 12, "best": 6.956787, "cache_size": 636}
{"event": "stage3_exit_ga_gen", "entry_hash": "5cdd981d67f0898eccd2aa3652c5271c832b608d282990c6d304293526cca12c", "generation": 13, "best": 6.956787, "cache_size": 684}
{"event": "stage3_exit_ga_gen", "entry_hash": "5cdd981d67f0898eccd2aa3652c5271c832b608d282990c6d304293526cca12c", "generation": 14, "best": 6.956787, "cache_size": 732}
{"event": "stage3_exit_ga_gen", "entry_hash": "5cdd981d67f0898eccd2aa3652c5271c832b608d282990c6d304293526cca12c", "generation": 15, "best": 6.956787, "cache_size": 780}
{"event": "stage3_exit_ga_gen", "entry_hash": "5cdd981d67f0898eccd2aa3652c5271c832b608d282990c6d304293526cca12c", "generation": 16, "best": 6.956787, "cache_size": 828}
{"event": "stage3_exit_ga_gen", "entry_hash": "5cdd981d67f0898eccd2aa3652c5271c832b608d282990c6d304293526cca12c", "generation": 17, "best": 6.956787, "cache_size": 876}
{"event": "stage3_exit_ga_gen", "entry_hash": "5cdd981d67f0898eccd2aa3652c5271c832b608d282990c6d304293526cca12c", "generation": 18, "best": 7.193239, "cache_size": 924}
{"event": "stage3_exit_ga_gen", "entry_hash": "5cdd981d67f0898eccd2aa3652c5271c832b608d282990c6d304293526cca12c", "generation": 19, "best": 7.193239, "cache_size": 972}
{"event": "stage3_exit_ga_gen", "entry_hash": "5cdd981d67f0898eccd2aa3652c5271c832b608d282990c6d304293526cca12c", "generation": 20, "best": 7.193239, "cache_size": 1020}
{"event": "stage3_exit_ga_gen", "entry_hash": "5cdd981d67f0898eccd2aa3652c5271c832b608d282990c6d304293526cca12c", "generation": 21, "best": 7.193239, "cache_size": 1068}
{"event": "stage3_exit_ga_gen", "entry_hash": "5cdd981d67f0898eccd2aa3652c5271c832b608d282990c6d304293526cca12c", "generation": 22, "best": 7.203778, "cache_size": 1115}
{"event": "stage3_exit_ga_gen", "entry_hash": "5cdd981d67f0898eccd2aa3652c5271c832b608d282990c6d304293526cca12c", "generation": 23, "best": 7.21046, "cache_size": 1163}
{"event": "stage3_exit_ga_gen", "entry_hash": "5cdd981d67f0898eccd2aa3652c5271c832b608d282990c6d304293526cca12c", "generation": 24, "best": 7.264563, "cache_size": 1211}
{"event": "stage3_exit_ga_gen", "entry_hash": "5cdd981d67f0898eccd2aa3652c5271c832b608d282990c6d304293526cca12c", "generation": 25, "best": 7.404375, "cache_size": 1259}
{"event": "stage3_exit_ga_gen", "entry_hash": "786314683063f798cb0b50c2bb743d2d77182da822b5dfeafaabe0f70a35bfe6", "generation": 0, "best": -0.063548, "cache_size": 60}
{"event": "stage3_exit_ga_gen", "entry_hash": "786314683063f798cb0b50c2bb743d2d77182da822b5dfeafaabe0f70a35bfe6", "generation": 1, "best": 1.346019, "cache_size": 108}
{"event": "stage3_exit_ga_gen", "entry_hash": "786314683063f798cb0b50c2bb743d2d77182da822b5dfeafaabe0f70a35bfe6", "generation": 2, "best": 1.346019, "cache_size": 156}
{"event": "stage3_exit_ga_gen", "entry_hash": "786314683063f798cb0b50c2bb743d2d77182da822b5dfeafaabe0f70a35bfe6", "generation": 3, "best": 1.375737, "cache_size": 204}
{"event": "stage3_exit_ga_gen", "entry_hash": "786314683063f798cb0b50c2bb743d2d77182da822b5dfeafaabe0f70a35bfe6", "generation": 4, "best": 1.596027, "cache_size": 252}
{"event": "stage3_exit_ga_gen", "entry_hash": "786314683063f798cb0b50c2bb743d2d77182da822b5dfeafaabe0f70a35bfe6", "generation": 5, "best": 1.596027, "cache_size": 300}
{"event": "stage3_exit_ga_gen", "entry_hash": "786314683063f798cb0b50c2bb743d2d77182da822b5dfeafaabe0f70a35bfe6", "generation": 6, "best": 1.596027, "cache_size": 348}
{"event": "stage3_exit_ga_gen", "entry_hash": "786314683063f798cb0b50c2bb743d2d77182da822b5dfeafaabe0f70a35bfe6", "generation": 7, "best": 1.765266, "cache_size": 396}
{"event": "stage3_exit_ga_gen", "entry_hash": "786314683063f798cb0b50c2bb743d2d77182da822b5dfeafaabe0f70a35bfe6", "generation": 8, "best": 1.765266, "cache_size": 444}
{"event": "stage3_exit_ga_gen", "entry_hash": "786314683063f798cb0b50c2bb743d2d77182da822b5dfeafaabe0f70a35bfe6", "generation": 9, "best": 2.031849, "cache_size": 492}
{"event": "stage3_exit_ga_gen", "entry_hash": "786314683063f798cb0b50c2bb743d2d77182da822b5dfeafaabe0f70a35bfe6", "generation": 10, "best": 2.296969, "cache_size": 540}
{"event": "stage3_exit_ga_gen", "entry_hash": "786314683063f798cb0b50c2bb743d2d77182da822b5dfeafaabe0f70a35bfe6", "generation": 11, "best": 2.501892, "cache_size": 588}
{"event": "stage3_exit_ga_gen", "entry_hash": "786314683063f798cb0b50c2bb743d2d77182da822b5dfeafaabe0f70a35bfe6", "generation": 12, "best": 2.501892, "cache_size": 636}
{"event": "stage3_exit_ga_gen", "entry_hash": "786314683063f798cb0b50c2bb743d2d77182da822b5dfeafaabe0f70a35bfe6", "generation": 13, "best": 2.644382, "cache_size": 684}
{"event": "stage3_exit_ga_gen", "entry_hash": "786314683063f798cb0b50c2bb743d2d77182da822b5dfeafaabe0f70a35bfe6", "generation": 14, "best": 2.644382, "cache_size": 732}
{"event": "stage3_exit_ga_gen", "entry_hash": "786314683063f798cb0b50c2bb743d2d77182da822b5dfeafaabe0f70a35bfe6", "generation": 15, "best": 2.658861, "cache_size": 780}
{"event": "stage3_exit_ga_gen", "entry_hash": "786314683063f798cb0b50c2bb743d2d77182da822b5dfeafaabe0f70a35bfe6", "generation": 16, "best": 2.660727, "cache_size": 828}
{"event": "stage3_exit_ga_gen", "entry_hash": "786314683063f798cb0b50c2bb743d2d77182da822b5dfeafaabe0f70a35bfe6", "generation": 17, "best": 2.660727, "cache_size": 876}
{"event": "stage3_exit_ga_gen", "entry_hash": "786314683063f798cb0b50c2bb743d2d77182da822b5dfeafaabe0f70a35bfe6", "generation": 18, "best": 2.660727, "cache_size": 924}
{"event": "stage3_exit_ga_gen", "entry_hash": "786314683063f798cb0b50c2bb743d2d77182da822b5dfeafaabe0f70a35bfe6", "generation": 19, "best": 2.660727, "cache_size": 972}
{"event": "stage3_exit_ga_gen", "entry_hash": "786314683063f798cb0b50c2bb743d2d77182da822b5dfeafaabe0f70a35bfe6", "generation": 20, "best": 2.727257, "cache_size": 1020}
{"event": "stage3_exit_ga_gen", "entry_hash": "786314683063f798cb0b50c2bb743d2d77182da822b5dfeafaabe0f70a35bfe6", "generation": 21, "best": 3.029319, "cache_size": 1068}
{"event": "stage3_exit_ga_gen", "entry_hash": "786314683063f798cb0b50c2bb743d2d77182da822b5dfeafaabe0f70a35bfe6", "generation": 22, "best": 3.029319, "cache_size": 1116}
{"event": "stage3_exit_ga_gen", "entry_hash": "786314683063f798cb0b50c2bb743d2d77182da822b5dfeafaabe0f70a35bfe6", "generation": 23, "best": 3.029319, "cache_size": 1164}
{"event": "stage3_exit_ga_gen", "entry_hash": "786314683063f798cb0b50c2bb743d2d77182da822b5dfeafaabe0f70a35bfe6", "generation": 24, "best": 3.029319, "cache_size": 1212}
{"event": "stage3_exit_ga_gen", "entry_hash": "786314683063f798cb0b50c2bb743d2d77182da822b5dfeafaabe0f70a35bfe6", "generation": 25, "best": 3.029319, "cache_size": 1260}
{"event": "stage3_exit_ga_gen", "entry_hash": "53e6b98b865f4cd9b7c7f637f264a146200698abbdc7be08cd618b8307868ce4", "generation": 0, "best": -0.012525, "cache_size": 60}
{"event": "stage3_exit_ga_gen", "entry_hash": "53e6b98b865f4cd9b7c7f637f264a146200698abbdc7be08cd618b8307868ce4", "generation": 1, "best": 0.615565, "cache_size": 108}
{"event": "stage3_exit_ga_gen", "entry_hash": "53e6b98b865f4cd9b7c7f637f264a146200698abbdc7be08cd618b8307868ce4", "generation": 2, "best": 1.567177, "cache_size": 156}
{"event": "stage3_exit_ga_gen", "entry_hash": "53e6b98b865f4cd9b7c7f637f264a146200698abbdc7be08cd618b8307868ce4", "generation": 3, "best": 1.567177, "cache_size": 204}
{"event": "stage3_exit_ga_gen", "entry_hash": "53e6b98b865f4cd9b7c7f637f264a146200698abbdc7be08cd618b8307868ce4", "generation": 4, "best": 2.355587, "cache_size": 252}
{"event": "stage3_exit_ga_gen", "entry_hash": "53e6b98b865f4cd9b7c7f637f264a146200698abbdc7be08cd618b8307868ce4", "generation": 5, "best": 2.49881, "cache_size": 300}
{"event": "stage3_exit_ga_gen", "entry_hash": "53e6b98b865f4cd9b7c7f637f264a146200698abbdc7be08cd618b8307868ce4", "generation": 6, "best": 2.828074, "cache_size": 348}
{"event": "stage3_exit_ga_gen", "entry_hash": "53e6b98b865f4cd9b7c7f637f264a146200698abbdc7be08cd618b8307868ce4", "generation": 7, "best": 2.828074, "cache_size": 396}
{"event": "stage3_exit_ga_gen", "entry_hash": "53e6b98b865f4cd9b7c7f637f264a146200698abbdc7be08cd618b8307868ce4", "generation": 8, "best": 2.828074, "cache_size": 444}
{"event": "stage3_exit_ga_gen", "entry_hash": "53e6b98b865f4cd9b7c7f637f264a146200698abbdc7be08cd618b8307868ce4", "generation": 9, "best": 2.860401, "cache_size": 492}
{"event": "stage3_exit_ga_gen", "entry_hash": "53e6b98b865f4cd9b7c7f637f264a146200698abbdc7be08cd618b8307868ce4", "generation": 10, "best": 2.860401, "cache_size": 540}
{"event": "stage3_exit_ga_gen", "entry_hash": "53e6b98b865f4cd9b7c7f637f264a146200698abbdc7be08cd618b8307868ce4", "generation": 11, "best": 2.871384, "cache_size": 588}
{"event": "stage3_exit_ga_gen", "entry_hash": "53e6b98b865f4cd9b7c7f637f264a146200698abbdc7be08cd618b8307868ce4", "generation": 12, "best": 2.871384, "cache_size": 636}
{"event": "stage3_exit_ga_gen", "entry_hash": "53e6b98b865f4cd9b7c7f637f264a146200698abbdc7be08cd618b8307868ce4", "generation": 13, "best": 2.897416, "cache_size": 684}
{"event": "stage3_exit_ga_gen", "entry_hash": "53e6b98b865f4cd9b7c7f637f264a146200698abbdc7be08cd618b8307868ce4", "generation": 14, "best": 3.128852, "cache_size": 732}
{"event": "stage3_exit_ga_gen", "entry_hash": "53e6b98b865f4cd9b7c7f637f264a146200698abbdc7be08cd618b8307868ce4", "generation": 15, "best": 3.128852, "cache_size": 780}
{"event": "stage3_exit_ga_gen", "entry_hash": "53e6b98b865f4cd9b7c7f637f264a146200698abbdc7be08cd618b8307868ce4", "generation": 16, "best": 3.128852, "cache_size": 828}
{"event": "stage3_exit_ga_gen", "entry_hash": "53e6b98b865f4cd9b7c7f637f264a146200698abbdc7be08cd618b8307868ce4", "generation": 17, "best": 3.128852, "cache_size": 876}
{"event": "stage3_exit_ga_gen", "entry_hash": "53e6b98b865f4cd9b7c7f637f264a146200698abbdc7be08cd618b8307868ce4", "generation": 18, "best": 3.203173, "cache_size": 924}
{"event": "stage3_exit_ga_gen", "entry_hash": "53e6b98b865f4cd9b7c7f637f264a146200698abbdc7be08cd618b8307868ce4", "generation": 19, "best": 3.234464, "cache_size": 972}
{"event": "stage3_exit_ga_gen", "entry_hash": "53e6b98b865f4cd9b7c7f637f264a146200698abbdc7be08cd618b8307868ce4", "generation": 20, "best": 3.234464, "cache_size": 1020}
{"event": "stage3_exit_ga_gen", "entry_hash": "53e6b98b865f4cd9b7c7f637f264a146200698abbdc7be08cd618b8307868ce4", "generation": 21, "best": 3.234464, "cache_size": 1068}
{"event": "stage3_exit_ga_gen", "entry_hash": "53e6b98b865f4cd9b7c7f637f264a146200698abbdc7be08cd618b8307868ce4", "generation": 22, "best": 3.936727, "cache_size": 1115}
{"event": "stage3_exit_ga_gen", "entry_hash": "53e6b98b865f4cd9b7c7f637f264a146200698abbdc7be08cd618b8307868ce4", "generation": 23, "best": 3.936727, "cache_size": 1163}
{"event": "stage3_exit_ga_gen", "entry_hash": "53e6b98b865f4cd9b7c7f637f264a146200698abbdc7be08cd618b8307868ce4", "generation": 24, "best": 3.936727, "cache_size": 1211}
{"event": "stage3_exit_ga_gen", "entry_hash": "53e6b98b865f4cd9b7c7f637f264a146200698abbdc7be08cd618b8307868ce4", "generation": 25, "best": 3.936727, "cache_size": 1259}
{"event": "stage3_exit_ga_gen", "entry_hash": "39f4bf9fc297a753ef269c30a870f923c03ac3cb3e9773037ea2e6db934408b4", "generation": 0, "best": 2.54067, "cache_size": 60}
{"event": "stage3_exit_ga_gen", "entry_hash": "39f4bf9fc297a753ef269c30a870f923c03ac3cb3e9773037ea2e6db934408b4", "generation": 1, "best": 2.54067, "cache_size": 108}
{"event": "stage3_exit_ga_gen", "entry_hash": "39f4bf9fc297a753ef269c30a870f923c03ac3cb3e9773037ea2e6db934408b4", "generation": 2, "best": 2.54067, "cache_size": 156}
{"event": "stage3_exit_ga_gen", "entry_hash": "39f4bf9fc297a753ef269c30a870f923c03ac3cb3e9773037ea2e6db934408b4", "generation": 3, "best": 2.878325, "cache_size": 204}
{"event": "stage3_exit_ga_gen", "entry_hash": "39f4bf9fc297a753ef269c30a870f923c03ac3cb3e9773037ea2e6db934408b4", "generation": 4, "best": 2.9145, "cache_size": 252}
{"event": "stage3_exit_ga_gen", "entry_hash": "39f4bf9fc297a753ef269c30a870f923c03ac3cb3e9773037ea2e6db934408b4", "generation": 5, "best": 2.9145, "cache_size": 300}
{"event": "stage3_exit_ga_gen", "entry_hash": "39f4bf9fc297a753ef269c30a870f923c03ac3cb3e9773037ea2e6db934408b4", "generation": 6, "best": 3.12838, "cache_size": 348}
{"event": "stage3_exit_ga_gen", "entry_hash": "39f4bf9fc297a753ef269c30a870f923c03ac3cb3e9773037ea2e6db934408b4", "generation": 7, "best": 3.334028, "cache_size": 396}
{"event": "stage3_exit_ga_gen", "entry_hash": "39f4bf9fc297a753ef269c30a870f923c03ac3cb3e9773037ea2e6db934408b4", "generation": 8, "best": 3.420351, "cache_size": 444}
{"event": "stage3_exit_ga_gen", "entry_hash": "39f4bf9fc297a753ef269c30a870f923c03ac3cb3e9773037ea2e6db934408b4", "generation": 9, "best": 3.420351, "cache_size": 492}
{"event": "stage3_exit_ga_gen", "entry_hash": "39f4bf9fc297a753ef269c30a870f923c03ac3cb3e9773037ea2e6db934408b4", "generation": 10, "best": 3.816112, "cache_size": 540}
{"event": "stage3_exit_ga_gen", "entry_hash": "39f4bf9fc297a753ef269c30a870f923c03ac3cb3e9773037ea2e6db934408b4", "generation": 11, "best": 4.130238, "cache_size": 588}
{"event": "stage3_exit_ga_gen", "entry_hash": "39f4bf9fc297a753ef269c30a870f923c03ac3cb3e9773037ea2e6db934408b4", "generation": 12, "best": 4.158346, "cache_size": 636}
{"event": "stage3_exit_ga_gen", "entry_hash": "39f4bf9fc297a753ef269c30a870f923c03ac3cb3e9773037ea2e6db934408b4", "generation": 13, "best": 4.235963, "cache_size": 684}
{"event": "stage3_exit_ga_gen", "entry_hash": "39f4bf9fc297a753ef269c30a870f923c03ac3cb3e9773037ea2e6db934408b4", "generation": 14, "best": 4.235963, "cache_size": 732}
{"event": "stage3_exit_ga_gen", "entry_hash": "39f4bf9fc297a753ef269c30a870f923c03ac3cb3e9773037ea2e6db934408b4", "generation": 15, "best": 4.235963, "cache_size": 780}
{"event": "stage3_exit_ga_gen", "entry_hash": "39f4bf9fc297a753ef269c30a870f923c03ac3cb3e9773037ea2e6db934408b4", "generation": 16, "best": 4.244322, "cache_size": 828}
{"event": "stage3_exit_ga_gen", "entry_hash": "39f4bf9fc297a753ef269c30a870f923c03ac3cb3e9773037ea2e6db934408b4", "generation": 17, "best": 4.358473, "cache_size": 876}
{"event": "stage3_exit_ga_gen", "entry_hash": "39f4bf9fc297a753ef269c30a870f923c03ac3cb3e9773037ea2e6db934408b4", "generation": 18, "best": 4.358473, "cache_size": 924}
{"event": "stage3_exit_ga_gen", "entry_hash": "39f4bf9fc297a753ef269c30a870f923c03ac3cb3e9773037ea2e6db934408b4", "generation": 19, "best": 4.379089, "cache_size": 972}
{"event": "stage3_exit_ga_gen", "entry_hash": "39f4bf9fc297a753ef269c30a870f923c03ac3cb3e9773037ea2e6db934408b4", "generation": 20, "best": 4.379089, "cache_size": 1020}
{"event": "stage3_exit_ga_gen", "entry_hash": "39f4bf9fc297a753ef269c30a870f923c03ac3cb3e9773037ea2e6db934408b4", "generation": 21, "best": 4.379089, "cache_size": 1068}
{"event": "stage3_exit_ga_gen", "entry_hash": "39f4bf9fc297a753ef269c30a870f923c03ac3cb3e9773037ea2e6db934408b4", "generation": 22, "best": 4.379089, "cache_size": 1116}
{"event": "stage3_exit_ga_gen", "entry_hash": "39f4bf9fc297a753ef269c30a870f923c03ac3cb3e9773037ea2e6db934408b4", "generation": 23, "best": 4.385013, "cache_size": 1164}
{"event": "stage3_exit_ga_gen", "entry_hash": "39f4bf9fc297a753ef269c30a870f923c03ac3cb3e9773037ea2e6db934408b4", "generation": 24, "best": 4.385013, "cache_size": 1212}
{"event": "stage3_exit_ga_gen", "entry_hash": "39f4bf9fc297a753ef269c30a870f923c03ac3cb3e9773037ea2e6db934408b4", "generation": 25, "best": 4.385013, "cache_size": 1260}
{"event": "stage3_validate_exit_trades_written", "ticker": "CE", "path": "/home/g3000kkw/kingmaker/exp_batch_CE_materials_retrain_20260708/tickers/CE/stage3/exit_trades.jsonl", "trade_count": 4490, "missing_field_counts": {}}
{"event": "stage3_validate_rl_replay_trades_written", "ticker": "CE", "path": "/home/g3000kkw/kingmaker/exp_batch_CE_materials_retrain_20260708/tickers/CE/stage3/rl_replay_trades.jsonl", "trade_count": 4490, "missing_field_counts": {}, "critical_null_counts": {}}
{"event": "stage3_done", "ticker": "CE", "stage": "all", "out_dir": "/home/g3000kkw/kingmaker/exp_batch_CE_materials_retrain_20260708/tickers/CE/stage3", "summary_count": 4}
{
  "stage2": "SECTOR_MATTERS_MUCH",
  "stage3": "SECTOR_MATTERS_LITTLE",
  "readout": "/home/g3000kkw/kingmaker/exp_batch_CE_materials_retrain_20260708/comparison_readout.md",
  "csv": "/home/g3000kkw/kingmaker/exp_batch_CE_materials_retrain_20260708/comparison.csv"
}
{
  "stage2": "SECTOR_MATTERS_MUCH",
  "stage3": "SECTOR_MATTERS_LITTLE",
  "readout": "/home/g3000kkw/kingmaker/exp_batch_CE_materials_retrain_20260708/comparison_readout.md",
  "csv": "/home/g3000kkw/kingmaker/exp_batch_CE_materials_retrain_20260708/comparison.csv"
}
