path,path_kind,original_type,second_pass_type,operational_reachable,open_file_handle,active_reference_count,active_reference_trace,size_bytes,size_mib,file_count,last_modified_kst,days_since_modified,safety_verdict,evidence
logs/elite_strategy_sim_20260701_133052_entry_quality_reset.log,file,LOG_ARTIFACT,ROTATED_OR_FINISHED_LOG,X,X,0,,26509510,25.281439,1,2026-07-07T23:45:46.747942+09:00,2.987,DELETE_OK,열린 핸들·활성 참조 없는 회전/실험 로그
logs/run_live_lr8d16_legacy_20260702_134511_chart_exit_tp_sl.log,file,LOG_ARTIFACT,ROTATED_OR_FINISHED_LOG,X,X,0,,22653348,21.603916,1,2026-07-07T21:58:22.836482+09:00,3.061,DELETE_OK,열린 핸들·활성 참조 없는 회전/실험 로그
data/logs/run_live_central_off_rollback.log,file,LOG_ARTIFACT,ROTATED_OR_FINISHED_LOG,X,X,0,,20457503,19.509795,1,2026-06-25T10:36:53.615681+09:00,15.534,DELETE_OK,열린 핸들·활성 참조 없는 회전/실험 로그
logs/live_lr8d16_legacy_20260630_141541_command_server.log,file,LOG_ARTIFACT,ROTATED_OR_FINISHED_LOG,X,X,0,,10838308,10.336216,1,2026-07-02T22:40:04.999672+09:00,8.032,DELETE_OK,열린 핸들·활성 참조 없는 회전/실험 로그
logs/elite_shadow_trader_20260702_152134_mtm_1m_high_low.log,file,LOG_ARTIFACT,ROTATED_OR_FINISHED_LOG,X,X,0,,6683951,6.374312,1,2026-07-07T23:45:46.539943+09:00,2.987,DELETE_OK,열린 핸들·활성 참조 없는 회전/실험 로그
logs/api_server_aftermarket_20260703_072010_chart_exit_pct_priority.log,file,LOG_ARTIFACT,ROTATED_OR_FINISHED_LOG,X,X,0,,6480596,6.180378,1,2026-07-07T21:21:33.829437+09:00,3.087,DELETE_OK,열린 핸들·활성 참조 없는 회전/실험 로그
logs/live_semiauto_20260625_154428.log,file,LOG_ARTIFACT,ROTATED_OR_FINISHED_LOG,X,X,0,,6430794,6.132883,1,2026-06-26T03:38:54.796937+09:00,14.825,DELETE_OK,열린 핸들·활성 참조 없는 회전/실험 로그
logs/lr8d_multientity_stage1pass_pruned_20260630_shard6_1_20260629_203720.log,file,LOG_ARTIFACT,ROTATED_OR_FINISHED_LOG,X,X,0,,5888882,5.616076,1,2026-07-06T19:30:26.744086+09:00,4.164,DELETE_OK,열린 핸들·활성 참조 없는 회전/실험 로그
logs/lr8d_multientity_stage1pass_pruned_20260630_shard6_0_20260629_203720.log,file,LOG_ARTIFACT,ROTATED_OR_FINISHED_LOG,X,X,0,,5855030,5.583792,1,2026-07-06T19:30:27.695084+09:00,4.164,DELETE_OK,열린 핸들·활성 참조 없는 회전/실험 로그
logs/lr8d_multientity_stage1pass_pruned_20260630_shard6_5_20260629_203720.log,file,LOG_ARTIFACT,ROTATED_OR_FINISHED_LOG,X,X,0,,5845120,5.574341,1,2026-07-06T19:30:28.335083+09:00,4.164,DELETE_OK,열린 핸들·활성 참조 없는 회전/실험 로그
logs/lr8d_multientity_stage1pass_pruned_20260630_shard6_2_20260629_203720.log,file,LOG_ARTIFACT,ROTATED_OR_FINISHED_LOG,X,X,0,,5831047,5.56092,1,2026-07-06T19:30:07.456120+09:00,4.164,DELETE_OK,열린 핸들·활성 참조 없는 회전/실험 로그
logs/lr8d_multientity_stage1pass_pruned_20260630_shard6_3_20260629_203720.log,file,LOG_ARTIFACT,ROTATED_OR_FINISHED_LOG,X,X,0,,5765893,5.498784,1,2026-07-06T19:30:33.132074+09:00,4.164,DELETE_OK,열린 핸들·활성 참조 없는 회전/실험 로그
logs/lr8d_multientity_stage1pass_pruned_20260630_shard6_4_20260629_203720.log,file,LOG_ARTIFACT,ROTATED_OR_FINISHED_LOG,X,X,0,,5742612,5.476582,1,2026-07-06T19:30:31.371078+09:00,4.164,DELETE_OK,열린 핸들·활성 참조 없는 회전/실험 로그
logs/run_live_lr8d16_candidate_only_20260707_172509.log,file,LOG_ARTIFACT,ROTATED_OR_FINISHED_LOG,X,X,0,,5495762,5.241167,1,2026-07-09T02:09:26.409613+09:00,1.887,DELETE_OK,열린 핸들·활성 참조 없는 회전/실험 로그
logs/honest_stage01_full_20260616.log,file,LOG_ARTIFACT,ROTATED_OR_FINISHED_LOG,X,X,0,,5367192,5.118553,1,2026-06-16T16:01:47.021816+09:00,24.309,DELETE_OK,열린 핸들·활성 참조 없는 회전/실험 로그
logs/live_next_open_opening_price_guard_20260629_142606.log,file,LOG_ARTIFACT,ROTATED_OR_FINISHED_LOG,X,X,0,,4346447,4.145095,1,2026-06-30T00:45:07.179142+09:00,10.945,DELETE_OK,열린 핸들·활성 참조 없는 회전/실험 로그
logs/elite_shadow_trader_20260630_153017.log,file,LOG_ARTIFACT,ROTATED_OR_FINISHED_LOG,X,X,0,,3905755,3.724818,1,2026-07-01T22:19:06.305582+09:00,9.047,DELETE_OK,열린 핸들·활성 참조 없는 회전/실험 로그
logs/elite_strategy_sim_20260630_175538_interval60.log,file,LOG_ARTIFACT,ROTATED_OR_FINISHED_LOG,X,X,0,,3667428,3.497532,1,2026-07-01T22:24:13.152033+09:00,9.043,DELETE_OK,열린 핸들·활성 참조 없는 회전/실험 로그
logs/live_next_open_atr_hydration_retry_20260629_133333.log,file,LOG_ARTIFACT,ROTATED_OR_FINISHED_LOG,X,X,0,,2958960,2.821884,1,2026-06-29T23:26:07.836619+09:00,11.0,DELETE_OK,열린 핸들·활성 참조 없는 회전/실험 로그
logs/stage2_rerun_pop100_20260611_173814.log,file,LOG_ARTIFACT,ROTATED_OR_FINISHED_LOG,X,X,0,,2460757,2.346761,1,2026-06-12T23:06:38.580066+09:00,28.014,DELETE_OK,열린 핸들·활성 참조 없는 회전/실험 로그
logs/live_8slot_stage3mix_filtered_20260626_125753.log,file,LOG_ARTIFACT,ROTATED_OR_FINISHED_LOG,X,X,0,,2307885,2.200971,1,2026-06-26T22:50:18.279300+09:00,14.025,DELETE_OK,열린 핸들·활성 참조 없는 회전/실험 로그
logs/elite_shadow_trader_20260701_134044_today_fresh_start.log,file,LOG_ARTIFACT,ROTATED_OR_FINISHED_LOG,X,X,0,,1948342,1.858084,1,2026-07-02T09:33:55.532135+09:00,8.578,DELETE_OK,열린 핸들·활성 참조 없는 회전/실험 로그
logs/api_server_aftermarket_20260629_211019_prepost.log,file,LOG_ARTIFACT,ROTATED_OR_FINISHED_LOG,X,X,0,,1840297,1.755044,1,2026-06-30T23:16:28.636039+09:00,10.007,DELETE_OK,열린 핸들·활성 참조 없는 회전/실험 로그
logs/api_server_20260625_193049.log,file,LOG_ARTIFACT,ROTATED_OR_FINISHED_LOG,X,X,0,,1777047,1.694724,1,2026-06-26T10:27:45.616032+09:00,14.541,DELETE_OK,열린 핸들·활성 참조 없는 회전/실험 로그
logs/api_server_early_exit_indicator_20260629_130139.log,file,LOG_ARTIFACT,ROTATED_OR_FINISHED_LOG,X,X,0,,1612821,1.538106,1,2026-06-30T06:02:50.955044+09:00,10.725,DELETE_OK,열린 핸들·활성 참조 없는 회전/실험 로그
logs/live_semiauto_retry_20260625_185052.log,file,LOG_ARTIFACT,ROTATED_OR_FINISHED_LOG,X,X,0,,1433900,1.367474,1,2026-06-26T04:28:40.897595+09:00,14.79,DELETE_OK,열린 핸들·활성 참조 없는 회전/실험 로그
logs/live_8slot_20260625_193604.log,file,LOG_ARTIFACT,ROTATED_OR_FINISHED_LOG,X,X,0,,1393502,1.328947,1,2026-06-26T11:52:41.874910+09:00,14.482,DELETE_OK,열린 핸들·활성 참조 없는 회전/실험 로그
logs/api_server_candidate_only_8001_restart_20260709_132458.log,file,LOG_ARTIFACT,ROTATED_OR_FINISHED_LOG,X,X,0,,1235620,1.178379,1,2026-07-10T02:16:21.740181+09:00,0.882,DELETE_OK,열린 핸들·활성 참조 없는 회전/실험 로그
logs/live_lr8d16_legacy_20260629_154830.log,file,LOG_ARTIFACT,ROTATED_OR_FINISHED_LOG,X,X,0,,1234868,1.177662,1,2026-06-30T05:42:31.671225+09:00,10.739,DELETE_OK,열린 핸들·활성 참조 없는 회전/실험 로그
logs/api_server_candidate_only_20260707_172501.log,file,LOG_ARTIFACT,ROTATED_OR_FINISHED_LOG,X,X,0,,1225366,1.1686,1,2026-07-08T06:36:26.905649+09:00,2.701,DELETE_OK,열린 핸들·활성 참조 없는 회전/실험 로그
logs/run_live_lr8d16_legacy_20260707_152413_restart_after_dashboard_down.log,file,LOG_ARTIFACT,ROTATED_OR_FINISHED_LOG,X,X,0,,1089536,1.039062,1,2026-07-08T01:13:25.582526+09:00,2.926,DELETE_OK,열린 핸들·활성 참조 없는 회전/실험 로그
logs/live_candidate_slots_daemon_restart_20260709_141840.log,file,LOG_ARTIFACT,ROTATED_OR_FINISHED_LOG,X,X,0,,887878,0.846746,1,2026-07-10T22:30:02.106769+09:00,0.039,DELETE_OK,열린 핸들·활성 참조 없는 회전/실험 로그
logs/elite_shadow_trader_20260702_064113_p0_state_lock.log,file,LOG_ARTIFACT,ROTATED_OR_FINISHED_LOG,X,X,0,,710964,0.678028,1,2026-07-02T19:21:12.056030+09:00,8.17,DELETE_OK,열린 핸들·활성 참조 없는 회전/실험 로그
logs/honest_stage01_full_w2_20260616.log,file,LOG_ARTIFACT,ROTATED_OR_FINISHED_LOG,X,X,0,,681489,0.649919,1,2026-06-16T16:08:48.382061+09:00,24.304,DELETE_OK,열린 핸들·활성 참조 없는 회전/실험 로그
logs/live_next_open_dashboard_metrics_20260629_114917.log,file,LOG_ARTIFACT,ROTATED_OR_FINISHED_LOG,X,X,0,,654731,0.6244,1,2026-06-29T22:33:40.211250+09:00,11.037,DELETE_OK,열린 핸들·활성 참조 없는 회전/실험 로그
logs/live_lr8d16_legacy_20260629_211019_prepost_price.log,file,LOG_ARTIFACT,ROTATED_OR_FINISHED_LOG,X,X,0,,558573,0.532697,1,2026-06-30T22:56:49.905148+09:00,10.021,DELETE_OK,열린 핸들·활성 참조 없는 회전/실험 로그
data/logs/kingmaker.2026-06-22_00-21-23_266629.log.zip,file,UNREACHED_FILE,ROTATED_OR_FINISHED_LOG,X,X,0,,544042,0.518839,1,2026-06-23T09:00:27.995384+09:00,17.601,DELETE_OK,열린 핸들·활성 참조가 없는 압축 회전 로그
data/logs/kingmaker.2026-06-23_00-40-26_313449.log.zip,file,UNREACHED_FILE,ROTATED_OR_FINISHED_LOG,X,X,0,,507526,0.484015,1,2026-06-24T09:00:59.798648+09:00,16.601,DELETE_OK,열린 핸들·활성 참조가 없는 압축 회전 로그
logs/api_server_all_charts_kst_prepost_20260629_052241.log,file,LOG_ARTIFACT,ROTATED_OR_FINISHED_LOG,X,X,0,,492634,0.469812,1,2026-06-29T20:24:19.449135+09:00,11.126,DELETE_OK,열린 핸들·활성 참조 없는 회전/실험 로그
logs/honest_stage01_error_retry_full_20260616.log,file,LOG_ARTIFACT,ROTATED_OR_FINISHED_LOG,X,X,0,,473729,0.451783,1,2026-06-17T01:06:03.295354+09:00,23.931,DELETE_OK,열린 핸들·활성 참조 없는 회전/실험 로그
data/logs/kingmaker.2026-06-18_00-21-23_225069.log.zip,file,UNREACHED_FILE,ROTATED_OR_FINISHED_LOG,X,X,0,,467856,0.446182,1,2026-06-19T09:00:50.072043+09:00,21.601,DELETE_OK,열린 핸들·활성 참조가 없는 압축 회전 로그
data/logs/kingmaker.2026-06-19_00-21-23_210731.log.zip,file,UNREACHED_FILE,ROTATED_OR_FINISHED_LOG,X,X,0,,466705,0.445085,1,2026-06-20T09:00:11.039449+09:00,20.602,DELETE_OK,열린 핸들·활성 참조가 없는 압축 회전 로그
logs/run_live_lr8d16_legacy_20260707_161734_restart_connection_refused.log,file,LOG_ARTIFACT,ROTATED_OR_FINISHED_LOG,X,X,0,,465605,0.444036,1,2026-07-08T02:22:24.270969+09:00,2.878,DELETE_OK,열린 핸들·활성 참조 없는 회전/실험 로그
data/logs/kingmaker.2026-06-17_00-21-23_261793.log.zip,file,UNREACHED_FILE,ROTATED_OR_FINISHED_LOG,X,X,0,,464747,0.443217,1,2026-06-18T09:00:21.758776+09:00,22.601,DELETE_OK,열린 핸들·활성 참조가 없는 압축 회전 로그
data/logs/kingmaker.2026-06-20_00-21-23_206732.log.zip,file,UNREACHED_FILE,ROTATED_OR_FINISHED_LOG,X,X,0,,461241,0.439874,1,2026-06-21T09:00:22.364751+09:00,19.601,DELETE_OK,열린 핸들·활성 참조가 없는 압축 회전 로그
data/logs/kingmaker.2026-06-21_00-21-23_242581.log.zip,file,UNREACHED_FILE,ROTATED_OR_FINISHED_LOG,X,X,0,,460552,0.439217,1,2026-06-22T09:00:43.837073+09:00,18.601,DELETE_OK,열린 핸들·활성 참조가 없는 압축 회전 로그
logs/live_semiauto_buffer_20260625_183904.log,file,LOG_ARTIFACT,ROTATED_OR_FINISHED_LOG,X,X,0,,452224,0.431274,1,2026-06-26T03:50:49.347659+09:00,14.816,DELETE_OK,열린 핸들·활성 참조 없는 회전/실험 로그
logs/api_server_dashboard_metrics_20260629_114917.log,file,LOG_ARTIFACT,ROTATED_OR_FINISHED_LOG,X,X,0,,439151,0.418807,1,2026-06-29T22:01:39.912685+09:00,11.059,DELETE_OK,열린 핸들·활성 참조 없는 회전/실험 로그
logs/elite_shadow_trader_20260702_003356_exit_omen_v1.log,file,LOG_ARTIFACT,ROTATED_OR_FINISHED_LOG,X,X,0,,426905,0.407128,1,2026-07-02T11:50:44.428419+09:00,8.483,DELETE_OK,열린 핸들·활성 참조 없는 회전/실험 로그
logs/api_server_aftermarket_20260630_153002_elite_shadow_trader.log,file,LOG_ARTIFACT,ROTATED_OR_FINISHED_LOG,X,X,0,,421408,0.401886,1,2026-07-01T02:32:31.419991+09:00,9.871,DELETE_OK,열린 핸들·활성 참조 없는 회전/실험 로그
logs/stage123_2009_full_20260616.log,file,LOG_ARTIFACT,ROTATED_OR_FINISHED_LOG,X,X,0,,415416,0.396172,1,2026-06-30T02:53:54.420328+09:00,10.856,DELETE_OK,열린 핸들·활성 참조 없는 회전/실험 로그
logs/api_server_aftermarket_20260701_134704_shadow_pnl_refresh.log,file,LOG_ARTIFACT,ROTATED_OR_FINISHED_LOG,X,X,0,,402216,0.383583,1,2026-07-02T14:12:52.394150+09:00,8.384,DELETE_OK,열린 핸들·활성 참조 없는 회전/실험 로그
logs/api_server_aftermarket_20260707_125753_manual_buy_amount.log,file,LOG_ARTIFACT,ROTATED_OR_FINISHED_LOG,X,X,0,,375618,0.358217,1,2026-07-07T23:45:38.154958+09:00,2.987,DELETE_OK,열린 핸들·활성 참조 없는 회전/실험 로그
logs/elite_shadow_trader_20260702_123919_lab_regular_hours_only.log,file,LOG_ARTIFACT,ROTATED_OR_FINISHED_LOG,X,X,0,,372421,0.355168,1,2026-07-03T00:21:31.679779+09:00,7.962,DELETE_OK,열린 핸들·활성 참조 없는 회전/실험 로그
logs/live_sell_intent_20260625_192843.log,file,LOG_ARTIFACT,ROTATED_OR_FINISHED_LOG,X,X,0,,363220,0.346394,1,2026-06-26T04:36:02.839804+09:00,14.785,DELETE_OK,열린 핸들·활성 참조 없는 회전/실험 로그
logs/elite_shadow_trader_20260702_102114_entry_concentration_rank.log,file,LOG_ARTIFACT,ROTATED_OR_FINISHED_LOG,X,X,0,,344979,0.328998,1,2026-07-02T21:00:03.703413+09:00,8.102,DELETE_OK,열린 핸들·활성 참조 없는 회전/실험 로그
logs/run_live_lr8d16_legacy_20260707_125825_manual_buy_amount.log,file,LOG_ARTIFACT,ROTATED_OR_FINISHED_LOG,X,X,0,,325542,0.310461,1,2026-07-07T23:44:29.388081+09:00,2.987,DELETE_OK,열린 핸들·활성 참조 없는 회전/실험 로그
logs/live_next_open_postmarket_20260629_091303.log,file,LOG_ARTIFACT,ROTATED_OR_FINISHED_LOG,X,X,0,,321876,0.306965,1,2026-06-29T20:11:22.961524+09:00,11.135,DELETE_OK,열린 핸들·활성 참조 없는 회전/실험 로그
logs/live_8slot_stage3mix_20260626_060514.log,file,LOG_ARTIFACT,ROTATED_OR_FINISHED_LOG,X,X,0,,314322,0.299761,1,2026-06-26T21:31:09.804797+09:00,14.08,DELETE_OK,열린 핸들·활성 참조 없는 회전/실험 로그
data/logs/kingmaker.2026-06-16_00-21-23_170016.log.zip,file,UNREACHED_FILE,ROTATED_OR_FINISHED_LOG,X,X,0,,313368,0.298851,1,2026-06-17T09:00:49.087385+09:00,23.601,DELETE_OK,열린 핸들·활성 참조가 없는 압축 회전 로그
data/logs/kingmaker.2026-06-24_00-40-26_436392.log.zip,file,UNREACHED_FILE,ROTATED_OR_FINISHED_LOG,X,X,0,,297076,0.283314,1,2026-06-25T09:00:14.647064+09:00,15.601,DELETE_OK,열린 핸들·활성 참조가 없는 압축 회전 로그
data/logs/kingmaker.2026-06-29_00-00-22_821397.log.zip,file,UNREACHED_FILE,ROTATED_OR_FINISHED_LOG,X,X,0,,269691,0.257197,1,2026-06-30T09:00:04.713006+09:00,10.602,DELETE_OK,열린 핸들·활성 참조가 없는 압축 회전 로그
logs/elite_shadow_trader_20260702_025045_exit_omen_v2.log,file,LOG_ARTIFACT,ROTATED_OR_FINISHED_LOG,X,X,0,,268663,0.256217,1,2026-07-02T13:13:44.638504+09:00,8.425,DELETE_OK,열린 핸들·활성 참조 없는 회전/실험 로그
data/logs/kingmaker.2026-06-26_00-36-08_337329.log.zip,file,UNREACHED_FILE,ROTATED_OR_FINISHED_LOG,X,X,0,,244568,0.233238,1,2026-06-27T09:00:22.596781+09:00,13.601,DELETE_OK,열린 핸들·활성 참조가 없는 압축 회전 로그
logs/api_server_aftermarket_20260707_161659_restart_connection_refused.log,file,LOG_ARTIFACT,ROTATED_OR_FINISHED_LOG,X,X,0,,237740,0.226727,1,2026-07-08T02:04:44.856862+09:00,2.89,DELETE_OK,열린 핸들·활성 참조 없는 회전/실험 로그
logs/api_server_aftermarket_20260702_102114_entry_concentration_rank.log,file,LOG_ARTIFACT,ROTATED_OR_FINISHED_LOG,X,X,0,,232207,0.22145,1,2026-07-02T21:00:03.299414+09:00,8.102,DELETE_OK,열린 핸들·활성 참조 없는 회전/실험 로그
logs/api_server_sellomen_kst_20260629_012502.log,file,LOG_ARTIFACT,ROTATED_OR_FINISHED_LOG,X,X,0,,216577,0.206544,1,2026-06-29T14:22:39.339968+09:00,11.378,DELETE_OK,열린 핸들·활성 참조 없는 회전/실험 로그
logs/api_server_aftermarket_20260630_141633_manual_sell_rpc.log,file,LOG_ARTIFACT,ROTATED_OR_FINISHED_LOG,X,X,0,,181811,0.173388,1,2026-07-01T00:15:11.526735+09:00,9.966,DELETE_OK,열린 핸들·활성 참조 없는 회전/실험 로그
logs/api_server_aftermarket_20260702_123919_lab_regular_hours_only.log,file,LOG_ARTIFACT,ROTATED_OR_FINISHED_LOG,X,X,0,,179878,0.171545,1,2026-07-02T22:40:02.114677+09:00,8.032,DELETE_OK,열린 핸들·활성 참조 없는 회전/실험 로그
data/logs/kingmaker.2026-06-25_00-27-40_980397.log.zip,file,UNREACHED_FILE,ROTATED_OR_FINISHED_LOG,X,X,0,,178113,0.169862,1,2026-06-26T09:00:19.001422+09:00,14.601,DELETE_OK,열린 핸들·활성 참조가 없는 압축 회전 로그
logs/elite_shadow_trader_20260702_055738_candle_orderflow.log,file,LOG_ARTIFACT,ROTATED_OR_FINISHED_LOG,X,X,0,,174057,0.165994,1,2026-07-02T15:41:10.951664+09:00,8.323,DELETE_OK,열린 핸들·활성 참조 없는 회전/실험 로그
logs/elite_shadow_trader_20260702_051255_exit_policy_lab.log,file,LOG_ARTIFACT,ROTATED_OR_FINISHED_LOG,X,X,0,,174051,0.165988,1,2026-07-02T14:57:36.844345+09:00,8.353,DELETE_OK,열린 핸들·활성 참조 없는 회전/실험 로그
logs/elite_shadow_trader_20260702_041937_peak_v3_1.log,file,LOG_ARTIFACT,ROTATED_OR_FINISHED_LOG,X,X,0,,173980,0.16592,1,2026-07-02T14:12:53.179149+09:00,8.384,DELETE_OK,열린 핸들·활성 참조 없는 회전/실험 로그
logs/live_8slot_20260626_025248.log,file,LOG_ARTIFACT,ROTATED_OR_FINISHED_LOG,X,X,0,,161505,0.154023,1,2026-06-26T15:05:14.242220+09:00,14.348,DELETE_OK,열린 핸들·활성 참조 없는 회전/실험 로그
data/logs/kingmaker.2026-07-07_00-45-13_627471.log.zip,file,UNREACHED_FILE,ROTATED_OR_FINISHED_LOG,X,X,0,,155147,0.14796,1,2026-07-08T09:16:29.405451+09:00,2.59,DELETE_OK,열린 핸들·활성 참조가 없는 압축 회전 로그
logs/api_server_aftermarket_20260630_193927_pullback_logic_fix.log,file,LOG_ARTIFACT,ROTATED_OR_FINISHED_LOG,X,X,0,,153733,0.146611,1,2026-07-01T22:47:01.546585+09:00,9.027,DELETE_OK,열린 핸들·활성 참조 없는 회전/실험 로그
exp_batch_CE_materials_retrain_20260708/run_all.log,file,LOG_ARTIFACT,ROTATED_OR_FINISHED_LOG,X,X,0,,152688,0.145615,1,2026-07-09T10:19:12.613976+09:00,1.547,DELETE_OK,열린 핸들·활성 참조 없는 회전/실험 로그
logs/lr8d_multientity_stage1pass_pruned_resume_20260707_163547_shard6_2.log,file,LOG_ARTIFACT,ROTATED_OR_FINISHED_LOG,X,X,0,,152412,0.145351,1,2026-07-08T02:45:57.957427+09:00,2.861,DELETE_OK,열린 핸들·활성 참조 없는 회전/실험 로그
exp_batch_CE_multifeature_20260708/run_all.log,file,LOG_ARTIFACT,ROTATED_OR_FINISHED_LOG,X,X,0,,150050,0.143099,1,2026-07-09T12:27:44.916163+09:00,1.457,DELETE_OK,열린 핸들·활성 참조 없는 회전/실험 로그
logs/lr8d_multientity_stage1pass_pruned_resume_20260707_163547_shard6_4.log,file,LOG_ARTIFACT,ROTATED_OR_FINISHED_LOG,X,X,0,,149598,0.142668,1,2026-07-08T02:45:59.400424+09:00,2.861,DELETE_OK,열린 핸들·활성 참조 없는 회전/실험 로그
data/logs/kingmaker.2026-06-27_00-28-33_261219.log.zip,file,UNREACHED_FILE,ROTATED_OR_FINISHED_LOG,X,X,0,,142407,0.13581,1,2026-06-28T09:00:05.385205+09:00,12.602,DELETE_OK,열린 핸들·활성 참조가 없는 압축 회전 로그
logs/live_next_open_post_liquidation_sync_20260629_111449.log,file,LOG_ARTIFACT,ROTATED_OR_FINISHED_LOG,X,X,0,,136889,0.130548,1,2026-06-29T20:39:31.638503+09:00,11.116,DELETE_OK,열린 핸들·활성 참조 없는 회전/실험 로그
logs/lr8d_multientity_stage1pass_pruned_resume_20260707_163547_shard6_5.log,file,LOG_ARTIFACT,ROTATED_OR_FINISHED_LOG,X,X,0,,131996,0.125881,1,2026-07-08T02:45:38.214463+09:00,2.862,DELETE_OK,열린 핸들·활성 참조 없는 회전/실험 로그
logs/lr8d_multientity_stage1pass_pruned_resume_20260707_163547_shard6_3.log,file,LOG_ARTIFACT,ROTATED_OR_FINISHED_LOG,X,X,0,,131005,0.124936,1,2026-07-08T02:45:48.497444+09:00,2.862,DELETE_OK,열린 핸들·활성 참조 없는 회전/실험 로그
data/logs/kingmaker.2026-07-08_00-25-12_927266.log.zip,file,UNREACHED_FILE,ROTATED_OR_FINISHED_LOG,X,X,0,,130652,0.124599,1,2026-07-09T09:00:48.355392+09:00,1.601,DELETE_OK,열린 핸들·활성 참조가 없는 압축 회전 로그
logs/lr8d_multientity_stage1pass_pruned_resume_20260707_163547_shard6_0.log,file,LOG_ARTIFACT,ROTATED_OR_FINISHED_LOG,X,X,0,,125400,0.119591,1,2026-07-08T02:45:59.872424+09:00,2.861,DELETE_OK,열린 핸들·활성 참조 없는 회전/실험 로그
logs/api_server_aftermarket_20260702_051307_exit_policy_lab.log,file,LOG_ARTIFACT,ROTATED_OR_FINISHED_LOG,X,X,0,,125181,0.119382,1,2026-07-02T14:57:36.439345+09:00,8.353,DELETE_OK,열린 핸들·활성 참조 없는 회전/실험 로그
logs/api_server_aftermarket_20260702_064113_p0_state_lock.log,file,LOG_ARTIFACT,ROTATED_OR_FINISHED_LOG,X,X,0,,125059,0.119266,1,2026-07-02T19:21:11.756030+09:00,8.17,DELETE_OK,열린 핸들·활성 참조 없는 회전/실험 로그
logs/lr8d_multientity_stage1pass_pruned_resume_20260707_163547_shard6_1.log,file,LOG_ARTIFACT,ROTATED_OR_FINISHED_LOG,X,X,0,,123772,0.118038,1,2026-07-08T02:45:59.524424+09:00,2.861,DELETE_OK,열린 핸들·활성 참조 없는 회전/실험 로그
data/logs/kingmaker.2026-07-01_13-02-00_680723.log.zip,file,UNREACHED_FILE,ROTATED_OR_FINISHED_LOG,X,X,0,,121347,0.115726,1,2026-07-02T09:00:08.129765+09:00,8.602,DELETE_OK,열린 핸들·활성 참조가 없는 압축 회전 로그
exp_crwd_stage3_tplus1_20260614_0001_run.log,file,LOG_ARTIFACT,ROTATED_OR_FINISHED_LOG,X,X,0,,120015,0.114455,1,2026-06-15T00:49:36.478527+09:00,25.942,DELETE_OK,열린 핸들·활성 참조 없는 회전/실험 로그
exp_cw_stage3_tplus1_20260614_0001_run.log,file,LOG_ARTIFACT,ROTATED_OR_FINISHED_LOG,X,X,0,,119895,0.114341,1,2026-06-14T14:40:18.428964+09:00,26.365,DELETE_OK,열린 핸들·활성 참조 없는 회전/실험 로그
logs/live_next_open_candidate_news_guard_20260629_113928.log,file,LOG_ARTIFACT,ROTATED_OR_FINISHED_LOG,X,X,0,,119559,0.11402,1,2026-06-29T20:49:17.778454+09:00,11.109,DELETE_OK,열린 핸들·활성 참조 없는 회전/실험 로그
data/logs/kingmaker.2026-06-28_00-00-07_315627.log.zip,file,UNREACHED_FILE,ROTATED_OR_FINISHED_LOG,X,X,0,,118446,0.112959,1,2026-06-29T09:00:20.011584+09:00,11.601,DELETE_OK,열린 핸들·활성 참조가 없는 압축 회전 로그
logs/live_lr8d16_legacy_20260630_140143_fast_exit.log,file,LOG_ARTIFACT,ROTATED_OR_FINISHED_LOG,X,X,0,,108395,0.103374,1,2026-06-30T23:15:34.547136+09:00,10.008,DELETE_OK,열린 핸들·활성 참조 없는 회전/실험 로그
data/logs/kingmaker.2026-07-02_02-49-37_051686.log.zip,file,UNREACHED_FILE,ROTATED_OR_FINISHED_LOG,X,X,0,,107422,0.102446,1,2026-07-03T09:00:03.028082+09:00,7.602,DELETE_OK,열린 핸들·활성 참조가 없는 압축 회전 로그
logs/api_server_aftermarket_20260702_120006_regular_hours_gate.log,file,LOG_ARTIFACT,ROTATED_OR_FINISHED_LOG,X,X,0,,104161,0.099336,1,2026-07-02T21:39:16.419202+09:00,8.074,DELETE_OK,열린 핸들·활성 참조 없는 회전/실험 로그
data/logs/kingmaker.2026-06-30_00-10-21_990567.log.zip,file,UNREACHED_FILE,ROTATED_OR_FINISHED_LOG,X,X,0,,95881,0.091439,1,2026-07-01T09:00:01.763388+09:00,9.602,DELETE_OK,열린 핸들·활성 참조가 없는 압축 회전 로그
logs/api_server_aftermarket_20260707_123658_slot_manual_pct.log,file,LOG_ARTIFACT,ROTATED_OR_FINISHED_LOG,X,X,0,,94472,0.090096,1,2026-07-07T21:57:49.656541+09:00,3.062,DELETE_OK,열린 핸들·활성 참조 없는 회전/실험 로그
exp_cw_stage3_20260613_0001/exit_run.log,file,LOG_ARTIFACT,ROTATED_OR_FINISHED_LOG,X,X,0,,89255,0.08512,1,2026-06-14T01:37:19.894130+09:00,26.909,DELETE_OK,열린 핸들·활성 참조 없는 회전/실험 로그
exp_crwd_stage3_20260613_0001/exit_run.log,file,LOG_ARTIFACT,ROTATED_OR_FINISHED_LOG,X,X,0,,89205,0.085073,1,2026-06-13T19:18:41.409835+09:00,27.172,DELETE_OK,열린 핸들·활성 참조 없는 회전/실험 로그
exp_crwd_stage3_pen_20260614_0001/exit_penalty_run.log,file,LOG_ARTIFACT,ROTATED_OR_FINISHED_LOG,X,X,0,,89131,0.085002,1,2026-06-14T10:29:10.535960+09:00,26.54,DELETE_OK,열린 핸들·활성 참조 없는 회전/실험 로그
exp_cw_stage3_pen_20260614_0001/exit_penalty_run.log,file,LOG_ARTIFACT,ROTATED_OR_FINISHED_LOG,X,X,0,,88961,0.08484,1,2026-06-14T10:19:49.493965+09:00,26.546,DELETE_OK,열린 핸들·활성 참조 없는 회전/실험 로그
exp_well_stage3_20260613_0001/exit_run.log,file,LOG_ARTIFACT,ROTATED_OR_FINISHED_LOG,X,X,0,,88893,0.084775,1,2026-06-14T09:06:15.428870+09:00,26.597,DELETE_OK,열린 핸들·활성 참조 없는 회전/실험 로그
logs/stage123_2009_stage3_resume_20260707_175307.log,file,LOG_ARTIFACT,ROTATED_OR_FINISHED_LOG,X,X,0,,85768,0.081795,1,2026-07-09T01:47:46.775940+09:00,1.902,DELETE_OK,열린 핸들·활성 참조 없는 회전/실험 로그
logs/api_server_aftermarket_20260702_134004_chart_exit_tp_sl.log,file,LOG_ARTIFACT,ROTATED_OR_FINISHED_LOG,X,X,0,,85338,0.081385,1,2026-07-02T22:59:28.512589+09:00,8.019,DELETE_OK,열린 핸들·활성 참조 없는 회전/실험 로그
data/logs/kingmaker.2026-07-06_00-45-13_537316.log.zip,file,UNREACHED_FILE,ROTATED_OR_FINISHED_LOG,X,X,0,,83580,0.079708,1,2026-07-07T09:00:12.709151+09:00,3.602,DELETE_OK,열린 핸들·활성 참조가 없는 압축 회전 로그
logs/elite_strategy_sim_20260630_173251.log,file,LOG_ARTIFACT,ROTATED_OR_FINISHED_LOG,X,X,0,,77941,0.07433,1,2026-07-01T02:55:36.597512+09:00,9.855,DELETE_OK,열린 핸들·활성 참조 없는 회전/실험 로그
logs/elite_shadow_trader_20260701_132557_fresh_reset.log,file,LOG_ARTIFACT,ROTATED_OR_FINISHED_LOG,X,X,0,,77880,0.074272,1,2026-07-01T22:40:24.297296+09:00,9.032,DELETE_OK,열린 핸들·활성 참조 없는 회전/실험 로그
logs/api_server_nextopen_buy_button_20260629_112657.log,file,LOG_ARTIFACT,ROTATED_OR_FINISHED_LOG,X,X,0,,77612,0.074017,1,2026-06-29T20:39:29.908506+09:00,11.116,DELETE_OK,열린 핸들·활성 참조 없는 회전/실험 로그
logs/api_server_aftermarket_20260702_135931_chart_exit_entry_zone_pct.log,file,LOG_ARTIFACT,ROTATED_OR_FINISHED_LOG,X,X,0,,77114,0.073542,1,2026-07-03T16:20:07.462796+09:00,7.296,DELETE_OK,열린 핸들·활성 참조 없는 회전/실험 로그
data/logs/kingmaker.2026-06-11_00-58-39_561750.log.zip,file,UNREACHED_FILE,ROTATED_OR_FINISHED_LOG,X,X,0,,74658,0.071199,1,2026-06-12T09:00:06.459380+09:00,28.602,DELETE_OK,열린 핸들·활성 참조가 없는 압축 회전 로그
logs/api_server_dashboard_frontend_20260628_131533.log,file,LOG_ARTIFACT,ROTATED_OR_FINISHED_LOG,X,X,0,,66847,0.06375,1,2026-06-29T10:25:00.363491+09:00,11.543,DELETE_OK,열린 핸들·활성 참조 없는 회전/실험 로그
logs/lr8d_multientity_stage1pass_20260630_shard6_2_20260629_191004.log,file,LOG_ARTIFACT,ROTATED_OR_FINISHED_LOG,X,X,0,,60985,0.05816,1,2026-06-30T05:34:47.100056+09:00,10.744,DELETE_OK,열린 핸들·활성 참조 없는 회전/실험 로그
logs/lr8d_multientity_stage1pass_20260630_shard6_0_20260629_191004.log,file,LOG_ARTIFACT,ROTATED_OR_FINISHED_LOG,X,X,0,,60679,0.057868,1,2026-06-30T05:34:36.588075+09:00,10.744,DELETE_OK,열린 핸들·활성 참조 없는 회전/실험 로그
logs/api_server_aftermarket_20260702_055743_candle_orderflow.log,file,LOG_ARTIFACT,ROTATED_OR_FINISHED_LOG,X,X,0,,60273,0.057481,1,2026-07-02T15:41:10.668664+09:00,8.323,DELETE_OK,열린 핸들·활성 참조 없는 회전/실험 로그
logs/lr8d_multientity_stage1pass_20260630_shard6_4_20260629_191004.log,file,LOG_ARTIFACT,ROTATED_OR_FINISHED_LOG,X,X,0,,59930,0.057154,1,2026-06-30T05:34:28.750089+09:00,10.744,DELETE_OK,열린 핸들·활성 참조 없는 회전/실험 로그
logs/api_server_aftermarket_20260707_170911_real_api_connection.log,file,LOG_ARTIFACT,ROTATED_OR_FINISHED_LOG,X,X,0,,59874,0.0571,1,2026-07-08T02:18:10.677423+09:00,2.881,DELETE_OK,열린 핸들·활성 참조 없는 회전/실험 로그
logs/lr8d_multientity_stage1pass_20260630_shard6_5_20260629_191004.log,file,LOG_ARTIFACT,ROTATED_OR_FINISHED_LOG,X,X,0,,59792,0.057022,1,2026-06-30T05:34:50.191051+09:00,10.744,DELETE_OK,열린 핸들·활성 참조 없는 회전/실험 로그
logs/lr8d_multientity_stage1pass_20260630_shard6_3_20260629_191004.log,file,LOG_ARTIFACT,ROTATED_OR_FINISHED_LOG,X,X,0,,59761,0.056993,1,2026-06-30T05:34:42.138065+09:00,10.744,DELETE_OK,열린 핸들·활성 참조 없는 회전/실험 로그
logs/api_server_candidate_news_guard_20260629_113928.log,file,LOG_ARTIFACT,ROTATED_OR_FINISHED_LOG,X,X,0,,58765,0.056043,1,2026-06-29T20:49:17.300455+09:00,11.109,DELETE_OK,열린 핸들·활성 참조 없는 회전/실험 로그
logs/lr8d_multientity_stage1pass_20260630_shard6_1_20260629_191004.log,file,LOG_ARTIFACT,ROTATED_OR_FINISHED_LOG,X,X,0,,58112,0.05542,1,2026-06-30T05:34:33.228081+09:00,10.744,DELETE_OK,열린 핸들·활성 참조 없는 회전/실험 로그
logs/api_server_aftermarket_20260630_173236_elite_strategy_sim.log,file,LOG_ARTIFACT,ROTATED_OR_FINISHED_LOG,X,X,0,,52429,0.05,1,2026-07-01T02:55:35.830514+09:00,9.855,DELETE_OK,열린 핸들·활성 참조 없는 회전/실험 로그
logs/elite_strategy_sim_20260701_132557_fresh_reset.log,file,LOG_ARTIFACT,ROTATED_OR_FINISHED_LOG,X,X,0,,47624,0.045418,1,2026-07-01T22:30:26.930364+09:00,9.039,DELETE_OK,열린 핸들·활성 참조 없는 회전/실험 로그
logs/elite_shadow_trader_20260702_041346_exit_peak_v3.log,file,LOG_ARTIFACT,ROTATED_OR_FINISHED_LOG,X,X,0,,47343,0.04515,1,2026-07-02T13:19:36.776873+09:00,8.421,DELETE_OK,열린 핸들·활성 참조 없는 회전/실험 로그
logs/api_server_aftermarket_20260630_180516_pullback_forecast.log,file,LOG_ARTIFACT,ROTATED_OR_FINISHED_LOG,X,X,0,,46638,0.044477,1,2026-07-01T03:22:50.511589+09:00,9.836,DELETE_OK,열린 핸들·활성 참조 없는 회전/실험 로그
logs/elite_shadow_trader_20260701_131908_entry_quality.log,file,LOG_ARTIFACT,ROTATED_OR_FINISHED_LOG,X,X,0,,46495,0.044341,1,2026-07-01T22:24:03.188051+09:00,9.043,DELETE_OK,열린 핸들·활성 참조 없는 회전/실험 로그
exp_crwd_mpc_sequence_20260612_2005/run.log,file,LOG_ARTIFACT,ROTATED_OR_FINISHED_LOG,X,X,0,,44625,0.042558,1,2026-06-13T06:27:53.056665+09:00,27.707,DELETE_OK,열린 핸들·활성 참조 없는 회전/실험 로그
exp_stage25_cw9/run.log,file,LOG_ARTIFACT,ROTATED_OR_FINISHED_LOG,X,X,0,,43405,0.041394,1,2026-06-16T14:59:05.134558+09:00,24.352,DELETE_OK,열린 핸들·활성 참조 없는 회전/실험 로그
logs/api_server_news_translation_20260628_103031.log,file,LOG_ARTIFACT,ROTATED_OR_FINISHED_LOG,X,X,0,,39389,0.037564,1,2026-06-28T19:59:34.164399+09:00,12.144,DELETE_OK,열린 핸들·활성 참조 없는 회전/실험 로그
logs/api_server_aftermarket_20260707_171814_real_info_split.log,file,LOG_ARTIFACT,ROTATED_OR_FINISHED_LOG,X,X,0,,38130,0.036364,1,2026-07-08T02:24:57.707692+09:00,2.876,DELETE_OK,열린 핸들·활성 참조 없는 회전/실험 로그
data/logs/kingmaker.2026-06-15_00-21-23_436718.log.zip,file,UNREACHED_FILE,ROTATED_OR_FINISHED_LOG,X,X,0,,36175,0.034499,1,2026-06-16T09:00:09.649156+09:00,24.602,DELETE_OK,열린 핸들·활성 참조가 없는 압축 회전 로그
logs/api_server_aftermarket_20260707_170447_real_dashboard.log,file,LOG_ARTIFACT,ROTATED_OR_FINISHED_LOG,X,X,0,,35984,0.034317,1,2026-07-08T02:09:07.836393+09:00,2.887,DELETE_OK,열린 핸들·활성 참조 없는 회전/실험 로그
logs/api_server_aftermarket_20260707_122140_dashboard_restore.log,file,LOG_ARTIFACT,ROTATED_OR_FINISHED_LOG,X,X,0,,35840,0.03418,1,2026-07-07T21:30:01.043528+09:00,3.081,DELETE_OK,열린 핸들·활성 참조 없는 회전/실험 로그
exp_context_reuse_verify_cw_shared/all.wrapper.log,file,LOG_ARTIFACT,ROTATED_OR_FINISHED_LOG,X,X,0,,34441,0.032845,1,2026-06-16T04:57:20.699238+09:00,24.77,DELETE_OK,열린 핸들·활성 참조 없는 회전/실험 로그
logs/live_lr8d16_legacy_20260630_135656_reentry_enabled.log,file,LOG_ARTIFACT,ROTATED_OR_FINISHED_LOG,X,X,0,,34204,0.032619,1,2026-06-30T23:01:36.974634+09:00,10.017,DELETE_OK,열린 핸들·활성 참조 없는 회전/실험 로그
logs/lr8d_multientity_6174_20260630_shard6_4_20260629_182137.log,file,LOG_ARTIFACT,ROTATED_OR_FINISHED_LOG,X,X,0,,33818,0.032251,1,2026-06-30T04:09:09.757250+09:00,10.804,DELETE_OK,열린 핸들·활성 참조 없는 회전/실험 로그
logs/api_server_aftermarket_20260707_123005_slot_manual_display.log,file,LOG_ARTIFACT,ROTATED_OR_FINISHED_LOG,X,X,0,,33486,0.031935,1,2026-07-07T21:37:01.421775+09:00,3.076,DELETE_OK,열린 핸들·활성 참조 없는 회전/실험 로그
logs/lr8d_multientity_6174_20260630_shard6_2_20260629_182137.log,file,LOG_ARTIFACT,ROTATED_OR_FINISHED_LOG,X,X,0,,31705,0.030236,1,2026-06-30T04:09:16.271238+09:00,10.804,DELETE_OK,열린 핸들·활성 참조 없는 회전/실험 로그
logs/lr8d_multientity_6174_20260630_shard6_3_20260629_182137.log,file,LOG_ARTIFACT,ROTATED_OR_FINISHED_LOG,X,X,0,,31554,0.030092,1,2026-06-30T04:09:17.940235+09:00,10.804,DELETE_OK,열린 핸들·활성 참조 없는 회전/실험 로그
logs/api_server_aftermarket_20260707_152354_restart_after_dashboard_down.log,file,LOG_ARTIFACT,ROTATED_OR_FINISHED_LOG,X,X,0,,31170,0.029726,1,2026-07-08T00:44:33.739627+09:00,2.946,DELETE_OK,열린 핸들·활성 참조 없는 회전/실험 로그
data/logs/kingmaker.2026-07-09_00-01-16_662874.log.zip,file,UNREACHED_FILE,ROTATED_OR_FINISHED_LOG,X,X,0,,30780,0.029354,1,2026-07-10T18:23:34.706240+09:00,0.21,DELETE_OK,열린 핸들·활성 참조가 없는 압축 회전 로그
logs/api_server_news_basis_articles_20260628_115543.log,file,LOG_ARTIFACT,ROTATED_OR_FINISHED_LOG,X,X,0,,30627,0.029208,1,2026-06-28T21:44:16.712157+09:00,12.071,DELETE_OK,열린 핸들·활성 참조 없는 회전/실험 로그
logs/api_server_news_cache_guard_20260628_124418.log,file,LOG_ARTIFACT,ROTATED_OR_FINISHED_LOG,X,X,0,,30113,0.028718,1,2026-06-28T22:15:31.922801+09:00,12.049,DELETE_OK,열린 핸들·활성 참조 없는 회전/실험 로그
logs/api_server_aftermarket_20260629_210258.log,file,LOG_ARTIFACT,ROTATED_OR_FINISHED_LOG,X,X,0,,29833,0.028451,1,2026-06-30T06:10:11.919255+09:00,10.72,DELETE_OK,열린 핸들·활성 참조 없는 회전/실험 로그
logs/lr8d_multientity_6174_20260630_shard6_5_20260629_182137.log,file,LOG_ARTIFACT,ROTATED_OR_FINISHED_LOG,X,X,0,,29557,0.028188,1,2026-06-30T04:09:12.742244+09:00,10.804,DELETE_OK,열린 핸들·활성 참조 없는 회전/실험 로그
exp_batch_stage23_smoke_3tickers/logs/CRWD_stage2.log,file,LOG_ARTIFACT,ROTATED_OR_FINISHED_LOG,X,X,0,,29082,0.027735,1,2026-06-16T08:01:01.144513+09:00,24.643,DELETE_OK,열린 핸들·활성 참조 없는 회전/실험 로그
exp_batch_stage23_smoke_3/logs/CRWD_stage2.log,file,LOG_ARTIFACT,ROTATED_OR_FINISHED_LOG,X,X,0,,28913,0.027574,1,2026-06-16T05:51:13.789458+09:00,24.733,DELETE_OK,열린 핸들·활성 참조 없는 회전/실험 로그
logs/api_server_aftermarket_20260630_151516_elite_shadow.log,file,LOG_ARTIFACT,ROTATED_OR_FINISHED_LOG,X,X,0,,28621,0.027295,1,2026-07-01T00:29:58.042149+09:00,9.956,DELETE_OK,열린 핸들·활성 참조 없는 회전/실험 로그
logs/lr8d_multientity_6174_20260630_shard6_1_20260629_182137.log,file,LOG_ARTIFACT,ROTATED_OR_FINISHED_LOG,X,X,0,,28504,0.027184,1,2026-06-30T04:09:08.667252+09:00,10.804,DELETE_OK,열린 핸들·활성 참조 없는 회전/실험 로그
logs/lr8d_multientity_6174_20260630_shard6_0_20260629_182137.log,file,LOG_ARTIFACT,ROTATED_OR_FINISHED_LOG,X,X,0,,27846,0.026556,1,2026-06-30T04:09:17.877235+09:00,10.804,DELETE_OK,열린 핸들·활성 참조 없는 회전/실험 로그
exp_batch_stage123_2009_20260616_smoke10/logs/A_stage2.log,file,LOG_ARTIFACT,ROTATED_OR_FINISHED_LOG,X,X,0,,26944,0.025696,1,2026-06-17T01:58:01.935777+09:00,23.895,DELETE_OK,열린 핸들·활성 참조 없는 회전/실험 로그
logs/api_server_aftermarket_20260630_175538_strategy_refresh.log,file,LOG_ARTIFACT,ROTATED_OR_FINISHED_LOG,X,X,0,,24629,0.023488,1,2026-07-01T03:05:13.635480+09:00,9.848,DELETE_OK,열린 핸들·활성 참조 없는 회전/실험 로그
exp_batch_stage23_smoke_3tickers/logs/WELL_stage2.log,file,LOG_ARTIFACT,ROTATED_OR_FINISHED_LOG,X,X,0,,23622,0.022528,1,2026-06-16T08:17:48.907708+09:00,24.631,DELETE_OK,열린 핸들·활성 참조 없는 회전/실험 로그
exp_batch_stage23_smoke_3/logs/WELL_stage2.log,file,LOG_ARTIFACT,ROTATED_OR_FINISHED_LOG,X,X,0,,23538,0.022448,1,2026-06-16T06:07:56.334664+09:00,24.721,DELETE_OK,열린 핸들·활성 참조 없는 회전/실험 로그
logs/api_server_news_recent3d_refreshed_20260628_113151.log,file,LOG_ARTIFACT,ROTATED_OR_FINISHED_LOG,X,X,0,,22760,0.021706,1,2026-06-28T20:55:41.721374+09:00,12.105,DELETE_OK,열린 핸들·활성 참조 없는 회전/실험 로그
logs/api_server_news_relevance_fix_20260628_105935.log,file,LOG_ARTIFACT,ROTATED_OR_FINISHED_LOG,X,X,0,,22725,0.021672,1,2026-06-28T20:19:12.611291+09:00,12.13,DELETE_OK,열린 핸들·활성 참조 없는 회전/실험 로그
data/logs/kingmaker.2026-06-11_00-00-02_221234.log.zip,file,UNREACHED_FILE,ROTATED_OR_FINISHED_LOG,X,X,0,,22149,0.021123,1,2026-06-11T09:58:39.556305+09:00,29.561,DELETE_OK,열린 핸들·활성 참조가 없는 압축 회전 로그
logs/live_lr8d16_legacy_20260629_204237_aftermarket_price.log,file,LOG_ARTIFACT,ROTATED_OR_FINISHED_LOG,X,X,0,,21625,0.020623,1,2026-06-30T06:10:12.944253+09:00,10.72,DELETE_OK,열린 핸들·활성 참조 없는 회전/실험 로그
exp_batch_stage23_smoke_3tickers/logs/CRWD_stage3.log,file,LOG_ARTIFACT,ROTATED_OR_FINISHED_LOG,X,X,0,,21263,0.020278,1,2026-06-16T08:59:12.297259+09:00,24.602,DELETE_OK,열린 핸들·활성 참조 없는 회전/실험 로그
exp_batch_stage23_smoke_3/logs/CRWD_stage3.log,file,LOG_ARTIFACT,ROTATED_OR_FINISHED_LOG,X,X,0,,21242,0.020258,1,2026-06-16T06:49:32.566193+09:00,24.692,DELETE_OK,열린 핸들·활성 참조 없는 회전/실험 로그
exp_batch_stage23_smoke_3tickers/logs/WELL_stage3.log,file,LOG_ARTIFACT,ROTATED_OR_FINISHED_LOG,X,X,0,,21190,0.020208,1,2026-06-16T09:19:01.976129+09:00,24.588,DELETE_OK,열린 핸들·활성 참조 없는 회전/실험 로그
exp_batch_stage23_smoke_3tickers/logs/CW_stage3.log,file,LOG_ARTIFACT,ROTATED_OR_FINISHED_LOG,X,X,0,,21178,0.020197,1,2026-06-16T08:37:37.353580+09:00,24.617,DELETE_OK,열린 핸들·활성 참조 없는 회전/실험 로그
exp_batch_stage23_smoke_3/logs/WELL_stage3.log,file,LOG_ARTIFACT,ROTATED_OR_FINISHED_LOG,X,X,0,,21169,0.020188,1,2026-06-16T07:09:31.126048+09:00,24.678,DELETE_OK,열린 핸들·활성 참조 없는 회전/실험 로그
exp_batch_stage23_smoke_3/logs/CW_stage3.log,file,LOG_ARTIFACT,ROTATED_OR_FINISHED_LOG,X,X,0,,21157,0.020177,1,2026-06-16T06:27:42.648540+09:00,24.707,DELETE_OK,열린 핸들·활성 참조 없는 회전/실험 로그
exp_context_reuse_verify_cw_baseline/qualify.wrapper.log,file,LOG_ARTIFACT,ROTATED_OR_FINISHED_LOG,X,X,0,,21146,0.020166,1,2026-06-16T04:10:38.956248+09:00,24.803,DELETE_OK,열린 핸들·활성 참조 없는 회전/실험 로그
exp_fitness_cache_verify_cw_on_clean/qualify.wrapper.log,file,LOG_ARTIFACT,ROTATED_OR_FINISHED_LOG,X,X,0,,21146,0.020166,1,2026-06-15T12:11:53.402226+09:00,25.468,DELETE_OK,열린 핸들·활성 참조 없는 회전/실험 로그
exp_fitness_cache_verify_cw_off/qualify.stdout.log,file,LOG_ARTIFACT,ROTATED_OR_FINISHED_LOG,X,X,0,,21136,0.020157,1,2026-06-15T11:21:01.499692+09:00,25.504,DELETE_OK,열린 핸들·활성 참조 없는 회전/실험 로그
exp_batch_stage123_2009_20260616_smoke10/logs/AA_stage2.log,file,LOG_ARTIFACT,ROTATED_OR_FINISHED_LOG,X,X,0,,21117,0.020139,1,2026-06-17T02:14:57.674959+09:00,23.883,DELETE_OK,열린 핸들·활성 참조 없는 회전/실험 로그
exp_crwd_stage3_20260613_0001/qualify_run.log,file,LOG_ARTIFACT,ROTATED_OR_FINISHED_LOG,X,X,0,,20982,0.02001,1,2026-06-13T14:32:05.038636+09:00,27.371,DELETE_OK,열린 핸들·활성 참조 없는 회전/실험 로그
data/logs/kingmaker.2026-06-12_00-58-39_693660.log.zip,file,UNREACHED_FILE,ROTATED_OR_FINISHED_LOG,X,X,0,,20949,0.019979,1,2026-06-13T09:10:34.810183+09:00,27.594,DELETE_OK,열린 핸들·활성 참조가 없는 압축 회전 로그
cw_stage3_qualify_launcher.log,file,LOG_ARTIFACT,ROTATED_OR_FINISHED_LOG,X,X,0,,20927,0.019958,1,2026-06-13T22:29:30.374321+09:00,27.04,DELETE_OK,열린 핸들·활성 참조 없는 회전/실험 로그
exp_period_lockbox_audit_cw_stage3_qualify.wrapper.log,file,LOG_ARTIFACT,ROTATED_OR_FINISHED_LOG,X,X,0,,20924,0.019955,1,2026-06-16T10:17:18.519849+09:00,24.548,DELETE_OK,열린 핸들·활성 참조 없는 회전/실험 로그
well_stage3_qualify_launcher.log,file,LOG_ARTIFACT,ROTATED_OR_FINISHED_LOG,X,X,0,,20922,0.019953,1,2026-06-14T06:03:33.519500+09:00,26.724,DELETE_OK,열린 핸들·활성 참조 없는 회전/실험 로그
exp_fitness_cache_verify_cw_on/qualify.stdout.log,file,LOG_ARTIFACT,ROTATED_OR_FINISHED_LOG,X,X,0,,20698,0.019739,1,2026-06-15T11:50:54.714480+09:00,25.483,DELETE_OK,열린 핸들·활성 참조 없는 회전/실험 로그
data/logs/kingmaker.2026-06-13_00-21-23_270682.log.zip,file,UNREACHED_FILE,ROTATED_OR_FINISHED_LOG,X,X,0,,20574,0.019621,1,2026-06-14T09:06:16.647868+09:00,26.597,DELETE_OK,열린 핸들·활성 참조가 없는 압축 회전 로그
exp_period_lockbox_audit_cw_stage2.wrapper.log,file,LOG_ARTIFACT,ROTATED_OR_FINISHED_LOG,X,X,0,,19850,0.01893,1,2026-06-16T09:55:02.560241+09:00,24.563,DELETE_OK,열린 핸들·활성 참조 없는 회전/실험 로그
exp_batch_stage23_smoke_3tickers/logs/CW_stage2.log,file,LOG_ARTIFACT,ROTATED_OR_FINISHED_LOG,X,X,0,,19638,0.018728,1,2026-06-16T07:10:30.046942+09:00,24.678,DELETE_OK,열린 핸들·활성 참조 없는 회전/실험 로그
exp_batch_stage23_smoke_3/logs/CW_stage2.log,file,LOG_ARTIFACT,ROTATED_OR_FINISHED_LOG,X,X,0,,19554,0.018648,1,2026-06-16T05:28:50.171860+09:00,24.748,DELETE_OK,열린 핸들·활성 참조 없는 회전/실험 로그
data/logs/kingmaker.2026-07-03_04-00-16_741474.log.zip,file,UNREACHED_FILE,ROTATED_OR_FINISHED_LOG,X,X,0,,16196,0.015446,1,2026-07-04T09:00:02.722332+09:00,6.602,DELETE_OK,열린 핸들·활성 참조가 없는 압축 회전 로그
logs/live_next_open_stage2_20260629_090402.log,file,LOG_ARTIFACT,ROTATED_OR_FINISHED_LOG,X,X,0,,15871,0.015136,1,2026-06-29T18:09:01.355657+09:00,11.22,DELETE_OK,열린 핸들·활성 참조 없는 회전/실험 로그
logs/api_server_nextopen_candidates_20260629_112442.log,file,LOG_ARTIFACT,ROTATED_OR_FINISHED_LOG,X,X,0,,14687,0.014007,1,2026-06-29T20:26:54.754857+09:00,11.125,DELETE_OK,열린 핸들·활성 참조 없는 회전/실험 로그
data/logs/kingmaker.2026-06-23_00-00-29_378350.log.zip,file,UNREACHED_FILE,ROTATED_OR_FINISHED_LOG,X,X,0,,13691,0.013057,1,2026-06-23T09:40:26.305089+09:00,17.574,DELETE_OK,열린 핸들·활성 참조가 없는 압축 회전 로그
logs/honest_stage01_error_retry_smoke10_20260616.log,file,LOG_ARTIFACT,ROTATED_OR_FINISHED_LOG,X,X,0,,13352,0.012733,1,2026-06-16T19:43:35.365989+09:00,24.155,DELETE_OK,열린 핸들·활성 참조 없는 회전/실험 로그
data/logs/kingmaker.2026-07-02_00-15-43_556519.log.zip,file,UNREACHED_FILE,ROTATED_OR_FINISHED_LOG,X,X,0,,13315,0.012698,1,2026-07-02T11:49:37.041540+09:00,8.484,DELETE_OK,열린 핸들·활성 참조가 없는 압축 회전 로그
data/logs/kingmaker.2026-07-04_10-17-55_044133.log.zip,file,UNREACHED_FILE,ROTATED_OR_FINISHED_LOG,X,X,0,,12399,0.011825,1,2026-07-05T09:00:01.210572+09:00,5.602,DELETE_OK,열린 핸들·활성 참조가 없는 압축 회전 로그
logs/api_server_aftermarket_20260630_182253_rebound_quality.log,file,LOG_ARTIFACT,ROTATED_OR_FINISHED_LOG,X,X,0,,12171,0.011607,1,2026-07-01T04:39:24.492369+09:00,9.783,DELETE_OK,열린 핸들·활성 참조 없는 회전/실험 로그
data/logs/kingmaker.2026-06-24_00-01-05_094571.log.zip,file,UNREACHED_FILE,ROTATED_OR_FINISHED_LOG,X,X,0,,12153,0.01159,1,2026-06-24T09:40:26.376413+09:00,16.574,DELETE_OK,열린 핸들·활성 참조가 없는 압축 회전 로그
logs/lr8d_multientity_6174_20260630_shard4_20260629_181156.log,file,LOG_ARTIFACT,ROTATED_OR_FINISHED_LOG,X,X,0,,10939,0.010432,1,2026-06-30T03:20:02.867522+09:00,10.838,DELETE_OK,열린 핸들·활성 참조 없는 회전/실험 로그
data/logs/kingmaker.2026-06-12_00-00-06_472726.log.zip,file,UNREACHED_FILE,ROTATED_OR_FINISHED_LOG,X,X,0,,10814,0.010313,1,2026-06-12T09:58:39.661077+09:00,28.561,DELETE_OK,열린 핸들·활성 참조가 없는 압축 회전 로그
logs/lr8d_multientity_6174_20260630_shard5_20260629_181156.log,file,LOG_ARTIFACT,ROTATED_OR_FINISHED_LOG,X,X,0,,10519,0.010032,1,2026-06-30T03:20:08.964511+09:00,10.838,DELETE_OK,열린 핸들·활성 참조 없는 회전/실험 로그
logs/api_server_dashboard_unified_20260628_100723.log,file,LOG_ARTIFACT,ROTATED_OR_FINISHED_LOG,X,X,0,,10495,0.010009,1,2026-06-28T19:16:15.591048+09:00,12.174,DELETE_OK,열린 핸들·활성 참조 없는 회전/실험 로그
logs/lr8d_multientity_6174_20260630_shard2_20260629_181156.log,file,LOG_ARTIFACT,ROTATED_OR_FINISHED_LOG,X,X,0,,10476,0.009991,1,2026-06-30T03:20:02.756522+09:00,10.838,DELETE_OK,열린 핸들·활성 참조 없는 회전/실험 로그
logs/honest_stage01_smoke10_20260616.log,file,LOG_ARTIFACT,ROTATED_OR_FINISHED_LOG,X,X,0,,10345,0.009866,1,2026-06-16T15:50:07.862069+09:00,24.317,DELETE_OK,열린 핸들·활성 참조 없는 회전/실험 로그
logs/lr8d_multientity_6174_20260630_shard3_20260629_181156.log,file,LOG_ARTIFACT,ROTATED_OR_FINISHED_LOG,X,X,0,,10243,0.009768,1,2026-06-30T03:20:05.203517+09:00,10.838,DELETE_OK,열린 핸들·활성 참조 없는 회전/실험 로그
logs/lr8d_multientity_6174_20260630_shard7_20260629_181156.log,file,LOG_ARTIFACT,ROTATED_OR_FINISHED_LOG,X,X,0,,10214,0.009741,1,2026-06-30T03:20:12.789504+09:00,10.838,DELETE_OK,열린 핸들·활성 참조 없는 회전/실험 로그
logs/lr8d_multientity_6174_20260630_shard0_20260629_181156.log,file,LOG_ARTIFACT,ROTATED_OR_FINISHED_LOG,X,X,0,,10198,0.009726,1,2026-06-30T03:19:59.406528+09:00,10.838,DELETE_OK,열린 핸들·활성 참조 없는 회전/실험 로그
logs/live_next_open_20260629_090248.log,file,LOG_ARTIFACT,ROTATED_OR_FINISHED_LOG,X,X,0,,10151,0.009681,1,2026-06-29T18:03:26.053257+09:00,11.224,DELETE_OK,열린 핸들·활성 참조 없는 회전/실험 로그
logs/lr8d_multientity_6174_20260630_shard6_20260629_181156.log,file,LOG_ARTIFACT,ROTATED_OR_FINISHED_LOG,X,X,0,,10097,0.009629,1,2026-06-30T03:20:00.266526+09:00,10.838,DELETE_OK,열린 핸들·활성 참조 없는 회전/실험 로그
logs/lr8d_multientity_6174_20260630_shard1_20260629_181156.log,file,LOG_ARTIFACT,ROTATED_OR_FINISHED_LOG,X,X,0,,9785,0.009332,1,2026-06-30T03:20:12.166505+09:00,10.838,DELETE_OK,열린 핸들·활성 참조 없는 회전/실험 로그
logs/api_server_news_articles_20260628_102255.log,file,LOG_ARTIFACT,ROTATED_OR_FINISHED_LOG,X,X,0,,9664,0.009216,1,2026-06-28T19:30:29.210521+09:00,12.164,DELETE_OK,열린 핸들·활성 참조 없는 회전/실험 로그
exp_lasr_exitga_20260612_1950/run.log,file,LOG_ARTIFACT,ROTATED_OR_FINISHED_LOG,X,X,0,,9659,0.009212,1,2026-06-13T04:55:33.653579+09:00,27.771,DELETE_OK,열린 핸들·활성 참조 없는 회전/실험 로그
logs/api_server_news_dashboard_20260628_101617.log,file,LOG_ARTIFACT,ROTATED_OR_FINISHED_LOG,X,X,0,,9214,0.008787,1,2026-06-28T19:22:53.736335+09:00,12.169,DELETE_OK,열린 핸들·활성 참조 없는 회전/실험 로그
exp_fitness_cache_verify_cw_on_clean/entry.wrapper.log,file,LOG_ARTIFACT,ROTATED_OR_FINISHED_LOG,X,X,0,,9178,0.008753,1,2026-06-15T12:21:16.215218+09:00,25.462,DELETE_OK,열린 핸들·활성 참조 없는 회전/실험 로그
exp_fitness_cache_verify_cw_off/entry.stdout.log,file,LOG_ARTIFACT,ROTATED_OR_FINISHED_LOG,X,X,0,,9168,0.008743,1,2026-06-15T11:30:32.925668+09:00,25.497,DELETE_OK,열린 핸들·활성 참조 없는 회전/실험 로그
exp_context_reuse_verify_cw_baseline/entry.wrapper.log,file,LOG_ARTIFACT,ROTATED_OR_FINISHED_LOG,X,X,0,,8944,0.00853,1,2026-06-16T04:22:15.028003+09:00,24.795,DELETE_OK,열린 핸들·활성 참조 없는 회전/실험 로그
exp_cw_stage3_20260613_0001/entry_run.log,file,LOG_ARTIFACT,ROTATED_OR_FINISHED_LOG,X,X,0,,8944,0.00853,1,2026-06-13T22:42:36.947911+09:00,27.03,DELETE_OK,열린 핸들·활성 참조 없는 회전/실험 로그
exp_crwd_stage3_20260613_0001/entry_run.log,file,LOG_ARTIFACT,ROTATED_OR_FINISHED_LOG,X,X,0,,8942,0.008528,1,2026-06-13T16:27:20.362247+09:00,27.291,DELETE_OK,열린 핸들·활성 참조 없는 회전/실험 로그
exp_well_stage3_20260613_0001/entry_run.log,file,LOG_ARTIFACT,ROTATED_OR_FINISHED_LOG,X,X,0,,8935,0.008521,1,2026-06-14T06:17:40.656984+09:00,26.714,DELETE_OK,열린 핸들·활성 참조 없는 회전/실험 로그
logs/api_server_news_recent3d_display_20260628_112554.log,file,LOG_ARTIFACT,ROTATED_OR_FINISHED_LOG,X,X,0,,8623,0.008224,1,2026-06-28T20:31:49.807936+09:00,12.121,DELETE_OK,열린 핸들·활성 참조 없는 회전/실험 로그
data/logs/kingmaker.2026-06-14_00-21-23_165558.log.zip,file,UNREACHED_FILE,ROTATED_OR_FINISHED_LOG,X,X,0,,8557,0.008161,1,2026-06-15T09:21:23.409556+09:00,25.587,DELETE_OK,열린 핸들·활성 참조가 없는 압축 회전 로그
logs/api_server_news_recent3d_20260628_111914.log,file,LOG_ARTIFACT,ROTATED_OR_FINISHED_LOG,X,X,0,,8462,0.00807,1,2026-06-28T20:25:52.317576+09:00,12.125,DELETE_OK,열린 핸들·활성 참조 없는 회전/실험 로그
data/logs/kingmaker.2026-07-05_11-44-11_550810.log.zip,file,UNREACHED_FILE,ROTATED_OR_FINISHED_LOG,X,X,0,,8100,0.007725,1,2026-07-06T09:00:01.218850+09:00,4.602,DELETE_OK,열린 핸들·활성 참조가 없는 압축 회전 로그
data/logs/kingmaker.2026-06-18_00-00-24_715025.log.zip,file,UNREACHED_FILE,ROTATED_OR_FINISHED_LOG,X,X,0,,7903,0.007537,1,2026-06-18T09:21:23.221518+09:00,22.587,DELETE_OK,열린 핸들·활성 참조가 없는 압축 회전 로그
exp_stage25_cw_nohold.log,file,LOG_ARTIFACT,ROTATED_OR_FINISHED_LOG,X,X,0,,7720,0.007362,1,2026-06-16T13:14:22.096811+09:00,24.425,DELETE_OK,열린 핸들·활성 참조 없는 회전/실험 로그
exp_stage25_timeout_sweep/cw_rank1_timeout_0p0.log,file,LOG_ARTIFACT,ROTATED_OR_FINISHED_LOG,X,X,0,,7717,0.00736,1,2026-06-16T13:46:26.851363+09:00,24.403,DELETE_OK,열린 핸들·활성 참조 없는 회전/실험 로그
exp_stage25_cw_smoke/stage25_cw_limit1_train123.log,file,LOG_ARTIFACT,ROTATED_OR_FINISHED_LOG,X,X,0,,7709,0.007352,1,2026-06-16T12:56:34.191724+09:00,24.437,DELETE_OK,열린 핸들·활성 참조 없는 회전/실험 로그
exp_stage25_timeout_sweep/cw_rank1_timeout_0p5.log,file,LOG_ARTIFACT,ROTATED_OR_FINISHED_LOG,X,X,0,,7709,0.007352,1,2026-06-16T13:32:10.469897+09:00,24.413,DELETE_OK,열린 핸들·활성 참조 없는 회전/실험 로그
exp_stage25_timeout_sweep/cw_rank1_timeout_0p3.log,file,LOG_ARTIFACT,ROTATED_OR_FINISHED_LOG,X,X,0,,7698,0.007341,1,2026-06-16T13:39:45.061082+09:00,24.407,DELETE_OK,열린 핸들·활성 참조 없는 회전/실험 로그
exp_batch_stage23_smoke_actual/logs/CW_stage2.log,file,LOG_ARTIFACT,ROTATED_OR_FINISHED_LOG,X,X,0,,7637,0.007283,1,2026-06-16T07:14:52.167473+09:00,24.675,DELETE_OK,열린 핸들·활성 참조 없는 회전/실험 로그
data/logs/kingmaker.2026-06-20_00-00-12_534539.log.zip,file,UNREACHED_FILE,ROTATED_OR_FINISHED_LOG,X,X,0,,7623,0.00727,1,2026-06-20T09:21:23.203170+09:00,20.587,DELETE_OK,열린 핸들·활성 참조가 없는 압축 회전 로그
data/logs/kingmaker.2026-06-22_00-00-46_112186.log.zip,file,UNREACHED_FILE,ROTATED_OR_FINISHED_LOG,X,X,0,,7597,0.007245,1,2026-06-22T09:21:23.262843+09:00,18.587,DELETE_OK,열린 핸들·활성 참조가 없는 압축 회전 로그
data/logs/kingmaker.2026-07-04_00-45-13_591168.log.zip,file,UNREACHED_FILE,ROTATED_OR_FINISHED_LOG,X,X,0,,7548,0.007198,1,2026-07-04T19:17:54.596915+09:00,6.173,DELETE_OK,열린 핸들·활성 참조가 없는 압축 회전 로그
data/logs/kingmaker.2026-06-21_00-00-22_725929.log.zip,file,UNREACHED_FILE,ROTATED_OR_FINISHED_LOG,X,X,0,,7447,0.007102,1,2026-06-21T09:21:23.238493+09:00,19.587,DELETE_OK,열린 핸들·활성 참조가 없는 압축 회전 로그
exp_lasr_reverse_20260612_1856/run.log,file,LOG_ARTIFACT,ROTATED_OR_FINISHED_LOG,X,X,0,,7258,0.006922,1,2026-06-13T04:28:43.697465+09:00,27.79,DELETE_OK,열린 핸들·활성 참조 없는 회전/실험 로그
logs/stage2_hourly_telegram_20260611_185242.log,file,LOG_ARTIFACT,ROTATED_OR_FINISHED_LOG,X,X,0,,7108,0.006779,1,2026-06-17T02:01:38.802388+09:00,23.892,DELETE_OK,열린 핸들·활성 참조 없는 회전/실험 로그
data/logs/kingmaker.2026-06-19_00-00-50_347756.log.zip,file,UNREACHED_FILE,ROTATED_OR_FINISHED_LOG,X,X,0,,6956,0.006634,1,2026-06-19T09:21:23.207835+09:00,21.587,DELETE_OK,열린 핸들·활성 참조가 없는 압축 회전 로그
data/logs/kingmaker.2026-06-10_00-58-40_077074.log.zip,file,UNREACHED_FILE,ROTATED_OR_FINISHED_LOG,X,X,0,,6927,0.006606,1,2026-06-11T09:00:02.202612+09:00,29.602,DELETE_OK,열린 핸들·활성 참조가 없는 압축 회전 로그
exp_stage25_cw_smoke/stage25_cw_limit1.log,file,LOG_ARTIFACT,ROTATED_OR_FINISHED_LOG,X,X,0,,6509,0.006207,1,2026-06-16T12:07:15.785024+09:00,24.472,DELETE_OK,열린 핸들·활성 참조 없는 회전/실험 로그
logs/full_screening_wrapper.nohup.log,file,LOG_ARTIFACT,ROTATED_OR_FINISHED_LOG,X,X,0,,6285,0.005994,1,2026-06-03T06:32:25.072711+09:00,37.704,DELETE_OK,열린 핸들·활성 참조 없는 회전/실험 로그
data/logs/kingmaker.2026-07-05_00-45-13_634565.log.zip,file,UNREACHED_FILE,ROTATED_OR_FINISHED_LOG,X,X,0,,6191,0.005904,1,2026-07-05T20:44:11.514896+09:00,5.113,DELETE_OK,열린 핸들·활성 참조가 없는 압축 회전 로그
data/logs/kingmaker.2026-06-17_00-00-55_934407.log.zip,file,UNREACHED_FILE,ROTATED_OR_FINISHED_LOG,X,X,0,,5342,0.005095,1,2026-06-17T09:21:23.258175+09:00,23.587,DELETE_OK,열린 핸들·활성 참조가 없는 압축 회전 로그
exp_batch_stage23_smoke_bad/logs/CW_stage3.log,file,LOG_ARTIFACT,ROTATED_OR_FINISHED_LOG,X,X,0,,3808,0.003632,1,2026-06-16T07:30:12.660825+09:00,24.664,DELETE_OK,열린 핸들·활성 참조 없는 회전/실험 로그
data/logs/kingmaker.2026-07-06_00-00-33_370977.log.zip,file,UNREACHED_FILE,ROTATED_OR_FINISHED_LOG,X,X,0,,3634,0.003466,1,2026-07-06T09:45:13.530991+09:00,4.57,DELETE_OK,열린 핸들·활성 참조가 없는 압축 회전 로그
exp_batch_stage23_smoke_bad/logs/BADTICKER_DOES_NOT_EXIST_2026_stage3.log,file,LOG_ARTIFACT,ROTATED_OR_FINISHED_LOG,X,X,0,,3489,0.003327,1,2026-06-16T07:27:58.280066+09:00,24.666,DELETE_OK,열린 핸들·활성 참조 없는 회전/실험 로그
exp_batch_stage23_smoke_real/logs/CW_stage2.log,file,LOG_ARTIFACT,ROTATED_OR_FINISHED_LOG,X,X,0,,3225,0.003076,1,2026-06-16T07:20:15.662894+09:00,24.671,DELETE_OK,열린 핸들·활성 참조 없는 회전/실험 로그
exp_batch_stage23_smoke_3tickers/logs/ZZZZINVALID_stage3.log,file,LOG_ARTIFACT,ROTATED_OR_FINISHED_LOG,X,X,0,,3175,0.003028,1,2026-06-16T09:21:48.941830+09:00,24.587,DELETE_OK,열린 핸들·활성 참조 없는 회전/실험 로그
exp_batch_stage23_smoke_failure2/logs/ZZZZINVALID_stage3.log,file,LOG_ARTIFACT,ROTATED_OR_FINISHED_LOG,X,X,0,,3175,0.003028,1,2026-06-16T09:22:02.282806+09:00,24.586,DELETE_OK,열린 핸들·활성 참조 없는 회전/실험 로그
data/logs/kingmaker.2026-07-07_00-02-43_167745.log.zip,file,UNREACHED_FILE,ROTATED_OR_FINISHED_LOG,X,X,0,,3026,0.002886,1,2026-07-07T09:45:13.617277+09:00,3.57,DELETE_OK,열린 핸들·활성 참조가 없는 압축 회전 로그
logs/run_live_lr8d16_legacy_20260702_134004_chart_exit_tp_sl.log,file,LOG_ARTIFACT,ROTATED_OR_FINISHED_LOG,X,X,0,,2965,0.002828,1,2026-07-02T22:40:06.758669+09:00,8.032,DELETE_OK,열린 핸들·활성 참조 없는 회전/실험 로그
data/logs/kingmaker.2026-06-30_00-00-13_549672.log.zip,file,UNREACHED_FILE,ROTATED_OR_FINISHED_LOG,X,X,0,,2772,0.002644,1,2026-06-30T09:10:21.985889+09:00,10.594,DELETE_OK,열린 핸들·활성 참조가 없는 압축 회전 로그
logs/elite_shadow_trader_20260702_120006_regular_hours_gate.log,file,LOG_ARTIFACT,ROTATED_OR_FINISHED_LOG,X,X,0,,2551,0.002433,1,2026-07-02T21:39:16.766201+09:00,8.074,DELETE_OK,열린 핸들·활성 참조 없는 회전/실험 로그
data/logs/kingmaker.2026-06-13_00-10-34_813706.log.zip,file,UNREACHED_FILE,ROTATED_OR_FINISHED_LOG,X,X,0,,2259,0.002154,1,2026-06-13T09:21:23.266021+09:00,27.587,DELETE_OK,열린 핸들·활성 참조가 없는 압축 회전 로그
logs/full_screening_wrapper.log,file,LOG_ARTIFACT,ROTATED_OR_FINISHED_LOG,X,X,0,,2249,0.002145,1,2026-06-03T06:32:25.072711+09:00,37.704,DELETE_OK,열린 핸들·활성 참조 없는 회전/실험 로그
data/logs/kingmaker.2026-07-01_00-02-58_005678.log.zip,file,UNREACHED_FILE,ROTATED_OR_FINISHED_LOG,X,X,0,,2244,0.00214,1,2026-07-01T09:15:43.261703+09:00,9.591,DELETE_OK,열린 핸들·활성 참조가 없는 압축 회전 로그
exp_batch_stage23_smoke_failure/logs/CW_stage3.log,file,LOG_ARTIFACT,ROTATED_OR_FINISHED_LOG,X,X,0,,2111,0.002013,1,2026-06-16T09:21:21.175879+09:00,24.587,DELETE_OK,열린 핸들·활성 참조 없는 회전/실험 로그
data/logs/kingmaker.2026-06-16_00-00-14_402702.log.zip,file,UNREACHED_FILE,ROTATED_OR_FINISHED_LOG,X,X,0,,2057,0.001962,1,2026-06-16T09:21:23.168876+09:00,24.587,DELETE_OK,열린 핸들·활성 참조가 없는 압축 회전 로그
data/logs/kingmaker.2026-06-26_00-00-19_957112.log.zip,file,UNREACHED_FILE,ROTATED_OR_FINISHED_LOG,X,X,0,,2022,0.001928,1,2026-06-26T09:36:08.333575+09:00,14.577,DELETE_OK,열린 핸들·활성 참조가 없는 압축 회전 로그
exp_batch_stage23_smoke_actual/logs/CRWD_stage2.log,file,LOG_ARTIFACT,ROTATED_OR_FINISHED_LOG,X,X,0,,2007,0.001914,1,2026-06-16T07:15:09.083443+09:00,24.674,DELETE_OK,열린 핸들·활성 참조 없는 회전/실험 로그
exp_period_lockbox_audit_cw_stage2/run.log,file,LOG_ARTIFACT,ROTATED_OR_FINISHED_LOG,X,X,0,,1945,0.001855,1,2026-06-16T09:55:02.528241+09:00,24.563,DELETE_OK,열린 핸들·활성 참조 없는 회전/실험 로그
data/logs/kingmaker.2026-06-25_00-00-24_117114.log.zip,file,UNREACHED_FILE,ROTATED_OR_FINISHED_LOG,X,X,0,,1889,0.001801,1,2026-06-25T09:27:40.976117+09:00,15.582,DELETE_OK,열린 핸들·활성 참조가 없는 압축 회전 로그
exp_batch_stage23_smoke_3tickers/tickers/CRWD/stage2_retry2/run.log,file,LOG_ARTIFACT,ROTATED_OR_FINISHED_LOG,X,X,0,,1858,0.001772,1,2026-06-16T08:01:01.103513+09:00,24.643,DELETE_OK,열린 핸들·활성 참조 없는 회전/실험 로그
exp_batch_stage123_2009_20260616_smoke10/tickers/A/stage2/run.log,file,LOG_ARTIFACT,ROTATED_OR_FINISHED_LOG,X,X,0,,1853,0.001767,1,2026-06-17T01:58:01.904777+09:00,23.895,DELETE_OK,열린 핸들·활성 참조 없는 회전/실험 로그
exp_batch_stage23_smoke_3tickers/tickers/WELL/stage2/run.log,file,LOG_ARTIFACT,ROTATED_OR_FINISHED_LOG,X,X,0,,1849,0.001763,1,2026-06-16T08:17:48.882708+09:00,24.631,DELETE_OK,열린 핸들·활성 참조 없는 회전/실험 로그
exp_batch_CE_materials_retrain_20260708/tickers/CE/stage2/run.log,file,LOG_ARTIFACT,ROTATED_OR_FINISHED_LOG,X,X,0,,1847,0.001761,1,2026-07-09T08:03:32.857543+09:00,1.641,DELETE_OK,열린 핸들·활성 참조 없는 회전/실험 로그
exp_batch_stage23_smoke_3tickers/tickers/CW/stage2/run.log,file,LOG_ARTIFACT,ROTATED_OR_FINISHED_LOG,X,X,0,,1839,0.001754,1,2026-06-16T07:10:30.016942+09:00,24.678,DELETE_OK,열린 핸들·활성 참조 없는 회전/실험 로그
exp_batch_CE_multifeature_20260708/tickers/CE/stage2/run.log,file,LOG_ARTIFACT,ROTATED_OR_FINISHED_LOG,X,X,0,,1835,0.00175,1,2026-07-09T08:37:34.615888+09:00,1.617,DELETE_OK,열린 핸들·활성 참조 없는 회전/실험 로그
exp_batch_stage23_smoke_3/tickers/WELL/stage2/run.log,file,LOG_ARTIFACT,ROTATED_OR_FINISHED_LOG,X,X,0,,1835,0.00175,1,2026-06-16T06:07:56.306664+09:00,24.721,DELETE_OK,열린 핸들·활성 참조 없는 회전/실험 로그
exp_batch_stage23_smoke_3/tickers/CRWD/stage2/run.log,file,LOG_ARTIFACT,ROTATED_OR_FINISHED_LOG,X,X,0,,1830,0.001745,1,2026-06-16T05:51:13.748458+09:00,24.733,DELETE_OK,열린 핸들·활성 참조 없는 회전/실험 로그
exp_batch_stage23_smoke_3/tickers/CW/stage2/run.log,file,LOG_ARTIFACT,ROTATED_OR_FINISHED_LOG,X,X,0,,1825,0.00174,1,2026-06-16T05:28:50.140860+09:00,24.748,DELETE_OK,열린 핸들·활성 참조 없는 회전/실험 로그
exp_period_lockbox_audit_cw_stage3_validate.wrapper.log,file,LOG_ARTIFACT,ROTATED_OR_FINISHED_LOG,X,X,0,,1633,0.001557,1,2026-06-16T09:57:30.401976+09:00,24.562,DELETE_OK,열린 핸들·활성 참조 없는 회전/실험 로그
exp_batch_stage23_smoke_dryrun2.log,file,LOG_ARTIFACT,ROTATED_OR_FINISHED_LOG,X,X,0,,1618,0.001543,1,2026-06-16T07:27:41.989095+09:00,24.666,DELETE_OK,열린 핸들·활성 참조 없는 회전/실험 로그
exp_well_stage3_20260613_0001/validate_profile_run.log,file,LOG_ARTIFACT,ROTATED_OR_FINISHED_LOG,X,X,0,,1603,0.001529,1,2026-06-14T09:07:05.095781+09:00,26.597,DELETE_OK,열린 핸들·활성 참조 없는 회전/실험 로그
logs/notify_diag_20260616_smoke.log,file,LOG_ARTIFACT,ROTATED_OR_FINISHED_LOG,X,X,0,,1506,0.001436,1,2026-06-17T03:05:55.504501+09:00,23.848,DELETE_OK,열린 핸들·활성 참조 없는 회전/실험 로그
exp_crwd_stage3_20260613_0001/validate_run.log,file,LOG_ARTIFACT,ROTATED_OR_FINISHED_LOG,X,X,0,,1181,0.001126,1,2026-06-13T19:19:50.592711+09:00,27.171,DELETE_OK,열린 핸들·활성 참조 없는 회전/실험 로그
exp_crwd_stage3_20260613_0001/validate_profile_run.log,file,LOG_ARTIFACT,ROTATED_OR_FINISHED_LOG,X,X,0,,1169,0.001115,1,2026-06-14T05:27:52.051335+09:00,26.749,DELETE_OK,열린 핸들·활성 참조 없는 회전/실험 로그
exp_cw_stage3_20260613_0001/validate_profile_run.log,file,LOG_ARTIFACT,ROTATED_OR_FINISHED_LOG,X,X,0,,1155,0.001101,1,2026-06-14T05:27:00.410428+09:00,26.75,DELETE_OK,열린 핸들·활성 참조 없는 회전/실험 로그
exp_cw_stage3_20260613_0001/validate_run.log,file,LOG_ARTIFACT,ROTATED_OR_FINISHED_LOG,X,X,0,,1155,0.001101,1,2026-06-14T01:38:04.544050+09:00,26.909,DELETE_OK,열린 핸들·활성 참조 없는 회전/실험 로그
data/logs/kingmaker.2026-07-08_00-16-29_411799.log.zip,file,UNREACHED_FILE,ROTATED_OR_FINISHED_LOG,X,X,0,,1097,0.001046,1,2026-07-08T09:25:12.914513+09:00,2.584,DELETE_OK,열린 핸들·활성 참조가 없는 압축 회전 로그
data/logs/kingmaker.2026-07-05_00-01-39_500424.log.zip,file,UNREACHED_FILE,ROTATED_OR_FINISHED_LOG,X,X,0,,1047,0.000998,1,2026-07-05T09:45:13.600715+09:00,5.57,DELETE_OK,열린 핸들·활성 참조가 없는 압축 회전 로그
data/logs/kingmaker.2026-07-04_00-03-41_824038.log.zip,file,UNREACHED_FILE,ROTATED_OR_FINISHED_LOG,X,X,0,,1004,0.000957,1,2026-07-04T09:45:13.583475+09:00,6.57,DELETE_OK,열린 핸들·활성 참조가 없는 압축 회전 로그
data/logs/kingmaker.2026-07-01_00-15-43_266304.log.zip,file,UNREACHED_FILE,ROTATED_OR_FINISHED_LOG,X,X,0,,938,0.000895,1,2026-07-01T22:02:00.673417+09:00,9.059,DELETE_OK,열린 핸들·활성 참조가 없는 압축 회전 로그
data/logs/kingmaker.2026-07-02_00-00-32_061804.log.zip,file,UNREACHED_FILE,ROTATED_OR_FINISHED_LOG,X,X,0,,929,0.000886,1,2026-07-02T09:15:43.549091+09:00,8.591,DELETE_OK,열린 핸들·활성 참조가 없는 압축 회전 로그
data/logs/kingmaker.2026-07-03_00-00-58_644286.log.zip,file,UNREACHED_FILE,ROTATED_OR_FINISHED_LOG,X,X,0,,925,0.000882,1,2026-07-03T09:45:13.538229+09:00,7.57,DELETE_OK,열린 핸들·활성 참조가 없는 압축 회전 로그
data/logs/kingmaker.2026-06-27_00-02-06_982964.log.zip,file,UNREACHED_FILE,ROTATED_OR_FINISHED_LOG,X,X,0,,864,0.000824,1,2026-06-27T09:28:33.252754+09:00,13.582,DELETE_OK,열린 핸들·활성 참조가 없는 압축 회전 로그
data/logs/kingmaker.2026-07-04_00-00-36_476482.log.zip,file,UNREACHED_FILE,ROTATED_OR_FINISHED_LOG,X,X,0,,833,0.000794,1,2026-07-04T09:03:41.819940+09:00,6.599,DELETE_OK,열린 핸들·활성 참조가 없는 압축 회전 로그
exp_batch_stage23_smoke_3tickers.resume.log,file,LOG_ARTIFACT,ROTATED_OR_FINISHED_LOG,X,X,0,,827,0.000789,1,2026-06-16T07:20:41.927847+09:00,24.671,DELETE_OK,열린 핸들·활성 참조 없는 회전/실험 로그
exp_batch_stage123_2009_20260616_smoke10/tickers/AA/stage2/run.log,file,LOG_ARTIFACT,ROTATED_OR_FINISHED_LOG,X,X,0,,658,0.000628,1,2026-06-17T02:12:58.956172+09:00,23.884,DELETE_OK,열린 핸들·활성 참조 없는 회전/실험 로그
data/logs/kingmaker.2026-07-05_00-00-16_854417.log.zip,file,UNREACHED_FILE,ROTATED_OR_FINISHED_LOG,X,X,0,,650,0.00062,1,2026-07-05T09:01:39.483396+09:00,5.601,DELETE_OK,열린 핸들·활성 참조가 없는 압축 회전 로그
data/logs/kingmaker.2026-07-03_00-45-13_544955.log.zip,file,UNREACHED_FILE,ROTATED_OR_FINISHED_LOG,X,X,0,,629,0.0006,1,2026-07-03T13:00:16.729270+09:00,7.435,DELETE_OK,열린 핸들·활성 참조가 없는 압축 회전 로그
data/logs/kingmaker.2026-06-14_00-06-16_651351.log.zip,file,UNREACHED_FILE,ROTATED_OR_FINISHED_LOG,X,X,0,,555,0.000529,1,2026-06-14T09:21:23.160244+09:00,26.587,DELETE_OK,열린 핸들·활성 참조가 없는 압축 회전 로그
exp_batch_stage23_smoke_3tickers/tickers/CRWD/stage2/run.log,file,LOG_ARTIFACT,ROTATED_OR_FINISHED_LOG,X,X,0,,477,0.000455,1,2026-06-16T07:18:36.827071+09:00,24.672,DELETE_OK,열린 핸들·활성 참조 없는 회전/실험 로그
exp_batch_stage23_smoke_actual/tickers/CW/stage2/run.log,file,LOG_ARTIFACT,ROTATED_OR_FINISHED_LOG,X,X,0,,470,0.000448,1,2026-06-16T07:13:56.853572+09:00,24.675,DELETE_OK,열린 핸들·활성 참조 없는 회전/실험 로그
data/logs/kingmaker.2026-07-06_00-00-21_524794.log.zip,file,UNREACHED_FILE,ROTATED_OR_FINISHED_LOG,X,X,0,,461,0.00044,1,2026-07-06T09:00:32.336794+09:00,4.601,DELETE_OK,열린 핸들·활성 참조가 없는 압축 회전 로그
data/logs/kingmaker.2026-07-07_00-00-44_172232.log.zip,file,UNREACHED_FILE,ROTATED_OR_FINISHED_LOG,X,X,0,,424,0.000404,1,2026-07-07T09:02:43.163882+09:00,3.6,DELETE_OK,열린 핸들·활성 참조가 없는 압축 회전 로그
data/logs/kingmaker.2026-07-01_00-00-16_594388.log.zip,file,UNREACHED_FILE,ROTATED_OR_FINISHED_LOG,X,X,0,,422,0.000402,1,2026-07-01T09:00:17.496360+09:00,9.601,DELETE_OK,열린 핸들·활성 참조가 없는 압축 회전 로그
data/logs/kingmaker.2026-06-27_00-00-22_705410.log.zip,file,UNREACHED_FILE,ROTATED_OR_FINISHED_LOG,X,X,0,,421,0.000401,1,2026-06-27T09:00:24.989777+09:00,13.601,DELETE_OK,열린 핸들·활성 참조가 없는 압축 회전 로그
data/logs/kingmaker.2026-07-06_00-00-03_269344.log.zip,file,UNREACHED_FILE,ROTATED_OR_FINISHED_LOG,X,X,0,,417,0.000398,1,2026-07-06T09:00:16.097823+09:00,4.601,DELETE_OK,열린 핸들·활성 참조가 없는 압축 회전 로그
data/logs/kingmaker.2026-07-02_00-00-12_354481.log.zip,file,UNREACHED_FILE,ROTATED_OR_FINISHED_LOG,X,X,0,,396,0.000378,1,2026-07-02T09:00:13.943755+09:00,8.601,DELETE_OK,열린 핸들·활성 참조가 없는 압축 회전 로그
data/logs/kingmaker.2026-07-02_00-00-23_150277.log.zip,file,UNREACHED_FILE,ROTATED_OR_FINISHED_LOG,X,X,0,,388,0.00037,1,2026-07-02T09:00:32.056722+09:00,8.601,DELETE_OK,열린 핸들·활성 참조가 없는 압축 회전 로그
logs/api_server_aftermarket_20260707_122947_slot_manual_display.log,file,LOG_ARTIFACT,ROTATED_OR_FINISHED_LOG,X,X,0,,374,0.000357,1,2026-07-07T21:29:50.943546+09:00,3.081,DELETE_OK,열린 핸들·활성 참조 없는 회전/실험 로그
logs/stage2_hourly_telegram_20260611_185222.log,file,LOG_ARTIFACT,ROTATED_OR_FINISHED_LOG,X,X,0,,369,0.000352,1,2026-06-12T03:52:22.489748+09:00,28.815,DELETE_OK,열린 핸들·활성 참조 없는 회전/실험 로그
data/logs/kingmaker.2026-06-27_00-00-27_969330.log.zip,file,UNREACHED_FILE,ROTATED_OR_FINISHED_LOG,X,X,0,,366,0.000349,1,2026-06-27T09:02:05.964596+09:00,13.6,DELETE_OK,열린 핸들·활성 참조가 없는 압축 회전 로그
data/logs/kingmaker.2026-07-01_00-00-01_769707.log.zip,file,UNREACHED_FILE,ROTATED_OR_FINISHED_LOG,X,X,0,,349,0.000333,1,2026-07-01T09:00:04.860382+09:00,9.602,DELETE_OK,열린 핸들·활성 참조가 없는 압축 회전 로그
data/logs/kingmaker.2026-07-03_00-00-03_128268.log.zip,file,UNREACHED_FILE,ROTATED_OR_FINISHED_LOG,X,X,0,,349,0.000333,1,2026-07-03T09:00:04.536079+09:00,7.602,DELETE_OK,열린 핸들·활성 참조가 없는 압축 회전 로그
data/logs/kingmaker.2026-07-01_00-00-30_367023.log.zip,file,UNREACHED_FILE,ROTATED_OR_FINISHED_LOG,X,X,0,,335,0.000319,1,2026-07-01T09:02:57.978072+09:00,9.6,DELETE_OK,열린 핸들·활성 참조가 없는 압축 회전 로그
data/logs/kingmaker.2026-07-07_00-00-14_924080.log.zip,file,UNREACHED_FILE,ROTATED_OR_FINISHED_LOG,X,X,0,,324,0.000309,1,2026-07-07T09:00:44.168095+09:00,3.601,DELETE_OK,열린 핸들·활성 참조가 없는 압축 회전 로그
data/logs/kingmaker.2026-06-25_00-00-16_964624.log.zip,file,UNREACHED_FILE,ROTATED_OR_FINISHED_LOG,X,X,0,,323,0.000308,1,2026-06-25T09:00:22.180050+09:00,15.601,DELETE_OK,열린 핸들·활성 참조가 없는 압축 회전 로그
data/logs/kingmaker.2026-07-04_00-00-21_005825.log.zip,file,UNREACHED_FILE,ROTATED_OR_FINISHED_LOG,X,X,0,,315,0.0003,1,2026-07-04T09:00:36.468272+09:00,6.601,DELETE_OK,열린 핸들·활성 참조가 없는 압축 회전 로그
data/logs/kingmaker.2026-07-03_00-00-13_342505.log.zip,file,UNREACHED_FILE,ROTATED_OR_FINISHED_LOG,X,X,0,,313,0.000299,1,2026-07-03T09:00:29.428035+09:00,7.601,DELETE_OK,열린 핸들·활성 참조가 없는 압축 회전 로그
data/logs/kingmaker.2026-07-02_00-00-08_152237.log.zip,file,UNREACHED_FILE,ROTATED_OR_FINISHED_LOG,X,X,0,,311,0.000297,1,2026-07-02T09:00:11.334759+09:00,8.602,DELETE_OK,열린 핸들·활성 참조가 없는 압축 회전 로그
exp_batch_stage23_smoke_3tickers.final.log,file,LOG_ARTIFACT,ROTATED_OR_FINISHED_LOG,X,X,0,,308,0.000294,1,2026-06-16T09:20:17.302994+09:00,24.588,DELETE_OK,열린 핸들·활성 참조 없는 회전/실험 로그
exp_batch_stage23_smoke_skip_final.wrapper.log,file,LOG_ARTIFACT,ROTATED_OR_FINISHED_LOG,X,X,0,,308,0.000294,1,2026-06-16T09:21:55.304818+09:00,24.586,DELETE_OK,열린 핸들·활성 참조 없는 회전/실험 로그
exp_batch_stage23_smoke_3tickers/tickers/CRWD/stage2_retry1/run.log,file,LOG_ARTIFACT,ROTATED_OR_FINISHED_LOG,X,X,0,,307,0.000293,1,2026-06-16T07:30:08.860832+09:00,24.664,DELETE_OK,열린 핸들·활성 참조 없는 회전/실험 로그
data/logs/kingmaker.2026-06-24_00-00-14_769728.log.zip,file,UNREACHED_FILE,ROTATED_OR_FINISHED_LOG,X,X,0,,301,0.000287,1,2026-06-24T09:00:20.135719+09:00,16.601,DELETE_OK,열린 핸들·활성 참조가 없는 압축 회전 로그
data/logs/kingmaker.2026-06-17_00-00-18_143891.log.zip,file,UNREACHED_FILE,ROTATED_OR_FINISHED_LOG,X,X,0,,298,0.000284,1,2026-06-17T09:00:18.547440+09:00,23.601,DELETE_OK,열린 핸들·활성 참조가 없는 압축 회전 로그
data/logs/kingmaker.2026-06-30_00-00-10_645638.log.zip,file,UNREACHED_FILE,ROTATED_OR_FINISHED_LOG,X,X,0,,298,0.000284,1,2026-06-30T09:00:11.448994+09:00,10.602,DELETE_OK,열린 핸들·활성 참조가 없는 압축 회전 로그
exp_batch_stage23_smoke_actual/tickers/CRWD/stage2/run.log,file,LOG_ARTIFACT,ROTATED_OR_FINISHED_LOG,X,X,0,,298,0.000284,1,2026-06-16T07:14:55.670467+09:00,24.675,DELETE_OK,열린 핸들·활성 참조 없는 회전/실험 로그
exp_batch_stage23_smoke_real/tickers/CW/stage2/run.log,file,LOG_ARTIFACT,ROTATED_OR_FINISHED_LOG,X,X,0,,292,0.000278,1,2026-06-16T07:18:56.785036+09:00,24.672,DELETE_OK,열린 핸들·활성 참조 없는 회전/실험 로그
data/logs/kingmaker.2026-06-30_00-00-11_457140.log.zip,file,UNREACHED_FILE,ROTATED_OR_FINISHED_LOG,X,X,0,,279,0.000266,1,2026-06-30T09:00:12.252993+09:00,10.602,DELETE_OK,열린 핸들·활성 참조가 없는 압축 회전 로그
data/logs/kingmaker.2026-07-01_00-00-17_525862.log.zip,file,UNREACHED_FILE,ROTATED_OR_FINISHED_LOG,X,X,0,,279,0.000266,1,2026-07-01T09:00:22.157351+09:00,9.601,DELETE_OK,열린 핸들·활성 참조가 없는 압축 회전 로그
data/logs/kingmaker.2026-07-06_00-00-20_802238.log.zip,file,UNREACHED_FILE,ROTATED_OR_FINISHED_LOG,X,X,0,,279,0.000266,1,2026-07-06T09:00:21.517813+09:00,4.601,DELETE_OK,열린 핸들·활성 참조가 없는 압축 회전 로그
data/logs/kingmaker.2026-07-01_00-00-12_338321.log.zip,file,UNREACHED_FILE,ROTATED_OR_FINISHED_LOG,X,X,0,,278,0.000265,1,2026-07-01T09:00:16.588361+09:00,9.601,DELETE_OK,열린 핸들·활성 참조가 없는 압축 회전 로그
data/logs/kingmaker.2026-07-02_00-00-11_337836.log.zip,file,UNREACHED_FILE,ROTATED_OR_FINISHED_LOG,X,X,0,,278,0.000265,1,2026-07-02T09:00:12.345758+09:00,8.602,DELETE_OK,열린 핸들·활성 참조가 없는 압축 회전 로그
data/logs/kingmaker.2026-07-02_00-00-20_849018.log.zip,file,UNREACHED_FILE,ROTATED_OR_FINISHED_LOG,X,X,0,,278,0.000265,1,2026-07-02T09:00:23.136739+09:00,8.601,DELETE_OK,열린 핸들·활성 참조가 없는 압축 회전 로그
data/logs/kingmaker.2026-07-03_00-00-29_451284.log.zip,file,UNREACHED_FILE,ROTATED_OR_FINISHED_LOG,X,X,0,,278,0.000265,1,2026-07-03T09:00:35.902023+09:00,7.601,DELETE_OK,열린 핸들·활성 참조가 없는 압축 회전 로그
data/logs/kingmaker.2026-07-03_00-00-36_352208.log.zip,file,UNREACHED_FILE,ROTATED_OR_FINISHED_LOG,X,X,0,,278,0.000265,1,2026-07-03T09:00:58.639982+09:00,7.601,DELETE_OK,열린 핸들·활성 참조가 없는 압축 회전 로그
data/logs/kingmaker.2026-07-05_00-00-02_370111.log.zip,file,UNREACHED_FILE,ROTATED_OR_FINISHED_LOG,X,X,0,,278,0.000265,1,2026-07-05T09:00:07.437561+09:00,5.602,DELETE_OK,열린 핸들·활성 참조가 없는 압축 회전 로그
data/logs/kingmaker.2026-07-05_00-00-16_488938.log.zip,file,UNREACHED_FILE,ROTATED_OR_FINISHED_LOG,X,X,0,,278,0.000265,1,2026-07-05T09:00:16.846544+09:00,5.601,DELETE_OK,열린 핸들·활성 참조가 없는 압축 회전 로그
data/logs/kingmaker.2026-07-06_00-00-16_346766.log.zip,file,UNREACHED_FILE,ROTATED_OR_FINISHED_LOG,X,X,0,,278,0.000265,1,2026-07-06T09:00:20.797815+09:00,4.601,DELETE_OK,열린 핸들·활성 참조가 없는 압축 회전 로그
data/logs/kingmaker.2026-06-17_00-00-16_184444.log.zip,file,UNREACHED_FILE,ROTATED_OR_FINISHED_LOG,X,X,0,,277,0.000264,1,2026-06-17T09:00:16.690444+09:00,23.601,DELETE_OK,열린 핸들·활성 참조가 없는 압축 회전 로그
data/logs/kingmaker.2026-07-04_00-00-11_340131.log.zip,file,UNREACHED_FILE,ROTATED_OR_FINISHED_LOG,X,X,0,,277,0.000264,1,2026-07-04T09:00:13.221314+09:00,6.602,DELETE_OK,열린 핸들·활성 참조가 없는 압축 회전 로그
data/logs/kingmaker.2026-07-04_00-00-13_341507.log.zip,file,UNREACHED_FILE,ROTATED_OR_FINISHED_LOG,X,X,0,,277,0.000264,1,2026-07-04T09:00:20.950300+09:00,6.601,DELETE_OK,열린 핸들·활성 참조가 없는 압축 회전 로그
data/logs/kingmaker.2026-07-05_00-00-09_847550.log.zip,file,UNREACHED_FILE,ROTATED_OR_FINISHED_LOG,X,X,0,,277,0.000264,1,2026-07-05T09:00:12.277552+09:00,5.602,DELETE_OK,열린 핸들·활성 참조가 없는 압축 회전 로그
exp_algt_stage2_20260704_0001/run.log,file,LOG_ARTIFACT,ROTATED_OR_FINISHED_LOG,X,X,0,,277,0.000264,1,2026-07-04T22:05:19.320922+09:00,6.056,DELETE_OK,열린 핸들·활성 참조 없는 회전/실험 로그
data/logs/kingmaker.2026-07-05_00-00-12_284623.log.zip,file,UNREACHED_FILE,ROTATED_OR_FINISHED_LOG,X,X,0,,276,0.000263,1,2026-07-05T09:00:12.329552+09:00,5.602,DELETE_OK,열린 핸들·활성 참조가 없는 압축 회전 로그
data/logs/kingmaker.2026-07-06_00-00-16_105644.log.zip,file,UNREACHED_FILE,ROTATED_OR_FINISHED_LOG,X,X,0,,276,0.000263,1,2026-07-06T09:00:16.343823+09:00,4.601,DELETE_OK,열린 핸들·활성 참조가 없는 압축 회전 로그
data/logs/kingmaker.2026-07-06_00-00-32_339709.log.zip,file,UNREACHED_FILE,ROTATED_OR_FINISHED_LOG,X,X,0,,276,0.000263,1,2026-07-06T09:00:33.363792+09:00,4.601,DELETE_OK,열린 핸들·활성 참조가 없는 압축 회전 로그
data/logs/kingmaker.2026-06-19_00-00-16_185104.log.zip,file,UNREACHED_FILE,ROTATED_OR_FINISHED_LOG,X,X,0,,275,0.000262,1,2026-06-19T09:00:16.551103+09:00,21.601,DELETE_OK,열린 핸들·활성 참조가 없는 압축 회전 로그
data/logs/kingmaker.2026-07-01_00-00-05_060211.log.zip,file,UNREACHED_FILE,ROTATED_OR_FINISHED_LOG,X,X,0,,275,0.000262,1,2026-07-01T09:00:12.014369+09:00,9.602,DELETE_OK,열린 핸들·활성 참조가 없는 압축 회전 로그
data/logs/kingmaker.2026-07-01_00-00-22_340517.log.zip,file,UNREACHED_FILE,ROTATED_OR_FINISHED_LOG,X,X,0,,275,0.000262,1,2026-07-01T09:00:30.206337+09:00,9.601,DELETE_OK,열린 핸들·활성 참조가 없는 압축 회전 로그
data/logs/kingmaker.2026-07-02_00-00-13_947074.log.zip,file,UNREACHED_FILE,ROTATED_OR_FINISHED_LOG,X,X,0,,275,0.000262,1,2026-07-02T09:00:20.842743+09:00,8.601,DELETE_OK,열린 핸들·활성 참조가 없는 압축 회전 로그
data/logs/kingmaker.2026-07-03_00-00-04_545550.log.zip,file,UNREACHED_FILE,ROTATED_OR_FINISHED_LOG,X,X,0,,275,0.000262,1,2026-07-03T09:00:08.816072+09:00,7.602,DELETE_OK,열린 핸들·활성 참조가 없는 압축 회전 로그
data/logs/kingmaker.2026-07-04_00-00-06_341182.log.zip,file,UNREACHED_FILE,ROTATED_OR_FINISHED_LOG,X,X,0,,275,0.000262,1,2026-07-04T09:00:09.879320+09:00,6.602,DELETE_OK,열린 핸들·활성 참조가 없는 압축 회전 로그
data/logs/kingmaker.2026-07-05_00-00-07_441123.log.zip,file,UNREACHED_FILE,ROTATED_OR_FINISHED_LOG,X,X,0,,275,0.000262,1,2026-07-05T09:00:09.839557+09:00,5.602,DELETE_OK,열린 핸들·활성 참조가 없는 압축 회전 로그
data/logs/kingmaker.2026-07-05_00-00-12_383324.log.zip,file,UNREACHED_FILE,ROTATED_OR_FINISHED_LOG,X,X,0,,275,0.000262,1,2026-07-05T09:00:16.484545+09:00,5.601,DELETE_OK,열린 핸들·활성 참조가 없는 압축 회전 로그
data/logs/kingmaker.2026-07-03_00-00-08_831104.log.zip,file,UNREACHED_FILE,ROTATED_OR_FINISHED_LOG,X,X,0,,274,0.000261,1,2026-07-03T09:00:12.966064+09:00,7.602,DELETE_OK,열린 핸들·활성 참조가 없는 압축 회전 로그
data/logs/kingmaker.2026-07-05_00-00-01_218033.log.zip,file,UNREACHED_FILE,ROTATED_OR_FINISHED_LOG,X,X,0,,274,0.000261,1,2026-07-05T09:00:02.359570+09:00,5.602,DELETE_OK,열린 핸들·활성 참조가 없는 압축 회전 로그
data/logs/error.2026-05-24_23-56-58_958135.log.zip,file,UNREACHED_FILE,ROTATED_OR_FINISHED_LOG,X,X,0,,246,0.000235,1,2026-05-27T01:27:42.635775+09:00,44.916,DELETE_OK,열린 핸들·활성 참조가 없는 압축 회전 로그
logs/dashboard_http_server_20260707_122149_compat_8002.log,file,LOG_ARTIFACT,ROTATED_OR_FINISHED_LOG,X,X,0,,232,0.000221,1,2026-07-07T21:21:51.992404+09:00,3.086,DELETE_OK,열린 핸들·활성 참조 없는 회전/실험 로그
exp_batch_stage23_smoke_invalid.wrapper.log,file,LOG_ARTIFACT,ROTATED_OR_FINISHED_LOG,X,X,0,,221,0.000211,1,2026-06-16T09:21:49.103829+09:00,24.587,DELETE_OK,열린 핸들·활성 참조 없는 회전/실험 로그
exp_batch_stage23_smoke_failure2.wrapper.log,file,LOG_ARTIFACT,ROTATED_OR_FINISHED_LOG,X,X,0,,165,0.000157,1,2026-06-16T09:22:02.417806+09:00,24.586,DELETE_OK,열린 핸들·활성 참조 없는 회전/실험 로그
exp_batch_stage23_smoke_3tickers.detached2.log,file,LOG_ARTIFACT,ROTATED_OR_FINISHED_LOG,X,X,0,,129,0.000123,1,2026-06-16T09:19:02.167128+09:00,24.588,DELETE_OK,열린 핸들·활성 참조 없는 회전/실험 로그
logs/stage2_hourly_telegram_20260611_185159.log,file,LOG_ARTIFACT,ROTATED_OR_FINISHED_LOG,X,X,0,,112,0.000107,1,2026-06-12T03:52:00.523769+09:00,28.816,DELETE_OK,열린 핸들·활성 참조 없는 회전/실험 로그
exp_batch_stage23_smoke_3.wrapper.log,file,LOG_ARTIFACT,ROTATED_OR_FINISHED_LOG,X,X,0,,98,9.3e-05,1,2026-06-16T07:09:31.283047+09:00,24.678,DELETE_OK,열린 핸들·활성 참조 없는 회전/실험 로그
exp_batch_stage23_smoke_3tickers.detached.log,file,LOG_ARTIFACT,ROTATED_OR_FINISHED_LOG,X,X,0,,85,8.1e-05,1,2026-06-16T07:35:57.521207+09:00,24.66,DELETE_OK,열린 핸들·활성 참조 없는 회전/실험 로그
exp_batch_stage23_smoke_bad.log,file,LOG_ARTIFACT,ROTATED_OR_FINISHED_LOG,X,X,0,,73,7e-05,1,2026-06-16T07:27:58.430066+09:00,24.666,DELETE_OK,열린 핸들·활성 참조 없는 회전/실험 로그
logs/stage123_smoke10_20260616.log,file,LOG_ARTIFACT,ROTATED_OR_FINISHED_LOG,X,X,0,,49,4.7e-05,1,2026-06-17T02:14:59.011957+09:00,23.883,DELETE_OK,열린 핸들·활성 참조 없는 회전/실험 로그
exp_batch_stage23_smoke_3tickers.wrapper.log,file,LOG_ARTIFACT,ROTATED_OR_FINISHED_LOG,X,X,0,,0,0.0,1,2026-06-16T06:59:04.414169+09:00,24.686,DELETE_OK,열린 핸들·활성 참조 없는 회전/실험 로그
exp_batch_stage23_smoke_3tickers/actual.wrapper.log,file,LOG_ARTIFACT,ROTATED_OR_FINISHED_LOG,X,X,0,,0,0.0,1,2026-06-16T07:10:24.128953+09:00,24.678,DELETE_OK,열린 핸들·활성 참조 없는 회전/실험 로그
exp_batch_stage23_smoke_failure.wrapper.log,file,LOG_ARTIFACT,ROTATED_OR_FINISHED_LOG,X,X,0,,0,0.0,1,2026-06-16T09:20:34.810962+09:00,24.587,DELETE_OK,열린 핸들·활성 참조 없는 회전/실험 로그
exp_batch_stage23_smoke_real.wrapper.log,file,LOG_ARTIFACT,ROTATED_OR_FINISHED_LOG,X,X,0,,0,0.0,1,2026-06-16T07:18:55.330038+09:00,24.672,DELETE_OK,열린 핸들·활성 참조 없는 회전/실험 로그
data/_system/bulk_worker_NVDA_cutoff.pid,file,LOCK_OR_PID_ARTIFACT,STALE_LOCK_OR_PID,X,X,0,,7,7e-06,1,2026-06-02T22:03:16.322427+09:00,38.058,DELETE_OK,실행 PID·열린 핸들·활성 참조 없음
data/_system/diagnostic_notifier.pid,file,LOCK_OR_PID_ARTIFACT,STALE_LOCK_OR_PID,X,X,0,,7,7e-06,1,2026-06-03T21:03:55.967539+09:00,37.099,DELETE_OK,실행 PID·열린 핸들·활성 참조 없음
data/_system/full_screening.pid,file,LOCK_OR_PID_ARTIFACT,STALE_LOCK_OR_PID,X,X,0,,7,7e-06,1,2026-06-03T04:25:24.824879+09:00,37.792,DELETE_OK,실행 PID·열린 핸들·활성 참조 없음
data/_system/ticker_sentiment_update_batch1.pid,file,LOCK_OR_PID_ARTIFACT,STALE_LOCK_OR_PID,X,X,0,,7,7e-06,1,2026-06-02T23:59:10.742896+09:00,37.977,DELETE_OK,실행 PID·열린 핸들·활성 참조 없음
data/_system/true_wf_member_GE.pid,file,LOCK_OR_PID_ARTIFACT,STALE_LOCK_OR_PID,X,X,0,,7,7e-06,1,2026-06-03T21:32:11.879943+09:00,37.079,DELETE_OK,실행 PID·열린 핸들·활성 참조 없음
data/_system/true_wf_member_contrast.pid,file,LOCK_OR_PID_ARTIFACT,STALE_LOCK_OR_PID,X,X,0,,7,7e-06,1,2026-06-03T22:23:57.703024+09:00,37.043,DELETE_OK,실행 PID·열린 핸들·활성 참조 없음
data/_system/true_wf_pos_rest8_BLK.pid,file,LOCK_OR_PID_ARTIFACT,STALE_LOCK_OR_PID,X,X,0,,7,7e-06,1,2026-06-03T02:33:43.775178+09:00,37.87,DELETE_OK,실행 PID·열린 핸들·활성 참조 없음
data/_system/true_wf_pos_rest8_CSCO.pid,file,LOCK_OR_PID_ARTIFACT,STALE_LOCK_OR_PID,X,X,0,,7,7e-06,1,2026-06-03T02:33:07.069213+09:00,37.87,DELETE_OK,실행 PID·열린 핸들·활성 참조 없음
data/_system/true_wf_pos_rest8_F.pid,file,LOCK_OR_PID_ARTIFACT,STALE_LOCK_OR_PID,X,X,0,,7,7e-06,1,2026-06-03T02:33:23.256197+09:00,37.87,DELETE_OK,실행 PID·열린 핸들·활성 참조 없음
data/_system/true_wf_pos_rest8_GM.pid,file,LOCK_OR_PID_ARTIFACT,STALE_LOCK_OR_PID,X,X,0,,7,7e-06,1,2026-06-03T02:33:28.786192+09:00,37.87,DELETE_OK,실행 PID·열린 핸들·활성 참조 없음
data/_system/true_wf_pos_rest8_GS.pid,file,LOCK_OR_PID_ARTIFACT,STALE_LOCK_OR_PID,X,X,0,,7,7e-06,1,2026-06-03T02:33:16.113204+09:00,37.87,DELETE_OK,실행 PID·열린 핸들·활성 참조 없음
data/_system/true_wf_pos_rest8_MAR.pid,file,LOCK_OR_PID_ARTIFACT,STALE_LOCK_OR_PID,X,X,0,,7,7e-06,1,2026-06-03T02:33:48.344174+09:00,37.87,DELETE_OK,실행 PID·열린 핸들·활성 참조 없음
data/_system/true_wf_pos_rest8_T.pid,file,LOCK_OR_PID_ARTIFACT,STALE_LOCK_OR_PID,X,X,0,,7,7e-06,1,2026-06-03T02:33:37.755184+09:00,37.87,DELETE_OK,실행 PID·열린 핸들·활성 참조 없음
data/_system/true_wf_pos_rest8_WFC.pid,file,LOCK_OR_PID_ARTIFACT,STALE_LOCK_OR_PID,X,X,0,,7,7e-06,1,2026-06-03T02:33:00.016219+09:00,37.87,DELETE_OK,실행 PID·열린 핸들·활성 참조 없음
data/_system/true_wf_pos_rest8_notify.pid,file,LOCK_OR_PID_ARTIFACT,STALE_LOCK_OR_PID,X,X,0,,7,7e-06,1,2026-06-03T02:35:54.626055+09:00,37.868,DELETE_OK,실행 PID·열린 핸들·활성 참조 없음
data/_system/true_wf_pos_top8_C.pid,file,LOCK_OR_PID_ARTIFACT,STALE_LOCK_OR_PID,X,X,0,,7,7e-06,1,2026-06-03T02:10:22.612496+09:00,37.886,DELETE_OK,실행 PID·열린 핸들·활성 참조 없음
data/_system/true_wf_pos_top8_DAL.pid,file,LOCK_OR_PID_ARTIFACT,STALE_LOCK_OR_PID,X,X,0,,7,7e-06,1,2026-06-03T02:11:02.042459+09:00,37.886,DELETE_OK,실행 PID·열린 핸들·활성 참조 없음
data/_system/true_wf_pos_top8_GE.pid,file,LOCK_OR_PID_ARTIFACT,STALE_LOCK_OR_PID,X,X,0,,7,7e-06,1,2026-06-03T02:10:55.598465+09:00,37.886,DELETE_OK,실행 PID·열린 핸들·활성 참조 없음
data/_system/true_wf_pos_top8_INTC.pid,file,LOCK_OR_PID_ARTIFACT,STALE_LOCK_OR_PID,X,X,0,,7,7e-06,1,2026-06-03T02:10:06.177511+09:00,37.886,DELETE_OK,실행 PID·열린 핸들·활성 참조 없음
data/_system/true_wf_pos_top8_JPM.pid,file,LOCK_OR_PID_ARTIFACT,STALE_LOCK_OR_PID,X,X,0,,7,7e-06,1,2026-06-03T02:11:15.621446+09:00,37.886,DELETE_OK,실행 PID·열린 핸들·활성 참조 없음
data/_system/true_wf_pos_top8_MS.pid,file,LOCK_OR_PID_ARTIFACT,STALE_LOCK_OR_PID,X,X,0,,7,7e-06,1,2026-06-03T02:10:41.225478+09:00,37.886,DELETE_OK,실행 PID·열린 핸들·활성 참조 없음
data/_system/true_wf_pos_top8_TSLA.pid,file,LOCK_OR_PID_ARTIFACT,STALE_LOCK_OR_PID,X,X,0,,7,7e-06,1,2026-06-03T02:10:14.695503+09:00,37.886,DELETE_OK,실행 PID·열린 핸들·활성 참조 없음
data/_system/true_wf_pos_top8_WMT.pid,file,LOCK_OR_PID_ARTIFACT,STALE_LOCK_OR_PID,X,X,0,,7,7e-06,1,2026-06-03T02:10:48.431471+09:00,37.886,DELETE_OK,실행 PID·열린 핸들·활성 참조 없음
data/_system/true_wf_pos_top8_notify.pid,file,LOCK_OR_PID_ARTIFACT,STALE_LOCK_OR_PID,X,X,0,,7,7e-06,1,2026-06-03T02:26:31.528584+09:00,37.875,DELETE_OK,실행 PID·열린 핸들·활성 참조 없음
data/_system/true_wf_rescued_AMD.pid,file,LOCK_OR_PID_ARTIFACT,STALE_LOCK_OR_PID,X,X,0,,7,7e-06,1,2026-06-03T03:03:57.311473+09:00,37.849,DELETE_OK,실행 PID·열린 핸들·활성 참조 없음
data/_system/true_wf_rescued_BA.pid,file,LOCK_OR_PID_ARTIFACT,STALE_LOCK_OR_PID,X,X,0,,7,7e-06,1,2026-06-03T02:49:38.255281+09:00,37.859,DELETE_OK,실행 PID·열린 핸들·활성 참조 없음
data/_system/true_wf_rescued_BX.pid,file,LOCK_OR_PID_ARTIFACT,STALE_LOCK_OR_PID,X,X,0,,7,7e-06,1,2026-06-03T02:49:54.264266+09:00,37.859,DELETE_OK,실행 PID·열린 핸들·활성 참조 없음
data/_system/true_wf_rescued_COP.pid,file,LOCK_OR_PID_ARTIFACT,STALE_LOCK_OR_PID,X,X,0,,7,7e-06,1,2026-06-03T02:49:30.335289+09:00,37.859,DELETE_OK,실행 PID·열린 핸들·활성 참조 없음
data/_system/true_wf_rescued_KHC.pid,file,LOCK_OR_PID_ARTIFACT,STALE_LOCK_OR_PID,X,X,0,,7,7e-06,1,2026-06-03T03:04:01.923469+09:00,37.849,DELETE_OK,실행 PID·열린 핸들·활성 참조 없음
data/_system/true_wf_rescued_LMT.pid,file,LOCK_OR_PID_ARTIFACT,STALE_LOCK_OR_PID,X,X,0,,7,7e-06,1,2026-06-03T02:49:46.229274+09:00,37.859,DELETE_OK,실행 PID·열린 핸들·활성 참조 없음
data/_system/true_wf_rescued_MCD.pid,file,LOCK_OR_PID_ARTIFACT,STALE_LOCK_OR_PID,X,X,0,,7,7e-06,1,2026-06-03T03:04:08.926462+09:00,37.849,DELETE_OK,실행 PID·열린 핸들·활성 참조 없음
data/_system/true_wf_rescued_MRK.pid,file,LOCK_OR_PID_ARTIFACT,STALE_LOCK_OR_PID,X,X,0,,7,7e-06,1,2026-06-03T02:49:41.910278+09:00,37.859,DELETE_OK,실행 PID·열린 핸들·활성 참조 없음
data/_system/true_wf_rescued_MSFT.pid,file,LOCK_OR_PID_ARTIFACT,STALE_LOCK_OR_PID,X,X,0,,7,7e-06,1,2026-06-03T02:49:50.005270+09:00,37.859,DELETE_OK,실행 PID·열린 핸들·활성 참조 없음
data/_system/true_wf_rescued_NVDA.pid,file,LOCK_OR_PID_ARTIFACT,STALE_LOCK_OR_PID,X,X,0,,7,7e-06,1,2026-06-03T02:49:25.842293+09:00,37.859,DELETE_OK,실행 PID·열린 핸들·활성 참조 없음
data/_system/true_wf_rescued_XOM.pid,file,LOCK_OR_PID_ARTIFACT,STALE_LOCK_OR_PID,X,X,0,,7,7e-06,1,2026-06-03T02:49:34.506284+09:00,37.859,DELETE_OK,실행 PID·열린 핸들·활성 참조 없음
data/_system/true_wf_rescued_notify.pid,file,LOCK_OR_PID_ARTIFACT,STALE_LOCK_OR_PID,X,X,0,,7,7e-06,1,2026-06-03T02:51:14.458190+09:00,37.858,DELETE_OK,실행 PID·열린 핸들·활성 참조 없음
data/_system/true_wf_rescued_rest3_notify.pid,file,LOCK_OR_PID_ARTIFACT,STALE_LOCK_OR_PID,X,X,0,,7,7e-06,1,2026-06-03T03:05:05.072410+09:00,37.848,DELETE_OK,실행 PID·열린 핸들·활성 참조 없음
data/_system/true_wf_uncertain_AAPL.pid,file,LOCK_OR_PID_ARTIFACT,STALE_LOCK_OR_PID,X,X,0,,7,7e-06,1,2026-06-03T03:34:47.315734+09:00,37.828,DELETE_OK,실행 PID·열린 핸들·활성 참조 없음
data/_system/true_wf_uncertain_AMZN.pid,file,LOCK_OR_PID_ARTIFACT,STALE_LOCK_OR_PID,X,X,0,,7,7e-06,1,2026-06-03T03:16:27.490768+09:00,37.84,DELETE_OK,실행 PID·열린 핸들·활성 참조 없음
data/_system/true_wf_uncertain_BAC.pid,file,LOCK_OR_PID_ARTIFACT,STALE_LOCK_OR_PID,X,X,0,,7,7e-06,1,2026-06-03T03:15:55.960798+09:00,37.841,DELETE_OK,실행 PID·열린 핸들·활성 참조 없음
data/_system/true_wf_uncertain_BMY.pid,file,LOCK_OR_PID_ARTIFACT,STALE_LOCK_OR_PID,X,X,0,,7,7e-06,1,2026-06-03T03:16:23.326772+09:00,37.84,DELETE_OK,실행 PID·열린 핸들·활성 참조 없음
data/_system/true_wf_uncertain_CMCSA.pid,file,LOCK_OR_PID_ARTIFACT,STALE_LOCK_OR_PID,X,X,0,,7,7e-06,1,2026-06-03T03:35:00.098722+09:00,37.827,DELETE_OK,실행 PID·열린 핸들·활성 참조 없음
data/_system/true_wf_uncertain_CRM.pid,file,LOCK_OR_PID_ARTIFACT,STALE_LOCK_OR_PID,X,X,0,,7,7e-06,1,2026-06-03T03:35:12.370711+09:00,37.827,DELETE_OK,실행 PID·열린 핸들·활성 참조 없음
data/_system/true_wf_uncertain_CVX.pid,file,LOCK_OR_PID_ARTIFACT,STALE_LOCK_OR_PID,X,X,0,,7,7e-06,1,2026-06-03T03:34:52.861729+09:00,37.827,DELETE_OK,실행 PID·열린 핸들·활성 참조 없음
data/_system/true_wf_uncertain_DIS.pid,file,LOCK_OR_PID_ARTIFACT,STALE_LOCK_OR_PID,X,X,0,,7,7e-06,1,2026-06-03T03:35:20.524703+09:00,37.827,DELETE_OK,실행 PID·열린 핸들·활성 참조 없음
data/_system/true_wf_uncertain_GOOG.pid,file,LOCK_OR_PID_ARTIFACT,STALE_LOCK_OR_PID,X,X,0,,7,7e-06,1,2026-06-03T03:34:39.992741+09:00,37.828,DELETE_OK,실행 PID·열린 핸들·활성 참조 없음
data/_system/true_wf_uncertain_GOOGL.pid,file,LOCK_OR_PID_ARTIFACT,STALE_LOCK_OR_PID,X,X,0,,7,7e-06,1,2026-06-03T03:16:10.938783+09:00,37.84,DELETE_OK,실행 PID·열린 핸들·활성 참조 없음
data/_system/true_wf_uncertain_IBM.pid,file,LOCK_OR_PID_ARTIFACT,STALE_LOCK_OR_PID,X,X,0,,7,7e-06,1,2026-06-03T03:16:02.803791+09:00,37.841,DELETE_OK,실행 PID·열린 핸들·활성 참조 없음
data/_system/true_wf_uncertain_KO.pid,file,LOCK_OR_PID_ARTIFACT,STALE_LOCK_OR_PID,X,X,0,,7,7e-06,1,2026-06-03T03:35:06.926716+09:00,37.827,DELETE_OK,실행 PID·열린 핸들·활성 참조 없음
data/_system/true_wf_uncertain_LLY.pid,file,LOCK_OR_PID_ARTIFACT,STALE_LOCK_OR_PID,X,X,0,,7,7e-06,1,2026-06-03T03:16:15.978779+09:00,37.84,DELETE_OK,실행 PID·열린 핸들·활성 참조 없음
data/_system/true_wf_uncertain_META.pid,file,LOCK_OR_PID_ARTIFACT,STALE_LOCK_OR_PID,X,X,0,,7,7e-06,1,2026-06-03T03:16:30.865765+09:00,37.84,DELETE_OK,실행 PID·열린 핸들·활성 참조 없음
data/_system/true_wf_uncertain_NFLX.pid,file,LOCK_OR_PID_ARTIFACT,STALE_LOCK_OR_PID,X,X,0,,7,7e-06,1,2026-06-03T03:16:19.121776+09:00,37.84,DELETE_OK,실행 PID·열린 핸들·활성 참조 없음
data/_system/true_wf_uncertain_PFE.pid,file,LOCK_OR_PID_ARTIFACT,STALE_LOCK_OR_PID,X,X,0,,7,7e-06,1,2026-06-03T03:35:26.577697+09:00,37.827,DELETE_OK,실행 PID·열린 핸들·활성 참조 없음
data/_system/true_wf_uncertain_bottom8_notify.pid,file,LOCK_OR_PID_ARTIFACT,STALE_LOCK_OR_PID,X,X,0,,7,7e-06,1,2026-06-03T03:36:37.860630+09:00,37.826,DELETE_OK,실행 PID·열린 핸들·활성 참조 없음
data/_system/true_wf_swing_JPM_AAPL.pid,file,LOCK_OR_PID_ARTIFACT,STALE_LOCK_OR_PID,X,X,0,,6,6e-06,1,2026-06-02T19:32:26.742927+09:00,38.162,DELETE_OK,실행 PID·열린 핸들·활성 참조 없음
data/_system/true_wf_swing_NVDA_MSFT_KO_XOM.pid,file,LOCK_OR_PID_ARTIFACT,STALE_LOCK_OR_PID,X,X,0,,6,6e-06,1,2026-06-02T19:49:22.754972+09:00,38.151,DELETE_OK,실행 PID·열린 핸들·활성 참조 없음
exp_fix_range_predictor_stage2_v3_rolling_event2pct_20260704_001/predictors_all.jsonl,file,ONE_OFF_EXPERIMENT_ARTIFACT,TERMINATED_EXPERIMENT_DATA,X,X,0,,50873078,48.516348,1,2026-07-04T23:06:39.593329+09:00,6.014,DELETE_OK,운영 비도달·프로세스 없음·summary.json exists; 보호 룰풀은 KEEP 분리
exp_fix_range_predictor_stage2_v3_rolling_event2pct_high_20260704_001/predictors_all.jsonl,file,ONE_OFF_EXPERIMENT_ARTIFACT,TERMINATED_EXPERIMENT_DATA,X,X,0,,50846820,48.491306,1,2026-07-04T23:56:00.642026+09:00,5.979,DELETE_OK,운영 비도달·프로세스 없음·summary.json exists; 보호 룰풀은 KEEP 분리
exp_fix_range_predictor_stage2_v3_rolling_event2pct_low_20260704_001/predictors_all.jsonl,file,ONE_OFF_EXPERIMENT_ARTIFACT,TERMINATED_EXPERIMENT_DATA,X,X,0,,50679652,48.331882,1,2026-07-04T23:55:15.075108+09:00,5.98,DELETE_OK,운영 비도달·프로세스 없음·summary.json exists; 보호 룰풀은 KEEP 분리
exp_fix_range_predictor_stage2_v3_rolling_hilo_mae_20260704_001/predictors_all.jsonl,file,ONE_OFF_EXPERIMENT_ARTIFACT,TERMINATED_EXPERIMENT_DATA,X,X,0,,45999038,43.868101,1,2026-07-04T22:17:06.719655+09:00,6.048,DELETE_OK,운영 비도달·프로세스 없음·summary.json exists; 보호 룰풀은 KEEP 분리
exp_fix_range_predictor_stage2_v3_precision_event2pct_high_20260704_001/predictors_all.jsonl,file,ONE_OFF_EXPERIMENT_ARTIFACT,TERMINATED_EXPERIMENT_DATA,X,X,0,,45399069,43.295926,1,2026-07-05T00:58:01.992363+09:00,5.936,DELETE_OK,운영 비도달·프로세스 없음·summary.json exists; 보호 룰풀은 KEEP 분리
exp_fix_range_predictor_stage2_v3_tpsl_tp2_sl1_20260704_001/predictors_all.jsonl,file,ONE_OFF_EXPERIMENT_ARTIFACT,TERMINATED_EXPERIMENT_DATA,X,X,0,,44673340,42.603817,1,2026-07-05T01:47:25.812055+09:00,5.902,DELETE_OK,운영 비도달·프로세스 없음·summary.json exists; 보호 룰풀은 KEEP 분리
exp_mpc_range_predictor_stage2_v3_tpsl_tp2_sl1_20260704_001/predictors_all.jsonl,file,ONE_OFF_EXPERIMENT_ARTIFACT,TERMINATED_EXPERIMENT_DATA,X,X,0,,44581269,42.516011,1,2026-07-05T02:21:16.220418+09:00,5.879,DELETE_OK,운영 비도달·프로세스 없음·summary.json exists; 보호 룰풀은 KEEP 분리
exp_mpc_range_predictor_stage2_v3_tponly_tp2_20260704_001/predictors_all.jsonl,file,ONE_OFF_EXPERIMENT_ARTIFACT,TERMINATED_EXPERIMENT_DATA,X,X,0,,44533233,42.470201,1,2026-07-05T03:29:23.294106+09:00,5.831,DELETE_OK,운영 비도달·프로세스 없음·summary.json exists; 보호 룰풀은 KEEP 분리
exp_fix_range_predictor_stage2_v3_large_range_q70_20260704_001/predictors_all.jsonl,file,ONE_OFF_EXPERIMENT_ARTIFACT,TERMINATED_EXPERIMENT_DATA,X,X,0,,44197865,42.150369,1,2026-07-05T08:11:40.551771+09:00,5.635,DELETE_OK,운영 비도달·프로세스 없음·summary.json exists; 보호 룰풀은 KEEP 분리
exp_fix_range_predictor_stage2_v3_high_only_20260705_001/predictors_all.jsonl,file,ONE_OFF_EXPERIMENT_ARTIFACT,TERMINATED_EXPERIMENT_DATA,X,X,0,,24874053,23.721745,1,2026-07-05T23:11:04.226118+09:00,5.011,DELETE_OK,운영 비도달·프로세스 없음·summary.json exists; 보호 룰풀은 KEEP 분리
exp_fix_range_predictor_stage2_v3_low_only_20260705_001/predictors_all.jsonl,file,ONE_OFF_EXPERIMENT_ARTIFACT,TERMINATED_EXPERIMENT_DATA,X,X,0,,24772159,23.624572,1,2026-07-05T23:10:31.515177+09:00,5.011,DELETE_OK,운영 비도달·프로세스 없음·summary.json exists; 보호 룰풀은 KEEP 분리
exp_fix_range_predictor_stage2_v3_dense_weights_20260705_001/predictors_all.jsonl,file,ONE_OFF_EXPERIMENT_ARTIFACT,TERMINATED_EXPERIMENT_DATA,X,X,0,,24363908,23.235233,1,2026-07-05T22:33:20.942168+09:00,5.037,DELETE_OK,운영 비도달·프로세스 없음·summary.json exists; 보호 룰풀은 KEEP 분리
exp_batch_stage23_smoke_3tickers/tickers/CRWD/stage2_retry2/rl_replay_trades.jsonl,file,ONE_OFF_EXPERIMENT_ARTIFACT,TERMINATED_EXPERIMENT_DATA,X,X,0,,23756185,22.655663,1,2026-06-16T08:01:01.101513+09:00,24.643,DELETE_OK,운영 비도달·프로세스 없음·batch_summary.json exists; 보호 룰풀은 KEEP 분리
exp_batch_stage23_smoke_3/tickers/CRWD/stage2/trades.jsonl,file,ONE_OFF_EXPERIMENT_ARTIFACT,TERMINATED_EXPERIMENT_DATA,X,X,0,,23654153,22.558358,1,2026-06-16T05:51:13.008459+09:00,24.733,DELETE_OK,운영 비도달·프로세스 없음·batch_summary.json exists; 보호 룰풀은 KEEP 분리
exp_batch_stage23_smoke_3tickers/tickers/CRWD/stage2_retry2/trades.jsonl,file,ONE_OFF_EXPERIMENT_ARTIFACT,TERMINATED_EXPERIMENT_DATA,X,X,0,,23654153,22.558358,1,2026-06-16T08:01:00.345515+09:00,24.643,DELETE_OK,운영 비도달·프로세스 없음·batch_summary.json exists; 보호 룰풀은 KEEP 분리
exp_batch_stage23_smoke_3/tickers/CRWD/stage2/rl_replay_trades.jsonl,file,ONE_OFF_EXPERIMENT_ARTIFACT,TERMINATED_EXPERIMENT_DATA,X,X,0,,23633895,22.539039,1,2026-06-16T05:51:13.746458+09:00,24.733,DELETE_OK,운영 비도달·프로세스 없음·batch_summary.json exists; 보호 룰풀은 KEEP 분리
exp_batch_CE_multifeature_20260708/tickers/CE/stage2/rl_replay_trades.jsonl,file,ONE_OFF_EXPERIMENT_ARTIFACT,TERMINATED_EXPERIMENT_DATA,X,X,0,,19929922,19.006655,1,2026-07-09T08:37:34.614888+09:00,1.617,DELETE_OK,운영 비도달·프로세스 없음·run_status stage2/stage3/compare complete; 보호 룰풀은 KEEP 분리
exp_batch_CE_multifeature_20260708/tickers/CE/stage2/trades.jsonl,file,ONE_OFF_EXPERIMENT_ARTIFACT,TERMINATED_EXPERIMENT_DATA,X,X,0,,19908663,18.986381,1,2026-07-09T08:37:33.959889+09:00,1.617,DELETE_OK,운영 비도달·프로세스 없음·run_status stage2/stage3/compare complete; 보호 룰풀은 KEEP 분리
exp_period_lockbox_audit_cw_stage2/trades.jsonl,file,ONE_OFF_EXPERIMENT_ARTIFACT,TERMINATED_EXPERIMENT_DATA,X,X,0,,19608547,18.700168,1,2026-06-16T09:55:01.932242+09:00,24.563,DELETE_OK,운영 비도달·프로세스 없음·summary.json exists; 보호 룰풀은 KEEP 분리
exp_fix_range_predictor_stage2_v3_coarse3_stage2gate_20260705_001/predictors_all.jsonl,file,ONE_OFF_EXPERIMENT_ARTIFACT,TERMINATED_EXPERIMENT_DATA,X,X,0,,19519844,18.615574,1,2026-07-05T16:04:27.044958+09:00,5.307,DELETE_OK,운영 비도달·프로세스 없음·summary.json exists; 보호 룰풀은 KEEP 분리
exp_fix_range_predictor_stage2_v3_coarse3_stage2gate_loose_20260705_001/predictors_all.jsonl,file,ONE_OFF_EXPERIMENT_ARTIFACT,TERMINATED_EXPERIMENT_DATA,X,X,0,,19519244,18.615002,1,2026-07-05T16:20:24.902242+09:00,5.296,DELETE_OK,운영 비도달·프로세스 없음·summary.json exists; 보호 룰풀은 KEEP 분리
exp_period_lockbox_audit_cw_stage2/rl_replay_trades.jsonl,file,ONE_OFF_EXPERIMENT_ARTIFACT,TERMINATED_EXPERIMENT_DATA,X,X,0,,19488020,18.585224,1,2026-06-16T09:55:02.527241+09:00,24.563,DELETE_OK,운영 비도달·프로세스 없음·summary.json exists; 보호 룰풀은 KEEP 분리
exp_fix_range_predictor_stage2_v3_safeoverflow_precision_stage2gate_20260705_001/predictors_all.jsonl,file,ONE_OFF_EXPERIMENT_ARTIFACT,TERMINATED_EXPERIMENT_DATA,X,X,0,,18599512,17.737877,1,2026-07-05T15:41:16.581449+09:00,5.323,DELETE_OK,운영 비도달·프로세스 없음·summary.json exists; 보호 룰풀은 KEEP 분리
exp_fix_range_predictor_stage2_v3_pattern_detector_loose_20260705_001/predictors_all.jsonl,file,ONE_OFF_EXPERIMENT_ARTIFACT,TERMINATED_EXPERIMENT_DATA,X,X,0,,18110308,17.271336,1,2026-07-05T21:53:57.854399+09:00,5.064,DELETE_OK,운영 비도달·프로세스 없음·summary.json exists; 보호 룰풀은 KEEP 분리
exp_batch_stage123_2009_20260616_smoke10/tickers/A/stage2/rl_replay_trades.jsonl,file,ONE_OFF_EXPERIMENT_ARTIFACT,TERMINATED_EXPERIMENT_DATA,X,X,0,,18103784,17.265114,1,2026-06-17T01:58:01.902777+09:00,23.895,DELETE_OK,운영 비도달·프로세스 없음·batch_summary.json exists; 보호 룰풀은 KEEP 분리
exp_batch_stage123_2009_20260616_smoke10/tickers/A/stage2/trades.jsonl,file,ONE_OFF_EXPERIMENT_ARTIFACT,TERMINATED_EXPERIMENT_DATA,X,X,0,,18050432,17.214233,1,2026-06-17T01:58:01.339778+09:00,23.895,DELETE_OK,운영 비도달·프로세스 없음·batch_summary.json exists; 보호 룰풀은 KEEP 분리
exp_fix_range_predictor_stage2_v3_low_danger17_safe03_open_gate_20260705_001/predictors_all.jsonl,file,ONE_OFF_EXPERIMENT_ARTIFACT,TERMINATED_EXPERIMENT_DATA,X,X,0,,18014470,17.179937,1,2026-07-05T15:14:02.264376+09:00,5.342,DELETE_OK,운영 비도달·프로세스 없음·summary.json exists; 보호 룰풀은 KEEP 분리
exp_fix_range_predictor_stage2_v3_no_danger_learning_open_gate_20260705_001/predictors_all.jsonl,file,ONE_OFF_EXPERIMENT_ARTIFACT,TERMINATED_EXPERIMENT_DATA,X,X,0,,17994564,17.160954,1,2026-07-05T14:28:45.049243+09:00,5.373,DELETE_OK,운영 비도달·프로세스 없음·summary.json exists; 보호 룰풀은 KEEP 분리
exp_fix_range_predictor_stage2_v3_low_danger2_safe02_open_gate_20260705_001/predictors_all.jsonl,file,ONE_OFF_EXPERIMENT_ARTIFACT,TERMINATED_EXPERIMENT_DATA,X,X,0,,17974068,17.141407,1,2026-07-05T14:53:05.755627+09:00,5.356,DELETE_OK,운영 비도달·프로세스 없음·summary.json exists; 보호 룰풀은 KEEP 분리
exp_fix_range_predictor_stage2_v3_pattern_detector_20260705_001/predictors_all.jsonl,file,ONE_OFF_EXPERIMENT_ARTIFACT,TERMINATED_EXPERIMENT_DATA,X,X,0,,17851220,17.02425,1,2026-07-05T21:37:20.976184+09:00,5.076,DELETE_OK,운영 비도달·프로세스 없음·summary.json exists; 보호 룰풀은 KEEP 분리
exp_fix_range_predictor_stage2_v3_true3_stage2gate_20260705_001/predictors_all.jsonl,file,ONE_OFF_EXPERIMENT_ARTIFACT,TERMINATED_EXPERIMENT_DATA,X,X,0,,17830430,17.004423,1,2026-07-05T16:46:39.693421+09:00,5.278,DELETE_OK,운영 비도달·프로세스 없음·summary.json exists; 보호 룰풀은 KEEP 분리
exp_fix_range_predictor_stage2_v3_true3_stage2gate_fixed_20260705_001/predictors_all.jsonl,file,ONE_OFF_EXPERIMENT_ARTIFACT,TERMINATED_EXPERIMENT_DATA,X,X,0,,17675882,16.857035,1,2026-07-05T17:07:06.637223+09:00,5.263,DELETE_OK,운영 비도달·프로세스 없음·summary.json exists; 보호 룰풀은 KEEP 분리
exp_batch_stage23_smoke_3/tickers/CW/stage2/trades.jsonl,file,ONE_OFF_EXPERIMENT_ARTIFACT,TERMINATED_EXPERIMENT_DATA,X,X,0,,17557669,16.744298,1,2026-06-16T05:28:49.592861+09:00,24.748,DELETE_OK,운영 비도달·프로세스 없음·batch_summary.json exists; 보호 룰풀은 KEEP 분리
exp_batch_stage23_smoke_3tickers/tickers/CW/stage2/trades.jsonl,file,ONE_OFF_EXPERIMENT_ARTIFACT,TERMINATED_EXPERIMENT_DATA,X,X,0,,17557669,16.744298,1,2026-06-16T07:10:29.470943+09:00,24.678,DELETE_OK,운영 비도달·프로세스 없음·batch_summary.json exists; 보호 룰풀은 KEEP 분리
exp_batch_stage23_smoke_3tickers/tickers/CW/stage2/rl_replay_trades.jsonl,file,ONE_OFF_EXPERIMENT_ARTIFACT,TERMINATED_EXPERIMENT_DATA,X,X,0,,17557255,16.743903,1,2026-06-16T07:10:30.014942+09:00,24.678,DELETE_OK,운영 비도달·프로세스 없음·batch_summary.json exists; 보호 룰풀은 KEEP 분리
exp_batch_stage23_smoke_3/tickers/CW/stage2/rl_replay_trades.jsonl,file,ONE_OFF_EXPERIMENT_ARTIFACT,TERMINATED_EXPERIMENT_DATA,X,X,0,,17511727,16.700484,1,2026-06-16T05:28:50.138860+09:00,24.748,DELETE_OK,운영 비도달·프로세스 없음·batch_summary.json exists; 보호 룰풀은 KEEP 분리
exp_fix_range_predictor_stage2_v3_original_stage2_multicond_dual_hilo_20260705_001/predictors_all.jsonl,file,ONE_OFF_EXPERIMENT_ARTIFACT,TERMINATED_EXPERIMENT_DATA,X,X,0,,16409854,15.649656,1,2026-07-05T13:38:07.346684+09:00,5.409,DELETE_OK,운영 비도달·프로세스 없음·summary.json exists; 보호 룰풀은 KEEP 분리
exp_batch_CE_multifeature_20260708/tickers/CE/stage3/rl_replay_trades.jsonl,file,ONE_OFF_EXPERIMENT_ARTIFACT,TERMINATED_EXPERIMENT_DATA,X,X,0,,15932638,15.194548,1,2026-07-09T12:27:32.271186+09:00,1.458,DELETE_OK,운영 비도달·프로세스 없음·run_status stage2/stage3/compare complete; 보호 룰풀은 KEEP 분리
exp_mpc_multiyear_20260612_2005/trades.jsonl,file,ONE_OFF_EXPERIMENT_ARTIFACT,TERMINATED_EXPERIMENT_DATA,X,X,0,,15139689,14.438333,1,2026-06-13T05:53:16.724378+09:00,27.731,DELETE_OK,운영 비도달·프로세스 없음·one-off experiment name; 보호 룰풀은 KEEP 분리
exp_batch_CE_materials_retrain_20260708/tickers/CE/stage2/rl_replay_trades.jsonl,file,ONE_OFF_EXPERIMENT_ARTIFACT,TERMINATED_EXPERIMENT_DATA,X,X,0,,14781034,14.096292,1,2026-07-09T08:03:32.855543+09:00,1.641,DELETE_OK,운영 비도달·프로세스 없음·run_status stage2/stage3/compare complete; 보호 룰풀은 KEEP 분리
exp_batch_CE_materials_retrain_20260708/tickers/CE/stage2/trades.jsonl,file,ONE_OFF_EXPERIMENT_ARTIFACT,TERMINATED_EXPERIMENT_DATA,X,X,0,,14729522,14.047167,1,2026-07-09T08:03:32.358544+09:00,1.641,DELETE_OK,운영 비도달·프로세스 없음·run_status stage2/stage3/compare complete; 보호 룰풀은 KEEP 분리
exp_batch_stage23_smoke_3tickers/tickers/WELL/stage2/rl_replay_trades.jsonl,file,ONE_OFF_EXPERIMENT_ARTIFACT,TERMINATED_EXPERIMENT_DATA,X,X,0,,14640320,13.962097,1,2026-06-16T08:17:48.880708+09:00,24.631,DELETE_OK,운영 비도달·프로세스 없음·batch_summary.json exists; 보호 룰풀은 KEEP 분리
exp_batch_stage23_smoke_3/tickers/WELL/stage2/trades.jsonl,file,ONE_OFF_EXPERIMENT_ARTIFACT,TERMINATED_EXPERIMENT_DATA,X,X,0,,14634010,13.956079,1,2026-06-16T06:07:55.851665+09:00,24.721,DELETE_OK,운영 비도달·프로세스 없음·batch_summary.json exists; 보호 룰풀은 KEEP 분리
exp_batch_stage23_smoke_3tickers/tickers/WELL/stage2/trades.jsonl,file,ONE_OFF_EXPERIMENT_ARTIFACT,TERMINATED_EXPERIMENT_DATA,X,X,0,,14634010,13.956079,1,2026-06-16T08:17:48.427709+09:00,24.631,DELETE_OK,운영 비도달·프로세스 없음·batch_summary.json exists; 보호 룰풀은 KEEP 분리
exp_batch_stage23_smoke_3/tickers/WELL/stage2/rl_replay_trades.jsonl,file,ONE_OFF_EXPERIMENT_ARTIFACT,TERMINATED_EXPERIMENT_DATA,X,X,0,,14603360,13.926849,1,2026-06-16T06:07:56.305664+09:00,24.721,DELETE_OK,운영 비도달·프로세스 없음·batch_summary.json exists; 보호 룰풀은 KEEP 분리
exp_lasr_multiyear_20260612_1845/trades.jsonl,file,ONE_OFF_EXPERIMENT_ARTIFACT,TERMINATED_EXPERIMENT_DATA,X,X,0,,13139321,12.530633,1,2026-06-13T03:51:27.588467+09:00,27.816,DELETE_OK,운영 비도달·프로세스 없음·one-off experiment name; 보호 룰풀은 KEEP 분리
exp_crwd_multiyear_20260612_2005/trades.jsonl,file,ONE_OFF_EXPERIMENT_ARTIFACT,TERMINATED_EXPERIMENT_DATA,X,X,0,,12773448,12.181709,1,2026-06-13T05:11:51.110829+09:00,27.76,DELETE_OK,운영 비도달·프로세스 없음·one-off experiment name; 보호 룰풀은 KEEP 분리
exp_batch_CE_materials_retrain_20260708/tickers/CE/stage3/rl_replay_trades.jsonl,file,ONE_OFF_EXPERIMENT_ARTIFACT,TERMINATED_EXPERIMENT_DATA,X,X,0,,12662626,12.076021,1,2026-07-09T10:19:02.073995+09:00,1.547,DELETE_OK,운영 비도달·프로세스 없음·run_status stage2/stage3/compare complete; 보호 룰풀은 KEEP 분리
exp_fix_range_predictor_stage2_v3_original_stage2_dual_hilo_20260705_001/predictors_all.jsonl,file,ONE_OFF_EXPERIMENT_ARTIFACT,TERMINATED_EXPERIMENT_DATA,X,X,0,,11035278,10.524061,1,2026-07-05T13:10:36.474642+09:00,5.428,DELETE_OK,운영 비도달·프로세스 없음·summary.json exists; 보호 룰풀은 KEEP 분리
data/_system/bulk_diagnostic,directory,SYSTEM_DATA_DIRECTORY,TERMINATED_EXPERIMENT_DATA,X,X,0,,10518633,10.03135,2378,2026-06-04T02:52:18.435896+09:00,36.857,DELETE_OK,활성 참조 0건인 구 진단/train-only/condition DB 산출물
exp_fix_range_predictor_stage2_v3_low_danger2_safe02_open_gate_20260705_001/period_metrics_all.jsonl,file,ONE_OFF_EXPERIMENT_ARTIFACT,TERMINATED_EXPERIMENT_DATA,X,X,0,,10225492,9.751789,1,2026-07-05T14:53:06.353626+09:00,5.356,DELETE_OK,운영 비도달·프로세스 없음·summary.json exists; 보호 룰풀은 KEEP 분리
exp_fix_range_predictor_stage2_v3_low_danger17_safe03_open_gate_20260705_001/period_metrics_all.jsonl,file,ONE_OFF_EXPERIMENT_ARTIFACT,TERMINATED_EXPERIMENT_DATA,X,X,0,,10201538,9.728945,1,2026-07-05T15:14:02.822375+09:00,5.342,DELETE_OK,운영 비도달·프로세스 없음·summary.json exists; 보호 룰풀은 KEEP 분리
exp_fix_range_predictor_stage2_v3_no_danger_learning_open_gate_20260705_001/period_metrics_all.jsonl,file,ONE_OFF_EXPERIMENT_ARTIFACT,TERMINATED_EXPERIMENT_DATA,X,X,0,,10198136,9.7257,1,2026-07-05T14:28:45.583242+09:00,5.373,DELETE_OK,운영 비도달·프로세스 없음·summary.json exists; 보호 룰풀은 KEEP 분리
exp_fix_range_predictor_stage2_v3_rolling_event2pct_20260704_001/train_gate_metrics.jsonl,file,ONE_OFF_EXPERIMENT_ARTIFACT,TERMINATED_EXPERIMENT_DATA,X,X,0,,8813766,8.405462,1,2026-07-04T23:06:40.419328+09:00,6.014,DELETE_OK,운영 비도달·프로세스 없음·summary.json exists; 보호 룰풀은 KEEP 분리
exp_fix_range_predictor_stage2_v3_rolling_event2pct_low_20260704_001/train_gate_metrics.jsonl,file,ONE_OFF_EXPERIMENT_ARTIFACT,TERMINATED_EXPERIMENT_DATA,X,X,0,,8589409,8.191499,1,2026-07-04T23:55:15.857106+09:00,5.98,DELETE_OK,운영 비도달·프로세스 없음·summary.json exists; 보호 룰풀은 KEEP 분리
exp_fix_range_predictor_stage2_v3_rolling_event2pct_high_20260704_001/train_gate_metrics.jsonl,file,ONE_OFF_EXPERIMENT_ARTIFACT,TERMINATED_EXPERIMENT_DATA,X,X,0,,8580245,8.182759,1,2026-07-04T23:56:01.414025+09:00,5.979,DELETE_OK,운영 비도달·프로세스 없음·summary.json exists; 보호 룰풀은 KEEP 분리
exp_lasr_reverse_20260612_1856/trades.jsonl,file,ONE_OFF_EXPERIMENT_ARTIFACT,TERMINATED_EXPERIMENT_DATA,X,X,0,,8392706,8.003908,1,2026-06-13T04:28:43.695465+09:00,27.79,DELETE_OK,운영 비도달·프로세스 없음·one-off experiment name; 보호 룰풀은 KEEP 분리
exp_hsbc_payoff_two_gene_fullfeature_stage2_rolling_ga_5d_high0p7_separate_highlow_soft_nod0_trainconsistent_20260706_001/all_candidates.jsonl,file,ONE_OFF_EXPERIMENT_ARTIFACT,TERMINATED_EXPERIMENT_DATA,X,X,0,,8335928,7.94976,1,2026-07-06T13:36:22.008148+09:00,4.41,DELETE_OK,운영 비도달·프로세스 없음·summary.json exists; 보호 룰풀은 KEEP 분리
exp_hsbc_payoff_two_gene_fullfeature_stage2_rolling_ga_5d_high0p7_separate_highlow_soft_nod0_finalaudit_20260706_001/all_candidates.jsonl,file,ONE_OFF_EXPERIMENT_ARTIFACT,TERMINATED_EXPERIMENT_DATA,X,X,0,,8326329,7.940606,1,2026-07-06T13:27:12.484132+09:00,4.416,DELETE_OK,운영 비도달·프로세스 없음·summary.json exists; 보호 룰풀은 KEEP 분리
exp_fix_range_predictor_stage2_v3_coarse3_stage2gate_loose_20260705_001/period_metrics_all.jsonl,file,ONE_OFF_EXPERIMENT_ARTIFACT,TERMINATED_EXPERIMENT_DATA,X,X,0,,8033475,7.661319,1,2026-07-05T16:20:25.406241+09:00,5.296,DELETE_OK,운영 비도달·프로세스 없음·summary.json exists; 보호 룰풀은 KEEP 분리
exp_hsbc_payoff_two_gene_fullfeature_stage2_rolling_ga_5d_high0p5_separate_highlow_soft_stress_validation_20260706_001/all_candidates.jsonl,file,ONE_OFF_EXPERIMENT_ARTIFACT,TERMINATED_EXPERIMENT_DATA,X,X,0,,7774845,7.41467,1,2026-07-06T13:16:13.094313+09:00,4.424,DELETE_OK,운영 비도달·프로세스 없음·summary.json exists; 보호 룰풀은 KEEP 분리
exp_hsbc_payoff_two_gene_fullfeature_stage2_rolling_ga_5d_high0p7_separate_highlow_soft_stress_validation_20260706_001/all_candidates.jsonl,file,ONE_OFF_EXPERIMENT_ARTIFACT,TERMINATED_EXPERIMENT_DATA,X,X,0,,7750426,7.391382,1,2026-07-06T13:16:12.469314+09:00,4.424,DELETE_OK,운영 비도달·프로세스 없음·summary.json exists; 보호 룰풀은 KEEP 분리
exp_mpc_payoff_two_gene_fullfeature_stage2_rolling_ga_5d_high0p5_separate_highlow_soft_stress_validation_20260706_001/all_candidates.jsonl,file,ONE_OFF_EXPERIMENT_ARTIFACT,TERMINATED_EXPERIMENT_DATA,X,X,0,,7728035,7.370028,1,2026-07-06T13:05:15.306491+09:00,4.431,DELETE_OK,운영 비도달·프로세스 없음·summary.json exists; 보호 룰풀은 KEEP 분리
exp_mpc_payoff_two_gene_fullfeature_stage2_rolling_ga_5d_high0p7_separate_highlow_soft_stress_validation_20260706_001/all_candidates.jsonl,file,ONE_OFF_EXPERIMENT_ARTIFACT,TERMINATED_EXPERIMENT_DATA,X,X,0,,7690683,7.334407,1,2026-07-06T13:05:17.669487+09:00,4.431,DELETE_OK,운영 비도달·프로세스 없음·summary.json exists; 보호 룰풀은 KEEP 분리
exp_mpc_payoff_two_gene_fullfeature_stage2_rolling_ga_5d_separate_highlow70_20260706_001/all_candidates.jsonl,file,ONE_OFF_EXPERIMENT_ARTIFACT,TERMINATED_EXPERIMENT_DATA,X,X,0,,7561010,7.210741,1,2026-07-06T02:01:42.912792+09:00,4.892,DELETE_OK,운영 비도달·프로세스 없음·summary.json exists; 보호 룰풀은 KEEP 분리
exp_mpc_payoff_two_gene_fullfeature_stage2_rolling_ga_5d_high0p5_separate_highlow70_stress_validation_20260706_001/all_candidates.jsonl,file,ONE_OFF_EXPERIMENT_ARTIFACT,TERMINATED_EXPERIMENT_DATA,X,X,0,,7543572,7.194111,1,2026-07-06T12:54:40.224629+09:00,4.439,DELETE_OK,운영 비도달·프로세스 없음·summary.json exists; 보호 룰풀은 KEEP 분리
exp_mpc_payoff_two_gene_fullfeature_stage2_rolling_ga_5d_high0p8_separate_highlow70_stress_validation_20260706_001/all_candidates.jsonl,file,ONE_OFF_EXPERIMENT_ARTIFACT,TERMINATED_EXPERIMENT_DATA,X,X,0,,7510438,7.162512,1,2026-07-06T12:55:22.551553+09:00,4.438,DELETE_OK,운영 비도달·프로세스 없음·summary.json exists; 보호 룰풀은 KEEP 분리
exp_mpc_payoff_two_gene_fullfeature_stage2_rolling_ga_5d_high1p0_separate_highlow70_stress_validation_20260706_001/all_candidates.jsonl,file,ONE_OFF_EXPERIMENT_ARTIFACT,TERMINATED_EXPERIMENT_DATA,X,X,0,,7504757,7.157094,1,2026-07-06T12:55:22.107554+09:00,4.438,DELETE_OK,운영 비도달·프로세스 없음·summary.json exists; 보호 룰풀은 KEEP 분리
exp_mpc_payoff_two_gene_fullfeature_stage2_rolling_ga_5d_separate_highlow70_stress_validation_20260706_001/all_candidates.jsonl,file,ONE_OFF_EXPERIMENT_ARTIFACT,TERMINATED_EXPERIMENT_DATA,X,X,0,,7504757,7.157094,1,2026-07-06T12:47:06.371443+09:00,4.444,DELETE_OK,운영 비도달·프로세스 없음·summary.json exists; 보호 룰풀은 KEEP 분리
exp_mpc_payoff_two_gene_fullfeature_stage2_rolling_ga_5d_high0p7_separate_highlow70_stress_validation_20260706_001/all_candidates.jsonl,file,ONE_OFF_EXPERIMENT_ARTIFACT,TERMINATED_EXPERIMENT_DATA,X,X,0,,7501450,7.15394,1,2026-07-06T12:55:23.425552+09:00,4.438,DELETE_OK,운영 비도달·프로세스 없음·summary.json exists; 보호 룰풀은 KEEP 분리
exp_mpc_payoff_two_gene_fullfeature_stage2_rolling_ga_20260706_001/all_candidates.jsonl,file,ONE_OFF_EXPERIMENT_ARTIFACT,TERMINATED_EXPERIMENT_DATA,X,X,0,,7475540,7.12923,1,2026-07-06T01:34:21.908723+09:00,4.911,DELETE_OK,운영 비도달·프로세스 없음·summary.json exists; 보호 룰풀은 KEEP 분리
exp_fix_range_predictor_stage2_v3_true3_stage2gate_fixed_20260705_001/period_metrics_all.jsonl,file,ONE_OFF_EXPERIMENT_ARTIFACT,TERMINATED_EXPERIMENT_DATA,X,X,0,,7434302,7.089903,1,2026-07-05T17:07:07.111222+09:00,5.263,DELETE_OK,운영 비도달·프로세스 없음·summary.json exists; 보호 룰풀은 KEEP 분리
exp_mpc_payoff_two_gene_fullfeature_stage2_rolling_ga_3d_20260706_001/all_candidates.jsonl,file,ONE_OFF_EXPERIMENT_ARTIFACT,TERMINATED_EXPERIMENT_DATA,X,X,0,,7282542,6.945173,1,2026-07-06T01:42:23.660861+09:00,4.906,DELETE_OK,운영 비도달·프로세스 없음·summary.json exists; 보호 룰풀은 KEEP 분리
exp_mpc_payoff_two_gene_fullfeature_stage2_rolling_ga_3d_separate_highlow70_20260706_001/all_candidates.jsonl,file,ONE_OFF_EXPERIMENT_ARTIFACT,TERMINATED_EXPERIMENT_DATA,X,X,0,,7170733,6.838544,1,2026-07-06T01:55:09.822492+09:00,4.897,DELETE_OK,운영 비도달·프로세스 없음·summary.json exists; 보호 룰풀은 KEEP 분리
exp_crwd_reverse_20260612_2005/trades.jsonl,file,ONE_OFF_EXPERIMENT_ARTIFACT,TERMINATED_EXPERIMENT_DATA,X,X,0,,7007319,6.6827,1,2026-06-13T05:38:30.323965+09:00,27.742,DELETE_OK,운영 비도달·프로세스 없음·one-off experiment name; 보호 룰풀은 KEEP 분리
exp_period_lockbox_audit_cw_stage3_validate/rl_replay_trades.jsonl,file,ONE_OFF_EXPERIMENT_ARTIFACT,TERMINATED_EXPERIMENT_DATA,X,X,0,,6940731,6.619197,1,2026-06-16T09:57:30.338976+09:00,24.562,DELETE_OK,운영 비도달·프로세스 없음·one-off experiment name; 보호 룰풀은 KEEP 분리
exp_stage3_recent_min_trades_reapply_smoke_cw_20260615/rl_replay_trades.jsonl,file,ONE_OFF_EXPERIMENT_ARTIFACT,TERMINATED_EXPERIMENT_DATA,X,X,0,,6843729,6.526689,1,2026-06-15T09:52:08.924244+09:00,25.565,DELETE_OK,운영 비도달·프로세스 없음·one-off experiment name; 보호 룰풀은 KEEP 분리
exp_stage3_recent_min_trades_smoke_cw_20260615/rl_replay_trades.jsonl,file,ONE_OFF_EXPERIMENT_ARTIFACT,TERMINATED_EXPERIMENT_DATA,X,X,0,,6824041,6.507913,1,2026-06-15T09:33:12.522282+09:00,25.579,DELETE_OK,운영 비도달·프로세스 없음·one-off experiment name; 보호 룰풀은 KEEP 분리
exp_mpc_reverse_20260612_2005/trades.jsonl,file,ONE_OFF_EXPERIMENT_ARTIFACT,TERMINATED_EXPERIMENT_DATA,X,X,0,,6719327,6.40805,1,2026-06-13T06:19:05.900607+09:00,27.713,DELETE_OK,운영 비도달·프로세스 없음·one-off experiment name; 보호 룰풀은 KEEP 분리
exp_fix_range_predictor_stage2_v3_rolling_hilo_mae_20260704_001/train_gate_metrics.jsonl,file,ONE_OFF_EXPERIMENT_ARTIFACT,TERMINATED_EXPERIMENT_DATA,X,X,0,,6616315,6.30981,1,2026-07-04T22:17:07.317653+09:00,6.048,DELETE_OK,운영 비도달·프로세스 없음·summary.json exists; 보호 룰풀은 KEEP 분리
exp_mpc_payoff_two_gene_fullfeature_stage2_rolling_ga_3d_precision70_20260706_001/all_candidates.jsonl,file,ONE_OFF_EXPERIMENT_ARTIFACT,TERMINATED_EXPERIMENT_DATA,X,X,0,,6590580,6.285267,1,2026-07-06T01:49:06.476139+09:00,4.901,DELETE_OK,운영 비도달·프로세스 없음·summary.json exists; 보호 룰풀은 KEEP 분리
exp_fix_range_predictor_stage2_v3_precision_event2pct_high_20260704_001/train_gate_metrics.jsonl,file,ONE_OFF_EXPERIMENT_ARTIFACT,TERMINATED_EXPERIMENT_DATA,X,X,0,,6133524,5.849384,1,2026-07-05T00:58:02.535362+09:00,5.936,DELETE_OK,운영 비도달·프로세스 없음·summary.json exists; 보호 룰풀은 KEEP 분리
exp_fix_range_predictor_stage2_v3_hilo_mae_20260704_001/predictors_all.jsonl,file,ONE_OFF_EXPERIMENT_ARTIFACT,TERMINATED_EXPERIMENT_DATA,X,X,0,,5595646,5.336424,1,2026-07-04T21:39:56.610650+09:00,6.074,DELETE_OK,운영 비도달·프로세스 없음·summary.json exists; 보호 룰풀은 KEEP 분리
exp_fix_range_predictor_stage2_v3_stage2fixed_large_range_q70_20260704_001/predictors_all.jsonl,file,ONE_OFF_EXPERIMENT_ARTIFACT,TERMINATED_EXPERIMENT_DATA,X,X,0,,5515591,5.260077,1,2026-07-05T12:07:30.340423+09:00,5.471,DELETE_OK,운영 비도달·프로세스 없음·summary.json exists; 보호 룰풀은 KEEP 분리
exp_fix_range_predictor_stage2_v3_original_stage2_large_range_q70_20260705_001/predictors_all.jsonl,file,ONE_OFF_EXPERIMENT_ARTIFACT,TERMINATED_EXPERIMENT_DATA,X,X,0,,5498666,5.243937,1,2026-07-05T12:47:57.639075+09:00,5.443,DELETE_OK,운영 비도달·프로세스 없음·summary.json exists; 보호 룰풀은 KEEP 분리
exp_fix_range_predictor_stage2_v3_large_range_q70_20260704_001/train_gate_metrics.jsonl,file,ONE_OFF_EXPERIMENT_ARTIFACT,TERMINATED_EXPERIMENT_DATA,X,X,0,,5488402,5.234148,1,2026-07-05T08:11:40.933770+09:00,5.635,DELETE_OK,운영 비도달·프로세스 없음·summary.json exists; 보호 룰풀은 KEEP 분리
exp_fix_range_predictor_stage2_v3_tpsl_tp2_sl1_20260704_001/train_gate_metrics.jsonl,file,ONE_OFF_EXPERIMENT_ARTIFACT,TERMINATED_EXPERIMENT_DATA,X,X,0,,5449446,5.196997,1,2026-07-05T01:47:26.253054+09:00,5.902,DELETE_OK,운영 비도달·프로세스 없음·summary.json exists; 보호 룰풀은 KEEP 분리
exp_mpc_range_predictor_stage2_v3_tponly_tp2_20260704_001/train_gate_metrics.jsonl,file,ONE_OFF_EXPERIMENT_ARTIFACT,TERMINATED_EXPERIMENT_DATA,X,X,0,,5414632,5.163795,1,2026-07-05T03:29:23.747105+09:00,5.831,DELETE_OK,운영 비도달·프로세스 없음·summary.json exists; 보호 룰풀은 KEEP 분리
exp_mpc_range_predictor_stage2_v3_tpsl_tp2_sl1_20260704_001/train_gate_metrics.jsonl,file,ONE_OFF_EXPERIMENT_ARTIFACT,TERMINATED_EXPERIMENT_DATA,X,X,0,,5393414,5.14356,1,2026-07-05T02:21:16.677417+09:00,5.879,DELETE_OK,운영 비도달·프로세스 없음·summary.json exists; 보호 룰풀은 KEEP 분리
exp_fix_range_predictor_stage2_v3_high_only_20260705_001/period_metrics_all.jsonl,file,ONE_OFF_EXPERIMENT_ARTIFACT,TERMINATED_EXPERIMENT_DATA,X,X,0,,4185974,3.992056,1,2026-07-05T23:11:04.500118+09:00,5.011,DELETE_OK,운영 비도달·프로세스 없음·summary.json exists; 보호 룰풀은 KEEP 분리
exp_fix_range_predictor_stage2_v3_safeoverflow_precision_stage2gate_20260705_001/period_metrics_all.jsonl,file,ONE_OFF_EXPERIMENT_ARTIFACT,TERMINATED_EXPERIMENT_DATA,X,X,0,,4161260,3.968487,1,2026-07-05T15:41:16.876448+09:00,5.323,DELETE_OK,운영 비도달·프로세스 없음·summary.json exists; 보호 룰풀은 KEEP 분리
exp_fix_payoff_two_gene_stage2_rolling_ga_20260706_001/all_candidates.jsonl,file,ONE_OFF_EXPERIMENT_ARTIFACT,TERMINATED_EXPERIMENT_DATA,X,X,0,,3957417,3.774087,1,2026-07-06T01:02:24.800156+09:00,4.933,DELETE_OK,운영 비도달·프로세스 없음·summary.json exists; 보호 룰풀은 KEEP 분리
exp_cw_range_predictor_stage2_v3_retry_20260704_002/predictors_all.jsonl,file,ONE_OFF_EXPERIMENT_ARTIFACT,TERMINATED_EXPERIMENT_DATA,X,X,0,,3895354,3.714899,1,2026-07-04T20:06:32.522689+09:00,6.139,DELETE_OK,운영 비도달·프로세스 없음·summary.json exists; 보호 룰풀은 KEEP 분리
exp_fix_range_predictor_stage2_v3_pattern_detector_loose_20260705_001/period_metrics_all.jsonl,file,ONE_OFF_EXPERIMENT_ARTIFACT,TERMINATED_EXPERIMENT_DATA,X,X,0,,3624069,3.456182,1,2026-07-05T21:53:58.101398+09:00,5.064,DELETE_OK,운영 비도달·프로세스 없음·summary.json exists; 보호 룰풀은 KEEP 분리
data/_system/condition_db,directory,SYSTEM_DATA_DIRECTORY,TERMINATED_EXPERIMENT_DATA,X,X,0,,3511522,3.348848,6,2026-05-31T19:48:19.319783+09:00,40.151,DELETE_OK,활성 참조 0건인 구 진단/train-only/condition DB 산출물
exp_mpc_payoff_two_gene_stage2_rolling_ga_20260706_001/all_candidates.jsonl,file,ONE_OFF_EXPERIMENT_ARTIFACT,TERMINATED_EXPERIMENT_DATA,X,X,0,,3399951,3.242446,1,2026-07-06T01:23:25.200899+09:00,4.919,DELETE_OK,운영 비도달·프로세스 없음·summary.json exists; 보호 룰풀은 KEEP 분리
exp_unified_catalog_proto_20260614_0001/unified_catalog.jsonl,file,ONE_OFF_EXPERIMENT_ARTIFACT,TERMINATED_EXPERIMENT_DATA,X,X,0,,3341610,3.186808,1,2026-06-15T01:57:29.819236+09:00,25.895,DELETE_OK,운영 비도달·프로세스 없음·summary.json exists; 보호 룰풀은 KEEP 분리
exp_fix_range_predictor_stage2_v3_rolling_event2pct_20260704_001/ga_history.jsonl,file,ONE_OFF_EXPERIMENT_ARTIFACT,TERMINATED_EXPERIMENT_DATA,X,X,0,,3303345,3.150315,1,2026-07-04T23:06:39.812329+09:00,6.014,DELETE_OK,운영 비도달·프로세스 없음·summary.json exists; 보호 룰풀은 KEEP 분리
exp_fix_range_predictor_stage2_v3_coarse3_stage2gate_20260705_001/period_metrics_all.jsonl,file,ONE_OFF_EXPERIMENT_ARTIFACT,TERMINATED_EXPERIMENT_DATA,X,X,0,,3248976,3.098465,1,2026-07-05T16:04:27.299958+09:00,5.307,DELETE_OK,운영 비도달·프로세스 없음·summary.json exists; 보호 룰풀은 KEEP 분리
exp_fix_range_predictor_stage2_v3_rolling_event2pct_high_20260704_001/ga_history.jsonl,file,ONE_OFF_EXPERIMENT_ARTIFACT,TERMINATED_EXPERIMENT_DATA,X,X,0,,3167836,3.021084,1,2026-07-04T23:56:00.848026+09:00,5.979,DELETE_OK,운영 비도달·프로세스 없음·summary.json exists; 보호 룰풀은 KEEP 분리
exp_fix_range_predictor_stage2_v3_rolling_event2pct_low_20260704_001/ga_history.jsonl,file,ONE_OFF_EXPERIMENT_ARTIFACT,TERMINATED_EXPERIMENT_DATA,X,X,0,,3070494,2.928251,1,2026-07-04T23:55:15.282107+09:00,5.98,DELETE_OK,운영 비도달·프로세스 없음·summary.json exists; 보호 룰풀은 KEEP 분리
exp_fix_payoff_two_gene_stage2_rolling_ga_20260706_002/all_candidates.jsonl,file,ONE_OFF_EXPERIMENT_ARTIFACT,TERMINATED_EXPERIMENT_DATA,X,X,0,,2998361,2.85946,1,2026-07-06T01:09:27.664398+09:00,4.928,DELETE_OK,운영 비도달·프로세스 없음·summary.json exists; 보호 룰풀은 KEEP 분리
exp_fix_range_predictor_stage2_v3_low_only_20260705_001/period_metrics_all.jsonl,file,ONE_OFF_EXPERIMENT_ARTIFACT,TERMINATED_EXPERIMENT_DATA,X,X,0,,2847215,2.715316,1,2026-07-05T23:10:31.718176+09:00,5.011,DELETE_OK,운영 비도달·프로세스 없음·summary.json exists; 보호 룰풀은 KEEP 분리
exp_fix_range_predictor_stage2_v3_dense_weights_20260705_001/period_metrics_all.jsonl,file,ONE_OFF_EXPERIMENT_ARTIFACT,TERMINATED_EXPERIMENT_DATA,X,X,0,,2806844,2.676815,1,2026-07-05T22:33:21.155168+09:00,5.037,DELETE_OK,운영 비도달·프로세스 없음·summary.json exists; 보호 룰풀은 KEEP 분리
exp_hsbc_payoff_two_gene_fullfeature_stage2_rolling_ga_5d_high0p7_separate_highlow_soft_nod0_finalaudit_20260706_001/survival_pass.jsonl,file,ONE_OFF_EXPERIMENT_ARTIFACT,TERMINATED_EXPERIMENT_DATA,X,X,0,,2789210,2.659998,1,2026-07-06T13:27:11.988133+09:00,4.416,DELETE_OK,운영 비도달·프로세스 없음·summary.json exists; 보호 룰풀은 KEEP 분리
exp_hsbc_payoff_two_gene_fullfeature_stage2_rolling_ga_5d_high0p7_separate_highlow_soft_nod0_trainconsistent_20260706_001/survival_pass.jsonl,file,ONE_OFF_EXPERIMENT_ARTIFACT,TERMINATED_EXPERIMENT_DATA,X,X,0,,2789210,2.659998,1,2026-07-06T13:36:21.000150+09:00,4.41,DELETE_OK,운영 비도달·프로세스 없음·summary.json exists; 보호 룰풀은 KEEP 분리
exp_fix_range_predictor_stage2_v3_pattern_detector_20260705_001/period_metrics_all.jsonl,file,ONE_OFF_EXPERIMENT_ARTIFACT,TERMINATED_EXPERIMENT_DATA,X,X,0,,2603034,2.482447,1,2026-07-05T21:37:21.149184+09:00,5.076,DELETE_OK,운영 비도달·프로세스 없음·summary.json exists; 보호 룰풀은 KEEP 분리
exp_fix_range_predictor_stage2_v3_true3_stage2gate_20260705_001/period_metrics_all.jsonl,file,ONE_OFF_EXPERIMENT_ARTIFACT,TERMINATED_EXPERIMENT_DATA,X,X,0,,2566238,2.447355,1,2026-07-05T16:46:39.898420+09:00,5.278,DELETE_OK,운영 비도달·프로세스 없음·summary.json exists; 보호 룰풀은 KEEP 분리
exp_hsbc_payoff_two_gene_fullfeature_stage2_rolling_ga_5d_high0p5_separate_highlow_soft_stress_validation_20260706_001/survival_pass.jsonl,file,ONE_OFF_EXPERIMENT_ARTIFACT,TERMINATED_EXPERIMENT_DATA,X,X,0,,2282253,2.176526,1,2026-07-06T13:16:13.155313+09:00,4.424,DELETE_OK,운영 비도달·프로세스 없음·summary.json exists; 보호 룰풀은 KEEP 분리
exp_fix_range_predictor_stage2_v3_original_stage2_multicond_dual_hilo_20260705_001/period_metrics_all.jsonl,file,ONE_OFF_EXPERIMENT_ARTIFACT,TERMINATED_EXPERIMENT_DATA,X,X,0,,2133232,2.034409,1,2026-07-05T13:38:07.510684+09:00,5.409,DELETE_OK,운영 비도달·프로세스 없음·summary.json exists; 보호 룰풀은 KEEP 분리
exp_batch_stage23_smoke_3tickers/tickers/CW/stage2/stage25_exit/stage25_validation_trades.jsonl,file,ONE_OFF_EXPERIMENT_ARTIFACT,TERMINATED_EXPERIMENT_DATA,X,X,0,,2087876,1.991154,1,2026-06-16T14:59:17.798536+09:00,24.352,DELETE_OK,운영 비도달·프로세스 없음·batch_summary.json exists; 보호 룰풀은 KEEP 분리
exp_stage25_cw9/stage25_exit/stage25_validation_trades.jsonl,file,ONE_OFF_EXPERIMENT_ARTIFACT,TERMINATED_EXPERIMENT_DATA,X,X,0,,2087876,1.991154,1,2026-06-16T14:59:17.798536+09:00,24.352,DELETE_OK,운영 비도달·프로세스 없음·one-off experiment name; 보호 룰풀은 KEEP 분리
exp_fix_range_predictor_stage2_v3_pure_stage2_large_range_q70_20260704_001/predictors_all.jsonl,file,ONE_OFF_EXPERIMENT_ARTIFACT,TERMINATED_EXPERIMENT_DATA,X,X,0,,1837582,1.752455,1,2026-07-05T12:37:59.927146+09:00,5.45,DELETE_OK,운영 비도달·프로세스 없음·summary.json exists; 보호 룰풀은 KEEP 분리
exp_hsbc_payoff_two_gene_fullfeature_stage2_rolling_ga_5d_high0p7_separate_highlow_soft_stress_validation_20260706_001/survival_pass.jsonl,file,ONE_OFF_EXPERIMENT_ARTIFACT,TERMINATED_EXPERIMENT_DATA,X,X,0,,1759006,1.677519,1,2026-07-06T13:16:12.516314+09:00,4.424,DELETE_OK,운영 비도달·프로세스 없음·summary.json exists; 보호 룰풀은 KEEP 분리
exp_fix_range_predictor_stage2_v3_original_stage2_dual_hilo_20260705_001/period_metrics_all.jsonl,file,ONE_OFF_EXPERIMENT_ARTIFACT,TERMINATED_EXPERIMENT_DATA,X,X,0,,1695586,1.617037,1,2026-07-05T13:10:36.629641+09:00,5.428,DELETE_OK,운영 비도달·프로세스 없음·summary.json exists; 보호 룰풀은 KEEP 분리
exp_fix_range_predictor_stage2_v3_precision_event2pct_high_20260704_001/ga_history.jsonl,file,ONE_OFF_EXPERIMENT_ARTIFACT,TERMINATED_EXPERIMENT_DATA,X,X,0,,1640697,1.564691,1,2026-07-05T00:58:02.104362+09:00,5.936,DELETE_OK,운영 비도달·프로세스 없음·summary.json exists; 보호 룰풀은 KEEP 분리
exp_fix_range_predictor_stage2_v3_large_range_q70_20260704_001/ga_history.jsonl,file,ONE_OFF_EXPERIMENT_ARTIFACT,TERMINATED_EXPERIMENT_DATA,X,X,0,,1603092,1.528828,1,2026-07-05T08:11:40.640771+09:00,5.635,DELETE_OK,운영 비도달·프로세스 없음·summary.json exists; 보호 룰풀은 KEEP 분리
exp_fix_range_predictor_stage2_v3_rolling_hilo_mae_20260704_001/ga_history.jsonl,file,ONE_OFF_EXPERIMENT_ARTIFACT,TERMINATED_EXPERIMENT_DATA,X,X,0,,1578536,1.505409,1,2026-07-04T22:17:06.833654+09:00,6.048,DELETE_OK,운영 비도달·프로세스 없음·summary.json exists; 보호 룰풀은 KEEP 분리
exp_fix_range_predictor_stage2_v3_original_stage2_large_range_q70_20260705_001/period_metrics_all.jsonl,file,ONE_OFF_EXPERIMENT_ARTIFACT,TERMINATED_EXPERIMENT_DATA,X,X,0,,1473921,1.405641,1,2026-07-05T12:47:57.757075+09:00,5.443,DELETE_OK,운영 비도달·프로세스 없음·summary.json exists; 보호 룰풀은 KEEP 분리
exp_mpc_range_predictor_stage2_v3_tponly_tp2_20260704_001/ga_history.jsonl,file,ONE_OFF_EXPERIMENT_ARTIFACT,TERMINATED_EXPERIMENT_DATA,X,X,0,,1464998,1.397131,1,2026-07-05T03:29:23.389105+09:00,5.831,DELETE_OK,운영 비도달·프로세스 없음·summary.json exists; 보호 룰풀은 KEEP 분리
exp_mpc_range_predictor_stage2_v3_tpsl_tp2_sl1_20260704_001/ga_history.jsonl,file,ONE_OFF_EXPERIMENT_ARTIFACT,TERMINATED_EXPERIMENT_DATA,X,X,0,,1407539,1.342334,1,2026-07-05T02:21:16.322418+09:00,5.879,DELETE_OK,운영 비도달·프로세스 없음·summary.json exists; 보호 룰풀은 KEEP 분리
exp_hsbc_payoff_two_gene_fullfeature_stage2_rolling_ga_5d_high0p7_separate_highlow_soft_nod0_trainconsistent_20260706_001/summary.json,file,ONE_OFF_EXPERIMENT_ARTIFACT,TERMINATED_EXPERIMENT_DATA,X,X,0,,1339885,1.277814,1,2026-07-06T13:36:22.102148+09:00,4.41,DELETE_OK,운영 비도달·프로세스 없음·summary.json exists; 보호 룰풀은 KEEP 분리
exp_hsbc_payoff_two_gene_fullfeature_stage2_rolling_ga_5d_high0p7_separate_highlow_soft_nod0_finalaudit_20260706_001/summary.json,file,ONE_OFF_EXPERIMENT_ARTIFACT,TERMINATED_EXPERIMENT_DATA,X,X,0,,1294996,1.235004,1,2026-07-06T13:27:12.590132+09:00,4.416,DELETE_OK,운영 비도달·프로세스 없음·summary.json exists; 보호 룰풀은 KEEP 분리
exp_fix_range_predictor_stage2_v3_tpsl_tp2_sl1_20260704_001/ga_history.jsonl,file,ONE_OFF_EXPERIMENT_ARTIFACT,TERMINATED_EXPERIMENT_DATA,X,X,0,,1285604,1.226048,1,2026-07-05T01:47:25.894055+09:00,5.902,DELETE_OK,운영 비도달·프로세스 없음·summary.json exists; 보호 룰풀은 KEEP 분리
exp_fix_range_predictor_stage2_v3_coarse3_stage2gate_20260705_001/ga_history.jsonl,file,ONE_OFF_EXPERIMENT_ARTIFACT,TERMINATED_EXPERIMENT_DATA,X,X,0,,1173060,1.118717,1,2026-07-05T16:04:27.108958+09:00,5.307,DELETE_OK,운영 비도달·프로세스 없음·summary.json exists; 보호 룰풀은 KEEP 분리
exp_fix_range_predictor_stage2_v3_coarse3_stage2gate_loose_20260705_001/ga_history.jsonl,file,ONE_OFF_EXPERIMENT_ARTIFACT,TERMINATED_EXPERIMENT_DATA,X,X,0,,1173051,1.118709,1,2026-07-05T16:20:24.967242+09:00,5.296,DELETE_OK,운영 비도달·프로세스 없음·summary.json exists; 보호 룰풀은 KEEP 분리
exp_fix_range_predictor_stage2_v3_safeoverflow_precision_stage2gate_20260705_001/ga_history.jsonl,file,ONE_OFF_EXPERIMENT_ARTIFACT,TERMINATED_EXPERIMENT_DATA,X,X,0,,996816,0.950638,1,2026-07-05T15:41:16.636449+09:00,5.323,DELETE_OK,운영 비도달·프로세스 없음·summary.json exists; 보호 룰풀은 KEEP 분리
exp_fix_range_predictor_stage2_v3_pattern_detector_loose_20260705_001/ga_history.jsonl,file,ONE_OFF_EXPERIMENT_ARTIFACT,TERMINATED_EXPERIMENT_DATA,X,X,0,,995764,0.949635,1,2026-07-05T21:53:57.904399+09:00,5.064,DELETE_OK,운영 비도달·프로세스 없음·summary.json exists; 보호 룰풀은 KEEP 분리
exp_fix_range_predictor_stage2_v3_pattern_detector_20260705_001/ga_history.jsonl,file,ONE_OFF_EXPERIMENT_ARTIFACT,TERMINATED_EXPERIMENT_DATA,X,X,0,,926163,0.883258,1,2026-07-05T21:37:21.019184+09:00,5.076,DELETE_OK,운영 비도달·프로세스 없음·summary.json exists; 보호 룰풀은 KEEP 분리
exp_fix_range_predictor_stage2_v3_low_danger2_safe02_open_gate_20260705_001/ga_history.jsonl,file,ONE_OFF_EXPERIMENT_ARTIFACT,TERMINATED_EXPERIMENT_DATA,X,X,0,,913795,0.871463,1,2026-07-05T14:53:05.807627+09:00,5.356,DELETE_OK,운영 비도달·프로세스 없음·summary.json exists; 보호 룰풀은 KEEP 분리
exp_fix_range_predictor_stage2_v3_low_danger17_safe03_open_gate_20260705_001/ga_history.jsonl,file,ONE_OFF_EXPERIMENT_ARTIFACT,TERMINATED_EXPERIMENT_DATA,X,X,0,,912661,0.870381,1,2026-07-05T15:14:02.312376+09:00,5.342,DELETE_OK,운영 비도달·프로세스 없음·summary.json exists; 보호 룰풀은 KEEP 분리
exp_fix_range_predictor_stage2_v3_no_danger_learning_open_gate_20260705_001/ga_history.jsonl,file,ONE_OFF_EXPERIMENT_ARTIFACT,TERMINATED_EXPERIMENT_DATA,X,X,0,,911215,0.869002,1,2026-07-05T14:28:45.098243+09:00,5.373,DELETE_OK,운영 비도달·프로세스 없음·summary.json exists; 보호 룰풀은 KEEP 분리
exp_fix_range_predictor_stage2_v3_true3_stage2gate_fixed_20260705_001/ga_history.jsonl,file,ONE_OFF_EXPERIMENT_ARTIFACT,TERMINATED_EXPERIMENT_DATA,X,X,0,,905166,0.863234,1,2026-07-05T17:07:06.691223+09:00,5.263,DELETE_OK,운영 비도달·프로세스 없음·summary.json exists; 보호 룰풀은 KEEP 분리
exp_hsbc_high0p7_soft_nod0_trainconsistent_smoke_20260706_001/all_candidates.jsonl,file,ONE_OFF_EXPERIMENT_ARTIFACT,TERMINATED_EXPERIMENT_DATA,X,X,0,,890036,0.848804,1,2026-07-06T13:34:58.402297+09:00,4.411,DELETE_OK,운영 비도달·프로세스 없음·summary.json exists; 보호 룰풀은 KEEP 분리
exp_hsbc_high0p7_soft_nod0_finalaudit_smoke_20260706_001/all_candidates.jsonl,file,ONE_OFF_EXPERIMENT_ARTIFACT,TERMINATED_EXPERIMENT_DATA,X,X,0,,888884,0.847706,1,2026-07-06T13:25:45.985287+09:00,4.417,DELETE_OK,운영 비도달·프로세스 없음·summary.json exists; 보호 룰풀은 KEEP 분리
exp_fix_range_predictor_stage2_v3_true3_stage2gate_20260705_001/ga_history.jsonl,file,ONE_OFF_EXPERIMENT_ARTIFACT,TERMINATED_EXPERIMENT_DATA,X,X,0,,882714,0.841822,1,2026-07-05T16:46:39.744421+09:00,5.278,DELETE_OK,운영 비도달·프로세스 없음·summary.json exists; 보호 룰풀은 KEEP 분리
exp_mpc_high0p5_soft_stressval_smoke_20260706_001/all_candidates.jsonl,file,ONE_OFF_EXPERIMENT_ARTIFACT,TERMINATED_EXPERIMENT_DATA,X,X,0,,859056,0.81926,1,2026-07-06T13:03:47.962647+09:00,4.432,DELETE_OK,운영 비도달·프로세스 없음·summary.json exists; 보호 룰풀은 KEEP 분리
data/_system/swing_trainonly,directory,SYSTEM_DATA_DIRECTORY,TERMINATED_EXPERIMENT_DATA,X,X,0,,856364,0.816692,23,2026-06-02T06:12:59.880035+09:00,38.718,DELETE_OK,활성 참조 0건인 구 진단/train-only/condition DB 산출물
exp_mpc_payoff_two_gene_fullfeature_stage2_rolling_ga_5d_high0p5_separate_highlow_soft_stress_validation_20260706_001/summary.json,file,ONE_OFF_EXPERIMENT_ARTIFACT,TERMINATED_EXPERIMENT_DATA,X,X,0,,781654,0.745443,1,2026-07-06T13:05:15.374491+09:00,4.431,DELETE_OK,운영 비도달·프로세스 없음·summary.json exists; 보호 룰풀은 KEEP 분리
exp_hsbc_payoff_two_gene_fullfeature_stage2_rolling_ga_5d_high0p5_separate_highlow_soft_stress_validation_20260706_001/summary.json,file,ONE_OFF_EXPERIMENT_ARTIFACT,TERMINATED_EXPERIMENT_DATA,X,X,0,,780585,0.744424,1,2026-07-06T13:16:13.213313+09:00,4.424,DELETE_OK,운영 비도달·프로세스 없음·summary.json exists; 보호 룰풀은 KEEP 분리
exp_hsbc_payoff_two_gene_fullfeature_stage2_rolling_ga_5d_high0p7_separate_highlow_soft_stress_validation_20260706_001/summary.json,file,ONE_OFF_EXPERIMENT_ARTIFACT,TERMINATED_EXPERIMENT_DATA,X,X,0,,778767,0.74269,1,2026-07-06T13:16:12.573314+09:00,4.424,DELETE_OK,운영 비도달·프로세스 없음·summary.json exists; 보호 룰풀은 KEEP 분리
exp_fix_payoff_two_gene_ga_20260706_001/candidates_top.jsonl,file,ONE_OFF_EXPERIMENT_ARTIFACT,TERMINATED_EXPERIMENT_DATA,X,X,0,,773395,0.737567,1,2026-07-06T00:45:51.797934+09:00,4.945,DELETE_OK,운영 비도달·프로세스 없음·summary.json exists; 보호 룰풀은 KEEP 분리
exp_cw_range_predictor_stage2_v3_retry_20260704_002/period_metrics_all.jsonl,file,ONE_OFF_EXPERIMENT_ARTIFACT,TERMINATED_EXPERIMENT_DATA,X,X,0,,747860,0.713215,1,2026-07-04T20:06:32.587689+09:00,6.139,DELETE_OK,운영 비도달·프로세스 없음·summary.json exists; 보호 룰풀은 KEEP 분리
exp_fix_range_predictor_stage2_v3_hilo_mae_20260704_001/train_gate_metrics.jsonl,file,ONE_OFF_EXPERIMENT_ARTIFACT,TERMINATED_EXPERIMENT_DATA,X,X,0,,724704,0.691132,1,2026-07-04T21:39:56.675650+09:00,6.074,DELETE_OK,운영 비도달·프로세스 없음·summary.json exists; 보호 룰풀은 KEEP 분리
exp_fix_range_predictor_stage2_v3_stage2fixed_large_range_q70_20260704_001/train_gate_metrics.jsonl,file,ONE_OFF_EXPERIMENT_ARTIFACT,TERMINATED_EXPERIMENT_DATA,X,X,0,,687020,0.655193,1,2026-07-05T12:07:30.399423+09:00,5.471,DELETE_OK,운영 비도달·프로세스 없음·summary.json exists; 보호 룰풀은 KEEP 분리
exp_fix_range_predictor_stage2_v3_dense_weights_20260705_001/ga_history.jsonl,file,ONE_OFF_EXPERIMENT_ARTIFACT,TERMINATED_EXPERIMENT_DATA,X,X,0,,675209,0.643929,1,2026-07-05T22:33:20.981169+09:00,5.037,DELETE_OK,운영 비도달·프로세스 없음·summary.json exists; 보호 룰풀은 KEEP 분리
exp_hsbc_high0p7_soft_nod0_trainconsistent_smoke_20260706_001/summary.json,file,ONE_OFF_EXPERIMENT_ARTIFACT,TERMINATED_EXPERIMENT_DATA,X,X,0,,647492,0.617496,1,2026-07-06T13:34:58.441298+09:00,4.411,DELETE_OK,운영 비도달·프로세스 없음·summary.json exists; 보호 룰풀은 KEEP 분리
exp_hsbc_high0p7_soft_nod0_finalaudit_smoke_20260706_001/summary.json,file,ONE_OFF_EXPERIMENT_ARTIFACT,TERMINATED_EXPERIMENT_DATA,X,X,0,,646683,0.616725,1,2026-07-06T13:25:46.026287+09:00,4.417,DELETE_OK,운영 비도달·프로세스 없음·summary.json exists; 보호 룰풀은 KEEP 분리
exp_hsbc_payoff_two_gene_fullfeature_stage2_rolling_ga_5d_high0p7_soft_stress_validation_smoke_20260706_001/all_candidates.jsonl,file,ONE_OFF_EXPERIMENT_ARTIFACT,TERMINATED_EXPERIMENT_DATA,X,X,0,,596882,0.569231,1,2026-07-06T13:14:47.549466+09:00,4.425,DELETE_OK,운영 비도달·프로세스 없음·summary.json exists; 보호 룰풀은 KEEP 분리
exp_mpc_payoff_two_gene_fullfeature_stage2_rolling_ga_smoke_20260706_001/all_candidates.jsonl,file,ONE_OFF_EXPERIMENT_ARTIFACT,TERMINATED_EXPERIMENT_DATA,X,X,0,,595091,0.567523,1,2026-07-06T01:32:43.923899+09:00,4.912,DELETE_OK,운영 비도달·프로세스 없음·summary.json exists; 보호 룰풀은 KEEP 분리
exp_fix_range_predictor_stage2_v3_original_stage2_multicond_dual_hilo_20260705_001/ga_history.jsonl,file,ONE_OFF_EXPERIMENT_ARTIFACT,TERMINATED_EXPERIMENT_DATA,X,X,0,,593337,0.56585,1,2026-07-05T13:38:07.380684+09:00,5.409,DELETE_OK,운영 비도달·프로세스 없음·summary.json exists; 보호 룰풀은 KEEP 분리
exp_mpc_payoff_two_gene_fullfeature_stage2_rolling_ga_5d_separate_highlow70_smoke_20260706_001/all_candidates.jsonl,file,ONE_OFF_EXPERIMENT_ARTIFACT,TERMINATED_EXPERIMENT_DATA,X,X,0,,589642,0.562326,1,2026-07-06T02:00:32.775917+09:00,4.893,DELETE_OK,운영 비도달·프로세스 없음·summary.json exists; 보호 룰풀은 KEEP 분리
exp_mpc_payoff_two_gene_fullfeature_stage2_rolling_ga_5d_separate_highlow70_stress_validation_smoke_20260706_001/all_candidates.jsonl,file,ONE_OFF_EXPERIMENT_ARTIFACT,TERMINATED_EXPERIMENT_DATA,X,X,0,,584922,0.557825,1,2026-07-06T12:45:51.099578+09:00,4.445,DELETE_OK,운영 비도달·프로세스 없음·summary.json exists; 보호 룰풀은 KEEP 분리
exp_mpc_high07_stressval_smoke_20260706_001/all_candidates.jsonl,file,ONE_OFF_EXPERIMENT_ARTIFACT,TERMINATED_EXPERIMENT_DATA,X,X,0,,584627,0.557544,1,2026-07-06T12:53:19.267774+09:00,4.44,DELETE_OK,운영 비도달·프로세스 없음·summary.json exists; 보호 룰풀은 KEEP 분리
exp_fix_range_predictor_stage2_v3_low_only_20260705_001/ga_history.jsonl,file,ONE_OFF_EXPERIMENT_ARTIFACT,TERMINATED_EXPERIMENT_DATA,X,X,0,,566262,0.54003,1,2026-07-05T23:10:31.547176+09:00,5.011,DELETE_OK,운영 비도달·프로세스 없음·summary.json exists; 보호 룰풀은 KEEP 분리
exp_mpc_payoff_two_gene_fullfeature_stage2_rolling_ga_5d_high0p7_separate_highlow_soft_stress_validation_20260706_001/summary.json,file,ONE_OFF_EXPERIMENT_ARTIFACT,TERMINATED_EXPERIMENT_DATA,X,X,0,,552841,0.52723,1,2026-07-06T13:05:17.712487+09:00,4.431,DELETE_OK,운영 비도달·프로세스 없음·summary.json exists; 보호 룰풀은 KEEP 분리
exp_mpc_payoff_two_gene_fullfeature_stage2_rolling_ga_3d_separate_highlow70_smoke_20260706_001/all_candidates.jsonl,file,ONE_OFF_EXPERIMENT_ARTIFACT,TERMINATED_EXPERIMENT_DATA,X,X,0,,540721,0.515672,1,2026-07-06T01:53:55.269624+09:00,4.898,DELETE_OK,운영 비도달·프로세스 없음·summary.json exists; 보호 룰풀은 KEEP 분리
exp_fix_range_predictor_stage2_v3_high_only_20260705_001/ga_history.jsonl,file,ONE_OFF_EXPERIMENT_ARTIFACT,TERMINATED_EXPERIMENT_DATA,X,X,0,,532688,0.508011,1,2026-07-05T23:11:04.257118+09:00,5.011,DELETE_OK,운영 비도달·프로세스 없음·summary.json exists; 보호 룰풀은 KEEP 분리
exp_batch_CE_multifeature_20260708/tickers/CE/stage3/stage3_ineligible.jsonl,file,ONE_OFF_EXPERIMENT_ARTIFACT,TERMINATED_EXPERIMENT_DATA,X,X,0,,523010,0.498781,1,2026-07-09T12:27:32.317186+09:00,1.458,DELETE_OK,운영 비도달·프로세스 없음·run_status stage2/stage3/compare complete; 보호 룰풀은 KEEP 분리
exp_hsbc_payoff_two_gene_fullfeature_stage2_rolling_ga_5d_high0p7_separate_highlow_soft_nod0_trainconsistent_20260706_001/validation_pool_min_signal.jsonl,file,ONE_OFF_EXPERIMENT_ARTIFACT,TERMINATED_EXPERIMENT_DATA,X,X,0,,513426,0.489641,1,2026-07-06T13:36:21.516149+09:00,4.41,DELETE_OK,운영 비도달·프로세스 없음·summary.json exists; 보호 룰풀은 KEEP 분리
exp_hsbc_payoff_two_gene_fullfeature_stage2_rolling_ga_5d_high0p7_separate_highlow_soft_nod0_finalaudit_20260706_001/validation_pool_min_signal.jsonl,file,ONE_OFF_EXPERIMENT_ARTIFACT,TERMINATED_EXPERIMENT_DATA,X,X,0,,513425,0.48964,1,2026-07-06T13:27:12.513132+09:00,4.416,DELETE_OK,운영 비도달·프로세스 없음·summary.json exists; 보호 룰풀은 KEEP 분리
exp_batch_CE_materials_retrain_20260708/tickers/CE/stage3/stage3_ineligible.jsonl,file,ONE_OFF_EXPERIMENT_ARTIFACT,TERMINATED_EXPERIMENT_DATA,X,X,0,,503761,0.480424,1,2026-07-09T10:19:02.116995+09:00,1.547,DELETE_OK,운영 비도달·프로세스 없음·run_status stage2/stage3/compare complete; 보호 룰풀은 KEEP 분리
exp_fix_range_predictor_stage2_v3_original_stage2_dual_hilo_20260705_001/ga_history.jsonl,file,ONE_OFF_EXPERIMENT_ARTIFACT,TERMINATED_EXPERIMENT_DATA,X,X,0,,497301,0.474263,1,2026-07-05T13:10:36.506641+09:00,5.428,DELETE_OK,운영 비도달·프로세스 없음·summary.json exists; 보호 룰풀은 KEEP 분리
exp_mpc_payoff_two_gene_fullfeature_stage2_rolling_ga_3d_precision70_smoke_20260706_001/all_candidates.jsonl,file,ONE_OFF_EXPERIMENT_ARTIFACT,TERMINATED_EXPERIMENT_DATA,X,X,0,,494345,0.471444,1,2026-07-06T01:48:07.487245+09:00,4.902,DELETE_OK,운영 비도달·프로세스 없음·summary.json exists; 보호 룰풀은 KEEP 분리
exp_period_lockbox_audit_cw_stage2/period_metrics_all.csv,file,ONE_OFF_EXPERIMENT_ARTIFACT,TERMINATED_EXPERIMENT_DATA,X,X,0,,493978,0.471094,1,2026-06-16T09:55:01.278243+09:00,24.563,DELETE_OK,운영 비도달·프로세스 없음·summary.json exists; 보호 룰풀은 KEEP 분리
data/_system/clean_spread_trainonly,directory,SYSTEM_DATA_DIRECTORY,TERMINATED_EXPERIMENT_DATA,X,X,0,,462223,0.44081,17,2026-06-02T04:58:03.905263+09:00,38.77,DELETE_OK,활성 참조 0건인 구 진단/train-only/condition DB 산출물
exp_batch_stage23_smoke_3/tickers/CRWD/stage2/period_metrics_all.csv,file,ONE_OFF_EXPERIMENT_ARTIFACT,TERMINATED_EXPERIMENT_DATA,X,X,0,,436996,0.416752,1,2026-06-16T05:51:12.214461+09:00,24.733,DELETE_OK,운영 비도달·프로세스 없음·batch_summary.json exists; 보호 룰풀은 KEEP 분리
exp_batch_stage23_smoke_3tickers/tickers/CRWD/stage2_retry2/period_metrics_all.csv,file,ONE_OFF_EXPERIMENT_ARTIFACT,TERMINATED_EXPERIMENT_DATA,X,X,0,,436996,0.416752,1,2026-06-16T08:00:59.529516+09:00,24.643,DELETE_OK,운영 비도달·프로세스 없음·batch_summary.json exists; 보호 룰풀은 KEEP 분리
exp_batch_stage23_smoke_3/tickers/WELL/stage2/period_metrics_all.csv,file,ONE_OFF_EXPERIMENT_ARTIFACT,TERMINATED_EXPERIMENT_DATA,X,X,0,,424703,0.405028,1,2026-06-16T06:07:55.355666+09:00,24.721,DELETE_OK,운영 비도달·프로세스 없음·batch_summary.json exists; 보호 룰풀은 KEEP 분리
exp_batch_stage23_smoke_3tickers/tickers/WELL/stage2/period_metrics_all.csv,file,ONE_OFF_EXPERIMENT_ARTIFACT,TERMINATED_EXPERIMENT_DATA,X,X,0,,424703,0.405028,1,2026-06-16T08:17:47.943710+09:00,24.631,DELETE_OK,운영 비도달·프로세스 없음·batch_summary.json exists; 보호 룰풀은 KEEP 분리
exp_batch_stage123_2009_20260616_smoke10/tickers/A/stage2/period_metrics_all.csv,file,ONE_OFF_EXPERIMENT_ARTIFACT,TERMINATED_EXPERIMENT_DATA,X,X,0,,423118,0.403517,1,2026-06-17T01:58:00.742779+09:00,23.895,DELETE_OK,운영 비도달·프로세스 없음·batch_summary.json exists; 보호 룰풀은 KEEP 분리
exp_batch_CE_multifeature_20260708/inputs/market_history_with_ce_multifeatures.csv,file,ONE_OFF_EXPERIMENT_ARTIFACT,TERMINATED_EXPERIMENT_DATA,X,X,0,,417815,0.398459,1,2026-07-09T08:37:34.759888+09:00,1.617,DELETE_OK,운영 비도달·프로세스 없음·run_status stage2/stage3/compare complete; 보호 룰풀은 KEEP 분리
exp_batch_stage23_smoke_3/tickers/CW/stage2/period_metrics_all.csv,file,ONE_OFF_EXPERIMENT_ARTIFACT,TERMINATED_EXPERIMENT_DATA,X,X,0,,415627,0.396373,1,2026-06-16T05:28:48.991862+09:00,24.748,DELETE_OK,운영 비도달·프로세스 없음·batch_summary.json exists; 보호 룰풀은 KEEP 분리
exp_batch_stage23_smoke_3tickers/tickers/CW/stage2/period_metrics_all.csv,file,ONE_OFF_EXPERIMENT_ARTIFACT,TERMINATED_EXPERIMENT_DATA,X,X,0,,415627,0.396373,1,2026-06-16T07:10:28.881944+09:00,24.678,DELETE_OK,운영 비도달·프로세스 없음·batch_summary.json exists; 보호 룰풀은 KEEP 분리
exp_batch_CE_multifeature_20260708/tickers/CE/stage2/period_metrics_all.csv,file,ONE_OFF_EXPERIMENT_ARTIFACT,TERMINATED_EXPERIMENT_DATA,X,X,0,,415008,0.395782,1,2026-07-09T08:37:33.271890+09:00,1.617,DELETE_OK,운영 비도달·프로세스 없음·run_status stage2/stage3/compare complete; 보호 룰풀은 KEEP 분리
exp_fix_payoff_pattern_classifier_20260705_001/summary.json,file,ONE_OFF_EXPERIMENT_ARTIFACT,TERMINATED_EXPERIMENT_DATA,X,X,0,,414092,0.394909,1,2026-07-05T23:27:56.459306+09:00,4.999,DELETE_OK,운영 비도달·프로세스 없음·summary.json exists; 보호 룰풀은 KEEP 분리
exp_batch_CE_materials_retrain_20260708/tickers/CE/stage2/period_metrics_all.csv,file,ONE_OFF_EXPERIMENT_ARTIFACT,TERMINATED_EXPERIMENT_DATA,X,X,0,,405980,0.387173,1,2026-07-09T08:03:31.827545+09:00,1.641,DELETE_OK,운영 비도달·프로세스 없음·run_status stage2/stage3/compare complete; 보호 룰풀은 KEEP 분리
exp_mpc_payoff_two_gene_fullfeature_stage2_rolling_ga_5d_high0p5_separate_highlow70_stress_validation_20260706_001/summary.json,file,ONE_OFF_EXPERIMENT_ARTIFACT,TERMINATED_EXPERIMENT_DATA,X,X,0,,399503,0.380996,1,2026-07-06T12:54:40.253629+09:00,4.439,DELETE_OK,운영 비도달·프로세스 없음·summary.json exists; 보호 룰풀은 KEEP 분리
exp_mpc_high0p5_soft_stressval_smoke_20260706_001/summary.json,file,ONE_OFF_EXPERIMENT_ARTIFACT,TERMINATED_EXPERIMENT_DATA,X,X,0,,394169,0.375909,1,2026-07-06T13:03:47.993647+09:00,4.432,DELETE_OK,운영 비도달·프로세스 없음·summary.json exists; 보호 룰풀은 KEEP 분리
exp_mpc_payoff_two_gene_fullfeature_stage2_rolling_ga_20260706_001/summary.json,file,ONE_OFF_EXPERIMENT_ARTIFACT,TERMINATED_EXPERIMENT_DATA,X,X,0,,387834,0.369867,1,2026-07-06T01:34:21.938723+09:00,4.911,DELETE_OK,운영 비도달·프로세스 없음·summary.json exists; 보호 룰풀은 KEEP 분리
exp_mpc_payoff_two_gene_fullfeature_stage2_rolling_ga_5d_separate_highlow70_20260706_001/summary.json,file,ONE_OFF_EXPERIMENT_ARTIFACT,TERMINATED_EXPERIMENT_DATA,X,X,0,,387321,0.369378,1,2026-07-06T02:01:42.942792+09:00,4.892,DELETE_OK,운영 비도달·프로세스 없음·summary.json exists; 보호 룰풀은 KEEP 분리
exp_mpc_payoff_two_gene_fullfeature_stage2_rolling_ga_3d_20260706_001/summary.json,file,ONE_OFF_EXPERIMENT_ARTIFACT,TERMINATED_EXPERIMENT_DATA,X,X,0,,385724,0.367855,1,2026-07-06T01:42:23.690861+09:00,4.906,DELETE_OK,운영 비도달·프로세스 없음·summary.json exists; 보호 룰풀은 KEEP 분리
exp_mpc_payoff_two_gene_fullfeature_stage2_rolling_ga_5d_high0p7_separate_highlow70_stress_validation_20260706_001/summary.json,file,ONE_OFF_EXPERIMENT_ARTIFACT,TERMINATED_EXPERIMENT_DATA,X,X,0,,385104,0.367264,1,2026-07-06T12:55:23.454552+09:00,4.438,DELETE_OK,운영 비도달·프로세스 없음·summary.json exists; 보호 룰풀은 KEEP 분리
exp_mpc_payoff_two_gene_fullfeature_stage2_rolling_ga_5d_high1p0_separate_highlow70_stress_validation_20260706_001/summary.json,file,EXACT_DUPLICATE_REVIEW,TERMINATED_EXPERIMENT_DATA,X,X,0,,382376,0.364662,1,2026-07-06T12:55:22.129554+09:00,4.438,DELETE_OK,운영 비도달·프로세스 없음·summary.json exists; 보호 룰풀은 KEEP 분리
exp_mpc_payoff_two_gene_fullfeature_stage2_rolling_ga_5d_separate_highlow70_stress_validation_20260706_001/summary.json,file,EXACT_DUPLICATE_REVIEW,TERMINATED_EXPERIMENT_DATA,X,X,0,,382376,0.364662,1,2026-07-06T12:47:06.400443+09:00,4.444,DELETE_OK,운영 비도달·프로세스 없음·summary.json exists; 보호 룰풀은 KEEP 분리
exp_mpc_payoff_two_gene_fullfeature_stage2_rolling_ga_5d_high0p8_separate_highlow70_stress_validation_20260706_001/summary.json,file,ONE_OFF_EXPERIMENT_ARTIFACT,TERMINATED_EXPERIMENT_DATA,X,X,0,,382235,0.364528,1,2026-07-06T12:55:22.580553+09:00,4.438,DELETE_OK,운영 비도달·프로세스 없음·summary.json exists; 보호 룰풀은 KEEP 분리
exp_fix_payoff_pattern_classifier_noleak_08_20260705_001/summary.json,file,ONE_OFF_EXPERIMENT_ARTIFACT,TERMINATED_EXPERIMENT_DATA,X,X,0,,378072,0.360558,1,2026-07-06T00:16:10.952123+09:00,4.965,DELETE_OK,운영 비도달·프로세스 없음·summary.json exists; 보호 룰풀은 KEEP 분리
exp_mpc_payoff_two_gene_fullfeature_stage2_rolling_ga_smoke_20260706_001/summary.json,file,ONE_OFF_EXPERIMENT_ARTIFACT,TERMINATED_EXPERIMENT_DATA,X,X,0,,373253,0.355962,1,2026-07-06T01:32:43.947899+09:00,4.912,DELETE_OK,운영 비도달·프로세스 없음·summary.json exists; 보호 룰풀은 KEEP 분리
exp_fix_payoff_pattern_classifier_20260705_001/top_thresholds.json,file,ONE_OFF_EXPERIMENT_ARTIFACT,TERMINATED_EXPERIMENT_DATA,X,X,0,,368552,0.351479,1,2026-07-05T23:27:56.474306+09:00,4.999,DELETE_OK,운영 비도달·프로세스 없음·summary.json exists; 보호 룰풀은 KEEP 분리
exp_mpc_payoff_two_gene_fullfeature_stage2_rolling_ga_5d_separate_highlow70_stress_validation_smoke_20260706_001/summary.json,file,ONE_OFF_EXPERIMENT_ARTIFACT,TERMINATED_EXPERIMENT_DATA,X,X,0,,360626,0.34392,1,2026-07-06T12:45:51.125578+09:00,4.445,DELETE_OK,운영 비도달·프로세스 없음·summary.json exists; 보호 룰풀은 KEEP 분리
exp_mpc_high07_stressval_smoke_20260706_001/summary.json,file,ONE_OFF_EXPERIMENT_ARTIFACT,TERMINATED_EXPERIMENT_DATA,X,X,0,,360138,0.343454,1,2026-07-06T12:53:19.295774+09:00,4.44,DELETE_OK,운영 비도달·프로세스 없음·summary.json exists; 보호 룰풀은 KEEP 분리
exp_mpc_payoff_two_gene_fullfeature_stage2_rolling_ga_5d_separate_highlow70_smoke_20260706_001/summary.json,file,ONE_OFF_EXPERIMENT_ARTIFACT,TERMINATED_EXPERIMENT_DATA,X,X,0,,357251,0.340701,1,2026-07-06T02:00:32.802917+09:00,4.893,DELETE_OK,운영 비도달·프로세스 없음·summary.json exists; 보호 룰풀은 KEEP 분리
exp_mpc_payoff_two_gene_fullfeature_stage2_rolling_ga_3d_separate_highlow70_20260706_001/summary.json,file,ONE_OFF_EXPERIMENT_ARTIFACT,TERMINATED_EXPERIMENT_DATA,X,X,0,,354989,0.338544,1,2026-07-06T01:55:09.849492+09:00,4.897,DELETE_OK,운영 비도달·프로세스 없음·summary.json exists; 보호 룰풀은 KEEP 분리
exp_hsbc_payoff_two_gene_fullfeature_stage2_rolling_ga_5d_high0p7_soft_stress_validation_smoke_20260706_001/summary.json,file,ONE_OFF_EXPERIMENT_ARTIFACT,TERMINATED_EXPERIMENT_DATA,X,X,0,,352612,0.336277,1,2026-07-06T13:14:47.568466+09:00,4.425,DELETE_OK,운영 비도달·프로세스 없음·summary.json exists; 보호 룰풀은 KEEP 분리
exp_mpc_payoff_two_gene_fullfeature_stage2_rolling_ga_3d_smoke_20260706_001/all_candidates.jsonl,file,ONE_OFF_EXPERIMENT_ARTIFACT,TERMINATED_EXPERIMENT_DATA,X,X,0,,348857,0.332696,1,2026-07-06T01:41:00.012010+09:00,4.907,DELETE_OK,운영 비도달·프로세스 없음·summary.json exists; 보호 룰풀은 KEEP 분리
exp_mpc_payoff_two_gene_fullfeature_stage2_rolling_ga_3d_separate_highlow70_smoke_20260706_001/summary.json,file,ONE_OFF_EXPERIMENT_ARTIFACT,TERMINATED_EXPERIMENT_DATA,X,X,0,,338899,0.323199,1,2026-07-06T01:53:55.289624+09:00,4.898,DELETE_OK,운영 비도달·프로세스 없음·summary.json exists; 보호 룰풀은 KEEP 분리
exp_fix_payoff_pattern_classifier_noleak_08_20260705_001/top_thresholds.json,file,ONE_OFF_EXPERIMENT_ARTIFACT,TERMINATED_EXPERIMENT_DATA,X,X,0,,335511,0.319968,1,2026-07-06T00:16:10.966123+09:00,4.965,DELETE_OK,운영 비도달·프로세스 없음·summary.json exists; 보호 룰풀은 KEEP 분리
exp_mpc_payoff_two_gene_fullfeature_stage2_rolling_ga_3d_precision70_20260706_001/summary.json,file,ONE_OFF_EXPERIMENT_ARTIFACT,TERMINATED_EXPERIMENT_DATA,X,X,0,,330304,0.315002,1,2026-07-06T01:49:06.503139+09:00,4.901,DELETE_OK,운영 비도달·프로세스 없음·summary.json exists; 보호 룰풀은 KEEP 분리
exp_batch_stage23_smoke_3tickers/tickers/CW/stage2/stage25_exit/stage25_validation.json,file,EXACT_DUPLICATE_REVIEW,TERMINATED_EXPERIMENT_DATA,X,X,0,,323509,0.308522,1,2026-06-16T14:59:17.819535+09:00,24.352,DELETE_OK,운영 비도달·프로세스 없음·batch_summary.json exists; 보호 룰풀은 KEEP 분리
exp_stage25_cw9/stage25_exit/stage25_validation.json,file,EXACT_DUPLICATE_REVIEW,TERMINATED_EXPERIMENT_DATA,X,X,0,,323509,0.308522,1,2026-06-16T14:59:17.819535+09:00,24.352,DELETE_OK,운영 비도달·프로세스 없음·one-off experiment name; 보호 룰풀은 KEEP 분리
exp_mpc_payoff_two_gene_fullfeature_stage2_rolling_ga_3d_precision70_smoke_20260706_001/summary.json,file,ONE_OFF_EXPERIMENT_ARTIFACT,TERMINATED_EXPERIMENT_DATA,X,X,0,,314509,0.299939,1,2026-07-06T01:48:07.512245+09:00,4.902,DELETE_OK,운영 비도달·프로세스 없음·summary.json exists; 보호 룰풀은 KEEP 분리
exp_fix_range_predictor_stage2_v3_pattern_detector_20260705_001/early_cut_log.jsonl,file,ONE_OFF_EXPERIMENT_ARTIFACT,TERMINATED_EXPERIMENT_DATA,X,X,0,,302652,0.288631,1,2026-07-05T21:37:21.171184+09:00,5.076,DELETE_OK,운영 비도달·프로세스 없음·summary.json exists; 보호 룰풀은 KEEP 분리
exp_batch_CE_materials_retrain_20260708/inputs/market_history_with_sector_materials.csv,file,ONE_OFF_EXPERIMENT_ARTIFACT,TERMINATED_EXPERIMENT_DATA,X,X,0,,300063,0.286162,1,2026-07-09T08:03:32.917543+09:00,1.641,DELETE_OK,운영 비도달·프로세스 없음·run_status stage2/stage3/compare complete; 보호 룰풀은 KEEP 분리
exp_mpc_payoff_two_gene_fullfeature_stage2_rolling_ga_3d_smoke_20260706_001/summary.json,file,ONE_OFF_EXPERIMENT_ARTIFACT,TERMINATED_EXPERIMENT_DATA,X,X,0,,299757,0.285871,1,2026-07-06T01:41:00.035010+09:00,4.907,DELETE_OK,운영 비도달·프로세스 없음·summary.json exists; 보호 룰풀은 KEEP 분리
exp_fix_payoff_pattern_classifier_strict_20260705_001/summary.json,file,ONE_OFF_EXPERIMENT_ARTIFACT,TERMINATED_EXPERIMENT_DATA,X,X,0,,295511,0.281821,1,2026-07-05T23:28:36.354234+09:00,4.998,DELETE_OK,운영 비도달·프로세스 없음·summary.json exists; 보호 룰풀은 KEEP 분리
exp_mpc_payoff_two_gene_fullfeature_stage2_rolling_ga_5d_high0p5_separate_highlow_soft_stress_validation_20260706_001/survival_pass.jsonl,file,ONE_OFF_EXPERIMENT_ARTIFACT,TERMINATED_EXPERIMENT_DATA,X,X,0,,290067,0.276629,1,2026-07-06T13:05:15.314491+09:00,4.431,DELETE_OK,운영 비도달·프로세스 없음·summary.json exists; 보호 룰풀은 KEEP 분리
exp_fix_range_predictor_stage2_v3_original_stage2_dual_hilo_20260705_001/early_cut_log.jsonl,file,ONE_OFF_EXPERIMENT_ARTIFACT,TERMINATED_EXPERIMENT_DATA,X,X,0,,285330,0.272112,1,2026-07-05T13:10:36.659641+09:00,5.428,DELETE_OK,운영 비도달·프로세스 없음·summary.json exists; 보호 룰풀은 KEEP 분리
exp_fix_range_predictor_stage2_v3_pure_stage2_large_range_q70_20260704_001/period_metrics_all.jsonl,file,ONE_OFF_EXPERIMENT_ARTIFACT,TERMINATED_EXPERIMENT_DATA,X,X,0,,271899,0.259303,1,2026-07-05T12:37:59.952146+09:00,5.45,DELETE_OK,운영 비도달·프로세스 없음·summary.json exists; 보호 룰풀은 KEEP 분리
exp_fix_range_predictor_stage2_v3_dense_weights_20260705_001/early_cut_log.jsonl,file,ONE_OFF_EXPERIMENT_ARTIFACT,TERMINATED_EXPERIMENT_DATA,X,X,0,,266238,0.253904,1,2026-07-05T22:33:21.182168+09:00,5.037,DELETE_OK,운영 비도달·프로세스 없음·summary.json exists; 보호 룰풀은 KEEP 분리
exp_fix_payoff_pattern_classifier_strict_20260705_001/top_thresholds.json,file,ONE_OFF_EXPERIMENT_ARTIFACT,TERMINATED_EXPERIMENT_DATA,X,X,0,,261452,0.24934,1,2026-07-05T23:28:36.366234+09:00,4.998,DELETE_OK,운영 비도달·프로세스 없음·summary.json exists; 보호 룰풀은 KEEP 분리
exp_stage25_timeout_sweep/cw_rank1_timeout_0p3/stage25_validation_trades.jsonl,file,ONE_OFF_EXPERIMENT_ARTIFACT,TERMINATED_EXPERIMENT_DATA,X,X,0,,260255,0.248199,1,2026-06-16T13:39:46.477080+09:00,24.407,DELETE_OK,운영 비도달·프로세스 없음·one-off experiment name; 보호 룰풀은 KEEP 분리
exp_fix_range_predictor_stage2_v3_true3_stage2gate_20260705_001/early_cut_log.jsonl,file,ONE_OFF_EXPERIMENT_ARTIFACT,TERMINATED_EXPERIMENT_DATA,X,X,0,,259123,0.247119,1,2026-07-05T16:46:39.924420+09:00,5.278,DELETE_OK,운영 비도달·프로세스 없음·summary.json exists; 보호 룰풀은 KEEP 분리
exp_period_lockbox_audit_cw_stage3_validate/stage3_ineligible.jsonl,file,ONE_OFF_EXPERIMENT_ARTIFACT,TERMINATED_EXPERIMENT_DATA,X,X,0,,247128,0.23568,1,2026-06-16T09:57:30.390976+09:00,24.562,DELETE_OK,운영 비도달·프로세스 없음·one-off experiment name; 보호 룰풀은 KEEP 분리
exp_fix_range_predictor_stage2_v3_stage2fixed_large_range_q70_20260704_001/ga_history.jsonl,file,ONE_OFF_EXPERIMENT_ARTIFACT,TERMINATED_EXPERIMENT_DATA,X,X,0,,246727,0.235297,1,2026-07-05T12:07:30.355423+09:00,5.471,DELETE_OK,운영 비도달·프로세스 없음·summary.json exists; 보호 룰풀은 KEEP 분리
exp_fix_range_predictor_stage2_v3_pattern_detector_loose_20260705_001/early_cut_log.jsonl,file,ONE_OFF_EXPERIMENT_ARTIFACT,TERMINATED_EXPERIMENT_DATA,X,X,0,,245659,0.234279,1,2026-07-05T21:53:58.122398+09:00,5.064,DELETE_OK,운영 비도달·프로세스 없음·summary.json exists; 보호 룰풀은 KEEP 분리
exp_fix_range_predictor_stage2_v3_coarse3_stage2gate_20260705_001/early_cut_log.jsonl,file,ONE_OFF_EXPERIMENT_ARTIFACT,TERMINATED_EXPERIMENT_DATA,X,X,0,,244033,0.232728,1,2026-07-05T16:04:27.323958+09:00,5.307,DELETE_OK,운영 비도달·프로세스 없음·summary.json exists; 보호 룰풀은 KEEP 분리
exp_fix_payoff_pattern_classifier_noleak_10wide_20260705_001/summary.json,file,ONE_OFF_EXPERIMENT_ARTIFACT,TERMINATED_EXPERIMENT_DATA,X,X,0,,240756,0.229603,1,2026-07-06T00:16:39.712071+09:00,4.965,DELETE_OK,운영 비도달·프로세스 없음·summary.json exists; 보호 룰풀은 KEEP 분리
exp_fix_payoff_pattern_classifier_strict_noleak_20260705_001/summary.json,file,ONE_OFF_EXPERIMENT_ARTIFACT,TERMINATED_EXPERIMENT_DATA,X,X,0,,240661,0.229512,1,2026-07-06T00:15:29.813196+09:00,4.966,DELETE_OK,운영 비도달·프로세스 없음·summary.json exists; 보호 룰풀은 KEEP 분리
exp_lasr_exitswap_20260612_1945/trades.jsonl,file,ONE_OFF_EXPERIMENT_ARTIFACT,TERMINATED_EXPERIMENT_DATA,X,X,0,,236938,0.225962,1,2026-06-13T04:44:21.578782+09:00,27.779,DELETE_OK,운영 비도달·프로세스 없음·one-off experiment name; 보호 룰풀은 KEEP 분리
exp_fix_range_predictor_stage2_v3_original_stage2_large_range_q70_20260705_001/ga_history.jsonl,file,ONE_OFF_EXPERIMENT_ARTIFACT,TERMINATED_EXPERIMENT_DATA,X,X,0,,232135,0.221381,1,2026-07-05T12:47:57.654075+09:00,5.443,DELETE_OK,운영 비도달·프로세스 없음·summary.json exists; 보호 룰풀은 KEEP 분리
exp_cw_range_predictor_stage2_v3_retry_20260704_002/early_cut_log.jsonl,file,ONE_OFF_EXPERIMENT_ARTIFACT,TERMINATED_EXPERIMENT_DATA,X,X,0,,226298,0.215815,1,2026-07-04T20:06:32.605689+09:00,6.139,DELETE_OK,운영 비도달·프로세스 없음·summary.json exists; 보호 룰풀은 KEEP 분리
exp_stage25_timeout_sweep/cw_rank1_timeout_0p5/stage25_validation_trades.jsonl,file,ONE_OFF_EXPERIMENT_ARTIFACT,TERMINATED_EXPERIMENT_DATA,X,X,0,,225340,0.214901,1,2026-06-16T13:32:11.910894+09:00,24.413,DELETE_OK,운영 비도달·프로세스 없음·one-off experiment name; 보호 룰풀은 KEEP 분리
exp_fix_range_predictor_stage2_v3_original_stage2_large_range_q70_20260705_001/early_cut_log.jsonl,file,ONE_OFF_EXPERIMENT_ARTIFACT,TERMINATED_EXPERIMENT_DATA,X,X,0,,217111,0.207053,1,2026-07-05T12:47:57.778075+09:00,5.443,DELETE_OK,운영 비도달·프로세스 없음·summary.json exists; 보호 룰풀은 KEEP 분리
exp_stage25_timeout_sweep/cw_rank1_timeout_0p0/stage25_validation_trades.jsonl,file,ONE_OFF_EXPERIMENT_ARTIFACT,TERMINATED_EXPERIMENT_DATA,X,X,0,,215088,0.205124,1,2026-06-16T13:46:28.223360+09:00,24.403,DELETE_OK,운영 비도달·프로세스 없음·one-off experiment name; 보호 룰풀은 KEEP 분리
exp_fix_range_predictor_stage2_v3_hilo_mae_20260704_001/ga_history.jsonl,file,ONE_OFF_EXPERIMENT_ARTIFACT,TERMINATED_EXPERIMENT_DATA,X,X,0,,215067,0.205104,1,2026-07-04T21:39:56.625650+09:00,6.074,DELETE_OK,운영 비도달·프로세스 없음·summary.json exists; 보호 룰풀은 KEEP 분리
exp_fix_payoff_pattern_classifier_noleak_10wide_20260705_001/top_thresholds.json,file,ONE_OFF_EXPERIMENT_ARTIFACT,TERMINATED_EXPERIMENT_DATA,X,X,0,,212521,0.202676,1,2026-07-06T00:16:39.724071+09:00,4.965,DELETE_OK,운영 비도달·프로세스 없음·summary.json exists; 보호 룰풀은 KEEP 분리
exp_fix_payoff_pattern_classifier_strict_noleak_20260705_001/top_thresholds.json,file,ONE_OFF_EXPERIMENT_ARTIFACT,TERMINATED_EXPERIMENT_DATA,X,X,0,,212430,0.202589,1,2026-07-06T00:15:29.824196+09:00,4.966,DELETE_OK,운영 비도달·프로세스 없음·summary.json exists; 보호 룰풀은 KEEP 분리
exp_fix_range_predictor_stage2_v3_low_only_20260705_001/early_cut_log.jsonl,file,ONE_OFF_EXPERIMENT_ARTIFACT,TERMINATED_EXPERIMENT_DATA,X,X,0,,207700,0.198078,1,2026-07-05T23:10:31.739176+09:00,5.011,DELETE_OK,운영 비도달·프로세스 없음·summary.json exists; 보호 룰풀은 KEEP 분리
exp_fix_range_predictor_stage2_v3_high_only_20260705_001/early_cut_log.jsonl,file,ONE_OFF_EXPERIMENT_ARTIFACT,TERMINATED_EXPERIMENT_DATA,X,X,0,,200139,0.190867,1,2026-07-05T23:11:04.521117+09:00,5.011,DELETE_OK,운영 비도달·프로세스 없음·summary.json exists; 보호 룰풀은 KEEP 분리
exp_fix_payoff_two_gene_stage2_rolling_ga_smoke_20260706_001/all_candidates.jsonl,file,ONE_OFF_EXPERIMENT_ARTIFACT,TERMINATED_EXPERIMENT_DATA,X,X,0,,198626,0.189425,1,2026-07-06T00:59:11.703501+09:00,4.936,DELETE_OK,운영 비도달·프로세스 없음·summary.json exists; 보호 룰풀은 KEEP 분리
exp_fix_range_predictor_stage2_v3_coarse3_stage2gate_loose_20260705_001/early_cut_log.jsonl,file,ONE_OFF_EXPERIMENT_ARTIFACT,TERMINATED_EXPERIMENT_DATA,X,X,0,,195136,0.186096,1,2026-07-05T16:20:25.426241+09:00,5.296,DELETE_OK,운영 비도달·프로세스 없음·summary.json exists; 보호 룰풀은 KEEP 분리
exp_fix_range_predictor_stage2_v3_original_stage2_multicond_dual_hilo_20260705_001/early_cut_log.jsonl,file,ONE_OFF_EXPERIMENT_ARTIFACT,TERMINATED_EXPERIMENT_DATA,X,X,0,,190232,0.181419,1,2026-07-05T13:38:07.527684+09:00,5.409,DELETE_OK,운영 비도달·프로세스 없음·summary.json exists; 보호 룰풀은 KEEP 분리
exp_fix_range_predictor_stage2_v3_true3_stage2gate_fixed_20260705_001/early_cut_log.jsonl,file,ONE_OFF_EXPERIMENT_ARTIFACT,TERMINATED_EXPERIMENT_DATA,X,X,0,,189456,0.180679,1,2026-07-05T17:07:07.130222+09:00,5.263,DELETE_OK,운영 비도달·프로세스 없음·summary.json exists; 보호 룰풀은 KEEP 분리
exp_fix_range_predictor_stage2_v3_safeoverflow_precision_stage2gate_20260705_001/early_cut_log.jsonl,file,ONE_OFF_EXPERIMENT_ARTIFACT,TERMINATED_EXPERIMENT_DATA,X,X,0,,183540,0.175037,1,2026-07-05T15:41:16.895448+09:00,5.323,DELETE_OK,운영 비도달·프로세스 없음·summary.json exists; 보호 룰풀은 KEEP 분리
exp_fix_payoff_pattern_classifier_up1p5_20260705_001/summary.json,file,ONE_OFF_EXPERIMENT_ARTIFACT,TERMINATED_EXPERIMENT_DATA,X,X,0,,176011,0.167857,1,2026-07-06T00:07:16.129080+09:00,4.972,DELETE_OK,운영 비도달·프로세스 없음·summary.json exists; 보호 룰풀은 KEEP 분리
exp_cw_range_predictor_stage2_v3_retry_20260704_002/ga_history.jsonl,file,ONE_OFF_EXPERIMENT_ARTIFACT,TERMINATED_EXPERIMENT_DATA,X,X,0,,175242,0.167124,1,2026-07-04T20:06:32.534689+09:00,6.139,DELETE_OK,운영 비도달·프로세스 없음·summary.json exists; 보호 룰풀은 KEEP 분리
exp_batch_stage23_smoke_3/tickers/CRWD/stage2/early_cut_log.csv,file,ONE_OFF_EXPERIMENT_ARTIFACT,TERMINATED_EXPERIMENT_DATA,X,X,0,,161911,0.15441,1,2026-06-16T05:51:12.227461+09:00,24.733,DELETE_OK,운영 비도달·프로세스 없음·batch_summary.json exists; 보호 룰풀은 KEEP 분리
exp_batch_stage23_smoke_3tickers/tickers/CRWD/stage2_retry2/early_cut_log.csv,file,ONE_OFF_EXPERIMENT_ARTIFACT,TERMINATED_EXPERIMENT_DATA,X,X,0,,161911,0.15441,1,2026-06-16T08:00:59.542516+09:00,24.643,DELETE_OK,운영 비도달·프로세스 없음·batch_summary.json exists; 보호 룰풀은 KEEP 분리
exp_fix_payoff_two_gene_stage2_rolling_ga_20260706_001/summary.json,file,ONE_OFF_EXPERIMENT_ARTIFACT,TERMINATED_EXPERIMENT_DATA,X,X,0,,160634,0.153193,1,2026-07-06T01:02:24.816156+09:00,4.933,DELETE_OK,운영 비도달·프로세스 없음·summary.json exists; 보호 룰풀은 KEEP 분리
exp_mpc_payoff_two_gene_stage2_rolling_ga_20260706_001/summary.json,file,ONE_OFF_EXPERIMENT_ARTIFACT,TERMINATED_EXPERIMENT_DATA,X,X,0,,160196,0.152775,1,2026-07-06T01:23:25.215899+09:00,4.919,DELETE_OK,운영 비도달·프로세스 없음·summary.json exists; 보호 룰풀은 KEEP 분리
exp_fix_payoff_two_gene_stage2_rolling_ga_20260706_002/summary.json,file,ONE_OFF_EXPERIMENT_ARTIFACT,TERMINATED_EXPERIMENT_DATA,X,X,0,,158743,0.151389,1,2026-07-06T01:09:27.680398+09:00,4.928,DELETE_OK,운영 비도달·프로세스 없음·summary.json exists; 보호 룰풀은 KEEP 분리
exp_fix_payoff_pattern_classifier_up2p0_20260705_001/summary.json,file,ONE_OFF_EXPERIMENT_ARTIFACT,TERMINATED_EXPERIMENT_DATA,X,X,0,,156398,0.149153,1,2026-07-06T00:05:19.894289+09:00,4.973,DELETE_OK,운영 비도달·프로세스 없음·summary.json exists; 보호 룰풀은 KEEP 분리
exp_fix_payoff_pattern_classifier_up1p5_20260705_001/top_thresholds.json,file,ONE_OFF_EXPERIMENT_ARTIFACT,TERMINATED_EXPERIMENT_DATA,X,X,0,,153452,0.146343,1,2026-07-06T00:07:16.138080+09:00,4.972,DELETE_OK,운영 비도달·프로세스 없음·summary.json exists; 보호 룰풀은 KEEP 분리
exp_batch_CE_multifeature_20260708/tickers/CE/stage2/early_cut_log.csv,file,ONE_OFF_EXPERIMENT_ARTIFACT,TERMINATED_EXPERIMENT_DATA,X,X,0,,152651,0.145579,1,2026-07-09T08:37:33.283890+09:00,1.617,DELETE_OK,운영 비도달·프로세스 없음·run_status stage2/stage3/compare complete; 보호 룰풀은 KEEP 분리
exp_batch_CE_materials_retrain_20260708/tickers/CE/stage2/early_cut_log.csv,file,ONE_OFF_EXPERIMENT_ARTIFACT,TERMINATED_EXPERIMENT_DATA,X,X,0,,143481,0.136834,1,2026-07-09T08:03:31.839545+09:00,1.641,DELETE_OK,운영 비도달·프로세스 없음·run_status stage2/stage3/compare complete; 보호 룰풀은 KEEP 분리
exp_fix_range_predictor_stage2_v3_low_danger2_safe02_open_gate_20260705_001/early_cut_log.jsonl,file,ONE_OFF_EXPERIMENT_ARTIFACT,TERMINATED_EXPERIMENT_DATA,X,X,0,,141000,0.134468,1,2026-07-05T14:53:06.365626+09:00,5.356,DELETE_OK,운영 비도달·프로세스 없음·summary.json exists; 보호 룰풀은 KEEP 분리
exp_fix_range_predictor_stage2_v3_no_danger_learning_open_gate_20260705_001/early_cut_log.jsonl,file,ONE_OFF_EXPERIMENT_ARTIFACT,TERMINATED_EXPERIMENT_DATA,X,X,0,,141000,0.134468,1,2026-07-05T14:28:45.595243+09:00,5.373,DELETE_OK,운영 비도달·프로세스 없음·summary.json exists; 보호 룰풀은 KEEP 분리
exp_fix_range_predictor_stage2_v3_low_danger17_safe03_open_gate_20260705_001/early_cut_log.jsonl,file,ONE_OFF_EXPERIMENT_ARTIFACT,TERMINATED_EXPERIMENT_DATA,X,X,0,,140530,0.13402,1,2026-07-05T15:14:02.834375+09:00,5.342,DELETE_OK,운영 비도달·프로세스 없음·summary.json exists; 보호 룰풀은 KEEP 분리
exp_period_lockbox_audit_cw_stage2/early_cut_log.csv,file,ONE_OFF_EXPERIMENT_ARTIFACT,TERMINATED_EXPERIMENT_DATA,X,X,0,,140040,0.133553,1,2026-06-16T09:55:01.290243+09:00,24.563,DELETE_OK,운영 비도달·프로세스 없음·summary.json exists; 보호 룰풀은 KEEP 분리
exp_fix_payoff_pattern_classifier_up3p0_20260705_001/summary.json,file,ONE_OFF_EXPERIMENT_ARTIFACT,TERMINATED_EXPERIMENT_DATA,X,X,0,,139564,0.133099,1,2026-07-06T00:05:46.935240+09:00,4.973,DELETE_OK,운영 비도달·프로세스 없음·summary.json exists; 보호 룰풀은 KEEP 분리
exp_batch_stage23_smoke_3/tickers/CW/stage2/early_cut_log.csv,file,ONE_OFF_EXPERIMENT_ARTIFACT,TERMINATED_EXPERIMENT_DATA,X,X,0,,137774,0.131392,1,2026-06-16T05:28:49.003862+09:00,24.748,DELETE_OK,운영 비도달·프로세스 없음·batch_summary.json exists; 보호 룰풀은 KEEP 분리
exp_batch_stage23_smoke_3tickers/tickers/CW/stage2/early_cut_log.csv,file,ONE_OFF_EXPERIMENT_ARTIFACT,TERMINATED_EXPERIMENT_DATA,X,X,0,,137774,0.131392,1,2026-06-16T07:10:28.892944+09:00,24.678,DELETE_OK,운영 비도달·프로세스 없음·batch_summary.json exists; 보호 룰풀은 KEEP 분리
exp_fix_payoff_tier_overlap_noleak_20260705_001/summary.json,file,ONE_OFF_EXPERIMENT_ARTIFACT,TERMINATED_EXPERIMENT_DATA,X,X,0,,137484,0.131115,1,2026-07-06T00:21:27.846555+09:00,4.962,DELETE_OK,운영 비도달·프로세스 없음·summary.json exists; 보호 룰풀은 KEEP 분리
exp_fix_payoff_pattern_classifier_up2p0_20260705_001/top_thresholds.json,file,ONE_OFF_EXPERIMENT_ARTIFACT,TERMINATED_EXPERIMENT_DATA,X,X,0,,135752,0.129463,1,2026-07-06T00:05:19.903289+09:00,4.973,DELETE_OK,운영 비도달·프로세스 없음·summary.json exists; 보호 룰풀은 KEEP 분리
exp_fix_payoff_pattern_classifier_up4p0_20260705_001/summary.json,file,ONE_OFF_EXPERIMENT_ARTIFACT,TERMINATED_EXPERIMENT_DATA,X,X,0,,133768,0.127571,1,2026-07-06T00:06:11.962195+09:00,4.972,DELETE_OK,운영 비도달·프로세스 없음·summary.json exists; 보호 룰풀은 KEEP 분리
exp_add_buy_disable_smoke_20260615/rl_replay_trades.jsonl,file,ONE_OFF_EXPERIMENT_ARTIFACT,TERMINATED_EXPERIMENT_DATA,X,X,0,,133689,0.127496,1,2026-06-15T06:29:27.832028+09:00,25.706,DELETE_OK,운영 비도달·프로세스 없음·one-off experiment name; 보호 룰풀은 KEEP 분리
exp_batch_stage23_smoke_3/tickers/WELL/stage2/early_cut_log.csv,file,ONE_OFF_EXPERIMENT_ARTIFACT,TERMINATED_EXPERIMENT_DATA,X,X,0,,132483,0.126346,1,2026-06-16T06:07:55.368666+09:00,24.721,DELETE_OK,운영 비도달·프로세스 없음·batch_summary.json exists; 보호 룰풀은 KEEP 분리
exp_batch_stage23_smoke_3tickers/tickers/WELL/stage2/early_cut_log.csv,file,ONE_OFF_EXPERIMENT_ARTIFACT,TERMINATED_EXPERIMENT_DATA,X,X,0,,132483,0.126346,1,2026-06-16T08:17:47.955710+09:00,24.631,DELETE_OK,운영 비도달·프로세스 없음·batch_summary.json exists; 보호 룰풀은 KEEP 분리
exp_mpc_payoff_two_gene_stage2_rolling_ga_smoke_20260706_001/all_candidates.jsonl,file,ONE_OFF_EXPERIMENT_ARTIFACT,TERMINATED_EXPERIMENT_DATA,X,X,0,,131728,0.125626,1,2026-07-06T01:21:18.185126+09:00,4.92,DELETE_OK,운영 비도달·프로세스 없음·summary.json exists; 보호 룰풀은 KEEP 분리
exp_fix_range_predictor_stage2_v3_rolling_event2pct_high_20260704_001/final_period_metrics.jsonl,file,ONE_OFF_EXPERIMENT_ARTIFACT,TERMINATED_EXPERIMENT_DATA,X,X,0,,128725,0.122762,1,2026-07-04T23:56:01.534024+09:00,5.979,DELETE_OK,운영 비도달·프로세스 없음·summary.json exists; 보호 룰풀은 KEEP 분리
exp_fix_payoff_pattern_classifier_up3p0_20260705_001/top_thresholds.json,file,ONE_OFF_EXPERIMENT_ARTIFACT,TERMINATED_EXPERIMENT_DATA,X,X,0,,120252,0.114681,1,2026-07-06T00:05:46.944240+09:00,4.973,DELETE_OK,운영 비도달·프로세스 없음·summary.json exists; 보호 룰풀은 KEEP 분리
exp_batch_stage123_2009_20260616_smoke10/tickers/A/stage2/early_cut_log.csv,file,ONE_OFF_EXPERIMENT_ARTIFACT,TERMINATED_EXPERIMENT_DATA,X,X,0,,119118,0.1136,1,2026-06-17T01:58:00.753779+09:00,23.895,DELETE_OK,운영 비도달·프로세스 없음·batch_summary.json exists; 보호 룰풀은 KEEP 분리
exp_fix_payoff_two_gene_stage2_rolling_ga_smoke2_20260706_001/all_candidates.jsonl,file,ONE_OFF_EXPERIMENT_ARTIFACT,TERMINATED_EXPERIMENT_DATA,X,X,0,,118140,0.112667,1,2026-07-06T01:07:29.751610+09:00,4.93,DELETE_OK,운영 비도달·프로세스 없음·summary.json exists; 보호 룰풀은 KEEP 분리
exp_fix_payoff_pattern_classifier_up4p0_20260705_001/top_thresholds.json,file,ONE_OFF_EXPERIMENT_ARTIFACT,TERMINATED_EXPERIMENT_DATA,X,X,0,,114817,0.109498,1,2026-07-06T00:06:11.970195+09:00,4.972,DELETE_OK,운영 비도달·프로세스 없음·summary.json exists; 보호 룰풀은 KEEP 분리
exp_hsbc_high0p7_soft_nod0_finalaudit_smoke_20260706_001/survival_pass.jsonl,file,ONE_OFF_EXPERIMENT_ARTIFACT,TERMINATED_EXPERIMENT_DATA,X,X,0,,109194,0.104136,1,2026-07-06T13:25:45.902287+09:00,4.417,DELETE_OK,운영 비도달·프로세스 없음·summary.json exists; 보호 룰풀은 KEEP 분리
exp_hsbc_high0p7_soft_nod0_trainconsistent_smoke_20260706_001/survival_pass.jsonl,file,ONE_OFF_EXPERIMENT_ARTIFACT,TERMINATED_EXPERIMENT_DATA,X,X,0,,109194,0.104136,1,2026-07-06T13:34:58.217298+09:00,4.411,DELETE_OK,운영 비도달·프로세스 없음·summary.json exists; 보호 룰풀은 KEEP 분리
exp_mpc_payoff_two_gene_fullfeature_stage2_rolling_ga_5d_high0p7_separate_highlow_soft_stress_validation_20260706_001/survival_pass.jsonl,file,ONE_OFF_EXPERIMENT_ARTIFACT,TERMINATED_EXPERIMENT_DATA,X,X,0,,104085,0.099263,1,2026-07-06T13:05:17.672487+09:00,4.431,DELETE_OK,운영 비도달·프로세스 없음·summary.json exists; 보호 룰풀은 KEEP 분리
exp_mpc_multiyear_20260612_2005/period_metrics.csv,file,ONE_OFF_EXPERIMENT_ARTIFACT,TERMINATED_EXPERIMENT_DATA,X,X,0,,102159,0.097426,1,2026-06-13T05:53:16.459378+09:00,27.731,DELETE_OK,운영 비도달·프로세스 없음·one-off experiment name; 보호 룰풀은 KEEP 분리
exp_crwd_multiyear_20260612_2005/period_metrics.csv,file,ONE_OFF_EXPERIMENT_ARTIFACT,TERMINATED_EXPERIMENT_DATA,X,X,0,,94995,0.090594,1,2026-06-13T05:11:50.874830+09:00,27.76,DELETE_OK,운영 비도달·프로세스 없음·one-off experiment name; 보호 룰풀은 KEEP 분리
exp_lasr_multiyear_20260612_1845/period_metrics.csv,file,ONE_OFF_EXPERIMENT_ARTIFACT,TERMINATED_EXPERIMENT_DATA,X,X,0,,94697,0.09031,1,2026-06-13T03:51:27.352468+09:00,27.816,DELETE_OK,운영 비도달·프로세스 없음·one-off experiment name; 보호 룰풀은 KEEP 분리
exp_mpc_reverse_20260612_2005/period_metrics.csv,file,ONE_OFF_EXPERIMENT_ARTIFACT,TERMINATED_EXPERIMENT_DATA,X,X,0,,86806,0.082785,1,2026-06-13T06:19:05.768607+09:00,27.713,DELETE_OK,운영 비도달·프로세스 없음·one-off experiment name; 보호 룰풀은 KEEP 분리
exp_fix_range_predictor_stage2_v3_pure_stage2_large_range_q70_20260704_001/ga_history.jsonl,file,ONE_OFF_EXPERIMENT_ARTIFACT,TERMINATED_EXPERIMENT_DATA,X,X,0,,86678,0.082663,1,2026-07-05T12:37:59.933146+09:00,5.45,DELETE_OK,운영 비도달·프로세스 없음·summary.json exists; 보호 룰풀은 KEEP 분리
exp_mpc_range_predictor_stage2_v3_tponly_tp2_20260704_001/final_period_metrics.jsonl,file,ONE_OFF_EXPERIMENT_ARTIFACT,TERMINATED_EXPERIMENT_DATA,X,X,0,,84407,0.080497,1,2026-07-05T03:29:23.815104+09:00,5.831,DELETE_OK,운영 비도달·프로세스 없음·summary.json exists; 보호 룰풀은 KEEP 분리
exp_hsbc_high0p7_soft_nod0_finalaudit_smoke_20260706_001/validation_pool_min_signal.jsonl,file,ONE_OFF_EXPERIMENT_ARTIFACT,TERMINATED_EXPERIMENT_DATA,X,X,0,,81567,0.077788,1,2026-07-06T13:25:45.988287+09:00,4.417,DELETE_OK,운영 비도달·프로세스 없음·summary.json exists; 보호 룰풀은 KEEP 분리
exp_hsbc_high0p7_soft_nod0_trainconsistent_smoke_20260706_001/validation_pool_min_signal.jsonl,file,ONE_OFF_EXPERIMENT_ARTIFACT,TERMINATED_EXPERIMENT_DATA,X,X,0,,81567,0.077788,1,2026-07-06T13:34:58.312298+09:00,4.411,DELETE_OK,운영 비도달·프로세스 없음·summary.json exists; 보호 룰풀은 KEEP 분리
exp_fix_range_predictor_stage2_v3_rolling_event2pct_low_20260704_001/final_period_metrics.jsonl,file,ONE_OFF_EXPERIMENT_ARTIFACT,TERMINATED_EXPERIMENT_DATA,X,X,0,,80032,0.076324,1,2026-07-04T23:55:15.977106+09:00,5.98,DELETE_OK,운영 비도달·프로세스 없음·summary.json exists; 보호 룰풀은 KEEP 분리
exp_crwd_reverse_20260612_2005/period_metrics.csv,file,ONE_OFF_EXPERIMENT_ARTIFACT,TERMINATED_EXPERIMENT_DATA,X,X,0,,79764,0.076069,1,2026-06-13T05:38:30.193965+09:00,27.742,DELETE_OK,운영 비도달·프로세스 없음·one-off experiment name; 보호 룰풀은 KEEP 분리
exp_fix_range_predictor_stage2_v3_large_range_q70_20260704_001/final_period_metrics.jsonl,file,ONE_OFF_EXPERIMENT_ARTIFACT,TERMINATED_EXPERIMENT_DATA,X,X,0,,79640,0.075951,1,2026-07-05T08:11:40.987770+09:00,5.635,DELETE_OK,운영 비도달·프로세스 없음·summary.json exists; 보호 룰풀은 KEEP 분리
exp_fix_payoff_two_gene_stage2_rolling_ga_smoke2_20260706_001/summary.json,file,ONE_OFF_EXPERIMENT_ARTIFACT,TERMINATED_EXPERIMENT_DATA,X,X,0,,76327,0.072791,1,2026-07-06T01:07:29.759610+09:00,4.93,DELETE_OK,운영 비도달·프로세스 없음·summary.json exists; 보호 룰풀은 KEEP 분리
data/_system/true_wf_logs,directory,SYSTEM_DATA_DIRECTORY,TERMINATED_EXPERIMENT_DATA,X,X,0,,75699,0.072192,6,2026-06-02T03:10:23.062337+09:00,38.844,DELETE_OK,활성 참조 0건인 구 진단/train-only/condition DB 산출물
exp_fix_payoff_two_gene_stage2_rolling_ga_smoke_20260706_001/summary.json,file,ONE_OFF_EXPERIMENT_ARTIFACT,TERMINATED_EXPERIMENT_DATA,X,X,0,,74434,0.070986,1,2026-07-06T00:59:11.711501+09:00,4.936,DELETE_OK,운영 비도달·프로세스 없음·summary.json exists; 보호 룰풀은 KEEP 분리
exp_mpc_payoff_two_gene_stage2_rolling_ga_smoke_20260706_001/summary.json,file,ONE_OFF_EXPERIMENT_ARTIFACT,TERMINATED_EXPERIMENT_DATA,X,X,0,,72540,0.06918,1,2026-07-06T01:21:18.192126+09:00,4.92,DELETE_OK,운영 비도달·프로세스 없음·summary.json exists; 보호 룰풀은 KEEP 분리
exp_lasr_reverse_20260612_1856/period_metrics.csv,file,ONE_OFF_EXPERIMENT_ARTIFACT,TERMINATED_EXPERIMENT_DATA,X,X,0,,71633,0.068315,1,2026-06-13T04:28:43.538465+09:00,27.79,DELETE_OK,운영 비도달·프로세스 없음·one-off experiment name; 보호 룰풀은 KEEP 분리
exp_fix_range_predictor_stage2_v3_rolling_event2pct_20260704_001/final_period_metrics.jsonl,file,ONE_OFF_EXPERIMENT_ARTIFACT,TERMINATED_EXPERIMENT_DATA,X,X,0,,70846,0.067564,1,2026-07-04T23:06:40.479328+09:00,6.014,DELETE_OK,운영 비도달·프로세스 없음·summary.json exists; 보호 룰풀은 KEEP 분리
exp_lasr_exitga_20260612_1950/top_results.jsonl,file,ONE_OFF_EXPERIMENT_ARTIFACT,TERMINATED_EXPERIMENT_DATA,X,X,0,,65865,0.062814,1,2026-06-13T04:55:33.642579+09:00,27.771,DELETE_OK,운영 비도달·프로세스 없음·one-off experiment name; 보호 룰풀은 KEEP 분리
exp_fix_range_predictor_stage2_v3_stage2fixed_large_range_q70_20260704_001/final_period_metrics.jsonl,file,ONE_OFF_EXPERIMENT_ARTIFACT,TERMINATED_EXPERIMENT_DATA,X,X,0,,65263,0.06224,1,2026-07-05T12:07:30.412423+09:00,5.471,DELETE_OK,운영 비도달·프로세스 없음·summary.json exists; 보호 룰풀은 KEEP 분리
exp_mpc_exitga_20260612_2005/top_results.jsonl,file,ONE_OFF_EXPERIMENT_ARTIFACT,TERMINATED_EXPERIMENT_DATA,X,X,0,,59133,0.056394,1,2026-06-13T06:27:53.036665+09:00,27.707,DELETE_OK,운영 비도달·프로세스 없음·one-off experiment name; 보호 룰풀은 KEEP 분리
exp_crwd_exitga_20260612_2005/top_results.jsonl,file,ONE_OFF_EXPERIMENT_ARTIFACT,TERMINATED_EXPERIMENT_DATA,X,X,0,,57495,0.054832,1,2026-06-13T05:47:16.657023+09:00,27.735,DELETE_OK,운영 비도달·프로세스 없음·one-off experiment name; 보호 룰풀은 KEEP 분리
exp_hsbc_payoff_two_gene_fullfeature_stage2_rolling_ga_5d_high0p7_separate_highlow_soft_nod0_trainconsistent_20260706_001/train_consistency_pass.jsonl,file,ONE_OFF_EXPERIMENT_ARTIFACT,TERMINATED_EXPERIMENT_DATA,X,X,0,,57047,0.054404,1,2026-07-06T13:36:22.024148+09:00,4.41,DELETE_OK,운영 비도달·프로세스 없음·summary.json exists; 보호 룰풀은 KEEP 분리
exp_fix_range_predictor_stage2_v3_rolling_hilo_mae_20260704_001/final_period_metrics.jsonl,file,ONE_OFF_EXPERIMENT_ARTIFACT,TERMINATED_EXPERIMENT_DATA,X,X,0,,53461,0.050984,1,2026-07-04T22:17:07.416653+09:00,6.048,DELETE_OK,운영 비도달·프로세스 없음·summary.json exists; 보호 룰풀은 KEEP 분리
exp_fix_range_predictor_stage2_v3_hilo_mae_20260704_001/final_period_metrics.jsonl,file,ONE_OFF_EXPERIMENT_ARTIFACT,TERMINATED_EXPERIMENT_DATA,X,X,0,,53057,0.050599,1,2026-07-04T21:39:56.689650+09:00,6.074,DELETE_OK,운영 비도달·프로세스 없음·summary.json exists; 보호 룰풀은 KEEP 분리
exp_fix_range_predictor_stage2_v3_precision_event2pct_high_20260704_001/final_period_metrics.jsonl,file,ONE_OFF_EXPERIMENT_ARTIFACT,TERMINATED_EXPERIMENT_DATA,X,X,0,,51581,0.049191,1,2026-07-05T00:58:02.606362+09:00,5.936,DELETE_OK,운영 비도달·프로세스 없음·summary.json exists; 보호 룰풀은 KEEP 분리
exp_fix_range_predictor_stage2_v3_tpsl_tp2_sl1_20260704_001/final_period_metrics.jsonl,file,ONE_OFF_EXPERIMENT_ARTIFACT,TERMINATED_EXPERIMENT_DATA,X,X,0,,44927,0.042846,1,2026-07-05T01:47:26.295054+09:00,5.902,DELETE_OK,운영 비도달·프로세스 없음·summary.json exists; 보호 룰풀은 KEEP 분리
exp_fix_payoff_two_gene_ga_20260706_001/summary.json,file,ONE_OFF_EXPERIMENT_ARTIFACT,TERMINATED_EXPERIMENT_DATA,X,X,0,,43970,0.041933,1,2026-07-06T00:45:51.801934+09:00,4.945,DELETE_OK,운영 비도달·프로세스 없음·summary.json exists; 보호 룰풀은 KEEP 분리
exp_mpc_range_predictor_stage2_v3_tpsl_tp2_sl1_20260704_001/final_period_metrics.jsonl,file,ONE_OFF_EXPERIMENT_ARTIFACT,TERMINATED_EXPERIMENT_DATA,X,X,0,,42765,0.040784,1,2026-07-05T02:21:16.716417+09:00,5.879,DELETE_OK,운영 비도달·프로세스 없음·summary.json exists; 보호 룰풀은 KEEP 분리
exp_stage25_timeout_sweep/cw_rank1_timeout_0p3/stage25_validation.json,file,ONE_OFF_EXPERIMENT_ARTIFACT,TERMINATED_EXPERIMENT_DATA,X,X,0,,36881,0.035172,1,2026-06-16T13:39:46.480080+09:00,24.407,DELETE_OK,운영 비도달·프로세스 없음·one-off experiment name; 보호 룰풀은 KEEP 분리
exp_stage25_timeout_sweep/cw_rank1_timeout_0p5/stage25_validation.json,file,ONE_OFF_EXPERIMENT_ARTIFACT,TERMINATED_EXPERIMENT_DATA,X,X,0,,35921,0.034257,1,2026-06-16T13:32:11.913894+09:00,24.413,DELETE_OK,운영 비도달·프로세스 없음·one-off experiment name; 보호 룰풀은 KEEP 분리
exp_stage25_timeout_sweep/cw_rank1_timeout_0p0/stage25_validation.json,file,ONE_OFF_EXPERIMENT_ARTIFACT,TERMINATED_EXPERIMENT_DATA,X,X,0,,35916,0.034252,1,2026-06-16T13:46:28.226360+09:00,24.403,DELETE_OK,운영 비도달·프로세스 없음·one-off experiment name; 보호 룰풀은 KEEP 분리
exp_cw_range_predictor_stage2_v3_retry_20260704_002/config.json,file,ONE_OFF_EXPERIMENT_ARTIFACT,TERMINATED_EXPERIMENT_DATA,X,X,0,,33801,0.032235,1,2026-07-04T20:06:32.632689+09:00,6.139,DELETE_OK,운영 비도달·프로세스 없음·summary.json exists; 보호 룰풀은 KEEP 분리
exp_crwd_multiyear_20260612_2005/survival_summary.csv,file,ONE_OFF_EXPERIMENT_ARTIFACT,TERMINATED_EXPERIMENT_DATA,X,X,0,,32589,0.031079,1,2026-06-13T05:11:50.875830+09:00,27.76,DELETE_OK,운영 비도달·프로세스 없음·one-off experiment name; 보호 룰풀은 KEEP 분리
exp_mpc_multiyear_20260612_2005/survival_summary.csv,file,ONE_OFF_EXPERIMENT_ARTIFACT,TERMINATED_EXPERIMENT_DATA,X,X,0,,32337,0.030839,1,2026-06-13T05:53:16.461379+09:00,27.731,DELETE_OK,운영 비도달·프로세스 없음·one-off experiment name; 보호 룰풀은 KEEP 분리
exp_lasr_multiyear_20260612_1845/survival_summary.csv,file,ONE_OFF_EXPERIMENT_ARTIFACT,TERMINATED_EXPERIMENT_DATA,X,X,0,,32254,0.03076,1,2026-06-13T03:51:27.354468+09:00,27.816,DELETE_OK,운영 비도달·프로세스 없음·one-off experiment name; 보호 룰풀은 KEEP 분리
exp_mpc_reverse_20260612_2005/survival_summary.csv,file,ONE_OFF_EXPERIMENT_ARTIFACT,TERMINATED_EXPERIMENT_DATA,X,X,0,,29628,0.028255,1,2026-06-13T06:19:05.769608+09:00,27.713,DELETE_OK,운영 비도달·프로세스 없음·one-off experiment name; 보호 룰풀은 KEEP 분리
exp_crwd_reverse_20260612_2005/survival_summary.csv,file,ONE_OFF_EXPERIMENT_ARTIFACT,TERMINATED_EXPERIMENT_DATA,X,X,0,,28791,0.027457,1,2026-06-13T05:38:30.194965+09:00,27.742,DELETE_OK,운영 비도달·프로세스 없음·one-off experiment name; 보호 룰풀은 KEEP 분리
exp_lasr_reverse_20260612_1856/survival_summary.csv,file,ONE_OFF_EXPERIMENT_ARTIFACT,TERMINATED_EXPERIMENT_DATA,X,X,0,,28178,0.026873,1,2026-06-13T04:28:43.540465+09:00,27.79,DELETE_OK,운영 비도달·프로세스 없음·one-off experiment name; 보호 룰풀은 KEEP 분리
exp_fix_payoff_two_gene_ga_smoke_20260706_001/candidates_top.jsonl,file,ONE_OFF_EXPERIMENT_ARTIFACT,TERMINATED_EXPERIMENT_DATA,X,X,0,,27789,0.026502,1,2026-07-06T00:39:18.100639+09:00,4.949,DELETE_OK,운영 비도달·프로세스 없음·summary.json exists; 보호 룰풀은 KEEP 분리
exp_hsbc_payoff_two_gene_fullfeature_stage2_rolling_ga_5d_high0p7_separate_highlow_soft_nod0_finalaudit_20260706_001/true_validation_pass.jsonl,file,ONE_OFF_EXPERIMENT_ARTIFACT,TERMINATED_EXPERIMENT_DATA,X,X,0,,27747,0.026462,1,2026-07-06T13:27:12.500132+09:00,4.416,DELETE_OK,운영 비도달·프로세스 없음·summary.json exists; 보호 룰풀은 KEEP 분리
exp_batch_CE_materials_retrain_20260708/tickers/CE/stage2/ga_history.csv,file,ONE_OFF_EXPERIMENT_ARTIFACT,TERMINATED_EXPERIMENT_DATA,X,X,0,,25286,0.024115,1,2026-07-09T08:02:50.361619+09:00,1.641,DELETE_OK,운영 비도달·프로세스 없음·run_status stage2/stage3/compare complete; 보호 룰풀은 KEEP 분리
exp_mpc_high0p5_soft_stressval_smoke_20260706_001/survival_pass.jsonl,file,ONE_OFF_EXPERIMENT_ARTIFACT,TERMINATED_EXPERIMENT_DATA,X,X,0,,23868,0.022762,1,2026-07-06T13:03:47.963647+09:00,4.432,DELETE_OK,운영 비도달·프로세스 없음·summary.json exists; 보호 룰풀은 KEEP 분리
exp_batch_stage23_smoke_3tickers/tickers/CRWD/stage2_retry2/ga_history.csv,file,ONE_OFF_EXPERIMENT_ARTIFACT,TERMINATED_EXPERIMENT_DATA,X,X,0,,23779,0.022677,1,2026-06-16T08:00:09.697605+09:00,24.643,DELETE_OK,운영 비도달·프로세스 없음·batch_summary.json exists; 보호 룰풀은 KEEP 분리
exp_batch_stage23_smoke_3/tickers/CRWD/stage2/ga_history.csv,file,ONE_OFF_EXPERIMENT_ARTIFACT,TERMINATED_EXPERIMENT_DATA,X,X,0,,23729,0.02263,1,2026-06-16T05:50:25.143545+09:00,24.733,DELETE_OK,운영 비도달·프로세스 없음·batch_summary.json exists; 보호 룰풀은 KEEP 분리
exp_crwd_mpc_sequence_20260612_2005/run_sequence.py,file,DEAD_OR_MANUAL_SCRIPT,TERMINATED_EXPERIMENT_DATA,X,X,0,,23315,0.022235,1,2026-06-13T05:05:42.901489+09:00,27.764,DELETE_OK,운영 비도달·프로세스 없음·summary.json exists; 보호 룰풀은 KEEP 분리
exp_batch_stage123_2009_20260616_smoke10/tickers/A/stage2/ga_history.csv,file,ONE_OFF_EXPERIMENT_ARTIFACT,TERMINATED_EXPERIMENT_DATA,X,X,0,,21420,0.020428,1,2026-06-17T01:56:57.443892+09:00,23.895,DELETE_OK,운영 비도달·프로세스 없음·batch_summary.json exists; 보호 룰풀은 KEEP 분리
exp_lasr_exitga_20260612_1950/run_exitga.py,file,DEAD_OR_MANUAL_SCRIPT,TERMINATED_EXPERIMENT_DATA,X,X,0,,20535,0.019584,1,2026-06-13T04:49:43.591206+09:00,27.775,DELETE_OK,운영 비도달·프로세스 없음·one-off experiment name; 보호 룰풀은 KEEP 분리
exp_fix_range_predictor_stage2_v3_coarse3_stage2gate_20260705_001/config.json,file,ONE_OFF_EXPERIMENT_ARTIFACT,TERMINATED_EXPERIMENT_DATA,X,X,0,,19738,0.018824,1,2026-07-05T16:04:27.328958+09:00,5.307,DELETE_OK,운영 비도달·프로세스 없음·summary.json exists; 보호 룰풀은 KEEP 분리
exp_fix_range_predictor_stage2_v3_coarse3_stage2gate_loose_20260705_001/config.json,file,ONE_OFF_EXPERIMENT_ARTIFACT,TERMINATED_EXPERIMENT_DATA,X,X,0,,19736,0.018822,1,2026-07-05T16:20:25.619241+09:00,5.296,DELETE_OK,운영 비도달·프로세스 없음·summary.json exists; 보호 룰풀은 KEEP 분리
exp_fix_range_predictor_stage2_v3_large_range_q70_20260704_001/summary.json,file,ONE_OFF_EXPERIMENT_ARTIFACT,TERMINATED_EXPERIMENT_DATA,X,X,0,,18547,0.017688,1,2026-07-05T08:11:40.990770+09:00,5.635,DELETE_OK,운영 비도달·프로세스 없음·summary.json exists; 보호 룰풀은 KEEP 분리
exp_lasr_reverse_20260612_1856/run_reverse.py,file,DEAD_OR_MANUAL_SCRIPT,TERMINATED_EXPERIMENT_DATA,X,X,0,,18026,0.017191,1,2026-06-13T03:56:58.088876+09:00,27.812,DELETE_OK,운영 비도달·프로세스 없음·one-off experiment name; 보호 룰풀은 KEEP 분리
exp_mpc_range_predictor_stage2_v3_tponly_tp2_20260704_001/summary.json,file,ONE_OFF_EXPERIMENT_ARTIFACT,TERMINATED_EXPERIMENT_DATA,X,X,0,,17993,0.017159,1,2026-07-05T03:29:23.819104+09:00,5.831,DELETE_OK,운영 비도달·프로세스 없음·summary.json exists; 보호 룰풀은 KEEP 분리
exp_batch_CE_materials_retrain_20260708/tickers/CE/stage3/entry_rejected_overlap.json,file,ONE_OFF_EXPERIMENT_ARTIFACT,TERMINATED_EXPERIMENT_DATA,X,X,0,,17948,0.017117,1,2026-07-09T08:31:45.042514+09:00,1.621,DELETE_OK,운영 비도달·프로세스 없음·run_status stage2/stage3/compare complete; 보호 룰풀은 KEEP 분리
exp_fix_range_predictor_stage2_v3_safeoverflow_precision_stage2gate_20260705_001/config.json,file,ONE_OFF_EXPERIMENT_ARTIFACT,TERMINATED_EXPERIMENT_DATA,X,X,0,,17912,0.017082,1,2026-07-05T15:41:16.989448+09:00,5.323,DELETE_OK,운영 비도달·프로세스 없음·summary.json exists; 보호 룰풀은 KEEP 분리
exp_mpc_range_predictor_stage2_v3_tpsl_tp2_sl1_20260704_001/summary.json,file,ONE_OFF_EXPERIMENT_ARTIFACT,TERMINATED_EXPERIMENT_DATA,X,X,0,,17700,0.01688,1,2026-07-05T02:21:16.720417+09:00,5.879,DELETE_OK,운영 비도달·프로세스 없음·summary.json exists; 보호 룰풀은 KEEP 분리
exp_fix_range_predictor_stage2_v3_tpsl_tp2_sl1_20260704_001/summary.json,file,ONE_OFF_EXPERIMENT_ARTIFACT,TERMINATED_EXPERIMENT_DATA,X,X,0,,17662,0.016844,1,2026-07-05T01:47:26.299054+09:00,5.902,DELETE_OK,운영 비도달·프로세스 없음·summary.json exists; 보호 룰풀은 KEEP 분리
exp_batch_stage23_smoke_3/tickers/WELL/stage2/ga_history.csv,file,ONE_OFF_EXPERIMENT_ARTIFACT,TERMINATED_EXPERIMENT_DATA,X,X,0,,17597,0.016782,1,2026-06-16T06:06:57.764769+09:00,24.722,DELETE_OK,운영 비도달·프로세스 없음·batch_summary.json exists; 보호 룰풀은 KEEP 분리
exp_batch_stage23_smoke_3tickers/tickers/WELL/stage2/ga_history.csv,file,ONE_OFF_EXPERIMENT_ARTIFACT,TERMINATED_EXPERIMENT_DATA,X,X,0,,17547,0.016734,1,2026-06-16T08:16:51.441811+09:00,24.632,DELETE_OK,운영 비도달·프로세스 없음·batch_summary.json exists; 보호 룰풀은 KEEP 분리
exp_batch_CE_multifeature_20260708/tickers/CE/stage2/ga_history.csv,file,ONE_OFF_EXPERIMENT_ARTIFACT,TERMINATED_EXPERIMENT_DATA,X,X,0,,16856,0.016075,1,2026-07-09T08:36:28.261007+09:00,1.618,DELETE_OK,운영 비도달·프로세스 없음·run_status stage2/stage3/compare complete; 보호 룰풀은 KEEP 분리
exp_stage3_recent_min_trades_reapply_smoke_cw_20260615/stage3_ineligible.jsonl,file,ONE_OFF_EXPERIMENT_ARTIFACT,TERMINATED_EXPERIMENT_DATA,X,X,0,,16561,0.015794,1,2026-06-15T09:52:08.968244+09:00,25.565,DELETE_OK,운영 비도달·프로세스 없음·one-off experiment name; 보호 룰풀은 KEEP 분리
exp_stage3_recent_min_trades_smoke_cw_20260615/stage3_ineligible.jsonl,file,ONE_OFF_EXPERIMENT_ARTIFACT,TERMINATED_EXPERIMENT_DATA,X,X,0,,16561,0.015794,1,2026-06-15T09:33:12.569282+09:00,25.579,DELETE_OK,운영 비도달·프로세스 없음·one-off experiment name; 보호 룰풀은 KEEP 분리
exp_fix_range_predictor_stage2_v3_low_danger17_safe03_open_gate_20260705_001/config.json,file,ONE_OFF_EXPERIMENT_ARTIFACT,TERMINATED_EXPERIMENT_DATA,X,X,0,,16299,0.015544,1,2026-07-05T15:14:04.708372+09:00,5.342,DELETE_OK,운영 비도달·프로세스 없음·summary.json exists; 보호 룰풀은 KEEP 분리
exp_fix_range_predictor_stage2_v3_low_danger2_safe02_open_gate_20260705_001/config.json,file,ONE_OFF_EXPERIMENT_ARTIFACT,TERMINATED_EXPERIMENT_DATA,X,X,0,,16299,0.015544,1,2026-07-05T14:53:08.155623+09:00,5.356,DELETE_OK,운영 비도달·프로세스 없음·summary.json exists; 보호 룰풀은 KEEP 분리
exp_fix_range_predictor_stage2_v3_no_danger_learning_open_gate_20260705_001/config.json,file,ONE_OFF_EXPERIMENT_ARTIFACT,TERMINATED_EXPERIMENT_DATA,X,X,0,,16299,0.015544,1,2026-07-05T14:28:47.494239+09:00,5.373,DELETE_OK,운영 비도달·프로세스 없음·summary.json exists; 보호 룰풀은 KEEP 분리
exp_fix_range_predictor_stage2_v3_high_only_20260705_001/config.json,file,ONE_OFF_EXPERIMENT_ARTIFACT,TERMINATED_EXPERIMENT_DATA,X,X,0,,15958,0.015219,1,2026-07-05T23:11:04.585117+09:00,5.011,DELETE_OK,운영 비도달·프로세스 없음·summary.json exists; 보호 룰풀은 KEEP 분리
exp_fix_range_predictor_stage2_v3_low_only_20260705_001/config.json,file,ONE_OFF_EXPERIMENT_ARTIFACT,TERMINATED_EXPERIMENT_DATA,X,X,0,,15953,0.015214,1,2026-07-05T23:10:31.746176+09:00,5.011,DELETE_OK,운영 비도달·프로세스 없음·summary.json exists; 보호 룰풀은 KEEP 분리
exp_fix_range_predictor_stage2_v3_true3_stage2gate_20260705_001/config.json,file,ONE_OFF_EXPERIMENT_ARTIFACT,TERMINATED_EXPERIMENT_DATA,X,X,0,,15944,0.015205,1,2026-07-05T16:46:39.927420+09:00,5.278,DELETE_OK,운영 비도달·프로세스 없음·summary.json exists; 보호 룰풀은 KEEP 분리
exp_fix_range_predictor_stage2_v3_dense_weights_20260705_001/config.json,file,ONE_OFF_EXPERIMENT_ARTIFACT,TERMINATED_EXPERIMENT_DATA,X,X,0,,15792,0.01506,1,2026-07-05T22:33:21.188168+09:00,5.037,DELETE_OK,운영 비도달·프로세스 없음·summary.json exists; 보호 룰풀은 KEEP 분리
exp_fix_range_predictor_stage2_v3_low_danger2_safe02_open_gate_20260705_001/summary.json,file,ONE_OFF_EXPERIMENT_ARTIFACT,TERMINATED_EXPERIMENT_DATA,X,X,0,,15264,0.014557,1,2026-07-05T14:53:08.156623+09:00,5.356,DELETE_OK,운영 비도달·프로세스 없음·summary.json exists; 보호 룰풀은 KEEP 분리
exp_fix_range_predictor_stage2_v3_no_danger_learning_open_gate_20260705_001/summary.json,file,ONE_OFF_EXPERIMENT_ARTIFACT,TERMINATED_EXPERIMENT_DATA,X,X,0,,15264,0.014557,1,2026-07-05T14:28:47.495239+09:00,5.373,DELETE_OK,운영 비도달·프로세스 없음·summary.json exists; 보호 룰풀은 KEEP 분리
exp_fix_range_predictor_stage2_v3_low_danger17_safe03_open_gate_20260705_001/summary.json,file,ONE_OFF_EXPERIMENT_ARTIFACT,TERMINATED_EXPERIMENT_DATA,X,X,0,,15240,0.014534,1,2026-07-05T15:14:04.709372+09:00,5.342,DELETE_OK,운영 비도달·프로세스 없음·summary.json exists; 보호 룰풀은 KEEP 분리
exp_fix_range_predictor_stage2_v3_pattern_detector_loose_20260705_001/config.json,file,ONE_OFF_EXPERIMENT_ARTIFACT,TERMINATED_EXPERIMENT_DATA,X,X,0,,15170,0.014467,1,2026-07-05T21:53:58.145398+09:00,5.064,DELETE_OK,운영 비도달·프로세스 없음·summary.json exists; 보호 룰풀은 KEEP 분리
exp_fix_range_predictor_stage2_v3_pattern_detector_20260705_001/config.json,file,ONE_OFF_EXPERIMENT_ARTIFACT,TERMINATED_EXPERIMENT_DATA,X,X,0,,15169,0.014466,1,2026-07-05T21:37:21.174184+09:00,5.076,DELETE_OK,운영 비도달·프로세스 없음·summary.json exists; 보호 룰풀은 KEEP 분리
exp_fix_payoff_two_gene_ga_smoke_20260706_001/summary.json,file,ONE_OFF_EXPERIMENT_ARTIFACT,TERMINATED_EXPERIMENT_DATA,X,X,0,,14917,0.014226,1,2026-07-06T00:39:18.103639+09:00,4.949,DELETE_OK,운영 비도달·프로세스 없음·summary.json exists; 보호 룰풀은 KEEP 분리
exp_fix_range_predictor_stage2_v3_true3_stage2gate_fixed_20260705_001/config.json,file,ONE_OFF_EXPERIMENT_ARTIFACT,TERMINATED_EXPERIMENT_DATA,X,X,0,,14610,0.013933,1,2026-07-05T17:07:07.441221+09:00,5.263,DELETE_OK,운영 비도달·프로세스 없음·summary.json exists; 보호 룰풀은 KEEP 분리
exp_context_reuse_verify_cw_baseline/entry_rejected_overlap.json,file,EXACT_DUPLICATE_REVIEW,TERMINATED_EXPERIMENT_DATA,X,X,0,,14469,0.013799,1,2026-06-16T04:22:15.027003+09:00,24.795,DELETE_OK,운영 비도달·프로세스 없음·one-off experiment name; 보호 룰풀은 KEEP 분리
exp_context_reuse_verify_cw_shared/entry_rejected_overlap.json,file,EXACT_DUPLICATE_REVIEW,TERMINATED_EXPERIMENT_DATA,X,X,0,,14469,0.013799,1,2026-06-16T04:50:22.208986+09:00,24.775,DELETE_OK,운영 비도달·프로세스 없음·one-off experiment name; 보호 룰풀은 KEEP 분리
exp_fitness_cache_verify_cw_off/entry_rejected_overlap.json,file,EXACT_DUPLICATE_REVIEW,TERMINATED_EXPERIMENT_DATA,X,X,0,,14469,0.013799,1,2026-06-15T11:30:32.924668+09:00,25.497,DELETE_OK,운영 비도달·프로세스 없음·one-off experiment name; 보호 룰풀은 KEEP 분리
exp_fitness_cache_verify_cw_on_clean/entry_rejected_overlap.json,file,EXACT_DUPLICATE_REVIEW,TERMINATED_EXPERIMENT_DATA,X,X,0,,14469,0.013799,1,2026-06-15T12:21:16.209218+09:00,25.462,DELETE_OK,운영 비도달·프로세스 없음·one-off experiment name; 보호 룰풀은 KEEP 분리
exp_fix_range_predictor_stage2_v3_original_stage2_multicond_dual_hilo_20260705_001/config.json,file,ONE_OFF_EXPERIMENT_ARTIFACT,TERMINATED_EXPERIMENT_DATA,X,X,0,,14342,0.013678,1,2026-07-05T13:38:07.650684+09:00,5.409,DELETE_OK,운영 비도달·프로세스 없음·summary.json exists; 보호 룰풀은 KEEP 분리
exp_fix_range_predictor_stage2_v3_original_stage2_dual_hilo_20260705_001/config.json,file,ONE_OFF_EXPERIMENT_ARTIFACT,TERMINATED_EXPERIMENT_DATA,X,X,0,,13486,0.012861,1,2026-07-05T13:10:36.662641+09:00,5.428,DELETE_OK,운영 비도달·프로세스 없음·summary.json exists; 보호 룰풀은 KEEP 분리
exp_fix_range_predictor_stage2_v3_rolling_event2pct_high_20260704_001/summary.json,file,ONE_OFF_EXPERIMENT_ARTIFACT,TERMINATED_EXPERIMENT_DATA,X,X,0,,13183,0.012572,1,2026-07-04T23:56:01.562024+09:00,5.979,DELETE_OK,운영 비도달·프로세스 없음·summary.json exists; 보호 룰풀은 KEEP 분리
exp_period_lockbox_audit_cw_stage2/ga_history.csv,file,ONE_OFF_EXPERIMENT_ARTIFACT,TERMINATED_EXPERIMENT_DATA,X,X,0,,12881,0.012284,1,2026-06-16T09:54:09.106336+09:00,24.564,DELETE_OK,운영 비도달·프로세스 없음·summary.json exists; 보호 룰풀은 KEEP 분리
exp_fix_range_predictor_stage2_v3_original_stage2_large_range_q70_20260705_001/config.json,file,ONE_OFF_EXPERIMENT_ARTIFACT,TERMINATED_EXPERIMENT_DATA,X,X,0,,12831,0.012237,1,2026-07-05T12:47:57.785075+09:00,5.443,DELETE_OK,운영 비도달·프로세스 없음·summary.json exists; 보호 룰풀은 KEEP 분리
exp_period_lockbox_audit_cw_stage3_validate/entry_rejected_overlap.json,file,EXACT_DUPLICATE_REVIEW,TERMINATED_EXPERIMENT_DATA,X,X,0,,12781,0.012189,1,2026-06-14T12:56:12.922152+09:00,26.438,DELETE_OK,운영 비도달·프로세스 없음·one-off experiment name; 보호 룰풀은 KEEP 분리
exp_fix_range_predictor_stage2_v3_precision_event2pct_high_20260704_001/summary.json,file,ONE_OFF_EXPERIMENT_ARTIFACT,TERMINATED_EXPERIMENT_DATA,X,X,0,,12632,0.012047,1,2026-07-05T00:58:02.609362+09:00,5.936,DELETE_OK,운영 비도달·프로세스 없음·summary.json exists; 보호 룰풀은 KEEP 분리
exp_fix_range_predictor_stage2_v3_rolling_event2pct_low_20260704_001/summary.json,file,ONE_OFF_EXPERIMENT_ARTIFACT,TERMINATED_EXPERIMENT_DATA,X,X,0,,12601,0.012017,1,2026-07-04T23:55:15.981106+09:00,5.98,DELETE_OK,운영 비도달·프로세스 없음·summary.json exists; 보호 룰풀은 KEEP 분리
exp_batch_stage23_smoke_3/tickers/CW/stage2/ga_history.csv,file,ONE_OFF_EXPERIMENT_ARTIFACT,TERMINATED_EXPERIMENT_DATA,X,X,0,,12576,0.011993,1,2026-06-16T05:28:02.985944+09:00,24.749,DELETE_OK,운영 비도달·프로세스 없음·batch_summary.json exists; 보호 룰풀은 KEEP 분리
exp_batch_stage23_smoke_3tickers/tickers/CW/stage2/ga_history.csv,file,ONE_OFF_EXPERIMENT_ARTIFACT,TERMINATED_EXPERIMENT_DATA,X,X,0,,12576,0.011993,1,2026-06-16T07:09:43.547025+09:00,24.678,DELETE_OK,운영 비도달·프로세스 없음·batch_summary.json exists; 보호 룰풀은 KEEP 분리
exp_fix_range_predictor_stage2_v3_rolling_hilo_mae_20260704_001/summary.json,file,ONE_OFF_EXPERIMENT_ARTIFACT,TERMINATED_EXPERIMENT_DATA,X,X,0,,11853,0.011304,1,2026-07-04T22:17:07.420653+09:00,6.048,DELETE_OK,운영 비도달·프로세스 없음·summary.json exists; 보호 룰풀은 KEEP 분리
exp_fix_range_predictor_stage2_v3_rolling_event2pct_20260704_001/summary.json,file,ONE_OFF_EXPERIMENT_ARTIFACT,TERMINATED_EXPERIMENT_DATA,X,X,0,,11838,0.01129,1,2026-07-04T23:06:40.483328+09:00,6.014,DELETE_OK,운영 비도달·프로세스 없음·summary.json exists; 보호 룰풀은 KEEP 분리
exp_lasr_exitswap_20260612_1945/run_exitswap.py,file,DEAD_OR_MANUAL_SCRIPT,TERMINATED_EXPERIMENT_DATA,X,X,0,,11232,0.010712,1,2026-06-13T04:44:14.814794+09:00,27.779,DELETE_OK,운영 비도달·프로세스 없음·one-off experiment name; 보호 룰풀은 KEEP 분리
exp_fix_range_predictor_stage2_v3_tpsl_tp2_sl1_20260704_001/config.json,file,ONE_OFF_EXPERIMENT_ARTIFACT,TERMINATED_EXPERIMENT_DATA,X,X,0,,11000,0.01049,1,2026-07-05T01:47:26.298054+09:00,5.902,DELETE_OK,운영 비도달·프로세스 없음·summary.json exists; 보호 룰풀은 KEEP 분리
exp_mpc_range_predictor_stage2_v3_tpsl_tp2_sl1_20260704_001/config.json,file,ONE_OFF_EXPERIMENT_ARTIFACT,TERMINATED_EXPERIMENT_DATA,X,X,0,,10910,0.010405,1,2026-07-05T02:21:16.718417+09:00,5.879,DELETE_OK,운영 비도달·프로세스 없음·summary.json exists; 보호 룰풀은 KEEP 분리
exp_batch_CE_multifeature_20260708/run_status.json,file,ONE_OFF_EXPERIMENT_ARTIFACT,TERMINATED_EXPERIMENT_DATA,X,X,0,,10870,0.010366,1,2026-07-09T12:27:35.553180+09:00,1.457,DELETE_OK,운영 비도달·프로세스 없음·run_status stage2/stage3/compare complete; 보호 룰풀은 KEEP 분리
exp_mpc_range_predictor_stage2_v3_tponly_tp2_20260704_001/config.json,file,ONE_OFF_EXPERIMENT_ARTIFACT,TERMINATED_EXPERIMENT_DATA,X,X,0,,10815,0.010314,1,2026-07-05T03:29:23.818105+09:00,5.831,DELETE_OK,운영 비도달·프로세스 없음·summary.json exists; 보호 룰풀은 KEEP 분리
exp_event_decay_20260613/validate_event_decay.py,file,DEAD_OR_MANUAL_SCRIPT,TERMINATED_EXPERIMENT_DATA,X,X,0,,10753,0.010255,1,2026-06-13T02:06:02.415779+09:00,27.889,DELETE_OK,운영 비도달·프로세스 없음·one-off experiment name; 보호 룰풀은 KEEP 분리
exp_fix_range_predictor_stage2_v3_pure_stage2_large_range_q70_20260704_001/config.json,file,ONE_OFF_EXPERIMENT_ARTIFACT,TERMINATED_EXPERIMENT_DATA,X,X,0,,10732,0.010235,1,2026-07-05T12:37:59.959146+09:00,5.45,DELETE_OK,운영 비도달·프로세스 없음·summary.json exists; 보호 룰풀은 KEEP 분리
exp_fix_range_predictor_stage2_v3_large_range_q70_20260704_001/config.json,file,ONE_OFF_EXPERIMENT_ARTIFACT,TERMINATED_EXPERIMENT_DATA,X,X,0,,10673,0.010179,1,2026-07-05T08:11:40.989770+09:00,5.635,DELETE_OK,운영 비도달·프로세스 없음·summary.json exists; 보호 룰풀은 KEEP 분리
exp_stage25_timeout_sweep/sweep_summary.json,file,ONE_OFF_EXPERIMENT_ARTIFACT,TERMINATED_EXPERIMENT_DATA,X,X,0,,10459,0.009974,1,2026-06-16T13:47:30.175249+09:00,24.402,DELETE_OK,운영 비도달·프로세스 없음·one-off experiment name; 보호 룰풀은 KEEP 분리
exp_fix_range_predictor_stage2_v3_rolling_hilo_mae_20260704_001/config.json,file,ONE_OFF_EXPERIMENT_ARTIFACT,TERMINATED_EXPERIMENT_DATA,X,X,0,,10355,0.009875,1,2026-07-04T22:17:07.419653+09:00,6.048,DELETE_OK,운영 비도달·프로세스 없음·summary.json exists; 보호 룰풀은 KEEP 분리
exp_fix_range_predictor_stage2_v3_precision_event2pct_high_20260704_001/config.json,file,ONE_OFF_EXPERIMENT_ARTIFACT,TERMINATED_EXPERIMENT_DATA,X,X,0,,10170,0.009699,1,2026-07-05T00:58:02.608362+09:00,5.936,DELETE_OK,운영 비도달·프로세스 없음·summary.json exists; 보호 룰풀은 KEEP 분리
exp_fix_range_predictor_stage2_v3_rolling_event2pct_high_20260704_001/config.json,file,ONE_OFF_EXPERIMENT_ARTIFACT,TERMINATED_EXPERIMENT_DATA,X,X,0,,10046,0.009581,1,2026-07-04T23:56:01.561024+09:00,5.979,DELETE_OK,운영 비도달·프로세스 없음·summary.json exists; 보호 룰풀은 KEEP 분리
exp_fix_range_predictor_stage2_v3_rolling_event2pct_low_20260704_001/config.json,file,ONE_OFF_EXPERIMENT_ARTIFACT,TERMINATED_EXPERIMENT_DATA,X,X,0,,10044,0.009579,1,2026-07-04T23:55:15.980106+09:00,5.98,DELETE_OK,운영 비도달·프로세스 없음·summary.json exists; 보호 룰풀은 KEEP 분리
exp_fix_payoff_pattern_classifier_noleak_08_20260705_001/oos_signals.csv,file,ONE_OFF_EXPERIMENT_ARTIFACT,TERMINATED_EXPERIMENT_DATA,X,X,0,,10000,0.009537,1,2026-07-06T00:16:10.970123+09:00,4.965,DELETE_OK,운영 비도달·프로세스 없음·summary.json exists; 보호 룰풀은 KEEP 분리
exp_fix_range_predictor_stage2_v3_stage2fixed_large_range_q70_20260704_001/config.json,file,ONE_OFF_EXPERIMENT_ARTIFACT,TERMINATED_EXPERIMENT_DATA,X,X,0,,9939,0.009479,1,2026-07-05T12:07:30.420423+09:00,5.471,DELETE_OK,운영 비도달·프로세스 없음·summary.json exists; 보호 룰풀은 KEEP 분리
exp_fix_range_predictor_stage2_v3_rolling_event2pct_20260704_001/config.json,file,ONE_OFF_EXPERIMENT_ARTIFACT,TERMINATED_EXPERIMENT_DATA,X,X,0,,9869,0.009412,1,2026-07-04T23:06:40.481328+09:00,6.014,DELETE_OK,운영 비도달·프로세스 없음·summary.json exists; 보호 룰풀은 KEEP 분리
exp_batch_CE_multifeature_20260708/comparison_readout.md,file,DOCUMENTATION_OR_NOTE,TERMINATED_EXPERIMENT_DATA,X,X,0,,9518,0.009077,1,2026-07-09T12:27:35.552180+09:00,1.457,DELETE_OK,운영 비도달·프로세스 없음·run_status stage2/stage3/compare complete; 보호 룰풀은 KEEP 분리
exp_stage25_cw9/cw9_summary.json,file,ONE_OFF_EXPERIMENT_ARTIFACT,TERMINATED_EXPERIMENT_DATA,X,X,0,,9162,0.008738,1,2026-06-16T15:00:32.449402+09:00,24.351,DELETE_OK,운영 비도달·프로세스 없음·one-off experiment name; 보호 룰풀은 KEEP 분리
exp_batch_stage23_smoke_3tickers/tickers/CW/stage2/stage25_exit/stage25_exit_input_map.json,file,EXACT_DUPLICATE_REVIEW,TERMINATED_EXPERIMENT_DATA,X,X,0,,9018,0.0086,1,2026-06-16T13:59:26.820966+09:00,24.394,DELETE_OK,운영 비도달·프로세스 없음·batch_summary.json exists; 보호 룰풀은 KEEP 분리
exp_stage25_cw9/stage25_exit/stage25_exit_input_map.json,file,EXACT_DUPLICATE_REVIEW,TERMINATED_EXPERIMENT_DATA,X,X,0,,9018,0.0086,1,2026-06-16T13:59:26.820966+09:00,24.394,DELETE_OK,운영 비도달·프로세스 없음·one-off experiment name; 보호 룰풀은 KEEP 분리
exp_fix_payoff_pattern_classifier_20260705_001/oos_signals.csv,file,ONE_OFF_EXPERIMENT_ARTIFACT,TERMINATED_EXPERIMENT_DATA,X,X,0,,8847,0.008437,1,2026-07-05T23:27:56.478306+09:00,4.999,DELETE_OK,운영 비도달·프로세스 없음·summary.json exists; 보호 룰풀은 KEEP 분리
exp_fix_payoff_tier_overlap_20260705_001/summary.json,file,ONE_OFF_EXPERIMENT_ARTIFACT,TERMINATED_EXPERIMENT_DATA,X,X,0,,8745,0.00834,1,2026-07-06T00:10:15.816759+09:00,4.97,DELETE_OK,운영 비도달·프로세스 없음·summary.json exists; 보호 룰풀은 KEEP 분리
exp_crwd_mpc_sequence_20260612_2005/FINAL_REPORT.md,file,DOCUMENTATION_OR_NOTE,TERMINATED_EXPERIMENT_DATA,X,X,0,,8161,0.007783,1,2026-06-13T06:30:02.891433+09:00,27.706,DELETE_OK,운영 비도달·프로세스 없음·summary.json exists; 보호 룰풀은 KEEP 분리
exp_fix_range_predictor_stage2_v3_coarse3_stage2gate_loose_20260705_001/summary.json,file,ONE_OFF_EXPERIMENT_ARTIFACT,TERMINATED_EXPERIMENT_DATA,X,X,0,,8049,0.007676,1,2026-07-05T16:20:25.620241+09:00,5.296,DELETE_OK,운영 비도달·프로세스 없음·summary.json exists; 보호 룰풀은 KEEP 분리
exp_batch_CE_materials_retrain_20260708/multifeature_ce_feasibility_readout.md,file,DOCUMENTATION_OR_NOTE,TERMINATED_EXPERIMENT_DATA,X,X,0,,8006,0.007635,1,2026-07-09T07:56:17.337322+09:00,1.646,DELETE_OK,운영 비도달·프로세스 없음·run_status stage2/stage3/compare complete; 보호 룰풀은 KEEP 분리
exp_period_lockbox_audit_cw_stage2/config.json,file,ONE_OFF_EXPERIMENT_ARTIFACT,TERMINATED_EXPERIMENT_DATA,X,X,0,,7836,0.007473,1,2026-06-16T09:55:02.528241+09:00,24.563,DELETE_OK,운영 비도달·프로세스 없음·summary.json exists; 보호 룰풀은 KEEP 분리
exp_batch_stage23_smoke_3tickers/tickers/CW/stage2/config.json,file,ONE_OFF_EXPERIMENT_ARTIFACT,TERMINATED_EXPERIMENT_DATA,X,X,0,,7539,0.00719,1,2026-06-16T07:10:30.015942+09:00,24.678,DELETE_OK,운영 비도달·프로세스 없음·batch_summary.json exists; 보호 룰풀은 KEEP 분리
exp_batch_stage23_smoke_3/tickers/CW/stage2/config.json,file,ONE_OFF_EXPERIMENT_ARTIFACT,TERMINATED_EXPERIMENT_DATA,X,X,0,,7469,0.007123,1,2026-06-16T05:28:50.139860+09:00,24.748,DELETE_OK,운영 비도달·프로세스 없음·batch_summary.json exists; 보호 룰풀은 KEEP 분리
exp_batch_CE_multifeature_20260708/tickers/CE/stage3/last_run_summary.json,file,ONE_OFF_EXPERIMENT_ARTIFACT,TERMINATED_EXPERIMENT_DATA,X,X,0,,7467,0.007121,1,2026-07-09T12:27:32.340186+09:00,1.458,DELETE_OK,운영 비도달·프로세스 없음·run_status stage2/stage3/compare complete; 보호 룰풀은 KEEP 분리
exp_batch_CE_materials_retrain_20260708/tickers/CE/stage3/last_run_summary.json,file,ONE_OFF_EXPERIMENT_ARTIFACT,TERMINATED_EXPERIMENT_DATA,X,X,0,,7324,0.006985,1,2026-07-09T10:19:02.133995+09:00,1.547,DELETE_OK,운영 비도달·프로세스 없음·run_status stage2/stage3/compare complete; 보호 룰풀은 KEEP 분리
exp_batch_stage123_2009_20260616_smoke10/tickers/A/stage2/config.json,file,ONE_OFF_EXPERIMENT_ARTIFACT,TERMINATED_EXPERIMENT_DATA,X,X,0,,7202,0.006868,1,2026-06-17T01:58:01.903777+09:00,23.895,DELETE_OK,운영 비도달·프로세스 없음·batch_summary.json exists; 보호 룰풀은 KEEP 분리
exp_batch_stage23_smoke_3tickers/tickers/WELL/stage2/config.json,file,ONE_OFF_EXPERIMENT_ARTIFACT,TERMINATED_EXPERIMENT_DATA,X,X,0,,7184,0.006851,1,2026-06-16T08:17:48.881708+09:00,24.631,DELETE_OK,운영 비도달·프로세스 없음·batch_summary.json exists; 보호 룰풀은 KEEP 분리
exp_batch_stage23_smoke_3/tickers/WELL/stage2/config.json,file,ONE_OFF_EXPERIMENT_ARTIFACT,TERMINATED_EXPERIMENT_DATA,X,X,0,,7114,0.006784,1,2026-06-16T06:07:56.306664+09:00,24.721,DELETE_OK,운영 비도달·프로세스 없음·batch_summary.json exists; 보호 룰풀은 KEEP 분리
exp_lasr_exitga_20260612_1950/history.csv,file,ONE_OFF_EXPERIMENT_ARTIFACT,TERMINATED_EXPERIMENT_DATA,X,X,0,,7030,0.006704,1,2026-06-13T04:55:33.638579+09:00,27.771,DELETE_OK,운영 비도달·프로세스 없음·one-off experiment name; 보호 룰풀은 KEEP 분리
exp_crwd_exitga_20260612_2005/history.csv,file,ONE_OFF_EXPERIMENT_ARTIFACT,TERMINATED_EXPERIMENT_DATA,X,X,0,,7024,0.006699,1,2026-06-13T05:47:16.654023+09:00,27.735,DELETE_OK,운영 비도달·프로세스 없음·one-off experiment name; 보호 룰풀은 KEEP 분리
exp_mpc_exitga_20260612_2005/history.csv,file,ONE_OFF_EXPERIMENT_ARTIFACT,TERMINATED_EXPERIMENT_DATA,X,X,0,,7010,0.006685,1,2026-06-13T06:27:53.034665+09:00,27.707,DELETE_OK,운영 비도달·프로세스 없음·one-off experiment name; 보호 룰풀은 KEEP 분리
exp_lasr_exitga_20260612_1950/compare_metrics.csv,file,ONE_OFF_EXPERIMENT_ARTIFACT,TERMINATED_EXPERIMENT_DATA,X,X,0,,6953,0.006631,1,2026-06-13T04:55:33.639579+09:00,27.771,DELETE_OK,운영 비도달·프로세스 없음·one-off experiment name; 보호 룰풀은 KEEP 분리
exp_batch_stage23_smoke_3tickers/tickers/CRWD/stage2_retry2/config.json,file,ONE_OFF_EXPERIMENT_ARTIFACT,TERMINATED_EXPERIMENT_DATA,X,X,0,,6933,0.006612,1,2026-06-16T08:01:01.103513+09:00,24.643,DELETE_OK,운영 비도달·프로세스 없음·batch_summary.json exists; 보호 룰풀은 KEEP 분리
exp_fix_range_predictor_stage2_v3_safeoverflow_precision_stage2gate_20260705_001/summary.json,file,ONE_OFF_EXPERIMENT_ARTIFACT,TERMINATED_EXPERIMENT_DATA,X,X,0,,6923,0.006602,1,2026-07-05T15:41:16.990448+09:00,5.323,DELETE_OK,운영 비도달·프로세스 없음·summary.json exists; 보호 룰풀은 KEEP 분리
exp_batch_CE_materials_retrain_20260708/tickers/CE/stage2/config.json,file,ONE_OFF_EXPERIMENT_ARTIFACT,TERMINATED_EXPERIMENT_DATA,X,X,0,,6843,0.006526,1,2026-07-09T08:03:32.856543+09:00,1.641,DELETE_OK,운영 비도달·프로세스 없음·run_status stage2/stage3/compare complete; 보호 룰풀은 KEEP 분리
exp_batch_CE_multifeature_20260708/tickers/CE/stage2/config.json,file,ONE_OFF_EXPERIMENT_ARTIFACT,TERMINATED_EXPERIMENT_DATA,X,X,0,,6828,0.006512,1,2026-07-09T08:37:34.615888+09:00,1.617,DELETE_OK,운영 비도달·프로세스 없음·run_status stage2/stage3/compare complete; 보호 룰풀은 KEEP 분리
exp_batch_stage23_smoke_3/tickers/CRWD/stage2/config.json,file,ONE_OFF_EXPERIMENT_ARTIFACT,TERMINATED_EXPERIMENT_DATA,X,X,0,,6792,0.006477,1,2026-06-16T05:51:13.747458+09:00,24.733,DELETE_OK,운영 비도달·프로세스 없음·batch_summary.json exists; 보호 룰풀은 KEEP 분리
exp_fix_range_predictor_stage2_v3_coarse3_stage2gate_20260705_001/summary.json,file,ONE_OFF_EXPERIMENT_ARTIFACT,TERMINATED_EXPERIMENT_DATA,X,X,0,,6772,0.006458,1,2026-07-05T16:04:27.329958+09:00,5.307,DELETE_OK,운영 비도달·프로세스 없음·summary.json exists; 보호 룰풀은 KEEP 분리
exp_fix_range_predictor_stage2_v3_true3_stage2gate_fixed_20260705_001/summary.json,file,ONE_OFF_EXPERIMENT_ARTIFACT,TERMINATED_EXPERIMENT_DATA,X,X,0,,6228,0.005939,1,2026-07-05T17:07:07.442222+09:00,5.263,DELETE_OK,운영 비도달·프로세스 없음·summary.json exists; 보호 룰풀은 KEEP 분리
exp_event_decay_20260613/event_decay_validation_report.md,file,DOCUMENTATION_OR_NOTE,TERMINATED_EXPERIMENT_DATA,X,X,0,,6157,0.005872,1,2026-06-13T02:06:06.948771+09:00,27.889,DELETE_OK,운영 비도달·프로세스 없음·one-off experiment name; 보호 룰풀은 KEEP 분리
exp_batch_CE_multifeature_20260708/entry_signal_replay_readout.md,file,DOCUMENTATION_OR_NOTE,TERMINATED_EXPERIMENT_DATA,X,X,0,,5811,0.005542,1,2026-07-09T19:21:05.392741+09:00,1.17,DELETE_OK,운영 비도달·프로세스 없음·run_status stage2/stage3/compare complete; 보호 룰풀은 KEEP 분리
exp_unified_catalog_proto_20260614_0001/summary.json,file,ONE_OFF_EXPERIMENT_ARTIFACT,TERMINATED_EXPERIMENT_DATA,X,X,0,,5774,0.005507,1,2026-06-15T01:57:29.834236+09:00,25.895,DELETE_OK,운영 비도달·프로세스 없음·summary.json exists; 보호 룰풀은 KEEP 분리
exp_fix_range_predictor_stage2_v3_high_only_20260705_001/summary.json,file,ONE_OFF_EXPERIMENT_ARTIFACT,TERMINATED_EXPERIMENT_DATA,X,X,0,,5765,0.005498,1,2026-07-05T23:11:04.586117+09:00,5.011,DELETE_OK,운영 비도달·프로세스 없음·summary.json exists; 보호 룰풀은 KEEP 분리
exp_batch_CE_multifeature_20260708/tickers/CE/stage3/entry_rejected_overlap.json,file,ONE_OFF_EXPERIMENT_ARTIFACT,TERMINATED_EXPERIMENT_DATA,X,X,0,,5758,0.005491,1,2026-07-09T09:31:32.705092+09:00,1.58,DELETE_OK,운영 비도달·프로세스 없음·run_status stage2/stage3/compare complete; 보호 룰풀은 KEEP 분리
exp_mpc_exitga_20260612_2005/compare_metrics.csv,file,ONE_OFF_EXPERIMENT_ARTIFACT,TERMINATED_EXPERIMENT_DATA,X,X,0,,5575,0.005317,1,2026-06-13T06:27:53.033665+09:00,27.707,DELETE_OK,운영 비도달·프로세스 없음·one-off experiment name; 보호 룰풀은 KEEP 분리
exp_fix_range_predictor_stage2_v3_original_stage2_multicond_dual_hilo_20260705_001/summary.json,file,ONE_OFF_EXPERIMENT_ARTIFACT,TERMINATED_EXPERIMENT_DATA,X,X,0,,5566,0.005308,1,2026-07-05T13:38:07.651684+09:00,5.409,DELETE_OK,운영 비도달·프로세스 없음·summary.json exists; 보호 룰풀은 KEEP 분리
exp_crwd_exitga_20260612_2005/compare_metrics.csv,file,ONE_OFF_EXPERIMENT_ARTIFACT,TERMINATED_EXPERIMENT_DATA,X,X,0,,5370,0.005121,1,2026-06-13T05:47:16.654023+09:00,27.735,DELETE_OK,운영 비도달·프로세스 없음·one-off experiment name; 보호 룰풀은 KEEP 분리
exp_fix_range_predictor_stage2_v3_low_only_20260705_001/summary.json,file,ONE_OFF_EXPERIMENT_ARTIFACT,TERMINATED_EXPERIMENT_DATA,X,X,0,,5326,0.005079,1,2026-07-05T23:10:31.746176+09:00,5.011,DELETE_OK,운영 비도달·프로세스 없음·summary.json exists; 보호 룰풀은 KEEP 분리
exp_fix_range_predictor_stage2_v3_hilo_mae_20260704_001/config.json,file,ONE_OFF_EXPERIMENT_ARTIFACT,TERMINATED_EXPERIMENT_DATA,X,X,0,,5233,0.004991,1,2026-07-04T21:39:56.691650+09:00,6.074,DELETE_OK,운영 비도달·프로세스 없음·summary.json exists; 보호 룰풀은 KEEP 분리
exp_fix_range_predictor_stage2_v3_pattern_detector_loose_20260705_001/summary.json,file,ONE_OFF_EXPERIMENT_ARTIFACT,TERMINATED_EXPERIMENT_DATA,X,X,0,,5058,0.004824,1,2026-07-05T21:53:58.146398+09:00,5.064,DELETE_OK,운영 비도달·프로세스 없음·summary.json exists; 보호 룰풀은 KEEP 분리
exp_batch_CE_materials_retrain_20260708/run_status.json,file,ONE_OFF_EXPERIMENT_ARTIFACT,TERMINATED_EXPERIMENT_DATA,X,X,0,,5028,0.004795,1,2026-07-09T10:19:04.886990+09:00,1.547,DELETE_OK,운영 비도달·프로세스 없음·run_status stage2/stage3/compare complete; 보호 룰풀은 KEEP 분리
exp_batch_CE_multifeature_20260708/comparison.csv,file,ONE_OFF_EXPERIMENT_ARTIFACT,TERMINATED_EXPERIMENT_DATA,X,X,0,,5020,0.004787,1,2026-07-09T12:27:35.551180+09:00,1.457,DELETE_OK,운영 비도달·프로세스 없음·run_status stage2/stage3/compare complete; 보호 룰풀은 KEEP 분리
exp_batch_CE_materials_retrain_20260708/comparison_readout.md,file,DOCUMENTATION_OR_NOTE,TERMINATED_EXPERIMENT_DATA,X,X,0,,4860,0.004635,1,2026-07-09T10:19:04.886990+09:00,1.547,DELETE_OK,운영 비도달·프로세스 없음·run_status stage2/stage3/compare complete; 보호 룰풀은 KEEP 분리
exp_fix_range_predictor_stage2_v3_dense_weights_20260705_001/summary.json,file,ONE_OFF_EXPERIMENT_ARTIFACT,TERMINATED_EXPERIMENT_DATA,X,X,0,,4804,0.004581,1,2026-07-05T22:33:21.188168+09:00,5.037,DELETE_OK,운영 비도달·프로세스 없음·summary.json exists; 보호 룰풀은 KEEP 분리
exp_lasr_exitga_20260612_1950/REPORT.md,file,DOCUMENTATION_OR_NOTE,TERMINATED_EXPERIMENT_DATA,X,X,0,,4725,0.004506,1,2026-06-13T04:55:33.643579+09:00,27.771,DELETE_OK,운영 비도달·프로세스 없음·one-off experiment name; 보호 룰풀은 KEEP 분리
exp_event_decay_20260613/event_decay_replay.csv,file,ONE_OFF_EXPERIMENT_ARTIFACT,TERMINATED_EXPERIMENT_DATA,X,X,0,,4682,0.004465,1,2026-06-13T02:06:06.730772+09:00,27.889,DELETE_OK,운영 비도달·프로세스 없음·one-off experiment name; 보호 룰풀은 KEEP 분리
exp_lasr_reverse_20260612_1856/REPORT.md,file,DOCUMENTATION_OR_NOTE,TERMINATED_EXPERIMENT_DATA,X,X,0,,4654,0.004438,1,2026-06-13T04:28:43.697465+09:00,27.79,DELETE_OK,운영 비도달·프로세스 없음·one-off experiment name; 보호 룰풀은 KEEP 분리
exp_stage25_cw_smoke/stage25_compare_tmp.json,file,ONE_OFF_EXPERIMENT_ARTIFACT,TERMINATED_EXPERIMENT_DATA,X,X,0,,4550,0.004339,1,2026-06-16T12:08:22.014906+09:00,24.471,DELETE_OK,운영 비도달·프로세스 없음·one-off experiment name; 보호 룰풀은 KEEP 분리
exp_fix_range_predictor_stage2_v3_stage2fixed_large_range_q70_20260704_001/summary.json,file,ONE_OFF_EXPERIMENT_ARTIFACT,TERMINATED_EXPERIMENT_DATA,X,X,0,,4526,0.004316,1,2026-07-05T12:07:30.421423+09:00,5.471,DELETE_OK,운영 비도달·프로세스 없음·summary.json exists; 보호 룰풀은 KEEP 분리
exp_fix_range_predictor_stage2_v3_true3_stage2gate_20260705_001/summary.json,file,ONE_OFF_EXPERIMENT_ARTIFACT,TERMINATED_EXPERIMENT_DATA,X,X,0,,4497,0.004289,1,2026-07-05T16:46:39.927420+09:00,5.278,DELETE_OK,운영 비도달·프로세스 없음·summary.json exists; 보호 룰풀은 KEEP 분리
exp_batch_stage23_smoke_3tickers/tickers/WELL/stage3/last_run_summary.json,file,ONE_OFF_EXPERIMENT_ARTIFACT,TERMINATED_EXPERIMENT_DATA,X,X,0,,4494,0.004286,1,2026-06-16T09:19:01.976129+09:00,24.588,DELETE_OK,운영 비도달·프로세스 없음·batch_summary.json exists; 보호 룰풀은 KEEP 분리
exp_batch_stage23_smoke_3/tickers/WELL/stage3/last_run_summary.json,file,ONE_OFF_EXPERIMENT_ARTIFACT,TERMINATED_EXPERIMENT_DATA,X,X,0,,4487,0.004279,1,2026-06-16T07:09:31.126048+09:00,24.678,DELETE_OK,운영 비도달·프로세스 없음·batch_summary.json exists; 보호 룰풀은 KEEP 분리
exp_batch_stage23_smoke_3tickers/tickers/CRWD/stage3/last_run_summary.json,file,EXACT_DUPLICATE_REVIEW,TERMINATED_EXPERIMENT_DATA,X,X,0,,4471,0.004264,1,2026-06-16T08:59:12.297259+09:00,24.602,DELETE_OK,운영 비도달·프로세스 없음·batch_summary.json exists; 보호 룰풀은 KEEP 분리
exp_batch_stage23_smoke_failure2/tickers/CRWD/stage3/last_run_summary.json,file,EXACT_DUPLICATE_REVIEW,TERMINATED_EXPERIMENT_DATA,X,X,0,,4471,0.004264,1,2026-06-16T08:59:12.297259+09:00,24.602,DELETE_OK,운영 비도달·프로세스 없음·batch_summary.json exists; 보호 룰풀은 KEEP 분리
exp_period_lockbox_audit_cw_stage3_qualify/last_run_summary.json,file,ONE_OFF_EXPERIMENT_ARTIFACT,TERMINATED_EXPERIMENT_DATA,X,X,0,,4471,0.004264,1,2026-06-16T10:17:18.519849+09:00,24.548,DELETE_OK,운영 비도달·프로세스 없음·one-off experiment name; 보호 룰풀은 KEEP 분리
exp_batch_stage23_smoke_3tickers/tickers/CW/stage3/last_run_summary.json,file,EXACT_DUPLICATE_REVIEW,TERMINATED_EXPERIMENT_DATA,X,X,0,,4465,0.004258,1,2026-06-16T08:37:37.353580+09:00,24.617,DELETE_OK,운영 비도달·프로세스 없음·batch_summary.json exists; 보호 룰풀은 KEEP 분리
exp_batch_stage23_smoke_failure2/tickers/CW/stage3/last_run_summary.json,file,EXACT_DUPLICATE_REVIEW,TERMINATED_EXPERIMENT_DATA,X,X,0,,4465,0.004258,1,2026-06-16T08:37:37.353580+09:00,24.617,DELETE_OK,운영 비도달·프로세스 없음·batch_summary.json exists; 보호 룰풀은 KEEP 분리
exp_batch_stage23_smoke_3/tickers/CRWD/stage3/last_run_summary.json,file,ONE_OFF_EXPERIMENT_ARTIFACT,TERMINATED_EXPERIMENT_DATA,X,X,0,,4464,0.004257,1,2026-06-16T06:49:32.566193+09:00,24.692,DELETE_OK,운영 비도달·프로세스 없음·batch_summary.json exists; 보호 룰풀은 KEEP 분리
exp_batch_stage23_smoke_3/tickers/CW/stage3/last_run_summary.json,file,ONE_OFF_EXPERIMENT_ARTIFACT,TERMINATED_EXPERIMENT_DATA,X,X,0,,4458,0.004251,1,2026-06-16T06:27:42.648540+09:00,24.707,DELETE_OK,운영 비도달·프로세스 없음·batch_summary.json exists; 보호 룰풀은 KEEP 분리
exp_batch_stage123_2009_20260616_smoke10/tickers/AA/stage2/config.json,file,ONE_OFF_EXPERIMENT_ARTIFACT,TERMINATED_EXPERIMENT_DATA,X,X,0,,4364,0.004162,1,2026-06-17T01:58:03.553774+09:00,23.895,DELETE_OK,운영 비도달·프로세스 없음·batch_summary.json exists; 보호 룰풀은 KEEP 분리
exp_lasr_gatecheck_20260612_1910/REPORT.md,file,DOCUMENTATION_OR_NOTE,TERMINATED_EXPERIMENT_DATA,X,X,0,,4277,0.004079,1,2026-06-13T04:34:18.226865+09:00,27.786,DELETE_OK,운영 비도달·프로세스 없음·one-off experiment name; 보호 룰풀은 KEEP 분리
exp_fix_range_predictor_stage2_v3_pattern_detector_20260705_001/summary.json,file,ONE_OFF_EXPERIMENT_ARTIFACT,TERMINATED_EXPERIMENT_DATA,X,X,0,,4241,0.004045,1,2026-07-05T21:37:21.174184+09:00,5.076,DELETE_OK,운영 비도달·프로세스 없음·summary.json exists; 보호 룰풀은 KEEP 분리
exp_batch_stage23_smoke_3tickers/tickers/CRWD/stage2_retry1/config.json,file,ONE_OFF_EXPERIMENT_ARTIFACT,TERMINATED_EXPERIMENT_DATA,X,X,0,,4114,0.003923,1,2026-06-16T07:30:08.860832+09:00,24.664,DELETE_OK,운영 비도달·프로세스 없음·batch_summary.json exists; 보호 룰풀은 KEEP 분리
exp_batch_stage23_smoke_3tickers/tickers/CRWD/stage2/config.json,file,ONE_OFF_EXPERIMENT_ARTIFACT,TERMINATED_EXPERIMENT_DATA,X,X,0,,4106,0.003916,1,2026-06-16T07:10:31.534940+09:00,24.678,DELETE_OK,운영 비도달·프로세스 없음·batch_summary.json exists; 보호 룰풀은 KEEP 분리
exp_batch_stage23_smoke_actual/tickers/CRWD/stage2/config.json,file,ONE_OFF_EXPERIMENT_ARTIFACT,TERMINATED_EXPERIMENT_DATA,X,X,0,,4105,0.003915,1,2026-06-16T07:14:55.670467+09:00,24.675,DELETE_OK,운영 비도달·프로세스 없음·batch_summary.json exists; 보호 룰풀은 KEEP 분리
exp_batch_stage23_smoke_actual/tickers/CW/stage2/config.json,file,ONE_OFF_EXPERIMENT_ARTIFACT,TERMINATED_EXPERIMENT_DATA,X,X,0,,4099,0.003909,1,2026-06-16T07:10:25.572950+09:00,24.678,DELETE_OK,운영 비도달·프로세스 없음·batch_summary.json exists; 보호 룰풀은 KEEP 분리
exp_batch_stage23_smoke_real/tickers/CW/stage2/config.json,file,ONE_OFF_EXPERIMENT_ARTIFACT,TERMINATED_EXPERIMENT_DATA,X,X,0,,4097,0.003907,1,2026-06-16T07:18:56.784036+09:00,24.672,DELETE_OK,운영 비도달·프로세스 없음·one-off experiment name; 보호 룰풀은 KEEP 분리
exp_lasr_exitswap_20260612_1945/REPORT.md,file,DOCUMENTATION_OR_NOTE,TERMINATED_EXPERIMENT_DATA,X,X,0,,4090,0.003901,1,2026-06-13T04:44:21.578782+09:00,27.779,DELETE_OK,운영 비도달·프로세스 없음·one-off experiment name; 보호 룰풀은 KEEP 분리
exp_fix_payoff_pattern_classifier_strict_20260705_001/oos_signals.csv,file,ONE_OFF_EXPERIMENT_ARTIFACT,TERMINATED_EXPERIMENT_DATA,X,X,0,,4022,0.003836,1,2026-07-05T23:28:36.369234+09:00,4.998,DELETE_OK,운영 비도달·프로세스 없음·summary.json exists; 보호 룰풀은 KEEP 분리
exp_batch_stage23_smoke_3/tickers/WELL/stage3/qualify_result.json,file,ONE_OFF_EXPERIMENT_ARTIFACT,TERMINATED_EXPERIMENT_DATA,X,X,0,,3757,0.003583,1,2026-06-16T07:09:31.123048+09:00,24.678,DELETE_OK,운영 비도달·프로세스 없음·batch_summary.json exists; 보호 룰풀은 KEEP 분리
exp_batch_stage23_smoke_3tickers/tickers/WELL/stage3/qualify_result.json,file,ONE_OFF_EXPERIMENT_ARTIFACT,TERMINATED_EXPERIMENT_DATA,X,X,0,,3757,0.003583,1,2026-06-16T09:19:01.974129+09:00,24.588,DELETE_OK,운영 비도달·프로세스 없음·batch_summary.json exists; 보호 룰풀은 KEEP 분리
exp_fix_range_predictor_stage2_v3_original_stage2_large_range_q70_20260705_001/summary.json,file,ONE_OFF_EXPERIMENT_ARTIFACT,TERMINATED_EXPERIMENT_DATA,X,X,0,,3753,0.003579,1,2026-07-05T12:47:57.786075+09:00,5.443,DELETE_OK,운영 비도달·프로세스 없음·summary.json exists; 보호 룰풀은 KEEP 분리
exp_fitness_cache_verify_cw_on_clean/qualify_result.json,file,ONE_OFF_EXPERIMENT_ARTIFACT,TERMINATED_EXPERIMENT_DATA,X,X,0,,3739,0.003566,1,2026-06-15T12:11:53.397226+09:00,25.468,DELETE_OK,운영 비도달·프로세스 없음·one-off experiment name; 보호 룰풀은 KEEP 분리
exp_batch_stage23_smoke_3/tickers/CRWD/stage3/qualify_result.json,file,ONE_OFF_EXPERIMENT_ARTIFACT,TERMINATED_EXPERIMENT_DATA,X,X,0,,3738,0.003565,1,2026-06-16T06:49:32.564193+09:00,24.692,DELETE_OK,운영 비도달·프로세스 없음·batch_summary.json exists; 보호 룰풀은 KEEP 분리
exp_batch_stage23_smoke_3tickers/tickers/CRWD/stage3/qualify_result.json,file,EXACT_DUPLICATE_REVIEW,TERMINATED_EXPERIMENT_DATA,X,X,0,,3738,0.003565,1,2026-06-16T08:59:12.295259+09:00,24.602,DELETE_OK,운영 비도달·프로세스 없음·batch_summary.json exists; 보호 룰풀은 KEEP 분리
exp_batch_stage23_smoke_failure2/tickers/CRWD/stage3/qualify_result.json,file,EXACT_DUPLICATE_REVIEW,TERMINATED_EXPERIMENT_DATA,X,X,0,,3738,0.003565,1,2026-06-16T08:59:12.295259+09:00,24.602,DELETE_OK,운영 비도달·프로세스 없음·batch_summary.json exists; 보호 룰풀은 KEEP 분리
exp_batch_stage23_smoke_3/batch_index.jsonl,file,ONE_OFF_EXPERIMENT_ARTIFACT,TERMINATED_EXPERIMENT_DATA,X,X,0,,3737,0.003564,1,2026-06-16T07:09:31.283047+09:00,24.678,DELETE_OK,운영 비도달·프로세스 없음·batch_summary.json exists; 보호 룰풀은 KEEP 분리
exp_batch_stage23_smoke_3/tickers/CW/stage3/qualify_result.json,file,ONE_OFF_EXPERIMENT_ARTIFACT,TERMINATED_EXPERIMENT_DATA,X,X,0,,3736,0.003563,1,2026-06-16T06:27:42.646540+09:00,24.707,DELETE_OK,운영 비도달·프로세스 없음·batch_summary.json exists; 보호 룰풀은 KEEP 분리
exp_batch_stage23_smoke_3tickers/tickers/CW/stage3/qualify_result.json,file,EXACT_DUPLICATE_REVIEW,TERMINATED_EXPERIMENT_DATA,X,X,0,,3736,0.003563,1,2026-06-16T08:37:37.351580+09:00,24.617,DELETE_OK,운영 비도달·프로세스 없음·batch_summary.json exists; 보호 룰풀은 KEEP 분리
exp_batch_stage23_smoke_failure2/tickers/CW/stage3/qualify_result.json,file,EXACT_DUPLICATE_REVIEW,TERMINATED_EXPERIMENT_DATA,X,X,0,,3736,0.003563,1,2026-06-16T08:37:37.351580+09:00,24.617,DELETE_OK,운영 비도달·프로세스 없음·batch_summary.json exists; 보호 룰풀은 KEEP 분리
exp_context_reuse_verify_cw_baseline/qualify_result.json,file,ONE_OFF_EXPERIMENT_ARTIFACT,TERMINATED_EXPERIMENT_DATA,X,X,0,,3721,0.003549,1,2026-06-16T04:10:38.953248+09:00,24.803,DELETE_OK,운영 비도달·프로세스 없음·one-off experiment name; 보호 룰풀은 KEEP 분리
exp_fitness_cache_verify_cw_off/qualify_result.json,file,ONE_OFF_EXPERIMENT_ARTIFACT,TERMINATED_EXPERIMENT_DATA,X,X,0,,3721,0.003549,1,2026-06-15T11:21:01.496692+09:00,25.504,DELETE_OK,운영 비도달·프로세스 없음·one-off experiment name; 보호 룰풀은 KEEP 분리
exp_context_reuse_verify_cw_shared/qualify_result.json,file,ONE_OFF_EXPERIMENT_ARTIFACT,TERMINATED_EXPERIMENT_DATA,X,X,0,,3720,0.003548,1,2026-06-16T04:41:59.210885+09:00,24.781,DELETE_OK,운영 비도달·프로세스 없음·one-off experiment name; 보호 룰풀은 KEEP 분리
exp_period_lockbox_audit_cw_stage3_qualify/qualify_result.json,file,ONE_OFF_EXPERIMENT_ARTIFACT,TERMINATED_EXPERIMENT_DATA,X,X,0,,3720,0.003548,1,2026-06-16T10:17:18.516849+09:00,24.548,DELETE_OK,운영 비도달·프로세스 없음·one-off experiment name; 보호 룰풀은 KEEP 분리
exp_lasr_exitga_20260612_1950/exit_params_compare.json,file,ONE_OFF_EXPERIMENT_ARTIFACT,TERMINATED_EXPERIMENT_DATA,X,X,0,,3705,0.003533,1,2026-06-13T04:55:33.642579+09:00,27.771,DELETE_OK,운영 비도달·프로세스 없음·one-off experiment name; 보호 룰풀은 KEEP 분리
exp_crwd_mpc_sequence_20260612_2005/summary.json,file,ONE_OFF_EXPERIMENT_ARTIFACT,TERMINATED_EXPERIMENT_DATA,X,X,0,,3454,0.003294,1,2026-06-13T06:27:53.055665+09:00,27.707,DELETE_OK,운영 비도달·프로세스 없음·summary.json exists; 보호 룰풀은 KEEP 분리
exp_batch_CE_multifeature_20260708/tickers/CE/stage3/qualify_result.json,file,ONE_OFF_EXPERIMENT_ARTIFACT,TERMINATED_EXPERIMENT_DATA,X,X,0,,3450,0.00329,1,2026-07-09T09:15:34.162806+09:00,1.591,DELETE_OK,운영 비도달·프로세스 없음·run_status stage2/stage3/compare complete; 보호 룰풀은 KEEP 분리
exp_fix_range_predictor_stage2_v3_original_stage2_dual_hilo_20260705_001/summary.json,file,ONE_OFF_EXPERIMENT_ARTIFACT,TERMINATED_EXPERIMENT_DATA,X,X,0,,3404,0.003246,1,2026-07-05T13:10:36.663641+09:00,5.428,DELETE_OK,운영 비도달·프로세스 없음·summary.json exists; 보호 룰풀은 KEEP 분리
exp_batch_CE_materials_retrain_20260708/tickers/CE/stage3/qualify_result.json,file,ONE_OFF_EXPERIMENT_ARTIFACT,TERMINATED_EXPERIMENT_DATA,X,X,0,,3309,0.003156,1,2026-07-09T08:23:39.358383+09:00,1.627,DELETE_OK,운영 비도달·프로세스 없음·run_status stage2/stage3/compare complete; 보호 룰풀은 KEEP 분리
exp_batch_stage23_smoke_3tickers/tickers/CW/stage2/summary.json,file,ONE_OFF_EXPERIMENT_ARTIFACT,TERMINATED_EXPERIMENT_DATA,X,X,0,,3247,0.003097,1,2026-06-16T07:10:30.016942+09:00,24.678,DELETE_OK,운영 비도달·프로세스 없음·batch_summary.json exists; 보호 룰풀은 KEEP 분리
exp_period_lockbox_audit_cw_stage2/summary.json,file,ONE_OFF_EXPERIMENT_ARTIFACT,TERMINATED_EXPERIMENT_DATA,X,X,0,,3242,0.003092,1,2026-06-16T09:55:02.528241+09:00,24.563,DELETE_OK,운영 비도달·프로세스 없음·summary.json exists; 보호 룰풀은 KEEP 분리
exp_lasr_multiyear_20260612_1845/REPORT.md,file,DOCUMENTATION_OR_NOTE,TERMINATED_EXPERIMENT_DATA,X,X,0,,3239,0.003089,1,2026-06-13T03:51:27.589467+09:00,27.816,DELETE_OK,운영 비도달·프로세스 없음·one-off experiment name; 보호 룰풀은 KEEP 분리
exp_batch_stage23_smoke_dryrun2/batch_index.jsonl,file,ONE_OFF_EXPERIMENT_ARTIFACT,TERMINATED_EXPERIMENT_DATA,X,X,0,,3214,0.003065,1,2026-06-16T07:27:41.989095+09:00,24.666,DELETE_OK,운영 비도달·프로세스 없음·batch_summary.json exists; 보호 룰풀은 KEEP 분리
exp_batch_stage23_dryrun_check/batch_index.jsonl,file,ONE_OFF_EXPERIMENT_ARTIFACT,TERMINATED_EXPERIMENT_DATA,X,X,0,,3202,0.003054,1,2026-06-16T05:16:55.384138+09:00,24.757,DELETE_OK,운영 비도달·프로세스 없음·batch_summary.json exists; 보호 룰풀은 KEEP 분리
exp_batch_stage23_smoke_dryrun/batch_index.jsonl,file,ONE_OFF_EXPERIMENT_ARTIFACT,TERMINATED_EXPERIMENT_DATA,X,X,0,,3202,0.003054,1,2026-06-16T07:18:46.578054+09:00,24.672,DELETE_OK,운영 비도달·프로세스 없음·batch_summary.json exists; 보호 룰풀은 KEEP 분리
exp_lasr_exitga_20260612_1950/config.json,file,ONE_OFF_EXPERIMENT_ARTIFACT,TERMINATED_EXPERIMENT_DATA,X,X,0,,3186,0.003038,1,2026-06-13T04:55:33.638579+09:00,27.771,DELETE_OK,운영 비도달·프로세스 없음·one-off experiment name; 보호 룰풀은 KEEP 분리
exp_batch_stage23_smoke_3/tickers/CW/stage2/summary.json,file,ONE_OFF_EXPERIMENT_ARTIFACT,TERMINATED_EXPERIMENT_DATA,X,X,0,,3184,0.003036,1,2026-06-16T05:28:50.140860+09:00,24.748,DELETE_OK,운영 비도달·프로세스 없음·batch_summary.json exists; 보호 룰풀은 KEEP 분리
exp_period_lockbox_audit_cw_stage3_validate/qualify_result.json,file,EXACT_DUPLICATE_REVIEW,TERMINATED_EXPERIMENT_DATA,X,X,0,,3166,0.003019,1,2026-06-14T12:47:28.746092+09:00,26.444,DELETE_OK,운영 비도달·프로세스 없음·one-off experiment name; 보호 룰풀은 KEEP 분리
exp_fix_range_predictor_stage2_v3_pure_stage2_large_range_q70_20260704_001/summary.json,file,ONE_OFF_EXPERIMENT_ARTIFACT,TERMINATED_EXPERIMENT_DATA,X,X,0,,3158,0.003012,1,2026-07-05T12:37:59.959146+09:00,5.45,DELETE_OK,운영 비도달·프로세스 없음·summary.json exists; 보호 룰풀은 KEEP 분리
exp_lasr_exitswap_20260612_1945/metrics.csv,file,ONE_OFF_EXPERIMENT_ARTIFACT,TERMINATED_EXPERIMENT_DATA,X,X,0,,3101,0.002957,1,2026-06-13T04:44:21.574782+09:00,27.779,DELETE_OK,운영 비도달·프로세스 없음·one-off experiment name; 보호 룰풀은 KEEP 분리
exp_batch_stage23_smoke_3tickers/tickers/CW/stage2/stage25_exit/stage25_exit_result.json,file,EXACT_DUPLICATE_REVIEW,TERMINATED_EXPERIMENT_DATA,X,X,0,,2996,0.002857,1,2026-06-16T14:59:17.823535+09:00,24.352,DELETE_OK,운영 비도달·프로세스 없음·batch_summary.json exists; 보호 룰풀은 KEEP 분리
exp_stage25_cw9/stage25_exit/stage25_exit_result.json,file,EXACT_DUPLICATE_REVIEW,TERMINATED_EXPERIMENT_DATA,X,X,0,,2996,0.002857,1,2026-06-16T14:59:17.823535+09:00,24.352,DELETE_OK,운영 비도달·프로세스 없음·one-off experiment name; 보호 룰풀은 KEEP 분리
exp_stage25_timeout_sweep/cw_rank1_timeout_0p0/stage25_exit_result.json,file,ONE_OFF_EXPERIMENT_ARTIFACT,TERMINATED_EXPERIMENT_DATA,X,X,0,,2990,0.002851,1,2026-06-16T13:46:28.227360+09:00,24.403,DELETE_OK,운영 비도달·프로세스 없음·one-off experiment name; 보호 룰풀은 KEEP 분리
exp_stage25_timeout_sweep/cw_rank1_timeout_0p3/stage25_exit_result.json,file,ONE_OFF_EXPERIMENT_ARTIFACT,TERMINATED_EXPERIMENT_DATA,X,X,0,,2990,0.002851,1,2026-06-16T13:39:46.481080+09:00,24.407,DELETE_OK,운영 비도달·프로세스 없음·one-off experiment name; 보호 룰풀은 KEEP 분리
exp_stage25_timeout_sweep/cw_rank1_timeout_0p5/stage25_exit_result.json,file,ONE_OFF_EXPERIMENT_ARTIFACT,TERMINATED_EXPERIMENT_DATA,X,X,0,,2989,0.002851,1,2026-06-16T13:32:11.915894+09:00,24.413,DELETE_OK,운영 비도달·프로세스 없음·one-off experiment name; 보호 룰풀은 KEEP 분리
exp_batch_CE_materials_retrain_20260708/comparison.csv,file,ONE_OFF_EXPERIMENT_ARTIFACT,TERMINATED_EXPERIMENT_DATA,X,X,0,,2983,0.002845,1,2026-07-09T10:19:04.885990+09:00,1.547,DELETE_OK,운영 비도달·프로세스 없음·run_status stage2/stage3/compare complete; 보호 룰풀은 KEEP 분리
exp_crwd_exitga_20260612_2005/exit_params_compare.json,file,ONE_OFF_EXPERIMENT_ARTIFACT,TERMINATED_EXPERIMENT_DATA,X,X,0,,2967,0.00283,1,2026-06-13T05:47:16.657023+09:00,27.735,DELETE_OK,운영 비도달·프로세스 없음·one-off experiment name; 보호 룰풀은 KEEP 분리
exp_mpc_exitga_20260612_2005/exit_params_compare.json,file,ONE_OFF_EXPERIMENT_ARTIFACT,TERMINATED_EXPERIMENT_DATA,X,X,0,,2925,0.002789,1,2026-06-13T06:27:53.036665+09:00,27.707,DELETE_OK,운영 비도달·프로세스 없음·one-off experiment name; 보호 룰풀은 KEEP 분리
exp_lasr_exitswap_20260612_1945/exit_params.json,file,ONE_OFF_EXPERIMENT_ARTIFACT,TERMINATED_EXPERIMENT_DATA,X,X,0,,2918,0.002783,1,2026-06-13T04:44:21.578782+09:00,27.779,DELETE_OK,운영 비도달·프로세스 없음·one-off experiment name; 보호 룰풀은 KEEP 분리
exp_batch_stage23_smoke_3tickers/tickers/WELL/stage2/summary.json,file,ONE_OFF_EXPERIMENT_ARTIFACT,TERMINATED_EXPERIMENT_DATA,X,X,0,,2896,0.002762,1,2026-06-16T08:17:48.882708+09:00,24.631,DELETE_OK,운영 비도달·프로세스 없음·batch_summary.json exists; 보호 룰풀은 KEEP 분리
exp_batch_stage23_smoke_3/tickers/WELL/stage2/summary.json,file,ONE_OFF_EXPERIMENT_ARTIFACT,TERMINATED_EXPERIMENT_DATA,X,X,0,,2833,0.002702,1,2026-06-16T06:07:56.306664+09:00,24.721,DELETE_OK,운영 비도달·프로세스 없음·batch_summary.json exists; 보호 룰풀은 KEEP 분리
exp_stage25_timeout_sweep/cw_rank1_timeout_0p0/stage25_exit_input_map.json,file,ONE_OFF_EXPERIMENT_ARTIFACT,TERMINATED_EXPERIMENT_DATA,X,X,0,,2687,0.002563,1,2026-06-16T13:40:07.014043+09:00,24.407,DELETE_OK,운영 비도달·프로세스 없음·one-off experiment name; 보호 룰풀은 KEEP 분리
exp_stage25_timeout_sweep/cw_rank1_timeout_0p3/stage25_exit_input_map.json,file,ONE_OFF_EXPERIMENT_ARTIFACT,TERMINATED_EXPERIMENT_DATA,X,X,0,,2687,0.002563,1,2026-06-16T13:33:22.121768+09:00,24.412,DELETE_OK,운영 비도달·프로세스 없음·one-off experiment name; 보호 룰풀은 KEEP 분리
exp_stage25_timeout_sweep/cw_rank1_timeout_0p5/stage25_exit_input_map.json,file,ONE_OFF_EXPERIMENT_ARTIFACT,TERMINATED_EXPERIMENT_DATA,X,X,0,,2687,0.002563,1,2026-06-16T13:25:35.854604+09:00,24.417,DELETE_OK,운영 비도달·프로세스 없음·one-off experiment name; 보호 룰풀은 KEEP 분리
exp_batch_stage123_2009_20260616_smoke10/tickers/A/stage2/summary.json,file,ONE_OFF_EXPERIMENT_ARTIFACT,TERMINATED_EXPERIMENT_DATA,X,X,0,,2671,0.002547,1,2026-06-17T01:58:01.904777+09:00,23.895,DELETE_OK,운영 비도달·프로세스 없음·batch_summary.json exists; 보호 룰풀은 KEEP 분리
exp_batch_CE_multifeature_20260708/dry_check.json,file,ONE_OFF_EXPERIMENT_ARTIFACT,TERMINATED_EXPERIMENT_DATA,X,X,0,,2651,0.002528,1,2026-07-09T08:37:34.869887+09:00,1.617,DELETE_OK,운영 비도달·프로세스 없음·run_status stage2/stage3/compare complete; 보호 룰풀은 KEEP 분리
exp_batch_stage23_smoke_3tickers/tickers/CRWD/stage2_retry2/summary.json,file,ONE_OFF_EXPERIMENT_ARTIFACT,TERMINATED_EXPERIMENT_DATA,X,X,0,,2650,0.002527,1,2026-06-16T08:01:01.103513+09:00,24.643,DELETE_OK,운영 비도달·프로세스 없음·batch_summary.json exists; 보호 룰풀은 KEEP 분리
exp_batch_CE_materials_retrain_20260708/tickers/CE/stage2/summary.json,file,ONE_OFF_EXPERIMENT_ARTIFACT,TERMINATED_EXPERIMENT_DATA,X,X,0,,2571,0.002452,1,2026-07-09T08:03:32.857543+09:00,1.641,DELETE_OK,운영 비도달·프로세스 없음·run_status stage2/stage3/compare complete; 보호 룰풀은 KEEP 분리
exp_batch_stage23_smoke_3tickers/batch_index.jsonl,file,ONE_OFF_EXPERIMENT_ARTIFACT,TERMINATED_EXPERIMENT_DATA,X,X,0,,2566,0.002447,1,2026-06-16T09:21:55.305818+09:00,24.586,DELETE_OK,운영 비도달·프로세스 없음·batch_summary.json exists; 보호 룰풀은 KEEP 분리
exp_batch_CE_multifeature_20260708/tickers/CE/stage2/summary.json,file,ONE_OFF_EXPERIMENT_ARTIFACT,TERMINATED_EXPERIMENT_DATA,X,X,0,,2558,0.002439,1,2026-07-09T08:37:34.615888+09:00,1.617,DELETE_OK,운영 비도달·프로세스 없음·run_status stage2/stage3/compare complete; 보호 룰풀은 KEEP 분리
exp_fix_range_predictor_stage2_v3_hilo_mae_20260704_001/summary.json,file,ONE_OFF_EXPERIMENT_ARTIFACT,TERMINATED_EXPERIMENT_DATA,X,X,0,,2525,0.002408,1,2026-07-04T21:39:56.691650+09:00,6.074,DELETE_OK,운영 비도달·프로세스 없음·summary.json exists; 보호 룰풀은 KEEP 분리
exp_batch_stage23_smoke_3/tickers/CRWD/stage2/summary.json,file,ONE_OFF_EXPERIMENT_ARTIFACT,TERMINATED_EXPERIMENT_DATA,X,X,0,,2523,0.002406,1,2026-06-16T05:51:13.748458+09:00,24.733,DELETE_OK,운영 비도달·프로세스 없음·batch_summary.json exists; 보호 룰풀은 KEEP 분리
exp_stage3_recent_min_trades_reapply_smoke_cw_20260615/last_run_summary.json,file,ONE_OFF_EXPERIMENT_ARTIFACT,TERMINATED_EXPERIMENT_DATA,X,X,0,,2478,0.002363,1,2026-06-15T09:52:08.979244+09:00,25.565,DELETE_OK,운영 비도달·프로세스 없음·one-off experiment name; 보호 룰풀은 KEEP 분리
exp_stage3_recent_min_trades_smoke_cw_20260615/last_run_summary.json,file,ONE_OFF_EXPERIMENT_ARTIFACT,TERMINATED_EXPERIMENT_DATA,X,X,0,,2470,0.002356,1,2026-06-15T09:33:12.579282+09:00,25.579,DELETE_OK,운영 비도달·프로세스 없음·one-off experiment name; 보호 룰풀은 KEEP 분리
exp_period_lockbox_audit_cw_stage3_validate/last_run_summary.json,file,ONE_OFF_EXPERIMENT_ARTIFACT,TERMINATED_EXPERIMENT_DATA,X,X,0,,2424,0.002312,1,2026-06-16T09:57:30.401976+09:00,24.562,DELETE_OK,운영 비도달·프로세스 없음·one-off experiment name; 보호 룰풀은 KEEP 분리
exp_stage25_cw9/cw9_summary.csv,file,ONE_OFF_EXPERIMENT_ARTIFACT,TERMINATED_EXPERIMENT_DATA,X,X,0,,2424,0.002312,1,2026-06-16T15:00:32.449402+09:00,24.351,DELETE_OK,운영 비도달·프로세스 없음·one-off experiment name; 보호 룰풀은 KEEP 분리
exp_cw_range_predictor_stage2_v3_retry_20260704_002/summary.json,file,ONE_OFF_EXPERIMENT_ARTIFACT,TERMINATED_EXPERIMENT_DATA,X,X,0,,2376,0.002266,1,2026-07-04T20:06:32.633689+09:00,6.139,DELETE_OK,운영 비도달·프로세스 없음·summary.json exists; 보호 룰풀은 KEEP 분리
exp_period_lockbox_audit_cw_stage3_validate/manifest.json,file,ONE_OFF_EXPERIMENT_ARTIFACT,TERMINATED_EXPERIMENT_DATA,X,X,0,,2241,0.002137,1,2026-06-16T09:57:03.312025+09:00,24.562,DELETE_OK,운영 비도달·프로세스 없음·one-off experiment name; 보호 룰풀은 KEEP 분리
exp_period_lockbox_audit_cw_stage3_qualify/manifest.json,file,ONE_OFF_EXPERIMENT_ARTIFACT,TERMINATED_EXPERIMENT_DATA,X,X,0,,2240,0.002136,1,2026-06-16T09:57:53.986934+09:00,24.561,DELETE_OK,운영 비도달·프로세스 없음·one-off experiment name; 보호 룰풀은 KEEP 분리
exp_batch_stage23_smoke_failure2/batch_index.jsonl,file,ONE_OFF_EXPERIMENT_ARTIFACT,TERMINATED_EXPERIMENT_DATA,X,X,0,,2206,0.002104,1,2026-06-16T09:22:02.418806+09:00,24.586,DELETE_OK,운영 비도달·프로세스 없음·batch_summary.json exists; 보호 룰풀은 KEEP 분리
exp_stage3_recent_min_trades_reapply_smoke_cw_20260615/manifest.json,file,ONE_OFF_EXPERIMENT_ARTIFACT,TERMINATED_EXPERIMENT_DATA,X,X,0,,2162,0.002062,1,2026-06-15T09:51:38.446299+09:00,25.566,DELETE_OK,운영 비도달·프로세스 없음·one-off experiment name; 보호 룰풀은 KEEP 분리
exp_stage3_recent_min_trades_smoke_cw_20260615/manifest.json,file,ONE_OFF_EXPERIMENT_ARTIFACT,TERMINATED_EXPERIMENT_DATA,X,X,0,,2162,0.002062,1,2026-06-15T09:32:41.644337+09:00,25.579,DELETE_OK,운영 비도달·프로세스 없음·one-off experiment name; 보호 룰풀은 KEEP 분리
exp_batch_stage23_smoke_bad/tickers/BADTICKER_DOES_NOT_EXIST_2026/stage3/manifest.json,file,ONE_OFF_EXPERIMENT_ARTIFACT,TERMINATED_EXPERIMENT_DATA,X,X,0,,2090,0.001993,1,2026-06-16T07:27:50.552080+09:00,24.666,DELETE_OK,운영 비도달·프로세스 없음·batch_summary.json exists; 보호 룰풀은 KEEP 분리
exp_add_buy_disable_smoke_20260615/manifest.json,file,ONE_OFF_EXPERIMENT_ARTIFACT,TERMINATED_EXPERIMENT_DATA,X,X,0,,2083,0.001987,1,2026-06-15T06:29:12.345056+09:00,25.706,DELETE_OK,운영 비도달·프로세스 없음·one-off experiment name; 보호 룰풀은 KEEP 분리
exp_batch_stage23_smoke_3tickers/tickers/ZZZZINVALID/stage3/manifest.json,file,ONE_OFF_EXPERIMENT_ARTIFACT,TERMINATED_EXPERIMENT_DATA,X,X,0,,2072,0.001976,1,2026-06-16T09:21:41.242843+09:00,24.587,DELETE_OK,운영 비도달·프로세스 없음·batch_summary.json exists; 보호 룰풀은 KEEP 분리
exp_batch_stage23_smoke_failure2/tickers/ZZZZINVALID/stage3/manifest.json,file,ONE_OFF_EXPERIMENT_ARTIFACT,TERMINATED_EXPERIMENT_DATA,X,X,0,,2072,0.001976,1,2026-06-16T09:21:54.597820+09:00,24.586,DELETE_OK,운영 비도달·프로세스 없음·batch_summary.json exists; 보호 룰풀은 KEEP 분리
exp_batch_stage23_smoke_3/tickers/CRWD/stage3/manifest.json,file,ONE_OFF_EXPERIMENT_ARTIFACT,TERMINATED_EXPERIMENT_DATA,X,X,0,,2065,0.001969,1,2026-06-16T06:27:43.580539+09:00,24.707,DELETE_OK,운영 비도달·프로세스 없음·batch_summary.json exists; 보호 룰풀은 KEEP 분리
exp_batch_stage23_smoke_3/tickers/WELL/stage3/manifest.json,file,ONE_OFF_EXPERIMENT_ARTIFACT,TERMINATED_EXPERIMENT_DATA,X,X,0,,2065,0.001969,1,2026-06-16T06:49:33.437191+09:00,24.692,DELETE_OK,운영 비도달·프로세스 없음·batch_summary.json exists; 보호 룰풀은 KEEP 분리
exp_batch_stage23_smoke_3tickers/tickers/CRWD/stage3/manifest.json,file,EXACT_DUPLICATE_REVIEW,TERMINATED_EXPERIMENT_DATA,X,X,0,,2065,0.001969,1,2026-06-16T08:37:38.254578+09:00,24.617,DELETE_OK,운영 비도달·프로세스 없음·batch_summary.json exists; 보호 룰풀은 KEEP 분리
exp_batch_stage23_smoke_3tickers/tickers/WELL/stage3/manifest.json,file,ONE_OFF_EXPERIMENT_ARTIFACT,TERMINATED_EXPERIMENT_DATA,X,X,0,,2065,0.001969,1,2026-06-16T08:59:13.202257+09:00,24.602,DELETE_OK,운영 비도달·프로세스 없음·batch_summary.json exists; 보호 룰풀은 KEEP 분리
exp_batch_stage23_smoke_3tickers/tickers/WELL/stage3_retry1/manifest.json,file,ONE_OFF_EXPERIMENT_ARTIFACT,TERMINATED_EXPERIMENT_DATA,X,X,0,,2065,0.001969,1,2026-06-16T09:09:25.565161+09:00,24.595,DELETE_OK,운영 비도달·프로세스 없음·batch_summary.json exists; 보호 룰풀은 KEEP 분리
exp_batch_stage23_smoke_failure2/tickers/CRWD/stage3/manifest.json,file,EXACT_DUPLICATE_REVIEW,TERMINATED_EXPERIMENT_DATA,X,X,0,,2065,0.001969,1,2026-06-16T08:37:38.254578+09:00,24.617,DELETE_OK,운영 비도달·프로세스 없음·batch_summary.json exists; 보호 룰풀은 KEEP 분리
exp_batch_stage23_smoke_3/tickers/CW/stage3/manifest.json,file,ONE_OFF_EXPERIMENT_ARTIFACT,TERMINATED_EXPERIMENT_DATA,X,X,0,,2063,0.001967,1,2026-06-16T06:07:57.334662+09:00,24.721,DELETE_OK,운영 비도달·프로세스 없음·batch_summary.json exists; 보호 룰풀은 KEEP 분리
exp_batch_stage23_smoke_3tickers/tickers/CW/stage3/manifest.json,file,EXACT_DUPLICATE_REVIEW,TERMINATED_EXPERIMENT_DATA,X,X,0,,2063,0.001967,1,2026-06-16T08:17:49.824707+09:00,24.631,DELETE_OK,운영 비도달·프로세스 없음·batch_summary.json exists; 보호 룰풀은 KEEP 분리
exp_batch_stage23_smoke_bad/tickers/CW/stage3/manifest.json,file,ONE_OFF_EXPERIMENT_ARTIFACT,TERMINATED_EXPERIMENT_DATA,X,X,0,,2063,0.001967,1,2026-06-16T07:27:59.136065+09:00,24.666,DELETE_OK,운영 비도달·프로세스 없음·batch_summary.json exists; 보호 룰풀은 KEEP 분리
exp_batch_stage23_smoke_failure/tickers/CW/stage3/manifest.json,file,ONE_OFF_EXPERIMENT_ARTIFACT,TERMINATED_EXPERIMENT_DATA,X,X,0,,2063,0.001967,1,2026-06-16T09:20:35.611961+09:00,24.587,DELETE_OK,운영 비도달·프로세스 없음·one-off experiment name; 보호 룰풀은 KEEP 분리
exp_batch_stage23_smoke_failure2/tickers/CW/stage3/manifest.json,file,EXACT_DUPLICATE_REVIEW,TERMINATED_EXPERIMENT_DATA,X,X,0,,2063,0.001967,1,2026-06-16T08:17:49.824707+09:00,24.631,DELETE_OK,운영 비도달·프로세스 없음·batch_summary.json exists; 보호 룰풀은 KEEP 분리
exp_batch_CE_materials_retrain_20260708/tickers/CE/stage3/manifest.json,file,ONE_OFF_EXPERIMENT_ARTIFACT,TERMINATED_EXPERIMENT_DATA,X,X,0,,2059,0.001964,1,2026-07-09T08:03:33.025543+09:00,1.641,DELETE_OK,운영 비도달·프로세스 없음·run_status stage2/stage3/compare complete; 보호 룰풀은 KEEP 분리
exp_batch_CE_multifeature_20260708/tickers/CE/stage3/manifest.json,file,ONE_OFF_EXPERIMENT_ARTIFACT,TERMINATED_EXPERIMENT_DATA,X,X,0,,2059,0.001964,1,2026-07-09T08:37:34.879887+09:00,1.617,DELETE_OK,운영 비도달·프로세스 없음·run_status stage2/stage3/compare complete; 보호 룰풀은 KEEP 분리
exp_fitness_cache_verify_cw_on/manifest.json,file,ONE_OFF_EXPERIMENT_ARTIFACT,TERMINATED_EXPERIMENT_DATA,X,X,0,,2059,0.001964,1,2026-06-15T11:45:47.886029+09:00,25.487,DELETE_OK,운영 비도달·프로세스 없음·one-off experiment name; 보호 룰풀은 KEEP 분리
exp_context_reuse_verify_cw_baseline/manifest.json,file,ONE_OFF_EXPERIMENT_ARTIFACT,TERMINATED_EXPERIMENT_DATA,X,X,0,,2057,0.001962,1,2026-06-16T04:13:37.245929+09:00,24.801,DELETE_OK,운영 비도달·프로세스 없음·one-off experiment name; 보호 룰풀은 KEEP 분리
exp_fitness_cache_verify_cw_off/manifest.json,file,ONE_OFF_EXPERIMENT_ARTIFACT,TERMINATED_EXPERIMENT_DATA,X,X,0,,2057,0.001962,1,2026-06-15T11:21:54.213597+09:00,25.503,DELETE_OK,운영 비도달·프로세스 없음·one-off experiment name; 보호 룰풀은 KEEP 분리
exp_fitness_cache_verify_cw_on_clean/manifest.json,file,ONE_OFF_EXPERIMENT_ARTIFACT,TERMINATED_EXPERIMENT_DATA,X,X,0,,2057,0.001962,1,2026-06-15T12:12:44.648134+09:00,25.468,DELETE_OK,운영 비도달·프로세스 없음·one-off experiment name; 보호 룰풀은 KEEP 분리
exp_context_reuse_verify_cw_shared/manifest.json,file,ONE_OFF_EXPERIMENT_ARTIFACT,TERMINATED_EXPERIMENT_DATA,X,X,0,,2055,0.00196,1,2026-06-16T04:22:40.781957+09:00,24.794,DELETE_OK,운영 비도달·프로세스 없음·one-off experiment name; 보호 룰풀은 KEEP 분리
exp_lasr_reverse_20260612_1856/config.json,file,ONE_OFF_EXPERIMENT_ARTIFACT,TERMINATED_EXPERIMENT_DATA,X,X,0,,2022,0.001928,1,2026-06-13T04:28:43.533465+09:00,27.79,DELETE_OK,운영 비도달·프로세스 없음·one-off experiment name; 보호 룰풀은 KEEP 분리
exp_stage3_recent_min_trades_reapply_smoke_cw_20260615/validate_result.json,file,ONE_OFF_EXPERIMENT_ARTIFACT,TERMINATED_EXPERIMENT_DATA,X,X,0,,2012,0.001919,1,2026-06-15T09:52:08.969244+09:00,25.565,DELETE_OK,운영 비도달·프로세스 없음·one-off experiment name; 보호 룰풀은 KEEP 분리
exp_stage3_recent_min_trades_smoke_cw_20260615/validate_result.json,file,ONE_OFF_EXPERIMENT_ARTIFACT,TERMINATED_EXPERIMENT_DATA,X,X,0,,2012,0.001919,1,2026-06-15T09:33:12.570282+09:00,25.579,DELETE_OK,운영 비도달·프로세스 없음·one-off experiment name; 보호 룰풀은 KEEP 분리
exp_period_lockbox_audit_cw_stage3_validate/validate_result.json,file,ONE_OFF_EXPERIMENT_ARTIFACT,TERMINATED_EXPERIMENT_DATA,X,X,0,,1947,0.001857,1,2026-06-16T09:57:30.390976+09:00,24.562,DELETE_OK,운영 비도달·프로세스 없음·one-off experiment name; 보호 룰풀은 KEEP 분리
exp_lasr_multiyear_20260612_1845/config.json,file,ONE_OFF_EXPERIMENT_ARTIFACT,TERMINATED_EXPERIMENT_DATA,X,X,0,,1845,0.00176,1,2026-06-13T03:51:27.346468+09:00,27.816,DELETE_OK,운영 비도달·프로세스 없음·one-off experiment name; 보호 룰풀은 KEEP 분리
exp_stage25_timeout_sweep/oos_trade_diff.csv,file,ONE_OFF_EXPERIMENT_ARTIFACT,TERMINATED_EXPERIMENT_DATA,X,X,0,,1712,0.001633,1,2026-06-16T13:47:30.439249+09:00,24.402,DELETE_OK,운영 비도달·프로세스 없음·one-off experiment name; 보호 룰풀은 KEEP 분리
exp_add_buy_disable_smoke_20260615/validate_result.json,file,ONE_OFF_EXPERIMENT_ARTIFACT,TERMINATED_EXPERIMENT_DATA,X,X,0,,1676,0.001598,1,2026-06-15T06:29:27.834028+09:00,25.706,DELETE_OK,운영 비도달·프로세스 없음·one-off experiment name; 보호 룰풀은 KEEP 분리
exp_batch_CE_materials_retrain_20260708/tickers/CE/stage3/validate_result.json,file,ONE_OFF_EXPERIMENT_ARTIFACT,TERMINATED_EXPERIMENT_DATA,X,X,0,,1656,0.001579,1,2026-07-09T10:19:02.117995+09:00,1.547,DELETE_OK,운영 비도달·프로세스 없음·run_status stage2/stage3/compare complete; 보호 룰풀은 KEEP 분리
exp_batch_CE_multifeature_20260708/tickers/CE/stage3/validate_result.json,file,ONE_OFF_EXPERIMENT_ARTIFACT,TERMINATED_EXPERIMENT_DATA,X,X,0,,1655,0.001578,1,2026-07-09T12:27:32.318186+09:00,1.458,DELETE_OK,운영 비도달·프로세스 없음·run_status stage2/stage3/compare complete; 보호 룰풀은 KEEP 분리
exp_stage25_cw_smoke/baseline.json,file,ONE_OFF_EXPERIMENT_ARTIFACT,TERMINATED_EXPERIMENT_DATA,X,X,0,,1474,0.001406,1,2026-06-16T12:02:02.973585+09:00,24.475,DELETE_OK,운영 비도달·프로세스 없음·one-off experiment name; 보호 룰풀은 KEEP 분리
exp_batch_stage23_smoke_bad/batch_index.jsonl,file,ONE_OFF_EXPERIMENT_ARTIFACT,TERMINATED_EXPERIMENT_DATA,X,X,0,,1375,0.001311,1,2026-06-16T07:27:58.430066+09:00,24.666,DELETE_OK,운영 비도달·프로세스 없음·batch_summary.json exists; 보호 룰풀은 KEEP 분리
exp_batch_stage123_notify_diag_20260616_smoke/notification_events.jsonl,file,ONE_OFF_EXPERIMENT_ARTIFACT,TERMINATED_EXPERIMENT_DATA,X,X,0,,1251,0.001193,1,2026-06-17T03:05:55.504501+09:00,23.848,DELETE_OK,운영 비도달·프로세스 없음·batch_summary.json exists; 보호 룰풀은 KEEP 분리
exp_add_buy_disable_baseline_20260615/baseline_cw_add_buy_enabled.json,file,ONE_OFF_EXPERIMENT_ARTIFACT,TERMINATED_EXPERIMENT_DATA,X,X,0,,1124,0.001072,1,2026-06-15T06:25:22.512467+09:00,25.709,DELETE_OK,운영 비도달·프로세스 없음·one-off experiment name; 보호 룰풀은 KEEP 분리
exp_batch_stage123_notify_diag_20260616_smoke/batch_index.jsonl,file,ONE_OFF_EXPERIMENT_ARTIFACT,TERMINATED_EXPERIMENT_DATA,X,X,0,,1107,0.001056,1,2026-06-17T03:05:54.230503+09:00,23.848,DELETE_OK,운영 비도달·프로세스 없음·batch_summary.json exists; 보호 룰풀은 KEEP 분리
exp_batch_CE_materials_retrain_20260708/dry_check.json,file,ONE_OFF_EXPERIMENT_ARTIFACT,TERMINATED_EXPERIMENT_DATA,X,X,0,,1097,0.001046,1,2026-07-09T08:03:33.014543+09:00,1.641,DELETE_OK,운영 비도달·프로세스 없음·run_status stage2/stage3/compare complete; 보호 룰풀은 KEEP 분리
exp_fix_payoff_pattern_classifier_up1p5_20260705_001/oos_signals.csv,file,ONE_OFF_EXPERIMENT_ARTIFACT,TERMINATED_EXPERIMENT_DATA,X,X,0,,1078,0.001028,1,2026-07-06T00:07:16.140080+09:00,4.972,DELETE_OK,운영 비도달·프로세스 없음·summary.json exists; 보호 룰풀은 KEEP 분리
exp_fitness_cache_verify_cw_on_clean/last_run_summary.json,file,ONE_OFF_EXPERIMENT_ARTIFACT,TERMINATED_EXPERIMENT_DATA,X,X,0,,943,0.000899,1,2026-06-15T12:21:16.214218+09:00,25.462,DELETE_OK,운영 비도달·프로세스 없음·one-off experiment name; 보호 룰풀은 KEEP 분리
exp_context_reuse_verify_cw_baseline/last_run_summary.json,file,ONE_OFF_EXPERIMENT_ARTIFACT,TERMINATED_EXPERIMENT_DATA,X,X,0,,937,0.000894,1,2026-06-16T04:22:15.028003+09:00,24.795,DELETE_OK,운영 비도달·프로세스 없음·one-off experiment name; 보호 룰풀은 KEEP 분리
exp_fitness_cache_verify_cw_off/last_run_summary.json,file,ONE_OFF_EXPERIMENT_ARTIFACT,TERMINATED_EXPERIMENT_DATA,X,X,0,,932,0.000889,1,2026-06-15T11:30:32.925668+09:00,25.497,DELETE_OK,운영 비도달·프로세스 없음·one-off experiment name; 보호 룰풀은 KEEP 분리
exp_batch_stage123_2009_20260616_smoke10/batch_index.jsonl,file,ONE_OFF_EXPERIMENT_ARTIFACT,TERMINATED_EXPERIMENT_DATA,X,X,0,,870,0.00083,1,2026-06-17T01:58:02.141776+09:00,23.895,DELETE_OK,운영 비도달·프로세스 없음·batch_summary.json exists; 보호 룰풀은 KEEP 분리
exp_batch_stage23_smoke_3tickers/tickers/CW/stage2/stage25_exit/exit_result.json,file,EXACT_DUPLICATE_REVIEW,TERMINATED_EXPERIMENT_DATA,X,X,0,,870,0.00083,1,2026-06-16T14:59:05.046558+09:00,24.352,DELETE_OK,운영 비도달·프로세스 없음·batch_summary.json exists; 보호 룰풀은 KEEP 분리
exp_stage25_cw9/stage25_exit/exit_result.json,file,EXACT_DUPLICATE_REVIEW,TERMINATED_EXPERIMENT_DATA,X,X,0,,870,0.00083,1,2026-06-16T14:59:05.046558+09:00,24.352,DELETE_OK,운영 비도달·프로세스 없음·one-off experiment name; 보호 룰풀은 KEEP 분리
exp_stage25_timeout_sweep/cw_rank1_timeout_0p0/exit_result.json,file,ONE_OFF_EXPERIMENT_ARTIFACT,TERMINATED_EXPERIMENT_DATA,X,X,0,,869,0.000829,1,2026-06-16T13:46:26.760363+09:00,24.403,DELETE_OK,운영 비도달·프로세스 없음·one-off experiment name; 보호 룰풀은 KEEP 분리
exp_stage25_timeout_sweep/cw_rank1_timeout_0p3/exit_result.json,file,ONE_OFF_EXPERIMENT_ARTIFACT,TERMINATED_EXPERIMENT_DATA,X,X,0,,869,0.000829,1,2026-06-16T13:39:44.974083+09:00,24.407,DELETE_OK,운영 비도달·프로세스 없음·one-off experiment name; 보호 룰풀은 KEEP 분리
exp_stage25_timeout_sweep/cw_rank1_timeout_0p5/exit_result.json,file,ONE_OFF_EXPERIMENT_ARTIFACT,TERMINATED_EXPERIMENT_DATA,X,X,0,,868,0.000828,1,2026-06-16T13:32:10.245897+09:00,24.413,DELETE_OK,운영 비도달·프로세스 없음·one-off experiment name; 보호 룰풀은 KEEP 분리
exp_mpc_multiyear_20260612_2005/REPORT.md,file,DOCUMENTATION_OR_NOTE,TERMINATED_EXPERIMENT_DATA,X,X,0,,857,0.000817,1,2026-06-13T05:53:16.744378+09:00,27.731,DELETE_OK,운영 비도달·프로세스 없음·one-off experiment name; 보호 룰풀은 KEEP 분리
exp_crwd_reverse_20260612_2005/REPORT.md,file,DOCUMENTATION_OR_NOTE,TERMINATED_EXPERIMENT_DATA,X,X,0,,856,0.000816,1,2026-06-13T05:38:30.335965+09:00,27.742,DELETE_OK,운영 비도달·프로세스 없음·one-off experiment name; 보호 룰풀은 KEEP 분리
exp_mpc_reverse_20260612_2005/REPORT.md,file,DOCUMENTATION_OR_NOTE,TERMINATED_EXPERIMENT_DATA,X,X,0,,854,0.000814,1,2026-06-13T06:19:05.911607+09:00,27.713,DELETE_OK,운영 비도달·프로세스 없음·one-off experiment name; 보호 룰풀은 KEEP 분리
exp_crwd_multiyear_20260612_2005/REPORT.md,file,DOCUMENTATION_OR_NOTE,TERMINATED_EXPERIMENT_DATA,X,X,0,,841,0.000802,1,2026-06-13T05:11:51.131829+09:00,27.76,DELETE_OK,운영 비도달·프로세스 없음·one-off experiment name; 보호 룰풀은 KEEP 분리
exp_crwd_reverse_20260612_2005/config.json,file,ONE_OFF_EXPERIMENT_ARTIFACT,TERMINATED_EXPERIMENT_DATA,X,X,0,,840,0.000801,1,2026-06-13T05:38:30.334965+09:00,27.742,DELETE_OK,운영 비도달·프로세스 없음·one-off experiment name; 보호 룰풀은 KEEP 분리
exp_mpc_multiyear_20260612_2005/config.json,file,ONE_OFF_EXPERIMENT_ARTIFACT,TERMINATED_EXPERIMENT_DATA,X,X,0,,840,0.000801,1,2026-06-13T05:53:16.744378+09:00,27.731,DELETE_OK,운영 비도달·프로세스 없음·one-off experiment name; 보호 룰풀은 KEEP 분리
exp_mpc_reverse_20260612_2005/config.json,file,ONE_OFF_EXPERIMENT_ARTIFACT,TERMINATED_EXPERIMENT_DATA,X,X,0,,839,0.0008,1,2026-06-13T06:19:05.911607+09:00,27.713,DELETE_OK,운영 비도달·프로세스 없음·one-off experiment name; 보호 룰풀은 KEEP 분리
exp_crwd_multiyear_20260612_2005/config.json,file,ONE_OFF_EXPERIMENT_ARTIFACT,TERMINATED_EXPERIMENT_DATA,X,X,0,,823,0.000785,1,2026-06-13T05:11:51.130829+09:00,27.76,DELETE_OK,운영 비도달·프로세스 없음·one-off experiment name; 보호 룰풀은 KEEP 분리
exp_batch_stage23_smoke_actual/batch_index.jsonl,file,ONE_OFF_EXPERIMENT_ARTIFACT,TERMINATED_EXPERIMENT_DATA,X,X,0,,791,0.000754,1,2026-06-16T07:14:54.297469+09:00,24.675,DELETE_OK,운영 비도달·프로세스 없음·batch_summary.json exists; 보호 룰풀은 KEEP 분리
exp_crwd_exitga_20260612_2005/REPORT.md,file,DOCUMENTATION_OR_NOTE,TERMINATED_EXPERIMENT_DATA,X,X,0,,774,0.000738,1,2026-06-13T05:47:16.657023+09:00,27.735,DELETE_OK,운영 비도달·프로세스 없음·one-off experiment name; 보호 룰풀은 KEEP 분리
exp_mpc_exitga_20260612_2005/REPORT.md,file,DOCUMENTATION_OR_NOTE,TERMINATED_EXPERIMENT_DATA,X,X,0,,770,0.000734,1,2026-06-13T06:27:53.037665+09:00,27.707,DELETE_OK,운영 비도달·프로세스 없음·one-off experiment name; 보호 룰풀은 KEEP 분리
exp_batch_stage23_smoke_3tickers/tickers/CRWD/stage3/_stage3_done.json,file,EXACT_DUPLICATE_REVIEW,TERMINATED_EXPERIMENT_DATA,X,X,0,,766,0.000731,1,2026-06-16T08:59:12.481259+09:00,24.602,DELETE_OK,운영 비도달·프로세스 없음·batch_summary.json exists; 보호 룰풀은 KEEP 분리
exp_batch_stage23_smoke_3tickers/tickers/WELL/stage3/_stage3_done.json,file,ONE_OFF_EXPERIMENT_ARTIFACT,TERMINATED_EXPERIMENT_DATA,X,X,0,,766,0.000731,1,2026-06-16T09:19:02.167128+09:00,24.588,DELETE_OK,운영 비도달·프로세스 없음·batch_summary.json exists; 보호 룰풀은 KEEP 분리
exp_batch_stage23_smoke_failure2/tickers/CRWD/stage3/_stage3_done.json,file,EXACT_DUPLICATE_REVIEW,TERMINATED_EXPERIMENT_DATA,X,X,0,,766,0.000731,1,2026-06-16T08:59:12.481259+09:00,24.602,DELETE_OK,운영 비도달·프로세스 없음·batch_summary.json exists; 보호 룰풀은 KEEP 분리
exp_crwd_exitga_20260612_2005/config.json,file,ONE_OFF_EXPERIMENT_ARTIFACT,TERMINATED_EXPERIMENT_DATA,X,X,0,,759,0.000724,1,2026-06-13T05:47:16.657023+09:00,27.735,DELETE_OK,운영 비도달·프로세스 없음·one-off experiment name; 보호 룰풀은 KEEP 분리
exp_batch_stage23_smoke_3tickers/tickers/CW/stage3/_stage3_done.json,file,EXACT_DUPLICATE_REVIEW,TERMINATED_EXPERIMENT_DATA,X,X,0,,756,0.000721,1,2026-06-16T08:37:37.504580+09:00,24.617,DELETE_OK,운영 비도달·프로세스 없음·batch_summary.json exists; 보호 룰풀은 KEEP 분리
exp_batch_stage23_smoke_failure2/tickers/CW/stage3/_stage3_done.json,file,EXACT_DUPLICATE_REVIEW,TERMINATED_EXPERIMENT_DATA,X,X,0,,756,0.000721,1,2026-06-16T08:37:37.504580+09:00,24.617,DELETE_OK,운영 비도달·프로세스 없음·batch_summary.json exists; 보호 룰풀은 KEEP 분리
exp_mpc_exitga_20260612_2005/config.json,file,ONE_OFF_EXPERIMENT_ARTIFACT,TERMINATED_EXPERIMENT_DATA,X,X,0,,756,0.000721,1,2026-06-13T06:27:53.037665+09:00,27.707,DELETE_OK,운영 비도달·프로세스 없음·one-off experiment name; 보호 룰풀은 KEEP 분리
exp_batch_stage123_notify_diag_20260616_smoke/batch_summary.json,file,ONE_OFF_EXPERIMENT_ARTIFACT,TERMINATED_EXPERIMENT_DATA,X,X,0,,754,0.000719,1,2026-06-17T03:05:54.230503+09:00,23.848,DELETE_OK,운영 비도달·프로세스 없음·batch_summary.json exists; 보호 룰풀은 KEEP 분리
exp_batch_stage23_smoke_3/tickers/CRWD/stage3/_stage3_done.json,file,ONE_OFF_EXPERIMENT_ARTIFACT,TERMINATED_EXPERIMENT_DATA,X,X,0,,745,0.00071,1,2026-06-16T06:49:32.718193+09:00,24.692,DELETE_OK,운영 비도달·프로세스 없음·batch_summary.json exists; 보호 룰풀은 KEEP 분리
exp_batch_stage23_smoke_3/tickers/WELL/stage3/_stage3_done.json,file,ONE_OFF_EXPERIMENT_ARTIFACT,TERMINATED_EXPERIMENT_DATA,X,X,0,,744,0.00071,1,2026-06-16T07:09:31.281048+09:00,24.678,DELETE_OK,운영 비도달·프로세스 없음·batch_summary.json exists; 보호 룰풀은 KEEP 분리
exp_batch_CE_multifeature_20260708/dry_check_readout.md,file,DOCUMENTATION_OR_NOTE,TERMINATED_EXPERIMENT_DATA,X,X,0,,742,0.000708,1,2026-07-09T08:37:34.869887+09:00,1.617,DELETE_OK,운영 비도달·프로세스 없음·run_status stage2/stage3/compare complete; 보호 룰풀은 KEEP 분리
exp_batch_stage23_smoke_3/tickers/CW/stage3/_stage3_done.json,file,ONE_OFF_EXPERIMENT_ARTIFACT,TERMINATED_EXPERIMENT_DATA,X,X,0,,735,0.000701,1,2026-06-16T06:27:42.826540+09:00,24.707,DELETE_OK,운영 비도달·프로세스 없음·batch_summary.json exists; 보호 룰풀은 KEEP 분리
exp_batch_stage23_smoke_3tickers/tickers/CRWD/stage2_retry2/_stage2_done.json,file,ONE_OFF_EXPERIMENT_ARTIFACT,TERMINATED_EXPERIMENT_DATA,X,X,0,,734,0.0007,1,2026-06-16T08:01:01.338513+09:00,24.643,DELETE_OK,운영 비도달·프로세스 없음·batch_summary.json exists; 보호 룰풀은 KEEP 분리
exp_batch_stage123_2009_20260616_smoke10/tickers/A/stage2/_stage2_done.json,file,ONE_OFF_EXPERIMENT_ARTIFACT,TERMINATED_EXPERIMENT_DATA,X,X,0,,729,0.000695,1,2026-06-17T01:58:02.140776+09:00,23.895,DELETE_OK,운영 비도달·프로세스 없음·batch_summary.json exists; 보호 룰풀은 KEEP 분리
exp_batch_stage23_smoke_3tickers/tickers/WELL/stage2/_stage2_done.json,file,ONE_OFF_EXPERIMENT_ARTIFACT,TERMINATED_EXPERIMENT_DATA,X,X,0,,719,0.000686,1,2026-06-16T08:17:49.122708+09:00,24.631,DELETE_OK,운영 비도달·프로세스 없음·batch_summary.json exists; 보호 룰풀은 KEEP 분리
exp_batch_stage23_smoke_3tickers/tickers/CW/stage2/_stage2_done.json,file,ONE_OFF_EXPERIMENT_ARTIFACT,TERMINATED_EXPERIMENT_DATA,X,X,0,,709,0.000676,1,2026-06-16T07:10:30.230942+09:00,24.678,DELETE_OK,운영 비도달·프로세스 없음·batch_summary.json exists; 보호 룰풀은 KEEP 분리
exp_batch_stage23_smoke_3/tickers/CRWD/stage2/_stage2_done.json,file,ONE_OFF_EXPERIMENT_ARTIFACT,TERMINATED_EXPERIMENT_DATA,X,X,0,,699,0.000667,1,2026-06-16T05:51:13.974458+09:00,24.733,DELETE_OK,운영 비도달·프로세스 없음·batch_summary.json exists; 보호 룰풀은 KEEP 분리
exp_batch_stage23_smoke_3/tickers/WELL/stage2/_stage2_done.json,file,ONE_OFF_EXPERIMENT_ARTIFACT,TERMINATED_EXPERIMENT_DATA,X,X,0,,698,0.000666,1,2026-06-16T06:07:56.559664+09:00,24.721,DELETE_OK,운영 비도달·프로세스 없음·batch_summary.json exists; 보호 룰풀은 KEEP 분리
exp_batch_stage23_smoke_3/tickers/CW/stage2/_stage2_done.json,file,ONE_OFF_EXPERIMENT_ARTIFACT,TERMINATED_EXPERIMENT_DATA,X,X,0,,687,0.000655,1,2026-06-16T05:28:50.361860+09:00,24.748,DELETE_OK,운영 비도달·프로세스 없음·batch_summary.json exists; 보호 룰풀은 KEEP 분리
exp_fitness_cache_verify_cw_on_clean/entry_result.json,file,ONE_OFF_EXPERIMENT_ARTIFACT,TERMINATED_EXPERIMENT_DATA,X,X,0,,686,0.000654,1,2026-06-15T12:21:16.209218+09:00,25.462,DELETE_OK,운영 비도달·프로세스 없음·one-off experiment name; 보호 룰풀은 KEEP 분리
exp_batch_CE_materials_retrain_20260708/tickers/CE/stage3/entry_result.json,file,ONE_OFF_EXPERIMENT_ARTIFACT,TERMINATED_EXPERIMENT_DATA,X,X,0,,685,0.000653,1,2026-07-09T08:31:45.042514+09:00,1.621,DELETE_OK,운영 비도달·프로세스 없음·run_status stage2/stage3/compare complete; 보호 룰풀은 KEEP 분리
exp_batch_CE_multifeature_20260708/tickers/CE/stage3/entry_result.json,file,ONE_OFF_EXPERIMENT_ARTIFACT,TERMINATED_EXPERIMENT_DATA,X,X,0,,685,0.000653,1,2026-07-09T09:31:32.705092+09:00,1.58,DELETE_OK,운영 비도달·프로세스 없음·run_status stage2/stage3/compare complete; 보호 룰풀은 KEEP 분리
exp_context_reuse_verify_cw_shared/entry_result.json,file,ONE_OFF_EXPERIMENT_ARTIFACT,TERMINATED_EXPERIMENT_DATA,X,X,0,,681,0.000649,1,2026-06-16T04:50:22.208986+09:00,24.775,DELETE_OK,운영 비도달·프로세스 없음·one-off experiment name; 보호 룰풀은 KEEP 분리
exp_context_reuse_verify_cw_baseline/entry_result.json,file,ONE_OFF_EXPERIMENT_ARTIFACT,TERMINATED_EXPERIMENT_DATA,X,X,0,,680,0.000648,1,2026-06-16T04:22:15.027003+09:00,24.795,DELETE_OK,운영 비도달·프로세스 없음·one-off experiment name; 보호 룰풀은 KEEP 분리
exp_fitness_cache_verify_cw_off/entry_result.json,file,ONE_OFF_EXPERIMENT_ARTIFACT,TERMINATED_EXPERIMENT_DATA,X,X,0,,680,0.000648,1,2026-06-15T11:30:32.924668+09:00,25.497,DELETE_OK,운영 비도달·프로세스 없음·one-off experiment name; 보호 룰풀은 KEEP 분리
exp_unified_catalog_proto_20260614_0001/README.md,file,DOCUMENTATION_OR_NOTE,TERMINATED_EXPERIMENT_DATA,X,X,0,,575,0.000548,1,2026-06-15T01:57:29.834236+09:00,25.895,DELETE_OK,운영 비도달·프로세스 없음·summary.json exists; 보호 룰풀은 KEEP 분리
exp_period_lockbox_audit_cw_stage3_validate/entry_result.json,file,EXACT_DUPLICATE_REVIEW,TERMINATED_EXPERIMENT_DATA,X,X,0,,564,0.000538,1,2026-06-14T12:56:12.922152+09:00,26.438,DELETE_OK,운영 비도달·프로세스 없음·one-off experiment name; 보호 룰풀은 KEEP 분리
exp_add_buy_disable_smoke_20260615/entry_result.json,file,ONE_OFF_EXPERIMENT_ARTIFACT,TERMINATED_EXPERIMENT_DATA,X,X,0,,559,0.000533,1,2026-06-15T06:29:18.041045+09:00,25.706,DELETE_OK,운영 비도달·프로세스 없음·one-off experiment name; 보호 룰풀은 KEEP 분리
exp_add_buy_disable_smoke_20260615/README.md,file,EXACT_DUPLICATE_REVIEW,TERMINATED_EXPERIMENT_DATA,X,X,0,,557,0.000531,1,2026-06-15T06:29:12.344055+09:00,25.706,DELETE_OK,운영 비도달·프로세스 없음·one-off experiment name; 보호 룰풀은 KEEP 분리
exp_batch_CE_materials_retrain_20260708/tickers/CE/stage3/README.md,file,EXACT_DUPLICATE_REVIEW,TERMINATED_EXPERIMENT_DATA,X,X,0,,557,0.000531,1,2026-07-09T08:03:33.024543+09:00,1.641,DELETE_OK,운영 비도달·프로세스 없음·run_status stage2/stage3/compare complete; 보호 룰풀은 KEEP 분리
exp_batch_CE_multifeature_20260708/tickers/CE/stage3/README.md,file,EXACT_DUPLICATE_REVIEW,TERMINATED_EXPERIMENT_DATA,X,X,0,,557,0.000531,1,2026-07-09T08:37:34.878887+09:00,1.617,DELETE_OK,운영 비도달·프로세스 없음·run_status stage2/stage3/compare complete; 보호 룰풀은 KEEP 분리
exp_batch_stage23_smoke_3/tickers/CRWD/stage3/README.md,file,EXACT_DUPLICATE_REVIEW,TERMINATED_EXPERIMENT_DATA,X,X,0,,557,0.000531,1,2026-06-16T06:27:43.579539+09:00,24.707,DELETE_OK,운영 비도달·프로세스 없음·batch_summary.json exists; 보호 룰풀은 KEEP 분리
exp_batch_stage23_smoke_3/tickers/CW/stage3/README.md,file,EXACT_DUPLICATE_REVIEW,TERMINATED_EXPERIMENT_DATA,X,X,0,,557,0.000531,1,2026-06-16T06:07:57.334662+09:00,24.721,DELETE_OK,운영 비도달·프로세스 없음·batch_summary.json exists; 보호 룰풀은 KEEP 분리
exp_batch_stage23_smoke_3/tickers/WELL/stage3/README.md,file,EXACT_DUPLICATE_REVIEW,TERMINATED_EXPERIMENT_DATA,X,X,0,,557,0.000531,1,2026-06-16T06:49:33.437191+09:00,24.692,DELETE_OK,운영 비도달·프로세스 없음·batch_summary.json exists; 보호 룰풀은 KEEP 분리
exp_batch_stage23_smoke_3tickers/tickers/CRWD/stage3/README.md,file,EXACT_DUPLICATE_REVIEW,TERMINATED_EXPERIMENT_DATA,X,X,0,,557,0.000531,1,2026-06-16T08:37:38.253578+09:00,24.617,DELETE_OK,운영 비도달·프로세스 없음·batch_summary.json exists; 보호 룰풀은 KEEP 분리
exp_batch_stage23_smoke_3tickers/tickers/CW/stage3/README.md,file,EXACT_DUPLICATE_REVIEW,TERMINATED_EXPERIMENT_DATA,X,X,0,,557,0.000531,1,2026-06-16T08:17:49.823707+09:00,24.631,DELETE_OK,운영 비도달·프로세스 없음·batch_summary.json exists; 보호 룰풀은 KEEP 분리
exp_batch_stage23_smoke_3tickers/tickers/WELL/stage3/README.md,file,EXACT_DUPLICATE_REVIEW,TERMINATED_EXPERIMENT_DATA,X,X,0,,557,0.000531,1,2026-06-16T08:59:13.201257+09:00,24.602,DELETE_OK,운영 비도달·프로세스 없음·batch_summary.json exists; 보호 룰풀은 KEEP 분리
exp_batch_stage23_smoke_3tickers/tickers/WELL/stage3_retry1/README.md,file,EXACT_DUPLICATE_REVIEW,TERMINATED_EXPERIMENT_DATA,X,X,0,,557,0.000531,1,2026-06-16T09:09:25.565161+09:00,24.595,DELETE_OK,운영 비도달·프로세스 없음·batch_summary.json exists; 보호 룰풀은 KEEP 분리
exp_batch_stage23_smoke_3tickers/tickers/ZZZZINVALID/stage3/README.md,file,EXACT_DUPLICATE_REVIEW,TERMINATED_EXPERIMENT_DATA,X,X,0,,557,0.000531,1,2026-06-16T09:21:41.241843+09:00,24.587,DELETE_OK,운영 비도달·프로세스 없음·batch_summary.json exists; 보호 룰풀은 KEEP 분리
exp_batch_stage23_smoke_bad/tickers/BADTICKER_DOES_NOT_EXIST_2026/stage3/README.md,file,EXACT_DUPLICATE_REVIEW,TERMINATED_EXPERIMENT_DATA,X,X,0,,557,0.000531,1,2026-06-16T07:27:50.552080+09:00,24.666,DELETE_OK,운영 비도달·프로세스 없음·batch_summary.json exists; 보호 룰풀은 KEEP 분리
exp_batch_stage23_smoke_bad/tickers/CW/stage3/README.md,file,EXACT_DUPLICATE_REVIEW,TERMINATED_EXPERIMENT_DATA,X,X,0,,557,0.000531,1,2026-06-16T07:27:59.136065+09:00,24.666,DELETE_OK,운영 비도달·프로세스 없음·batch_summary.json exists; 보호 룰풀은 KEEP 분리
exp_batch_stage23_smoke_failure/tickers/CW/stage3/README.md,file,EXACT_DUPLICATE_REVIEW,TERMINATED_EXPERIMENT_DATA,X,X,0,,557,0.000531,1,2026-06-16T09:20:35.610961+09:00,24.587,DELETE_OK,운영 비도달·프로세스 없음·one-off experiment name; 보호 룰풀은 KEEP 분리
exp_batch_stage23_smoke_failure2/tickers/CRWD/stage3/README.md,file,EXACT_DUPLICATE_REVIEW,TERMINATED_EXPERIMENT_DATA,X,X,0,,557,0.000531,1,2026-06-16T08:37:38.253578+09:00,24.617,DELETE_OK,운영 비도달·프로세스 없음·batch_summary.json exists; 보호 룰풀은 KEEP 분리
exp_batch_stage23_smoke_failure2/tickers/CW/stage3/README.md,file,EXACT_DUPLICATE_REVIEW,TERMINATED_EXPERIMENT_DATA,X,X,0,,557,0.000531,1,2026-06-16T08:17:49.823707+09:00,24.631,DELETE_OK,운영 비도달·프로세스 없음·batch_summary.json exists; 보호 룰풀은 KEEP 분리
exp_batch_stage23_smoke_failure2/tickers/ZZZZINVALID/stage3/README.md,file,EXACT_DUPLICATE_REVIEW,TERMINATED_EXPERIMENT_DATA,X,X,0,,557,0.000531,1,2026-06-16T09:21:54.597820+09:00,24.586,DELETE_OK,운영 비도달·프로세스 없음·batch_summary.json exists; 보호 룰풀은 KEEP 분리
exp_context_reuse_verify_cw_baseline/README.md,file,EXACT_DUPLICATE_REVIEW,TERMINATED_EXPERIMENT_DATA,X,X,0,,557,0.000531,1,2026-06-16T03:50:38.027397+09:00,24.816,DELETE_OK,운영 비도달·프로세스 없음·one-off experiment name; 보호 룰풀은 KEEP 분리
exp_context_reuse_verify_cw_shared/README.md,file,EXACT_DUPLICATE_REVIEW,TERMINATED_EXPERIMENT_DATA,X,X,0,,557,0.000531,1,2026-06-16T04:22:40.780957+09:00,24.794,DELETE_OK,운영 비도달·프로세스 없음·one-off experiment name; 보호 룰풀은 KEEP 분리
exp_fitness_cache_verify_cw_off/README.md,file,EXACT_DUPLICATE_REVIEW,TERMINATED_EXPERIMENT_DATA,X,X,0,,557,0.000531,1,2026-06-15T11:00:09.324936+09:00,25.518,DELETE_OK,운영 비도달·프로세스 없음·one-off experiment name; 보호 룰풀은 KEEP 분리
exp_fitness_cache_verify_cw_on/README.md,file,EXACT_DUPLICATE_REVIEW,TERMINATED_EXPERIMENT_DATA,X,X,0,,557,0.000531,1,2026-06-15T11:31:20.410583+09:00,25.497,DELETE_OK,운영 비도달·프로세스 없음·one-off experiment name; 보호 룰풀은 KEEP 분리
exp_fitness_cache_verify_cw_on_clean/README.md,file,EXACT_DUPLICATE_REVIEW,TERMINATED_EXPERIMENT_DATA,X,X,0,,557,0.000531,1,2026-06-15T11:51:55.000372+09:00,25.482,DELETE_OK,운영 비도달·프로세스 없음·one-off experiment name; 보호 룰풀은 KEEP 분리
exp_period_lockbox_audit_cw_stage3_qualify/README.md,file,EXACT_DUPLICATE_REVIEW,TERMINATED_EXPERIMENT_DATA,X,X,0,,557,0.000531,1,2026-06-16T09:57:53.984934+09:00,24.561,DELETE_OK,운영 비도달·프로세스 없음·one-off experiment name; 보호 룰풀은 KEEP 분리
exp_period_lockbox_audit_cw_stage3_validate/README.md,file,EXACT_DUPLICATE_REVIEW,TERMINATED_EXPERIMENT_DATA,X,X,0,,557,0.000531,1,2026-06-14T12:27:25.820247+09:00,26.458,DELETE_OK,운영 비도달·프로세스 없음·one-off experiment name; 보호 룰풀은 KEEP 분리
exp_stage3_recent_min_trades_reapply_smoke_cw_20260615/README.md,file,EXACT_DUPLICATE_REVIEW,TERMINATED_EXPERIMENT_DATA,X,X,0,,557,0.000531,1,2026-06-15T09:51:38.446299+09:00,25.566,DELETE_OK,운영 비도달·프로세스 없음·one-off experiment name; 보호 룰풀은 KEEP 분리
exp_stage3_recent_min_trades_smoke_cw_20260615/README.md,file,EXACT_DUPLICATE_REVIEW,TERMINATED_EXPERIMENT_DATA,X,X,0,,557,0.000531,1,2026-06-15T09:32:41.643337+09:00,25.579,DELETE_OK,운영 비도달·프로세스 없음·one-off experiment name; 보호 룰풀은 KEEP 분리
exp_add_buy_disable_smoke_20260615/exit_result.json,file,ONE_OFF_EXPERIMENT_ARTIFACT,TERMINATED_EXPERIMENT_DATA,X,X,0,,524,0.0005,1,2026-06-15T06:29:23.301036+09:00,25.706,DELETE_OK,운영 비도달·프로세스 없음·one-off experiment name; 보호 룰풀은 KEEP 분리
exp_batch_CE_materials_retrain_20260708/tickers/CE/stage3/exit_result.json,file,ONE_OFF_EXPERIMENT_ARTIFACT,TERMINATED_EXPERIMENT_DATA,X,X,0,,523,0.000499,1,2026-07-09T10:18:31.646049+09:00,1.547,DELETE_OK,운영 비도달·프로세스 없음·run_status stage2/stage3/compare complete; 보호 룰풀은 KEEP 분리
exp_batch_CE_multifeature_20260708/tickers/CE/stage3/exit_result.json,file,ONE_OFF_EXPERIMENT_ARTIFACT,TERMINATED_EXPERIMENT_DATA,X,X,0,,523,0.000499,1,2026-07-09T12:26:46.432268+09:00,1.458,DELETE_OK,운영 비도달·프로세스 없음·run_status stage2/stage3/compare complete; 보호 룰풀은 KEEP 분리
exp_period_lockbox_audit_cw_stage3_validate/exit_result.json,file,EXACT_DUPLICATE_REVIEW,TERMINATED_EXPERIMENT_DATA,X,X,0,,523,0.000499,1,2026-06-14T14:39:47.859019+09:00,26.366,DELETE_OK,운영 비도달·프로세스 없음·one-off experiment name; 보호 룰풀은 KEEP 분리
exp_batch_CE_materials_retrain_20260708/dry_check_readout.md,file,DOCUMENTATION_OR_NOTE,TERMINATED_EXPERIMENT_DATA,X,X,0,,471,0.000449,1,2026-07-09T08:03:33.014543+09:00,1.641,DELETE_OK,운영 비도달·프로세스 없음·run_status stage2/stage3/compare complete; 보호 룰풀은 KEEP 분리
exp_batch_stage23_smoke_failure2/batch_summary.json,file,ONE_OFF_EXPERIMENT_ARTIFACT,TERMINATED_EXPERIMENT_DATA,X,X,0,,436,0.000416,1,2026-06-16T09:22:02.418806+09:00,24.586,DELETE_OK,운영 비도달·프로세스 없음·batch_summary.json exists; 보호 룰풀은 KEEP 분리
exp_batch_stage23_smoke_bad/batch_summary.json,file,ONE_OFF_EXPERIMENT_ARTIFACT,TERMINATED_EXPERIMENT_DATA,X,X,0,,423,0.000403,1,2026-06-16T07:27:58.431066+09:00,24.666,DELETE_OK,운영 비도달·프로세스 없음·batch_summary.json exists; 보호 룰풀은 KEEP 분리
exp_batch_stage23_smoke_3tickers/batch_summary.json,file,ONE_OFF_EXPERIMENT_ARTIFACT,TERMINATED_EXPERIMENT_DATA,X,X,0,,410,0.000391,1,2026-06-16T09:21:55.305818+09:00,24.586,DELETE_OK,운영 비도달·프로세스 없음·batch_summary.json exists; 보호 룰풀은 KEEP 분리
exp_batch_stage123_2009_20260616_smoke10/batch_summary.json,file,ONE_OFF_EXPERIMENT_ARTIFACT,TERMINATED_EXPERIMENT_DATA,X,X,0,,408,0.000389,1,2026-06-17T01:58:02.142776+09:00,23.895,DELETE_OK,운영 비도달·프로세스 없음·batch_summary.json exists; 보호 룰풀은 KEEP 분리
exp_batch_stage23_smoke_dryrun2/batch_summary.json,file,ONE_OFF_EXPERIMENT_ARTIFACT,TERMINATED_EXPERIMENT_DATA,X,X,0,,401,0.000382,1,2026-06-16T07:27:41.990095+09:00,24.666,DELETE_OK,운영 비도달·프로세스 없음·batch_summary.json exists; 보호 룰풀은 KEEP 분리
exp_batch_stage23_dryrun_check/batch_summary.json,file,ONE_OFF_EXPERIMENT_ARTIFACT,TERMINATED_EXPERIMENT_DATA,X,X,0,,400,0.000381,1,2026-06-16T05:16:55.384138+09:00,24.757,DELETE_OK,운영 비도달·프로세스 없음·batch_summary.json exists; 보호 룰풀은 KEEP 분리
exp_batch_stage23_smoke_dryrun/batch_summary.json,file,ONE_OFF_EXPERIMENT_ARTIFACT,TERMINATED_EXPERIMENT_DATA,X,X,0,,400,0.000381,1,2026-06-16T07:18:46.579054+09:00,24.672,DELETE_OK,운영 비도달·프로세스 없음·batch_summary.json exists; 보호 룰풀은 KEEP 분리
exp_batch_stage23_smoke_actual/batch_summary.json,file,ONE_OFF_EXPERIMENT_ARTIFACT,TERMINATED_EXPERIMENT_DATA,X,X,0,,398,0.00038,1,2026-06-16T07:14:54.298470+09:00,24.675,DELETE_OK,운영 비도달·프로세스 없음·batch_summary.json exists; 보호 룰풀은 KEEP 분리
exp_batch_stage23_smoke_3/batch_summary.json,file,ONE_OFF_EXPERIMENT_ARTIFACT,TERMINATED_EXPERIMENT_DATA,X,X,0,,385,0.000367,1,2026-06-16T07:09:31.283047+09:00,24.678,DELETE_OK,운영 비도달·프로세스 없음·batch_summary.json exists; 보호 룰풀은 KEEP 분리
exp_fix_payoff_pattern_classifier_up2p0_20260705_001/oos_signals.csv,file,ONE_OFF_EXPERIMENT_ARTIFACT,TERMINATED_EXPERIMENT_DATA,X,X,0,,303,0.000289,1,2026-07-06T00:05:19.905288+09:00,4.973,DELETE_OK,운영 비도달·프로세스 없음·summary.json exists; 보호 룰풀은 KEEP 분리
exp_mpc_reverse_20260612_2005/result_summary.json,file,ONE_OFF_EXPERIMENT_ARTIFACT,TERMINATED_EXPERIMENT_DATA,X,X,0,,220,0.00021,1,2026-06-13T06:19:05.900607+09:00,27.713,DELETE_OK,운영 비도달·프로세스 없음·one-off experiment name; 보호 룰풀은 KEEP 분리
exp_crwd_reverse_20260612_2005/result_summary.json,file,ONE_OFF_EXPERIMENT_ARTIFACT,TERMINATED_EXPERIMENT_DATA,X,X,0,,219,0.000209,1,2026-06-13T05:38:30.324965+09:00,27.742,DELETE_OK,운영 비도달·프로세스 없음·one-off experiment name; 보호 룰풀은 KEEP 분리
exp_mpc_multiyear_20260612_2005/result_summary.json,file,ONE_OFF_EXPERIMENT_ARTIFACT,TERMINATED_EXPERIMENT_DATA,X,X,0,,219,0.000209,1,2026-06-13T05:53:16.724378+09:00,27.731,DELETE_OK,운영 비도달·프로세스 없음·one-off experiment name; 보호 룰풀은 KEEP 분리
exp_crwd_multiyear_20260612_2005/result_summary.json,file,ONE_OFF_EXPERIMENT_ARTIFACT,TERMINATED_EXPERIMENT_DATA,X,X,0,,204,0.000195,1,2026-06-13T05:11:51.111829+09:00,27.76,DELETE_OK,운영 비도달·프로세스 없음·one-off experiment name; 보호 룰풀은 KEEP 분리
exp_add_buy_disable_smoke_20260615/qualify_result.json,file,ONE_OFF_EXPERIMENT_ARTIFACT,TERMINATED_EXPERIMENT_DATA,X,X,0,,151,0.000144,1,2026-06-15T06:29:12.345056+09:00,25.706,DELETE_OK,운영 비도달·프로세스 없음·one-off experiment name; 보호 룰풀은 KEEP 분리
exp_fix_payoff_pattern_classifier_noleak_10wide_20260705_001/oos_signals.csv,file,ONE_OFF_EXPERIMENT_ARTIFACT,TERMINATED_EXPERIMENT_DATA,X,X,0,,116,0.000111,1,2026-07-06T00:16:39.726071+09:00,4.965,DELETE_OK,운영 비도달·프로세스 없음·summary.json exists; 보호 룰풀은 KEEP 분리
exp_fix_payoff_pattern_classifier_strict_noleak_20260705_001/oos_signals.csv,file,ONE_OFF_EXPERIMENT_ARTIFACT,TERMINATED_EXPERIMENT_DATA,X,X,0,,116,0.000111,1,2026-07-06T00:15:29.826196+09:00,4.966,DELETE_OK,운영 비도달·프로세스 없음·summary.json exists; 보호 룰풀은 KEEP 분리
exp_fix_payoff_pattern_classifier_up3p0_20260705_001/oos_signals.csv,file,ONE_OFF_EXPERIMENT_ARTIFACT,TERMINATED_EXPERIMENT_DATA,X,X,0,,116,0.000111,1,2026-07-06T00:05:46.945240+09:00,4.973,DELETE_OK,운영 비도달·프로세스 없음·summary.json exists; 보호 룰풀은 KEEP 분리
exp_fix_payoff_pattern_classifier_up4p0_20260705_001/oos_signals.csv,file,ONE_OFF_EXPERIMENT_ARTIFACT,TERMINATED_EXPERIMENT_DATA,X,X,0,,116,0.000111,1,2026-07-06T00:06:11.972195+09:00,4.972,DELETE_OK,운영 비도달·프로세스 없음·summary.json exists; 보호 룰풀은 KEEP 분리
exp_batch_stage23_smoke_inputs/bad_then_cw.txt,file,ONE_OFF_EXPERIMENT_ARTIFACT,TERMINATED_EXPERIMENT_DATA,X,X,0,,33,3.1e-05,1,2026-06-16T07:27:49.818081+09:00,24.666,DELETE_OK,운영 비도달·프로세스 없음·one-off experiment name; 보호 룰풀은 KEEP 분리
exp_batch_stage23_smoke_failure/tickers.txt,file,ONE_OFF_EXPERIMENT_ARTIFACT,TERMINATED_EXPERIMENT_DATA,X,X,0,,20,1.9e-05,1,2026-06-16T09:20:34.809963+09:00,24.587,DELETE_OK,운영 비도달·프로세스 없음·one-off experiment name; 보호 룰풀은 KEEP 분리
exp_batch_stage23_smoke_failure2/tickers.txt,file,ONE_OFF_EXPERIMENT_ARTIFACT,TERMINATED_EXPERIMENT_DATA,X,X,0,,20,1.9e-05,1,2026-06-16T09:21:53.803821+09:00,24.586,DELETE_OK,운영 비도달·프로세스 없음·batch_summary.json exists; 보호 룰풀은 KEEP 분리
exp_batch_stage23_smoke_3tickers/tickers.txt,file,ONE_OFF_EXPERIMENT_ARTIFACT,TERMINATED_EXPERIMENT_DATA,X,X,0,,13,1.2e-05,1,2026-06-16T07:10:12.485974+09:00,24.678,DELETE_OK,운영 비도달·프로세스 없음·batch_summary.json exists; 보호 룰풀은 KEEP 분리
exp_batch_stage23_smoke_inputs/tickers3.txt,file,ONE_OFF_EXPERIMENT_ARTIFACT,TERMINATED_EXPERIMENT_DATA,X,X,0,,13,1.2e-05,1,2026-06-16T07:18:46.519054+09:00,24.672,DELETE_OK,운영 비도달·프로세스 없음·one-off experiment name; 보호 룰풀은 KEEP 분리
exp_add_buy_disable_smoke_20260615/entry_rejected_overlap.json,file,EXACT_DUPLICATE_REVIEW,TERMINATED_EXPERIMENT_DATA,X,X,0,,3,3e-06,1,2026-06-15T06:29:18.041045+09:00,25.706,DELETE_OK,운영 비도달·프로세스 없음·one-off experiment name; 보호 룰풀은 KEEP 분리
exp_add_buy_disable_smoke_20260615/stage3_ineligible.jsonl,file,ONE_OFF_EXPERIMENT_ARTIFACT,TERMINATED_EXPERIMENT_DATA,X,X,0,,0,0.0,1,2026-06-15T06:29:27.833028+09:00,25.706,DELETE_OK,운영 비도달·프로세스 없음·one-off experiment name; 보호 룰풀은 KEEP 분리
exp_fix_payoff_two_gene_stage2_rolling_ga_20260706_002/survival_pass.jsonl,file,ONE_OFF_EXPERIMENT_ARTIFACT,TERMINATED_EXPERIMENT_DATA,X,X,0,,0,0.0,1,2026-07-06T01:09:27.664398+09:00,4.928,DELETE_OK,운영 비도달·프로세스 없음·summary.json exists; 보호 룰풀은 KEEP 분리
exp_fix_payoff_two_gene_stage2_rolling_ga_smoke2_20260706_001/survival_pass.jsonl,file,ONE_OFF_EXPERIMENT_ARTIFACT,TERMINATED_EXPERIMENT_DATA,X,X,0,,0,0.0,1,2026-07-06T01:07:29.751610+09:00,4.93,DELETE_OK,운영 비도달·프로세스 없음·summary.json exists; 보호 룰풀은 KEEP 분리
exp_hsbc_high0p7_soft_nod0_finalaudit_smoke_20260706_001/true_validation_pass.jsonl,file,ONE_OFF_EXPERIMENT_ARTIFACT,TERMINATED_EXPERIMENT_DATA,X,X,0,,0,0.0,1,2026-07-06T13:25:45.986287+09:00,4.417,DELETE_OK,운영 비도달·프로세스 없음·summary.json exists; 보호 룰풀은 KEEP 분리
exp_hsbc_high0p7_soft_nod0_trainconsistent_smoke_20260706_001/train_consistency_pass.jsonl,file,ONE_OFF_EXPERIMENT_ARTIFACT,TERMINATED_EXPERIMENT_DATA,X,X,0,,0,0.0,1,2026-07-06T13:34:58.403298+09:00,4.411,DELETE_OK,운영 비도달·프로세스 없음·summary.json exists; 보호 룰풀은 KEEP 분리
exp_hsbc_high0p7_soft_nod0_trainconsistent_smoke_20260706_001/true_validation_pass.jsonl,file,ONE_OFF_EXPERIMENT_ARTIFACT,TERMINATED_EXPERIMENT_DATA,X,X,0,,0,0.0,1,2026-07-06T13:34:58.403298+09:00,4.411,DELETE_OK,운영 비도달·프로세스 없음·summary.json exists; 보호 룰풀은 KEEP 분리
exp_hsbc_payoff_two_gene_fullfeature_stage2_rolling_ga_5d_high0p7_separate_highlow_soft_nod0_trainconsistent_20260706_001/true_validation_pass.jsonl,file,ONE_OFF_EXPERIMENT_ARTIFACT,TERMINATED_EXPERIMENT_DATA,X,X,0,,0,0.0,1,2026-07-06T13:36:22.025148+09:00,4.41,DELETE_OK,운영 비도달·프로세스 없음·summary.json exists; 보호 룰풀은 KEEP 분리
exp_hsbc_payoff_two_gene_fullfeature_stage2_rolling_ga_5d_high0p7_soft_stress_validation_smoke_20260706_001/survival_pass.jsonl,file,ONE_OFF_EXPERIMENT_ARTIFACT,TERMINATED_EXPERIMENT_DATA,X,X,0,,0,0.0,1,2026-07-06T13:14:47.549466+09:00,4.425,DELETE_OK,운영 비도달·프로세스 없음·summary.json exists; 보호 룰풀은 KEEP 분리
exp_mpc_high07_stressval_smoke_20260706_001/survival_pass.jsonl,file,ONE_OFF_EXPERIMENT_ARTIFACT,TERMINATED_EXPERIMENT_DATA,X,X,0,,0,0.0,1,2026-07-06T12:53:19.268775+09:00,4.44,DELETE_OK,운영 비도달·프로세스 없음·summary.json exists; 보호 룰풀은 KEEP 분리
exp_mpc_payoff_two_gene_fullfeature_stage2_rolling_ga_20260706_001/survival_pass.jsonl,file,ONE_OFF_EXPERIMENT_ARTIFACT,TERMINATED_EXPERIMENT_DATA,X,X,0,,0,0.0,1,2026-07-06T01:34:21.908723+09:00,4.911,DELETE_OK,운영 비도달·프로세스 없음·summary.json exists; 보호 룰풀은 KEEP 분리
exp_mpc_payoff_two_gene_fullfeature_stage2_rolling_ga_3d_20260706_001/survival_pass.jsonl,file,ONE_OFF_EXPERIMENT_ARTIFACT,TERMINATED_EXPERIMENT_DATA,X,X,0,,0,0.0,1,2026-07-06T01:42:23.660861+09:00,4.906,DELETE_OK,운영 비도달·프로세스 없음·summary.json exists; 보호 룰풀은 KEEP 분리
exp_mpc_payoff_two_gene_fullfeature_stage2_rolling_ga_3d_precision70_20260706_001/survival_pass.jsonl,file,ONE_OFF_EXPERIMENT_ARTIFACT,TERMINATED_EXPERIMENT_DATA,X,X,0,,0,0.0,1,2026-07-06T01:49:06.477139+09:00,4.901,DELETE_OK,운영 비도달·프로세스 없음·summary.json exists; 보호 룰풀은 KEEP 분리
exp_mpc_payoff_two_gene_fullfeature_stage2_rolling_ga_3d_precision70_smoke_20260706_001/survival_pass.jsonl,file,ONE_OFF_EXPERIMENT_ARTIFACT,TERMINATED_EXPERIMENT_DATA,X,X,0,,0,0.0,1,2026-07-06T01:48:07.488245+09:00,4.902,DELETE_OK,운영 비도달·프로세스 없음·summary.json exists; 보호 룰풀은 KEEP 분리
exp_mpc_payoff_two_gene_fullfeature_stage2_rolling_ga_3d_separate_highlow70_20260706_001/survival_pass.jsonl,file,ONE_OFF_EXPERIMENT_ARTIFACT,TERMINATED_EXPERIMENT_DATA,X,X,0,,0,0.0,1,2026-07-06T01:55:09.822492+09:00,4.897,DELETE_OK,운영 비도달·프로세스 없음·summary.json exists; 보호 룰풀은 KEEP 분리
exp_mpc_payoff_two_gene_fullfeature_stage2_rolling_ga_3d_separate_highlow70_smoke_20260706_001/survival_pass.jsonl,file,ONE_OFF_EXPERIMENT_ARTIFACT,TERMINATED_EXPERIMENT_DATA,X,X,0,,0,0.0,1,2026-07-06T01:53:55.270625+09:00,4.898,DELETE_OK,운영 비도달·프로세스 없음·summary.json exists; 보호 룰풀은 KEEP 분리
exp_mpc_payoff_two_gene_fullfeature_stage2_rolling_ga_3d_smoke_20260706_001/survival_pass.jsonl,file,ONE_OFF_EXPERIMENT_ARTIFACT,TERMINATED_EXPERIMENT_DATA,X,X,0,,0,0.0,1,2026-07-06T01:41:00.012010+09:00,4.907,DELETE_OK,운영 비도달·프로세스 없음·summary.json exists; 보호 룰풀은 KEEP 분리
exp_mpc_payoff_two_gene_fullfeature_stage2_rolling_ga_5d_high0p5_separate_highlow70_stress_validation_20260706_001/survival_pass.jsonl,file,ONE_OFF_EXPERIMENT_ARTIFACT,TERMINATED_EXPERIMENT_DATA,X,X,0,,0,0.0,1,2026-07-06T12:54:40.224629+09:00,4.439,DELETE_OK,운영 비도달·프로세스 없음·summary.json exists; 보호 룰풀은 KEEP 분리
exp_mpc_payoff_two_gene_fullfeature_stage2_rolling_ga_5d_high0p7_separate_highlow70_stress_validation_20260706_001/survival_pass.jsonl,file,ONE_OFF_EXPERIMENT_ARTIFACT,TERMINATED_EXPERIMENT_DATA,X,X,0,,0,0.0,1,2026-07-06T12:55:23.425552+09:00,4.438,DELETE_OK,운영 비도달·프로세스 없음·summary.json exists; 보호 룰풀은 KEEP 분리
exp_mpc_payoff_two_gene_fullfeature_stage2_rolling_ga_5d_high0p8_separate_highlow70_stress_validation_20260706_001/survival_pass.jsonl,file,ONE_OFF_EXPERIMENT_ARTIFACT,TERMINATED_EXPERIMENT_DATA,X,X,0,,0,0.0,1,2026-07-06T12:55:22.551553+09:00,4.438,DELETE_OK,운영 비도달·프로세스 없음·summary.json exists; 보호 룰풀은 KEEP 분리
exp_mpc_payoff_two_gene_fullfeature_stage2_rolling_ga_5d_high1p0_separate_highlow70_stress_validation_20260706_001/survival_pass.jsonl,file,ONE_OFF_EXPERIMENT_ARTIFACT,TERMINATED_EXPERIMENT_DATA,X,X,0,,0,0.0,1,2026-07-06T12:55:22.107554+09:00,4.438,DELETE_OK,운영 비도달·프로세스 없음·summary.json exists; 보호 룰풀은 KEEP 분리
exp_mpc_payoff_two_gene_fullfeature_stage2_rolling_ga_5d_separate_highlow70_20260706_001/survival_pass.jsonl,file,ONE_OFF_EXPERIMENT_ARTIFACT,TERMINATED_EXPERIMENT_DATA,X,X,0,,0,0.0,1,2026-07-06T02:01:42.912792+09:00,4.892,DELETE_OK,운영 비도달·프로세스 없음·summary.json exists; 보호 룰풀은 KEEP 분리
exp_mpc_payoff_two_gene_fullfeature_stage2_rolling_ga_5d_separate_highlow70_smoke_20260706_001/survival_pass.jsonl,file,ONE_OFF_EXPERIMENT_ARTIFACT,TERMINATED_EXPERIMENT_DATA,X,X,0,,0,0.0,1,2026-07-06T02:00:32.775917+09:00,4.893,DELETE_OK,운영 비도달·프로세스 없음·summary.json exists; 보호 룰풀은 KEEP 분리
exp_mpc_payoff_two_gene_fullfeature_stage2_rolling_ga_5d_separate_highlow70_stress_validation_20260706_001/survival_pass.jsonl,file,ONE_OFF_EXPERIMENT_ARTIFACT,TERMINATED_EXPERIMENT_DATA,X,X,0,,0,0.0,1,2026-07-06T12:47:06.371443+09:00,4.444,DELETE_OK,운영 비도달·프로세스 없음·summary.json exists; 보호 룰풀은 KEEP 분리
exp_mpc_payoff_two_gene_fullfeature_stage2_rolling_ga_5d_separate_highlow70_stress_validation_smoke_20260706_001/survival_pass.jsonl,file,ONE_OFF_EXPERIMENT_ARTIFACT,TERMINATED_EXPERIMENT_DATA,X,X,0,,0,0.0,1,2026-07-06T12:45:51.099578+09:00,4.445,DELETE_OK,운영 비도달·프로세스 없음·summary.json exists; 보호 룰풀은 KEEP 분리
exp_mpc_payoff_two_gene_fullfeature_stage2_rolling_ga_smoke_20260706_001/survival_pass.jsonl,file,ONE_OFF_EXPERIMENT_ARTIFACT,TERMINATED_EXPERIMENT_DATA,X,X,0,,0,0.0,1,2026-07-06T01:32:43.923899+09:00,4.912,DELETE_OK,운영 비도달·프로세스 없음·summary.json exists; 보호 룰풀은 KEEP 분리
exp_mpc_payoff_two_gene_stage2_rolling_ga_20260706_001/survival_pass.jsonl,file,ONE_OFF_EXPERIMENT_ARTIFACT,TERMINATED_EXPERIMENT_DATA,X,X,0,,0,0.0,1,2026-07-06T01:23:25.200899+09:00,4.919,DELETE_OK,운영 비도달·프로세스 없음·summary.json exists; 보호 룰풀은 KEEP 분리
exp_mpc_payoff_two_gene_stage2_rolling_ga_smoke_20260706_001/survival_pass.jsonl,file,ONE_OFF_EXPERIMENT_ARTIFACT,TERMINATED_EXPERIMENT_DATA,X,X,0,,0,0.0,1,2026-07-06T01:21:18.185126+09:00,4.92,DELETE_OK,운영 비도달·프로세스 없음·summary.json exists; 보호 룰풀은 KEEP 분리
data/_system/ml_sell_omen,directory,SYSTEM_DATA_DIRECTORY,ACTIVE_RUNTIME_DEPENDENCY,O,X,3,engine/central/signal_collector.py|engine/central/stage2_survivor_loader.py|engine/pipeline/context.py,13265848,12.651299,9,2026-06-22T16:37:50.778940+09:00,18.284,KEEP,활성 그래프·구체 경로 리터럴 또는 열린 핸들 도달
data/_system/calendars,directory,SYSTEM_DATA_DIRECTORY,ACTIVE_RUNTIME_DEPENDENCY,O,X,1,engine/live/us_market_calendar.py,235172,0.224277,1,2026-07-06T22:30:26.476782+09:00,4.039,KEEP,활성 그래프·구체 경로 리터럴 또는 열린 핸들 도달
data/logs/kingmaker.log,file,LOG_ARTIFACT,ACTIVE_RUNTIME_DEPENDENCY,O,O,0,,222212,0.211918,1,2026-07-10T23:25:00.188865+09:00,0.001,KEEP,활성 그래프·구체 경로 리터럴 또는 열린 핸들 도달
engine/live/elite_pullback_replay.py,file,UNREACHED_ENGINE_MODULE,ACTIVE_RUNTIME_DEPENDENCY,O,X,11,engine/live/chart_exit_plan.py|engine/live/daily_report.py|engine/live/elite_exit_policy_lab.py|engine/live/elite_shadow_trader.py|engine/live/elite_strategy_sim.py|engine/live/holding_news_queue.py|engine/live/manual_buy_intent.py|engine/live/manual_sell_intent.py|engine/live/news_article_summary.py|engine/live/real_dashboard_alpaca_history_patch.py,29500,0.028133,1,2026-07-01T04:49:14.927313+09:00,9.776,KEEP,활성 그래프·구체 경로 리터럴 또는 열린 핸들 도달
engine/live/s2_auto_trader.py,file,UNREACHED_ENGINE_MODULE,ACTIVE_RUNTIME_DEPENDENCY,O,X,11,engine/live/chart_exit_plan.py|engine/live/daily_report.py|engine/live/elite_exit_policy_lab.py|engine/live/elite_shadow_trader.py|engine/live/elite_strategy_sim.py|engine/live/holding_news_queue.py|engine/live/manual_buy_intent.py|engine/live/manual_sell_intent.py|engine/live/news_article_summary.py|engine/live/real_dashboard_alpaca_history_patch.py,27452,0.02618,1,2026-07-08T15:18:55.756480+09:00,2.339,KEEP,활성 그래프·구체 경로 리터럴 또는 열린 핸들 도달
scripts/live/live_dry_run_rehearsal.py,file,DEAD_OR_MANUAL_SCRIPT,ACTIVE_RUNTIME_DEPENDENCY,O,X,1,scripts/run_live.py,19273,0.01838,1,2026-06-26T14:51:44.580669+09:00,14.357,KEEP,활성 그래프·구체 경로 리터럴 또는 열린 핸들 도달
scripts/live/live_exit_dry_run_rehearsal.py,file,DEAD_OR_MANUAL_SCRIPT,ACTIVE_RUNTIME_DEPENDENCY,O,X,1,scripts/run_live.py,16537,0.015771,1,2026-06-26T14:51:44.581669+09:00,14.357,KEEP,활성 그래프·구체 경로 리터럴 또는 열린 핸들 도달
scripts/live/export_lr8d_stage1_universe.py,file,DEAD_OR_MANUAL_SCRIPT,ACTIVE_RUNTIME_DEPENDENCY,O,X,1,scripts/run_live.py,13982,0.013334,1,2026-06-09T22:35:04.557103+09:00,31.036,KEEP,활성 그래프·구체 경로 리터럴 또는 열린 핸들 도달
engine/live/per_ticker_news.py,file,UNREACHED_ENGINE_MODULE,ACTIVE_RUNTIME_DEPENDENCY,O,X,11,engine/live/chart_exit_plan.py|engine/live/daily_report.py|engine/live/elite_exit_policy_lab.py|engine/live/elite_shadow_trader.py|engine/live/elite_strategy_sim.py|engine/live/holding_news_queue.py|engine/live/manual_buy_intent.py|engine/live/manual_sell_intent.py|engine/live/news_article_summary.py|engine/live/real_dashboard_alpaca_history_patch.py,13118,0.01251,1,2026-05-27T03:10:33.695482+09:00,44.844,KEEP,활성 그래프·구체 경로 리터럴 또는 열린 핸들 도달
scripts/live/replay_exit_shadow.py,file,DEAD_OR_MANUAL_SCRIPT,ACTIVE_RUNTIME_DEPENDENCY,O,X,1,scripts/run_live.py,12218,0.011652,1,2026-06-09T20:07:09.354450+09:00,31.138,KEEP,활성 그래프·구체 경로 리터럴 또는 열린 핸들 도달
engine/live/real_focus_news_refresh.py,file,UNREACHED_ENGINE_MODULE,ACTIVE_RUNTIME_DEPENDENCY,O,X,11,engine/live/chart_exit_plan.py|engine/live/daily_report.py|engine/live/elite_exit_policy_lab.py|engine/live/elite_shadow_trader.py|engine/live/elite_strategy_sim.py|engine/live/holding_news_queue.py|engine/live/manual_buy_intent.py|engine/live/manual_sell_intent.py|engine/live/news_article_summary.py|engine/live/real_dashboard_alpaca_history_patch.py,9943,0.009482,1,2026-07-08T16:48:18.367875+09:00,2.276,KEEP,활성 그래프·구체 경로 리터럴 또는 열린 핸들 도달
engine/live/elite_shadow_mark_to_market.py,file,UNREACHED_ENGINE_MODULE,ACTIVE_RUNTIME_DEPENDENCY,O,X,11,engine/live/chart_exit_plan.py|engine/live/daily_report.py|engine/live/elite_exit_policy_lab.py|engine/live/elite_shadow_trader.py|engine/live/elite_strategy_sim.py|engine/live/holding_news_queue.py|engine/live/manual_buy_intent.py|engine/live/manual_sell_intent.py|engine/live/news_article_summary.py|engine/live/real_dashboard_alpaca_history_patch.py,9112,0.00869,1,2026-07-03T00:20:14.925916+09:00,7.963,KEEP,활성 그래프·구체 경로 리터럴 또는 열린 핸들 도달
data/logs/error.log,file,LOG_ARTIFACT,ACTIVE_RUNTIME_DEPENDENCY,O,O,0,,283,0.00027,1,2026-05-27T01:37:36.290581+09:00,44.909,KEEP,활성 그래프·구체 경로 리터럴 또는 열린 핸들 도달
data/logs/trades.log,file,LOG_ARTIFACT,ACTIVE_RUNTIME_DEPENDENCY,O,O,0,,45,4.3e-05,1,2026-05-25T08:56:58.978137+09:00,46.604,KEEP,활성 그래프·구체 경로 리터럴 또는 열린 핸들 도달
backup,directory,BACKUP_ARCHIVE_DIRECTORY,BACKUP_SNAPSHOT,X,X,0,,143344061,136.703549,4688,2026-07-10T23:20:35.173340+09:00,0.004,KEEP,이번 지시에서 backup 전체 절대 보존
data/_system/backups,directory,SYSTEM_DATA_DIRECTORY,BACKUP_SNAPSHOT,X,X,0,,1812650,1.728678,230,2026-06-22T22:32:27.096861+09:00,18.037,KEEP,백업 스냅샷 별도 취급
data/backups,directory,BACKUP_ARCHIVE_DIRECTORY,BACKUP_SNAPSHOT,X,X,0,,519443,0.495379,44,2026-06-10T02:05:48.817202+09:00,30.889,KEEP,백업 스냅샷 별도 취급
data/_system/code_backups,directory,SYSTEM_DATA_DIRECTORY,BACKUP_SNAPSHOT,X,X,0,,488713,0.466073,11,2026-06-26T23:56:14.944218+09:00,13.979,KEEP,백업 스냅샷 별도 취급
data/_system/ga_dump_backup_before_trainonly_20260601_190125,directory,SYSTEM_DATA_DIRECTORY,BACKUP_SNAPSHOT,X,X,0,,397782,0.379354,6,2026-06-02T04:01:25.334459+09:00,38.809,KEEP,백업 스냅샷 별도 취급
tests/test_manual_sell_intent.py,file,UNREACHED_TEST_SUPPORT,TEST_CODE,X,X,0,,18339,0.017489,1,2026-06-26T11:44:52.723749+09:00,14.487,KEEP,테스트 코드는 별도 취급
tests/central/test_backtester.py,file,UNREACHED_TEST_SUPPORT,TEST_CODE,X,X,0,,18271,0.017425,1,2026-06-19T14:27:12.166984+09:00,21.374,KEEP,테스트 코드는 별도 취급
tests/test_exit_policy.py,file,UNREACHED_TEST_SUPPORT,TEST_CODE,X,X,0,,17112,0.016319,1,2026-06-10T04:57:34.023491+09:00,30.77,KEEP,테스트 코드는 별도 취급
tests/test_live_next_open_buy_timing.py,file,UNREACHED_TEST_SUPPORT,TEST_CODE,X,X,0,,16411,0.015651,1,2026-06-29T23:25:33.013682+09:00,11.001,KEEP,테스트 코드는 별도 취급
tests/test_live_central_control_safety.py,file,UNREACHED_TEST_SUPPORT,TEST_CODE,X,X,0,,16398,0.015638,1,2026-06-27T13:47:56.030894+09:00,13.402,KEEP,테스트 코드는 별도 취급
tests/test_bn1_pending_orders.py,file,UNREACHED_TEST_SUPPORT,TEST_CODE,X,X,0,,15958,0.015219,1,2026-06-28T05:49:01.305714+09:00,12.734,KEEP,테스트 코드는 별도 취급
tests/test_live_exit_policy_cutover.py,file,UNREACHED_TEST_SUPPORT,TEST_CODE,X,X,0,,15481,0.014764,1,2026-06-10T01:52:31.081953+09:00,30.899,KEEP,테스트 코드는 별도 취급
tests/test_trade_safety_guards.py,file,UNREACHED_TEST_SUPPORT,TEST_CODE,X,X,0,,13236,0.012623,1,2026-06-25T11:22:31.496778+09:00,15.503,KEEP,테스트 코드는 별도 취급
tests/test_telegram_polling_ownership.py,file,UNREACHED_TEST_SUPPORT,TEST_CODE,X,X,0,,12892,0.012295,1,2026-06-06T05:04:07.084013+09:00,34.765,KEEP,테스트 코드는 별도 취급
tests/central/test_parameters_adapter.py,file,UNREACHED_TEST_SUPPORT,TEST_CODE,X,X,0,,12391,0.011817,1,2026-06-19T14:41:48.141415+09:00,21.364,KEEP,테스트 코드는 별도 취급
tests/test_stage3_gate.py,file,UNREACHED_TEST_SUPPORT,TEST_CODE,X,X,0,,12267,0.011699,1,2026-06-16T10:52:18.264081+09:00,24.524,KEEP,테스트 코드는 별도 취급
tests/test_dashboard_manual_buy_intent_api.py,file,UNREACHED_TEST_SUPPORT,TEST_CODE,X,X,0,,11207,0.010688,1,2026-06-29T20:38:32.324609+09:00,11.117,KEEP,테스트 코드는 별도 취급
tests/test_promote_candidates.py,file,UNREACHED_TEST_SUPPORT,TEST_CODE,X,X,0,,10939,0.010432,1,2026-06-05T12:47:27.043098+09:00,35.444,KEEP,테스트 코드는 별도 취급
tests/test_live_universe.py,file,UNREACHED_TEST_SUPPORT,TEST_CODE,X,X,0,,10825,0.010324,1,2026-06-28T04:42:26.849859+09:00,12.781,KEEP,테스트 코드는 별도 취급
tests/test_full_training.py,file,UNREACHED_TEST_SUPPORT,TEST_CODE,X,X,0,,10561,0.010072,1,2026-06-04T07:28:33.443305+09:00,36.665,KEEP,테스트 코드는 별도 취급
tests/test_exit_policy_adapter.py,file,UNREACHED_TEST_SUPPORT,TEST_CODE,X,X,0,,10153,0.009683,1,2026-06-09T20:05:57.884517+09:00,31.139,KEEP,테스트 코드는 별도 취급
tests/central/test_integration_v13.py,file,UNREACHED_TEST_SUPPORT,TEST_CODE,X,X,0,,9910,0.009451,1,2026-06-19T15:00:21.998421+09:00,21.351,KEEP,테스트 코드는 별도 취급
tests/test_stage23_batch.py,file,UNREACHED_TEST_SUPPORT,TEST_CODE,X,X,0,,9630,0.009184,1,2026-06-16T07:29:37.686888+09:00,24.664,KEEP,테스트 코드는 별도 취급
tests/test_us_market_calendar.py,file,UNREACHED_TEST_SUPPORT,TEST_CODE,X,X,0,,9065,0.008645,1,2026-06-05T06:58:39.103773+09:00,35.686,KEEP,테스트 코드는 별도 취급
tests/central/test_ledger.py,file,UNREACHED_TEST_SUPPORT,TEST_CODE,X,X,0,,9005,0.008588,1,2026-06-17T13:28:47.236598+09:00,23.415,KEEP,테스트 코드는 별도 취급
tests/test_batch.py,file,UNREACHED_TEST_SUPPORT,TEST_CODE,X,X,0,,8639,0.008239,1,2026-06-04T05:55:45.621540+09:00,36.73,KEEP,테스트 코드는 별도 취급
tests/test_central_same_day_reentry_filter.py,file,UNREACHED_TEST_SUPPORT,TEST_CODE,X,X,0,,8324,0.007938,1,2026-06-26T04:47:47.886542+09:00,14.777,KEEP,테스트 코드는 별도 취급
tests/test_exit_gene.py,file,UNREACHED_TEST_SUPPORT,TEST_CODE,X,X,0,,7839,0.007476,1,2026-06-16T15:04:07.655016+09:00,24.349,KEEP,테스트 코드는 별도 취급
tests/test_exit_trade_metadata.py,file,UNREACHED_TEST_SUPPORT,TEST_CODE,X,X,0,,7790,0.007429,1,2026-06-15T06:28:15.186158+09:00,25.707,KEEP,테스트 코드는 별도 취급
tests/test_bn2_client_order_id_recovery.py,file,UNREACHED_TEST_SUPPORT,TEST_CODE,X,X,0,,7762,0.007402,1,2026-06-09T20:06:38.623479+09:00,31.139,KEEP,테스트 코드는 별도 취급
tests/central/test_policy_search.py,file,UNREACHED_TEST_SUPPORT,TEST_CODE,X,X,0,,7692,0.007336,1,2026-06-19T14:03:10.363565+09:00,21.391,KEEP,테스트 코드는 별도 취급
tests/central/test_ledger_fast_mode.py,file,UNREACHED_TEST_SUPPORT,TEST_CODE,X,X,0,,7242,0.006907,1,2026-06-20T10:21:03.365753+09:00,20.545,KEEP,테스트 코드는 별도 취급
tests/test_bs1b_orphan_buy_reconciliation.py,file,UNREACHED_TEST_SUPPORT,TEST_CODE,X,X,0,,7178,0.006845,1,2026-06-06T17:12:24.536942+09:00,34.26,KEEP,테스트 코드는 별도 취급
tests/test_holding_news_queue.py,file,UNREACHED_TEST_SUPPORT,TEST_CODE,X,X,0,,7165,0.006833,1,2026-06-10T10:45:56.589843+09:00,30.528,KEEP,테스트 코드는 별도 취급
tests/test_central_semi_auto_buy.py,file,UNREACHED_TEST_SUPPORT,TEST_CODE,X,X,0,,7141,0.00681,1,2026-06-27T14:21:55.673243+09:00,13.378,KEEP,테스트 코드는 별도 취급
tests/test_full_training_candidates.py,file,UNREACHED_TEST_SUPPORT,TEST_CODE,X,X,0,,7125,0.006795,1,2026-06-04T20:55:08.223814+09:00,36.105,KEEP,테스트 코드는 별도 취급
tests/test_stage23_batch_operational.py,file,UNREACHED_TEST_SUPPORT,TEST_CODE,X,X,0,,7008,0.006683,1,2026-06-17T03:05:05.436590+09:00,23.848,KEEP,테스트 코드는 별도 취급
tests/test_capital_lot_rebalance_probe.py,file,UNREACHED_TEST_SUPPORT,TEST_CODE,X,X,0,,6948,0.006626,1,2026-06-10T12:59:13.589357+09:00,30.436,KEEP,테스트 코드는 별도 취급
tests/test_live_min_order_floor.py,file,UNREACHED_TEST_SUPPORT,TEST_CODE,X,X,0,,6337,0.006043,1,2026-06-25T11:21:58.718837+09:00,15.503,KEEP,테스트 코드는 별도 취급
tests/test_sell_structure_preview.py,file,UNREACHED_TEST_SUPPORT,TEST_CODE,X,X,0,,6281,0.00599,1,2026-06-05T05:19:49.479349+09:00,35.755,KEEP,테스트 코드는 별도 취급
tests/test_scoring.py,file,UNREACHED_TEST_SUPPORT,TEST_CODE,X,X,0,,6127,0.005843,1,2026-06-04T04:33:42.097174+09:00,36.787,KEEP,테스트 코드는 별도 취급
tests/test_bs1c_exit_policy_guard.py,file,UNREACHED_TEST_SUPPORT,TEST_CODE,X,X,0,,6079,0.005797,1,2026-06-09T20:06:16.589499+09:00,31.139,KEEP,테스트 코드는 별도 취급
tests/test_screening.py,file,UNREACHED_TEST_SUPPORT,TEST_CODE,X,X,0,,5897,0.005624,1,2026-06-04T05:46:20.762072+09:00,36.736,KEEP,테스트 코드는 별도 취급
tests/test_manual_buy_amount.py,file,UNREACHED_TEST_SUPPORT,TEST_CODE,X,X,0,,5850,0.005579,1,2026-07-07T21:56:54.551640+09:00,3.062,KEEP,테스트 코드는 별도 취급
tests/test_stage2_runner_execution_mode.py,file,UNREACHED_TEST_SUPPORT,TEST_CODE,X,X,0,,5640,0.005379,1,2026-06-16T10:52:18.263082+09:00,24.524,KEEP,테스트 코드는 별도 취급
tests/test_bs1d_exposure_limits.py,file,UNREACHED_TEST_SUPPORT,TEST_CODE,X,X,0,,5525,0.005269,1,2026-06-25T11:21:21.991903+09:00,15.503,KEEP,테스트 코드는 별도 취급
tests/test_stage3_candidate_strength_guard.py,file,UNREACHED_TEST_SUPPORT,TEST_CODE,X,X,0,,5470,0.005217,1,2026-06-26T14:33:46.187599+09:00,14.37,KEEP,테스트 코드는 별도 취급
tests/test_br1_observability.py,file,UNREACHED_TEST_SUPPORT,TEST_CODE,X,X,0,,5439,0.005187,1,2026-06-06T05:46:55.564599+09:00,34.736,KEEP,테스트 코드는 별도 취급
tests/test_metadata.py,file,UNREACHED_TEST_SUPPORT,TEST_CODE,X,X,0,,5384,0.005135,1,2026-06-04T03:29:15.787811+09:00,36.831,KEEP,테스트 코드는 별도 취급
tests/test_stage3_live_pool.py,file,UNREACHED_TEST_SUPPORT,TEST_CODE,X,X,0,,5367,0.005118,1,2026-06-26T14:13:46.978745+09:00,14.384,KEEP,테스트 코드는 별도 취급
tests/test_manual_buy_intent_limit_retry.py,file,UNREACHED_TEST_SUPPORT,TEST_CODE,X,X,0,,5122,0.004885,1,2026-06-26T03:49:24.548811+09:00,14.817,KEEP,테스트 코드는 별도 취급
tests/test_stage3_context_reuse.py,file,UNREACHED_TEST_SUPPORT,TEST_CODE,X,X,0,,5033,0.0048,1,2026-06-16T03:47:22.920746+09:00,24.819,KEEP,테스트 코드는 별도 취급
tests/test_chart_exit_plan.py,file,UNREACHED_TEST_SUPPORT,TEST_CODE,X,X,0,,5013,0.004781,1,2026-07-02T22:58:35.094685+09:00,8.019,KEEP,테스트 코드는 별도 취급
tests/test_lr8d_stage1_export.py,file,UNREACHED_TEST_SUPPORT,TEST_CODE,X,X,0,,4976,0.004745,1,2026-06-09T22:35:18.922090+09:00,31.035,KEEP,테스트 코드는 별도 취급
tests/test_live_add_buy_approval_disabled.py,file,UNREACHED_TEST_SUPPORT,TEST_CODE,X,X,0,,4841,0.004617,1,2026-06-09T20:29:18.655201+09:00,31.123,KEEP,테스트 코드는 별도 취급
tests/test_holding_news_score_relevance.py,file,UNREACHED_TEST_SUPPORT,TEST_CODE,X,X,0,,4704,0.004486,1,2026-06-28T21:35:43.689075+09:00,12.077,KEEP,테스트 코드는 별도 취급
tests/central/test_multiseg_robust.py,file,UNREACHED_TEST_SUPPORT,TEST_CODE,X,X,0,,4619,0.004405,1,2026-06-20T11:30:48.354244+09:00,20.497,KEEP,테스트 코드는 별도 취급
tests/test_order_notional_safety_buffer.py,file,UNREACHED_TEST_SUPPORT,TEST_CODE,X,X,0,,4507,0.004298,1,2026-06-26T04:48:24.156477+09:00,14.776,KEEP,테스트 코드는 별도 취급
tests/test_bs1a_mandatory_safety_gates.py,file,UNREACHED_TEST_SUPPORT,TEST_CODE,X,X,0,,4488,0.00428,1,2026-06-25T11:21:41.569868+09:00,15.503,KEEP,테스트 코드는 별도 취급
tests/test_rolling_validation.py,file,UNREACHED_TEST_SUPPORT,TEST_CODE,X,X,0,,4334,0.004133,1,2026-06-04T04:53:27.911058+09:00,36.773,KEEP,테스트 코드는 별도 취급
tests/central/test_entity_mode_backtester.py,file,UNREACHED_TEST_SUPPORT,TEST_CODE,X,X,0,,4269,0.004071,1,2026-06-24T16:33:32.841036+09:00,16.287,KEEP,테스트 코드는 별도 취급
tests/test_safety_dynamic_notional_cap.py,file,UNREACHED_TEST_SUPPORT,TEST_CODE,X,X,0,,4268,0.00407,1,2026-06-25T11:22:45.901753+09:00,15.503,KEEP,테스트 코드는 별도 취급
tests/test_sell_omen_coverage_preflight.py,file,UNREACHED_TEST_SUPPORT,TEST_CODE,X,X,0,,4260,0.004063,1,2026-06-09T23:23:59.528342+09:00,31.002,KEEP,테스트 코드는 별도 취급
tests/test_learning_execution_modes.py,file,UNREACHED_TEST_SUPPORT,TEST_CODE,X,X,0,,4006,0.00382,1,2026-06-10T06:15:24.014101+09:00,30.716,KEEP,테스트 코드는 별도 취급
tests/test_fitness_cache.py,file,UNREACHED_TEST_SUPPORT,TEST_CODE,X,X,0,,3974,0.00379,1,2026-06-16T03:34:37.345117+09:00,24.828,KEEP,테스트 코드는 별도 취급
tests/test_feature_lag.py,file,UNREACHED_TEST_SUPPORT,TEST_CODE,X,X,0,,3846,0.003668,1,2026-06-04T04:19:29.402977+09:00,36.796,KEEP,테스트 코드는 별도 취급
tests/test_sell_metrics.py,file,UNREACHED_TEST_SUPPORT,TEST_CODE,X,X,0,,3756,0.003582,1,2026-06-04T12:19:02.910914+09:00,36.463,KEEP,테스트 코드는 별도 취급
tests/central/test_entity_mode_allocation.py,file,UNREACHED_TEST_SUPPORT,TEST_CODE,X,X,0,,3622,0.003454,1,2026-06-24T16:33:55.800995+09:00,16.286,KEEP,테스트 코드는 별도 취급
tests/test_capital_rebalance_probe.py,file,UNREACHED_TEST_SUPPORT,TEST_CODE,X,X,0,,3403,0.003245,1,2026-06-10T11:29:00.289414+09:00,30.498,KEEP,테스트 코드는 별도 취급
tests/test_daily_signal_replay.py,file,UNREACHED_TEST_SUPPORT,TEST_CODE,X,X,0,,3337,0.003182,1,2026-06-10T12:36:57.856609+09:00,30.451,KEEP,테스트 코드는 별도 취급
tests/central/test_allocation_policy_max_positions.py,file,UNREACHED_TEST_SUPPORT,TEST_CODE,X,X,0,,3105,0.002961,1,2026-06-22T15:11:16.547249+09:00,18.344,KEEP,테스트 코드는 별도 취급
tests/test_score_distribution_analysis.py,file,UNREACHED_TEST_SUPPORT,TEST_CODE,X,X,0,,3019,0.002879,1,2026-06-04T06:24:58.277892+09:00,36.709,KEEP,테스트 코드는 별도 취급
tests/test_stage2_gate.py,file,UNREACHED_TEST_SUPPORT,TEST_CODE,X,X,0,,3004,0.002865,1,2026-06-15T03:08:10.991649+09:00,25.846,KEEP,테스트 코드는 별도 취급
tests/test_market_clock_integration.py,file,UNREACHED_TEST_SUPPORT,TEST_CODE,X,X,0,,2973,0.002835,1,2026-06-05T07:02:40.549546+09:00,35.683,KEEP,테스트 코드는 별도 취급
tests/test_live_exit_dry_run_rehearsal.py,file,UNREACHED_TEST_SUPPORT,TEST_CODE,X,X,0,,2851,0.002719,1,2026-06-26T14:51:44.627669+09:00,14.357,KEEP,테스트 코드는 별도 취급
tests/test_run_live_legacy_buy_guard.py,file,UNREACHED_TEST_SUPPORT,TEST_CODE,X,X,0,,2840,0.002708,1,2026-06-25T20:33:22.823589+09:00,15.12,KEEP,테스트 코드는 별도 취급
tests/test_bt5_client_lookup_result.py,file,UNREACHED_TEST_SUPPORT,TEST_CODE,X,X,0,,2715,0.002589,1,2026-06-06T18:04:27.807011+09:00,34.224,KEEP,테스트 코드는 별도 취급
tests/test_elite_entry_concentration.py,file,UNREACHED_TEST_SUPPORT,TEST_CODE,X,X,0,,2195,0.002093,1,2026-07-02T19:20:43.529081+09:00,8.171,KEEP,테스트 코드는 별도 취급
tests/test_bt1_alpaca_live_factory.py,file,UNREACHED_TEST_SUPPORT,TEST_CODE,X,X,0,,2160,0.00206,1,2026-06-06T17:59:10.367309+09:00,34.227,KEEP,테스트 코드는 별도 취급
tests/test_elite_shadow_state_safety.py,file,UNREACHED_TEST_SUPPORT,TEST_CODE,X,X,0,,2090,0.001993,1,2026-07-02T15:39:07.521885+09:00,8.324,KEEP,테스트 코드는 별도 취급
tests/test_news_article_summary_filter.py,file,UNREACHED_TEST_SUPPORT,TEST_CODE,X,X,0,,2026,0.001932,1,2026-06-28T20:23:02.764879+09:00,12.127,KEEP,테스트 코드는 별도 취급
tests/test_elite_shadow_mark_to_market.py,file,UNREACHED_TEST_SUPPORT,TEST_CODE,X,X,0,,2025,0.001931,1,2026-07-03T00:21:00.462835+09:00,7.962,KEEP,테스트 코드는 별도 취급
tests/test_stage3_entry_mode.py,file,UNREACHED_TEST_SUPPORT,TEST_CODE,X,X,0,,1959,0.001868,1,2026-06-14T11:39:25.645408+09:00,26.491,KEEP,테스트 코드는 별도 취급
tests/test_candidate_news_guard.py,file,UNREACHED_TEST_SUPPORT,TEST_CODE,X,X,0,,1905,0.001817,1,2026-06-29T20:38:02.988661+09:00,11.117,KEEP,테스트 코드는 별도 취급
tests/test_bt4_broker_signature_compat.py,file,UNREACHED_TEST_SUPPORT,TEST_CODE,X,X,0,,1749,0.001668,1,2026-06-06T18:03:00.347093+09:00,34.225,KEEP,테스트 코드는 별도 취급
tests/test_chart_exit_slot_display.py,file,UNREACHED_TEST_SUPPORT,TEST_CODE,X,X,0,,1717,0.001637,1,2026-07-07T21:36:31.835828+09:00,3.076,KEEP,테스트 코드는 별도 취급
tests/test_scheduled_open_buy_queue.py,file,UNREACHED_TEST_SUPPORT,TEST_CODE,X,X,0,,1626,0.001551,1,2026-06-28T04:46:57.152375+09:00,12.777,KEEP,테스트 코드는 별도 취급
tests/test_elite_exit_policy_lab_regular_hours.py,file,UNREACHED_TEST_SUPPORT,TEST_CODE,X,X,0,,1623,0.001548,1,2026-07-02T21:38:53.800242+09:00,8.075,KEEP,테스트 코드는 별도 취급
tests/test_early_exit_profiles.py,file,UNREACHED_TEST_SUPPORT,TEST_CODE,X,X,0,,1593,0.001519,1,2026-06-29T22:01:03.776750+09:00,11.059,KEEP,테스트 코드는 별도 취급
tests/central/test_allocation_policy_dust.py,file,UNREACHED_TEST_SUPPORT,TEST_CODE,X,X,0,,1540,0.001469,1,2026-06-20T09:17:40.653569+09:00,20.589,KEEP,테스트 코드는 별도 취급
tests/test_bt3_pending_idempotency.py,file,UNREACHED_TEST_SUPPORT,TEST_CODE,X,X,0,,1216,0.00116,1,2026-06-06T18:01:08.617198+09:00,34.226,KEEP,테스트 코드는 별도 취급
tests/test_live_dry_run_rehearsal.py,file,UNREACHED_TEST_SUPPORT,TEST_CODE,X,X,0,,1028,0.00098,1,2026-06-26T14:51:44.605669+09:00,14.357,KEEP,테스트 코드는 별도 취급
dashboard.html,file,EXACT_DUPLICATE_REVIEW,EXACT_DUPLICATE,X,X,0,,793,0.000756,1,2026-06-28T19:06:24.524105+09:00,12.181,PARTIAL,경로 의미·수동 소비 여부 확인 필요
dashboard_live.html,file,EXACT_DUPLICATE_REVIEW,EXACT_DUPLICATE,X,X,0,,793,0.000756,1,2026-06-28T19:06:18.959115+09:00,12.181,PARTIAL,경로 의미·수동 소비 여부 확인 필요
data/_system/liquidation_snapshots,directory,SYSTEM_DATA_DIRECTORY,HISTORICAL_SNAPSHOT,X,X,0,,350921,0.334664,1,2026-06-24T14:47:29.041437+09:00,16.36,PARTIAL,청산 검증·감사 재현 가치 가능
scripts/research/lr8d_postrun_analysis.py,file,ONE_OFF_OR_RESEARCH_SCRIPT,ONE_OFF_OR_LEGACY_CODE,X,X,0,,46972,0.044796,1,2026-06-09T19:34:37.982283+09:00,31.161,PARTIAL,수동 실행·복구 사용 가능성
scripts/research/run_bv7_add_buy_sweep.py,file,ONE_OFF_OR_RESEARCH_SCRIPT,ONE_OFF_OR_LEGACY_CODE,X,X,0,,40168,0.038307,1,2026-06-07T03:49:37.795016+09:00,33.817,PARTIAL,수동 실행·복구 사용 가능성
engine/portfolio/noop_gate.py,file,UNREACHED_ENGINE_MODULE,ONE_OFF_OR_LEGACY_CODE,X,X,0,,38607,0.036819,1,2026-06-10T04:28:55.594106+09:00,30.79,PARTIAL,수동 실행·복구 사용 가능성
engine/portfolio/capital_lot_rebalance_probe.py,file,UNREACHED_ENGINE_MODULE,ONE_OFF_OR_LEGACY_CODE,X,X,0,,37752,0.036003,1,2026-06-10T12:58:46.566382+09:00,30.436,PARTIAL,수동 실행·복구 사용 가능성
engine/portfolio/pit_universe_bias_probe.py,file,UNREACHED_ENGINE_MODULE,ONE_OFF_OR_LEGACY_CODE,X,X,0,,33262,0.031721,1,2026-06-10T05:57:50.181091+09:00,30.728,PARTIAL,수동 실행·복구 사용 가능성
engine/portfolio/daily_signal_replay.py,file,UNREACHED_ENGINE_MODULE,ONE_OFF_OR_LEGACY_CODE,X,X,0,,30357,0.028951,1,2026-06-10T12:57:28.148456+09:00,30.437,PARTIAL,수동 실행·복구 사용 가능성
scripts/research/ce_multifeature_retrain_isolated.py,file,ONE_OFF_OR_RESEARCH_SCRIPT,ONE_OFF_OR_LEGACY_CODE,X,X,0,,30027,0.028636,1,2026-07-09T08:12:47.877549+09:00,1.634,PARTIAL,수동 실행·복구 사용 가능성
scripts/research/run_bv6_holding_sweep.py,file,ONE_OFF_OR_RESEARCH_SCRIPT,ONE_OFF_OR_LEGACY_CODE,X,X,0,,26660,0.025425,1,2026-06-07T03:37:11.770716+09:00,33.826,PARTIAL,수동 실행·복구 사용 가능성
scripts/research/run_stage2_path_filter.py,file,ONE_OFF_OR_RESEARCH_SCRIPT,ONE_OFF_OR_LEGACY_CODE,X,X,0,,25727,0.024535,1,2026-07-04T12:53:28.324241+09:00,6.44,PARTIAL,수동 실행·복구 사용 가능성
scripts/pipeline/analyze_sell_structure_preview.py,file,DEAD_OR_MANUAL_SCRIPT,ONE_OFF_OR_LEGACY_CODE,X,X,0,,25410,0.024233,1,2026-06-05T05:19:13.414383+09:00,35.755,PARTIAL,수동 실행·복구 사용 가능성
scripts/ml_sell_omen/poc_train.py,file,DEAD_OR_MANUAL_SCRIPT,ONE_OFF_OR_LEGACY_CODE,X,X,0,,25266,0.024096,1,2026-06-09T07:37:13.552756+09:00,31.659,PARTIAL,수동 실행·복구 사용 가능성
scripts/research/run_lr8d_multientity_6174_robust.py,file,ONE_OFF_OR_RESEARCH_SCRIPT,ONE_OFF_OR_LEGACY_CODE,X,X,0,,24818,0.023668,1,2026-06-30T16:29:10.013772+09:00,10.29,PARTIAL,수동 실행·복구 사용 가능성
scripts/pipeline/promote_candidates.py,file,DEAD_OR_MANUAL_SCRIPT,ONE_OFF_OR_LEGACY_CODE,X,X,0,,24772,0.023624,1,2026-06-05T12:46:17.219164+09:00,35.445,PARTIAL,수동 실행·복구 사용 가능성
scripts/research/run_tplus1_conservative_smoke_4fold.py,file,ONE_OFF_OR_RESEARCH_SCRIPT,ONE_OFF_OR_LEGACY_CODE,X,X,0,,24707,0.023562,1,2026-06-10T07:30:02.495890+09:00,30.664,PARTIAL,수동 실행·복구 사용 가능성
engine/portfolio/capital_rebalance_probe.py,file,UNREACHED_ENGINE_MODULE,ONE_OFF_OR_LEGACY_CODE,X,X,0,,24316,0.02319,1,2026-06-10T11:28:38.141435+09:00,30.498,PARTIAL,수동 실행·복구 사용 가능성
scripts/central/build_stage2_parameters_preview.py,file,DEAD_OR_MANUAL_SCRIPT,ONE_OFF_OR_LEGACY_CODE,X,X,0,,23965,0.022855,1,2026-06-22T19:19:46.054538+09:00,18.171,PARTIAL,수동 실행·복구 사용 가능성
scripts/research/run_payoff_two_gene_ga.py,file,ONE_OFF_OR_RESEARCH_SCRIPT,ONE_OFF_OR_LEGACY_CODE,X,X,0,,23699,0.022601,1,2026-07-06T00:39:00.338670+09:00,4.95,PARTIAL,수동 실행·복구 사용 가능성
scripts/news_downloader/dry_run_event_candidate_reduction.py,file,DEAD_OR_MANUAL_SCRIPT,ONE_OFF_OR_LEGACY_CODE,X,X,0,,22879,0.021819,1,2026-06-07T09:00:12.283500+09:00,33.602,PARTIAL,수동 실행·복구 사용 가능성
scripts/research/run_payoff_two_gene_fullfeature_stage2_rolling_ga.py,file,ONE_OFF_OR_RESEARCH_SCRIPT,ONE_OFF_OR_LEGACY_CODE,X,X,0,,22680,0.021629,1,2026-07-06T01:32:26.584930+09:00,4.912,PARTIAL,수동 실행·복구 사용 가능성
scripts/research/run_honest_stage0_screening.py,file,ONE_OFF_OR_RESEARCH_SCRIPT,ONE_OFF_OR_LEGACY_CODE,X,X,0,,22586,0.02154,1,2026-06-10T08:54:58.078098+09:00,30.605,PARTIAL,수동 실행·복구 사용 가능성
scripts/screening/bulk_swing_diagnostic.py,file,DEAD_OR_MANUAL_SCRIPT,ONE_OFF_OR_LEGACY_CODE,X,X,0,,22387,0.02135,1,2026-06-03T02:03:55.607859+09:00,37.891,PARTIAL,수동 실행·복구 사용 가능성
scripts/news_downloader/run_append_market_history_v2.py,file,DEAD_OR_MANUAL_SCRIPT,ONE_OFF_OR_LEGACY_CODE,X,X,0,,21536,0.020538,1,2026-06-07T09:40:50.208207+09:00,33.573,PARTIAL,수동 실행·복구 사용 가능성
scripts/research/run_lr8c_run2_fulluniverse.py,file,ONE_OFF_OR_RESEARCH_SCRIPT,ONE_OFF_OR_LEGACY_CODE,X,X,0,,21226,0.020243,1,2026-06-08T09:22:46.716038+09:00,32.586,PARTIAL,수동 실행·복구 사용 가능성
scripts/research/run_bv8_threshold_sweep.py,file,ONE_OFF_OR_RESEARCH_SCRIPT,ONE_OFF_OR_LEGACY_CODE,X,X,0,,20991,0.020019,1,2026-06-07T04:02:12.244307+09:00,33.808,PARTIAL,수동 실행·복구 사용 가능성
scripts/run_live_lr8d16_legacy.py,file,DEAD_OR_MANUAL_SCRIPT,ONE_OFF_OR_LEGACY_CODE,X,X,0,,20744,0.019783,1,2026-07-02T22:37:56.836901+09:00,8.034,PARTIAL,수동 실행·복구 사용 가능성
scripts/pipeline/run_full_training_candidates.py,file,DEAD_OR_MANUAL_SCRIPT,ONE_OFF_OR_LEGACY_CODE,X,X,0,,20708,0.019749,1,2026-06-04T20:54:47.277834+09:00,36.105,PARTIAL,수동 실행·복구 사용 가능성
scripts/research/run_tplus1_conservative_smoke.py,file,ONE_OFF_OR_RESEARCH_SCRIPT,ONE_OFF_OR_LEGACY_CODE,X,X,0,,20322,0.019381,1,2026-06-10T07:26:41.836079+09:00,30.666,PARTIAL,수동 실행·복구 사용 가능성
scripts/research/ce_materials_retrain_isolated.py,file,ONE_OFF_OR_RESEARCH_SCRIPT,ONE_OFF_OR_LEGACY_CODE,X,X,0,,20065,0.019135,1,2026-07-09T07:38:45.104205+09:00,1.658,PARTIAL,수동 실행·복구 사용 가능성
scripts/research/run_entity_turnover_stress_diagnosis.py,file,ONE_OFF_OR_RESEARCH_SCRIPT,ONE_OFF_OR_LEGACY_CODE,X,X,0,,20014,0.019087,1,2026-06-24T20:41:21.807464+09:00,16.115,PARTIAL,수동 실행·복구 사용 가능성
scripts/research/run_lr8d_multientity_6174.py,file,ONE_OFF_OR_RESEARCH_SCRIPT,ONE_OFF_OR_LEGACY_CODE,X,X,0,,20010,0.019083,1,2026-06-30T03:10:34.431539+09:00,10.844,PARTIAL,수동 실행·복구 사용 가능성
scripts/research/run_baselines.py,file,ONE_OFF_OR_RESEARCH_SCRIPT,ONE_OFF_OR_LEGACY_CODE,X,X,0,,19412,0.018513,1,2026-06-07T01:25:06.786155+09:00,33.918,PARTIAL,수동 실행·복구 사용 가능성
scripts/research/run_payoff_pattern_classifier.py,file,ONE_OFF_OR_RESEARCH_SCRIPT,ONE_OFF_OR_LEGACY_CODE,X,X,0,,19412,0.018513,1,2026-07-06T00:14:46.972273+09:00,4.966,PARTIAL,수동 실행·복구 사용 가능성
engine/central/stage2_grid18_multiseg_runner.py,file,UNREACHED_ENGINE_MODULE,ONE_OFF_OR_LEGACY_CODE,X,X,0,,18834,0.017962,1,2026-06-20T11:31:34.989161+09:00,20.496,PARTIAL,수동 실행·복구 사용 가능성
scripts/research/run_range_predictor_stage2_v3.py,file,ONE_OFF_OR_RESEARCH_SCRIPT,ONE_OFF_OR_LEGACY_CODE,X,X,0,,18735,0.017867,1,2026-07-06T00:30:00.369637+09:00,4.956,PARTIAL,수동 실행·복구 사용 가능성
scripts/research/run_entity_turnover_backtest.py,file,ONE_OFF_OR_RESEARCH_SCRIPT,ONE_OFF_OR_LEGACY_CODE,X,X,0,,18268,0.017422,1,2026-06-24T19:19:03.485270+09:00,16.172,PARTIAL,수동 실행·복구 사용 가능성
engine/portfolio/capital_allocation_probe.py,file,UNREACHED_ENGINE_MODULE,ONE_OFF_OR_LEGACY_CODE,X,X,0,,18209,0.017365,1,2026-06-10T05:24:50.092953+09:00,30.751,PARTIAL,수동 실행·복구 사용 가능성
scripts/research/run_bv1_lift.py,file,ONE_OFF_OR_RESEARCH_SCRIPT,ONE_OFF_OR_LEGACY_CODE,X,X,0,,18170,0.017328,1,2026-06-07T02:01:52.600085+09:00,33.892,PARTIAL,수동 실행·복구 사용 가능성
scripts/pipeline/analyze_score_distribution.py,file,DEAD_OR_MANUAL_SCRIPT,ONE_OFF_OR_LEGACY_CODE,X,X,0,,17894,0.017065,1,2026-06-04T06:24:45.761904+09:00,36.709,PARTIAL,수동 실행·복구 사용 가능성
scripts/research/run_payoff_two_gene_fullfeature_stage2_rolling_ga_5d_separate_highlow_soft_nod0_finalaudit_target.py,file,ONE_OFF_OR_RESEARCH_SCRIPT,ONE_OFF_OR_LEGACY_CODE,X,X,0,,17821,0.016995,1,2026-07-06T13:25:24.140326+09:00,4.417,PARTIAL,수동 실행·복구 사용 가능성
scripts/news_downloader/dry_run_append_market_history_v2.py,file,DEAD_OR_MANUAL_SCRIPT,ONE_OFF_OR_LEGACY_CODE,X,X,0,,17765,0.016942,1,2026-06-07T09:16:18.501591+09:00,33.59,PARTIAL,수동 실행·복구 사용 가능성
scripts/research/run_bv2_risk_lift.py,file,ONE_OFF_OR_RESEARCH_SCRIPT,ONE_OFF_OR_LEGACY_CODE,X,X,0,,17553,0.01674,1,2026-06-07T02:23:47.883851+09:00,33.877,PARTIAL,수동 실행·복구 사용 가능성
scripts/research/run_payoff_tier_overlap.py,file,ONE_OFF_OR_RESEARCH_SCRIPT,ONE_OFF_OR_LEGACY_CODE,X,X,0,,17003,0.016215,1,2026-07-06T00:20:18.937679+09:00,4.963,PARTIAL,수동 실행·복구 사용 가능성
scripts/news_downloader/update_ticker_sentiment_recent.py,file,DEAD_OR_MANUAL_SCRIPT,ONE_OFF_OR_LEGACY_CODE,X,X,0,,16865,0.016084,1,2026-06-02T19:43:47.172287+09:00,38.155,PARTIAL,수동 실행·복구 사용 가능성
scripts/research/sell_omen_coverage_preflight.py,file,ONE_OFF_OR_RESEARCH_SCRIPT,ONE_OFF_OR_LEGACY_CODE,X,X,0,,16444,0.015682,1,2026-06-09T23:27:06.837166+09:00,30.999,PARTIAL,수동 실행·복구 사용 가능성
engine/pipeline/full_training.py,file,UNREACHED_ENGINE_MODULE,ONE_OFF_OR_LEGACY_CODE,X,X,0,,16216,0.015465,1,2026-06-04T07:26:43.074409+09:00,36.666,PARTIAL,수동 실행·복구 사용 가능성
scripts/research/run_bv4_exposure_causes.py,file,ONE_OFF_OR_RESEARCH_SCRIPT,ONE_OFF_OR_LEGACY_CODE,X,X,0,,15707,0.014979,1,2026-06-07T03:11:49.399145+09:00,33.843,PARTIAL,수동 실행·복구 사용 가능성
scripts/research/run_lr8d_abcd_smoke.py,file,ONE_OFF_OR_RESEARCH_SCRIPT,ONE_OFF_OR_LEGACY_CODE,X,X,0,,15692,0.014965,1,2026-06-09T08:07:33.709041+09:00,31.638,PARTIAL,수동 실행·복구 사용 가능성
scripts/pipeline/analyze_oos_metrics.py,file,DEAD_OR_MANUAL_SCRIPT,ONE_OFF_OR_LEGACY_CODE,X,X,0,,15688,0.014961,1,2026-06-04T10:18:34.316717+09:00,36.547,PARTIAL,수동 실행·복구 사용 가능성
engine/pipeline/batch.py,file,UNREACHED_ENGINE_MODULE,ONE_OFF_OR_LEGACY_CODE,X,X,0,,15477,0.01476,1,2026-06-04T07:27:36.892358+09:00,36.666,PARTIAL,수동 실행·복구 사용 가능성
engine/central/parameters_adapter.py,file,UNREACHED_ENGINE_MODULE,ONE_OFF_OR_LEGACY_CODE,X,X,0,,15272,0.014565,1,2026-06-19T14:40:58.114505+09:00,21.365,PARTIAL,수동 실행·복구 사용 가능성
scripts/research/run_stage2_entry_quality.py,file,ONE_OFF_OR_RESEARCH_SCRIPT,ONE_OFF_OR_LEGACY_CODE,X,X,0,,14910,0.014219,1,2026-07-04T01:05:39.732331+09:00,6.931,PARTIAL,수동 실행·복구 사용 가능성
scripts/research/run_honest_candidate_entry_smoke.py,file,ONE_OFF_OR_RESEARCH_SCRIPT,ONE_OFF_OR_LEGACY_CODE,X,X,0,,13991,0.013343,1,2026-06-10T08:11:48.154533+09:00,30.635,PARTIAL,수동 실행·복구 사용 가능성
scripts/research/run_payoff_two_gene_stage2_rolling_ga.py,file,ONE_OFF_OR_RESEARCH_SCRIPT,ONE_OFF_OR_LEGACY_CODE,X,X,0,,13960,0.013313,1,2026-07-06T01:21:00.864157+09:00,4.92,PARTIAL,수동 실행·복구 사용 가능성
scripts/pipeline/analyze_sell_metrics.py,file,DEAD_OR_MANUAL_SCRIPT,ONE_OFF_OR_LEGACY_CODE,X,X,0,,13815,0.013175,1,2026-06-04T12:18:47.886928+09:00,36.464,PARTIAL,수동 실행·복구 사용 가능성
scripts/news_downloader/sample_gpt_event_cost.py,file,DEAD_OR_MANUAL_SCRIPT,ONE_OFF_OR_LEGACY_CODE,X,X,0,,13572,0.012943,1,2026-06-07T09:26:32.567013+09:00,33.583,PARTIAL,수동 실행·복구 사용 가능성
scripts/_true_wf_grade.py,file,ONE_OFF_OR_RESEARCH_SCRIPT,ONE_OFF_OR_LEGACY_CODE,X,X,0,,13510,0.012884,1,2026-06-03T21:24:44.558364+09:00,37.084,PARTIAL,수동 실행·복구 사용 가능성
scripts/_learn_parallel_notify.py,file,ONE_OFF_OR_RESEARCH_SCRIPT,ONE_OFF_OR_LEGACY_CODE,X,X,0,,13300,0.012684,1,2026-06-02T06:03:57.437545+09:00,38.724,PARTIAL,수동 실행·복구 사용 가능성
scripts/research/run_bv3_diagnose.py,file,ONE_OFF_OR_RESEARCH_SCRIPT,ONE_OFF_OR_LEGACY_CODE,X,X,0,,13235,0.012622,1,2026-06-07T03:00:39.781773+09:00,33.851,PARTIAL,수동 실행·복구 사용 가능성
scripts/research/run_baselines_top10_2025.py,file,ONE_OFF_OR_RESEARCH_SCRIPT,ONE_OFF_OR_LEGACY_CODE,X,X,0,,13180,0.012569,1,2026-06-07T01:52:07.734634+09:00,33.899,PARTIAL,수동 실행·복구 사용 가능성
scripts/news_downloader/download_market_news_event_focus.py,file,DEAD_OR_MANUAL_SCRIPT,ONE_OFF_OR_LEGACY_CODE,X,X,0,,12879,0.012282,1,2026-06-07T07:53:19.281273+09:00,33.648,PARTIAL,수동 실행·복구 사용 가능성
scripts/research/run_bv5_sizing_sweep.py,file,ONE_OFF_OR_RESEARCH_SCRIPT,ONE_OFF_OR_LEGACY_CODE,X,X,0,,12670,0.012083,1,2026-06-07T03:24:45.926416+09:00,33.834,PARTIAL,수동 실행·복구 사용 가능성
scripts/ml_sell_omen/build_condition_db_expanded.py,file,DEAD_OR_MANUAL_SCRIPT,ONE_OFF_OR_LEGACY_CODE,X,X,0,,12366,0.011793,1,2026-06-09T07:30:27.313140+09:00,31.664,PARTIAL,수동 실행·복구 사용 가능성
scripts/screening/_bulk_swing_worker.py,file,ONE_OFF_OR_RESEARCH_SCRIPT,ONE_OFF_OR_LEGACY_CODE,X,X,0,,11937,0.011384,1,2026-06-02T21:52:22.059042+09:00,38.065,PARTIAL,수동 실행·복구 사용 가능성
scripts/news_downloader/download_market_news_intraday_pilot.py,file,DEAD_OR_MANUAL_SCRIPT,ONE_OFF_OR_LEGACY_CODE,X,X,0,,11095,0.010581,1,2026-06-07T07:29:30.358618+09:00,33.665,PARTIAL,수동 실행·복구 사용 가능성
engine/portfolio/conservative_core_exit_gate.py,file,UNREACHED_ENGINE_MODULE,ONE_OFF_OR_LEGACY_CODE,X,X,0,,10934,0.010427,1,2026-06-10T05:07:01.905958+09:00,30.763,PARTIAL,수동 실행·복구 사용 가능성
scripts/research/honest_run_notifications.py,file,ONE_OFF_OR_RESEARCH_SCRIPT,ONE_OFF_OR_LEGACY_CODE,X,X,0,,10931,0.010425,1,2026-06-10T09:06:03.711471+09:00,30.597,PARTIAL,수동 실행·복구 사용 가능성
engine/pipeline/rolling_validation.py,file,UNREACHED_ENGINE_MODULE,ONE_OFF_OR_LEGACY_CODE,X,X,0,,10863,0.01036,1,2026-06-07T11:43:32.782282+09:00,33.488,PARTIAL,수동 실행·복구 사용 가능성
scripts/research/run_payoff_two_gene_fullfeature_stage2_rolling_ga_5d_separate_highlow_soft_stress_validation_target.py,file,ONE_OFF_OR_RESEARCH_SCRIPT,ONE_OFF_OR_LEGACY_CODE,X,X,0,,10708,0.010212,1,2026-07-06T13:03:29.744680+09:00,4.433,PARTIAL,수동 실행·복구 사용 가능성
scripts/comparison/common_backtest.py,file,DEAD_OR_MANUAL_SCRIPT,ONE_OFF_OR_LEGACY_CODE,X,X,0,,10703,0.010207,1,2026-05-26T22:48:21.392091+09:00,45.026,PARTIAL,수동 실행·복구 사용 가능성
scripts/news_downloader/download_market_news_daily.py,file,DEAD_OR_MANUAL_SCRIPT,ONE_OFF_OR_LEGACY_CODE,X,X,0,,10577,0.010087,1,2026-06-07T06:53:16.316662+09:00,33.69,PARTIAL,수동 실행·복구 사용 가능성
scripts/research/run_stage2_daily_return.py,file,ONE_OFF_OR_RESEARCH_SCRIPT,ONE_OFF_OR_LEGACY_CODE,X,X,0,,10351,0.009871,1,2026-07-04T03:16:48.132239+09:00,6.84,PARTIAL,수동 실행·복구 사용 가능성
scripts/build_market_history_v2.py,file,DEAD_OR_MANUAL_SCRIPT,ONE_OFF_OR_LEGACY_CODE,X,X,0,,9717,0.009267,1,2026-05-28T19:33:29.642280+09:00,43.162,PARTIAL,수동 실행·복구 사용 가능성
scripts/screening/diagnostic_progress_notifier.py,file,DEAD_OR_MANUAL_SCRIPT,ONE_OFF_OR_LEGACY_CODE,X,X,0,,9627,0.009181,1,2026-06-10T01:16:38.254980+09:00,30.923,PARTIAL,수동 실행·복구 사용 가능성
scripts/news_downloader/download_news.py,file,DEAD_OR_MANUAL_SCRIPT,ONE_OFF_OR_LEGACY_CODE,X,X,0,,9550,0.009108,1,2026-05-31T23:32:45.099075+09:00,39.996,PARTIAL,수동 실행·복구 사용 가능성
engine/pipeline/screening.py,file,UNREACHED_ENGINE_MODULE,ONE_OFF_OR_LEGACY_CODE,X,X,0,,9311,0.00888,1,2026-06-04T05:45:40.984109+09:00,36.737,PARTIAL,수동 실행·복구 사용 가능성
scripts/research/run_baselines_aapl_smoke.py,file,ONE_OFF_OR_RESEARCH_SCRIPT,ONE_OFF_OR_LEGACY_CODE,X,X,0,,9262,0.008833,1,2026-06-07T01:43:05.049143+09:00,33.905,PARTIAL,수동 실행·복구 사용 가능성
engine/pipeline/orchestrator.py,file,UNREACHED_ENGINE_MODULE,ONE_OFF_OR_LEGACY_CODE,X,X,0,,9255,0.008826,1,2026-06-04T07:27:02.226391+09:00,36.666,PARTIAL,수동 실행·복구 사용 가능성
scripts/reconstruct_entry_concentration_open_positions.py,file,DEAD_OR_MANUAL_SCRIPT,ONE_OFF_OR_LEGACY_CODE,X,X,0,,9222,0.008795,1,2026-07-02T19:37:30.998278+09:00,8.159,PARTIAL,수동 실행·복구 사용 가능성
scripts/research/run_payoff_two_gene_fullfeature_stage2_rolling_ga_3d_separate_highlow70.py,file,ONE_OFF_OR_RESEARCH_SCRIPT,ONE_OFF_OR_LEGACY_CODE,X,X,0,,8931,0.008517,1,2026-07-06T01:53:40.948650+09:00,4.898,PARTIAL,수동 실행·복구 사용 가능성
engine/market/av_adapter.py,file,UNREACHED_ENGINE_MODULE,ONE_OFF_OR_LEGACY_CODE,X,X,0,,8929,0.008515,1,2026-05-28T19:33:24.765830+09:00,43.162,PARTIAL,수동 실행·복구 사용 가능성
scripts/research/_exp_event_decay_context.py,file,ONE_OFF_OR_RESEARCH_SCRIPT,ONE_OFF_OR_LEGACY_CODE,X,X,0,,8860,0.00845,1,2026-06-13T02:04:31.712942+09:00,27.89,PARTIAL,수동 실행·복구 사용 가능성
scripts/news_downloader/prefill_event_gpt_cache.py,file,DEAD_OR_MANUAL_SCRIPT,ONE_OFF_OR_LEGACY_CODE,X,X,0,,8835,0.008426,1,2026-06-07T10:08:07.844667+09:00,33.554,PARTIAL,수동 실행·복구 사용 가능성
scripts/research/run_payoff_two_gene_fullfeature_stage2_rolling_ga_5d_separate_highlow_soft_nod0_trainconsistent_target.py,file,ONE_OFF_OR_RESEARCH_SCRIPT,ONE_OFF_OR_LEGACY_CODE,X,X,0,,8741,0.008336,1,2026-07-06T13:34:40.599329+09:00,4.411,PARTIAL,수동 실행·복구 사용 가능성
scripts/close_shadow_and_lab_for_regular_restart.py,file,DEAD_OR_MANUAL_SCRIPT,ONE_OFF_OR_LEGACY_CODE,X,X,0,,7542,0.007193,1,2026-07-02T20:58:37.576567+09:00,8.103,PARTIAL,수동 실행·복구 사용 가능성
scripts/research/run_stage2_path_filter_hold3.py,file,ONE_OFF_OR_RESEARCH_SCRIPT,ONE_OFF_OR_LEGACY_CODE,X,X,0,,7442,0.007097,1,2026-07-04T14:39:55.079800+09:00,6.366,PARTIAL,수동 실행·복구 사용 가능성
scripts/news_downloader/download_market_news_strategy_pilot.py,file,DEAD_OR_MANUAL_SCRIPT,ONE_OFF_OR_LEGACY_CODE,X,X,0,,7112,0.006783,1,2026-06-07T07:35:25.305284+09:00,33.66,PARTIAL,수동 실행·복구 사용 가능성
scripts/pipeline/run_rolling_batch_small.py,file,DEAD_OR_MANUAL_SCRIPT,ONE_OFF_OR_LEGACY_CODE,X,X,0,,7033,0.006707,1,2026-06-04T05:13:29.452928+09:00,36.759,PARTIAL,수동 실행·복구 사용 가능성
scripts/research/run_lr8d_multientity_stage1pass_robust.py,file,ONE_OFF_OR_RESEARCH_SCRIPT,ONE_OFF_OR_LEGACY_CODE,X,X,0,,6954,0.006632,1,2026-06-30T16:29:51.931697+09:00,10.289,PARTIAL,수동 실행·복구 사용 가능성
engine/learning/execution_mode_ga_gate.py,file,UNREACHED_ENGINE_MODULE,ONE_OFF_OR_LEGACY_CODE,X,X,0,,6892,0.006573,1,2026-06-10T06:20:28.602814+09:00,30.712,PARTIAL,수동 실행·복구 사용 가능성
engine/central/parameters_cli.py,file,UNREACHED_ENGINE_MODULE,ONE_OFF_OR_LEGACY_CODE,X,X,0,,6813,0.006497,1,2026-06-19T14:41:14.778475+09:00,21.365,PARTIAL,수동 실행·복구 사용 가능성
scripts/analyze.py,file,DEAD_OR_MANUAL_SCRIPT,ONE_OFF_OR_LEGACY_CODE,X,X,0,,6333,0.00604,1,2026-05-25T10:31:54.908913+09:00,46.538,PARTIAL,수동 실행·복구 사용 가능성
scripts/research/run_central_portfolio_noop_gate.py,file,ONE_OFF_OR_RESEARCH_SCRIPT,ONE_OFF_OR_LEGACY_CODE,X,X,0,,6318,0.006025,1,2026-06-10T06:20:45.609798+09:00,30.712,PARTIAL,수동 실행·복구 사용 가능성
scripts/run_elite_shadow_trader.py,file,DEAD_OR_MANUAL_SCRIPT,ONE_OFF_OR_LEGACY_CODE,X,X,0,,5979,0.005702,1,2026-07-03T00:20:33.113884+09:00,7.962,PARTIAL,수동 실행·복구 사용 가능성
scripts/analysis/build_condition_db.py,file,DEAD_OR_MANUAL_SCRIPT,ONE_OFF_OR_LEGACY_CODE,X,X,0,,5734,0.005468,1,2026-06-04T04:19:14.693990+09:00,36.797,PARTIAL,수동 실행·복구 사용 가능성
scripts/pipeline/run_full_training_small.py,file,DEAD_OR_MANUAL_SCRIPT,ONE_OFF_OR_LEGACY_CODE,X,X,0,,5073,0.004838,1,2026-06-04T07:28:08.525328+09:00,36.665,PARTIAL,수동 실행·복구 사용 가능성
scripts/pipeline/run_screening_small.py,file,DEAD_OR_MANUAL_SCRIPT,ONE_OFF_OR_LEGACY_CODE,X,X,0,,5037,0.004804,1,2026-06-04T05:46:03.873088+09:00,36.736,PARTIAL,수동 실행·복구 사용 가능성
scripts/pipeline/run_batch.py,file,DEAD_OR_MANUAL_SCRIPT,ONE_OFF_OR_LEGACY_CODE,X,X,0,,4603,0.00439,1,2026-06-04T05:55:17.022567+09:00,36.73,PARTIAL,수동 실행·복구 사용 가능성
scripts/research/run_payoff_two_gene_fullfeature_stage2_rolling_ga_3d_precision70.py,file,ONE_OFF_OR_RESEARCH_SCRIPT,ONE_OFF_OR_LEGACY_CODE,X,X,0,,4404,0.0042,1,2026-07-06T01:47:52.999271+09:00,4.902,PARTIAL,수동 실행·복구 사용 가능성
scripts/comparison/step3_bot_learner.py,file,DEAD_OR_MANUAL_SCRIPT,ONE_OFF_OR_LEGACY_CODE,X,X,0,,4367,0.004165,1,2026-05-26T22:49:52.153470+09:00,45.025,PARTIAL,수동 실행·복구 사용 가능성
scripts/comparison/step1_prepare_data.py,file,DEAD_OR_MANUAL_SCRIPT,ONE_OFF_OR_LEGACY_CODE,X,X,0,,4197,0.004003,1,2026-05-26T22:46:27.769602+09:00,45.028,PARTIAL,수동 실행·복구 사용 가능성
scripts/news_downloader/download_market_news.py,file,DEAD_OR_MANUAL_SCRIPT,ONE_OFF_OR_LEGACY_CODE,X,X,0,,3702,0.003531,1,2026-05-31T23:32:45.100075+09:00,39.996,PARTIAL,수동 실행·복구 사용 가능성
scripts/aggregate_sentiment.py,file,DEAD_OR_MANUAL_SCRIPT,ONE_OFF_OR_LEGACY_CODE,X,X,0,,3531,0.003367,1,2026-05-27T00:22:11.102819+09:00,44.961,PARTIAL,수동 실행·복구 사용 가능성
scripts/pipeline/run_rolling_nvda.py,file,DEAD_OR_MANUAL_SCRIPT,ONE_OFF_OR_LEGACY_CODE,X,X,0,,3337,0.003182,1,2026-06-04T04:53:12.603073+09:00,36.773,PARTIAL,수동 실행·복구 사용 가능성
scripts/run_s2_auto_live.py,file,DEAD_OR_MANUAL_SCRIPT,ONE_OFF_OR_LEGACY_CODE,X,X,0,,3315,0.003161,1,2026-07-08T15:19:07.550459+09:00,2.338,PARTIAL,수동 실행·복구 사용 가능성
scripts/research/run_lr8d_abcd_fulluniverse.py,file,ONE_OFF_OR_RESEARCH_SCRIPT,ONE_OFF_OR_LEGACY_CODE,X,X,0,,3171,0.003024,1,2026-06-09T08:27:42.116904+09:00,31.624,PARTIAL,수동 실행·복구 사용 가능성
scripts/research/run_payoff_two_gene_fullfeature_stage2_rolling_ga_5d_separate_highlow70_stress_validation_target.py,file,ONE_OFF_OR_RESEARCH_SCRIPT,ONE_OFF_OR_LEGACY_CODE,X,X,0,,3079,0.002936,1,2026-07-06T12:53:01.437806+09:00,4.44,PARTIAL,수동 실행·복구 사용 가능성
scripts/inspect_elite_signal_history.py,file,DEAD_OR_MANUAL_SCRIPT,ONE_OFF_OR_LEGACY_CODE,X,X,0,,2860,0.002728,1,2026-07-01T02:09:02.955512+09:00,9.887,PARTIAL,수동 실행·복구 사용 가능성
scripts/research/run_capital_rebalance_100pct_probe.py,file,ONE_OFF_OR_RESEARCH_SCRIPT,ONE_OFF_OR_LEGACY_CODE,X,X,0,,2777,0.002648,1,2026-06-10T11:28:48.066426+09:00,30.498,PARTIAL,수동 실행·복구 사용 가능성
scripts/research/run_daily_signal_replay.py,file,ONE_OFF_OR_RESEARCH_SCRIPT,ONE_OFF_OR_LEGACY_CODE,X,X,0,,2663,0.00254,1,2026-06-10T12:36:43.199623+09:00,30.451,PARTIAL,수동 실행·복구 사용 가능성
scripts/research/run_payoff_two_gene_fullfeature_stage2_rolling_ga_3d.py,file,ONE_OFF_OR_RESEARCH_SCRIPT,ONE_OFF_OR_LEGACY_CODE,X,X,0,,2383,0.002273,1,2026-07-06T01:40:45.757036+09:00,4.907,PARTIAL,수동 실행·복구 사용 가능성
scripts/research/run_capital_lot_rebalance_probe.py,file,ONE_OFF_OR_RESEARCH_SCRIPT,ONE_OFF_OR_LEGACY_CODE,X,X,0,,2264,0.002159,1,2026-06-10T12:58:53.835375+09:00,30.436,PARTIAL,수동 실행·복구 사용 가능성
scripts/research/run_payoff_two_gene_fullfeature_stage2_rolling_ga_5d_separate_highlow70_stress_validation.py,file,ONE_OFF_OR_RESEARCH_SCRIPT,ONE_OFF_OR_LEGACY_CODE,X,X,0,,2245,0.002141,1,2026-07-06T12:45:33.905609+09:00,4.445,PARTIAL,수동 실행·복구 사용 가능성
scripts/run_bot.py,file,DEAD_OR_MANUAL_SCRIPT,ONE_OFF_OR_LEGACY_CODE,X,X,0,,1977,0.001885,1,2026-06-06T05:02:38.557096+09:00,34.766,PARTIAL,수동 실행·복구 사용 가능성
scripts/run_live_lr8d16_candidate_only.py,file,DEAD_OR_MANUAL_SCRIPT,ONE_OFF_OR_LEGACY_CODE,X,X,0,,1863,0.001777,1,2026-07-08T02:23:53.627809+09:00,2.877,PARTIAL,수동 실행·복구 사용 가능성
scripts/research/run_payoff_two_gene_fullfeature_stage2_rolling_ga_5d_separate_highlow70.py,file,ONE_OFF_OR_RESEARCH_SCRIPT,ONE_OFF_OR_LEGACY_CODE,X,X,0,,1598,0.001524,1,2026-07-06T02:00:17.347944+09:00,4.893,PARTIAL,수동 실행·복구 사용 가능성
scripts/research/notify_progress.py,file,ONE_OFF_OR_RESEARCH_SCRIPT,ONE_OFF_OR_LEGACY_CODE,X,X,0,,1553,0.001481,1,2026-06-08T06:57:06.785252+09:00,32.687,PARTIAL,수동 실행·복구 사용 가능성
scripts/_learn_one.py,file,ONE_OFF_OR_RESEARCH_SCRIPT,ONE_OFF_OR_LEGACY_CODE,X,X,0,,1442,0.001375,1,2026-06-02T06:03:27.017574+09:00,38.724,PARTIAL,수동 실행·복구 사용 가능성
scripts/research/trade_persist.py,file,ONE_OFF_OR_RESEARCH_SCRIPT,ONE_OFF_OR_LEGACY_CODE,X,X,0,,888,0.000847,1,2026-06-08T06:54:42.372388+09:00,32.689,PARTIAL,수동 실행·복구 사용 가능성
engine/central/init.py,file,UNREACHED_ENGINE_MODULE,ONE_OFF_OR_LEGACY_CODE,X,X,0,,161,0.000154,1,2026-06-17T13:25:57.247902+09:00,23.417,PARTIAL,수동 실행·복구 사용 가능성
engine/portfolio/__init__.py,file,ONE_OFF_OR_RESEARCH_SCRIPT,ONE_OFF_OR_LEGACY_CODE,X,X,0,,31,3e-05,1,2026-06-10T03:22:07.812891+09:00,30.836,PARTIAL,수동 실행·복구 사용 가능성
data/_system/ticker_universe.json.bak,file,OPERATIONAL_STATE_BACKUP,OPERATIONAL_STATE_BACKUP,X,X,0,,892454,0.85111,1,2026-05-28T19:36:48.480637+09:00,43.159,PARTIAL,장애 복구 가치 개별 확인 필요
data/_system/llm_news_cache.json.before_migrate,file,OPERATIONAL_STATE_BACKUP,OPERATIONAL_STATE_BACKUP,X,X,0,,487489,0.464906,1,2026-05-27T01:34:11.729696+09:00,44.911,PARTIAL,장애 복구 가치 개별 확인 필요
data/_system/positions.json.bak.20260625,file,OPERATIONAL_STATE_BACKUP,OPERATIONAL_STATE_BACKUP,X,X,0,,364988,0.34808,1,2026-06-25T03:28:40.611721+09:00,15.832,PARTIAL,장애 복구 가치 개별 확인 필요
data/_system/scheduled_open_buy_queue.json.bak.before_switch_lr8d16_flat_20260629_154559,file,OPERATIONAL_STATE_BACKUP,OPERATIONAL_STATE_BACKUP,X,X,0,,96758,0.092276,1,2026-06-30T00:45:59.853048+09:00,10.945,PARTIAL,장애 복구 가치 개별 확인 필요
data/_system/scheduled_open_buy_queue.json.bak.before_nextopen_atr_hydration_20260629_133231,file,OPERATIONAL_STATE_BACKUP,OPERATIONAL_STATE_BACKUP,X,X,0,,96325,0.091863,1,2026-06-29T22:32:31.246373+09:00,11.037,PARTIAL,장애 복구 가치 개별 확인 필요
data/_system/scheduled_open_buy_queue.json.bak.before_dashboard_metrics_20260629_114917,file,OPERATIONAL_STATE_BACKUP,OPERATIONAL_STATE_BACKUP,X,X,0,,91968,0.087708,1,2026-06-29T20:49:22.182446+09:00,11.109,PARTIAL,장애 복구 가치 개별 확인 필요
data/_system/scheduled_open_buy_queue.json.bak.before_candidate_news_guard_20260629_113928,file,OPERATIONAL_STATE_BACKUP,OPERATIONAL_STATE_BACKUP,X,X,0,,79484,0.075802,1,2026-06-29T20:39:33.656499+09:00,11.116,PARTIAL,장애 복구 가치 개별 확인 필요
data/_system/market_history.csv.before_6y,file,OPERATIONAL_STATE_BACKUP,OPERATIONAL_STATE_BACKUP,X,X,0,,78821,0.07517,1,2026-05-27T01:38:47.764179+09:00,44.908,PARTIAL,장애 복구 가치 개별 확인 필요
data/_system/market_history_v2.csv.bak,file,OPERATIONAL_STATE_BACKUP,OPERATIONAL_STATE_BACKUP,X,X,0,,62914,0.059999,1,2026-05-28T18:01:57.256609+09:00,43.225,PARTIAL,장애 복구 가치 개별 확인 필요
data/_system/market_history_v2.csv.before_expanded_has,file,OPERATIONAL_STATE_BACKUP,OPERATIONAL_STATE_BACKUP,X,X,0,,53799,0.051307,1,2026-05-27T01:34:11.857708+09:00,44.911,PARTIAL,장애 복구 가치 개별 확인 필요
data/_system/market_history_v2.csv.before_expand,file,OPERATIONAL_STATE_BACKUP,OPERATIONAL_STATE_BACKUP,X,X,0,,50550,0.048208,1,2026-05-27T01:04:29.353149+09:00,44.932,PARTIAL,장애 복구 가치 개별 확인 필요
data/_system/positions.json.bak.before_broker_flat_sync_20260629_111419,file,OPERATIONAL_STATE_BACKUP,OPERATIONAL_STATE_BACKUP,X,X,0,,37380,0.035648,1,2026-06-29T20:14:19.624208+09:00,11.133,PARTIAL,장애 복구 가치 개별 확인 필요
data/_system/positions.json.bak.before_switch_lr8d16_flat_20260629_154559,file,OPERATIONAL_STATE_BACKUP,OPERATIONAL_STATE_BACKUP,X,X,0,,36978,0.035265,1,2026-06-30T00:45:59.851048+09:00,10.945,PARTIAL,장애 복구 가치 개별 확인 필요
data/_system/central_buy_candidates.json.bak.before_nextopen_dashboard_mirror_20260629_112036,file,OPERATIONAL_STATE_BACKUP,OPERATIONAL_STATE_BACKUP,X,X,0,,5280,0.005035,1,2026-06-29T20:20:36.666533+09:00,11.129,PARTIAL,장애 복구 가치 개별 확인 필요
data/_system/pending_orders.json.bak.20260625,file,OPERATIONAL_STATE_BACKUP,OPERATIONAL_STATE_BACKUP,X,X,0,,3695,0.003524,1,2026-06-25T10:38:37.104496+09:00,15.533,PARTIAL,장애 복구 가치 개별 확인 필요
data/_system/market_state.json.bak_event_decay_20260612_171945,file,OPERATIONAL_STATE_BACKUP,OPERATIONAL_STATE_BACKUP,X,X,0,,2145,0.002046,1,2026-06-13T02:19:45.054309+09:00,27.88,PARTIAL,장애 복구 가치 개별 확인 필요
data/_system/manual_sell_intent.json.bak.before_btest_20260626,file,OPERATIONAL_STATE_BACKUP,OPERATIONAL_STATE_BACKUP,X,X,0,,1522,0.001451,1,2026-06-26T11:32:38.390064+09:00,14.496,PARTIAL,장애 복구 가치 개별 확인 필요
data/_system/manual_sell_intent.json.bak.before_dds_recovery_20260626_025840,file,OPERATIONAL_STATE_BACKUP,OPERATIONAL_STATE_BACKUP,X,X,0,,1522,0.001451,1,2026-06-26T11:58:40.537267+09:00,14.478,PARTIAL,장애 복구 가치 개별 확인 필요
data/_system/paper_state.before_reset_20260602_102348.json,file,OPERATIONAL_STATE_BACKUP,OPERATIONAL_STATE_BACKUP,X,X,0,,1424,0.001358,1,2026-06-02T19:24:21.329384+09:00,38.168,PARTIAL,장애 복구 가치 개별 확인 필요
exp_batch_stage123_2009_20260616_full.resume_20260706_103328.log,file,LOG_ARTIFACT,PRODUCTION_BATCH_HISTORY_LOG,X,X,0,,430384,0.410446,1,2026-07-07T22:43:28.817637+09:00,3.03,PARTIAL,현재 생산 배치 재개·장애 이력 가능
exp_crwd_stage3_20260613_0001/stage3_ineligible.jsonl,file,ONE_OFF_EXPERIMENT_ARTIFACT,TERMINATED_EXPERIMENT_DATA,X,X,0,,493058,0.470217,1,2026-06-14T06:27:42.415906+09:00,26.707,PARTIAL,운영 비도달이나 completion marker absent; 연구 재현 여부 확인 필요
exp_crwd_stage3_tplus1_20260614_0001/stage3_ineligible.jsonl,file,ONE_OFF_EXPERIMENT_ARTIFACT,TERMINATED_EXPERIMENT_DATA,X,X,0,,491885,0.469098,1,2026-06-15T00:49:36.471527+09:00,25.942,PARTIAL,운영 비도달이나 completion marker absent; 연구 재현 여부 확인 필요
exp_crwd_stage3_pen_20260614_0001/stage3_ineligible.jsonl,file,ONE_OFF_EXPERIMENT_ARTIFACT,TERMINATED_EXPERIMENT_DATA,X,X,0,,467079,0.445441,1,2026-06-14T12:27:55.423194+09:00,26.457,PARTIAL,운영 비도달이나 completion marker absent; 연구 재현 여부 확인 필요
exp_well_stage3_20260613_0001/stage3_ineligible.jsonl,file,ONE_OFF_EXPERIMENT_ARTIFACT,TERMINATED_EXPERIMENT_DATA,X,X,0,,368505,0.351434,1,2026-06-14T09:07:04.865782+09:00,26.597,PARTIAL,운영 비도달이나 completion marker absent; 연구 재현 여부 확인 필요
exp_cw_stage3_pen_20260614_0001/stage3_ineligible.jsonl,file,ONE_OFF_EXPERIMENT_ARTIFACT,TERMINATED_EXPERIMENT_DATA,X,X,0,,91418,0.087183,1,2026-06-14T12:27:21.107255+09:00,26.458,PARTIAL,운영 비도달이나 completion marker absent; 연구 재현 여부 확인 필요
exp_cw_stage3_tplus1_20260614_0001/stage3_ineligible.jsonl,file,ONE_OFF_EXPERIMENT_ARTIFACT,TERMINATED_EXPERIMENT_DATA,X,X,0,,16561,0.015794,1,2026-06-14T14:40:18.422964+09:00,26.365,PARTIAL,운영 비도달이나 completion marker absent; 연구 재현 여부 확인 필요
exp_well_stage3_20260613_0001/entry_rejected_overlap.json,file,ONE_OFF_EXPERIMENT_ARTIFACT,TERMINATED_EXPERIMENT_DATA,X,X,0,,15553,0.014832,1,2026-06-14T06:17:40.493984+09:00,26.714,PARTIAL,운영 비도달이나 completion marker absent; 연구 재현 여부 확인 필요
exp_cw_stage3_tplus1_20260614_0001/entry_rejected_overlap.json,file,EXACT_DUPLICATE_REVIEW,TERMINATED_EXPERIMENT_DATA,X,X,0,,12781,0.012189,1,2026-06-14T12:56:12.922152+09:00,26.438,PARTIAL,운영 비도달이나 completion marker absent; 연구 재현 여부 확인 필요
exp_cw_stage3_20260613_0001/entry_rejected_overlap.json,file,ONE_OFF_EXPERIMENT_ARTIFACT,TERMINATED_EXPERIMENT_DATA,X,X,0,,11125,0.01061,1,2026-06-13T22:42:36.754912+09:00,27.03,PARTIAL,운영 비도달이나 completion marker absent; 연구 재현 여부 확인 필요
exp_cw_stage3_tplus1_20260614_0001/last_run_summary.json,file,ONE_OFF_EXPERIMENT_ARTIFACT,TERMINATED_EXPERIMENT_DATA,X,X,0,,7223,0.006888,1,2026-06-14T14:40:18.427964+09:00,26.365,PARTIAL,운영 비도달이나 completion marker absent; 연구 재현 여부 확인 필요
exp_crwd_stage3_tplus1_20260614_0001/last_run_summary.json,file,ONE_OFF_EXPERIMENT_ARTIFACT,TERMINATED_EXPERIMENT_DATA,X,X,0,,7071,0.006743,1,2026-06-15T00:49:36.477526+09:00,25.942,PARTIAL,운영 비도달이나 completion marker absent; 연구 재현 여부 확인 필요
exp_crwd_stage3_20260613_0001/entry_rejected_overlap.json,file,ONE_OFF_EXPERIMENT_ARTIFACT,TERMINATED_EXPERIMENT_DATA,X,X,0,,6047,0.005767,1,2026-06-13T16:27:20.360247+09:00,27.291,PARTIAL,운영 비도달이나 completion marker absent; 연구 재현 여부 확인 필요
exp_lasr_6survivors_20260612_1938/REPORT.md,file,DOCUMENTATION_OR_NOTE,TERMINATED_EXPERIMENT_DATA,X,X,0,,6020,0.005741,1,2026-06-13T04:38:29.668414+09:00,27.783,PARTIAL,운영 비도달이나 completion marker absent; 연구 재현 여부 확인 필요
exp_crwd_stage3_tplus1_20260614_0001/entry_rejected_overlap.json,file,ONE_OFF_EXPERIMENT_ARTIFACT,TERMINATED_EXPERIMENT_DATA,X,X,0,,5293,0.005048,1,2026-06-14T23:01:42.819125+09:00,26.017,PARTIAL,운영 비도달이나 completion marker absent; 연구 재현 여부 확인 필요
exp_algt_stage2_20260704_0001/config.json,file,ONE_OFF_EXPERIMENT_ARTIFACT,TERMINATED_EXPERIMENT_DATA,X,X,0,,4083,0.003894,1,2026-07-04T22:05:19.319922+09:00,6.056,PARTIAL,운영 비도달이나 completion marker absent; 연구 재현 여부 확인 필요
exp_well_stage3_20260613_0001/qualify_result.json,file,ONE_OFF_EXPERIMENT_ARTIFACT,TERMINATED_EXPERIMENT_DATA,X,X,0,,3183,0.003036,1,2026-06-14T06:03:33.346500+09:00,26.724,PARTIAL,운영 비도달이나 completion marker absent; 연구 재현 여부 확인 필요
exp_crwd_stage3_tplus1_20260614_0001/qualify_result.json,file,ONE_OFF_EXPERIMENT_ARTIFACT,TERMINATED_EXPERIMENT_DATA,X,X,0,,3175,0.003028,1,2026-06-14T22:53:06.166049+09:00,26.023,PARTIAL,운영 비도달이나 completion marker absent; 연구 재현 여부 확인 필요
exp_cw_stage3_tplus1_20260614_0001/qualify_result.json,file,EXACT_DUPLICATE_REVIEW,TERMINATED_EXPERIMENT_DATA,X,X,0,,3166,0.003019,1,2026-06-14T12:47:28.746092+09:00,26.444,PARTIAL,운영 비도달이나 completion marker absent; 연구 재현 여부 확인 필요
exp_cw_stage3_20260613_0001/qualify_result.json,file,ONE_OFF_EXPERIMENT_ARTIFACT,TERMINATED_EXPERIMENT_DATA,X,X,0,,3157,0.003011,1,2026-06-13T22:29:30.072322+09:00,27.04,PARTIAL,운영 비도달이나 completion marker absent; 연구 재현 여부 확인 필요
exp_crwd_stage3_20260613_0001/qualify_result.json,file,ONE_OFF_EXPERIMENT_ARTIFACT,TERMINATED_EXPERIMENT_DATA,X,X,0,,2892,0.002758,1,2026-06-13T14:32:05.036636+09:00,27.371,PARTIAL,운영 비도달이나 completion marker absent; 연구 재현 여부 확인 필요
exp_cw_stage3_pen_20260614_0001/last_run_summary.json,file,ONE_OFF_EXPERIMENT_ARTIFACT,TERMINATED_EXPERIMENT_DATA,X,X,0,,2618,0.002497,1,2026-06-14T12:27:21.148255+09:00,26.458,PARTIAL,운영 비도달이나 completion marker absent; 연구 재현 여부 확인 필요
exp_crwd_stage3_pen_20260614_0001/last_run_summary.json,file,ONE_OFF_EXPERIMENT_ARTIFACT,TERMINATED_EXPERIMENT_DATA,X,X,0,,2328,0.00222,1,2026-06-14T12:27:55.429194+09:00,26.457,PARTIAL,운영 비도달이나 completion marker absent; 연구 재현 여부 확인 필요
exp_well_stage3_20260613_0001/last_run_summary.json,file,ONE_OFF_EXPERIMENT_ARTIFACT,TERMINATED_EXPERIMENT_DATA,X,X,0,,2240,0.002136,1,2026-06-14T09:07:04.873781+09:00,26.597,PARTIAL,운영 비도달이나 completion marker absent; 연구 재현 여부 확인 필요
exp_crwd_stage3_20260613_0001/manifest.json,file,ONE_OFF_EXPERIMENT_ARTIFACT,TERMINATED_EXPERIMENT_DATA,X,X,0,,2198,0.002096,1,2026-06-14T06:26:56.231989+09:00,26.708,PARTIAL,운영 비도달이나 completion marker absent; 연구 재현 여부 확인 필요
exp_cw_stage3_20260613_0001/manifest.json,file,ONE_OFF_EXPERIMENT_ARTIFACT,TERMINATED_EXPERIMENT_DATA,X,X,0,,2196,0.002094,1,2026-06-14T06:26:09.335073+09:00,26.708,PARTIAL,운영 비도달이나 completion marker absent; 연구 재현 여부 확인 필요
exp_cw_stage3_20260613_0001/last_run_summary.json,file,ONE_OFF_EXPERIMENT_ARTIFACT,TERMINATED_EXPERIMENT_DATA,X,X,0,,2187,0.002086,1,2026-06-14T06:26:52.494996+09:00,26.708,PARTIAL,운영 비도달이나 completion marker absent; 연구 재현 여부 확인 필요
exp_cw_stage3_pen_20260614_0001/validate_result.json,file,ONE_OFF_EXPERIMENT_ARTIFACT,TERMINATED_EXPERIMENT_DATA,X,X,0,,2159,0.002059,1,2026-06-14T12:27:21.108255+09:00,26.458,PARTIAL,운영 비도달이나 completion marker absent; 연구 재현 여부 확인 필요
exp_crwd_stage3_pen_20260614_0001/manifest.json,file,ONE_OFF_EXPERIMENT_ARTIFACT,TERMINATED_EXPERIMENT_DATA,X,X,0,,2066,0.00197,1,2026-06-14T12:27:22.060254+09:00,26.458,PARTIAL,운영 비도달이나 completion marker absent; 연구 재현 여부 확인 필요
exp_well_stage3_20260613_0001/manifest.json,file,ONE_OFF_EXPERIMENT_ARTIFACT,TERMINATED_EXPERIMENT_DATA,X,X,0,,2066,0.00197,1,2026-06-14T09:06:16.296869+09:00,26.597,PARTIAL,운영 비도달이나 completion marker absent; 연구 재현 여부 확인 필요
exp_cw_stage3_pen_20260614_0001/manifest.json,file,ONE_OFF_EXPERIMENT_ARTIFACT,TERMINATED_EXPERIMENT_DATA,X,X,0,,2064,0.001968,1,2026-06-14T12:26:49.685312+09:00,26.458,PARTIAL,운영 비도달이나 completion marker absent; 연구 재현 여부 확인 필요
exp_crwd_stage3_tplus1_20260614_0001/manifest.json,file,ONE_OFF_EXPERIMENT_ARTIFACT,TERMINATED_EXPERIMENT_DATA,X,X,0,,2061,0.001966,1,2026-06-14T22:31:43.972343+09:00,26.038,PARTIAL,운영 비도달이나 completion marker absent; 연구 재현 여부 확인 필요
exp_cw_stage3_tplus1_20260614_0001/manifest.json,file,ONE_OFF_EXPERIMENT_ARTIFACT,TERMINATED_EXPERIMENT_DATA,X,X,0,,2059,0.001964,1,2026-06-14T12:27:25.821247+09:00,26.458,PARTIAL,운영 비도달이나 completion marker absent; 연구 재현 여부 확인 필요
exp_crwd_stage3_20260613_0001/last_run_summary.json,file,ONE_OFF_EXPERIMENT_ARTIFACT,TERMINATED_EXPERIMENT_DATA,X,X,0,,2015,0.001922,1,2026-06-14T06:27:42.423906+09:00,26.707,PARTIAL,운영 비도달이나 completion marker absent; 연구 재현 여부 확인 필요
exp_cw_stage3_tplus1_20260614_0001/validate_result.json,file,ONE_OFF_EXPERIMENT_ARTIFACT,TERMINATED_EXPERIMENT_DATA,X,X,0,,1914,0.001825,1,2026-06-14T14:40:18.423964+09:00,26.365,PARTIAL,운영 비도달이나 completion marker absent; 연구 재현 여부 확인 필요
exp_crwd_stage3_pen_20260614_0001/validate_result.json,file,ONE_OFF_EXPERIMENT_ARTIFACT,TERMINATED_EXPERIMENT_DATA,X,X,0,,1901,0.001813,1,2026-06-14T12:27:55.424194+09:00,26.457,PARTIAL,운영 비도달이나 completion marker absent; 연구 재현 여부 확인 필요
exp_well_stage3_20260613_0001/validate_result.json,file,ONE_OFF_EXPERIMENT_ARTIFACT,TERMINATED_EXPERIMENT_DATA,X,X,0,,1825,0.00174,1,2026-06-14T09:07:04.866781+09:00,26.597,PARTIAL,운영 비도달이나 completion marker absent; 연구 재현 여부 확인 필요
exp_cw_stage3_20260613_0001/validate_result.json,file,ONE_OFF_EXPERIMENT_ARTIFACT,TERMINATED_EXPERIMENT_DATA,X,X,0,,1784,0.001701,1,2026-06-14T06:26:52.488996+09:00,26.708,PARTIAL,운영 비도달이나 completion marker absent; 연구 재현 여부 확인 필요
exp_crwd_stage3_tplus1_20260614_0001/validate_result.json,file,ONE_OFF_EXPERIMENT_ARTIFACT,TERMINATED_EXPERIMENT_DATA,X,X,0,,1766,0.001684,1,2026-06-15T00:49:36.471527+09:00,25.942,PARTIAL,운영 비도달이나 completion marker absent; 연구 재현 여부 확인 필요
exp_crwd_stage3_20260613_0001/validate_result.json,file,ONE_OFF_EXPERIMENT_ARTIFACT,TERMINATED_EXPERIMENT_DATA,X,X,0,,1644,0.001568,1,2026-06-14T06:27:42.415906+09:00,26.707,PARTIAL,운영 비도달이나 completion marker absent; 연구 재현 여부 확인 필요
exp_crwd_stage3_20260613_0001/entry_result.json,file,ONE_OFF_EXPERIMENT_ARTIFACT,TERMINATED_EXPERIMENT_DATA,X,X,0,,566,0.00054,1,2026-06-13T16:27:20.360247+09:00,27.291,PARTIAL,운영 비도달이나 completion marker absent; 연구 재현 여부 확인 필요
exp_crwd_stage3_tplus1_20260614_0001/entry_result.json,file,ONE_OFF_EXPERIMENT_ARTIFACT,TERMINATED_EXPERIMENT_DATA,X,X,0,,565,0.000539,1,2026-06-14T23:01:42.819125+09:00,26.017,PARTIAL,운영 비도달이나 completion marker absent; 연구 재현 여부 확인 필요
exp_well_stage3_20260613_0001/entry_result.json,file,ONE_OFF_EXPERIMENT_ARTIFACT,TERMINATED_EXPERIMENT_DATA,X,X,0,,565,0.000539,1,2026-06-14T06:17:40.494984+09:00,26.714,PARTIAL,운영 비도달이나 completion marker absent; 연구 재현 여부 확인 필요
exp_cw_stage3_tplus1_20260614_0001/entry_result.json,file,EXACT_DUPLICATE_REVIEW,TERMINATED_EXPERIMENT_DATA,X,X,0,,564,0.000538,1,2026-06-14T12:56:12.922152+09:00,26.438,PARTIAL,운영 비도달이나 completion marker absent; 연구 재현 여부 확인 필요
exp_cw_stage3_20260613_0001/entry_result.json,file,ONE_OFF_EXPERIMENT_ARTIFACT,TERMINATED_EXPERIMENT_DATA,X,X,0,,561,0.000535,1,2026-06-13T22:42:36.754912+09:00,27.03,PARTIAL,운영 비도달이나 completion marker absent; 연구 재현 여부 확인 필요
exp_crwd_stage3_pen_20260614_0001/README.md,file,EXACT_DUPLICATE_REVIEW,TERMINATED_EXPERIMENT_DATA,X,X,0,,557,0.000531,1,2026-06-14T07:37:40.790385+09:00,26.659,PARTIAL,운영 비도달이나 completion marker absent; 연구 재현 여부 확인 필요
exp_crwd_stage3_tplus1_20260614_0001/README.md,file,EXACT_DUPLICATE_REVIEW,TERMINATED_EXPERIMENT_DATA,X,X,0,,557,0.000531,1,2026-06-14T22:31:43.971343+09:00,26.038,PARTIAL,운영 비도달이나 completion marker absent; 연구 재현 여부 확인 필요
exp_cw_stage3_pen_20260614_0001/README.md,file,EXACT_DUPLICATE_REVIEW,TERMINATED_EXPERIMENT_DATA,X,X,0,,557,0.000531,1,2026-06-14T07:18:43.529423+09:00,26.672,PARTIAL,운영 비도달이나 completion marker absent; 연구 재현 여부 확인 필요
exp_cw_stage3_tplus1_20260614_0001/README.md,file,EXACT_DUPLICATE_REVIEW,TERMINATED_EXPERIMENT_DATA,X,X,0,,557,0.000531,1,2026-06-14T12:27:25.820247+09:00,26.458,PARTIAL,운영 비도달이나 completion marker absent; 연구 재현 여부 확인 필요
exp_well_stage3_20260613_0001/README.md,file,EXACT_DUPLICATE_REVIEW,TERMINATED_EXPERIMENT_DATA,X,X,0,,557,0.000531,1,2026-06-14T05:33:07.767770+09:00,26.745,PARTIAL,운영 비도달이나 completion marker absent; 연구 재현 여부 확인 필요
exp_crwd_stage3_pen_20260614_0001/exit_result.json,file,ONE_OFF_EXPERIMENT_ARTIFACT,TERMINATED_EXPERIMENT_DATA,X,X,0,,528,0.000504,1,2026-06-14T10:29:10.533960+09:00,26.54,PARTIAL,운영 비도달이나 completion marker absent; 연구 재현 여부 확인 필요
exp_cw_stage3_pen_20260614_0001/exit_result.json,file,ONE_OFF_EXPERIMENT_ARTIFACT,TERMINATED_EXPERIMENT_DATA,X,X,0,,527,0.000503,1,2026-06-14T10:19:49.491965+09:00,26.546,PARTIAL,운영 비도달이나 completion marker absent; 연구 재현 여부 확인 필요
exp_crwd_stage3_tplus1_20260614_0001/exit_result.json,file,ONE_OFF_EXPERIMENT_ARTIFACT,TERMINATED_EXPERIMENT_DATA,X,X,0,,525,0.000501,1,2026-06-15T00:49:04.038585+09:00,25.943,PARTIAL,운영 비도달이나 completion marker absent; 연구 재현 여부 확인 필요
exp_cw_stage3_tplus1_20260614_0001/exit_result.json,file,EXACT_DUPLICATE_REVIEW,TERMINATED_EXPERIMENT_DATA,X,X,0,,523,0.000499,1,2026-06-14T14:39:47.859019+09:00,26.366,PARTIAL,운영 비도달이나 completion marker absent; 연구 재현 여부 확인 필요
exp_crwd_stage3_20260613_0001/README.md,file,EXACT_DUPLICATE_REVIEW,TERMINATED_EXPERIMENT_DATA,X,X,0,,438,0.000418,1,2026-06-13T13:40:19.731201+09:00,27.407,PARTIAL,운영 비도달이나 completion marker absent; 연구 재현 여부 확인 필요
exp_crwd_stage3_20260613_0001/exit_result.json,file,ONE_OFF_EXPERIMENT_ARTIFACT,TERMINATED_EXPERIMENT_DATA,X,X,0,,438,0.000418,1,2026-06-13T19:18:41.103836+09:00,27.172,PARTIAL,운영 비도달이나 completion marker absent; 연구 재현 여부 확인 필요
exp_cw_stage3_20260613_0001/README.md,file,EXACT_DUPLICATE_REVIEW,TERMINATED_EXPERIMENT_DATA,X,X,0,,438,0.000418,1,2026-06-13T21:57:38.550747+09:00,27.062,PARTIAL,운영 비도달이나 completion marker absent; 연구 재현 여부 확인 필요
exp_well_stage3_20260613_0001/exit_result.json,file,ONE_OFF_EXPERIMENT_ARTIFACT,TERMINATED_EXPERIMENT_DATA,X,X,0,,438,0.000418,1,2026-06-14T09:06:15.151871+09:00,26.597,PARTIAL,운영 비도달이나 completion marker absent; 연구 재현 여부 확인 필요
exp_cw_stage3_20260613_0001/exit_result.json,file,ONE_OFF_EXPERIMENT_ARTIFACT,TERMINATED_EXPERIMENT_DATA,X,X,0,,437,0.000417,1,2026-06-14T01:37:19.574131+09:00,26.909,PARTIAL,운영 비도달이나 completion marker absent; 연구 재현 여부 확인 필요
exp_cw_stage3_20260613_0001/stage3_ineligible.jsonl,file,ONE_OFF_EXPERIMENT_ARTIFACT,TERMINATED_EXPERIMENT_DATA,X,X,0,,0,0.0,1,2026-06-14T06:26:52.488996+09:00,26.708,PARTIAL,운영 비도달이나 completion marker absent; 연구 재현 여부 확인 필요
logs/exit_shadow_AAPL.jsonl,file,UNREACHED_FILE,UNCLASSIFIED_REVIEW,X,X,0,,161810,0.154314,1,2026-06-04T03:50:56.693588+09:00,36.816,PARTIAL,운영 비도달이나 수동 사용·복구·연구 가치 불명확
logs/exit_shadow_NVDA.jsonl,file,UNREACHED_FILE,UNCLASSIFIED_REVIEW,X,X,0,,159785,0.152383,1,2026-06-04T03:50:56.254588+09:00,36.816,PARTIAL,운영 비도달이나 수동 사용·복구·연구 가치 불명확
logs/exit_shadow_MSFT.jsonl,file,UNREACHED_FILE,UNCLASSIFIED_REVIEW,X,X,0,,153130,0.146036,1,2026-06-04T03:50:56.470588+09:00,36.816,PARTIAL,운영 비도달이나 수동 사용·복구·연구 가치 불명확
logs/exit_shadow_TEST.jsonl,file,UNREACHED_FILE,UNCLASSIFIED_REVIEW,X,X,0,,6033,0.005754,1,2026-06-04T03:44:25.715956+09:00,36.821,PARTIAL,운영 비도달이나 수동 사용·복구·연구 가치 불명확
scripts/screening/run_full_screening_simple.sh,file,UNREACHED_FILE,UNCLASSIFIED_REVIEW,X,X,0,,5249,0.005006,1,2026-06-03T04:24:52.622910+09:00,37.793,PARTIAL,운영 비도달이나 수동 사용·복구·연구 가치 불명확
scripts/research/lr8d_progress_monitor.sh,file,UNREACHED_FILE,UNCLASSIFIED_REVIEW,X,X,0,,4394,0.00419,1,2026-06-09T08:22:36.536192+09:00,31.628,PARTIAL,운영 비도달이나 수동 사용·복구·연구 가치 불명확
config/policy.yaml,file,UNREACHED_FILE,UNCLASSIFIED_REVIEW,X,X,0,,2701,0.002576,1,2026-06-30T22:56:13.151214+09:00,10.021,PARTIAL,운영 비도달이나 수동 사용·복구·연구 가치 불명확
run_parallel_learn.sh,file,UNREACHED_FILE,UNCLASSIFIED_REVIEW,X,X,0,,473,0.000451,1,2026-06-01T19:49:52.228182+09:00,39.15,PARTIAL,운영 비도달이나 수동 사용·복구·연구 가치 불명확
requirements.txt,file,UNREACHED_FILE,UNCLASSIFIED_REVIEW,X,X,0,,312,0.000298,1,2026-06-09T07:08:57.283362+09:00,31.679,PARTIAL,운영 비도달이나 수동 사용·복구·연구 가치 불명확
pytest.ini,file,UNREACHED_FILE,UNCLASSIFIED_REVIEW,X,X,0,,131,0.000125,1,2026-06-14T10:31:51.320673+09:00,26.538,PARTIAL,운영 비도달이나 수동 사용·복구·연구 가치 불명확
docs/CENTRAL_PORTFOLIO_BACKTEST_DESIGN.md,file,DOCUMENTATION_OR_NOTE,UNREFERENCED_DOCUMENT_NOTE,X,X,0,,21413,0.020421,1,2026-06-10T04:27:54.067164+09:00,30.791,PARTIAL,설계·장애 이력 가치 불명확
docs/CAPITAL_ALLOCATION_V7_DESIGN.md,file,DOCUMENTATION_OR_NOTE,UNREFERENCED_DOCUMENT_NOTE,X,X,0,,20504,0.019554,1,2026-06-10T05:19:45.020240+09:00,30.755,PARTIAL,설계·장애 이력 가치 불명확
docs/LR8D_FULL_PIT_RERUN_DESIGN.md,file,DOCUMENTATION_OR_NOTE,UNREFERENCED_DOCUMENT_NOTE,X,X,0,,16768,0.015991,1,2026-06-10T06:10:14.130392+09:00,30.72,PARTIAL,설계·장애 이력 가치 불명확
docs/LR8D_POINT_IN_TIME_NEXT_RUN_DESIGN.md,file,DOCUMENTATION_OR_NOTE,UNREFERENCED_DOCUMENT_NOTE,X,X,0,,16036,0.015293,1,2026-06-10T05:45:42.992775+09:00,30.737,PARTIAL,설계·장애 이력 가치 불명확
docs/LR8D_PIT_UNIVERSE_BIAS_PROBE_DESIGN.md,file,DOCUMENTATION_OR_NOTE,UNREFERENCED_DOCUMENT_NOTE,X,X,0,,15387,0.014674,1,2026-06-10T05:51:52.267427+09:00,30.732,PARTIAL,설계·장애 이력 가치 불명확
docs/SPEC_final.md,file,DOCUMENTATION_OR_NOTE,UNREFERENCED_DOCUMENT_NOTE,X,X,0,,15127,0.014426,1,2026-06-04T02:26:22.151359+09:00,36.875,PARTIAL,설계·장애 이력 가치 불명확
docs/LR8D_NEXT_RUN_DESIGN.md,file,DOCUMENTATION_OR_NOTE,UNREFERENCED_DOCUMENT_NOTE,X,X,0,,14842,0.014154,1,2026-06-10T04:35:37.370728+09:00,30.785,PARTIAL,설계·장애 이력 가치 불명확
docs/CAPITAL_ALLOCATION_STAGE_CLOSE.md,file,DOCUMENTATION_OR_NOTE,UNREFERENCED_DOCUMENT_NOTE,X,X,0,,7878,0.007513,1,2026-06-10T05:40:59.544041+09:00,30.74,PARTIAL,설계·장애 이력 가치 불명확
docs/LR8D_PIT_UNIVERSE_BIAS_PROBE_REPORT.md,file,DOCUMENTATION_OR_NOTE,UNREFERENCED_DOCUMENT_NOTE,X,X,0,,7540,0.007191,1,2026-06-10T05:58:44.721040+09:00,30.728,PARTIAL,설계·장애 이력 가치 불명확
docs/EXIT_POLICY.md,file,DOCUMENTATION_OR_NOTE,UNREFERENCED_DOCUMENT_NOTE,X,X,0,,7093,0.006764,1,2026-06-04T03:38:45.858275+09:00,36.825,PARTIAL,설계·장애 이력 가치 불명확
docs/CAPITAL_ALLOCATION_REWEIGHT_PROBE_SPEC.md,file,DOCUMENTATION_OR_NOTE,UNREFERENCED_DOCUMENT_NOTE,X,X,0,,6223,0.005935,1,2026-06-10T05:25:32.710913+09:00,30.751,PARTIAL,설계·장애 이력 가치 불명확
docs/PIPELINE.md,file,DOCUMENTATION_OR_NOTE,UNREFERENCED_DOCUMENT_NOTE,X,X,0,,5958,0.005682,1,2026-06-04T04:32:40.945232+09:00,36.787,PARTIAL,설계·장애 이력 가치 불명확
docs/LR8D_LEARNING_GA_EXECUTION_MODE_GATE_REPORT.md,file,DOCUMENTATION_OR_NOTE,UNREFERENCED_DOCUMENT_NOTE,X,X,0,,4702,0.004484,1,2026-06-10T06:21:11.641774+09:00,30.712,PARTIAL,설계·장애 이력 가치 불명확
docs/LR8D_LEARNING_EXECUTION_MODE_GATE_REPORT.md,file,DOCUMENTATION_OR_NOTE,UNREFERENCED_DOCUMENT_NOTE,X,X,0,,4032,0.003845,1,2026-06-10T06:16:03.556064+09:00,30.716,PARTIAL,설계·장애 이력 가치 불명확
docs/PROJECT_STRUCTURE.md,file,DOCUMENTATION_OR_NOTE,UNREFERENCED_DOCUMENT_NOTE,X,X,0,,3263,0.003112,1,2026-06-14T11:18:27.782663+09:00,26.506,PARTIAL,설계·장애 이력 가치 불명확
WORKLOG.md,file,DOCUMENTATION_OR_NOTE,UNREFERENCED_DOCUMENT_NOTE,X,X,0,,1181,0.001126,1,2026-06-28T06:10:09.299446+09:00,12.72,PARTIAL,설계·장애 이력 가치 불명확
docs/BACKLOG.md,file,DOCUMENTATION_OR_NOTE,UNREFERENCED_DOCUMENT_NOTE,X,X,0,,945,0.000901,1,2026-06-26T23:02:07.571030+09:00,14.017,PARTIAL,설계·장애 이력 가치 불명확
logs/live_candidate_slots_daemon.log,file,LOG_ARTIFACT,UNREFERENCED_LOG,X,X,0,,552405,0.526814,1,2026-07-09T02:10:48.388466+09:00,1.886,PARTIAL,회전 잔여 여부 불명확
logs/full_screening_news.log,file,LOG_ARTIFACT,UNREFERENCED_LOG,X,X,0,,461636,0.44025,1,2026-06-03T06:32:24.988711+09:00,37.704,PARTIAL,회전 잔여 여부 불명확
logs/api_server_candidate_only_8001.log,file,LOG_ARTIFACT,UNREFERENCED_LOG,X,X,0,,213754,0.203852,1,2026-07-08T22:14:34.712834+09:00,2.05,PARTIAL,회전 잔여 여부 불명확
logs/full_screening_diagnostic.log,file,LOG_ARTIFACT,UNREFERENCED_LOG,X,X,0,,65396,0.062366,1,2026-06-04T00:43:17.634173+09:00,36.947,PARTIAL,회전 잔여 여부 불명확
data/logs/run_live_central_control.log,file,LOG_ARTIFACT,UNREFERENCED_LOG,X,X,0,,48212,0.045979,1,2026-06-24T12:49:28.267107+09:00,16.442,PARTIAL,회전 잔여 여부 불명확
logs/true_wf_swing_NVDA_MSFT_KO_XOM.log,file,LOG_ARTIFACT,UNREFERENCED_LOG,X,X,0,,48169,0.045938,1,2026-06-02T20:14:19.680566+09:00,38.133,PARTIAL,회전 잔여 여부 불명확
logs/api_server.out,file,LOG_ARTIFACT,UNREFERENCED_LOG,X,X,0,,36077,0.034406,1,2026-06-26T22:46:18.112730+09:00,14.028,PARTIAL,회전 잔여 여부 불명확
data/logs/run_live_central_adjusted.log,file,LOG_ARTIFACT,UNREFERENCED_LOG,X,X,0,,25150,0.023985,1,2026-06-24T13:27:32.444019+09:00,16.416,PARTIAL,회전 잔여 여부 불명확
logs/true_wf_swing_JPM_AAPL.log,file,LOG_ARTIFACT,UNREFERENCED_LOG,X,X,0,,24524,0.023388,1,2026-06-02T19:45:23.698197+09:00,38.153,PARTIAL,회전 잔여 여부 불명확
logs/true_wf_pos_top8_DAL.log,file,LOG_ARTIFACT,UNREFERENCED_LOG,X,X,0,,13094,0.012487,1,2026-06-03T02:21:21.412876+09:00,37.878,PARTIAL,회전 잔여 여부 불명확
logs/true_wf_uncertain_LLY.log,file,LOG_ARTIFACT,UNREFERENCED_LOG,X,X,0,,12966,0.012365,1,2026-06-03T03:25:20.723267+09:00,37.834,PARTIAL,회전 잔여 여부 불명확
logs/true_wf_rescued_AMD.log,file,LOG_ARTIFACT,UNREFERENCED_LOG,X,X,0,,12947,0.012347,1,2026-06-03T03:11:48.466030+09:00,37.843,PARTIAL,회전 잔여 여부 불명확
logs/true_wf_rescued_COP.log,file,LOG_ARTIFACT,UNREFERENCED_LOG,X,X,0,,12943,0.012343,1,2026-06-03T02:58:52.150760+09:00,37.852,PARTIAL,회전 잔여 여부 불명확
logs/true_wf_pos_top8_TSLA.log,file,LOG_ARTIFACT,UNREFERENCED_LOG,X,X,0,,12939,0.01234,1,2026-06-03T02:21:25.653872+09:00,37.878,PARTIAL,회전 잔여 여부 불명확
logs/true_wf_pos_rest8_GM.log,file,LOG_ARTIFACT,UNREFERENCED_LOG,X,X,0,,12935,0.012336,1,2026-06-03T02:44:16.332584+09:00,37.863,PARTIAL,회전 잔여 여부 불명확
logs/true_wf_uncertain_DIS.log,file,LOG_ARTIFACT,UNREFERENCED_LOG,X,X,0,,12927,0.012328,1,2026-06-03T03:46:28.693075+09:00,37.819,PARTIAL,회전 잔여 여부 불명확
logs/true_wf_uncertain_NFLX.log,file,LOG_ARTIFACT,UNREFERENCED_LOG,X,X,0,,12926,0.012327,1,2026-06-03T03:26:26.673205+09:00,37.833,PARTIAL,회전 잔여 여부 불명확
logs/true_wf_uncertain_CVX.log,file,LOG_ARTIFACT,UNREFERENCED_LOG,X,X,0,,12923,0.012324,1,2026-06-03T03:45:06.018153+09:00,37.82,PARTIAL,회전 잔여 여부 불명확
logs/true_wf_pos_top8_JPM.log,file,LOG_ARTIFACT,UNREFERENCED_LOG,X,X,0,,12911,0.012313,1,2026-06-03T02:21:22.500875+09:00,37.878,PARTIAL,회전 잔여 여부 불명확
logs/true_wf_pos_rest8_F.log,file,LOG_ARTIFACT,UNREFERENCED_LOG,X,X,0,,12908,0.01231,1,2026-06-03T02:43:48.370610+09:00,37.863,PARTIAL,회전 잔여 여부 불명확
logs/true_wf_uncertain_PFE.log,file,LOG_ARTIFACT,UNREFERENCED_LOG,X,X,0,,12906,0.012308,1,2026-06-03T03:46:20.466083+09:00,37.819,PARTIAL,회전 잔여 여부 불명확
logs/true_wf_uncertain_BMY.log,file,LOG_ARTIFACT,UNREFERENCED_LOG,X,X,0,,12904,0.012306,1,2026-06-03T03:27:26.631148+09:00,37.833,PARTIAL,회전 잔여 여부 불명확
logs/true_wf_rescued_LMT.log,file,LOG_ARTIFACT,UNREFERENCED_LOG,X,X,0,,12899,0.012301,1,2026-06-03T02:59:25.548729+09:00,37.852,PARTIAL,회전 잔여 여부 불명확
logs/true_wf_pos_top8_WMT.log,file,LOG_ARTIFACT,UNREFERENCED_LOG,X,X,0,,12898,0.0123,1,2026-06-03T02:20:36.222919+09:00,37.879,PARTIAL,회전 잔여 여부 불명확
logs/true_wf_uncertain_KO.log,file,LOG_ARTIFACT,UNREFERENCED_LOG,X,X,0,,12891,0.012294,1,2026-06-03T03:45:08.435150+09:00,37.82,PARTIAL,회전 잔여 여부 불명확
logs/true_wf_pos_rest8_T.log,file,LOG_ARTIFACT,UNREFERENCED_LOG,X,X,0,,12886,0.012289,1,2026-06-03T02:44:32.026569+09:00,37.862,PARTIAL,회전 잔여 여부 불명확
logs/true_wf_rescued_KHC.log,file,LOG_ARTIFACT,UNREFERENCED_LOG,X,X,0,,12885,0.012288,1,2026-06-03T03:11:46.057033+09:00,37.843,PARTIAL,회전 잔여 여부 불명확
logs/true_wf_uncertain_GOOGL.log,file,LOG_ARTIFACT,UNREFERENCED_LOG,X,X,0,,12780,0.012188,1,2026-06-03T03:26:54.519178+09:00,37.833,PARTIAL,회전 잔여 여부 불명확
logs/true_wf_pos_top8_GE.log,file,LOG_ARTIFACT,UNREFERENCED_LOG,X,X,0,,12620,0.012035,1,2026-06-03T02:19:23.922987+09:00,37.88,PARTIAL,회전 잔여 여부 불명확
logs/true_wf_pos_rest8_CSCO.log,file,LOG_ARTIFACT,UNREFERENCED_LOG,X,X,0,,12613,0.012029,1,2026-06-03T02:43:11.587644+09:00,37.863,PARTIAL,회전 잔여 여부 불명확
logs/true_wf_rescued_MSFT.log,file,LOG_ARTIFACT,UNREFERENCED_LOG,X,X,0,,12613,0.012029,1,2026-06-03T03:00:01.769695+09:00,37.852,PARTIAL,회전 잔여 여부 불명확
logs/true_wf_rescued_NVDA.log,file,LOG_ARTIFACT,UNREFERENCED_LOG,X,X,0,,12483,0.011905,1,2026-06-03T02:59:14.863739+09:00,37.852,PARTIAL,회전 잔여 여부 불명확
logs/true_wf_uncertain_BAC.log,file,LOG_ARTIFACT,UNREFERENCED_LOG,X,X,0,,12466,0.011889,1,2026-06-03T03:26:44.957187+09:00,37.833,PARTIAL,회전 잔여 여부 불명확
logs/true_wf_uncertain_META.log,file,LOG_ARTIFACT,UNREFERENCED_LOG,X,X,0,,12176,0.011612,1,2026-06-03T03:25:36.555252+09:00,37.834,PARTIAL,회전 잔여 여부 불명확
logs/true_wf_uncertain_CMCSA.log,file,LOG_ARTIFACT,UNREFERENCED_LOG,X,X,0,,12161,0.011598,1,2026-06-03T03:46:11.563091+09:00,37.82,PARTIAL,회전 잔여 여부 불명확
logs/true_wf_member_GE.log,file,LOG_ARTIFACT,UNREFERENCED_LOG,X,X,0,,12153,0.01159,1,2026-06-03T21:42:24.807367+09:00,37.072,PARTIAL,회전 잔여 여부 불명확
logs/true_wf_uncertain_IBM.log,file,LOG_ARTIFACT,UNREFERENCED_LOG,X,X,0,,12152,0.011589,1,2026-06-03T03:25:57.229232+09:00,37.834,PARTIAL,회전 잔여 여부 불명확
logs/true_wf_member_contrast_MRK_INTC_2024.log,file,LOG_ARTIFACT,UNREFERENCED_LOG,X,X,0,,12107,0.011546,1,2026-06-03T22:32:49.679524+09:00,37.037,PARTIAL,회전 잔여 여부 불명확
logs/true_wf_pos_top8_MS.log,file,LOG_ARTIFACT,UNREFERENCED_LOG,X,X,0,,12031,0.011474,1,2026-06-03T02:20:13.405940+09:00,37.879,PARTIAL,회전 잔여 여부 불명확
logs/true_wf_rescued_BA.log,file,LOG_ARTIFACT,UNREFERENCED_LOG,X,X,0,,11996,0.01144,1,2026-06-03T02:59:50.373706+09:00,37.852,PARTIAL,회전 잔여 여부 불명확
logs/true_wf_pos_top8_C.log,file,LOG_ARTIFACT,UNREFERENCED_LOG,X,X,0,,11970,0.011415,1,2026-06-03T02:21:11.151886+09:00,37.879,PARTIAL,회전 잔여 여부 불명확
logs/true_wf_uncertain_CRM.log,file,LOG_ARTIFACT,UNREFERENCED_LOG,X,X,0,,11845,0.011296,1,2026-06-03T03:44:31.845185+09:00,37.821,PARTIAL,회전 잔여 여부 불명확
logs/true_wf_pos_top8_INTC.log,file,LOG_ARTIFACT,UNREFERENCED_LOG,X,X,0,,11843,0.011294,1,2026-06-03T02:20:56.553900+09:00,37.879,PARTIAL,회전 잔여 여부 불명확
logs/true_wf_uncertain_AAPL.log,file,LOG_ARTIFACT,UNREFERENCED_LOG,X,X,0,,11703,0.011161,1,2026-06-03T03:44:41.268176+09:00,37.821,PARTIAL,회전 잔여 여부 불명확
logs/true_wf_uncertain_AMZN.log,file,LOG_ARTIFACT,UNREFERENCED_LOG,X,X,0,,11700,0.011158,1,2026-06-03T03:26:11.818219+09:00,37.833,PARTIAL,회전 잔여 여부 불명확
logs/true_wf_uncertain_GOOG.log,file,LOG_ARTIFACT,UNREFERENCED_LOG,X,X,0,,11694,0.011152,1,2026-06-03T03:44:05.398210+09:00,37.821,PARTIAL,회전 잔여 여부 불명확
logs/true_wf_pos_rest8_WFC.log,file,LOG_ARTIFACT,UNREFERENCED_LOG,X,X,0,,11542,0.011007,1,2026-06-03T02:41:35.399735+09:00,37.864,PARTIAL,회전 잔여 여부 불명확
logs/true_wf_rescued_MRK.log,file,LOG_ARTIFACT,UNREFERENCED_LOG,X,X,0,,10925,0.010419,1,2026-06-03T02:58:03.974806+09:00,37.853,PARTIAL,회전 잔여 여부 불명확
logs/true_wf_rescued_MCD.log,file,LOG_ARTIFACT,UNREFERENCED_LOG,X,X,0,,10907,0.010402,1,2026-06-03T03:09:03.274186+09:00,37.845,PARTIAL,회전 잔여 여부 불명확
logs/true_wf_pos_rest8_MAR.log,file,LOG_ARTIFACT,UNREFERENCED_LOG,X,X,0,,10763,0.010264,1,2026-06-03T02:41:09.722759+09:00,37.865,PARTIAL,회전 잔여 여부 불명확
logs/true_wf_pos_rest8_GS.log,file,LOG_ARTIFACT,UNREFERENCED_LOG,X,X,0,,10759,0.010261,1,2026-06-03T02:43:10.331645+09:00,37.863,PARTIAL,회전 잔여 여부 불명확
logs/true_wf_rescued_XOM.log,file,LOG_ARTIFACT,UNREFERENCED_LOG,X,X,0,,10452,0.009968,1,2026-06-03T02:58:29.571781+09:00,37.853,PARTIAL,회전 잔여 여부 불명확
logs/true_wf_pos_rest8_BLK.log,file,LOG_ARTIFACT,UNREFERENCED_LOG,X,X,0,,10159,0.009688,1,2026-06-03T02:41:17.315752+09:00,37.865,PARTIAL,회전 잔여 여부 불명확
logs/bulk_worker_NVDA_cutoff.log,file,LOG_ARTIFACT,UNREFERENCED_LOG,X,X,0,,8788,0.008381,1,2026-06-02T22:08:11.368150+09:00,38.054,PARTIAL,회전 잔여 여부 불명확
logs/true_wf_rescued_BX.log,file,LOG_ARTIFACT,UNREFERENCED_LOG,X,X,0,,7676,0.00732,1,2026-06-03T02:55:19.191961+09:00,37.855,PARTIAL,회전 잔여 여부 불명확
logs/bulk_pilot50.log,file,LOG_ARTIFACT,UNREFERENCED_LOG,X,X,0,,3282,0.00313,1,2026-06-03T01:28:57.597831+09:00,37.915,PARTIAL,회전 잔여 여부 불명확
logs/real_focus_news_refresh.log,file,LOG_ARTIFACT,UNREFERENCED_LOG,X,X,0,,2635,0.002513,1,2026-07-09T02:09:27.152611+09:00,1.887,PARTIAL,회전 잔여 여부 불명확
logs/dashboard_http.out,file,LOG_ARTIFACT,UNREFERENCED_LOG,X,X,0,,1450,0.001383,1,2026-06-28T19:00:38.814723+09:00,12.185,PARTIAL,회전 잔여 여부 불명확
logs/update_ticker_sentiment_batch1.log,file,LOG_ARTIFACT,UNREFERENCED_LOG,X,X,0,,1408,0.001343,1,2026-06-02T23:59:51.376858+09:00,37.977,PARTIAL,회전 잔여 여부 불명확
logs/run_bot.log,file,LOG_ARTIFACT,UNREFERENCED_LOG,X,X,0,,1024,0.000977,1,2026-06-06T05:15:32.934368+09:00,34.758,PARTIAL,회전 잔여 여부 불명확
logs/bulk_pilot8.log,file,LOG_ARTIFACT,UNREFERENCED_LOG,X,X,0,,603,0.000575,1,2026-06-03T00:08:46.874355+09:00,37.971,PARTIAL,회전 잔여 여부 불명확
logs/learn_parallel_notify_clean_spread.log,file,LOG_ARTIFACT,UNREFERENCED_LOG,X,X,0,,0,0.0,1,2026-06-02T04:13:15.158792+09:00,38.801,PARTIAL,회전 잔여 여부 불명확
logs/learn_parallel_notify_swing.log,file,LOG_ARTIFACT,UNREFERENCED_LOG,X,X,0,,0,0.0,1,2026-06-02T06:04:20.361523+09:00,38.724,PARTIAL,회전 잔여 여부 불명확
logs/true_wf_pos_top8_notify.log,file,LOG_ARTIFACT,UNREFERENCED_LOG,X,X,0,,0,0.0,1,2026-06-03T02:26:31.528584+09:00,37.875,PARTIAL,회전 잔여 여부 불명확
data/_system/ticker_sentiment_update.log.jsonl,file,UNREACHED_FILE,UNREFERENCED_SYSTEM_DATA,X,X,0,,3155568,3.009384,1,2026-06-03T06:32:24.968711+09:00,37.704,PARTIAL,동적 파일명 접근 가능성
data/_system/ticker_sentiment_update_usage.json,file,UNREACHED_FILE,UNREFERENCED_SYSTEM_DATA,X,X,0,,1649131,1.572734,1,2026-06-03T06:32:23.852712+09:00,37.704,PARTIAL,동적 파일명 접근 가능성
data/_system/ticker_universe.json,file,UNREACHED_FILE,UNREFERENCED_SYSTEM_DATA,X,X,0,,892192,0.850861,1,2026-05-28T19:36:48.585646+09:00,43.159,PARTIAL,동적 파일명 접근 가능성
data/_system/market_history.csv,file,UNREACHED_FILE,UNREFERENCED_SYSTEM_DATA,X,X,0,,276662,0.263845,1,2026-07-10T21:55:25.476488+09:00,0.063,PARTIAL,동적 파일명 접근 가능성
data/_system/market_history_v2.csv,file,UNREACHED_FILE,UNREFERENCED_SYSTEM_DATA,X,X,0,,270987,0.258433,1,2026-06-07T11:17:16.887764+09:00,33.506,PARTIAL,동적 파일명 접근 가능성
data/_system/comparison_069500.pkl,file,UNREACHED_FILE,UNREFERENCED_SYSTEM_DATA,X,X,0,,255711,0.243865,1,2026-05-26T22:46:32.315022+09:00,45.028,PARTIAL,동적 파일명 접근 가능성
data/_system/sentiment_daily.csv,file,UNREACHED_FILE,UNREFERENCED_SYSTEM_DATA,X,X,0,,87066,0.083033,1,2026-06-01T06:28:25.860572+09:00,39.707,PARTIAL,동적 파일명 접근 가능성
data/_system/holding_news_translation_cache.json,file,UNREACHED_FILE,UNREFERENCED_SYSTEM_DATA,X,X,0,,77876,0.074268,1,2026-07-09T01:49:46.322726+09:00,1.9,PARTIAL,동적 파일명 접근 가능성
data/_system/download_progress.json,file,UNREACHED_FILE,UNREFERENCED_SYSTEM_DATA,X,X,0,,72437,0.069081,1,2026-06-01T04:36:29.111592+09:00,39.785,PARTIAL,동적 파일명 접근 가능성
data/_system/holding_news_sentiment_cache.json,file,UNREACHED_FILE,UNREFERENCED_SYSTEM_DATA,X,X,0,,68233,0.065072,1,2026-07-09T01:49:46.328726+09:00,1.9,PARTIAL,동적 파일명 접근 가능성
data/_system/ga_population_dump_MSFT.json,file,UNREACHED_FILE,UNREFERENCED_SYSTEM_DATA,X,X,0,,67321,0.064202,1,2026-06-02T06:09:48.727215+09:00,38.72,PARTIAL,동적 파일명 접근 가능성
data/_system/ga_population_dump_XOM.json,file,UNREACHED_FILE,UNREFERENCED_SYSTEM_DATA,X,X,0,,67199,0.064086,1,2026-06-02T06:08:23.445295+09:00,38.721,PARTIAL,동적 파일명 접근 가능성
data/_system/ga_population_dump_KO.json,file,UNREACHED_FILE,UNREFERENCED_SYSTEM_DATA,X,X,0,,67179,0.064067,1,2026-06-02T06:08:53.495266+09:00,38.72,PARTIAL,동적 파일명 접근 가능성
data/_system/ga_population_dump_JPM.json,file,UNREACHED_FILE,UNREFERENCED_SYSTEM_DATA,X,X,0,,66964,0.063862,1,2026-06-02T06:10:02.597202+09:00,38.72,PARTIAL,동적 파일명 접근 가능성
data/_system/ga_population_dump_AAPL.json,file,UNREACHED_FILE,UNREFERENCED_SYSTEM_DATA,X,X,0,,66526,0.063444,1,2026-06-02T06:12:43.564050+09:00,38.718,PARTIAL,동적 파일명 접근 가능성
data/_system/ga_population_dump_BA.json,file,UNREACHED_FILE,UNREFERENCED_SYSTEM_DATA,X,X,0,,66245,0.063176,1,2026-06-01T22:14:10.579045+09:00,39.05,PARTIAL,동적 파일명 접근 가능성
data/_system/ga_population_dump_INTC.json,file,UNREACHED_FILE,UNREFERENCED_SYSTEM_DATA,X,X,0,,65995,0.062938,1,2026-06-01T22:15:46.352954+09:00,39.049,PARTIAL,동적 파일명 접근 가능성
data/_system/ga_population_dump_NVDA.json,file,UNREACHED_FILE,UNREFERENCED_SYSTEM_DATA,X,X,0,,65995,0.062938,1,2026-06-02T06:12:02.000089+09:00,38.718,PARTIAL,동적 파일명 접근 가능성
data/_system/market_history_v2.csv.old,file,UNREACHED_FILE,UNREFERENCED_SYSTEM_DATA,X,X,0,,62914,0.059999,1,2026-05-27T01:34:53.666568+09:00,44.911,PARTIAL,동적 파일명 접근 가능성
data/_system/per_ticker_news_cache.json,file,UNREACHED_FILE,UNREFERENCED_SYSTEM_DATA,X,X,0,,35899,0.034236,1,2026-06-09T23:06:43.992317+09:00,31.014,PARTIAL,동적 파일명 접근 가능성
data/_system/screening_universe_all.txt,file,UNREACHED_FILE,UNREFERENCED_SYSTEM_DATA,X,X,0,,29089,0.027741,1,2026-06-03T04:25:16.134887+09:00,37.792,PARTIAL,동적 파일명 접근 가능성
data/_system/safety_state.json,file,UNREACHED_FILE,UNREFERENCED_SYSTEM_DATA,X,X,0,,23761,0.02266,1,2026-07-08T23:10:43.192804+09:00,2.011,PARTIAL,동적 파일명 접근 가능성
data/_system/ticker_sentiment_update_failures.json,file,UNREACHED_FILE,UNREFERENCED_SYSTEM_DATA,X,X,0,,23508,0.022419,1,2026-06-03T06:32:24.967711+09:00,37.704,PARTIAL,동적 파일명 접근 가능성
data/_system/central_buy_candidates.json,file,UNREACHED_FILE,UNREFERENCED_SYSTEM_DATA,X,X,0,,12081,0.011521,1,2026-07-10T03:47:55.112348+09:00,0.818,PARTIAL,동적 파일명 접근 가능성
data/_system/real_focus_news_events.jsonl,file,UNREACHED_FILE,UNREFERENCED_SYSTEM_DATA,X,X,0,,12026,0.011469,1,2026-07-09T01:49:46.330726+09:00,1.9,PARTIAL,동적 파일명 접근 가능성
data/_system/true_wf_grade_GE_swing.json,file,UNREACHED_FILE,UNREFERENCED_SYSTEM_DATA,X,X,0,,10602,0.010111,1,2026-06-03T21:42:24.807367+09:00,37.072,PARTIAL,동적 파일명 접근 가능성
data/_system/live_universe_lr8d_stage1_manifest.json,file,UNREACHED_FILE,UNREFERENCED_SYSTEM_DATA,X,X,0,,8618,0.008219,1,2026-06-09T22:42:04.908708+09:00,31.031,PARTIAL,동적 파일명 접근 가능성
data/_system/symbols.json,file,UNREACHED_FILE,UNREFERENCED_SYSTEM_DATA,X,X,0,,6422,0.006124,1,2026-05-31T18:49:19.099055+09:00,40.192,PARTIAL,동적 파일명 접근 가능성
data/_system/full_screening_status.json,file,UNREACHED_FILE,UNREFERENCED_SYSTEM_DATA,X,X,0,,5129,0.004891,1,2026-06-03T06:32:25.099711+09:00,37.704,PARTIAL,동적 파일명 접근 가능성
data/_system/manual_buy_intent.json,file,UNREACHED_FILE,UNREFERENCED_SYSTEM_DATA,X,X,0,,3939,0.003757,1,2026-06-26T23:32:46.829738+09:00,13.996,PARTIAL,동적 파일명 접근 가능성
data/_system/broker_snapshot_20260625.txt,file,UNREACHED_FILE,UNREFERENCED_SYSTEM_DATA,X,X,0,,2734,0.002607,1,2026-06-25T10:38:48.577475+09:00,15.533,PARTIAL,동적 파일명 접근 가능성
data/_system/equity_snapshots.csv,file,UNREACHED_FILE,UNREFERENCED_SYSTEM_DATA,X,X,0,,2635,0.002513,1,2026-07-08T06:15:00.677952+09:00,2.716,PARTIAL,동적 파일명 접근 가능성
data/_system/true_wf_grade_WFC_swing.json,file,UNREACHED_FILE,UNREFERENCED_SYSTEM_DATA,X,X,0,,2335,0.002227,1,2026-06-03T02:41:35.399735+09:00,37.864,PARTIAL,동적 파일명 접근 가능성
data/_system/true_wf_grade_META_swing.json,file,UNREACHED_FILE,UNREFERENCED_SYSTEM_DATA,X,X,0,,2333,0.002225,1,2026-06-03T03:25:36.555252+09:00,37.834,PARTIAL,동적 파일명 접근 가능성
data/_system/true_wf_grade_MS_swing.json,file,UNREACHED_FILE,UNREFERENCED_SYSTEM_DATA,X,X,0,,2332,0.002224,1,2026-06-03T02:20:13.405940+09:00,37.879,PARTIAL,동적 파일명 접근 가능성
data/_system/true_wf_grade_DIS_swing.json,file,UNREACHED_FILE,UNREFERENCED_SYSTEM_DATA,X,X,0,,2331,0.002223,1,2026-06-03T03:46:28.693075+09:00,37.819,PARTIAL,동적 파일명 접근 가능성
data/_system/true_wf_grade_GS_swing.json,file,UNREACHED_FILE,UNREFERENCED_SYSTEM_DATA,X,X,0,,2330,0.002222,1,2026-06-03T02:43:10.331645+09:00,37.863,PARTIAL,동적 파일명 접근 가능성
data/_system/true_wf_grade_KO_swing.json,file,UNREACHED_FILE,UNREFERENCED_SYSTEM_DATA,X,X,0,,2329,0.002221,1,2026-06-03T03:45:08.435150+09:00,37.82,PARTIAL,동적 파일명 접근 가능성
data/_system/true_wf_grade_XOM_swing.json,file,UNREACHED_FILE,UNREFERENCED_SYSTEM_DATA,X,X,0,,2329,0.002221,1,2026-06-03T02:58:29.571781+09:00,37.853,PARTIAL,동적 파일명 접근 가능성
data/_system/true_wf_grade_AAPL_swing.json,file,UNREACHED_FILE,UNREFERENCED_SYSTEM_DATA,X,X,0,,2328,0.00222,1,2026-06-03T03:44:41.268176+09:00,37.821,PARTIAL,동적 파일명 접근 가능성
data/_system/true_wf_grade_DAL_swing.json,file,UNREACHED_FILE,UNREFERENCED_SYSTEM_DATA,X,X,0,,2328,0.00222,1,2026-06-03T02:21:21.412876+09:00,37.878,PARTIAL,동적 파일명 접근 가능성
data/_system/true_wf_grade_LMT_swing.json,file,UNREACHED_FILE,UNREFERENCED_SYSTEM_DATA,X,X,0,,2328,0.00222,1,2026-06-03T02:59:25.548729+09:00,37.852,PARTIAL,동적 파일명 접근 가능성
data/_system/true_wf_grade_AMD_swing.json,file,UNREACHED_FILE,UNREFERENCED_SYSTEM_DATA,X,X,0,,2327,0.002219,1,2026-06-03T03:11:48.466030+09:00,37.843,PARTIAL,동적 파일명 접근 가능성
data/_system/true_wf_grade_BX_swing.json,file,UNREACHED_FILE,UNREFERENCED_SYSTEM_DATA,X,X,0,,2327,0.002219,1,2026-06-03T02:55:19.191961+09:00,37.855,PARTIAL,동적 파일명 접근 가능성
data/_system/true_wf_grade_BMY_swing.json,file,UNREACHED_FILE,UNREFERENCED_SYSTEM_DATA,X,X,0,,2325,0.002217,1,2026-06-03T03:27:26.631148+09:00,37.833,PARTIAL,동적 파일명 접근 가능성
data/_system/true_wf_grade_CRM_swing.json,file,UNREACHED_FILE,UNREFERENCED_SYSTEM_DATA,X,X,0,,2325,0.002217,1,2026-06-03T03:44:31.845185+09:00,37.821,PARTIAL,동적 파일명 접근 가능성
data/_system/true_wf_grade_T_swing.json,file,UNREACHED_FILE,UNREFERENCED_SYSTEM_DATA,X,X,0,,2325,0.002217,1,2026-06-03T02:44:32.026569+09:00,37.862,PARTIAL,동적 파일명 접근 가능성
data/_system/true_wf_grade_C_swing.json,file,UNREACHED_FILE,UNREFERENCED_SYSTEM_DATA,X,X,0,,2324,0.002216,1,2026-06-03T02:21:11.151886+09:00,37.879,PARTIAL,동적 파일명 접근 가능성
data/_system/true_wf_grade_JPM_swing.json,file,UNREACHED_FILE,UNREFERENCED_SYSTEM_DATA,X,X,0,,2324,0.002216,1,2026-06-03T02:21:22.500875+09:00,37.878,PARTIAL,동적 파일명 접근 가능성
data/_system/true_wf_grade_GOOG_swing.json,file,UNREACHED_FILE,UNREFERENCED_SYSTEM_DATA,X,X,0,,2321,0.002213,1,2026-06-03T03:44:05.398210+09:00,37.821,PARTIAL,동적 파일명 접근 가능성
data/_system/true_wf_grade_GOOGL_swing.json,file,UNREACHED_FILE,UNREFERENCED_SYSTEM_DATA,X,X,0,,2320,0.002213,1,2026-06-03T03:26:54.519178+09:00,37.833,PARTIAL,동적 파일명 접근 가능성
data/_system/true_wf_grade_INTC_swing.json,file,UNREACHED_FILE,UNREFERENCED_SYSTEM_DATA,X,X,0,,2319,0.002212,1,2026-06-03T02:20:56.553900+09:00,37.879,PARTIAL,동적 파일명 접근 가능성
data/_system/true_wf_grade_GM_swing.json,file,UNREACHED_FILE,UNREFERENCED_SYSTEM_DATA,X,X,0,,2316,0.002209,1,2026-06-03T02:44:16.332584+09:00,37.863,PARTIAL,동적 파일명 접근 가능성
data/_system/true_wf_grade_F_swing.json,file,UNREACHED_FILE,UNREFERENCED_SYSTEM_DATA,X,X,0,,2312,0.002205,1,2026-06-03T02:43:48.370610+09:00,37.863,PARTIAL,동적 파일명 접근 가능성
data/_system/true_wf_grade_MCD_swing.json,file,UNREACHED_FILE,UNREFERENCED_SYSTEM_DATA,X,X,0,,2312,0.002205,1,2026-06-03T03:09:03.274186+09:00,37.845,PARTIAL,동적 파일명 접근 가능성
data/_system/true_wf_grade_COP_swing.json,file,UNREACHED_FILE,UNREFERENCED_SYSTEM_DATA,X,X,0,,2311,0.002204,1,2026-06-03T02:58:52.150760+09:00,37.852,PARTIAL,동적 파일명 접근 가능성
data/_system/true_wf_grade_PFE_swing.json,file,UNREACHED_FILE,UNREFERENCED_SYSTEM_DATA,X,X,0,,2311,0.002204,1,2026-06-03T03:46:20.466083+09:00,37.819,PARTIAL,동적 파일명 접근 가능성
data/_system/true_wf_grade_AMZN_swing.json,file,UNREACHED_FILE,UNREFERENCED_SYSTEM_DATA,X,X,0,,2310,0.002203,1,2026-06-03T03:26:11.818219+09:00,37.833,PARTIAL,동적 파일명 접근 가능성
data/_system/true_wf_grade_CMCSA_swing.json,file,UNREACHED_FILE,UNREFERENCED_SYSTEM_DATA,X,X,0,,2310,0.002203,1,2026-06-03T03:46:11.563091+09:00,37.82,PARTIAL,동적 파일명 접근 가능성
data/_system/true_wf_grade_CSCO_swing.json,file,UNREACHED_FILE,UNREFERENCED_SYSTEM_DATA,X,X,0,,2310,0.002203,1,2026-06-03T02:43:11.587644+09:00,37.863,PARTIAL,동적 파일명 접근 가능성
data/_system/true_wf_grade_WMT_swing.json,file,UNREACHED_FILE,UNREFERENCED_SYSTEM_DATA,X,X,0,,2310,0.002203,1,2026-06-03T02:20:36.222919+09:00,37.879,PARTIAL,동적 파일명 접근 가능성
data/_system/true_wf_grade_MAR_swing.json,file,UNREACHED_FILE,UNREFERENCED_SYSTEM_DATA,X,X,0,,2308,0.002201,1,2026-06-03T02:41:09.722759+09:00,37.865,PARTIAL,동적 파일명 접근 가능성
data/_system/true_wf_grade_IBM_swing.json,file,UNREACHED_FILE,UNREFERENCED_SYSTEM_DATA,X,X,0,,2307,0.0022,1,2026-06-03T03:25:57.229232+09:00,37.834,PARTIAL,동적 파일명 접근 가능성
data/_system/true_wf_grade_NVDA_swing.json,file,UNREACHED_FILE,UNREFERENCED_SYSTEM_DATA,X,X,0,,2306,0.002199,1,2026-06-03T02:59:14.863739+09:00,37.852,PARTIAL,동적 파일명 접근 가능성
data/_system/true_wf_grade_NFLX_swing.json,file,UNREACHED_FILE,UNREFERENCED_SYSTEM_DATA,X,X,0,,2305,0.002198,1,2026-06-03T03:26:26.673205+09:00,37.833,PARTIAL,동적 파일명 접근 가능성
data/_system/true_wf_grade_BAC_swing.json,file,UNREACHED_FILE,UNREFERENCED_SYSTEM_DATA,X,X,0,,2304,0.002197,1,2026-06-03T03:26:44.957187+09:00,37.833,PARTIAL,동적 파일명 접근 가능성
data/_system/true_wf_grade_BA_swing.json,file,UNREACHED_FILE,UNREFERENCED_SYSTEM_DATA,X,X,0,,2304,0.002197,1,2026-06-03T02:59:50.373706+09:00,37.852,PARTIAL,동적 파일명 접근 가능성
data/_system/true_wf_grade_LLY_swing.json,file,UNREACHED_FILE,UNREFERENCED_SYSTEM_DATA,X,X,0,,2304,0.002197,1,2026-06-03T03:25:20.723267+09:00,37.834,PARTIAL,동적 파일명 접근 가능성
data/_system/true_wf_grade_BLK_swing.json,file,UNREACHED_FILE,UNREFERENCED_SYSTEM_DATA,X,X,0,,2303,0.002196,1,2026-06-03T02:41:17.315752+09:00,37.865,PARTIAL,동적 파일명 접근 가능성
data/_system/true_wf_grade_TSLA_swing.json,file,UNREACHED_FILE,UNREFERENCED_SYSTEM_DATA,X,X,0,,2294,0.002188,1,2026-06-03T02:21:25.653872+09:00,37.878,PARTIAL,동적 파일명 접근 가능성
data/_system/true_wf_grade_CVX_swing.json,file,UNREACHED_FILE,UNREFERENCED_SYSTEM_DATA,X,X,0,,2292,0.002186,1,2026-06-03T03:45:06.018153+09:00,37.82,PARTIAL,동적 파일명 접근 가능성
data/_system/true_wf_grade_MSFT_swing.json,file,UNREACHED_FILE,UNREFERENCED_SYSTEM_DATA,X,X,0,,2291,0.002185,1,2026-06-03T03:00:01.768695+09:00,37.852,PARTIAL,동적 파일명 접근 가능성
data/_system/true_wf_grade_MRK_swing.json,file,UNREACHED_FILE,UNREFERENCED_SYSTEM_DATA,X,X,0,,2287,0.002181,1,2026-06-03T02:58:03.974806+09:00,37.853,PARTIAL,동적 파일명 접근 가능성
data/_system/true_wf_grade_KHC_swing.json,file,UNREACHED_FILE,UNREFERENCED_SYSTEM_DATA,X,X,0,,2273,0.002168,1,2026-06-03T03:11:46.057033+09:00,37.843,PARTIAL,동적 파일명 접근 가능성
data/_system/true_wf_grade_XOM.json,file,UNREACHED_FILE,UNREFERENCED_SYSTEM_DATA,X,X,0,,1996,0.001904,1,2026-06-02T03:10:23.062337+09:00,38.844,PARTIAL,동적 파일명 접근 가능성
data/_system/true_wf_grade_KO.json,file,UNREACHED_FILE,UNREFERENCED_SYSTEM_DATA,X,X,0,,1992,0.0019,1,2026-06-02T03:03:56.827700+09:00,38.849,PARTIAL,동적 파일명 접근 가능성
data/_system/true_wf_grade_MSFT.json,file,UNREACHED_FILE,UNREFERENCED_SYSTEM_DATA,X,X,0,,1992,0.0019,1,2026-06-02T03:04:18.867679+09:00,38.849,PARTIAL,동적 파일명 접근 가능성
data/_system/true_wf_grade_AAPL.json,file,UNREACHED_FILE,UNREFERENCED_SYSTEM_DATA,X,X,0,,1991,0.001899,1,2026-06-02T03:09:09.163406+09:00,38.845,PARTIAL,동적 파일명 접근 가능성
data/_system/true_wf_grade_NVDA.json,file,UNREACHED_FILE,UNREFERENCED_SYSTEM_DATA,X,X,0,,1991,0.001899,1,2026-06-02T03:03:50.435706+09:00,38.849,PARTIAL,동적 파일명 접근 가능성
data/_system/true_wf_grade_JPM.json,file,UNREACHED_FILE,UNREFERENCED_SYSTEM_DATA,X,X,0,,1988,0.001896,1,2026-06-02T03:07:10.821517+09:00,38.847,PARTIAL,동적 파일명 접근 가능성
data/_system/manual_sell_intent.json,file,UNREACHED_FILE,UNREFERENCED_SYSTEM_DATA,X,X,0,,1953,0.001863,1,2026-07-08T23:10:43.405803+09:00,2.011,PARTIAL,동적 파일명 접근 가능성
data/_system/telegram_position_dashboard.json,file,UNREACHED_FILE,UNREFERENCED_SYSTEM_DATA,X,X,0,,931,0.000888,1,2026-07-09T02:02:57.097310+09:00,1.891,PARTIAL,동적 파일명 접근 가능성
data/_system/news_alert_state.json,file,UNREACHED_FILE,UNREFERENCED_SYSTEM_DATA,X,X,0,,750,0.000715,1,2026-06-26T23:30:33.372977+09:00,13.997,PARTIAL,동적 파일명 접근 가능성
data/_system/kis_token.json,file,UNREACHED_FILE,UNREFERENCED_SYSTEM_DATA,X,X,0,,476,0.000454,1,2026-05-26T22:39:27.586812+09:00,45.033,PARTIAL,동적 파일명 접근 가능성
data/_system/paper_state.json,file,UNREACHED_FILE,UNREFERENCED_SYSTEM_DATA,X,X,0,,102,9.7e-05,1,2026-06-02T19:24:24.731381+09:00,38.168,PARTIAL,동적 파일명 접근 가능성
data/_system/positions.json.initialized,file,UNREACHED_FILE,UNREFERENCED_SYSTEM_DATA,X,X,0,,25,2.4e-05,1,2026-06-25T10:39:55.779355+09:00,15.532,PARTIAL,동적 파일명 접근 가능성
