ticker,date,regime,position_independent_daily_evaluation,holding_state_ignored_for_candidate_generation,feature_cutoff,entry_open_d0,entry_high_d0,entry_low_d0,entry_close_d0,future_high_d1,future_high_d2,forward_max_return_pct,label_2d3pct,ret_d5_pct,ret_d4_pct,ret_d3_pct,ret_d2_pct,ret_d1_pct,cumulative_ret5_pct,up_days5,days_since_high5,close_pos5,pullback_from_high5_pct,single_up_day5_pct,fade_after_surge_score
BELFB,2020-06-16,stress,True,True,D-1,10.4499998093,10.9099998474,10.2100000381,10.3100004196,10.8100004196,10.279999733,3.444981979613204,1,2.3148162802318906,-14.027153682442261,-21.842103986119533,7.070708476197463,4.821803354187826,-22.839506399677067,3.0,4.0,0.2330096889605604,39.499998093,7.070708476197463,2.3148162802318906
BELFB,2020-06-17,stress,True,True,D-1,10.4600000381,10.8100004196,10.1800003052,10.3900003433,10.279999733,10.25,-1.7208442107491284,0,-14.027153682442261,-21.842103986119533,7.070708476197463,4.821803354187826,3.1000041960000058,-22.247358660450946,3.0,4.0,0.33856507084012816,28.612994076041474,7.070708476197463,7.070708476197463
BELFB,2020-06-18,stress,True,True,D-1,10.279999733,10.279999733,9.56999969482,10.0100002289,10.25,9.84000015259,-0.2918262040775943,0,-21.842103986119533,7.070708476197463,4.821803354187826,3.1000041960000058,0.7759449121642614,-8.859643061399458,4.0,4.0,0.7227274047344538,5.8710263382556915,7.070708476197463,7.070708476197463
BELFB,2020-06-19,stress,True,True,D-1,10.1999998093,10.25,9.71000003815,9.73999977112,9.84000015259,10.0399999619,-1.5686259842291106,0,7.070708476197463,4.821803354187826,3.1000041960000058,0.7759449121642614,-3.6573638291075183,12.345683505367866,4.0,2.0,0.5161291480497956,8.991004974221672,7.070708476197463,9.980506521692012
BELFB,2020-06-22,stress,True,True,D-1,9.48999977112,9.84000015259,9.42000007629,9.80000019073,10.0399999619,9.18000030518,5.795576438829442,1,4.821803354187826,3.1000041960000058,0.7759449121642614,-3.6573638291075183,-2.697307208849775,2.0964340678174986,3.0,3.0,0.3709675848141408,12.012321393981518,4.821803354187826,11.077824053928742
BELFB,2020-06-23,stress,True,True,D-1,10.0399999619,10.0399999619,9.31999969482,9.43999958038,9.18000030518,9.31000041962,-7.270911803289016,0,3.1000041960000058,0.7759449121642614,-3.6573638291075183,-2.697307208849775,0.6160207496914483,-1.999998092700006,3.0,4.0,0.25503367302997115,11.326526888437915,3.1000041960000058,5.1979066272477725
BELFB,2020-06-24,stress,True,True,D-1,9.09000015259,9.18000030518,8.64000034332,8.72999954224,9.31000041962,9.81999969482,8.03079790952481,1,0.7759449121642614,-3.6573638291075183,-2.697307208849775,0.6160207496914483,-3.6734755443222356,-8.438417107782747,2.0,4.0,0.0805367967708328,14.51272139955806,0.7759449121642614,3.8560290783829165
BELFB,2020-06-25,stress,True,True,D-1,8.69999980927,9.31000041962,8.69999980927,9.30000019073,9.81999969482,10.4399995804,19.999997807770065,1,-3.6573638291075183,-2.697307208849775,0.6160207496914483,-3.6734755443222356,-7.52118717902972,-15.976908048231719,1.0,4.0,0.05487758073956365,17.75487138642269,0.6160207496914483,11.534394501379051
BELFB,2020-06-26,stress,True,True,D-1,9.25,9.81999969482,8.94999980927,9.69999980927,10.4399995804,10.7299995422,15.9999950508108,1,-2.697307208849775,0.6160207496914483,-3.6734755443222356,-7.52118717902972,6.529217392647713,-7.092907312031316,2.0,4.0,0.40993788083843014,10.215051503084215,6.529217392647713,2.0990651975002605
BELFB,2020-06-29,stress,True,True,D-1,9.71000003815,10.4399995804,9.56000041962,10.3299999237,10.7299995422,10.8800001144,12.049434311566841,1,0.6160207496914483,-3.6734755443222356,-7.52118717902972,6.529217392647713,4.301071078887819,-0.4106772360365385,3.0,3.0,0.7571426819566874,3.5051562816018844,6.529217392647713,0.6160207496914483
BELFB,2020-06-30,stress,True,True,D-1,10.1999998093,10.7299995422,10.0100002289,10.7299995422,10.8800001144,10.6199998856,6.666669782483714,1,-3.6734755443222356,-7.52118717902972,6.529217392647713,4.301071078887819,6.494846668222909,5.4081604352552715,3.0,0.0,0.9388890537095763,1.0648563166745895,6.529217392647713,6.529217392647713
BELFB,2020-07-01,stress,True,True,D-1,10.8800001144,10.8800001144,10.0900001526,10.1599998474,10.6199998856,10.2899999619,-2.3897079601670312,0,-7.52118717902972,6.529217392647713,4.301071078887819,6.494846668222909,3.8722131796175896,13.665254440276907,4.0,0.0,1.0,0.0,6.529217392647713,6.529217392647713
BELFB,2020-07-02,stress,True,True,D-1,10.5100002289,10.6199998856,9.69999980927,9.89000034332,10.2899999619,10.3599996567,-1.427217592132246,0,6.529217392647713,4.301071078887819,6.494846668222909,3.8722131796175896,-5.312206142770548,16.380302178035187,4.0,0.0,0.6697246943930752,7.086616907619847,6.529217392647713,8.174910302189476
BELFB,2020-07-06,stress,True,True,D-1,10.2299995422,10.2899999619,9.67000007629,9.73999977112,10.3599996567,10.0500001907,1.2707734146393035,0,4.301071078887819,6.494846668222909,3.8722131796175896,-5.312206142770548,-2.657475473772708,6.3440875321497,3.0,1.0,0.48704683183285014,10.01010856130733,6.494846668222909,14.323357709405782
BELFB,2020-07-07,stress,True,True,D-1,9.53999996185,10.3599996567,9.53999996185,9.96000003815,10.0500001907,9.81000041962,5.345914369910543,1,6.494846668222909,3.8722131796175896,-5.312206142770548,-2.657475473772708,-1.5166892516977004,0.41237074883004876,2.0,2.0,0.13636317660664388,11.704315914464436,6.494846668222909,10.628705748816103
BELFB,2020-07-08,stress,True,True,D-1,9.85000038147,10.0500001907,9.60000038147,9.88000011444,9.81000041962,10.1099996567,2.639586448332687,0,3.8722131796175896,-5.312206142770548,-2.657475473772708,-1.5166892516977004,2.2587296940429047,-3.5817994993505686,2.0,3.0,0.31343285707896795,9.236948521346422,3.8722131796175896,3.8722131796175896
BELFB,2020-07-09,stress,True,True,D-1,9.81000041962,9.81000041962,9.14000034332,9.53999996185,10.1099996567,10.1599998474,3.567781985819307,1,-5.312206142770548,-2.657475473772708,-1.5166892516977004,2.2587296940429047,-0.8032120823652011,-7.921709823164846,1.0,4.0,0.253731428271097,10.121457372236886,2.2587296940429047,0.0
BELFB,2020-07-10,stress,True,True,D-1,9.76000022888,10.1099996567,9.60000038147,10.0900001526,10.1599998474,9.81999969482,4.09835665102134,1,-2.657475473772708,-1.5166892516977004,2.2587296940429047,-0.8032120823652011,-3.4412970511313645,-6.10236116990357,1.0,4.0,0.2702700961067759,11.320753962986041,2.2587296940429047,6.475597913834707
BELFB,2020-07-13,stress,True,True,D-1,10.1599998474,10.1599998474,9.78999996185,9.82999992371,9.81999969482,10.7100000381,5.413387785047541,1,-1.5166892516977004,2.2587296940429047,-0.8032120823652011,-3.4412970511313645,5.765201183956226,2.022242692995313,2.0,3.0,0.7786888065109088,2.6759117940194033,5.765201183956226,2.2587296940429047
BELFB,2020-07-14,stress,True,True,D-1,9.64999961853,9.81999969482,9.47999954224,9.55000019073,10.7100000381,10.4600000381,10.984460740646874,1,2.2587296940429047,-0.8032120823652011,-3.4412970511313645,5.765201183956226,-2.576810951018693,0.9240262290031831,2.0,4.0,0.5655737448559384,5.391655514784266,5.765201183956226,2.2587296940429047
BELFB,2020-07-15,stress,True,True,D-1,9.96000003815,10.7100000381,9.96000003815,10.5500001907,10.4600000381,10.8599996567,9.036140713882656,1,-0.8032120823652011,-3.4412970511313645,5.765201183956226,-2.576810951018693,-2.8484205000311347,-4.116464315758728,1.0,1.0,0.4019608301474649,6.387430832327268,5.765201183956226,11.117034223630196
BELFB,2020-07-16,stress,True,True,D-1,10.4200000763,10.4600000381,10.0900001526,10.3199996948,10.8599996567,10.7399997711,4.222644694607691,1,-3.4412970511313645,5.765201183956226,-2.576810951018693,-2.8484205000311347,10.471203979039512,6.781377211532313,2.0,0.0,0.8980892493597457,1.5165862038660771,10.471203979039512,5.765201183956226
BELFB,2020-07-17,stress,True,True,D-1,10.2899999619,10.8599996567,10.2899999619,10.6700000763,10.7399997711,11.8299999237,14.965986078737048,1,5.765201183956226,-2.576810951018693,-2.8484205000311347,10.471203979039512,-2.1800994477966906,8.176097862360376,2.0,1.0,0.6829266779869733,3.779073205753214,10.471203979039512,5.765201183956226
BELFB,2020-07-20,stress,True,True,D-1,10.6000003815,10.7399997711,10.2600002289,10.720000267,11.8299999237,11.8800001144,12.075468743698936,1,-2.576810951018693,-2.8484205000311347,10.471203979039512,-2.1800994477966906,3.391476665220794,5.748264766384015,2.0,0.0,0.8623191560572094,1.7806895880162488,10.471203979039512,10.471203979039512
BELFB,2020-07-21,stress,True,True,D-1,11.0399999619,11.8299999237,10.3699998856,11.8299999237,11.8800001144,11.5399999619,7.608697059772762,1,-2.8484205000311347,10.471203979039512,-2.1800994477966906,3.391476665220794,0.46860534529011844,9.053920144427629,3.0,1.0,0.8985511752984294,1.3059644236294243,10.471203979039512,10.471203979039512
BELFB,2020-07-22,stress,True,True,D-1,11.8500003815,11.8800001144,11.3599996567,11.4600000381,11.5399999619,11.1700000763,-2.616037211981581,0,10.471203979039512,-2.1800994477966906,3.391476665220794,0.46860534529011844,10.354474151618987,23.874342276800718,4.0,0.0,1.0,0.0,10.471203979039512,10.471203979039512
BELFB,2020-07-23,stress,True,True,D-1,11.4099998474,11.5399999619,11.1199998856,11.1599998474,11.1700000763,10.9399995804,-2.1034160763349186,0,-2.1800994477966906,3.391476665220794,0.46860534529011844,10.354474151618987,-3.1276406423194403,8.6255908147014,3.0,0.0,0.7653630808585868,3.664922119578229,10.354474151618987,3.391476665220794
BELFB,2020-07-24,stress,True,True,D-1,11.0699996948,11.1700000763,10.5900001526,10.5900001526,10.9399995804,10.6300001144,-1.1743461425845036,0,3.391476665220794,0.46860534529011844,10.354474151618987,-3.1276406423194403,-2.617802702466121,8.139536603118858,3.0,1.0,0.5555553593278328,6.451615383917253,10.354474151618987,16.018042035146486
BELFB,2020-07-27,stress,True,True,D-1,10.529999733,10.9399995804,10.2899999619,10.4600000381,10.6300001144,11.0,4.463440445559219,1,0.46860534529011844,10.354474151618987,-3.1276406423194403,-2.617802702466121,-5.1075242167928465,-0.7497649777687743,2.0,2.0,0.20370367100251302,12.181302579899267,10.354474151618987,17.946096163901636
BELFB,2020-07-28,stress,True,True,D-1,10.3100004196,10.6300001144,10.1400003433,10.3400001526,11.0,12.3000001907,19.30164587885834,1,10.354474151618987,-3.1276406423194403,-2.617802702466121,-5.1075242167928465,-1.2275742457669603,-2.425375209181413,1.0,3.0,0.10691827666349919,13.575526492616863,10.354474151618987,16.62687396229714
BELFB,2020-07-29,stress,True,True,D-1,10.5200004578,11.0,10.3800001144,10.9899997711,12.3000001907,13.7899999619,31.083644123565367,1,-3.1276406423194403,-2.617802702466121,-5.1075242167928465,-1.2275742457669603,-1.1472264346358285,-12.595095356805231,0.0,4.0,0.11494243425880621,14.89361643203424,-1.1472264346358285,2.3607176241505656
BELFB,2020-07-30,stress,True,True,D-1,10.6599998474,12.3000001907,10.6599998474,12.3000001907,13.7899999619,13.0,29.36210280775393,1,-2.617802702466121,-5.1075242167928465,-1.2275742457669603,-1.1472264346358285,6.286263142235615,-4.10122395669662,1.0,4.0,0.607142613831567,5.00455143089551,6.286263142235615,0.0
BELFB,2020-07-31,stress,True,True,D-1,13.3900003433,13.7899999619,12.0600004196,12.1999998093,13.0,12.9200000763,-2.912623848401519,0,-5.1075242167928465,-1.2275742457669603,-1.1472264346358285,6.286263142235615,11.919931272836415,10.215056979284753,2.0,0.0,1.0,0.0,11.919931272836415,0.0
BELFB,2020-08-03,stress,True,True,D-1,13.0,13.0,11.7399997711,12.5900001526,12.9200000763,13.0900001526,0.6923088661538568,0,-1.2275742457669603,-1.1472264346358285,6.286263142235615,11.919931272836415,-0.813011218289339,15.2030182577922,2.0,0.0,0.564383474316673,13.032788339783007,11.919931272836415,6.286263142235615
BELFB,2020-08-04,stress,True,True,D-1,12.6899995804,12.9200000763,12.470000267,12.8100004196,13.0900001526,13.25,4.412927014315526,1,-1.1472264346358285,6.286263142235615,11.919931272836415,-0.813011218289339,3.196724175378307,20.363289739403314,3.0,1.0,0.6712328946049935,9.531372476212274,11.919931272836415,11.919931272836415
BELFB,2020-08-05,stress,True,True,D-1,12.720000267,13.0900001526,12.5,13.0699996948,13.25,13.1700000763,4.166664480149418,1,6.286263142235615,11.919931272836415,-0.813011218289339,3.196724175378307,1.7474206857302388,23.8878165430096,4.0,2.0,0.7126100920448796,7.650269400464249,11.919931272836415,11.919931272836415
BELFB,2020-08-06,stress,True,True,D-1,13.0699996948,13.25,12.4099998474,12.5200004578,13.1700000763,13.4899997711,3.213466611381044,1,11.919931272836415,-0.813011218289339,3.196724175378307,1.7474206857302388,2.02965860018387,18.926296333232862,4.0,3.0,0.7699679741976573,5.508800948070847,11.919931272836415,11.919931272836415
BELFB,2020-08-07,stress,True,True,D-1,12.4600000381,13.1700000763,12.3500003815,12.9899997711,13.4899997711,13.5,8.346709139004037,1,-0.813011218289339,3.196724175378307,1.7474206857302388,2.02965860018387,-4.208104436443261,1.7886200299926935,3.0,4.0,0.38048810444042414,10.14376563627668,3.196724175378307,5.460580165236695
BELFB,2020-08-10,stress,True,True,D-1,13.0399999619,13.4899997711,13.029999733,13.3199996948,13.5,13.9300003052,6.8251560268434375,1,3.196724175378307,1.7474206857302388,2.02965860018387,-4.208104436443261,3.753987988132934,6.475409624168904,4.0,1.0,0.8278144440485261,2.0015414432758005,3.753987988132934,3.8088123587608047
BELFB,2020-08-11,stress,True,True,D-1,13.3500003815,13.5,13.0100002289,13.3500003815,13.9300003052,13.6800003052,4.34456859270016,1,1.7474206857302388,2.02965860018387,-4.208104436443261,3.753987988132934,2.5404151617783644,5.798248874915579,4.0,0.0,0.8508770462064459,1.2762768783423306,3.753987988132934,2.02965860018387
BELFB,2020-08-12,stress,True,True,D-1,13.5,13.9300003052,13.3999996185,13.7700004578,13.6800003052,13.9399995804,3.2592561511111118,1,2.02965860018387,-4.208104436443261,3.753987988132934,2.5404151617783644,0.2252303857913196,4.215456238969129,4.0,0.0,0.8695655058602085,1.1235926158314147,3.753987988132934,3.753987988132934
BELFB,2020-08-13,stress,True,True,D-1,13.6400003433,13.6800003052,13.4300003052,13.6800003052,13.9399995804,13.3100004196,2.1994078412715057,0,-4.208104436443261,3.753987988132934,2.5404151617783644,0.2252303857913196,3.1460678973614264,5.35578255046556,4.0,0.0,0.898734268907231,1.1619451131489766,3.753987988132934,3.753987988132934
BELFB,2020-08-14,stress,True,True,D-1,13.4899997711,13.9399995804,12.5,12.9499998093,13.3100004196,13.3100004196,-1.3343169351686668,0,3.753987988132934,2.5404151617783644,0.2252303857913196,3.1460678973614264,-0.653595857718503,9.265174161214329,4.0,1.0,0.8417721442577308,1.827485339345869,3.753987988132934,3.753987988132934
BELFB,2020-08-17,stress,True,True,D-1,13.0100002289,13.3100004196,12.9600000381,13.1800003052,13.3100004196,12.8500003815,2.305919949436963,0,2.5404151617783644,0.2252303857913196,3.1460678973614264,-0.653595857718503,-5.33626081588986,-0.30792888764319404,3.0,0.0,0.31249995862845975,7.644785989796188,3.1460678973614264,9.101046991320082
BELFB,2020-08-18,stress,True,True,D-1,13.3100004196,13.3100004196,12.1800003052,12.1800003052,12.8500003815,12.7299995422,-3.456048261445699,0,0.2252303857913196,3.1460678973614264,-0.653595857718503,-5.33626081588986,1.7760656315595202,-1.051046492551,3.0,1.0,0.4722225717670771,5.766306962073076,3.1460678973614264,6.801038576053164
BELFB,2020-08-19,stress,True,True,D-1,12.3500003815,12.8500003815,12.1300001144,12.3599996567,12.7299995422,12.2399997711,3.076916185923606,1,3.1460678973614264,-0.653595857718503,-5.33626081588986,1.7760656315595202,-7.587253238571345,-8.764045264907615,2.0,2.0,0.0,14.449911585376608,3.1460678973614264,9.092010101522908
BELFB,2020-08-20,stress,True,True,D-1,12.1499996185,12.7299995422,12.1499996185,12.3999996185,12.2399997711,12.3800001144,1.893008256146711,0,-0.653595857718503,-5.33626081588986,1.7760656315595202,-7.587253238571345,1.4778271509825247,-10.23965689341214,2.0,3.0,0.12707160782112617,12.783171258775305,1.7760656315595202,7.99761820752175
BELFB,2020-08-21,stress,True,True,D-1,12.2299995422,12.2399997711,11.8500003815,11.9099998474,12.3800001144,12.1599998474,1.2264969567858053,0,-5.33626081588986,1.7760656315595202,-7.587253238571345,1.4778271509825247,0.3236242953964741,-9.356729957187572,3.0,4.0,0.14917104074990986,12.419354913547087,1.7760656315595202,1.7760656315595202
BELFB,2020-08-24,stress,True,True,D-1,12.0500001907,12.3800001144,11.8699998856,11.9600000381,12.1599998474,12.6099996567,4.647298399482169,1,1.7760656315595202,-7.587253238571345,1.4778271509825247,0.3236242953964741,-3.951611178833847,-8.030887854941337,3.0,4.0,0.04109552351661729,11.754832830712637,1.7760656315595202,5.416840888831209
BELFB,2020-08-25,stress,True,True,D-1,12.1599998474,12.1599998474,11.7700004578,11.8000001907,12.6099996567,12.2700004578,3.7006563729210518,1,-7.587253238571345,1.4778271509825247,0.3236242953964741,-3.951611178833847,0.41981688783074844,-9.256450977612374,3.0,4.0,0.07534222858182348,11.287628571901443,1.4778271509825247,5.02621097305579
BELFB,2020-08-26,stress,True,True,D-1,11.8900003433,12.6099996567,11.6099996567,11.779999733,12.2700004578,11.9799995422,3.195963864829743,1,1.4778271509825247,0.3236242953964741,-3.951611178833847,0.41981688783074844,-1.3377913619590398,-3.11986949899965,3.0,4.0,0.02777753242539454,8.898306557889214,1.4778271509825247,2.4014178991722757
BELFB,2020-08-27,stress,True,True,D-1,11.9499998093,12.2700004578,11.5500001907,11.7100000381,11.9799995422,12.4300003052,4.016740615564229,1,0.3236242953964741,-3.951611178833847,0.41981688783074844,-1.3377913619590398,-0.16949540149807651,-4.69255614732641,2.0,4.0,0.15178579792810243,8.06451469212439,0.41981688783074844,1.9248361564477068
BELFB,2020-08-28,stress,True,True,D-1,11.8299999237,11.9799995422,11.6400003433,11.8599996567,12.4300003052,12.4399995804,5.1563792107719,1,-3.951611178833847,0.41981688783074844,-1.3377913619590398,-0.16949540149807651,-0.5942249277298806,-5.56451291635981,1.0,1.0,0.15094332830541266,7.685735402832905,0.41981688783074844,1.1825300331316457
BELFB,2020-08-31,stress,True,True,D-1,11.8400001526,12.4300003052,11.6199998856,12.0200004578,12.4399995804,12.3199996948,5.06756266948396,1,0.41981688783074844,-1.3377913619590398,-0.16949540149807651,-0.5942249277298806,1.2809531862677748,-0.41981688783073734,2.0,2.0,0.2924524737449247,6.323777586083712,1.2809531862677748,0.41981688783074844
BELFB,2020-09-01,stress,True,True,D-1,12.0,12.4399995804,11.7100000381,12.1599998474,12.3199996948,12.7700004578,6.416670481666675,1,-1.3377913619590398,-0.16949540149807651,-0.5942249277298806,1.2809531862677748,1.3490793063354989,0.501675748401853,2.0,3.0,0.4433967017677725,4.908479005232791,1.3490793063354989,0.0
BELFB,2020-09-02,stress,True,True,D-1,12.0900001526,12.3199996948,11.4600000381,11.720000267,12.7700004578,11.6999998093,5.624485497245946,1,-0.16949540149807651,-0.5942249277298806,1.2809531862677748,1.3490793063354989,1.164720335007563,3.050844499000327,3.0,4.0,0.5754716641527063,3.7006563729210518,1.3490793063354989,1.2809531862677748
BELFB,2020-09-03,stress,True,True,D-1,11.8000001907,12.7700004578,11.0900001526,11.25,11.6999998093,11.6899995804,-0.8474608456262134,0,-0.5942249277298806,1.2809531862677748,1.3490793063354989,1.164720335007563,-3.6184176473824436,-0.509333339218343,3.0,1.0,0.26530647992936235,6.143338711580948,1.3490793063354989,3.844921064854945
BELFB,2020-09-04,stress,True,True,D-1,11.5399999619,11.6999998093,11.0,11.25,11.6899995804,11.3599996567,1.2998233881736043,0,1.2809531862677748,1.3490793063354989,1.164720335007563,-3.6184176473824436,-4.010241094647238,-3.928266751522891,3.0,0.0,0.09523798710319421,13.511115180444456,1.3490793063354989,8.832630776893879
BELFB,2020-09-08,stress,True,True,D-1,11.2399997711,11.6899995804,10.8599996567,11.1499996185,11.3599996567,11.1499996185,1.0676146623111116,0,1.3490793063354989,1.164720335007563,-3.6184176473824436,-4.010241094647238,0.0,-5.143336208744287,2.0,1.0,0.1412429013214688,13.511115180444456,1.3490793063354989,5.359320400982737
BELFB,2020-09-09,stress,True,True,D-1,11.3500003815,11.3599996567,11.0600004196,11.1199998856,11.1499996185,11.3000001907,-0.44053030061124154,0,1.164720335007563,-3.6184176473824436,-4.010241094647238,0.0,-0.8888922799999976,-7.237943478907605,1.0,2.0,0.1518323770508293,14.529156006535683,1.164720335007563,2.0536126150075606
BELFB,2020-09-10,stress,True,True,D-1,11.029999733,11.1499996185,10.8800001144,10.8800001144,11.3000001907,11.2700004578,2.447873655809807,0,-3.6184176473824436,-4.010241094647238,0.0,-0.8888922799999976,-0.26905590965424775,-8.552631372132524,0.0,3.0,0.13612571719878996,14.838134794737634,0.0,1.1555565724444383
BELFB,2020-09-11,stress,True,True,D-1,11.1000003815,11.3000001907,10.7299995422,10.7600002289,11.2700004578,11.3299999237,2.072067876532091,0,-4.010241094647238,0.0,-0.8888922799999976,-0.26905590965424775,-2.1582713459448177,-7.1672366336474225,0.0,4.0,0.01047143943001571,17.37132650300739,0.0,2.421520298996427
BELFB,2020-09-14,stress,True,True,D-1,10.8199996948,11.2700004578,10.8100004196,11.1099996567,11.3299999237,11.3299999237,4.713495778979571,1,0.0,-0.8888922799999976,-0.26905590965424775,-2.1582713459448177,-1.1029401124837968,-4.3555535208889,0.0,4.0,0.03092853447318329,8.73605539408151,0.0,3.237407018017935
BELFB,2020-09-15,stress,True,True,D-1,11.3100004196,11.3299999237,10.7700004578,10.8199996948,11.3299999237,11.1499996185,0.17683026841752714,0,-0.8888922799999976,-0.26905590965424775,-2.1582713459448177,-1.1029401124837968,3.2527827170481416,-1.2444474960000007,1.0,4.0,0.39583343685329386,5.220521526751143,3.2527827170481416,0.0
BELFB,2020-09-16,stress,True,True,D-1,10.9200000763,11.3299999237,10.9200000763,11.0100002289,11.1499996185,11.3000001907,3.479854503158175,1,-0.26905590965424775,-2.1582713459448177,-1.1029401124837968,3.2527827170481416,-2.6102607638256003,-2.959640672565289,1.0,4.0,0.14285735911560712,4.990757644471278,3.2527827170481416,0.0
BELFB,2020-09-17,stress,True,True,D-1,10.8100004196,11.1499996185,10.8100004196,11.0399999619,11.3000001907,11.2700004578,4.532837669567202,1,-2.1582713459448177,-1.1029401124837968,3.2527827170481416,-2.6102607638256003,1.7560123794764237,-0.9892055560400403,2.0,1.0,0.46666751444390353,2.906445850564454,3.2527827170481416,4.152867603546717
BELFB,2020-09-18,stress,True,True,D-1,11.1899995804,11.3000001907,10.8800001144,11.1000003815,11.2700004578,10.6300001144,0.7149319070585802,0,-1.1029401124837968,3.2527827170481416,-2.6102607638256003,1.7560123794764237,0.27247713329972,1.470586818176911,3.0,2.0,0.5166670376525405,2.6268112572537694,3.2527827170481416,3.2527827170481416
BELFB,2020-09-21,stress,True,True,D-1,10.8000001907,11.2700004578,10.529999733,10.6199998856,10.6300001144,10.4899997711,-1.5740747527614896,0,3.2527827170481416,-2.6102607638256003,1.7560123794764237,0.27247713329972,0.5434820634698134,3.159852652110562,4.0,3.0,0.589286140067368,2.072067876532091,3.2527827170481416,3.2527827170481416
BELFB,2020-09-22,stress,True,True,D-1,10.6300001144,10.6300001144,10.0699996948,10.3000001907,10.4899997711,10.1300001144,-1.3170304966445556,0,-2.6102607638256003,1.7560123794764237,0.27247713329972,0.5434820634698134,-4.324328643267428,-4.4104391200813335,3.0,4.0,0.11250016393277341,6.685499489154534,1.7560123794764237,5.560360909815698
BELFB,2020-09-23,stress,True,True,D-1,10.3900003433,10.4899997711,9.85999965668,9.85999965668,10.1300001144,10.6000003815,2.0211745068460685,0,1.7560123794764237,0.27247713329972,0.5434820634698134,-4.324328643267428,-3.0131798337766247,-4.805910524654699,3.0,4.0,0.1825400429496703,9.999997222621415,1.7560123794764237,8.963221057895321
BELFB,2020-09-24,stress,True,True,D-1,9.97999954224,10.1300001144,9.82999992371,10.0200004578,10.6000003815,10.8000001907,8.216439740196147,1,0.27247713329972,0.5434820634698134,-4.324328643267428,-3.0131798337766247,-4.271849765762948,-10.445054934707255,2.0,3.0,0.0,14.604468399189274,0.5434820634698134,7.699793147338186
BELFB,2020-09-25,stress,True,True,D-1,10.0100002289,10.6000003815,9.93999958038,10.2600002289,10.8000001907,10.970000267,9.590409751723804,1,0.5434820634698134,-4.324328643267428,-3.0131798337766247,-4.271849765762948,1.6227262341901083,-9.239125974819807,2.0,4.0,0.12925204053129102,12.774447848488801,1.6227262341901083,3.261926021876882
BELFB,2020-09-28,stress,True,True,D-1,10.4899997711,10.8000001907,10.4300003052,10.6999998093,10.970000267,10.9399995804,4.5757912905050935,1,-4.324328643267428,-3.0131798337766247,-4.271849765762948,1.6227262341901083,2.395207186973458,-7.567568682249782,2.0,4.0,0.2986112122949561,9.844056592270523,2.395207186973458,0.0
BELFB,2020-09-29,stress,True,True,D-1,10.7600002289,10.970000267,10.4499998093,10.529999733,10.9399995804,10.8900003433,1.6728563909928607,0,-3.0131798337766247,-4.271849765762948,1.6227262341901083,2.395207186973458,4.288494839996448,0.75329495820875,3.0,0.0,0.8969068516750914,0.9345830203948635,4.288494839996448,1.6227262341901083
BELFB,2020-09-30,stress,True,True,D-1,10.6800003052,10.9399995804,10.5600004196,10.6800003052,10.8900003433,10.8400001526,1.9662924353827327,0,-4.271849765762948,1.6227262341901083,2.395207186973458,4.288494839996448,-1.588785788129099,2.23300522370542,3.0,0.0,0.6140347355245757,4.17854268904756,4.288494839996448,2.395207186973458
BELFB,2020-10-01,stress,True,True,D-1,10.75,10.8900003433,10.5500001907,10.6400003433,10.8400001526,11.279999733,4.930230074418618,1,1.6227262341901083,2.395207186973458,4.288494839996448,-1.588785788129099,1.4245068946195039,8.316436887139877,4.0,1.0,0.7456141452001057,2.71535536996943,4.288494839996448,4.475406096598689
BELFB,2020-10-02,stress,True,True,D-1,10.3999996185,10.8400001526,10.3999996185,10.6999998093,11.279999733,11.4899997711,10.48077108253982,1,2.395207186973458,4.288494839996448,-1.588785788129099,1.4245068946195039,-0.3745314677615075,6.187623325080449,3.0,2.0,0.6796119381406327,3.101502942223111,4.288494839996448,4.288494839996448
BELFB,2020-10-05,stress,True,True,D-1,10.9300003052,11.279999733,10.7100000381,11.0100002289,11.4899997711,11.0200004578,5.123508236624463,1,4.288494839996448,-1.588785788129099,1.4245068946195039,-0.3745314677615075,0.563904737444676,4.288494839996448,3.0,3.0,0.5263155254111949,2.5233688085239736,4.288494839996448,4.288494839996448
BELFB,2020-10-06,stress,True,True,D-1,11.2100000381,11.4899997711,10.2700004578,10.2700004578,11.0200004578,11.0399999619,-1.5165037968083217,0,-1.588785788129099,1.4245068946195039,-0.3745314677615075,0.563904737444676,2.8972002348127246,2.8972002348127246,3.0,0.0,0.6931824216256948,2.4523115212230717,2.8972002348127246,1.4245068946195039
BELFB,2020-10-07,stress,True,True,D-1,10.5399999619,11.0200004578,10.3199996948,10.8500003815,11.0399999619,11.0900001526,5.2182181469463185,1,1.4245068946195039,-0.3745314677615075,0.563904737444676,2.8972002348127246,-6.721160360719914,-2.469128981885793,3.0,0.0,0.0,11.879252764525617,2.8972002348127246,5.443192494279625
BELFB,2020-10-08,stress,True,True,D-1,10.9899997711,11.0399999619,10.6800003052,10.8900003433,11.0900001526,10.8400001526,0.9099215976597685,0,-0.3745314677615075,0.563904737444676,2.8972002348127246,-6.721160360719914,5.647516045235346,1.5917609685575318,3.0,1.0,0.47541004111809343,5.898611678311494,5.647516045235346,4.350423160094952
BELFB,2020-10-09,stress,True,True,D-1,10.9399995804,11.0900001526,10.3199996948,10.5,10.8400001526,10.9799995422,0.365630377826176,0,0.563904737444676,2.8972002348127246,-6.721160360719914,5.647516045235346,0.36866322943365226,2.349623984339666,4.0,2.0,0.50819691350723,5.509636445228816,5.647516045235346,2.8972002348127246
BELFB,2020-10-12,stress,True,True,D-1,10.5900001526,10.8400001526,10.5,10.6700000763,10.9799995422,11.0200004578,4.060437195503042,1,2.8972002348127246,-6.721160360719914,5.647516045235346,0.36866322943365226,-3.581270257167124,-1.8691571295745946,3.0,3.0,0.1885243210325008,9.428569248571428,5.647516045235346,8.873325899553642
BELFB,2020-10-13,stress,True,True,D-1,10.4899997711,10.9799995422,10.3999996185,10.7899999619,11.0200004578,11.0,5.052437543041277,1,-6.721160360719914,5.647516045235346,0.36866322943365226,-3.581270257167124,1.619048345714269,-3.088103047514368,3.0,4.0,0.32786872430118996,7.6850954914365,5.647516045235346,7.667720453542415
BELFB,2020-10-14,stress,True,True,D-1,10.8199996948,11.0200004578,10.6000003815,10.75,11.0,11.0,1.6635888195681403,0,5.647516045235346,0.36866322943365226,-3.581270257167124,1.619048345714269,1.1246474671217754,5.063286084910179,4.0,2.0,0.6103895943683678,2.7803539551373158,5.647516045235346,5.647516045235346
BELFB,2020-10-15,stress,True,True,D-1,10.6599998474,11.0,10.4399995804,10.8999996185,11.0,11.0699996948,3.8461524696925764,1,0.36866322943365226,-3.581270257167124,1.619048345714269,1.1246474671217754,-0.3707132719299455,-0.9216624698972997,3.0,3.0,0.5584416227862664,3.162792117209312,1.619048345714269,1.619048345714269
BELFB,2020-10-16,stress,True,True,D-1,10.8000001907,11.0,10.6999998093,10.75,11.0699996948,11.0500001907,2.4999953641898998,0,-3.581270257167124,1.619048345714269,1.1246474671217754,-0.3707132719299455,1.3953452883721074,0.09182070601267966,3.0,4.0,0.753246206316737,1.7431242270643965,1.619048345714269,1.619048345714269
BELFB,2020-10-19,stress,True,True,D-1,10.6899995804,11.0699996948,10.6899995804,10.7899999619,11.0500001907,10.8900003433,3.3676391434108055,1,1.619048345714269,1.1246474671217754,-0.3707132719299455,1.3953452883721074,-1.376143337155844,2.3809523809523725,3.0,2.0,0.5645159801640927,2.51163216558139,1.619048345714269,1.619048345714269
BELFB,2020-10-20,stress,True,True,D-1,10.779999733,11.0500001907,10.4799995422,10.5500001907,10.8900003433,10.7399997711,1.02041384994902,0,1.1246474671217754,-0.3707132719299455,1.3953452883721074,-1.376143337155844,0.3720926688371984,1.1246474671217754,3.0,0.0,0.5820899984873618,2.5949928998025173,1.3953452883721074,2.4045164851610012
BELFB,2020-10-21,stress,True,True,D-1,10.6899995804,10.8900003433,10.5,10.5699996948,10.7399997711,10.779999733,0.8419097860865588,0,-0.3707132719299455,1.3953452883721074,-1.376143337155844,0.3720926688371984,-2.2242796297261336,-2.2242796297261336,2.0,1.0,0.17460411162744427,4.928905163038655,1.3953452883721074,3.2558086306976874
BELFB,2020-10-22,stress,True,True,D-1,10.6400003433,10.7399997711,10.5,10.5200004578,10.779999733,10.7299995422,1.3157836953281432,0,1.3953452883721074,-1.376143337155844,0.3720926688371984,-2.2242796297261336,0.1895687558150838,-1.6744214437209304,3.0,2.0,0.20634935046608568,4.730369105365062,1.3953452883721074,3.4342727015030716
BELFB,2020-10-23,stress,True,True,D-1,10.6499996185,10.779999733,10.470000267,10.7600002289,10.7299995422,10.5500001907,0.7511730193964672,0,-1.376143337155844,0.3720926688371984,-2.2242796297261336,0.1895687558150838,-0.4730296919932431,-3.4862309541281777,2.0,3.0,0.06779814449831092,5.22812940176447,0.3720926688371984,0.6564503215171102
BELFB,2020-10-26,stress,True,True,D-1,10.6000003815,10.7299995422,10.3999996185,10.4300003052,10.5500001907,10.3400001526,-0.4716998962307928,0,0.3720926688371984,-2.2242796297261336,0.1895687558150838,-0.4730296919932431,2.2813665461587807,0.09302538511626324,3.0,4.0,0.4833337307726003,2.881035867149717,2.2813665461587807,0.3720926688371984
BELFB,2020-10-27,stress,True,True,D-1,10.4200000763,10.5500001907,10.25,10.279999733,10.3400001526,10.5799999237,1.5355071615010596,0,-2.2242796297261336,0.1895687558150838,-0.4730296919932431,2.2813665461587807,-3.0669137237902766,-3.3364194436624195,2.0,4.0,0.04615486198490357,5.944389907552461,2.2813665461587807,1.0450834771406847
BELFB,2020-10-28,stress,True,True,D-1,10.0500001907,10.3400001526,9.93999958038,10.029999733,10.5799999237,12.2299995422,21.691535424221307,1,0.1895687558150838,-0.4730296919932431,2.2813665461587807,-3.0669137237902766,-1.4381646002945447,-2.5592459982892724,2.0,4.0,0.046874557668694826,5.9338582309669485,2.2813665461587807,6.742337602746473
BELFB,2020-10-29,stress,True,True,D-1,9.94999980927,10.5799999237,9.86999988556,10.4200000763,12.2299995422,12.4200000763,24.824123762583405,1,-0.4730296919932431,2.2813665461587807,-3.0669137237902766,-1.4381646002945447,-2.431906677949325,-5.108798272394055,1.0,3.0,0.10714301936646718,7.477567497159576,2.2813665461587807,6.1164630034481915
BELFB,2020-10-30,stress,True,True,D-1,11.4600000381,12.2299995422,11.3999996185,11.7100000381,12.4200000763,12.779999733,11.518321906732275,1,2.2813665461587807,-3.0669137237902766,-1.4381646002945447,-2.431906677949325,3.8883385212548527,-0.9505739272649527,2.0,4.0,0.6043959153259776,3.4548911138571947,3.8883385212548527,2.2813665461587807
BELFB,2020-11-02,stress,True,True,D-1,11.8900003433,12.4200000763,11.7100000381,12.1800003052,12.779999733,12.6099996567,7.485276400362029,1,-3.0669137237902766,-1.4381646002945447,-2.431906677949325,3.8883385212548527,12.380037930460963,8.82899432147244,2.0,0.0,0.7796611950188426,4.440644768643165,12.380037930460963,0.0
BELFB,2020-11-03,stress,True,True,D-1,12.4899997711,12.779999733,12.2399997711,12.6199998856,12.6099996567,12.9600000381,3.763012615000294,1,-1.4381646002945447,-2.431906677949325,3.8883385212548527,12.380037930460963,4.013665803337263,16.77852299896403,3.0,0.0,0.9058824497458754,1.970441421069058,12.380037930460963,3.8883385212548527
BELFB,2020-11-04,stress,True,True,D-1,12.470000267,12.6099996567,12.1999998093,12.3900003433,12.9600000381,12.8699998856,3.9294287137804806,1,-2.431906677949325,3.8883385212548527,12.380037930460963,4.013665803337263,3.6124759390371297,22.76264799004153,4.0,0.0,0.9450172316879137,1.267827645407249,12.380037930460963,12.380037930460963
BELFB,2020-11-05,stress,True,True,D-1,12.4499998093,12.9600000381,12.3400001526,12.7399997711,12.8699998856,13.6599998474,9.718875956898776,1,3.8883385212548527,12.380037930460963,4.013665803337263,3.6124759390371297,-1.8225003517031713,23.52941847580805,4.0,1.0,0.865979584142215,3.1476947449068815,12.380037930460963,12.380037930460963
BELFB,2020-11-06,stress,True,True,D-1,12.8699998856,12.8699998856,12.0699996948,12.1599998474,13.6599998474,14.0100002289,8.857811603988619,1,12.380037930460963,4.013665803337263,3.6124759390371297,-1.8225003517031713,2.824854060551063,22.264872147906956,4.0,0.0,0.8589742257528302,1.7268467107751206,12.380037930460963,12.380037930460963
BELFB,2020-11-09,stress,True,True,D-1,12.8800001144,13.6599998474,12.5900001526,13.4200000763,14.0100002289,14.4899997711,12.49999722360251,1,4.013665803337263,3.6124759390371297,-1.8225003517031713,2.824854060551063,-4.5525897497714185,3.8428677014164636,3.0,1.0,0.3599998474399996,6.578949019239122,4.013665803337263,5.870005508964271
BELFB,2020-11-10,stress,True,True,D-1,13.5600004196,14.0100002289,12.9099998474,14.0100002289,14.4899997711,13.6999998093,6.858402084971571,1,3.6124759390371297,-1.8225003517031713,2.824854060551063,-4.5525897497714185,10.361844117698805,10.180621839316428,3.0,0.0,0.8490567622226021,1.788373843036295,10.361844117698805,3.6124759390371297
BELFB,2020-11-11,stress,True,True,D-1,13.75,14.4899997711,13.4300003052,13.7899999619,13.6999998093,14.0,1.8181818181818077,0,-1.8225003517031713,2.824854060551063,-4.5525897497714185,10.361844117698805,4.396424360994988,11.014265894614251,3.0,0.0,1.0,0.0,10.361844117698805,2.824854060551063
BELFB,2020-11-12,stress,True,True,D-1,13.3000001907,13.6999998093,13.0399999619,13.1000003815,14.0,14.4799995422,8.87217544797565,1,2.824854060551063,-4.5525897497714185,10.361844117698805,4.396424360994988,-1.5703088037513413,11.299431636876921,3.0,0.0,0.7107438896158017,5.076140762393111,10.361844117698805,10.361844117698805
BELFB,2020-11-13,stress,True,True,D-1,13.2399997711,14.0,13.2399997711,13.7700004578,14.4799995422,14.7899999619,11.706950283966822,1,-4.5525897497714185,10.361844117698805,4.396424360994988,-1.5703088037513413,-5.003622786848306,2.825750524867665,2.0,1.0,0.4256201050517293,10.610682054353049,10.361844117698805,16.85720337917006
BELFB,2020-11-16,stress,True,True,D-1,13.4099998474,14.4799995422,13.4099998474,14.4799995422,14.7899999619,14.8199996948,10.514540368718773,1,10.361844117698805,4.396424360994988,-1.5703088037513413,-5.003622786848306,5.114504250291363,13.240136764839217,3.0,2.0,0.6210529169114144,5.228753009170428,10.361844117698805,10.506873154357656
BELFB,2020-11-17,stress,True,True,D-1,14.2899999619,14.7899999619,13.9300003052,14.6400003433,14.8199996948,14.4399995804,3.7088854745492394,1,4.396424360994988,-1.5703088037513413,-5.003622786848306,5.114504250291363,5.1561297080264135,7.89865469354194,3.0,3.0,0.9936707408968839,0.06906235646524372,5.1561297080264135,4.396424360994988
BELFB,2020-11-18,stress,True,True,D-1,14.6199998856,14.8199996948,14.1899995804,14.3699998856,14.4399995804,14.2399997711,-1.231192247664048,0,-1.5703088037513413,-5.003622786848306,5.114504250291363,5.1561297080264135,1.1049779430841733,4.496788751654912,3.0,0.0,0.914285932228572,1.0245875347171474,5.1561297080264135,5.114504250291363
BELFB,2020-11-19,stress,True,True,D-1,14.1999998093,14.4399995804,13.9399995804,14.1400003433,14.2399997711,14.1800003052,0.2816898756139663,0,-5.003622786848306,5.114504250291363,5.1561297080264135,1.1049779430841733,-1.844265378201071,4.205945796247046,3.0,0.0,0.7471910804914259,3.131522705514689,5.1561297080264135,5.915795868784368
BELFB,2020-11-20,stress,True,True,D-1,13.9899997711,14.2399997711,13.9399995804,14.0900001526,14.1800003052,15.6999998093,12.223016913355856,1,5.114504250291363,5.1561297080264135,1.1049779430841733,-1.844265378201071,-1.6005535430134499,7.938930774908237,3.0,1.0,0.5696206428240856,4.809047630767593,5.1561297080264135,8.571430174387572
BELFB,2020-11-23,stress,True,True,D-1,13.7299995422,14.1800003052,13.4499998093,14.1499996185,15.6999998093,15.7399997711,14.639477756150976,1,5.1561297080264135,1.1049779430841733,-1.844265378201071,-1.6005535430134499,-0.3536081293215254,2.3238902262979755,2.0,2.0,0.4822697721945868,5.180976112802194,5.1561297080264135,7.10463169291915
BELFB,2020-11-24,stress,True,True,D-1,14.25,15.6999998093,14.25,15.6999998093,15.7399997711,15.5699996948,10.456138744561416,1,1.1049779430841733,-1.844265378201071,-1.6005535430134499,-0.3536081293215254,0.4258301295257949,-2.2790050699812436,2.0,3.0,0.5109488085428027,4.734982999038584,1.1049779430841733,1.1049779430841733
BELFB,2020-11-25,stress,True,True,D-1,15.7399997711,15.7399997711,14.9300003052,15.3599996567,15.5699996948,15.9200000763,1.1435851830855492,0,-1.844265378201071,-1.6005535430134499,-0.3536081293215254,0.4258301295257949,10.954065247984147,7.2404333411447475,2.0,0.0,1.0,0.0,10.954065247984147,0.0
BELFB,2020-11-27,stress,True,True,D-1,15.5699996948,15.5699996948,14.75,15.1599998474,15.9200000763,15.4899997711,2.247915146824897,0,-1.6005535430134499,-0.3536081293215254,0.4258301295257949,10.954065247984147,-2.165606093820449,6.889351280316047,2.0,0.0,0.8340610826467826,2.473959133418635,10.954065247984147,0.4258301295257949
BELFB,2020-11-30,stress,True,True,D-1,15.9200000763,15.9200000763,14.5200004578,14.6599998474,15.4899997711,15.2700004578,-2.7010069292658923,0,-0.3536081293215254,0.4258301295257949,10.954065247984147,-2.165606093820449,-1.302082120898751,7.213574818499269,2.0,1.0,0.7467249199235334,3.8258570550017135,10.954065247984147,14.39355549294662
BELFB,2020-12-01,stress,True,True,D-1,14.6999998093,15.4899997711,14.5100002289,15.2700004578,15.2700004578,15.0,3.8775554822755076,1,0.4258301295257949,10.954065247984147,-2.165606093820449,-1.302082120898751,-3.298153067499876,4.045420075420081,2.0,0.0,0.48987850498074487,8.594817476232542,10.954065247984147,15.511355774970982
BELFB,2020-12-02,stress,True,True,D-1,15.0100002289,15.2700004578,14.5100002289,14.75,15.0,15.3299999237,2.131909992805192,0,10.954065247984147,-2.165606093820449,-1.302082120898751,-3.298153067499876,4.160986471689387,7.915200491141272,2.0,1.0,0.6107786893398722,4.2567098822055005,10.954065247984147,10.954065247984147
BELFB,2020-12-03,stress,True,True,D-1,14.9499998093,15.0,14.7399997711,14.8299999237,15.3299999237,15.720000267,5.150504799478339,1,-2.165606093820449,-1.302082120898751,-3.298153067499876,4.160986471689387,-3.405372902489867,-6.050954272860953,1.0,2.0,0.17021262203861484,7.93220390711864,4.160986471689387,0.0
BELFB,2020-12-04,stress,True,True,D-1,14.8699998856,15.3299999237,14.8699998856,15.3299999237,15.720000267,15.4300003052,5.716209737319056,1,-1.302082120898751,-3.298153067499876,4.160986471689387,-3.405372902489867,0.5423723640678002,-3.450519172172073,2.0,3.0,0.22695016271815355,7.349967351369013,4.160986471689387,7.042456811628018
BELFB,2020-12-07,stress,True,True,D-1,15.3299999237,15.720000267,15.2100000381,15.720000267,15.4300003052,15.1000003815,0.6523182126400462,0,-3.298153067499876,4.160986471689387,-3.405372902489867,0.5423723640678002,3.3715441845751037,1.1213725462481339,3.0,4.0,0.5815601301745231,3.848663767361571,4.160986471689387,4.160986471689387
BELFB,2020-12-08,stress,True,True,D-1,15.0900001526,15.4300003052,14.7100000381,14.720000267,15.1000003815,15.0600004196,0.0662705685809728,0,4.160986471689387,-3.405372902489867,0.5423723640678002,3.3715441845751037,2.5440335632165523,7.230562282631903,4.0,0.0,1.0,0.0,4.160986471689387,4.160986471689387
BELFB,2020-12-09,stress,True,True,D-1,15.0500001907,15.1000003815,14.3800001144,14.4099998474,15.0600004196,14.5799999237,0.06644670281252818,0,-3.405372902489867,0.5423723640678002,3.3715441845751037,2.5440335632165523,-6.361323047170908,-3.6018348022973212,3.0,1.0,0.1735537450310766,6.793478137645481,3.3715441845751037,7.350667861914129
BELFB,2020-12-10,stress,True,True,D-1,15.0600004196,15.0600004196,14.3900003433,14.7700004578,14.5799999237,16.2399997711,7.835320840790128,1,0.5423723640678002,3.3715441845751037,2.5440335632165523,-6.361323047170908,-2.1059810732135253,-2.305085780338978,3.0,2.0,0.02238785789821884,9.090912099047399,3.3715441845751037,11.704880045580147
BELFB,2020-12-11,stress,True,True,D-1,14.4200000763,14.5799999237,13.6400003433,13.9399995804,16.2399997711,17.4300003052,20.87378788469696,1,3.3715441845751037,2.5440335632165523,-6.361323047170908,-2.1059810732135253,2.498269356088545,-0.40458170066551835,3.0,3.0,0.2910449992436818,6.431955177755655,3.3715441845751037,3.3715441845751037
BELFB,2020-12-14,stress,True,True,D-1,14.2700004578,16.2399997711,14.2700004578,16.0699996948,17.4300003052,18.2299995422,27.750518271605664,1,2.5440335632165523,-6.361323047170908,-2.1059810732135253,2.498269356088545,-5.6195047506696465,-9.06719080377213,2.0,4.0,0.1442304077426827,12.769015352789005,2.5440335632165523,5.805659322947577
BELFB,2020-12-15,stress,True,True,D-1,16.0499992371,17.4300003052,16.0499992371,17.2399997711,18.2299995422,18.7099990845,16.573208559732144,1,-6.361323047170908,-2.1059810732135253,2.498269356088545,-5.6195047506696465,15.279771725350955,2.2264594265607673,2.0,0.0,0.9346153408795764,1.0578723057163897,15.279771725350955,2.498269356088545
BELFB,2020-12-16,stress,True,True,D-1,17.3500003815,18.2299995422,16.8500003815,18.2000007629,18.7099990845,18.4599990845,7.838609066834046,1,-2.1059810732135253,2.498269356088545,-5.6195047506696465,15.279771725350955,7.280647781708383,17.119561537980776,3.0,0.0,0.9498679324511786,1.1020912797139681,15.279771725350955,2.498269356088545
BELFB,2020-12-17,stress,True,True,D-1,18.2900009155,18.7099990845,17.2700004578,18.3299999237,18.4599990845,17.7000007629,0.929459598090765,0,2.498269356088545,-5.6195047506696465,15.279771725350955,7.280647781708383,5.568451302472077,26.301186368047258,4.0,0.0,0.9934643170946107,0.16482845078309438,15.279771725350955,15.279771725350955
BELFB,2020-12-18,stress,True,True,D-1,18.4599990845,18.4599990845,17.1900005341,17.7999992371,17.7000007629,17.9300003052,-2.871066119093235,0,-5.6195047506696465,15.279771725350955,7.280647781708383,5.568451302472077,0.7142810733557603,24.102906943513158,4.0,0.0,0.9250494565783541,2.0730996311062455,15.279771725350955,15.279771725350955
BELFB,2020-12-21,stress,True,True,D-1,17.7000007629,17.7000007629,16.8199996948,17.3299999237,17.9300003052,17.1800003052,1.2994323863651402,0,15.279771725350955,7.280647781708383,5.568451302472077,0.7142810733557603,-2.8914385641362172,27.69009880120268,4.0,1.0,0.7950450160214683,5.1123589123718505,15.279771725350955,17.477582214542743
BELFB,2020-12-22,stress,True,True,D-1,17.2299995422,17.9300003052,16.6299991608,16.7399997711,17.1800003052,16.7099990845,-0.2901871057949923,0,7.280647781708383,5.568451302472077,0.7142810733557603,-2.8914385641362172,-2.640445694067184,7.840698524143197,3.0,2.0,0.48120329324497096,7.963065013709292,7.280647781708383,12.736185174848458
BELFB,2020-12-23,stress,True,True,D-1,17.0100002289,17.1800003052,16.1399993896,16.3199996948,16.7099990845,16.4500007629,-1.7636751344088597,0,5.568451302472077,0.7142810733557603,-2.8914385641362172,-2.640445694067184,-3.4045017610942696,-2.90023205706863,2.0,3.0,0.05288491073803705,11.768215892099466,5.568451302472077,11.523504737478273
BELFB,2020-12-24,stress,True,True,D-1,15.6899995804,16.7099990845,15.5699996948,15.6899995804,16.4500007629,15.7899999619,4.843857251910921,1,0.7142810733557603,-2.8914385641362172,-2.640445694067184,-3.4045017610942696,-2.508961063578319,-10.329675765356615,1.0,4.0,0.07003903757545149,14.644604377422388,0.7142810733557603,6.542326274433652
BELFB,2020-12-28,stress,True,True,D-1,15.9399995804,16.4500007629,15.5,15.5399999619,15.7899999619,16.2700004578,2.07026904696892,0,-2.8914385641362172,-2.640445694067184,-3.4045017610942696,-2.508961063578319,-3.8602948908187495,-14.402620590775772,0.0,4.0,0.041522460533272666,17.654554354228868,-2.508961063578319,6.272402658647125
BELFB,2020-12-29,stress,True,True,D-1,15.6099996567,15.7899999619,14.8999996185,15.3299999237,16.2700004578,16.0699996948,4.228064161530698,1,-2.640445694067184,-3.4045017610942696,-2.508961063578319,-3.8602948908187495,-0.9560205386326515,-12.6966256857447,0.0,3.0,0.016460887603348417,15.379667626509995,-0.9560205386326515,4.779410217443381
BELFB,2020-12-30,stress,True,True,D-1,14.779999733,16.2700004578,14.779999733,15.8100004196,16.0699996948,15.970000267,8.728010724653501,1,-3.4045017610942696,-2.508961063578319,-3.8602948908187495,-0.9560205386326515,-1.3513516004817427,-11.540680950984072,0.0,4.0,0.14191425998266596,16.96021131402896,-0.9560205386326515,2.2944529402646574
BELFB,2020-12-31,stress,True,True,D-1,15.8000001907,16.0699996948,14.8100004196,15.029999733,15.970000267,16.8799991608,6.8354364371191245,1,-2.508961063578319,-3.8602948908187495,-0.9560205386326515,-1.3513516004817427,3.13111871030034,-5.555551757566645,1.0,4.0,0.42916685042946984,8.66540069095496,3.13111871030034,0.0
BELFB,2021-01-04,stress,True,True,D-1,15.4099998474,15.970000267,15.3800001144,15.7700004578,16.8799991608,18.0599994659,17.19662326244027,1,-3.8602948908187495,-0.9560205386326515,-1.3513516004817427,3.13111871030034,-4.933590549643596,-7.904411678457501,1.0,4.0,0.12953372228114962,11.177640594439797,3.13111871030034,1.9569484161327644
BELFB,2021-01-05,stress,True,True,D-1,15.5600004196,16.8799991608,15.5600004196,16.2399997711,18.0599994659,17.9300003052,16.066831483827592,1,-0.9560205386326515,-1.3513516004817427,3.13111871030034,-4.933590549643596,4.923491270430613,0.5098845094931415,2.0,4.0,0.5928144396768913,4.311986590740169,4.923491270430613,3.384122889543817
BELFB,2021-01-06,stress,True,True,D-1,16.4699993134,18.0599994659,16.4699993134,17.7900009155,17.9300003052,17.4699993134,8.86460869863026,1,-1.3513516004817427,3.13111871030034,-4.933590549643596,4.923491270430613,2.9803379813317266,4.50450328774914,3.0,0.0,0.6952383028168359,3.9408829970485337,4.923491270430613,3.13111871030034
BELFB,2021-01-07,stress,True,True,D-1,17.7800006866,17.9300003052,17.2999992371,17.5200004578,17.4699993134,17.0,-1.743539714448028,0,3.13111871030034,-4.933590549643596,4.923491270430613,2.9803379813317266,9.544342156693354,16.046973281434028,4.0,0.0,0.9176833620772029,1.5176983502275032,9.544342156693354,4.923491270430613
BELFB,2021-01-08,stress,True,True,D-1,17.4300003052,17.4699993134,16.1800003052,16.7600002289,17.0,17.0100002289,-2.409638949774995,0,-4.933590549643596,4.923491270430613,2.9803379813317266,9.544342156693354,-1.517709071418627,10.815939233499794,3.0,1.0,0.8338464102890217,3.0821860387542976,9.544342156693354,4.923491270430613
BELFB,2021-01-11,stress,True,True,D-1,16.9500007629,17.0,15.8599996567,16.0900001526,17.0100002289,16.8899993896,0.35397913451029606,0,4.923491270430613,2.9803379813317266,9.544342156693354,-1.517709071418627,-4.337900736535893,11.51031621179337,3.0,2.0,0.5149255404586622,7.7565585873820675,9.544342156693354,15.33411525166033
BELFB,2021-01-12,stress,True,True,D-1,17.0100002289,17.0100002289,16.0400009155,16.5,16.8899993896,17.3899993896,2.2339750475392606,0,2.9803379813317266,9.544342156693354,-1.517709071418627,-4.337900736535893,-3.997613765808261,2.029167314587643,2.0,3.0,0.2119999740737496,12.24362519960367,9.544342156693354,17.706444142046653
BELFB,2021-01-13,stress,True,True,D-1,16.3899993896,16.8899993896,16.1000003815,16.4099998474,17.3899993896,16.7999992371,6.101281496291766,1,9.544342156693354,-1.517709071418627,-4.337900736535893,-3.997613765808261,2.5481655905003064,1.6009866537232798,2.0,4.0,0.29090927218431356,9.454542217575757,9.544342156693354,11.095656150422728
BELFB,2021-01-14,stress,True,True,D-1,16.6499996185,17.3899993896,16.5,16.8199996948,16.7999992371,17.4599990845,4.864861769125817,1,-1.517709071418627,-4.337900736535893,-3.997613765808261,2.5481655905003064,-0.5454554703030245,-7.757172552462521,1.0,4.0,0.26570049197740725,9.262647604721508,2.5481655905003064,0.0
BELFB,2021-01-15,stress,True,True,D-1,16.4500007629,16.7999992371,16.1800003052,16.3799991608,17.4599990845,17.1599998474,6.139807141394615,1,-4.337900736535893,-3.997613765808261,2.5481655905003064,-0.5454554703030245,2.4984756320089785,-3.995438040575816,2.0,4.0,0.5962734427333377,3.8644448893833783,2.5481655905003064,2.5481655905003064
BELFB,2021-01-19,stress,True,True,D-1,16.6000003815,17.4599990845,16.2600002289,16.5799999237,17.1599998474,16.7399997711,3.373490680904423,1,-3.997613765808261,2.5481655905003064,-0.5454554703030245,2.4984756320089785,-2.6159366348622926,-2.267309444571175,2.0,1.0,0.3398690162607943,6.1660578787885,2.5481655905003064,2.7309851327244616
BELFB,2021-01-20,stress,True,True,D-1,16.8700008392,17.1599998474,16.5400009155,16.6100006104,16.7399997711,16.7900009155,-0.4742141062264116,0,2.5481655905003064,-0.5454554703030245,2.4984756320089785,-2.6159366348622926,1.2210059410664442,3.0453683433981915,3.0,0.0,0.38028148203901047,5.307594480396238,2.5481655905003064,3.9750370260223655
BELFB,2021-01-21,stress,True,True,D-1,16.0900001526,16.7399997711,16.0900001526,16.3700008392,16.7900009155,17.6599998474,9.757611435114288,1,-0.5454554703030245,2.4984756320089785,-2.6159366348622926,1.2210059410664442,0.1809450352114661,0.6666703660606066,3.0,1.0,0.37500052593800165,5.117389782441029,2.4984756320089785,2.4984756320089785
BELFB,2021-01-22,stress,True,True,D-1,15.6999998093,16.7900009155,15.6999998093,16.4899997711,17.6599998474,17.0599994659,12.484076827433999,1,2.4984756320089785,-2.6159366348622926,1.2210059410664442,0.1809450352114661,-1.44491127260844,-0.2437477670442556,3.0,2.0,0.20438022255366142,6.65851062566758,2.4984756320089785,3.765056364616959
BELFB,2021-01-25,stress,True,True,D-1,16.4799995422,17.6599998474,16.3099994659,16.7399997711,17.0599994659,15.9099998474,3.5194171105090266,1,-2.6159366348622926,1.2210059410664442,0.1809450352114661,-1.44491127260844,0.7330416966909725,-1.9619496414261084,3.0,3.0,0.44886379950936395,5.882348859094599,1.2210059410664442,1.943467319092318
BELFB,2021-01-26,stress,True,True,D-1,16.8799991608,17.0599994659,15.970000267,16.0900001526,15.9099998474,15.970000267,-5.390988975362443,0,1.2210059410664442,0.1809450352114661,-1.44491127260844,0.7330416966909725,1.5160703667088216,2.1978060362880747,4.0,0.0,0.5306122150937107,5.49581892998765,1.5160703667088216,1.2210059410664442
BELFB,2021-01-27,stress,True,True,D-1,15.7299995422,15.9099998474,15.2100000381,15.3199996948,15.970000267,15.3299999237,1.5257516324532094,0,0.1809450352114661,-1.44491127260844,0.7330416966909725,1.5160703667088216,-3.8829129473595514,-2.9553665461697687,3.0,1.0,0.19897976312187213,9.757611435114288,1.5160703667088216,3.1587519699017186
BELFB,2021-01-28,stress,True,True,D-1,15.5,15.970000267,14.8999996185,15.2600002289,15.3299999237,15.4899997711,-0.06451760580644672,0,-1.44491127260844,0.7330416966909725,1.5160703667088216,-3.8829129473595514,-4.7855839061354715,-7.76641100658535,2.0,2.0,0.044897822555924144,15.274152736401536,1.5160703667088216,9.998747163105758
BELFB,2021-01-29,stress,True,True,D-1,15.3299999237,15.3299999237,14.4099998474,14.5799999237,15.4899997711,15.7899999619,3.0006525798401684,1,0.7330416966909725,1.5160703667088216,-3.8829129473595514,-4.7855839061354715,-0.3916414301259108,-6.780699776398091,2.0,3.0,0.13043499295051755,15.727389138270054,1.5160703667088216,6.674553373720349
BELFB,2021-02-01,stress,True,True,D-1,15.2100000381,15.4899997711,14.6899995804,15.4399995804,15.7899999619,15.5600004196,3.81328022581946,1,1.5160703667088216,-3.8829129473595514,-4.7855839061354715,-0.3916414301259108,-4.456096297509793,-11.582776676246054,1.0,4.0,0.052307715784615634,21.1248281194667,1.5160703667088216,6.346356175077172
BELFB,2021-02-02,stress,True,True,D-1,15.5900001526,15.7899999619,15.1700000763,15.6199998856,15.5600004196,16.0799999237,3.1430389115056023,1,-3.8829129473595514,-4.7855839061354715,-0.3916414301259108,-4.456096297509793,5.898488759948872,-7.7658315918517795,1.0,4.0,0.3886792004834399,10.49222752283281,5.898488759948872,0.0
BELFB,2021-02-03,stress,True,True,D-1,15.4799995422,15.5600004196,15.0200004578,15.2399997711,16.0799999237,16.4200000763,6.072355051028677,1,-4.7855839061354715,-0.3916414301259108,-4.456096297509793,5.898488759948872,1.1658051171743455,-2.9210706186603153,2.0,3.0,0.7756408415007074,2.2407194876016723,5.898488759948872,0.0
BELFB,2021-02-04,stress,True,True,D-1,15.3199996948,16.0799999237,14.9899997711,15.9899997711,16.4200000763,16.0799999237,7.180159291213095,1,-0.3916414301259108,-4.456096297509793,5.898488759948872,1.1658051171743455,-2.432779239968619,-0.522192723849424,2.0,4.0,0.5320510900329254,4.790029572600885,5.898488759948872,7.193824347612265
BELFB,2021-02-05,stress,True,True,D-1,16.1499996185,16.4200000763,15.75,15.8800001144,16.0799999237,16.4300003052,1.7337504229985035,0,-4.456096297509793,5.898488759948872,1.1658051171743455,-2.432779239968619,4.921259916435461,4.783745289973851,3.0,0.0,0.9461076955161574,0.5628527447677945,5.898488759948872,5.898488759948872
BELFB,2021-02-08,stress,True,True,D-1,15.7600002289,16.0799999237,15.279999733,15.720000267,16.4300003052,16.1399993896,4.251269457924134,1,5.898488759948872,1.1658051171743455,-2.432779239968619,4.921259916435461,-0.6879278191036176,8.916325085755528,3.0,0.0,0.6878613831731446,3.4005035139157647,5.898488759948872,5.898488759948872
BELFB,2021-02-09,stress,True,True,D-1,15.8900003433,16.4300003052,15.8299999237,15.9399995804,16.1399993896,15.8900003433,1.5733105154110971,0,1.1658051171743455,-2.432779239968619,4.921259916435461,-0.6879278191036176,-1.0075557068473295,1.8134759987651794,2.0,1.0,0.5104897483206493,4.452924919915335,4.921259916435461,6.609812186386044
BELFB,2021-02-10,stress,True,True,D-1,16.0,16.1399993896,15.5600004196,15.7100000381,15.8900003433,16.0400009155,0.2500057218749907,0,-2.432779239968619,4.921259916435461,-0.6879278191036176,-1.0075557068473295,1.399486702693209,2.048653630881314,2.0,0.0,0.6597218450990018,3.074032231484569,4.921259916435461,4.921259916435461
BELFB,2021-02-11,stress,True,True,D-1,15.8100004196,15.8900003433,15.5500001907,15.6899995804,16.0400009155,16.2399997711,2.7197934224398868,0,4.921259916435461,-0.6879278191036176,-1.0075557068473295,1.399486702693209,-1.4429080825247298,3.0839912996014185,2.0,1.0,0.4999999999652778,4.5830697985604685,4.921259916435461,4.984874603014012
BELFB,2021-02-12,stress,True,True,D-1,15.5500001907,16.0400009155,15.5500001907,15.9099998474,16.2399997711,16.4400005341,5.723474806979634,1,-0.6879278191036176,-1.0075557068473295,1.399486702693209,-1.4429080825247298,-0.1273103606078574,-1.8761738273581186,1.0,2.0,0.3565214290421203,4.716384605417145,1.399486702693209,2.9678681743427027
BELFB,2021-02-16,stress,True,True,D-1,15.9799995422,16.2399997711,15.3500003815,16.1399993896,16.4400005341,15.9499998093,2.878604537410845,0,-1.0075557068473295,1.399486702693209,-1.4429080825247298,-0.1273103606078574,1.4021687245602266,0.18891519385315636,2.0,3.0,0.5478259138556625,3.2683875725176614,1.4021687245602266,1.399486702693209
BELFB,2021-02-17,stress,True,True,D-1,15.8000001907,16.4400005341,15.8000001907,16.4300003052,15.9499998093,15.6000003815,0.9493646632250607,0,1.399486702693209,-1.4429080825247298,-0.1273103606078574,1.4021687245602266,1.4456288146199148,2.671750098386938,3.0,4.0,0.7314806147333063,1.7967839316454182,1.4456288146199148,1.399486702693209
BELFB,2021-02-18,stress,True,True,D-1,15.8999996185,15.9499998093,14.5100002289,15.1800003052,15.6000003815,17.1200008392,7.672963836304114,1,-1.4429080825247298,-0.1273103606078574,1.4021687245602266,1.4456288146199148,1.7967839316454182,3.074032231484569,3.0,0.0,0.9908254793578265,0.06086566472451871,1.7967839316454182,1.4021687245602266
BELFB,2021-02-19,stress,True,True,D-1,15.2399997711,15.6000003815,14.8900003433,15.3500003815,17.1200008392,17.8500003815,17.1259885144448,1,-0.1273103606078574,1.4021687245602266,1.4456288146199148,1.7967839316454182,-7.608033942667558,-3.373645649997714,3.0,1.0,0.34715024370453157,8.30039659793933,1.7967839316454182,7.393578757038044
BELFB,2021-02-22,stress,True,True,D-1,15.3500003815,17.1200008392,15.3500003815,16.7999992371,17.8500003815,18.5100002289,20.586317712463842,1,1.4021687245602266,1.4456288146199148,1.7967839316454182,-7.608033942667558,1.1198950782745687,-2.1669802931335247,4.0,2.0,0.4352331708636453,7.100978016350301,1.7967839316454182,8.370124793715805
BELFB,2021-02-23,stress,True,True,D-1,16.6800003052,17.8500003815,16.3299999237,17.6100006104,18.5100002289,18.5,10.971222363404266,1,1.4456288146199148,1.7967839316454182,-7.608033942667558,1.1198950782745687,9.446246381515122,5.593962276784326,4.0,0.0,0.8773940508530311,1.9047715275684718,9.446246381515122,1.7967839316454182
BELFB,2021-02-24,stress,True,True,D-1,17.6100006104,18.5100002289,17.6100006104,18.5,18.5,18.0100002289,5.053942979845161,1,1.7967839316454182,-7.608033942667558,1.1198950782745687,9.446246381515122,4.821436964778236,9.107814599715613,4.0,0.0,0.9281437843907963,1.3628606631521656,9.446246381515122,1.7967839316454182
BELFB,2021-02-25,stress,True,True,D-1,18.3600006104,18.5,17.0499992371,17.0499992371,18.0100002289,18.7800006866,2.2875820383257084,0,-7.608033942667558,1.1198950782745687,9.446246381515122,4.821436964778236,5.053942979845161,12.598902351479913,4.0,0.0,0.9974999427749998,0.054055291351362555,9.446246381515122,9.446246381515122
BELFB,2021-02-26,stress,True,True,D-1,17.1900005341,18.0100002289,17.0699996948,17.75,18.7800006866,18.9799995422,10.41302473812702,1,1.1198950782745687,9.446246381515122,4.821436964778236,5.053942979845161,-7.837841961621628,12.318833295803167,4.0,1.0,0.5966847961493756,8.563056053534046,9.446246381515122,12.626265426882322
BELFB,2021-03-01,stress,True,True,D-1,18.2700004578,18.7800006866,17.8600006104,18.6399993896,18.9799995422,18.8600006104,3.8861470531429854,1,9.446246381515122,4.821436964778236,5.053942979845161,-7.837841961621628,4.105576505697606,15.635176279164842,4.0,2.0,0.7594935868350382,4.281691430422541,9.446246381515122,13.50030043556918
BELFB,2021-03-02,stress,True,True,D-1,18.4899997711,18.9799995422,17.7700004578,18.2900009155,18.8600006104,18.9899997711,2.704164446672963,0,4.821436964778236,5.053942979845161,-7.837841961621628,4.105576505697606,5.014081068169007,10.952382357474555,4.0,0.0,0.9428566312631326,0.7510799441233562,5.053942979845161,5.053942979845161
BELFB,2021-03-03,stress,True,True,D-1,18.8600006104,18.8600006104,18.2900009155,18.6000003815,18.9899997711,19.1299991608,1.431593540093079,0,5.053942979845161,-7.837841961621628,4.105576505697606,5.014081068169007,-1.8776742787624756,3.8614439609866213,3.0,0.0,0.6424878147030908,3.7725456105103694,5.053942979845161,5.053942979845161
BELFB,2021-03-04,stress,True,True,D-1,18.6700000763,18.9899997711,17.9400005341,18.5300006866,19.1299991608,19.6200008392,5.088381140961795,1,-7.837841961621628,4.105576505697606,5.014081068169007,-1.8776742787624756,1.694912249770808,0.5405426027027094,3.0,1.0,0.8031092742856779,2.043006198418995,5.014081068169007,5.228668028522221
BELFB,2021-03-05,stress,True,True,D-1,17.2600002289,19.1299991608,17.2600002289,19.1000003815,19.6200008392,20.9500007629,21.378913586695635,1,4.105576505697606,5.014081068169007,-1.8776742787624756,1.694912249770808,-0.37634243797984857,8.680360796026232,3.0,0.0,0.7604171530105068,2.482455841637643,5.014081068169007,5.014081068169007
BELFB,2021-03-08,stress,True,True,D-1,19.1599998474,19.6200008392,17.7299995422,19.5699996948,20.9500007629,21.5900001526,12.682673927733589,1,5.014081068169007,-1.8776742787624756,1.694912249770808,-0.37634243797984857,3.0760910619511916,7.605635952112677,3.0,0.0,0.9839578628691935,0.1570616685906412,5.014081068169007,5.014081068169007
BELFB,2021-03-09,stress,True,True,D-1,19.8500003815,20.9500007629,19.2299995422,20.3500003815,21.5900001526,22.2700004578,12.19143591833587,1,-1.8776742787624756,1.694912249770808,-0.37634243797984857,3.0760910619511916,2.460729339855061,4.989272186987748,3.0,0.0,0.9788130798857533,0.2554989533969376,3.0760910619511916,1.694912249770808
BELFB,2021-03-10,stress,True,True,D-1,20.6100006104,21.5900001526,20.1200008392,21.5200004578,22.2700004578,23.0,11.596309164561514,1,1.694912249770808,-0.37634243797984857,3.0760910619511916,2.460729339855061,3.9856959574059436,11.262981754441782,4.0,0.0,0.8373982941542845,2.948404767330892,3.9856959574059436,3.0760910619511916
BELFB,2021-03-11,stress,True,True,D-1,21.6800003052,22.2700004578,20.9099998474,22.1100006104,23.0,22.9500007629,6.088559392148141,1,-0.37634243797984857,3.0760910619511916,2.460729339855061,3.9856959574059436,5.7493860165409805,15.698924819401071,4.0,0.0,0.9838337884449233,0.3252773852736146,5.7493860165409805,3.0760910619511916
BELFB,2021-03-12,stress,True,True,D-1,22.0599994659,23.0,21.9200000763,22.9099998474,22.9500007629,21.6299991608,4.034457473019204,1,3.0760910619511916,2.460729339855061,3.9856959574059436,5.7493860165409805,2.7416363385166953,19.320020459518283,5.0,0.0,0.9680639041736875,0.7236537448340741,5.7493860165409805,3.9856959574059436
BELFB,2021-03-15,stress,True,True,D-1,22.6800003052,22.9500007629,20.4300003052,21.3299999237,21.6299991608,21.5100002289,-4.629634613184985,0,2.460729339855061,3.9856959574059436,5.7493860165409805,2.7416363385166953,3.618268724170459,19.9476407842919,5.0,0.0,0.9829221736656985,0.39284222260791424,5.7493860165409805,5.7493860165409805
BELFB,2021-03-16,stress,True,True,D-1,20.9899997711,21.6299991608,20.3500003815,21.0699996948,21.5100002289,21.5900001526,2.858505898252117,0,3.9856959574059436,5.7493860165409805,2.7416363385166953,3.618268724170459,-6.896551437032472,8.993358489257686,4.0,1.0,0.5570292112710947,7.829348721396112,5.7493860165409805,9.277204493095459
BELFB,2021-03-17,stress,True,True,D-1,20.7199993134,21.5100002289,20.7099990845,21.2700004578,21.5900001526,21.6200008392,4.34363685146435,1,5.7493860165409805,2.7416363385166953,3.618268724170459,-6.896551437032472,-1.2189415369435186,3.538080097308227,3.0,2.0,0.329860809867775,9.159944628173466,5.7493860165409805,13.78081406043431
BELFB,2021-03-18,stress,True,True,D-1,20.7999992371,21.5900001526,20.4500007629,20.6700000763,21.6200008392,20.7399997711,3.9423155393073284,1,2.7416363385166953,3.618268724170459,-6.896551437032472,-1.2189415369435186,0.9492205310727142,-1.1617100124613922,3.0,3.0,0.34716989009257054,8.133519064244243,3.618268724170459,3.899560173371719
BELFB,2021-03-19,stress,True,True,D-1,20.9699993134,21.6200008392,20.2600002289,20.4099998474,20.7399997711,19.7000007629,-1.0968028127355645,0,3.618268724170459,-6.896551437032472,-1.2189415369435186,0.9492205310727142,-2.8208762039775626,-6.512892330824538,2.0,4.0,0.12075461919542907,11.272375012574653,3.618268724170459,5.5167007331596185
BELFB,2021-03-22,stress,True,True,D-1,20.4200000763,20.7399997711,19.5200004578,19.6299991608,19.7000007629,19.3500003815,-3.525951570566588,0,-6.896551437032472,-1.2189415369435186,0.9492205310727142,-2.8208762039775626,-1.257862737978943,-10.912265458979121,1.0,4.0,0.05576192889335717,12.444884539396828,0.9492205310727142,4.992476722374872
BELFB,2021-03-23,stress,True,True,D-1,19.2900009155,19.7000007629,17.6900005341,17.9200000763,19.3500003815,19.4899997711,1.0368006537485153,0,-1.2189415369435186,0.9492205310727142,-2.8208762039775626,-1.257862737978943,-3.821659443566161,-7.969998916929722,1.0,4.0,0.05213211877505222,10.188487445245986,0.9492205310727142,5.980671482504751
BELFB,2021-03-24,stress,True,True,D-1,18.3099994659,19.3500003815,18.3099994659,18.6800003052,19.4899997711,20.0799999237,9.666851498802043,1,0.9492205310727142,-2.8208762039775626,-1.257862737978943,-3.821659443566161,-8.711152101905196,-14.950164518879461,1.0,2.0,0.05852405199600761,20.647325597913447,0.9492205310727142,13.149121509598196
BELFB,2021-03-25,stress,True,True,D-1,18.4799995422,19.4899997711,18.4799995422,18.8500003815,20.0799999237,20.5799999237,11.363638709538627,1,-2.8208762039775626,-1.257862737978943,-3.821659443566161,-8.711152101905196,4.2410726878574945,-12.176775255546413,1.0,3.0,0.25190831914574335,15.7387606315059,4.2410726878574945,4.839525706639325
BELFB,2021-03-26,stress,True,True,D-1,19.1800003052,20.0799999237,18.8799991608,19.9300003052,20.5799999237,20.4500007629,7.2992679677926775,1,-1.257862737978943,-3.821659443566161,-8.711152101905196,4.2410726878574945,0.9100646334180063,-8.805029937502473,2.0,4.0,0.295165332657775,14.694962342910966,4.2410726878574945,0.0
BELFB,2021-03-29,stress,True,True,D-1,18.7800006866,20.5799999237,18.7800006866,19.4099998474,20.4500007629,20.7600002289,10.543128167789572,1,-3.821659443566161,-8.711152101905196,4.2410726878574945,0.9100646334180063,5.729442450091127,-2.3517861136150287,3.0,4.0,0.7344263381859989,4.06422204463619,5.729442450091127,4.2410726878574945
BELFB,2021-03-30,stress,True,True,D-1,20.4500007629,20.4500007629,19.1900005341,20.0799999237,20.7600002289,20.4500007629,1.515889752739752,0,-8.711152101905196,4.2410726878574945,0.9100646334180063,5.729442450091127,-2.609134218950937,-1.1207301212693088,3.0,0.0,0.5951555974335562,6.027821151460344,5.729442450091127,4.2410726878574945
BELFB,2021-03-31,stress,True,True,D-1,20.0400009155,20.7600002289,18.7600002289,19.8899993896,20.4500007629,20.8799991608,4.191607818991172,1,4.2410726878574945,0.9100646334180063,5.729442450091127,-2.609134218950937,3.4518293743817097,12.053570525687096,4.0,1.0,0.7797357272409623,2.4900398500991017,5.729442450091127,5.729442450091127
BELFB,2021-04-01,stress,True,True,D-1,19.9200000763,20.4500007629,19.9200000763,20.2900009155,20.8799991608,20.8700008392,4.819272494090843,1,0.9100646334180063,5.729442450091127,-2.609134218950937,3.4518293743817097,-0.9462178028982304,6.477511052626528,3.0,0.0,0.6184207994431735,4.374061669176843,5.729442450091127,5.729442450091127
BELFB,2021-04-05,stress,True,True,D-1,20.7399997711,20.8799991608,20.1200008392,20.5799999237,20.8700008392,20.5100002289,0.6268132571589868,0,5.729442450091127,-2.609134218950937,3.4518293743817097,-0.9462178028982304,2.011068568001817,7.639259972712065,3.0,1.0,0.7650003432999988,2.316408537177339,5.729442450091127,5.729442450091127
BELFB,2021-04-06,stress,True,True,D-1,20.8700008392,20.8700008392,20.25,20.4500007629,20.5100002289,19.7999992371,-1.7249669181795713,0,-2.609134218950937,3.4518293743817097,-0.9462178028982304,2.011068568001817,1.429270552562989,3.261412988189516,3.0,0.0,0.8584908546009821,1.4577222459292605,3.4518293743817097,3.4518293743817097
BELFB,2021-04-07,stress,True,True,D-1,19.7600002289,20.5100002289,19.6900005341,19.7399997711,19.7999992371,19.1800003052,0.20242412822191191,0,3.4518293743817097,-0.9462178028982304,2.011068568001817,1.429270552562989,-0.631677168522693,5.35806761296449,3.0,1.0,0.7971704648385722,2.1026815738808935,3.4518293743817097,3.4518293743817097
BELFB,2021-04-08,stress,True,True,D-1,19.7999992371,19.7999992371,18.4899997711,19.0200004578,19.1800003052,19.0799999237,-3.131307857518928,0,-0.9462178028982304,2.011068568001817,1.429270552562989,-0.631677168522693,-3.4718873609436263,-1.6932278580275684,2.0,2.0,0.4622641678982811,5.7750729631162345,2.011068568001817,6.092701977692239
BELFB,2021-04-09,stress,True,True,D-1,19.1399993896,19.1800003052,18.8199996948,18.9799995422,19.0799999237,18.8899993896,-0.31347684333051795,0,2.011068568001817,1.429270552562989,-0.631677168522693,-3.4718873609436263,-3.6474129769449304,-4.374052078930191,2.0,3.0,0.22175766612498019,9.779172756208986,2.011068568001817,9.003734835742407
BELFB,2021-04-12,stress,True,True,D-1,18.8400001526,19.0799999237,18.5499992371,18.7399997711,18.8899993896,19.1700000763,1.751591937510999,0,1.429270552562989,-0.631677168522693,-3.4718873609436263,-3.6474129769449304,-0.21030975098421667,-6.456388931452716,1.0,4.0,0.20502087708127345,10.01053563976939,1.429270552562989,5.279322415342957
BELFB,2021-04-13,stress,True,True,D-1,18.8899993896,18.8899993896,18.4400005341,18.5699996948,19.1700000763,19.5599994659,3.5468507038114216,1,-0.631677168522693,-3.4718873609436263,-3.6474129769449304,-0.21030975098421667,-1.264487760215105,-8.94071991944495,0.0,4.0,0.10504196966582864,11.36606773808393,-0.21030975098421667,1.472138170139592
BELFB,2021-04-14,stress,True,True,D-1,18.4899997711,19.1700000763,18.4699993134,19.0,19.5599994659,18.9699993134,5.786910265258172,1,-3.4718873609436263,-3.6474129769449304,-0.21030975098421667,-1.264487760215105,-0.9071508984870191,-9.193158914256195,0.0,4.0,0.06280153616764622,10.446960506107295,-0.21030975098421667,2.1601678466240837
BELFB,2021-04-15,stress,True,True,D-1,19.3600006104,19.5599994659,18.3600006104,18.8500003815,18.9699993134,18.3899993896,-2.0144694457834733,0,-3.6474129769449304,-0.21030975098421667,-1.264487760215105,-0.9071508984870191,2.315564417162652,-3.748732419862455,1.0,4.0,0.4117647058520757,4.21052230052632,2.315564417162652,0.0
BELFB,2021-04-16,stress,True,True,D-1,18.9699993134,18.9699993134,17.7900009155,18.7999992371,18.3899993896,17.8400001526,-3.057458854994788,0,-0.21030975098421667,-1.264487760215105,-0.9071508984870191,2.315564417162652,-0.7894716763157894,-0.8937963838496321,1.0,0.0,0.40833353203143913,3.766573315811783,2.315564417162652,0.0
BELFB,2021-04-19,stress,True,True,D-1,18.3899993896,18.3899993896,17.2999992371,17.8600006104,17.8400001526,18.0799999237,-1.685695900976003,0,-1.264487760215105,-0.9071508984870191,2.315564417162652,-0.7894716763157894,-0.2652580551089634,-0.9483683321476977,1.0,1.0,0.5706209880068843,4.042554572556645,2.315564417162652,3.368200011373179
BELFB,2021-04-20,stress,True,True,D-1,17.7999992371,17.8400001526,17.1299991608,17.2000007629,18.0799999237,18.1200008392,1.7977618866018341,0,-0.9071508984870191,2.315564417162652,-0.7894716763157894,-0.2652580551089634,-4.999992898111416,-4.695833358851454,1.0,2.0,0.24778819318852302,9.5184703101862,2.315564417162652,7.567552486465911
BELFB,2021-04-21,stress,True,True,D-1,17.0900001526,18.0799999237,17.0799999237,18.0,18.1200008392,17.75,6.026920289075011,1,2.315564417162652,-0.7894716763157894,-0.2652580551089634,-4.999992898111416,-3.695407754441382,-7.37748494569781,1.0,3.0,0.028807240045642273,13.720922083273734,2.315564417162652,10.826194944437116
BELFB,2021-04-22,stress,True,True,D-1,18.1200008392,18.1200008392,17.1100006104,17.1800003052,17.75,18.0499992371,-0.3863222895032159,0,-0.7894716763157894,-0.2652580551089634,-4.999992898111416,-3.695407754441382,4.651158148932066,-5.263157894736848,1.0,4.0,0.37096784118107967,8.666663699444443,4.651158148932066,0.0
BELFB,2021-04-23,stress,True,True,D-1,17.2999992371,17.75,17.0300006866,17.3299999237,18.0499992371,17.8500003815,4.335260306784394,1,-0.2652580551089634,-4.999992898111416,-3.695407754441382,4.651158148932066,-4.5555538599999945,-8.859416671094555,1.0,4.0,0.05291027184716309,10.419086009318669,4.651158148932066,0.11628172565631978
BELFB,2021-04-26,stress,True,True,D-1,17.3999996185,18.0499992371,17.3400001526,17.5200004578,17.8500003815,17.2999992371,2.586211338312605,0,-4.999992898111416,-3.695407754441382,4.651158148932066,-4.5555538599999945,0.8731060293089676,-7.819145601341814,2.0,4.0,0.22058788470771068,6.116557822082713,4.651158148932066,8.373380795043172
BELFB,2021-04-27,stress,True,True,D-1,17.7399997711,17.8500003815,17.0,17.1800003052,17.2999992371,17.2999992371,-2.4802736171214534,0,-3.695407754441382,4.651158148932066,-4.5555538599999945,0.8731060293089676,1.096367772282325,-1.903696198095406,3.0,2.0,0.4495410115596694,3.424659621700399,4.651158148932066,4.651158148932066
BELFB,2021-04-28,stress,True,True,D-1,17.25,17.2999992371,16.5,16.6800003052,17.2999992371,22.0,27.536231884057962,1,4.651158148932066,-4.5555538599999945,0.8731060293089676,1.096367772282325,-1.9406400897017617,-0.11628172565631978,3.0,3.0,0.16071443779325356,5.471481474394868,4.651158148932066,5.5167070188709815
BELFB,2021-04-29,stress,True,True,D-1,17.2999992371,17.2999992371,15.9899997711,16.3299999237,22.0,20.0799999237,27.167635665675682,1,-4.5555538599999945,0.8731060293089676,1.096367772282325,-1.9406400897017617,-2.9103608330476094,-7.333331637777773,2.0,4.0,0.11111124194780612,8.633096568655807,1.096367772282325,5.890889065950589
BELFB,2021-04-30,stress,True,True,D-1,15.7600002289,22.0,15.7600002289,19.9300003052,20.0799999237,17.7000007629,27.411165178019314,1,0.8731060293089676,1.096367772282325,-1.9406400897017617,-2.9103608330476094,-2.0983235917021337,-4.9476156367862405,2.0,3.0,0.165048660551449,10.532757632801548,1.096367772282325,6.043983409068566
BELFB,2021-05-03,stress,True,True,D-1,19.25,20.0799999237,17.8700008392,17.9500007629,17.7000007629,18.2999992371,-4.935068898181816,0,1.096367772282325,-1.9406400897017617,-2.9103608330476094,-2.0983235917021337,22.045317809678977,15.002887437664182,2.0,0.0,0.6682692675107108,10.386350542402688,22.045317809678977,1.096367772282325
BELFB,2021-05-04,stress,True,True,D-1,17.4400005341,17.7000007629,17.0,17.1900005341,18.2999992371,17.4099998474,4.931185072606303,1,-1.9406400897017617,-2.9103608330476094,-2.0983235917021337,22.045317809678977,-9.934769252278397,2.454339576849507,1.0,1.0,0.3509616369126794,22.562668885623395,22.045317809678977,0.0
BELFB,2021-05-05,stress,True,True,D-1,18.2999992371,18.2999992371,16.4500007629,17.5100002289,17.4099998474,17.8199996948,-2.622948427926086,0,-2.9103608330476094,-2.0983235917021337,22.045317809678977,-9.934769252278397,-4.233984381609646,0.0582085490241413,1.0,2.0,0.22916672398337576,27.981380549455757,22.045317809678977,35.793434865076605
BELFB,2021-05-06,stress,True,True,D-1,17.4099998474,17.4099998474,16.8600006104,17.2299995422,17.8199996948,17.4099998474,2.3549675530940783,0,-2.0983235917021337,22.045317809678977,-9.934769252278397,-4.233984381609646,1.861545577995849,4.97601863617021,2.0,3.0,0.2804487282363326,25.642488363245832,22.045317809678977,24.49657416232167
BELFB,2021-05-07,stress,True,True,D-1,17.1299991608,17.8199996948,17.0100002289,17.4599990845,17.4099998474,16.5900001526,1.6345633410230986,0,22.045317809678977,-9.934769252278397,-4.233984381609646,1.861545577995849,-1.5990901372911592,5.511326532180916,2.0,4.0,0.23557682167043859,27.68427501183175,22.045317809678977,22.045317809678977
BELFB,2021-05-10,stress,True,True,D-1,17.4099998474,17.4099998474,15.8199996948,15.9399995804,16.5900001526,16.0,-4.7099351061881904,0,-9.934769252278397,-4.233984381609646,1.861545577995849,-1.5990901372911592,1.3348784005285719,-12.393382754016024,2.0,4.0,0.27823651655539555,15.005732970088692,1.861545577995849,2.147103223606117
BELFB,2021-05-11,stress,True,True,D-1,15.75,16.5900001526,15.6999998093,15.8999996185,16.0,15.9099998474,1.5873015873015817,0,-4.233984381609646,1.861545577995849,-1.5990901372911592,1.3348784005285719,-8.70561044558914,-11.197777699566313,2.0,3.0,0.04838705957530548,14.80551893866975,1.861545577995849,9.348486936528754
BELFB,2021-05-12,stress,True,True,D-1,15.7899999619,16.0,15.0699996948,15.1199998856,15.9099998474,16.6000003815,5.129831675455776,1,1.861545577995849,-1.5990901372911592,1.3348784005285719,-8.70561044558914,-0.25094079644257805,-7.5043680949340885,2.0,4.0,0.07692302046744368,15.09433758606853,1.861545577995849,10.79625089184022
BELFB,2021-05-13,stress,True,True,D-1,15.25,15.9099998474,15.25,15.6099996567,16.6000003815,16.2399997711,8.852461518032783,1,-1.5990901372911592,1.3348784005285719,-8.70561044558914,-0.25094079644257805,-4.9056588151892395,-13.649345014601089,1.0,3.0,0.018181887563636548,17.857141730347692,1.3348784005285719,6.479167712858802
BELFB,2021-05-14,stress,True,True,D-1,16.6000003815,16.6000003815,15.6700000763,16.4599990845,16.2399997711,16.6000003815,0.0,0,1.3348784005285719,-8.70561044558914,-0.25094079644257805,-4.9056588151892395,3.240739251371716,-9.402205040878098,2.0,4.0,0.19636362250909076,14.15759184306864,3.240739251371716,3.158777575108296
BELFB,2021-05-17,stress,True,True,D-1,16.1700000763,16.2399997711,15.8100004196,16.1399993896,16.6000003815,16.3199996948,2.65924739128629,0,-8.70561044558914,-0.25094079644257805,-4.9056588151892395,3.240739251371716,5.445223872475702,-5.7273771617075475,2.0,4.0,0.5940167944671101,5.771572392094448,5.445223872475702,0.0
BELFB,2021-05-18,stress,True,True,D-1,16.0599994659,16.6000003815,15.6899995804,16.2099990845,16.3199996948,16.2600002289,1.618930495309523,0,-0.25094079644257805,-4.9056588151892395,3.240739251371716,5.445223872475702,-1.9441051804270026,1.2547039803308513,2.0,1.0,0.6993458918687427,2.8500682112565956,5.445223872475702,3.240739251371716
BELFB,2021-05-19,stress,True,True,D-1,16.1100006104,16.3199996948,15.6899995804,16.2199993134,16.2600002289,16.8500003815,4.59341864097933,1,-4.9056588151892395,3.240739251371716,5.445223872475702,-1.9441051804270026,0.43370320661293427,1.9496822228807442,3.0,2.0,0.7450973059095961,2.4059304073182686,5.445223872475702,6.964057492797215
BELFB,2021-05-20,stress,True,True,D-1,15.9899997711,16.2600002289,15.8400001526,16.2299995422,16.8500003815,17.0599994659,6.6916804885381875,1,3.240739251371716,5.445223872475702,-1.9441051804270026,0.43370320661293427,0.06169173019607843,7.275128545785359,4.0,3.0,0.7185178068781156,2.342793367358942,5.445223872475702,5.445223872475702
BELFB,2021-05-21,stress,True,True,D-1,16.4200000763,16.8500003815,16.2800006866,16.6100006104,17.0599994659,16.9500007629,3.8976820135570467,1,5.445223872475702,-1.9441051804270026,0.43370320661293427,0.06169173019607843,0.061653694348429156,3.9718122942679956,4.0,4.0,0.6021497657246171,2.279734132696376,5.445223872475702,5.445223872475702
BELFB,2021-05-24,stress,True,True,D-1,16.6700000763,17.0599994659,16.6399993896,16.8199996948,16.9500007629,16.7199993134,1.679668178274829,0,-1.9441051804270026,0.43370320661293427,0.06169173019607843,0.061653694348429156,2.3413498393018983,0.9113094425457824,4.0,0.0,0.7931037884866861,1.4449112720063884,2.3413498393018983,0.43370320661293427
BELFB,2021-05-25,stress,True,True,D-1,16.8400001526,16.9500007629,16.2800006866,16.2900009155,16.7199993134,17.4300003052,3.5035638197955077,1,0.43370320661293427,0.06169173019607843,0.061653694348429156,2.3413498393018983,1.2642930564885857,4.2131371184447985,5.0,0.0,0.8248176706873168,1.4268714355220702,2.3413498393018983,0.43370320661293427
BELFB,2021-05-26,stress,True,True,D-1,16.5499992371,16.7199993134,15.8400001526,16.3799991608,17.4300003052,17.4300003052,5.317227242689593,1,0.06169173019607843,0.061653694348429156,2.3413498393018983,1.2642930564885857,-3.151003501289318,0.49353384033496983,4.0,1.0,0.4379572155081022,4.726817109429038,2.3413498393018983,4.267898202579145
BELFB,2021-05-27,stress,True,True,D-1,17.4300003052,17.4300003052,16.2399997711,16.5900001526,17.4300003052,16.3700008392,0.0,0,0.061653694348429156,2.3413498393018983,1.2642930564885857,-3.151003501289318,0.5524753851570807,0.9864355990929052,4.0,2.0,0.4426223870072084,4.15140622673138,2.3413498393018983,4.95728647416419
BELFB,2021-05-28,stress,True,True,D-1,17.4300003052,17.4300003052,16.1299991608,16.4799995422,16.3700008392,15.2600002289,-6.081465561901133,0,2.3413498393018983,1.2642930564885857,-3.151003501289318,0.5524753851570807,1.2820574026802367,2.2181184260908315,4.0,0.0,0.4716980679363981,5.063292012498,2.3413498393018983,2.3413498393018983
BELFB,2021-06-01,stress,True,True,D-1,16.3700008392,16.3700008392,13.5399999619,14.8500003815,15.2600002289,15.2299995422,-6.780699776398091,0,1.2642930564885857,-3.151003501289318,0.5524753851570807,1.2820574026802367,-0.6630537033645356,-0.7826674498651154,3.0,1.0,0.40251530073972747,5.764567896785144,1.2820574026802367,1.2642930564885857
BELFB,2021-06-02,stress,True,True,D-1,14.8599996567,15.2600002289,14.6400003433,15.0900001526,15.2299995422,15.1000003815,2.489905074346188,0,-3.151003501289318,0.5524753851570807,1.2820574026802367,-0.6630537033645356,-9.890771880946335,-11.712243454493265,2.0,2.0,0.3367610035963874,17.373736413597275,1.2820574026802367,11.77030185774316
BELFB,2021-06-03,stress,True,True,D-1,15.2299995422,15.2299995422,14.6800003052,15.0900001526,15.1000003815,15.0,-0.8535729783825219,0,0.5524753851570807,1.2820574026802367,-0.6630537033645356,-9.890771880946335,1.6161600332279535,-7.366486773847836,3.0,3.0,0.398457597406043,15.506959104946194,1.6161600332279535,9.716519952516222
BELFB,2021-06-04,stress,True,True,D-1,15.1000003815,15.1000003815,14.2700004578,14.6599998474,15.0,14.8299999237,-0.6622541653874103,0,1.2820574026802367,-0.6630537033645356,-9.890771880946335,1.6161600332279535,0.0,-7.8754522239975255,2.0,4.0,0.398457597406043,15.506959104946194,1.6161600332279535,1.2820574026802367
BELFB,2021-06-07,stress,True,True,D-1,14.4899997711,15.0,14.3199996948,14.5200004578,14.8299999237,14.9099998474,2.898551296996432,0,-0.6630537033645356,-9.890771880946335,1.6161600332279535,0.0,-2.8495712448744492,-11.633515897813462,1.0,4.0,0.2879176829454652,18.894955570489103,1.6161600332279535,4.465731278102403
BELFB,2021-06-08,stress,True,True,D-1,14.5399999619,14.8299999237,14.5,14.7600002289,14.9099998474,15.1700000763,4.332875626209254,1,-9.890771880946335,1.6161600332279535,0.0,-2.8495712448744492,-0.9549753823826168,-11.893198658052572,1.0,4.0,0.3462898205300145,12.74104905696609,1.6161600332279535,5.393493956593021
BELFB,2021-06-09,stress,True,True,D-1,14.8199996948,14.9099998474,14.6800003052,14.7700004578,15.1700000763,14.970000267,2.3616760371648837,0,1.6161600332279535,0.0,-2.8495712448744492,-0.9549753823826168,1.6528909334233122,-0.6060616181001732,2.0,4.0,0.49494937817566886,3.387533822804434,1.6528909334233122,1.6161600332279535
BELFB,2021-06-10,stress,True,True,D-1,15.1700000763,15.1700000763,14.5600004196,14.6199998856,14.970000267,14.7100000381,-1.3183902985765883,0,0.0,-2.8495712448744492,-0.9549753823826168,1.6528909334233122,0.06775222726906893,-2.1206076313051825,2.0,4.0,0.520833830078599,3.1144148283155593,1.6528909334233122,0.0
BELFB,2021-06-11,stress,True,True,D-1,14.6700000763,14.970000267,14.3100004196,14.3299999237,14.7100000381,14.3699998856,0.27266504152663185,0,-2.8495712448744492,-0.9549753823826168,1.6528909334233122,0.06775222726906893,-1.015575948210512,-3.114647198456244,2.0,0.0,0.38888841795659124,3.7619712380553505,1.6528909334233122,2.6014027296892728
BELFB,2021-06-14,stress,True,True,D-1,14.6499996185,14.7100000381,14.0100002289,14.0200004578,14.3699998856,14.1800003052,-1.9112610251976858,0,-0.9549753823826168,1.6528909334233122,0.06775222726906893,-1.015575948210512,-1.9835838862463762,-2.251022695327831,2.0,1.0,0.023255246608752733,5.861829428280352,1.6528909334233122,4.631905967018901
BELFB,2021-06-15,stress,True,True,D-1,13.970000267,14.3699998856,13.6199998856,13.9399995804,14.1800003052,14.3800001144,2.9348592667424844,0,1.6528909334233122,0.06775222726906893,-1.015575948210512,-1.9835838862463762,-2.163290073625901,-3.4435260622282193,2.0,2.0,0.008620888116852146,8.202564771388431,1.6528909334233122,5.756854219982366
BELFB,2021-06-16,stress,True,True,D-1,13.8900003433,14.1800003052,13.8000001907,14.1199998856,14.3800001144,14.6899995804,5.759533602069977,1,0.06775222726906893,-1.015575948210512,-1.9835838862463762,-2.163290073625901,-0.5706196489850379,-5.555559863030634,1.0,3.0,0.20645139059981935,8.82353323474565,0.06775222726906893,2.7893177916553547
BELFB,2021-06-17,stress,True,True,D-1,14.3800001144,14.3800001144,13.5100002289,13.6599998474,14.6899995804,14.3800001144,2.155768174783046,0,-1.015575948210512,-1.9835838862463762,-2.163290073625901,-0.5706196489850379,1.2912504348499887,-4.400816195349111,1.0,4.0,0.3225806054734703,7.436262034044483,1.2912504348499887,0.0
BELFB,2021-06-18,stress,True,True,D-1,13.5900001526,14.6899995804,13.1499996185,14.4099998474,14.3800001144,13.9600000381,5.813097519714594,1,-1.9835838862463762,-2.163290073625901,-0.5706196489850379,1.2912504348499887,-3.257790665204763,-6.566347781887161,1.0,4.0,0.10273946204495014,9.59004710274094,1.2912504348499887,2.0086064664857517
BELFB,2021-06-21,stress,True,True,D-1,14.3400001526,14.3800001144,13.1999998093,13.9600000381,13.9600000381,14.4300003052,0.6276161202388941,0,-2.163290073625901,-0.5706196489850379,1.2912504348499887,-3.257790665204763,5.490483223854148,0.558268835491682,2.0,4.0,0.8076922371745748,2.0818889235042493,5.490483223854148,1.2912504348499887
BELFB,2021-06-22,stress,True,True,D-1,13.9600000381,13.9600000381,13.529999733,13.7700004578,14.4300003052,14.3400001526,3.366764081785556,1,-0.5706196489850379,1.2912504348499887,-3.257790665204763,5.490483223854148,-3.1228300767899952,-0.42796303666751134,2.0,1.0,0.5259743114542995,5.229223068106492,5.490483223854148,1.2912504348499887
BELFB,2021-06-23,stress,True,True,D-1,14.4300003052,14.4300003052,13.3999996185,13.8100004196,14.3400001526,14.9600000381,3.672901744215551,1,1.2912504348499887,-3.257790665204763,5.490483223854148,-3.1228300767899952,-1.3610285084631024,-1.2195059377119621,2.0,2.0,0.4025979575577804,6.681184400969764,5.490483223854148,9.931839201491265
BELFB,2021-06-24,stress,True,True,D-1,14.3400001526,14.3400001526,13.6700000763,14.1599998474,14.9600000381,15.6999998093,9.483958453469166,1,-3.257790665204763,5.490483223854148,-3.1228300767899952,-1.3610285084631024,0.29048627792414017,-2.1954636580142406,2.0,3.0,0.42857195936921477,6.372187791906603,5.490483223854148,6.564979055448827
BELFB,2021-06-25,stress,True,True,D-1,14.4200000763,14.9600000381,13.9200000763,14.9600000381,15.6999998093,15.6700000763,8.876558434307814,1,5.490483223854148,-3.1228300767899952,-1.3610285084631024,0.29048627792414017,2.534391145298298,3.660322149236106,3.0,4.0,0.655844320706278,3.7429360078511387,5.490483223854148,5.490483223854148
BELFB,2021-06-28,stress,True,True,D-1,15.0600004196,15.6999998093,14.8999996185,15.470000267,15.6700000763,15.7600002289,4.648072973417561,1,-3.1228300767899952,-1.3610285084631024,0.29048627792414017,2.534391145298298,5.649718921761804,3.816795256935679,3.0,0.0,1.0,0.0,5.649718921761804,0.29048627792414017
BELFB,2021-06-29,stress,True,True,D-1,15.25,15.6700000763,14.4799995422,14.5699996948,15.7600002289,14.7899999619,3.344263796065561,1,-1.3610285084631024,0.29048627792414017,2.534391145298298,5.649718921761804,3.4090924304888803,10.816620521338582,4.0,0.0,0.900000207295635,1.4867455612824099,5.649718921761804,2.534391145298298
BELFB,2021-06-30,stress,True,True,D-1,15.7600002289,15.7600002289,14.1599998474,14.3999996185,14.7899999619,14.6300001144,-6.154823939794463,0,0.29048627792414017,2.534391145298298,5.649718921761804,3.4090924304888803,-5.817715298427273,5.809725565744928,4.0,1.0,0.5086956431482048,7.755663268155688,5.649718921761804,8.25667308156629
BELFB,2021-07-01,stress,True,True,D-1,14.3699998856,14.7899999619,14.1899995804,14.5200004578,14.6300001144,14.3599996567,1.8093265892127341,0,2.534391145298298,5.649718921761804,3.4090924304888803,-5.817715298427273,-1.1667816050859092,4.272260542893536,3.0,0.0,0.34928205210505286,9.444448933545635,5.649718921761804,12.56633579333667
BELFB,2021-07-02,stress,True,True,D-1,14.5900001526,14.6300001144,14.220000267,14.3400001526,14.3599996567,14.2100000381,-1.5764255894062718,0,5.649718921761804,3.4090924304888803,-5.817715298427273,-1.1667816050859092,0.8333391838832416,2.542377219489178,3.0,1.0,0.3260871368147304,8.53994305787975,5.649718921761804,5.992884591269975
BELFB,2021-07-06,stress,True,True,D-1,14.3599996567,14.3599996567,13.7399997711,13.9600000381,14.2100000381,13.6000003815,-1.0445656141085835,0,3.4090924304888803,-5.817715298427273,-1.1667816050859092,0.8333391838832416,-1.2396714843304735,-4.144384250808752,2.0,2.0,0.11250016392574227,9.902371416938504,3.4090924304888803,3.825755399166453
BELFB,2021-07-07,stress,True,True,D-1,13.9799995422,14.2100000381,13.5699996948,13.6599998474,13.6000003815,14.1000003815,0.8583751303979925,0,-5.817715298427273,-1.1667816050859092,0.8333391838832416,-1.2396714843304735,-2.649931035259445,-9.760828719060033,1.0,3.0,0.10891099858442806,12.893984139594483,0.8333391838832416,4.690091264074625
BELFB,2021-07-08,stress,True,True,D-1,13.5600004196,13.6000003815,13.1000003815,13.2100000381,14.1000003815,14.0500001907,3.982300480754186,1,-1.1667816050859092,0.8333391838832416,-1.2396714843304735,-2.649931035259445,-2.1489984948512286,-6.245709447233394,1.0,4.0,0.04109595006879139,15.37335581961743,0.8333391838832416,5.575321735931604
BELFB,2021-07-09,stress,True,True,D-1,13.3699998856,14.1000003815,13.279999733,13.8900003433,14.0500001907,13.9300003052,5.086015788469722,1,0.8333391838832416,-1.2396714843304735,-2.649931035259445,-2.1489984948512286,-3.2942885382656217,-8.2638861939356,1.0,4.0,0.06508857036163629,11.960635270575292,0.8333391838832416,6.205832005896705
BELFB,2021-07-12,stress,True,True,D-1,13.7100000381,14.0500001907,13.6300001144,13.9600000381,13.9300003052,14.2299995422,3.792848305287566,1,-1.2396714843304735,-2.649931035259445,-2.1489984948512286,-3.2942885382656217,5.147617738370602,-4.33884362697502,1.0,4.0,0.5163399344538546,5.327572014474047,5.147617738370602,0.0
BELFB,2021-07-13,stress,True,True,D-1,13.8699998856,13.9300003052,13.5600004196,13.6999998093,14.2299995422,13.4099998474,2.5955274662529337,0,-2.649931035259445,-2.1489984948512286,-3.2942885382656217,5.147617738370602,0.5039574735054897,-2.649931035259445,2.0,4.0,0.6825398026228968,2.8653267729821685,5.147617738370602,0.0
BELFB,2021-07-14,stress,True,True,D-1,14.2299995422,14.2299995422,12.9499998093,13.25,13.4099998474,13.3400001526,-5.762471687846771,0,-2.1489984948512286,-3.2942885382656217,5.147617738370602,0.5039574735054897,-1.8624658172664899,-1.8624658172664899,2.0,4.0,0.5405401922716231,3.7226294591171882,5.147617738370602,6.515512117809186
BELFB,2021-07-15,stress,True,True,D-1,13.1599998474,13.4099998474,12.7299995422,13.2700004578,13.3400001526,13.0,1.3677834900245989,0,-3.2942885382656217,5.147617738370602,0.5039574735054897,-1.8624658172664899,-3.2846701865975603,-3.00146304524328,2.0,0.0,0.23437519789188732,7.3962229599999985,5.147617738370602,10.233577882799327
BELFB,2021-07-16,stress,True,True,D-1,13.3400001526,13.3400001526,12.8999996185,13.0799999237,13.0,13.1400003433,-1.4992489281270283,0,5.147617738370602,0.5039574735054897,-1.8624658172664899,-3.2846701865975603,0.15094685132075458,0.4542045384326121,3.0,1.0,0.3600006104000002,7.234356075969228,5.147617738370602,8.28629917987035
BELFB,2021-07-19,stress,True,True,D-1,12.8500003815,13.0,12.3999996185,12.5,13.1400003433,13.470000267,4.824901689439698,1,0.5039574735054897,-1.8624658172664899,-3.2846701865975603,0.15094685132075458,-1.4318050304837682,-5.831536354070089,2.0,2.0,0.23333358766666734,8.792046064283877,0.5039574735054897,1.7869769172790706
BELFB,2021-07-20,stress,True,True,D-1,12.6099996567,13.1400003433,12.4300003052,12.6499996185,13.470000267,13.2100000381,6.819989165051732,1,-1.8624658172664899,-3.2846701865975603,0.15094685132075458,-1.4318050304837682,-4.434250207059131,-10.458452966442188,1.0,3.0,0.05464501949148321,13.839996337600002,0.15094685132075458,5.953512271334738
BELFB,2021-07-21,stress,True,True,D-1,12.8100004196,13.470000267,12.8100004196,13.3199996948,13.2100000381,12.9799995422,3.1225574191861893,1,-3.2846701865975603,0.15094685132075458,-1.4318050304837682,-4.434250207059131,1.199996948000015,-7.664235076026971,2.0,4.0,0.13661202755382396,12.490118350591306,1.199996948000015,3.43841097753127
BELFB,2021-07-22,stress,True,True,D-1,13.2100000381,13.2100000381,12.6499996185,12.8000001907,12.9799995422,13.220000267,0.07570195966053461,0,0.15094685132075458,-1.4318050304837682,-4.434250207059131,1.199996948000015,5.296443450639776,0.528299583396219,3.0,0.0,0.8598126343098194,1.126130447724849,5.296443450639776,0.15094685132075458
BELFB,2021-07-23,stress,True,True,D-1,12.7700004578,12.9799995422,12.3699998856,12.7399997711,13.220000267,13.2600002289,3.8371163158471555,1,-1.4318050304837682,-4.434250207059131,1.199996948000015,5.296443450639776,-3.903900270380656,-3.541825553018252,2.0,1.0,0.373832083897097,5.234375518109724,5.296443450639776,1.199996948000015
BELFB,2021-07-26,stress,True,True,D-1,12.8199996948,13.220000267,12.8000001907,13.0100002289,13.2600002289,11.6899995804,3.432141533345523,1,-4.434250207059131,1.199996948000015,5.296443450639776,-3.903900270380656,-0.46875327114130894,-2.5993895610346707,2.0,2.0,0.33636341564635813,5.7299882968284255,5.296443450639776,9.650797331942229
BELFB,2021-07-27,stress,True,True,D-1,12.8500003815,13.2600002289,12.3999996185,12.7399997711,11.6899995804,12.220000267,-4.902724480903542,0,1.199996948000015,5.296443450639776,-3.903900270380656,-0.46875327114130894,2.119312893650749,4.080001831199986,3.0,3.0,0.5818182921768206,3.5357419677685353,5.296443450639776,5.296443450639776
BELFB,2021-07-28,stress,True,True,D-1,11.1899995804,11.6899995804,10.5799999237,11.3199996948,12.220000267,15.25,36.282400105817246,1,5.296443450639776,-3.903900270380656,-0.46875327114130894,2.119312893650749,-2.075330154108901,0.7114636783733808,2.0,4.0,0.33636341564635813,5.7299882968284255,5.296443450639776,5.296443450639776
BELFB,2021-07-29,stress,True,True,D-1,11.5100002289,12.220000267,11.5,12.1400003433,15.25,14.5799999237,32.493481292114865,1,-3.903900270380656,-0.46875327114130894,2.119312893650749,-2.075330154108901,-11.145997659444184,-15.015015359052752,1.0,1.0,0.27611928612999753,17.137814367531877,2.119312893650749,15.10932445680112
BELFB,2021-07-30,stress,True,True,D-1,14.029999733,15.25,13.1800003052,13.6400003433,14.5799999237,14.5900001526,3.991449966195093,1,-0.46875327114130894,2.119312893650749,-2.075330154108901,-11.145997659444184,7.243822178517201,-5.156248730992452,2.0,2.0,0.5820896425172544,9.225698961517082,7.243822178517201,6.82888462504957
BELFB,2021-08-02,stress,True,True,D-1,13.6499996185,14.5799999237,13.0200004578,13.1000003815,14.5900001526,14.0,6.88645099173486,1,2.119312893650749,-2.075330154108901,-11.145997659444184,7.243822178517201,12.355848085522014,7.064368825512868,3.0,0.0,0.655246331821136,11.803516247643175,12.355848085522014,2.119312893650749
BELFB,2021-08-03,stress,True,True,D-1,13.3100004196,14.5900001526,13.2899999619,13.8299999237,14.0,14.9200000763,12.09616533391802,1,-2.075330154108901,-11.145997659444184,7.243822178517201,12.355848085522014,-3.9589439018251182,0.6917767180363077,2.0,1.0,0.5396146502414135,16.41221035028564,12.355848085522014,7.243822178517201
BELFB,2021-08-04,stress,True,True,D-1,13.7600002289,14.0,13.1499996185,13.5,14.9200000763,15.3000001907,11.191860001321462,1,-11.145997659444184,7.243822178517201,12.355848085522014,-3.9589439018251182,5.572515427029434,8.555731335824724,3.0,2.0,0.6959314661457023,10.267534953970546,12.355848085522014,12.355848085522014
BELFB,2021-08-05,stress,True,True,D-1,13.5799999237,14.9200000763,13.3999996185,14.8299999237,15.3000001907,14.9099998474,12.66568686792282,1,7.243822178517201,12.355848085522014,-3.9589439018251182,5.572515427029434,-2.3861165981244215,19.25795374536461,3.0,3.0,0.5333333333333333,12.962962962962955,12.355848085522014,12.355848085522014
BELFB,2021-08-06,stress,True,True,D-1,14.7299995422,15.3000001907,14.5600004196,14.8599996567,14.9099998474,14.970000267,1.6293328734493295,0,12.355848085522014,-3.9589439018251182,5.572515427029434,-2.3861165981244215,9.85185128666668,22.15815077702692,3.0,4.0,0.8116591199450879,2.8320976295407307,12.355848085522014,12.355848085522014
BELFB,2021-08-09,stress,True,True,D-1,14.6999998093,14.9099998474,14.1700000763,14.4300003052,14.970000267,15.1400003433,2.993200950394792,0,-3.9589439018251182,5.572515427029434,-2.3861165981244215,9.85185128666668,0.20229085066989505,8.944276266087225,3.0,0.0,0.8070172870413669,2.960972706359488,9.85185128666668,5.572515427029434
BELFB,2021-08-10,stress,True,True,D-1,14.3100004196,14.970000267,14.1499996185,14.6599998474,15.1400003433,15.5600004196,8.735149988450818,1,5.572515427029434,-2.3861165981244215,9.85185128666668,0.20229085066989505,-2.8936699961909063,10.152670877614977,3.0,1.0,0.5953489981587454,6.029105108102373,9.85185128666668,12.549084061838556
BELFB,2021-08-11,stress,True,True,D-1,14.6700000763,15.1400003433,14.3500003815,15.0399999619,15.5600004196,15.2899999619,6.0668053079143025,1,-2.3861165981244215,9.85185128666668,0.20229085066989505,-2.8936699961909063,1.5938983876328638,6.001445613008682,3.0,2.0,0.7023255009438827,4.36562312388773,9.85185128666668,11.19774505463742
BELFB,2021-08-12,stress,True,True,D-1,15.0500001907,15.5600004196,14.8599996567,15.2899999619,15.2899999619,14.6999998093,1.5946828449098893,0,9.85185128666668,0.20229085066989505,-2.8936699961909063,1.5938983876328638,2.5920881204333224,11.407407125185177,4.0,3.0,0.8631578155268932,1.7287249299112073,9.85185128666668,9.85185128666668
BELFB,2021-08-13,stress,True,True,D-1,15.2899999619,15.2899999619,14.4300003052,14.470000267,14.6999998093,14.2600002289,-3.858732204513915,0,0.20229085066989505,-2.8936699961909063,1.5938983876328638,2.5920881204333224,1.662234046764044,3.1018209073950587,4.0,0.0,0.8085104224839008,1.765863037101334,2.5920881204333224,1.5938983876328638
BELFB,2021-08-16,stress,True,True,D-1,14.3800001144,14.6999998093,14.0500001907,14.279999733,14.2600002289,14.1400003433,-0.8344915476032111,0,-2.8936699961909063,1.5938983876328638,2.5920881204333224,1.662234046764044,-5.362980359341374,-2.6244912430005263,3.0,1.0,0.2269506855956063,7.532827453264335,2.5920881204333224,6.381979718464892
BELFB,2021-08-17,stress,True,True,D-1,14.1800003052,14.2600002289,13.6499996185,13.8900003433,14.1400003433,14.1899995804,0.07051674883487014,0,1.5938983876328638,2.5920881204333224,1.662234046764044,-5.362980359341374,-1.3130651727305875,-1.0395049828650804,3.0,2.0,0.15231755459239188,8.963590409893452,2.5920881204333224,9.197714225186381
BELFB,2021-08-18,stress,True,True,D-1,13.8000001907,14.1400003433,13.6700000763,13.8000001907,14.1899995804,13.9099998474,2.826082495004778,0,2.5920881204333224,1.662234046764044,-5.362980359341374,-1.3130651727305875,-2.7310882142297266,-5.2523841208399595,2.0,3.0,0.12565477703558012,12.023038409106611,2.5920881204333224,6.600380539216033
BELFB,2021-08-19,stress,True,True,D-1,13.6599998474,14.1899995804,13.4600000381,13.470000267,13.9099998474,14.1499996185,3.5871140305559157,1,1.662234046764044,-5.362980359341374,-1.3130651727305875,-2.7310882142297266,-0.647949246764512,-8.244679350673023,1.0,4.0,0.0785342980555883,12.753624670861141,1.662234046764044,5.0235754422457095
BELFB,2021-08-20,stress,True,True,D-1,13.4099998474,13.9099998474,13.3299999237,13.8100004196,14.1499996185,14.1199998856,5.518268303660534,1,-5.362980359341374,-1.3130651727305875,-2.7310882142297266,-0.647949246764512,-2.3913037618825017,-11.90320274319896,0.0,4.0,0.0054646061838263295,13.511504519853613,-0.647949246764512,3.0237585739340322
BELFB,2021-08-23,stress,True,True,D-1,14.0699996948,14.1499996185,13.5900001526,13.6700000763,14.1199998856,14.3299999237,1.8479050073902492,0,-1.3130651727305875,-2.7310882142297266,-0.647949246764512,-2.3913037618825017,2.5241287740206175,-4.561159884047705,1.0,4.0,0.35036535473123787,6.444600743363171,2.5241287740206175,0.0
BELFB,2021-08-24,stress,True,True,D-1,14.0500001907,14.1199998856,13.6199998856,13.7600002289,14.3299999237,14.279999733,1.9928806348724404,0,-2.7310882142297266,-0.647949246764512,-2.3913037618825017,2.5241287740206175,-1.0137606013487455,-4.271706359281913,1.0,4.0,0.3655914419585923,4.316021575032014,2.5241287740206175,0.0
BELFB,2021-08-25,stress,True,True,D-1,13.8100004196,14.3299999237,13.779999733,14.0500001907,14.279999733,14.5,4.9963762450051075,1,-0.647949246764512,-2.3913037618825017,2.5241287740206175,-1.0137606013487455,0.6583771184905496,-0.9359259264720476,2.0,3.0,0.5000005544769639,3.12499523507912,2.5241287740206175,2.8861866247143597
BELFB,2021-08-26,stress,True,True,D-1,14.0100002289,14.279999733,13.6000003815,13.6000003815,14.5,14.3299999237,3.4975000934634126,1,-2.3913037618825017,2.5241287740206175,-1.0137606013487455,0.6583771184905496,2.10755782685903,1.8115941778644284,3.0,0.0,0.7200002669999996,1.9928806348724404,2.5241287740206175,2.5241287740206175
BELFB,2021-08-27,stress,True,True,D-1,13.6099996567,14.5,13.6099996567,14.3800001144,14.3299999237,14.1899995804,5.290229868929908,1,2.5241287740206175,-1.0137606013487455,0.6583771184905496,2.10755782685903,-3.2028455736097805,0.9651084775290197,3.0,1.0,0.2700004577999984,5.367643542076772,2.5241287740206175,3.6869183433401953
BELFB,2021-08-30,stress,True,True,D-1,14.279999733,14.3299999237,13.8599996567,13.8699998856,14.1899995804,14.220000267,-0.4201643355871143,0,-1.0137606013487455,0.6583771184905496,2.10755782685903,-3.2028455736097805,5.735291992793101,4.127441545845434,3.0,0.0,0.8681319717328995,0.8344915482986215,5.735291992793101,2.10755782685903
BELFB,2021-08-31,stress,True,True,D-1,14.1400003433,14.1899995804,13.779999733,14.1199998856,14.220000267,14.2299995422,0.6364865397096242,0,0.6583771184905496,2.10755782685903,-3.2028455736097805,5.735291992793101,-3.5465940524526784,1.4630563875909885,3.0,1.0,0.29999957616648804,4.542178223476934,5.735291992793101,2.10755782685903
BELFB,2021-09-01,stress,True,True,D-1,14.1800003052,14.220000267,13.8100004196,13.8500003815,14.2299995422,13.8599996567,0.3526039204785114,0,2.10755782685903,-3.2028455736097805,5.735291992793101,-3.5465940524526784,1.8024513486806448,2.616276531332451,3.0,2.0,0.5777774716912291,2.6912189623141236,5.735291992793101,7.54336032889581
BELFB,2021-09-02,stress,True,True,D-1,13.9399995804,14.2299995422,13.6599998474,13.6599998474,13.8599996567,13.720000267,-0.5738875617505967,0,-3.2028455736097805,5.735291992793101,-3.5465940524526784,1.8024513486806448,-1.9121778065689266,-1.4234861671559629,2.0,3.0,0.277777895524741,4.693137910438128,5.735291992793101,5.8794845253450685
BELFB,2021-09-03,stress,True,True,D-1,13.7100000381,13.8599996567,13.470000267,13.470000267,13.720000267,13.720000267,0.07294112962952237,0,5.735291992793101,-3.5465940524526784,1.8024513486806448,-1.9121778065689266,-1.371844973764702,0.4411725310068171,2.0,4.0,0.05617996788024438,6.149342327846963,5.735291992793101,8.993082657997864
BELFB,2021-09-07,stress,True,True,D-1,13.5100002289,13.720000267,13.2100000381,13.5500001907,13.720000267,13.5200004578,1.5544044007547608,0,-3.5465940524526784,1.8024513486806448,-1.9121778065689266,-1.371844973764702,-1.3909193449673785,-6.328232546317814,1.0,4.0,0.0,6.384555602473929,1.8024513486806448,4.5461344102896595
BELFB,2021-09-08,stress,True,True,D-1,13.5100002289,13.720000267,12.9200000763,13.029999733,13.5200004578,13.279999733,0.07402093805009002,0,1.8024513486806448,-1.9121778065689266,-1.371844973764702,-1.3909193449673785,0.5939118197049398,-2.3071355265995908,2.0,2.0,0.3333336450001518,5.018445327895371,1.8024513486806448,2.6077197083353987
BELFB,2021-09-09,stress,True,True,D-1,13.0500001907,13.5200004578,12.9200000763,13.25,13.279999733,13.3500003815,2.298852003188423,0,-1.9121778065689266,-1.371844973764702,-1.3909193449673785,0.5939118197049398,-3.8376417002333407,-7.719547885489819,1.0,3.0,0.0839692378228787,9.209515224784393,0.5939118197049398,3.2665220881839985
BELFB,2021-09-10,stress,True,True,D-1,13.2700004578,13.279999733,12.8199996948,12.8199996948,13.3500003815,13.1000003815,0.6028630063307672,0,-1.371844973764702,-1.3909193449673785,0.5939118197049398,-3.8376417002333407,1.6884134421186747,-4.3321325990824056,2.0,4.0,0.251908441407862,7.3962229599999985,1.6884134421186747,2.807935336146694
BELFB,2021-09-13,stress,True,True,D-1,13.0,13.3500003815,12.75,13.0500001907,13.1000003815,13.1999998093,1.538460071538461,0,-1.3909193449673785,0.5939118197049398,-3.8376417002333407,1.6884134421186747,-3.2452853222641465,-6.149342327846973,2.0,4.0,0.0,8.112324388914294,1.6884134421186747,2.2055775334666294
BELFB,2021-09-14,stress,True,True,D-1,13.0399999619,13.1000003815,12.6199998856,12.8000001907,13.1999998093,13.1499996185,1.2269926983702772,0,0.5939118197049398,-3.8376417002333407,1.6884134421186747,-3.2452853222641465,1.7940756737560015,-3.118040593725546,3.0,4.0,0.3092784619821147,5.134100126507812,1.7940756737560015,3.1978459651375357
BELFB,2021-09-15,stress,True,True,D-1,12.75,13.1999998093,12.5900001526,13.1099996567,13.1499996185,12.8999996185,3.1372519098039175,1,-3.8376417002333407,1.6884134421186747,-3.2452853222641465,1.7940756737560015,-1.9157087842662346,-5.535055272654244,2.0,4.0,0.16363658426273361,7.187500489011223,1.7940756737560015,1.84441581790743
BELFB,2021-09-16,stress,True,True,D-1,13.1499996185,13.1499996185,12.7600002289,12.8100004196,12.8999996185,12.5900001526,-1.90114073956541,0,1.6884134421186747,-3.2452853222641465,1.7940756737560015,-1.9157087842662346,2.4218707920429017,0.6139671937013924,3.0,4.0,0.5591390682266191,3.1273898690795665,2.4218707920429017,1.7940756737560015
BELFB,2021-09-17,stress,True,True,D-1,12.779999733,12.8999996185,12.4099998474,12.4099998474,12.5900001526,12.220000267,-1.4866947133761799,0,-3.2452853222641465,1.7940756737560015,-1.9157087842662346,2.4218707920429017,-2.2883237601511452,-3.320751550188683,2.0,3.0,0.289473948341333,4.215456238969129,2.4218707920429017,1.7940756737560015
BELFB,2021-09-20,stress,True,True,D-1,12.1300001144,12.5900001526,12.0100002289,12.1099996567,12.220000267,12.6199998856,4.039569386469366,1,1.7940756737560015,-1.9157087842662346,2.4218707920429017,-2.2883237601511452,-3.122564864150801,-3.198126810925761,2.0,4.0,0.0,7.574541060908535,2.4218707920429017,7.761305022632359
BELFB,2021-09-21,stress,True,True,D-1,12.220000267,12.220000267,11.75,12.0100002289,12.6199998856,12.8100004196,4.828151716111573,1,-1.9157087842662346,2.4218707920429017,-2.2883237601511452,-3.122564864150801,-2.4174068846814167,-7.203069120795003,1.0,3.0,0.08403316223555891,9.000827279106849,2.4218707920429017,7.886357442870495
BELFB,2021-09-22,stress,True,True,D-1,12.0600004196,12.6199998856,12.0600004196,12.2700004578,12.8100004196,12.6300001144,6.2189052562642955,1,2.4218707920429017,-2.2883237601511452,-3.122564864150801,-2.4174068846814167,-0.8257591299325462,-6.1718746096112165,1.0,4.0,0.17931052627208044,9.908405976017143,2.4218707920429017,5.645074848598986
BELFB,2021-09-23,stress,True,True,D-1,12.3999996185,12.8100004196,12.3800001144,12.4799995422,12.6300001144,13.0,4.838712902900721,1,-2.2883237601511452,-3.122564864150801,-2.4174068846814167,-0.8257591299325462,2.1648644791392613,-6.407316711642396,1.0,4.0,0.3714289996429737,7.171957032329113,2.1648644791392613,0.0
BELFB,2021-09-24,stress,True,True,D-1,12.3599996567,12.6300001144,12.3299999237,12.4399995804,13.0,13.0,5.1779964488354535,1,-3.122564864150801,-2.4174068846814167,-0.8257591299325462,2.1648644791392613,1.7114839165837559,-2.5761191771319525,2.0,4.0,0.6347824211908635,3.365385350214223,2.1648644791392613,0.0
BELFB,2021-09-27,stress,True,True,D-1,12.4099998474,13.0,12.4099998474,12.8800001144,13.0,12.7299995422,4.754231747421089,1,-2.4174068846814167,-0.8257591299325462,2.1648644791392613,1.7114839165837559,-0.32051252618033876,0.2417383833109854,2.0,1.0,0.6509427427022884,2.97428337363419,2.1648644791392613,2.1648644791392613
BELFB,2021-09-28,stress,True,True,D-1,12.8100004196,13.0,12.3999996185,12.4499998093,12.7299995422,13.1000003815,2.26385599063903,0,-0.8257591299325462,2.1648644791392613,1.7114839165837559,-0.32051252618033876,3.536981903867975,6.358385462661742,3.0,0.0,0.9040000915199997,0.9316761221596526,3.536981903867975,2.1648644791392613
BELFB,2021-09-29,stress,True,True,D-1,12.5,12.7299995422,12.3100004196,12.6099996567,13.1000003815,12.9499998093,4.80000305199999,1,2.1648644791392613,1.7114839165837559,-0.32051252618033876,3.536981903867975,-3.3385116559063843,3.6636100917068815,3.0,1.0,0.4148931529671986,4.417672282124507,3.536981903867975,2.1648644791392613
BELFB,2021-09-30,stress,True,True,D-1,12.6300001144,13.1000003815,12.3900003433,12.4300003052,12.9499998093,12.6300001144,2.5336476009620412,0,1.7114839165837559,-0.32051252618033876,3.536981903867975,-3.3385116559063843,1.285139356231002,2.770979512750249,3.0,2.0,0.4347817674412018,3.0927863117964804,3.536981903867975,5.6332587307457604
BELFB,2021-10-01,stress,True,True,D-1,12.9499998093,12.9499998093,12.3599996567,12.5100002289,12.6300001144,12.5100002289,-2.4710401514461244,0,-0.32051252618033876,3.536981903867975,-3.3385116559063843,1.285139356231002,-1.4274334369578034,-0.4006349265553433,2.0,0.0,0.15189859669283165,5.390185517692303,3.536981903867975,3.697620493477105
BELFB,2021-10-04,stress,True,True,D-1,12.4799995422,12.6300001144,12.0200004578,12.1199998856,12.5100002289,12.5799999237,0.8012851375663876,0,3.536981903867975,-3.3385116559063843,1.285139356231002,-1.4274334369578034,0.6436035537869644,0.5627061966327451,3.0,1.0,0.2531643277791905,4.716228151914903,3.536981903867975,4.329998799366996
BELFB,2021-10-05,stress,True,True,D-1,12.2399997711,12.5100002289,12.2399997711,12.3800001144,12.5799999237,12.6400003433,3.267978592160148,1,-3.3385116559063843,1.285139356231002,-1.4274334369578034,0.6436035537869644,-3.1175086823662768,-5.9006228420006686,2.0,2.0,0.09259206931923633,8.085812748763765,1.285139356231002,3.7791088814796314
BELFB,2021-10-06,stress,True,True,D-1,12.279999733,12.5799999237,12.1300001144,12.3599996567,12.6400003433,12.779999733,4.071661326313802,1,1.285139356231002,-1.4274334369578034,0.6436035537869644,-3.1175086823662768,2.145216429489505,-0.5622465539936061,3.0,3.0,0.33333303891973204,5.815834090845606,2.145216429489505,2.3243089175526643
BELFB,2021-10-07,stress,True,True,D-1,12.5799999237,12.6400003433,12.3800001144,12.3999996185,12.779999733,12.8699998856,2.3052461340135277,0,-1.4274334369578034,0.6436035537869644,-3.1175086823662768,2.145216429489505,-0.16155458412909773,-1.9825535829191665,2.0,4.0,0.314814095296588,5.987061046550002,2.145216429489505,0.6436035537869644
BELFB,2021-10-08,stress,True,True,D-1,12.5,12.779999733,12.3699998856,12.5600004196,12.8699998856,12.4799995422,2.9599990848000024,0,0.6436035537869644,-3.1175086823662768,2.145216429489505,-0.16155458412909773,0.3236242953964741,-0.24135708739644324,3.0,4.0,0.4086015329871989,4.435485546140128,2.145216429489505,2.145216429489505
BELFB,2021-10-11,stress,True,True,D-1,12.5900001526,12.8699998856,12.3299999237,12.3299999237,12.4799995422,12.2899999619,-0.8737141307919916,0,-3.1175086823662768,2.145216429489505,-0.16155458412909773,0.3236242953964741,1.290329080827446,0.39968177286273665,3.0,0.0,0.7105269431446418,1.7515868316110073,2.145216429489505,2.145216429489505
BELFB,2021-10-12,stress,True,True,D-1,12.4200000763,12.4799995422,12.1599998474,12.1899995804,12.2899999619,12.3400001526,-0.6441217649640452,0,2.145216429489505,-0.16155458412909773,0.3236242953964741,1.290329080827446,-1.8312140781546526,1.7326735980377705,3.0,0.0,0.27027009613216085,4.3795617618946014,2.145216429489505,2.70973011459934
BELFB,2021-10-13,stress,True,True,D-1,12.1999998093,12.2899999619,11.9499998093,12.1999998093,12.3400001526,12.6099996567,3.3606545394161413,1,-0.16155458412909773,0.3236242953964741,1.290329080827446,-1.8312140781546526,-1.1354448026467567,-1.5347377402605722,2.0,1.0,0.0810803845286387,5.578345599727141,1.290329080827446,4.236195536553112
BELFB,2021-10-14,stress,True,True,D-1,12.3400001526,12.3400001526,12.0,12.0799999237,12.6099996567,12.5600004196,2.1880024372861184,0,0.3236242953964741,1.290329080827446,-1.8312140781546526,-1.1354448026467567,0.08203633506336239,-1.2944971832039576,3.0,2.0,0.27173910789815847,5.491803989941557,1.290329080827446,2.344669025713597
BELFB,2021-10-15,stress,True,True,D-1,12.1400003433,12.6099996567,12.1000003815,12.3599996567,12.5600004196,12.4499998093,3.4596380924469594,1,1.290329080827446,-1.8312140781546526,-1.1354448026467567,0.08203633506336239,-0.9836056350470024,-2.5806427793963915,2.0,3.0,0.14130446045485967,6.539734825246835,1.290329080827446,2.1927052948255588
BELFB,2021-10-18,stress,True,True,D-1,12.3800001144,12.5600004196,12.2100000381,12.25,12.4499998093,12.470000267,0.7269802242999557,0,-1.8312140781546526,-1.1354448026467567,0.08203633506336239,-0.9836056350470024,2.3178785990773276,-1.5923627087455872,2.0,4.0,0.4456519710834284,4.126215558780744,2.3178785990773276,0.08203633506336239
BELFB,2021-10-19,stress,True,True,D-1,12.2600002289,12.4499998093,12.0200004578,12.1700000763,12.470000267,12.4799995422,1.7944478726958257,0,-1.1354448026467567,0.08203633506336239,-0.9836056350470024,2.3178785990773276,-0.8899648847512043,-0.6488233916873698,2.0,1.0,0.4545458485813591,2.9387727077550885,2.3178785990773276,0.08203633506336239
BELFB,2021-10-20,stress,True,True,D-1,12.1300001144,12.470000267,11.9600000381,12.2600002289,12.4799995422,12.4899997711,2.9678454518119235,0,0.08203633506336239,-0.9836056350470024,2.3178785990773276,-0.8899648847512043,-0.6530606016326601,-0.16406484650055564,2.0,2.0,0.3333338149496058,3.615444352024788,2.3178785990773276,3.855092075430522
BELFB,2021-10-21,stress,True,True,D-1,12.220000267,12.4799995422,12.1300001144,12.2399997711,12.4899997711,12.4200000763,2.209488528647019,0,-0.9836056350470024,2.3178785990773276,-0.8899648847512043,-0.6530606016326601,0.7395246675081513,0.4918067257202896,2.0,3.0,0.461539025893821,2.854807677531368,2.3178785990773276,2.3178785990773276
BELFB,2021-10-22,stress,True,True,D-1,12.1999998093,12.4899997711,12.1400003433,12.2299995422,12.4200000763,12.6599998474,3.7704921745108866,1,2.3178785990773276,-0.8899648847512043,-0.6530606016326601,0.7395246675081513,-0.16313586807977787,1.3245020563791066,2.0,4.0,0.4307690727620387,3.0228749388836462,2.3178785990773276,2.3178785990773276
BELFB,2021-10-25,stress,True,True,D-1,12.2100000381,12.4200000763,12.1599998474,12.1999998093,12.6599998474,12.3500003815,3.6855021121689147,1,-0.8899648847512043,-0.6530606016326601,0.7395246675081513,-0.16313586807977787,-0.08170121803117159,-1.051780890863785,1.0,4.0,0.44999888737570704,2.698290186040664,0.7395246675081513,0.9842284696278236
BELFB,2021-10-26,stress,True,True,D-1,12.2100000381,12.6599998474,12.1400003433,12.1999998093,12.3500003815,12.25,1.146603955472103,0,-0.6530606016326601,0.7395246675081513,-0.16313586807977787,-0.08170121803117159,-0.24529627165140733,-0.40816482204082405,1.0,1.0,0.4528299851049149,2.3770489043691168,0.7395246675081513,1.0663217471490016
BELFB,2021-10-27,stress,True,True,D-1,12.220000267,12.3500003815,12.1000003815,12.1000003815,12.25,14.4499998093,18.248768359867327,1,0.7395246675081513,-0.16313586807977787,-0.08170121803117159,-0.24529627165140733,0.0,0.2465056106155883,1.0,0.0,0.3428569094040169,3.7704921745108866,0.7395246675081513,0.9848209391595586
BELFB,2021-10-28,stress,True,True,D-1,12.1000003815,12.25,11.6499996185,11.75,14.4499998093,14.5600004196,20.330578186271442,1,-0.16313586807977787,-0.08170121803117159,-0.24529627165140733,0.0,-0.819667453795947,-1.3050558271837431,0.0,1.0,0.0,4.628094613585287,0.0,0.819667453795947
BELFB,2021-10-29,stress,True,True,D-1,12.6599998474,14.4499998093,12.6599998474,13.9200000763,14.5600004196,14.6400003433,15.639814532119733,1,-0.08170121803117159,-0.24529627165140733,0.0,-0.819667453795947,-2.892565045164164,-4.003266178623177,0.0,2.0,0.09901025627381352,7.744679552340417,0.0,3.68852308470502
BELFB,2021-11-01,stress,True,True,D-1,14.0,14.5600004196,13.8199996948,14.5,14.6400003433,14.6099996567,4.571431023571426,1,-0.24529627165140733,0.0,-0.819667453795947,-2.892565045164164,18.468085755744678,13.81848403402306,1.0,0.0,0.8107143939698903,3.807469325394397,18.468085755744678,0.0
BELFB,2021-11-02,stress,True,True,D-1,14.5,14.6400003433,13.9600000381,14.1499996185,14.6099996567,14.970000267,3.241381151724143,1,0.0,-0.819667453795947,-2.892565045164164,18.468085755744678,4.166666095695648,18.85246087419379,2.0,0.0,0.9793813047826931,0.41379599724138405,18.468085755744678,0.0
BELFB,2021-11-03,stress,True,True,D-1,14.0399999619,14.6099996567,13.9200000763,14.4499998093,14.970000267,15.1800003052,8.119660586848942,1,-0.819667453795947,-2.892565045164164,18.468085755744678,4.166666095695648,-2.4137957344827488,15.983605243284726,2.0,0.0,0.8361201986555452,3.4629027421270164,18.468085755744678,18.468085755744678
BELFB,2021-11-04,stress,True,True,D-1,14.4600000381,14.970000267,14.3000001907,14.3999996185,15.1800003052,15.1999998093,5.117564102698524,1,-2.892565045164164,18.468085755744678,4.166666095695648,-2.4137957344827488,2.120142748327525,19.4214822620417,3.0,1.0,0.9364546863069038,1.314882605588119,18.468085755744678,18.81291465712399
BELFB,2021-11-05,stress,True,True,D-1,14.529999733,15.1800003052,14.4799995422,14.8299999237,15.1999998093,14.6599998474,4.6111499560341995,1,18.468085755744678,4.166666095695648,-2.4137957344827488,2.120142748327525,-0.3460220862274266,22.55318824255319,3.0,0.0,0.7532465173323647,3.958337941674017,18.468085755744678,18.468085755744678
BELFB,2021-11-08,stress,True,True,D-1,14.8599996567,15.1999998093,14.720000267,14.7899999619,14.6599998474,14.5200004578,-1.3458937679707406,0,4.166666095695648,-2.4137957344827488,2.120142748327525,-0.3460220862274266,2.986113309666827,6.537355189741367,3.0,0.0,0.7426468938149535,2.3600835016907906,4.166666095695648,4.166666095695648
BELFB,2021-11-09,stress,True,True,D-1,14.6599998474,14.6599998474,14.1899995804,14.4499998093,14.5200004578,14.5,-0.9549753823826168,0,-2.4137957344827488,2.120142748327525,-0.3460220862274266,2.986113309666827,-0.2697232771800451,1.999999737241387,2.0,0.0,0.6796875524035755,2.7721423154576375,2.986113309666827,2.120142748327525
BELFB,2021-11-10,stress,True,True,D-1,14.4799995422,14.5200004578,14.25,14.3900003433,14.5,14.5600004196,0.5524922647051733,0,2.120142748327525,-0.3460220862274266,2.986113309666827,-0.2697232771800451,-2.2988516124128666,2.120142748327525,2.0,1.0,0.4140623777770743,5.190311487182875,2.986113309666827,5.54848766135323
BELFB,2021-11-11,stress,True,True,D-1,14.3900003433,14.5,14.1099996567,14.4099998474,14.5600004196,14.3800001144,1.1813764575700825,0,-0.3460220862274266,2.986113309666827,-0.2697232771800451,-2.2988516124128666,-0.4152212234728392,-0.4152212234728392,1.0,2.0,0.1980205124486189,5.62890511936045,2.986113309666827,5.69064082576165
BELFB,2021-11-12,stress,True,True,D-1,14.3500003815,14.5600004196,14.2299995422,14.4099998474,14.3800001144,14.6199998856,1.8815295952750333,0,2.986113309666827,-0.2697232771800451,-2.2988516124128666,-0.4152212234728392,0.1389819570734918,0.06944603586760412,2.0,3.0,0.27522949422016485,5.4823037492435445,2.986113309666827,3.26292965864875
BELFB,2021-11-15,stress,True,True,D-1,14.3699998856,14.3800001144,14.0100002289,14.2100000381,14.6199998856,14.1999998093,1.7397355740449427,0,-0.2697232771800451,-2.2988516124128666,-0.4152212234728392,0.1389819570734918,0.0,-2.832097629540742,1.0,4.0,0.27522949422016485,5.4823037492435445,0.1389819570734918,0.0
BELFB,2021-11-16,stress,True,True,D-1,14.6199998856,14.6199998856,13.9300003052,14.0600004196,14.1999998093,13.8299999237,-2.8727775621508744,0,-2.2988516124128666,-0.4152212234728392,0.1389819570734918,0.0,-1.3879237433585767,-3.921568122340202,1.0,4.0,0.3076921947454974,3.1667826044578185,0.1389819570734918,1.5269057004320685
BELFB,2021-11-17,stress,True,True,D-1,13.9399995804,14.1999998093,13.7600002289,13.8400001526,13.8299999237,13.3800001144,-0.7890936873101606,0,-0.4152212234728392,0.1389819570734918,0.0,-1.3879237433585767,-1.0555919640944378,-2.6989577498056194,1.0,0.0,0.18840607747128932,3.9829263818466742,0.1389819570734918,2.5678468530238585
BELFB,2021-11-18,stress,True,True,D-1,13.8100004196,13.8299999237,13.1099996567,13.2100000381,13.3800001144,13.4499998093,-2.606811001895881,0,0.1389819570734918,0.0,-1.3879237433585767,-1.0555919640944378,-1.5647244696615603,-3.822099913681243,1.0,1.0,0.09302320422658926,5.6358361589574635,0.1389819570734918,2.7427812850675304
BELFB,2021-11-19,stress,True,True,D-1,13.3800001144,13.3800001144,13.0,13.1999998093,13.4499998093,13.4099998474,0.523166624076965,0,0.0,-1.3879237433585767,-1.0555919640944378,-1.5647244696615603,-4.55202389850875,-8.327549077084239,0.0,2.0,0.06622540810662585,10.673730835982642,0.0,6.0455217363655
BELFB,2021-11-22,stress,True,True,D-1,13.25,13.4499998093,13.0500001907,13.0500001907,13.4099998474,12.9799995422,1.2075460181132147,0,-1.3879237433585767,-1.0555919640944378,-1.5647244696615603,-4.55202389850875,-0.07570195890355125,-8.396946918207782,0.0,3.0,0.12345668112558257,10.757576491020448,-0.07570195890355125,4.624279886151372
BELFB,2021-11-23,stress,True,True,D-1,13.3999996185,13.4099998474,12.8000001907,13.0500001907,12.9799995422,13.25,-1.1194001699291967,0,-1.0555919640944378,-1.5647244696615603,-4.55202389850875,-0.07570195890355125,-1.1363607633866568,-8.16326421034339,0.0,4.0,0.03086431742646815,12.030648827260947,-0.07570195890355125,1.211202474932116
BELFB,2021-11-24,stress,True,True,D-1,12.8400001526,12.9799995422,12.779999733,12.7899999619,13.25,12.3800001144,3.193145191022273,1,-1.5647244696615603,-4.55202389850875,-0.07570195890355125,-1.1363607633866568,0.0,-7.183500702404199,0.0,4.0,0.17857147721940114,8.812257485019348,0.0,1.1363607633866568
BELFB,2021-11-26,stress,True,True,D-1,13.25,13.25,12.0500001907,12.2700004578,12.3800001144,12.75,-3.7735849056603765,0,-4.55202389850875,-0.07570195890355125,-1.1363607633866568,0.0,-1.9923388888935634,-7.586706496551199,0.0,4.0,0.00952402579406425,8.131352344785348,0.0,1.9923388888935634
BELFB,2021-11-29,stress,True,True,D-1,12.3500003815,12.3800001144,12.0500001907,12.1899995804,12.75,12.6300001144,3.2388632076415957,1,-0.07570195890355125,-1.1363607633866568,0.0,-1.9923388888935634,-4.065672444480228,-7.115818149802222,0.0,3.0,0.157143090738839,9.616946271178639,0.0,5.977009360167385
BELFB,2021-11-30,stress,True,True,D-1,12.75,12.75,11.6999998093,12.0399999619,12.6300001144,12.7100000381,-0.3137251913725492,0,-1.1363607633866568,0.0,-1.9923388888935634,-4.065672444480228,-0.652003866463946,-7.65151699614729,0.0,4.0,0.09999959131417431,10.336343496893319,0.0,4.691167969408394
BELFB,2021-12-01,stress,True,True,D-1,12.3999996185,12.6300001144,11.8800001144,12.0399999619,12.7100000381,12.8800001144,3.8709718602238485,1,0.0,-1.9923388888935634,-4.065672444480228,-0.652003866463946,-1.2305137298050606,-7.739465241692267,0.0,4.0,0.19883049416640827,11.378736626539032,0.0,1.8744945991733042
BELFB,2021-12-02,stress,True,True,D-1,12.0399999619,12.7100000381,12.0100002289,12.5200004578,12.8800001144,12.7899999619,6.976745474735391,1,-1.9923388888935634,-4.065672444480228,-0.652003866463946,-1.2305137298050606,0.0,-7.739465241692267,0.0,3.0,0.21935491017356037,10.0498342352906,0.0,1.2305137298050606
BELFB,2021-12-03,stress,True,True,D-1,12.5399999619,12.8800001144,12.1000003815,12.3800001144,12.7899999619,12.6499996185,1.9936204207302133,0,-4.065672444480228,-0.652003866463946,-1.2305137298050606,0.0,3.9867150948416974,-2.111020366726335,1.0,4.0,0.5290326113635364,5.830667056766825,3.9867150948416974,0.0
BELFB,2021-12-06,stress,True,True,D-1,12.529999733,12.7899999619,12.279999733,12.4200000763,12.6499996185,12.6899995804,1.2769341644805587,0,-0.652003866463946,-1.2305137298050606,0.0,3.9867150948416974,-1.11821356454328,0.8964926853777921,1.0,0.0,0.5762712959996844,4.038772175926053,3.9867150948416974,0.0
BELFB,2021-12-07,stress,True,True,D-1,12.5799999237,12.6499996185,12.4600000381,12.4899997711,12.6899995804,12.5399999619,0.8744010919488732,0,-1.2305137298050606,0.0,3.9867150948416974,-1.11821356454328,0.3231014663196419,1.8867965858654356,2.0,1.0,0.6101695600315821,3.7037039877139577,3.9867150948416974,4.785440157488963
BELFB,2021-12-08,stress,True,True,D-1,12.5900001526,12.6899995804,12.4899997711,12.529999733,12.5399999619,12.5100002289,-0.3971420976486284,0,0.0,3.9867150948416974,-1.11821356454328,0.3231014663196419,0.5636046245569348,3.7375399553488675,3.0,2.0,0.6099996567000012,3.1225008042226055,3.9867150948416974,3.9867150948416974
BELFB,2021-12-09,stress,True,True,D-1,12.4899997711,12.5399999619,12.3999996185,12.4399995804,12.5100002289,12.7299995422,1.9215354323330214,0,3.9867150948416974,-1.11821356454328,0.3231014663196419,0.5636046245569348,0.3202559057891463,4.0697655535762545,4.0,3.0,0.5977006580881912,2.7932991928021345,3.9867150948416974,3.9867150948416974
BELFB,2021-12-10,stress,True,True,D-1,12.4499998093,12.5100002289,12.220000267,12.4300003052,12.7299995422,12.2899999619,2.248993873002658,0,-1.11821356454328,0.3231014663196419,0.5636046245569348,0.3202559057891463,-0.718277370453313,-0.6389846204051808,3.0,4.0,0.4358965581127841,3.536981903867975,0.5636046245569348,0.9639264149199245
BELFB,2021-12-13,stress,True,True,D-1,12.7299995422,12.7299995422,11.970000267,12.0799999237,12.2899999619,12.4099998474,-2.513744747116442,0,0.3231014663196419,0.5636046245569348,0.3202559057891463,-0.718277370453313,-0.08038002843469005,0.40387875878806767,3.0,4.0,0.36842131685148116,2.8962159924436737,0.5636046245569348,1.3616846718903286
BELFB,2021-12-14,stress,True,True,D-1,11.9499998093,12.2899999619,11.8800001144,12.0699996948,12.4099998474,12.8699998856,7.698745531226003,1,0.5636046245569348,0.3202559057891463,-0.718277370453313,-0.08038002843469005,-2.8157713025443676,-2.7375213406704457,2.0,0.0,0.14473652842768026,5.380791577860444,0.5636046245569348,3.4574926377623494
BELFB,2021-12-15,stress,True,True,D-1,12.1300001144,12.4099998474,11.779999733,12.279999733,12.8699998856,12.6899995804,6.10057513784783,1,0.3202559057891463,-0.718277370453313,-0.08038002843469005,-2.8157713025443676,-0.08278335234407352,-3.3626908246373155,1.0,1.0,0.22352906859215682,5.468101608025244,0.3202559057891463,3.2164795707990024
BELFB,2021-12-16,stress,True,True,D-1,12.2700004578,12.8699998856,12.2700004578,12.3100004196,12.6899995804,12.4099998474,3.422975606598344,1,-0.718277370453313,-0.08038002843469005,-2.8157713025443676,-0.08278335234407352,1.7398512304061864,-1.9952115349338717,1.0,2.0,0.5263158951800769,3.6644936399364614,1.7398512304061864,0.0
BELFB,2021-12-17,stress,True,True,D-1,12.25,12.6899995804,12.1800003052,12.3900003433,12.4099998474,12.6599998474,3.3469375297959125,1,-0.08038002843469005,-2.8157713025443676,-0.08278335234407352,1.7398512304061864,0.24430527078416198,-1.0450093664377769,2.0,0.0,0.48623909394487486,4.54914254193175,1.7398512304061864,0.0
BELFB,2021-12-20,stress,True,True,D-1,12.2399997711,12.4099998474,12.0,12.2600002289,12.6599998474,12.6899995804,3.676469098982338,1,-2.8157713025443676,-0.08278335234407352,1.7398512304061864,0.24430527078416198,0.6498775058741968,-0.3218017772957382,3.0,1.0,0.5596335090825015,3.874088208234494,1.7398512304061864,1.7398512304061864
BELFB,2021-12-21,stress,True,True,D-1,12.3599996567,12.6599998474,12.3599996567,12.5799999237,12.6899995804,12.8400001526,3.883499265631496,1,-0.08278335234407352,1.7398512304061864,0.24430527078416198,0.6498775058741968,-1.0492341468763544,1.4900687610672314,3.0,2.0,0.4403673657797604,4.975527286386772,1.7398512304061864,2.1460266081128387
BELFB,2021-12-22,stress,True,True,D-1,12.5100002289,12.6899995804,12.3400001526,12.6899995804,12.8400001526,12.8800001144,2.957632923501019,0,1.7398512304061864,0.24430527078416198,0.6498775058741968,-1.0492341468763544,2.6101116543675085,4.2253541159551045,4.0,3.0,0.7339450263302656,2.3052461340135277,2.6101116543675085,1.7398512304061864
BELFB,2021-12-23,stress,True,True,D-1,12.6400003433,12.8400001526,12.6199998856,12.6400003433,12.8800001144,12.9799995422,2.6898670068487895,0,0.24430527078416198,0.6498775058741968,-1.0492341468763544,2.6101116543675085,0.8744010919488732,3.338761044906291,4.0,4.0,0.7931030702655072,1.4184421682567727,2.6101116543675085,0.6498775058741968
BELFB,2021-12-27,stress,True,True,D-1,12.5799999237,12.8800001144,12.5799999237,12.7600002289,12.9799995422,12.7100000381,3.179647225167481,1,0.6498775058741968,-1.0492341468763544,2.6101116543675085,0.8744010919488732,-0.39400503351650906,2.6807466486725273,3.0,0.0,0.7619050321824912,1.5822769293357908,2.6101116543675085,2.6101116543675085
BELFB,2021-12-28,stress,True,True,D-1,12.7100000381,12.9799995422,12.5500001907,12.6800003052,12.7100000381,13.0,2.281667671366505,0,-1.0492341468763544,2.6101116543675085,0.8744010919488732,-0.39400503351650906,0.9493661577596901,2.9862782513971453,3.0,0.0,0.863636511477253,0.9404379572675481,2.6101116543675085,2.6101116543675085
BELFB,2021-12-29,stress,True,True,D-1,12.6199998856,12.7100000381,12.3400001526,12.5399999619,13.0,12.970000267,3.011094436170292,1,2.6101116543675085,0.8744010919488732,-0.39400503351650906,0.9493661577596901,-0.6269586384395787,3.425775436039169,3.0,0.0,0.5312507451178984,2.365924525072538,2.6101116543675085,2.6101116543675085
BELFB,2021-12-30,stress,True,True,D-1,12.75,13.0,12.6599998474,12.8900003433,12.970000267,13.2600002289,4.000001795294117,1,0.8744010919488732,-0.39400503351650906,0.9493661577596901,-0.6269586384395787,-1.1041036272103844,-0.3179647221193016,2.0,1.0,0.3125000000781244,3.508768593595235,0.9493661577596901,2.6735061503415314
BELFB,2021-12-31,stress,True,True,D-1,12.8199996948,12.970000267,12.5699996948,12.9300003052,13.2600002289,13.4799995422,5.148204860470518,1,-0.39400503351650906,0.9493661577596901,-0.6269586384395787,-1.1041036272103844,2.7910716304896166,1.5760501931686877,2.0,0.0,0.8333338149496071,0.8533720230440078,2.7910716304896166,0.9493661577596901
BELFB,2022-01-03,stress,True,True,D-1,13.029999733,13.2600002289,12.8999996185,12.9399995804,13.4799995422,13.8900003433,6.600158310993276,1,0.9493661577596901,-0.6269586384395787,-1.1041036272103844,2.7910716304896166,0.31031777218524237,2.2943034337314483,3.0,1.0,0.89393983184124,0.5413742702840452,2.7910716304896166,0.9493661577596901
BELFB,2022-01-04,stress,True,True,D-1,13.0,13.4799995422,13.0,13.4399995804,13.8900003433,13.4899997711,6.846156486923083,1,-0.6269586384395787,-1.1041036272103844,2.7910716304896166,0.31031777218524237,0.0773339131011408,1.4106531996161076,3.0,0.0,0.6521732369991118,2.4729571783348225,2.7910716304896166,2.7910716304896166
BELFB,2022-01-05,stress,True,True,D-1,13.4399995804,13.8900003433,13.1700000763,13.25,13.4899997711,13.4399995804,0.3720252400373436,0,-1.1041036272103844,2.7910716304896166,0.31031777218524237,0.0773339131011408,3.863987760535492,5.9936849913822865,4.0,0.0,0.9649122954232154,0.2976187726845936,3.863987760535492,2.7910716304896166
BELFB,2022-01-06,stress,True,True,D-1,13.3500003815,13.4899997711,13.2299995422,13.3800001144,13.4399995804,13.8100004196,3.445693070821587,1,2.7910716304896166,0.31031777218524237,0.0773339131011408,3.863987760535492,-1.4136873983023213,5.6618822987015704,4.0,0.0,0.5151514932759518,4.830191270188688,3.863987760535492,2.7910716304896166
BELFB,2022-01-07,stress,True,True,D-1,13.3500003815,13.4399995804,13.1800003052,13.3999996185,13.8100004196,14.3000001907,7.116103236345084,1,0.31031777218524237,0.0773339131011408,3.863987760535492,-1.4136873983023213,0.9811329388679235,3.801394554304194,4.0,1.0,0.6136363800430354,3.8116608709974686,3.863987760535492,4.310412372687267
BELFB,2022-01-10,stress,True,True,D-1,13.3100004196,13.8100004196,13.1300001144,13.8100004196,14.3000001907,14.4899997711,8.865509498875458,1,0.0773339131011408,3.863987760535492,-1.4136873983023213,0.9811329388679235,0.14947312353514874,3.6349520665593715,4.0,2.0,0.5050501352925879,3.6567219309730836,3.863987760535492,3.863987760535492
BELFB,2022-01-11,stress,True,True,D-1,13.6999998093,14.3000001907,13.4499998093,14.0100002289,14.4899997711,14.0600004196,5.7664231590990545,1,3.863987760535492,-1.4136873983023213,0.9811329388679235,0.14947312353514874,3.059707558005842,6.7233451886488105,4.0,3.0,0.9101124799532414,0.5792897991984125,3.863987760535492,3.863987760535492
BELFB,2022-01-12,stress,True,True,D-1,14.0200004578,14.4899997711,13.8000001907,13.9300003052,14.0600004196,13.7600002289,0.285306422923437,0,-1.4136873983023213,0.9811329388679235,0.14947312353514874,3.059707558005842,1.4482244983580639,4.241076386127651,4.0,0.0,0.752136800950394,2.069949729206888,3.059707558005842,0.9811329388679235
BELFB,2022-01-13,stress,True,True,D-1,13.8199996948,14.0600004196,13.7100000381,13.720000267,13.7600002289,13.6000003815,-0.4341495457671818,0,0.9811329388679235,0.14947312353514874,3.059707558005842,1.4482244983580639,-0.5710201455598418,5.132077775094346,4.0,0.0,0.5882355828979966,4.0200965802632105,3.059707558005842,3.059707558005842
BELFB,2022-01-14,stress,True,True,D-1,13.720000267,13.7600002289,13.2899999619,13.6499996185,13.6000003815,13.5200004578,-0.8746347169440671,0,0.14947312353514874,3.059707558005842,1.4482244983580639,-0.5710201455598418,-1.507537929641023,2.541107247331631,3.0,1.0,0.43382375112624505,5.612241174309895,3.059707558005842,5.129657287926504
BELFB,2022-01-18,stress,True,True,D-1,13.5600004196,13.6000003815,12.9399995804,13.2399997711,13.5200004578,13.470000267,-0.29498495989854767,0,3.059707558005842,1.4482244983580639,-0.5710201455598418,-1.507537929641023,-0.5102087983800407,1.8656716949069896,2.0,2.0,0.38235267306005394,6.153847443787019,3.059707558005842,5.069762694870961
BELFB,2022-01-19,stress,True,True,D-1,13.3400001526,13.5200004578,13.1000003815,13.220000267,13.470000267,12.8500003815,0.9745135900516733,0,1.4482244983580639,-0.5710201455598418,-1.507537929641023,-0.5102087983800407,-3.0036619696627853,-4.127448451710536,1.0,3.0,0.1935484863163252,9.441087776515488,1.4482244983580639,4.946770318758076
BELFB,2022-01-20,stress,True,True,D-1,13.3500003815,13.470000267,12.6300001144,12.7299995422,12.8500003815,12.9799995422,-2.7715417882139937,0,-0.5710201455598418,-1.507537929641023,-0.5102087983800407,-3.0036619696627853,-0.15105365895591305,-5.63882904348837,0.0,4.0,0.18064558203283015,9.606652635780932,-0.15105365895591305,3.150178487310862
BELFB,2022-01-21,stress,True,True,D-1,12.6899995804,12.8500003815,12.1000003815,12.3000001907,12.9799995422,12.6899995804,2.2852637619303895,0,-1.507537929641023,-0.5102087983800407,-3.0036619696627853,-0.15105365895591305,-3.7065107027504984,-8.61450636545963,0.0,4.0,0.06992965486536334,10.447768462135777,-0.15105365895591305,3.8519655416703213
BELFB,2022-01-24,stress,True,True,D-1,12.0699996948,12.9799995422,11.9899997711,12.8100004196,12.6899995804,12.8900003433,6.793708941461474,1,-0.5102087983800407,-3.0036619696627853,-0.15105365895591305,-3.7065107027504984,-3.377842631294292,-10.349854582112883,0.0,4.0,0.12048182384670336,11.869918825724103,-0.15105365895591305,6.9591532353938
BELFB,2022-01-25,stress,True,True,D-1,12.5799999237,12.6899995804,11.9399995804,12.5100002289,12.8900003433,12.6499996185,2.4642322852162835,0,-3.0036619696627853,-0.15105365895591305,-3.7065107027504984,-3.377842631294292,4.1463432601050565,-6.153840456973647,1.0,4.0,0.5093169798837982,6.167056487299227,4.1463432601050565,0.0
BELFB,2022-01-26,stress,True,True,D-1,12.8900003433,12.8900003433,12.1499996185,12.3299999237,12.6499996185,12.3500003815,-1.861914029542655,0,-0.15105365895591305,-3.7065107027504984,-3.377842631294292,4.1463432601050565,-2.3419217866767927,-5.51359180378107,1.0,4.0,0.36075970377812333,8.07354284907802,4.1463432601050565,0.0
BELFB,2022-01-27,stress,True,True,D-1,12.4600000381,12.6499996185,12.0100002289,12.1999998093,12.3500003815,12.5799999237,0.9630809408753382,0,-3.7065107027504984,-3.377842631294292,4.1463432601050565,-2.3419217866767927,-1.438851334184399,-6.732226364031424,1.0,4.0,0.2549020707740124,9.245744933937573,4.1463432601050565,7.8934196080930885
BELFB,2022-01-28,stress,True,True,D-1,12.1999998093,12.3500003815,11.8500003815,12.220000267,12.5799999237,12.6300001144,3.52459271984753,1,-3.377842631294292,4.1463432601050565,-2.3419217866767927,-1.438851334184399,-1.0543399448861512,-4.163391610055045,1.0,3.0,0.2500002292788539,6.393440533543382,4.1463432601050565,6.624364154811769
BELFB,2022-01-31,stress,True,True,D-1,12.1199998856,12.5799999237,11.9399995804,12.4200000763,12.6300001144,12.8100004196,5.693073766607881,1,4.1463432601050565,-2.3419217866767927,-1.438851334184399,-1.0543399448861512,0.16393818043138886,-0.6504058736559126,2.0,4.0,0.3274337701904102,6.219306535142821,4.1463432601050565,5.038473490281026
BELFB,2022-02-01,stress,True,True,D-1,12.4300003052,12.6300001144,12.25,12.6000003815,12.8100004196,12.6300001144,3.0571207165701386,1,-2.3419217866767927,-1.438851334184399,-1.0543399448861512,0.16393818043138886,1.6366596148127632,-3.044499067332418,2.0,3.0,0.5480766497466608,3.7842211281210902,1.6366596148127632,0.0
BELFB,2022-02-02,stress,True,True,D-1,12.720000267,12.8100004196,12.4600000381,12.7299995422,12.6300001144,12.6099996567,-0.7075483546450156,0,-1.438851334184399,-1.0543399448861512,0.16393818043138886,1.6366596148127632,1.4492778107423554,0.7194256670921995,3.0,4.0,0.7211538726423817,2.301586928725774,1.6366596148127632,0.16393818043138886
BELFB,2022-02-03,stress,True,True,D-1,12.3800001144,12.6300001144,12.3800001144,12.5799999237,12.6099996567,12.529999733,1.85783150383394,0,-1.0543399448861512,0.16393818043138886,1.6366596148127632,1.4492778107423554,1.0317393393961538,3.244116958436827,4.0,0.0,0.9166657560156614,0.6284436785311431,1.6366596148127632,1.6366596148127632
BELFB,2022-02-04,stress,True,True,D-1,12.5,12.6099996567,11.8800001144,11.9399995804,12.529999733,12.529999733,0.23999786399999667,0,0.16393818043138886,1.6366596148127632,1.4492778107423554,1.0317393393961538,-1.1783159771746265,3.114755084752785,4.0,1.0,0.7604161596126516,1.8283028401827828,1.6366596148127632,1.7953934020701334
BELFB,2022-02-07,stress,True,True,D-1,12.1400003433,12.529999733,12.0799999237,12.3400001526,12.529999733,12.5900001526,3.706752854816453,1,1.6366596148127632,1.4492778107423554,1.0317393393961538,-1.1783159771746265,-5.087443141349124,-2.2913312641746675,3.0,2.0,0.06451553366651595,7.28643944534253,1.6366596148127632,7.842472577972315
BELFB,2022-02-08,stress,True,True,D-1,12.3199996948,12.529999733,12.2299995422,12.3500003815,12.5900001526,12.6300001144,2.5162372344119888,0,1.4492778107423554,1.0317393393961538,-1.1783159771746265,-5.087443141349124,3.3500886621187,-0.6441217649640452,3.0,3.0,0.49462353466763187,3.808754142527082,3.3500886621187,3.3570661458428575
BELFB,2022-02-09,stress,True,True,D-1,12.5100002289,12.5900001526,12.1999998093,12.3699998856,12.6300001144,12.470000267,0.9592316810896895,0,1.0317393393961538,-1.1783159771746265,-5.087443141349124,3.3500886621187,0.0810391310886116,-1.984126924052032,3.0,4.0,0.505376465439895,3.7246965497188977,3.3500886621187,1.0317393393961538
BELFB,2022-02-10,stress,True,True,D-1,12.1999998093,12.6300001144,12.1599998474,12.3400001526,12.470000267,12.4600000381,2.2131185403312825,0,-1.1783159771746265,-5.087443141349124,3.3500886621187,0.0810391310886116,0.16193929945103047,-2.8279628401132184,3.0,4.0,0.6533330282666677,2.1018612061804998,3.3500886621187,3.3500886621187
BELFB,2022-02-11,stress,True,True,D-1,12.2899999619,12.470000267,12.029999733,12.220000267,12.4600000381,12.6700000763,3.091945610887148,1,-5.087443141349124,3.3500886621187,0.0810391310886116,0.16193929945103047,-0.24252007499954154,-1.907788335100502,3.0,0.0,0.6133333842666673,2.3500806986529676,3.3500886621187,3.4310621729776947
BELFB,2022-02-14,stress,True,True,D-1,12.3800001144,12.4600000381,12.0500001907,12.1599998474,12.6700000763,12.7600002289,3.069467778582613,1,3.3500886621187,0.0810391310886116,0.16193929945103047,-0.24252007499954154,-0.9724463866778499,2.345064459295565,3.0,1.0,0.31666735537178364,3.3551541607343527,3.3500886621187,4.56269674608979
BELFB,2022-02-15,stress,True,True,D-1,12.2299995422,12.6700000763,12.1999998093,12.4899997711,12.7600002289,12.5100002289,4.333611664262249,1,0.0810391310886116,0.16193929945103047,-0.24252007499954154,-0.9724463866778499,-0.4910017863258953,-1.4586734438741034,2.0,2.0,0.2166667196055215,3.865133823175926,0.16193929945103047,1.6206127433251338
BELFB,2022-02-16,stress,True,True,D-1,12.7600002289,12.7600002289,12.3299999237,12.5799999237,12.5100002289,12.3299999237,-1.959247613756132,0,0.16193929945103047,-0.24252007499954154,-0.9724463866778499,-0.4910017863258953,2.713815196063174,1.133598261338653,2.0,0.0,0.7187496739894348,1.441155392304272,2.713815196063174,0.16193929945103047
BELFB,2022-02-17,stress,True,True,D-1,12.4399995804,12.5100002289,12.1199998856,12.1499996185,12.3299999237,12.1999998093,-0.8842416431694367,0,-0.24252007499954154,-0.9724463866778499,-0.4910017863258953,2.713815196063174,0.7205776961521471,1.6976559421351567,2.0,0.0,0.7534244069545726,1.4308450420646546,2.713815196063174,0.0
BELFB,2022-02-18,stress,True,True,D-1,12.1400003433,12.3299999237,12.0100002289,12.0500001907,12.1999998093,12.0900001526,0.49422952473894277,0,-0.9724463866778499,-0.4910017863258953,2.713815196063174,0.7205776961521471,-3.4181264531639943,-1.5397125749627039,2.0,1.0,0.16438329312647335,5.0205813131976695,2.713815196063174,5.435994209922801
BELFB,2022-02-22,stress,True,True,D-1,12.1999998093,12.1999998093,11.720000267,11.8500003815,12.0900001526,12.2100000381,0.0819690898058667,0,-0.4910017863258953,2.713815196063174,0.7205776961521471,-3.4181264531639943,-0.8230405838674959,-1.3911626234500374,2.0,2.0,0.05333328240000176,5.892116406338022,2.713815196063174,6.926849665177204
BELFB,2022-02-23,stress,True,True,D-1,11.9799995422,12.0900001526,11.7899999619,11.9099998474,12.2100000381,14.5900001526,21.786316445223353,1,2.713815196063174,0.7205776961521471,-3.4181264531639943,-0.8230405838674959,-1.6597494276751834,-2.5493377449859356,2.0,3.0,0.12500011467548464,7.679323359522217,2.713815196063174,5.182944796225564
BELFB,2022-02-24,stress,True,True,D-1,11.8599996567,12.2100000381,11.5799999237,12.0600004196,14.5900001526,15.8100004196,33.30523505258747,1,0.7205776961521471,-3.4181264531639943,-0.8230405838674959,-1.6597494276751834,0.506324590450391,-4.643714446192659,2.0,4.0,0.1826919109236175,7.136863076329569,0.7205776961521471,1.8824062528691066
BELFB,2022-02-25,stress,True,True,D-1,13.3599996567,14.5900001526,13.25,14.1999998093,15.8100004196,16.4899997711,23.428145170874416,1,-3.4181264531639943,-0.8230405838674959,-1.6597494276751834,0.506324590450391,1.2594506643318404,-4.133541393115204,2.0,4.0,0.5161293961046323,3.731341572498259,1.2594506643318404,0.0
BELFB,2022-02-28,stress,True,True,D-1,14.3500003815,15.8100004196,14.3500003815,15.75,16.4899997711,16.5400009155,15.261327357338228,1,-0.8230405838674959,-1.6597494276751834,0.506324590450391,1.2594506643318404,17.744604604010284,16.87243008368988,3.0,0.0,0.8704317894877617,2.7464813277291666,17.744604604010284,0.506324590450391
BELFB,2022-03-01,stress,True,True,D-1,15.7100000381,16.4899997711,15.2100000381,15.9799995422,16.5400009155,16.5499992371,5.346907682767843,1,-1.6597494276751834,0.506324590450391,1.2594506643318404,17.744604604010284,10.915494447294716,30.705392122363627,4.0,0.0,0.9858155053035677,0.3809550450793564,17.744604604010284,1.2594506643318404
BELFB,2022-03-02,stress,True,True,D-1,16.1299991608,16.5400009155,15.9099998474,16.1000003815,16.5499992371,17.3199996948,7.377561040994984,1,0.506324590450391,1.2594506643318404,17.744604604010284,10.915494447294716,1.4603145536507878,34.852312470366485,5.0,0.0,0.8961302963848236,3.1914908855484647,17.744604604010284,17.744604604010284
BELFB,2022-03-03,stress,True,True,D-1,16.3199996948,16.5499992371,15.75,16.3400001526,17.3199996948,18.0400009155,10.53922336314772,1,1.2594506643318404,17.744604604010284,10.915494447294716,1.4603145536507878,0.7509439470451795,35.18052550617532,5.0,0.0,0.9112902326577315,2.732922506670188,17.744604604010284,17.744604604010284
BELFB,2022-03-04,stress,True,True,D-1,16.3400001526,17.3199996948,15.6400003433,17.3099994659,18.0400009155,17.5699996948,10.403921340413813,1,17.744604604010284,10.915494447294716,1.4603145536507878,0.7509439470451795,1.490681772751845,35.48921711515127,5.0,0.0,0.9363638990763689,1.2851841036646938,17.744604604010284,17.744604604010284
BELFB,2022-03-07,stress,True,True,D-1,17.4300003052,18.0400009155,17.2000007629,17.4899997711,17.5699996948,17.7600002289,1.8932869645535755,0,10.915494447294716,1.4603145536507878,0.7509439470451795,1.490681772751845,5.936348251169732,21.901406326521,5.0,0.0,0.9966329187837792,0.057771399240658106,10.915494447294716,10.915494447294716
BELFB,2022-03-08,stress,True,True,D-1,17.4899997711,17.5699996948,17.1000003815,17.1000003815,17.7600002289,17.9599990845,2.687245966558649,0,1.4603145536507878,0.7509439470451795,1.490681772751845,5.936348251169732,1.0398631470474262,11.047617594285718,5.0,0.0,0.8056533661200483,3.1446606723735115,5.936348251169732,1.490681772751845
BELFB,2022-03-09,stress,True,True,D-1,17.1299991608,17.7600002289,17.1299991608,17.6000003815,17.9599990845,17.8999996185,4.845300434102517,1,0.7509439470451795,1.490681772751845,5.936348251169732,1.0398631470474262,-2.2298421652607647,7.008766404168543,4.0,1.0,0.6083332042132252,5.497079023559315,5.936348251169732,7.149514576296944
BELFB,2022-03-10,stress,True,True,D-1,17.3099994659,17.9599990845,17.1599998474,17.5200004578,17.8999996185,18.0499992371,4.274984367606538,1,1.490681772751845,5.936348251169732,1.0398631470474262,-2.2298421652607647,2.9239765429533993,9.316769965568472,4.0,2.0,0.8166664878764317,2.5000029799004952,5.936348251169732,5.936348251169732
BELFB,2022-03-11,stress,True,True,D-1,17.3999996185,17.8999996185,17.1399993896,17.6000003815,18.0499992371,17.8199996948,3.7356300738587755,1,5.936348251169732,1.0398631470474262,-2.2298421652607647,2.9239765429533993,-0.45454501116994894,7.221544028028903,3.0,3.0,0.7833331942819773,2.9680390645680177,5.936348251169732,5.936348251169732
BELFB,2022-03-14,stress,True,True,D-1,17.8199996948,18.0499992371,17.3299999237,17.75,17.8199996948,18.1499996185,1.8518514553975907,0,1.0398631470474262,-2.2298421652607647,2.9239765429533993,-0.45454501116994894,0.45662055713238114,1.6753375190524444,3.0,4.0,0.5319145914442645,2.5000029799004952,2.9239765429533993,2.9239765429533993
BELFB,2022-03-15,stress,True,True,D-1,17.6700000763,17.8199996948,17.2800006866,17.5499992371,18.1499996185,18.2099990845,3.0560215385866396,1,-2.2298421652607647,2.9239765429533993,-0.45454501116994894,0.45662055713238114,0.8522705411851739,1.486565078917934,3.0,0.0,0.6842109489589583,1.6901365470422425,2.9239765429533993,2.9239765429533993
BELFB,2022-03-16,stress,True,True,D-1,17.8600006104,18.1499996185,17.1399993896,17.9500007629,18.2099990845,18.5599994659,3.9193663582093308,1,2.9239765429533993,-0.45454501116994894,0.45662055713238114,0.8522705411851739,-1.126764861408447,2.6315721962605343,3.0,1.0,0.45652178420368195,2.849002972849246,2.9239765429533993,3.208073948158896
BELFB,2022-03-17,stress,True,True,D-1,17.75,18.2099990845,17.75,18.1000003815,18.5599994659,18.9799995422,6.929574885633816,1,-0.45454501116994894,0.45662055713238114,0.8522705411851739,-1.126764861408447,2.2792110722968717,1.9886384875758223,3.0,0.0,0.8019813759667948,1.1141997052912078,2.2792110722968717,0.8522705411851739
BELFB,2022-03-18,stress,True,True,D-1,18.1000003815,18.5599994659,18.1000003815,18.5599994659,18.9799995422,19.6200008392,8.397792406974713,1,0.45662055713238114,0.8522705411851739,-1.126764861408447,2.2792110722968717,0.8356524357927997,3.310501761098883,4.0,0.0,0.8971974445186339,0.6077276280747057,2.2792110722968717,0.8522705411851739
BELFB,2022-03-21,stress,True,True,D-1,18.5599994659,18.9799995422,18.25,18.9300003052,19.6200008392,19.6000003815,5.711214460148684,1,0.8522705411851739,-1.126764861408447,2.2792110722968717,0.8356524357927997,2.5414313519582343,5.454540134039365,4.0,0.0,1.0,0.0,2.5414313519582343,2.2792110722968717
BELFB,2022-03-22,stress,True,True,D-1,18.9799995422,19.6200008392,18.8199996948,19.3500003815,19.6000003815,19.7199993134,3.8988397737032887,1,-1.126764861408447,2.2792110722968717,0.8356524357927997,2.5414313519582343,1.9935390622170868,6.647889043380273,4.0,0.0,0.972826503884062,0.2641269740828678,2.5414313519582343,2.2792110722968717
BELFB,2022-03-23,stress,True,True,D-1,19.3600006104,19.6000003815,19.1900005341,19.2900009155,19.7199993134,20.6399993896,6.611563733693249,1,2.2792110722968717,0.8356524357927997,2.5414313519582343,1.9935390622170868,2.2187008427285937,10.256417223055303,5.0,0.0,0.8911289113385201,1.395351175073567,2.5414313519582343,2.5414313519582343
BELFB,2022-03-24,stress,True,True,D-1,19.2600002289,19.7199993134,19.1299991608,19.7000007629,20.6399993896,20.0100002289,7.165104591376292,1,0.8356524357927997,2.5414313519582343,1.9935390622170868,2.2187008427285937,-0.31007475357656133,7.465181591354475,4.0,1.0,0.8235295317615059,1.7107304719453875,2.5414313519582343,2.5414313519582343
BELFB,2022-03-25,stress,True,True,D-1,19.6499996185,20.6399993896,19.6499996185,19.8899993896,20.0100002289,18.6399993896,1.832064210632689,0,2.5414313519582343,1.9935390622170868,2.2187008427285937,-0.31007475357656133,2.1254527109459964,8.839780926388041,4.0,0.0,0.9876552076015609,0.10151548084029738,2.5414313519582343,2.5414313519582343
BELFB,2022-03-28,stress,True,True,D-1,19.7299995422,20.0100002289,18.4699993134,18.4899997711,18.6399993896,18.5300006866,-5.524582756672791,0,1.9935390622170868,2.2187008427285937,-0.31007475357656133,2.1254527109459964,0.9644599966605716,7.165948070976991,4.0,0.0,0.6861923884735707,3.7707391805761326,2.2187008427285937,2.2187008427285937
BELFB,2022-03-29,stress,True,True,D-1,18.6000003815,18.6399993896,17.8700008392,18.2700004578,18.5300006866,18.7800006866,0.9677435559573233,0,2.2187008427285937,-0.31007475357656133,2.1254527109459964,0.9644599966605716,-7.038711219026117,-2.3243556630008877,3.0,1.0,0.00921680045976034,11.62790505741631,2.2187008427285937,8.360837619082094
BELFB,2022-03-30,stress,True,True,D-1,18.2000007629,18.5300006866,17.8500003815,18.4500007629,18.7800006866,17.8400001526,3.1868126339989367,1,-0.31007475357656133,2.1254527109459964,0.9644599966605716,-7.038711219026117,-1.1898286426366589,-5.5813948444805135,2.0,2.0,0.1444042700102631,12.972079214087696,2.1254527109459964,10.27024397045232
BELFB,2022-03-31,stress,True,True,D-1,18.4500007629,18.7800006866,17.8099994659,17.8400001526,17.8400001526,17.5200004578,-3.306236233478188,0,2.1254527109459964,0.9644599966605716,-7.038711219026117,-1.1898286426366589,0.9852233201403937,-4.354588453777819,3.0,3.0,0.2150539765992976,11.86991076501056,2.1254527109459964,2.341780502699231
BELFB,2022-04-01,stress,True,True,D-1,17.8199996948,17.8400001526,16.9899997711,17.2800006866,17.5200004578,17.3700008392,-1.683497430628711,0,0.9644599966605716,-7.038711219026117,-1.1898286426366589,0.9852233201403937,-3.306236233478188,-9.441627097816385,2.0,4.0,0.010600949649770949,15.695062853415553,0.9852233201403937,3.3180467203895225
BELFB,2022-04-04,stress,True,True,D-1,17.1000003815,17.5200004578,16.5599994659,17.1599998474,17.3700008392,16.9500007629,1.5789500098029485,0,-7.038711219026117,-1.1898286426366589,0.9852233201403937,-3.306236233478188,-3.139010432790734,-13.122165827539966,1.0,4.0,0.096026778655279,15.798607834645594,0.9852233201403937,7.326686886107725
BELFB,2022-04-05,stress,True,True,D-1,17.1599998474,17.3700008392,16.5799999237,16.7800006866,16.9500007629,16.5200004578,-1.22377089957737,0,-1.1898286426366589,0.9852233201403937,-3.306236233478188,-3.139010432790734,-0.69444927333282,-7.193077015494598,1.0,2.0,0.2702702935049797,9.440564414955134,0.9852233201403937,4.796884191123585
BELFB,2022-04-06,stress,True,True,D-1,16.4699993134,16.9500007629,16.0200004578,16.3999996185,16.5200004578,16.9099998474,2.6715273366284764,0,0.9852233201403937,-3.306236233478188,-3.139010432790734,-0.69444927333282,-2.2144473437019085,-8.155444629799513,1.0,3.0,0.09909959447257972,11.918950644603598,0.9852233201403937,3.878741723688439
BELFB,2022-04-07,stress,True,True,D-1,16.4200000763,16.5200004578,16.0699996948,16.3999996185,16.9099998474,16.4799995422,2.984164243745946,0,-3.306236233478188,-3.139010432790734,-0.69444927333282,-2.2144473437019085,-2.264606987790274,-11.111116854380965,0.0,4.0,0.13768084391254526,14.512201972341776,-0.69444927333282,4.428905802205774
BELFB,2022-04-08,stress,True,True,D-1,16.2800006866,16.9099998474,16.1000003815,16.3799991608,16.4799995422,16.2099990845,1.2284941472061384,0,-3.139010432790734,-0.69444927333282,-2.2144473437019085,-2.264606987790274,0.0,-8.071751803713589,0.0,4.0,0.20879078264997214,8.78049126583884,0.0,2.264606987790274
BELFB,2022-04-11,stress,True,True,D-1,16.2999992371,16.4799995422,15.8100004196,15.8500003815,16.2099990845,16.1900005341,-0.5521482013026824,0,-0.69444927333282,-2.2144473437019085,-2.264606987790274,0.0,-0.1219540132027741,-5.208341956247253,0.0,4.0,0.23999913533333483,6.959715234468433,0.0,0.1219540132027741
BELFB,2022-04-12,stress,True,True,D-1,15.8500003815,16.2099990845,15.7700004578,16.0400009155,16.1900005341,16.3899993896,3.4069337230444807,1,-2.2144473437019085,-2.264606987790274,0.0,-0.1219540132027741,-3.2356459490448186,-7.6340295894494865,0.0,4.0,0.02564099432117842,9.589908019649851,0.0,3.3536539621597083
BELFB,2022-04-13,stress,True,True,D-1,16.0799999237,16.1900005341,15.9899997711,16.1100006104,16.3899993896,16.4699993134,2.4253693504387774,0,-2.264606987790274,0.0,-0.1219540132027741,-3.2356459490448186,1.1987415105791932,-4.410010374379447,1.0,4.0,0.22881388804142466,5.673315433047366,1.1987415105791932,2.0756914695922113
BELFB,2022-04-14,stress,True,True,D-1,16.0300006866,16.3899993896,16.0300006866,16.1000003815,16.4699993134,17.0499992371,6.363059930201054,1,0.0,-0.1219540132027741,-3.2356459490448186,1.1987415105791932,0.4364070505280315,-1.7682866758903293,2.0,3.0,0.2982459075871066,4.965854790120572,1.1987415105791932,0.0
BELFB,2022-04-18,stress,True,True,D-1,16.0200004578,16.4699993134,15.9099998474,16.2900009155,17.0499992371,17.4699993134,9.051178615254084,1,-0.1219540132027741,-3.2356459490448186,1.1987415105791932,0.4364070505280315,-0.06207466493542979,-1.8292636827966002,2.0,4.0,0.2894737722761309,5.031052464015762,1.1987415105791932,1.1987415105791932
BELFB,2022-04-19,stress,True,True,D-1,16.1900005341,17.0499992371,16.1900005341,16.7800006866,17.4699993134,17.3199996948,7.906107085073999,1,-3.2356459490448186,1.1987415105791932,0.4364070505280315,-0.06207466493542979,1.1801275124087685,-0.5494398651459176,3.0,4.0,0.7323959553263859,1.1663512340212234,1.1987415105791932,1.1987415105791932
BELFB,2022-04-20,stress,True,True,D-1,16.9799995422,17.4699993134,16.9799995422,17.2900009155,17.3199996948,16.7000007629,2.0023566652932034,0,1.1987415105791932,0.4364070505280315,-0.06207466493542979,1.1801275124087685,3.0079787818413584,5.867509670129034,4.0,0.0,0.7890634312576029,1.6090496987619884,3.0079787818413584,1.1987415105791932
BELFB,2022-04-21,stress,True,True,D-1,17.3199996948,17.3199996948,16.6200008392,16.75,16.7000007629,16.2399997711,-3.579670570584026,0,0.4364070505280315,-0.06207466493542979,1.1801275124087685,3.0079787818413584,3.0393337784978103,7.793017011564407,4.0,0.0,0.8846163721058604,1.0410548777856743,3.0393337784978103,1.1801275124087685
BELFB,2022-04-22,stress,True,True,D-1,16.6299991608,16.7000007629,16.1599998474,16.2199993134,16.2399997711,16.1800003052,-2.3451557990411875,0,-0.06207466493542979,1.1801275124087685,3.0079787818413584,3.0393337784978103,-3.1231977264726596,3.9726838320964575,3.0,1.0,0.5384618206016749,4.298503363582085,3.0393337784978103,3.1867671332861724
BELFB,2022-04-25,stress,True,True,D-1,16.2399997711,16.2399997711,15.6999998093,16.2299995422,16.1800003052,15.75,-0.36945484449311117,0,1.1801275124087685,3.0079787818413584,3.0393337784978103,-3.1231977264726596,-3.164183203582094,0.7453349630841322,3.0,2.0,0.19871767443284444,7.706535468021403,3.0393337784978103,9.22789101067686
BELFB,2022-04-26,stress,True,True,D-1,16.1800003052,16.1800003052,15.5100002289,15.6199998856,15.75,17.8600006104,10.383190812796684,1,3.0079787818413584,3.0393337784978103,-3.1231977264726596,-3.164183203582094,0.061653694348429156,-0.368332534855198,3.0,3.0,0.2994349612371749,7.6401713257960635,3.0393337784978103,6.143814123572422
BELFB,2022-04-27,stress,True,True,D-1,15.75,15.75,15.3199996948,15.3500003815,17.8600006104,17.6499996185,13.39682927238095,1,3.0393337784978103,-3.1231977264726596,-3.164183203582094,0.061653694348429156,-3.75846995567638,-6.912996147409823,2.0,4.0,0.056122300040799454,11.843786436295067,3.0393337784978103,6.738467275404403
BELFB,2022-04-28,stress,True,True,D-1,16.6499996185,17.8600006104,16.5499992371,17.75,17.6499996185,16.7600002289,6.006006143621101,1,-3.1231977264726596,-3.164183203582094,0.061653694348429156,-3.75846995567638,-1.7285499748877275,-11.22036108315555,1.0,4.0,0.015000343349999667,12.833871428917142,0.061653694348429156,5.483706593437532
BELFB,2022-04-29,stress,True,True,D-1,17.5900001526,17.6499996185,16.3099994659,16.3099994659,16.7600002289,16.9200000763,-3.8089827770749984,0,-3.164183203582094,0.061653694348429156,-3.75846995567638,-1.7285499748877275,15.635176279164842,5.970149253731338,2.0,0.0,0.9566926886819583,0.6197217487323936,15.635176279164842,0.061653694348429156
BELFB,2022-05-02,stress,True,True,D-1,16.1700000763,16.7600002289,16.0200004578,16.6599998474,16.9200000763,17.9899997711,11.255409314855424,1,0.061653694348429156,-3.75846995567638,-1.7285499748877275,15.635176279164842,-8.112679065352124,0.5548714938948596,2.0,1.0,0.3897635489104305,9.503379492688847,15.635176279164842,0.061653694348429156
BELFB,2022-05-03,stress,True,True,D-1,16.7800006866,16.9200000763,16.5200004578,16.8700008392,17.9899997711,17.9500007629,7.210959684085516,1,-3.75846995567638,-1.7285499748877275,15.635176279164842,-8.112679065352124,2.145925156109074,2.6494166194025226,2.0,2.0,0.5275589250263976,7.20288579826891,15.635176279164842,21.77602220930568
BELFB,2022-05-04,stress,True,True,D-1,16.9300003052,17.9899997711,16.7999992371,17.9200000763,17.9500007629,17.4599990845,6.0248106279520375,1,-1.7285499748877275,15.635176279164842,-8.112679065352124,2.145925156109074,1.26051016640778,8.002566983066162,3.0,3.0,0.6102364510501987,5.868403805289613,15.635176279164842,15.635176279164842
BELFB,2022-05-05,stress,True,True,D-1,17.9500007629,17.9500007629,16.7700004578,17.1800003052,17.4599990845,17.3999996185,-2.7298142483244914,0,15.635176279164842,-8.112679065352124,2.145925156109074,1.26051016640778,6.224061558196059,16.742668605385802,4.0,0.0,0.9644671476140053,0.3906232952118005,15.635176279164842,15.635176279164842
BELFB,2022-05-06,stress,True,True,D-1,16.9899997711,17.4599990845,16.75,17.4300003052,17.3999996185,17.4699993134,2.825188633118647,0,-8.112679065352124,2.145925156109074,1.26051016640778,6.224061558196059,-4.1294629907880465,-3.211265886197179,3.0,1.0,0.5888326151022123,4.714781440689664,6.224061558196059,2.145925156109074
BELFB,2022-05-09,stress,True,True,D-1,16.9899997711,17.3999996185,16.8199996948,17.0799999237,17.4699993134,16.9599990845,2.825188633118647,0,2.145925156109074,1.26051016640778,6.224061558196059,-4.1294629907880465,1.4551804165237936,6.866958160493097,4.0,2.0,0.7157362126375931,3.2128482851083495,6.224061558196059,8.958435269209852
BELFB,2022-05-10,stress,True,True,D-1,17.4099998474,17.4699993134,16.1800003052,16.4300003052,16.9599990845,16.8199996948,-2.584725829088408,0,1.26051016640778,6.224061558196059,-4.1294629907880465,1.4551804165237936,-2.0080342821083064,2.5210088844361156,3.0,3.0,0.3809521955781462,5.327867982817103,6.224061558196059,6.806135945410896
BELFB,2022-05-11,stress,True,True,D-1,16.4300003052,16.9599990845,16.4300003052,16.7999992371,16.8199996948,16.6399993896,2.373702874957151,0,6.224061558196059,-4.1294629907880465,1.4551804165237936,-2.0080342821083064,-3.805618392293253,-2.6081832371791625,2.0,4.0,0.13812158771864097,9.494823109688365,6.224061558196059,11.961296110634157
BELFB,2022-05-12,stress,True,True,D-1,16.7700004578,16.8199996948,16.1299991608,16.4699993134,16.6399993896,16.7299995422,-0.23852662199178587,0,-4.1294629907880465,1.4551804165237936,-2.0080342821083064,-3.805618392293253,2.25197154611676,-6.250004656424368,2.0,4.0,0.3502817918508607,6.845247488228523,2.25197154611676,3.094528706048527
BELFB,2022-05-13,stress,True,True,D-1,16.5599994659,16.6399993896,16.2199993134,16.5,16.7299995422,17.0499992371,2.958935911857963,0,1.4551804165237936,-2.0080342821083064,-3.805618392293253,2.25197154611676,-1.9642853493186507,-4.132718155919357,2.0,2.0,0.2537314282690916,6.0716456690219855,2.25197154611676,1.4551804165237936
BELFB,2022-05-16,stress,True,True,D-1,16.6200008392,16.7299995422,16.3099994659,16.5300006866,17.0499992371,16.7999992371,2.5872345137661235,0,-2.0080342821083064,-3.805618392293253,2.25197154611676,-1.9642853493186507,0.1821535388625728,-5.33562988477142,2.0,3.0,0.276119997809021,5.878783717575753,2.25197154611676,4.0376813718499776
BELFB,2022-05-17,stress,True,True,D-1,16.8299999237,17.0499992371,16.6200008392,16.9300003052,16.7999992371,16.5100002289,-0.1782571998574678,0,-3.805618392293253,2.25197154611676,-1.9642853493186507,0.1821535388625728,0.1818223430303023,-3.2201360629798836,3.0,4.0,0.2985085673489505,5.686621825503035,2.25197154611676,2.25197154611676
BELFB,2022-05-18,stress,True,True,D-1,16.7000007629,16.7999992371,16.2600002289,16.4300003052,16.5100002289,16.5100002289,-1.1377276965285898,0,2.25197154611676,-1.9642853493186507,0.1821535388625728,0.1818223430303023,2.4198403023918624,3.0432135770670277,4.0,0.0,0.8695663891870486,0.7087946233712783,2.4198403023918624,2.25197154611676
BELFB,2022-05-19,stress,True,True,D-1,16.3199996948,16.5100002289,16.1499996185,16.5,16.5100002289,16.3500003815,1.1642189807181236,0,-1.9642853493186507,0.1821535388625728,0.1818223430303023,2.4198403023918624,-2.953337217876051,-2.2023746946542633,3.0,1.0,0.3260881733907306,3.7735783346502627,2.4198403023918624,0.7871164986104628
BELFB,2022-05-20,stress,True,True,D-1,16.5100002289,16.5100002289,15.4600000381,15.8599996567,16.3500003815,15.7700004578,-0.9691086928026116,0,0.1821535388625728,0.1818223430303023,2.4198403023918624,-2.953337217876051,0.4260480432118241,0.1821535388625728,4.0,2.0,0.38888947758049597,3.333328709696959,2.4198403023918624,4.959712112482306
BELFB,2022-05-23,stress,True,True,D-1,15.8599996567,16.3500003815,15.529999733,15.8900003433,15.7700004578,16.0400009155,1.1349386046421328,0,0.1818223430303023,2.4198403023918624,-2.953337217876051,0.4260480432118241,-3.8787899593939468,-3.8787899593939468,3.0,3.0,0.25157221390524687,7.503150101880918,2.4198403023918624,5.889107727296283
BELFB,2022-05-24,stress,True,True,D-1,15.6300001144,15.7700004578,15.3199996948,15.5399999619,16.0400009155,16.3700008392,4.734489567394395,1,2.4198403023918624,-2.953337217876051,0.4260480432118241,-3.8787899593939468,0.18915944041226762,-3.8717502523687997,3.0,4.0,0.27044057976283314,7.300181678656226,2.4198403023918624,6.116807918755496
BELFB,2022-05-25,stress,True,True,D-1,15.5399999619,16.0400009155,15.5,15.6700000763,16.3700008392,16.3799991608,5.405400263574389,1,-2.953337217876051,0.4260480432118241,-3.8787899593939468,0.18915944041226762,-2.202645524470226,-8.210279493456751,2.0,4.0,0.1486488750922904,8.10810346389439,0.4260480432118241,2.443700639218138
BELFB,2022-05-26,stress,True,True,D-1,15.7700004578,16.3700008392,15.720000267,16.0400009155,16.3799991608,16.3199996948,3.8680956581601755,1,0.4260480432118241,-3.8787899593939468,0.18915944041226762,-2.202645524470226,0.8365515747665642,-4.62568603032506,3.0,4.0,0.29411783564005284,5.360562530375823,0.8365515747665642,1.8105682587369554
BELFB,2022-05-27,stress,True,True,D-1,16.0499992371,16.3799991608,16.0499992371,16.2999992371,16.3199996948,16.2999992371,1.6822459223293063,0,-3.8787899593939468,0.18915944041226762,-2.202645524470226,0.8365515747665642,2.361205088694329,-2.7878732393939454,3.0,4.0,0.6050427710476084,2.930170115799835,2.361205088694329,0.18915944041226762
BELFB,2022-05-31,stress,True,True,D-1,16.1100006104,16.3199996948,15.970000267,16.1100006104,16.2999992371,16.9699993134,5.338290939882495,1,0.18915944041226762,-2.202645524470226,0.8365515747665642,2.361205088694329,1.6209370745656093,2.774272319823945,4.0,0.0,0.924528335847293,0.49079710088522077,2.361205088694329,0.8365515747665642
BELFB,2022-06-01,stress,True,True,D-1,15.8900003433,16.2999992371,15.8000001907,16.1200008392,16.9699993134,16.8500003815,6.796720873296769,1,-2.202645524470226,0.8365515747665642,2.361205088694329,1.6209370745656093,-1.165635801181808,1.38452021615445,3.0,1.0,0.7452842580960317,1.675968591991861,2.361205088694329,2.361205088694329
BELFB,2022-06-02,stress,True,True,D-1,16.4599990845,16.9699993134,16.3199996948,16.7299995422,16.8500003815,16.5300006866,2.369388327410382,0,0.8365515747665642,2.361205088694329,1.6209370745656093,-1.165635801181808,0.062074664314692996,3.732309386885513,4.0,2.0,0.7045470800635324,1.612892729929305,2.361205088694329,3.4654897900721737
BELFB,2022-06-03,stress,True,True,D-1,16.5799999237,16.8500003815,16.2399997711,16.3700008392,16.5300006866,16.7399997711,0.9650171781441896,0,2.361205088694329,1.6209370745656093,-1.165635801181808,0.062074664314692996,3.7841108637949317,6.764514746258321,4.0,0.0,0.80800003656707,1.434547386535301,3.7841108637949317,2.361205088694329
BELFB,2022-06-06,stress,True,True,D-1,16.5,16.5300006866,16.0100002289,16.3600006104,16.7399997711,16.8899993896,2.363632664242421,0,1.6209370745656093,-1.165635801181808,0.062074664314692996,3.7841108637949317,-2.1518153786671435,2.057356015367251,3.0,1.0,0.4871804067550175,3.6652317864469985,3.7841108637949317,1.6209370745656093
BELFB,2022-06-07,stress,True,True,D-1,16.1800003052,16.7399997711,16.1800003052,16.6100006104,16.8899993896,16.3500003815,4.3881277565354315,1,-1.165635801181808,0.062074664314692996,3.7841108637949317,-2.1518153786671435,-0.06108874946452181,0.36810660189132705,2.0,2.0,0.4786331962435073,3.7285982899794234,3.7841108637949317,5.995700474820986
BELFB,2022-06-08,stress,True,True,D-1,16.5900001526,16.8899993896,16.0599994659,16.3199996948,16.3500003815,16.3600006104,-1.3863745634984381,0,0.062074664314692996,3.7841108637949317,-2.1518153786671435,-0.06108874946452181,1.5281173023983685,3.1036622039431805,3.0,3.0,0.6923085701387259,2.1673611665889547,3.7841108637949317,3.7841108637949317
BELFB,2022-06-09,stress,True,True,D-1,16.3500003815,16.3500003815,15.8299999237,15.8999996185,16.3600006104,15.8999996185,0.06116347808355904,0,3.7841108637949317,-2.1518153786671435,-0.06108874946452181,1.5281173023983685,-1.7459416312027298,1.2406876252366583,2.0,4.0,0.32291641826039635,3.9828408747281108,3.7841108637949317,4.028615228755483
BELFB,2022-06-10,stress,True,True,D-1,15.6499996185,16.3600006104,15.529999733,15.970000267,15.8999996185,15.7700004578,1.5974441283977514,0,-2.1518153786671435,-0.06108874946452181,1.5281173023983685,-1.7459416312027298,-2.57352992741674,-4.961147318661885,1.0,1.0,0.06603748119869687,6.226413804111752,1.5281173023983685,5.802656530623607
BELFB,2022-06-13,stress,True,True,D-1,15.4899997711,15.8999996185,15.3000001907,15.4300003052,15.7700004578,16.1399993896,4.196253247935577,1,-0.06108874946452181,1.5281173023983685,-1.7459416312027298,-2.57352992741674,0.440255661506761,-2.443497566855024,2.0,2.0,0.32352988610306055,5.7607959124525765,1.5281173023983685,3.672721679514379
BELFB,2022-06-14,stress,True,True,D-1,15.720000267,15.7700004578,15.3599996567,15.5600004196,16.1399993896,15.6999998093,2.671750098386938,0,1.5281173023983685,-1.7459416312027298,-2.57352992741674,0.440255661506761,-3.381339716792875,-5.684598230447513,2.0,3.0,0.08176111949612105,9.462080722759092,1.5281173023983685,4.4840878972224445
BELFB,2022-06-15,stress,True,True,D-1,15.7600002289,16.1399993896,15.6700000763,15.7600002289,15.6999998093,15.3900003433,-0.38071331680550324,0,-1.7459416312027298,-2.57352992741674,0.440255661506761,-3.381339716792875,0.8425153067313174,-6.321493992857318,2.0,4.0,0.163522238929349,8.547550990581465,0.8425153067313174,3.0075683762548877
BELFB,2022-06-16,stress,True,True,D-1,15.6999998093,15.6999998093,14.8400001526,14.9200000763,15.3900003433,15.8699998856,1.0828030469102412,0,-2.57352992741674,0.440255661506761,-3.381339716792875,0.8425153067313174,1.2853457834619997,-3.431369340518009,3.0,3.0,0.4339621283642392,3.807108964375172,1.2853457834619997,0.440255661506761
BELFB,2022-06-17,stress,True,True,D-1,15.1099996567,15.3900003433,15.1099996567,15.279999733,15.8699998856,16.1100006104,6.61814014837907,1,0.440255661506761,-3.381339716792875,0.8425153067313174,1.2853457834619997,-5.329950129439998,-6.163519281219044,3.0,4.0,0.052631512898218734,9.651478061232721,1.2853457834619997,4.955627941958696
BELFB,2022-06-21,stress,True,True,D-1,15.3500003815,15.8699998856,15.3500003815,15.6800003052,16.1100006104,15.8900003433,4.951141433299,1,-3.381339716792875,0.8425153067313174,1.2853457834619997,-5.329950129439998,2.4128663194301847,-4.320604398647376,3.0,2.0,0.3384614143431227,5.628270102274091,2.4128663194301847,4.331034164987491
BELFB,2022-06-22,stress,True,True,D-1,15.5,16.1100006104,15.3900003433,15.6199998856,15.8900003433,16.2800006866,5.032262494193551,1,0.8425153067313174,1.2853457834619997,-5.329950129439998,2.4128663194301847,2.6178048376278795,1.6202203179201957,4.0,3.0,0.6461543427813567,2.933667573000287,2.6178048376278795,1.2853457834619997
BELFB,2022-06-23,stress,True,True,D-1,15.6400003433,15.8900003433,15.470000267,15.8599996567,16.2800006866,16.1499996185,4.092073716444444,1,1.2853457834619997,-5.329950129439998,2.4128663194301847,2.6178048376278795,-0.382655729796777,0.38560067083559524,3.0,4.0,0.6000001467693173,3.3290621498620165,2.6178048376278795,2.4128663194301847
BELFB,2022-06-24,stress,True,True,D-1,15.8400001526,16.2800006866,15.8400001526,16.0,16.1499996185,16.2800006866,2.777781122229217,0,-5.329950129439998,2.4128663194301847,2.6178048376278795,-0.382655729796777,1.53649022316098,0.6345141265710508,3.0,1.0,0.8031489263137171,1.576298607259985,2.6178048376278795,2.6178048376278795
BELFB,2022-06-27,stress,True,True,D-1,15.9200000763,16.1499996185,15.7700004578,16.0799999237,16.2800006866,15.8500003815,2.261310355368229,0,2.4128663194301847,2.6178048376278795,-0.382655729796777,1.53649022316098,0.8827260172156404,7.2386053497114355,4.0,0.0,0.7606833845061381,1.750004291250007,2.6178048376278795,2.6178048376278795
BELFB,2022-06-28,stress,True,True,D-1,16.2199993134,16.2800006866,15.6700000763,15.7299995422,15.8500003815,16.0599994659,-0.9864355997094121,0,2.6178048376278795,-0.382655729796777,1.53649022316098,0.8827260172156404,0.4999995231250054,5.235603433763503,4.0,1.0,0.7849454867883141,1.2437858448321348,2.6178048376278795,2.6178048376278795
BELFB,2022-06-29,stress,True,True,D-1,15.7700004578,15.8500003815,15.2399997711,15.4499998093,16.0599994659,15.6499996185,1.8389283429383951,0,-0.382655729796777,1.53649022316098,0.8827260172156404,0.4999995231250054,-2.176619298263438,0.3188726787423546,3.0,2.0,0.38202142444049897,3.4965108735348194,1.53649022316098,3.223993084410981
BELFB,2022-06-30,stress,True,True,D-1,15.279999733,16.0599994659,15.2600002289,15.5600004196,15.6499996185,15.5200004578,2.4214652615530907,0,1.53649022316098,0.8827260172156404,0.4999995231250054,-2.176619298263438,-1.7800364974507765,-1.0883487678941872,3.0,3.0,0.20192293590341423,5.372174029415766,1.53649022316098,5.454401400955556
BELFB,2022-07-01,train,True,True,D-1,15.6499996185,15.6499996185,15.1499996185,15.3000001907,15.5200004578,15.75,0.6389800890588493,0,0.8827260172156404,0.4999995231250054,-2.176619298263438,-1.7800364974507765,0.7119780689821553,-1.8915463026083157,3.0,4.0,0.3076926603917002,4.627250948483663,0.8827260172156404,1.9634579151660003
BELFB,2022-07-05,train,True,True,D-1,15.1099996567,15.5200004578,14.9099998474,15.2299995422,15.75,15.9200000763,5.360691184667465,1,0.4999995231250054,-2.176619298263438,-1.7800364974507765,0.7119780689821553,-1.6709525828321525,-4.374998808124997,2.0,3.0,0.13274374373133363,6.405231919511256,0.7119780689821553,1.4708708529078574
BELFB,2022-07-06,train,True,True,D-1,15.1300001144,15.75,15.0500001907,15.6300001144,15.9200000763,17.7999992371,17.64705289168389,1,-2.176619298263438,-1.7800364974507765,0.7119780689821553,-1.6709525828321525,-0.4575205727288201,-5.286072049336276,1.0,4.0,0.23357627648378715,6.894295311635501,0.7119780689821553,2.832806272716115
BELFB,2022-07-07,train,True,True,D-1,15.7700004578,15.9200000763,15.6400003433,15.6999998093,17.7999992371,17.4699993134,12.872534688456149,1,-1.7800364974507765,0.7119780689821553,-1.6709525828321525,-0.4575205727288201,2.626399108494115,-0.6357242893219706,2.0,3.0,0.6260873963933409,2.751115472506216,2.626399108494115,0.7119780689821553
BELFB,2022-07-08,train,True,True,D-1,15.7700004578,17.7999992371,15.7399997711,17.5799999237,17.4699993134,17.3600006104,10.779954383318756,1,0.7119780689821553,-1.6709525828321525,-0.4575205727288201,2.626399108494115,0.4478547305672098,1.6181229973188493,3.0,4.0,0.6869567164991196,2.2929914711639077,2.626399108494115,0.7119780689821553
BELFB,2022-07-11,train,True,True,D-1,17.3199996948,17.4699993134,16.7999992371,16.9899997711,17.3600006104,17.4699993134,0.866048621496418,0,-1.6709525828321525,-0.4575205727288201,2.626399108494115,0.4478547305672098,11.974523167104568,12.982001604289994,3.0,0.0,0.9238756540281359,1.2514181703915384,11.974523167104568,2.626399108494115
BELFB,2022-07-12,train,True,True,D-1,16.8999996185,17.3600006104,16.7299995422,16.8299999237,17.4699993134,17.25,3.3727793359003,1,-0.4575205727288201,2.626399108494115,0.4478547305672098,11.974523167104568,-3.356087344486325,11.045748753828466,3.0,1.0,0.7197233089782473,4.767507221382128,11.974523167104568,2.626399108494115
BELFB,2022-07-13,train,True,True,D-1,16.7600002289,17.4699993134,16.7600002289,17.25,17.25,17.3299999237,3.400952786486977,1,2.626399108494115,0.4478547305672098,11.974523167104568,-3.356087344486325,-0.9417295441766727,10.505583910666871,3.0,2.0,0.6472728546325073,5.763513474732984,11.974523167104568,16.24073478971617
BELFB,2022-07-14,train,True,True,D-1,16.8400001526,17.25,16.7999992371,17.0799999237,17.3299999237,17.7399997711,5.344415738387309,1,0.4478547305672098,11.974523167104568,-3.356087344486325,-0.9417295441766727,2.4955441366850906,10.364682493556,3.0,3.0,0.745370593161551,3.188401374492744,11.974523167104568,11.974523167104568
BELFB,2022-07-15,train,True,True,D-1,17.3299999237,17.3299999237,17.0200004578,17.1800003052,17.7399997711,18.1299991608,4.616267978200872,1,11.974523167104568,-3.356087344486325,-0.9417295441766727,2.4955441366850906,-0.9855076886956526,8.789809752625288,2.0,4.0,0.6504856795919193,4.215452673398068,11.974523167104568,11.974523167104568
BELFB,2022-07-18,train,True,True,D-1,17.4400005341,17.7399997711,17.2600002289,17.5699996948,18.1299991608,18.4799995422,5.9632968821676124,1,-3.356087344486325,-0.9417295441766727,2.4955441366850906,-0.9855076886956526,0.5854823298988343,-2.275310695313215,2.0,4.0,0.6081093272100192,1.6880035101758617,2.4955441366850906,2.901339468858999
BELFB,2022-07-19,train,True,True,D-1,17.8500003815,18.1299991608,17.6700000763,18.0200004578,18.4799995422,18.6499996185,4.481788346789806,1,-0.9417295441766727,2.4955441366850906,-0.9855076886956526,0.5854823298988343,2.27007789680862,3.413772404438653,3.0,0.0,0.8316831309185463,0.9675587891462056,2.4955441366850906,2.4955441366850906
BELFB,2022-07-20,train,True,True,D-1,17.8600006104,18.4799995422,17.8600006104,18.4599990845,18.6499996185,18.5,4.423286568310525,1,2.4955441366850906,-0.9855076886956526,0.5854823298988343,2.27007789680862,2.5611882232028815,7.070710276262315,4.0,0.0,0.9197089133146628,0.6104256393200558,2.5611882232028815,2.4955441366850906
BELFB,2022-07-21,train,True,True,D-1,18.5200004578,18.6499996185,18.2000007629,18.5799999237,18.5,18.8500003815,1.781856995370723,0,-0.9855076886956526,0.5854823298988343,2.27007789680862,2.5611882232028815,2.441723726536016,7.014487446376827,4.0,0.0,0.9880949678168007,0.10834484665165345,2.5611882232028815,2.27007789680862
BELFB,2022-07-22,train,True,True,D-1,18.3799991608,18.5,18.1700000763,18.2099990845,18.8500003815,18.9099998474,2.8835729640856567,0,0.5854823298988343,2.27007789680862,2.5611882232028815,2.441723726536016,0.6500587494652654,8.782201444384196,5.0,0.0,0.9570553798506629,0.3767475516009533,2.5611882232028815,2.5611882232028815
BELFB,2022-07-25,train,True,True,D-1,18.3899993896,18.8500003815,18.2000007629,18.8400001526,18.9099998474,19.2000007629,4.4045753136787935,1,2.27007789680862,2.5611882232028815,2.441723726536016,0.6500587494652654,-1.991393114743989,5.995336210723146,4.0,1.0,0.6834527142298831,2.416257858983206,2.5611882232028815,3.915467813660245
BELFB,2022-07-26,train,True,True,D-1,18.9099998474,18.9099998474,18.5499992371,18.6499996185,19.2000007629,23.8799991608,26.282386850909155,1,2.5611882232028815,2.441723726536016,0.6500587494652654,-1.991393114743989,3.4596436011698817,7.2282326685291,4.0,0.0,0.9915252319377104,0.05307977080148962,3.4596436011698817,2.5611882232028815
BELFB,2022-07-27,train,True,True,D-1,18.6399993896,19.2000007629,18.5200004578,19.1900005341,23.8799991608,25.3700008392,36.10515917374406,1,2.441723726536016,0.6500587494652654,-1.991393114743989,3.4596436011698817,-1.0084953957592013,3.4961106808812925,3.0,0.0,0.7523805544441547,1.394103132538893,3.4596436011698817,2.441723726536016
BELFB,2022-07-28,train,True,True,D-1,22.2000007629,23.8799991608,21.6499996185,23.7299995422,25.3700008392,25.0900001526,14.279279132267476,1,0.6500587494652654,-1.991393114743989,3.4596436011698817,-1.0084953957592013,2.895447327861289,3.954504256790292,3.0,0.0,0.990291046472008,0.052111665042575694,3.4596436011698817,3.4596436011698817
BELFB,2022-07-29,train,True,True,D-1,23.75,25.3700008392,23.6800003052,24.7299995422,25.0900001526,24.4899997711,5.642105905684214,1,-1.991393114743989,3.4596436011698817,-1.0084953957592013,2.895447327861289,23.658149461916757,27.717974379164765,3.0,0.0,0.9737303603065054,0.6321096565267359,23.658149461916757,3.4596436011698817
BELFB,2022-08-01,train,True,True,D-1,24.8199996948,25.0900001526,24.1900005341,24.4899997711,24.4899997711,24.3999996185,-1.329572633996201,0,3.4596436011698817,-1.0084953957592013,2.895447327861289,23.658149461916757,4.214075091833269,35.80450733382903,4.0,0.0,0.9107390111311877,2.587955151021659,23.658149461916757,3.4596436011698817
BELFB,2022-08-02,train,True,True,D-1,24.1399993896,24.4899997711,23.8700008392,24.3500003815,24.3999996185,25.2600002289,4.639605913919453,1,-1.0084953957592013,2.895447327861289,23.658149461916757,4.214075091833269,-0.9704802892958386,29.98938202089281,3.0,1.0,0.8715326979412304,3.5933077840958783,23.658149461916757,23.658149461916757
BELFB,2022-08-03,train,True,True,D-1,24.2999992371,24.3999996185,23.5799999237,24.2999992371,25.2600002289,25.2399997711,3.950621489462103,1,2.895447327861289,23.658149461916757,4.214075091833269,-0.9704802892958386,-0.571659415714687,30.56300739730762,3.0,2.0,0.8510948319842965,4.188913518354398,23.658149461916757,25.19474132497588
BELFB,2022-08-04,train,True,True,D-1,24.2900009155,25.2600002289,23.7199993134,24.9400005341,25.2399997711,25.8700008392,6.504733899337833,1,23.658149461916757,4.214075091833269,-0.9704802892958386,-0.571659415714687,-0.20534350561237646,26.628444819059283,2.0,3.0,0.7123652551117562,4.403298912315923,23.658149461916757,24.43397851775944
BELFB,2022-08-05,train,True,True,D-1,24.6499996185,25.2399997711,24.1700000763,24.9699993134,25.8700008392,25.3799991608,4.949295089580352,1,4.214075091833269,-0.9704802892958386,-0.571659415714687,-0.20534350561237646,2.633750276102398,5.099035041059352,2.0,4.0,0.7597764887288413,1.7241391174473542,4.214075091833269,4.214075091833269
BELFB,2022-08-08,train,True,True,D-1,25.3299999237,25.8700008392,25.0499992371,25.2000007629,25.3799991608,25.6200008392,1.1448911029354525,0,-0.9704802892958386,-0.571659415714687,-0.20534350561237646,2.633750276102398,0.12028379574002823,0.970480289700193,2.0,1.0,0.8273804387996953,1.1613973707415237,2.633750276102398,0.0
BELFB,2022-08-09,train,True,True,D-1,25.2800006866,25.3799991608,24.3600006104,24.3799991608,25.6200008392,25.9200000763,2.5316430866999085,0,-0.571659415714687,-0.20534350561237646,2.633750276102398,0.12028379574002823,0.921111156685428,2.899146584059409,3.0,0.0,0.707423664433902,2.6587303810180263,2.633750276102398,2.633750276102398
BELFB,2022-08-10,train,True,True,D-1,24.8600006104,25.6200008392,24.8600006104,25.25,25.9200000763,27.1499996185,9.211580659181461,1,-0.20534350561237646,2.633750276102398,0.12028379574002823,0.921111156685428,-3.253974512997726,0.1231982703490786,3.0,1.0,0.34934450536030814,6.111573952782301,2.633750276102398,4.996586354689625
BELFB,2022-08-11,train,True,True,D-1,25.2999992371,25.9200000763,24.9899997711,25.8500003815,27.1499996185,27.6599998474,9.328065934639596,1,2.633750276102398,0.12028379574002823,0.921111156685428,-3.253974512997726,3.5685023344826483,3.9094682828203053,4.0,2.0,0.7116277213015924,2.4554488681188147,3.5685023344826483,2.633750276102398
BELFB,2022-08-12,train,True,True,D-1,25.8999996185,27.1499996185,25.8600006104,26.7399997711,27.6599998474,27.7299995422,7.065636875117387,1,0.12028379574002823,0.921111156685428,-3.253974512997726,3.5685023344826483,2.3762391346534573,3.6487563268323697,4.0,0.0,0.9600001744000001,0.2707918520964414,3.5685023344826483,0.921111156685428
BELFB,2022-08-15,train,True,True,D-1,26.7900009155,27.6599998474,26.7900009155,26.9200000763,27.7299995422,27.1499996185,3.508766683752307,1,0.921111156685428,-3.253974512997726,3.5685023344826483,2.3762391346534573,3.442937626557807,7.088508235361224,4.0,0.0,0.8530465974325873,1.5332829129008463,3.5685023344826483,3.5685023344826483
BELFB,2022-08-16,train,True,True,D-1,26.6599998474,27.7299995422,26.5599994659,27.3099994659,27.1499996185,27.2399997711,2.175543612227604,0,-3.253974512997726,3.5685023344826483,2.3762391346534573,3.442937626557807,0.673149987811672,6.825393894162968,4.0,0.0,0.7757575932736489,2.748884728835832,3.5685023344826483,3.5685023344826483
BELFB,2022-08-17,train,True,True,D-1,27.1499996185,27.1499996185,26.0499992371,26.2900009155,27.2399997711,27.6499996185,1.8416206520286638,0,3.5685023344826483,2.3762391346534573,3.442937626557807,0.673149987811672,1.4487347269487971,12.018049245100348,5.0,0.0,0.8536584555323902,1.5378985152468605,3.5685023344826483,3.5685023344826483
BELFB,2022-08-18,train,True,True,D-1,26.3500003815,27.2399997711,26.1000003815,27.2399997711,27.6499996185,27.6399993896,4.9335833706959376,1,2.3762391346534573,3.442937626557807,0.673149987811672,1.4487347269487971,-3.7348904077189715,4.118815506930695,4.0,1.0,0.47445301204463236,5.477362406066,3.442937626557807,5.7832019616780865
BELFB,2022-08-19,train,True,True,D-1,27.0499992371,27.6499996185,26.9300003052,27.6399993896,27.6399993896,27.1499996185,2.1811466511644007,0,3.442937626557807,0.673149987811672,1.4487347269487971,-3.7348904077189715,3.613536791624461,5.377173574801097,4.0,2.0,0.7379678871643288,1.798824431782342,3.613536791624461,3.699252881662085
BELFB,2022-08-22,train,True,True,D-1,27.6399993896,27.6399993896,26.1200008392,26.2700004578,27.1499996185,27.2700004578,-1.3386358175507707,0,0.673149987811672,1.4487347269487971,-3.7348904077189715,3.613536791624461,1.468427393029481,3.3657428055504424,4.0,3.0,0.9464284903242058,0.32561560994051053,3.613536791624461,1.4487347269487971
BELFB,2022-08-23,train,True,True,D-1,26.4099998474,27.1499996185,26.3199996948,26.5799999237,27.2700004578,27.9200000763,5.717532137921055,1,1.4487347269487971,-3.7348904077189715,3.613536791624461,1.468427393029481,-4.956580904685137,-2.4145602401845934,3.0,4.0,0.13095308377750745,5.557666764206348,3.613536791624461,7.174474095042182
BELFB,2022-08-24,train,True,True,D-1,26.3899993896,27.2700004578,26.2399997711,27.0699996948,27.9200000763,28.25,7.048126765523932,1,-3.7348904077189715,3.613536791624461,1.468427393029481,-4.956580904685137,1.1800512390473195,-2.673011924117741,3.0,2.0,0.33125035016319826,4.025582008545969,3.613536791624461,7.448556651642402
BELFB,2022-08-25,train,True,True,D-1,27.2000007629,27.9200000763,27.2000007629,27.8700008392,28.25,27.8500003815,3.86029120459499,1,3.613536791624461,1.468427393029481,-4.956580904685137,1.1800512390473195,1.8434904909954142,2.966902822890849,4.0,3.0,0.6258063166388511,2.1425930189848286,3.613536791624461,3.613536791624461
BELFB,2022-08-26,train,True,True,D-1,28.0,28.25,26.3999996185,26.7000007629,27.8500003815,27.2399997711,-0.5357129232142932,0,1.468427393029481,-4.956580904685137,1.1800512390473195,1.8434904909954142,2.9553053321743405,2.3127792709028983,4.0,0.0,0.9722226342825822,0.1794016347128169,2.9553053321743405,1.468427393029481
BELFB,2022-08-29,train,True,True,D-1,26.9200000763,27.8500003815,26.6900005341,26.7399997711,27.2399997711,28.5699996948,6.129270482256199,1,-4.956580904685137,1.1800512390473195,1.8434904909954142,2.9553053321743405,-4.198062580085605,-3.4008634133823046,3.0,0.0,0.27230054094582845,5.805240422516178,2.9553053321743405,3.210313306183976
BELFB,2022-08-30,train,True,True,D-1,27.0300006866,27.2399997711,25.6700000763,26.8199996948,28.5699996948,29.6100006104,9.544949531129765,1,1.1800512390473195,1.8434904909954142,2.9553053321743405,-4.198062580085605,0.1498090151951459,1.78911041153198,4.0,1.0,0.24875619057696902,5.646971734577111,2.9553053321743405,7.009847973273297
BELFB,2022-08-31,train,True,True,D-1,26.8600006104,28.5699996948,26.8500003815,28.4200000763,29.6100006104,28.9899997711,10.238272291532336,1,1.8434904909954142,2.9553053321743405,-4.198062580085605,0.1498090151951459,0.2991769797487498,0.902933678664164,4.0,2.0,0.4457362994223566,5.331843107653933,2.9553053321743405,2.9553053321743405
BELFB,2022-09-01,train,True,True,D-1,28.4699993134,29.6100006104,27.7000007629,28.1900005341,28.9899997711,27.1000003815,1.8264856699706788,0,2.9553053321743405,-4.198062580085605,0.1498090151951459,0.2991769797487498,5.9656987311980325,4.987072023348893,4.0,0.0,0.9482759868163063,0.5277959820453537,5.9656987311980325,2.9553053321743405
BELFB,2022-09-02,train,True,True,D-1,28.5699996948,28.9899997711,26.0799999237,26.3999996185,27.1000003815,26.8299999237,-5.1452549142573245,0,-4.198062580085605,0.1498090151951459,0.2991769797487498,5.9656987311980325,-0.8092876199243926,1.1481868864887668,3.0,0.0,0.6395939381200201,5.037247426023628,5.9656987311980325,0.2991769797487498
BELFB,2022-09-06,train,True,True,D-1,26.3799991608,27.1000003815,25.6200008392,26.0300006866,26.8299999237,26.9300003052,2.084917217197213,0,0.1498090151951459,0.2991769797487498,5.9656987311980325,-0.8092876199243926,-6.349772549435495,-1.1235997596556468,3.0,1.0,0.18527904650823926,12.159094841995998,5.9656987311980325,13.073370977421973
BELFB,2022-09-07,train,True,True,D-1,26.0599994659,26.8299999237,25.4300003052,26.3500003815,26.9300003052,27.1100006104,4.029167943283918,1,0.2991769797487498,5.9656987311980325,-0.8092876199243926,-6.349772549435495,-1.401511125934718,-2.6551948039556406,2.0,2.0,0.10275685987738627,13.753360850439588,5.9656987311980325,13.627989637816352
BELFB,2022-09-08,train,True,True,D-1,25.8500003815,26.9300003052,25.75,26.8099994659,27.1100006104,26.8899993896,4.874275475066314,1,5.9656987311980325,-0.8092876199243926,-6.349772549435495,-1.401511125934718,1.2293495445996339,-1.7524210240432159,2.0,3.0,0.22009569596334755,12.371917198106775,5.9656987311980325,6.155089783177303
BELFB,2022-09-09,train,True,True,D-1,26.9699993134,27.1100006104,25.75,26.1700000763,26.8899993896,26.4099998474,-0.2966256056234018,0,-0.8092876199243926,-6.349772549435495,-1.401511125934718,1.2293495445996339,1.7457270502468702,-5.665026763116066,2.0,4.0,0.3301433157751815,10.443868706753845,1.7457270502468702,0.0
BELFB,2022-09-12,train,True,True,D-1,26.4899997711,26.8899993896,26.0400009155,26.2600002289,26.4099998474,26.4899997711,0.0,0,-6.349772549435495,-1.401511125934718,1.2293495445996339,1.7457270502468702,-2.3871667375973793,-7.165663070337692,2.0,4.0,0.20786513542718205,10.775696165755221,1.7457270502468702,1.9124626474228745
BELFB,2022-09-13,train,True,True,D-1,25.75,26.4099998474,25.5,26.2999992371,26.4899997711,26.9799995422,4.776697251262152,1,-1.401511125934718,1.2293495445996339,1.7457270502468702,-2.3871667375973793,0.3439058171096798,-0.5303007258450676,3.0,1.0,0.4940474838789933,3.236863572318427,1.7457270502468702,3.7971975760092813
BELFB,2022-09-14,train,True,True,D-1,26.0799999237,26.4899997711,25.8199996948,26.3799991608,26.9799995422,25.9899997711,3.4509187926880847,1,1.2293495445996339,1.7457270502468702,-2.3871667375973793,0.3439058171096798,0.1523191464255058,1.037259098648402,4.0,2.0,0.5178564130060848,3.0798532197574113,1.7457270502468702,1.7457270502468702
BELFB,2022-09-15,train,True,True,D-1,26.3799991608,26.9799995422,26.0300006866,26.2900009155,25.9899997711,25.5,-1.478390455294365,0,1.7457270502468702,-2.3871667375973793,0.3439058171096798,0.1523191464255058,0.304182228215244,0.11384735812400848,4.0,3.0,0.5465831224631444,2.7672534981910246,1.7457270502468702,1.7457270502468702
BELFB,2022-09-16,train,True,True,D-1,25.7600002289,25.9899997711,25.4099998474,25.5799999237,25.5,25.3400001526,-1.0093176498046308,0,-2.3871667375973793,0.3439058171096798,0.1523191464255058,0.304182228215244,-0.34116091039811947,-1.9395694172295475,3.0,4.0,0.4906836124141127,3.1190554064094655,0.3439058171096798,0.38192225015161174
BELFB,2022-09-19,train,True,True,D-1,25.2299995422,25.5,24.9300003052,25.4899997711,25.3400001526,25.75,2.0610402981983356,0,0.3439058171096798,0.1523191464255058,0.304182228215244,-0.34116091039811947,-2.7006503121930203,-2.254490450438751,3.0,1.0,0.10828032442493896,5.473024326332743,0.3439058171096798,3.376503476509074
BELFB,2022-09-20,train,True,True,D-1,25.0599994659,25.3400001526,24.8099994659,25.0499992371,25.75,25.2399997711,2.7533940495046982,0,0.1523191464255058,0.304182228215244,-0.34116091039811947,-2.7006503121930203,-0.3518379705569008,-2.932218016329602,2.0,2.0,0.27317057284348567,5.845428734720248,0.304182228215244,3.3471685977149
BELFB,2022-09-21,train,True,True,D-1,25.1200008392,25.75,24.9899997711,25.3299999237,25.2399997711,24.8999996185,0.4777027384200494,0,0.304182228215244,-0.34116091039811947,-2.7006503121930203,-0.3518379705569008,-1.7261692348026658,-4.752851848895467,1.0,3.0,0.11059896901442359,7.7045922709714,0.304182228215244,2.376116114770699
BELFB,2022-09-22,train,True,True,D-1,25.2399997711,25.2399997711,24.6100006104,25.0400009155,24.8999996185,24.9799995422,-1.0301118512595964,0,-0.34116091039811947,-2.7006503121930203,-0.3518379705569008,-1.7261692348026658,1.1177672460177535,-3.9802853317003617,1.0,4.0,0.23963153894751837,6.514013515476491,1.1177672460177535,0.627696543102374
BELFB,2022-09-23,train,True,True,D-1,24.6599998474,24.8999996185,24.0,24.4699993134,24.9799995422,25.3199996948,2.6763984245100625,0,-2.7006503121930203,-0.3518379705569008,-1.7261692348026658,1.1177672460177535,-1.1448835731288964,-4.754659400802941,1.0,4.0,0.3115946134937375,3.7939250034609406,1.1177672460177535,0.03991346069660562
BELFB,2022-09-26,train,True,True,D-1,24.5300006866,24.9799995422,24.1499996185,24.5599994659,25.3199996948,25.5300006866,4.076640733835246,1,-0.3518379705569008,-1.7261692348026658,1.1177672460177535,-1.1448835731288964,-2.27636414241168,-4.339329998478936,1.0,2.0,0.2685710362285708,5.230897926094591,1.1177672460177535,4.5129532424272645
BELFB,2022-09-27,train,True,True,D-1,24.7299995422,25.3199996948,24.5599994659,24.7000007629,25.5300006866,25.2999992371,3.234942010552211,1,-1.7261692348026658,1.1177672460177535,-1.1448835731288964,-2.27636414241168,0.36779793635186575,-3.648490833861895,2.0,3.0,0.3199996947999994,4.845279153007476,1.1177672460177535,3.0347058724172205
BELFB,2022-09-28,train,True,True,D-1,24.6499996185,25.5300006866,24.5,25.4200000763,25.2999992371,25.7399997711,4.4219073812153065,1,1.1177672460177535,-1.1448835731288964,-2.27636414241168,0.36779793635186575,0.5700378666309902,-1.397199540356231,3.0,4.0,0.4000004359428573,4.251008925785649,1.1177672460177535,1.1177672460177535
BELFB,2022-09-29,train,True,True,D-1,25.2600002289,25.2999992371,24.1499996185,24.5,25.7399997711,26.6299991608,5.423590338422013,1,-1.1448835731288964,-2.27636414241168,0.36779793635186575,0.5700378666309902,2.914976887294096,0.35531051271653347,3.0,0.0,0.9281042085383324,0.4327325333195464,2.914976887294096,0.36779793635186575
BELFB,2022-09-30,train,True,True,D-1,24.5699996948,25.7399997711,24.3099994659,25.25,26.6299991608,27.0900001526,10.25641224705971,1,-2.27636414241168,0.36779793635186575,0.5700378666309902,2.914976887294096,-3.6191977715914647,-2.156553098070113,3.0,1.0,0.3267972389679839,4.204084435102051,2.914976887294096,1.3797575294757225
BELFB,2022-10-03,train,True,True,D-1,25.6499996185,26.6299991608,25.25,26.1800003052,27.0900001526,26.3899993896,5.614037253479731,1,0.36779793635186575,0.5700378666309902,2.914976887294096,-3.6191977715914647,3.0612244897959107,3.187579519762651,4.0,0.0,0.6918240729104698,1.9405931528712728,3.0612244897959107,3.583741937607754
BELFB,2022-10-04,train,True,True,D-1,26.6900005341,27.0900001526,26.2800006866,26.6499996185,26.3899993896,27.3600006104,2.5103037200916667,0,0.5700378666309902,2.914976887294096,-3.6191977715914647,3.0612244897959107,3.6831695255445496,6.596094766000582,4.0,0.0,0.8185488150604,1.7188649746143092,3.6831695255445496,2.914976887294096
BELFB,2022-10-05,train,True,True,D-1,26.1700000763,26.3899993896,25.6399993896,26.3299999237,27.3600006104,27.1100006104,4.547193468209754,1,2.914976887294096,-3.6191977715914647,3.0612244897959107,3.6831695255445496,1.795260916046093,7.894731965065138,4.0,0.0,0.8503399815759926,1.6510339226967874,3.6831695255445496,3.0612244897959107
BELFB,2022-10-06,train,True,True,D-1,26.3400001526,27.3600006104,26.3400001526,27.1200008392,27.1100006104,26.5499992371,2.9233122753949514,0,-3.6191977715914647,3.0612244897959107,3.6831695255445496,1.795260916046093,-1.2007493410163605,3.579857768169048,3.0,1.0,0.7414965677437705,2.8864421994012623,3.6831695255445496,3.6831695255445496
BELFB,2022-10-07,train,True,True,D-1,26.6000003815,27.1100006104,25.7900009155,26.2099990845,26.5499992371,27.3099994659,2.6691694519440645,0,3.0612244897959107,3.6831695255445496,1.795260916046093,-1.2007493410163605,3.000383280627772,10.69388097632653,4.0,0.0,0.9213115799537364,0.8849548811705743,3.6831695255445496,3.6831695255445496
BELFB,2022-10-10,train,True,True,D-1,26.2099990845,26.5499992371,26.0300006866,26.3400001526,27.3099994659,27.1499996185,4.1968730248850505,1,3.6831695255445496,1.795260916046093,-1.2007493410163605,3.000383280627772,-3.3554635934400667,3.8019765722772325,3.0,1.0,0.45497573781175876,4.3876442810716565,3.6831695255445496,4.138926607001981
BELFB,2022-10-11,train,True,True,D-1,26.5100002289,27.3099994659,26.3500003815,27.0599994659,27.1499996185,27.1900005341,2.5650709141024297,0,1.795260916046093,-1.2007493410163605,3.000383280627772,-3.3554635934400667,0.4959979879468168,0.6111529623176404,3.0,2.0,0.4069768989317442,3.8724390732371328,3.000383280627772,5.876491918030791
BELFB,2022-10-12,train,True,True,D-1,27.1499996185,27.1499996185,26.5599994659,26.6900005341,27.1900005341,27.9899997711,3.0939232574707765,1,-1.2007493410163605,3.000383280627772,-3.3554635934400667,0.4959979879468168,2.7334825707240107,1.5384609878770217,3.0,3.0,0.825580853738891,1.1086517014830433,3.000383280627772,3.000383280627772
BELFB,2022-10-13,train,True,True,D-1,26.1200008392,27.1900005341,25.9799995422,27.1700000763,27.9899997711,27.4599990845,7.159260611866336,1,3.000383280627772,-3.3554635934400667,0.4959979879468168,2.7334825707240107,-1.367327934600504,1.3672640009237513,3.0,4.0,0.573248276113408,2.5103037200916667,3.000383280627772,3.000383280627772
BELFB,2022-10-14,train,True,True,D-1,27.3299999237,27.9899997711,26.0300006866,26.3199996948,27.4599990845,27.9799995422,2.378337432545452,0,-3.3554635934400667,0.4959979879468168,2.7334825707240107,-1.367327934600504,1.7984246256823155,0.18436296295289978,3.0,2.0,0.9078950505820168,0.5152719514422088,2.7334825707240107,2.7334825707240107
BELFB,2022-10-17,train,True,True,D-1,26.3899993896,27.4599990845,26.2900009155,27.3600006104,27.9799995422,28.3500003815,7.42705963332615,1,0.4959979879468168,2.7334825707240107,-1.367327934600504,1.7984246256823155,-3.128451892208284,0.41968948547217444,3.0,0.0,0.16915428551272774,6.344985165900052,2.7334825707240107,4.1197726864820705
BELFB,2022-10-18,train,True,True,D-1,27.5300006866,27.9799995422,27.0499992371,27.6499996185,28.3500003815,28.7900009155,4.576825998821321,1,2.7334825707240107,-1.367327934600504,1.7984246256823155,-3.128451892208284,3.9513713056975153,3.8724390732371328,3.0,1.0,0.6865676174351606,2.3026284599588998,3.9513713056975153,2.7334825707240107
BELFB,2022-10-19,train,True,True,D-1,27.5200004578,28.3500003815,27.3299999237,28.1299991608,28.7900009155,29.4200000763,6.904068266326946,1,-1.367327934600504,1.7984246256823155,-3.128451892208284,3.9513713056975153,1.0599378714551966,2.1803405921847707,3.0,2.0,0.8308457144872723,1.2296569883947228,3.9513713056975153,1.7984246256823155
BELFB,2022-10-20,train,True,True,D-1,28.3199996948,28.7900009155,27.5300006866,27.7199993134,29.4200000763,30.7299995422,8.509886558517564,1,1.7984246256823155,-3.128451892208284,3.9513713056975153,1.0599378714551966,1.735983902071525,5.395273877421669,4.0,0.0,0.9071725135907639,0.7820875480386791,3.9513713056975153,3.9513713056975153
BELFB,2022-10-21,train,True,True,D-1,27.6299991608,29.4200000763,27.6299991608,29.1200008392,30.7299995422,31.3999996185,13.644591285578755,1,-3.128451892208284,3.9513713056975153,1.0599378714551966,1.735983902071525,-1.457518164349425,2.0242886844146657,3.0,0.0,0.6123182922609935,3.8600347352200526,3.9513713056975153,3.9513713056975153
BELFB,2022-10-24,train,True,True,D-1,29.2399997711,30.7299995422,28.7099990845,30.3500003815,31.3999996185,31.4699993134,7.626537482069584,1,3.9513713056975153,1.0599378714551966,1.735983902071525,-1.457518164349425,5.050510679930764,10.638302343723783,4.0,0.0,0.9041535726727408,1.0302171306813879,5.050510679930764,3.9513713056975153
BELFB,2022-10-25,train,True,True,D-1,30.6000003815,31.3999996185,30.2999992371,30.5900001526,31.4699993134,33.8899993896,10.751630611380826,1,1.0599378714551966,1.735983902071525,-1.457518164349425,5.050510679930764,4.22389940540191,10.928361492665495,4.0,0.0,0.8967393670665263,1.2520565269305006,5.050510679930764,1.735983902071525
BELFB,2022-10-26,train,True,True,D-1,30.8999996185,31.4699993134,30.5200004578,30.8600006104,33.8899993896,34.5200004578,11.715213216807573,1,1.735983902071525,-1.457518164349425,5.050510679930764,4.22389940540191,0.7907735356942336,10.63291347075792,4.0,0.0,0.8009829172874653,2.6479223990169,5.050510679930764,5.050510679930764
BELFB,2022-10-27,train,True,True,D-1,33.5,33.8899993896,31.5,32.1300010681,34.5200004578,35.5999984741,6.268652161492527,1,-1.457518164349425,5.050510679930764,4.22389940540191,0.7907735356942336,0.8826428782382711,9.704946786505197,4.0,0.0,0.8451779402026265,1.9766645850111342,5.050510679930764,5.050510679930764
BELFB,2022-10-28,train,True,True,D-1,32.6500015259,34.5200004578,32.3400001526,34.5200004578,35.5999984741,34.8699989319,9.035212282792315,1,5.050510679930764,4.22389940540191,0.7907735356942336,0.8826428782382711,4.115361090666991,15.90909763323185,5.0,0.0,0.718850118662475,5.477741248030643,5.050510679930764,5.050510679930764
BELFB,2022-10-31,train,True,True,D-1,34.9000015259,35.5999984741,32.3499984741,32.4099998474,34.8699989319,34.9000015259,0.0,0,4.22389940540191,0.7907735356942336,0.8826428782382711,4.115361090666991,7.4385288211922695,18.543954199791003,5.0,0.0,1.0,0.0,7.4385288211922695,4.22389940540191
BELFB,2022-11-01,train,True,True,D-1,32.5099983215,34.8699989319,31.7900009155,34.7999992371,34.9000015259,34.3699989319,7.35159436418491,1,0.7907735356942336,0.8826428782382711,4.115361090666991,7.4385288211922695,-6.112400296690124,6.787477561798272,4.0,0.0,0.39811338001141733,9.842636969206598,7.4385288211922695,4.115361090666991
BELFB,2022-11-02,train,True,True,D-1,34.9000015259,34.9000015259,33.0999984741,33.3899993896,34.3699989319,35.8699989319,2.7793620733229663,0,0.8826428782382711,4.115361090666991,7.4385288211922695,-6.112400296690124,7.374265353141407,13.762664476947295,4.0,1.0,0.8425197737414332,2.2988484325801917,7.4385288211922695,7.4385288211922695
BELFB,2022-11-03,train,True,True,D-1,33.0900001526,34.3699989319,32.6300010681,34.0400009155,35.8699989319,35.75,8.40132597908607,1,4.115361090666991,7.4385288211922695,-6.112400296690124,7.374265353141407,-4.051723788536221,8.198310852746316,3.0,2.0,0.4609756324396874,6.618745507339985,7.4385288211922695,7.4385288211922695
BELFB,2022-11-04,train,True,True,D-1,34.5699996948,35.8699989319,34.0200004578,34.6500015259,35.75,35.7999992371,3.557996971822419,1,7.4385288211922695,-6.112400296690124,7.374265353141407,-4.051723788536221,1.9466952314544095,5.944599389684835,3.0,3.0,0.5905515595203625,4.58283641787347,7.4385288211922695,9.62243209205721
BELFB,2022-11-07,train,True,True,D-1,35.0,35.75,34.3800010681,35.0099983215,35.7999992371,35.2400016785,2.285712106000015,0,-6.112400296690124,7.374265353141407,-4.051723788536221,1.9466952314544095,1.7920111456937171,0.3765963684123408,3.0,0.0,0.700980882565118,3.5209158795796336,7.374265353141407,7.374265353141407
BELFB,2022-11-08,train,True,True,D-1,35.1399993896,35.7999992371,34.6699981689,35.0,35.2400016785,35.6500015259,1.4513436117217005,0,7.374265353141407,-4.051723788536221,1.9466952314544095,1.7920111456937171,1.0389517453005315,8.02221069528506,4.0,1.0,0.7892154341881704,2.4564428781245207,7.374265353141407,7.374265353141407
BELFB,2022-11-09,train,True,True,D-1,34.4799995422,35.2400016785,34.0099983215,34.25,35.6500015259,37.8199996948,9.686775513184642,1,-4.051723788536221,1.9466952314544095,1.7920111456937171,1.0389517453005315,-0.02855847466253225,0.5747148485186759,3.0,2.0,0.7314816341021811,2.48571123400001,1.9466952314544095,1.9466952314544095
BELFB,2022-11-10,train,True,True,D-1,35.6500015259,35.6500015259,34.4199981689,35.4399986267,37.8199996948,38.4900016785,7.966339498012975,1,1.9466952314544095,1.7920111456937171,1.0389517453005315,-0.02855847466253225,-2.1428571428571463,2.575623318722986,3.0,3.0,0.5,4.729923888759124,1.9466952314544095,4.117498881659887
BELFB,2022-11-11,train,True,True,D-1,35.5,37.8199996948,35.0499992371,37.5,38.4900016785,38.2900009155,8.422539939436625,1,1.7920111456937171,1.0389517453005315,-0.02855847466253225,-2.1428571428571463,3.4744485451094986,4.112801626167162,3.0,4.0,0.768817116082815,1.2133191926142928,3.4744485451094986,1.7920111456937171
BELFB,2022-11-14,train,True,True,D-1,37.5,38.4900016785,36.7200012207,37.2000007629,38.2900009155,37.1399993896,2.1066691080000144,0,1.0389517453005315,-0.02855847466253225,-2.1428571428571463,3.4744485451094986,5.8126451837614335,8.225103459143268,3.0,0.0,0.9160106090663064,0.8533325194666652,5.8126451837614335,1.0389517453005315
BELFB,2022-11-15,train,True,True,D-1,37.2999992371,38.2900009155,36.7299995422,36.8699989319,37.1399993896,36.9000015259,-0.4289540235187461,0,-0.02855847466253225,-2.1428571428571463,3.4744485451094986,5.8126451837614335,-0.7999979656000078,6.255362886021887,2.0,0.0,0.7120535828205623,3.4677443256574847,5.8126451837614335,3.4744485451094986
BELFB,2022-11-16,train,True,True,D-1,36.8699989319,37.1399993896,35.5699996948,35.7999992371,36.9000015259,37.4700012207,1.6273455551442328,0,-2.1428571428571463,3.4744485451094986,5.8126451837614335,-0.7999979656000078,-0.8871016780438112,5.342854091142857,2.0,1.0,0.6383925150259657,4.393823687362164,5.8126451837614335,7.492648032028104
BELFB,2022-11-17,train,True,True,D-1,35.2900009155,36.9000015259,34.9900016785,36.8800010681,37.4700012207,37.7700004578,7.027485060819982,1,3.4744485451094986,5.8126451837614335,-0.7999979656000078,-0.8871016780438112,-2.9020876750669777,4.525545217810234,2.0,2.0,0.3390663091432147,7.513973460123191,5.8126451837614335,9.576090068408405
BELFB,2022-11-18,train,True,True,D-1,36.9399986267,37.4700012207,36.5299987793,37.3199996948,37.7700004578,37.4199981689,2.2468918840188534,0,5.8126451837614335,-0.7999979656000078,-0.8871016780438112,-2.9020876750669777,3.016764955348883,4.0632124638828815,2.0,3.0,0.5399998255999999,4.365511290054158,5.8126451837614335,5.8126451837614335
BELFB,2022-11-21,train,True,True,D-1,36.8800010681,37.7700004578,36.1399993896,37.0600013733,37.4199981689,37.3300018311,1.4642003393733116,0,-0.7999979656000078,-0.8871016780438112,-2.9020876750669777,3.016764955348883,1.1930548100785865,-0.4800008138666545,2.0,4.0,0.665713718942858,3.1350535725299666,3.016764955348883,0.0
BELFB,2022-11-22,train,True,True,D-1,37.2799987793,37.4199981689,36.5999984741,37.2999992371,37.3300018311,38.0099983215,1.9581533425514275,0,-0.8871016780438112,-2.9020876750669777,3.016764955348883,1.1930548100785865,-0.6966728928892052,-0.37634243744323337,2.0,4.0,0.6272727798209474,3.318940897520206,3.016764955348883,3.016764955348883
BELFB,2022-11-23,train,True,True,D-1,37.0600013733,37.3300018311,36.6100006104,37.2200012207,38.0099983215,37.3199996948,2.5634023556308616,0,-2.9020876750669777,3.016764955348883,1.1930548100785865,-0.6966728928892052,0.6475927007733917,1.1662606934006892,3.0,1.0,0.8309347384611644,1.2600569177291465,3.016764955348883,3.0703567502673224
BELFB,2022-11-25,train,True,True,D-1,37.3499984741,38.0099983215,36.9700012207,37.7599983215,37.3199996948,35.3899993896,-0.08031802014877298,0,3.016764955348883,1.1930548100785865,-0.6966728928892052,0.6475927007733917,-0.21447189822040302,3.966486072235531,3.0,2.0,0.8021584609333922,1.4776980630353043,3.016764955348883,3.016764955348883
BELFB,2022-11-28,train,True,True,D-1,37.2900009155,37.3199996948,34.2799987793,34.4799995422,35.3899993896,35.2799987793,-5.095203752355626,0,1.1930548100785865,-0.6966728928892052,0.6475927007733917,-0.21447189822040302,1.4508250486023,2.386109620157173,3.0,0.0,0.8663100840672732,0.6620763006169206,1.4508250486023,1.1930548100785865
BELFB,2022-11-29,train,True,True,D-1,34.7599983215,35.3899993896,34.3800010681,35.0699996948,35.2799987793,36.9599990845,6.329116424724446,1,-0.6966728928892052,0.6475927007733917,-0.21447189822040302,1.4508250486023,-8.686437831307892,-7.609861135651929,2.0,1.0,0.05361951406086068,10.23781562113899,1.4508250486023,8.00923049936686
BELFB,2022-11-30,train,True,True,D-1,35.1199989319,35.2799987793,33.9099998474,34.4399986267,36.9599990845,36.4900016785,5.239180548290667,1,0.6475927007733917,-0.21447189822040302,1.4508250486023,-8.686437831307892,1.7111373562459065,-5.369675134264018,3.0,2.0,0.2117965180859111,8.383229690007443,1.7111373562459065,8.574762406322867
BELFB,2022-12-01,train,True,True,D-1,34.3600006104,36.9599990845,34.3600006104,36.2799987793,36.4900016785,37.0400009155,7.799767920518685,1,-0.21447189822040302,1.4508250486023,-8.686437831307892,1.7111373562459065,-1.796410246885216,-7.667562115002225,2.0,3.0,0.1292680430610021,10.365853185697604,1.7111373562459065,1.5668369860474818
BELFB,2022-12-02,train,True,True,D-1,35.8300018311,36.4900016785,35.2099990845,36.2000007629,37.0400009155,35.7000007629,3.3770556030218835,1,1.4508250486023,-8.686437831307892,1.7111373562459065,-1.796410246885216,5.342625510947374,-2.525530388422481,3.0,4.0,0.5780487351084307,4.768466373783542,5.342625510947374,1.7111373562459065
BELFB,2022-12-05,train,True,True,D-1,36.2000007629,37.0400009155,35.3100013733,35.4399986267,35.7000007629,34.0900001526,-1.3812154405047128,0,-8.686437831307892,1.7111373562459065,-1.796410246885216,5.342625510947374,-0.22050170642686773,-4.1313496502772935,2.0,4.0,0.6715545507270435,3.093919636178155,5.342625510947374,1.7111373562459065
BELFB,2022-12-06,train,True,True,D-1,35.5499992371,35.7000007629,33.6199989319,33.6300010681,34.0900001526,34.8699989319,-1.912799774381868,0,1.7111373562459065,-1.796410246885216,5.342625510947374,-0.22050170642686773,-2.0994533706719998,2.7842201196234484,2.0,0.0,0.488817334566839,4.514679319413339,5.342625510947374,7.657951257538276
BELFB,2022-12-07,train,True,True,D-1,33.6199989319,34.0900001526,32.3400001526,34.0099983215,34.8699989319,34.3400001526,3.7180251032487455,1,-1.796410246885216,5.342625510947374,-0.22050170642686773,-2.0994533706719998,-5.107216785376445,-4.106069687002356,1.0,1.0,0.002924599531802643,10.139755394282712,5.342625510947374,12.442072032047701
BELFB,2022-12-08,train,True,True,D-1,34.2099990845,34.8699989319,34.1199989319,34.4000015259,34.3400001526,34.4500007629,0.7015541795461155,0,5.342625510947374,-0.22050170642686773,-2.0994533706719998,-5.107216785376445,1.1299352998250356,-1.2485491357326572,2.0,2.0,0.35531870166539625,8.909152436166213,5.342625510947374,9.377615241795333
BELFB,2022-12-09,train,True,True,D-1,34.2599983215,34.3400001526,33.2900009155,33.6599998474,34.4500007629,35.5299987793,3.70694839469099,1,-0.22050170642686773,-2.0994533706719998,-5.107216785376445,1.1299352998250356,1.1467310310140588,-5.181911016139984,2.0,3.0,0.4382980933877419,7.674416489814173,1.1467310310140588,0.0
BELFB,2022-12-12,train,True,True,D-1,33.8300018311,34.4500007629,33.2900009155,34.0400009155,35.5299987793,34.8600006104,5.025116335161384,1,-2.0994533706719998,-5.107216785376445,1.1299352998250356,1.1467310310140588,-2.1511675746376024,-7.016576966769417,2.0,4.0,0.2808509533061298,10.04159561326048,1.1467310310140588,2.159039949556052
BELFB,2022-12-13,train,True,True,D-1,35.0099983215,35.5299987793,34.1899986267,34.6800003052,34.8600006104,34.2799987793,-0.4284424972619494,0,-5.107216785376445,1.1299352998250356,1.1467310310140588,-2.1511675746376024,1.128939601374812,-3.950332295287573,3.0,4.0,0.5059525161063048,4.876615166729081,1.1467310310140588,2.193244386918869
BELFB,2022-12-14,train,True,True,D-1,34.4000015259,34.8600006104,33.4799995422,33.7599983215,34.2799987793,33.9900016785,-0.34884517813073,0,1.1299352998250356,1.1467310310140588,-2.1511675746376024,1.128939601374812,1.8801391671190437,3.12220994276442,4.0,0.0,0.7335426833774806,2.450975970644831,1.8801391671190437,1.1467310310140588
BELFB,2022-12-15,train,True,True,D-1,33.4799995422,34.2799987793,32.9099998474,33.9399986267,33.9900016785,33.7400016785,1.5233038926932174,0,1.1467310310140588,-2.1511675746376024,1.128939601374812,1.8801391671190437,-2.652831532882227,-0.7350779545377328,3.0,1.0,0.20982047063325307,5.242892611972616,1.8801391671190437,1.969300321464651
BELFB,2022-12-16,train,True,True,D-1,33.4900016785,33.9900016785,33.0299987793,33.7299995422,33.7400016785,33.4199981689,0.7464914525832755,0,-2.1511675746376024,1.128939601374812,1.8801391671190437,-2.652831532882227,0.5331762859874578,-1.337217670916846,3.0,2.0,0.3931294653441158,4.684738411713352,1.8801391671190437,4.013938682654327
BELFB,2022-12-19,train,True,True,D-1,33.5,33.7400016785,32.5699996948,33.0400009155,33.4199981689,34.3100013733,2.4179145471641794,0,1.128939601374812,1.8801391671190437,-2.652831532882227,0.5331762859874578,-0.6187362787186568,0.2079610668964449,3.0,3.0,0.31297711034001835,5.336493511800988,1.8801391671190437,1.9689981149611624
BELFB,2022-12-20,train,True,True,D-1,32.7999992371,33.4199981689,32.5200004578,33.0,34.3100013733,34.0999984741,4.603665156467551,1,1.8801391671190437,-2.652831532882227,0.5331762859874578,-0.6187362787186568,-2.0456526417580556,-2.9377202500151856,2.0,4.0,0.15878424529289714,7.53631293827195,1.8801391671190437,4.531870892564626
BELFB,2022-12-21,train,True,True,D-1,33.1500015259,34.3100013733,33.0999984741,33.3499984741,34.0999984741,33.9399986267,2.865752351346851,0,-2.652831532882227,0.5331762859874578,-0.6187362787186568,-2.0456526417580556,-0.12106814283179279,-4.84429149485357,1.0,4.0,0.2051279961100283,5.636365486060613,0.5331762859874578,2.6974204369151433
BELFB,2022-12-22,train,True,True,D-1,33.4000015259,34.0999984741,31.2000007629,32.8499984741,33.9399986267,33.0900001526,1.6167577129637678,0,0.5331762859874578,-0.6187362787186568,-2.0456526417580556,-0.12106814283179279,1.0606014366666638,-1.2144545846700883,2.0,0.0,0.4636858054724264,2.8785695445999737,1.0606014366666638,0.5331762859874578
BELFB,2022-12-23,train,True,True,D-1,32.7000007629,33.9399986267,31.6299991608,33.0499992371,33.0900001526,32.6500015259,1.1926586562728048,0,-0.6187362787186568,-2.0456526417580556,-0.12106814283179279,1.0606014366666638,-1.4992504434094833,-3.2115503733182837,1.0,1.0,0.5305457837153867,4.444453476462451,1.0606014366666638,0.45455007848484996
BELFB,2022-12-27,train,True,True,D-1,33.0299987793,33.0900001526,32.2200012207,32.3100013733,32.6500015259,32.7000007629,-0.999085766260499,0,-2.0456526417580556,-0.12106814283179279,1.0606014366666638,-1.4992504434094833,0.6088303570476405,-2.016010419001746,2.0,2.0,0.5948546981031181,3.8124119978362625,1.0606014366666638,1.9601494148561605
BELFB,2022-12-28,train,True,True,D-1,32.4500007629,32.6500015259,31.7600002289,31.8199996948,32.7000007629,33.0600013733,1.879816937007317,0,-0.12106814283179279,1.0606014366666638,-1.4992504434094833,0.6088303570476405,-2.239025358189206,-2.209441652459343,2.0,3.0,0.35691330949842887,6.190033782086868,1.0606014366666638,2.7044283038908823
BELFB,2022-12-29,train,True,True,D-1,31.8400001526,32.7000007629,31.8400001526,32.4399986267,33.0600013733,33.3100013733,4.616837982583877,1,1.0606014366666638,-1.4992504434094833,0.6088303570476405,-2.239025358189206,-1.516563471597121,-3.5757585006060633,2.0,4.0,0.19935653061503988,7.8252724776327165,1.0606014366666638,4.782234025750897
BELFB,2022-12-30,train,True,True,D-1,32.2799987793,33.0600013733,32.0200004578,32.9199981689,33.3100013733,33.2599983215,3.1908383920401517,1,-1.4992504434094833,0.6088303570476405,-2.239025358189206,-1.516563471597121,1.9484567499896022,-2.7286353494340054,2.0,4.0,0.4275858077442761,5.117139080375055,1.9484567499896022,0.6088303570476405
BELFB,2023-01-03,train,True,True,D-1,33.2700004578,33.3100013733,32.4099998474,32.75,33.2599983215,32.6800003052,-0.03006352919258104,0,0.6088303570476405,-2.239025358189206,-1.516563471597121,1.9484567499896022,1.4796533986438876,0.21308888295745732,3.0,4.0,0.5584412581660065,3.0984219761093668,1.9484567499896022,0.6088303570476405
BELFB,2023-01-04,train,True,True,D-1,32.9599990845,33.2599983215,32.5099983215,32.8800010681,32.6800003052,33.1800003052,0.66747945027541,0,-2.239025358189206,-1.516563471597121,1.9484567499896022,1.4796533986438876,-0.5163978686384074,-0.9077132950830458,2.0,0.0,0.6387090581686165,1.7099278574045806,1.9484567499896022,1.9484567499896022
BELFB,2023-01-05,train,True,True,D-1,32.6599998474,32.6800003052,31.3099994659,31.3099994659,33.1800003052,34.2599983215,4.898954322032467,1,-1.516563471597121,1.9484567499896022,1.4796533986438876,-0.5163978686384074,0.39694982625955166,1.7641586832956024,3.0,1.0,0.7225806530830341,1.307786773818509,1.9484567499896022,2.069954632810833
BELFB,2023-01-06,train,True,True,D-1,31.6499996185,33.1800003052,31.6000003815,32.25,34.2599983215,35.0800018311,10.8372899018776,1,1.9484567499896022,1.4796533986438876,-0.5163978686384074,0.39694982625955166,-4.774943890507377,-1.60276629098568,3.0,2.0,0.0,6.387741748696674,1.9484567499896022,6.345404945714795
BELFB,2023-01-09,train,True,True,D-1,32.6699981689,34.2599983215,32.1599998474,33.8400001526,35.0800018311,35.1399993896,7.560457175205171,1,1.4796533986438876,-0.5163978686384074,0.39694982625955166,-4.774943890507377,3.0022374645000127,-0.5856924622173798,3.0,3.0,0.4699998188111738,3.2868259637209185,3.0022374645000127,3.3957149790409313
BELFB,2023-01-10,train,True,True,D-1,34.0299987793,35.0800018311,33.9300003052,34.4199981689,35.1399993896,35.0,3.2618297094244797,1,-0.5163978686384074,0.39694982625955166,-4.774943890507377,3.0022374645000127,4.930233031317832,2.7946598872205852,3.0,0.0,0.8576276841251256,1.2411293351242358,4.930233031317832,0.39694982625955166
BELFB,2023-01-11,train,True,True,D-1,34.4900016785,35.1399993896,33.4300003052,34.3899993896,35.0,34.9900016785,1.478684536620123,0,0.39694982625955166,-4.774943890507377,3.0022374645000127,4.930233031317832,1.713942120817169,5.099231050076347,4.0,0.0,0.8249328254294122,1.9175005732462225,4.930233031317832,3.0022374645000127
BELFB,2023-01-12,train,True,True,D-1,34.5999984741,35.0,34.2099990845,34.6199989319,34.9900016785,37.4900016785,8.352610785700843,1,-4.774943890507377,3.0022374645000127,4.930233031317832,1.713942120817169,-0.08715508685618323,4.592452166812699,3.0,0.0,0.8041775417907955,2.1808665696772644,4.930233031317832,4.930233031317832
BELFB,2023-01-13,train,True,True,D-1,34.6199989319,34.9900016785,34.5099983215,34.9900016785,37.4900016785,36.8899993896,8.290013966336328,1,3.0022374645000127,4.930233031317832,1.713942120817169,-0.08715508685618323,0.6687977504575171,10.571700806334894,4.0,1.0,0.8531071741799452,1.5020233210373046,4.930233031317832,4.930233031317832
BELFB,2023-01-17,train,True,True,D-1,35.1399993896,37.4900016785,35.1399993896,36.2099990845,36.8899993896,35.6599998474,4.980079767781476,1,4.930233031317832,1.713942120817169,-0.08715508685618323,0.6687977504575171,1.0687543559080526,8.496129235658923,4.0,2.0,0.9496651898848069,0.4286873503986266,4.930233031317832,4.930233031317832
BELFB,2023-01-18,train,True,True,D-1,36.3300018311,36.8899993896,35.1699981689,35.3899993896,35.6599998474,36.5299987793,0.5505007930629802,0,1.713942120817169,-0.08715508685618323,0.6687977504575171,1.0687543559080526,3.4867029079042267,7.003542911384741,4.0,0.0,0.6847285317641147,3.5349423539420055,3.4867029079042267,1.713942120817169
BELFB,2023-01-19,train,True,True,D-1,35.0200004578,35.6599998474,34.2999992371,35.5499992371,36.5299987793,37.5800018311,7.310112335334962,1,-0.08715508685618323,0.6687977504575171,1.0687543559080526,3.4867029079042267,-2.264567013620844,2.818132691176145,3.0,1.0,0.48275823187884764,5.933886197006055,3.4867029079042267,1.0687543559080526
BELFB,2023-01-20,train,True,True,D-1,35.5499992371,36.5299987793,35.5499992371,36.5299987793,37.5800018311,37.5600013733,5.710274648561686,1,0.6687977504575171,1.0687543559080526,3.4867029079042267,-2.264567013620844,0.4521046913242399,3.3730731843246264,4.0,2.0,0.4085363087978108,5.457109656912196,3.4867029079042267,5.3094034439075894
BELFB,2023-01-23,train,True,True,D-1,36.3499984741,37.5800018311,36.25,37.4900016785,37.5600013733,37.2299995422,3.328756396130661,1,1.0687543559080526,3.4867029079042267,-2.264567013620844,0.4521046913242399,2.7566795027586632,5.517041901581532,4.0,3.0,0.6990588826074119,2.627985029509472,3.4867029079042267,3.4867029079042267
BELFB,2023-01-24,train,True,True,D-1,37.2099990845,37.5600013733,36.7700004578,37.2000007629,37.2299995422,37.5,0.7793628665279995,0,3.4867029079042267,-2.264567013620844,0.4521046913242399,2.7566795027586632,2.627985029509472,7.144898199693861,4.0,0.0,0.9725609507856388,0.24006441336494877,3.4867029079042267,3.4867029079042267
BELFB,2023-01-25,train,True,True,D-1,36.9700012207,37.2299995422,36.2000007629,37.2299995422,37.5,37.0,1.4335914573982977,0,-2.264567013620844,0.4521046913242399,2.7566795027586632,2.627985029509472,-0.773542018181117,2.7340560713346562,3.0,1.0,0.884146107416157,1.0215082269003029,2.7566795027586632,2.7566795027586632
BELFB,2023-01-26,train,True,True,D-1,37.4300003052,37.5,36.2299995422,37.0,37.0,36.9000015259,-1.148811920101045,0,0.4521046913242399,2.7566795027586632,2.627985029509472,-0.773542018181117,0.08064187818490609,5.199209336919952,4.0,2.0,0.8932920694818203,0.9401082277835426,2.7566795027586632,3.4502034415668903
BELFB,2023-01-27,train,True,True,D-1,36.9099998474,37.0,35.4799995422,36.2200012207,36.9000015259,40.4099998474,9.482525100163453,1,2.7566795027586632,2.627985029509472,-0.773542018181117,0.08064187818490609,-0.6177801370620295,4.078764540131896,3.0,3.0,0.7142851773616994,1.5675725164864929,2.7566795027586632,3.294315951141369
BELFB,2023-01-30,train,True,True,D-1,35.8199996948,36.9000015259,35.6100006104,36.7299995422,40.4099998474,39.6500015259,12.814070886958518,1,2.627985029509472,-0.773542018181117,0.08064187818490609,-0.6177801370620295,-2.1081048089189203,-0.8486109196797043,2.0,4.0,0.3523813675877562,3.7548331434697824,2.627985029509472,5.340846522712484
BELFB,2023-01-31,train,True,True,D-1,36.9700012207,40.4099998474,36.3100013733,39.4399986267,39.6500015259,40.1699981689,8.6556582162304,1,-0.773542018181117,0.08064187818490609,-0.6177801370620295,-2.1081048089189203,1.4080571626500449,-2.0272128628253783,2.0,4.0,0.600961009413604,2.2597382015929313,1.4080571626500449,0.8103728452119374
BELFB,2023-02-01,train,True,True,D-1,39.5800018311,39.6500015259,38.0800018311,39.2999992371,40.1699981689,39.6699981689,1.4906425227509956,0,0.08064187818490609,-0.6177801370620295,-2.1081048089189203,1.4080571626500449,7.378162587196391,6.021499510381689,3.0,0.0,0.8032452006794253,2.459435229400153,7.378162587196391,0.08064187818490609
BELFB,2023-02-02,train,True,True,D-1,39.0800018311,40.1699981689,38.75,38.7700004578,39.6699981689,39.5499992371,1.5097142020358945,0,-0.6177801370620295,-2.1081048089189203,1.4080571626500449,7.378162587196391,-0.35496803872915317,5.560031480939642,2.0,1.0,0.7748477603278836,2.8244290886706658,7.378162587196391,1.4080571626500449
BELFB,2023-02-03,train,True,True,D-1,38.3300018311,39.6699981689,36.5400009155,38.8199996948,39.5499992371,39.9000015259,4.096007356634512,1,-2.1081048089189203,1.4080571626500449,7.378162587196391,-0.35496803872915317,-1.3485974289782487,4.783785021081077,2.0,2.0,0.6673429435957272,4.230073175740845,7.378162587196391,9.076940965059787
BELFB,2023-02-06,train,True,True,D-1,38.8199996948,39.5499992371,38.3899993896,38.6399993896,39.9000015259,40.0800018311,3.245755142210305,1,1.4080571626500449,7.378162587196391,-0.35496803872915317,-1.3485974289782487,0.1289637255857734,7.17835004548284,3.0,3.0,0.6687499155533725,4.095827318651368,7.378162587196391,8.599535492076427
BELFB,2023-02-07,train,True,True,D-1,38.5900001526,39.9000015259,38.0099983215,39.6599998474,40.0800018311,42.0,8.836485705922591,1,7.378162587196391,-0.35496803872915317,-1.3485974289782487,0.1289637255857734,-0.46367930606685537,5.200108552153826,2.0,4.0,0.5682924105993633,4.580746598760044,7.378162587196391,7.713476145785347
BELFB,2023-02-08,train,True,True,D-1,39.5600013733,40.0800018311,39.0400009155,39.9500007629,42.0,40.5499992371,6.167842623854947,1,-0.35496803872915317,-1.3485974289782487,0.1289637255857734,-0.46367930606685537,2.6397527792780817,0.5578124451329547,2.0,3.0,0.8595044883236992,1.2859261811959621,2.6397527792780817,0.1289637255857734
BELFB,2023-02-09,train,True,True,D-1,40.0800018311,42.0,39.7099990845,40.0999984741,40.5499992371,40.1500015259,1.1726481649891207,0,-1.3485974289782487,0.1289637255857734,-0.46367930606685537,2.6397527792780817,0.7312176414922655,1.653947934905764,3.0,4.0,0.9393946081380788,0.5506818568181471,2.6397527792780817,0.1289637255857734
BELFB,2023-02-10,train,True,True,D-1,39.7200012207,40.5499992371,38.2000007629,39.4900016785,40.1500015259,39.2999992371,1.0825787814324306,0,0.1289637255857734,-0.46367930606685537,2.6397527792780817,0.7312176414922655,0.3754636003393985,3.4304823332351075,4.0,0.0,0.6520143141976377,4.738158599001419,2.6397527792780817,2.6397527792780817
BELFB,2023-02-13,train,True,True,D-1,39.5499992371,40.1500015259,38.0499992371,38.6199989319,39.2999992371,39.9700012207,1.0619519385628884,0,-0.46367930606685537,2.6397527792780817,0.7312176414922655,0.3754636003393985,-1.5211890743436984,1.725919600637571,3.0,1.0,0.3709280036083576,6.356034983069003,2.6397527792780817,3.7911897645488746
BELFB,2023-02-14,train,True,True,D-1,38.4300003052,39.2999992371,37.1699981689,38.6699981689,39.9700012207,39.9300003052,4.007288324927805,1,2.6397527792780817,0.7312176414922655,0.3754636003393985,-1.5211890743436984,-2.203096251256087,-0.05176101971001712,3.0,2.0,0.15288229418222288,8.75194500667924,2.6397527792780817,6.330524845406482
BELFB,2023-02-15,train,True,True,D-1,38.5400009155,39.9700012207,38.5400009155,39.5200004578,39.9300003052,39.5900001526,3.6066407801795597,1,0.7312176414922655,0.3754636003393985,-1.5211890743436984,-2.203096251256087,0.12946462553808935,-2.496222093568423,3.0,3.0,0.31055888847528357,8.61133175273363,0.7312176414922655,2.807701497522197
BELFB,2023-02-16,train,True,True,D-1,39.4599990845,39.9300003052,38.6399993896,39.5999984741,39.5900001526,39.9500007629,1.2417680936857245,0,0.3754636003393985,-1.5211890743436984,-2.203096251256087,0.12946462553808935,2.1980923950071674,-1.076346174940046,3.0,4.0,0.48654273250343766,6.275302412630723,2.1980923950071674,0.3754636003393985
BELFB,2023-02-17,train,True,True,D-1,39.4300003052,39.5900001526,38.1399993896,39.0,39.9500007629,38.8499984741,1.3187939479458288,0,-1.5211890743436984,-2.203096251256087,0.12946462553808935,2.1980923950071674,0.20242412796886988,-1.2468828404643029,3.0,4.0,0.7189347743295471,2.398991918197524,2.1980923950071674,0.12946462553808935
BELFB,2023-02-21,train,True,True,D-1,38.9399986267,39.9500007629,38.5600013733,38.6199989319,38.8499984741,40.0800018311,2.927589226000449,0,-2.203096251256087,0.12946462553808935,2.1980923950071674,0.20242412796886988,-1.5151477202516084,-1.2408246585787763,3.0,4.0,0.6140938824116896,2.9487218612820554,2.1980923950071674,3.513883011850061
BELFB,2023-02-22,train,True,True,D-1,38.3400001526,38.8499984741,37.6899986267,38.2799987793,40.0800018311,34.5900001526,4.538345517930331,1,0.12946462553808935,2.1980923950071674,0.20242412796886988,-1.5151477202516084,-0.9743617130769211,0.0,3.0,3.0,0.5178568509301651,3.4956041588206865,2.1980923950071674,4.672838809053015
BELFB,2023-02-23,train,True,True,D-1,39.5800018311,40.0800018311,32.75,33.8600006104,34.5900001526,34.8800010681,-11.874685562310837,0,2.1980923950071674,0.20242412796886988,-1.5151477202516084,-0.9743617130769211,-0.880373283281366,-1.0085322163621235,2.0,4.0,0.2587717023448261,4.414844554054342,2.1980923950071674,4.044249371161013
BELFB,2023-02-24,train,True,True,D-1,34.0099983215,34.5900001526,33.0,33.7299995422,34.8800010681,35.6699981689,4.88091716943897,1,0.20242412796886988,-1.5151477202516084,-0.9743617130769211,-0.880373283281366,-11.546495062299023,-14.321861796139979,1.0,0.0,0.1514325147492391,18.369761100327754,0.20242412796886988,12.527640215865377
BELFB,2023-02-27,train,True,True,D-1,33.5400009155,34.8800010681,33.3300018311,34.5600013733,35.6699981689,37.1899986267,10.882521203251393,1,-1.5151477202516084,-0.9743617130769211,-0.880373283281366,-11.546495062299023,-0.383936993078704,-14.823230197191084,0.0,1.0,0.13369703920700543,18.825977987208198,-0.383936993078704,11.886100789429555
BELFB,2023-02-28,train,True,True,D-1,34.9199981689,35.6699981689,34.5999984741,35.5200004578,37.1899986267,36.9599990845,6.500574389553315,1,-0.9743617130769211,-0.880373283281366,-11.546495062299023,-0.383936993078704,2.4607229242964435,-11.384611863333339,1.0,2.0,0.24693054858737648,15.972222912191736,2.4607229242964435,0.0
BELFB,2023-03-01,train,True,True,D-1,35.0600013733,37.1899986267,34.9500007629,36.7700004578,36.9599990845,37.2700004578,6.303476890856685,1,-0.880373283281366,-11.546495062299023,-0.383936993078704,2.4607229242964435,2.7777750183820116,-8.026925323240775,2.0,3.0,0.3778990130735497,12.837841538649663,2.7777750183820116,0.0
BELFB,2023-03-02,train,True,True,D-1,36.4000015259,36.9599990845,36.1599998474,36.9300003052,37.2700004578,37.8699989319,4.038454242794565,1,-11.546495062299023,-0.383936993078704,2.4607229242964435,2.7777750183820116,3.5191440987875966,-3.944614340783459,3.0,4.0,0.5484310305004014,9.001907348624606,3.5191440987875966,2.4607229242964435
BELFB,2023-03-03,train,True,True,D-1,36.9300003052,37.2700004578,36.4399986267,37.0400009155,37.8699989319,37.2000007629,2.5453523393760946,0,-0.383936993078704,2.4607229242964435,2.7777750183820116,3.5191440987875966,0.4351369197931332,9.066744357520928,4.0,1.0,0.9379478742920786,0.7040301092642975,3.5191440987875966,2.7777750183820116
BELFB,2023-03-06,train,True,True,D-1,37.1100006104,37.8699989319,36.5099983215,36.8400001526,37.2000007629,37.5,1.0509280064272097,0,2.4607229242964435,2.7777750183820116,3.5191440987875966,0.4351369197931332,0.29786246788769954,9.813226855099199,5.0,0.0,0.9416244613027597,0.6209490729352396,3.5191440987875966,3.5191440987875966
BELFB,2023-03-07,train,True,True,D-1,37.0999984741,37.2000007629,36.3899993896,36.7000007629,37.5,37.5,1.078171273185502,0,2.7777750183820116,3.5191440987875966,0.4351369197931332,0.29786246788769954,-0.5399588497750574,6.597218427952556,4.0,0.0,0.6850157079204306,2.7958707248466386,3.5191440987875966,3.762848815430464
BELFB,2023-03-08,train,True,True,D-1,36.5699996948,37.5,36.1300010681,37.4700012207,37.5,36.5900001526,2.5430689443845855,0,3.5191440987875966,0.4351369197931332,0.29786246788769954,-0.5399588497750574,-0.3800200573292334,3.322072888208183,3.0,1.0,0.5993154442967729,3.1880058438111814,3.5191440987875966,4.437071053961416
BELFB,2023-03-09,train,True,True,D-1,37.5,37.5,36.5099983215,36.6800003052,36.5900001526,33.8400001526,-2.4266662597333344,0,0.4351369197931332,0.29786246788769954,-0.5399588497750574,-0.3800200573292334,2.0980938468491583,1.9037279145627695,3.0,2.0,0.770115975702153,1.0675145400823371,2.0980938468491583,0.4351369197931332
BELFB,2023-03-10,train,True,True,D-1,36.5099983215,36.5900001526,33.8300018311,34.1100006104,33.8400001526,34.9599990845,-4.245410321170128,0,0.29786246788769954,-0.5399588497750574,-0.3800200573292334,2.0980938468491583,-2.1083557239479633,-0.67695639841302,2.0,3.0,0.316091903641104,3.2442710381638262,2.0980938468491583,0.35235962670034926
BELFB,2023-03-13,train,True,True,D-1,33.5800018311,33.8400001526,32.2999992371,32.4099998474,34.9599990845,33.5099983215,4.1095806377292154,1,-0.5399588497750574,-0.3800200573292334,2.0980938468491583,-2.1083557239479633,-7.0065421848855785,-7.910367798813677,1.0,4.0,0.06930667827572351,11.023155245425563,2.0980938468491583,11.065268922476845
BELFB,2023-03-14,train,True,True,D-1,33.2000007629,34.9599990845,33.0499992371,34.2799987793,33.5099983215,34.0999984741,2.7108364172260035,0,-0.3800200573292334,2.0980938468491583,-2.1083557239479633,-7.0065421848855785,-4.983877843970708,-12.024973634228797,1.0,3.0,0.0211539604157004,15.705029856729013,2.0980938468491583,13.739316372124465
BELFB,2023-03-15,train,True,True,D-1,33.5,33.5099983215,31.7199993134,32.5299987793,34.0999984741,33.6500015259,1.791040221194029,0,2.0980938468491583,-2.1083557239479633,-7.0065421848855785,-4.983877843970708,5.769820859934427,-6.594010717423126,2.0,4.0,0.38076908686755057,9.393236100826229,5.769820859934427,2.0980938468491583
BELFB,2023-03-16,train,True,True,D-1,31.9699993134,34.0999984741,31.7099990845,33.7900009155,33.6500015259,33.2299995422,5.254933526995242,1,-2.1083557239479633,-7.0065421848855785,-4.983877843970708,5.769820859934427,-5.105017684705226,-13.18388652379049,1.0,4.0,0.14013829925277613,15.278209059948033,5.769820859934427,0.0
BELFB,2023-03-17,train,True,True,D-1,33.4300003052,33.6500015259,32.4000015259,32.5200004578,33.2299995422,33.9599990845,1.5853986672490716,0,-7.0065421848855785,-4.983877843970708,5.769820859934427,-5.105017684705226,3.8733543912758517,-7.878951378553534,2.0,4.0,0.42622979011146783,8.286472806266175,5.769820859934427,7.199219580029725
BELFB,2023-03-20,train,True,True,D-1,33.0,33.2299995422,32.5200004578,32.7000007629,33.9599990845,33.8300018311,2.90908813484847,0,-4.983877843970708,5.769820859934427,-5.105017684705226,3.8733543912758517,-3.7585096871584622,-4.661389985772136,2.0,3.0,0.24923119178461578,7.503070702186165,5.769820859934427,5.800556555831104
BELFB,2023-03-21,train,True,True,D-1,33.3100013733,33.9599990845,32.9700012207,33.75,33.8300018311,33.3600006104,1.5610940749369417,0,5.769820859934427,-5.105017684705226,3.8733543912758517,-3.7585096871584622,0.5535064654552446,0.894788388970813,3.0,4.0,0.3046159010461527,6.9113096907450045,5.769820859934427,8.995627675760842
BELFB,2023-03-22,train,True,True,D-1,33.6699981689,33.8300018311,32.3300018311,32.5200004578,33.3600006104,33.9399986267,0.8019022051785951,0,-5.105017684705226,3.8733543912758517,-3.7585096871584622,0.5535064654552446,3.2110067663707387,-1.5460875092563886,3.0,3.0,0.8535570864063796,1.0370325158518545,3.8733543912758517,3.8733543912758517
BELFB,2023-03-23,train,True,True,D-1,32.8400001526,33.3600006104,32.0400009155,32.2799987793,33.9399986267,34.6300010681,5.450672677168922,1,3.8733543912758517,-3.7585096871584622,0.5535064654552446,3.2110067663707387,-3.6444430879999934,-0.030735695896677573,3.0,4.0,0.3389127950512016,4.858542417151246,3.8733543912758517,4.423814027057316
BELFB,2023-03-24,train,True,True,D-1,32.4500007629,33.9399986267,31.8099994659,33.7799987793,34.6300010681,35.1899986267,8.44375284863672,1,-3.7585096871584622,0.5535064654552446,3.2110067663707387,-3.6444430879999934,-0.7380125311235552,-4.468783945807287,2.0,2.0,0.12499900660061507,5.204462108831676,3.2110067663707387,7.5665659388151845
BELFB,2023-03-27,train,True,True,D-1,34.0,34.6300010681,33.4900016785,34.3199996948,35.1899986267,35.6800003052,4.941177368235294,1,0.5535064654552446,3.2110067663707387,-3.6444430879999934,-0.7380125311235552,4.646840324423729,3.8745335294046335,3.0,3.0,0.9162789129622236,0.5328606030332361,4.646840324423729,3.2110067663707387
BELFB,2023-03-28,train,True,True,D-1,34.2000007629,35.1899986267,33.6199989319,34.5699996948,35.6800003052,36.8899993896,7.865492885070635,1,3.2110067663707387,-3.6444430879999934,-0.7380125311235552,4.646840324423729,1.5985818088037007,4.95412505842503,3.0,0.0,0.8900704974571108,0.9032674127528173,4.646840324423729,3.2110067663707387
BELFB,2023-03-29,train,True,True,D-1,35.0400009155,35.6800003052,35.0400009155,35.5499992371,36.8899993896,37.5800018311,7.248860871109231,1,-3.6444430879999934,-0.7380125311235552,4.646840324423729,1.5985818088037007,0.7284382349160623,2.4296287253333437,3.0,0.0,0.8165683178000395,1.7934594659347436,4.646840324423729,4.646840324423729
BELFB,2023-03-30,train,True,True,D-1,36.0,36.8899993896,35.4399986267,36.2700004578,37.5800018311,37.7200012207,4.777781168611117,1,-0.7380125311235552,4.646840324423729,1.5985818088037007,0.7284382349160623,2.8348265864966526,9.317339288576942,4.0,0.0,0.9664080000242306,0.3656851501822933,4.646840324423729,4.646840324423729
BELFB,2023-03-31,train,True,True,D-1,36.3899993896,37.5800018311,35.8199996948,37.5800018311,37.7200012207,37.0699996948,3.6548553267634842,1,4.646840324423729,1.5985818088037007,0.7284382349160623,2.8348265864966526,2.02531993291466,12.360600462781445,5.0,0.0,0.8779529643479947,1.7093987426919588,4.646840324423729,4.646840324423729
BELFB,2023-04-03,train,True,True,D-1,37.3800010681,37.7200012207,36.9399986267,37.1199989319,37.0699996948,35.1199989319,-0.8293241424344178,0,1.5985818088037007,0.7284382349160623,2.8348265864966526,2.02531993291466,3.6118041267305223,11.249269357962778,5.0,0.0,1.0,0.0,3.6118041267305223,2.8348265864966526
BELFB,2023-04-04,train,True,True,D-1,37.0699996948,37.0699996948,34.6800003052,35.2299995422,35.1199989319,34.1100006104,-5.260320418005127,0,0.7284382349160623,2.8348265864966526,2.02531993291466,3.6118041267305223,-1.2240630036886135,8.158506008157795,4.0,0.0,0.8536580600359593,1.6163855228033652,3.6118041267305223,2.8348265864966526
BELFB,2023-04-05,train,True,True,D-1,35.0299987793,35.1199989319,33.8199996948,34.1300010681,34.1100006104,34.1199989319,-2.5977729920383053,0,2.8348265864966526,2.02531993291466,3.6118041267305223,-1.2240630036886135,-5.091593329965816,1.9091693758367834,3.0,1.0,0.18092074716021617,7.06784476541753,3.6118041267305223,9.865136150134557
BELFB,2023-04-06,train,True,True,D-1,34.1100006104,34.1100006104,32.7099990845,32.7799987793,34.1199989319,35.1699981689,3.1075858678724533,1,2.02531993291466,3.6118041267305223,-1.2240630036886135,-5.091593329965816,-3.1223346250185746,-3.994369056182967,2.0,2.0,0.0794875005153898,10.518605450485708,3.6118041267305223,11.666755500208259
BELFB,2023-04-10,train,True,True,D-1,32.3600006104,34.1199989319,32.3600006104,33.8699989319,35.1699981689,35.4199981689,9.456110941841466,1,3.6118041267305223,-1.2240630036886135,-5.091593329965816,-3.1223346250185746,-3.955470983157383,-9.622281870551951,1.0,3.0,0.013971989012582937,15.07017274362903,3.6118041267305223,10.56610669481679
BELFB,2023-04-11,train,True,True,D-1,34.2099990845,35.1699981689,34.0999984741,35.0499992371,35.4199981689,35.4300003052,3.566212374594202,1,-1.2240630036886135,-5.091593329965816,-3.1223346250185746,-3.955470983157383,3.3251988809966493,-9.872279719075793,1.0,4.0,0.281716072680724,11.366998553914698,3.3251988809966493,0.7617993790308253
BELFB,2023-04-12,train,True,True,D-1,35.3800010681,35.4199981689,34.7400016785,35.0200004578,35.4300003052,35.5600013733,0.5087628597114202,0,-5.091593329965816,-3.1223346250185746,-3.955470983157383,3.3251988809966493,3.483910075026997,-5.576507958951183,2.0,4.0,0.5711250848454626,5.763196866383535,3.483910075026997,0.0
BELFB,2023-04-13,train,True,True,D-1,35.2200012207,35.4300003052,34.7900009155,35.2099990845,35.5600013733,35.0,0.9653609903913507,0,-3.1223346250185746,-3.955470983157383,3.3251988809966493,3.483910075026997,-0.08558853053625137,-0.5960802927302056,2.0,0.0,0.8692816894611914,1.1421979036865038,3.483910075026997,3.3251988809966493
BELFB,2023-04-14,train,True,True,D-1,35.25,35.5600013733,32.9099998474,34.6599998474,35.0,34.6800003052,-0.7092198581560294,0,-3.955470983157383,3.3251988809966493,3.483910075026997,-0.08558853053625137,0.5425431873678832,3.164365609731634,3.0,0.0,0.9283383574686865,0.6248259767687614,3.483910075026997,3.483910075026997
BELFB,2023-04-17,train,True,True,D-1,34.6699981689,35.0,34.2099990845,34.3499984741,34.6800003052,33.5,0.028849543779241316,0,3.3251988809966493,3.483910075026997,-0.08558853053625137,0.5425431873678832,-1.5620541079255923,5.735207864886149,3.0,0.0,0.7187495902081067,2.596657616452669,3.483910075026997,4.51189581373026
BELFB,2023-04-18,train,True,True,D-1,34.6800003052,34.6800003052,33.4000015259,33.4700012207,33.5,33.2000007629,-3.4025383356846906,0,3.483910075026997,-0.08558853053625137,0.5425431873678832,-1.5620541079255923,-0.8944067359055619,1.4171820411482683,2.0,1.0,0.5433953952954584,3.522570459827956,3.483910075026997,5.926399801698379
BELFB,2023-04-19,train,True,True,D-1,33.4099998474,33.5,32.7299995422,33.0999984741,33.2000007629,33.1199989319,-0.6285515877257564,0,-0.08558853053625137,0.5425431873678832,-1.5620541079255923,-0.8944067359055619,-2.561855291095627,-4.507840373153549,1.0,2.0,0.21132115126228423,6.244398196518164,0.5425431873678832,3.9758918080813666
BELFB,2023-04-20,train,True,True,D-1,32.8300018311,33.2000007629,32.4700012207,32.8300018311,33.1199989319,33.1699981689,1.0356269230479276,0,0.5425431873678832,-1.5620541079255923,-0.8944067359055619,-2.561855291095627,-1.1054757487465094,-5.48258697487356,1.0,3.0,0.13074158745550496,7.432033270711158,0.5425431873678832,4.181553538248983
BELFB,2023-04-21,train,True,True,D-1,33.1199989319,33.1199989319,32.2799987793,32.7599983215,33.1699981689,32.6399993896,0.15096388469941768,0,-1.5620541079255923,-0.8944067359055619,-2.561855291095627,-1.1054757487465094,-0.8156998653980785,-6.759435715088424,0.0,4.0,0.11650504615577034,8.315563173724394,-0.8156998653980785,1.9121582499500578
BELFB,2023-04-24,train,True,True,D-1,32.5,33.1699981689,31.8500003815,33.0,32.6399993896,30.9599990845,0.4307673526153799,0,-0.8944067359055619,-2.561855291095627,-1.1054757487465094,-0.8156998653980785,-0.2132302945340836,-5.481827854198706,0.0,4.0,0.17647034072891668,6.837612311566921,-0.2132302945340836,1.02719084070666
BELFB,2023-04-25,train,True,True,D-1,32.6399993896,32.6399993896,31.0799999237,31.2999992371,30.9599990845,37.9399986267,16.23774306438477,1,-2.561855291095627,-1.1054757487465094,-0.8156998653980785,-0.2132302945340836,0.7326058937630942,-3.9301267367388704,1.0,4.0,0.4063603001785487,5.090910015757566,0.7326058937630942,0.0
BELFB,2023-04-26,train,True,True,D-1,30.9599990845,30.9599990845,30.1100006104,30.6299991608,37.9399986267,41.1800003052,33.010340836271524,1,-1.1054757487465094,-0.8156998653980785,-0.2132302945340836,0.7326058937630942,-5.151517463333333,-6.483423676297717,1.0,4.0,0.0909088043238253,7.028756602307928,0.7326058937630942,4.456651890124852
BELFB,2023-04-27,train,True,True,D-1,37.7999992371,37.9399986267,35.7799987793,37.1100006104,41.1800003052,42.7200012207,13.015878526185531,1,-0.8156998653980785,-0.2132302945340836,0.7326058937630942,-5.151517463333333,-2.140575375816134,-7.462233918931194,1.0,4.0,0.16828431221250595,8.390472322927977,0.7326058937630942,7.914426618611581
BELFB,2023-04-28,train,True,True,D-1,37.8800010681,41.1800003052,37.3899993896,40.6300010681,42.7200012207,44.4099998474,17.23864465463052,1,-0.2132302945340836,0.7326058937630942,-5.151517463333333,-2.140575375816134,21.155734989026854,13.036852088279627,2.0,0.0,0.8939976722124112,2.2365885277495723,21.155734989026854,0.7326058937630942
BELFB,2023-05-01,train,True,True,D-1,40.3800010681,42.7200012207,40.3800010681,42.5499992371,44.4099998474,44.7999992371,10.946008053704048,1,0.7326058937630942,-5.151517463333333,-2.140575375816134,21.155734989026854,9.485315008896889,24.023208638063352,3.0,0.0,0.9503162373745726,1.353677633869954,21.155734989026854,0.7326058937630942
BELFB,2023-05-02,train,True,True,D-1,42.5499992371,44.4099998474,42.2400016785,43.5800018311,44.7999992371,43.0600013733,5.287896687053739,1,-5.151517463333333,-2.140575375816134,21.155734989026854,9.485315008896889,4.72556760651297,28.939391627575773,3.0,0.0,0.9865184793519252,0.3995346337204442,21.155734989026854,21.155734989026854
BELFB,2023-05-03,train,True,True,D-1,43.9300003052,44.7999992371,42.8300018311,42.9500007629,43.0600013733,43.9900016785,0.1365840493584125,0,-2.140575375816134,21.155734989026854,9.485315008896889,4.72556760651297,2.4206876908752673,39.233236080863755,4.0,0.0,0.9419581775814047,1.9045387366360522,21.155734989026854,21.155734989026854
BELFB,2023-05-04,train,True,True,D-1,42.6599998474,43.0600013733,40.9900016785,41.8100013733,43.9900016785,43.5,3.117678940125601,1,21.155734989026854,9.485315008896889,4.72556760651297,2.4206876908752673,-1.445619646005647,40.22201090317699,4.0,0.0,0.7949004012965177,4.307330480417648,21.155734989026854,21.155734989026854
BELFB,2023-05-05,train,True,True,D-1,42.5200004578,43.9900016785,42.1899986267,43.2200012207,43.5,44.2000007629,3.9510825188427523,1,9.485315008896889,4.72556760651297,2.4206876908752673,-1.445619646005647,-2.6542476585581953,12.665051699252272,3.0,1.0,0.5964915080519501,7.1513938425972645,9.485315008896889,13.546811987854968
BELFB,2023-05-08,train,True,True,D-1,43.4099998474,43.5,42.4099998474,43.0,44.2000007629,45.25,4.238655054292062,1,4.72556760651297,2.4206876908752673,-1.445619646005647,-2.6542476585581953,3.3723984718652344,6.374600257230845,3.0,2.0,0.6425342373484582,3.6557102539906294,4.72556760651297,4.72556760651297
BELFB,2023-05-09,train,True,True,D-1,42.8300018311,44.2000007629,42.4199981689,44.0999984741,45.25,45.3499984741,5.883718270518878,1,2.4206876908752673,-1.445619646005647,-2.6542476585581953,3.3723984718652344,-0.5090264101950792,1.0575811303602523,2.0,3.0,0.527558952620059,4.186044737441863,3.3723984718652344,2.4206876908752673
BELFB,2023-05-10,train,True,True,D-1,44.4199981689,45.25,43.2099990845,45.25,45.3499984741,46.4300003052,4.524993739660421,1,-1.445619646005647,-2.6542476585581953,3.3723984718652344,-0.5090264101950792,2.5581359862790753,1.1932001403196724,2.0,4.0,0.816272647886624,1.5873033723824648,3.3723984718652344,3.3723984718652344
BELFB,2023-05-11,train,True,True,D-1,44.9300003052,45.3499984741,44.0200004578,44.4799995422,46.4300003052,44.8199996948,3.3385265742506443,1,-2.6542476585581953,3.3723984718652344,-0.5090264101950792,2.5581359862790753,2.607713300886849,5.355062156568646,3.0,0.0,1.0,0.0,3.3723984718652344,3.3723984718652344
BELFB,2023-05-12,train,True,True,D-1,44.5,46.4300003052,44.0299987793,44.7000007629,44.8199996948,44.8199996948,0.7191004377528065,0,3.3723984718652344,-0.5090264101950792,2.5581359862790753,2.607713300886849,-1.701658470276246,6.386027460417809,3.0,0.0,0.7246838690147966,1.9559328706255874,3.3723984718652344,3.3723984718652344
BELFB,2023-05-15,train,True,True,D-1,44.8199996948,44.8199996948,42.9500007629,44.2700004578,44.8199996948,46.2599983215,3.2128483634663363,1,-0.5090264101950792,2.5581359862790753,2.607713300886849,-1.701658470276246,0.4946070660168944,3.424339427114953,3.0,0.0,0.5696519041575513,3.8702449950199114,2.607713300886849,3.823181228179673
BELFB,2023-05-16,train,True,True,D-1,43.9700012207,44.8199996948,43.8100013733,44.4300003052,46.2599983215,46.6100006104,6.004092145572093,1,2.5581359862790753,2.607713300886849,-1.701658470276246,0.4946070660168944,-0.9619693462217693,2.9534894367441833,3.0,1.0,0.4613469584350363,4.879150271206778,2.607713300886849,3.079833549451061
BELFB,2023-05-17,train,True,True,D-1,44.9700012207,46.2599983215,44.9500007629,46.2400016785,46.6100006104,46.2000007629,3.646874238787201,1,2.607713300886849,-1.701658470276246,0.4946070660168944,-0.9619693462217693,0.36141821943849184,0.748303497774061,3.0,2.0,0.4252872807339047,4.501462944545431,2.607713300886849,3.211741160152781
BELFB,2023-05-18,train,True,True,D-1,46.2400016785,46.6100006104,45.4500007629,45.5,46.2000007629,48.1899986267,4.217121274687763,1,-1.701658470276246,0.4946070660168944,-0.9619693462217693,0.36141821943849184,4.073827055743151,2.1878490132596795,3.0,3.0,0.9454026862962108,0.41089666912434986,4.073827055743151,0.4946070660168944
BELFB,2023-05-19,train,True,True,D-1,45.9599990845,46.2000007629,45.3199996948,45.7400016785,48.1899986267,48.6300010681,5.809403909454081,1,0.4946070660168944,-0.9619693462217693,0.36141821943849184,4.073827055743151,-1.6003495926430245,2.2931665204543927,3.0,0.0,0.6967211320628343,2.439561781098898,4.073827055743151,0.4946070660168944
BELFB,2023-05-22,train,True,True,D-1,45.9000015259,48.1899986267,45.9000015259,48.0800018311,48.6300010681,47.5,5.947711223189267,1,-0.9619693462217693,0.36141821943849184,4.073827055743151,-1.6003495926430245,0.5274762164835245,2.3266239325507643,3.0,1.0,0.7622953638934546,1.9020526890556333,4.073827055743151,5.155141895384441
BELFB,2023-05-23,train,True,True,D-1,47.8400001526,48.6300010681,47.0099983215,47.3400001526,47.5,48.2200012207,0.7943166113876909,0,0.36141821943849184,4.073827055743151,-1.6003495926430245,0.5274762164835245,5.115872467708971,8.6062826607193,4.0,0.0,0.9748865605989551,0.22877868429875825,5.115872467708971,4.073827055743151
BELFB,2023-05-24,train,True,True,D-1,47.1100006104,47.5,45.9799995422,46.5200004578,48.2200012207,49.7799987793,5.667582539386706,1,4.073827055743151,-1.6003495926430245,0.5274762164835245,5.115872467708971,-1.539104929944779,6.54962824085199,3.0,0.0,0.6494563020342217,2.7249702394205766,5.115872467708971,4.073827055743151
BELFB,2023-05-25,train,True,True,D-1,46.8800010681,48.2200012207,46.2900009155,47.9599990845,49.7799987793,51.9500007629,10.81484551895613,1,-1.6003495926430245,0.5274762164835245,5.115872467708971,-1.539104929944779,-1.732149751070422,0.6055336702770697,2.0,1.0,0.3625378444491776,4.535684844229659,5.115872467708971,8.360467546511419
BELFB,2023-05-26,train,True,True,D-1,48.1699981689,49.7799987793,47.9799995422,49.3499984741,51.9500007629,49.4900016785,7.8472134890810175,1,0.5274762164835245,5.115872467708971,-1.539104929944779,-1.732149751070422,3.0954398377667003,5.4065913945055,3.0,2.0,0.7975825662779029,1.397001660528674,5.115872467708971,5.115872467708971
BELFB,2023-05-30,train,True,True,D-1,50.0,51.9500007629,49.2299995422,49.3699989319,49.4900016785,50.5299987793,1.059997558600001,0,5.115872467708971,-1.539104929944779,-1.732149751070422,3.0954398377667003,2.8982473230472428,7.892428209719271,3.0,0.0,0.889175100620703,0.8713278996871354,5.115872467708971,5.115872467708971
BELFB,2023-05-31,train,True,True,D-1,49.3499984741,49.4900016785,47.9799995422,49.1899986267,50.5299987793,52.6899986267,6.7679843077460555,1,-1.539104929944779,-1.732149751070422,3.0954398377667003,2.8982473230472428,0.040527777950183363,2.683022154058201,3.0,0.0,0.5678389776447174,5.225849477045363,3.0954398377667003,3.0954398377667003
BELFB,2023-06-01,train,True,True,D-1,49.3699989319,50.5299987793,49.0,50.3699989319,52.6899986267,54.3499984741,10.087096718534095,1,-1.732149751070422,3.0954398377667003,2.8982473230472428,0.040527777950183363,-0.36459450900188095,3.9078970598575236,3.0,1.0,0.5376881789186007,5.610901023082948,3.0954398377667003,3.4196543308714245
BELFB,2023-06-02,train,True,True,D-1,51.0,52.6899986267,50.5299987793,52.5999984741,54.3499984741,55.3899993896,8.607841940392147,1,3.0954398377667003,2.8982473230472428,0.040527777950183363,-0.36459450900188095,2.3988622446504904,8.276006956604554,4.0,2.0,0.7208477255126086,3.1367914721144974,3.0954398377667003,3.0954398377667003
BELFB,2023-06-05,train,True,True,D-1,52.4099998474,54.3499984741,51.25,51.8100013733,55.3899993896,57.4500007629,9.616487178352905,1,2.8982473230472428,0.040527777950183363,-0.36459450900188095,2.3988622446504904,4.427237620582347,9.674727852735888,4.0,0.0,0.9808916836319175,0.17110295667464026,4.427237620582347,2.8982473230472428
BELFB,2023-06-06,train,True,True,D-1,51.6199989319,55.3899993896,51.6199989319,55.3899993896,57.4500007629,57.6599998474,11.700893143117487,1,0.040527777950183363,-0.36459450900188095,2.3988622446504904,4.427237620582347,-1.501895672466591,4.984808460513057,3.0,0.0,0.6012562752436148,4.902522743627991,4.427237620582347,2.3988622446504904
BELFB,2023-06-07,train,True,True,D-1,55.9199981689,57.4500007629,55.1699981689,56.3600006104,57.6599998474,58.1300010681,3.95207970594873,1,-0.36459450900188095,2.3988622446504904,4.427237620582347,-1.501895672466591,6.909858948864911,12.193641053150262,3.0,0.0,1.0,0.0,6.909858948864911,4.427237620582347
BELFB,2023-06-08,train,True,True,D-1,57.1399993896,57.6599998474,56.2700004578,56.9099998474,58.1300010681,58.3100013733,2.0476058736412117,0,2.3988622446504904,4.427237620582347,-1.501895672466591,6.909858948864911,1.7512208548283947,14.57613780010998,4.0,0.0,0.8710059107585318,1.9339959912968219,6.909858948864911,4.427237620582347
BELFB,2023-06-09,train,True,True,D-1,57.2400016785,58.1300010681,55.7200012207,56.4300003052,58.3100013733,59.3199996948,3.633818929605792,1,4.427237620582347,-1.501895672466591,6.909858948864911,1.7512208548283947,0.9758680465637104,12.98392109227966,4.0,0.0,0.8948106749442802,1.3178703250941393,6.909858948864911,6.909858948864911
BELFB,2023-06-12,train,True,True,D-1,56.8199996948,58.3100013733,56.7799987793,57.7999992371,59.3199996948,59.6100006104,4.910244510007145,1,-1.501895672466591,6.909858948864911,1.7512208548283947,0.9758680465637104,-0.8434362036322085,7.28137251370049,3.0,0.0,0.7529069042180424,3.012583295597371,6.909858948864911,6.909858948864911
BELFB,2023-06-13,train,True,True,D-1,58.25,59.3199996948,57.3400001526,57.9500007629,59.6100006104,59.7799987793,2.6266073464377815,0,6.909858948864911,1.7512208548283947,0.9758680465637104,-0.8434362036322085,2.4277847323948443,11.561470189203504,4.0,0.0,0.9237665246511828,0.8823566486704015,6.909858948864911,6.909858948864911
BELFB,2023-06-14,train,True,True,D-1,58.1800003052,59.6100006104,57.0800018311,57.6399993896,59.7799987793,59.9500007629,3.042283342067642,1,1.7512208548283947,0.9758680465637104,-0.8434362036322085,2.4277847323948443,0.25951821415199916,4.621775413452456,4.0,0.0,0.6698798968265686,2.364105114519832,2.4277847323948443,1.7512208548283947
BELFB,2023-06-15,train,True,True,D-1,57.4599990845,59.7799987793,57.25,59.5,59.9500007629,60.3899993896,5.099200055313569,1,0.9758680465637104,-0.8434362036322085,2.4277847323948443,0.25951821415199916,-0.5349462799290605,2.2711120747642477,3.0,0.0,0.4935728714980781,3.417767594833543,2.4277847323948443,2.70460108120425
BELFB,2023-06-16,train,True,True,D-1,59.4700012207,59.9500007629,57.7099990845,58.3199996948,60.3899993896,60.1100006104,1.5469953758463495,0,-0.8434362036322085,2.4277847323948443,0.25951821415199916,-0.5349462799290605,3.226926839169253,4.551045790801078,3.0,0.0,0.931034741952763,0.4705861836974856,3.226926839169253,2.4277847323948443
BELFB,2023-06-20,train,True,True,D-1,58.4900016785,60.3899993896,58.0600013733,59.5600013733,60.1100006104,60.0400009155,2.7697023173372415,0,2.4277847323948443,0.25951821415199916,-0.5349462799290605,3.226926839169253,-1.9831937902520913,3.349281196842102,3.0,0.0,0.485804401217159,2.7949264002573804,3.226926839169253,2.4277847323948443
BELFB,2023-06-21,train,True,True,D-1,59.3100013733,60.1100006104,59.2200012207,59.5600013733,60.0400009155,57.9000015259,1.2308203090493075,0,0.25951821415199916,-0.5349462799290605,3.226926839169253,-1.9831937902520913,2.1262031635616685,3.0449864350003297,3.0,0.0,0.7492451273359443,1.3935493572236224,3.226926839169253,3.226926839169253
BELFB,2023-06-22,train,True,True,D-1,59.4099998474,60.0400009155,58.5999984741,58.6199989319,57.9000015259,56.8699989319,-2.5416568345035695,0,-0.5349462799290605,3.226926839169253,-1.9831937902520913,2.1262031635616685,0.0,2.778258134951983,2.0,1.0,0.7492451273359443,1.3935493572236224,3.226926839169253,3.226926839169253
BELFB,2023-06-23,train,True,True,D-1,57.1899986267,57.9000015259,54.9500007629,55.4799995422,56.8699989319,55.8199996948,-0.5595378606122359,0,3.226926839169253,-1.9831937902520913,2.1262031635616685,0.0,-1.57824449248819,1.7002074126961642,2.0,2.0,0.43630547714040224,3.019448123423274,3.226926839169253,4.8051713316574425
BELFB,2023-06-26,train,True,True,D-1,55.1500015259,56.8699989319,52.2900009155,54.4099998474,55.8199996948,56.3199996948,2.12148347511929,0,-1.9831937902520913,2.1262031635616685,0.0,-1.57824449248819,-5.35653266276549,-6.756303290420174,1.0,3.0,0.09742627078961374,8.850035846999749,2.1262031635616685,8.976441137076918
BELFB,2023-06-27,train,True,True,D-1,54.1500015259,55.8199996948,54.1100006104,55.2200012207,56.3199996948,58.5099983215,8.051702073387034,1,2.1262031635616685,0.0,-1.57824449248819,-5.35653266276549,-1.9286223929870783,-6.704389348185524,1.0,4.0,0.2617283125026213,10.990625912464047,2.1262031635616685,9.308050930892463
BELFB,2023-06-28,train,True,True,D-1,55.4000015259,56.3199996948,54.5800018311,56.0900001526,58.5099983215,59.2299995422,6.913353629619379,1,0.0,-1.57824449248819,-5.35653266276549,-1.9286223929870783,1.4886994588710678,-7.286769732254516,1.0,4.0,0.3746803605517871,8.855485841363798,1.4886994588710678,0.4686343252440661
BELFB,2023-06-29,train,True,True,D-1,56.3400001526,58.5099983215,56.2799987793,57.9599990845,59.2299995422,59.2799987793,5.218314907236166,1,-1.57824449248819,-5.35653266276549,-1.9286223929870783,1.4886994588710678,1.5755141482573398,-5.826059672079786,2.0,4.0,0.49032248220645114,7.0422548621029035,1.5755141482573398,0.0
BELFB,2023-06-30,train,True,True,D-1,58.9500007629,59.2299995422,57.2700004578,57.4099998474,59.2799987793,59.0,0.5597930655290018,0,-5.35653266276549,-1.9286223929870783,1.4886994588710678,1.5755141482573398,3.3339257029995073,-1.1258953589656895,3.0,0.0,0.9115756484931239,0.9489289953199531,3.3339257029995073,1.4886994588710678
BELFB,2023-07-03,train,True,True,D-1,58.0499992371,59.2799987793,57.6300010681,58.75,59.0,55.75,1.6365215768906483,0,-1.9286223929870783,1.4886994588710678,1.5755141482573398,3.3339257029995073,-0.9489289954924818,3.4787316530743295,3.0,0.0,0.7377521534661433,3.1701788880642567,3.3339257029995073,1.5755141482573398
BELFB,2023-07-05,train,True,True,D-1,59.0,59.0,55.5600013733,55.9199981689,55.75,56.3300018311,-4.52542062525424,0,1.4886994588710678,1.5755141482573398,3.3339257029995073,-0.9489289954924818,2.3340884099665837,7.976475215534085,4.0,0.0,0.8974856930340525,0.9021255817872387,3.3339257029995073,3.3339257029995073
BELFB,2023-07-06,train,True,True,D-1,55.0,55.75,53.5499992371,53.7200012207,56.3300018311,56.9399986267,3.5272702303636327,1,1.5755141482573398,3.3339257029995073,-0.9489289954924818,2.3340884099665837,-4.817024393361702,1.2676510914990669,3.0,1.0,0.2851057889118826,6.008584979297571,3.3339257029995073,5.9292952944653425
BELFB,2023-07-07,train,True,True,D-1,53.8699989319,56.3300018311,53.6300010681,55.5400009155,56.9399986267,57.0,5.810286115017016,1,3.3339257029995073,-0.9489289954924818,2.3340884099665837,-4.817024393361702,-3.9341863738177607,-4.225350196919441,2.0,2.0,0.029668760415768564,10.349957990055959,3.3339257029995073,11.895625752871851
BELFB,2023-07-10,train,True,True,D-1,55.5400009155,56.9399986267,54.6399993896,56.8800010681,57.0,56.9000015259,2.6287343544003194,0,-0.9489289954924818,2.3340884099665837,-4.817024393361702,-3.9341863738177607,3.3879368083459704,-4.175290212603134,2.0,3.0,0.3472952595797154,6.733881530700958,3.3879368083459704,3.0136257237058706
BELFB,2023-07-11,train,True,True,D-1,57.0,57.0,55.0099983215,55.4799995422,56.9000015259,58.2400016785,2.1754415412280625,0,2.3340884099665837,-4.817024393361702,-3.9341863738177607,3.3879368083459704,2.412675784141083,-0.9231819904350735,3.0,4.0,0.5811521984383027,4.2194051795579,3.3879368083459704,2.3340884099665837
BELFB,2023-07-12,train,True,True,D-1,56.3800010681,56.9000015259,55.4900016785,55.6300010681,58.2400016785,59.7200012207,5.924086713949683,1,-4.817024393361702,-3.9341863738177607,3.3879368083459704,2.412675784141083,-2.4613247180214404,-5.5659582260425555,2.0,4.0,0.35412844677713834,6.3446295725409385,3.3879368083459704,3.49596952766712
BELFB,2023-07-13,train,True,True,D-1,55.9599990845,58.2400016785,55.9599990845,57.4300003052,59.7200012207,62.2299995422,11.204432738164005,1,-3.9341863738177607,3.3879368083459704,2.412675784141083,-2.4613247180214404,0.27037045266358195,-0.5185928295707298,3.0,1.0,0.6028989481299686,2.4626980147329114,3.3879368083459704,5.585545768485456
BELFB,2023-07-14,train,True,True,D-1,57.5299987793,59.7200012207,57.1100006104,57.9700012207,62.2299995422,62.2099990845,8.169652116507798,1,3.3879368083459704,2.412675784141083,-2.4613247180214404,0.27037045266358195,3.2356627764513535,6.906178332457702,4.0,0.0,0.8242947362148566,1.4104150600651622,3.3879368083459704,3.3879368083459704
BELFB,2023-07-17,train,True,True,D-1,58.0,62.2299995422,57.9399986267,61.0299987793,62.2099990845,63.1800003052,8.931035008965505,1,2.412675784141083,-2.4613247180214404,0.27037045266358195,3.2356627764513535,0.9402767066520656,4.375225540411964,4.0,0.0,0.6555119351952943,3.018802765481232,3.2356627764513535,2.412675784141083
BELFB,2023-07-18,train,True,True,D-1,61.0,62.2099990845,60.1399993896,62.0900001526,63.1800003052,59.4099998474,3.5737709921311422,1,-2.4613247180214404,0.27037045266358195,3.2356627764513535,0.9402767066520656,5.278588052724298,7.296057723753169,4.0,0.0,0.8337949362862223,1.9662473978403705,5.278588052724298,3.2356627764513535
BELFB,2023-07-19,train,True,True,D-1,62.5999984741,63.1800003052,58.6599998474,59.5699996948,59.4099998474,59.6699981689,-4.680511783737906,0,0.27037045266358195,3.2356627764513535,0.9402767066520656,5.278588052724298,1.7368530140943195,11.914204515038262,5.0,1.0,0.9792285706270023,0.2254781595360189,5.278588052724298,3.2356627764513535
BELFB,2023-07-20,train,True,True,D-1,59.2799987793,59.4099998474,58.1300010681,59.1599998474,59.6699981689,59.4199981689,0.6578937206999091,0,3.2356627764513535,0.9402767066520656,5.278588052724298,1.7368530140943195,-4.0586253045684195,7.082506832737279,4.0,0.0,0.49999999999307565,6.060098420170235,5.278588052724298,7.670852699131592
BELFB,2023-07-21,train,True,True,D-1,59.6699981689,59.6699981689,57.9000015259,57.9700012207,59.4199981689,60.7000007629,1.726164949904141,0,0.9402767066520656,5.278588052724298,1.7368530140943195,-4.0586253045684195,-0.6882656530142528,3.0123620633924375,3.0,1.0,0.33772641516871577,6.795132637203127,5.278588052724298,9.997544886351083
BELFB,2023-07-24,train,True,True,D-1,58.0,59.4199981689,57.9000015259,59.2299995422,60.7000007629,60.1500015259,4.655173729137929,1,5.278588052724298,1.7368530140943195,-4.0586253045684195,-0.6882656530142528,-2.0114919367301254,0.0,2.0,2.0,0.013257521019593245,8.987405511110481,5.278588052724298,7.964501234355003
BELFB,2023-07-25,train,True,True,D-1,59.3400001526,60.7000007629,58.75,59.2999992371,60.1500015259,58.75,1.3650174776154156,0,1.7368530140943195,-4.0586253045684195,-0.6882656530142528,-2.0114919367301254,2.1735350956833877,-2.949367971658101,2.0,3.0,0.25189362192926923,6.668919117896865,2.1735350956833877,1.7368530140943195
BELFB,2023-07-26,train,True,True,D-1,59.0,60.1500015259,58.4300003052,58.9399986267,58.75,60.2999992371,2.203388537457629,0,-4.0586253045684195,-0.6882656530142528,-2.0114919367301254,2.1735350956833877,0.11818283883344716,-4.493478673929696,2.0,4.0,0.26515114296780357,6.543003571697414,2.1735350956833877,0.0
BELFB,2023-07-27,train,True,True,D-1,57.0,58.75,53.7200012207,57.1500015259,60.2999992371,57.7599983215,5.7894723457894814,1,-0.6882656530142528,-2.0114919367301254,2.1735350956833877,0.11818283883344716,-0.6070836678439107,-1.0575811168838989,2.0,1.0,0.37142763721403216,2.9860912405971884,2.1735350956833877,2.6631533934066143
BELFB,2023-07-28,train,True,True,D-1,58.2900009155,60.2999992371,57.4399986267,57.5400009155,57.7599983215,54.7000007629,-0.9092513049850814,0,-2.0114919367301254,2.1735350956833877,0.11818283883344716,-0.6070836678439107,-3.036981918063919,-3.3975630944636293,2.0,2.0,0.4914040874161599,6.211722033622613,2.1735350956833877,5.799163660371287
BELFB,2023-07-31,train,True,True,D-1,57.5400009155,57.7599983215,52.9300003052,53.6500015259,54.7000007629,52.7999992371,-4.935697093176394,0,2.1735350956833877,0.11818283883344716,-0.6070836678439107,-3.036981918063919,0.6824136118758428,-0.7417634917117333,3.0,3.0,0.5472779291323554,5.491831416618487,2.1735350956833877,4.548828179870523
BELFB,2023-08-01,train,True,True,D-1,53.4300003052,54.7000007629,52.5699996948,53.0800018311,52.7999992371,51.5299987793,-1.1791148502738769,0,0.11818283883344716,-0.6070836678439107,-3.036981918063919,0.6824136118758428,-6.7605132563564485,-9.42089829381879,2.0,4.0,0.092664244309856,13.140725137904319,0.6824136118758428,6.242417146008095
BELFB,2023-08-02,train,True,True,D-1,52.4099998474,52.7999992371,50.6800003052,51.0,51.5299987793,51.1800003052,-1.679070922843473,0,-0.6070836678439107,-3.036981918063919,0.6824136118758428,-6.7605132563564485,-1.062441153006921,-10.489034546409526,1.0,2.0,0.0659769943722724,13.602104666412718,0.6824136118758428,8.43354154624919
BELFB,2023-08-03,train,True,True,D-1,51.0,51.5299987793,49.4500007629,49.7700004578,51.1800003052,50.9300003052,0.3529417749019492,0,-3.036981918063919,0.6824136118758428,-6.7605132563564485,-1.062441153006921,-3.9186167282332485,-13.471324756874292,1.0,3.0,0.03326400523173464,18.23529262176471,0.6824136118758428,5.6218384963666495
BELFB,2023-08-04,train,True,True,D-1,49.6399993896,51.1800003052,49.5,50.2400016785,50.9300003052,49.7599983215,2.598712593598984,0,0.6824136118758428,-6.7605132563564485,-1.062441153006921,-3.9186167282332485,-2.41176380823529,-12.913387350926719,1.0,4.0,0.029493063585301516,21.15732104167527,0.6824136118758428,6.918286368309401
BELFB,2023-08-07,train,True,True,D-1,50.3800010681,50.9300003052,49.2099990845,49.9799995422,49.7599983215,50.1300010681,-0.496228651647046,0,-6.7605132563564485,-1.062441153006921,-3.9186167282332485,-2.41176380823529,0.9443464263146018,-12.68682502754973,1.0,4.0,0.09506632342899225,14.968145684235012,0.9443464263146018,1.490192787254896
BELFB,2023-08-08,train,True,True,D-1,49.2200012207,49.7599983215,48.5200004578,49.5900001526,50.1300010681,50.0299987793,1.8488415782835999,0,-1.062441153006921,-3.9186167282332485,-2.41176380823529,0.9443464263146018,-0.5175201584662115,-6.840637240109448,1.0,4.0,0.14025504959852916,9.443780039883197,0.9443464263146018,0.0
BELFB,2023-08-09,train,True,True,D-1,49.6500015259,50.1300010681,48.4099998474,49.6500015259,50.0299987793,50.0800018311,0.8660630251454915,0,-3.9186167282332485,-2.41176380823529,0.9443464263146018,-0.5175201584662115,-0.7803109107088146,-6.574984095903291,1.0,4.0,0.24999999999415795,6.473077383791259,0.9443464263146018,2.238139229227998
BELFB,2023-08-10,train,True,True,D-1,50.0299987793,50.0299987793,48.2299995422,48.8100013733,50.0800018311,50.2299995422,0.3997616785526459,0,-2.41176380823529,0.9443464263146018,-0.5175201584662115,-0.7803109107088146,0.12099490444719141,-2.6470558315686232,2.0,4.0,0.39743657147500083,3.7864998904769243,0.9443464263146018,1.6046065690170197
BELFB,2023-08-11,train,True,True,D-1,48.7299995422,50.0800018311,48.7299995422,49.6199989319,50.2299995422,49.7299995422,3.0781859513481225,1,0.9443464263146018,-0.5175201584662115,-0.7803109107088146,0.12099490444719141,-1.691843155657946,-1.9288709577448993,2.0,4.0,0.19661073935118814,4.855560059861896,0.9443464263146018,2.517241721534935
BELFB,2023-08-14,train,True,True,D-1,49.5,50.2299995422,49.2900009155,49.6599998474,49.7299995422,49.7900009155,0.5858604353535357,0,-0.5175201584662115,-0.7803109107088146,0.12099490444719141,-1.691843155657946,1.6594909563823368,-1.2340818588494007,2.0,4.0,0.5148144432950305,2.6400673145879905,1.6594909563823368,0.18142308788713368
BELFB,2023-08-15,train,True,True,D-1,49.5099983215,49.7299995422,48.2299995422,48.9900016785,49.7900009155,49.3600006104,0.5655475732028181,0,-0.7803109107088146,0.12099490444719141,-1.691843155657946,1.6594909563823368,0.08061450294447603,-0.6402554976612351,3.0,0.0,0.7150001526000018,1.1478044634545936,1.6594909563823368,0.12099490444719141
BELFB,2023-08-16,train,True,True,D-1,49.0,49.7900009155,48.5099983215,48.7000007629,49.3600006104,48.9500007629,0.7346951232653165,0,0.12099490444719141,-1.691843155657946,1.6594909563823368,0.08061450294447603,-1.349170702696001,-1.209918274357058,3.0,1.0,0.38000106815000123,2.531124354388803,1.6594909563823368,2.9291347833897197
BELFB,2023-08-17,train,True,True,D-1,49.0299987793,49.3600006104,47.8199996948,48.0900001526,48.9500007629,48.6899986267,-0.16316136730922803,0,-1.691843155657946,1.6594909563823368,0.08061450294447603,-1.349170702696001,-0.5919593910266752,-1.9133952342467397,2.0,2.0,0.2350006103499993,3.1416812224478674,1.6594909563823368,3.5926345074294264
BELFB,2023-08-18,train,True,True,D-1,47.5299987793,48.9500007629,47.0,48.5800018311,48.6899986267,49.5299987793,4.207868822565652,1,1.6594909563823368,0.08061450294447603,-1.349170702696001,-0.5919593910266752,-1.2525679686738345,-1.4751100193450384,2.0,3.0,0.11203339207314982,4.449988319420495,1.6594909563823368,3.4966036223632813
BELFB,2023-08-21,train,True,True,D-1,47.8100013733,48.6899986267,47.4799995422,48.0600013733,49.5299987793,51.6899986267,8.11545103942799,1,0.08061450294447603,-1.349170702696001,-0.5919593910266752,-1.2525679686738345,1.0189263400813386,-2.095923263173227,2.0,4.0,0.48916472292247987,3.3964546087021708,1.0189263400813386,0.3270188764972093
BELFB,2023-08-22,train,True,True,D-1,48.4500007629,49.5299987793,48.2999992371,49.3300018311,51.6899986267,51.5900001526,6.687301987167338,1,-1.349170702696001,-0.5919593910266752,-1.2525679686738345,1.0189263400813386,-1.0704002433097992,-3.2219059182775567,1.0,3.0,0.37992868296605264,3.599666027394499,1.0189263400813386,0.06238049325183459
BELFB,2023-08-23,train,True,True,D-1,49.5299987793,51.6899986267,49.0099983215,51.0400009155,51.5900001526,50.7099990845,4.15909837284496,1,-0.5919593910266752,-1.2525679686738345,1.0189263400813386,-1.0704002433097992,2.642531047669827,0.6940194753028761,2.0,4.0,0.8351258303018995,0.932493548196045,2.642531047669827,1.0189263400813386
BELFB,2023-08-24,train,True,True,D-1,51.1399993896,51.5900001526,50.5,50.5,50.7099990845,51.25,0.2150970115622819,0,-1.2525679686738345,1.0189263400813386,-1.0704002433097992,2.642531047669827,3.4664484510964266,4.804928369493244,3.0,0.0,0.8614076969021726,1.273506464618035,3.4664484510964266,1.0189263400813386
BELFB,2023-08-25,train,True,True,D-1,50.6699981689,50.7099990845,49.3499984741,49.7400016785,51.25,52.1199989319,2.8616554477990386,0,1.0189263400813386,-1.0704002433097992,2.642531047669827,3.4664484510964266,-1.0579955051215784,5.011436555942095,3.0,1.0,0.7462688752347642,2.3564329241584137,3.4664484510964266,2.642531047669827
BELFB,2023-08-28,train,True,True,D-1,50.0999984741,51.25,50.0999984741,51.1500015259,52.1199989319,52.4300003052,4.6507023993314744,1,-1.0704002433097992,2.642531047669827,3.4664484510964266,-1.0579955051215784,-1.5049471712871298,2.3878135110678267,2.0,2.0,0.5368177263079877,3.920379739437929,3.4664484510964266,6.013468854078463
BELFB,2023-08-29,train,True,True,D-1,51.0999984741,52.1199989319,50.9199981689,51.6699981689,52.4300003052,52.5,2.7397290953141473,0,2.642531047669827,3.4664484510964266,-1.0579955051215784,-1.5049471712871298,2.8347402489322215,6.429463304836003,3.0,3.0,0.8407087911411932,1.0557127755442375,3.4664484510964266,3.4664484510964266
BELFB,2023-08-30,train,True,True,D-1,51.6300010681,52.4300003052,51.1699981689,51.5299987793,52.5,52.8300018311,2.3242315285200155,0,3.4664484510964266,-1.0579955051215784,-1.5049471712871298,2.8347402489322215,1.0166111974340808,4.743556154349782,3.0,0.0,0.8553052492995747,0.8709130616359362,3.4664484510964266,3.4664484510964266
BELFB,2023-08-31,train,True,True,D-1,51.3100013733,52.5,51.3100013733,52.2999992371,52.8300018311,52.3300018311,2.9623863128387162,0,-1.0579955051215784,-1.5049471712871298,2.8347402489322215,1.0166111974340808,-0.270949089532313,0.9600271453976239,2.0,0.0,0.70779188609165,1.7465584071807427,2.8347402489322215,2.8347402489322215
BELFB,2023-09-01,train,True,True,D-1,52.0,52.8300018311,51.7799987793,52.2099990845,52.3300018311,51.6800003052,0.6346189059615259,0,-1.5049471712871298,2.8347402489322215,1.0166111974340808,-0.270949089532313,1.4942761033196694,3.564354924950508,3.0,0.0,0.9365077250739257,0.38241064209829645,2.8347402489322215,2.8347402489322215
BELFB,2023-09-05,train,True,True,D-1,52.2999992371,52.3300018311,49.4399986267,50.7200012207,51.6800003052,51.2400016785,-1.1854664262790249,0,2.8347402489322215,1.0166111974340808,-0.270949089532313,1.4942761033196694,-0.17208442430752813,4.965816893141861,3.0,0.0,0.7728930460798695,1.187517252387904,2.8347402489322215,2.8347402489322215
BELFB,2023-09-06,train,True,True,D-1,50.8899993896,51.6800003052,50.7299995422,51.0600013733,51.2400016785,51.0,0.6877624152055395,0,1.0166111974340808,-0.270949089532313,1.4942761033196694,-0.17208442430752813,-2.853855372394265,-0.8406652832302908,2.0,1.0,0.3775815292264734,4.16009574057119,1.4942761033196694,4.515304859433311
BELFB,2023-09-07,train,True,True,D-1,50.3699989319,51.2400016785,50.0600013733,50.9399986267,51.0,49.0,1.2507466377987386,0,-0.270949089532313,1.4942761033196694,-0.17208442430752813,-2.853855372394265,0.6703472878885508,-1.1805628357214881,2.0,2.0,0.477876464688098,3.4665107916067583,1.4942761033196694,3.6969149299144966
BELFB,2023-09-08,train,True,True,D-1,50.8100013733,51.0,48.4099998474,48.5200004578,49.0,47.3800010681,-3.5622934941527684,0,1.4942761033196694,-0.17208442430752813,-2.853855372394265,0.6703472878885508,-0.23502299916260405,-1.1449644218447075,2.0,3.0,0.4424774578540519,3.71025374038656,1.4942761033196694,1.4942761033196694
BELFB,2023-09-11,train,True,True,D-1,49.0,49.0,46.0900001526,46.2700004578,47.3800010681,46.7400016785,-3.3061202691836766,0,-0.17208442430752813,-2.853855372394265,0.6703472878885508,-0.23502299916260405,-4.750683616295914,-7.227531232196627,1.0,4.0,0.024887004758291614,8.882937618783826,0.6703472878885508,5.644888704231321
BELFB,2023-09-12,train,True,True,D-1,46.1100006104,47.3800010681,45.6699981689,45.7000007629,46.7400016785,47.7700004578,3.6000863704729547,1,-2.853855372394265,0.6703472878885508,-0.23502299916260405,-4.750683616295914,-4.637262940582465,-11.377128387009394,1.0,4.0,0.02884619499706175,13.097041956649536,0.6703472878885508,9.837992154004116
BELFB,2023-09-13,train,True,True,D-1,45.9099998474,46.7400016785,45.2999992371,46.0900001526,47.7700004578,47.7599983215,4.051406265699087,1,0.6703472878885508,-0.23502299916260405,-4.750683616295914,-4.637262940582465,-1.23189904746136,-9.897477005089705,1.0,4.0,0.0049921103719384585,13.085337948516319,0.6703472878885508,6.482382877939064
BELFB,2023-09-14,train,True,True,D-1,46.4700012207,47.7700004578,46.0999984741,47.7099990845,47.7599983215,46.4500007629,2.7759781943482498,0,-0.23502299916260405,-4.750683616295914,-4.637262940582465,-1.23189904746136,0.8533903352067496,-9.733648819090867,1.0,4.0,0.1329967324582109,11.173793683768274,0.8533903352067496,0.3890216196651419
BELFB,2023-09-15,train,True,True,D-1,47.7099990845,47.7599983215,45.2200012207,45.3300018311,46.4500007629,46.2999992371,-2.6409523072268293,0,-4.750683616295914,-4.637262940582465,-1.23189904746136,0.8533903352067496,3.5148598970195843,-6.340792362147829,2.0,4.0,0.42280693418255894,6.895831017881648,3.5148598970195843,0.0
BELFB,2023-09-18,train,True,True,D-1,45.3899993896,46.4500007629,45.3800010681,45.6699981689,46.2999992371,46.9000015259,3.3267286992869627,1,-4.637262940582465,-1.23189904746136,0.8533903352067496,3.5148598970195843,-4.988466357303311,-6.57460551649105,2.0,4.0,0.029100699979689053,8.096179176375173,3.5148598970195843,2.502334398959649
BELFB,2023-09-19,train,True,True,D-1,45.4500007629,46.2999992371,45.2000007629,45.9799995422,46.9000015259,45.3199996948,3.190320657120016,1,-1.23189904746136,0.8533903352067496,3.5148598970195843,-4.988466357303311,0.7500470418396077,-1.2967414803620403,3.0,2.0,0.17646944424648667,4.5982097068049566,3.5148598970195843,7.790695056829411
BELFB,2023-09-20,train,True,True,D-1,46.2000007629,46.9000015259,45.1399993896,45.1800003052,45.3199996948,45.9500007629,-0.5411255321899455,0,0.8533903352067496,3.5148598970195843,-4.988466357303311,0.7500470418396077,0.6787856048374064,0.6126887847391682,4.0,3.0,0.3035015065752177,3.892998985259144,3.5148598970195843,3.5148598970195843
BELFB,2023-09-21,train,True,True,D-1,45.0,45.3199996948,44.0699996948,45.0,45.9500007629,45.9300003052,2.1111128064444262,0,3.5148598970195843,-4.988466357303311,0.7500470418396077,0.6787856048374064,-1.7398852652570573,-1.9743975794902835,3.0,4.0,0.015209467434693383,5.73262535436927,3.5148598970195843,4.5877696481605
BELFB,2023-09-22,train,True,True,D-1,45.1500015259,45.9500007629,44.8100013733,45.2000007629,45.9300003052,45.5,1.7275719887906327,0,-4.988466357303311,0.7500470418396077,0.6787856048374064,-1.7398852652570573,-0.39840704733080656,-5.680149101869136,2.0,4.0,0.25203269683373986,6.133329603333326,0.7500470418396077,2.8814075289152252
BELFB,2023-09-25,train,True,True,D-1,44.9000015259,45.9300003052,44.9000015259,45.5299987793,45.5,46.4300003052,3.407569548561007,1,0.7500470418396077,0.6787856048374064,-1.7398852652570573,-0.39840704733080656,0.4444461397777655,-0.2867881379850501,3.0,2.0,0.39929340528404217,3.7610635714753426,0.7500470418396077,0.7500470418396077
BELFB,2023-09-26,train,True,True,D-1,45.2599983215,45.5,44.3100013733,44.5400009155,46.4300003052,48.4300003052,7.00398166429923,1,0.6787856048374064,-1.7398852652570573,-0.39840704733080656,0.4444461397777655,0.7300840947570553,-0.3065456431205593,3.0,3.0,0.5159004027684704,3.0090111647946394,0.7300840947570553,0.6787856048374064
BELFB,2023-09-27,train,True,True,D-1,45.0800018311,46.4300003052,45.0400009155,45.9000015259,48.4300003052,48.2799987793,7.431229676190654,1,-1.7398852652570573,-0.39840704733080656,0.4444461397777655,0.7300840947570553,-2.1743858781961944,-3.131793477680178,2.0,4.0,0.1660780624008688,5.298609254358411,0.7300840947570553,1.9046227686722483
BELFB,2023-09-28,train,True,True,D-1,45.9099998474,48.4300003052,45.3600006104,47.9500007629,48.2799987793,47.9799995422,5.162271705026411,1,-0.39840704733080656,0.4444461397777655,0.7300840947570553,-2.1743858781961944,3.0534364221953103,1.5936281891019366,3.0,0.0,0.7754243041444953,1.1546813979971926,3.0534364221953103,0.7300840947570553
BELFB,2023-09-29,train,True,True,D-1,48.2799987793,48.2799987793,47.0999984741,47.7200012207,47.9799995422,47.7299995422,-0.6213737462409163,0,0.4444461397777655,0.7300840947570553,-2.1743858781961944,3.0534364221953103,4.466229126034427,6.555557250888877,4.0,0.0,0.8834952265197212,1.001041782404699,4.466229126034427,0.7300840947570553
BELFB,2023-10-02,train,True,True,D-1,47.6800003052,47.9799995422,47.2200012207,47.5699996948,47.7299995422,47.5600013733,0.10486417088917399,0,0.7300840947570553,-2.1743858781961944,3.0534364221953103,4.466229126034427,-0.4796653567062159,5.575222157669546,3.0,1.0,0.8276700804452464,1.487843810431455,4.466229126034427,3.0534364221953103
BELFB,2023-10-03,train,True,True,D-1,47.2900009155,47.7299995422,46.3100013733,46.5800018311,47.5600013733,47.6899986267,0.8458399311827902,0,-2.1743858781961944,3.0534364221953103,4.466229126034427,-0.4796653567062159,-0.3143368023111659,4.4805643975274645,2.0,2.0,0.7912619336521549,1.8078633927214538,4.466229126034427,5.25872352030774
BELFB,2023-10-04,train,True,True,D-1,46.7000007629,47.5600013733,46.1100006104,47.4500007629,47.6899986267,48.6699981689,4.21840979404231,1,3.0534364221953103,4.466229126034427,-0.4796653567062159,-0.3143368023111659,-2.0811391003818347,4.580154633292954,2.0,3.0,0.45427763800756393,3.9716582253648935,4.466229126034427,6.855163242627638
BELFB,2023-10-05,train,True,True,D-1,47.25,47.6899986267,47.2299995422,47.4500007629,48.6699981689,48.7799987793,3.238092654603175,1,4.466229126034427,-0.4796653567062159,-0.3143368023111659,-2.0811391003818347,1.8677520343486353,3.3769045435115608,2.0,4.0,0.6807818763109537,2.065330930544973,4.466229126034427,4.718486709952641
BELFB,2023-10-06,train,True,True,D-1,47.2099990845,48.6699981689,47.2099990845,48.4799995422,48.7799987793,49.8400001526,5.570856003179814,1,-0.4796653567062159,-0.3143368023111659,-2.0811391003818347,1.8677520343486353,0.0,-1.0427528509798556,1.0,4.0,0.6175121120859097,1.749205485891081,1.8677520343486353,0.0
BELFB,2023-10-09,train,True,True,D-1,47.9399986267,48.7799987793,47.7099990845,48.4000015259,49.8400001526,51.0,6.382981770875018,1,-0.3143368023111659,-2.0811391003818347,1.8677520343486353,0.0,2.170703398819196,1.5926200797545809,2.0,0.0,0.9257817156625218,0.39191136240548374,2.170703398819196,1.8677520343486353
BELFB,2023-10-10,train,True,True,D-1,48.7599983215,49.8400001526,48.6100006104,49.6500015259,51.0,50.0699996948,4.593933050880161,1,-2.0811391003818347,1.8677520343486353,0.0,2.170703398819196,-0.16501241141795298,1.7448010015243431,2.0,0.0,0.8576788337062597,0.7851182673964452,2.170703398819196,1.8677520343486353
BELFB,2023-10-11,train,True,True,D-1,49.9500007629,51.0,49.4700012207,49.9000015259,50.0699996948,48.3400001526,0.24023809823270348,0,1.8677520343486353,0.0,2.170703398819196,-0.16501241141795298,2.5826445466764936,6.5908105927773075,3.0,0.0,0.9490620241234848,0.3826759735362506,2.5826445466764936,2.170703398819196
BELFB,2023-10-12,train,True,True,D-1,49.8699989319,50.0699996948,48.4199981689,48.5200004578,48.3400001526,45.75,-3.0679743574674845,0,0.0,2.170703398819196,-0.16501241141795298,2.5826445466764936,0.5035246572340668,5.163331345856581,3.0,0.0,0.7097630057023671,2.2044056923105737,2.5826445466764936,2.170703398819196
BELFB,2023-10-13,train,True,True,D-1,48.3400001526,48.3400001526,45.75,45.7900009155,45.75,44.0800018311,-5.357881970260381,0,2.170703398819196,-0.16501241141795298,2.5826445466764936,0.5035246572340668,-2.765533118037533,2.2550045894553783,3.0,1.0,0.34564671684971876,5.111293319869126,2.5826445466764936,4.858578148633253
BELFB,2023-10-16,train,True,True,D-1,45.0999984741,45.75,42.8100013733,43.9799995422,44.0800018311,42.9399986267,-2.2616334312866138,0,-0.16501241141795298,2.5826445466764936,0.5035246572340668,-2.765533118037533,-5.626544757917717,-5.548677087668807,2.0,2.0,0.007619222000000393,11.378027910753774,2.5826445466764936,10.819118463950328
BELFB,2023-10-17,train,True,True,D-1,43.7000007629,44.0800018311,42.7999992371,43.3400001526,42.9399986267,43.6100006104,-0.20595000212541015,0,2.5826445466764936,0.5035246572340668,-2.765533118037533,-5.626544757917717,-3.9528310485080542,-9.132235215601703,2.0,3.0,0.14285694323387557,15.961802025632398,2.5826445466764936,11.939612544953093
BELFB,2023-10-18,train,True,True,D-1,42.9399986267,42.9399986267,41.0900001526,42.3600006104,43.6100006104,41.4900016785,1.560321390609909,0,0.5035246572340668,-2.765533118037533,-5.626544757917717,-3.9528310485080542,-1.4552055394768781,-12.708965114549652,1.0,4.0,0.0658537640561169,17.674203554289726,0.5035246572340668,5.854039428834945
BELFB,2023-10-19,train,True,True,D-1,42.3600006104,43.6100006104,40.9500007629,41.1100006104,41.4900016785,41.3100013733,-2.0538218115285,0,-2.765533118037533,-5.626544757917717,-3.9528310485080542,-1.4552055394768781,-2.2611895218030087,-15.11022181349324,0.0,4.0,0.14142544794482975,18.20113072072782,-1.4552055394768781,3.68349010610054
BELFB,2023-10-20,train,True,True,D-1,41.0900001526,41.4900016785,40.2299995422,40.8300018311,41.3100013733,41.3199996948,0.5597457808367734,0,-5.626544757917717,-3.9528310485080542,-1.4552055394768781,-2.2611895218030087,-2.9508970301882043,-15.272052303142104,0.0,4.0,0.021650860719015397,17.586960435050326,-1.4552055394768781,5.1453611775454045
BELFB,2023-10-23,train,True,True,D-1,40.6800003052,41.3100013733,40.1399993896,40.8400001526,41.3199996948,40.4700012207,1.5732531583049214,0,-3.9528310485080542,-1.4552055394768781,-2.2611895218030087,-2.9508970301882043,-0.6810965097119648,-10.832057185482679,0.0,4.0,0.10869605781502631,12.049958237210912,-0.6810965097119648,3.6118950832223606
BELFB,2023-10-24,train,True,True,D-1,41.1199989319,41.3199996948,39.6699981689,40.0200004578,40.4700012207,49.2999992371,19.89299736789181,1,-1.4552055394768781,-2.2611895218030087,-2.9508970301882043,-0.6810965097119648,0.024487683202556454,-7.139607599556896,1.0,4.0,0.1776650581803957,7.933402709093107,0.024487683202556454,0.6567756112650036
BELFB,2023-10-25,train,True,True,D-1,40.0200004578,40.4700012207,39.1300010681,39.3800010681,49.2999992371,51.5699996948,28.860567478451582,1,-2.2611895218030087,-2.9508970301882043,-0.6810965097119648,0.024487683202556454,-2.0078347006269315,-7.660359213452439,1.0,3.0,0.08883301320157337,8.970515021321802,0.024487683202556454,1.9838386896250948
BELFB,2023-10-26,train,True,True,D-1,43.9900016785,49.2999992371,43.5999984741,48.9799995422,51.5699996948,54.0800018311,22.937030615144206,1,-2.9508970301882043,-0.6810965097119648,0.024487683202556454,-2.0078347006269315,-1.599198856518913,-7.034937439468225,1.0,4.0,0.055803577129753854,10.741491690122217,0.024487683202556454,3.5994119707751904
BELFB,2023-10-27,train,True,True,D-1,49.6300010681,51.5699996948,47.7000007629,51.3300018311,54.0800018311,55.2200012207,11.263348846053134,1,-0.6810965097119648,0.024487683202556454,-2.0078347006269315,-1.599198856518913,24.377852244083687,19.14375775953905,2.0,0.0,0.9685349309230534,0.653327272133386,24.377852244083687,0.024487683202556454
BELFB,2023-10-30,train,True,True,D-1,52.0400009155,54.0800018311,51.1500015259,53.1699981689,55.2200012207,55.0999984741,6.1106845681335065,1,0.024487683202556454,-2.0078347006269315,-1.599198856518913,24.377852244083687,4.797881402337079,25.716383857720547,3.0,0.0,0.9807075650969208,0.4675586501822204,24.377852244083687,0.024487683202556454
BELFB,2023-10-31,train,True,True,D-1,53.2700004578,55.2200012207,52.4300003052,54.1800003052,55.0999984741,55.2900009155,3.79200383018623,1,-2.0078347006269315,-1.599198856518913,24.377852244083687,4.797881402337079,3.584641091294838,30.190984256191378,3.0,0.0,0.9391301929259976,1.7114983892030144,24.377852244083687,24.377852244083687
BELFB,2023-11-01,train,True,True,D-1,54.1800003052,55.0999984741,53.4099998474,54.9199981689,55.2900009155,54.1599998474,2.0487275822208995,0,-1.599198856518913,24.377852244083687,4.797881402337079,3.584641091294838,1.899571508525577,35.382308059519715,4.0,0.0,0.9353635235775963,1.919529179847923,24.377852244083687,24.377852244083687
BELFB,2023-11-02,train,True,True,D-1,55.2900009155,55.2900009155,52.4700012207,52.75,54.1599998474,52.8699989319,-2.0437711148295845,0,24.377852244083687,4.797881402337079,3.584641091294838,1.899571508525577,1.3658136942258148,39.46164723034573,5.0,1.0,0.9741821875310849,0.5462546646075594,24.377852244083687,24.377852244083687
BELFB,2023-11-03,train,True,True,D-1,53.6899986267,54.1599998474,51.6800003052,52.2000007629,52.8699989319,52.0900001526,-1.527285743665896,0,4.797881402337079,3.584641091294838,1.899571508525577,1.3658136942258148,-3.951198545612522,7.697020198115467,4.0,0.0,0.6653490297190695,4.81516761232228,4.797881402337079,7.437232264545823
BELFB,2023-11-06,train,True,True,D-1,52.4199981689,52.8699989319,51.4199981689,51.75,52.0900001526,51.8600006104,-0.6295269512156976,0,3.584641091294838,1.899571508525577,1.3658136942258148,-3.951198545612522,-1.0426525821801036,1.6949131127302675,3.0,1.0,0.2536230415003621,5.919540435708481,3.584641091294838,8.537294945424566
BELFB,2023-11-07,train,True,True,D-1,51.4000015259,52.0900001526,51.0900001526,51.6300010681,51.8600006104,52.4700012207,2.0817114066831843,0,1.899571508525577,1.3658136942258148,-3.951198545612522,-1.0426525821801036,-0.8620704144123748,-2.670675602412531,2.0,2.0,0.08527173046322063,6.840581479227059,1.899571508525577,3.7953061056819726
BELFB,2023-11-08,train,True,True,D-1,51.6300010681,51.8600006104,50.1599998474,50.2599983215,52.4700012207,51.7299995422,1.6269613310525344,0,1.3658136942258148,-3.951198545612522,-1.0426525821801036,-0.8620704144123748,-0.23188199400966392,-4.706532341704794,1.0,3.0,0.12857162319350243,7.0889013590614836,1.3658136942258148,2.4577671165811443
BELFB,2023-11-09,train,True,True,D-1,50.3499984741,52.4700012207,50.2599983215,50.5600013733,51.7299995422,52.0800018311,3.4359551329279814,1,-3.951198545612522,-1.0426525821801036,-0.8620704144123748,-0.23188199400966392,-2.6535012943210368,-8.48506919659524,0.0,4.0,0.019492875882974076,10.007964110592283,-0.23188199400966392,2.8792302966183625
BELFB,2023-11-10,train,True,True,D-1,50.6199989319,51.7299995422,50.0900001526,51.4099998474,52.0800018311,54.0499992371,6.7759786202572725,1,-1.0426525821801036,-0.8620704144123748,-0.23188199400966392,-2.6535012943210368,0.5969022320314377,-4.151656164360196,1.0,4.0,0.10000038147499879,7.12024995315983,0.5969022320314377,2.072437870742383
BELFB,2023-11-13,train,True,True,D-1,51.2900009155,52.0800018311,51.2900009155,51.4300003052,54.0499992371,55.4000015259,8.013258992081518,1,-0.8620704144123748,-0.23188199400966392,-2.6535012943210368,0.5969022320314377,1.6811678224140092,-1.5134116933988029,2.0,4.0,0.47482024259463057,2.839912641185971,1.6811678224140092,0.0
BELFB,2023-11-14,train,True,True,D-1,52.9199981689,54.0499992371,52.6699981689,53.9399986267,55.4000015259,54.8699989319,4.686325477723563,1,-0.23188199400966392,-2.6535012943210368,0.5969022320314377,1.6811678224140092,0.03890382777544943,-0.6183568981642629,3.0,2.0,0.5630250215264591,2.022167819032372,1.6811678224140092,0.5969022320314377
BELFB,2023-11-15,train,True,True,D-1,54.4199981689,55.4000015259,53.8100013733,53.9399986267,54.8699989319,54.6100006104,0.8269033041922613,0,-2.6535012943210368,0.5969022320314377,1.6811678224140092,0.03890382777544943,4.880416695712575,4.474138118945836,4.0,0.0,0.9722220616589135,0.20393142973784695,4.880416695712575,1.6811678224140092
BELFB,2023-11-16,train,True,True,D-1,53.5600013733,54.8699989319,53.1100006104,53.3699989319,54.6100006104,54.5,1.9604167479044143,0,0.5969022320314377,1.6811678224140092,0.03890382777544943,4.880416695712575,0.0,7.3219268366465196,4.0,0.0,0.7250466061004704,2.7067166043220903,4.880416695712575,1.6811678224140092
BELFB,2023-11-17,train,True,True,D-1,53.8800010681,54.6100006104,53.1199989319,53.7599983215,54.5,55.0299987793,2.1343683897602217,0,1.6811678224140092,0.03890382777544943,4.880416695712575,0.0,-1.05672916075652,5.55774818488024,3.0,1.0,0.6177020585705766,3.8036399374680174,4.880416695712575,5.937145856469095
BELFB,2023-11-20,train,True,True,D-1,53.7599983215,54.5,53.7200012207,54.1599998474,55.0299987793,55.6300010681,3.4784278366544186,1,0.03890382777544943,4.880416695712575,0.0,-1.05672916075652,0.730746481928235,4.571092163150126,3.0,2.0,0.6009725156122564,3.050601293906885,4.880416695712575,5.214121385706583
BELFB,2023-11-21,train,True,True,D-1,54.1100006104,55.0299987793,53.7000007629,54.3199996948,55.6300010681,55.8300018311,3.1787122552155544,1,4.880416695712575,0.0,-1.05672916075652,0.730746481928235,0.7440504806340842,5.308184962083273,3.0,3.0,0.5457874894840284,2.28951566099298,4.880416695712575,4.880416695712575
BELFB,2023-11-22,train,True,True,D-1,54.7299995422,55.6300010681,54.1100006104,55.3499984741,55.8300018311,57.1599998474,4.439978668968081,1,0.0,-1.05672916075652,0.730746481928235,0.7440504806340842,0.29542069396384374,0.7044884645434513,3.0,4.0,0.5283836684125562,1.988221349720276,0.7440504806340842,0.730746481928235
BELFB,2023-11-24,train,True,True,D-1,55.0099983215,55.8300018311,55.0099983215,55.3499984741,57.1599998474,55.6300010681,3.908383187606268,1,-1.05672916075652,0.730746481928235,0.7440504806340842,0.29542069396384374,1.8961686028849511,2.614015356504029,4.0,0.0,0.8888878797047678,0.5058764258702331,1.8961686028849511,0.7440504806340842
BELFB,2023-11-27,train,True,True,D-1,55.1199989319,57.1599998474,55.1199989319,55.8199996948,55.6300010681,55.7999992371,1.2336725659957581,0,0.730746481928235,0.7440504806340842,0.29542069396384374,1.8961686028849511,0.0,3.7099486262431425,4.0,0.0,0.8228771795256383,0.867214761034929,1.8961686028849511,0.7440504806340842
BELFB,2023-11-28,train,True,True,D-1,55.4599990845,55.6300010681,53.9799995422,54.3800010681,55.7999992371,54.5299987793,0.6130547389334939,0,0.7440504806340842,0.29542069396384374,1.8961686028849511,0.0,0.8491440535810302,3.8318479122350757,4.0,0.0,0.6127166164283427,2.4005735577329768,1.8961686028849511,1.8961686028849511
BELFB,2023-11-29,train,True,True,D-1,55.0099983215,55.7999992371,53.9199981689,54.3100013733,54.5299987793,56.4900016785,2.6904261082690395,0,0.29542069396384374,1.8961686028849511,0.0,0.8491440535810302,-2.5797180841513834,0.40620609549459896,3.0,1.0,0.1965319321170481,5.112171248063446,1.8961686028849511,3.6486481561660455
BELFB,2023-11-30,train,True,True,D-1,54.3100013733,54.5299987793,53.6300010681,54.0999984741,56.4900016785,56.4900016785,4.013994200102777,1,1.8961686028849511,0.0,0.8491440535810302,-2.5797180841513834,-0.12872323174900613,-0.018406335707255028,2.0,2.0,0.12037129702369555,5.2476494237415405,1.8961686028849511,4.601289222297411
BELFB,2023-12-01,train,True,True,D-1,53.75,56.4900016785,53.0099983215,55.9599990845,56.4900016785,56.0499992371,5.09767754139534,1,0.0,0.8491440535810302,-2.5797180841513834,-0.12872323174900613,-0.38667445017455115,-2.2583559791513164,1.0,3.0,0.1331437871185887,5.656194934580183,0.8491440535810302,1.3640439956559725
BELFB,2023-12-04,train,True,True,D-1,55.5299987793,56.4900016785,55.0,56.0600013733,56.0499992371,55.7799987793,0.9364316031532871,0,0.8491440535810302,-2.5797180841513834,-0.12872323174900613,-0.38667445017455115,3.43807885926366,1.1020788206262289,2.0,4.0,0.7108432959817377,2.144390247555217,3.43807885926366,0.8491440535810302
BELFB,2023-12-05,train,True,True,D-1,56.0499992371,56.0499992371,54.6399993896,54.8699989319,55.7799987793,55.4000015259,-0.481713579794818,0,-2.5797180841513834,-0.12872323174900613,-0.38667445017455115,3.43807885926366,0.17870316375272477,0.42995643105019354,2.0,1.0,0.8764368131039123,0.7670358449274106,3.43807885926366,0.0
BELFB,2023-12-06,train,True,True,D-1,55.3800010681,55.7799987793,54.7900009155,55.0099983215,55.4000015259,56.9799995422,2.889126838644329,0,-0.12872323174900613,-0.38667445017455115,3.43807885926366,0.17870316375272477,-2.122729954064484,0.9010626226108043,2.0,2.0,0.5344824184317589,2.9524380866320143,3.43807885926366,5.385899035161257
BELFB,2023-12-07,train,True,True,D-1,55.0099983215,55.4000015259,54.1699981689,55.2999992371,56.9799995422,59.3699989319,7.925833018424111,1,-0.38667445017455115,3.43807885926366,0.17870316375272477,-2.122729954064484,0.25514742541503654,1.2888914205480662,3.0,3.0,0.5747120892791712,2.6904261082690395,3.43807885926366,5.311077478739412
BELFB,2023-12-08,train,True,True,D-1,55.2999992371,56.9799995422,55.2999992371,56.4900016785,59.3699989319,61.9500007629,12.025319380725419,1,3.43807885926366,0.17870316375272477,-2.122729954064484,0.25514742541503654,0.527178557441732,2.218116075501375,4.0,4.0,0.6580456053278466,2.151903178692338,3.43807885926366,3.43807885926366
BELFB,2023-12-11,train,True,True,D-1,56.5200004578,59.3699989319,56.5200004578,59.2400016785,61.9500007629,62.7799987793,11.075722347479378,1,0.17870316375272477,-2.122729954064484,0.25514742541503654,0.527178557441732,2.151903178692338,0.9471097260021377,4.0,0.0,0.825623621270848,0.8674063535857313,2.151903178692338,0.25514742541503654
BELFB,2023-12-12,train,True,True,D-1,59.5600013733,61.9500007629,58.7400016785,61.4199981689,62.7799987793,64.7600021362,8.7306928190084,1,-2.122729954064484,0.25514742541503654,0.527178557441732,2.151903178692338,4.8681181063704,5.672494162147057,4.0,0.0,0.9750005318604991,0.219441677442056,4.8681181063704,0.527178557441732
BELFB,2023-12-13,train,True,True,D-1,61.4199981689,62.7799987793,59.8100013733,62.2999992371,64.7600021362,64.2600021362,5.437974709988214,1,0.25514742541503654,0.527178557441732,2.151903178692338,4.8681181063704,3.6799399538018474,11.93730520230063,5.0,0.0,0.9318762959785208,0.862915352980842,4.8681181063704,2.151903178692338
BELFB,2023-12-14,train,True,True,D-1,63.2900009155,64.7600021362,62.6599998474,63.5900001526,64.2600021362,63.8600006104,1.5326294938675655,0,0.527178557441732,2.151903178692338,4.8681181063704,3.6799399538018474,1.4327598411515208,13.252138044059514,5.0,0.0,0.9442509282031633,0.7704647641699314,4.8681181063704,4.8681181063704
BELFB,2023-12-15,train,True,True,D-1,64.2600021362,64.2600021362,62.8400001526,63.6100006104,63.8600006104,63.7299995422,-0.6224735644300039,0,2.151903178692338,4.8681181063704,3.6799399538018474,1.4327598411515208,2.0706274980687223,14.990960271005482,5.0,0.0,0.8763211812851227,1.839915050782026,4.8681181063704,4.8681181063704
BELFB,2023-12-18,train,True,True,D-1,63.4099998474,63.8600006104,62.0099983215,62.9700012207,63.7299995422,64.9899978638,2.491717426592577,0,4.8681181063704,3.6799399538018474,1.4327598411515208,2.0706274980687223,0.031452205931770116,12.603998442807374,5.0,1.0,0.8604367364615269,1.8078942222364613,4.8681181063704,4.8681181063704
BELFB,2023-12-19,train,True,True,D-1,63.5699996948,63.7299995422,62.6399993896,63.6399993896,64.9899978638,63.9199981689,2.2337551924137333,0,3.6799399538018474,1.4327598411515208,2.0706274980687223,0.031452205931770116,-1.0061301423653246,6.296420385743717,4.0,2.0,0.7026576778394649,2.8426248702557944,3.6799399538018474,4.654934340359729
BELFB,2023-12-20,train,True,True,D-1,63.8300018311,64.9899978638,62.5400009155,62.7400016785,63.9199981689,67.6299972534,5.953306146465631,1,1.4327598411515208,2.0706274980687223,0.031452205931770116,-1.0061301423653246,1.0639958010351114,3.614459926545699,4.0,3.0,0.7737368537406373,1.7599037670371631,2.0706274980687223,2.0706274980687223
BELFB,2023-12-21,train,True,True,D-1,62.7700004578,63.9199981689,62.0099983215,63.5299987793,67.6299972534,69.5699996948,10.833199278963868,1,2.0706274980687223,0.031452205931770116,-1.0061301423653246,1.0639958010351114,-1.414201319503905,0.7062639595314391,3.0,0.0,0.24496760708781035,3.586222704981279,2.0706274980687223,2.435880059195228
BELFB,2023-12-22,train,True,True,D-1,64.2200012207,67.6299972534,63.5099983215,66.6800003052,69.5699996948,68.8899993896,8.33073555342061,1,0.031452205931770116,-1.0061301423653246,1.0639958010351114,-1.414201319503905,1.259160152478489,-0.09435661763800285,3.0,1.0,0.5100673460596733,2.2981254723016153,1.259160152478489,1.2368440275515535
BELFB,2023-12-26,train,True,True,D-1,67.2600021362,69.5699996948,67.0699996948,68.3600006104,68.8899993896,69.1699981689,2.8397204460866465,0,-1.0061301423653246,1.0639958010351114,-1.414201319503905,1.259160152478489,4.958289920393266,4.826284649175205,3.0,0.0,0.8309613649910721,1.4247104736829552,4.958289920393266,1.0639958010351114
BELFB,2023-12-27,train,True,True,D-1,68.3600006104,68.8899993896,67.1800003052,68.8799972534,69.1699981689,68.6800003052,1.1848998701980307,0,1.0639958010351114,-1.414201319503905,1.259160152478489,4.958289920393266,2.519496546956357,8.559630435465436,4.0,0.0,0.839947240132334,1.7700396044407318,4.958289920393266,1.259160152478489
BELFB,2023-12-28,train,True,True,D-1,68.8399963379,69.1699981689,65.7900009155,67.4499969482,68.6800003052,66.3399963379,-0.23241725916816058,0,-1.414201319503905,1.259160152478489,4.958289920393266,2.519496546956357,0.760673841949755,8.233811932839718,4.0,1.0,0.9087298523731874,1.0017457446485967,4.958289920393266,4.958289920393266
BELFB,2023-12-29,train,True,True,D-1,67.4000015259,68.6800003052,66.6200027466,66.7699966431,66.3399963379,64.9899978638,-1.5727079584599957,0,1.259160152478489,4.958289920393266,2.519496546956357,0.760673841949755,-2.0760748580451294,7.507164717392789,4.0,2.0,0.7195764072097504,3.143073154218401,4.958289920393266,6.289483094873072
BELFB,2024-01-02,train,True,True,D-1,66.0,66.3399963379,64.8300018311,65.2600021362,64.9899978638,63.4199981689,-1.5303062669696943,0,4.958289920393266,2.519496546956357,0.760673841949755,-2.0760748580451294,-1.008154686237006,5.099949513702318,3.0,3.0,0.5379533965063695,4.193504856180574,4.958289920393266,8.021589418704222
BELFB,2024-01-03,train,True,True,D-1,64.5,64.9899978638,62.4000015259,62.9000015259,63.4199981689,62.8199996948,-1.6744214435658877,0,2.519496546956357,0.760673841949755,-2.0760748580451294,-1.008154686237006,-2.2614865700402054,-2.129571329484914,2.0,4.0,0.09071740483113648,6.604347866254856,2.519496546956357,5.766338520399083
BELFB,2024-01-04,train,True,True,D-1,63.0800018311,63.4199981689,62.0699996948,62.2799987793,62.8199996948,63.3400001526,0.4121723429814761,0,0.760673841949755,-2.0760748580451294,-1.008154686237006,-2.2614865700402054,-3.6163048315177693,-7.987125564286979,1.0,3.0,0.07385528034448696,9.96819791875241,0.760673841949755,6.556682995411234
BELFB,2024-01-05,train,True,True,D-1,61.6800003052,62.8199996948,61.2900009155,61.5299987793,63.3400001526,62.1300010681,2.6913097263069563,0,-2.0760748580451294,-1.008154686237006,-2.2614865700402054,-3.6163048315177693,-0.9856959166284041,-9.581879699877927,0.0,4.0,0.02957734220169925,11.062940791016885,-0.9856959166284041,4.56635497908906
BELFB,2024-01-08,train,True,True,D-1,61.8699989319,63.3400001526,61.5400009155,62.6100006104,62.1300010681,61.7400016785,0.420239438643244,0,-1.008154686237006,-2.2614865700402054,-3.6163048315177693,-0.9856959166284041,-1.2042389446052404,-8.776869439217938,0.0,4.0,0.03247603296618707,11.620350508288002,-0.9856959166284041,2.1780647271302245
BELFB,2024-01-09,train,True,True,D-1,61.6500015259,62.1300010681,60.5,61.4599990845,61.7400016785,62.5499992371,1.4598502658948131,0,-2.2614865700402054,-3.6163048315177693,-0.9856959166284041,-1.2042389446052404,1.7552443564541997,-6.230337339892456,1.0,4.0,0.2613863151330681,5.9575078919268165,1.7552443564541997,0.0
BELFB,2024-01-10,train,True,True,D-1,61.3800010681,61.7400016785,60.5,61.1500015259,62.5499992371,63.25,3.046593188920399,1,-3.6163048315177693,-0.9856959166284041,-1.2042389446052404,1.7552443564541997,-1.836769708813868,-5.822866882181921,1.0,4.0,0.21380836107737616,5.743571155031568,1.7552443564541997,0.11376514901468848
BELFB,2024-01-11,train,True,True,D-1,61.1500015259,62.5499992371,60.4500007629,62.5400009155,63.25,62.7700004578,3.434175669170747,1,-0.9856959166284041,-1.2042389446052404,1.7552443564541997,-1.836769708813868,-0.5043891363776032,-2.7821938911709143,1.0,4.0,0.22260340188667507,3.712177573762676,1.7552443564541997,4.087138734774143
BELFB,2024-01-12,train,True,True,D-1,63.2400016785,63.25,62.3300018311,62.9599990845,62.7700004578,62.2200012207,-0.7432024165486162,0,-1.2042389446052404,1.7552443564541997,-1.836769708813868,-0.5043891363776032,2.2730978821174253,0.41747293079013037,2.0,3.0,0.7231835965255894,1.279180085367937,2.2730978821174253,1.7552443564541997
BELFB,2024-01-16,train,True,True,D-1,62.1699981689,62.7700004578,61.0900001526,62.0499992371,62.2200012207,64.2799987793,3.3939209788420355,1,1.7552443564541997,-1.836769708813868,-0.5043891363776032,2.2730978821174253,0.6715672575180687,2.324070101690112,3.0,4.0,0.8685117133746362,0.6035595197356747,2.2730978821174253,1.7552443564541997
BELFB,2024-01-17,train,True,True,D-1,61.1100006104,62.2200012207,60.7299995422,62.0699996948,64.2799987793,65.0,6.365569220658762,1,-1.836769708813868,-0.5043891363776032,2.2730978821174253,0.6715672575180687,-1.4453619133295459,-0.8944279952729728,2.0,1.0,0.5714281821937732,1.933925507903167,2.2730978821174253,3.0565991152914695
BELFB,2024-01-18,train,True,True,D-1,62.0699996948,64.2799987793,62.0699996948,63.8199996948,65.0,67.4000015259,8.587082096516463,1,-0.5043891363776032,2.2730978821174253,0.6715672575180687,-1.4453619133295459,0.032232808937804336,0.9925164649959184,3.0,2.0,0.5785712047471346,1.9010799275045898,2.2730978821174253,3.6866928672531607
BELFB,2024-01-19,train,True,True,D-1,64.4199981689,65.0,62.7400016785,64.9800033569,67.4000015259,68.9899978638,7.094069892579191,1,2.2730978821174253,0.6715672575180687,-1.4453619133295459,0.032232808937804336,2.819397468349938,4.366309243294331,4.0,0.0,0.8798957381883,0.7207757547787574,2.819397468349938,2.2730978821174253
BELFB,2024-01-22,train,True,True,D-1,65.5199966431,67.4000015259,65.4100036621,67.1800003052,68.9899978638,69.4800033569,6.043966600564588,1,0.6715672575180687,-1.4453619133295459,0.032232808937804336,2.819397468349938,1.817617780707237,3.9015068846845136,4.0,0.0,0.9953169459119208,0.030773533497940875,2.819397468349938,0.6715672575180687
BELFB,2024-01-23,train,True,True,D-1,67.6900024414,68.9899978638,67.2200012207,68.2300033569,69.4800033569,67.9800033569,2.6444095892146358,0,-1.4453619133295459,0.032232808937804336,2.819397468349938,1.817617780707237,3.385652253996674,6.70267039717749,4.0,0.0,0.9670163185501844,0.32748023176618624,3.385652253996674,2.819397468349938
BELFB,2024-01-24,train,True,True,D-1,69.0,69.4800033569,66.1999969482,66.6299972534,67.9800033569,67.0,-1.4782560044927506,0,0.032232808937804336,2.819397468349938,1.817617780707237,3.385652253996674,1.56296970367642,9.959716673300045,5.0,0.0,0.9079909610983086,1.1138714194759647,3.385652253996674,2.819397468349938
BELFB,2024-01-25,train,True,True,D-1,67.9800033569,67.9800033569,66.2099990845,66.8499984741,67.0,67.3000030518,-1.0002946035909122,0,2.819397468349938,1.817617780707237,3.385652253996674,1.56296970367642,-2.345018356705364,7.346540327084972,4.0,0.0,0.6153839817816904,4.277361880507291,3.385652253996674,4.204352833486579
BELFB,2024-01-26,train,True,True,D-1,66.8600006104,67.0,65.4700012207,66.2200012207,67.3000030518,69.2099990845,3.514804745207356,1,1.817617780707237,3.385652253996674,1.56296970367642,-2.345018356705364,0.33018344554827106,4.747726094938987,4.0,1.0,0.6097916575854135,3.9341883961582225,3.385652253996674,5.408230027562677
BELFB,2024-01-29,train,True,True,D-1,66.9800033569,67.3000030518,65.6800003052,67.1299972534,69.2099990845,69.0,3.3293454999062444,1,3.385652253996674,1.56296970367642,-2.345018356705364,0.33018344554827106,-0.9424042898730778,1.908276084550753,3.0,2.0,0.1990166140884208,4.92298712791468,3.385652253996674,4.000984761276771
BELFB,2024-01-30,train,True,True,D-1,67.6399993896,69.2099990845,67.0,68.8899993896,69.0,69.5299987793,2.7942037355940474,0,1.56296970367642,-2.345018356705364,0.33018344554827106,-0.9424042898730778,1.3742011717383429,-0.07443145515454441,3.0,3.0,0.4139638774040829,3.500679576418375,1.56296970367642,1.56296970367642
BELFB,2024-01-31,train,True,True,D-1,68.5299987793,69.0,66.8499984741,66.8600006104,69.5299987793,68.8399963379,1.4592149683534839,0,-2.345018356705364,0.33018344554827106,-0.9424042898730778,1.3742011717383429,2.6217819279157784,0.9673105675338745,3.0,4.0,0.8528669194527916,0.8564435658698244,2.6217819279157784,0.33018344554827106
BELFB,2024-02-01,train,True,True,D-1,67.2099990845,69.5299987793,67.2099990845,68.9899978638,68.8399963379,67.1299972534,2.425230286568958,0,0.33018344554827106,-0.9424042898730778,1.3742011717383429,2.6217819279157784,-2.946724919707977,0.34519490692046517,3.0,1.0,0.37165780311106783,3.514804745207356,2.6217819279157784,1.7764008649408303
BELFB,2024-02-02,train,True,True,D-1,68.1999969482,68.8399963379,67.5199966431,67.8099975586,67.1299972534,66.9300003052,-1.5689145787098568,0,-0.9424042898730778,1.3742011717383429,2.6217819279157784,-2.946724919707977,3.1857571551811903,3.2011958691803066,3.0,0.0,0.8669947684189719,0.7827234848826414,3.1857571551811903,2.6217819279157784
BELFB,2024-02-05,train,True,True,D-1,66.7399978638,67.1299972534,65.9300003052,66.5500030518,66.9300003052,67.9400024414,1.7980290920130315,0,1.3742011717383429,2.6217819279157784,-2.946724919707977,3.1857571551811903,-1.7103933058956633,2.4010817103442994,3.0,1.0,0.5532462591164858,2.5365009329392896,3.1857571551811903,2.6217819279157784
BELFB,2024-02-06,train,True,True,D-1,66.6699981689,66.9300003052,65.0800018311,66.5899963379,67.9400024414,70.2200012207,5.324738487027592,1,2.6217819279157784,-2.946724919707977,3.1857571551811903,-1.7103933058956633,-1.8581249847577919,-0.8639866309105626,2.0,2.0,0.17222305816532543,4.477829588047477,3.1857571551811903,6.7224942004801775
BELFB,2024-02-07,train,True,True,D-1,66.7900009155,67.9400024414,65.9100036621,67.6299972534,70.2200012207,73.2300033569,9.642165523470547,1,-2.946724919707977,3.1857571551811903,-1.7103933058956633,-1.8581249847577919,0.060095092811440765,-3.33866028752966,2.0,3.0,0.3393248409778763,4.415081248062314,3.1857571551811903,4.984903689061682
BELFB,2024-02-08,train,True,True,D-1,67.6299972534,70.2200012207,67.3199996948,69.8399963379,73.2300033569,74.3399963379,9.92163146090126,1,3.1857571551811903,-1.7103933058956633,-1.8581249847577919,0.060095092811440765,1.5617975261970063,1.151655154008835,3.0,4.0,0.5730330721533331,2.809406480945076,3.1857571551811903,3.1857571551811903
BELFB,2024-02-09,train,True,True,D-1,70.5,73.2300033569,70.4300003052,72.0800018311,74.3399963379,71.8799972534,5.446803316170223,1,-1.7103933058956633,-1.8581249847577919,0.060095092811440765,1.5617975261970063,3.2677793497749796,1.2320604441502736,3.0,0.0,0.926069080169761,0.5441078217722994,3.2677793497749796,0.060095092811440765
BELFB,2024-02-12,train,True,True,D-1,72.5699996948,74.3399963379,71.7399978638,73.3700027466,71.8799972534,73.4499969482,1.2126185160547198,0,-1.8581249847577919,0.060095092811440765,1.5617975261970063,3.2677793497749796,3.2073390759678855,6.297012868655472,4.0,0.0,0.8588955447235808,1.5954515768391797,3.2677793497749796,1.5617975261970063
BELFB,2024-02-13,train,True,True,D-1,71.8799972534,71.8799972534,68.3799972534,68.7799987793,73.4499969482,74.75,3.9927696943035773,1,0.060095092811440765,1.5617975261970063,3.2677793497749796,3.2073390759678855,1.789679360057117,10.247932955752926,5.0,0.0,0.8952490100736341,1.3220574553473918,3.2677793497749796,3.2677793497749796
BELFB,2024-02-14,train,True,True,D-1,69.6200027466,73.4499969482,69.6200027466,72.7699966431,74.75,74.3799972534,7.368568013523302,1,1.5617975261970063,3.2677793497749796,3.2073390759678855,1.789679360057117,-6.255968100686349,3.2887859465965175,4.0,1.0,0.3404504876307787,8.083741868680194,3.2677793497749796,7.846029860273951
BELFB,2024-02-15,train,True,True,D-1,73.0,74.75,71.8600006104,74.1299972534,74.3799972534,72.8899993896,1.8904071964383595,0,3.2677793497749796,3.2073390759678855,1.789679360057117,-6.255968100686349,5.801101969488287,7.600176842298456,4.0,2.0,0.7763532128832047,2.1574821591652027,5.801101969488287,4.085560569672508
BELFB,2024-02-16,train,True,True,D-1,73.9599990845,74.3799972534,72.9599990845,73.9100036621,72.8899993896,70.2799987793,-1.4467275664477808,0,3.2073390759678855,1.789679360057117,-6.255968100686349,5.801101969488287,1.868902944946016,6.142613316793599,4.0,0.0,0.9026683706014221,0.8363722778521376,5.801101969488287,3.2073390759678855
BELFB,2024-02-20,train,True,True,D-1,72.8899993896,72.8899993896,69.4000015259,70.5,70.2799987793,53.8300018311,-3.5807389657797173,0,1.789679360057117,-6.255968100686349,5.801101969488287,1.868902944946016,-0.29676729994742024,2.5388482027069115,3.0,1.0,0.8681324998881116,1.1365123748880768,5.801101969488287,5.801101969488287
BELFB,2024-02-21,train,True,True,D-1,69.8300018311,70.2799987793,68.8300018311,70.1100006104,53.8300018311,53.5299987793,-22.912787599089146,0,-6.255968100686349,5.801101969488287,1.868902944946016,-0.29676729994742024,-4.613724114654049,-3.911684120432979,2.0,2.0,0.3328103347728619,6.028368794326244,5.801101969488287,10.697901359607664
BELFB,2024-02-22,train,True,True,D-1,52.6699981689,53.8300018311,45.75,50.0200004578,53.5299987793,52.9799995422,1.6328092658028703,0,5.801101969488287,1.868902944946016,-0.29676729994742024,-4.613724114654049,-0.553190623546107,1.9337043540341936,2.0,3.0,0.21621607689412953,6.618170516620592,5.801101969488287,10.942494018489889
BELFB,2024-02-23,train,True,True,D-1,51.3300018311,53.5299987793,49.7400016785,50.25,52.9799995422,53.4700012207,4.169100551840255,1,1.868902944946016,-0.29676729994742024,-4.613724114654049,-0.553190623546107,-28.654970728412565,-31.262879256236896,1.0,4.0,0.1472413950965518,49.440222542708234,1.868902944946016,30.918547685655227
BELFB,2024-02-26,train,True,True,D-1,50.0099983215,52.9799995422,49.4500007629,52.75,53.4700012207,51.4199981689,6.918622306196909,1,-0.29676729994742024,-4.613724114654049,-0.553190623546107,-28.654970728412565,0.45981515412827356,-32.213676161042535,1.0,4.0,0.15717780061839143,48.01989503164181,0.45981515412827356,28.326915472104552
BELFB,2024-02-27,train,True,True,D-1,53.0499992371,53.4700012207,50.5999984741,51.25,51.4199981689,52.2700004578,-1.47030874744013,0,-4.613724114654049,-0.553190623546107,-28.654970728412565,0.45981515412827356,4.975124378109452,-28.629417688624127,2.0,4.0,0.2579218923152366,38.18009362957346,4.975124378109452,0.0
BELFB,2024-02-28,train,True,True,D-1,50.5499992371,51.4199981689,50.2900009155,50.3199996948,52.2700004578,54.4599990845,7.734915739682813,1,-0.553190623546107,-28.654970728412565,0.45981515412827356,4.975124378109452,-2.843601895734593,-27.30496453900709,2.0,4.0,0.22421525779451956,37.13170493521951,4.975124378109452,0.45981515412827356
BELFB,2024-02-29,train,True,True,D-1,51.0699996948,52.2700004578,50.3100013733,51.9700012207,54.4599990845,56.3400001526,10.319170725071668,1,-28.654970728412565,0.45981515412827356,4.975124378109452,-2.843601895734593,-1.814634741853649,-28.227072804595544,2.0,4.0,0.5655938934580478,6.975361998387908,4.975124378109452,9.581760027777698
BELFB,2024-03-01,train,True,True,D-1,52.1800003052,54.4599990845,51.6100006104,53.7999992371,56.3400001526,56.3699989319,8.029893833255585,1,0.45981515412827356,4.975124378109452,-2.843601895734593,-1.814634741853649,3.279017360706593,3.8984421132605585,3.0,4.0,0.6176474713150792,3.0017270001114538,4.975124378109452,4.975124378109452
BELFB,2024-03-04,train,True,True,D-1,54.4399986267,56.3400001526,54.2999992371,55.3499984741,56.3699989319,56.7999992371,4.335048989590784,1,4.975124378109452,-2.843601895734593,-1.814634741853649,3.279017360706593,3.5212583671656805,7.064675098706474,3.0,0.0,0.8682634593799193,1.2267655330092664,4.975124378109452,4.975124378109452
BELFB,2024-03-05,train,True,True,D-1,54.8300018311,56.3699989319,54.8199996948,55.3499984741,56.7999992371,57.75,5.325548187823981,1,-2.843601895734593,-1.814634741853649,3.279017360706593,3.5212583671656805,2.8810395148316736,4.928907059905208,3.0,0.0,0.8363633382911718,1.7886209680082477,3.5212583671656805,3.279017360706593
BELFB,2024-03-06,train,True,True,D-1,55.5999984741,56.7999992371,54.7599983215,55.9199981689,57.75,58.5099983215,5.233812818817896,1,-1.814634741853649,3.279017360706593,3.5212583671656805,2.8810395148316736,0.0,7.999997022634142,3.0,0.0,0.8322367120764375,1.8428193060877618,3.5212583671656805,3.5212583671656805
BELFB,2024-03-07,train,True,True,D-1,56.5299987793,57.75,56.4900016785,57.3199996948,58.5099983215,56.4399986267,3.5025642755276865,1,3.279017360706593,3.5212583671656805,2.8810395148316736,0.0,1.029809775092816,11.128772869763548,4.0,0.0,0.8644065704384152,1.5736786427318128,3.5212583671656805,3.5212583671656805
BELFB,2024-03-08,train,True,True,D-1,58.1100006104,58.5099983215,56.2200012207,56.8300018311,56.4399986267,56.1500015259,-2.873863304350255,0,3.5212583671656805,2.8810395148316736,0.0,1.029809775092816,2.503579348610585,10.29439743782239,4.0,0.0,0.9299673700410563,0.7501749956202453,3.5212583671656805,3.5212583671656805
BELFB,2024-03-11,train,True,True,D-1,56.4399986267,56.4399986267,55.6699981689,55.9900016785,56.1500015259,56.8600006104,0.7441566157326385,0,2.8810395148316736,0.0,1.029809775092816,2.503579348610585,-0.8548462426884118,5.631975161647462,3.0,0.0,0.6009508656129716,2.9561788426348823,2.8810395148316736,2.8810395148316736
BELFB,2024-03-12,train,True,True,D-1,55.5800018311,56.1500015259,55.2000007629,55.8800010681,56.8600006104,57.0900001526,2.7168014964963128,0,0.0,1.029809775092816,2.503579348610585,-0.8548462426884118,-1.478092777643214,1.1562840506661898,2.0,1.0,0.3280008952000003,4.500797584308103,2.503579348610585,4.823882948369085
BELFB,2024-03-13,train,True,True,D-1,55.9099998474,56.8600006104,55.2700004578,56.4399986267,57.0900001526,56.3100013733,2.1105353396899895,0,1.029809775092816,2.503579348610585,-0.8548462426884118,-1.478092777643214,-0.196464738528912,0.957547621700483,2.0,2.0,0.29866739909333356,4.706508953346056,2.503579348610585,4.1752329336719125
BELFB,2024-03-14,train,True,True,D-1,56.1199989319,57.0900001526,55.3699989319,56.1899986267,56.3100013733,55.9799995422,0.33856458484713414,0,2.503579348610585,-0.8548462426884118,-1.478092777643214,-0.196464738528912,1.0021430706802281,0.929900706057607,2.0,3.0,0.37462198743266634,3.6676111714516235,2.503579348610585,2.503579348610585
BELFB,2024-03-15,train,True,True,D-1,55.5099983215,56.3100013733,55.2000007629,55.8400001526,55.9799995422,56.2000007629,1.2430237115189202,0,-0.8548462426884118,-1.478092777643214,-0.196464738528912,1.0021430706802281,-0.44294827442064033,-1.9713905689404787,1.0,4.0,0.29909323081758893,4.128848107317085,1.0021430706802281,0.0
BELFB,2024-03-18,train,True,True,D-1,55.5400009155,55.9799995422,54.6699981689,55.0099983215,56.2000007629,57.9300003052,4.303203727591232,1,-1.478092777643214,-0.196464738528912,1.0021430706802281,-0.44294827442064033,-0.6228839342482084,-1.7420405535834904,1.0,1.0,0.3386241250594204,2.2385386758309256,1.0021430706802281,2.0652162257106865
BELFB,2024-03-19,train,True,True,D-1,54.3800010681,56.2000007629,54.1399993896,55.8300018311,57.9300003052,59.75,9.874951869116666,1,-0.196464738528912,1.0021430706802281,-0.44294827442064033,-0.6228839342482084,-1.4863929599422732,-1.7503184990550147,1.0,2.0,0.1404958156605162,3.781134147548326,1.0021430706802281,3.102161461923436
BELFB,2024-03-20,train,True,True,D-1,55.4199981689,57.9300003052,55.4199981689,57.9300003052,59.75,58.75,7.813067438045973,1,1.0021430706802281,-0.44294827442064033,-0.6228839342482084,-1.4863929599422732,1.4906444912206274,-0.08947608454600298,2.0,3.0,0.572882035386782,2.256848074825113,1.4906444912206274,1.0200483741771404
BELFB,2024-03-21,train,True,True,D-1,58.5,59.75,58.1300010681,59.0099983215,58.75,59.7599983215,2.1538432846153865,0,-0.44294827442064033,-0.6228839342482084,-1.4863929599422732,1.4906444912206274,3.7614157356702815,2.6399746895017007,2.0,0.0,1.0,0.0,3.7614157356702815,0.0
BELFB,2024-03-22,train,True,True,D-1,56.9099998474,58.75,56.7099990845,58.4199981689,59.7599983215,59.5499992371,5.007904554106579,1,-0.6228839342482084,-1.4863929599422732,1.4906444912206274,3.7614157356702815,1.8643155715693194,5.018686178539977,3.0,0.0,0.8680924067765409,1.254027621672349,3.7614157356702815,1.4906444912206274
BELFB,2024-03-25,train,True,True,D-1,59.7599983215,59.7599983215,57.8400001526,58.7099990845,59.5499992371,59.4099998474,-0.35140410023144497,0,-1.4863929599422732,1.4906444912206274,3.7614157356702815,1.8643155715693194,-0.9998308242368359,4.620340274443713,3.0,1.0,0.7629230505546829,2.276620802442997,3.7614157356702815,3.7614157356702815
BELFB,2024-03-26,train,True,True,D-1,59.3400001526,59.5499992371,57.6699981689,58.0900001526,59.4099998474,60.4300003052,1.836872513982013,0,1.4906444912206274,3.7614157356702815,1.8643155715693194,-0.9998308242368359,0.49640692346748505,6.726051401375699,4.0,0.0,0.8131673600434263,1.7884504400839107,3.7614157356702815,4.269802865874106
BELFB,2024-03-27,train,True,True,D-1,58.4300003052,59.4099998474,57.9700012207,59.4099998474,60.4300003052,61.5099983215,5.271261338716604,1,3.7614157356702815,1.8643155715693194,-0.9998308242368359,0.49640692346748505,-1.0560363508227089,4.047999726629192,3.0,1.0,0.6152078087141213,2.8748462119349005,3.7614157356702815,4.326287400585327
BELFB,2024-03-28,train,True,True,D-1,59.2000007629,60.4300003052,58.4399986267,60.3100013733,61.5099983215,60.6699981689,3.902022852755871,1,1.8643155715693194,-0.9998308242368359,0.49640692346748505,-1.0560363508227089,2.2723354989368616,2.554806722600955,3.0,2.0,0.8852463732272082,0.5891238427857326,2.2723354989368616,1.8643155715693194
BELFB,2024-04-01,train,True,True,D-1,60.4300003052,61.5099983215,59.7099990845,60.4500007629,60.6699981689,61.5299987793,1.8202854021917902,0,-0.9998308242368359,0.49640692346748505,-1.0560363508227089,2.2723354989368616,1.5148990543877083,2.2030216722211726,3.0,0.0,0.9677422331927571,0.19897020256598452,2.2723354989368616,0.49640692346748505
BELFB,2024-04-02,train,True,True,D-1,59.3800010681,60.6699981689,58.8499984741,60.6199989319,61.5299987793,62.7900009155,5.742673940826037,1,0.49640692346748505,-1.0560363508227089,2.2723354989368616,1.5148990543877083,0.232132957075315,3.4748419336320113,4.0,0.0,0.7239589800843376,1.7535112410627995,2.2723354989368616,2.2723354989368616
BELFB,2024-04-03,train,True,True,D-1,60.0200004578,61.5299987793,60.0200004578,61.1800003052,62.7900009155,61.8899993896,4.61512901794725,1,-1.0560363508227089,2.2723354989368616,1.5148990543877083,0.232132957075315,0.28122111969324237,3.2532786189469753,4.0,1.0,0.7682293348354696,1.4681613416057893,2.2723354989368616,2.2723354989368616
BELFB,2024-04-04,train,True,True,D-1,61.7400016785,62.7900009155,60.8499984741,61.0,61.8899993896,62.0699996948,0.534496286570274,0,2.2723354989368616,1.5148990543877083,0.232132957075315,0.28122111969324237,0.9237898105691089,5.319332319646586,5.0,0.0,0.9016857544594372,0.5720798828931395,2.2723354989368616,2.2723354989368616
BELFB,2024-04-05,train,True,True,D-1,60.8199996948,61.8899993896,60.8199996948,61.7000007629,62.0699996948,62.2999992371,2.4334093221419995,0,1.5148990543877083,0.232132957075315,0.28122111969324237,0.9237898105691089,-0.2942142927460867,2.676317382063731,4.0,0.0,0.5885057531788573,2.934427730327882,1.5148990543877083,1.5148990543877083
BELFB,2024-04-08,train,True,True,D-1,61.7999992371,62.0699996948,61.25,61.8499984741,62.2999992371,60.3699989319,0.8090614986607347,0,0.232132957075315,0.28122111969324237,0.9237898105691089,-0.2942142927460867,1.1475422342622998,2.3047576818914894,4.0,1.0,0.7233503865005996,1.7666128672974235,1.1475422342622998,0.9237898105691089
BELFB,2024-04-09,train,True,True,D-1,62.2999992371,62.2999992371,60.5800018311,61.25,60.3699989319,59.4099998474,-3.0979138504558357,0,0.28122111969324237,0.9237898105691089,-0.2942142927460867,1.1475422342622998,0.24310811887411354,2.3159597907883356,4.0,2.0,0.7614208479865834,1.5198099670020726,1.1475422342622998,0.9237898105691089
BELFB,2024-04-10,train,True,True,D-1,59.5299987793,60.3699989319,58.4099998474,58.9900016785,59.4099998474,59.4799995422,-0.0839899850920034,0,0.9237898105691089,-0.2942142927460867,1.1475422342622998,0.24310811887411354,-0.970086481653265,1.0392627502480378,3.0,3.0,0.4440430826575737,2.514287208979593,1.1475422342622998,1.8768789560384525
BELFB,2024-04-11,train,True,True,D-1,59.4099998474,59.4099998474,58.3100013733,59.0200004578,59.4799995422,59.1100006104,0.1178247685234668,0,-0.2942142927460867,1.1475422342622998,0.24310811887411354,-0.970086481653265,-3.6897931779591775,-3.5795989143103335,2.0,4.0,0.1324204770917094,6.441768314756602,1.1475422342622998,5.771627709054405
BELFB,2024-04-12,train,True,True,D-1,58.8300018311,59.4799995422,57.9300003052,58.5400009155,59.1100006104,58.7099990845,0.4759455559832704,0,1.1475422342622998,0.24310811887411354,-0.970086481653265,-3.6897931779591775,0.05085400652045102,-3.24590088885246,3.0,2.0,0.17794472797632377,5.5574360451678295,1.1475422342622998,4.788357813364341
BELFB,2024-04-15,train,True,True,D-1,58.7900009155,59.1100006104,58.1100006104,58.3899993896,58.7099990845,58.8300018311,0.0680403384539785,0,0.24310811887411354,-0.970086481653265,-3.6897931779591775,0.05085400652045102,-0.8132828508586765,-5.121555605069117,2.0,3.0,0.13958827446092462,6.422955693197552,0.24310811887411354,1.0059505501263444
BELFB,2024-04-16,train,True,True,D-1,57.8600006104,58.7099990845,57.5,58.2799987793,58.8300018311,57.2999992371,1.676462513769228,0,-0.970086481653265,-3.6897931779591775,0.05085400652045102,-0.8132828508586765,-0.2562376555417578,-5.594178124270921,1.0,4.0,0.1052629741032918,6.6963519239159774,0.05085400652045102,1.1182905760109274
BELFB,2024-04-17,train,True,True,D-1,58.7900009155,58.8300018311,56.8199996948,56.8199996948,57.2999992371,57.2999992371,-2.534447448880983,0,-3.6897931779591775,0.05085400652045102,-0.8132828508586765,-0.2562376555417578,-0.18838946985773042,-4.848981584816325,1.0,4.0,0.27177667929779536,3.586136232628623,0.05085400652045102,0.4949984071590863
BELFB,2024-04-18,train,True,True,D-1,56.8300018311,57.2999992371,55.9399986267,56.0299987793,57.2999992371,57.6599998474,1.4604926791429218,0,0.05085400652045102,-0.8132828508586765,-0.2562376555417578,-0.18838946985773042,-2.5051460450931984,-3.678592849558937,1.0,3.0,0.0,4.6814499501720785,0.05085400652045102,2.7396700901178628
BELFB,2024-04-19,train,True,True,D-1,55.7000007629,57.2999992371,53.7400016785,56.5699996948,57.6599998474,59.3100013733,6.481150019668425,1,-0.8132828508586765,-0.2562376555417578,-0.18838946985773042,-2.5051460450931984,-1.390357127320263,-5.066082099809344,0.0,4.0,0.0254237653459156,6.157417165917534,-0.18838946985773042,3.8606726958257287
BELFB,2024-04-22,train,True,True,D-1,56.7400016785,57.6599998474,56.0200004578,57.0499992371,59.3100013733,61.0,7.50792773260387,1,-0.2562376555417578,-0.18838946985773042,-2.5051460450931984,-1.390357127320263,0.9637710641883901,-3.365222394758094,1.0,4.0,0.5270015976146014,4.490014016799582,0.9637710641883901,0.43998592281386806
BELFB,2024-04-23,train,True,True,D-1,57.1699981689,59.3100013733,57.1699981689,59.0600013733,61.0,61.3600006104,7.329023221447861,1,-0.18838946985773042,-2.5051460450931984,-1.390357127320263,0.9637710641883901,0.8485054709026718,-2.294913797753295,2.0,3.0,0.6502941963389213,3.12007470254696,0.9637710641883901,0.0
BELFB,2024-04-24,train,True,True,D-1,59.0900001526,61.0,59.0900001526,60.7000007629,61.3600006104,61.1199989319,3.841598327868878,1,-2.5051460450931984,-1.390357127320263,0.9637710641883901,0.8485054709026718,3.5232290325656557,1.3383709854795534,3.0,0.0,0.9551166941295538,0.42329833082770385,3.5232290325656557,0.9637710641883901
BELFB,2024-04-25,train,True,True,D-1,59.6699981689,61.3600006104,57.4900016785,60.7799987793,61.1199989319,59.8199996948,2.430033195066761,0,-1.390357127320263,0.9637710641883901,0.8485054709026718,3.5232290325656557,2.7768360167045536,6.8285834018670055,4.0,0.0,0.9586777814794287,0.4942326743484493,3.5232290325656557,0.9637710641883901
BELFB,2024-04-26,train,True,True,D-1,58.6100006104,61.1199989319,57.0,57.9099998474,59.8199996948,59.25,2.0644925299408756,0,0.9637710641883901,0.8485054709026718,3.5232290325656557,2.7768360167045536,0.13179244710801452,8.477601469723517,5.0,0.0,0.9238842634646697,0.954264301988661,3.5232290325656557,3.5232290325656557
BELFB,2024-04-29,train,True,True,D-1,57.7599983215,59.8199996948,57.1199989319,59.2599983215,59.25,60.1500015259,4.137817302377544,1,0.8485054709026718,3.5232290325656557,2.7768360167045536,0.13179244710801452,-4.721946346727213,2.3687469680562456,4.0,1.0,0.3539324598482972,5.957521623365869,3.5232290325656557,8.119606100826338
BELFB,2024-04-30,train,True,True,D-1,58.9599990845,59.25,58.5,58.7200012207,60.1500015259,58.6300010681,2.018321675504975,0,3.5232290325656557,2.7768360167045536,0.13179244710801452,-4.721946346727213,2.3312009629725683,3.8737933636339372,4.0,2.0,0.5183481663074033,3.543709666522399,3.5232290325656557,6.024052475026254
BELFB,2024-05-01,train,True,True,D-1,58.7299995422,60.1500015259,58.2400016785,58.4900016785,58.6300010681,59.3400001526,1.0386525032435756,0,2.7768360167045536,0.13179244710801452,-4.721946346727213,2.3312009629725683,-0.9112337429886264,-0.5756859883069843,3.0,3.0,0.3944956375917113,4.495911673737063,2.7768360167045536,2.7768360167045536
BELFB,2024-05-02,train,True,True,D-1,57.9500007629,58.6300010681,57.2000007629,58.5699996948,59.3400001526,59.25,2.398618414842013,0,0.13179244710801452,-4.721946346727213,2.3312009629725683,-0.9112337429886264,-0.39168858552223185,-3.6408551179965665,2.0,4.0,0.3417434563990355,4.906819711983301,2.3312009629725683,3.6305540929247093
BELFB,2024-05-03,train,True,True,D-1,58.8400001526,59.3400001526,57.7299995422,58.0400009155,59.25,61.1699981689,3.959887848839583,1,-4.721946346727213,2.3312009629725683,-0.9112337429886264,-0.39168858552223185,0.13677212173752729,-3.636063061673933,2.0,4.0,0.3810679858783299,4.353763446111802,2.3312009629725683,2.5866531475462917
BELFB,2024-05-06,train,True,True,D-1,58.2099990845,59.25,58.2099990845,59.2099990845,61.1699981689,62.2400016785,6.923213635770531,1,2.3312009629725683,-0.9112337429886264,-0.39168858552223185,0.13677212173752729,-0.9048980400576223,0.22448811680637615,2.0,2.0,0.30363075774977427,3.6354248399684375,2.3312009629725683,3.100564529541605
BELFB,2024-05-07,train,True,True,D-1,59.4799995422,61.1699981689,59.4000015259,61.0,62.2400016785,62.4199981689,4.942835657915778,1,-0.9112337429886264,-0.39168858552223185,0.13677212173752729,-0.9048980400576223,2.015847950628724,-0.08437266016907419,2.0,3.0,0.6813551870257593,1.5875738151228447,2.015847950628724,0.13677212173752729
BELFB,2024-05-08,train,True,True,D-1,60.2700004578,62.2400016785,60.2700004578,61.8899993896,62.4199981689,62.9300003052,4.413472419437725,1,-0.39168858552223185,0.13677212173752729,-0.9048980400576223,2.015847950628724,3.0231395763838043,3.882831627898975,3.0,0.0,0.9571792745649967,0.2786855227868923,3.0231395763838043,0.13677212173752729
BELFB,2024-05-09,train,True,True,D-1,62.0999984741,62.4199981689,60.1399993896,62.4199981689,62.9300003052,62.4900016785,1.3365569267222543,0,0.13677212173752729,-0.9048980400576223,2.015847950628724,3.0231395763838043,1.4590153927868776,5.812955400118902,4.0,0.0,0.930555114024551,0.5655231739407851,3.0231395763838043,2.015847950628724
BELFB,2024-05-10,train,True,True,D-1,62.6100006104,62.9300003052,61.6800003052,62.0800018311,62.4900016785,63.25,1.0221999414797844,0,-0.9048980400576223,2.015847950628724,3.0231395763838043,1.4590153927868776,0.8563560906886369,6.5733284858490615,4.0,0.0,1.0,0.0,3.0231395763838043,3.0231395763838043
BELFB,2024-05-13,train,True,True,D-1,62.4900016785,62.4900016785,61.9199981689,61.9700012207,63.25,66.4199981689,6.28900045581553,1,2.015847950628724,3.0231395763838043,1.4590153927868776,0.8563560906886369,-0.5446913613807225,6.960718214808104,4.0,0.0,0.8199156240951271,1.3691985325847256,3.0231395763838043,3.0231395763838043
BELFB,2024-05-14,train,True,True,D-1,62.5400009155,63.25,62.3199996948,63.0699996948,66.4199981689,67.0500030518,7.211388024112164,1,3.0231395763838043,1.4590153927868776,0.8563560906886369,-0.5446913613807225,-0.17719169967049808,4.66137844768606,3.0,1.0,0.7280454910836066,1.5491351711952595,3.0231395763838043,3.7440574895538314
BELFB,2024-05-15,train,True,True,D-1,63.9000015259,66.4199981689,63.7999992371,66.3899993896,67.0500030518,67.3899993896,5.461655368326457,1,1.4590153927868776,0.8563560906886369,-0.5446913613807225,-0.17719169967049808,1.775049947445484,3.3934421226229583,3.0,0.0,0.9421220997198309,0.2853976630268429,1.775049947445484,1.4590153927868776
BELFB,2024-05-16,train,True,True,D-1,66.0899963379,67.0500030518,65.2699966431,66.2900009155,67.3899993896,67.3899993896,1.967019403441106,0,0.8563560906886369,-0.5446913613807225,-0.17719169967049808,1.775049947445484,5.263991930974643,7.270964686349934,3.0,0.0,0.9952231233867642,0.04518568997711192,5.263991930974643,0.8563560906886369
BELFB,2024-05-17,train,True,True,D-1,66.6699981689,67.3899993896,64.3199996948,65.1100006104,67.3899993896,67.2300033569,1.0799478633192416,0,-0.5446913613807225,-0.17719169967049808,1.775049947445484,5.263991930974643,-0.15062279713723425,6.199940500043444,2.0,0.0,0.8584726727037162,1.1464808052556563,5.263991930974643,1.775049947445484
BELFB,2024-05-20,train,True,True,D-1,64.9300003052,67.3899993896,64.6399993896,66.5400009155,67.2300033569,68.4899978638,5.482823874736531,1,-0.17719169967049808,1.775049947445484,5.263991930974643,-0.15062279713723425,-1.7800577595468048,4.880796858775338,2.0,0.0,0.5831813034022982,3.5017643339352533,5.263991930974643,7.191991314870593
BELFB,2024-05-21,train,True,True,D-1,65.8899993896,67.2300033569,65.8899993896,66.3099975586,68.4899978638,68.3000030518,3.9459682778664185,1,1.775049947445484,5.263991930974643,-0.15062279713723425,-1.7800577595468048,2.1962836610257996,7.3745354280765785,3.0,1.0,0.8323474309136946,1.2774248007291655,5.263991930974643,5.263991930974643
BELFB,2024-05-22,train,True,True,D-1,66.4199981689,68.4899978638,65.9300003052,67.4000015259,68.3000030518,69.1999969482,4.185484576844933,1,5.263991930974643,-0.15062279713723425,-1.7800577595468048,2.1962836610257996,-0.3456617880003954,5.137145837131074,2.0,2.0,0.6991638481552953,1.628716439094391,5.263991930974643,5.263991930974643
BELFB,2024-05-23,train,True,True,D-1,67.7300033569,68.3000030518,66.8300018311,67.5500030518,69.1999969482,69.5899963379,2.746187640356168,0,-0.15062279713723425,-1.7800577595468048,2.1962836610257996,-0.3456617880003954,1.6438003429825487,1.521316682611995,2.0,0.0,0.7386098761378125,1.6172052124971303,2.1962836610257996,2.1962836610257996
BELFB,2024-05-24,train,True,True,D-1,67.7900009155,69.1999969482,67.5999984741,68.7200012207,69.5899963379,68.9800033569,2.6552520992641604,0,-1.7800577595468048,2.1962836610257996,-0.3456617880003954,1.6438003429825487,0.2225541876914816,1.9007423727541273,3.0,1.0,0.7745814808773851,1.3915540629645395,2.1962836610257996,2.1962836610257996
BELFB,2024-05-28,train,True,True,D-1,68.8499984741,69.5899963379,68.0999984741,68.6999969482,68.9800033569,69.6399993896,1.1474232868678769,0,2.1962836610257996,-0.3456617880003954,1.6438003429825487,0.2225541876914816,1.7320475441026995,5.544464101453839,4.0,0.0,0.8947377227001487,0.6984803826741048,2.1962836610257996,2.1962836610257996
BELFB,2024-05-29,train,True,True,D-1,67.8499984741,68.9800033569,67.7600021362,67.8300018311,69.6399993896,69.1800003052,2.6381738478347794,0,-0.3456617880003954,1.6438003429825487,0.2225541876914816,1.7320475441026995,-0.029109825588857774,3.24616171172436,3.0,0.0,0.7594594260114381,1.295486796558487,1.7320475441026995,1.6438003429825487
BELFB,2024-05-30,train,True,True,D-1,67.8499984741,69.6399993896,67.8000030518,68.8600006104,69.1800003052,69.7200012207,2.756083697354561,0,1.6438003429825487,0.2225541876914816,1.7320475441026995,-0.029109825588857774,-1.2663684945371512,2.292270137933161,3.0,1.0,0.5191266626861242,2.594713930839143,1.7320475441026995,3.027157226568633
BELFB,2024-05-31,train,True,True,D-1,69.0,69.1800003052,67.9899978638,68.1999969482,69.7200012207,67.5,1.043480029999988,0,0.2225541876914816,1.7320475441026995,-0.029109825588857774,-1.2663684945371512,1.5185002970584227,2.166170699475378,3.0,0.0,0.722420122095628,1.1327312987014615,1.7320475441026995,1.7320475441026995
BELFB,2024-06-03,train,True,True,D-1,69.5100021362,69.7200012207,67.5,68.0899963379,67.5,66.3700027466,-2.891673247630666,0,1.7320475441026995,-0.029109825588857774,-1.2663684945371512,1.5185002970584227,-0.95847176350492,0.9622411058983316,2.0,1.0,0.2941167670765146,2.1114406243943673,1.7320475441026995,1.7320475441026995
BELFB,2024-06-04,train,True,True,D-1,67.5,67.5,64.2300033569,64.4899978638,66.3700027466,65.6800003052,-1.6740700050370427,0,-0.029109825588857774,-1.2663684945371512,1.5185002970584227,-0.95847176350492,-0.16129122466609358,-0.9167707677662618,1.0,0.0,0.2657639700369037,2.393897738973294,1.5185002970584227,2.6367173543839995
BELFB,2024-06-05,train,True,True,D-1,65.4100036621,66.3700027466,65.0299987793,65.8899993896,65.6800003052,65.4700012207,0.4127757651486652,0,-1.2663684945371512,1.5185002970584227,-0.95847176350492,-0.16129122466609358,-5.287118031604576,-6.128092098132621,1.0,1.0,0.04735785210671106,8.109789936643397,1.5185002970584227,6.958381895906373
BELFB,2024-06-06,train,True,True,D-1,65.2900009155,65.6800003052,64.6200027466,65.6699981689,65.4700012207,65.7799987793,0.7504944967517524,0,1.5185002970584227,-0.95847176350492,-0.16129122466609358,-5.287118031604576,2.1708816439360845,-2.8600949272133303,2.0,2.0,0.3023673367244285,5.812720999515619,2.1708816439360845,4.749513759568247
BELFB,2024-06-07,train,True,True,D-1,65.1299972534,65.4700012207,64.6900024414,65.1399993896,65.7799987793,65.7399978638,0.9980063769556846,0,-0.95847176350492,-0.16129122466609358,-5.287118031604576,2.1708816439360845,-0.33389167208693893,-4.632591363959715,1.0,3.0,0.2622942390369669,6.167204453673958,2.1708816439360845,0.0
BELFB,2024-06-10,train,True,True,D-1,63.8199996948,65.7799987793,63.5600013733,65.0999984741,65.7399978638,67.8600006104,6.3303054448763385,1,-0.16129122466609358,-5.287118031604576,2.1708816439360845,-0.33389167208693893,-0.8070637948502046,-4.486800140070613,1.0,4.0,0.16575526170972638,7.0310130089304534,2.1708816439360845,3.309142392073805
BELFB,2024-06-11,train,True,True,D-1,64.6200027466,65.7399978638,64.1200027466,65.0,67.8600006104,67.4300003052,5.013924057702823,1,-5.287118031604576,2.1708816439360845,-0.33389167208693893,-0.8070637948502046,-0.06140760803627909,-4.39124397798758,1.0,4.0,0.39086234456123464,3.6866383750451703,2.1708816439360845,3.0388574482508313
BELFB,2024-06-12,train,True,True,D-1,66.5699996948,67.8600006104,66.2200012207,67.4300003052,67.4300003052,66.4400024414,1.2918741390157695,0,2.1708816439360845,-0.33389167208693893,-0.8070637948502046,-0.06140760803627909,-0.15360749069723845,0.7908236208614916,1.0,4.0,0.5124547768490604,2.107696533230752,2.1708816439360845,2.3858024159838065
BELFB,2024-06-13,train,True,True,D-1,67.4300003052,67.4300003052,66.0800018311,66.7200012207,66.4400024414,66.9000015259,-0.7859984827245037,0,-0.33389167208693893,-0.8070637948502046,-0.06140760803627909,-0.15360749069723845,3.7384620079999875,2.337230125764833,1.0,0.0,0.8999999112813803,0.6376988035796227,3.7384620079999875,0.0
BELFB,2024-06-14,train,True,True,D-1,66.0400009155,66.4400024414,65.1600036621,65.7799987793,66.9000015259,66.6399993896,1.3022419722561684,0,-0.8070637948502046,-0.06140760803627909,-0.15360749069723845,3.7384620079999875,-1.0529424310936064,1.5989083007120763,1.0,1.0,0.7348838158239227,1.7086321475460409,3.7384620079999875,0.0
BELFB,2024-06-17,train,True,True,D-1,65.8600006104,66.9000015259,65.2600021362,66.4199981689,66.6399993896,65.5999984741,1.1843285332081344,0,-0.06140760803627909,-0.15360749069723845,3.7384620079999875,-1.0529424310936064,-1.408876535074699,0.9824983047239222,1.0,2.0,0.5162785581090508,3.162058178320515,3.7384620079999875,6.185446315328768
BELFB,2024-06-18,train,True,True,D-1,66.6399993896,66.6399993896,65.1200027466,65.4400024414,65.5999984741,64.0500030518,-1.5606256377942107,0,-0.15360749069723845,3.7384620079999875,-1.0529424310936064,-1.408876535074699,0.972939193488398,2.0276493482947577,2.0,3.0,0.6149723893058874,2.168025415836672,3.7384620079999875,4.188106861583907
BELFB,2024-06-20,train,True,True,D-1,65.4599990845,65.5999984741,63.3199996948,63.4599990845,64.0500030518,64.8700027466,-0.9013081976038562,0,3.7384620079999875,-1.0529424310936064,-1.408876535074699,0.972939193488398,-1.4754528071620143,0.6769268329230638,2.0,4.0,0.11678830083327436,3.6980410738325586,3.7384620079999875,4.255330880315922
BELFB,2024-06-21,train,True,True,D-1,63.2799987793,64.0500030518,62.4300003052,63.3800010681,64.8700027466,64.1399993896,2.5126485429391554,0,-1.0529424310936064,-1.408876535074699,0.972939193488398,-1.4754528071620143,-3.025677388494974,-5.887588911064922,1.0,4.0,0.034063106790237066,6.2559112479875,0.972939193488398,5.429426947181182
BELFB,2024-06-24,train,True,True,D-1,63.2299995422,64.8700027466,63.2000007629,63.9599990845,64.1399993896,64.4899978638,1.9927223323148668,0,-1.408876535074699,0.972939193488398,-1.4754528071620143,-3.025677388494974,-0.1260605382194746,-5.005995340964953,1.0,3.0,0.2125280768382507,5.5538030900596835,0.972939193488398,4.120862935002134
BELFB,2024-06-25,train,True,True,D-1,63.7900009155,64.1399993896,62.9700012207,63.9500007629,64.4899978638,65.0,1.8968475734979728,0,0.972939193488398,-1.4754528071620143,-3.025677388494974,-0.1260605382194746,0.9151120331740037,-2.766798006345861,2.0,4.0,0.34228151263466655,4.596626772173407,0.972939193488398,0.972939193488398
BELFB,2024-06-26,train,True,True,D-1,63.9599990845,64.4899978638,62.4500007629,64.1399993896,65.0,65.9499969482,3.1113162792121507,1,-1.4754528071620143,-3.025677388494974,-0.1260605382194746,0.9151120331740037,-0.01563214781600264,-3.718755606886681,1.0,4.0,0.3610453178795937,4.20640906115608,0.9151120331740037,0.0
BELFB,2024-06-27,train,True,True,D-1,64.5500030518,65.0,63.6500015259,64.3099975586,65.9499969482,65.6999969482,2.168851789637438,0,-3.025677388494974,-0.1260605382194746,0.9151120331740037,-0.01563214781600264,0.2971049639302503,-1.986557156632307,2.0,4.0,0.5394321994177622,2.2762692522518613,0.9151120331740037,0.9151120331740037
BELFB,2024-06-28,train,True,True,D-1,64.4199981689,65.9499969482,63.4000015259,65.2399978638,65.6999969482,65.9800033569,2.42161631844493,0,-0.1260605382194746,0.9151120331740037,-0.01563214781600264,0.2971049639302503,0.2650423614247277,1.3394240251535239,3.0,0.0,0.7315165278828203,1.0729318420067635,0.9151120331740037,0.9151120331740037
BELFB,2024-07-01,train,True,True,D-1,65.1699981689,65.6999969482,63.2099990845,64.9700012207,65.9800033569,66.0400009155,1.3349743302819128,0,0.9151120331740037,-0.01563214781600264,0.2971049639302503,0.2650423614247277,1.446120884008062,2.934674604535714,4.0,0.0,0.7971428976460043,1.0882880252115257,1.446120884008062,0.9151120331740037
BELFB,2024-07-02,train,True,True,D-1,65.0899963379,65.9800033569,65.0899963379,65.1900024414,66.0400009155,65.3399963379,1.4595247058676541,0,-0.01563214781600264,0.2971049639302503,0.2650423614247277,1.446120884008062,-0.4138513978244829,1.579115307468415,3.0,1.0,0.7200009155392844,1.508381882541454,1.446120884008062,0.2971049639302503
BELFB,2024-07-03,train,True,True,D-1,65.5199966431,66.0400009155,64.7699966431,65.5599975586,65.3399963379,65.7300033569,0.3205230838822404,0,0.2971049639302503,0.2650423614247277,1.446120884008062,-0.4138513978244829,0.3386196961158605,1.9390174569307916,4.0,0.0,0.776203871112509,1.2118436660746301,1.446120884008062,1.5227539680623847
BELFB,2024-07-05,train,True,True,D-1,65.3199996948,65.3399963379,63.4300003052,63.5800018311,65.7300033569,65.8899993896,0.8726266035873564,0,0.2650423614247277,1.446120884008062,-0.4138513978244829,0.3386196961158605,0.5675642020915639,2.2139042446424506,4.0,0.0,0.8303876161343733,0.7321588999007478,1.446120884008062,1.446120884008062
BELFB,2024-07-08,train,True,True,D-1,64.3399963379,65.7300033569,64.0100021362,65.4400024414,65.8899993896,66.9499969482,4.056575627690151,1,1.446120884008062,-0.4138513978244829,0.3386196961158605,0.5675642020915639,-3.020127823723928,-1.1351201293932967,3.0,1.0,0.1307429354097829,3.869139687876988,1.446120884008062,3.915825670025286
BELFB,2024-07-09,train,True,True,D-1,65.5800018311,65.8899993896,64.7099990845,65.1600036621,66.9499969482,69.2099990845,5.535219810985947,1,-0.4138513978244829,0.3386196961158605,0.5675642020915639,-3.020127823723928,2.9254491298082774,0.3065674189897116,3.0,2.0,0.7879865420836175,0.9168680496876247,2.9254491298082774,0.7505951991454429
BELFB,2024-07-10,train,True,True,D-1,65.5899963379,66.9499969482,64.0599975586,66.8300018311,69.2099990845,70.8099975586,7.958532569216992,1,0.3386196961158605,0.5675642020915639,-3.020127823723928,2.9254491298082774,-0.42787097930006013,0.2924464180854347,3.0,3.0,0.6628363802187559,1.3505175014467463,2.9254491298082774,0.5675642020915639
BELFB,2024-07-11,train,True,True,D-1,68.1600036621,69.2099990845,67.8899993896,69.0400009155,70.8099975586,70.5299987793,3.8879016345674255,1,0.5675642020915639,-3.020127823723928,2.9254491298082774,-0.42787097930006013,2.5629190840137372,2.515722240038598,3.0,0.0,0.9659104455856182,0.1795527664405272,2.9254491298082774,2.9254491298082774
BELFB,2024-07-12,train,True,True,D-1,69.3899993896,70.8099975586,68.6800003052,68.9000015259,70.5299987793,72.5599975586,4.5683790126608725,1,-3.020127823723928,2.9254491298082774,-0.42787097930006013,2.5629190840137372,3.306896639005563,5.308120022105611,3.0,0.0,0.9705885458646094,0.24623141185653452,3.306896639005563,2.9254491298082774
BELFB,2024-07-15,train,True,True,D-1,69.5400009155,70.5299987793,68.4599990845,69.7699966431,72.5599975586,71.4000015259,4.342819389332031,1,2.9254491298082774,-0.42787097930006013,2.5629190840137372,3.306896639005563,-0.20278010970966598,8.367410414571165,3.0,0.0,0.7191180414021675,2.7721277074021833,3.306896639005563,2.9254491298082774
BELFB,2024-07-16,train,True,True,D-1,70.6600036621,72.5599975586,70.4899978638,72.1999969482,71.4000015259,70.3199996948,1.0472655327598224,0,-0.42787097930006013,2.5629190840137372,3.306896639005563,-0.20278010970966598,1.2626924498295722,6.616739058922572,3.0,1.0,0.845925790296296,1.49061339478056,3.306896639005563,3.306896639005563
BELFB,2024-07-17,train,True,True,D-1,71.4000015259,71.4000015259,68.9899978638,69.4499969482,70.3199996948,68.9599990845,-1.5126075742564637,0,2.5629190840137372,3.306896639005563,-0.20278010970966598,1.2626924498295722,3.4828728995507374,10.804163429160107,4.0,0.0,0.9576469870117639,0.49861582495396295,3.4828728995507374,3.306896639005563
BELFB,2024-07-18,train,True,True,D-1,69.5400009155,70.3199996948,67.8099975586,68.8399963379,68.9599990845,69.1200027466,-0.6039662976282667,0,3.306896639005563,-0.20278010970966598,1.2626924498295722,3.4828728995507374,-3.8088644269237193,3.9203876183057984,3.0,1.0,0.33404671739604486,4.478042832341145,3.4828728995507374,3.765546073284487
BELFB,2024-07-19,train,True,True,D-1,68.9599990845,68.9599990845,66.2900009155,66.5100021362,69.1200027466,70.5400009155,2.2911859802433376,0,-0.20278010970966598,1.2626924498295722,3.4828728995507374,-3.8088644269237193,-0.8783306509789535,-0.2896937644088271,2.0,2.0,0.2168418482736845,5.403837040374659,3.4828728995507374,8.136613553737504
BELFB,2024-07-22,train,True,True,D-1,66.75,69.1200027466,66.2200012207,68.8300018311,70.5400009155,69.1999969482,5.677903993258426,1,1.2626924498295722,3.4828728995507374,-3.8088644269237193,-0.8783306509789535,-3.384651838537678,-3.4687943929893494,2.0,3.0,0.03508793277299523,9.09636931000355,3.4828728995507374,7.716126954540569
BELFB,2024-07-23,train,True,True,D-1,68.4400024414,70.5400009155,67.1500015259,69.4899978638,69.1999969482,73.5100021362,7.407947857893582,1,3.4828728995507374,-3.8088644269237193,-0.8783306509789535,-3.384651838537678,3.488196692805823,-1.3472765618843696,2.0,4.0,0.41167225835725285,5.419142275563105,3.488196692805823,3.4973913587774685
BELFB,2024-07-24,train,True,True,D-1,68.9499969482,69.1999969482,65.9199981689,66.3600006104,73.5100021362,75.6299972534,9.688180711912842,1,-3.8088644269237193,-0.8783306509789535,-3.384651838537678,3.488196692805823,0.9588784180473153,-3.7534614943879996,2.0,4.0,0.6312734460299898,2.748602274882206,3.488196692805823,0.0
BELFB,2024-07-25,train,True,True,D-1,68.0,73.5100021362,66.0199966431,72.9400024414,75.6299972534,76.0899963379,11.897053438088246,1,-0.8783306509789535,-3.384651838537678,3.488196692805823,0.9588784180473153,-4.5042414010931235,-4.449238982839276,2.0,1.0,0.09523856708176405,6.298975688142039,3.488196692805823,7.076749874543465
BELFB,2024-07-26,train,True,True,D-1,73.75,75.6299972534,73.1999969482,75.0500030518,76.0899963379,74.2900009155,3.172876390372892,1,-3.384651838537678,3.488196692805823,0.9588784180473153,-4.5042414010931235,9.915614482331359,5.955848811169573,3.0,0.0,0.9249012652357322,0.7814637725820583,9.915614482331359,3.488196692805823
BELFB,2024-07-29,train,True,True,D-1,75.4899978638,76.0899963379,73.9100036621,74.3899993896,74.2900009155,75.3300018311,-0.21194335306335965,0,3.488196692805823,0.9588784180473153,-4.5042414010931235,9.915614482331359,2.892789333391077,12.84017537409139,4.0,0.0,0.9402683567163419,0.7728103637779871,9.915614482331359,3.488196692805823
BELFB,2024-07-30,train,True,True,D-1,74.2900009155,74.2900009155,71.0400009155,71.6399993896,75.3300018311,74.5999984741,1.3999204506444096,0,0.9588784180473153,-4.5042414010931235,9.915614482331359,2.892789333391077,-0.8794185681037958,8.077869258442739,3.0,0.0,0.8328419612225797,2.285249310726112,9.915614482331359,9.915614482331359
BELFB,2024-07-31,train,True,True,D-1,72.8700027466,75.3300018311,72.5500030518,74.2699966431,74.5999984741,65.9000015259,2.3740848940488446,0,-4.5042414010931235,9.915614482331359,2.892789333391077,-0.8794185681037958,-3.6967334622460823,3.0939726462706263,2.0,1.0,0.5624387660300283,6.211609416828123,9.915614482331359,14.459256752200943
BELFB,2024-08-01,train,True,True,D-1,74.5999984741,74.5999984741,68.25,69.2300033569,65.9000015259,62.2000007629,-11.662194539079673,0,9.915614482331359,2.892789333391077,-0.8794185681037958,-3.6967334622460823,3.671129642530113,11.919825135535556,3.0,2.0,0.8192651688222171,2.4505180787147474,9.915614482331359,10.076930179985178
BELFB,2024-08-02,train,True,True,D-1,65.7699966431,65.9000015259,63.5600013733,63.9700012207,62.2000007629,62.7900009155,-4.530934893870997,0,2.892789333391077,-0.8794185681037958,-3.6967334622460823,3.671129642530113,-6.786042162381378,-5.086370935455631,2.0,3.0,0.1250004865643215,9.908988369731574,3.671129642530113,6.256826258620118
BELFB,2024-08-05,train,True,True,D-1,60.0,62.2000007629,59.7599983215,61.0699996948,62.7900009155,63.9500007629,6.583334604833335,1,-0.8794185681037958,-3.6967334622460823,3.671129642530113,-6.786042162381378,-7.597864915711794,-14.76349284549997,1.0,4.0,0.0327214694465833,18.946373121653327,3.671129642530113,17.5394424040023
BELFB,2024-08-06,train,True,True,D-1,61.7599983215,62.7900009155,60.5200004578,61.3100013733,63.9500007629,63.4099998474,3.5459885053747087,1,-3.6967334622460823,3.671129642530113,-6.786042162381378,-7.597864915711794,-4.533377318369636,-17.90563221413628,1.0,3.0,0.08413622851737289,23.350257421917455,3.671129642530113,15.4579319918423
BELFB,2024-08-07,train,True,True,D-1,62.6800003052,63.9500007629,61.25,61.3300018311,63.4099998474,62.7700004578,1.1646450839909228,0,3.671129642530113,-6.786042162381378,-7.597864915711794,-4.533377318369636,0.39299439937681147,-14.419316170177998,2.0,4.0,0.09955059103514724,22.867395439181326,3.671129642530113,7.8293284804867636
BELFB,2024-08-08,train,True,True,D-1,62.6899986267,63.4099998474,62.0600013733,62.7099990845,62.7700004578,62.4500007629,0.12761498301567809,0,-6.786042162381378,-7.597864915711794,-4.533377318369636,0.39299439937681147,0.03262185182189015,-17.422910188325936,2.0,4.0,0.1057953836560393,21.637039371929202,0.39299439937681147,0.0
BELFB,2024-08-09,train,True,True,D-1,62.7700004578,62.7700004578,61.5699996948,62.0400009155,62.4500007629,63.8300018311,1.688706970796705,0,-7.597864915711794,-4.533377318369636,0.39299439937681147,0.03262185182189015,2.2501177436786035,-9.417888135563935,3.0,4.0,0.4804558995809635,5.086911956578977,2.2501177436786035,0.39299439937681147
BELFB,2024-08-12,train,True,True,D-1,62.4500007629,62.4500007629,60.9399986267,61.7599983215,63.8300018311,63.4900016785,2.2097694977448734,0,-4.533377318369636,0.39299439937681147,0.03262185182189015,2.2501177436786035,-1.0684072377312503,-3.0170396566687407,3.0,2.0,0.5441530466598463,3.0786586383218406,2.2501177436786035,0.39299439937681147
BELFB,2024-08-13,train,True,True,D-1,62.7299995422,63.8300018311,62.1800003052,63.7700004578,63.4900016785,65.4000015259,4.256339874359183,1,0.39299439937681147,0.03262185182189015,2.2501177436786035,-1.0684072377312503,-0.4513259024308769,1.1298487475819519,3.0,3.0,0.3615153800004831,3.5459885053747087,2.2501177436786035,3.76502888523339
BELFB,2024-08-14,train,True,True,D-1,63.3499984741,63.4900016785,62.0999984741,62.6199989319,65.4000015259,64.8000030518,3.2359954241168998,1,0.03262185182189015,2.2501177436786035,-1.0684072377312503,-0.4513259024308769,3.25453722624256,4.012394437119227,3.0,4.0,0.9401992766266811,0.28226486405487083,3.25453722624256,2.2501177436786035
BELFB,2024-08-15,train,True,True,D-1,64.6200027466,65.4000015259,63.9700012207,65.0,64.8000030518,65.2399978638,0.9594476800492302,0,2.2501177436786035,-1.0684072377312503,-0.4513259024308769,3.25453722624256,-1.803358189813753,2.1033703934211445,2.0,1.0,0.5813143399433661,1.9322946659834583,3.25453722624256,2.2501177436786035
BELFB,2024-08-16,train,True,True,D-1,64.5400009155,64.8000030518,63.6100006104,63.9900016785,65.2399978638,65.0,1.0845939547110994,0,-1.0684072377312503,-0.4513259024308769,3.25453722624256,-1.803358189813753,3.8007044214233954,3.6517316997793037,2.0,0.0,0.910313617515418,0.6153869629230702,3.8007044214233954,3.25453722624256
BELFB,2024-08-19,train,True,True,D-1,64.2300033569,65.2399978638,63.8699989319,65.0899963379,65.0,65.6500015259,2.210801953581787,0,-0.4513259024308769,3.25453722624256,-1.803358189813753,3.8007044214233954,-1.5538435715384602,3.143134645752088,2.0,1.0,0.6838567419646943,2.203468995803659,3.8007044214233954,3.25453722624256
BELFB,2024-08-20,train,True,True,D-1,64.2799987793,65.0,63.2799987793,64.3600006104,65.6500015259,66.0599975586,2.769133187776629,0,3.25453722624256,-1.803358189813753,3.8007044214233954,-1.5538435715384602,1.7190102055733902,5.391836312988962,3.0,2.0,0.906059120814783,0.4762716322653793,3.8007044214233954,3.8007044214233954
BELFB,2024-08-21,train,True,True,D-1,65.0500030518,65.6500015259,63.9500007629,65.6100006104,66.0599975586,67.25,3.3820089853771718,1,-1.803358189813753,3.8007044214233954,-1.5538435715384602,1.7190102055733902,-1.1215175427425228,0.925200169930096,2.0,3.0,0.6848484988725297,1.6159119105600972,3.8007044214233954,3.8007044214233954
BELFB,2024-08-22,train,True,True,D-1,66.0599975586,66.0599975586,64.2799987793,64.4599990845,67.25,67.1999969482,1.8013964356331957,0,3.8007044214233954,-1.5538435715384602,1.7190102055733902,-1.1215175427425228,1.942200105880687,4.774835083839046,3.0,0.0,0.983121996142246,0.06096771090970954,3.8007044214233954,3.8007044214233954
BELFB,2024-08-23,train,True,True,D-1,65.1600036621,67.25,65.1600036621,66.2799987793,67.1999969482,65.9899978638,3.1307445847897464,1,-1.5538435715384602,1.7190102055733902,-1.1215175427425228,1.942200105880687,-1.752783897578114,-0.8307706392307712,2.0,0.0,0.42446072781985844,2.482157146795161,1.942200105880687,1.7190102055733902
BELFB,2024-08-26,train,True,True,D-1,67.0,67.1999969482,65.5100021362,65.6900024414,65.9899978638,65.8600006104,-1.5074658749253733,0,1.7190102055733902,-1.1215175427425228,1.942200105880687,-1.752783897578114,2.823455973702682,3.5786795448224273,3.0,0.0,0.7556672739438186,1.4634901004297207,2.823455973702682,1.942200105880687
BELFB,2024-08-27,train,True,True,D-1,65.3600006104,65.9899978638,63.9199981689,65.6100006104,65.8600006104,66.75,2.1266820327703995,0,-1.1215175427425228,1.942200105880687,-1.752783897578114,2.823455973702682,-0.8901574362796594,0.9218100126864304,2.0,1.0,0.6070536325112412,2.374786878705981,2.823455973702682,1.942200105880687
BELFB,2024-08-28,train,True,True,D-1,65.5400009155,65.8600006104,64.4400024414,64.8700027466,66.75,68.0800018311,3.8754972232527107,1,1.942200105880687,-1.752783897578114,2.823455973702682,-0.8901574362796594,-0.12178692042426054,1.942200105880687,2.0,2.0,0.5075079616222715,2.499618006923243,2.823455973702682,3.834316235078028
BELFB,2024-08-29,train,True,True,D-1,65.5299987793,66.75,65.0699996948,66.4000015259,68.0800018311,67.6800003052,3.8913522040313397,1,-1.752783897578114,2.823455973702682,-0.8901574362796594,-0.12178692042426054,-1.1278735816422136,-1.1278735816422136,1.0,3.0,0.2852865030966598,3.668871824619657,2.823455973702682,4.071742873267803
BELFB,2024-08-30,train,True,True,D-1,67.1900024414,68.0800018311,66.1200027466,67.8300018311,67.6800003052,65.0599975586,0.729271983919566,0,2.823455973702682,-0.8901574362796594,-0.12178692042426054,-1.1278735816422136,2.3585612987818028,3.009622198189721,2.0,4.0,0.7447453433323714,1.2801181544678908,2.823455973702682,2.823455973702682
BELFB,2024-09-03,train,True,True,D-1,67.25,67.6800003052,64.2900009155,64.6699981689,65.0599975586,66.0400009155,-1.79925514423791,0,-0.8901574362796594,-0.12178692042426054,-1.1278735816422136,2.3585612987818028,2.1536148679789147,2.338568316757561,2.0,0.0,0.9399038990586397,0.3685684700739156,2.3585612987818028,0.0
BELFB,2024-09-04,train,True,True,D-1,64.2300033569,65.0599975586,63.5,64.7900009155,66.0400009155,65.3499984741,2.817993872026725,0,-0.12178692042426054,-1.1278735816422136,2.3585612987818028,2.1536148679789147,-4.658710860820225,-1.5527542009302175,2.0,1.0,0.1802883028240792,5.272929888283029,2.3585612987818028,4.9639879813778816
BELFB,2024-09-05,train,True,True,D-1,66.0400009155,66.0400009155,63.6699981689,65.2099990845,65.3499984741,65.1699981689,-1.0448250027780492,0,-1.1278735816422136,2.3585612987818028,2.1536148679789147,-4.658710860820225,0.1855616978472696,-1.249809003614022,3.0,2.0,0.2816594759286756,5.077945468608447,2.3585612987818028,6.8403552447258935
BELFB,2024-09-06,train,True,True,D-1,65.3499984741,65.3499984741,62.8199996948,63.3199996948,65.1699981689,65.7600021362,0.6273965901659295,0,2.3585612987818028,2.1536148679789147,-4.658710860820225,0.1855616978472696,0.6482453512352437,0.5241195059419335,4.0,3.0,0.3733620962525461,4.401169739139266,2.3585612987818028,2.3585612987818028
BELFB,2024-09-09,train,True,True,D-1,63.4700012207,65.1699981689,63.25,63.9700012207,65.7600021362,66.3099975586,4.474549051960275,1,2.1536148679789147,-4.658710860820225,0.1855616978472696,0.6482453512352437,-2.8983275820183785,-4.638556867952193,3.0,4.0,0.09505699561401902,7.517375488381295,2.1536148679789147,4.422485372576057
BELFB,2024-09-10,train,True,True,D-1,64.1999969482,65.7600021362,64.0100021362,65.6200027466,66.3099975586,67.3499984741,4.906544666102719,1,-4.658710860820225,0.1855616978472696,0.6482453512352437,-2.8983275820183785,1.0265343162239038,-5.690698077838174,3.0,4.0,0.23662579865506364,5.799592017671373,1.0265343162239038,2.5497909442557143
BELFB,2024-09-11,train,True,True,D-1,65.0800018311,66.3099975586,63.6899986267,66.0599975586,67.3499984741,69.3899993896,6.622614378047498,1,0.1855616978472696,0.6482453512352437,-2.8983275820183785,1.0265343162239038,2.5793363989589535,1.4690035636290677,4.0,3.0,0.8695658355034087,0.6400459483701715,2.5793363989589535,0.6482453512352437
BELFB,2024-09-12,train,True,True,D-1,66.4599990845,67.3499984741,65.8300018311,66.7799987793,69.3899993896,69.7799987793,4.995485616210771,1,0.6482453512352437,-2.8983275820183785,1.0265343162239038,2.5793363989589535,0.6705193440772916,1.960173831076717,4.0,0.0,0.928366718331514,0.3784438529205625,2.5793363989589535,1.0265343162239038
BELFB,2024-09-13,train,True,True,D-1,67.6900024414,69.3899993896,66.8899993896,69.3000030518,69.7799987793,70.3099975586,3.8705791441921766,1,-2.8983275820183785,1.0265343162239038,2.5793363989589535,0.6705193440772916,1.0899201442768902,2.4076057611434276,4.0,0.0,0.8741722188966942,0.8535485253358344,2.5793363989589535,2.5793363989589535
BELFB,2024-09-16,train,True,True,D-1,69.1500015259,69.7799987793,68.5800018311,69.1500015259,70.3099975586,70.9199981689,2.5596480172701774,0,1.0265343162239038,2.5793363989589535,0.6705193440772916,1.0899201442768902,3.7735913725130743,9.44409884052968,5.0,0.0,0.9853426145363403,0.12986483959132045,3.7735913725130743,2.5793363989589535
BELFB,2024-09-17,train,True,True,D-1,69.8099975586,70.3099975586,68.7200012207,68.9300003052,70.9199981689,81.1500015259,16.244097355512665,1,2.5793363989589535,0.6705193440772916,1.0899201442768902,3.7735913725130743,-0.21645240879410999,8.09754604713655,4.0,0.0,0.8965521777317128,0.9110589146755776,3.7735913725130743,2.5793363989589535
BELFB,2024-09-18,train,True,True,D-1,68.9199981689,70.9199981689,68.3000030518,69.4700012207,81.1500015259,82.0,18.978528988125156,1,0.6705193440772916,1.0899201442768902,3.7735913725130743,-0.21645240879410999,-0.3181507098269476,5.044189911698083,3.0,0.0,0.7915411667590807,2.0020270525022754,3.7735913725130743,4.307505846259119
BELFB,2024-09-19,train,True,True,D-1,72.9100036621,81.1500015259,72.5199966431,80.9300003052,82.0,80.8600006104,12.46741994421976,1,1.0899201442768902,3.7735913725130743,-0.21645240879410999,-0.3181507098269476,0.7834047774685216,5.161979697433505,3.0,0.0,0.715128095980769,2.0872274690099557,3.7735913725130743,3.7735913725130743
BELFB,2024-09-20,train,True,True,D-1,79.9899978638,82.0,78.9100036621,79.7900009155,80.8600006104,79.4400024414,1.0876394172198323,0,3.7735913725130743,-0.21645240879410999,-0.3181507098269476,0.7834047774685216,16.49632774309677,21.188981408436504,3.0,0.0,0.9845721467221966,0.271841368924175,16.49632774309677,3.7735913725130743
BELFB,2024-09-23,train,True,True,D-1,80.4400024414,80.8600006104,77.8099975586,78.6600036621,79.4400024414,78.2600021362,-1.2431625679381275,0,-0.21645240879410999,-0.3181507098269476,0.7834047774685216,16.49632774309677,-1.4086239780067622,15.137081387801654,2.0,0.0,0.8386861622775498,2.769769468784,16.49632774309677,0.7834047774685216
BELFB,2024-09-24,train,True,True,D-1,78.9199981689,79.4400024414,77.6500015259,78.4700012207,78.2600021362,79.6399993896,0.9123178375639363,0,-0.3181507098269476,0.7834047774685216,16.49632774309677,-1.4086239780067622,-1.416214112588754,13.752714282497958,2.0,1.0,0.7562045925609613,4.246117699469787,16.49632774309677,19.301216702122446
BELFB,2024-09-25,train,True,True,D-1,78.2600021362,78.2600021362,76.5400009155,77.3199996948,79.6399993896,79.3499984741,1.7633493684274582,0,0.7834047774685216,16.49632774309677,-1.4086239780067622,-1.416214112588754,-0.24154898621183696,13.840128932627206,2.0,2.0,0.7423357981284954,4.498532846165948,16.49632774309677,18.150669991065815
BELFB,2024-09-26,train,True,True,D-1,78.7900009155,79.6399993896,77.8199996948,78.7699966431,79.3499984741,78.6399993896,0.7107469883146589,0,16.49632774309677,-1.4086239780067622,-1.416214112588754,-0.24154898621183696,-1.4655301491146577,11.299839263225664,1.0,3.0,0.5063292565404348,6.05276813718707,16.49632774309677,18.19986690520545
BELFB,2024-09-27,train,True,True,D-1,79.1200027466,79.3499984741,76.8000030518,77.4700012207,78.6399993896,81.6399993896,3.1850310357936618,1,-1.4086239780067622,-1.416214112588754,-0.24154898621183696,-1.4655301491146577,1.8753193921669409,-2.668977701661035,1.0,4.0,0.4084241944161812,4.100550329505359,1.8753193921669409,0.0
BELFB,2024-09-30,train,True,True,D-1,77.1699981689,78.6399993896,77.0800018311,78.5100021362,81.6399993896,81.8799972534,6.1034070186076095,1,-1.416214112588754,-0.24154898621183696,-1.4655301491146577,1.8753193921669409,-1.650368767044852,-2.9076321195395827,1.0,4.0,0.21527786362992468,4.375886583559496,1.8753193921669409,0.0
BELFB,2024-10-01,train,True,True,D-1,78.8199996948,81.6399993896,77.7099990845,80.5,81.8799972534,81.8799972534,3.882260302523033,1,-0.24154898621183696,-1.4655301491146577,1.8753193921669409,-1.650368767044852,1.3424563045212778,-0.1906960576106176,2.0,2.0,0.6354845775438427,1.439303557067384,1.8753193921669409,2.2053873342515518
BELFB,2024-10-02,train,True,True,D-1,80.2600021362,81.8799972534,79.8700027466,80.2099990845,81.8799972534,81.4000015259,2.0184339323227274,0,-1.4655301491146577,1.8753193921669409,-1.650368767044852,1.3424563045212778,2.534706164378564,2.5869743184921745,3.0,0.0,0.7764706410424599,1.4161483100621153,2.534706164378564,1.8753193921669409
BELFB,2024-10-03,train,True,True,D-1,80.2300033569,81.8799972534,79.6699981689,80.4700012207,81.4000015259,81.0999984741,1.4583050231162353,0,1.8753193921669409,-1.650368767044852,1.3424563045212778,2.534706164378564,-0.3602495844720499,3.7377126242983616,3.0,0.0,0.6712598277427121,2.0820323999015233,2.534706164378564,1.8753193921669409
BELFB,2024-10-04,train,True,True,D-1,81.4000015259,81.4000015259,79.8600006104,80.6999969482,81.0999984741,81.0199966431,-0.3685541107816048,0,-1.650368767044852,1.3424563045212778,2.534706164378564,-0.3602495844720499,0.3241517755486978,2.158187952327295,3.0,1.0,0.7224414090362714,1.7522008342374606,2.534706164378564,2.5719717287263966
BELFB,2024-10-07,train,True,True,D-1,80.6999969482,81.0999984741,78.6399993896,79.5100021362,81.0199966431,82.0,1.6109084274618546,0,1.3424563045212778,2.534706164378564,-0.3602495844720499,0.3241517755486978,0.2858154890158504,4.16935029896055,4.0,2.0,0.7541663686348697,1.462206133610433,2.534706164378564,2.534706164378564
BELFB,2024-10-08,train,True,True,D-1,80.0400009155,81.0199966431,80.0,80.8600006104,82.0,81.6100006104,2.4487744403816514,0,2.534706164378564,-0.3602495844720499,0.3241517755486978,0.2858154890158504,-1.4745909008693436,1.2737230579425995,3.0,3.0,0.43165559762699374,2.9807509162686596,2.534706164378564,3.7276961854263657
BELFB,2024-10-09,train,True,True,D-1,80.9400024414,82.0,80.4599990845,81.4400024414,81.6100006104,83.6299972534,3.3234429588108183,1,-0.3602495844720499,0.3241517755486978,0.2858154890158504,-1.4745909008693436,1.6978976706445659,0.4472057272049579,3.0,4.0,0.6851860137328238,1.2614353639626597,1.6978976706445659,0.3241517755486978
BELFB,2024-10-10,train,True,True,D-1,80.3099975586,81.6100006104,79.5100021362,80.8700027466,83.6299972534,85.0800018311,5.939489998140601,1,0.3241517755486978,0.2858154890158504,-1.4745909008693436,1.6978976706445659,0.7172914007193443,1.5334788317404202,4.0,0.0,0.8333340902181153,0.6876197713807208,1.6978976706445659,0.3241517755486978
BELFB,2024-10-11,train,True,True,D-1,80.8700027466,83.6299972534,80.8700027466,83.2900009155,85.0800018311,85.1299972534,5.267706642904879,1,0.2858154890158504,-1.4745909008693436,1.6978976706445659,0.7172914007193443,-0.6999013724368952,0.49708154570911045,3.0,1.0,0.6636913547270203,1.397300871796392,1.6978976706445659,1.6978976706445659
BELFB,2024-10-14,train,True,True,D-1,84.0699996948,85.0800018311,83.6600036621,84.7900009155,85.1299972534,85.3199996948,1.4868561966669303,0,-1.4745909008693436,1.6978976706445659,0.7172914007193443,-0.6999013724368952,2.992454663916466,3.209422633513226,3.0,0.0,0.9318644321741074,0.4082078690873514,2.992454663916466,1.6978976706445659
BELFB,2024-10-15,train,True,True,D-1,84.7900009155,85.1299972534,83.5899963379,83.6800003052,85.3199996948,85.9100036621,1.3209137097617951,0,1.6978976706445659,0.7172914007193443,-0.6999013724368952,2.992454663916466,1.8009364671778494,6.640672415346449,4.0,0.0,0.9479352008105971,0.34202254094679585,2.992454663916466,1.6978976706445659
BELFB,2024-10-16,train,True,True,D-1,84.6100006104,85.3199996948,84.0899963379,85.0,85.9100036621,84.8499984741,1.5364650068802943,0,0.7172914007193443,-0.6999013724368952,2.992454663916466,1.8009364671778494,-1.3091173467567385,3.4875088715214497,3.0,0.0,0.7419932014242697,1.7327879336896945,2.992454663916466,2.992454663916466
BELFB,2024-10-17,train,True,True,D-1,85.25,85.9100036621,84.0400009155,84.6600036621,84.8499984741,83.8600006104,-0.46921000105570876,0,-0.6999013724368952,2.992454663916466,1.8009364671778494,-1.3091173467567385,1.5774374880325848,4.3713131776507375,3.0,0.0,0.9449225767184123,0.3764702291764843,2.992454663916466,2.992454663916466
BELFB,2024-10-18,train,True,True,D-1,84.8499984741,84.8499984741,82.8700027466,83.5599975586,83.8600006104,83.7699966431,-1.1667623824438866,0,2.992454663916466,1.8009364671778494,-1.3091173467567385,1.5774374880325848,-0.3999956916470593,4.68653491626021,3.0,0.0,0.7519841720354149,1.476494148274643,2.992454663916466,2.992454663916466
BELFB,2024-10-21,train,True,True,D-1,83.5800018311,83.8600006104,82.25,83.5500030518,83.7699966431,82.0999984741,0.22732089954238255,0,1.8009364671778494,-1.3091173467567385,1.5774374880325848,-0.3999956916470593,-1.299322059907304,0.32416453371626464,2.0,1.0,0.22697190927869262,2.812357793395037,1.8009364671778494,3.495056986471967
BELFB,2024-10-22,train,True,True,D-1,83.0999984741,83.7699966431,81.2200012207,81.2200012207,82.0999984741,82.4700012207,-0.758119452428585,0,-1.3091173467567385,1.5774374880325848,-0.3999956916470593,-1.299322059907304,-0.011960874930605492,-1.462434072781471,1.0,2.0,0.35519173526020553,2.8246565219594455,1.5774374880325848,2.8885650125839546
BELFB,2024-10-23,train,True,True,D-1,80.4000015259,82.0999984741,78.7699966431,78.9000015259,82.4700012207,79.5999984741,2.5746264372061844,0,1.5774374880325848,-0.3999956916470593,-1.299322059907304,-0.011960874930605492,-2.788751341703044,-2.93976944972254,1.0,3.0,0.0,5.774442712276984,1.5774374880325848,4.377816145606128
BELFB,2024-10-24,train,True,True,D-1,81.0,82.4700012207,75.1900024414,78.5199966431,79.5999984741,79.5899963379,-1.7283969455555548,0,-0.3999956916470593,-1.299322059907304,-0.011960874930605492,-2.788751341703044,-2.8564388819643627,-7.176468793058833,0.0,4.0,0.01820794887932792,8.884666667463726,-0.011960874930605492,5.565531246021694
BELFB,2024-10-25,train,True,True,D-1,78.7399978638,79.5999984741,78.0599975586,78.5400009155,79.5899963379,77.9899978638,1.079500250394072,0,-1.299322059907304,-0.011960874930605492,-2.788751341703044,-2.8564388819643627,-0.4816284859959774,-7.252547547134958,0.0,4.0,0.34472003823062203,8.061643022951227,-0.011960874930605492,3.32430994461973
BELFB,2024-10-28,train,True,True,D-1,79.5899963379,79.5899963379,76.8899993896,77.0199966431,77.9899978638,78.2399978638,-1.696191149913584,0,-0.011960874930605492,-2.788751341703044,-2.8564388819643627,-0.4816284859959774,0.025476659774859023,-6.007655325240425,1.0,4.0,0.3863897556608592,6.7736180709033755,0.025476659774859023,0.45627452907186505
BELFB,2024-10-29,train,True,True,D-1,76.1900024414,77.9899978638,76.1900024414,77.4300003052,78.2399978638,76.6999969482,2.6906357221562205,0,-2.788751341703044,-2.8564388819643627,-0.4816284859959774,0.025476659774859023,-1.9353249995952448,-7.815686619007634,1.0,4.0,0.2132861816313834,8.763957795633992,0.025476659774859023,1.9103413959860593
BELFB,2024-10-30,train,True,True,D-1,76.9400024414,78.2399978638,76.1900024414,76.9000015259,76.6999969482,77.0,0.07797966817806312,0,-2.8564388819643627,-0.4816284859959774,0.025476659774859023,-1.9353249995952448,0.532334043066629,-4.666339397362718,2.0,3.0,0.30769206585160763,6.509106154764566,0.532334043066629,1.4387700101202938
BELFB,2024-10-31,train,True,True,D-1,76.6999969482,76.6999969482,74.9300003052,75.4199981689,77.0,75.3099975586,0.3911382838810429,0,-0.4816284859959774,0.025476659774859023,-1.9353249995952448,0.532334043066629,-0.6844876368474084,-2.5348541968576166,2.0,4.0,0.23489002352063865,7.243172411282761,0.532334043066629,0.18127401426715206
BELFB,2024-11-01,train,True,True,D-1,75.6800003052,77.0,73.6200027466,74.1500015259,75.3099975586,75.3499984741,-0.4360489293990133,0,0.025476659774859023,-1.9353249995952448,0.532334043066629,-0.6844876368474084,-1.9245817004327814,-3.948036941838584,2.0,4.0,0.10492463722216272,5.5422970123110815,0.532334043066629,3.1282298565463273
BELFB,2024-11-04,train,True,True,D-1,73.7600021362,75.3099975586,73.5,73.8000030518,75.3499984741,82.9499969482,12.45932015434381,1,-1.9353249995952448,0.532334043066629,-0.6844876368474084,-1.9245817004327814,-1.6838990636885098,-5.5895076883474175,1.0,4.0,0.0887771102589392,7.336472960286944,0.532334043066629,4.108406793954411
BELFB,2024-11-05,train,True,True,D-1,73.7900009155,75.3499984741,73.6299972534,74.75,82.9499969482,82.0899963379,12.413600649211931,1,0.532334043066629,-0.6844876368474084,-1.9245817004327814,-1.6838990636885098,-0.4720141158429225,-4.180724138720759,1.0,3.0,0.06329181160421361,6.016252884005402,0.532334043066629,2.6802989813209055
BELFB,2024-11-06,train,True,True,D-1,79.5999984741,82.9499969482,78.7300033569,81.5999984741,82.0899963379,82.4000015259,3.517591841048895,1,-0.6844876368474084,-1.9245817004327814,-1.6838990636885098,-0.4720141158429225,1.2872586841672584,-3.461191133457886,1.0,4.0,0.2637131990177502,4.66889346327759,1.2872586841672584,0.0
BELFB,2024-11-07,train,True,True,D-1,81.5999984741,82.0899963379,80.5299987793,80.6299972534,82.4000015259,82.4700012207,1.0661798564568947,0,-1.9245817004327814,-1.6838990636885098,-0.4720141158429225,1.2872586841672584,9.163877557324419,6.111829460259566,2.0,0.0,0.8571429724792521,1.6544099256674327,9.163877557324419,0.0
BELFB,2024-11-08,train,True,True,D-1,80.9300003052,82.4000015259,80.4300003052,81.7799987793,82.4700012207,82.1399993896,1.9028801553100383,0,-1.6838990636885098,-0.4720141158429225,1.2872586841672584,9.163877557324419,-1.1887270083808632,6.907980921495693,2.0,1.0,0.7544973075105706,2.877340659591998,9.163877557324419,1.2872586841672584
BELFB,2024-11-11,train,True,True,D-1,82.4700012207,82.4700012207,80.6800003052,81.9499969482,82.1399993896,80.5800018311,-0.4001477218569027,0,-0.4720141158429225,1.2872586841672584,9.163877557324419,-1.1887270083808632,1.4262700794666072,10.289948882516086,3.0,2.0,0.8761906299744519,1.430665427199962,9.163877557324419,9.163877557324419
BELFB,2024-11-12,train,True,True,D-1,81.75,82.1399993896,79.5299987793,79.8600006104,80.5800018311,77.2099990845,-1.4311904206727788,0,1.2872586841672584,9.163877557324419,-1.1887270083808632,1.4262700794666072,0.2078725500580747,11.04335170647559,4.0,3.0,0.8927038591473409,1.2202562992553734,9.163877557324419,9.163877557324419
BELFB,2024-11-13,train,True,True,D-1,80.5800018311,80.5800018311,76.3499984741,76.4800033569,77.2099990845,76.3199996948,-4.182182514296429,0,9.163877557324419,-1.1887270083808632,1.4262700794666072,0.2078725500580747,-2.550331196621125,6.836121217926405,3.0,4.0,0.26777226767112006,3.8692666092937644,9.163877557324419,11.511637642380812
BELFB,2024-11-14,train,True,True,D-1,77.0699996948,77.2099990845,74.8600006104,76.1699981689,76.3199996948,75.6800003052,-0.9731413039704484,0,-1.1887270083808632,1.4262700794666072,0.2078725500580747,-2.550331196621125,-4.232403240252203,-6.274503937429731,2.0,2.0,0.021242618375003096,7.832109833791723,1.4262700794666072,8.101064216136976
BELFB,2024-11-15,train,True,True,D-1,76.3199996948,76.3199996948,74.1600036621,74.5599975586,75.6800003052,73.8600006104,-0.8385736270431488,0,1.4262700794666072,0.2078725500580747,-2.550331196621125,-4.232403240252203,-0.4053414937148281,-5.5314389636940575,2.0,3.0,0.17214158389513684,8.270977029342074,1.4262700794666072,6.046859126919557
BELFB,2024-11-18,train,True,True,D-1,74.5599975586,75.6800003052,72.6299972534,72.7900009155,73.8600006104,75.3300018311,1.032731085988603,0,0.2078725500580747,-2.550331196621125,-4.232403240252203,-0.4053414937148281,-2.1136939070550587,-8.828566065627664,1.0,4.0,0.04813405704145531,10.608910838393172,0.2078725500580747,2.7183402723725436
BELFB,2024-11-19,train,True,True,D-1,72.0,73.8600006104,71.0,73.7699966431,75.3300018311,77.7200012207,7.944446139861117,1,-2.550331196621125,-4.232403240252203,-0.4053414937148281,-2.1136939070550587,-2.3739226140785274,-11.177542860056434,0.0,4.0,0.01682477667286098,12.845168782116346,-0.4053414937148281,4.437439063481607
BELFB,2024-11-20,train,True,True,D-1,73.5,75.3300018311,73.3099975586,75.3300018311,77.7200012207,79.8600006104,8.653062054965988,1,-4.232403240252203,-0.4053414937148281,-2.1136939070550587,-2.3739226140785274,1.3463328963790655,-7.625850138682444,1.0,4.0,0.2891436444310096,9.231402328709425,1.3463328963790655,1.0595506187873749
BELFB,2024-11-21,train,True,True,D-1,75.5599975586,77.7200012207,74.8499984741,77.1500015259,79.8600006104,82.1999969482,8.787717845610565,1,-0.4053414937148281,-2.1136939070550587,-2.3739226140785274,1.3463328963790655,2.1146878934362956,-1.503663016897916,2.0,4.0,0.6972628775272418,2.4956819430526522,2.1146878934362956,0.0
BELFB,2024-11-22,train,True,True,D-1,77.7799987793,79.8600006104,77.4800033569,79.4100036621,82.1999969482,80.4300003052,5.6826925151306495,1,-2.1136939070550587,-2.3739226140785274,1.3463328963790655,2.1146878934362956,2.4160356439133945,1.2866002107902563,3.0,0.0,0.9151786322531905,0.7388200693795755,2.4160356439133945,1.3463328963790655
BELFB,2024-11-25,train,True,True,D-1,79.7699966431,82.1999969482,79.5,80.75,80.4300003052,79.9599990845,0.8273833394439434,0,-2.3739226140785274,1.3463328963790655,2.1146878934362956,2.4160356439133945,2.9293611036952383,6.504836725199947,4.0,0.0,0.949210280214678,0.5666753904392197,2.9293611036952383,2.1146878934362956
BELFB,2024-11-26,train,True,True,D-1,80.2799987793,80.4300003052,78.8300018311,79.6999969482,79.9599990845,80.8199996948,0.6726468905219329,0,1.3463328963790655,2.1146878934362956,2.4160356439133945,2.9293611036952383,1.6874402167286862,10.93556667727007,5.0,0.0,0.8705359514912161,1.7956618553560233,2.9293611036952383,2.4160356439133945
BELFB,2024-11-27,train,True,True,D-1,79.6299972534,79.9599990845,78.3899993896,78.9499969482,80.8199996948,82.5299987793,3.641845568161406,1,2.1146878934362956,2.4160356439133945,2.9293611036952383,1.6874402167286862,-1.3003133768421105,8.03849881380556,4.0,1.0,0.7187851325474064,3.136762980837804,2.9293611036952383,2.9293611036952383
BELFB,2024-11-29,train,True,True,D-1,79.6900024414,80.8199996948,79.3399963379,80.1800003052,82.5299987793,84.4400024414,5.9605971319839135,1,2.4160356439133945,2.9293611036952383,1.6874402167286862,-1.3003133768421105,-0.941028894251339,4.805515769422786,3.0,2.0,0.5578230374533563,4.116529608142172,2.9293611036952383,5.158467050196791
BELFB,2024-12-02,train,True,True,D-1,80.4800033569,82.5299987793,79.3399963379,82.3499984741,84.4400024414,86.7099990845,7.7410480463975695,1,2.9293611036952383,1.6874402167286862,-1.3003133768421105,-0.941028894251339,1.5579523806783957,3.9274124684013145,3.0,3.0,0.5720340284522198,2.5193273076964395,2.9293611036952383,2.9293611036952383
BELFB,2024-12-03,train,True,True,D-1,82.3300018311,84.4400024414,80.75,84.4400024414,86.7099990845,84.5100021362,5.3200499890496245,1,1.6874402167286862,-1.3003133768421105,-0.941028894251339,1.5579523806783957,2.706408282165196,3.702297791736764,3.0,0.0,0.9565216590012492,0.21857960963607148,2.706408282165196,1.6874402167286862
BELFB,2024-12-04,train,True,True,D-1,85.0,86.7099990845,83.4400024414,84.8700027466,84.5100021362,84.9700012207,-0.035292681529408565,0,-1.3003133768421105,-0.941028894251339,1.5579523806783957,2.706408282165196,2.537952648484043,4.56966246613002,3.0,0.0,1.0,0.0,2.706408282165196,1.5579523806783957
BELFB,2024-12-05,train,True,True,D-1,84.5100021362,84.5100021362,83.0,83.9499969482,84.9700012207,84.8899993896,0.5443131852708394,0,-0.941028894251339,1.5579523806783957,2.706408282165196,2.537952648484043,0.5092376749969985,6.4868331196551665,4.0,0.0,0.7788465858925585,2.168017295102209,2.706408282165196,2.706408282165196
BELFB,2024-12-06,train,True,True,D-1,84.2799987793,84.9700012207,82.9000015259,83.9700012207,84.8899993896,85.2699966431,1.1746533912422752,0,1.5579523806783957,2.706408282165196,2.537952648484043,0.5092376749969985,-1.0840176371230914,6.333122474064901,4.0,1.0,0.6255086692371621,3.2876738971211905,2.706408282165196,3.28670847050313
BELFB,2024-12-09,train,True,True,D-1,84.8899993896,84.8899993896,83.1200027466,84.0400009155,85.2699966431,85.3099975586,0.49475576866531146,0,2.706408282165196,2.537952648484043,0.5092376749969985,-1.0840176371230914,0.023828794791191932,4.72686567856524,4.0,2.0,0.6282229521469251,3.2630675526589714,2.706408282165196,3.7668554328353476
BELFB,2024-12-10,train,True,True,D-1,83.5899963379,85.2699966431,82.0999984741,84.1200027466,85.3099975586,84.1699981689,2.057663950297539,0,2.537952648484043,0.5092376749969985,-1.0840176371230914,0.023828794791191932,0.08336274119613574,2.0522191532663214,4.0,3.0,0.5520136612195486,3.17705633021661,2.537952648484043,2.537952648484043
BELFB,2024-12-11,train,True,True,D-1,85.3099975586,85.3099975586,83.1900024414,83.5599975586,84.1699981689,86.5,1.3949155731514118,0,0.5092376749969985,-1.0840176371230914,0.023828794791191932,0.08336274119613574,0.09519494315621824,-0.37896694167207645,4.0,4.0,0.43817874295784975,3.078930401015345,0.5092376749969985,0.5092376749969985
BELFB,2024-12-12,train,True,True,D-1,82.9700012207,84.1699981689,82.3099975586,83.7300033569,86.5,87.8700027466,5.9057508181372675,1,-1.0840176371230914,0.023828794791191932,0.08336274119613574,0.09519494315621824,-0.6657217899610934,-1.543543237427869,3.0,0.0,0.45482850495186766,2.09430355568494,0.09519494315621824,0.654523321480549
BELFB,2024-12-13,train,True,True,D-1,83.3799972534,86.5,81.6500015259,85.5100021362,87.8700027466,91.5,9.738550028878645,1,0.023828794791191932,0.08336274119613574,0.09519494315621824,-0.6657217899610934,0.20345357020956634,-0.2620531260242198,4.0,1.0,0.5077898279381878,1.8870107946434178,0.20345357020956634,0.5588175976570908
BELFB,2024-12-16,train,True,True,D-1,85.9899978638,87.8700027466,84.5100021362,87.3300018311,91.5,92.6100006104,7.698572986459951,1,0.08336274119613574,0.09519494315621824,-0.6657217899610934,0.20345357020956634,2.125879264225916,1.8339893927741935,4.0,0.0,0.7958766648924134,1.157756799284293,2.125879264225916,0.09519494315621824
BELFB,2024-12-17,train,True,True,D-1,87.3899993896,91.5,86.9700012207,91.3600006104,92.6100006104,85.6800003052,5.973224919625308,1,0.09519494315621824,-0.6657217899610934,0.20345357020956634,2.125879264225916,2.1284056244100125,3.9148035218467214,4.0,0.0,0.9131831495944278,0.6183452469683548,2.1284056244100125,0.20345357020956634
BELFB,2024-12-18,train,True,True,D-1,91.9800033569,92.6100006104,83.0,84.2300033569,85.6800003052,85.3199996948,-6.84931813630707,0,-0.6657217899610934,0.20345357020956634,2.125879264225916,2.1284056244100125,4.614678455056231,8.606749438191885,4.0,0.0,0.9857868617981894,0.15323926079753303,4.614678455056231,2.125879264225916
BELFB,2024-12-19,train,True,True,D-1,84.9199981689,85.6800003052,83.4199981689,83.8799972534,85.3199996948,84.0,0.47103336613882885,0,0.20345357020956634,2.125879264225916,2.1284056244100125,4.614678455056231,-7.804287659656984,0.801826014690965,4.0,0.0,0.2354016465793989,9.948945648253392,4.614678455056231,5.678157610211565
BELFB,2024-12-20,train,True,True,D-1,82.2099990845,85.3199996948,80.4400024414,83.7799987793,84.0,83.7699966431,2.1773518251230417,0,2.125879264225916,2.1284056244100125,4.614678455056231,-7.804287659656984,-0.4155361386095957,0.1791399623628953,3.0,1.0,0.20346678045381833,10.407729664829146,4.614678455056231,12.802072617735881
BELFB,2024-12-23,train,True,True,D-1,83.6900024414,84.0,81.7399978638,82.2099990845,83.7699966431,84.5299987793,1.003699741182551,0,2.1284056244100125,4.614678455056231,-7.804287659656984,-0.4155361386095957,-0.119216115133991,-2.023159061725266,2.0,2.0,0.2744450978150353,10.539510575024824,4.614678455056231,5.148935322758385
BELFB,2024-12-24,train,True,True,D-1,82.4199981689,83.7699966431,82.0,83.6800003052,84.5299987793,84.2600021362,2.5600590357646835,0,4.614678455056231,-7.804287659656984,-0.4155361386095957,-0.119216115133991,-1.8739552610114285,-5.862822213724805,1.0,3.0,0.1454393516351236,12.650531129686904,4.614678455056231,6.60561577454013
BELFB,2024-12-26,train,True,True,D-1,83.5999984741,84.5299987793,83.3499984741,84.4100036621,84.2600021362,82.7900009155,0.789478079122774,0,-7.804287659656984,-0.4155361386095957,-0.119216115133991,-1.8739552610114285,1.7881051417955263,-8.406305006444736,1.0,4.0,0.2662282950915373,10.671606444347814,1.7881051417955263,0.1193584095929956
BELFB,2024-12-27,train,True,True,D-1,84.2600021362,84.2600021362,80.7399978638,81.4499969482,82.7900009155,83.9800033569,-0.3323033137922371,0,-0.4155361386095957,-0.119216115133991,-1.8739552610114285,1.7881051417955263,0.8723749453125151,0.21370093556485337,2.0,4.0,0.7576341296103104,1.5045570287899768,1.7881051417955263,0.0
BELFB,2024-12-30,train,True,True,D-1,80.3899993896,82.7900009155,79.0400009155,81.9199981689,83.9800033569,83.2300033569,4.465734537329058,1,-0.119216115133991,-1.8739552610114285,1.7881051417955263,0.8723749453125151,-3.5067013215034804,-2.8969961668680377,2.0,4.0,0.20696620394536328,4.751384765626487,1.7881051417955263,4.453023101722242
BELFB,2024-12-31,train,True,True,D-1,82.3700027466,83.9800033569,81.9300003052,82.4700012207,83.2300033569,81.8099975586,1.044070148869225,0,-1.8739552610114285,1.7881051417955263,0.8723749453125151,-3.5067013215034804,0.5770426498590275,-2.2201010235148977,3.0,2.0,0.5245898677648211,3.1860359725824017,1.7881051417955263,4.737998975668223
BELFB,2025-01-02,train,True,True,D-1,82.3799972534,83.2300033569,78.4100036621,81.0299987793,81.8099975586,83.8399963379,1.7722737717616788,0,1.7881051417955263,0.8723749453125151,-3.5067013215034804,0.5770426498590275,0.6713904590989195,0.3162658303070387,4.0,3.0,0.6247726119925775,2.497875018926199,1.7881051417955263,1.7881051417955263
BELFB,2025-01-03,train,True,True,D-1,81.0800018311,81.8099975586,80.3600006104,81.1699981689,83.8399963379,80.9899978638,3.404038535358467,1,0.8723749453125151,-3.5067013215034804,0.5770426498590275,0.6713904590989195,-1.7460924215902063,-3.166827815768214,3.0,4.0,0.42810411888019523,4.319387946102382,0.8723749453125151,1.9588000057294108
BELFB,2025-01-06,train,True,True,D-1,81.75,83.8399963379,80.6600036621,80.7399978638,80.9899978638,80.2099990845,-0.9296662216513818,0,-3.5067013215034804,0.5770426498590275,0.6713904590989195,-1.7460924215902063,0.1727747645428268,-3.8384141128224636,3.0,4.0,0.47179405584795653,3.806830155238239,0.6713904590989195,2.24772492321641
BELFB,2025-01-07,train,True,True,D-1,80.5100021362,80.9899978638,78.2799987793,78.6699981689,80.2099990845,78.9899978638,-0.37262829926706376,0,0.5770426498590275,0.6713904590989195,-1.7460924215902063,0.1727747645428268,-0.5297527593942308,-0.8716993382474114,3.0,3.0,0.4183113697250686,4.012887761733097,0.6713904590989195,1.0292837330330262
BELFB,2025-01-08,train,True,True,D-1,78.0100021362,80.2099990845,77.3399963379,79.7699966431,78.9899978638,76.9599990845,1.2562436876863536,0,0.6713904590989195,-1.7460924215902063,0.1727747645428268,-0.5297527593942308,-2.563784678805514,-3.9672852449279317,2.0,4.0,0.06842089059588141,6.749720746910048,0.6713904590989195,3.7513461772177625
BELFB,2025-01-10,train,True,True,D-1,77.6999969482,78.9899978638,76.3199996948,77.3399963379,76.9599990845,78.9899978638,1.6602329038185148,0,-1.7460924215902063,0.1727747645428268,-0.5297527593942308,-2.563784678805514,1.398243930091847,-3.2739232904513305,2.0,2.0,0.3738462007999995,5.102168567224141,1.398243930091847,1.3741634769085298
BELFB,2025-01-13,train,True,True,D-1,76.3700027466,76.9599990845,75.4000015259,76.5899963379,78.9899978638,80.8000030518,5.8007072749479915,1,0.1727747645428268,-0.5297527593942308,-2.563784678805514,1.398243930091847,-3.04625850251955,-4.553872018991867,2.0,3.0,0.1356379120243228,8.404448290379229,1.398243930091847,1.8633834615769285
BELFB,2025-01-14,train,True,True,D-1,77.7699966431,78.9899978638,76.6100006104,78.2300033569,80.8000030518,80.6500015259,3.89611230485869,1,-0.5297527593942308,-2.563784678805514,1.398243930091847,-3.04625850251955,-0.9697440335052931,-5.642481131353283,1.0,4.0,0.14099473263989107,9.465988179467221,1.398243930091847,5.384705556043368
BELFB,2025-01-15,train,True,True,D-1,80.5800018311,80.8000030518,78.6399993896,80.1399993896,80.6500015259,80.9199981689,0.4219363738817483,0,-2.563784678805514,1.398243930091847,-3.04625850251955,-0.9697440335052931,2.141280973254789,-3.1087373957256026,2.0,4.0,0.5062618398893535,3.5280511165369344,2.141280973254789,1.398243930091847
BELFB,2025-01-16,train,True,True,D-1,80.0,80.6500015259,79.5400009155,79.7200012207,80.9199981689,83.5800018311,4.475002288875007,1,1.398243930091847,-3.04625850251955,-0.9697440335052931,2.141280973254789,2.4415134229078816,1.8685664864819262,3.0,0.0,0.8777771341296065,0.8235633481744831,2.4415134229078816,1.398243930091847
BELFB,2025-01-17,train,True,True,D-1,80.9199981689,80.9199981689,78.8099975586,79.9899978638,83.5800018311,84.5500030518,4.485918147604617,1,-3.04625850251955,-0.9697440335052931,2.141280973254789,2.4415134229078816,-0.5240805741190346,-0.06267446973037272,2.0,1.0,0.7999997174223014,1.354743871754449,2.4415134229078816,2.141280973254789
BELFB,2025-01-21,train,True,True,D-1,80.4400024414,83.5800018311,80.0400009155,82.4300003052,84.5500030518,81.6800003052,5.109398913052132,1,-0.9697440335052931,2.141280973254789,2.4415134229078816,-0.5240805741190346,0.33868118284712256,3.4264308913619423,3.0,0.0,0.83152158139818,1.162645743138424,2.4415134229078816,2.628687776467298
BELFB,2025-01-22,train,True,True,D-1,82.8099975586,84.5500030518,81.9499969482,82.2300033569,81.6800003052,81.6800003052,-1.3645662199185171,0,2.141280973254789,2.4415134229078816,-0.5240805741190346,0.33868118284712256,3.050384431256803,7.625021865172887,4.0,0.0,0.835006983573453,1.3951249807619748,3.050384431256803,2.4415134229078816
BELFB,2025-01-23,train,True,True,D-1,81.5999984741,81.6800003052,80.4700012207,80.9100036621,81.6800003052,81.3600006104,0.0980414615147085,0,2.4415134229078816,-0.5240805741190346,0.33868118284712256,3.050384431256803,-0.24262640732682916,5.113127736619472,3.0,0.0,0.607445303335669,2.8213542505046485,3.050384431256803,2.4415134229078816
BELFB,2025-01-24,train,True,True,D-1,80.3000030518,81.6800003052,79.9499969482,81.2200012207,81.3600006104,84.1200027466,4.757160086701084,1,-0.5240805741190346,0.33868118284712256,3.050384431256803,-0.24262640732682916,-1.605253120410144,0.9608239061203561,2.0,1.0,0.3658543717402017,4.498824897971265,3.050384431256803,4.894369191019221
BELFB,2025-01-27,train,True,True,D-1,79.3399963379,81.3600006104,78.8099975586,80.9000015259,84.1200027466,85.0999984741,7.259897154102202,1,0.33868118284712256,3.050384431256803,-0.24262640732682916,-1.605253120410144,0.3831387276839404,1.8815855206115062,3.0,2.0,0.419860863365906,4.09997756839644,3.050384431256803,4.278649170364646
BELFB,2025-01-28,train,True,True,D-1,80.5800018311,84.1200027466,80.5800018311,83.0,85.0999984741,85.7200012207,6.378753130800008,1,3.050384431256803,-0.24262640732682916,-1.605253120410144,0.3831387276839404,-0.39399124598689106,1.1376468138547313,2.0,3.0,0.3641118409687852,4.51174469351705,3.050384431256803,3.062746482606804
BELFB,2025-01-29,train,True,True,D-1,82.8300018311,85.0999984741,80.9800033569,83.25,85.7200012207,85.8899993896,3.694310625200381,1,-0.24262640732682916,-1.605253120410144,0.3831387276839404,-0.39399124598689106,2.595795345476848,0.6914954418167696,2.0,4.0,0.7299648835464978,1.867473556385546,2.595795345476848,0.3831387276839404
BELFB,2025-01-30,train,True,True,D-1,84.5,85.7200012207,82.6699981689,82.8700027466,85.8899993896,79.8899993896,1.6449696918343193,0,-1.605253120410144,0.3831387276839404,-0.39399124598689106,2.595795345476848,0.3012048192771122,1.24041907024246,3.0,0.0,0.7058826383409286,2.222220389309326,2.595795345476848,0.3831387276839404
BELFB,2025-01-31,train,True,True,D-1,83.5500030518,85.8899993896,80.8499984741,81.0999984741,79.8899993896,80.9300003052,-3.135849971155158,0,0.3831387276839404,-0.39399124598689106,2.595795345476848,0.3012048192771122,-0.45645315723724655,2.4224434504853454,3.0,0.0,0.5875547085840659,3.439119560324788,2.595795345476848,2.752418542344326
BELFB,2025-02-03,train,True,True,D-1,78.9899978638,79.8899993896,77.1999969482,78.1800003052,80.9300003052,81.6600036621,3.38018213762179,1,-0.39399124598689106,2.595795345476848,0.3012048192771122,-0.45645315723724655,-2.1358805524748337,-0.14775023983797375,2.0,0.0,0.3234463733431767,5.9062897726560815,2.595795345476848,5.178379760972341
BELFB,2025-02-04,train,True,True,D-1,79.0,80.9300003052,76.9000015259,80.25,81.6600036621,81.5199966431,3.367093243164554,1,2.595795345476848,0.3012048192771122,-0.45645315723724655,-2.1358805524748337,-3.6004910281626445,-3.3621769708239047,2.0,1.0,0.11277365726978054,9.861856042851924,2.595795345476848,8.255264738450197
BELFB,2025-02-05,train,True,True,D-1,80.5999984741,81.6600036621,79.4700012207,80.1500015259,81.5199966431,81.8600006104,1.5632781143350538,0,0.3012048192771122,-0.45645315723724655,-2.1358805524748337,-3.6004910281626445,2.647735593142886,-3.3132530120481896,2.0,2.0,0.37263618133066456,7.028036622554534,2.647735593142886,1.349291736777436
BELFB,2025-02-06,train,True,True,D-1,80.1999969482,81.5199966431,80.1999969482,81.1600036621,81.8600006104,83.1699981689,3.70324355824887,1,-0.45645315723724655,-2.1358805524748337,-3.6004910281626445,2.647735593142886,-0.12460869046729828,-3.723721890810816,1.0,3.0,0.3615128778976593,7.1615692506820094,2.647735593142886,0.0
BELFB,2025-02-07,train,True,True,D-1,81.0800018311,81.8600006104,79.75,80.8700027466,83.1699981689,82.3399963379,2.57769646102588,0,-2.1358805524748337,-3.6004910281626445,2.647735593142886,-0.12460869046729828,1.2601398839320321,-2.0634717362431276,2.0,4.0,0.47386019449471956,5.827988558493402,2.647735593142886,2.647735593142886
BELFB,2025-02-10,train,True,True,D-1,81.7200012207,83.1699981689,81.4499969482,82.3199996948,82.3399963379,81.6900024414,0.7586822172525265,0,-3.6004910281626445,2.647735593142886,-0.12460869046729828,1.2601398839320321,-0.3573199881894862,-0.28359523036669554,2.0,0.0,0.8004036196511117,1.2241842836361538,2.647735593142886,2.647735593142886
BELFB,2025-02-11,train,True,True,D-1,81.3000030518,82.3399963379,80.9199981689,81.3399963379,81.6900024414,82.9899978638,2.078714327874276,0,2.647735593142886,-0.12460869046729828,1.2601398839320321,-0.3573199881894862,1.7929972782905201,5.295471186285794,3.0,0.0,0.8644339825845118,1.0325540297027924,2.647735593142886,2.647735593142886
BELFB,2025-02-12,train,True,True,D-1,80.5,81.6900024414,80.5,81.0100021362,82.9899978638,83.8499984741,4.161488787701861,1,-0.12460869046729828,1.2601398839320321,-0.3573199881894862,1.7929972782905201,-1.1904802727567332,1.3582508883489108,2.0,1.0,0.5054045025928294,2.2498179412227426,1.7929972782905201,1.2601398839320321
BELFB,2025-02-13,train,True,True,D-1,81.3000030518,82.9899978638,80.2699966431,82.9300003052,83.8499984741,82.8099975586,3.136525616948971,1,1.2601398839320321,-0.3573199881894862,1.7929972782905201,-1.1904802727567332,-0.40569734024716864,1.0729888882436311,2.0,2.0,0.36842187450798164,2.6663325215921407,1.7929972782905201,3.384345144491685
BELFB,2025-02-14,train,True,True,D-1,83.0500030518,83.8499984741,81.8099975586,82.3199996948,82.8099975586,88.6500015259,6.742923863117922,1,-0.3573199881894862,1.7929972782905201,-1.1904802727567332,-0.40569734024716864,2.3700754454640816,2.1808730448918734,2.0,3.0,0.92982514848036,0.2893981222920061,2.3700754454640816,1.7929972782905201
BELFB,2025-02-18,train,True,True,D-1,82.5999984741,82.8099975586,81.5599975586,82.1100006104,88.6500015259,84.8499984741,7.324459035791664,1,1.7929972782905201,-1.1904802727567332,-0.40569734024716864,2.3700754454640816,-0.7355608442723538,1.7929972782905201,2.0,0.0,0.5726262578830509,1.8585991071093932,2.3700754454640816,1.7929972782905201
BELFB,2025-02-19,train,True,True,D-1,86.1900024414,88.6500015259,80.2900009155,81.5299987793,84.8499984741,90.0,4.420463453624324,1,-1.1904802727567332,-0.40569734024716864,2.3700754454640816,-0.7355608442723538,-0.25510092951722685,-0.25510092951722685,1.0,1.0,0.5139673257614014,2.11910589546338,2.3700754454640816,3.358860796702756
BELFB,2025-02-20,train,True,True,D-1,82.7099990845,84.8499984741,81.0400009155,84.5100021362,90.0,87.7799987793,8.813929387246432,1,-0.40569734024716864,2.3700754454640816,-0.7355608442723538,-0.25510092951722685,-0.7063717291295846,0.233590422859975,1.0,0.0,0.15035816253355197,8.732985224093648,2.3700754454640816,3.329746143264034
BELFB,2025-02-21,train,True,True,D-1,85.3199996948,90.0,84.3300018311,86.0699996948,87.7799987793,84.9199981689,2.883261947139837,0,2.3700754454640816,-0.7355608442723538,-0.25510092951722685,-0.7063717291295846,3.6551004556823363,4.320454150976993,2.0,1.0,0.5059669478000705,4.898827695007979,3.6551004556823363,2.3700754454640816
BELFB,2025-02-24,train,True,True,D-1,86.1299972534,87.7799987793,84.6699981689,84.6800003052,84.9199981689,85.0999984741,-1.195865333966839,0,-0.7355608442723538,-0.25510092951722685,-0.7063717291295846,3.6551004556823363,1.8459324567118518,3.7863250669771364,2.0,0.0,0.5952625462680601,4.566051259597526,3.6551004556823363,0.0
BELFB,2025-02-25,train,True,True,D-1,84.9199981689,84.9199981689,82.4700012207,82.9899978638,85.0999984741,83.6999969482,0.21196456556911158,0,-0.25510092951722685,-0.7063717291295846,3.6551004556823363,1.8459324567118518,-1.6149638602635963,2.866861782251773,2.0,1.0,0.45211120531491283,6.282474817697081,3.6551004556823363,3.6551004556823363
BELFB,2025-02-26,train,True,True,D-1,83.1900024414,85.0999984741,82.5199966431,83.3399963379,83.6999969482,84.0599975586,1.0457928737444666,0,-0.7063717291295846,3.6551004556823363,1.8459324567118518,-1.6149638602635963,-1.9957515768882383,1.0717296880503824,2.0,2.0,0.2780635636320484,8.446803610845421,3.6551004556823363,7.233585226126793
BELFB,2025-02-27,train,True,True,D-1,83.1800003052,83.6999969482,82.0,82.1100006104,84.0599975586,84.5100021362,1.5989442487617467,0,3.6551004556823363,1.8459324567118518,-1.6149638602635963,-1.9957515768882383,0.42173573094244077,2.2200387411995814,3.0,3.0,0.2566959439068236,7.991365436467235,3.6551004556823363,5.237533099128733
BELFB,2025-02-28,train,True,True,D-1,82.3000030518,84.0599975586,82.0,83.9100036621,84.5100021362,82.9000015259,2.685296479283261,0,1.8459324567118518,-1.6149638602635963,-1.9957515768882383,0.42173573094244077,-1.4758768677083034,-2.839902337160116,2.0,4.0,0.013750076299999137,9.609060200884546,1.8459324567118518,2.9062978935735617
BELFB,2025-03-03,train,True,True,D-1,84.2099990845,84.5100021362,81.8399963379,82.4400024414,82.9000015259,81.2099990845,-1.5556318404486569,0,-1.6149638602635963,-1.9957515768882383,0.42173573094244077,-1.4758768677083034,2.192184920617346,-2.509580620842622,2.0,4.0,0.3304505303600273,4.6120783557395795,2.192184920617346,0.42173573094244077
BELFB,2025-03-04,train,True,True,D-1,81.3099975586,82.9000015259,78.6600036621,80.3799972534,81.2099990845,82.2600021362,1.1683736393121036,0,-1.9957515768882383,0.42173573094244077,-1.4758768677083034,2.192184920617346,-1.7518783893987089,-2.645250183900205,2.0,3.0,0.18405083138975672,3.2265841265480155,2.192184920617346,0.42173573094244077
BELFB,2025-03-05,train,True,True,D-1,80.2600021362,81.2099990845,79.6200027466,80.0,82.2600021362,80.8199996948,2.4919012543832553,0,0.42173573094244077,-1.4758768677083034,2.192184920617346,-1.7518783893987089,-2.4987932156652737,-3.1449580402248323,2.0,4.0,0.2670799653588305,5.872109208737686,2.192184920617346,6.399080707340333
BELFB,2025-03-06,train,True,True,D-1,79.3099975586,82.2600021362,77.8700027466,79.2600021362,80.8199996948,79.9100036621,1.903924073486829,0,-1.4758768677083034,2.192184920617346,-1.7518783893987089,-2.4987932156652737,-0.4727510156563697,-4.00767516758469,1.0,2.0,0.2290592628070995,5.637502670250005,2.192184920617346,5.151916081632779
BELFB,2025-03-07,train,True,True,D-1,79.1200027466,80.8199996948,77.9800033569,80.8000030518,79.9100036621,80.1100006104,1.2512611595460799,0,2.192184920617346,-1.7518783893987089,-2.4987932156652737,-0.4727510156563697,-0.9249973297499992,-3.4709517147890723,1.0,3.0,0.20933727671377697,6.623769692787063,2.192184920617346,3.585560331752524
BELFB,2025-03-10,train,True,True,D-1,79.8799972534,79.9100036621,77.8199996948,78.6999969482,80.1100006104,78.9899978638,0.2879361103010014,0,-1.7518783893987089,-2.4987932156652737,-0.4727510156563697,-0.9249973297499992,1.9429735984029861,-3.7063526094263555,1.0,4.0,0.4412651467693153,4.5915828518243496,1.9429735984029861,0.0
BELFB,2025-03-11,train,True,True,D-1,79.3399963379,80.1100006104,75.7200012207,77.0899963379,78.9899978638,78.6999969482,-0.4411374971702853,0,-2.4987932156652737,-0.4727510156563697,-0.9249973297499992,1.9429735984029861,-2.5990173567861374,-4.53663923149259,1.0,4.0,0.1732277433469828,5.33672775167251,1.9429735984029861,0.7065419794434202
BELFB,2025-03-12,train,True,True,D-1,77.6800003052,78.9899978638,76.6699981689,76.8000030518,78.6999969482,77.7699966431,1.3130749729563629,0,-0.4727510156563697,-0.9249973297499992,1.9429735984029861,-2.5990173567861374,-2.045744183903442,-4.093059253446086,1.0,3.0,0.20947934639474977,6.706454850041621,1.9429735984029861,6.534565892677479
BELFB,2025-03-13,train,True,True,D-1,77.1699981689,78.6999969482,73.1999969482,74.3199996948,77.7699966431,76.8300018311,0.7775022527366282,0,-0.9249973297499992,1.9429735984029861,-2.5990173567861374,-2.045744183903442,-0.3761749901101341,-3.999996185249999,1.0,4.0,0.16513787154683243,7.109373525307472,1.9429735984029861,4.357197194435091
BELFB,2025-03-14,train,True,True,D-1,73.9400024414,77.7699966431,73.9400024414,76.3899993896,76.8300018311,75.0,3.9085735654261544,1,1.9429735984029861,-2.5990173567861374,-2.045744183903442,-0.3761749901101341,-3.2291709094429244,-6.232654943550364,1.0,4.0,0.14698193476370405,8.745963437422866,1.9429735984029861,5.536172164606812
BELFB,2025-03-17,train,True,True,D-1,76.3899993896,76.8300018311,74.9700012207,75.2300033569,75.0,77.1999969482,1.0603450256216007,0,-2.5990173567861374,-2.045744183903442,-0.3761749901101341,-3.2291709094429244,2.785252560953433,-5.457925118360196,1.0,3.0,0.46164989156957736,4.869748986156486,2.785252560953433,0.5338589139423089
BELFB,2025-03-18,train,True,True,D-1,74.6600036621,75.0,73.9100036621,74.1699981689,77.1999969482,77.0999984741,3.4020803127677635,1,-2.045744183903442,-0.3761749901101341,-3.2291709094429244,2.785252560953433,-1.5185181855858598,-4.409140693593583,1.0,4.0,0.29377790634248274,6.486769953137861,2.785252560953433,0.0
BELFB,2025-03-19,train,True,True,D-1,73.8499984741,77.1999969482,73.8499984741,77.0800018311,77.0999984741,74.2099990845,4.400812548614752,1,-0.3761749901101341,-3.2291709094429244,2.785252560953433,-1.5185181855858598,-1.4090191954016174,-3.7877783210691907,1.0,4.0,0.1675304088616849,6.498584082372361,2.785252560953433,5.691393729220351
BELFB,2025-03-20,train,True,True,D-1,76.2900009155,77.0999984741,74.8899993896,74.9199981689,74.2099990845,77.5199966431,1.6122633540958553,0,-3.2291709094429244,2.785252560953433,-1.5185181855858598,-1.4090191954016174,3.9234242066089164,0.3645817293928433,2.0,4.0,0.7054554332545474,2.1017061217120547,3.9234242066089164,2.785252560953433
BELFB,2025-03-21,train,True,True,D-1,74.1999969482,74.2099990845,72.3600006104,73.5500030518,77.5199966431,78.6999969482,6.064690276391138,1,2.785252560953433,-1.5185181855858598,-1.4090191954016174,3.9234242066089164,-2.8022880265792915,0.8073176487673805,2.0,4.0,0.2729592333133537,3.8040557179072065,3.9234242066089164,2.785252560953433
BELFB,2025-03-24,train,True,True,D-1,74.8099975586,77.5199966431,74.3499984741,77.1699981689,78.6999969482,78.6200027466,5.19983894739855,1,-1.5185181855858598,-1.4090191954016174,3.9234242066089164,-2.8022880265792915,-1.8286107188783762,-3.7177593408734166,1.0,2.0,0.2458684590536119,4.9626019645836905,3.9234242066089164,8.503080012838705
BELFB,2025-03-25,train,True,True,D-1,77.6500015259,78.6999969482,76.1200027466,77.4499969482,78.6200027466,78.1800003052,1.2491966537520938,0,-1.4090191954016174,3.9234242066089164,-2.8022880265792915,-1.8286107188783762,4.921815046765521,2.5787514627593877,2.0,0.0,0.9321707861823941,0.4535421569325182,4.921815046765521,3.9234242066089164
BELFB,2025-03-26,train,True,True,D-1,77.5999984741,78.6200027466,75.8600006104,77.3700027466,78.1800003052,77.2399978638,0.747425054774431,0,3.9234242066089164,-2.8022880265792915,-1.8286107188783762,4.921815046765521,0.362833725468259,4.422271619625473,3.0,0.0,0.8028390028323339,1.6139445439049105,4.921815046765521,3.9234242066089164
BELFB,2025-03-27,train,True,True,D-1,78.1800003052,78.1800003052,76.5,77.3000030518,77.2399978638,75.3000030518,-1.2023566612054282,0,-2.8022880265792915,-1.8286107188783762,4.921815046765521,0.362833725468259,-0.1032849641730782,0.37623366451837725,2.0,1.0,0.7902216135882637,1.7190049817575437,4.921815046765521,4.921815046765521
BELFB,2025-03-28,train,True,True,D-1,77.2399978638,77.2399978638,73.5299987793,74.1999969482,75.3000030518,75.1999969482,-2.5116453465222177,0,-1.8286107188783762,4.921815046765521,0.362833725468259,-0.1032849641730782,-0.09047394638106443,3.176728431752651,2.0,2.0,0.7791806458857052,1.8111175176304117,4.921815046765521,5.115480511336568
BELFB,2025-03-31,train,True,True,D-1,72.9000015259,75.3000030518,71.9700012207,74.8600006104,75.1999969482,76.7200012207,5.240054341347067,1,4.921815046765521,0.362833725468259,-0.1032849641730782,-0.09047394638106443,-4.010357026147393,0.8837442140447127,2.0,3.0,0.12959350216608445,6.064690276391138,4.921815046765521,9.019017691028452
BELFB,2025-04-01,train,True,True,D-1,74.5500030518,75.1999969482,73.25,73.8300018311,76.7200012207,73.5899963379,2.910795546704681,0,0.362833725468259,-0.1032849641730782,-0.09047394638106443,-4.010357026147393,0.8894928427837456,-2.9933881214357028,2.0,4.0,0.4294206871322261,5.129570273162054,0.8894928427837456,3.519369747549561
BELFB,2025-04-02,train,True,True,D-1,73.0,76.7200012207,73.0,75.9700012207,73.5899963379,62.2299995422,0.8082141615068483,0,-0.1032849641730782,-0.09047394638106443,-4.010357026147393,0.8894928427837456,-1.3759000412790434,-4.673977094564785,1.0,4.0,0.27969927573035847,6.487878635650057,0.8894928427837456,0.4986457308863379
BELFB,2025-04-03,train,True,True,D-1,72.2600021362,73.5899963379,64.4499969482,64.6299972534,62.2299995422,64.7200012207,-10.434542890392052,0,-0.09047394638106443,-4.010357026147393,0.8894928427837456,-1.3759000412790434,2.8985498259848974,-1.8094887891955236,2.0,4.0,0.6441224782116152,2.9090417914825917,2.8985498259848974,0.8894928427837456
BELFB,2025-04-04,train,True,True,D-1,62.1599998474,62.2299995422,58.0400009155,60.8199996948,64.7200012207,67.3099975586,8.285067123299573,1,-4.010357026147393,0.8894928427837456,-1.3759000412790434,2.8985498259848974,-14.926949828993962,-16.390692494422822,2.0,4.0,0.01407351777281453,19.511064747471597,2.8985498259848974,13.35055792408597
BELFB,2025-04-07,train,True,True,D-1,58.3699989319,64.7200012207,58.0,63.8300018311,67.3099975586,72.6399993896,24.44749138054423,1,0.8894928427837456,-1.3759000412790434,2.8985498259848974,-14.926949828993962,-5.895091630070537,-18.032342053518878,2.0,2.0,0.14882220202780866,26.1427188518375,2.8985498259848974,22.84063391505555
BELFB,2025-04-08,train,True,True,D-1,66.1900024414,67.3099975586,61.0699996948,62.5099983215,72.6399993896,69.2399978638,9.744669452022436,1,-1.3759000412790434,2.8985498259848974,-14.926949828993962,-5.895091630070537,4.9490334616975495,-14.734168700724858,2.0,3.0,0.3114317014388526,20.194264483507474,4.9490334616975495,4.136358051727818
BELFB,2025-04-09,train,True,True,D-1,61.3699989319,72.6399993896,60.9700012207,71.5299987793,69.2399978638,69.4899978638,13.231218955878532,1,2.8985498259848974,-14.926949828993962,-5.895091630070537,4.9490334616975495,-2.0679985457196848,-15.332525028912558,2.0,4.0,0.24091869804543511,22.732368070329233,4.9490334616975495,2.8985498259848974
BELFB,2025-04-10,train,True,True,D-1,69.2399978638,69.2399978638,64.8700027466,66.7699966431,69.4899978638,71.2900009155,2.960720847699183,0,-14.926949828993962,-5.895091630070537,4.9490334616975495,-2.0679985457196848,14.429692369224757,-5.844415387728342,2.0,4.0,0.8678641409560788,2.87990716308546,14.429692369224757,4.9490334616975495
BELFB,2025-04-11,train,True,True,D-1,66.5299987793,69.4899978638,64.0699996948,69.0999984741,71.2900009155,70.4800033569,7.1546704096453695,1,-5.895091630070537,4.9490334616975495,-2.0679985457196848,14.429692369224757,-6.654553638238692,3.3111550064121476,2.0,1.0,0.5990435115270598,8.791377926640376,14.429692369224757,4.9490334616975495
BELFB,2025-04-14,train,True,True,D-1,70.8399963379,71.2900009155,68.8300018311,70.3499984741,70.4800033569,69.3600006104,-0.5081775827357138,0,4.9490334616975495,-2.0679985457196848,14.429692369224757,-6.654553638238692,3.4895940514335644,13.613940843225492,3.0,2.0,0.7581966486955761,5.1230115682663335,14.429692369224757,17.82686886393933
BELFB,2025-04-15,train,True,True,D-1,70.0999984741,70.4800033569,68.4899978638,69.3600006104,69.3600006104,70.9400024414,1.1982938453420244,0,-2.0679985457196848,14.429692369224757,-6.654553638238692,3.4895940514335644,1.8089725435645576,10.214627065580405,3.0,3.0,0.8037702420894336,3.2551541793466976,14.429692369224757,14.429692369224757
BELFB,2025-04-16,train,True,True,D-1,68.2099990845,69.3600006104,67.5599975586,69.0500030518,70.9400024414,70.1100006104,4.002350672249699,1,14.429692369224757,-6.654553638238692,3.4895940514335644,1.8089725435645576,-1.4072464608005486,10.958250636432943,3.0,4.0,0.718937506953424,4.728948601981697,14.429692369224757,14.429692369224757
BELFB,2025-04-17,train,True,True,D-1,68.1600036621,70.9400024414,68.1600036621,70.2200012207,70.1100006104,68.0,2.8609108619873647,0,-6.654553638238692,3.4895940514335644,1.8089725435645576,-1.4072464608005486,-0.4469399594461798,-3.4670708371627668,2.0,2.0,0.6897510408616214,3.2440228308456387,3.4895940514335644,5.337490924919075
BELFB,2025-04-21,train,True,True,D-1,68.9400024414,70.1100006104,66.4000015259,66.7600021362,68.0,70.9199981689,2.872056364058051,0,3.4895940514335644,1.8089725435645576,-1.4072464608005486,-0.4469399594461798,1.6944216034607384,5.166998279243606,3.0,3.0,0.8518006213444568,1.5237819370538253,3.4895940514335644,3.4895940514335644
BELFB,2025-04-22,train,True,True,D-1,67.9100036621,68.0,65.1100006104,65.7300033569,70.9199981689,70.5100021362,4.432328588549095,1,1.8089725435645576,-1.4072464608005486,-0.4469399594461798,1.6944216034607384,-4.9273697299225265,-3.3863913018421843,2.0,4.0,0.07361976589724133,6.785498253966726,1.8089725435645576,5.125411087212539
BELFB,2025-04-23,train,True,True,D-1,68.2699966431,70.9199981689,67.3700027466,67.9400024414,70.5100021362,72.1600036621,5.697974528014216,1,-1.4072464608005486,-0.4469399594461798,1.6944216034607384,-4.9273697299225265,-1.542838146108283,-6.567157380821975,1.0,2.0,0.10634692140288039,7.926363636725853,1.6944216034607384,8.088608139698517
BELFB,2025-04-24,train,True,True,D-1,68.5500030518,70.5100021362,67.7699966431,70.1600036621,72.1600036621,71.1999969482,5.266229685755208,1,-0.4469399594461798,1.6944216034607384,-4.9273697299225265,-1.542838146108283,3.362237899943765,-2.0472868461697713,2.0,3.0,0.48542040174875584,4.415660718569403,3.362237899943765,1.6944216034607384
BELFB,2025-04-25,train,True,True,D-1,67.6600036621,72.1600036621,64.0,71.2099990845,71.1999969482,69.1900024414,5.232032359588734,1,1.6944216034607384,-4.9273697299225265,-1.542838146108283,3.362237899943765,3.2675907284737127,1.6075315876051377,3.0,4.0,0.8662095138371148,1.1117427858991835,3.362237899943765,1.6944216034607384
BELFB,2025-04-28,train,True,True,D-1,71.1399993896,71.1999969482,68.1500015259,68.3600006104,69.1900024414,67.0,-2.741069672380514,0,-4.9273697299225265,-1.542838146108283,3.362237899943765,3.2675907284737127,1.4965726448033179,1.4098516755766788,3.0,0.0,0.8835779226408444,1.3340887372750743,3.362237899943765,3.362237899943765
BELFB,2025-04-29,train,True,True,D-1,68.0199966431,69.1900024414,66.6800003052,68.2799987793,67.0,68.8300018311,1.190833913518241,0,-1.542838146108283,3.362237899943765,3.2675907284737127,1.4965726448033179,-4.002244784076048,2.396642335235044,3.0,1.0,0.5343135605012629,5.558810734009678,3.362237899943765,5.9278065398330355
BELFB,2025-04-30,train,True,True,D-1,66.8300018311,67.0,65.0199966431,65.7699966431,68.8300018311,70.8199996948,5.970369226958794,1,3.362237899943765,3.2675907284737127,1.4965726448033179,-4.002244784076048,-0.1170301790310746,3.879499912017459,3.0,2.0,0.5245094189330957,5.682491142598356,3.362237899943765,7.476829028814824
BELFB,2025-05-01,train,True,True,D-1,66.3899993896,68.8300018311,65.9000015259,67.0599975586,70.8199996948,70.0800018311,6.6726921914898485,1,3.2675907284737127,1.4965726448033179,-4.002244784076048,-0.1170301790310746,-3.676043030277476,-3.194003120873723,2.0,3.0,0.21691125597417782,9.715687007976115,3.2675907284737127,7.056361858042659
BELFB,2025-05-02,train,True,True,D-1,67.6600036621,70.8199996948,67.0899963379,68.6100006104,70.0800018311,70.1800003052,3.7244997143143665,1,1.4965726448033179,-4.002244784076048,-0.1170301790310746,-3.676043030277476,1.9613820607292665,-4.41848053262659,2.0,4.0,0.3749995325139971,7.605139112991144,1.9613820607292665,3.2833348628920733
BELFB,2025-05-05,train,True,True,D-1,68.2699966431,70.0800018311,67.9599990845,68.9599990845,70.1800003052,70.3600006104,3.0613799180715606,1,-4.002244784076048,-0.1170301790310746,-3.676043030277476,1.9613820607292665,2.311367593542668,-3.6511704922433275,2.0,4.0,0.5809067621464955,3.7749545470888712,2.311367593542668,0.0
BELFB,2025-05-06,train,True,True,D-1,67.8099975586,70.1800003052,67.5,69.8099975586,70.3600006104,74.2900009155,9.556117962251975,1,-0.1170301790310746,-3.676043030277476,1.9613820607292665,2.311367593542668,0.5101274901416541,0.8777040209808407,3.0,1.0,0.6793104083359349,2.6972166980757217,2.311367593542668,1.9613820607292665
BELFB,2025-05-07,train,True,True,D-1,70.0,70.3600006104,68.0500030518,70.2200012207,74.2900009155,74.0,6.1285727364285725,1,-3.676043030277476,1.9613820607292665,2.311367593542668,0.5101274901416541,1.232596411520337,2.2407715387420923,4.0,2.0,0.8258617922788911,1.4467872389655634,2.311367593542668,2.311367593542668
BELFB,2025-05-08,train,True,True,D-1,71.0,74.2900009155,70.6600036621,73.8000030518,74.0,79.3199996948,11.71830942929577,1,1.9613820607292665,2.311367593542668,0.5101274901416541,1.232596411520337,0.5873136748870911,6.766010042159332,5.0,3.0,0.8780490452430088,0.8544552316571696,2.311367593542668,2.311367593542668
BELFB,2025-05-09,train,True,True,D-1,73.5,74.0,70.75,72.6999969482,79.3199996948,80.3000030518,9.251704832380959,1,2.311367593542668,0.5101274901416541,1.232596411520337,0.5873136748870911,5.098265122280665,10.050709422275617,5.0,0.0,0.9319447844207718,0.6639537173949384,5.098265122280665,2.311367593542668
BELFB,2025-05-12,train,True,True,D-1,76.6299972534,79.3199996948,75.8399963379,78.2900009155,80.3000030518,80.9000015259,5.57223597226546,1,0.5101274901416541,1.232596411520337,0.5873136748870911,5.098265122280665,-1.4905231139732078,5.961224750637939,4.0,1.0,0.7658315533256563,2.187075700199692,5.098265122280665,1.232596411520337
BELFB,2025-05-13,train,True,True,D-1,76.6600036621,80.3000030518,75.75,80.2799987793,80.9000015259,78.9000015259,5.530912680997191,1,1.232596411520337,0.5873136748870911,5.098265122280665,-1.4905231139732078,7.689139204892936,13.529585201367977,4.0,0.0,0.9128596610917739,1.3156198329997482,7.689139204892936,5.098265122280665
BELFB,2025-05-14,train,True,True,D-1,80.0299987793,80.9000015259,77.9599990845,77.9599990845,78.9000015259,78.8600006104,-1.4119671006321277,0,0.5873136748870911,5.098265122280665,-1.4905231139732078,7.689139204892936,2.5418288932552713,14.99785358380976,4.0,0.0,0.998366998163265,0.02491812755875955,7.689139204892936,5.098265122280665
BELFB,2025-05-15,train,True,True,D-1,77.8799972534,78.9000015259,76.5699996948,77.6900024414,78.8600006104,76.6299972534,1.2583505284563978,0,5.098265122280665,-1.4905231139732078,7.689139204892936,2.5418288932552713,-2.889885064868991,11.022497478280213,3.0,0.0,0.7128903266871405,3.7711678757376133,7.689139204892936,8.110651310067363
BELFB,2025-05-16,train,True,True,D-1,77.3899993896,78.8600006104,75.8899993896,76.1900024414,76.6299972534,76.3300018311,-0.9820417911802326,0,-1.4905231139732078,7.689139204892936,2.5418288932552713,-2.889885064868991,-0.346327150167558,5.271001664958752,2.0,1.0,0.6837439801059174,4.131804586981747,7.689139204892936,10.915342963341212
BELFB,2025-05-19,train,True,True,D-1,74.9400024414,76.6299972534,74.9300003052,75.5199966431,76.3300018311,75.0599975586,1.8548163122718453,0,7.689139204892936,2.5418288932552713,-2.889885064868991,-0.346327150167558,-1.9307503576556306,4.8005579638286555,2.0,2.0,0.08543734194779759,6.181912237268405,7.689139204892936,9.959530000025607
BELFB,2025-05-20,train,True,True,D-1,74.7699966431,76.3300018311,74.7699966431,74.9599990845,75.0599975586,74.2699966431,0.38785733385044985,0,2.5418288932552713,-2.889885064868991,-0.346327150167558,-1.9307503576556306,-0.8793880782656749,-3.5381328905459086,1.0,3.0,0.09882683706232567,7.123947460200997,2.5418288932552713,5.334988540710284
BELFB,2025-05-21,train,True,True,D-1,73.8499984741,75.0599975586,72.75,73.3300018311,74.2699966431,72.6299972534,0.5687179115478225,0,-2.889885064868991,-0.346327150167558,-1.9307503576556306,-0.8793880782656749,-0.7415222239038122,-6.626805898970378,0.0,4.0,0.030995479617499107,7.924229607719213,-0.346327150167558,1.6143894441347895
BELFB,2025-05-22,train,True,True,D-1,72.4300003052,74.2699966431,71.4599990845,72.5299987793,72.6299972534,74.6100006104,3.0098029766865597,1,-0.346327150167558,-1.9307503576556306,-0.8793880782656749,-0.7415222239038122,-2.1744894254368208,-5.938939594370174,0.0,4.0,0.09430921742984902,7.595799203209208,-0.346327150167558,2.899887326994588
BELFB,2025-05-23,train,True,True,D-1,70.9300003052,72.6299972534,69.0,72.4800033569,74.6100006104,74.5500030518,5.1882141398076564,1,-1.9307503576556306,-0.8793880782656749,-0.7415222239038122,-2.1744894254368208,-1.090962814432539,-6.641785944069289,0.0,4.0,0.14459452353557037,8.727425806749878,-0.7415222239038122,3.2417293688340787
BELFB,2025-05-27,train,True,True,D-1,73.8000030518,74.6100006104,73.0100021362,73.9100036621,74.5500030518,74.0299987793,1.0162601205769395,0,-0.8793880782656749,-0.7415222239038122,-2.1744894254368208,-1.090962814432539,-0.06893068143035697,-4.869404076149586,0.0,4.0,0.4560949684941595,5.725708753164582,-0.06893068143035697,1.159141487760762
BELFB,2025-05-28,train,True,True,D-1,73.5599975586,74.5500030518,72.0,72.4199981689,74.0299987793,74.3199996948,1.033173139510457,0,-0.7415222239038122,-2.1744894254368208,-1.090962814432539,-0.06893068143035697,1.9729583870995437,-2.131876393756571,1.0,4.0,0.6698502640569132,3.2742498296491673,1.9729583870995437,0.0
BELFB,2025-05-29,train,True,True,D-1,73.6399993896,74.0299987793,71.75,73.5500030518,74.3199996948,73.8000030518,0.9234116116736857,0,-2.1744894254368208,-1.090962814432539,-0.06893068143035697,1.9729583870995437,-2.0159726956745616,-3.388475115556955,1.0,4.0,0.5643563608448204,3.6454010721498786,1.9729583870995437,0.0827886109559528
BELFB,2025-05-30,train,True,True,D-1,72.8199996948,74.3199996948,71.7900009155,73.8000030518,73.8000030518,74.4100036621,2.183471537989501,0,-1.090962814432539,-0.06893068143035697,1.9729583870995437,-2.0159726956745616,1.5603492287649345,0.3000152941584844,2.0,2.0,0.8110521491504061,1.4411930858159838,1.9729583870995437,2.4600380684182355
BELFB,2025-06-02,train,True,True,D-1,73.8000030518,73.8000030518,70.8700027466,71.4499969482,74.4100036621,74.5999984741,1.0840045924367825,0,-0.06893068143035697,1.9729583870995437,-2.0159726956745616,1.5603492287649345,0.3399048125449111,1.751005506513903,3.0,3.0,0.8556154241590651,1.097557622093115,1.9729583870995437,1.9729583870995437
BELFB,2025-06-03,train,True,True,D-1,71.9000015259,74.4100036621,71.1100006104,73.2300033569,74.5999984741,74.4199981689,3.75521125298921,1,1.9729583870995437,-2.0159726956745616,1.5603492287649345,0.3399048125449111,-3.184289981601418,-1.4210904539119995,3.0,4.0,0.15507875210674654,4.422678512486078,1.9729583870995437,4.828167111048898
BELFB,2025-06-04,train,True,True,D-1,72.9400024414,74.5999984741,72.1299972534,73.7099990845,74.4199981689,76.9800033569,5.5388000826374295,1,-2.0159726956745616,1.5603492287649345,0.3399048125449111,-3.184289981601418,2.491261700109626,-0.9200382512613681,3.0,4.0,0.6413044604820318,1.802539443384621,2.491261700109626,2.332706506988791
BELFB,2025-06-05,train,True,True,D-1,73.5,74.4199981689,71.4400024414,74.1100006104,76.9800033569,78.4499969482,6.734689725442178,1,1.5603492287649345,0.3399048125449111,-3.184289981601418,2.491261700109626,0.6554632057855336,1.7812771999681898,4.0,0.0,0.7613939922133586,1.2074337276544167,2.491261700109626,1.5603492287649345
BELFB,2025-06-06,train,True,True,D-1,75.3700027466,76.9800033569,75.3399963379,76.6800003052,78.4499969482,80.1100006104,6.288971329530457,1,0.3399048125449111,-3.184289981601418,2.491261700109626,0.6554632057855336,0.542669286213715,0.7613834607261616,4.0,1.0,0.8686331300362031,0.6611764399732767,2.491261700109626,2.491261700109626
BELFB,2025-06-09,train,True,True,D-1,77.4000015259,78.4499969482,74.6100006104,77.7099990845,80.1100006104,83.9800033569,8.50129418769865,1,-3.184289981601418,2.491261700109626,0.6554632057855336,0.542669286213715,3.467817667834905,3.9024351413353253,4.0,0.0,0.9508996691106267,0.3912402849581831,3.467817667834905,2.491261700109626
BELFB,2025-06-10,train,True,True,D-1,79.2099990845,80.1100006104,78.3499984741,79.5699996948,83.9800033569,86.6600036621,9.40538399659927,1,2.491261700109626,0.6554632057855336,0.542669286213715,3.467817667834905,1.3432430558169228,8.76137495266569,5.0,0.0,0.8991828020554851,0.9522556587542086,3.467817667834905,2.491261700109626
BELFB,2025-06-11,train,True,True,D-1,79.6299972534,83.9800033569,79.5999984741,83.0500030518,86.6600036621,86.2699966431,8.828339383623195,1,0.6554632057855336,0.542669286213715,3.467817667834905,1.3432430558169228,2.393515161771509,8.657648569263143,5.0,0.0,0.9377161442166402,0.6786488848450789,3.467817667834905,3.467817667834905
BELFB,2025-06-12,train,True,True,D-1,82.1699981689,86.6600036621,82.1699981689,86.4000015259,86.2699966431,89.0800018311,8.40939980063835,1,0.542669286213715,3.467817667834905,1.3432430558169228,2.393515161771509,4.3735118390699546,12.671284877636179,5.0,0.0,0.9258373016583696,1.1198076711929073,4.3735118390699546,3.467817667834905
BELFB,2025-06-13,train,True,True,D-1,84.8799972534,86.2699966431,83.9300003052,86.1600036621,89.0800018311,91.6100006104,7.928844927867162,1,3.467817667834905,1.3432430558169228,2.393515161771509,4.3735118390699546,4.0337126441892135,16.583458122081463,5.0,0.0,0.9784230647009405,0.30092839306496977,4.3735118390699546,3.467817667834905
BELFB,2025-06-16,train,True,True,D-1,86.9800033569,89.0800018311,86.0999984741,88.7200012207,91.6100006104,90.3300018311,5.323059409991049,1,1.3432430558169228,2.393515161771509,4.3735118390699546,4.0337126441892135,-0.2777753004183148,12.363071621241396,4.0,1.0,0.9585062345748153,0.5803156670708631,4.3735118390699546,4.3735118390699546
BELFB,2025-06-17,train,True,True,D-1,88.1800003052,91.6100006104,85.1800003052,87.3499984741,90.3300018311,91.1699981689,3.390789128318561,1,2.393515161771509,4.3735118390699546,4.0337126441892135,-0.2777753004183148,2.971213381837501,14.168063654495722,4.0,0.0,0.9664491614380389,0.40577164725739134,4.3735118390699546,4.3735118390699546
BELFB,2025-06-18,train,True,True,D-1,87.5699996948,90.3300018311,86.9899978638,89.1600036621,91.1699981689,93.4100036621,6.668955107518149,1,4.3735118390699546,4.0337126441892135,-0.2777753004183148,2.971213381837501,-1.5441870240645916,9.77755285803832,3.0,0.0,0.6452954722277511,4.876934414100886,4.3735118390699546,4.3735118390699546
BELFB,2025-06-20,train,True,True,D-1,90.4300003052,91.1699981689,87.7300033569,90.5100021362,93.4100036621,95.0,5.053632289479504,1,4.0337126441892135,-0.2777753004183148,2.971213381837501,-1.5441870240645916,2.07212961604879,7.357014311593768,3.0,1.0,0.7404664920922736,2.7478654639641276,4.0337126441892135,4.0337126441892135
BELFB,2025-06-23,train,True,True,D-1,89.6200027466,93.4100036621,89.5899963379,93.3099975586,95.0,92.7099990845,6.0031210539146285,1,-0.2777753004183148,2.971213381837501,-1.5441870240645916,2.07212961604879,1.5141301241039073,4.756945066798357,3.0,2.0,0.8567710376970685,1.2153336075992005,2.971213381837501,2.971213381837501
BELFB,2025-06-24,train,True,True,D-1,93.8499984741,95.0,90.5699996948,92.4800033569,92.7099990845,94.0599975586,0.22376034940261302,0,2.971213381837501,-1.5441870240645916,2.07212961604879,1.5141301241039073,3.0935756892222166,8.298506955200068,4.0,0.0,0.9878485950535916,0.10717619345899099,3.0935756892222166,2.971213381837501
BELFB,2025-06-25,train,True,True,D-1,92.7099990845,92.7099990845,90.5199966431,91.5800018311,94.0599975586,96.3199996948,3.8938632789864425,1,-1.5441870240645916,2.07212961604879,1.5141301241039073,3.0935756892222166,-0.8895019005640381,4.238054648857159,3.0,0.0,0.7433811892647596,2.724909766033212,3.0935756892222166,2.07212961604879
BELFB,2025-06-26,train,True,True,D-1,91.7200012207,94.0599975586,90.75,93.8700027466,96.3199996948,98.5500030518,7.446578434583095,1,2.07212961604879,1.5141301241039073,3.0935756892222166,-0.8895019005640381,-0.9731850055483826,4.84259122025541,3.0,1.0,0.5730340503351645,3.734437759902498,3.0935756892222166,4.947606096214285
BELFB,2025-06-27,train,True,True,D-1,94.4700012207,96.3199996948,92.3000030518,96.0800018311,98.5500030518,98.3300018311,4.318833257520915,1,1.5141301241039073,3.0935756892222166,-0.8895019005640381,-0.9731850055483826,2.500546920411084,5.282636710458233,3.0,2.0,0.8445670185456696,1.2037895177764213,3.0935756892222166,3.0935756892222166
BELFB,2025-06-30,train,True,True,D-1,97.1399993896,98.5500030518,96.0800018311,97.6900024414,98.3300018311,99.7300033569,2.666258990709114,0,3.0935756892222166,-0.8895019005640381,-0.9731850055483826,2.500546920411084,2.3543187598128235,6.154015648478528,3.0,0.0,0.9643391167919794,0.24978961191308713,3.0935756892222166,3.0935756892222166
BELFB,2025-07-01,oos,True,True,D-1,97.2399978638,98.3300018311,95.5100021362,95.5199966431,99.7300033569,100.519996643,3.373096309395396,1,-0.8895019005640381,-0.9731850055483826,2.500546920411084,2.3543187598128235,1.6756875308248098,4.694036006216051,3.0,0.0,0.8929016283887082,0.8803363587956525,2.500546920411084,2.500546920411084
BELFB,2025-07-02,oos,True,True,D-1,96.1299972534,99.7300033569,95.5199966431,98.8300018311,100.519996643,100.559997559,4.60834331860267,1,-0.9731850055483826,2.500546920411084,2.3543187598128235,1.6756875308248098,-2.2213181943584126,3.2871898527814913,3.0,1.0,0.6226645092814392,3.172117373518435,2.500546920411084,3.083399935947495
BELFB,2025-07-03,oos,True,True,D-1,99.3499984741,100.519996643,98.0199966431,100.099998474,100.559997559,101.449996948,2.113737801865656,0,2.500546920411084,2.3543187598128235,1.6756875308248098,-2.2213181943584126,3.465248434176016,7.916575513255708,4.0,0.0,0.8997771504051325,0.9106561865070972,3.465248434176016,2.500546920411084
BELFB,2025-07-07,oos,True,True,D-1,99.2600021362,100.559997559,97.1500015259,99.2699966431,101.449996948,102.769996643,3.5361620302846175,1,2.3543187598128235,1.6756875308248098,-2.2213181943584126,3.465248434176016,1.2850314877767666,6.636833434657241,4.0,0.0,0.9489052924019759,0.41957859680596954,3.465248434176016,2.3543187598128235
BELFB,2025-07-08,oos,True,True,D-1,100.160003662,101.449996948,99.9700012207,101.199996948,102.769996643,103.720001221,3.5543105319899793,1,1.6756875308248098,-2.2213181943584126,3.465248434176016,1.2850314877767666,-0.8291726708822944,3.320144412161574,3.0,0.0,0.7445540425490629,1.2994872162007454,3.465248434176016,3.465248434176016
BELFB,2025-07-09,oos,True,True,D-1,101.209999084,102.769996643,100.809997559,102.239997864,103.720001221,102.949996948,2.4799942295393285,0,-2.2213181943584126,3.465248434176016,1.2850314877767666,-0.8291726708822944,1.9441929789106638,3.5929925467096835,3.0,0.0,0.9579124211517211,0.24703558057266317,3.465248434176016,3.465248434176016
BELFB,2025-07-10,oos,True,True,D-1,102.230003357,103.720001221,100.959999084,102.300003052,102.949996948,101.949996948,0.7042879461577334,0,3.465248434176016,1.2850314877767666,-0.8291726708822944,1.9441929789106638,1.0276689203206013,7.035177404798865,4.0,0.0,0.9268967201369233,0.5183869229975935,3.465248434176016,3.465248434176016
BELFB,2025-07-11,oos,True,True,D-1,101.489997864,102.949996948,100.720001221,101.13999939,101.949996948,103.839996338,2.3154976090836943,0,1.2850314877767666,-0.8291726708822944,1.9441929789106638,1.0276689203206013,0.05869052157043697,3.511080801991895,4.0,0.0,0.783866326499366,1.3880724600547678,1.9441929789106638,1.9441929789106638
BELFB,2025-07-14,oos,True,True,D-1,100.690002441,101.949996948,99.0400009155,101.660003662,103.839996338,99.2600021362,3.1284078067688625,1,-0.8291726708822944,1.9441929789106638,1.0276689203206013,0.05869052157043697,-1.1339233894356315,1.0389619698846664,3.0,1.0,0.607305639157913,2.550921343247592,1.9441929789106638,3.0200913523273254
BELFB,2025-07-15,oos,True,True,D-1,102.720001221,103.839996338,98.1600036621,98.2399978638,99.2600021362,105.349998474,2.560355550757465,0,1.9441929789106638,1.0276689203206013,0.05869052157043697,-1.1339233894356315,0.5141430444297601,2.407582451616941,4.0,2.0,0.5598296101435993,2.0263599102839924,1.9441929789106638,2.5698033121524744
BELFB,2025-07-16,oos,True,True,D-1,98.25,99.2600021362,95.4499969482,98.7699966431,105.349998474,103.569999695,7.226461551145036,1,1.0276689203206013,0.05869052157043697,-1.1339233894356315,0.5141430444297601,-3.364160608896749,-2.924900369039496,3.0,0.0,0.014083504374823546,5.70032430371572,1.0276689203206013,3.894983082561665
BELFB,2025-07-17,oos,True,True,D-1,98.9300003052,105.349998474,98.9000015259,101.319999695,103.569999695,104.680000305,5.812190419550389,1,0.05869052157043697,-1.1339233894356315,0.5141430444297601,-3.364160608896749,0.5394938831684293,-3.393976225934403,3.0,1.0,0.39570917000735834,5.133137457947035,0.5394938831684293,3.356959210863031
BELFB,2025-07-18,oos,True,True,D-1,102.449996948,103.569999695,99.8799972534,101.690002441,104.680000305,106.930000305,4.372868219092174,1,-1.1339233894356315,0.5141430444297601,-3.364160608896749,0.5394938831684293,2.5817587714559664,-0.9579700173633854,3.0,0.0,0.592929479000829,3.9774958459646292,2.5817587714559664,0.5141430444297601
BELFB,2025-07-21,oos,True,True,D-1,101.699996948,104.680000305,101.699996948,103.720001221,106.930000305,108.489997864,6.676500609406877,1,0.5141430444297601,-3.364160608896749,0.5394938831684293,2.5817587714559664,0.36518234022286933,0.5438036922258416,4.0,1.0,0.6303034879881759,3.599169972607208,2.5817587714559664,0.5394938831684293
BELFB,2025-07-22,oos,True,True,D-1,103.580001831,106.930000305,102.690002441,106.0,108.489997864,107.379997253,4.74029344101683,1,-3.364160608896749,0.5394938831684293,2.5817587714559664,0.36518234022286933,1.9962619050754693,2.0263599102839924,4.0,2.0,0.8353538382037491,1.5715360912182286,2.5817587714559664,2.5817587714559664
BELFB,2025-07-23,oos,True,True,D-1,106.830001831,108.489997864,106.339996338,107.069999695,107.379997253,122.699996948,14.855372877467122,1,0.5394938831684293,2.5817587714559664,0.36518234022286933,1.9962619050754693,2.1982247899726914,7.899025147535599,5.0,0.0,0.9189895441581799,0.8773587783018844,2.5817587714559664,2.5817587714559664
BELFB,2025-07-24,oos,True,True,D-1,106.5,107.379997253,102.980003357,102.980003357,122.699996948,127.650001526,19.85915636244131,1,2.5817587714559664,0.36518234022286933,1.9962619050754693,2.1982247899726914,1.009433674528304,8.403364720049167,5.0,0.0,0.851929227192872,1.326233466932858,2.5817587714559664,2.5817587714559664
BELFB,2025-07-25,oos,True,True,D-1,107.699996948,122.699996948,107.699996948,119.839996338,127.650001526,130.5,21.169919868250652,1,0.36518234022286933,1.9962619050754693,2.1982247899726914,1.009433674528304,-3.819927477025109,1.6383770894167426,4.0,1.0,0.36004714097040785,5.350547997069444,2.1982247899726914,5.0472782267651395
BELFB,2025-07-28,oos,True,True,D-1,120.290000916,127.650001526,118.080001831,126.75,130.5,131.679992676,9.468776850333382,1,1.9962619050754693,2.1982247899726914,1.009433674528304,-3.819927477025109,16.372103739938314,17.84835624085124,4.0,0.0,0.8638094947619047,2.386515935742839,16.372103739938314,2.1982247899726914
BELFB,2025-07-29,oos,True,True,D-1,128.0,130.5,124.900001526,130.490005493,131.679992676,131.100006104,2.8749942781250093,0,2.1982247899726914,1.009433674528304,-3.819927477025109,16.372103739938314,5.766024593751506,22.2040093597079,4.0,0.0,0.9639422452326586,0.7100603755423984,16.372103739938314,2.1982247899726914
BELFB,2025-07-30,oos,True,True,D-1,130.699996948,131.679992676,124.629997253,125.910003662,131.100006104,128.729995728,0.3060513889370009,0,1.009433674528304,-3.819927477025109,16.372103739938314,5.766024593751506,2.950694669033549,23.103778766981154,4.0,0.0,0.9996368274629667,0.0076592126440955255,16.372103739938314,16.372103739938314
BELFB,2025-07-31,oos,True,True,D-1,127.069999695,131.100006104,126.0,130.039993286,128.729995728,132.470001221,4.249627401401868,1,-3.819927477025109,16.372103739938314,5.766024593751506,2.950694669033549,-3.5098487533175127,17.595969011551027,3.0,0.0,0.7989550117992497,4.582629533940219,16.372103739938314,17.034822744277566
BELFB,2025-08-01,oos,True,True,D-1,126.029998779,128.729995728,123.13999939,127.5,132.470001221,134.740005493,6.911058318165542,1,16.372103739938314,5.766024593751506,2.950694669033549,-3.5098487533175127,3.2801123849434344,26.276936343836898,4.0,1.0,0.9316096879831766,1.2611500112839291,16.372103739938314,16.71696709196274
BELFB,2025-08-04,oos,True,True,D-1,127.879997253,132.470001221,126.349998474,131.509994507,134.740005493,132.399993896,5.364410687644949,1,5.766024593751506,2.950694669033549,-3.5098487533175127,3.2801123849434344,-1.953240093156361,6.391859058803306,3.0,2.0,0.6926473904549154,3.278425628235304,5.766024593751506,5.766024593751506
BELFB,2025-08-05,oos,True,True,D-1,132.369995117,134.740005493,129.699996948,131.710006714,132.399993896,134.449996948,1.5713544668197077,0,2.950694669033549,-3.5098487533175127,3.2801123849434344,-1.953240093156361,3.145093730980375,3.755419729388554,3.0,0.0,0.897105409903536,0.7299876466414945,3.2801123849434344,3.2801123849434344
BELFB,2025-08-06,oos,True,True,D-1,131.580001831,132.399993896,129.589996338,131.100006104,134.449996948,136.100006104,3.435175718271699,1,-3.5098487533175127,3.2801123849434344,-1.953240093156361,3.145093730980375,0.1520889782938628,0.9349384394542248,3.0,0.0,0.7387933461331209,2.300507649034955,3.2801123849434344,3.2801123849434344
BELFB,2025-08-07,oos,True,True,D-1,132.929992676,134.449996948,131.910003662,132.61000061,136.100006104,133.039993286,2.3847239920688823,0,3.2801123849434344,-1.953240093156361,3.145093730980375,0.1520889782938628,-0.46313915337092837,4.121993718570871,3.0,1.0,0.6862071143170656,2.7765058882700977,3.2801123849434344,3.5918669436269424
BELFB,2025-08-08,oos,True,True,D-1,133.830001831,136.100006104,132.580001831,132.580001831,133.039993286,135.270004272,1.0759937392950336,0,-1.953240093156361,3.145093730980375,0.1520889782938628,-0.46313915337092837,1.1517882804689794,1.976320714157298,3.0,2.0,0.8163789860033641,1.6062173842109173,3.145093730980375,3.145093730980375
BELFB,2025-08-11,oos,True,True,D-1,132.339996338,133.039993286,127.010002136,128.220001221,135.270004272,136.559997559,3.188757244803009,1,3.145093730980375,0.1520889782938628,-0.46313915337092837,1.1517882804689794,-0.022621807451916887,3.98431516156863,3.0,0.0,0.6389742032437785,2.655003940554268,3.145093730980375,3.145093730980375
BELFB,2025-08-12,oos,True,True,D-1,129.509994507,135.270004272,126.050003052,134.660003662,136.559997559,133.399993896,5.443597676640288,1,0.1520889782938628,-0.46313915337092837,1.1517882804689794,-0.022621807451916887,-3.2885808943928896,-2.501705895687556,2.0,1.0,0.1331131525640269,6.145690850071062,1.1517882804689794,4.462247045875955
BELFB,2025-08-13,oos,True,True,D-1,135.5,136.559997559,133.380004883,134.580001831,133.399993896,132.75,-1.5498200029520182,0,-0.46313915337092837,1.1517882804689794,-0.022621807451916887,-3.2885808943928896,5.02261923231464,2.239766758501305,2.0,2.0,0.856716218438022,1.069361653675882,5.02261923231464,1.1517882804689794
BELFB,2025-08-14,oos,True,True,D-1,133.070007324,133.399993896,130.070007324,132.130004883,132.75,132.850006104,-0.16532742758804675,0,1.1517882804689794,-0.022621807451916887,-3.2885808943928896,5.02261923231464,-0.05941023973295989,2.654458859627651,2.0,0.0,0.8116083003962313,1.4712406754804563,5.02261923231464,1.1517882804689794
BELFB,2025-08-15,oos,True,True,D-1,132.679992676,132.75,130.580001831,131.029998779,132.850006104,131.36000061,0.12813795401327432,0,-0.022621807451916887,-3.2885808943928896,5.02261923231464,-0.05941023973295989,-1.8204762332197144,-0.3619604289209155,1.0,1.0,0.578497146401981,3.352752979857021,5.02261923231464,6.901424155972869
BELFB,2025-08-18,oos,True,True,D-1,131.490005493,132.850006104,127.980003357,131.570007324,131.36000061,128.779998779,-0.09887054343985513,0,-3.2885808943928896,5.02261923231464,-0.05941023973295989,-1.8204762332197144,-0.8325180226656625,-1.1691077316289267,1.0,2.0,0.473834284469242,4.220406648501229,5.02261923231464,7.66045769546011
BELFB,2025-08-19,oos,True,True,D-1,131.25,131.36000061,127.599998474,127.800003052,128.779998779,129.839996338,-1.0742885043809602,0,5.02261923231464,-0.05941023973295989,-1.8204762332197144,-0.8325180226656625,0.41212588722585597,2.612701662064354,2.0,3.0,0.525214762797781,3.792650267710207,5.02261923231464,5.446442390041673
BELFB,2025-08-20,oos,True,True,D-1,127.040000916,128.779998779,124.419998169,128.410003662,129.839996338,134.419998169,5.809191750462683,1,-0.05941023973295989,-1.8204762332197144,-0.8325180226656625,0.41212588722585597,-2.865397934284597,-5.0943119140400395,1.0,4.0,0.022321941788456184,6.854455632082956,0.41212588722585597,2.465081093717969
BELFB,2025-08-21,oos,True,True,D-1,128.550003052,129.839996338,127.980003357,128.910003662,134.419998169,137.369995117,6.861137188329902,1,-1.8204762332197144,-0.8325180226656625,0.41212588722585597,-2.865397934284597,0.47730876011937706,-4.584632252233156,2.0,4.0,0.44432153581135053,3.885982471532845,0.47730876011937706,2.813891856743711
BELFB,2025-08-22,oos,True,True,D-1,130.100006104,134.419998169,129.119995117,132.600006104,137.369995117,140.25,7.80168594910462,1,-0.8325180226656625,0.41212588722585597,-2.865397934284597,0.47730876011937706,0.38937776321235074,-2.4369947037020667,3.0,3.0,0.532621739815719,3.056397742669059,0.47730876011937706,0.41212588722585597
BELFB,2025-08-25,oos,True,True,D-1,132.899993896,137.369995117,131.970001221,137.029998779,140.25,141.800003052,6.696771681543212,1,0.41212588722585597,-2.865397934284597,0.47730876011937706,0.38937776321235074,2.8624639959479836,1.1982044872395958,4.0,0.0,0.8180007934999992,1.372542972262436,2.8624639959479836,0.47730876011937706
BELFB,2025-08-26,oos,True,True,D-1,137.029998779,140.25,136.440002441,139.309997559,141.800003052,141.720001221,3.480992713641462,1,-2.865397934284597,0.47730876011937706,0.38937776321235074,2.8624639959479836,3.3408691335395035,4.149875466339692,4.0,0.0,0.9737454503375385,0.24811817925236568,3.3408691335395035,0.47730876011937706
BELFB,2025-08-27,oos,True,True,D-1,138.929992676,141.800003052,138.75,140.419998169,141.720001221,137.0,2.00821182759765,0,0.47730876011937706,0.38937776321235074,2.8624639959479836,3.3408691335395035,1.663868350226827,9.006255267706663,5.0,0.0,0.9406189303680826,0.6747559094614664,3.3408691335395035,2.8624639959479836
BELFB,2025-08-28,oos,True,True,D-1,141.160003662,141.720001221,135.899993896,136.289993286,137.0,136.619995117,-2.947013002323884,0,0.38937776321235074,2.8624639959479836,3.3408691335395035,1.663868350226827,0.7967846022894909,9.352849594656675,5.0,0.0,0.9001443622680196,0.9827694779906748,3.3408691335395035,3.3408691335395035
BELFB,2025-08-29,oos,True,True,D-1,136.970001221,137.0,133.740005493,134.559997559,136.619995117,138.75,1.2995537439822291,0,2.8624639959479836,3.3408691335395035,1.663868350226827,0.7967846022894909,-2.941179986364484,5.724916154180093,4.0,1.0,0.5654569149920646,4.042857170326086,3.3408691335395035,5.508699386871463
BELFB,2025-09-02,oos,True,True,D-1,131.770004272,136.619995117,130.130004883,135.970001221,138.75,143.5,8.901870947645207,1,3.3408691335395035,1.663868350226827,0.7967846022894909,-2.941179986364484,-1.2693490441148203,1.4781232011880752,3.0,2.0,0.2634787238627137,5.380503585269092,3.3408691335395035,7.514064323976188
BELFB,2025-09-03,oos,True,True,D-1,137.0,138.75,136.550003052,138.070007324,143.5,145.789993286,6.416053493430662,1,1.663868350226827,0.7967846022894909,-2.941179986364484,-1.2693490441148203,1.047862431315627,-0.7735514613187555,3.0,3.0,0.5004282137347089,4.2877118324976315,1.663868350226827,1.8986559947815618
BELFB,2025-09-04,oos,True,True,D-1,138.199996948,143.5,138.199996948,143.059997559,145.789993286,145.740005493,5.4920379924869644,1,0.7967846022894909,-2.941179986364484,-1.2693490441148203,1.047862431315627,1.5444628110186764,-0.8900942191710781,3.0,4.0,0.680377351051493,2.7015249729414936,1.5444628110186764,0.7967846022894909
BELFB,2025-09-05,oos,True,True,D-1,144.220001221,145.789993286,140.61000061,143.880004883,145.740005493,144.11000061,1.053948314471853,0,-2.941179986364484,-1.2693490441148203,1.047862431315627,1.5444628110186764,3.6141015211872407,1.8800736536278118,3.0,0.0,0.9670903065296916,0.30756497169555086,3.6141015211872407,1.047862431315627
BELFB,2025-09-08,oos,True,True,D-1,144.919998169,145.740005493,141.229995728,141.509994507,144.11000061,146.0,0.7452400252865976,0,-1.2693490441148203,1.047862431315627,1.5444628110186764,3.6141015211872407,0.5731912050829013,5.56901604732829,4.0,0.0,0.8780338558466556,1.3274870295932883,3.6141015211872407,1.5444628110186764
BELFB,2025-09-09,oos,True,True,D-1,140.369995117,144.11000061,138.850006104,143.149993896,146.0,150.669998169,7.337752661040442,1,1.047862431315627,1.5444628110186764,3.6141015211872407,0.5731912050829013,-1.6472131606662388,5.16497998965304,4.0,1.0,0.7266920850222286,3.024520489814808,3.6141015211872407,4.697565157736494
BELFB,2025-09-10,oos,True,True,D-1,142.869995117,146.0,142.869995117,145.679992676,150.669998169,148.699996948,5.459510967024506,1,1.5444628110186764,3.6141015211872407,0.5731912050829013,-1.6472131606662388,1.1589283108331294,5.280571163142045,4.0,2.0,0.7142854783238092,1.8442190028439498,3.6141015211872407,4.12147639067909
BELFB,2025-09-11,oos,True,True,D-1,146.789993286,150.669998169,146.130004883,148.320007324,148.699996948,146.229995728,1.3011811086322655,0,3.6141015211872407,0.5731912050829013,-1.6472131606662388,1.1589283108331294,1.7673761005104094,5.511686063825705,4.0,0.0,0.9589734360529596,0.21966456623299102,3.6141015211872407,3.6141015211872407
BELFB,2025-09-12,oos,True,True,D-1,147.5,148.699996948,141.199996948,141.729995728,146.229995728,149.410003662,1.2949177369491638,0,0.5731912050829013,-1.6472131606662388,1.1589283108331294,1.7673761005104094,1.8122012498116291,3.676785862400611,4.0,0.0,0.8011850742304194,1.5844058312824538,1.8122012498116291,1.1589283108331294
BELFB,2025-09-15,oos,True,True,D-1,142.779998779,146.229995728,141.949996948,145.86000061,149.410003662,148.199996948,4.643510953703078,1,-1.6472131606662388,1.1589283108331294,1.7673761005104094,1.8122012498116291,-4.443103607461618,-1.4943071184549406,3.0,1.0,0.24365410807067373,6.307770204239005,1.8122012498116291,4.478796437265231
BELFB,2025-09-16,oos,True,True,D-1,146.770004272,149.410003662,145.880004883,148.779998779,148.199996948,152.449996948,3.8699955785745033,1,1.1589283108331294,1.7673761005104094,1.8122012498116291,-4.443103607461618,2.9139949244943564,3.0739921361418787,4.0,2.0,0.5930625390821693,3.2976810221336583,2.9139949244943564,3.47078174639035
BELFB,2025-09-17,oos,True,True,D-1,147.669998169,148.199996948,144.419998169,144.600006104,152.449996948,151.929992676,3.236946460532608,1,1.7673761005104094,1.8122012498116291,-4.443103607461618,2.9139949244943564,2.001918385292978,3.9329410569798995,4.0,3.0,0.800422476629796,1.2703316342994597,2.9139949244943564,1.8122012498116291
BELFB,2025-09-18,oos,True,True,D-1,146.449996948,152.449996948,146.449996948,150.970001221,151.929992676,147.710006714,3.741888591466336,1,1.8122012498116291,-4.443103607461618,2.9139949244943564,2.001918385292978,-2.8095125079339756,-0.7413417259032773,3.0,4.0,0.35902943163939277,4.197781333864059,2.9139949244943564,3.7778331945688026
BELFB,2025-09-19,oos,True,True,D-1,151.130004883,151.929992676,141.509994507,142.080001831,147.710006714,150.199996948,-0.6153694865026815,0,-4.443103607461618,2.9139949244943564,2.001918385292978,-2.8095125079339756,4.405252315424213,1.7866732511758743,3.0,0.0,0.8684448242666652,0.9803243790357463,4.405252315424213,2.9139949244943564
BELFB,2025-09-22,oos,True,True,D-1,141.940002441,147.710006714,141.429992676,146.509994507,150.199996948,149.309997559,5.8193563230587,1,2.9139949244943564,2.001918385292978,-2.8095125079339756,4.405252315424213,-5.888586684838271,0.24695273657646677,3.0,1.0,0.05210303444392216,7.298701424099652,4.405252315424213,4.656736395188021
BELFB,2025-09-23,oos,True,True,D-1,146.300003052,150.199996948,144.899993896,146.789993286,149.309997559,143.86000061,2.057412470408604,0,2.001918385292978,-2.8095125079339756,4.405252315424213,-5.888586684838271,3.117956516687914,0.44562861256112196,3.0,2.0,0.46098002374712493,4.054332580509534,4.405252315424213,7.359486055855302
BELFB,2025-09-24,oos,True,True,D-1,147.759994507,149.309997559,141.970001221,142.270004272,143.86000061,149.429992676,1.130209956065542,0,-2.8095125079339756,4.405252315424213,-5.888586684838271,3.117956516687914,0.19111240836653387,-1.3375490720066496,3.0,3.0,0.4863882515562049,3.8558511621240354,4.405252315424213,4.405252315424213
BELFB,2025-09-25,oos,True,True,D-1,140.570007324,143.86000061,139.089996338,142.720001221,149.429992676,144.86000061,6.302898833588766,1,4.405252315424213,-5.888586684838271,3.117956516687914,0.19111240836653387,-3.0792214869806767,-1.6113428310121858,3.0,4.0,0.07622606809094554,7.155403367063462,4.405252315424213,7.299246168381057
BELFB,2025-09-26,oos,True,True,D-1,142.63999939,149.429992676,140.199996948,142.839996338,144.86000061,141.350006104,1.5563665377831049,0,-5.888586684838271,3.117956516687914,0.19111240836653387,-3.0792214869806767,0.316297838959545,-5.464661809151805,3.0,4.0,0.28271074129958934,6.453189024808426,3.117956516687914,5.890619675729136
BELFB,2025-09-29,oos,True,True,D-1,142.86000061,144.86000061,140.13999939,140.369995117,141.350006104,143.619995117,0.5319855129181761,0,3.117956516687914,0.19111240836653387,-3.0792214869806767,0.316297838959545,0.08407729538495445,0.5349060368847525,4.0,3.0,0.3375337348428818,5.152618873347037,3.117956516687914,3.117956516687914
BELFB,2025-09-30,oos,True,True,D-1,139.86000061,141.350006104,139.529998779,141.020004272,143.619995117,144.649993896,3.4248486094011543,1,0.19111240836653387,-3.0792214869806767,0.316297838959545,0.08407729538495445,-1.7292084040350097,-4.190839956455417,3.0,4.0,0.11521140492538719,7.002922400051803,0.316297838959545,1.9628828192672754
BELFB,2025-10-01,oos,True,True,D-1,140.089996338,143.619995117,136.589996338,142.5,144.649993896,144.13999939,3.2550486667141776,1,-3.0792214869806767,0.316297838959545,0.08407729538495445,-1.7292084040350097,0.4630684459725254,-3.9307781714779333,3.0,2.0,0.18665460517690163,5.963684689569848,0.4630684459725254,1.5904452155062199
BELFB,2025-10-02,oos,True,True,D-1,142.509994507,144.649993896,130.869995117,142.440002441,144.13999939,143.600006104,1.1437828544158535,0,0.316297838959545,0.08407729538495445,-1.7292084040350097,0.4630684459725254,1.0494934641651188,0.16166143325635485,4.0,3.0,0.46028079030749636,4.86315275508773,1.0494934641651188,0.316297838959545
BELFB,2025-10-03,oos,True,True,D-1,143.770004272,144.13999939,138.509994507,138.970001221,143.600006104,142.75,-0.11824314039692307,0,0.08407729538495445,-1.7292084040350097,0.4630684459725254,1.0494934641651188,-0.04210355017544298,-0.19618748430811905,3.0,4.0,0.6233840972888235,4.907322462238328,1.0494934641651188,0.4630684459725254
BELFB,2025-10-06,oos,True,True,D-1,139.369995117,143.600006104,138.320007324,141.119995117,142.75,149.059997559,6.952717788262341,1,-1.7292084040350097,0.4630684459725254,1.0494934641651188,-0.04210355017544298,-2.436114266030931,-2.7093217699631467,2.0,4.0,0.578985198258349,4.238324341404653,1.0494934641651188,3.526685589779166
BELFB,2025-10-07,oos,True,True,D-1,141.339996338,142.75,139.809997559,141.25,149.059997559,149.160003662,5.532763213959102,1,0.4630684459725254,1.0494934641651188,-0.04210355017544298,-2.436114266030931,1.5470920897387996,0.5343022199116421,3.0,2.0,0.7438317059665098,2.5014164548924134,1.5470920897387996,1.9762045715639998
BELFB,2025-10-08,oos,True,True,D-1,142.880004883,149.059997559,140.0,146.88999939,149.160003662,144.919998169,4.395295747744754,1,1.0494934641651188,-0.04210355017544298,-2.436114266030931,1.5470920897387996,0.09212364476927082,0.163094398689978,3.0,3.0,0.7532660234207406,2.4070753246017818,1.5470920897387996,1.0494934641651188
BELFB,2025-10-09,oos,True,True,D-1,146.330001831,149.160003662,142.210006714,142.940002441,144.919998169,145.440002441,-0.6082138856445152,0,-0.04210355017544298,-2.436114266030931,1.5470920897387996,0.09212364476927082,3.9929199221238942,3.0807013263157934,3.0,0.0,0.8807038000176649,1.477294695358089,3.9929199221238942,1.5470920897387996
BELFB,2025-10-10,oos,True,True,D-1,144.429992676,144.919998169,137.36000061,137.729995728,145.440002441,150.0,3.8565447666366603,1,-2.436114266030931,1.5470920897387996,0.09212364476927082,3.9929199221238942,-2.689085006061298,0.351024986963977,3.0,0.0,0.4261989555111226,4.351476923730568,3.9929199221238942,1.5470920897387996
BELFB,2025-10-13,oos,True,True,D-1,139.100006104,145.440002441,139.100006104,145.020004272,150.0,152.850006104,9.884974404472446,1,1.5470920897387996,0.09212364476927082,3.9929199221238942,-2.689085006061298,-3.6448906002715886,-0.8922828539290606,3.0,1.0,0.031355510364661145,8.298851585367718,3.9929199221238942,10.228881321837536
BELFB,2025-10-14,oos,True,True,D-1,142.660003662,150.0,140.839996338,147.13999939,152.850006104,152.710006714,7.1428586712662945,1,0.09212364476927082,3.9929199221238942,-2.689085006061298,-3.6448906002715886,5.292970863367241,2.7636120251893104,3.0,2.0,0.6491526848123729,2.85477814649282,5.292970863367241,3.9929199221238942
BELFB,2025-10-15,oos,True,True,D-1,147.440002441,152.850006104,147.440002441,150.770004272,152.710006714,151.520004272,3.57433816179491,1,3.9929199221238942,-2.689085006061298,-3.6448906002715886,5.292970863367241,1.4618639191485316,4.16991107256639,3.0,0.0,0.7737341180362207,1.9437274852906805,5.292970863367241,3.9929199221238942
BELFB,2025-10-16,oos,True,True,D-1,151.330001831,152.710006714,148.210006714,148.880004883,151.520004272,150.5,0.12555503779889676,0,-2.689085006061298,-3.6448906002715886,5.292970863367241,1.4618639191485316,2.467041523072533,2.6414356988990084,3.0,0.0,0.8657197485949456,1.3795859740426408,5.292970863367241,5.292970863367241
BELFB,2025-10-17,oos,True,True,D-1,147.300003052,151.520004272,144.690002441,146.11000061,150.5,150.449996948,2.1724350860131025,0,-3.6448906002715886,5.292970863367241,1.4618639191485316,2.467041523072533,-1.253564592059242,4.155591395384084,3.0,1.0,0.7437056286043439,2.6665778417456876,5.292970863367241,5.292970863367241
BELFB,2025-10-20,oos,True,True,D-1,147.940002441,150.5,146.089996338,147.960006714,150.449996948,150.0,1.6966300294614545,0,5.292970863367241,1.4618639191485316,2.467041523072533,-1.253564592059242,-1.8605616484072995,6.084371699647373,3.0,2.0,0.5098177822545453,4.61296657714112,5.292970863367241,8.38377376179591
BELFB,2025-10-21,oos,True,True,D-1,148.690002441,150.449996948,147.130004883,148.0,150.0,156.550003052,5.286166172550066,1,1.4618639191485316,2.467041523072533,-1.253564592059242,-1.8605616484072995,1.266173496869727,2.027308202588185,3.0,3.0,0.5928396824585906,3.3049467208068783,2.467041523072533,3.084987613095158
BELFB,2025-10-22,oos,True,True,D-1,148.88999939,150.0,143.479995728,148.25,156.550003052,159.75,7.293975857675616,1,2.467041523072533,-1.253564592059242,-1.8605616484072995,1.266173496869727,0.027029794664246154,0.5844777854868255,3.0,4.0,0.4056367736706506,3.2770311513513395,2.467041523072533,2.467041523072533
BELFB,2025-10-23,oos,True,True,D-1,148.479995728,156.550003052,148.479995728,154.899993896,159.75,159.309997559,7.59025094036605,1,-1.253564592059242,-1.8605616484072995,1.266173496869727,0.027029794664246154,0.16891891891892552,-1.6714228298712053,3.0,4.0,0.5167929138150644,3.008436232040479,1.266173496869727,1.266173496869727
BELFB,2025-10-24,oos,True,True,D-1,156.169998169,159.75,156.0,157.0,159.309997559,159.289993286,2.010629075247894,0,-1.8605616484072995,1.266173496869727,0.027029794664246154,0.16891891891892552,4.485661987183809,4.043517474177238,4.0,0.0,0.8737560649281253,1.0652093098904913,4.485661987183809,1.266173496869727
BELFB,2025-10-27,oos,True,True,D-1,157.199996948,159.309997559,154.0,155.88999939,159.289993286,158.0,1.3295142357358625,0,1.266173496869727,0.027029794664246154,0.16891891891892552,4.485661987183809,1.3557173574906267,7.453288169553729,5.0,0.0,0.8309773031385962,1.7515923566878921,4.485661987183809,1.266173496869727
BELFB,2025-10-28,oos,True,True,D-1,155.0,159.289993286,153.220001221,154.779998779,158.0,155.25,1.9354838709677358,0,0.027029794664246154,0.16891891891892552,4.485661987183809,1.3557173574906267,-0.70700675796177,5.359551443741362,4.0,1.0,0.7627535589131413,2.4761053467857064,4.485661987183809,4.485661987183809
BELFB,2025-10-29,oos,True,True,D-1,154.240005493,158.0,150.570007324,152.460006714,155.25,155.910003662,1.082726990097127,0,0.16891891891892552,4.485661987183809,1.3557173574906267,-0.70700675796177,-0.7120409361366709,4.581080256081083,3.0,2.0,0.6945298146262225,3.2110099885039656,4.485661987183809,5.899675503744318
BELFB,2025-10-30,oos,True,True,D-1,152.809997559,155.25,129.940002441,150.619995117,155.910003662,160.699996948,5.163274337435708,1,4.485661987183809,1.3557173574906267,-0.70700675796177,-0.7120409361366709,-1.498896552074902,2.8398021679595375,2.0,3.0,0.35315079656963577,4.781577439961238,4.485661987183809,6.6859267183542626
BELFB,2025-10-31,oos,True,True,D-1,154.350006104,155.910003662,148.789993286,153.990005493,160.699996948,158.350006104,4.114020468338331,1,1.3557173574906267,-0.70700675796177,-0.7120409361366709,-1.498896552074902,-1.206881487583611,-2.7630722709218514,1.0,4.0,0.6937267483860113,6.061615442164836,1.3557173574906267,4.043405492144125
BELFB,2025-11-03,oos,True,True,D-1,154.990005493,160.699996948,151.070007324,158.570007324,158.350006104,159.0,2.5872600586371863,0,-0.70700675796177,-0.7120409361366709,-1.498896552074902,-1.206881487583611,2.2374256308946405,-1.9171939535031823,1.0,4.0,0.818863025185199,3.4547645147280814,2.2374256308946405,0.0
BELFB,2025-11-04,oos,True,True,D-1,155.830001831,158.350006104,150.979995728,154.25,159.0,160.470001221,2.9776033725727125,0,-0.7120409361366709,-1.498896552074902,-1.206881487583611,2.2374256308946405,2.9742201880810892,1.71916604303477,2.0,0.0,0.9307545512234958,1.3432487391186632,2.9742201880810892,0.0
BELFB,2025-11-05,oos,True,True,D-1,153.88999939,159.0,143.130004883,154.86000061,160.470001221,161.660003662,5.049063813632659,1,-1.498896552074902,-1.206881487583611,2.2374256308946405,2.9742201880810892,-2.7243533609562665,-0.3424207153255976,2.0,1.0,0.7903121554026225,4.181521522204212,2.9742201880810892,2.2374256308946405
BELFB,2025-11-06,oos,True,True,D-1,154.740005493,160.470001221,154.589996338,160.160003662,161.660003662,167.039993286,7.9488092001886335,1,-1.206881487583611,2.2374256308946405,2.9742201880810892,-2.7243533609562665,0.39546230794165194,1.5741793193687403,3.0,2.0,0.8101431280596939,3.7711457542270566,2.9742201880810892,5.313885031773435
BELFB,2025-11-07,oos,True,True,D-1,159.339996338,161.660003662,155.270004272,161.529998779,167.039993286,166.279998779,4.832431985040575,1,2.2374256308946405,2.9742201880810892,-2.7243533609562665,0.39546230794165194,3.422448037661807,6.333826088355288,4.0,3.0,0.9692661622155379,0.3371586373958735,3.422448037661807,2.9742201880810892
BELFB,2025-11-10,oos,True,True,D-1,165.0,167.039993286,161.080001831,166.990005493,166.279998779,155.199996948,0.7757568357575906,0,2.9742201880810892,-2.7243533609562665,0.39546230794165194,3.422448037661807,0.8553915370102194,4.896417310890189,4.0,0.0,0.992984085722265,0.08048342969275701,3.422448037661807,2.9742201880810892
BELFB,2025-11-11,oos,True,True,D-1,165.009994507,166.279998779,151.25,152.119995117,155.199996948,153.509994507,-5.945092955314191,0,-2.7243533609562665,0.39546230794165194,3.422448037661807,0.8553915370102194,3.380181238947566,5.3099563474168,4.0,0.0,0.9979093342850089,0.02993460168614348,3.422448037661807,3.422448037661807
BELFB,2025-11-12,oos,True,True,D-1,152.070007324,155.199996948,151.720001221,153.75,153.509994507,149.550003052,0.9469238598325047,0,0.39546230794165194,3.422448037661807,0.8553915370102194,3.380181238947566,-8.904730754454249,-1.3808783682333847,4.0,1.0,0.37599308215774896,9.808045390433119,3.422448037661807,9.24799359150934
BELFB,2025-11-13,oos,True,True,D-1,153.509994507,153.509994507,145.800003052,146.490005493,149.550003052,148.899993896,-2.5796310316586024,0,3.422448037661807,0.8553915370102194,3.380181238947566,-8.904730754454249,1.071525726612288,-0.7167768343197989,4.0,2.0,0.15832812305351607,8.643898072195121,3.422448037661807,11.35106954642331
BELFB,2025-11-14,oos,True,True,D-1,143.529998779,149.550003052,142.520004272,147.669998169,148.899993896,145.649993896,3.741374738857517,1,0.8553915370102194,3.380181238947566,-8.904730754454249,1.071525726612288,-4.7219476468292605,-8.535213446828472,3.0,3.0,0.03248600556771887,14.028252455749923,3.380181238947566,7.081200042997482
BELFB,2025-11-17,oos,True,True,D-1,146.759994507,148.899993896,140.309997559,141.86000061,145.649993896,148.089996338,0.9062427642272608,0,3.380181238947566,-8.904730754454249,1.071525726612288,-4.7219476468292605,0.8055107049991683,-8.580449894612341,3.0,4.0,0.21003247163200384,13.117082249051105,3.380181238947566,7.334653974557326
BELFB,2025-11-18,oos,True,True,D-1,140.130004883,145.649993896,138.089996338,144.070007324,148.089996338,152.259994507,8.656240063737798,1,-8.904730754454249,1.071525726612288,-4.7219476468292605,0.8055107049991683,-3.9344468280894773,-15.048807746792637,2.0,4.0,0.05968436573681363,17.214153435777302,1.071525726612288,4.232154240085362
BELFB,2025-11-19,oos,True,True,D-1,144.089996338,148.089996338,139.759994507,144.88999939,152.259994507,142.100006104,5.67006619240602,1,1.071525726612288,-4.7219476468292605,0.8055107049991683,-3.9344468280894773,1.5578786863787775,-5.291866980937343,3.0,4.0,0.3495038441147076,7.725403663629793,1.5578786863787775,3.509387776884698
BELFB,2025-11-20,oos,True,True,D-1,148.580001831,152.259994507,133.710006714,134.36000061,142.100006104,146.220001221,-1.5883702927156795,0,-4.7219476468292605,0.8055107049991683,-3.9344468280894773,1.5578786863787775,0.5691622296901455,-5.762602022764218,3.0,4.0,0.4409859831028119,5.9493375341920895,1.5578786863787775,0.8055107049991683
BELFB,2025-11-21,oos,True,True,D-1,134.36000061,142.100006104,134.13999939,140.949996948,146.220001221,151.289993286,12.600470824007992,1,0.8055107049991683,-3.9344468280894773,1.5578786863787775,0.5691622296901455,-7.267581492395802,-8.280431721043014,3.0,0.0,0.03504012526872202,13.322412783368032,1.5578786863787775,8.297662277951101
BELFB,2025-11-24,oos,True,True,D-1,141.910003662,146.220001221,140.169998169,145.880004883,151.289993286,155.38999939,9.498974970155416,1,-3.9344468280894773,1.5578786863787775,0.5691622296901455,-7.267581492395802,4.90473080387106,-4.5506882266696635,3.0,1.0,0.3902962263259323,8.024120471015351,4.90473080387106,4.277184683057477
BELFB,2025-11-25,oos,True,True,D-1,146.300003052,151.289993286,143.809997559,150.839996338,155.38999939,159.470001221,9.002049141666069,1,1.5578786863787775,0.5691622296901455,-7.267581492395802,4.90473080387106,3.497699923199571,2.833782782823868,4.0,2.0,0.6560650230504443,4.37345037732686,4.90473080387106,1.5578786863787775
BELFB,2025-11-26,oos,True,True,D-1,150.410003662,155.38999939,149.520004272,152.690002441,159.470001221,157.339996338,6.023533899619826,1,0.5691622296901455,-7.267581492395802,4.90473080387106,3.497699923199571,3.4000488682311536,4.699096737584618,4.0,3.0,0.9234501831027703,0.9413936644615761,4.90473080387106,4.90473080387106
BELFB,2025-11-28,oos,True,True,D-1,154.529998779,159.470001221,150.63999939,154.029998779,157.339996338,162.990005493,5.474669501615037,1,-7.267581492395802,4.90473080387106,3.497699923199571,3.4000488682311536,1.2264692043975733,5.383396427523435,4.0,0.0,0.8754613532693233,1.7682866630664318,4.90473080387106,4.90473080387106
BELFB,2025-12-01,oos,True,True,D-1,152.36000061,157.339996338,151.0,154.770004272,162.990005493,163.259994507,7.154104655657623,1,4.90473080387106,3.497699923199571,3.4000488682311536,1.2264692043975733,0.8775927150291407,14.63977231296325,5.0,0.0,0.7852348184459164,3.5317811368714036,4.90473080387106,4.90473080387106
BELFB,2025-12-02,oos,True,True,D-1,155.009994507,162.990005493,154.770004272,161.550003052,163.259994507,165.880004883,7.012457751883305,1,3.497699923199571,3.4000488682311536,1.2264692043975733,0.8775927150291407,0.4804294610569526,9.804900761437075,5.0,1.0,0.7564768805301847,3.0367621756603347,3.497699923199571,3.497699923199571
BELFB,2025-12-03,oos,True,True,D-1,160.0,163.259994507,156.169998169,159.740005493,165.880004883,166.440002441,4.025001525624994,1,3.4000488682311536,1.2264692043975733,0.8775927150291407,0.4804294610569526,4.380693023749305,10.741703896683985,5.0,0.0,0.9249216973238391,0.8913663966546137,4.380693023749305,3.4000488682311536
BELFB,2025-12-04,oos,True,True,D-1,157.690002441,165.880004883,157.0,163.190002441,166.440002441,173.380004883,9.949903100464752,1,1.2264692043975733,0.8775927150291407,0.4804294610569526,4.380693023749305,-1.12039463002509,5.900297912403163,4.0,0.0,0.7438143001707908,2.203573865630193,4.380693023749305,1.2264692043975733
BELFB,2025-12-05,oos,True,True,D-1,163.520004272,166.440002441,160.669998169,166.0,173.380004883,173.210006714,6.029843660350465,1,0.8775927150291407,0.4804294610569526,4.380693023749305,-1.12039463002509,2.1597576244926087,6.876678127015712,4.0,0.0,0.8234907170318557,1.6483867894864224,4.380693023749305,4.380693023749305
BELFB,2025-12-08,oos,True,True,D-1,167.990005493,173.380004883,167.410003662,172.210006714,173.210006714,174.470001221,3.8573697935083473,1,0.4804294610569526,4.380693023749305,-1.12039463002509,2.1597576244926087,1.721917713688348,7.771214254292347,4.0,0.0,0.9715024370830674,0.26506171144577984,4.380693023749305,4.380693023749305
BELFB,2025-12-09,oos,True,True,D-1,171.350006104,173.210006714,164.509994507,167.429992676,174.470001221,178.669998169,4.271953197688938,1,4.380693023749305,-1.12039463002509,2.1597576244926087,1.721917713688348,3.740967900000003,11.268334923187151,4.0,0.0,0.9371306754117765,0.679401964685522,4.380693023749305,4.380693023749305
BELFB,2025-12-10,oos,True,True,D-1,166.550003052,174.470001221,166.550003052,172.820007324,178.669998169,176.179992676,7.277090900572314,1,-1.12039463002509,2.1597576244926087,1.721917713688348,3.740967900000003,-2.775688898229045,3.6397335270289988,3.0,1.0,0.6542701983863976,3.5537313905962264,3.740967900000003,2.1597576244926087
BELFB,2025-12-11,oos,True,True,D-1,171.270004272,178.669998169,169.199996948,175.36000061,176.179992676,175.669998169,2.866811631651678,0,2.1597576244926087,1.721917713688348,3.740967900000003,-2.775688898229045,3.21926469795073,8.188306861910789,4.0,0.0,0.905552731443624,0.9547470356870313,3.740967900000003,3.740967900000003
BELFB,2025-12-12,oos,True,True,D-1,176.179992676,176.179992676,168.490005493,173.119995117,175.669998169,174.13999939,-0.2894735657855918,0,1.721917713688348,3.740967900000003,-2.775688898229045,3.21926469795073,1.469733351670377,7.457563568209369,4.0,0.0,0.8161112467222217,1.8875442218784233,3.740967900000003,3.740967900000003
BELFB,2025-12-15,oos,True,True,D-1,172.970001221,175.669998169,171.0,173.300003052,174.13999939,173.089996338,0.6764168125923398,0,3.740967900000003,-2.775688898229045,3.21926469795073,1.469733351670377,-1.277375390743607,4.289153684939762,3.0,1.0,0.6080507332851853,3.20587061491604,3.740967900000003,3.740967900000003
BELFB,2025-12-16,oos,True,True,D-1,172.289993286,174.13999939,168.460006714,171.759994507,173.089996338,169.240005493,0.4643351809016538,0,-2.775688898229045,3.21926469795073,1.469733351670377,-1.277375390743607,0.10397870845497703,0.6329459935566994,3.0,2.0,0.620763154785687,3.0986699494683245,3.21926469795073,4.393989578672775
BELFB,2025-12-17,oos,True,True,D-1,171.520004272,173.089996338,162.179992676,164.179992676,169.240005493,176.11000061,2.67607055951391,0,3.21926469795073,1.469733351670377,-1.277375390743607,0.10397870845497703,-0.8886373444193851,2.5861566149495863,3.0,3.0,0.4298674549540244,4.023057686880871,3.21926469795073,4.004847327548699
BELFB,2025-12-18,oos,True,True,D-1,168.330001831,169.240005493,163.38999939,166.550003052,176.11000061,179.410003662,6.582309576711176,1,1.469733351670377,-1.277375390743607,0.10397870845497703,-0.8886373444193851,-4.413135813584956,-4.999429627266371,2.0,4.0,0.12128558725156284,8.825682872087338,1.469733351670377,6.732289736775255
BELFB,2025-12-19,oos,True,True,D-1,166.669998169,176.11000061,166.570007324,175.690002441,179.410003662,177.809997559,7.643850502765304,1,-1.277375390743607,0.10397870845497703,-0.8886373444193851,-4.413135813584956,1.4435439649927773,-5.023949319887033,2.0,4.0,0.312143598285713,5.7820410972873715,1.4435439649927773,3.1372761127510973
BELFB,2025-12-22,oos,True,True,D-1,175.529998779,179.410003662,172.63999939,174.020004272,177.809997559,177.0,1.298922574978545,0,0.10397870845497703,-0.8886373444193851,-4.413135813584956,1.4435439649927773,5.4878410216217866,1.484523680966543,3.0,0.0,0.9698493948467268,0.23905638520385075,5.4878410216217866,0.10397870845497703
BELFB,2025-12-23,oos,True,True,D-1,173.820007324,177.809997559,172.899993896,177.229995728,177.0,177.039993286,1.8524829285031519,0,-0.8886373444193851,-4.413135813584956,1.4435439649927773,5.4878410216217866,-0.9505368238359568,0.4154652090709865,2.0,0.0,0.6871737693969213,3.0973447061725334,5.4878410216217866,1.4435439649927773
BELFB,2025-12-24,oos,True,True,D-1,175.13999939,177.0,174.039993286,176.169998169,177.039993286,176.0,1.084842927154006,0,-4.413135813584956,1.4435439649927773,5.4878410216217866,-0.9505368238359568,1.8446106063660705,3.18467710522492,3.0,1.0,0.8734761146831922,1.230044567255839,5.4878410216217866,5.4878410216217866
BELFB,2025-12-26,oos,True,True,D-1,176.820007324,177.039993286,174.309997559,176.449996948,176.0,175.169998169,-0.4637525676025045,0,1.4435439649927773,5.4878410216217866,-0.9505368238359568,1.8446106063660705,-0.5980915107772322,7.3029638371720385,3.0,2.0,0.7977525200375294,1.8391357930831465,5.4878410216217866,5.4878410216217866
BELFB,2025-12-29,oos,True,True,D-1,174.729995728,176.0,171.589996338,174.339996338,175.169998169,173.86000061,0.2518184923926414,0,5.4878410216217866,-0.9505368238359568,1.8446106063660705,-0.5980915107772322,0.15893669859234905,5.944157138747719,3.0,3.0,0.7694698163394447,1.6775328791149402,5.4878410216217866,5.927946420708452
BELFB,2025-12-30,oos,True,True,D-1,173.869995117,175.169998169,172.259994507,172.949996948,173.86000061,174.690002441,0.4716209507271252,0,-0.9505368238359568,1.8446106063660705,-0.5980915107772322,0.15893669859234905,-1.1958065437778553,-0.7684023474547774,2.0,4.0,0.35166207473490524,2.9081148505765597,1.8446106063660705,2.8833810269938143
BELFB,2025-12-31,oos,True,True,D-1,172.970001221,173.86000061,168.960006714,169.630004883,174.690002441,176.339996338,1.948311899873456,0,1.8446106063660705,-0.5980915107772322,0.15893669859234905,-1.1958065437778553,-0.7972923134087595,-0.6148760474270154,2.0,4.0,0.2186495728342254,2.81006111405786,1.8446106063660705,3.828175389895905
BELFB,2026-01-02,oos,True,True,D-1,170.649993896,174.690002441,170.649993896,172.779998779,176.339996338,184.229995728,7.957809737910759,1,-0.5980915107772322,0.15893669859234905,-1.1958065437778553,-0.7972923134087595,-1.9196253966967225,-4.2882079942404,1.0,3.0,0.08292070327465344,4.3683241111211135,0.15893669859234905,2.8605493829637174
BELFB,2026-01-05,oos,True,True,D-1,174.229995728,176.339996338,171.490005493,175.770004272,184.229995728,182.210006714,5.739539829646523,1,0.15893669859234905,-1.1958065437778553,-0.7972923134087595,-1.9196253966967225,1.8569791931402069,-1.924277360068971,2.0,4.0,0.47277208086429606,2.4655599821185703,1.8569791931402069,0.2572299463517669
BELFB,2026-01-06,oos,True,True,D-1,175.160003662,184.229995728,166.410003662,184.0,182.210006714,181.190002441,4.024893186006162,1,-1.1958065437778553,-0.7972923134087595,-1.9196253966967225,1.8569791931402069,1.7305275576627643,-0.38537415004910036,2.0,0.0,0.9227651941208206,0.32428289932675547,1.8569791931402069,0.0
BELFB,2026-01-07,oos,True,True,D-1,181.880004883,182.210006714,179.320007324,181.029998779,181.190002441,187.710006714,3.2054110811962744,1,-0.7972923134087595,-1.9196253966967225,1.8569791931402069,1.7305275576627643,4.682252675640997,5.540899314504832,3.0,0.0,0.9870933877440479,0.12499767826086305,4.682252675640997,1.8569791931402069
BELFB,2026-01-08,oos,True,True,D-1,181.190002441,181.190002441,174.300003052,180.240005493,187.710006714,191.479995728,5.6791175828537765,1,-1.9196253966967225,1.8569791931402069,1.7305275576627643,4.682252675640997,-1.6141310983695645,4.671871623929191,3.0,1.0,0.8204265783537865,1.767661144883803,4.682252675640997,1.8569791931402069
BELFB,2026-01-09,oos,True,True,D-1,180.350006104,187.710006714,180.199996948,187.429992676,191.479995728,195.580001831,8.44468822375173,1,1.8569791931402069,1.7305275576627643,4.682252675640997,-1.6141310983695645,-0.43638805243788603,6.254790016258105,3.0,2.0,0.7760947243847109,2.213709561363131,4.682252675640997,6.725727951184468
BELFB,2026-01-12,oos,True,True,D-1,186.100006104,191.479995728,185.559997559,188.0,195.580001831,200.100006104,7.522836937563704,1,1.7305275576627643,4.682252675640997,-1.6141310983695645,-0.43638805243788603,3.989118377650769,8.478987151596495,3.0,0.0,0.9868538029165353,0.14939660083326256,4.682252675640997,4.682252675640997
BELFB,2026-01-13,oos,True,True,D-1,189.0,195.580001831,189.0,193.820007324,200.100006104,201.75,6.746031746031744,1,4.682252675640997,-1.6141310983695645,-0.43638805243788603,3.989118377650769,0.3041174551958292,6.957953820763629,3.0,0.0,0.8611887981919393,1.8510615574468092,4.682252675640997,4.682252675640997
BELFB,2026-01-14,oos,True,True,D-1,195.0,200.100006104,190.520004272,192.960006714,201.75,202.490005493,3.841028457948714,1,-1.6141310983695645,-0.43638805243788603,3.989118377650769,0.3041174551958292,3.095748576595736,5.336960502173915,3.0,0.0,0.9172934864668859,0.9080561554503985,3.989118377650769,3.989118377650769
BELFB,2026-01-15,oos,True,True,D-1,195.669998169,201.75,191.75,196.61000061,202.490005493,204.429992676,4.4769226702982,1,-0.43638805243788603,3.989118377650769,0.3041174551958292,3.095748576595736,-0.4437109573328879,6.590072372239275,3.0,0.0,0.7232558703342286,3.7002483113418805,3.989118377650769,3.989118377650769
BELFB,2026-01-16,oos,True,True,D-1,199.699996948,202.490005493,198.660003662,200.11000061,204.429992676,205.990005493,3.1497289139357676,1,3.989118377650769,0.3041174551958292,3.095748576595736,-0.4437109573328879,1.8915805187599943,9.082331678932242,4.0,0.0,0.7614849808792493,2.614312280175324,3.989118377650769,3.989118377650769
BELFB,2026-01-20,oos,True,True,D-1,194.960006714,204.429992676,194.960006714,201.169998169,205.990005493,204.289993286,5.657569962633757,1,0.3041174551958292,3.095748576595736,-0.4437109573328879,1.8915805187599943,1.780173942902663,6.76519683587633,4.0,0.0,0.8594209233522958,1.1893482963095225,3.095748576595736,3.095748576595736
BELFB,2026-01-21,oos,True,True,D-1,202.309997559,205.990005493,194.990005493,201.800003052,204.289993286,199.770004272,0.9786939602045797,0,3.095748576595736,-0.4437109573328879,1.8915805187599943,1.780173942902663,0.5297074387930589,7.005318175000008,4.0,0.0,0.788723522074599,1.620517242467412,3.095748576595736,3.095748576595736
BELFB,2026-01-22,oos,True,True,D-1,203.660003662,204.289993286,193.649993896,200.289993286,199.770004272,205.910003662,1.1047824607398837,0,-0.4437109573328879,1.8915805187599943,1.780173942902663,0.5297074387930589,0.31317039754146236,4.117219805208361,4.0,0.0,0.7291530633292886,2.0763143595792455,1.8915805187599943,1.8915805187599943
BELFB,2026-01-23,oos,True,True,D-1,199.770004272,199.770004272,193.899993896,196.5,205.910003662,211.210006714,5.726586673354461,1,1.8915805187599943,1.780173942902663,0.5297074387930589,0.31317039754146236,-0.7482704376426064,3.7987076684052434,4.0,1.0,0.5997183982968278,2.8458796735095993,1.8915805187599943,2.3290239203653917
BELFB,2026-01-26,oos,True,True,D-1,197.130004883,205.910003662,195.0,205.169998169,211.210006714,214.320007324,8.720134944044954,1,1.780173942902663,0.5297074387930589,0.31317039754146236,-0.7482704376426064,-1.892252939760275,-0.0559486341786819,3.0,2.0,0.23095651747141446,4.829519334860066,1.780173942902663,4.406538150951899
BELFB,2026-01-27,oos,True,True,D-1,207.399993896,211.210006714,205.580001831,210.660003662,214.320007324,213.690002441,3.336554306491446,1,0.5297074387930589,0.31317039754146236,-0.7482704376426064,-1.892252939760275,4.412212808651406,2.528608037367208,3.0,3.0,0.9335489016720722,0.39967214081884084,4.412212808651406,0.5297074387930589
BELFB,2026-01-28,oos,True,True,D-1,210.630004883,214.320007324,206.160003662,207.779998779,213.690002441,211.36000061,1.4527833105733245,0,0.31317039754146236,-0.7482704376426064,-1.892252939760275,4.412212808651406,2.6758325008502837,4.717405964793819,3.0,0.0,0.9686786645487975,0.2610856557671237,4.412212808651406,0.31317039754146236
BELFB,2026-01-29,oos,True,True,D-1,209.259994507,213.690002441,206.800003052,210.440002441,211.36000061,216.089996338,3.2638832124080697,1,-0.7482704376426064,-1.892252939760275,4.412212808651406,2.6758325008502837,-1.367134165449324,2.963327867472376,2.0,0.0,0.6835992115931205,3.1475640501644753,4.412212808651406,4.412212808651406
BELFB,2026-01-30,oos,True,True,D-1,207.169998169,211.36000061,200.429992676,201.190002441,216.089996338,222.490005493,7.394896683593455,1,-1.892252939760275,4.412212808651406,2.6758325008502837,-1.367134165449324,1.2802019817264698,5.0676566454852745,3.0,1.0,0.8099900915011288,1.8437582389250418,4.412212808651406,4.516647071053203
BELFB,2026-02-02,oos,True,True,D-1,201.470001221,216.089996338,201.470001221,215.589996338,222.490005493,218.61000061,10.43331719095113,1,4.412212808651406,2.6758325008502837,-1.367134165449324,1.2802019817264698,-4.395552125406088,2.38676969007634,3.0,2.0,0.32039337962934167,6.5261716405865755,4.412212808651406,7.583834897748298
BELFB,2026-02-03,oos,True,True,D-1,219.160003662,222.490005493,214.029998779,217.25,218.61000061,218.130004883,-0.2509595924483854,0,2.6758325008502837,-1.367134165449324,1.2802019817264698,-4.395552125406088,7.15741027003709,5.078714364668935,3.0,0.0,0.9680715272619455,0.2319217071723889,7.15741027003709,2.6758325008502837
BELFB,2026-02-04,oos,True,True,D-1,218.350006104,218.61000061,204.009994507,211.580001831,218.130004883,226.449996948,3.709636188488119,1,-1.367134165449324,1.2802019817264698,-4.395552125406088,7.15741027003709,0.7699817664069464,3.128261759917894,3.0,0.0,0.7624658908193411,2.4119703074798604,7.15741027003709,1.2802019817264698
BELFB,2026-02-05,oos,True,True,D-1,207.779998779,218.130004883,204.399993896,208.0,226.449996948,230.369995117,10.872074535926469,1,1.2802019817264698,-4.395552125406088,7.15741027003709,0.7699817664069464,-2.609895589873412,1.8288589249833231,3.0,1.0,0.5054398312229227,5.15644369391508,7.15741027003709,9.017419813667837
BELFB,2026-02-06,oos,True,True,D-1,213.449996948,226.449996948,213.440002441,220.779998779,230.369995117,237.789993286,11.403137355832161,1,-4.395552125406088,7.15741027003709,0.7699817664069464,-2.609895589873412,-1.692032233679408,-1.1594765314090316,2.0,2.0,0.34315516435993865,6.966348794711541,7.15741027003709,11.415177818943878
BELFB,2026-02-09,oos,True,True,D-1,221.830001831,230.369995117,217.779998779,229.320007324,237.789993286,244.759994507,10.336740966836878,1,7.15741027003709,0.7699817664069464,-2.609895589873412,-1.692032233679408,6.144230182211552,9.737062528116859,3.0,0.0,0.7730184492036766,2.568166591338583,7.15741027003709,7.15741027003709
BELFB,2026-02-10,oos,True,True,D-1,227.240005493,237.789993286,225.929992676,237.190002441,244.759994507,248.61000061,9.404151822051542,1,0.7699817664069464,-2.609895589873412,-1.692032233679408,6.144230182211552,3.8681078866879215,6.3685751747377894,3.0,0.0,0.960167383584897,0.45787012012279416,6.144230182211552,0.7699817664069464
BELFB,2026-02-11,oos,True,True,D-1,239.789993286,244.759994507,232.529998779,238.399993896,248.61000061,238.130004883,3.6782215984635602,1,-2.609895589873412,-1.692032233679408,6.144230182211552,3.8681078866879215,3.4318833357966483,9.178367061449944,3.0,0.0,0.9822382810335386,0.25295789823571724,6.144230182211552,6.144230182211552
BELFB,2026-02-12,oos,True,True,D-1,241.809997559,248.61000061,230.270004272,231.479995728,238.130004883,236.539993286,-1.5218529891850796,0,-1.692032233679408,6.144230182211552,3.8681078866879215,3.4318833357966483,0.5101359427242214,12.67605247797594,4.0,0.0,0.8424182231239467,2.6677855594973154,6.144230182211552,6.144230182211552
BELFB,2026-02-13,oos,True,True,D-1,230.119995117,238.130004883,224.570007324,232.839996338,236.539993286,246.11000061,6.948551117807122,1,6.144230182211552,3.8681078866879215,3.4318833357966483,0.5101359427242214,-2.9026838696224133,11.288459484615387,4.0,0.0,0.5129369981856031,7.400209606936636,6.144230182211552,8.551585742832335
BELFB,2026-02-17,oos,True,True,D-1,234.309997559,236.539993286,226.729995728,235.300003052,246.11000061,236.13999939,5.036064689484143,1,3.8681078866879215,3.4318833357966483,0.5101359427242214,-2.9026838696224133,0.5875240345165844,5.462450233579363,4.0,1.0,0.48848513346038647,6.7728931970552075,3.8681078866879215,6.200321687173805
BELFB,2026-02-18,oos,True,True,D-1,235.899993896,246.11000061,219.029998779,221.190002441,236.13999939,240.899993896,2.119542233733296,0,3.4318833357966483,0.5101359427242214,-2.9026838696224133,0.5875240345165844,1.0565223985096406,2.6077078043831747,4.0,2.0,0.44633938122806205,5.656607473591291,3.4318833357966483,3.4318833357966483
BELFB,2026-02-19,oos,True,True,D-1,223.669998169,236.13999939,222.279998779,230.059997559,240.899993896,240.009994507,7.703311069006857,1,0.5101359427242214,-2.9026838696224133,0.5875240345165844,1.0565223985096406,-5.996600266886432,-6.745646880281109,3.0,3.0,0.07302243165300572,12.396581159364995,1.0565223985096406,5.590957327862111
BELFB,2026-02-20,oos,True,True,D-1,233.479995728,240.899993896,229.270004272,235.039993286,240.009994507,240.619995117,3.0580775739425414,1,-2.9026838696224133,0.5875240345165844,1.0565223985096406,-5.996600266886432,4.010124788694269,-3.4983207007288186,3.0,4.0,0.3728870215430653,8.063115381996266,4.010124788694269,3.2834690304831105
BELFB,2026-02-23,oos,True,True,D-1,236.940002441,240.009994507,229.009994507,231.830001831,240.619995117,238.309997559,1.553132707895677,0,0.5875240345165844,1.0565223985096406,-5.996600266886432,4.010124788694269,2.1646508649218132,1.537928816182954,4.0,2.0,0.5912109831791984,4.709839874157007,4.010124788694269,1.0565223985096406
BELFB,2026-02-24,oos,True,True,D-1,232.369995117,240.619995117,231.600006104,234.399993896,238.309997559,240.0,3.2835585675156764,1,1.0565223985096406,-5.996600266886432,4.010124788694269,2.1646508649218132,-1.365721386442531,-0.4337719132815332,3.0,3.0,0.4726736405662692,6.1596854014649205,4.010124788694269,4.010124788694269
BELFB,2026-02-25,oos,True,True,D-1,237.559997559,238.309997559,233.619995117,234.669998169,240.0,233.0,1.0271099789828764,0,-5.996600266886432,4.010124788694269,2.1646508649218132,-1.365721386442531,1.1085675040771736,-0.3824943239805534,3.0,4.0,0.567577329311888,4.995736782824123,4.010124788694269,4.282418614545946
BELFB,2026-02-26,oos,True,True,D-1,234.350006104,240.0,220.539993286,232.119995117,233.0,228.649993896,-0.5760640362009961,0,4.010124788694269,2.1646508649218132,-1.365721386442531,1.1085675040771736,0.11518953926243913,6.094306062316557,4.0,3.0,0.6654136755754545,2.6547900352023035,4.010124788694269,4.010124788694269
BELFB,2026-02-27,oos,True,True,D-1,227.830001831,233.0,226.020004272,229.710006714,228.649993896,219.330001831,0.35991399658077405,0,2.1646508649218132,-1.365721386442531,1.1085675040771736,0.11518953926243913,-1.0866336011830513,0.895417534494114,3.0,4.0,0.5687623518691042,3.7825258330608014,2.1646508649218132,3.1373466150810936
BELFB,2026-03-02,oos,True,True,D-1,224.910003662,228.649993896,219.320007324,222.449996948,219.330001831,219.100006104,-2.480993170666501,0,-1.365721386442531,1.1085675040771736,0.11518953926243913,-1.0866336011830513,-1.038251100162757,-2.267693466751586,2.0,3.0,0.4566739338560772,4.749461531548982,1.1085675040771736,3.2221702201039593
BELFB,2026-03-03,oos,True,True,D-1,214.509994507,219.330001831,208.240005493,213.649993896,219.100006104,212.460006714,2.1397658451994594,0,1.1085675040771736,0.11518953926243913,-1.0866336011830513,-1.038251100162757,-3.160510884943313,-4.046070313987171,2.0,4.0,0.14694795388702767,8.168126958099009,1.1085675040771736,5.274515450149564
BELFB,2026-03-04,oos,True,True,D-1,217.850006104,219.100006104,210.119995117,213.800003052,212.460006714,198.88999939,-2.4741791319605633,0,0.11518953926243913,-1.0866336011830513,-1.038251100162757,-3.160510884943313,-3.955946582483927,-8.852389309022968,1.0,3.0,0.17033971469383044,12.333258533499691,0.11518953926243913,7.106618884347726
BELFB,2026-03-05,oos,True,True,D-1,209.089996338,212.460006714,200.330001831,202.580001831,198.88999939,192.169998169,-4.878280705266924,0,-1.0866336011830513,-1.038251100162757,-3.160510884943313,-3.955946582483927,0.07021257209725018,-8.893337571840032,1.0,4.0,0.1750629257122366,12.254441802616679,0.07021257209725018,3.888511582233034
BELFB,2026-03-06,oos,True,True,D-1,195.0,198.88999939,190.940002441,191.869995117,192.169998169,203.919998169,4.574358035384618,1,-1.038251100162757,-3.160510884943313,-3.955946582483927,0.07021257209725018,-5.247895725366803,-12.726173491047321,1.0,4.0,0.06887052727584743,15.016288821231981,0.07021257209725018,5.181367835839312
BELFB,2026-03-09,oos,True,True,D-1,189.13999939,192.169998169,183.570007324,191.809997559,203.919998169,201.580001831,7.81431681646787,1,-3.160510884943313,-3.955946582483927,0.07021257209725018,-5.247895725366803,-5.2868035428959566,-16.472948714033443,1.0,4.0,0.024661704766223244,19.169229017060218,0.07021257209725018,10.327465903223832
BELFB,2026-03-10,oos,True,True,D-1,190.61000061,203.919998169,190.61000061,198.5,201.580001831,199.36000061,5.75520758926249,1,-3.955946582483927,0.07021257209725018,-5.247895725366803,-5.2868035428959566,-0.031269901249231236,-13.773881685492862,1.0,4.0,0.23042481825289554,14.34753382108509,0.07021257209725018,5.386632837995331
BELFB,2026-03-11,oos,True,True,D-1,196.660003662,201.580001831,195.440002441,200.880004883,199.36000061,205.270004272,4.378114741011596,1,0.07021257209725018,-5.247895725366803,-5.2868035428959566,-0.031269901249231236,3.4878278119690576,-7.0910340879179685,2.0,4.0,0.42020808299053963,10.377836828211585,3.4878278119690576,0.07021257209725018
BELFB,2026-03-12,oos,True,True,D-1,195.220001221,199.36000061,192.979995728,195.179992676,205.270004272,205.679992676,5.3580531654431995,1,-5.247895725366803,-5.2868035428959566,-0.031269901249231236,3.4878278119690576,1.1989949032745528,-6.043029927299681,2.0,4.0,0.5991691908789618,5.764636374707699,3.4878278119690576,0.0
BELFB,2026-03-13,oos,True,True,D-1,198.11000061,205.270004272,193.0,197.649993896,205.679992676,211.970001221,6.9961135572781386,1,-5.2868035428959566,-0.031269901249231236,3.4878278119690576,1.1989949032745528,-2.8375209420767766,-3.6528823615933015,2.0,2.0,0.5705155073744221,4.477920801804958,3.4878278119690576,5.160375582246135
BELFB,2026-03-16,oos,True,True,D-1,201.529998779,205.679992676,199.699996948,205.11000061,211.970001221,211.479995728,5.180371411329476,1,-0.031269901249231236,3.4878278119690576,1.1989949032745528,-2.8375209420767766,1.2654991867430798,3.012455790951285,3.0,0.0,0.6488473987226857,3.8553051410714856,3.4878278119690576,5.095758371748394
BELFB,2026-03-17,oos,True,True,D-1,204.949996948,211.970001221,204.229995728,209.520004272,211.479995728,217.429992676,6.089288077016386,1,3.4878278119690576,1.1989949032745528,-2.8375209420767766,1.2654991867430798,3.774352109479606,6.933946728667761,4.0,0.0,0.9621770161852967,0.27789579460038016,3.774352109479606,3.4878278119690576
BELFB,2026-03-18,oos,True,True,D-1,209.839996338,211.479995728,199.350006104,205.740005493,217.429992676,215.589996338,3.6170398734540754,1,1.1989949032745528,-2.8375209420767766,1.2654991867430798,3.774352109479606,2.150067597330496,5.551639431738042,4.0,0.0,0.8709849267867193,1.1693379625075773,3.774352109479606,1.2654991867430798
BELFB,2026-03-19,oos,True,True,D-1,205.619995117,217.429992676,200.009994507,214.949996948,215.589996338,220.179992676,7.081022227782485,1,-2.8375209420767766,1.2654991867430798,3.774352109479606,2.150067597330496,-1.8041230917945072,2.419355083563768,3.0,1.0,0.6719329159595845,3.02809155325503,3.774352109479606,3.774352109479606
BELFB,2026-03-20,oos,True,True,D-1,214.419998169,215.589996338,202.910003662,204.089996338,220.179992676,225.059997559,4.9622234310504165,1,1.2654991867430798,3.774352109479606,2.150067597330496,-1.8041230917945072,4.476519495044617,10.129114158139307,4.0,0.0,0.898485613119469,1.1537547165445972,4.476519495044617,3.774352109479606
BELFB,2026-03-23,oos,True,True,D-1,209.800003052,220.179992676,209.800003052,214.979995728,225.059997559,226.789993286,8.09818397847637,1,3.774352109479606,2.150067597330496,-1.8041230917945072,4.476519495044617,-5.0523381084891295,3.25828618309425,3.0,1.0,0.26216779614984315,6.536330333362939,4.476519495044617,4.576339623306202
BELFB,2026-03-24,oos,True,True,D-1,211.0,225.059997559,211.0,222.039993286,226.789993286,216.919998169,7.483409140284358,1,2.150067597330496,-1.8041230917945072,4.476519495044617,-5.0523381084891295,5.335881025723932,4.812049675123853,3.0,0.0,0.7503600431989755,2.4188282869719746,5.335881025723932,4.476519495044617
BELFB,2026-03-25,oos,True,True,D-1,223.710006714,226.789993286,218.11000061,220.770004272,216.919998169,206.779998779,-3.0351832020105496,0,-1.8041230917945072,4.476519495044617,-5.0523381084891295,5.335881025723932,3.284025350401687,5.975557826806122,3.0,0.0,0.8825357729781474,1.360117260096505,5.335881025723932,4.476519495044617
BELFB,2026-03-26,oos,True,True,D-1,216.919998169,216.919998169,202.740005493,204.11000061,206.779998779,207.789993286,-4.208927235877491,0,4.476519495044617,-5.0523381084891295,5.335881025723932,3.284025350401687,-0.5719640841297391,7.30533604438508,3.0,0.0,0.7752057771294344,2.7268147381938057,5.335881025723932,5.335881025723932
BELFB,2026-03-27,oos,True,True,D-1,202.539993286,206.779998779,200.160003662,203.529998779,207.789993286,204.0,2.592080662601104,0,-5.0523381084891295,5.335881025723932,3.284025350401687,-0.5719640841297391,-7.546316682348763,-5.043031631501904,2.0,1.0,0.05696448284263686,11.11165185841896,5.335881025723932,13.410999571104709
BELFB,2026-03-30,oos,True,True,D-1,207.789993286,207.789993286,192.800003052,197.830001831,204.0,207.350006104,-0.2117460879814459,0,5.335881025723932,3.284025350401687,-0.5719640841297391,-7.546316682348763,-0.284161397906324,-0.274387558943634,2.0,2.0,0.1265488708250502,11.428288039374724,5.335881025723932,13.14491538700402
BELFB,2026-03-31,oos,True,True,D-1,201.789993286,204.0,189.36000061,197.979995728,207.350006104,207.13999939,2.755346153423832,0,3.284025350401687,-0.5719640841297391,-7.546316682348763,-0.284161397906324,-2.8005684578169987,-7.977483597450041,1.0,3.0,0.14798470797936653,14.638826864966425,3.284025350401687,6.360797071645951
BELFB,2026-04-01,oos,True,True,D-1,202.220001221,207.350006104,201.710006714,203.039993286,207.13999939,208.899993896,3.3033293614214143,1,-0.5719640841297391,-7.546316682348763,-0.284161397906324,-2.8005684578169987,0.07581959036129238,-10.835884653900774,1.0,4.0,0.2302964681990743,14.551974027507985,0.07581959036129238,2.72687224698821
BELFB,2026-04-02,oos,True,True,D-1,195.320007324,207.13999939,194.949996948,204.649993896,208.899993896,211.36000061,8.212160907506316,1,-7.546316682348763,-0.284161397906324,-2.8005684578169987,0.07581959036129238,2.5558125402486587,-8.030987291260683,2.0,4.0,0.49637133119167004,6.836094041556029,2.5558125402486587,0.0
BELFB,2026-04-06,oos,True,True,D-1,204.649993896,208.899993896,201.220001221,206.899993896,211.36000061,229.020004272,11.90814126697919,1,-0.284161397906324,-2.8005684578169987,0.07581959036129238,2.5558125402486587,0.7929475291757804,0.264559935518216,3.0,3.0,0.8296255758099693,1.5343266472784167,2.5558125402486587,0.07581959036129238
BELFB,2026-04-07,oos,True,True,D-1,202.960006714,211.36000061,202.960006714,210.320007324,229.020004272,236.86000061,16.702795020976712,1,-2.8005684578169987,0.07581959036129238,2.5558125402486587,0.7929475291757804,1.0994380977814355,1.6557731721205782,4.0,0.0,0.897645819487924,0.9666505843423545,2.5558125402486587,2.5558125402486587
BELFB,2026-04-08,oos,True,True,D-1,224.789993286,229.020004272,222.089996338,228.289993286,236.86000061,240.160003662,6.837497591115982,1,0.07581959036129238,2.5558125402486587,0.7929475291757804,1.0994380977814355,1.652978989317444,6.313504209371534,5.0,0.0,0.952727577909091,0.4944813854051766,2.5558125402486587,2.5558125402486587
BELFB,2026-04-09,oos,True,True,D-1,226.270004272,236.86000061,226.059997559,235.0,240.160003662,239.119995117,6.13868348776041,1,2.5558125402486587,0.7929475291757804,1.0994380977814355,1.652978989317444,8.544116268652013,15.309626331966486,5.0,0.0,0.9785732072477203,0.3197735369353083,8.544116268652013,2.5558125402486587
BELFB,2026-04-10,oos,True,True,D-1,235.86000061,240.160003662,231.850006104,235.729995728,239.119995117,240.809997559,2.0987013212066197,0,0.7929475291757804,1.0994380977814355,1.652978989317444,8.544116268652013,2.9392469715454173,15.740744567983445,5.0,0.0,0.9556191732885374,0.7914896212765976,8.544116268652013,1.652978989317444
BELFB,2026-04-13,oos,True,True,D-1,233.220001221,239.119995117,233.220001221,237.929992676,240.809997559,237.600006104,3.2544362825929873,1,1.0994380977814355,1.652978989317444,8.544116268652013,2.9392469715454173,0.3106364800000039,15.186905819207785,5.0,0.0,0.8862350370749942,1.8792720545889319,8.544116268652013,8.544116268652013
BELFB,2026-04-14,oos,True,True,D-1,240.589996338,240.809997559,233.179992676,237.339996338,237.600006104,242.320007324,0.7190702075449362,0,1.652978989317444,8.544116268652013,2.9392469715454173,0.3106364800000039,0.9332698374705295,14.997583226414935,5.0,1.0,0.9400534632000853,0.9372550979887206,8.544116268652013,8.544116268652013
BELFB,2026-04-15,oos,True,True,D-1,236.160003662,237.600006104,231.320007324,236.039993286,242.320007324,255.88999939,8.354503481562547,1,8.544116268652013,2.9392469715454173,0.3106364800000039,0.9332698374705295,-0.24797056115722915,12.847084477500736,4.0,0.0,0.8146366990025948,1.4620381202240962,8.544116268652013,8.544116268652013
BELFB,2026-04-16,oos,True,True,D-1,236.440002441,242.320007324,233.809997559,241.490005493,255.88999939,259.320007324,9.676875590757694,1,2.9392469715454173,0.3106364800000039,0.9332698374705295,-0.24797056115722915,-0.547738717476276,3.394804953316921,3.0,1.0,0.6766098797966094,2.0208457925265266,2.9392469715454173,3.7335980194075136
BELFB,2026-04-17,oos,True,True,D-1,246.509994507,255.88999939,244.210006714,254.25,259.320007324,261.359985352,6.024092805932191,1,0.3106364800000039,0.9332698374705295,-0.24797056115722915,-0.547738717476276,2.3089359269708343,2.761704465106396,3.0,0.0,0.9245452880909113,0.3437002824632662,2.3089359269708343,0.9332698374705295
BELFB,2026-04-20,oos,True,True,D-1,254.25,259.320007324,250.089996338,254.380004883,261.359985352,263.299987793,3.5594838910521176,1,0.9332698374705295,-0.24797056115722915,-0.547738717476276,2.3089359269708343,5.283860291008957,7.856447888528173,3.0,0.0,0.9332519365250652,0.6450341750245947,5.283860291008957,0.9332698374705295
BELFB,2026-04-21,oos,True,True,D-1,254.729995728,261.359985352,253.350006104,257.410003662,263.299987793,275.489990234,8.14980365648319,1,-0.24797056115722915,-0.547738717476276,2.3089359269708343,5.283860291008957,0.05113269734513537,6.913803519256478,3.0,0.0,0.8235713413928567,1.9419774927955213,5.283860291008957,2.3089359269708343
BELFB,2026-04-22,oos,True,True,D-1,260.480010986,263.299987793,253.630004883,262.679992676,275.489990234,278.420013428,6.887285659306963,1,-0.547738717476276,2.3089359269708343,5.283860291008957,0.05113269734513537,1.191130875397861,8.456226356141826,4.0,0.0,0.868509168471486,1.534509783538418,5.283860291008957,5.283860291008957
BELFB,2026-04-23,oos,True,True,D-1,263.369995117,275.489990234,263.369995117,268.309997559,278.420013428,277.549987793,5.714401256800028,1,2.3089359269708343,5.283860291008957,0.05113269734513537,1.191130875397861,2.0473132120070625,11.286222736721307,5.0,0.0,0.9789760826612545,0.23602677565350838,5.283860291008957,5.283860291008957
BELFB,2026-04-24,oos,True,True,D-1,270.130004883,278.420013428,262.369995117,276.649993896,277.549987793,254.100006104,2.7468192262513513,0,5.283860291008957,0.05113269734513537,1.191130875397861,2.0473132120070625,2.143294137343865,11.106046401898585,5.0,0.0,0.7704604712975887,2.6760063882528717,5.283860291008957,5.283860291008957
BELFB,2026-04-27,oos,True,True,D-1,277.549987793,277.549987793,244.979995728,250.960006714,254.100006104,261.799987793,-5.674653465215263,0,0.05113269734513537,1.191130875397861,2.0473132120070625,2.143294137343865,3.1083434880826877,8.810223754572277,5.0,0.0,0.9375214096632234,0.6398046524683343,3.1083434880826877,2.0473132120070625
BELFB,2026-04-28,oos,True,True,D-1,248.0,254.100006104,241.13999939,249.820007324,261.799987793,276.950012207,11.673392018951612,1,1.191130875397861,2.0473132120070625,2.143294137343865,3.1083434880826877,-9.286097143980976,-1.3444445724313137,4.0,1.0,0.17882798507011546,10.941985168694268,3.1083434880826877,8.60969158911412
BELFB,2026-04-29,oos,True,True,D-1,250.61000061,261.799987793,248.789993286,258.260009766,276.950012207,291.769989014,16.42392095439691,1,2.0473132120070625,2.143294137343865,3.1083434880826877,-9.286097143980976,-0.45425540305279455,-2.9486019307805478,3.0,2.0,0.2328327431731204,11.448244842498823,3.1083434880826877,12.806513437107203
BELFB,2026-04-30,oos,True,True,D-1,254.490005493,276.950012207,245.009994507,275.839996338,291.769989014,293.100006104,15.17151942222814,1,2.143294137343865,3.1083434880826877,-9.286097143980976,-0.45425540305279455,3.3784333498372954,-1.6826492436566198,3.0,3.0,0.4592275732125352,7.80608801194822,3.3784333498372954,3.1083434880826877
BELFB,2026-05-01,oos,True,True,D-1,277.980010986,291.769989014,274.059997559,283.600006104,293.100006104,303.980010986,9.35319050739567,1,3.1083434880826877,-9.286097143980976,-0.45425540305279455,3.3784333498372954,6.807088169759057,2.8064547901701653,3.0,4.0,0.9307935590536482,0.9353310340240117,6.807088169759057,3.1083434880826877
BELFB,2026-05-04,oos,True,True,D-1,284.630004883,293.100006104,282.070007324,286.690002441,303.980010986,307.0,7.859324292319569,1,-9.286097143980976,-0.45425540305279455,3.3784333498372954,6.807088169759057,2.8132286358107716,2.5122039983173305,3.0,0.0,0.8386335258870525,2.8808119654990305,6.807088169759057,3.3784333498372954
BELFB,2026-05-05,oos,True,True,D-1,292.350006104,303.980010986,287.799987793,297.170013428,307.0,291.630004883,5.011114619504564,1,-0.45425540305279455,3.3784333498372954,6.807088169759057,2.8132286358107716,1.0895614493981576,14.237326574396668,4.0,0.0,0.8766358191929775,2.2358657813047245,6.807088169759057,6.807088169759057
BELFB,2026-05-06,oos,True,True,D-1,305.290008545,307.0,285.0,286.890014648,291.630004883,301.869995117,-1.1202506902533882,0,3.3784333498372954,6.807088169759057,2.8132286358107716,1.0895614493981576,3.655520212692731,18.953648513263467,5.0,0.0,0.88451762497938,2.291616667322316,6.807088169759057,6.807088169759057
BELFB,2026-05-07,oos,True,True,D-1,290.880004883,291.630004883,279.570007324,290.459991455,301.869995117,308.269989014,5.978404785160363,1,6.807088169759057,2.8132286358107716,1.0895614493981576,3.655520212692731,-3.459298824068846,11.085729032512859,4.0,0.0,0.6755931025966618,7.00964980488219,6.807088169759057,6.807088169759057
BELFB,2026-05-08,oos,True,True,D-1,294.519989014,301.869995117,291.320007324,297.980010986,308.269989014,302.829986572,4.668613511100728,1,2.8132286358107716,1.0895614493981576,3.655520212692731,-3.459298824068846,1.2443712310378663,5.300172314056106,4.0,1.0,0.4978747019030926,5.694418863729278,3.655520212692731,5.9134943250860434
BELFB,2026-05-11,oos,True,True,D-1,300.380004883,308.269989014,295.899993896,302.730010986,302.829986572,286.450012207,0.8156274216568615,0,1.0895614493981576,3.655520212692731,-3.459298824068846,1.2443712310378663,2.589003564081227,5.070523474081545,4.0,2.0,0.6711632729711933,3.027044996794692,3.655520212692731,3.655520212692731
BELFB,2026-05-12,oos,True,True,D-1,297.809997559,302.829986572,290.519989014,298.220001221,286.450012207,271.959991455,-3.814507721403637,0,3.655520212692731,-3.459298824068846,1.2443712310378663,2.589003564081227,1.5940666571165218,5.594896371840186,4.0,0.0,0.8069692835403353,1.8300062190583999,3.655520212692731,3.655520212692731
BELFB,2026-05-13,oos,True,True,D-1,282.799987793,286.450012207,263.5,266.920013428,271.959991455,264.769989014,-3.8330964660205358,0,-3.459298824068846,1.2443712310378663,2.589003564081227,1.5940666571165218,-1.4897795399639313,0.3533289852794663,3.0,1.0,0.6498259858994366,3.3699911983946063,2.589003564081227,2.589003564081227
BELFB,2026-05-14,oos,True,True,D-1,268.619995117,271.959991455,260.269989014,268.730010986,264.769989014,267.200012207,-0.5286214488171348,0,1.2443712310378663,2.589003564081227,1.5940666571165218,-1.4897795399639313,-10.49560313354192,-6.960856147085559,3.0,2.0,0.07639075870513472,15.491523117712514,2.589003564081227,14.418024889507752
BELFB,2026-05-15,oos,True,True,D-1,260.029998779,264.769989014,254.100006104,256.720001221,267.200012207,263.399993896,2.7573793261037594,0,2.589003564081227,1.5940666571165218,-1.4897795399639313,-10.49560313354192,0.6781048504960641,-7.481230155020002,3.0,3.0,0.17625045775000103,14.71364433132103,2.589003564081227,12.477673041064442
BELFB,2026-05-18,oos,True,True,D-1,261.880004883,267.200012207,252.520004272,258.279998779,263.399993896,259.119995117,0.5804143060403,0,1.5940666571165218,-1.4897795399639313,-10.49560313354192,0.6781048504960641,-4.469173249736402,-13.846569650250306,2.0,4.0,0.04836617950116372,20.080238215885117,1.5940666571165218,5.415440736940392
BELFB,2026-05-19,oos,True,True,D-1,253.509994507,263.399993896,247.020004272,249.710006714,259.119995117,260.459991455,2.7415080661871594,0,-1.4897795399639313,-10.49560313354192,0.6781048504960641,-4.469173249736402,0.6076649854239502,-14.68305440290678,2.0,4.0,0.11449009209848177,17.248717672141424,0.6781048504960641,4.566770715785095
BELFB,2026-05-20,oos,True,True,D-1,254.770004272,259.119995117,249.899993896,254.75,260.459991455,270.859985352,6.315492722927418,1,-10.49560313354192,0.6781048504960641,-4.469173249736402,0.6076649854239502,-3.3181013262792325,-16.266512745082785,2.0,4.0,0.06822221406687141,14.713068962061815,0.6781048504960641,3.4087041312920285
BELFB,2026-05-21,oos,True,True,D-1,250.809997559,260.459991455,250.729995728,260.399993896,270.859985352,282.279998779,12.54734720556625,1,0.6781048504960641,-4.469173249736402,0.6076649854239502,-3.3181013262792325,2.01833853289366,-4.559423353724201,3.0,4.0,0.30994385326986224,6.755639432777238,2.01833853289366,2.044838161510387
BELFB,2026-05-22,oos,True,True,D-1,260.809997559,270.859985352,254.86000061,270.010009766,282.279998779,282.200012207,8.232046862062138,1,-4.469173249736402,0.6076649854239502,-3.3181013262792325,2.01833853289366,2.2178582516192424,-3.099771796769646,3.0,3.0,0.6630319307651958,2.6113742205830404,2.2178582516192424,0.6076649854239502
BELFB,2026-05-26,oos,True,True,D-1,277.290008545,282.279998779,267.600006104,276.25,282.200012207,287.380004883,3.638788281966754,1,0.6076649854239502,-3.3181013262792325,2.01833853289366,2.2178582516192424,3.6904823714543067,5.176849673492767,4.0,0.0,0.9643466333656995,0.314794102165572,3.6904823714543067,2.01833853289366
BELFB,2026-05-27,oos,True,True,D-1,279.880004883,282.200012207,269.700012207,280.130004883,287.380004883,278.899993896,2.6797198331961036,0,-3.3181013262792325,2.01833853289366,2.2178582516192424,3.6904823714543067,2.3110218170829366,6.957565938497723,4.0,0.0,0.8289846931824428,2.182804987873288,3.6904823714543067,2.2178582516192424
BELFB,2026-05-28,oos,True,True,D-1,280.170013428,287.380004883,273.589996338,276.959991455,278.899993896,277.260009766,-0.4533031627691919,0,2.01833853289366,2.2178582516192424,3.6904823714543067,2.3110218170829366,1.4045266544796542,12.182130211482045,5.0,1.0,0.9336011867889268,0.7674986108317627,3.6904823714543067,3.6904823714543067
BELFB,2026-05-29,oos,True,True,D-1,277.049987793,278.899993896,263.079986572,274.519989014,277.260009766,278.799987793,0.6316549637632729,0,2.2178582516192424,3.6904823714543067,2.3110218170829366,1.4045266544796542,-1.131622237083818,8.718347970559371,4.0,0.0,0.7156886541574453,3.7622811053895644,3.6904823714543067,3.6904823714543067
BELFB,2026-06-01,oos,True,True,D-1,270.549987793,277.260009766,269.0,269.859985352,278.799987793,283.230010986,4.686757998563129,1,3.6904823714543067,2.3110218170829366,1.4045266544796542,-1.131622237083818,-0.8809945538276409,5.422425287628574,3.0,1.0,0.6045506094943177,4.6845462566094564,3.6904823714543067,5.693129632087146
BELFB,2026-06-02,oos,True,True,D-1,270.269989014,278.799987793,266.260009766,269.220001221,283.230010986,280.359985352,4.795213119769914,1,2.3110218170829366,1.4045266544796542,-1.131622237083818,-0.8809945538276409,-1.6975097801575023,-0.05556253789628096,2.0,2.0,0.27901208522673776,6.4922628333160315,2.3110218170829366,4.874571182354204
BELFB,2026-06-03,oos,True,True,D-1,269.440002441,283.230010986,266.670013428,280.089996338,280.359985352,277.739990234,4.052843977163789,1,1.4045266544796542,-1.131622237083818,-0.8809945538276409,-1.6975097801575023,-0.23715414130969226,-2.544795938099542,1.0,3.0,0.25267530955812434,6.745414003283012,1.4045266544796542,3.3351648612040763
BELFB,2026-06-04,oos,True,True,D-1,275.890014648,280.359985352,269.0,276.540008545,277.739990234,280.010009766,1.4933469496011265,0,-1.131622237083818,-0.8809945538276409,-1.6975097801575023,-0.23715414130969226,4.037588242961521,-0.014282134831200555,1.0,4.0,0.6999998744157314,2.6027379200658007,4.037588242961521,0.0
BELFB,2026-06-05,oos,True,True,D-1,271.670013428,277.739990234,259.170013428,262.559997559,280.010009766,291.799987793,7.409715231723579,1,-0.8809945538276409,-1.6975097801575023,-0.23715414130969226,4.037588242961521,-1.2674454066242458,-0.15164028125278506,1.0,1.0,0.6679903555674155,2.41918067342195,4.037588242961521,0.0
BELFB,2026-06-08,oos,True,True,D-1,269.429992676,280.010009766,265.320007324,279.130004883,291.799987793,290.290008545,8.302711548487785,1,-1.6975097801575023,-0.23715414130969226,4.037588242961521,-1.2674454066242458,-5.055330351494169,-4.356692384389548,1.0,2.0,0.1408971103520676,7.872491475916954,4.037588242961521,10.296290448750256
BELFB,2026-06-09,oos,True,True,D-1,283.790008545,291.799987793,260.429992676,276.040008545,290.290008545,297.670013428,4.890942057531644,1,-0.23715414130969226,4.037588242961521,-1.2674454066242458,-5.055330351494169,6.310941300293305,3.4351219277316547,2.0,3.0,0.8295924140010258,1.4688518006935603,6.310941300293305,4.037588242961521
BELFB,2026-06-10,oos,True,True,D-1,279.690002441,290.290008545,273.540008545,276.950012207,297.670013428,304.390014648,8.83121026544751,1,4.037588242961521,-1.2674454066242458,-5.055330351494169,6.310941300293305,-1.1070097388115818,2.533246895872887,2.0,0.0,0.5170091440554513,5.70930979573232,6.310941300293305,4.037588242961521
BELFB,2026-06-11,oos,True,True,D-1,282.0,297.670013428,276.380004883,296.549987793,304.390014648,304.290008545,7.93972150638298,1,-1.2674454066242458,-5.055330351494169,6.310941300293305,-1.1070097388115818,0.32966368418716474,-1.1210625770478488,2.0,1.0,0.5448977244086161,5.36196964486888,6.310941300293305,7.091936764007
BELFB,2026-06-12,oos,True,True,D-1,297.0,304.390014648,292.600006104,293.869995117,304.290008545,305.149993896,2.744105688888898,0,-5.055330351494169,6.310941300293305,-1.1070097388115818,0.32966368418716474,7.077080600144714,7.235835188290274,3.0,0.0,0.9709084250649354,0.37768527435644295,7.077080600144714,6.310941300293305
BELFB,2026-06-15,oos,True,True,D-1,300.070007324,304.290008545,292.350006104,302.149993896,305.149993896,306.160003662,2.02952517391195,0,6.310941300293305,-1.1070097388115818,0.32966368418716474,7.077080600144714,-0.9037237519196051,11.924892538500377,3.0,0.0,0.7606912130821807,3.5798209091784328,7.077080600144714,6.310941300293305
BELFB,2026-06-16,oos,True,True,D-1,302.859985352,305.149993896,291.940002441,293.220001221,306.160003662,311.670013428,2.908944232352284,0,-1.1070097388115818,0.32966368418716474,7.077080600144714,-0.9037237519196051,2.817572027284876,8.24704926389015,3.0,1.0,0.949044139390405,0.7413605153905767,7.077080600144714,7.077080600144714
BELFB,2026-06-17,oos,True,True,D-1,295.0,306.160003662,289.890014648,299.839996338,311.670013428,305.100006104,5.650852009491536,1,0.32966368418716474,7.077080600144714,-0.9037237519196051,2.817572027284876,-2.9554833213313536,6.223732844581242,3.0,0.0,0.6225878455010873,4.068614905300527,7.077080600144714,7.298264765524087
BELFB,2026-06-18,oos,True,True,D-1,307.429992676,311.670013428,293.049987793,296.390014648,305.100006104,302.079986572,-0.7578917566626542,0,7.077080600144714,-0.9037237519196051,2.817572027284876,-2.9554833213313536,2.2576887966146986,8.26502369456168,3.0,0.0,0.7877767769266428,2.107793290150539,7.077080600144714,7.8416007406929005
BELFB,2026-06-22,oos,True,True,D-1,301.119995117,305.100006104,296.390014648,304.329986572,302.079986572,301.130004883,0.3188069442638719,0,-0.9037237519196051,2.817572027284876,-2.9554833213313536,2.2576887966146986,-1.1506075680813965,-0.05394474846908137,2.0,0.0,0.29843895151953687,5.155368947954253,2.817572027284876,2.817572027284876
BELFB,2026-06-23,oos,True,True,D-1,293.980010986,302.079986572,282.149993896,288.640014648,301.130004883,310.850006104,5.73848373616237,1,2.817572027284876,-2.9554833213313536,2.2576887966146986,-1.1506075680813965,2.6788931919416115,3.559394163679608,3.0,1.0,0.6629923201492485,2.4118644825896762,2.817572027284876,2.817572027284876
BELFB,2026-06-24,oos,True,True,D-1,290.609985352,301.130004883,284.329986572,294.149993896,310.850006104,314.649993896,8.27225826906175,1,-2.9554833213313536,2.2576887966146986,-1.1506075680813965,2.6788931919416115,-5.155578686390139,-4.471282317036939,2.0,2.0,0.2198515060250796,7.978796289934165,2.6788931919416115,4.872486737498127
BELFB,2026-06-25,oos,True,True,D-1,302.130004883,310.850006104,298.309997559,310.320007324,314.649993896,316.929992676,4.898549483270043,1,2.2576887966146986,-1.1506075680813965,2.6788931919416115,-5.155578686390139,1.9089450417051568,0.3171654972810245,3.0,3.0,0.40650379607614695,5.956151587816927,2.6788931919416115,6.02394400033165
BELFB,2026-06-26,oos,True,True,D-1,308.040008545,314.649993896,295.359985352,310.640014648,316.929992676,335.290008545,8.846253487887168,1,-1.1506075680813965,2.6788931919416115,-5.155578686390139,1.9089450417051568,5.497199987608048,3.4952011452755727,3.0,4.0,0.954268116166503,0.4350367595185256,5.497199987608048,2.6788931919416115
BELFB,2026-06-29,oos,True,True,D-1,309.589996338,316.929992676,298.570007324,315.649993896,335.290008545,328.799987793,8.30130576278103,1,2.6788931919416115,-5.155578686390139,1.9089450417051568,5.497199987608048,0.10312171837050244,4.80785427839856,4.0,0.0,0.8766160231384604,1.290876596353474,5.497199987608048,2.6788931919416115
BELFB,2026-06-30,oos,True,True,D-1,312.239990234,335.290008545,310.109985352,333.040008545,328.799987793,317.980010986,5.303611989799761,1,-5.155578686390139,1.9089450417051568,5.497199987608048,0.10312171837050244,1.6127926254694058,3.7196490071548904,4.0,0.0,0.9631972735796637,0.40551205599632656,5.497199987608048,5.497199987608048
BELFB,2026-07-01,oos,True,True,D-1,327.540008545,328.799987793,312.519989014,318.059997559,317.980010986,288.130004883,-2.918726662268656,0,1.9089450417051568,5.497199987608048,0.10312171837050244,1.6127926254694058,5.509271340182442,15.38248047525439,5.0,0.0,0.9558477427424951,0.6755945058462887,5.509271340182442,5.497199987608048
