ticker,date,regime,position_independent_daily_evaluation,holding_state_ignored_for_candidate_generation,feature_cutoff,entry_open_d0,entry_high_d0,entry_low_d0,entry_close_d0,future_high_d1,future_high_d2,forward_max_return_pct,label_2d3pct,ret_d5_pct,ret_d4_pct,ret_d3_pct,ret_d2_pct,ret_d1_pct,cumulative_ret5_pct,up_days5,days_since_high5,close_pos5,pullback_from_high5_pct,single_up_day5_pct,fade_after_surge_score
APA,2020-06-16,stress,True,True,D-1,15.5,15.5399999619,14.0399999619,14.5699996948,14.3800001144,14.4600000381,-6.709677173548389,0,-6.768183229468372,-10.284335706519975,-13.75590001548046,7.662240022043121,2.2512669251539608,-20.58657480397823,2.0,4.0,0.3856208742964887,20.028407031830064,7.662240022043121,0.0
APA,2020-06-17,stress,True,True,D-1,14.1999998093,14.3800001144,13.8199996948,13.8900003433,14.4600000381,14.9899997711,5.563380087389902,1,-10.284335706519975,-13.75590001548046,7.662240022043121,2.2512669251539608,3.480112029512239,-11.85723478758758,3.0,4.0,0.6243092117737497,9.334252840687295,7.662240022043121,7.662240022043121
APA,2020-06-18,stress,True,True,D-1,13.7100000381,14.4600000381,13.4799995422,14.220000267,14.9899997711,14.3599996567,9.336248938314284,1,-13.75590001548046,7.662240022043121,2.2512669251539608,3.480112029512239,-4.6671198747017755,-6.338500237601319,3.0,1.0,0.4891641323809363,11.879046636567537,7.662240022043121,9.011668867423905
APA,2020-06-19,stress,True,True,D-1,14.9099998474,14.9899997711,13.8199996948,13.9799995422,14.3599996567,14.9899997711,0.5365521429830933,0,7.662240022043121,2.2512669251539608,3.480112029512239,-4.6671198747017755,2.37580932716952,11.180612270209632,4.0,2.0,0.47826093509710277,9.282698102075916,7.662240022043121,10.064432438868732
APA,2020-06-22,stress,True,True,D-1,13.8999996185,14.3599996567,13.5200004578,14.279999733,14.9899997711,13.8999996185,7.841727931771159,1,2.2512669251539608,3.480112029512239,-4.6671198747017755,2.37580932716952,-1.6877687784364048,1.525047766291432,3.0,3.0,0.38339897852471455,11.158801650822546,3.480112029512239,3.480112029512239
APA,2020-06-23,stress,True,True,D-1,14.6199998856,14.9899997711,14.0399999619,14.1300001144,13.8999996185,13.6700000763,-4.924762467400323,0,3.480112029512239,-4.6671198747017755,2.37580932716952,-1.6877687784364048,2.145924181860104,1.4204531987486169,3.0,4.0,0.38834952806296297,8.823531179683663,3.480112029512239,3.480112029512239
APA,2020-06-24,stress,True,True,D-1,13.779999733,13.8999996185,12.8900003433,13.0699996948,13.6700000763,13.5,-0.7982558696033704,0,-4.6671198747017755,2.37580932716952,-1.6877687784364048,2.145924181860104,-1.0504175168390417,-3.0199010955163974,2.0,2.0,0.4304638898455728,6.086338639329303,2.37580932716952,2.37580932716952
APA,2020-06-25,stress,True,True,D-1,12.8699998856,13.6700000763,12.6800003052,13.6599998474,13.5,13.4600000381,4.89510582750583,1,2.37580932716952,-1.6877687784364048,2.145924181860104,-1.0504175168390417,-7.501772194040857,-5.9035322406996045,2.0,3.0,0.08571400025978584,14.690130995671623,2.37580932716952,10.849199108849849
APA,2020-06-26,stress,True,True,D-1,13.5,13.5,12.8000001907,13.25,13.4600000381,13.6199998856,0.8888880414814837,0,-1.6877687784364048,2.145924181860104,-1.0504175168390417,-7.501772194040857,4.514155825380284,-3.938118207350383,2.0,4.0,0.42424232415057356,9.73645635840288,4.514155825380284,5.472182237024725
APA,2020-06-29,stress,True,True,D-1,13.1499996185,13.4600000381,12.9200000763,13.3299999237,13.6199998856,13.970000267,6.235746557333632,1,2.145924181860104,-1.0504175168390417,-7.501772194040857,4.514155825380284,-3.00146304524328,-5.2217422468178505,2.0,3.0,0.24675317168435876,13.13207374415095,4.514155825380284,2.145924181860104
APA,2020-06-30,stress,True,True,D-1,13.0799999237,13.6199998856,12.8699998856,13.5,13.970000267,13.9399995804,6.804284009875139,1,-1.0504175168390417,-7.501772194040857,4.514155825380284,-3.00146304524328,0.6037730090566074,-6.652659853379561,2.0,4.0,0.2813851812934311,12.453112204814133,4.514155825380284,6.92996788531095
APA,2020-07-01,stress,True,True,D-1,13.6300001144,13.970000267,12.9099998474,13.0,13.9399995804,13.720000267,2.274390780616997,0,-7.501772194040857,4.514155825380284,-3.00146304524328,0.6037730090566074,1.275319409400355,-4.4585994996416245,3.0,4.0,0.6721312756988086,2.9629601370370517,4.514155825380284,4.514155825380284
APA,2020-07-02,stress,True,True,D-1,13.5200004578,13.9399995804,13.1800003052,13.2600002289,13.720000267,13.3800001144,1.4792884794956773,0,4.514155825380284,-3.00146304524328,0.6037730090566074,1.275319409400355,-3.703703703703709,-0.5355753361482418,3.0,0.0,0.2480617862604343,7.461540515384613,4.514155825380284,6.989774171883645
APA,2020-07-06,stress,True,True,D-1,13.5600004196,13.720000267,13.2100000381,13.529999733,13.3800001144,13.1499996185,-1.32743583797994,0,-3.00146304524328,0.6037730090566074,1.275319409400355,-3.703703703703709,2.000001760769221,-2.9282549265630897,3.0,1.0,0.3931624001723999,5.354449666995964,2.000001760769221,3.0530954916225816
APA,2020-07-07,stress,True,True,D-1,13.25,13.3800001144,12.75,12.7700004578,13.1499996185,13.1000003815,-0.7547198603773508,0,0.6037730090566074,1.275319409400355,-3.703703703703709,2.000001760769221,2.036195320053924,2.1132055320754795,4.0,2.0,0.5999996532364843,3.2520365312855626,2.036195320053924,1.275319409400355
APA,2020-07-08,stress,True,True,D-1,12.779999733,13.1499996185,12.5900001526,13.0699996948,13.1000003815,12.7700004578,2.5039174897140803,0,1.275319409400355,-3.703703703703709,2.000001760769221,2.036195320053924,-5.617141834425487,-4.201046279860455,3.0,3.0,0.016393814281026018,9.397022444639248,2.036195320053924,5.695324254294154
APA,2020-07-09,stress,True,True,D-1,12.9499998093,13.1000003815,12.0100002289,12.0799999237,12.7700004578,13.1800003052,1.7760656315595202,0,-3.703703703703709,2.000001760769221,2.036195320053924,-5.617141834425487,2.3492500097504587,-3.18518744592593,3.0,4.0,0.3478257263831427,6.886003008539254,2.3492500097504587,5.436047849821901
APA,2020-07-10,stress,True,True,D-1,11.9499998093,12.7700004578,11.7899999619,12.7100000381,13.1800003052,13.5200004578,13.138080950245357,1,2.000001760769221,2.036195320053924,-5.617141834425487,2.3492500097504587,-7.574596742292794,-7.076923663846147,3.0,4.0,0.0362692841039546,15.397348248743171,2.3492500097504587,7.43948826730313
APA,2020-07-13,stress,True,True,D-1,12.8000001907,13.1800003052,12.3100004196,12.5200004578,13.5200004578,14.0900001526,10.078124552195433,1,2.036195320053924,-5.617141834425487,2.3492500097504587,-7.574596742292794,5.2152327680399235,-4.147814338654987,3.0,4.0,0.4766839019501256,7.946500596950301,5.2152327680399235,5.10364683535427
APA,2020-07-14,stress,True,True,D-1,12.4899997711,13.5200004578,12.279999733,13.5100002289,14.0900001526,14.2700004578,14.251406880075823,1,-5.617141834425487,2.3492500097504587,-7.574596742292794,5.2152327680399235,-1.4948826099956736,-7.4648876210735455,2.0,4.0,0.45911976470706695,6.869006590684412,5.2152327680399235,2.3492500097504587
APA,2020-07-15,stress,True,True,D-1,13.9099998474,14.0900001526,13.2600002289,13.8199996948,14.2700004578,14.1599998474,2.588070556070421,0,2.3492500097504587,-7.574596742292794,5.2152327680399235,-1.4948826099956736,7.907346125400716,5.794829636423415,3.0,0.0,0.9942195225240102,0.07402093805009002,7.907346125400716,5.2152327680399235
APA,2020-07-16,stress,True,True,D-1,13.3999996185,14.2700004578,13.2899999619,13.8699998856,14.1599998474,14.1400003433,5.6716436607262555,1,-7.574596742292794,5.2152327680399235,-1.4948826099956736,7.907346125400716,2.294592602869572,5.738332192145301,3.0,0.0,0.8826085063419816,1.9536936596430854,7.907346125400716,5.2152327680399235
APA,2020-07-17,stress,True,True,D-1,14.0100002289,14.1599998474,13.25,13.2899999619,14.1400003433,15.1999998093,8.493929771287622,1,5.2152327680399235,-1.4948826099956736,7.907346125400716,2.294592602869572,0.36179588932128137,14.817880572897701,4.0,0.0,0.8387094789451491,2.883926283339666,7.907346125400716,7.907346125400716
APA,2020-07-20,stress,True,True,D-1,13.4300003052,14.1400003433,13.3400001526,13.6000003815,15.1999998093,14.6700000763,13.179445002802193,1,-1.4948826099956736,7.907346125400716,2.294592602869572,0.36179588932128137,-4.181686578830934,4.5633353427330325,3.0,1.0,0.5075376186114238,7.373969140026215,7.907346125400716,11.742365985056868
APA,2020-07-21,stress,True,True,D-1,14.0600004196,15.1999998093,13.970000267,14.8999996185,14.6700000763,14.720000267,4.694166626623586,1,7.907346125400716,2.294592602869572,0.36179588932128137,-4.181686578830934,2.332584051833808,8.626197158220993,4.0,2.0,0.6633166672000396,4.926471011069955,7.907346125400716,9.853990006633317
APA,2020-07-22,stress,True,True,D-1,14.4799995422,14.6700000763,14.1099996567,14.5100002289,14.720000267,14.720000267,1.6574636214631733,0,2.294592602869572,0.36179588932128137,-4.181686578830934,2.332584051833808,9.558817650978767,10.288670363058738,4.0,0.0,0.846153733262317,2.013424150880616,9.558817650978767,2.294592602869572
APA,2020-07-23,stress,True,True,D-1,14.4600000381,14.720000267,14.1599998474,14.3900003433,14.720000267,14.1499996185,1.798065202039667,0,0.36179588932128137,-4.181686578830934,2.332584051833808,9.558817650978767,-2.6174456348023956,4.9927680849343625,3.0,1.0,0.6461540267290115,4.755338177222823,9.558817650978767,2.332584051833808
APA,2020-07-24,stress,True,True,D-1,14.3800001144,14.720000267,14.1400003433,14.1999998093,14.1499996185,13.8299999237,-1.5994471075815864,0,-4.181686578830934,2.332584051833808,9.558817650978767,-2.6174456348023956,-0.8270150496689221,3.749102105183666,2.0,2.0,0.5846156178390765,5.62890511936045,9.558817650978767,12.981631666133374
APA,2020-07-27,stress,True,True,D-1,14.1199998856,14.1499996185,13.5799999237,13.6899995804,13.8299999237,13.7299995422,-2.053824109416247,0,2.332584051833808,9.558817650978767,-2.6174456348023956,-0.8270150496689221,-1.3203650414675971,6.8472524455139405,2.0,3.0,0.462365492166706,7.042253615701255,9.558817650978767,11.695278124511788
APA,2020-07-28,stress,True,True,D-1,13.6000003815,13.8299999237,13.3000001907,13.3199996948,13.7299995422,16.6100006104,22.132354003419643,1,9.558817650978767,-2.6174456348023956,-0.8270150496689221,-1.3203650414675971,-3.5915509559794834,0.6617587968778871,1.0,4.0,0.06790102744930684,11.02995087787928,9.558817650978767,14.423312065156601
APA,2020-07-29,stress,True,True,D-1,13.4499998093,13.7299995422,13.2600002289,13.6499996185,16.6100006104,16.1200008392,23.49443008106973,1,-2.6174456348023956,-0.8270150496689221,-1.3203650414675971,-3.5915509559794834,-2.7027019498943594,-10.604026605062833,0.0,3.0,0.014084157060125512,10.510515047132829,-0.8270150496689221,6.197183988155142
APA,2020-07-30,stress,True,True,D-1,15.6499996185,16.6100006104,15.3599996567,16.0100002289,16.1200008392,16.1100006104,3.0032027613879686,1,-0.8270150496689221,-1.3203650414675971,-3.5915509559794834,-2.7027019498943594,2.477476961420866,-5.926951046403916,1.0,4.0,0.26712286261823315,7.8388328088289105,2.477476961420866,0.29218380661798493
APA,2020-07-31,stress,True,True,D-1,15.9399995804,16.1200008392,15.1700000763,15.3500003815,16.1100006104,16.1100006104,1.0665058624533152,0,-1.3203650414675971,-3.5915509559794834,-2.7027019498943594,2.477476961420866,17.28938224438823,11.257816865544923,2.0,0.0,0.8208954289039985,3.7476600432330143,17.28938224438823,0.0
APA,2020-08-03,stress,True,True,D-1,15.3199996948,16.1100006104,14.9899997711,15.720000267,16.1100006104,16.8299999237,9.856398557321988,1,-3.5915509559794834,-2.7027019498943594,2.477476961420866,17.28938224438823,-4.122422473227838,8.098595687633958,2.0,1.0,0.623880571519272,8.208470342571239,17.28938224438823,2.477476961420866
APA,2020-08-04,stress,True,True,D-1,15.6199998856,16.1100006104,15.5500001907,15.8800001144,16.8299999237,16.1200008392,7.746479173892262,1,-2.7027019498943594,2.477476961420866,17.28938224438823,-4.122422473227838,2.4104226469331413,14.82834732519902,3.0,2.0,0.7343282859563458,5.661579696460439,17.28938224438823,19.10074987557987
APA,2020-08-05,stress,True,True,D-1,16.5799999237,16.8299999237,16.0400009155,16.2399997711,16.1200008392,15.6800003052,-2.7744215115614312,0,2.477476961420866,17.28938224438823,-4.122422473227838,2.4104226469331413,1.017810716809442,19.219222809737737,4.0,3.0,0.7820894289948903,4.596980420283714,17.28938224438823,17.28938224438823
APA,2020-08-06,stress,True,True,D-1,16.0599994659,16.1200008392,15.3999996185,15.6000003815,15.6800003052,16.3199996948,1.618930495309523,0,17.28938224438823,-4.122422473227838,2.4104226469331413,1.017810716809442,2.267000340721359,18.974360622616725,4.0,0.0,0.6793477697453959,3.6330059169701556,17.28938224438823,17.28938224438823
APA,2020-08-07,stress,True,True,D-1,15.470000267,15.6800003052,15.1199998856,15.5399999619,16.3199996948,16.75,8.274076993588974,1,-4.122422473227838,2.4104226469331413,1.017810716809442,2.267000340721359,-3.9408829964327596,-2.5608984480831043,3.0,1.0,0.33152204337485575,7.884612257180801,2.4104226469331413,4.173645133601111
APA,2020-08-10,stress,True,True,D-1,15.7100000381,16.3199996948,15.6300001144,16.2800006866,16.75,16.0400009155,6.619987010679718,1,2.4104226469331413,1.017810716809442,2.267000340721359,-3.9408829964327596,-0.3846180649530906,1.2377822519730408,3.0,2.0,0.2989131223836175,8.301158075693316,2.4104226469331413,6.720766360396047
APA,2020-08-11,stress,True,True,D-1,16.75,16.75,15.5200004578,15.5900001526,16.0400009155,15.8599996567,-4.2388005044776245,0,1.017810716809442,2.267000340721359,-3.9408829964327596,-0.3846180649530906,4.761909437028877,3.5623435756268806,3.0,3.0,0.6783630264060638,3.378373549779412,4.761909437028877,2.267000340721359
APA,2020-08-12,stress,True,True,D-1,15.9899997711,16.0400009155,15.3800001144,15.75,15.8599996567,15.6499996185,-0.8130088571668415,0,2.267000340721359,-3.9408829964327596,-0.3846180649530906,4.761909437028877,-4.2383323396781964,-1.8261962198415027,2.0,4.0,0.2748539511860023,7.953815002966502,4.761909437028877,2.267000340721359
APA,2020-08-13,stress,True,True,D-1,15.5200004578,15.8599996567,15.2899999619,15.4200000763,15.6499996185,15.5500001907,0.8376234334108279,0,-3.9408829964327596,-0.3846180649530906,4.761909437028877,-4.2383323396781964,1.0262979206790757,-3.0172400123550602,2.0,1.0,0.3865031105423582,6.349206349206349,4.761909437028877,8.017441772701584
APA,2020-08-14,stress,True,True,D-1,15.2399997711,15.6499996185,15.1599998474,15.6199998856,15.5500001907,15.6099996567,2.4278208081186303,0,-0.3846180649530906,4.761909437028877,-4.2383323396781964,1.0262979206790757,-2.0952376107936543,-1.1538480820389108,2.0,2.0,0.18404918383114857,8.625161589617392,4.761909437028877,5.852352507176306
APA,2020-08-17,stress,True,True,D-1,15.5500001907,15.5500001907,15.1599998474,15.3400001526,15.6099996567,15.6499996185,0.6430831290909378,0,4.761909437028877,-4.2383323396781964,1.0262979206790757,-2.0952376107936543,1.2970156180958314,0.5148000250716933,3.0,3.0,0.2893081723594801,7.234315766171928,4.761909437028877,5.587306988774909
APA,2020-08-18,stress,True,True,D-1,15.1400003433,15.6099996567,15.0399999619,15.25,15.6499996185,15.1499996185,3.3685552419798537,1,-4.2383323396781964,1.0262979206790757,-2.0952376107936543,1.2970156180958314,-1.7925719273412466,-5.773958810540536,2.0,4.0,0.11320772825440299,9.191654715603237,1.2970156180958314,1.545104167787703
APA,2020-08-19,stress,True,True,D-1,15.3500003815,15.6499996185,15.2399997711,15.3400001526,15.1499996185,14.6800003052,-1.3029365343928068,0,1.0262979206790757,-2.0952376107936543,1.2970156180958314,-1.7925719273412466,-0.5867024231075102,-2.1808861402948576,2.0,4.0,0.2099998378441553,5.180333872131149,1.2970156180958314,3.665772905610931
APA,2020-08-20,stress,True,True,D-1,15.0500001907,15.1499996185,14.6000003815,14.7399997711,14.6800003052,14.8800001144,-1.1295685989761717,0,-2.0952376107936543,1.2970156180958314,-1.7925719273412466,-0.5867024231075102,0.5901649350819715,-2.603173634285716,2.0,4.0,0.36585402726664595,3.389827242028187,1.2970156180958314,1.2970156180958314
APA,2020-08-21,stress,True,True,D-1,14.6599998474,14.6800003052,14.2100000381,14.2600002289,14.8800001144,14.8900003433,1.568898351256065,0,1.2970156180958314,-1.7925719273412466,-0.5867024231075102,0.5901649350819715,-3.9113453424464595,-4.4098592855724705,2.0,4.0,0.13333284888853816,6.173676129793382,1.2970156180958314,4.641279414161403
APA,2020-08-24,stress,True,True,D-1,14.4799995422,14.8800001144,14.2700004578,14.4600000381,14.8900003433,14.6499996185,2.831497334686439,0,-1.7925719273412466,-0.5867024231075102,0.5901649350819715,-3.9113453424464595,-3.256441992225223,-8.706784037519599,1.0,2.0,0.03472236483993264,9.7475411450763,0.5901649350819715,7.630581577561279
APA,2020-08-25,stress,True,True,D-1,14.6199998856,14.8900003433,14.3500003815,14.6499996185,14.6499996185,14.6400003433,0.205196533069385,0,-0.5867024231075102,0.5901649350819715,-3.9113453424464595,-3.256441992225223,1.4025231836579666,-5.736636934458228,2.0,3.0,0.17361116169947458,8.229595970017467,1.4025231836579666,2.4897560975525534
APA,2020-08-26,stress,True,True,D-1,14.6499996185,14.6499996185,14.0600004196,14.0799999237,14.6400003433,15.0799999237,2.9351557433284547,0,0.5901649350819715,-3.9113453424464595,-3.256441992225223,1.4025231836579666,1.3139666659708116,-3.9344287311475323,3.0,4.0,0.3055553532021017,6.825938744306859,1.4025231836579666,0.5901649350819715
APA,2020-08-27,stress,True,True,D-1,14.529999733,14.6400003433,14.220000267,14.6000003815,15.0799999237,15.1199998856,4.060565474478395,1,-3.9113453424464595,-3.256441992225223,1.4025231836579666,1.3139666659708116,-3.890783000978415,-8.213821488694318,2.0,4.0,0.01834818238415602,7.5994296917497595,1.4025231836579666,4.030463110343685
APA,2020-08-28,stress,True,True,D-1,14.5600004196,15.0799999237,14.5,15.0500001907,15.1199998856,14.9600000381,3.8461500677304583,1,-3.256441992225223,1.4025231836579666,1.3139666659708116,-3.890783000978415,3.693185089615758,-0.9497923458214097,3.0,2.0,0.65060242354333,1.9863010563168748,3.693185089615758,1.7438149126820623
APA,2020-08-31,stress,True,True,D-1,15.0,15.1199998856,14.5500001907,14.8000001907,14.9600000381,15.0699996948,0.4666646320000023,0,1.4025231836579666,1.3139666659708116,-3.890783000978415,3.693185089615758,3.0821903934345585,5.539971592699899,4.0,0.0,0.9705884827596356,0.19933377156060583,3.693185089615758,1.4025231836579666
APA,2020-09-01,stress,True,True,D-1,14.6700000763,14.9600000381,14.3900003433,14.9399995804,15.0699996948,14.7399997711,2.7266504186746143,0,1.3139666659708116,-3.890783000978415,3.693185089615758,3.0821903934345585,-1.6611295470579823,2.3513150187008947,3.0,0.0,0.6981133432948355,2.162160072815955,3.693185089615758,3.693185089615758
APA,2020-09-02,stress,True,True,D-1,14.9799995422,15.0699996948,14.3900003433,14.4200000763,14.7399997711,14.8900003433,-0.6007957386544915,0,-3.890783000978415,3.693185089615758,3.0821903934345585,-1.6611295470579823,0.9459418101086969,1.9795219757807292,3.0,1.0,0.8301883057741087,1.2048213537846797,3.693185089615758,4.424086145470718
APA,2020-09-03,stress,True,True,D-1,14.3299999237,14.7399997711,14.1099996567,14.3900003433,14.8900003433,14.1800003052,3.9078885037105326,1,3.693185089615758,3.0821903934345585,-1.6611295470579823,0.9459418101086969,-3.480585801235203,2.414773824165284,3.0,2.0,0.2222221045061222,4.854367583884311,3.693185089615758,6.260753397072838
APA,2020-09-04,stress,True,True,D-1,14.5200004578,14.8900003433,14.1300001144,14.6000003815,14.1800003052,13.3100004196,-2.341598773279341,0,3.0821903934345585,-1.6611295470579823,0.9459418101086969,-3.480585801235203,-0.20804253010584528,-1.4383563884429407,2.0,3.0,0.277228339744984,5.072964036723526,3.0821903934345585,6.763577626012207
APA,2020-09-08,stress,True,True,D-1,14.0900001526,14.1800003052,13.0200004578,13.0399999619,13.3100004196,13.1899995804,-5.535839067085235,0,-1.6611295470579823,0.9459418101086969,-3.480585801235203,-0.20804253010584528,1.4593469992359998,-2.9900319169303025,2.0,4.0,0.48514912252412395,3.561640345974948,1.4593469992359998,0.9459418101086969
APA,2020-09-09,stress,True,True,D-1,13.25,13.3100004196,12.6599998474,13.1499996185,13.1899995804,12.25,-0.45283335547169346,0,0.9459418101086969,-3.480585801235203,-0.20804253010584528,1.4593469992359998,-10.684934101623123,-11.89189328460919,2.0,3.0,0.009755859289619532,15.567482659748544,1.4593469992359998,10.3274591776782
APA,2020-09-10,stress,True,True,D-1,13.1499996185,13.1899995804,12.0100002289,12.0100002289,12.25,12.1099996567,-6.844103761294729,0,-3.480585801235203,-0.20804253010584528,1.4593469992359998,-10.684934101623123,0.843555651237704,-11.981258448282194,2.0,4.0,0.20331941996952047,14.600761460090528,1.4593469992359998,11.390858815066697
APA,2020-09-11,stress,True,True,D-1,12.1899995804,12.25,11.720000267,11.8900003433,12.1099996567,12.5399999619,2.871209134926933,0,-0.20804253010584528,1.4593469992359998,-10.684934101623123,0.843555651237704,-8.669197130593066,-16.71289760504896,2.0,3.0,0.0,23.980017148290944,1.4593469992359998,9.358117980903424
APA,2020-09-14,stress,True,True,D-1,11.8100004196,12.1099996567,11.2899999619,11.9300003052,12.5399999619,12.7700004578,8.128704522370512,1,1.4593469992359998,-10.684934101623123,0.843555651237704,-8.669197130593066,-0.9991663889501012,-17.373175402070107,2.0,4.0,0.05362778303097824,25.23128606712359,1.4593469992359998,11.041090814858457
APA,2020-09-15,stress,True,True,D-1,12.0900001526,12.5399999619,11.8800001144,11.9399995804,12.7700004578,12.5900001526,5.624485497245946,1,-10.684934101623123,0.843555651237704,-8.669197130593066,-0.9991663889501012,0.3364168271243084,-18.28767127762009,2.0,4.0,0.22145337967994988,18.86001628197176,0.843555651237704,1.5096665769268935
APA,2020-09-16,stress,True,True,D-1,12.0500001907,12.7700004578,11.8800001144,12.5,12.5900001526,12.8699998856,6.804976613468128,1,0.843555651237704,-8.669197130593066,-0.9991663889501012,0.3364168271243084,0.0838162191466374,-8.435585772346299,3.0,4.0,0.32178191644575127,11.474044282622199,0.843555651237704,0.843555651237704
APA,2020-09-17,stress,True,True,D-1,12.1499996185,12.5900001526,12.0,12.4200000763,12.8699998856,12.3100004196,5.9259283103491045,1,-8.669197130593066,-0.9991663889501012,0.3364168271243084,0.0838162191466374,4.690120931991171,-4.942963021729307,3.0,4.0,0.6368422531870103,5.519996643199998,4.690120931991171,0.3364168271243084
APA,2020-09-18,stress,True,True,D-1,12.5900001526,12.8699998856,12.4200000763,12.6499996185,12.3100004196,12.5200004578,-0.5559943919900889,0,-0.9991663889501012,0.3364168271243084,0.0838162191466374,4.690120931991171,-0.63999938960001,3.4138204794817995,3.0,1.0,0.7635133349822543,2.8180384810776005,4.690120931991171,0.3364168271243084
APA,2020-09-21,stress,True,True,D-1,12.0699996948,12.3100004196,11.8900003433,12.1099996567,12.5200004578,12.4499998093,3.7282582798562114,1,0.3364168271243084,0.0838162191466374,4.690120931991171,-0.63999938960001,1.8518481544850252,6.391919707792604,4.0,0.0,0.8607593178961623,1.7391325986940043,4.690120931991171,4.690120931991171
APA,2020-09-22,stress,True,True,D-1,12.1899995804,12.5200004578,12.0600004196,12.2399997711,12.4499998093,11.3199996948,2.1328977674293537,0,0.0838162191466374,4.690120931991171,-0.63999938960001,1.8518481544850252,-4.268774530319175,1.5087958666819334,3.0,1.0,0.23232282369238558,6.275807187818727,4.690120931991171,7.186098530184159
APA,2020-09-23,stress,True,True,D-1,12.25,12.4499998093,11.1000003815,11.1000003815,11.3199996948,10.8299999237,-7.591839226122454,0,4.690120931991171,-0.63999938960001,1.8518481544850252,-4.268774530319175,1.0734939561131807,2.5125644995202867,3.0,2.0,0.36363610090903115,5.147059855241998,4.690120931991171,7.931226542780245
APA,2020-09-24,stress,True,True,D-1,11.0100002289,11.3199996948,10.6099996567,10.8999996185,10.8299999237,10.6499996185,-1.6348801222321296,0,-0.63999938960001,1.8518481544850252,-4.268774530319175,1.0734939561131807,-9.313720677443694,-11.199996948000003,2.0,3.0,0.0,15.945940930326463,1.8518481544850252,10.192057104377163
APA,2020-09-25,stress,True,True,D-1,10.7399997711,10.8299999237,9.84000015259,9.85000038147,10.6499996185,10.1700000763,-0.837990265532218,0,1.8518481544850252,-4.268774530319175,1.0734939561131807,-9.313720677443694,-1.8018086137486344,-12.238328892609928,2.0,4.0,0.12831855417163016,18.073397578440463,1.8518481544850252,12.799562024250687
APA,2020-09-28,stress,True,True,D-1,10.1499996185,10.6499996185,10.1000003815,10.2700004578,10.1700000763,9.78999996185,0.1970488527264891,0,-4.268774530319175,1.0734939561131807,-9.313720677443694,-1.8018086137486344,-9.633020860366749,-22.134381987926233,1.0,3.0,0.00373142826161632,27.10659870991328,1.0734939561131807,12.334754830602268
APA,2020-09-29,stress,True,True,D-1,10.1599998474,10.1700000763,9.43000030518,9.53999996185,9.78999996185,9.51000022888,-3.641731211685839,0,1.0734939561131807,-9.313720677443694,-1.8018086137486344,-9.633020860366749,4.2639600006525,-15.194048315946883,2.0,4.0,0.1604478568058621,21.90847029895835,4.2639600006525,6.853302972167974
APA,2020-09-30,stress,True,True,D-1,9.63000011444,9.78999996185,9.39000034332,9.47000026703,9.51000022888,9.89999961853,2.803733134801756,0,-9.313720677443694,-1.8018086137486344,-9.633020860366749,4.2639600006525,-7.1080863038868625,-22.05882238351834,1.0,4.0,0.036423733354901074,30.50314317701204,4.2639600006525,3.1472122600439523
APA,2020-10-01,stress,True,True,D-1,9.38000011444,9.51000022888,9.01000022888,9.31000041962,9.89999961853,10.1300001144,7.9957355096980764,1,-1.8018086137486344,-9.633020860366749,4.2639600006525,-7.1080863038868625,-0.7337494245275189,-14.684685211242565,1.0,4.0,0.04145075160188675,19.535368274600895,4.2639600006525,12.053640186717196
APA,2020-10-02,stress,True,True,D-1,8.82999992371,9.89999961853,8.75,9.73999977112,10.1300001144,10.2700004578,16.30804695958561,1,-9.633020860366749,4.2639600006525,-7.1080863038868625,-0.7337494245275189,-1.6895442755903933,-14.587149124128207,1.0,4.0,0.16483529727716278,16.32652454963093,4.2639600006525,6.674856679371133
APA,2020-10-05,stress,True,True,D-1,9.97000026703,10.1300001144,9.61999988556,9.84000015259,10.2700004578,9.68000030518,3.009028914092182,1,4.2639600006525,-7.1080863038868625,-0.7337494245275189,-1.6895442755903933,4.61868240729415,-1.1167574222325394,2.0,4.0,0.5210526157376701,9.34291446369675,4.61868240729415,4.2639600006525
APA,2020-10-06,stress,True,True,D-1,10.029999733,10.2700004578,9.32999992371,9.42000007629,9.68000030518,10.1499996185,1.1964096579702321,0,-7.1080863038868625,-0.7337494245275189,-1.6895442755903933,4.61868240729415,1.026697985830638,-4.186955073438369,2.0,4.0,0.7676057000152711,3.3536577092749376,4.61868240729415,0.0
APA,2020-10-07,stress,True,True,D-1,9.68000030518,9.68000030518,9.36999988556,9.56999969482,10.1499996185,10.4200000763,7.644625493699708,1,-0.7337494245275189,-1.6895442755903933,4.61868240729415,1.026697985830638,-4.268293392144418,-1.2578604406695448,2.0,0.0,0.4407893911161952,9.023358541678128,4.61868240729415,7.904100295894412
APA,2020-10-08,stress,True,True,D-1,9.72999954224,10.1499996185,9.51000022888,10.1400003433,10.4200000763,9.60000038147,7.091475503822586,1,-1.6895442755903933,4.61868240729415,1.026697985830638,-4.268293392144418,1.5923526254266962,1.0559601369616534,3.0,1.0,0.5394733209533641,7.3145327617815115,4.61868240729415,7.362589455902602
APA,2020-10-09,stress,True,True,D-1,10.2700004578,10.4200000763,9.60999965668,9.67000007629,9.60000038147,9.30000019073,-6.523856343366951,0,4.61868240729415,1.026697985830638,-4.268293392144418,1.5923526254266962,5.95611981877624,8.915143783783819,4.0,2.0,0.91447363464077,1.2820523678374052,5.95611981877624,4.61868240729415
APA,2020-10-12,stress,True,True,D-1,9.56000041962,9.60000038147,9.11999988556,9.31000041962,9.30000019073,9.94999980927,4.079491344473207,1,1.026697985830638,-4.268293392144418,1.5923526254266962,5.95611981877624,-4.635110957570654,-0.7186827153482733,3.0,0.0,0.3119267018193623,7.755946164353555,5.95611981877624,1.5923526254266962
APA,2020-10-13,stress,True,True,D-1,9.23999977112,9.30000019073,8.94999980927,9.14000034332,9.94999980927,9.77999973297,7.68398328719806,1,-4.268293392144418,1.5923526254266962,5.95611981877624,-4.635110957570654,-3.7228506083747392,-5.386176064545056,2.0,1.0,0.1461542355250312,11.922659577337647,5.95611981877624,14.141523128238877
APA,2020-10-14,stress,True,True,D-1,9.27999973297,9.94999980927,9.18999958038,9.19999980927,9.77999973297,9.81000041962,5.711214460136382,1,1.5923526254266962,5.95611981877624,-4.635110957570654,-3.7228506083747392,-1.82599429256457,-2.972396291957091,2.0,2.0,0.12925204050056324,14.004372920133324,5.95611981877624,11.436985680085932
APA,2020-10-15,stress,True,True,D-1,9.10000038147,9.77999973297,8.96000003815,9.76000022888,9.81000041962,9.57999992371,7.8021978943621395,1,5.95611981877624,-4.635110957570654,-3.7228506083747392,-1.82599429256457,0.6564492745763539,-3.8662476212018237,2.0,3.0,0.17006799631751235,13.260872742635454,5.95611981877624,7.137651563051817
APA,2020-10-16,stress,True,True,D-1,9.64000034332,9.81000041962,9.34000015259,9.36999988556,9.57999992371,9.85999965668,2.2821504722501995,0,-4.635110957570654,-3.7228506083747392,-1.82599429256457,0.6564492745763539,6.086961208909347,-3.7475355182910453,2.0,4.0,0.551020593517667,6.762293360066218,6.086961208909347,0.0
APA,2020-10-19,stress,True,True,D-1,9.44999980927,9.57999992371,9.02000045776,9.06000041962,9.85999965668,9.5,4.338622811482051,1,-3.7228506083747392,-1.82599429256457,0.6564492745763539,6.086961208909347,-3.9959050632599524,-3.1023804380888698,2.0,2.0,0.42000007629,6.18996724433083,6.086961208909347,0.6564492745763539
APA,2020-10-20,stress,True,True,D-1,9.22000026703,9.85999965668,9.18000030518,9.60999965668,9.5,9.47999954224,3.0368733715904206,1,-1.82599429256457,0.6564492745763539,6.086961208909347,-3.9959050632599524,-3.308425504014545,-2.685284519140807,2.0,3.0,0.1100006103499993,9.823392366766903,6.086961208909347,13.25909023395474
APA,2020-10-21,stress,True,True,D-1,9.40999984741,9.5,9.07999992371,9.10000038147,9.47999954224,9.64000034332,2.444213598720779,0,0.6564492745763539,6.086961208909347,-3.9959050632599524,-3.308425504014545,6.070631474463761,5.142224241856841,3.0,4.0,0.6565654230350438,3.53798298373158,6.086961208909347,6.086961208909347
APA,2020-10-22,stress,True,True,D-1,9.10000038147,9.47999954224,9.02000045776,9.43999958038,9.64000034332,9.10999965668,5.934065266080468,1,6.086961208909347,-3.9959050632599524,-3.308425504014545,6.070631474463761,-5.306964551819671,-1.086950324708047,2.0,1.0,0.1555560029554989,8.35164003682416,6.086961208909347,6.086961208909347
APA,2020-10-23,stress,True,True,D-1,9.53999996185,9.64000034332,9.13000011444,9.27999973297,9.10999965668,8.60000038147,-4.50734074307706,0,-3.9959050632599524,-3.308425504014545,6.070631474463761,-5.306964551819671,3.73625477645394,-3.2786950921692815,2.0,2.0,0.4999994323327926,4.449153548406115,6.070631474463761,7.839622966381565
APA,2020-10-26,stress,True,True,D-1,9.06999969482,9.10999965668,8.35000038147,8.56000041962,8.60000038147,8.14999961853,-5.181911016142838,0,-3.308425504014545,6.070631474463761,-5.306964551819671,3.73625477645394,-1.6949137131588743,-0.9605139134387763,2.0,3.0,0.30952324186056923,6.249999357751856,6.070631474463761,6.070631474463761
APA,2020-10-27,stress,True,True,D-1,8.56000041962,8.60000038147,8.31999969482,8.35000038147,8.14999961853,8.22000026703,-3.971964204706113,0,6.070631474463761,-5.306964551819671,3.73625477645394,-1.6949137131588743,-7.758613513661916,-5.518763541304239,2.0,4.0,0.13907293970110968,15.186906230522235,6.070631474463761,15.3926568968905
APA,2020-10-28,stress,True,True,D-1,7.96000003815,8.14999961853,7.69999980927,7.78999996185,8.22000026703,8.30000019073,4.271358680282367,1,-5.306964551819671,3.73625477645394,-1.6949137131588743,-7.758613513661916,-2.453271353453068,-13.111335278083613,1.0,2.0,0.022727781750783136,15.44910063372833,3.73625477645394,13.757799800813109
APA,2020-10-29,stress,True,True,D-1,7.67000007629,8.22000026703,7.44999980927,8.18999958038,8.30000019073,8.96000003815,16.818773781342333,1,3.73625477645394,-1.6949137131588743,-7.758613513661916,-2.453271353453068,-6.706591545345686,-14.395608403352444,1.0,3.0,0.04639181845590175,23.748400391912906,3.73625477645394,12.73158678607762
APA,2020-10-30,stress,True,True,D-1,8.21000003815,8.30000019073,7.96000003815,8.30000019073,8.96000003815,9.21000003815,12.180267909296315,1,-1.6949137131588743,-7.758613513661916,-2.453271353453068,-6.706591545345686,5.13478331821462,-13.241526012331473,1.0,4.0,0.3378993564634012,17.704527927127465,5.13478331821462,1.9161771710222597
APA,2020-11-02,stress,True,True,D-1,8.40999984741,8.96000003815,7.98000001907,8.89000034332,9.21000003815,9.30000019073,10.582643988918615,1,-7.758613513661916,-2.453271353453068,-6.706591545345686,5.13478331821462,1.3431088642973377,-10.560340198699103,2.0,4.0,0.5120484696346239,9.759029485983174,5.13478331821462,0.0
APA,2020-11-03,stress,True,True,D-1,9.10000038147,9.21000003815,8.63000011444,8.72999954224,9.30000019073,9.59000015259,5.384612643728759,1,-2.453271353453068,-6.706591545345686,5.13478331821462,1.3431088642973377,7.108435410025082,3.855139106577865,3.0,0.0,0.9536425932319763,0.7873981116614637,7.108435410025082,5.13478331821462
APA,2020-11-04,stress,True,True,D-1,8.75,9.30000019073,8.43000030518,8.98999977112,9.59000015259,9.09000015259,9.600001743885711,1,-6.706591545345686,5.13478331821462,1.3431088642973377,7.108435410025082,-1.7997839696398454,4.5508879450266715,3.0,0.0,0.7272724809726561,5.498287755772768,7.108435410025082,5.13478331821462
APA,2020-11-05,stress,True,True,D-1,9.18999958038,9.59000015259,8.94999980927,8.97000026703,9.09000015259,10.5200004578,14.472262656675827,1,5.13478331821462,1.3431088642973377,7.108435410025082,-1.7997839696398454,2.9782387458555215,15.40436219700596,4.0,0.0,0.832432240167783,3.448280617379562,7.108435410025082,7.108435410025082
APA,2020-11-06,stress,True,True,D-1,8.86999988556,9.09000015259,8.5,8.53999996185,10.5200004578,10.1999998093,18.602036003699762,1,1.3431088642973377,7.108435410025082,-1.7997839696398454,2.9782387458555215,-0.22246389987959914,9.523818395773475,3.0,0.0,0.6196319987541812,6.911927169488075,7.108435410025082,7.108435410025082
APA,2020-11-09,stress,True,True,D-1,9.72999954224,10.5200004578,9.59000015259,9.75,10.1999998093,10.3800001144,6.680376184379133,1,7.108435410025082,-1.7997839696398454,2.9782387458555215,-0.22246389987959914,-4.793760227193111,2.8915634410231483,2.0,1.0,0.34782602257035405,12.29508425562733,7.108435410025082,12.113995151145495
APA,2020-11-10,stress,True,True,D-1,10.029999733,10.1999998093,9.56999969482,9.98999977112,10.3800001144,10.2100000381,3.4895353012667885,1,-1.7997839696398454,2.9782387458555215,-0.22246389987959914,-4.793760227193111,14.168618776994467,9.673786540696906,2.0,0.0,0.6315787552289236,7.897440592820515,14.168618776994467,2.9782387458555215
APA,2020-11-11,stress,True,True,D-1,10.2700004578,10.3800001144,9.69999980927,9.94999980927,10.2100000381,10.3800001144,1.0710774264518719,0,2.9782387458555215,-0.22246389987959914,-4.793760227193111,14.168618776994467,2.461536114051288,14.43299306928374,3.0,1.0,0.746411173216616,5.3053123005285086,14.168618776994467,2.9782387458555215
APA,2020-11-12,stress,True,True,D-1,9.72999954224,10.2100000381,9.64999961853,9.69999980927,10.3800001144,11.1599998474,14.696817805099215,1,-0.22246389987959914,-4.793760227193111,14.168618776994467,2.461536114051288,-0.4004000276920494,10.6785323981204,2.0,2.0,0.717821525074904,5.728649843781453,14.168618776994467,14.168618776994467
APA,2020-11-13,stress,True,True,D-1,9.85999965668,10.3800001144,9.80000019073,10.3199996948,11.1599998474,11.4600000381,16.227184960762408,1,-4.793760227193111,14.168618776994467,2.461536114051288,-0.4004000276920494,-2.5125628622332807,8.138233227519232,2.0,3.0,0.5940591768859946,8.45361509952145,14.168618776994467,17.071521364523633
APA,2020-11-16,stress,True,True,D-1,11.0,11.1599998474,10.7100000381,11.1400003433,11.4600000381,11.8999996185,8.18181471363637,1,14.168618776994467,2.461536114051288,-0.4004000276920494,-2.5125628622332807,6.391751522896771,20.843088300955937,3.0,4.0,0.789473050134581,1.9379919468483608,14.168618776994467,14.168618776994467
APA,2020-11-17,stress,True,True,D-1,10.7600002289,11.4600000381,10.720000267,11.4399995804,11.8999996185,11.4099998474,10.594789640785574,1,2.461536114051288,-0.4004000276920494,-2.5125628622332807,6.391751522896771,7.945742953007828,14.256413777435895,3.0,0.0,0.987421696741634,0.17952875658597822,7.945742953007828,2.461536114051288
APA,2020-11-18,stress,True,True,D-1,11.6099996567,11.8999996185,11.029999733,11.0399999619,11.4099998474,11.5,-0.9474561580759433,0,-0.4004000276920494,-2.5125628622332807,6.391751522896771,7.945742953007828,2.692991273383849,14.514512937946122,3.0,0.0,0.988950025931623,0.17482918211173537,7.945742953007828,6.391751522896771
APA,2020-11-19,stress,True,True,D-1,11.0,11.4099998474,10.8900003433,11.3500003815,11.5,12.8900003433,17.181821302727272,1,-2.5125628622332807,6.391751522896771,7.945742953007828,2.692991273383849,-3.496500289959059,10.954775613306955,3.0,0.0,0.6177779303949034,7.789851988839991,7.945742953007828,8.843412417265473
APA,2020-11-20,stress,True,True,D-1,11.3699998856,11.5,11.1599998474,11.4399995804,12.8900003433,14.3500003815,26.209327404428052,1,6.391751522896771,7.945742953007828,2.692991273383849,-3.496500289959059,2.807974824907955,17.01031551210075,4.0,1.0,0.7380955300620972,4.84580809262769,7.945742953007828,8.732449265953813
APA,2020-11-23,stress,True,True,D-1,11.6700000763,12.8900003433,11.6400003433,12.8599996567,14.3500003815,14.4099998474,23.47900388333779,1,7.945742953007828,2.692991273383849,-3.496500289959059,2.807974824907955,0.7929444570477395,10.852712390721697,4.0,2.0,0.6134452098332854,4.020979501503752,7.945742953007828,7.945742953007828
APA,2020-11-24,stress,True,True,D-1,13.5600004196,14.3500003815,13.3900003433,14.0399999619,14.4099998474,14.3900003433,6.268432164437021,1,2.692991273383849,-3.496500289959059,2.807974824907955,0.7929444570477395,12.412588534818369,15.439849734245904,4.0,0.0,0.9861747992879547,0.23328683826495666,12.412588534818369,2.807974824907955
APA,2020-11-25,stress,True,True,D-1,13.8000001907,14.4099998474,13.6499996185,14.1199998856,14.3900003433,13.7600002289,4.275363365557117,1,-3.496500289959059,2.807974824907955,0.7929444570477395,12.412588534818369,9.17574134292629,22.727276895661298,4.0,0.0,0.9104045039949561,2.2079802025729345,12.412588534818369,2.807974824907955
APA,2020-11-27,stress,True,True,D-1,14.1300001144,14.3900003433,13.7600002289,13.9200000763,13.7600002289,13.529999733,-2.6185412774549888,0,2.807974824907955,0.7929444570477395,12.412588534818369,9.17574134292629,0.5698000278995252,27.89855012979483,5.0,0.0,0.917613635609262,2.0538241087080245,12.412588534818369,12.412588534818369
APA,2020-11-30,stress,True,True,D-1,13.6700000763,13.7600002289,12.8500003815,12.8900003433,13.529999733,13.5600004196,-0.8046792691004279,0,0.7929444570477395,12.412588534818369,9.17574134292629,0.5698000278995252,-1.4164292558101699,22.64316835609086,4.0,1.0,0.8492308396615382,3.5201132788373224,12.412588534818369,13.267288577023795
APA,2020-12-01,stress,True,True,D-1,13.3999996185,13.529999733,12.3599996567,12.3699998856,13.5600004196,13.9600000381,4.179107727935039,1,12.412588534818369,9.17574134292629,0.5698000278995252,-1.4164292558101699,-7.399423328694244,12.674832308423056,3.0,2.0,0.45126361869372883,11.79208272783383,12.412588534818369,21.123633522533915
APA,2020-12-02,stress,True,True,D-1,12.3299999237,13.5600004196,12.1999998093,13.1099996567,13.9600000381,15.2299995422,23.51986728666389,1,9.17574134292629,0.5698000278995252,-1.4164292558101699,-7.399423328694244,-4.034138431736256,-3.8102627074699136,2.0,3.0,0.0048781599852370005,16.491511565612683,9.17574134292629,20.31080012312707
APA,2020-12-03,stress,True,True,D-1,13.2399997711,13.9600000381,12.970000267,13.7399997711,15.2299995422,15.0399999619,15.030210011360644,1,0.5698000278995252,-1.4164292558101699,-7.399423328694244,-4.034138431736256,5.982213241258294,-6.623933815696004,2.0,4.0,0.4117646297338314,9.91609629856567,5.982213241258294,0.5698000278995252
APA,2020-12-04,stress,True,True,D-1,14.0399999619,15.2299995422,14.0200004578,15.1800003052,15.0399999619,15.2600002289,8.689460614748468,1,-1.4164292558101699,-7.399423328694244,-4.034138431736256,5.982213241258294,4.80549298930022,-2.691218963022335,2.0,4.0,0.7031961581247727,4.730717489291214,5.982213241258294,0.0
APA,2020-12-07,stress,True,True,D-1,14.8500003815,15.0399999619,14.3900003433,14.6099996567,15.2600002289,15.4300003052,3.905723291580254,1,-7.399423328694244,-4.034138431736256,5.982213241258294,4.80549298930022,10.480353406765119,9.051725732712178,3.0,0.0,0.9834986001955368,0.3293757311906731,10.480353406765119,5.982213241258294
APA,2020-12-08,stress,True,True,D-1,14.3800001144,15.2600002289,14.3100004196,14.7600002289,15.4300003052,16.8600006104,17.246178555426784,1,-4.034138431736256,5.982213241258294,4.80549298930022,10.480353406765119,-3.754944908036295,13.343671587208483,3.0,1.0,0.7953795577049108,4.243668036060999,10.480353406765119,5.982213241258294
APA,2020-12-09,stress,True,True,D-1,15.0699996948,15.4300003052,14.5900001526,15.0200004578,16.8600006104,16.5599994659,11.877909434979305,1,5.982213241258294,4.80549298930022,10.480353406765119,-3.754944908036295,1.026697985795022,19.320940706573598,4.0,0.0,0.8366013295954516,3.387533822804434,10.480353406765119,13.247152272744898
APA,2020-12-10,stress,True,True,D-1,14.970000267,16.8600006104,14.9099998474,16.5,16.5599994659,16.8099994659,12.291243594404676,1,4.80549298930022,10.480353406765119,-3.754944908036295,1.026697985795022,1.761519138671308,14.569037765945891,4.0,0.0,0.8333333979539286,2.7296926424997814,10.480353406765119,10.480353406765119
APA,2020-12-11,stress,True,True,D-1,16.3099994659,16.5599994659,15.75,16.1000003815,16.8099994659,16.0900001526,3.06560402436169,1,10.480353406765119,-3.754944908036295,1.026697985795022,1.761519138671308,9.853525280230091,20.08733824512312,4.0,0.0,0.8732392285013005,2.1818218812121204,10.480353406765119,10.480353406765119
APA,2020-12-14,stress,True,True,D-1,16.6800003052,16.8099994659,15.2700004578,15.3100004196,16.0900001526,16.25,-2.5779394324468186,0,-3.754944908036295,1.026697985795022,1.761519138671308,9.853525280230091,-2.424240112121212,6.060606441390171,3.0,1.0,0.7019607168493703,4.720498204293788,9.853525280230091,1.761519138671308
APA,2020-12-15,stress,True,True,D-1,15.5,16.0900001526,15.0600004196,15.8900003433,16.25,16.1399993896,4.8387096774193505,1,1.026697985795022,1.761519138671308,9.853525280230091,-2.424240112121212,-4.906831945220103,4.791244211829859,3.0,2.0,0.3921568334025396,10.124102862960571,9.853525280230091,17.065643949320997
APA,2020-12-16,stress,True,True,D-1,15.9499998093,16.25,15.5399999619,15.8000001907,16.1399993896,15.9300003052,1.191219953427325,0,1.761519138671308,9.853525280230091,-2.424240112121212,-4.906831945220103,3.7883730098235535,7.6558272146057815,3.0,3.0,0.5726871931822922,6.104469768051324,9.853525280230091,11.157873312676747
APA,2020-12-17,stress,True,True,D-1,15.9600000381,16.1399993896,15.5600004196,15.75,15.9300003052,15.1899995804,-0.1879682508044156,0,9.853525280230091,-2.424240112121212,-4.906831945220103,3.7883730098235535,-0.5663949065800256,5.193073962224415,2.0,4.0,0.45641025387639833,6.7088633348493465,9.853525280230091,9.853525280230091
APA,2020-12-18,stress,True,True,D-1,15.6999998093,15.9300003052,15.1899995804,15.3299999237,15.1899995804,14.8800001144,-3.248409140730668,0,-2.424240112121212,-4.906831945220103,3.7883730098235535,-0.5663949065800256,-0.3164568993450412,-4.545454545454541,1.0,3.0,0.3942856893887215,6.7301553390476165,3.7883730098235535,4.669432419989217
APA,2020-12-21,stress,True,True,D-1,14.25,15.1899995804,14.1999998093,14.8500003815,14.8800001144,15.1700000763,6.4561408863157865,1,-4.906831945220103,3.7883730098235535,-0.5663949065800256,-0.3164568993450412,-2.6666671511111018,-4.78261142580333,1.0,4.0,0.15428551499548396,9.654269729720856,3.7883730098235535,6.7630582080974495
APA,2020-12-22,stress,True,True,D-1,14.8400001526,14.8800001144,14.0799999237,14.1199998856,15.1700000763,14.8000001907,2.223719139532365,0,3.7883730098235535,-0.5663949065800256,-0.3164568993450412,-2.6666671511111018,-3.1311124891652997,-3.0045723415598635,1.0,3.0,0.3170734203580967,9.427606616388417,3.7883730098235535,9.502656301887047
APA,2020-12-23,stress,True,True,D-1,14.3299999237,15.1700000763,14.3100004196,14.779999733,14.8000001907,14.8199996948,3.419398281290986,1,-0.5663949065800256,-0.3164568993450412,-2.6666671511111018,-3.1311124891652997,-4.915828128930066,-11.139083822904505,0.0,4.0,0.01843316151776467,15.084986768110653,-0.3164568993450412,7.893020509604531
APA,2020-12-24,stress,True,True,D-1,14.7899999619,14.8000001907,14.2600002289,14.4300003052,14.8199996948,14.5,0.20283795116484704,0,-0.3164568993450412,-2.6666671511111018,-3.1311124891652997,-4.915828128930066,4.674219920306721,-6.455699021449258,1.0,4.0,0.33980582077198485,9.201621658784376,4.674219920306721,0.47138482627384626
APA,2020-12-28,stress,True,True,D-1,14.5200004578,14.8199996948,14.1499996185,14.2100000381,14.5,14.7700004578,1.7217630311141097,0,-2.6666671511111018,-3.1311124891652997,-4.915828128930066,4.674219920306721,-2.3680611239697114,-8.380950443174607,1.0,4.0,0.18918935639149184,10.395010175151963,4.674219920306721,0.0
APA,2020-12-29,stress,True,True,D-1,14.3000001907,14.5,13.970000267,14.1499996185,14.7700004578,14.529999733,3.2867151107149217,1,-3.1311124891652997,-4.915828128930066,4.674219920306721,-2.3680611239697114,-1.5246033433604311,-7.305935363173055,1.0,4.0,0.11711725640212052,6.896548484675691,4.674219920306721,8.530780848568009
APA,2020-12-30,stress,True,True,D-1,14.1400003433,14.7700004578,14.1300001144,14.5699996948,14.529999733,14.9499998093,5.728426070256809,1,-4.915828128930066,4.674219920306721,-2.3680611239697114,-1.5246033433604311,-0.42224081237949296,-4.71380973075296,1.0,3.0,0.14999948342075223,7.208483995055581,4.674219920306721,6.61462657850408
APA,2020-12-31,stress,True,True,D-1,14.3999996185,14.529999733,14.0600004196,14.1899995804,14.9499998093,16.7299995422,16.180555454366807,1,4.674219920306721,-2.3680611239697114,-1.5246033433604311,-0.42224081237949296,2.968198499107255,3.1869675130728803,2.0,4.0,0.49999960262493726,4.118053493948515,4.674219920306721,4.674219920306721
APA,2021-01-04,stress,True,True,D-1,14.6499996185,14.9499998093,14.3800001144,14.7700004578,16.7299995422,17.0799999237,16.587033231942193,1,-2.3680611239697114,-1.5246033433604311,-0.42224081237949296,2.968198499107255,-2.6080996730262207,-3.9918820247518583,1.0,3.0,0.2588228958805431,4.439747237696823,2.968198499107255,0.0
APA,2021-01-05,stress,True,True,D-1,14.8599996567,16.7299995422,14.8599996567,16.1800003052,17.0799999237,17.5,17.765816987147034,1,-1.5246033433604311,-0.42224081237949296,2.968198499107255,-2.6080996730262207,4.0873917868266,2.356203363886822,2.0,0.0,0.8163271065642014,1.218682098313284,4.0873917868266,2.968198499107255
APA,2021-01-06,stress,True,True,D-1,16.3999996185,17.0799999237,15.6899995804,16.8400001526,17.5,17.4500007629,6.707319555417213,1,-0.42224081237949296,2.968198499107255,-2.6080996730262207,4.0873917868266,9.546376463755513,13.863478267544082,3.0,0.0,0.8007248617990502,3.399253563816318,9.546376463755513,2.968198499107255
APA,2021-01-07,stress,True,True,D-1,17.0,17.5,16.7299995422,17.1100006104,17.4500007629,16.75,2.6470633111764785,0,2.968198499107255,-2.6080996730262207,4.0873917868266,9.546376463755513,4.079108992277858,19.01060499381948,4.0,0.0,0.9205298640697871,1.4251767750901534,9.546376463755513,4.0873917868266
APA,2021-01-08,stress,True,True,D-1,17.3600006104,17.4500007629,16.2999992371,16.5799999237,16.75,18.5499992371,6.854830557938452,1,-2.6080996730262207,4.0873917868266,9.546376463755513,4.079108992277858,1.603328119675318,17.43308832399304,4.0,0.0,0.8866280705898659,2.2793651413603344,9.546376463755513,9.546376463755513
APA,2021-01-11,stress,True,True,D-1,15.9499998093,16.75,15.7899999619,16.6599998474,18.5499992371,18.5300006866,16.300937046306508,1,4.0873917868266,9.546376463755513,4.079108992277858,1.603328119675318,-3.097607643437772,16.84284999275969,4.0,1.0,0.7051281698611102,5.548854526741698,9.546376463755513,11.09032080190242
APA,2021-01-12,stress,True,True,D-1,17.0699996948,18.5499992371,16.9099998474,18.5300006866,18.5300006866,19.3199996948,13.181019567829356,1,9.546376463755513,4.079108992277858,1.603328119675318,-3.097607643437772,0.4825085890721059,12.796204001482604,4.0,2.0,0.6818181653908431,5.042017768872253,9.546376463755513,12.17642174105652
APA,2021-01-13,stress,True,True,D-1,18.5,18.5300006866,17.6900005341,17.7999992371,19.3199996948,18.0300006866,4.432430782702701,1,4.079108992277858,1.603328119675318,-3.097607643437772,0.4825085890721059,11.224494935945838,14.52410591515716,4.0,0.0,0.9930074989858306,0.10792525504039752,11.224494935945838,4.079108992277858
APA,2021-01-14,stress,True,True,D-1,18.3799991608,19.3199996948,18.2600002289,18.3500003815,18.0300006866,18.1100006104,-1.4689802107055616,0,1.603328119675318,-3.097607643437772,0.4825085890721059,11.224494935945838,-3.939565150841595,5.700707100954405,3.0,1.0,0.72826079820414,4.2134833266554095,11.224494935945838,1.603328119675318
APA,2021-01-15,stress,True,True,D-1,18.0300006866,18.0300006866,17.1200008392,17.2700004578,18.1100006104,18.2000007629,0.9428733767400388,0,-3.097607643437772,0.4825085890721059,11.224494935945838,-3.939565150841595,3.089894202094401,7.247222249345153,3.0,0.0,0.7252126383298286,5.286099690100987,11.224494935945838,12.195894279876617
APA,2021-01-19,stress,True,True,D-1,18.0200004578,18.1100006104,17.5699996948,17.8199996948,18.2000007629,17.5,0.9988917898283933,0,0.4825085890721059,11.224494935945838,-3.939565150841595,3.089894202094401,-5.885558044940586,4.161643771262558,3.0,1.0,0.4192636282961229,11.870290577057396,11.224494935945838,14.20201629558354
APA,2021-01-20,stress,True,True,D-1,18.0,18.2000007629,17.1800003052,17.4699993134,17.5,16.4400005341,-2.777777777777779,0,11.224494935945838,-3.939565150841595,3.089894202094401,-5.885558044940586,3.1847088733086615,6.962784261855992,3.0,2.0,0.3775933215853692,8.417508561673603,11.224494935945838,14.11278199687872
APA,2021-01-21,stress,True,True,D-1,17.2900009155,17.5,16.1299991608,16.6399993896,16.4400005341,16.1800003052,-4.916138440675244,0,-3.939565150841595,3.089894202094401,-5.885558044940586,3.1847088733086615,-1.9640874713490186,-5.720460517664971,2.0,3.0,0.15909029830133492,10.589584740172242,3.1847088733086615,3.089894202094401
APA,2021-01-22,stress,True,True,D-1,16.1000003815,16.4400005341,15.7399997711,16.3799991608,16.1800003052,16.6100006104,3.167703210032391,1,3.089894202094401,-5.885558044940586,3.1847088733086615,-1.9640874713490186,-4.751001467775473,-6.516853355152097,2.0,4.0,0.1598746531118917,16.105771655706903,3.1847088733086615,9.806483987840975
APA,2021-01-25,stress,True,True,D-1,16.1800003052,16.1800003052,15.3100004196,15.7299995422,16.6100006104,15.9799995422,2.6576038138998337,0,-5.885558044940586,3.1847088733086615,-1.9640874713490186,-4.751001467775473,-1.562501432316754,-10.735701252007079,1.0,2.0,0.2601622486467812,11.111121461199813,3.1847088733086615,9.423977307417509
APA,2021-01-26,stress,True,True,D-1,16.1700000763,16.6100006104,15.2899999619,15.3000001907,15.9799995422,15.4099998474,-1.1750187582155847,0,3.1847088733086615,-1.9640874713490186,-4.751001467775473,-1.562501432316754,-3.968251843110926,-8.917202517527766,1.0,3.0,0.1453283988611629,15.702487556172851,3.1847088733086615,8.653458156849803
APA,2021-01-27,stress,True,True,D-1,15.0200004578,15.9799995422,14.5500001907,14.6000003815,15.4099998474,15.4399995804,2.7962657110432554,0,-1.9640874713490186,-4.751001467775473,-1.562501432316754,-3.968251843110926,-2.73362596322021,-14.141411600783316,0.0,4.0,0.0034365037963441274,18.954251869635574,-1.562501432316754,6.593400643661895
APA,2021-01-28,stress,True,True,D-1,15.0,15.4099998474,14.6300001144,14.9399995804,15.4399995804,15.3699998856,2.9333305360000006,0,-4.751001467775473,-1.562501432316754,-3.968251843110926,-2.73362596322021,-4.575162094608931,-16.428157096140396,0.0,4.0,0.016949218316004974,19.863010566593253,-1.562501432316754,7.183720238951508
APA,2021-01-29,stress,True,True,D-1,14.8199996948,15.4399995804,14.029999733,14.279999733,15.3699998856,16.4099998474,10.728746189906445,1,-1.562501432316754,-3.968251843110926,-2.73362596322021,-4.575162094608931,2.328761575450522,-10.21634538197459,1.0,2.0,0.18932005351571524,11.178052723581722,2.328761575450522,2.3529451360322473
APA,2021-02-01,stress,True,True,D-1,14.8199996948,15.3699998856,14.5699996948,15.1199998856,16.4099998474,16.7099990845,12.753032581796608,1,-3.968251843110926,-2.73362596322021,-4.575162094608931,2.328761575450522,-4.417669785385159,-12.820509984064222,1.0,3.0,0.09689919185296476,16.31653305998,2.328761575450522,2.191785206426977
APA,2021-02-02,stress,True,True,D-1,15.8000001907,16.4099998474,15.5399999619,15.5600004196,16.7099990845,16.6200008392,5.759486600105435,1,-2.73362596322021,-4.575162094608931,2.328761575450522,-4.417669785385159,5.882354119789124,-3.8779381713490158,2.0,4.0,0.4224805356261931,9.854502222708671,5.882354119789124,2.328761575450522
APA,2021-02-03,stress,True,True,D-1,15.8599996567,16.7099990845,15.7100000381,16.4300003052,16.6200008392,16.8500003815,6.242123242302711,1,-4.575162094608931,2.328761575450522,-4.417669785385159,5.882354119789124,2.9100564638168347,1.6993478801264228,3.0,0.0,0.6428574004441646,5.462721111043867,5.882354119789124,2.328761575450522
APA,2021-02-04,stress,True,True,D-1,16.5499992371,16.6200008392,15.75,16.3199996948,16.8500003815,17.9099998474,8.21752672502425,1,2.328761575450522,-4.417669785385159,5.882354119789124,2.9100564638168347,5.591258754107198,12.534245725218174,4.0,0.0,0.8955228182636367,1.7041921734559207,5.882354119789124,5.882354119789124
APA,2021-02-05,stress,True,True,D-1,16.6200008392,16.8500003815,16.0900001526,16.2199993134,17.9099998474,17.6499996185,7.761726492560728,1,-4.417669785385159,5.882354119789124,2.9100564638168347,5.591258754107198,-0.6695107021098767,9.2369488163202,3.0,1.0,0.8544778044510652,2.389702187459397,5.882354119789124,5.882354119789124
APA,2021-02-08,stress,True,True,D-1,16.5599994659,17.9099998474,16.5,17.8400001526,17.6499996185,17.9899997711,8.635267821986513,1,5.882354119789124,2.9100564638168347,5.591258754107198,-0.6695107021098767,-0.6127474465079996,13.585431489307421,3.0,0.0,0.7236838252834722,3.8841004609632135,5.882354119789124,7.160509858675734
APA,2021-02-09,stress,True,True,D-1,17.6499996185,17.6499996185,17.0900001526,17.2299995422,17.9899997711,17.5599994659,1.9263465152918435,0,2.9100564638168347,5.591258754107198,-0.6695107021098767,-0.6127474465079996,9.987675140415387,17.989419891401415,3.0,0.0,0.9704642623705294,0.3923749674957344,9.987675140415387,5.591258754107198
APA,2021-02-10,stress,True,True,D-1,17.4099998474,17.9899997711,17.1900005341,17.6100006104,17.5599994659,17.5400009155,0.8615716244385618,0,5.591258754107198,-0.6695107021098767,-0.6127474465079996,9.987675140415387,-3.419285903487479,10.732641886669892,2.0,1.0,0.690908925389242,3.9466066353311957,9.987675140415387,5.591258754107198
APA,2021-02-11,stress,True,True,D-1,17.3799991608,17.5599994659,16.4300003052,16.9799995422,17.5400009155,19.0400009155,9.551218842657239,1,-0.6695107021098767,-0.6127474465079996,9.987675140415387,-3.419285903487479,2.205461858947211,7.181985899455756,2.0,0.0,0.8303575002093003,2.15786000867928,9.987675140415387,11.276910231405436
APA,2021-02-12,stress,True,True,D-1,16.7099990845,17.5400009155,16.5400009155,17.4799995422,19.0400009155,19.0599994659,14.063438121787986,1,-0.6127474465079996,9.987675140415387,-3.419285903487479,2.205461858947211,-3.5775187186986024,4.044116787638763,2.0,1.0,0.4684208254223936,5.948175831158697,9.987675140415387,11.43863281100438
APA,2021-02-16,stress,True,True,D-1,18.1800003052,19.0400009155,17.9400005341,18.5799999237,19.0599994659,18.5300006866,4.840479350532756,1,9.987675140415387,-3.419285903487479,2.205461858947211,-3.5775187186986024,2.944640833218881,7.768189162369854,3.0,2.0,0.6730766644168261,2.9176215232086244,9.987675140415387,10.725898102901965
APA,2021-02-17,stress,True,True,D-1,18.8400001526,19.0599994659,18.2299995422,18.6900005341,18.5300006866,18.2900009155,-1.645432396438784,0,-3.419285903487479,2.205461858947211,-3.5775187186986024,2.944640833218881,6.292908525794827,4.147980744227486,3.0,0.0,0.8237544504837782,2.4757857572067943,6.292908525794827,2.205461858947211
APA,2021-02-18,stress,True,True,D-1,18.4599990845,18.5300006866,17.6000003815,17.6299991608,18.2900009155,19.6000003815,6.175521958488095,1,2.205461858947211,-3.5775187186986024,2.944640833218881,6.292908525794827,0.5920377333246796,8.473598553059404,4.0,0.0,0.8593159506174446,1.9796624998749124,6.292908525794827,2.944640833218881
APA,2021-02-19,stress,True,True,D-1,17.6399993896,18.2900009155,17.4400005341,18.0200004578,19.6000003815,19.8500003815,12.528350727738392,1,-3.5775187186986024,2.944640833218881,6.292908525794827,0.5920377333246796,-5.671489261683127,0.11356359856222742,3.0,1.0,0.4562734747339652,8.111176251667551,6.292908525794827,11.4059374106239
APA,2021-02-22,stress,True,True,D-1,18.3500003815,19.6000003815,18.2099990845,19.0799999237,19.8500003815,20.9500007629,14.168939113599443,1,2.944640833218881,6.292908525794827,0.5920377333246796,-5.671489261683127,2.2121458625316226,6.124858325321547,4.0,2.0,0.5873017435129393,5.771359498772011,6.292908525794827,9.877713539992572
APA,2021-02-23,stress,True,True,D-1,19.2600002289,19.8500003815,17.6299991608,19.75,20.9500007629,21.8899993896,13.655239509050654,1,6.292908525794827,0.5920377333246796,-5.671489261683127,2.2121458625316226,5.8823498278057995,9.15332050002231,4.0,0.0,0.7592590303069117,2.7253692865799595,6.292908525794827,6.292908525794827
APA,2021-02-24,stress,True,True,D-1,19.7600002289,20.9500007629,19.4500007629,20.8099994659,21.8899993896,20.1100006104,10.779347854382948,1,0.5920377333246796,-5.671489261683127,2.2121458625316226,5.8823498278057995,3.511530812260477,6.297094085601085,4.0,0.0,0.9585060631402598,0.506331045569608,5.8823498278057995,2.2121458625316226
APA,2021-02-25,stress,True,True,D-1,21.5,21.8899993896,20.0,20.1299991608,20.1100006104,20.3400001526,-5.395348127441868,0,-5.671489261683127,2.2121458625316226,5.8823498278057995,3.511530812260477,5.3670859032911356,11.342958112451896,4.0,0.0,0.960113593198293,0.6727597337492064,5.8823498278057995,5.8823498278057995
APA,2021-02-26,stress,True,True,D-1,19.8600006104,20.1100006104,18.6299991608,19.7299995422,20.3400001526,20.3799991608,2.6183209185184797,0,2.2121458625316226,5.8823498278057995,3.511530812260477,5.3670859032911356,-3.267661328940785,14.180375036878656,4.0,0.0,0.6044942288862124,8.743170900013354,5.8823498278057995,5.8823498278057995
APA,2021-03-01,stress,True,True,D-1,20.0799999237,20.3400001526,19.4300003052,19.5200004578,20.3799991608,20.5900001526,2.5398417870413192,0,5.8823498278057995,3.511530812260477,5.3670859032911356,-3.267661328940785,-1.9870821424520235,9.48945083772086,3.0,1.0,0.4929578095331584,10.947794716264593,5.8823498278057995,11.072162184455415
APA,2021-03-02,stress,True,True,D-1,19.2000007629,20.3799991608,19.1499996185,19.5,20.5900001526,21.5799999237,12.395828469959502,1,3.511530812260477,5.3670859032911356,-3.267661328940785,-1.9870821424520235,-1.064364365294801,2.3060824730583684,2.0,2.0,0.4436622524624589,12.14138768553652,5.3670859032911356,8.39738261680456
APA,2021-03-03,stress,True,True,D-1,19.7399997711,20.5900001526,19.7199993134,19.9099998474,21.5799999237,23.2999992371,18.034445325637517,1,5.3670859032911356,-3.267661328940785,-1.9870821424520235,-1.064364365294801,-0.10246135927730604,-1.2658227848101222,1.0,3.0,0.2668714043373688,12.256407126153835,5.3670859032911356,6.532821065666894
APA,2021-03-04,stress,True,True,D-1,20.3799991608,21.5799999237,19.9799995422,20.9799995422,23.2999992371,23.8500003815,17.026503256066803,1,-3.267661328940785,-1.9870821424520235,-1.064364365294801,-0.10246135927730604,2.102563320000006,-4.324842102830273,1.0,4.0,0.3926382198663732,9.944749158089827,2.102563320000006,0.0
APA,2021-03-05,stress,True,True,D-1,22.1000003815,23.2999992371,21.0200004578,23.25,23.8500003815,23.0100002289,7.918551899505544,1,-1.9870821424520235,-1.064364365294801,-0.10246135927730604,2.102563320000006,5.374182335514832,4.222555473600043,2.0,0.0,0.7966100927681902,2.8598684203645197,5.374182335514832,0.0
APA,2021-03-08,stress,True,True,D-1,23.6000003815,23.8500003815,22.4899997711,23.1700000763,23.0100002289,21.8600006104,-2.500000606197017,0,-1.064364365294801,-0.10246135927730604,2.102563320000006,5.374182335514832,10.819830826182963,17.840854229475056,3.0,0.0,0.9879519899529854,0.21505048215053613,10.819830826182963,2.102563320000006
APA,2021-03-09,stress,True,True,D-1,22.8099994659,23.0100002289,21.5699996948,21.6000003815,21.8600006104,22.2000007629,-2.674260049466115,0,-0.10246135927730604,2.102563320000006,5.374182335514832,10.819830826182963,-0.34408569333334027,18.698768098857798,3.0,0.0,0.8553191074875576,2.934830828488244,10.819830826182963,5.374182335514832
APA,2021-03-10,stress,True,True,D-1,21.75,21.8600006104,21.0799999237,21.6299991608,22.2000007629,22.1399993896,2.0689690248275827,0,2.102563320000006,5.374182335514832,10.819830826182963,-0.34408569333334027,-6.7760021132063475,10.769232725641032,3.0,1.0,0.45520595203257214,10.41666648268711,10.819830826182963,17.916603378871145
APA,2021-03-11,stress,True,True,D-1,22.1100006104,22.2000007629,21.6599998474,21.8899993896,22.1399993896,21.5499992371,0.13567968508281236,0,5.374182335514832,10.819830826182963,-0.34408569333334027,-6.7760021132063475,0.13888323504704925,8.638871554911676,3.0,2.0,0.42635639812896,10.263528926636777,10.819830826182963,17.466360435283946
APA,2021-03-12,stress,True,True,D-1,22.1000003815,22.1399993896,20.9799995422,21.2299995422,21.5499992371,21.4300003052,-2.488692918125046,0,10.819830826182963,-0.34408569333334027,-6.7760021132063475,0.13888323504704925,1.2020353161695807,4.337463618955706,3.0,3.0,0.3074201255322109,8.953864991111882,10.819830826182963,10.819830826182963
APA,2021-03-15,stress,True,True,D-1,21.2900009155,21.5499992371,20.8899993896,21.5300006866,21.4300003052,21.1100006104,0.6575828261147443,0,-0.34408569333334027,-6.7760021132063475,0.13888323504704925,1.2020353161695807,-3.015074763837433,-8.688174012043003,2.0,4.0,0.08710798846350713,12.341031068286568,1.2020353161695807,1.9881649461851447
APA,2021-03-16,stress,True,True,D-1,21.0,21.4300003052,20.7099990845,20.75,21.1100006104,20.7399997711,0.5238124304761893,0,-6.7760021132063475,0.13888323504704925,1.2020353161695807,-3.015074763837433,1.4131000983003794,-7.0781155990478855,3.0,4.0,0.30188728472924664,6.874126777065692,1.4131000983003794,2.8466160061582424
APA,2021-03-17,stress,True,True,D-1,20.5100002289,21.1100006104,20.0799999237,20.9899997711,20.7399997711,19.8899993896,1.121401948479317,0,0.13888323504704925,1.2020353161695807,-3.015074763837433,1.4131000983003794,-3.6228549081536388,-3.9351868818854663,3.0,3.0,0.026846221772684514,6.987955483855424,1.4131000983003794,3.4629846922912377
APA,2021-03-18,stress,True,True,D-1,20.6700000763,20.7399997711,19.1200008392,19.2399997711,19.8899993896,19.4300003052,-3.7735882139368737,0,1.2020353161695807,-3.015074763837433,1.4131000983003794,-3.6228549081536388,1.1566254028915646,-2.9588507375435835,3.0,4.0,0.42924504112149053,5.764654621225795,1.4131000983003794,3.9212324637400653
APA,2021-03-19,stress,True,True,D-1,19.1900005341,19.8899993896,18.8299999237,19.4799995422,19.4300003052,18.9699993134,1.2506501533104508,0,-3.015074763837433,1.4131000983003794,-3.6228549081536388,1.1566254028915646,-8.337303568766497,-12.105983062562453,2.0,4.0,0.03973476473493861,15.072763269238854,1.4131000983003794,8.690209635167855
APA,2021-03-22,stress,True,True,D-1,19.3799991608,19.4300003052,18.7700004578,18.8600006104,18.9699993134,19.2299995422,-0.7739918735569562,0,1.4131000983003794,-3.6228549081536388,1.1566254028915646,-8.337303568766497,1.247400072532745,-8.243052462254797,3.0,4.0,0.23897050830042355,10.62628205106324,1.4131000983003794,8.607003125298196
APA,2021-03-23,stress,True,True,D-1,18.2199993134,18.9699993134,17.8999996185,18.2700004578,19.2299995422,18.4200000763,5.543360410871112,1,-3.6228549081536388,1.1566254028915646,-8.337303568766497,1.247400072532745,-3.182746131265979,-12.401300469357512,2.0,4.0,0.03383464577562734,13.626721164488309,1.247400072532745,3.1316730391747427
APA,2021-03-24,stress,True,True,D-1,18.7399997711,19.2299995422,18.5400009155,18.5799999237,18.4200000763,19.0100002289,1.4407708703197741,0,1.1566254028915646,-8.337303568766497,1.247400072532745,-3.182746131265979,-3.1283145997071604,-11.951805022650607,2.0,4.0,0.11526502335471059,15.54460909379738,1.247400072532745,7.458894491609868
APA,2021-03-25,stress,True,True,D-1,17.9400005341,18.4200000763,17.4500007629,18.3400001526,19.0100002289,18.5699996948,5.964323650749992,1,-8.337303568766497,1.247400072532745,-3.182746131265979,-3.1283145997071604,1.6967676963995704,-11.48165733054556,2.0,4.0,0.2394367143175908,11.625402886276536,1.6967676963995704,2.732027207409915
APA,2021-03-26,stress,True,True,D-1,18.8999996185,19.0100002289,18.0,18.7900009155,18.5699996948,17.9799995422,-1.7460313775720104,0,1.247400072532745,-3.182746131265979,-3.1283145997071604,1.6967676963995704,-1.2917102910956824,-4.677752750558096,2.0,4.0,0.3647540535314508,8.451467961303493,1.6967676963995704,1.247400072532745
APA,2021-03-29,stress,True,True,D-1,18.4500007629,18.5699996948,17.6499996185,17.9599990845,17.9799995422,18.0699996948,-2.059626300201145,0,-3.182746131265979,-3.1283145997071604,1.6967676963995704,-1.2917102910956824,2.4536573563561648,-3.5420874893002052,2.0,4.0,0.6767679102811469,3.406063642988233,2.4536573563561648,1.6967676963995704
APA,2021-03-30,stress,True,True,D-1,17.5799999237,17.9799995422,17.1000003815,17.8299999237,18.0699996948,18.9200000763,7.622298967097918,1,-3.1283145997071604,1.6967676963995704,-1.2917102910956824,2.4536573563561648,-4.417252743800148,-4.772012178004436,2.0,3.0,0.2865161075001198,7.071272396645312,2.4536573563561648,3.7687473307406627
APA,2021-03-31,stress,True,True,D-1,17.6800003052,18.0699996948,17.5699996948,17.8999996185,18.9200000763,18.8099994659,7.013573244878812,1,1.6967676963995704,-1.2917102910956824,2.4536573563561648,-4.417252743800148,-0.7238260992573964,-2.408322512724126,2.0,4.0,0.34272292481096317,7.851932835059028,2.4536573563561648,7.562762971183923
APA,2021-04-01,stress,True,True,D-1,18.25,18.9200000763,17.9400005341,18.8500003815,18.8099994659,18.3799991608,3.068490224109577,1,-1.2917102910956824,2.4536573563561648,-4.417252743800148,-0.7238260992573964,0.3925950370137432,-3.6598509579788274,2.0,3.0,0.41884780152679335,6.201120860655185,2.4536573563561648,2.7877301239421115
APA,2021-04-05,stress,True,True,D-1,18.8099994659,18.8099994659,17.3700008392,17.5400009155,18.3799991608,18.1900005341,-2.2860197624116396,0,2.4536573563561648,-4.417252743800148,-0.7238260992573964,0.3925950370137432,5.307266945515199,2.7808082042338533,3.0,4.0,0.9162304396946406,0.8488055393199412,5.307266945515199,2.4536573563561648
APA,2021-04-06,stress,True,True,D-1,17.75,18.3799991608,17.7199993134,17.8600006104,18.1900005341,17.8600006104,2.478876248450712,0,-4.417252743800148,-0.7238260992573964,0.3925950370137432,5.307266945515199,-6.949599148473629,-6.652474396469388,2.0,1.0,0.24175857570588824,7.867725705649775,5.307266945515199,2.4037610184249214
APA,2021-04-07,stress,True,True,D-1,17.9300003052,18.1900005341,17.7299995422,18.0200004578,17.8600006104,17.6800003052,-0.39040543005288697,0,-0.7238260992573964,0.3925950370137432,5.307266945515199,-6.949599148473629,1.824399533623855,-0.5567844053305238,3.0,2.0,0.417582613377041,5.935047198614063,5.307266945515199,10.559255014818458
APA,2021-04-08,stress,True,True,D-1,17.8600006104,17.8600006104,17.2199993134,17.5499992371,17.6800003052,17.8099994659,-0.27996160577332674,0,0.3925950370137432,5.307266945515199,-6.949599148473629,1.824399533623855,0.8958557778930176,1.0656227420811515,4.0,3.0,0.4193547990488873,4.994448366456239,5.307266945515199,5.307266945515199
APA,2021-04-09,stress,True,True,D-1,17.5599994659,17.6800003052,17.1399993896,17.2600002289,17.8099994659,17.5900001526,1.4236902483139469,0,5.307266945515199,-6.949599148473629,1.824399533623855,0.8958557778930176,-2.6082198044371174,-1.95530943496931,3.0,4.0,0.1941175150633815,7.806272927373525,5.307266945515199,7.042996859877492
APA,2021-04-12,stress,True,True,D-1,17.5,17.8099994659,17.1000003815,17.25,17.5900001526,18.6800003052,6.74285888685715,1,-6.949599148473629,1.824399533623855,0.8958557778930176,-2.6082198044371174,-1.6524160729702642,-8.435013901434596,2.0,4.0,0.0718567867169631,8.980296734902083,1.824399533623855,6.041936767764322
APA,2021-04-13,stress,True,True,D-1,17.25,17.5900001526,17.1700000763,17.2800006866,18.6800003052,18.1599998474,8.28985684173913,1,1.824399533623855,0.8958557778930176,-2.6082198044371174,-1.6524160729702642,-0.05793875299756612,-1.6533688732235263,2.0,4.0,0.11718731371137066,6.550719772753633,1.824399533623855,3.533796970324665
APA,2021-04-14,stress,True,True,D-1,17.5499992371,18.6800003052,17.4899997711,18.1399993896,18.1599998474,18.2700004578,4.102571236458763,1,0.8958557778930176,-2.6082198044371174,-1.6524160729702642,-0.05793875299756612,0.17391702376812201,-3.2474798654948622,2.0,4.0,0.16513787146785538,5.266202611934334,0.8958557778930176,0.8958557778930176
APA,2021-04-15,stress,True,True,D-1,18.1499996185,18.1599998474,17.7399997711,18.0699996948,18.2700004578,18.3899993896,1.322312816223814,0,-2.6082198044371174,-1.6524160729702642,-0.05793875299756612,0.17391702376812201,4.976844148315895,0.6659208032820052,2.0,0.0,0.6582272521029996,2.9768518950975986,4.976844148315895,0.0
APA,2021-04-16,stress,True,True,D-1,18.1900005341,18.2700004578,17.5900001526,17.7999992371,18.3899993896,18.0400009155,1.0994988984473597,0,-1.6524160729702642,-0.05793875299756612,0.17391702376812201,4.976844148315895,-0.3858858718602365,2.9629656997405496,2.0,1.0,0.6139236456597306,3.3757643647085445,4.976844148315895,0.17391702376812201
APA,2021-04-19,stress,True,True,D-1,17.8999996185,18.3899993896,17.7800006866,18.0699996948,18.0400009155,17.2999992371,0.7821301675073888,0,-0.05793875299756612,0.17391702376812201,4.976844148315895,-0.3858858718602365,-1.4941918221376471,3.128615301498261,2.0,2.0,0.4430372717745215,4.943826437171084,4.976844148315895,6.851155967173661
APA,2021-04-20,stress,True,True,D-1,17.9500007629,18.0400009155,16.7600002289,17.0,17.2999992371,17.7199993134,-1.2813450681037342,0,0.17391702376812201,4.976844148315895,-0.3858858718602365,-1.4941918221376471,1.5168565689443803,4.753621419130427,3.0,3.0,0.5960261470659702,3.3757643647085445,4.976844148315895,4.976844148315895
APA,2021-04-21,stress,True,True,D-1,16.4099998474,17.2999992371,16.2700004578,17.1399993896,17.7199993134,18.2099990845,10.968916842404418,1,4.976844148315895,-0.3858858718602365,-1.4941918221376471,1.5168565689443803,-5.921415123808293,-1.6203742793663878,2.0,4.0,0.12499987581380657,9.882354736470589,4.976844148315895,9.471222077459762
APA,2021-04-22,stress,True,True,D-1,17.1900005341,17.7199993134,16.9599990845,17.6100006104,18.2099990845,18.8500003815,9.656776008278989,1,-0.3858858718602365,-1.4941918221376471,1.5168565689443803,-5.921415123808293,0.8235258211764629,-5.512679347571082,2.0,2.0,0.4103770613984801,7.292882406743018,1.5168565689443803,6.663510254099814
APA,2021-04-23,stress,True,True,D-1,17.5300006866,18.2099990845,17.3999996185,18.1800003052,18.8500003815,19.1499996185,9.24129417255719,1,-1.4941918221376471,1.5168565689443803,-5.921415123808293,0.8235258211764629,2.742130907456053,-2.54565075909976,3.0,3.0,0.6320758621619985,4.429294447266252,2.742130907456053,1.5168565689443803
APA,2021-04-26,stress,True,True,D-1,18.1299991608,18.8500003815,18.0699996948,18.6499996185,19.1499996185,20.6599998474,13.954775530659003,1,1.5168565689443803,-5.921415123808293,0.8235258211764629,2.742130907456053,3.236795428975592,2.134837552734137,4.0,4.0,0.9009437782019548,1.155110455855901,3.236795428975592,1.5168565689443803
APA,2021-04-27,stress,True,True,D-1,18.7999992371,19.1499996185,18.6200008392,19.0300006866,20.6599998474,21.25,13.031919480428256,1,-5.921415123808293,0.8235258211764629,2.742130907456053,3.236795428975592,2.585254705224438,3.2097395323526623,4.0,0.0,0.922480322126066,1.072390172070592,3.236795428975592,2.742130907456053
APA,2021-04-28,stress,True,True,D-1,19.2700004578,20.6599998474,19.2099990845,20.4899997711,21.25,20.7199993134,10.275036300783015,1,0.8235258211764629,2.742130907456053,3.236795428975592,2.585254705224438,2.03753928082151,11.941180509411776,5.0,0.0,0.9583336920588431,0.6305776540749042,3.236795428975592,3.236795428975592
APA,2021-04-29,stress,True,True,D-1,20.8700008392,21.25,20.3199996948,20.6800003052,20.7199993134,20.5499992371,-0.7187423084250799,0,2.742130907456053,3.236795428975592,2.585254705224438,2.03753928082151,7.672091601804598,19.54492707585902,5.0,0.0,0.9540540429059914,0.8296733928703004,7.672091601804598,3.236795428975592
APA,2021-04-30,stress,True,True,D-1,20.3299999237,20.7199993134,19.7399997711,20.0,20.5499992371,20.8600006104,2.6069881391496796,0,3.236795428975592,2.585254705224438,2.03753928082151,7.672091601804598,0.9272842177772356,17.433274210035734,5.0,0.0,0.851948145891372,2.7562847504246646,7.672091601804598,3.236795428975592
APA,2021-05-03,stress,True,True,D-1,20.2900009155,20.5499992371,20.0,20.4599990845,20.8600006104,21.4899997711,5.914237562617819,1,2.585254705224438,2.03753928082151,7.672091601804598,0.9272842177772356,-3.2882025878356202,10.010999253280684,4.0,1.0,0.6069182767196672,6.25,7.672091601804598,10.06350095550853
APA,2021-05-04,stress,True,True,D-1,20.6299991608,20.8600006104,19.8600006104,20.1800003052,21.4899997711,21.5100002289,4.265637924853283,1,2.03753928082151,7.672091601804598,0.9272842177772356,-3.2882025878356202,2.299995422500012,9.705091169034441,4.0,2.0,0.6996193279165558,3.8611972182270637,7.672091601804598,8.735927276142952
APA,2021-05-05,stress,True,True,D-1,20.4400005341,21.4899997711,20.2900009155,20.9699993134,21.5100002289,21.6499996185,5.919760532204288,1,7.672091601804598,0.9272842177772356,-3.2882025878356202,2.299995422500012,-1.3685180441289524,6.043087635881017,3.0,3.0,0.47549058107273157,5.302277892058704,7.672091601804598,7.672091601804598
APA,2021-05-06,stress,True,True,D-1,21.0,21.5100002289,20.3400001526,21.4300003052,21.6499996185,22.4799995422,7.047616867619055,1,0.9272842177772356,-3.2882025878356202,2.299995422500012,-1.3685180441289524,3.914762122161264,2.342603941738508,3.0,0.0,0.7028568813142856,2.479735215669354,3.914762122161264,2.299995422500012
APA,2021-05-07,stress,True,True,D-1,20.8299999237,21.6499996185,20.5400009155,21.5900001526,22.4799995422,21.5400009155,7.921265600306904,1,-3.2882025878356202,2.299995422500012,-1.3685180441289524,3.914762122161264,2.193614720368897,3.6266924029561665,3.0,0.0,0.9548023146844631,0.37330808474411725,3.914762122161264,2.299995422500012
APA,2021-05-10,stress,True,True,D-1,22.0,22.4799995422,21.8199996948,21.8899993896,21.5400009155,22.2399997711,1.090908050454531,0,2.299995422500012,-1.3685180441289524,3.914762122161264,2.193614720368897,0.7466161694882123,7.950000762999987,4.0,0.0,0.9664807267330896,0.2779039623711066,3.914762122161264,3.914762122161264
APA,2021-05-11,stress,True,True,D-1,21.1299991608,21.5400009155,20.6700000763,21.0400009155,22.2399997711,21.2199993134,5.253197607121773,1,-1.3685180441289524,3.914762122161264,2.193614720368897,0.7466161694882123,1.3895286469642443,6.989249115770146,4.0,0.0,0.7748090102484669,2.695295427373612,3.914762122161264,3.914762122161264
APA,2021-05-12,stress,True,True,D-1,21.3999996185,22.2399997711,21.0499992371,21.1299991608,21.2199993134,21.7199993134,1.4953257037601198,0,3.914762122161264,2.193614720368897,0.7466161694882123,1.3895286469642443,-3.8830447592604234,4.261648153089426,4.0,1.0,0.3424659681774032,6.84409963898418,3.914762122161264,6.462234253761812
APA,2021-05-13,stress,True,True,D-1,20.6499996185,21.2199993134,19.9500007629,20.3999996185,21.7199993134,22.2000007629,7.506058949325012,1,2.193614720368897,0.7466161694882123,1.3895286469642443,-3.8830447592604234,0.4277482955511669,0.7629940516867828,4.0,2.0,0.36915852034315977,6.38902240897623,2.193614720368897,5.665520841851379
APA,2021-05-14,stress,True,True,D-1,20.75,21.7199993134,20.75,21.5599994659,22.2000007629,22.4099998474,7.999999264578328,1,0.7466161694882123,1.3895286469642443,-3.8830447592604234,0.4277482955511669,-3.4548015678783517,-4.8063493795194585,3.0,3.0,0.17786524613442933,10.196078248029593,1.3895286469642443,4.431359774112698
APA,2021-05-17,stress,True,True,D-1,21.3600006104,22.2000007629,21.25,22.1599998474,22.4099998474,21.2000007629,4.915726624505656,1,1.3895286469642443,-3.8830447592604234,0.4277482955511669,-3.4548015678783517,5.686273868103586,-0.13895639873993115,3.0,4.0,0.6363634307544813,4.267161869623903,5.686273868103586,1.3895286469642443
APA,2021-05-18,stress,True,True,D-1,22.25,22.4099998474,21.5499992371,21.6700000763,21.2000007629,20.8199996948,-4.719097694831465,0,-3.8830447592604234,0.4277482955511669,-3.4548015678783517,5.686273868103586,2.7829331927813117,1.2334420526675771,3.0,3.0,0.9650655203720462,0.3610104884968379,5.686273868103586,0.4277482955511669
APA,2021-05-19,stress,True,True,D-1,20.7900009155,21.2000007629,20.3799991608,20.8199996948,20.8199996948,21.1800003052,1.875898857749636,0,0.4277482955511669,-3.4548015678783517,5.686273868103586,2.7829331927813117,-2.211190318024725,2.9942924590648845,3.0,0.0,0.6991869729697852,3.414858184099989,5.686273868103586,5.686273868103586
APA,2021-05-20,stress,True,True,D-1,20.7900009155,20.8199996948,20.25,20.6299991608,21.1800003052,21.2600002289,2.260698858601762,0,-3.4548015678783517,5.686273868103586,2.7829331927813117,-2.211190318024725,-3.9224752123080298,-1.4671059077707271,2.0,1.0,0.3536582340138668,7.636888452967261,5.686273868103586,11.733206006314866
APA,2021-05-21,stress,True,True,D-1,21.0699996948,21.1800003052,20.7399997711,20.8899993896,21.2600002289,20.9500007629,0.9017585992034505,0,5.686273868103586,2.7829331927813117,-2.211190318024725,-3.9224752123080298,-0.9125866320135123,1.1274487578490922,2.0,2.0,0.17592554983622186,8.628215021851581,5.686273868103586,10.485539727993565
APA,2021-05-24,stress,True,True,D-1,21.1800003052,21.2600002289,20.6399993896,20.8799991608,20.9500007629,20.5100002289,-1.0859279461083449,0,2.7829331927813117,-2.211190318024725,-3.9224752123080298,-0.9125866320135123,1.2603016935358813,-3.107607109915256,2.0,3.0,0.29629603463646953,7.276211116390585,2.7829331927813117,2.7829331927813117
APA,2021-05-25,stress,True,True,D-1,20.7700004578,20.9500007629,19.8700008392,19.9400005341,20.5100002289,20.9599990845,0.9147743019362942,0,-2.211190318024725,-3.9224752123080298,-0.9125866320135123,1.2603016935358813,-0.047870890819545764,-5.776176423350387,1.0,4.0,0.2916662987538321,7.327589789718081,1.2603016935358813,0.0
APA,2021-05-26,stress,True,True,D-1,19.9899997711,20.5100002289,19.8199996948,20.4799995422,20.9599990845,21.0499992371,5.302648715046332,1,-3.9224752123080298,-0.9125866320135123,1.2603016935358813,-0.047870890819545764,-4.5019093126437815,-7.983385030496892,1.0,1.0,0.05035951484490181,6.619857870829193,1.2603016935358813,5.807926792907359
APA,2021-05-27,stress,True,True,D-1,20.5100002289,20.9599990845,20.4599990845,20.8299999237,21.0499992371,23.0599994659,12.432955673042233,1,-0.9125866320135123,1.2603016935358813,-0.047870890819545764,-4.5019093126437815,2.7081193261581538,-1.6330459057831592,2.0,2.0,0.45833305736410784,3.8085971881628877,2.7081193261581538,3.17600875616334
APA,2021-05-28,stress,True,True,D-1,21.0,21.0499992371,20.6200008392,20.7999992371,23.0599994659,23.8600006104,13.619050525714282,1,1.2603016935358813,-0.047870890819545764,-4.5019093126437815,2.7081193261581538,1.708986275994806,0.9694656860676609,3.0,3.0,0.7013887877001728,2.0643317656029003,2.7081193261581538,1.2603016935358813
APA,2021-06-01,stress,True,True,D-1,21.9400005341,23.0599994659,21.7299995422,23.0599994659,23.8600006104,23.5200004578,8.751139606017144,1,-0.047870890819545764,-4.5019093126437815,2.7081193261581538,1.708986275994806,-0.1440263404219544,-0.4308288900420232,2.0,4.0,0.6805549852885983,2.211543310922437,2.7081193261581538,2.7081193261581538
APA,2021-06-02,stress,True,True,D-1,23.2099990845,23.8600006104,22.75,23.5200004578,23.5200004578,23.8500003815,2.757437838191912,0,-4.5019093126437815,2.7081193261581538,1.708986275994806,-0.1440263404219544,10.865386113903996,10.440614907651536,3.0,0.0,1.0,0.0,10.865386113903996,2.7081193261581538
APA,2021-06-03,stress,True,True,D-1,23.2999992371,23.5200004578,22.9599990845,23.2600002289,23.8500003815,24.2999992371,4.291845634087932,1,2.7081193261581538,1.708986275994806,-0.1440263404219544,10.865386113903996,1.994800531458063,17.95386072120575,4.0,0.0,0.9158415654592725,1.4455788519648793,10.865386113903996,2.7081193261581538
APA,2021-06-04,stress,True,True,D-1,23.6399993896,23.8500003815,23.1299991608,23.4200000763,24.2999992371,23.4599990845,2.7918775995838363,0,1.708986275994806,-0.1440263404219544,10.865386113903996,1.994800531458063,-1.105443128568362,13.574222406458937,3.0,1.0,0.8235293787578004,2.579537298346679,10.865386113903996,10.865386113903996
APA,2021-06-07,stress,True,True,D-1,23.7700004578,24.2999992371,23.2999992371,23.4200000763,23.4599990845,23.5799999237,-0.7993291141803471,0,-0.1440263404219544,10.865386113903996,1.994800531458063,-1.105443128568362,0.6878755194559272,12.433990216452862,3.0,2.0,0.8641973564285044,1.8787383973805527,10.865386113903996,11.290557795679346
APA,2021-06-08,stress,True,True,D-1,23.4599990845,23.4599990845,22.7299995422,23.1399993896,23.5799999237,23.5499992371,0.511512548520443,0,10.865386113903996,1.994800531458063,-1.105443128568362,0.6878755194559272,0.0,12.59615834276968,3.0,0.0,0.6575878345253101,3.757468650440021,10.865386113903996,10.865386113903996
APA,2021-06-09,stress,True,True,D-1,23.2600002289,23.5799999237,22.7900009155,22.8400001526,23.5499992371,23.0900001526,1.2467713041536488,0,1.994800531458063,-1.105443128568362,0.6878755194559272,0.0,-1.1955622791963494,0.34692075261451016,2.0,1.0,0.2611464503667393,5.012964036729173,1.994800531458063,3.1903628106544124
APA,2021-06-10,stress,True,True,D-1,23.2800006866,23.5499992371,22.3999996185,22.6800003052,23.0900001526,23.2000007629,-0.343642273799627,0,-1.105443128568362,0.6878755194559272,0.0,-1.1955622791963494,-1.2964530895140491,-2.8911577039297587,1.0,2.0,0.07006409667296348,6.392290169638204,0.6878755194559272,3.1643909840606277
APA,2021-06-11,stress,True,True,D-1,22.7900009155,23.0900001526,22.5300006866,22.6299991608,23.2000007629,23.0599994659,1.7990339224653207,0,0.6878755194559272,0.0,-1.1955622791963494,-1.2964530895140491,-0.7005247212390486,-2.4935508082212565,1.0,3.0,0.1473688120560339,7.142852337301653,0.6878755194559272,2.675771355817702
APA,2021-06-14,stress,True,True,D-1,22.8400001526,23.2000007629,22.2600002289,22.4200000763,23.0599994659,22.9400005341,0.9632194038096564,0,0.0,-1.1955622791963494,-1.2964530895140491,-0.7005247212390486,-0.22046359668053128,-3.373189209761973,0.0,4.0,0.12105241498389004,7.379585233006969,0.0,0.9194439159234902
APA,2021-06-15,stress,True,True,D-1,22.5799999237,23.0599994659,22.4699993134,22.8600006104,22.9400005341,22.6900005341,1.5943339752722663,0,-1.1955622791963494,-1.2964530895140491,-0.7005247212390486,-0.22046359668053128,-0.9279677078546489,-4.269854811025198,0.0,3.0,0.12121203363175065,5.17395113047403,-0.22046359668053128,1.1463854735504042
APA,2021-06-16,stress,True,True,D-1,22.7700004578,22.9400005341,22.2999992371,22.5699996948,22.6900005341,21.3799991608,-0.3513391396204102,0,-1.2964530895140491,-0.7005247212390486,-0.22046359668053128,-0.9279677078546489,1.9625358278438254,-1.2100206853326134,1.0,4.0,0.4545458486571154,3.149603211175944,1.9625358278438254,0.0
APA,2021-06-17,stress,True,True,D-1,22.4200000763,22.6900005341,20.6200008392,21.1299991608,21.3799991608,22.2099990845,-0.9366681136722566,0,-0.7005247212390486,-0.22046359668053128,-0.9279677078546489,1.9625358278438254,-1.2685953974474806,-1.1821385989319366,1.0,4.0,0.24030984824752458,4.342044995799377,1.9625358278438254,0.0
APA,2021-06-18,stress,True,True,D-1,20.7700004578,21.3799991608,20.4799995422,20.6499996185,22.2099990845,22.1499996185,6.9330697879653735,1,-0.22046359668053128,-0.9279677078546489,1.9625358278438254,-1.2685953974474806,-6.380153094693075,-6.834220121437207,1.0,3.0,0.19767377390794963,9.796505841515746,1.9625358278438254,9.530345991474999
APA,2021-06-21,stress,True,True,D-1,21.2399997711,22.2099990845,20.9699993134,22.1599998474,22.1499996185,22.6900005341,6.826745662082967,1,-0.9279677078546489,1.9625358278438254,-1.2685953974474806,-6.380153094693075,-2.2716496041821244,-8.749445937805344,1.0,4.0,0.06250000000229751,12.348674050896813,1.9625358278438254,10.46940380419722
APA,2021-06-22,stress,True,True,D-1,22.0499992371,22.1499996185,21.7299995422,21.9500007629,22.6900005341,22.2999992371,2.9025003135744853,0,1.9625358278438254,-1.2685953974474806,-6.380153094693075,-2.2716496041821244,7.312349911848015,-1.1596798751791315,2.0,4.0,0.651162928249509,4.061370147552568,7.312349911848015,1.9625358278438254
APA,2021-06-23,stress,True,True,D-1,22.3799991608,22.6900005341,21.8799991608,21.8999996185,22.2999992371,22.4400005341,0.26810266108094893,0,-1.2685953974474806,-6.380153094693075,-2.2716496041821244,7.312349911848015,-0.9476493048109824,-3.9807516325524595,1.0,4.0,0.5975612308857781,4.510249370347652,7.312349911848015,0.0
APA,2021-06-24,stress,True,True,D-1,21.9599990845,22.2999992371,21.5400009155,22.2600002289,22.4400005341,22.0900001526,2.185799041944403,0,-6.380153094693075,-2.2716496041821244,7.312349911848015,-0.9476493048109824,-0.22779563855191975,-2.9685426910057267,1.0,4.0,0.6425336827922351,3.6073101797346574,7.312349911848015,8.48563615142579
APA,2021-06-25,stress,True,True,D-1,22.2000007629,22.4400005341,21.8099994659,22.2000007629,22.0900001526,21.5900001526,-0.4954982275668707,0,-2.2716496041821244,7.312349911848015,-0.9476493048109824,-0.22779563855191975,1.6438384322887911,5.3478519308053585,2.0,1.0,0.8054298134815239,1.931717433864777,7.312349911848015,7.312349911848015
APA,2021-06-28,stress,True,True,D-1,22.0499992371,22.0900001526,20.9200000763,21.0300006866,21.5900001526,21.7900009155,-1.1791307510004123,0,7.312349911848015,-0.9476493048109824,-0.22779563855191975,1.6438384322887911,-0.2695393772822352,7.506058949325012,2.0,2.0,0.715116614277412,2.2072061007262445,7.312349911848015,7.312349911848015
APA,2021-06-29,stress,True,True,D-1,21.2800006866,21.5900001526,20.9599990845,21.0300006866,21.7900009155,22.6100006104,6.249999440260812,1,-0.9476493048109824,-0.22779563855191975,1.6438384322887911,-0.2695393772822352,-5.270270432851831,-5.099274226450778,1.0,3.0,0.06214722138361802,7.893484514043436,1.6438384322887911,7.16944278831706
APA,2021-06-30,stress,True,True,D-1,21.2399997711,21.7900009155,21.2199993134,21.6299991608,22.6100006104,21.75,6.450098182976816,1,-0.22779563855191975,1.6438384322887911,-0.2695393772822352,-5.270270432851831,0.0,-4.1913441654862655,1.0,4.0,0.06214722138361802,7.893484514043436,1.6438384322887911,6.914108865140622
APA,2021-07-01,stress,True,True,D-1,22.4099998474,22.6100006104,21.7000007629,21.9200000763,21.75,21.6900005341,-2.945113127595911,0,1.6438384322887911,-0.2695393772822352,-5.270270432851831,0.0,2.853059698577698,-1.2328788237599642,2.0,3.0,0.46710452017075743,3.7448053847730423,2.853059698577698,1.6438384322887911
APA,2021-07-02,stress,True,True,D-1,21.7299995422,21.75,21.4300003052,21.4699993134,21.6900005341,20.9400005341,-0.18407275169206594,0,-0.2695393772822352,-5.270270432851831,0.0,2.853059698577698,1.3407347515092205,-1.527404084024142,2.0,0.0,0.5917157893281635,3.1478126446086607,2.853059698577698,0.0
APA,2021-07-06,stress,True,True,D-1,21.6900005341,21.6900005341,20.5100002289,20.5400009155,20.9400005341,20.3199996948,-3.457814575988072,0,-5.270270432851831,0.0,2.853059698577698,1.3407347515092205,-2.0529231812665194,-3.288294704565775,2.0,1.0,0.3254432327105141,5.309740724064649,2.853059698577698,3.5927723828480196
APA,2021-07-07,stress,True,True,D-1,20.6800003052,20.9400005341,19.5400009155,20.0499992371,20.3199996948,20.7099990845,0.1450617933137055,0,0.0,2.853059698577698,1.3407347515092205,-2.0529231812665194,-4.3316182004699115,-2.330003590595331,2.0,2.0,0.014286038642797056,10.077894852175628,2.853059698577698,9.148676286152725
APA,2021-07-08,stress,True,True,D-1,19.8700008392,20.3199996948,19.5400009155,20.0300006866,20.7099990845,20.6100006104,4.227469601525291,1,2.853059698577698,1.3407347515092205,-2.0529231812665194,-4.3316182004699115,-2.3855971594929692,-4.660016250614973,2.0,3.0,0.16612324830104366,12.768087135699435,2.853059698577698,9.4669400977901
APA,2021-07-09,stress,True,True,D-1,20.4099998474,20.7099990845,20.0300006866,20.5699996948,20.6100006104,20.5,0.9799155536273974,0,1.3407347515092205,-2.0529231812665194,-4.3316182004699115,-2.3855971594929692,-0.09974339781018138,-7.3971268436277775,1.0,4.0,0.15960906182303813,12.880678159566973,1.3407347515092205,3.8236958331474336
APA,2021-07-12,stress,True,True,D-1,20.1100006104,20.6100006104,19.8600006104,20.4099998474,20.5,20.5799999237,2.3371422129989217,0,-2.0529231812665194,-4.3316182004699115,-2.3855971594929692,-0.09974339781018138,2.695951021915133,-6.158760843069643,1.0,4.0,0.46606298913152366,5.7365110486525595,2.695951021915133,0.0
APA,2021-07-13,stress,True,True,D-1,20.3799991608,20.5,20.0100002289,20.1700000763,20.5799999237,19.0400009155,0.9813580526769172,0,-4.3316182004699115,-2.3855971594929692,-0.09974339781018138,2.695951021915133,-0.7778310635582764,-4.937119235669574,1.0,4.0,0.4046507377831598,6.271438982215649,2.695951021915133,0.0
APA,2021-07-14,stress,True,True,D-1,20.4400005341,20.5799999237,18.7900009155,19.0400009155,19.0400009155,18.7399997711,-6.8493130235705575,0,-2.3855971594929692,-0.09974339781018138,2.695951021915133,-0.7778310635582764,-1.1758930568075199,-1.8013671991649605,1.0,4.0,0.4499995231641554,3.817553073312885,2.695951021915133,4.640528680810863
APA,2021-07-15,stress,True,True,D-1,18.6100006104,19.0400009155,18.2999992371,18.4699993134,18.7399997711,17.6000003815,0.6985446342615997,0,-0.09974339781018138,2.695951021915133,-0.7778310635582764,-1.1758930568075199,-5.602375590110997,-5.0373983043905834,1.0,3.0,0.1302084575060861,8.770998365028948,2.695951021915133,9.408341723253255
APA,2021-07-16,stress,True,True,D-1,18.7000007629,18.7399997711,17.8700008392,17.9799995422,17.6000003815,17.6599998474,-5.561501995033691,0,2.695951021915133,-0.7778310635582764,-1.1758930568075199,-5.602375590110997,-2.9937057494360486,-7.788324112458156,1.0,4.0,0.07053945521341073,12.127773981425548,2.695951021915133,11.124313721316025
APA,2021-07-19,stress,True,True,D-1,17.0100002289,17.6000003815,16.9300003052,17.2099990845,17.6599998474,18.5799999237,9.229862866977335,1,-0.7778310635582764,-1.1758930568075199,-5.602375590110997,-2.9937057494360486,-2.6529495907696266,-12.591153092018459,0.0,4.0,0.040145515396093484,14.627370050968281,-0.7778310635582764,5.567233835777163
APA,2021-07-20,stress,True,True,D-1,16.9500007629,17.6599998474,16.8299999237,17.5599994659,18.5799999237,18.4400005341,9.616513790180626,1,-1.1758930568075199,-5.602375590110997,-2.9937057494360486,-2.6529495907696266,-4.282538805925817,-15.678592782094725,0.0,3.0,0.076712002346748,19.581644500115946,-1.1758930568075199,6.821874800969086
APA,2021-07-21,stress,True,True,D-1,17.6800003052,18.5799999237,17.6800003052,18.4200000763,18.4400005341,18.4500007629,4.3552061335289105,1,-5.602375590110997,-2.9937057494360486,-2.6529495907696266,-4.282538805925817,2.0337036607702252,-12.940012893042985,1.0,4.0,0.19466654458666616,17.198180806694108,2.0337036607702252,2.335929293625627
APA,2021-07-22,stress,True,True,D-1,18.3600006104,18.4400005341,17.8199996948,18.25,18.4500007629,18.9799995422,3.3769003877309522,1,-2.9937057494360486,-2.6529495907696266,-4.282538805925817,2.0337036607702252,4.897497930282091,-3.256306771998485,2.0,4.0,0.7194567597478668,3.3659111652107,4.897497930282091,0.0
APA,2021-07-23,stress,True,True,D-1,18.3199996948,18.4500007629,17.7299995422,18.2099990845,18.9799995422,18.7999992371,3.602619314384259,1,-2.6529495907696266,-4.282538805925817,2.0337036607702252,4.897497930282091,-0.9229102909653508,-1.1911170632279866,2.0,4.0,0.7434555967284422,2.684930252602724,4.897497930282091,2.0337036607702252
APA,2021-07-26,stress,True,True,D-1,18.2299995422,18.9799995422,18.2199993134,18.8400001526,18.7999992371,19.2700004578,5.704887228288369,1,-4.282538805925817,2.0337036607702252,4.897497930282091,-0.9229102909653508,-0.21918309863012686,1.2791965970865515,2.0,2.0,0.7885709490285718,2.0318553421286856,4.897497930282091,6.03756845650426
APA,2021-07-27,stress,True,True,D-1,18.6499996185,18.7999992371,18.3400001526,18.5599994659,19.2700004578,19.5300006866,4.718504483115793,1,2.0337036607702252,4.897497930282091,-0.9229102909653508,-0.21918309863012686,3.4596436011698817,9.47124436263358,3.0,0.0,0.9348839932829024,0.7430965417517976,4.897497930282091,4.897497930282091
APA,2021-07-28,stress,True,True,D-1,18.75,19.2700004578,18.4599990845,19.0400009155,19.5300006866,18.9599990845,4.1600036618666625,1,4.897497930282091,-0.9229102909653508,-0.21918309863012686,3.4596436011698817,-1.4862032082380794,5.69476099325581,2.0,1.0,0.6769228286093201,2.2629315107021597,4.897497930282091,4.897497930282091
APA,2021-07-29,stress,True,True,D-1,19.4799995422,19.5300006866,19.0400009155,19.0799999237,18.9599990845,19.3299999237,-0.7700185935582415,0,-0.9229102909653508,-0.21918309863012686,3.4596436011698817,-1.4862032082380794,2.5862147813199066,3.3659111652107,2.0,0.0,0.8506497366526629,1.2079807313074342,3.4596436011698817,3.4596436011698817
APA,2021-07-30,stress,True,True,D-1,18.9599990845,18.9599990845,18.3799991608,18.75,19.3299999237,18.8099994659,1.951481313638248,0,-0.21918309863012686,3.4596436011698817,-1.4862032082380794,2.5862147813199066,0.21007881447863141,4.547944787397262,3.0,0.0,0.7499997351112793,2.3584945738969187,3.4596436011698817,3.4596436011698817
APA,2021-08-02,stress,True,True,D-1,18.8099994659,19.3299999237,18.2700004578,18.2800006866,18.8099994659,18.3899993896,0.0,0,3.4596436011698817,-1.4862032082380794,2.5862147813199066,0.21007881447863141,-1.7295593554489286,2.9654088009243074,3.0,1.0,0.4045802526949597,4.1600036618666625,3.4596436011698817,4.9827575799298085
APA,2021-08-03,stress,True,True,D-1,17.8299999237,18.8099994659,17.8299999237,18.7800006866,18.3899993896,18.3700008392,3.1407709943713336,1,-1.4862032082380794,2.5862147813199066,0.21007881447863141,-1.7295593554489286,-2.5066630047999916,-2.9723962922724056,2.0,2.0,0.0079366880826099,6.8380741414102,2.5862147813199066,6.779082917059731
APA,2021-08-04,stress,True,True,D-1,18.2000007629,18.3899993896,17.6299991608,17.75,18.3700008392,18.7000007629,2.7472526320945656,0,2.5862147813199066,0.21007881447863141,-1.7295593554489286,-2.5066630047999916,2.7352296565640755,1.1853514387444086,3.0,3.0,0.558823727396105,3.9936100776351013,2.7352296565640755,2.5862147813199066
APA,2021-08-05,stress,True,True,D-1,17.3400001526,18.3700008392,17.3400001526,18.0599994659,18.7000007629,18.1900005341,7.843140705486551,1,0.21007881447863141,-1.7295593554489286,-2.5066630047999916,2.7352296565640755,-5.48456149596912,-6.775214566559395,2.0,4.0,0.06315828570162475,10.028172882253529,2.7352296565640755,3.109426006453919
APA,2021-08-06,stress,True,True,D-1,18.5,18.7000007629,18.1000003815,18.3299999237,18.1900005341,19.1399993896,3.4594561600000073,1,-1.7295593554489286,-2.5066630047999916,2.7352296565640755,-5.48456149596912,1.7464758642253386,-5.345914370434668,2.0,3.0,0.3618087417678496,7.032117914499136,2.7352296565640755,6.569101831093549
APA,2021-08-09,stress,True,True,D-1,17.9400005341,18.1900005341,17.5499992371,17.9099998474,19.1399993896,19.25,7.302114977142704,1,-2.5066630047999916,2.7352296565640755,-5.48456149596912,1.7464758642253386,1.495019190392588,-2.240000406933329,3.0,4.0,0.497487379384353,5.455537393140064,2.7352296565640755,2.7352296565640755
APA,2021-08-10,stress,True,True,D-1,18.0200004578,19.1399993896,18.0100002289,19.0599994659,19.25,19.2800006866,6.992231946667959,1,2.7352296565640755,-5.48456149596912,1.7464758642253386,1.495019190392588,-2.2913261213763247,-2.0240745366668644,3.0,4.0,0.38775507555878475,5.025123540861731,2.7352296565640755,3.5657923527768753
APA,2021-08-11,stress,True,True,D-1,18.9300003052,19.25,18.6000003815,19.2299995422,19.2800006866,18.9899997711,1.84891904784521,0,-5.48456149596912,1.7464758642253386,1.495019190392588,-2.2913261213763247,6.420991782794139,1.4909412623173246,3.0,0.0,0.9555555791049478,0.41972678878154923,6.420991782794139,1.7464758642253386
APA,2021-08-12,stress,True,True,D-1,19.1499996185,19.2800006866,18.5300006866,18.9200000763,18.9899997711,17.5300006866,-0.8355083581590872,0,1.7464758642253386,1.495019190392588,-2.2913261213763247,6.420991782794139,0.891920677144542,8.338025589859166,4.0,0.0,0.9895285552890363,0.10400654329765224,6.420991782794139,1.7464758642253386
APA,2021-08-13,stress,True,True,D-1,18.9799995422,18.9899997711,17.8600006104,17.8799991608,17.5300006866,17.2900009155,-7.639614808083017,0,1.495019190392588,-2.2913261213763247,6.420991782794139,0.891920677144542,-1.61206174352585,4.761908282576699,3.0,0.0,0.7919073360290837,1.9027516323900873,6.420991782794139,7.155511161194283
APA,2021-08-16,stress,True,True,D-1,17.4899997711,17.5300006866,17.0400009155,17.1299991608,17.2900009155,17.2800006866,-1.1435040492709048,0,-2.2913261213763247,6.420991782794139,0.891920677144542,-1.61206174352585,-5.496833569270166,-2.45499598894251,2.0,1.0,0.1907512411595818,7.829986529693778,6.420991782794139,13.441274744514665
APA,2021-08-17,stress,True,True,D-1,16.8799991608,17.2900009155,16.7900009155,16.8700008392,17.2800006866,16.5200004578,2.3696774033550527,0,6.420991782794139,0.891920677144542,-1.61206174352585,-5.496833569270166,-4.194631069358746,-4.35511274844167,2.0,2.0,0.04017779218602618,12.551089498708379,6.420991782794139,15.881884532695501
APA,2021-08-18,stress,True,True,D-1,16.9699993134,17.2800006866,16.5799999237,16.6000003815,16.5200004578,16.1499996185,-2.651731725437778,0,0.891920677144542,-1.61206174352585,-5.496833569270166,-4.194631069358746,-1.5177952967737274,-11.490024596370517,1.0,3.0,0.03212848636715314,14.285712670505646,0.891920677144542,6.540681130189274
APA,2021-08-19,stress,True,True,D-1,16.1599998474,16.5200004578,15.5500001907,16.0,16.1499996185,17.3799991608,7.549500773023121,1,-1.61206174352585,-5.496833569270166,-4.194631069358746,-1.5177952967737274,-1.600476848066379,-13.676543022939235,0.0,4.0,0.007407574869910926,16.144579780171277,-1.5177952967737274,3.0939801825142
APA,2021-08-20,stress,True,True,D-1,15.8199996948,16.1499996185,15.7100000381,16.0699996948,17.3799991608,18.1100006104,14.475353728058039,1,-5.496833569270166,-4.194631069358746,-1.5177952967737274,-1.600476848066379,-3.614460046450807,-15.433404146534413,0.0,4.0,0.1308139140085808,18.687498569374995,-1.5177952967737274,5.157088298291135
APA,2021-08-23,stress,True,True,D-1,16.6599998474,17.3799991608,16.6599998474,17.2900009155,18.1100006104,18.2600002289,9.603843914498578,1,-4.194631069358746,-1.5177952967737274,-1.600476848066379,-3.614460046450807,0.4374980924999994,-10.123039994141791,1.0,4.0,0.26262594639585474,9.085258366697001,0.4374980924999994,3.1927751477082045
APA,2021-08-24,stress,True,True,D-1,17.6299991608,18.1100006104,17.4500007629,17.8999996185,18.2600002289,18.1599998474,3.5734605677168574,1,-1.5177952967737274,-1.600476848066379,-3.614460046450807,0.4374980924999994,7.591793676852232,0.9340441479188444,2.0,0.0,0.950820603306086,0.520521923277184,7.591793676852232,0.0
APA,2021-08-25,stress,True,True,D-1,17.9300003052,18.2600002289,17.6299991608,18.1299991608,18.1599998474,18.8199996948,4.963744419691318,1,-1.600476848066379,-3.614460046450807,0.4374980924999994,7.591793676852232,3.5280432082172686,6.105505204876116,3.0,0.0,0.9179683759877629,1.1731899238867083,7.591793676852232,0.4374980924999994
APA,2021-08-26,stress,True,True,D-1,18.0200004578,18.1599998474,17.5400009155,17.6900005341,18.8199996948,19.0599994659,5.771359498772011,1,-3.614460046450807,0.4374980924999994,7.591793676852232,3.5280432082172686,1.2849136715192389,9.216859904443853,4.0,0.0,0.9520291268385561,0.7170494987174925,7.591793676852232,7.591793676852232
APA,2021-08-27,stress,True,True,D-1,17.9099998474,18.8199996948,17.9099998474,18.7399997711,19.0599994659,19.6200008392,9.547744312506179,1,0.4374980924999994,7.591793676852232,3.5280432082172686,1.2849136715192389,-2.4269092502295697,10.562503338125007,4.0,1.0,0.776470724646818,3.222157589544694,7.591793676852232,8.76497294431412
APA,2021-08-30,stress,True,True,D-1,19.0599994659,19.0599994659,18.4599990845,18.6599998474,19.6200008392,19.5200004578,2.9380975288162636,0,7.591793676852232,3.5280432082172686,1.2849136715192389,-2.4269092502295697,5.935552319379389,16.61481099569635,4.0,0.0,0.9629629956704409,0.4268939417137796,7.591793676852232,7.591793676852232
APA,2021-08-31,stress,True,True,D-1,18.4899997711,19.6200008392,18.4500007629,19.4799995422,19.5200004578,20.0599994659,8.491074711931157,1,3.5280432082172686,1.2849136715192389,-2.4269092502295697,5.935552319379389,-0.4268939417137574,7.923648694962404,3.0,0.0,0.7515528318410095,2.1436206954510206,5.935552319379389,3.5280432082172686
APA,2021-09-01,stress,True,True,D-1,19.3400001526,19.5200004578,18.7199993134,19.0499992371,20.0599994659,20.0400009155,3.7228506081640633,1,1.2849136715192389,-2.4269092502295697,5.935552319379389,-0.4268939417137574,4.394424981274869,8.826815404325705,3.0,0.0,0.9326916816655662,0.7186925066230643,5.935552319379389,5.935552319379389
APA,2021-09-02,stress,True,True,D-1,19.2600002289,20.0599994659,19.2199993134,19.8500003815,20.0400009155,19.8299999237,4.0498477535301,1,-2.4269092502295697,5.935552319379389,-0.4268939417137574,4.394424981274869,-2.2073938152230577,5.074462873055108,2.0,1.0,0.7259607581686569,2.992134514052469,5.935552319379389,5.935552319379389
APA,2021-09-03,stress,True,True,D-1,19.8199996948,20.0400009155,19.4899997711,19.6700000763,19.8299999237,19.9400005341,0.6054532853069894,0,5.935552319379389,-0.4268939417137574,4.394424981274869,-2.2073938152230577,4.199481241143532,12.210287067184034,3.0,0.0,0.9023259899243559,1.057929875889152,5.935552319379389,5.935552319379389
APA,2021-09-07,stress,True,True,D-1,19.4099998474,19.8299999237,19.2700004578,19.5300006866,19.9400005341,19.3199996948,2.7305548215704523,0,-0.4268939417137574,4.394424981274869,-2.2073938152230577,4.199481241143532,-0.9068025276601888,4.962648434148886,2.0,1.0,0.7577641591429282,1.9827116832088931,4.394424981274869,4.394424981274869
APA,2021-09-08,stress,True,True,D-1,19.7700004578,19.9400005341,19.0200004578,19.0400009155,19.3199996948,19.3199996948,-2.276179830954206,0,4.394424981274869,-2.2073938152230577,4.199481241143532,-0.9068025276601888,-0.7117406667866755,4.662383956670935,2.0,2.0,0.670807946421061,2.713767335725925,4.394424981274869,6.006514093364935
APA,2021-09-09,stress,True,True,D-1,18.8299999237,19.3199996948,18.6399993896,18.9300003052,19.3199996948,20.1599998474,7.063196649438241,1,-2.2073938152230577,4.199481241143532,-0.9068025276601888,-0.7117406667866755,-2.5089593132283095,-2.25871990267158,1.0,3.0,0.2388071385685903,5.357134986110457,4.199481241143532,7.4023239374131355
APA,2021-09-10,stress,True,True,D-1,19.2099990845,19.3199996948,18.6800003052,18.6900005341,20.1599998474,20.5300006866,6.87142980222768,1,4.199481241143532,-0.9068025276601888,-0.7117406667866755,-2.5089593132283095,-0.577734270014918,-0.6299156782447524,1.0,4.0,0.20422598592785757,5.969356273013848,4.199481241143532,7.27167970661351
APA,2021-09-13,stress,True,True,D-1,19.0499992371,20.1599998474,19.0499992371,20.1499996185,20.5300006866,20.6299991608,8.293963186218622,1,-0.9068025276601888,-0.7117406667866755,-2.5089593132283095,-0.577734270014918,-1.2678276134737931,-5.843827834286119,0.0,4.0,0.03571506428741765,7.223115798937063,-0.577734270014918,1.8382372088809662
APA,2021-09-14,stress,True,True,D-1,20.5,20.5300006866,19.2199993134,19.3500003815,20.6299991608,20.7000007629,0.975613477560966,0,-0.7117406667866755,-2.5089593132283095,-0.577734270014918,-1.2678276134737931,7.8116588693308175,2.4402620251046336,1.0,0.0,0.9934209040209929,0.049628928483058665,7.8116588693308175,0.0
APA,2021-09-15,stress,True,True,D-1,19.8299999237,20.6299991608,19.8299999237,20.6200008392,20.7000007629,20.7299995422,4.538576005864514,1,-2.5089593132283095,-0.577734270014918,-1.2678276134737931,7.8116588693308175,-3.970219613629722,-0.9216605159850566,1.0,0.0,0.37566164268087215,6.098192670983971,7.8116588693308175,0.0
APA,2021-09-16,stress,True,True,D-1,20.6299991608,20.7000007629,20.2299995422,20.4899997711,20.7299995422,19.3999996185,0.4847328427914688,0,-0.577734270014918,-1.2678276134737931,7.8116588693308175,-3.970219613629722,6.563309729514066,8.298318527987902,2.0,0.0,0.9949757172112779,0.048488463594020814,7.8116588693308175,7.8116588693308175
APA,2021-09-17,stress,True,True,D-1,20.3500003815,20.7299995422,19.9899997711,20.1399993896,19.3999996185,19.3500003815,-4.668308330173964,0,-1.2678276134737931,7.8116588693308175,-3.970219613629722,6.563309729514066,-0.6304610223529128,8.240884525878611,2.0,0.0,0.8960391365261812,1.0248950421961167,7.8116588693308175,7.8116588693308175
APA,2021-09-20,stress,True,True,D-1,19.3799991608,19.3999996185,18.5200004578,18.9099998474,19.3500003815,20.5100002289,5.830759117810791,1,7.8116588693308175,-3.970219613629722,6.563309729514066,-0.6304610223529128,-1.7081521981940462,7.758153098254161,2.0,0.0,0.6488094967548936,2.9294943916665206,7.8116588693308175,10.139502856065697
APA,2021-09-21,stress,True,True,D-1,19.2700004578,19.3500003815,18.5499992371,18.7700004578,20.5100002289,21.6800003052,12.506485677972545,1,-3.970219613629722,6.563309729514066,-0.6304610223529128,-1.7081521981940462,-6.107247167222618,-6.153845134376768,1.0,1.0,0.17647038514764138,9.624535745568696,6.563309729514066,14.274388018194673
APA,2021-09-22,stress,True,True,D-1,19.1599998474,20.5100002289,19.1599998474,20.1200008392,21.6800003052,22.1700000763,15.709813428356846,1,6.563309729514066,-0.6304610223529128,-1.7081521981940462,-6.107247167222618,-0.7403457997343765,-2.9974155672602643,1.0,2.0,0.11312221881208288,10.4421898593269,6.563309729514066,13.365687948589134
APA,2021-09-23,stress,True,True,D-1,20.1700000763,21.6800003052,19.9400005341,21.5400009155,22.1700000763,23.3500003815,15.765990546209974,1,-0.6304610223529128,-1.7081521981940462,-6.107247167222618,-0.7403457997343765,7.192330039816275,-2.4248301631950797,1.0,3.0,0.723982372976588,3.031802572351472,7.192330039816275,0.0
APA,2021-09-24,stress,True,True,D-1,21.3700008392,22.1700000763,21.1499996185,21.9099998474,23.3500003815,23.7800006866,11.277490653997656,1,-1.7081521981940462,-6.107247167222618,-0.7403457997343765,7.192330039816275,7.05765416039843,5.124456594094107,2.0,0.0,0.9556963935250848,0.6499507137869287,7.192330039816275,0.0
APA,2021-09-27,stress,True,True,D-1,22.7099990845,23.3500003815,22.6599998474,23.2600002289,23.7800006866,21.6200008392,4.711588045947113,1,-6.107247167222618,-0.7403457997343765,7.192330039816275,7.05765416039843,1.7177294158504663,8.788483174999516,3.0,0.0,0.9287670531300366,1.1866738051613979,7.192330039816275,7.192330039816275
APA,2021-09-28,stress,True,True,D-1,23.5799999237,23.7800006866,21.6100006104,21.6900005341,21.6200008392,21.7399997711,-7.803223742806875,0,-0.7403457997343765,7.192330039816275,7.05765416039843,1.7177294158504663,6.161571843462155,23.003703948194886,4.0,0.0,0.9812499726786527,0.38693100479068043,7.192330039816275,7.192330039816275
APA,2021-09-29,stress,True,True,D-1,21.3299999237,21.6200008392,20.7900009155,21.2700004578,21.7399997711,22.2199993134,4.1725241110343925,1,7.192330039816275,7.05765416039843,1.7177294158504663,6.161571843462155,-6.749783660145081,15.55673950496137,4.0,0.0,0.5476190967831285,9.635777321509043,7.192330039816275,8.196434625997306
APA,2021-09-30,stress,True,True,D-1,20.7600002289,21.7399997711,20.5300006866,21.4300003052,22.2199993134,22.6700000763,9.20038451994374,1,7.05765416039843,1.7177294158504663,6.161571843462155,-6.749783660145081,-1.9363765143283307,5.715703631380786,3.0,1.0,0.346354133041925,11.80065902574794,7.05765416039843,15.613113109308818
APA,2021-10-01,stress,True,True,D-1,21.75,22.2199993134,21.3400001526,21.7999992371,22.6700000763,23.1299991608,6.344823727816085,1,1.7177294158504663,6.161571843462155,-6.749783660145081,-1.9363765143283307,0.7522324586566986,-0.5106806203561631,3.0,2.0,0.27692295956923046,10.965937227867295,6.161571843462155,7.360281951796366
APA,2021-10-04,stress,True,True,D-1,22.3299999237,22.6700000763,21.8600006104,22.0599994659,23.1299991608,22.2999992371,3.582620868040931,1,6.161571843462155,-6.749783660145081,-1.9363765143283307,0.7522324586566986,1.726546554505748,-0.5020566456692799,3.0,3.0,0.3907687847692304,9.082575774270518,6.161571843462155,6.161571843462155
APA,2021-10-05,stress,True,True,D-1,22.5799999237,23.1299991608,21.9200000763,22.2099990845,22.2999992371,23.1399993896,2.4800685021802105,0,-6.749783660145081,-1.9363765143283307,0.7522324586566986,1.726546554505748,1.19266164173768,-5.15907459669338,3.0,4.0,0.4707688551692301,7.796923220051544,1.726546554505748,0.7522324586566986
APA,2021-10-06,stress,True,True,D-1,21.5699996948,22.2999992371,21.4500007629,22.1000003815,23.1399993896,24.4799995422,13.49095914962637,1,-1.9363765143283307,0.7522324586566986,1.726546554505748,1.19266164173768,0.6799620228090664,2.397411422754381,4.0,0.0,0.6461536091542991,4.1422787673235595,1.726546554505748,1.726546554505748
APA,2021-10-07,stress,True,True,D-1,22.2999992371,23.1399993896,21.9699993134,22.7999992371,24.4799995422,25.3299999237,13.587447489949046,1,0.7522324586566986,1.726546554505748,1.19266164173768,0.6799620228090664,-0.49526658052304606,3.902209242292831,4.0,1.0,0.6038463908649314,4.660627880179669,1.726546554505748,1.726546554505748
APA,2021-10-08,stress,True,True,D-1,23.25,24.4799995422,23.1700000763,24.3600006104,25.3299999237,25.1000003815,8.946236230967752,1,1.726546554505748,1.19266164173768,0.6799620228090664,-0.49526658052304606,3.1674155815217597,6.392902064343731,4.0,0.0,0.811110946320918,1.4912287889323972,3.1674155815217597,1.726546554505748
APA,2021-10-11,stress,True,True,D-1,25.1000003815,25.3299999237,24.3299999237,24.4200000763,25.1000003815,24.9799995422,0.0,0,1.19266164173768,0.6799620228090664,-0.49526658052304606,3.1674155815217597,6.842111515344174,11.743125976551871,4.0,0.0,0.9603963761900511,0.49260644003747966,6.842111515344174,1.19266164173768
APA,2021-10-12,stress,True,True,D-1,24.3799991608,25.1000003815,24.1499996185,24.7399997711,24.9799995422,26.2700004578,7.752261534277993,1,0.6799620228090664,-0.49526658052304606,3.1674155815217597,6.842111515344174,0.24630322001872873,10.698099127554617,4.0,0.0,0.7654639061281723,3.72645308991284,6.842111515344174,3.1674155815217597
APA,2021-10-13,stress,True,True,D-1,24.25,24.9799995422,23.7999992371,24.6100006104,26.2700004578,27.0200004578,11.422682300206176,1,-0.49526658052304606,3.1674155815217597,6.842111515344174,0.24630322001872873,1.310400056511729,11.391268756808026,4.0,1.0,0.8479380721107289,2.3848025790574656,6.842111515344174,6.842111515344174
APA,2021-10-14,stress,True,True,D-1,25.3299999237,26.2700004578,25.0400009155,26.2199993134,27.0200004578,28.1800003052,11.251481997966373,1,3.1674155815217597,6.842111515344174,0.24630322001872873,1.310400056511729,-0.5254614466563501,11.357466903037405,4.0,2.0,0.7857145290114353,2.925637120852942,6.842111515344174,6.842111515344174
APA,2021-10-15,stress,True,True,D-1,26.6599998474,27.0200004578,26.2999992371,26.3700008392,28.1800003052,27.5699996948,5.7014271061529564,1,6.842111515344174,0.24630322001872873,1.310400056511729,-0.5254614466563501,6.542050642288988,15.000000836557037,4.0,0.0,0.983870600565602,0.19069849622173063,6.842111515344174,6.842111515344174
APA,2021-10-18,stress,True,True,D-1,26.7999992371,28.1800003052,26.6700000763,26.9300003052,27.5699996948,27.5699996948,2.8731361179819226,0,0.24630322001872873,1.310400056511729,-0.5254614466563501,6.542050642288988,0.5720882140654471,8.25123225958324,4.0,0.0,0.7981368409361363,2.4649207353598213,6.542050642288988,1.310400056511729
APA,2021-10-19,stress,True,True,D-1,27.2800006866,27.5699996948,26.7099990845,26.8600006104,27.5699996948,27.6000003815,1.1730193799341926,0,1.310400056511729,-0.5254614466563501,6.542050642288988,0.5720882140654471,2.123623239205741,10.2784611836918,4.0,0.0,0.7146119417404075,4.641663519619921,6.542050642288988,6.542050642288988
APA,2021-10-20,stress,True,True,D-1,26.4200000763,27.5699996948,26.2600002289,27.4500007629,27.6000003815,27.8500003815,5.412567377252886,1,-0.5254614466563501,6.542050642288988,0.5720882140654471,2.123623239205741,-0.2599320237901548,8.569122307658539,3.0,1.0,0.6986302801582187,4.9143695636734375,6.542050642288988,6.542050642288988
APA,2021-10-21,stress,True,True,D-1,27.3400001526,27.6000003815,26.6499996185,27.0100002289,27.8500003815,28.7800006866,5.267009970601855,1,6.542050642288988,0.5720882140654471,2.123623239205741,-0.2599320237901548,2.196575350305685,11.540024713773622,4.0,2.0,0.767516024144914,2.6593789508619237,6.542050642288988,6.542050642288988
APA,2021-10-22,stress,True,True,D-1,27.2000007629,27.8500003815,27.0799999237,27.6800003052,28.7800006866,28.6800003052,5.808823085972392,1,0.5720882140654471,2.123623239205741,-0.2599320237901548,2.196575350305685,-1.6029162906060157,3.0129707711176845,3.0,3.0,0.39062498447672606,4.331729235041348,2.196575350305685,2.123623239205741
APA,2021-10-25,stress,True,True,D-1,28.2800006866,28.7800006866,27.9200000763,28.2199993134,28.6800003052,28.1200008392,1.4144257740047683,0,2.123623239205741,-0.2599320237901548,2.196575350305685,-1.6029162906060157,2.480563016001436,4.967764218090731,3.0,4.0,0.7395833436821826,1.806358361585958,2.480563016001436,2.196575350305685
APA,2021-10-26,stress,True,True,D-1,28.6800003052,28.6800003052,28.0200004578,28.1499996185,28.1200008392,27.1800003052,-1.9525783125548535,0,-0.2599320237901548,2.196575350305685,-1.6029162906060157,2.480563016001436,1.9508634474203923,4.790193069366233,3.0,0.0,0.7777772732187856,1.9844131354535222,2.480563016001436,2.196575350305685
APA,2021-10-27,stress,True,True,D-1,27.5,28.1200008392,26.7399997711,26.8999996185,27.1800003052,27.0699996948,-1.163635253818185,0,2.196575350305685,-1.6029162906060157,2.480563016001436,1.9508634474203923,-0.24804995252696305,4.802676763903424,3.0,1.0,0.7499996215576082,2.2380144818402226,2.480563016001436,2.480563016001436
APA,2021-10-28,stress,True,True,D-1,26.8500003815,27.1800003052,26.4400005341,27.0799999237,27.0699996948,27.3299999237,1.7877077667780128,0,-1.6029162906060157,2.480563016001436,1.9508634474203923,-0.24804995252696305,-4.440497395880982,-2.003647100598094,2.0,2.0,0.11737083316254135,6.98885165339207,2.480563016001436,7.158095712726942
APA,2021-10-29,stress,True,True,D-1,27.0599994659,27.0699996948,25.9099998474,26.2099990845,27.3299999237,27.4899997711,1.5890625043872175,0,2.480563016001436,1.9508634474203923,-0.24804995252696305,-4.440497395880982,0.6691461254750619,0.2591621407137312,3.0,3.0,0.2735039948250601,6.2776985512920325,2.480563016001436,6.281627702683712
APA,2021-11-01,stress,True,True,D-1,26.9300003052,27.3299999237,26.5100002289,27.1700000763,27.4899997711,28.0300006866,4.084665313529912,1,1.9508634474203923,-0.24804995252696305,-4.440497395880982,0.6691461254750619,-3.2127062099383097,-5.310697993106029,2.0,4.0,0.10452932034111297,9.805424234523684,1.9508634474203923,4.515921231010333
APA,2021-11-02,stress,True,True,D-1,26.8899993896,27.4899997711,26.7000007629,27.2900009155,28.0300006866,29.9699993134,11.454072122408544,1,-0.24804995252696305,-4.440497395880982,0.6691461254750619,-3.2127062099383097,3.6627280630761927,-3.720762801724864,2.0,4.0,0.4548736536674511,5.5576011213086085,3.6627280630761927,0.6691461254750619
APA,2021-11-03,stress,True,True,D-1,27.0,28.0300006866,26.9099998474,27.6299991608,29.9699993134,30.3400001526,12.370370935555552,1,-4.440497395880982,0.6691461254750619,-3.2127062099383097,3.6627280630761927,0.4416666870187935,-3.0550576009060304,3.0,4.0,0.6244345922107555,3.041406727211138,3.6627280630761927,0.6691461254750619
APA,2021-11-04,stress,True,True,D-1,28.3500003815,29.9699993134,28.1200008392,29.0799999237,30.3400001526,31.1399993896,9.841266210072552,1,0.6691461254750619,-3.2127062099383097,3.6627280630761927,0.4416666870187935,1.2458711392233424,2.713752983840023,4.0,0.0,0.8113201096887563,1.447707339663995,3.6627280630761927,3.6627280630761927
APA,2021-11-05,stress,True,True,D-1,30.1399993896,30.3400001526,29.1000003815,29.8999996185,31.1399993896,30.9500007629,3.3178501003721106,1,-3.2127062099383097,3.6627280630761927,0.4416666870187935,1.2458711392233424,5.247921849223891,7.385524393039722,4.0,0.0,0.780788298827821,3.060520605347916,5.247921849223891,3.6627280630761927
APA,2021-11-08,stress,True,True,D-1,30.3299999237,31.1399993896,30.1200008392,30.6599998474,30.9500007629,30.1700000763,2.0441834512354484,0,3.6627280630761927,0.4416666870187935,1.2458711392233424,5.247921849223891,2.8198063856654576,14.078598484889614,5.0,0.0,0.8851173517322339,1.4715737114182392,5.247921849223891,3.6627280630761927
APA,2021-11-09,stress,True,True,D-1,30.6000003815,30.9500007629,29.6100006104,30.0100002289,30.1700000763,29.9099998474,-1.4052297380361067,0,0.4416666870187935,1.2458711392233424,5.247921849223891,2.8198063856654576,2.5418068180501407,12.845048808609615,5.0,0.0,0.8918919615619894,1.5655562445826332,5.247921849223891,5.247921849223891
APA,2021-11-10,stress,True,True,D-1,29.8600006104,30.1700000763,28.4300003052,28.7299995422,29.9099998474,29.6800003052,0.16744553241097027,0,1.2458711392233424,5.247921849223891,2.8198063856654576,2.5418068180501407,-2.120024858888314,9.967018036467401,4.0,1.0,0.7328606895989656,3.7654087040352557,5.247921849223891,5.247921849223891
APA,2021-11-11,stress,True,True,D-1,28.9200000763,29.9099998474,28.8899993896,29.4099998474,29.6800003052,29.9300003052,3.4923935900252667,1,5.247921849223891,2.8198063856654576,2.5418068180501407,-2.120024858888314,-4.265247174064801,3.981181378248544,3.0,2.0,0.20198642245017223,8.388443737564554,5.247921849223891,11.54276958179381
APA,2021-11-12,stress,True,True,D-1,29.1499996185,29.6800003052,28.9300003052,29.4500007629,29.9300003052,30.3400001526,4.082334647252495,1,2.8198063856654576,2.5418068180501407,-2.120024858888314,-4.265247174064801,2.3668650053446205,1.134800290804172,3.0,3.0,0.36162356948433283,5.8823514150848855,2.8198063856654576,4.819141197140042
APA,2021-11-15,stress,True,True,D-1,29.1200008392,29.9300003052,29.0799999237,29.6100006104,30.3400001526,29.5400009155,4.189557960993229,1,2.5418068180501407,-2.120024858888314,-4.265247174064801,2.3668650053446205,0.1360112740821151,-1.5050129141860324,3.0,4.0,0.37638405989566254,5.738535086318208,2.5418068180501407,2.5418068180501407
APA,2021-11-16,stress,True,True,D-1,29.8299999237,30.3400001526,29.5,29.6200008392,29.5400009155,28.3400001526,-0.9721723397310367,0,-2.120024858888314,-4.265247174064801,2.3668650053446205,0.1360112740821151,0.543293186265581,-3.4246550627071937,3.0,4.0,0.4682540043175168,4.525498564256525,2.3668650053446205,2.3668650053446205
APA,2021-11-17,stress,True,True,D-1,29.4699993134,29.5400009155,27.5900001526,27.6599998474,28.3400001526,27.0100002289,-3.8344051141059543,0,-4.265247174064801,2.3668650053446205,0.1360112740821151,0.543293186265581,0.03377314621360039,-1.299564767495165,4.0,0.0,0.6230369785735306,2.4307876198542466,2.3668650053446205,2.3668650053446205
APA,2021-11-18,stress,True,True,D-1,27.5799999237,28.3400001526,26.9400005341,27.5799999237,27.0100002289,27.3600006104,-0.7976769902415803,0,2.3668650053446205,0.1360112740821151,0.543293186265581,0.03377314621360039,-6.617153734871184,-3.7243289657152068,4.0,1.0,0.025454434472728528,9.689082863288267,2.3668650053446205,8.952480415008257
APA,2021-11-19,stress,True,True,D-1,26.6000003815,27.0100002289,25.6499996185,26.0,27.3600006104,28.5,7.142855606203025,1,0.1360112740821151,0.543293186265581,0.03377314621360039,-6.617153734871184,-0.28922604534113994,-6.222373115251079,3.0,2.0,0.18823513570932487,10.007252489251384,0.543293186265581,7.4305344344163915
APA,2021-11-22,stress,True,True,D-1,26.0599994659,27.3600006104,25.9200000763,26.5300006866,28.5,29.2099990845,12.087489190941225,1,0.543293186265581,0.03377314621360039,-6.617153734871184,-0.28922604534113994,-5.72878871671888,-11.714773084984708,2.0,3.0,0.07462693851636494,16.69230827923076,0.543293186265581,6.544738799274286
APA,2021-11-23,stress,True,True,D-1,27.1800003052,28.5,27.0699996948,28.4699993134,29.2099990845,26.5499992371,7.4687224301157595,1,0.03377314621360039,-6.617153734871184,-0.28922604534113994,-5.72878871671888,2.03846417923077,-10.40189078117818,2.0,4.0,0.18763346863218874,14.361098256301164,2.03846417923077,3.8408769895958317
APA,2021-11-24,stress,True,True,D-1,27.9699993134,29.2099990845,27.9699993134,28.6100006104,26.5499992371,27.6800003052,-1.0368216493343407,0,-6.617153734871184,-0.28922604534113994,-5.72878871671888,2.03846417923077,7.312471076489158,-3.882516857589191,2.0,4.0,0.7249354125086812,3.758347832472131,7.312471076489158,0.0
APA,2021-11-26,stress,True,True,D-1,26.3500003815,26.5499992371,25.0699996948,26.2399997711,27.6800003052,26.5100002289,5.047437967529511,1,-0.28922604534113994,-5.72878871671888,2.03846417923077,7.312471076489158,0.49175026475714034,3.4345653226361073,3.0,0.0,0.8314610775000602,2.0971634438969433,7.312471076489158,2.03846417923077
APA,2021-11-29,stress,True,True,D-1,27.4300003052,27.6800003052,26.3500003815,26.8299999237,26.5100002289,27.1700000763,-0.9478681225195351,0,-5.72878871671888,2.03846417923077,7.312471076489158,0.49175026475714034,-8.283819604108933,-4.8585937502070635,3.0,1.0,0.28260875574302474,11.318595043095536,7.312471076489158,15.145276120676154
APA,2021-11-30,stress,True,True,D-1,25.25,26.5100002289,25.0300006866,25.7700004578,27.1700000763,26.3400001526,7.6039606982178265,1,2.03846417923077,7.312471076489158,0.49175026475714034,-8.283819604108933,2.2484762109251655,3.1923073988461503,4.0,2.0,0.4251208909061063,8.870664061007517,7.312471076489158,13.534074182827272
APA,2021-12-01,stress,True,True,D-1,26.8600006104,27.1700000763,25.2000007629,25.25,26.3400001526,26.9699993134,0.4095260629197739,0,7.312471076489158,0.49175026475714034,-8.283819604108933,2.2484762109251655,-3.9507993623349336,-2.8646822809313743,3.0,3.0,0.17703350593908543,13.348849691846997,7.312471076489158,9.10362701170241
APA,2021-12-02,stress,True,True,D-1,25.2099990845,26.3400001526,24.7700004578,26.1800003052,26.9699993134,26.4799995422,6.981357766022711,1,0.49175026475714034,-8.283819604108933,2.2484762109251655,-3.9507993623349336,-2.0178519540639206,-11.310148897279525,2.0,4.0,0.052631434861440354,15.683164691089125,2.2484762109251655,8.137406245189993
APA,2021-12-03,stress,True,True,D-1,26.7099990845,26.9699993134,25.2800006866,25.5799999237,26.4799995422,27.4599990845,2.8079371984525148,0,-8.283819604108933,2.2484762109251655,-3.9507993623349336,-2.0178519540639206,3.6831695255445496,-8.493534615013854,2.0,3.0,0.4845360554433687,5.729564486300109,3.6831695255445496,2.2484762109251655
APA,2021-12-06,stress,True,True,D-1,26.3799991608,26.4799995422,25.3299999237,25.8500003815,27.4599990845,27.2000007629,4.09401045510589,1,2.2484762109251655,-3.9507993623349336,-2.0178519540639206,3.6831695255445496,-2.2918272517392757,-2.515243342825424,2.0,4.0,0.2783503465210532,8.209540217997958,3.6831695255445496,2.2484762109251655
APA,2021-12-07,stress,True,True,D-1,26.4200000763,27.4599990845,26.2999992371,26.8899993896,27.2000007629,26.4899997711,2.952311447189193,0,-3.9507993623349336,-2.0178519540639206,3.6831695255445496,-2.2918272517392757,1.055513911670669,-3.6526259596979305,2.0,3.0,0.45000003973958985,5.106381722704656,3.6831695255445496,4.943673421086725
APA,2021-12-08,stress,True,True,D-1,26.8899993896,27.2000007629,26.6100006104,26.6299991608,26.4899997711,26.8099994659,-0.29750809042763393,0,-2.0178519540639206,3.6831695255445496,-2.2918272517392757,1.055513911670669,4.023206935208767,4.346134698887849,3.0,0.0,0.7881040944622126,2.119746031383163,4.023206935208767,3.6831695255445496
APA,2021-12-09,stress,True,True,D-1,26.2299995422,26.4899997711,25.9500007629,26.0300006866,26.8099994659,26.5799999237,2.2112082875444417,0,3.6831695255445496,-2.2918272517392757,1.055513911670669,4.023206935208767,-0.9669030669467338,5.465343211089113,3.0,1.0,0.6914496849694619,3.1167853918740773,4.023206935208767,3.6831695255445496
APA,2021-12-10,stress,True,True,D-1,26.5300006866,26.8099994659,25.7999992371,26.6700000763,26.5799999237,25.7099990845,0.1884630071843585,0,-2.2918272517392757,1.055513911670669,4.023206935208767,-0.9669030669467338,-2.253092351137631,-0.5729549917927401,2.0,2.0,0.34403695008330165,5.493654860470865,4.023206935208767,7.221417134248831
APA,2021-12-13,stress,True,True,D-1,26.3400001526,26.5799999237,25.1599998474,25.2800006866,25.7099990845,25.2299995422,-2.3918035856116293,0,1.055513911670669,4.023206935208767,-0.9669030669467338,-2.253092351137631,2.4586990888151083,4.261142126079953,3.0,3.0,0.6291083007266122,2.962126006523813,4.023206935208767,4.023206935208767
APA,2021-12-14,stress,True,True,D-1,24.7900009155,25.7099990845,24.6499996185,24.9500007629,25.2299995422,25.8400001526,4.23557562857324,1,4.023206935208767,-0.9669030669467338,-2.253092351137631,2.4586990888151083,-5.211846215685634,-2.2050278007265667,2.0,4.0,0.052174295219030095,8.623411149887893,4.023206935208767,6.904497677494814
APA,2021-12-15,stress,True,True,D-1,24.8600006104,25.2299995422,23.6700000763,25.1000003815,25.8400001526,24.9300003052,3.942073685187375,1,-0.9669030669467338,-2.253092351137631,2.4586990888151083,-5.211846215685634,-1.3053794095619686,-7.214572966670707,1.0,4.0,0.1176474548095107,9.018035796398415,2.4586990888151083,8.907890346705116
APA,2021-12-16,stress,True,True,D-1,25.5499992371,25.8400001526,24.5599994659,24.7900009155,24.9300003052,23.9799995422,-2.4266103734348787,0,-2.253092351137631,2.4586990888151083,-5.211846215685634,-1.3053794095619686,0.6012008577692907,-5.745395522025387,2.0,3.0,0.4554141984665054,6.812745252627006,2.4586990888151083,3.1707255928152156
APA,2021-12-17,stress,True,True,D-1,24.3099994659,24.9300003052,23.9400005341,24.3799991608,23.9799995422,25.3999996185,4.483752268810037,1,2.4586990888151083,-5.211846215685634,-1.3053794095619686,0.6012008577692907,-1.235057614694246,-4.763733147876337,2.0,4.0,0.3566882346886936,8.148440805974278,2.4586990888151083,3.0999810227135494
APA,2021-12-20,stress,True,True,D-1,23.3999996185,23.9799995422,22.9400005341,23.9400005341,25.3999996185,26.2000007629,11.965817051493977,1,-5.211846215685634,-1.3053794095619686,0.6012008577692907,-1.235057614694246,-1.6538997158473068,-8.586430104793974,1.0,4.0,0.24398595248531182,9.023793431614745,0.6012008577692907,3.4697315739308565
APA,2021-12-21,stress,True,True,D-1,24.5100002289,25.3999996185,24.4899997711,25.3400001526,26.2000007629,26.4300003052,7.833537569845084,1,-1.3053794095619686,0.6012008577692907,-1.235057614694246,-1.6538997158473068,-1.804752427586065,-5.300633370671881,1.0,2.0,0.34482763156956636,7.936506165877688,0.6012008577692907,4.030004205931059
APA,2021-12-22,stress,True,True,D-1,24.9400005341,26.2000007629,24.8799991608,25.8299999237,26.4300003052,28.0100002289,12.309541415616444,1,0.6012008577692907,-1.235057614694246,-1.6538997158473068,-1.804752427586065,5.847951492339543,1.5631237586169355,2.0,3.0,0.8275861842152168,1.9731649447077837,5.847951492339543,0.6012008577692907
APA,2021-12-23,stress,True,True,D-1,25.8999996185,26.4300003052,25.8799991608,26.0699996948,28.0100002289,28.6299991608,10.540538928618371,1,-1.235057614694246,-1.6538997158473068,-1.804752427586065,5.847951492339543,1.933700742498723,2.9083646657553475,2.0,0.0,0.8865028180270417,1.4324461490242246,5.847951492339543,0.0
APA,2021-12-27,stress,True,True,D-1,25.9400005341,28.0100002289,25.5100002289,27.9699993134,28.6299991608,28.5100002289,10.370079303444136,1,-1.6538997158473068,-1.804752427586065,5.847951492339543,1.933700742498723,0.9291512652301215,5.163367212704206,3.0,0.0,0.8968479558706295,1.380899940983915,5.847951492339543,5.847951492339543
APA,2021-12-28,stress,True,True,D-1,28.2800006866,28.6299991608,27.7299995422,27.9300003052,28.5100002289,28.2000007629,0.8132939770718606,0,-1.804752427586065,5.847951492339543,1.933700742498723,0.9291512652301215,7.288069201546543,14.72518571031074,4.0,0.0,0.9921102726019828,0.14301364491215995,7.288069201546543,5.847951492339543
APA,2021-12-29,stress,True,True,D-1,27.8899993896,28.5100002289,27.6000003815,27.9099998474,28.2000007629,27.1900005341,1.1115144499271645,0,5.847951492339543,1.933700742498723,0.9291512652301215,7.288069201546543,-0.14300682582010227,16.66666533869399,4.0,0.0,0.8309181258959739,2.5062615393873555,7.288069201546543,5.847951492339543
APA,2021-12-30,stress,True,True,D-1,27.9099998474,28.2000007629,27.0100002289,27.0599994659,27.1900005341,28.1399993896,0.824075755849285,0,1.933700742498723,0.9291512652301215,7.288069201546543,-0.14300682582010227,-0.07160922871982667,10.142066611378109,3.0,1.0,0.8080001830933337,2.579718084330529,7.288069201546543,7.502582850001483
APA,2021-12-31,stress,True,True,D-1,26.8799991608,27.1900005341,26.5300006866,26.8899993896,28.1399993896,29.9400005341,11.383934035840682,1,0.9291512652301215,7.288069201546543,-0.14300682582010227,-0.07160922871982667,-3.045504787343045,4.761903003613366,2.0,2.0,0.4967947973161927,5.801920642601854,7.288069201546543,10.403002355120572
APA,2022-01-03,stress,True,True,D-1,27.0799999237,28.1399993896,26.9799995422,28.0599994659,29.9400005341,30.0900001526,11.115215056798021,1,7.288069201546543,-0.14300682582010227,-0.07160922871982667,-3.045504787343045,-0.628233849428661,3.1453766950505946,1.0,3.0,0.44230757472074345,6.470806287459285,7.288069201546543,10.942674946358188
APA,2022-01-04,stress,True,True,D-1,28.7000007629,29.9400005341,28.6000003815,29.4599990845,30.0900001526,29.9099998474,4.843203319690592,1,-0.14300682582010227,-0.07160922871982667,-3.045504787343045,-0.628233849428661,4.3510602560761225,0.3217738816921667,1.0,4.0,0.7285713766448594,2.0313603198485186,4.3510602560761225,0.0
APA,2022-01-05,stress,True,True,D-1,30.0,30.0900001526,28.3700008392,28.3999996185,29.9099998474,30.2999992371,0.9999974569999903,0,-0.07160922871982667,-3.045504787343045,-0.628233849428661,4.3510602560761225,4.989307360113671,5.477976235521731,2.0,0.0,0.8592371052591375,1.6293328734438006,4.989307360113671,0.0
APA,2022-01-06,stress,True,True,D-1,29.3600006104,29.9099998474,28.7800006866,29.6200008392,30.2999992371,29.8400001526,3.201630133369382,1,-3.045504787343045,-0.628233849428661,4.3510602560761225,4.989307360113671,-3.5980974166347046,1.7556423281229305,2.0,0.0,0.5252806776404165,5.950706185922328,4.989307360113671,4.3510602560761225
APA,2022-01-07,stress,True,True,D-1,29.8500003815,30.2999992371,29.4200000763,29.6700000763,29.8400001526,32.1399993896,7.671688371298191,1,-0.628233849428661,4.3510602560761225,4.989307360113671,-3.5980974166347046,4.295779003832378,9.460463502691564,3.0,1.0,0.8679777011517116,1.5867633358672473,4.989307360113671,4.989307360113671
APA,2022-01-10,stress,True,True,D-1,29.6399993896,29.8400001526,28.6499996185,29.4200000763,32.1399993896,33.0900001526,11.639678927289477,1,4.3510602560761225,4.989307360113671,-3.5980974166347046,4.295779003832378,0.1688022811728862,10.338418556361862,4.0,0.0,0.8102411991881292,2.123354092281371,4.989307360113671,4.989307360113671
APA,2022-01-11,stress,True,True,D-1,29.7600002289,32.1399993896,29.4899997711,32.0,33.0900001526,33.3100013733,11.928767194539812,1,4.989307360113671,-3.5980974166347046,4.295779003832378,0.1688022811728862,-0.842601952669686,4.846759216986962,3.0,1.0,0.544041507103056,2.991159614268346,4.989307360113671,5.664529362927773
APA,2022-01-12,stress,True,True,D-1,32.8300018311,33.0900001526,31.8899993896,32.6500015259,33.3100013733,33.3699989319,1.6448281166054013,0,-3.5980974166347046,4.295779003832378,0.1688022811728862,-0.842601952669686,8.769544245441319,8.621863524891914,3.0,0.0,0.962864869116423,0.4374980924999994,8.769544245441319,4.295779003832378
APA,2022-01-13,stress,True,True,D-1,32.6599998474,33.3100013733,31.9500007629,32.0900001526,33.3699989319,34.4000015259,5.327623045407082,1,4.295779003832378,0.1688022811728862,-0.842601952669686,8.769544245441319,2.031254768437507,14.964795649615127,4.0,0.0,0.9009012221235723,1.3476220708625641,8.769544245441319,4.295779003832378
APA,2022-01-14,stress,True,True,D-1,32.3100013733,33.3699989319,31.6700000763,33.2900009155,34.4000015259,33.5299987793,6.46858577458036,1,0.1688022811728862,-0.842601952669686,8.769544245441319,2.031254768437507,-1.7151649222918897,8.33895760776322,3.0,0.0,0.7381972615260614,3.8018112025504314,8.769544245441319,8.769544245441319
APA,2022-01-18,stress,True,True,D-1,34.0999984741,34.4000015259,32.4700012207,32.9700012207,33.5299987793,32.8699989319,-1.671553431983075,0,-0.842601952669686,8.769544245441319,2.031254768437507,-1.7151649222918897,3.739485064485981,12.200879103103235,3.0,0.0,0.9830512652463985,0.24030644097323695,8.769544245441319,8.769544245441319
APA,2022-01-19,stress,True,True,D-1,33.3699989319,33.5299987793,32.0999984741,32.3800010681,32.8699989319,31.0400009155,-1.4983518609646307,0,8.769544245441319,2.031254768437507,-1.7151649222918897,3.739485064485981,-0.9612486812849874,12.066625204599468,3.0,0.0,0.7087576794036704,4.337277076902835,8.769544245441319,8.769544245441319
APA,2022-01-20,stress,True,True,D-1,31.7800006866,32.8699989319,31.1499996185,31.25,31.0400009155,30.6900005341,-2.328507725338169,0,2.031254768437507,-1.7151649222918897,3.739485064485981,-0.9612486812849874,-1.789506007750985,1.187503337812501,2.0,1.0,0.2600734852738008,6.238419985075483,3.739485064485981,6.4730381506209245
APA,2022-01-21,stress,True,True,D-1,30.7999992371,31.0400009155,29.4699993134,30.1000003815,30.6900005341,33.4000015259,8.441566081820495,1,-1.7151649222918897,3.739485064485981,-0.9612486812849874,-1.789506007750985,-3.4898117073048796,-4.28790646392293,1.0,2.0,0.03076933009556276,10.080004882880012,3.739485064485981,8.956352389380429
APA,2022-01-24,stress,True,True,D-1,28.9899997711,30.6900005341,27.9799995422,30.5400009155,33.4000015259,34.2900009155,18.28217035615003,1,3.739485064485981,-0.9612486812849874,-1.789506007750985,-3.4898117073048796,-3.6799987792,-6.201308076150836,1.0,3.0,0.12778920595666973,14.285717906644479,3.739485064485981,10.780870522765673
APA,2022-01-25,stress,True,True,D-1,30.2999992371,33.4000015259,29.6100006104,33.0699996948,34.2900009155,34.4900016785,13.82839124388382,1,-0.9612486812849874,-1.789506007750985,-3.4898117073048796,-3.6799987792,1.4617957754925248,-8.260738733472339,1.0,4.0,0.3987539847806413,12.639163374880358,1.4617957754925248,2.2719970704000003
APA,2022-01-26,stress,True,True,D-1,33.5400009155,34.2900009155,32.3300018311,33.1100006104,34.4900016785,33.9799995422,2.8324410765325103,0,-1.789506007750985,-3.4898117073048796,-3.6799987792,1.4617957754925248,8.284213174387789,0.30330139641372433,2.0,4.0,0.9171172706790572,1.39098605607888,8.284213174387789,0.0
APA,2022-01-27,stress,True,True,D-1,33.8600006104,34.4900016785,32.2700004578,32.9500007629,33.9799995422,33.5499992371,0.3543973113903087,0,-3.4898117073048796,-3.6799987792,1.4617957754925248,8.284213174387789,0.12095831862461992,2.254476584990539,3.0,0.0,0.812995237989483,3.5638788382545528,8.284213174387789,1.4617957754925248
APA,2022-01-28,stress,True,True,D-1,33.0699996948,33.9799995422,32.0900001526,33.1699981689,33.5499992371,34.9900016785,5.805872396188438,1,-3.6799987792,1.4617957754925248,8.284213174387789,0.12095831862461992,-0.4832372230453741,5.440002441279979,3.0,0.0,0.763440797198375,4.673750773729779,8.284213174387789,8.647076594428505
APA,2022-01-31,stress,True,True,D-1,33.0999984741,33.5499992371,32.3899993896,33.2099990845,34.9900016785,34.9099998474,5.709979732714765,1,1.4617957754925248,8.284213174387789,0.12095831862461992,-0.4832372230453741,0.6676704124623623,10.199328068071644,4.0,1.0,0.7972345504712489,3.979510348112192,8.284213174387789,8.284213174387789
APA,2022-02-01,stress,True,True,D-1,33.0200004578,34.9900016785,32.6100006104,34.7099990845,34.9099998474,35.1500015259,6.4506391234675275,1,8.284213174387789,0.12095831862461992,-0.4832372230453741,0.6676704124623623,0.1205936623701831,8.74262635547234,4.0,2.0,0.7377044438848117,3.8542686819808214,8.284213174387789,8.284213174387789
APA,2022-02-02,stress,True,True,D-1,34.7599983215,34.9099998474,33.8199996948,34.7700004578,35.1500015259,36.4599990845,4.890681372526129,1,0.12095831862461992,-0.4832372230453741,0.6676704124623623,0.1205936623701831,4.516711958297193,4.959175702556395,4.0,0.0,0.9034474321826071,0.8066914473790376,4.516711958297193,0.6676704124623623
APA,2022-02-03,stress,True,True,D-1,34.3800010681,35.1500015259,33.9000015259,34.5400009155,36.4599990845,34.7799987793,6.050023129085802,1,-0.4832372230453741,0.6676704124623623,0.1205936623701831,4.516711958297193,0.17286480807428006,5.013590506786603,4.0,1.0,0.9241375500201773,0.6327328668488619,4.516711958297193,0.6676704124623623
APA,2022-02-04,stress,True,True,D-1,35.0499992371,36.4599990845,34.4099998474,34.4900016785,34.7799987793,33.8800010681,-0.7703294256115378,0,0.6676704124623623,0.1205936623701831,4.516711958297193,0.17286480807428006,-0.6614884649747022,4.825493522871982,4.0,0.0,0.8006534847590098,1.7660700469937174,4.516711958297193,5.0064790959630345
APA,2022-02-07,stress,True,True,D-1,34.1800003052,34.7799987793,33.2799987793,34.0900001526,33.8800010681,33.9099998474,-0.789936967200433,0,0.1205936623701831,4.516711958297193,0.17286480807428006,-0.6614884649747022,-0.14475748602995608,3.979510348112192,3.0,0.0,0.5159711170326264,5.711792722898101,4.516711958297193,5.322000355229584
APA,2022-02-08,stress,True,True,D-1,33.7799987793,33.8800010681,32.3199996948,32.8699989319,33.9099998474,34.6100006104,2.4570807018756247,0,4.516711958297193,0.17286480807428006,-0.6614884649747022,-0.14475748602995608,-1.1597608188849473,2.649807565067719,2.0,1.0,0.3844156178648806,6.952182227312909,4.516711958297193,5.819551422606716
APA,2022-02-09,stress,True,True,D-1,32.7299995422,33.9099998474,32.7000007629,33.4300003052,34.6100006104,34.4599990845,5.743969124643722,1,0.17286480807428006,-0.6614884649747022,-0.14475748602995608,-1.1597608188849473,-3.578765665118222,-5.301066554685285,1.0,2.0,0.13285007685468572,10.921814022682973,0.17286480807428006,4.869886170093696
APA,2022-02-10,stress,True,True,D-1,33.25,34.6100006104,33.1300010681,33.4599990845,34.4599990845,34.1599998474,3.6390949909774317,1,-0.6614884649747022,-0.14475748602995608,-1.1597608188849473,-3.578765665118222,1.7036854015730407,-3.8538974258178427,1.0,3.0,0.2681161289930599,9.063711491587068,1.7036854015730407,1.9360511717383067
APA,2022-02-11,stress,True,True,D-1,33.6399993896,34.4599990845,33.3600006104,34.1399993896,34.1599998474,32.3800010681,1.5457802236487739,0,-0.14475748602995608,-1.1597608188849473,-3.578765665118222,1.7036854015730407,0.08973610238147689,-3.126814714458648,2.0,4.0,0.27536221201776667,8.965929713338582,1.7036854015730407,0.0
APA,2022-02-14,stress,True,True,D-1,33.8499984741,34.1599998474,31.9400005341,32.1399993896,32.3800010681,33.2299995422,-1.8316069714874206,0,-1.1597608188849473,-3.578765665118222,1.7036854015730407,0.08973610238147689,2.0322783135251266,-1.014793481782228,3.0,4.0,0.7398375496427946,1.8746321064521343,2.0322783135251266,1.7036854015730407
APA,2022-02-15,stress,True,True,D-1,31.0499992371,32.3800010681,30.8999996185,32.2299995422,33.2299995422,33.2400016785,7.053148132716491,1,-3.578765665118222,1.7036854015730407,0.08973610238147689,2.0322783135251266,-5.858230919035268,-5.720154749988393,3.0,2.0,0.07490593624894228,7.685131511232246,2.0322783135251266,5.648693563606955
APA,2022-02-16,stress,True,True,D-1,32.4199981689,33.2299995422,31.9799995422,32.4000015259,33.2400016785,32.3699989319,2.529313867718286,0,1.7036854015730407,0.08973610238147689,2.0322783135251266,-5.858230919035268,0.2800253712174072,-1.94706239883351,4.0,3.0,0.35849044962623194,7.384427868463894,2.0322783135251266,7.626888394220798
APA,2022-02-17,stress,True,True,D-1,32.2700004578,33.2400016785,32.0999984741,32.3899993896,32.3699989319,33.2400016785,3.0058915616331783,1,0.08973610238147689,2.0322783135251266,-5.858230919035268,0.2800253712174072,0.5274650515505463,-3.081061232116644,4.0,4.0,0.40431307449106824,6.8209845074648,2.0322783135251266,2.0322783135251266
APA,2022-02-18,stress,True,True,D-1,31.8099994659,32.3699989319,31.4200000763,32.1599998474,33.2400016785,32.2799987793,4.495448716159056,1,2.0322783135251266,-5.858230919035268,0.2800253712174072,0.5274650515505463,-0.030870789595505155,-3.197847352589034,3.0,4.0,0.4185393243258425,6.390860555448619,2.0322783135251266,2.0322783135251266
APA,2022-02-22,stress,True,True,D-1,33.0200004578,33.2400016785,30.4300003052,31.0400009155,32.2799987793,32.4500007629,-1.726225581457741,0,-5.858230919035268,0.2800253712174072,0.5274650515505463,-0.030870789595505155,-0.71009430853477,-5.799647268895858,2.0,4.0,0.3865031105611775,6.218905502145677,0.5274650515505463,1.2682109379609119
APA,2022-02-23,stress,True,True,D-1,31.4400005341,32.2799987793,30.6499996185,30.8299999237,32.4500007629,33.7400016785,7.31552514417233,1,0.2800253712174072,0.5274650515505463,-0.030870789595505155,-0.71009430853477,-3.482583759995106,-3.4225217641290384,2.0,2.0,0.21708196163037025,7.087631115053927,0.5274650515505463,4.695413491010747
APA,2022-02-24,stress,True,True,D-1,31.1299991608,32.4500007629,29.9500007629,32.3100013733,33.7400016785,35.6699981689,14.583999776707124,1,0.5274650515505463,-0.030870789595505155,-0.71009430853477,-3.482583759995106,-0.6765495670302379,-4.343777965826289,1.0,3.0,0.14234854911485345,7.817067015129497,0.5274650515505463,4.663036973226175
APA,2022-02-25,stress,True,True,D-1,32.1399993896,33.7400016785,32.1300010681,33.6699981689,35.6699981689,37.6399993896,17.112632558977946,1,-0.030870789595505155,-0.71009430853477,-3.482583759995106,-0.6765495670302379,4.80052368881867,-0.2777782356832903,1.0,4.0,0.7173252138653589,2.8783666532695484,4.80052368881867,0.0
APA,2022-02-28,stress,True,True,D-1,33.4500007629,35.6699981689,33.3100013733,35.6300010681,37.6399993896,39.1699981689,17.1001413319672,1,-0.71009430853477,-3.482583759995106,-0.6765495670302379,4.80052368881867,4.209213054146965,3.9518332924420863,2.0,0.0,0.9815294214542645,0.2079106427295807,4.80052368881867,0.0
APA,2022-03-01,stress,True,True,D-1,36.2900009155,37.6399993896,35.9900016785,37.2900009155,39.1699981689,38.2900009155,7.936062774167385,1,-3.482583759995106,-0.6765495670302379,4.80052368881867,4.209213054146965,5.821214748417769,10.789804841931726,3.0,0.0,0.993007496689064,0.1122568049424233,5.821214748417769,4.80052368881867
APA,2022-03-02,stress,True,True,D-1,38.0,39.1699981689,37.2099990845,37.8699989319,38.2900009155,39.7299995422,4.55263037421052,1,-0.6765495670302379,4.80052368881867,4.209213054146965,5.821214748417769,4.658994660783833,20.13530868447568,4.0,0.0,0.9544865362023879,0.9385853191398397,5.821214748417769,4.80052368881867
APA,2022-03-03,stress,True,True,D-1,37.1899986267,38.2900009155,37.1100006104,38.2799987793,39.7299995422,40.5600013733,9.061583412322438,1,4.80052368881867,4.209213054146965,5.821214748417769,4.658994660783833,1.5553714190414958,22.834897909902786,5.0,0.0,0.8590022122832687,3.4327944907992514,5.821214748417769,5.821214748417769
APA,2022-03-04,stress,True,True,D-1,38.4399986267,39.7299995422,37.9000015259,39.4799995422,40.5600013733,41.2000007629,7.180026625398805,1,4.209213054146965,5.821214748417769,4.658994660783833,1.5553714190414958,1.082650802650642,18.477242811055493,5.0,1.0,0.8735795800968634,2.324972356272048,5.821214748417769,5.821214748417769
APA,2022-03-07,stress,True,True,D-1,39.9099998474,40.5600013733,37.3300018311,37.9199981689,41.2000007629,38.9000015259,3.232274919650324,1,5.821214748417769,4.658994660783833,1.5553714190414958,1.082650802650642,3.134798331155908,17.25572227285277,5.0,0.0,0.9610591789245269,0.6332320235535427,5.821214748417769,5.821214748417769
APA,2022-03-08,stress,True,True,D-1,39.1300010681,41.2000007629,37.4599990845,38.6300010681,38.9000015259,40.2000007629,2.7344739728931255,0,4.658994660783833,1.5553714190414958,1.082650802650642,3.134798331155908,-3.951371305444207,6.427159787121828,4.0,0.0,0.4223187350747659,6.962034103063819,4.658994660783833,5.599435156812982
APA,2022-03-09,stress,True,True,D-1,36.9900016785,38.9000015259,36.3600006104,38.7000007629,40.2000007629,40.1500015259,8.678018217733063,1,1.5553714190414958,1.082650802650642,3.134798331155908,-3.951371305444207,1.8723706051819056,3.593457011804513,4.0,0.0,0.3716382398594547,6.65285949712866,3.134798331155908,5.287783346242946
APA,2022-03-10,stress,True,True,D-1,39.0600013733,40.2000007629,38.2400016785,40.0400009155,40.1500015259,38.4900016785,2.7905788895980166,0,1.082650802650642,3.134798331155908,-3.951371305444207,1.8723706051819056,0.18120552126466016,2.191713373144144,4.0,1.0,0.4834710906550944,6.459948193067322,3.134798331155908,3.134798331155908
APA,2022-03-11,stress,True,True,D-1,39.5600013733,40.1500015259,39.0,39.0499992371,38.4900016785,36.8400001526,-2.704751409645212,0,3.134798331155908,-3.951371305444207,1.8723706051819056,0.18120552126466016,3.4625326257993416,4.5977068765000295,4.0,2.0,0.7603306175928896,2.8971024497428166,3.4625326257993416,3.134798331155908
APA,2022-03-14,stress,True,True,D-1,38.0099983215,38.4900016785,36.4399986267,37.5800018311,36.8400001526,37.1300010681,-2.3151730919762636,0,-3.951371305444207,1.8723706051819056,0.18120552126466016,3.4625326257993416,-2.472531607802131,-1.0891598533084301,3.0,3.0,0.5557848227154586,5.505765858651679,3.4625326257993416,1.8723706051819056
APA,2022-03-15,stress,True,True,D-1,35.5699996948,36.8400001526,34.7999992371,36.7000007629,37.1300010681,39.8499984741,12.03260842289433,1,1.8723706051819056,0.18120552126466016,3.4625326257993416,-2.472531607802131,-3.7643980402524924,-0.8966148581696087,3.0,4.0,0.2520663599710495,9.632780083592763,3.4625326257993416,9.606386342465235
APA,2022-03-16,stress,True,True,D-1,36.7999992371,37.1300010681,35.8899993896,36.8499984741,39.8499984741,39.3800010681,8.288041576710503,1,0.18120552126466016,3.4625326257993416,-2.472531607802131,-3.7643980402524924,-2.341673830020252,-4.9961176594265355,2.0,3.0,0.3518520349896594,9.536784542898836,3.4625326257993416,9.480454572305696
APA,2022-03-17,stress,True,True,D-1,37.8199996948,39.8499984741,37.6199989319,39.4300003052,39.3800010681,41.7299995422,10.338444946993475,1,3.4625326257993416,-2.472531607802131,-3.7643980402524924,-2.341673830020252,0.4087131010406697,-4.78036757708159,2.0,4.0,0.3796293810669421,9.090915678475664,3.4625326257993416,5.4050640825058505
APA,2022-03-18,stress,True,True,D-1,39.1399993896,39.3800010681,38.6399993896,39.1100006104,41.7299995422,41.2799987793,6.6172718267548,1,-2.472531607802131,-3.7643980402524924,-2.341673830020252,0.4087131010406697,7.001362111082177,-1.52347801286854,2.0,4.0,0.8654203901543561,1.8260238780800853,7.001362111082177,0.0
APA,2022-03-21,stress,True,True,D-1,40.1300010681,41.7299995422,40.0499992371,40.8800010681,41.2799987793,41.7400016785,4.011962540613578,1,-3.7643980402524924,-2.341673830020252,0.4087131010406697,7.001362111082177,-0.8115640180651917,0.15365268750886507,2.0,1.0,0.8534657474246271,1.8920937155475714,7.001362111082177,0.4087131010406697
APA,2022-03-22,stress,True,True,D-1,40.6800003052,41.2799987793,39.8499984741,40.5200004578,41.7400016785,41.7299995422,2.605706404492114,0,-2.341673830020252,0.4087131010406697,7.001362111082177,-0.8115640180651917,4.525697852403843,8.78126417298104,3.0,0.0,0.877345102932469,2.079252573120116,7.001362111082177,7.001362111082177
APA,2022-03-23,stress,True,True,D-1,41.4000015259,41.7400016785,40.2999992371,40.7099990845,41.7299995422,42.0900001526,1.6666632880878662,0,0.4087131010406697,7.001362111082177,-0.8115640180651917,4.525697852403843,-0.8806276929892665,10.408718298343045,3.0,1.0,0.79280838137285,2.986177371000198,7.001362111082177,7.001362111082177
APA,2022-03-24,stress,True,True,D-1,40.7999992371,41.7299995422,40.3499984741,40.7799987793,42.0900001526,40.5,3.1617670088752936,1,7.001362111082177,-0.8115640180651917,4.525697852403843,-0.8806276929892665,0.46890085032913476,10.474900326286306,3.0,0.0,0.749999537051279,2.53009731555649,7.001362111082177,7.417218224482969
APA,2022-03-25,stress,True,True,D-1,40.4399986267,42.0900001526,40.2400016785,41.5299987793,40.5,40.9700012207,1.310590039560644,0,-0.8115640180651917,4.525697852403843,-0.8806276929892665,0.46890085032913476,0.17194717851678476,3.423785096755294,3.0,1.0,0.6903218740716979,2.3541023245132964,4.525697852403843,4.525697852403843
APA,2022-03-28,stress,True,True,D-1,40.5,40.5,38.9300003052,39.8499984741,40.9700012207,42.3600006104,4.592594099753078,1,4.525697852403843,-0.8806276929892665,0.46890085032913476,0.17194717851678476,1.8391368868326152,6.187671007748552,4.0,0.0,0.7499995742525526,1.3484261732729097,4.525697852403843,4.525697852403843
APA,2022-03-29,stress,True,True,D-1,38.8800010681,40.9700012207,38.5200004578,40.9599990845,42.3600006104,42.7700004578,10.005142188361816,1,-0.8806276929892665,0.46890085032913476,0.17194717851678476,1.8391368868326152,-4.045269334410317,-2.519575751194747,3.0,1.0,0.2911386751037223,5.6210834737066895,1.8391368868326152,2.749431338407704
APA,2022-03-30,stress,True,True,D-1,41.4500007629,42.3600006104,40.6800003052,41.2000007629,42.7700004578,42.6899986267,3.1845589158142396,1,0.46890085032913476,0.17194717851678476,1.8391368868326152,-4.045269334410317,2.7854470587280744,1.0858801128549755,4.0,2.0,0.683473063108117,2.758791731827981,2.7854470587280744,3.211637998207828
APA,2022-03-31,stress,True,True,D-1,41.0600013733,42.7700004578,40.7999992371,41.3300018311,42.6899986267,43.6899986267,6.405253690785817,1,0.17194717851678476,1.8391368868326152,-4.045269334410317,2.7854470587280744,0.5859416107526716,1.2036396202881772,4.0,0.0,0.697916718384871,2.815533558301686,2.7854470587280744,1.8391368868326152
APA,2022-04-01,stress,True,True,D-1,41.4199981689,42.6899986267,41.4199981689,42.2200012207,43.6899986267,43.8800010681,5.939167088247443,1,1.8391368868326152,-4.045269334410317,2.7854470587280744,0.5859416107526716,0.3155365674581967,1.3487078672478559,4.0,0.0,0.6611767937176464,3.4841484706067183,2.7854470587280744,2.7854470587280744
APA,2022-04-04,stress,True,True,D-1,43.0,43.6899986267,42.2700004578,42.9799995422,43.8800010681,42.2400016785,2.0465141118604757,0,-4.045269334410317,2.7854470587280744,0.5859416107526716,0.3155365674581967,2.1533978954007438,1.6614554820163274,4.0,1.0,0.8705884147999993,1.302698297484528,2.7854470587280744,2.7854470587280744
APA,2022-04-05,stress,True,True,D-1,43.2299995422,43.8800010681,41.5800018311,41.6899986267,42.2400016785,41.9099998474,-2.290071418422268,0,2.7854470587280744,0.5859416107526716,0.3155365674581967,2.1533978954007438,1.8000907141788147,7.854457184319097,5.0,0.0,0.8626693740877923,1.6519290182934743,2.7854470587280744,2.7854470587280744
APA,2022-04-06,stress,True,True,D-1,41.9000015259,42.2400016785,40.3600006104,40.8100013733,41.9099998474,43.4000015259,3.5799521369296095,1,0.5859416107526716,0.3155365674581967,2.1533978954007438,1.8000907141788147,-3.0013981601684447,1.7822254846588947,4.0,0.0,0.315624400221922,5.253064316479561,2.1533978954007438,3.408733230967098
APA,2022-04-07,stress,True,True,D-1,41.5699996948,41.9099998474,39.3600006104,41.0,43.4000015259,42.4399986267,4.402217571651601,1,0.3155365674581967,2.1533978954007438,1.8000907141788147,-3.0013981601684447,-2.110811423333603,-0.9466004426659791,3.0,1.0,0.12784110920088665,7.522665012230445,2.1533978954007438,7.202253623678223
APA,2022-04-08,stress,True,True,D-1,41.3699989319,43.4000015259,41.2999992371,43.0200004578,42.4399986267,43.2599983215,4.568526561267672,1,2.1533978954007438,1.8000907141788147,-3.0013981601684447,-2.110811423333603,0.46556878291190706,-0.7984558830860689,3.0,2.0,0.3628316866221099,7.024392849024386,2.1533978954007438,3.808467814875627
APA,2022-04-11,stress,True,True,D-1,42.3600006104,42.4399986267,40.7299995422,41.0699996948,43.2599983215,43.9900016785,3.8479722488479196,1,1.8000907141788147,-3.0013981601684447,-2.110811423333603,0.46556878291190706,4.926830384878045,1.8948347085972372,3.0,3.0,0.8097343975187097,1.9990715972762585,4.926830384878045,1.8000907141788147
APA,2022-04-12,stress,True,True,D-1,41.9799995422,43.2599983215,41.9500007629,42.1800003052,43.9900016785,44.2799987793,5.478797670752589,1,-3.0013981601684447,-2.110811423333603,0.46556878291190706,4.926830384878045,-4.532777178635394,-4.4439271003822505,2.0,4.0,0.3783183431955083,6.8419805068948625,4.926830384878045,0.46556878291190706
APA,2022-04-13,stress,True,True,D-1,42.8499984741,43.9900016785,42.1300010681,43.6100006104,44.2799987793,44.9900016785,4.994173350305942,1,-2.110811423333603,0.46556878291190706,4.926830384878045,-4.532777178635394,2.7027042090300712,1.1753458734493183,3.0,2.0,0.6980195682581881,2.892368923358224,4.926830384878045,6.879410914076301
APA,2022-04-14,stress,True,True,D-1,43.3699989319,44.2799987793,43.3199996948,43.6800003052,44.9900016785,45.2200012207,4.265626779712139,1,0.46556878291190706,4.926830384878045,-4.532777178635394,2.7027042090300712,3.3902330366358813,6.861061364560284,4.0,0.0,0.9179263541172485,0.8713622168796231,4.926830384878045,4.926830384878045
APA,2022-04-18,stress,True,True,D-1,44.1100006104,44.9900016785,43.4599990845,43.9799995422,45.2200012207,45.1500015259,2.516437531035276,0,4.926830384878045,-4.532777178635394,2.7027042090300712,3.3902330366358813,0.160512941573554,6.536586110243903,4.0,0.0,0.8309863090026622,1.3736228706678233,4.926830384878045,4.926830384878045
APA,2022-04-19,stress,True,True,D-1,43.5499992371,45.2200012207,43.4599990845,44.3899993896,45.1500015259,45.2200012207,3.8346774118363847,1,-4.532777178635394,2.7027042090300712,3.3902330366358813,0.160512941573554,0.6868114352194477,2.231518071092764,4.0,0.0,0.7629104155386097,2.2965032897075854,3.3902330366358813,3.3902330366358813
APA,2022-04-20,stress,True,True,D-1,44.4300003052,45.1500015259,43.9500007629,44.3300018311,45.2200012207,42.6899986267,1.778079923640119,0,2.7027042090300712,3.3902330366358813,0.160512941573554,0.6868114352194477,0.9322415908772363,8.08375875206142,5.0,0.0,0.7461768455964042,1.8697946440937807,3.3902330366358813,3.3902330366358813
APA,2022-04-21,stress,True,True,D-1,44.8899993896,45.2200012207,41.6800003052,42.1899986267,42.6899986267,39.3499984741,-4.9008705565045885,0,3.3902330366358813,0.160512941573554,0.6868114352194477,0.9322415908772363,-0.13516007957877774,5.097206046333169,4.0,1.0,0.7119743217969962,2.007668289730624,3.3902330366358813,3.3902330366358813
APA,2022-04-22,stress,True,True,D-1,41.7799987793,42.6899986267,40.4700012207,40.7099990845,39.3499984741,39.9700012207,-4.332210654579461,0,0.160512941573554,0.6868114352194477,0.9322415908772363,-0.13516007957877774,-4.827437662992972,-3.2561384173917185,3.0,2.0,0.1440672851995499,7.181803016420241,0.9322415908772363,5.888314564862062
APA,2022-04-25,stress,True,True,D-1,39.0800018311,39.3499984741,36.9799995422,39.0800018311,39.9700012207,40.3300018311,3.198566892095811,1,0.6868114352194477,0.9322415908772363,-0.13516007957877774,-4.827437662992972,-3.5079392992996783,-6.799453296584401,2.0,3.0,0.05052586606315775,11.078364622015302,0.9322415908772363,9.09827497024056
APA,2022-04-26,stress,True,True,D-1,39.2000007629,39.9700012207,38.4900016785,38.6199989319,40.3300018311,41.9799995422,7.091833482643883,1,0.9322415908772363,-0.13516007957877774,-4.827437662992972,-3.5079392992996783,-4.003923581566982,-11.141422833345683,1.0,4.0,0.254854594796913,15.71135901205043,0.9322415908772363,8.303649262912183
APA,2022-04-27,stress,True,True,D-1,38.8400001526,40.3300018311,38.1100006104,39.9700012207,41.9799995422,42.6300010681,9.757983781177447,1,-0.13516007957877774,-4.827437662992972,-3.5079392992996783,-4.003923581566982,-1.1770800349193644,-12.998424278086018,0.0,3.0,0.19902901160555891,17.08959728465558,-0.13516007957877774,5.133874231394298
APA,2022-04-28,stress,True,True,D-1,40.4799995422,41.9799995422,38.9199981689,41.4500007629,42.6300010681,41.0999984741,5.311268651716872,1,-4.827437662992972,-3.5079392992996783,-4.003923581566982,-1.1770800349193644,3.4956041588206865,-9.83532693504473,1.0,4.0,0.3628642074553918,13.134850737210101,3.4956041588206865,0.0
APA,2022-04-29,stress,True,True,D-1,41.5400009155,42.6300010681,40.6699981689,40.9300003052,41.0999984741,42.9599990845,3.4183874282731397,1,-3.5079392992996783,-4.003923581566982,-1.1770800349193644,3.4956041588206865,3.7027758243688202,-1.7539651289101954,2.0,4.0,0.7828374671432041,2.9915508829371884,3.7027758243688202,0.0
APA,2022-05-02,stress,True,True,D-1,40.3100013733,41.0999984741,39.1800003052,40.6100006104,42.9599990845,45.2700004578,12.30463635703407,1,-4.003923581566982,-1.1770800349193644,3.4956041588206865,3.7027758243688202,-1.2545246034480817,0.5404107728996799,2.0,0.0,0.6991149904814925,4.153434522901844,3.7027758243688202,3.4956041588206865
APA,2022-05-03,stress,True,True,D-1,40.6399993896,42.9599990845,40.5800018311,42.5200004578,45.2700004578,45.25,11.392719334993018,1,-1.1770800349193644,3.4956041588206865,3.7027758243688202,-1.2545246034480817,-0.7818218724990889,3.915042752332787,2.0,1.0,0.5530972891255245,4.974145351730641,3.7027758243688202,5.729314152570353
APA,2022-05-04,stress,True,True,D-1,43.9799995422,45.2700004578,42.2099990845,45.2000007629,45.25,44.1699981689,2.8876772874483647,0,3.4956041588206865,3.7027758243688202,-1.2545246034480817,-0.7818218724990889,4.7032746089416655,10.09839884453909,3.0,0.0,0.9092786051274696,1.0348039086610195,4.7032746089416655,3.7027758243688202
APA,2022-05-05,stress,True,True,D-1,44.8300018311,45.25,40.6800003052,41.2999992371,44.1699981689,43.1300010681,-1.4722365274188576,0,3.7027758243688202,-1.2545246034480817,-0.7818218724990889,4.7032746089416655,6.302916924377322,13.084812065233177,3.0,0.0,0.9889764299735188,0.15486657902328282,6.302916924377322,3.7027758243688202
APA,2022-05-06,stress,True,True,D-1,41.9799995422,44.1699981689,41.1300010681,44.1100006104,43.1300010681,39.4799995422,2.7394033788494365,0,-1.2545246034480817,-0.7818218724990889,4.7032746089416655,6.302916924377322,-8.628321814102936,-0.3618854596843635,2.0,1.0,0.3481114743478151,9.612593932286861,6.302916924377322,7.572515454578099
APA,2022-05-09,stress,True,True,D-1,43.1300010681,43.1300010681,37.3499984741,37.5299987793,39.4799995422,40.5999984741,-5.86599242138961,0,-0.7818218724990889,4.7032746089416655,6.302916924377322,-8.628321814102936,6.803877542873549,7.769363013652342,3.0,2.0,0.8095238393541316,2.6297887811103315,6.803877542873549,8.714421645843306
APA,2022-05-10,stress,True,True,D-1,38.2099990845,39.4799995422,36.1199989319,37.3800010681,40.5999984741,39.0299987793,6.254905644762254,1,4.7032746089416655,6.302916924377322,-8.628321814102936,6.803877542873549,-14.917256268522028,-7.5843432277891365,3.0,3.0,0.022727305570182765,20.623506342262576,6.803877542873549,15.431247499292667
APA,2022-05-11,stress,True,True,D-1,38.3899993896,40.5999984741,38.0499992371,38.2999992371,39.0299987793,41.9199981689,9.195099857845502,1,6.302916924377322,-8.628321814102936,6.803877542873549,-14.917256268522028,-0.39967417020736473,-12.088427409123192,2.0,4.0,0.1377051285328683,21.10754190543165,6.803877542873549,22.061187561394025
APA,2022-05-12,stress,True,True,D-1,37.8800010681,39.0299987793,36.8699989319,38.0299987793,41.9199981689,43.3800010681,14.519534965461588,1,-8.628321814102936,6.803877542873549,-14.917256268522028,-0.39967417020736473,2.461204234114178,-15.26548984367162,2.0,4.0,0.23877328041251508,18.14621645257828,6.803877542873549,6.803877542873549
APA,2022-05-13,stress,True,True,D-1,39.2599983215,41.9199981689,39.25,41.1500015259,43.3800010681,43.4599990845,10.697913760989518,1,6.803877542873549,-14.917256268522028,-0.39967417020736473,2.461204234114178,-0.704962044851587,-7.917676799525319,2.0,4.0,0.23726708427761325,16.145147480104693,6.803877542873549,6.803877542873549
APA,2022-05-16,stress,True,True,D-1,41.3600006104,43.3800010681,41.2599983215,42.4099998474,43.4599990845,43.4799995422,5.125722680156164,1,-14.917256268522028,-0.39967417020736473,2.461204234114178,-0.704962044851587,8.204056920186487,-6.710494317703786,2.0,4.0,0.7175465137199913,4.811663350616824,8.204056920186487,2.461204234114178
APA,2022-05-17,stress,True,True,D-1,42.8699989319,43.4599990845,42.3899993896,43.1399993896,43.4799995422,41.9000015259,1.4229079204527206,0,-0.39967417020736473,2.461204234114178,-0.704962044851587,8.204056920186487,3.061964215741164,13.002934257465547,3.0,0.0,0.8663910557459268,2.2871993025000315,8.204056920186487,2.461204234114178
APA,2022-05-18,stress,True,True,D-1,43.4099998474,43.4799995422,39.7799987793,40.4500007629,41.9000015259,42.2999992371,-2.557015927671058,0,2.461204234114178,-0.704962044851587,8.204056920186487,3.061964215741164,1.72129107480945,15.409304860656015,4.0,0.0,0.9514416255705629,0.7417702814737304,8.204056920186487,8.204056920186487
APA,2022-05-19,stress,True,True,D-1,39.4799995422,41.9000015259,39.3300018311,40.8199996948,42.2999992371,44.3699989319,12.386016834861158,1,-0.704962044851587,8.204056920186487,3.061964215741164,1.72129107480945,-6.235509190453293,5.613581119127953,3.0,0.0,0.5416038578606904,7.490726136349202,8.204056920186487,12.82560629899453
APA,2022-05-20,stress,True,True,D-1,41.0800018311,42.2999992371,40.2299995422,41.6599998474,44.3699989319,44.4599990845,8.227841048539442,1,8.204056920186487,3.061964215741164,1.72129107480945,-6.235509190453293,0.914706860127823,7.336316079554073,4.0,1.0,0.37115836045302636,6.516413197668025,8.204056920186487,13.581895880840921
APA,2022-05-23,stress,True,True,D-1,42.3300018311,44.3699989319,41.8699989319,44.1500015259,44.4599990845,45.5800018311,7.677769571019044,1,3.061964215741164,1.72129107480945,-6.235509190453293,0.914706860127823,2.057815185890366,1.239364040312374,4.0,2.0,0.5614456147934629,4.368698275243954,3.061964215741164,3.061964215741164
APA,2022-05-24,stress,True,True,D-1,43.4099998474,44.4599990845,43.0699996948,43.6199989319,45.5800018311,46.8899993896,8.016585013668065,1,1.72129107480945,-6.235509190453293,0.914706860127823,2.057815185890366,5.976960363948258,4.102809914550543,4.0,0.0,0.9563496959224288,0.49829535310648154,5.976960363948258,1.72129107480945
APA,2022-05-25,stress,True,True,D-1,43.5099983215,45.5800018311,43.5099983215,45.5499992371,46.8899993896,47.6399993896,9.492073609341434,1,-6.235509190453293,0.914706860127823,2.057815185890366,5.976960363948258,-1.2004588350672751,1.1126554220946883,3.0,0.0,0.8362571925270968,1.925722542798347,5.976960363948258,2.057815185890366
APA,2022-05-26,stress,True,True,D-1,46.0699996948,46.8899993896,45.5800018311,45.8400001526,47.6399993896,50.4599990845,9.52897638112098,1,0.914706860127823,2.057815185890366,5.976960363948258,-1.2004588350672751,4.424576690643978,12.60815421016661,4.0,0.0,0.9951995849600007,0.06586738639406953,5.976960363948258,5.976960363948258
APA,2022-05-27,stress,True,True,D-1,45.7000007629,47.6399993896,45.5200004578,47.6199989319,50.4599990845,48.9700012207,10.415751076888924,1,2.057815185890366,5.976960363948258,-1.2004588350672751,4.424576690643978,0.6366650282263686,12.297894403069986,4.0,0.0,0.8423424532945131,2.2905742441199584,5.976960363948258,5.976960363948258
APA,2022-05-31,stress,True,True,D-1,49.7299995422,50.4599990845,46.2000007629,47.0099983215,48.9700012207,48.4000015259,-1.5282492026871597,0,5.976960363948258,-1.2004588350672751,4.424576690643978,0.6366650282263686,3.883068877343887,14.30628686109312,4.0,0.0,0.9965337164448038,0.04200012210962001,5.976960363948258,5.976960363948258
APA,2022-06-01,stress,True,True,D-1,48.0299987793,48.9700012207,46.5,47.6199989319,48.4000015259,48.4900016785,0.9577408096838269,0,-1.2004588350672751,4.424576690643978,0.6366650282263686,3.883068877343887,-1.2809756910585945,6.477908712918667,3.0,0.0,0.53315276753493,7.338865956568519,4.424576690643978,4.424576690643978
APA,2022-06-02,stress,True,True,D-1,47.1399993896,48.4000015259,46.7999992371,47.4700012207,48.4900016785,49.0699996948,4.094188226964213,1,4.424576690643978,0.6366650282263686,3.883068877343887,-1.2809756910585945,1.2975976008938073,9.17010568075629,4.0,1.0,0.5913669293794294,5.963881176606911,4.424576690643978,4.424576690643978
APA,2022-06-03,stress,True,True,D-1,47.4000015259,48.4900016785,47.3100013733,48.2999992371,49.0699996948,51.9199981689,9.535857589646302,1,0.6366650282263686,3.883068877343887,-1.2809756910585945,1.2975976008938073,-0.31498890080722264,4.215152614176487,3.0,2.0,0.3947371062737786,6.298710315802913,3.883068877343887,3.883068877343887
APA,2022-06-06,stress,True,True,D-1,48.9199981689,49.0699996948,47.5999984741,48.5499992371,51.9199981689,51.9500007629,6.193791307061547,1,3.883068877343887,-1.2809756910585945,1.2975976008938073,-0.31498890080722264,1.7484684960110686,5.366490131567936,3.0,3.0,0.5627529457750251,4.472049444135107,3.883068877343887,3.883068877343887
APA,2022-06-07,stress,True,True,D-1,48.1199989319,51.9199981689,48.0600013733,51.3899993896,51.9500007629,51.6300010681,7.959272477167478,1,-1.2809756910585945,1.2975976008938073,-0.31498890080722264,1.7484684960110686,0.5175983518607818,1.952961625492633,3.0,4.0,0.5516430516614328,3.9340883159900253,1.7484684960110686,1.2975976008938073
APA,2022-06-08,stress,True,True,D-1,51.75,51.9500007629,50.8600006104,51.1699981689,51.6300010681,49.8199996948,-0.23188199400966392,0,1.2975976008938073,-0.31498890080722264,1.7484684960110686,0.5175983518607818,5.849639952887542,9.31716916504719,4.0,0.0,0.9022142143255436,1.03132668922985,5.849639952887542,1.7484684960110686
APA,2022-06-09,stress,True,True,D-1,50.6500015259,51.6300010681,50.0200004578,50.0400009155,49.8199996948,46.5400009155,-1.6387005056171078,0,-0.31498890080722264,1.7484684960110686,0.5175983518607818,5.849639952887542,-0.42810123236647346,7.454849467923674,3.0,0.0,0.8485432305034452,1.5243357864219487,5.849639952887542,1.7484684960110686
APA,2022-06-10,stress,True,True,D-1,49.1399993896,49.8199996948,47.7200012207,48.8100013733,46.5400009155,47.6599998474,-3.011802117590634,0,1.7484684960110686,0.5175983518607818,5.849639952887542,-0.42810123236647346,-2.2083199019670596,5.413944867731146,3.0,1.0,0.588362047701767,3.8169460680572698,5.849639952887542,8.476607242506152
APA,2022-06-13,stress,True,True,D-1,46.4700012207,46.5400009155,43.9000015259,45.5699996948,47.6599998474,46.5,2.560788886250176,0,0.5175983518607818,5.849639952887542,-0.42810123236647346,-2.2083199019670596,-2.4580326133027963,1.0559050605703835,2.0,2.0,0.2781614396653095,6.433106538115441,5.849639952887542,10.461711244760984
APA,2022-06-14,stress,True,True,D-1,46.5999984741,47.6599998474,44.9900016785,46.0,46.5,44.3300018311,-0.2145890072412282,0,5.849639952887542,-0.42810123236647346,-2.2083199019670596,-2.4580326133027963,-6.637987271748647,-6.138001213443478,1.0,3.0,0.20745320834618639,14.000441322864464,5.849639952887542,14.782495945932506
APA,2022-06-15,stress,True,True,D-1,46.0699996948,46.5,44.3499984741,45.6300010681,44.3300018311,41.8400001526,-3.776856685971286,0,-0.42810123236647346,-2.2083199019670596,-2.4580326133027963,-6.637987271748647,0.9436039238092553,-10.488420808759136,1.0,4.0,0.26086940039047846,12.934784267173915,0.9436039238092553,5.7570196562975795
APA,2022-06-16,stress,True,True,D-1,44.0499992371,44.3300018311,41.1599998474,41.7599983215,41.8400001526,41.1399993896,-5.017024115266477,0,-2.2083199019670596,-2.4580326133027963,-6.637987271748647,0.9436039238092553,-0.8043455041304326,-10.826650965500894,1.0,4.0,0.2238033175494382,13.149243610679218,0.9436039238092553,0.0
APA,2022-06-17,stress,True,True,D-1,41.7799987793,41.8400001526,38.1599998474,39.2200012207,41.1399993896,39.0200004578,-1.531831997125599,0,-2.4580326133027963,-6.637987271748647,0.9436039238092553,-0.8043455041304326,-8.481268148173516,-16.546767471051847,1.0,4.0,0.0692838896850715,19.300770347853046,0.9436039238092553,10.160998877070128
APA,2022-06-21,stress,True,True,D-1,39.8199996948,41.1399993896,39.0400009155,40.3499984741,39.0200004578,38.4399986267,-2.009038782349537,0,-6.637987271748647,0.9436039238092553,-0.8043455041304326,-8.481268148173516,-6.082368780872994,-19.647612953860538,1.0,3.0,0.11157909192631546,21.519628669071643,0.9436039238092553,14.991378846789129
APA,2022-06-22,stress,True,True,D-1,37.6300010681,39.0200004578,37.2299995422,37.5,38.4399986267,37.8800010681,2.1525313197151563,0,0.9436039238092553,-0.8043455041304326,-8.481268148173516,-6.082368780872994,2.8811759771276924,-11.45490729791614,2.0,4.0,0.23052617123157854,18.11648488163431,2.8811759771276924,4.320040475709375
APA,2022-06-23,stress,True,True,D-1,37.7599983215,38.4399986267,35.4199981689,36.2099990845,37.8800010681,38.1699981689,1.0858047288803796,0,-0.8043455041304326,-8.481268148173516,-6.082368780872994,2.8811759771276924,-7.063193511467825,-18.478260869565222,1.0,4.0,0.029126261538942756,24.0,2.8811759771276924,4.385520569010581
APA,2022-06-24,stress,True,True,D-1,36.9300003052,37.8800010681,36.2599983215,36.4500007629,38.1699981689,39.8499984741,7.90684577516465,1,-8.481268148173516,-6.082368780872994,2.8811759771276924,-7.063193511467825,-3.440002441333334,-20.644316815906315,1.0,4.0,0.08866448831570234,22.42475269786968,2.8811759771276924,13.14139790069827
APA,2022-06-27,stress,True,True,D-1,37.1699981689,38.1699981689,36.5999984741,37.4700012207,39.8499984741,39.7799987793,7.210116860975102,1,-6.082368780872994,2.8811759771276924,-7.063193511467825,-3.440002441333334,0.6628049833415695,-12.715511906201794,2.0,4.0,0.16043649154861803,14.787377988716322,2.8811759771276924,5.6811739427277015
APA,2022-06-28,stress,True,True,D-1,38.8899993896,39.8499984741,37.9199981689,38.7700004578,39.7799987793,36.1199989319,2.288504509305822,0,2.8811759771276924,-7.063193511467825,-3.440002441333334,0.6628049833415695,2.7983551068624157,-4.462009040112836,3.0,4.0,0.3583920654389517,9.79449706255291,2.8811759771276924,2.8811759771276924
APA,2022-06-29,stress,True,True,D-1,39.4099998474,39.7799987793,35.9300003052,36.0999984741,36.1199989319,35.7200012207,-8.348137346458406,0,-7.063193511467825,-3.440002441333334,0.6628049833415695,2.7983551068624157,3.4694400713865647,-3.915732530483662,3.0,0.0,0.756208139527151,2.7856538652238028,3.4694400713865647,0.6628049833415695
APA,2022-06-30,stress,True,True,D-1,35.0999984741,36.1199989319,34.4799995422,34.9000015259,35.7200012207,34.3600006104,1.7663896682431401,0,-3.440002441333334,0.6628049833415695,2.7983551068624157,3.4694400713865647,-6.88677315494547,-3.7333374024000054,3.0,1.0,0.15349892965059228,10.387812073428314,3.4694400713865647,6.45462065788448
APA,2022-07-01,train,True,True,D-1,35.2200012207,35.7200012207,33.7599983215,35.3499984741,34.3600006104,33.2799987793,-2.441796083171477,0,0.6628049833415695,2.7983551068624157,3.4694400713865647,-6.88677315494547,-3.3240914097570795,-3.61777849135807,3.0,2.0,0.07821267546349402,14.18337172428632,3.4694400713865647,13.451382001236112
APA,2022-07-05,train,True,True,D-1,34.0999984741,34.3600006104,32.1199989319,32.7299995422,33.2799987793,35.0299987793,2.727273744326908,0,2.7983551068624157,3.4694400713865647,-6.88677315494547,-3.3240914097570795,1.289389480014913,-3.017838863585476,3.0,3.0,0.2610837623577367,12.729844962502689,3.4694400713865647,5.547002486072228
APA,2022-07-06,train,True,True,D-1,32.1599998474,33.2799987793,30.6900005341,32.0099983215,35.0299987793,35.5800018311,10.634334576890513,1,3.4694400713865647,-6.88677315494547,-3.3240914097570795,1.289389480014913,-7.411595601113263,-12.650124163543996,2.0,4.0,0.0789134083346128,21.753739784566516,3.4694400713865647,9.687210526466927
APA,2022-07-07,train,True,True,D-1,33.1899986267,35.0299987793,33.0,34.5099983215,35.5800018311,35.0,7.200974098496449,1,-6.88677315494547,-3.3240914097570795,1.289389480014913,-7.411595601113263,-2.19982044231829,-17.43616728521338,1.0,4.0,0.14521430607503438,24.27366718286006,1.289389480014913,10.737763728311212
APA,2022-07-08,train,True,True,D-1,35.4700012207,35.5800018311,34.1300010681,34.8499984741,35.0,33.4500007629,-1.3250668297854706,0,-3.3240914097570795,1.289389480014913,-7.411595601113263,-2.19982044231829,7.810059765985167,-4.404432741848307,2.0,4.0,0.7034988792902217,4.665316397297414,7.810059765985167,1.289389480014913
APA,2022-07-11,train,True,True,D-1,34.1800003052,35.0,33.5200004578,34.2099990845,33.4500007629,33.7700004578,-1.1995314328233642,0,1.289389480014913,-7.411595601113263,-2.19982044231829,7.810059765985167,0.9852221649868209,-0.1432752137930371,3.0,4.0,0.8270372509256902,2.4964211899365596,7.810059765985167,1.289389480014913
APA,2022-07-12,train,True,True,D-1,32.7400016785,33.4500007629,32.2799987793,32.4300003052,33.7700004578,31.8400001526,3.1459948884987154,1,-7.411595601113263,-2.19982044231829,7.810059765985167,0.9852221649868209,-1.836440222732394,-3.2248923304346033,2.0,1.0,0.7198359134504742,4.004685130847396,7.810059765985167,8.679370839851842
APA,2022-07-13,train,True,True,D-1,32.0999984741,33.7700004578,31.7199993134,32.9000015259,31.8400001526,32.5400009155,1.3707241816694138,0,-2.19982044231829,7.810059765985167,0.9852221649868209,-1.836440222732394,-5.203153542633354,-0.9165879657688447,2.0,2.0,0.3558280796709564,9.713233105936524,7.810059765985167,14.754100726843479
APA,2022-07-14,train,True,True,D-1,31.3299999237,31.8400001526,30.4400005341,31.5799999237,32.5400009155,33.75,7.724226243835242,1,7.810059765985167,0.9852221649868209,-1.836440222732394,-5.203153542633354,1.4492791127869387,2.7803912873129333,3.0,3.0,0.30569985565789554,8.145897206388298,7.810059765985167,11.6393424133312
APA,2022-07-15,train,True,True,D-1,32.2700004578,32.5400009155,31.4200000763,31.9899997711,33.75,34.4900016785,6.879458286971918,1,0.9852221649868209,-1.836440222732394,-5.203153542633354,1.4492791127869387,-4.012162738536196,-8.49028843903069,2.0,4.0,0.2217897085483946,12.666250529019463,1.4492791127869387,3.606253227276701
APA,2022-07-18,train,True,True,D-1,33.0800018311,33.75,32.5400009155,32.7999992371,34.4900016785,35.0999984741,6.106398220029452,1,-1.836440222732394,-5.203153542633354,1.4492791127869387,-4.012162738536196,1.298289576917644,-8.206596350715788,2.0,4.0,0.339912153190149,9.409191154853524,1.4492791127869387,4.215241765048883
APA,2022-07-19,train,True,True,D-1,32.7999992371,34.4900016785,32.5499992371,34.3400001526,35.0999984741,34.0200004578,7.012192958829311,1,-5.203153542633354,1.4492791127869387,-4.012162738536196,1.298289576917644,2.5320396117406885,-4.1216015350285184,3.0,3.0,0.7087083354577921,2.957320863601831,2.5320396117406885,1.4492791127869387
APA,2022-07-20,train,True,True,D-1,33.9799995422,35.0999984741,33.5800018311,35.0,34.0200004578,34.1399993896,0.470864772088353,0,1.4492791127869387,-4.012162738536196,1.298289576917644,2.5320396117406885,4.695124851582633,5.889607861316426,4.0,0.0,0.9629625966631117,0.4368128282860484,4.695124851582633,1.4492791127869387
APA,2022-07-21,train,True,True,D-1,33.5999984741,34.0200004578,32.4500007629,33.2900009155,34.1399993896,34.6199989319,3.035715786077353,1,-4.012162738536196,1.298289576917644,2.5320396117406885,4.695124851582633,1.9219564486520069,6.382973789368385,4.0,0.0,0.9785410904924139,0.28570992599998846,4.695124851582633,2.5320396117406885
APA,2022-07-22,train,True,True,D-1,33.2700004578,34.1399993896,32.2000007629,32.4099998474,34.6199989319,35.25,5.951306026314751,1,1.298289576917644,2.5320396117406885,4.695124851582633,1.9219564486520069,-4.885711669999992,5.414822659694463,4.0,1.0,0.5081526231962328,5.437060705388119,4.695124851582633,7.752781323434732
APA,2022-07-25,train,True,True,D-1,33.3699989319,34.6199989319,32.5400009155,34.4300003052,35.25,35.3499984741,5.933471997528961,1,2.5320396117406885,4.695124851582633,1.9219564486520069,-4.885711669999992,-2.643439603182074,1.3129105323702817,3.0,2.0,0.07241353456555272,8.299903237783557,4.695124851582633,12.095125287582631
APA,2022-07-26,train,True,True,D-1,34.9900016785,35.25,33.0800018311,33.8400001526,35.3499984741,36.2999992371,3.743919679217811,1,4.695124851582633,1.9219564486520069,-4.885711669999992,-2.643439603182074,6.232645687476124,4.969515567111049,3.0,3.0,0.7689659663135526,1.9459720097615207,6.232645687476124,4.695124851582633
APA,2022-07-27,train,True,True,D-1,34.0099983215,35.3499984741,33.2799987793,35.1899986267,36.2999992371,37.4399986267,10.085270433640892,1,1.9219564486520069,-4.885711669999992,-2.643439603182074,6.232645687476124,-1.713622269445314,-1.4560279492664585,2.0,0.0,0.537704852431158,4.166666196931645,6.232645687476124,1.9219564486520069
APA,2022-07-28,train,True,True,D-1,35.5999984741,36.2999992371,34.7099990845,35.6199989319,37.4399986267,36.3899993896,5.1685399760302175,1,-4.885711669999992,-2.643439603182074,6.232645687476124,-1.713622269445314,3.9893571749770818,0.5428532191428692,2.0,0.0,0.9492063607439758,0.45467420757043797,6.232645687476124,6.232645687476124
APA,2022-07-29,train,True,True,D-1,36.5299987793,37.4399986267,36.2299995422,37.1699981689,36.3899993896,36.4399986267,-0.24637327020935462,0,-2.643439603182074,6.232645687476124,-1.713622269445314,3.9893571749770818,1.2219389655609092,6.999092677450602,3.0,0.0,0.8341462053025067,1.909040779310689,6.232645687476124,6.232645687476124
APA,2022-08-01,train,True,True,D-1,36.2400016785,36.3899993896,35.0999984741,36.0099983215,36.4399986267,36.3400001526,0.5518679330488441,0,6.232645687476124,-1.713622269445314,3.9893571749770818,1.2219389655609092,4.351485916558739,14.686819944190322,4.0,0.0,0.9448978400167702,0.7263935192386217,6.232645687476124,6.232645687476124
APA,2022-08-02,train,True,True,D-1,35.9500007629,36.4399986267,35.1699981689,35.9300003052,36.3400001526,33.8600006104,1.084838334975724,0,-1.713622269445314,3.9893571749770818,1.2219389655609092,4.351485916558739,-3.120796084328492,4.589015400215879,3.0,1.0,0.6720180375721554,3.9711201662184337,4.351485916558739,3.9893571749770818
APA,2022-08-03,train,True,True,D-1,36.2099990845,36.3400001526,33.7799987793,34.4300003052,33.8600006104,32.6599998474,-6.489915861682349,0,3.9893571749770818,1.2219389655609092,4.351485916558739,-3.120796084328492,-0.2221550125767191,6.176123354536744,3.0,2.0,0.6370196209397087,4.202611490881258,4.351485916558739,7.68750400853031
APA,2022-08-04,train,True,True,D-1,33.1199989319,33.8600006104,30.5,30.6800003052,32.6599998474,32.7099990845,-1.2379222844874693,0,1.2219389655609092,4.351485916558739,-3.120796084328492,-0.2221550125767191,-4.174784267349175,-2.1596997759567027,2.0,3.0,0.17759605273255533,8.742370882423156,4.351485916558739,8.739150703970445
APA,2022-08-05,train,True,True,D-1,30.2900009155,32.6599998474,30.1499996185,31.75,32.7099990845,33.7900009155,11.554968287270606,1,4.351485916558739,-3.120796084328492,-0.2221550125767191,-4.174784267349175,-10.89166414974917,-13.86860969913144,1.0,4.0,0.02593664853296822,22.033892614904047,4.351485916558739,18.963230852280844
APA,2022-08-08,train,True,True,D-1,31.5400009155,32.7099990845,31.4200000763,32.2099990845,33.7900009155,33.6800003052,7.133798144229808,1,-3.120796084328492,-0.2221550125767191,-4.174784267349175,-10.89166414974917,3.4876130513552983,-14.581647661836294,1.0,3.0,0.2543721198388342,14.771649217952776,3.4876130513552983,7.783910198790311
APA,2022-08-09,train,True,True,D-1,32.9000015259,33.7900009155,32.4799995422,32.6800003052,33.6800003052,34.9900016785,6.352583755823482,1,-0.2221550125767191,-4.174784267349175,-10.89166414974917,3.4876130513552983,1.4488160141732154,-10.552622644059351,2.0,4.0,0.3275039413065827,13.13256647758041,3.4876130513552983,0.0
APA,2022-08-10,train,True,True,D-1,33.0200004578,33.6800003052,31.8799991608,33.2200012207,34.9900016785,35.0900001526,6.26892691126848,1,-4.174784267349175,-10.89166414974917,3.4876130513552983,1.4488160141732154,1.459178000803396,-9.045365912589876,3.0,4.0,0.40872382365114746,11.19950983237179,3.4876130513552983,3.4876130513552983
APA,2022-08-11,train,True,True,D-1,34.0,34.9900016785,33.9500007629,34.8400001526,35.0900001526,33.9799995422,3.2058828017647034,1,-10.89166414974917,3.4876130513552983,1.4488160141732154,1.459178000803396,1.6523895668816069,-3.514374306634116,4.0,4.0,0.8274934720779578,1.9265483629820057,3.4876130513552983,3.4876130513552983
APA,2022-08-12,train,True,True,D-1,34.5,35.0900001526,33.9900016785,34.7000007629,33.9799995422,34.5900001526,0.26087000753622913,0,3.4876130513552983,1.4488160141732154,1.459178000803396,1.6523895668816069,4.876576978842939,13.559321401619773,5.0,0.0,0.9690079623850404,0.4305439874942474,4.876576978842939,3.4876130513552983
APA,2022-08-15,train,True,True,D-1,32.9099998474,33.9799995422,32.3699989319,33.5699996948,34.5900001526,33.9500007629,5.104832309297991,1,1.4488160141732154,1.459178000803396,1.6523895668816069,4.876576978842939,-0.40183521551894197,9.291340985511809,4.0,0.0,0.8937331385308337,1.1239175248577427,4.876576978842939,1.6523895668816069
APA,2022-08-16,train,True,True,D-1,34.1500015259,34.5900001526,33.0,33.2200012207,33.9500007629,36.5800018311,7.115666754383709,1,1.459178000803396,1.6523895668816069,4.876576978842939,-0.40183521551894197,-3.256487156358079,4.2222932286715364,3.0,1.0,0.5264797544664747,4.527853653914216,4.876576978842939,8.521813638536868
APA,2022-08-17,train,True,True,D-1,33.0400009155,33.9500007629,32.7999992371,33.6300010681,36.5800018311,36.9799995422,11.924934980409251,1,1.6523895668816069,4.876576978842939,-0.40183521551894197,-3.256487156358079,-1.0425930213941004,1.6523895668816069,2.0,2.0,0.4174459956003304,5.629135650768036,4.876576978842939,9.141705248760335
APA,2022-08-18,train,True,True,D-1,34.2999992371,36.5800018311,34.2999992371,36.5,36.9799995422,36.8600006104,7.8134121420073255,1,4.876576978842939,-0.40183521551894197,-3.256487156358079,-1.0425930213941004,1.234195762595336,1.234195762595336,2.0,3.0,0.46323587159116647,4.341359019119673,4.876576978842939,4.876576978842939
APA,2022-08-19,train,True,True,D-1,35.9599990845,36.9799995422,35.6599998474,36.1500015259,36.8600006104,39.9300003052,11.040048169554062,1,-0.40183521551894197,-3.256487156358079,-1.0425930213941004,1.234195762595336,8.534043534784065,4.764637887856393,2.0,0.0,0.9809972028486724,0.2191830989040966,8.534043534784065,0.0
APA,2022-08-22,train,True,True,D-1,35.5800018311,36.8600006104,34.4799995422,36.7900009155,39.9300003052,40.6899986267,14.361991378913942,1,-3.256487156358079,-1.0425930213941004,1.234195762595336,8.534043534784065,-0.9588999290410904,4.178676458561625,2.0,0.0,0.8199570701909337,2.2959833506655203,8.534043534784065,1.234195762595336
APA,2022-08-23,train,True,True,D-1,37.8699989319,39.9300003052,37.6399993896,38.7900009155,40.6899986267,40.9399986267,8.106680172662939,1,-1.0425930213941004,1.234195762595336,8.534043534784065,-0.9588999290410904,1.7703993432516718,9.591901251041058,3.0,1.0,0.9545457864038479,0.5164409403968007,8.534043534784065,8.534043534784065
APA,2022-08-24,train,True,True,D-1,39.0499992371,40.6899986267,38.7999992371,40.3100013733,40.9399986267,41.3100013733,5.787457568124221,1,1.234195762595336,8.534043534784065,-0.9588999290410904,1.7703993432516718,5.436259717942482,16.767006291767483,4.0,0.0,0.8401123115113667,2.9389001361030287,8.534043534784065,8.534043534784065
APA,2022-08-25,train,True,True,D-1,40.4900016785,40.9399986267,39.4700012207,40.4000015259,41.3100013733,42.6399993896,5.3099472017103855,1,8.534043534784065,-0.9588999290410904,1.7703993432516718,5.436259717942482,3.9185367927965675,19.863217642108143,4.0,0.0,0.9405325055244187,0.9426872747558379,8.534043534784065,8.534043534784065
APA,2022-08-26,train,True,True,D-1,40.4599990845,41.3100013733,39.7400016785,40.1800003052,42.6399993896,40.6500015259,5.388038443963161,1,-0.9588999290410904,1.7703993432516718,5.436259717942482,3.9185367927965675,0.2232700310936142,10.684935687397257,4.0,0.0,0.9164091056768632,1.3366264366446057,5.436259717942482,5.436259717942482
APA,2022-08-29,train,True,True,D-1,39.9300003052,42.6399993896,39.7599983215,41.3600006104,40.6500015259,40.25,1.8031585654814997,0,1.7703993432516718,5.436259717942482,3.9185367927965675,0.2232700310936142,-0.5445574564123867,11.147990620173731,4.0,0.0,0.8345533286748754,2.812347086900746,5.436259717942482,5.758762976863507
APA,2022-08-30,train,True,True,D-1,40.2400016785,40.6500015259,38.7799987793,39.3199996948,40.25,38.4399986267,0.02484672237312857,0,5.436259717942482,3.9185367927965675,0.2232700310936142,-0.5445574564123867,2.9367852071601197,12.421852626197172,4.0,0.0,0.7440002441600001,3.094774565545211,5.436259717942482,5.436259717942482
APA,2022-08-31,train,True,True,D-1,38.1699981689,40.25,37.8300018311,39.1100006104,38.4399986267,39.9799995422,4.741947760361032,1,3.9185367927965675,0.2232700310936142,-0.5445574564123867,2.9367852071601197,-4.93230388175342,1.366328349552104,3.0,1.0,0.13989658811427838,8.443539472455953,3.9185367927965675,6.058906638161387
APA,2022-09-01,train,True,True,D-1,38.4099998474,38.4399986267,36.8100013733,37.9199981689,39.9799995422,39.3899993896,4.087476441128568,1,0.2232700310936142,-0.5445574564123867,2.9367852071601197,-4.93230388175342,-0.534077024491364,-2.9769305929491674,2.0,2.0,0.26611214740391037,9.02582133496903,2.9367852071601197,8.37682381159437
APA,2022-09-02,train,True,True,D-1,39.5299987793,39.9799995422,38.4599990845,38.7999992371,39.3899993896,36.9700012207,-0.35415986345366246,0,-0.5445574564123867,2.9367852071601197,-4.93230388175342,-0.534077024491364,-3.042706271867346,-6.13862193893755,1.0,3.0,0.19039402629239,12.447261204171411,2.9367852071601197,6.497318108398032
APA,2022-09-06,train,True,True,D-1,38.9399986267,39.3899993896,37.6500015259,37.8199996948,36.9700012207,37.5900001526,-3.466868314613525,0,2.9367852071601197,-4.93230388175342,-0.534077024491364,-3.042706271867346,2.320678034530421,-3.4345471817266215,2.0,4.0,0.341337657103176,9.896907804132749,2.9367852071601197,3.7294248606035474
APA,2022-09-07,train,True,True,D-1,36.5900001526,36.9700012207,36.0200004578,36.6699981689,37.5900001526,38.2900009155,4.6460802290518854,1,-4.93230388175342,-0.534077024491364,-3.042706271867346,2.320678034530421,-2.5257720658997784,-8.558996284709586,1.0,4.0,0.2630203857716391,7.482818228285448,2.320678034530421,0.2637090689049937
APA,2022-09-08,train,True,True,D-1,36.8499984741,37.5900001526,36.6800003052,36.9300003052,38.2900009155,40.7700004578,10.637726312133156,1,-0.534077024491364,-3.042706271867346,2.320678034530421,-2.5257720658997784,-3.040723255368294,-6.739576669555413,1.0,4.0,0.15366377811992368,9.762754321968337,2.320678034530421,7.810371617213085
APA,2022-09-09,train,True,True,D-1,38.1599998474,38.2900009155,37.2999992371,38.0900001526,40.7700004578,40.7599983215,6.839624268441469,1,-3.042706271867346,2.320678034530421,-2.5257720658997784,-3.040723255368294,0.7090323132890264,-5.574022682628921,2.0,3.0,0.22979799439470686,8.258865994567955,2.320678034530421,4.673928687047946
APA,2022-09-12,train,True,True,D-1,39.7400016785,40.7700004578,39.0099983215,40.0,40.7599983215,42.2200012207,6.240562248243986,1,2.320678034530421,-2.5257720658997784,-3.040723255368294,0.7090323132890264,3.1410772754222327,0.448317489211858,3.0,4.0,0.522727316517457,4.961930643287205,3.1410772754222327,2.320678034530421
APA,2022-09-13,train,True,True,D-1,39.6599998474,40.7599983215,38.6800003052,39.1100006104,42.2200012207,42.5800018311,7.362586976639696,1,-2.5257720658997784,-3.040723255368294,0.7090323132890264,3.1410772754222327,5.014439064709819,3.092785532203246,3.0,0.0,0.8378946404631575,1.9250011445000048,5.014439064709819,0.7090323132890264
APA,2022-09-14,train,True,True,D-1,39.6800003052,42.2200012207,39.5999984741,41.7400016785,42.5800018311,41.3800010681,7.30847153123626,1,-3.040723255368294,0.7090323132890264,3.1410772754222327,5.014439064709819,-2.224998473999995,3.4108961554998762,3.0,1.0,0.6505263479157891,4.244438306039244,5.014439064709819,3.1410772754222327
APA,2022-09-15,train,True,True,D-1,41.3800010681,42.5800018311,41.0900001526,41.4900016785,41.3800010681,40.9099998474,0.0,0,0.7090323132890264,3.1410772754222327,5.014439064709819,-2.224998473999995,6.724625484666036,13.82602607790664,4.0,0.0,0.9133574976753092,1.1499748991319336,6.724625484666036,5.014439064709819
APA,2022-09-16,train,True,True,D-1,41.3499984741,41.3800010681,39.0800018311,40.4599990845,40.9099998474,40.2900009155,-1.0640837797747271,0,3.1410772754222327,5.014439064709819,-2.224998473999995,6.724625484666036,-0.5989458312091411,12.347688425710412,3.0,0.0,0.7935606785802274,2.62713933117249,6.724625484666036,5.014439064709819
APA,2022-09-19,train,True,True,D-1,39.0900001526,40.9099998474,39.0099983215,40.4500007629,40.2900009155,40.6699981689,4.04194937357889,1,5.014439064709819,-2.224998473999995,6.724625484666036,-0.5989458312091411,-2.4825320615345925,6.222102710435995,2.0,1.0,0.4564097648370103,5.239749863000265,6.724625484666036,9.791234355118771
APA,2022-09-20,train,True,True,D-1,40.2599983215,40.2900009155,38.8899993896,39.5999984741,40.6699981689,39.5299987793,1.0183801899987799,0,-2.224998473999995,6.724625484666036,-0.5989458312091411,-2.4825320615345925,-0.02471162092495538,1.1250019072500006,1.0,2.0,0.45384609363493456,5.265762739252167,6.724625484666036,9.231255693213193
APA,2022-09-21,train,True,True,D-1,40.2400016785,40.6699981689,38.4000015259,38.4300003052,39.5299987793,35.1800003052,-1.764420650060139,0,6.724625484666036,-0.5989458312091411,-2.4825320615345925,-0.02471162092495538,-2.101365322048665,1.2528710203336013,1.0,3.0,0.1924115487065588,7.525261292494867,6.724625484666036,8.850183146207014
APA,2022-09-22,train,True,True,D-1,39.0299987793,39.5299987793,37.0999984741,37.1100006104,35.1800003052,33.75,-9.864203419196349,0,-0.5989458312091411,-2.4825320615345925,-0.02471162092495538,-2.101365322048665,-2.954540944402373,-7.9300460953382395,0.0,4.0,0.007176740935323678,10.798858945984602,-0.02471162092495538,4.993820567619633
APA,2022-09-23,train,True,True,D-1,35.0299987793,35.1800003052,32.1300010681,32.8699989319,33.75,33.4099998474,-3.654007490449529,0,-2.4825320615345925,-0.02471162092495538,-2.101365322048665,-2.954540944402373,-3.434815728121099,-10.556762812496356,0.0,4.0,0.0023369463172812402,11.50633356902544,-0.02471162092495538,6.287873635471364
APA,2022-09-26,train,True,True,D-1,32.9900016785,33.75,31.8299999237,31.8400001526,33.4099998474,34.8400001526,5.607755016592386,1,-0.02471162092495538,-2.101365322048665,-2.954540944402373,-3.434815728121099,-11.425496116299572,-18.759269214881634,0.0,4.0,0.08428222855163048,24.459997495458573,-0.02471162092495538,14.467867106802156
APA,2022-09-27,train,True,True,D-1,32.8300018311,33.4099998474,31.9799995422,32.6800003052,34.8400001526,35.0400009155,6.731644718662366,1,-2.101365322048665,-2.954540944402373,-3.434815728121099,-11.425496116299572,-3.133552822541763,-21.28553880818943,0.0,3.0,0.001131247837682253,27.732405697174478,-2.101365322048665,14.201024982799638
APA,2022-09-28,train,True,True,D-1,32.9399986267,34.8400001526,32.8800010681,34.6699981689,35.0400009155,35.0699996948,6.466305880090406,1,-2.954540944402373,-3.434815728121099,-11.425496116299572,-3.133552822541763,2.638191421401115,-17.47474352410887,1.0,4.0,0.0961539083971577,24.449197641006904,2.638191421401115,0.5780305228900162
APA,2022-09-29,train,True,True,D-1,34.2799987793,35.0400009155,33.25,34.9500007629,35.0699996948,37.3899993896,9.072347494300303,1,-3.434815728121099,-11.425496116299572,-3.133552822541763,2.638191421401115,6.089344691295362,-9.784028380013376,2.0,4.0,0.3688309957519729,14.017885396831552,6.089344691295362,0.0
APA,2022-09-30,train,True,True,D-1,34.1399993896,35.0699996948,33.7700004578,34.1899986267,37.3899993896,39.4599990845,15.582893350960681,1,-11.425496116299572,-3.133552822541763,2.638191421401115,6.089344691295362,0.807622177064804,-5.820533042229781,3.0,4.0,0.9313434280276066,0.6580816517296029,6.089344691295362,2.638191421401115
APA,2022-10-03,train,True,True,D-1,35.9500007629,37.3899993896,35.8100013733,37.2999992371,39.4599990845,40.9300003052,13.85257145095613,1,-3.133552822541763,2.638191421401115,6.089344691295362,0.807622177064804,-2.1745411147651494,4.015819098548734,3.0,0.0,0.7283947128794908,2.573855230905986,6.089344691295362,7.47382570528795
APA,2022-10-04,train,True,True,D-1,38.6300010681,39.4599990845,37.9399986267,39.1599998474,40.9300003052,42.3600006104,9.655706547158683,1,2.638191421401115,6.089344691295362,0.807622177064804,-2.1745411147651494,9.096229117632394,17.148238248529513,4.0,0.0,0.9833641118228035,0.241287277053015,9.096229117632394,6.089344691295362
APA,2022-10-05,train,True,True,D-1,39.0999984741,40.9300003052,38.5900001526,40.5200004578,42.3600006104,43.7099990845,11.790283351171183,1,6.089344691295362,0.807622177064804,-2.1745411147651494,9.096229117632394,4.98659691244705,19.828639784831694,4.0,0.0,0.9544073970307776,0.7660858995634401,9.096229117632394,6.089344691295362
APA,2022-10-06,train,True,True,D-1,40.1899986267,42.3600006104,40.0900001526,42.2000007629,43.7099990845,43.2599983215,8.758399049711585,1,0.807622177064804,-2.1745411147651494,9.096229117632394,4.98659691244705,3.4729331350860537,16.873385052981128,4.0,0.0,0.946614605324639,1.0118456139382115,9.096229117632394,9.096229117632394
APA,2022-10-07,train,True,True,D-1,42.1599998474,43.7099990845,41.9300003052,42.5200004578,43.2599983215,41.5400009155,2.609104549529162,0,-2.1745411147651494,9.096229117632394,4.98659691244705,3.4729331350860537,4.1461013971350935,20.743919432745738,4.0,0.0,0.981373708421696,0.37914655120259155,9.096229117632394,9.096229117632394
APA,2022-10-10,train,True,True,D-1,42.2599983215,43.2599983215,41.0299987793,41.1699981689,41.5400009155,41.2799987793,-1.7037326895341987,0,9.096229117632394,4.98659691244705,3.4729331350860537,4.1461013971350935,0.7582931021682171,24.363855412953562,5.0,0.0,0.8493672188014804,2.798679712811958,9.096229117632394,9.096229117632394
APA,2022-10-11,train,True,True,D-1,40.0999984741,41.5400009155,39.8600006104,40.4799995422,41.2799987793,42.25,5.361600019233559,1,4.98659691244705,3.4729331350860537,4.1461013971350935,0.7582931021682171,-3.174981830585455,10.375332469043986,4.0,1.0,0.5597919039735298,6.169543426209634,4.98659691244705,7.4273613090807045
APA,2022-10-12,train,True,True,D-1,40.0999984741,41.2799987793,39.0600013733,40.75,42.25,42.1800003052,5.361600019233559,1,3.4729331350860537,4.1461013971350935,0.7582931021682171,-3.174981830585455,-1.6759743924915527,3.370785750622618,3.0,2.0,0.3691405827888782,7.979247971415515,4.1461013971350935,8.943845737765223
APA,2022-10-13,train,True,True,D-1,39.7999992371,42.25,39.7200012207,41.8600006104,42.1800003052,41.7799987793,5.979902295780581,1,4.1461013971350935,0.7582931021682171,-3.174981830585455,-1.6759743924915527,0.6669971859029511,0.5676197917113379,3.0,3.0,0.3634407437727262,7.263801434355832,4.1461013971350935,5.16625730575806
APA,2022-10-14,train,True,True,D-1,41.2999992371,42.1800003052,39.6699981689,39.9300003052,41.7799987793,40.9500007629,1.1622265158998113,0,0.7582931021682171,-3.174981830585455,-1.6759743924915527,0.6669971859029511,2.7239278782822174,-0.8056875506004868,3.0,4.0,0.6021506699575174,4.419489840237545,2.7239278782822174,0.7582931021682171
APA,2022-10-17,train,True,True,D-1,40.3600006104,41.7799987793,39.7400016785,40.0999984741,40.9500007629,41.9399986267,3.9147621219135065,1,-3.174981830585455,-1.6759743924915527,0.6669971859029511,2.7239278782822174,-4.610607446385229,-6.091251469224501,2.0,4.0,0.20714275334720328,8.339589258321013,2.7239278782822174,2.679266375596212
APA,2022-10-18,train,True,True,D-1,40.3499984741,40.9500007629,38.9700012207,39.8199996948,41.9399986267,43.1300010681,6.88972168309856,1,-1.6759743924915527,0.6669971859029511,2.7239278782822174,-4.610607446385229,0.4257404648150276,-2.598979213966268,3.0,2.0,0.3260180402885814,5.361600019233559,2.7239278782822174,6.928424081425455
APA,2022-10-19,train,True,True,D-1,39.9500007629,41.9399986267,39.8199996948,41.9099998474,43.1300010681,43.2000007629,8.135168805849302,1,0.6669971859029511,2.7239278782822174,-4.610607446385229,0.4257404648150276,-0.6982513465202289,-1.6304344240714475,3.0,3.0,0.2591459726949675,6.102461888058031,2.7239278782822174,2.9994114985156695
APA,2022-10-20,train,True,True,D-1,42.2000007629,43.1300010681,41.2900009155,41.5099983215,43.2000007629,44.4199981689,5.260657265086377,1,2.7239278782822174,-4.610607446385229,0.4257404648150276,-0.6982513465202289,5.248619207982874,2.8466253923926432,3.0,4.0,0.8963413783121714,0.8112625956525621,5.248619207982874,2.7239278782822174
APA,2022-10-21,train,True,True,D-1,41.9099998474,43.2000007629,41.5099983215,43.1899986267,44.4199981689,45.4000015259,8.327372205219685,1,-4.610607446385229,0.4257404648150276,-0.6982513465202289,5.248619207982874,-0.9544297956489145,-0.8361258571339958,2.0,0.0,0.6105762485514268,3.902680828972538,5.248619207982874,0.4257404648150276
APA,2022-10-24,train,True,True,D-1,43.2999992371,44.4199981689,42.9599990845,43.7599983215,45.4000015259,47.0900001526,8.752889104563021,1,0.4257404648150276,-0.6982513465202289,5.248619207982874,-0.9544297956489145,4.047218436840683,8.164283237121506,3.0,0.0,0.9976354285384174,0.023158454545102458,5.248619207982874,5.248619207982874
APA,2022-10-25,train,True,True,D-1,43.7799987793,45.4000015259,43.3699989319,45.2000007629,47.0900001526,47.5,8.497033632762196,1,-0.6982513465202289,5.248619207982874,-0.9544297956489145,4.047218436840683,1.3197492774348563,9.12718201165006,3.0,0.0,0.878899042756715,1.5082264001727186,5.248619207982874,5.248619207982874
APA,2022-10-26,train,True,True,D-1,45.4300003052,47.0900001526,45.2400016785,46.0800018311,47.5,46.4500007629,4.5564597862506995,1,5.248619207982874,-0.9544297956489145,4.047218436840683,1.3197492774348563,3.290682122107169,13.510801379545345,4.0,0.0,0.9641575811166752,0.44247955669098893,5.248619207982874,5.248619207982874
APA,2022-10-27,train,True,True,D-1,47.2599983215,47.5,45.5800018311,45.7299995422,46.4500007629,46.3300018311,-1.7139178742448413,0,-0.9544297956489145,4.047218436840683,1.3197492774348563,3.290682122107169,1.946904985281117,9.949897396524786,4.0,0.0,0.8258623354569613,2.1918365481017332,4.047218436840683,4.047218436840683
APA,2022-10-28,train,True,True,D-1,46.2999992371,46.4500007629,44.0400009155,45.4399986267,46.3300018311,46.5699996948,0.5831543458939104,0,4.047218436840683,1.3197492774348563,3.290682122107169,1.946904985281117,-0.7595535481593196,10.166228357841822,4.0,0.0,0.7045075188955138,3.870545540169168,4.047218436840683,4.047218436840683
APA,2022-10-31,train,True,True,D-1,44.8499984741,46.3300018311,44.0999984741,45.4599990845,46.5699996948,45.9399986267,3.8350084263509387,1,1.3197492774348563,3.290682122107169,1.946904985281117,-0.7595535481593196,-0.634159016844904,5.209539410841879,3.0,1.0,0.5462552956174628,4.533453863463732,3.290682122107169,4.679577909797983
APA,2022-11-01,train,True,True,D-1,46.4300003052,46.5699996948,45.6599998474,45.7900009155,45.9399986267,47.8800010681,3.122982453949308,1,3.290682122107169,1.946904985281117,-0.7595535481593196,-0.634159016844904,0.04401509331966036,3.88482821802294,3.0,2.0,0.5060531748388867,4.487463608848952,3.290682122107169,3.8811051713154687
APA,2022-11-02,train,True,True,D-1,45.5099983215,45.9399986267,44.0099983215,44.2400016785,47.8800010681,50.2200012207,10.349380516181839,1,1.946904985281117,-0.7595535481593196,-0.634159016844904,0.04401509331966036,0.7259169327887616,1.3053100500924675,3.0,3.0,0.5057804806479859,3.734437760015763,1.946904985281117,1.946904985281117
APA,2022-11-03,train,True,True,D-1,43.1500015259,47.8800010681,43.0299987793,47.2900009155,50.2200012207,50.5800018311,17.219003574635504,1,-0.7595535481593196,-0.634159016844904,0.04401509331966036,0.7259169327887616,-3.385016829024179,-3.9930557280450363,2.0,4.0,0.06590350899167943,7.36889285219966,0.7259169327887616,2.727687399894707
APA,2022-11-04,train,True,True,D-1,48.8699989319,50.2200012207,47.6699981689,48.9900016785,50.5800018311,49.6699981689,3.4990851986366422,1,-0.634159016844904,0.04401509331966036,0.7259169327887616,-3.385016829024179,6.894211395299865,3.411330393433354,3.0,0.0,0.8783505414085119,1.2476213600719488,6.894211395299865,0.7259169327887616
APA,2022-11-07,train,True,True,D-1,49.1399993896,50.5800018311,49.0099983215,49.5,49.6699981689,48.2400016785,1.0785486078214612,0,0.04401509331966036,0.7259169327887616,-3.385016829024179,6.894211395299865,3.5948418906517565,7.8125069522208435,4.0,0.0,0.8289291899099134,2.5107154522507447,6.894211395299865,0.7259169327887616
APA,2022-11-08,train,True,True,D-1,49.1300010681,49.6699981689,47.9399986267,49.0400009155,48.2400016785,47.3800010681,-1.8115191741322256,0,0.7259169327887616,-3.385016829024179,6.894211395299865,3.5948418906517565,1.0410253195068275,8.886935760800485,4.0,0.0,0.8569534576754223,2.181821881010104,6.894211395299865,6.894211395299865
APA,2022-11-09,train,True,True,D-1,48.0200004578,48.2400016785,45.2599983215,45.5499992371,47.3800010681,49.2999992371,2.6655534508477574,0,-3.385016829024179,6.894211395299865,3.5948418906517565,1.0410253195068275,-0.9292910797979781,7.097619425685298,3.0,1.0,0.7960264512432422,3.14029544626957,6.894211395299865,6.894211395299865
APA,2022-11-10,train,True,True,D-1,46.7099990845,47.3800010681,45.6300010681,47.0,49.2999992371,48.9500007629,5.544851644964943,1,6.894211395299865,3.5948418906517565,1.0410253195068275,-0.9292910797979781,-7.116642767632819,2.9611155264414046,3.0,2.0,0.3337747601571112,11.042815978585384,6.894211395299865,14.874010916309954
APA,2022-11-11,train,True,True,D-1,48.2999992371,49.2999992371,48.0999984741,48.7599983215,48.9500007629,49.2200012207,1.9047660416800394,0,3.5948418906517565,1.0410253195068275,-0.9292910797979781,-7.116642767632819,3.1833167665982876,-0.6132393949794812,3.0,3.0,0.32706776891409,7.617025172553182,3.5948418906517565,7.7547131741272475
APA,2022-11-14,train,True,True,D-1,48.2099990845,48.9500007629,47.1800003052,47.2099990845,49.2200012207,48.7099990845,2.095005507943948,0,1.0410253195068275,-0.9292910797979781,-7.116642767632819,3.1833167665982876,3.744677279787223,-0.46949040440825707,3.0,4.0,0.6578943028297284,3.7325750046170336,3.744677279787223,1.0410253195068275
APA,2022-11-15,train,True,True,D-1,47.4500007629,49.2200012207,46.5299987793,49.0400009155,48.7099990845,47.0200004578,2.6554231851249277,0,-0.9292910797979781,-7.116642767632819,3.1833167665982876,3.744677279787223,-3.178833655366542,-4.62626447575758,2.0,4.0,0.4421770590649018,5.210758593739673,3.744677279787223,3.1833167665982876
APA,2022-11-16,train,True,True,D-1,48.0800018311,48.7099990845,47.4000015259,47.4300003052,47.0200004578,46.5400009155,-2.2046616741481673,0,-7.116642767632819,3.1833167665982876,3.744677279787223,-3.178833655366542,3.8763013482049136,0.0,3.0,2.0,0.9356439943872172,0.5301760129409416,3.8763013482049136,3.744677279787223
APA,2022-11-17,train,True,True,D-1,46.3499984741,47.0200004578,45.5400009155,46.9399986267,46.5400009155,45.5699996948,0.4099297684037273,0,3.1833167665982876,3.744677279787223,-3.178833655366542,3.8763013482049136,-3.283035440953952,4.1273350155596855,3.0,3.0,0.49046325208125596,3.942650052428931,3.8763013482049136,3.744677279787223
APA,2022-11-18,train,True,True,D-1,45.4199981689,46.5400009155,44.3199996948,46.3400001526,45.5699996948,47.9300003052,5.526204838155735,1,3.744677279787223,-3.178833655366542,3.8763013482049136,-3.283035440953952,-1.0331049448597085,-0.12766249638297422,2.0,4.0,0.3723399830147415,5.0276963771737515,3.8763013482049136,8.158524532536571
APA,2022-11-21,train,True,True,D-1,45.25,45.5699996948,43.0400009155,45.2700004578,47.9300003052,47.7799987793,5.922652608176793,1,-3.178833655366542,3.8763013482049136,-3.283035440953952,-1.0331049448597085,-1.2782243111501002,-4.963080911003514,1.0,3.0,0.41224486301133884,6.21493538760467,3.8763013482049136,6.174425205649836
APA,2022-11-22,train,True,True,D-1,46.1699981689,47.9300003052,45.7299995422,47.7799987793,47.7799987793,47.2000007629,3.4871143042073838,1,3.8763013482049136,-3.283035440953952,-1.0331049448597085,-1.2782243111501002,-2.309019618637098,-4.1092960481266765,1.0,4.0,0.3608413320665415,8.725426823404003,3.8763013482049136,7.43403082787747
APA,2022-11-23,train,True,True,D-1,46.7999992371,47.7799987793,46.3199996948,46.7799987793,47.2000007629,45.4799995422,0.8547041288900159,0,-3.283035440953952,-1.0331049448597085,-1.2782243111501002,-2.309019618637098,5.544506949673611,-2.5693354663085977,1.0,4.0,0.835978729184666,1.9464217851820065,5.544506949673611,0.0
APA,2022-11-25,train,True,True,D-1,47.2000007629,47.2000007629,46.0999984741,46.4300003052,45.4799995422,47.0400009155,-0.33898272206334124,0,-1.0331049448597085,-1.2782243111501002,-2.309019618637098,5.544506949673611,-2.092925963893566,-1.3704438577216926,1.0,1.0,0.7648258344730492,2.458318845465346,5.544506949673611,0.0
APA,2022-11-28,train,True,True,D-1,44.8300018311,45.4799995422,43.75,44.9599990845,47.0400009155,47.6500015259,6.290429577550638,1,-1.2782243111501002,-2.309019618637098,5.544506949673611,-2.092925963893566,-0.7481797418406044,-1.0864898517698562,1.0,2.0,0.6932514954583612,3.230669804307551,5.544506949673611,8.369953807334207
APA,2022-11-29,train,True,True,D-1,45.9000015259,47.0400009155,45.8300018311,46.5900001526,47.6500015259,48.0800018311,4.749455844723416,1,-2.309019618637098,5.544506949673611,-2.092925963893566,-0.7481797418406044,-3.166059037340485,-2.9779910737064874,1.0,3.0,0.39263771137562237,6.6058747357134795,5.544506949673611,9.435057916522604
APA,2022-11-30,train,True,True,D-1,47.4700012207,47.6500015259,46.0,46.8499984741,48.0800018311,47.3800010681,1.28502337205334,0,5.544506949673611,-2.092925963893566,-0.7481797418406044,-3.166059037340485,3.625447289348238,2.9158375998482366,2.0,4.0,0.6794258242199136,2.876153999165032,5.544506949673611,5.544506949673611
APA,2022-12-01,train,True,True,D-1,47.5,48.0800018311,46.4799995422,46.7200012207,47.3800010681,48.5499992371,2.210524709684214,0,-2.092925963893566,-0.7481797418406044,-3.166059037340485,3.625447289348238,0.5580560649246724,-1.9464217851820287,2.0,4.0,0.7692306235979699,1.9850594140662148,3.625447289348238,0.0
APA,2022-12-02,train,True,True,D-1,46.1899986267,47.3800010681,46.1899986267,47.1100006104,48.5499992371,46.2000007629,5.10933249743768,1,-0.7481797418406044,-3.166059037340485,3.625447289348238,0.5580560649246724,-0.2774754698697923,-0.12825472459514486,2.0,0.0,0.6859122320383629,2.910960134558893,3.625447289348238,3.625447289348238
APA,2022-12-05,train,True,True,D-1,48.0699996948,48.5499992371,45.2299995422,45.7099990845,46.2000007629,44.6599998474,-3.8901579857973156,0,-3.166059037340485,3.625447289348238,0.5580560649246724,-0.2774754698697923,0.8347589458692184,1.4645709686197161,3.0,1.0,0.7759813370671074,2.0590133902181673,3.625447289348238,3.625447289348238
APA,2022-12-06,train,True,True,D-1,45.0600013733,46.2000007629,43.5800018311,43.8699989319,44.6599998474,45.3800010681,0.7101635265142736,0,3.625447289348238,0.5580560649246724,-0.2774754698697923,0.8347589458692184,-2.9717714025903397,1.6681495001599433,3.0,0.0,0.14457818867795316,6.213082934764347,3.625447289348238,5.787266873703267
APA,2022-12-07,train,True,True,D-1,44.0999984741,44.6599998474,43.2000007629,43.6599998474,45.3800010681,43.5600013733,2.90250031358108,0,0.5580560649246724,-0.2774754698697923,0.8347589458692184,-2.9717714025903397,-4.025377793595131,-5.838165296825415,2.0,1.0,0.0583495477180538,10.66788333518045,0.8347589458692184,7.712283115938401
APA,2022-12-08,train,True,True,D-1,45.2000007629,45.3800010681,42.7099990845,42.7700004578,43.5600013733,44.3600006104,-1.8584073856686034,0,-0.2774754698697923,0.8347589458692184,-2.9717714025903397,-4.025377793595131,-0.4786849546679517,-6.808962071713875,1.0,2.0,0.08598116181122639,11.200181875381299,0.8347589458692184,5.319552816265816
APA,2022-12-09,train,True,True,D-1,42.75,43.5600013733,41.7599983215,41.8600006104,44.3600006104,46.1500015259,7.9532199436257445,1,0.8347589458692184,-2.9717714025903397,-4.025377793595131,-0.4786849546679517,-2.0384777661720532,-8.45462469968834,1.0,3.0,0.01027420748838354,13.514142430283504,0.8347589458692184,3.342163780338303
APA,2022-12-12,train,True,True,D-1,42.2999992371,44.3600006104,42.1699981689,43.9099998474,46.1500015259,46.6699981689,10.330966928167706,1,-2.9717714025903397,-4.025377793595131,-0.4786849546679517,-2.0384777661720532,-2.1276591949019874,-11.144130613407398,0.0,4.0,0.014727875613425296,15.98184072897002,-0.4786849546679517,4.122765101446035
APA,2022-12-13,train,True,True,D-1,45.3699989319,46.1500015259,44.7299995422,45.8300018311,46.6699981689,45.2000007629,2.8653278986214836,0,-4.025377793595131,-0.4786849546679517,-2.0384777661720532,-2.1276591949019874,4.897274742252833,-3.9378675851042932,1.0,4.0,0.4842343116419719,5.215215038620835,4.897274742252833,0.0
APA,2022-12-14,train,True,True,D-1,46.4000015259,46.6699981689,44.1899986267,45.0400009155,45.2000007629,44.4199981689,-2.5862084558988196,0,-0.4786849546679517,-2.0384777661720532,-2.1276591949019874,4.897274742252833,4.372584810686764,4.467752329427999,2.0,0.0,0.9271071842318305,0.6982319048978392,4.897274742252833,0.0
APA,2022-12-15,train,True,True,D-1,44.6100006104,45.2000007629,43.9300003052,45.0499992371,44.4199981689,44.6899986267,0.17932753912885957,0,-2.0384777661720532,-2.1276591949019874,4.897274742252833,4.372584810686764,-1.7237636570721415,3.1607903640022084,2.0,0.0,0.6680249889899419,3.6189991569006708,4.897274742252833,4.897274742252833
APA,2022-12-16,train,True,True,D-1,43.7999992371,44.4199981689,42.8100013733,43.7900009155,44.6899986267,44.4500007629,2.031962112104657,0,-2.1276591949019874,4.897274742252833,4.372584810686764,-1.7237636570721415,0.022198759761926645,5.330836462229205,3.0,1.0,0.6700613070980362,3.59600212926503,4.897274742252833,6.599222293716145
APA,2022-12-19,train,True,True,D-1,44.0299987793,44.6899986267,43.25,43.8400001526,44.4500007629,46.6800003052,6.018627298136225,1,4.897274742252833,4.372584810686764,-1.7237636570721415,0.022198759761926645,-2.7968886635681756,4.61060744614632,3.0,2.0,0.36000061035555575,6.576837618609388,4.897274742252833,7.672585520654318
APA,2022-12-20,train,True,True,D-1,43.6800003052,44.4500007629,43.4700012207,44.1300010681,46.6800003052,46.8199996948,7.188643240980475,1,4.372584810686764,-1.7237636570721415,0.022198759761926645,-2.7968886635681756,0.1141795753703656,-0.15941629479223618,3.0,3.0,0.26683928351290165,6.455287423469969,4.372584810686764,7.058487374484224
APA,2022-12-21,train,True,True,D-1,45.4300003052,46.6800003052,45.1500015259,46.6699981689,46.8199996948,47.3100013733,4.1382369699980215,1,-1.7237636570721415,0.022198759761926645,-2.7968886635681756,0.1141795753703656,0.6614984363379373,-3.709362197420618,3.0,4.0,0.34196911673726416,5.755715022259711,0.6614984363379373,0.022198759761926645
APA,2022-12-22,train,True,True,D-1,46.6699981689,46.8199996948,43.4500007629,44.6899986267,47.3100013733,48.1399993896,3.149777755250871,1,0.022198759761926645,-2.7968886635681756,0.1141795753703656,0.6614984363379373,5.755715022259711,3.6189991569006708,4.0,0.0,0.9974154679430145,0.02143161922525394,5.755715022259711,0.1141795753703656
APA,2022-12-23,train,True,True,D-1,45.4900016785,47.3100013733,45.1399993896,47.25,48.1399993896,47.5900001526,5.825450897603446,1,-2.7968886635681756,0.1141795753703656,0.6614984363379373,5.755715022259711,-4.242553288805206,-0.7991134661408106,3.0,0.0,0.46882744147802086,4.766169464206316,5.755715022259711,0.6614984363379373
APA,2022-12-27,train,True,True,D-1,47.7400016785,48.1399993896,47.3300018311,47.6399993896,47.5900001526,46.2099990845,-0.3142051123294243,0,0.1141795753703656,0.6614984363379373,5.755715022259711,-4.242553288805206,5.728354110466505,7.90134508372502,4.0,0.0,0.9852213416245159,0.12698703343914097,5.755715022259711,5.755715022259711
APA,2022-12-28,train,True,True,D-1,47.5,47.5900001526,45.0400009155,45.1800003052,46.2099990845,46.6899986267,-1.7052660490526228,0,0.6614984363379373,5.755715022259711,-4.242553288805206,5.728354110466505,0.8253955335449703,8.667881441087633,4.0,0.0,0.893390160680748,1.0495382166380907,5.755715022259711,5.755715022259711
APA,2022-12-29,train,True,True,D-1,44.5999984741,46.2099990845,44.3499984741,45.9099998474,46.6899986267,46.3499984741,4.686099157186541,1,5.755715022259711,-4.242553288805206,5.728354110466505,0.8253955335449703,-5.163726103944977,2.3793320001956664,3.0,1.0,0.3688699464539651,6.551569420992953,5.755715022259711,10.136666757286172
APA,2022-12-30,train,True,True,D-1,45.4599990845,46.6899986267,45.4199981689,46.6800003052,46.3499984741,43.3100013733,1.9577637648995339,0,-4.242553288805206,5.728354110466505,0.8253955335449703,-5.163726103944977,1.615758161285319,-1.6284515777128306,3.0,2.0,0.5245202142481052,4.857328576807407,5.728354110466505,9.359755379077061
APA,2023-01-03,train,True,True,D-1,45.8899993896,46.3499984741,43.0200004578,43.6199989319,43.3100013733,42.4099998474,-5.622135651814164,0,5.728354110466505,0.8253955335449703,-5.163726103944977,1.615758161285319,1.6771955137429684,4.452901632695672,4.0,3.0,0.6147760602302149,3.127675824452303,5.728354110466505,5.728354110466505
APA,2023-01-04,train,True,True,D-1,42.4099998474,43.3100013733,41.8400001526,42.1500015259,42.4099998474,43.3199996948,2.1457199968742513,0,0.8253955335449703,-5.163726103944977,1.615758161285319,1.6771955137429684,-6.555272821965086,-7.682541943068788,3.0,4.0,0.1171872264217565,10.36222046854396,1.6771955137429684,6.603780211191057
APA,2023-01-05,train,True,True,D-1,41.8899993896,42.4099998474,41.3600006104,41.7599983215,43.3199996948,44.4500007629,6.111247100986028,1,-5.163726103944977,1.615758161285319,1.6771955137429684,-6.555272821965086,-3.3700078908644016,-11.523925134429124,2.0,4.0,0.053913282313044174,12.906283344633485,1.6771955137429684,11.381563015204545
APA,2023-01-06,train,True,True,D-1,42.5400009155,43.3199996948,41.9399986267,42.8899993896,44.4500007629,43.3699989319,4.489891411130786,1,1.615758161285319,1.6771955137429684,-6.555272821965086,-3.3700078908644016,-0.9252744727906048,-7.569725455062404,2.0,3.0,0.07504650280858287,11.80555676091062,1.6771955137429684,5.941296054652779
APA,2023-01-09,train,True,True,D-1,44.0600013733,44.4500007629,43.2999992371,43.3699989319,43.3699989319,44.1899986267,0.29504595857499094,0,1.6771955137429684,-6.555272821965086,-3.3700078908644016,-0.9252744727906048,2.7059413637912533,-6.578088581655772,2.0,4.0,0.28705428679729594,8.859872443881244,2.7059413637912533,1.6771955137429684
APA,2023-01-10,train,True,True,D-1,43.1100006104,43.3699989319,42.0,43.2400016785,44.1899986267,46.1399993896,7.028528731843786,1,-6.555272821965086,-3.3700078908644016,-0.9252744727906048,2.7059413637912533,1.119140939918939,-7.090834086672604,2.0,4.0,0.40280544729725,6.871108175213991,2.7059413637912533,0.0
APA,2023-01-11,train,True,True,D-1,43.75,44.1899986267,42.9199981689,43.8199996948,46.1399993896,45.5,5.462855747657147,1,-3.3700078908644016,-0.9252744727906048,2.7059413637912533,1.119140939918939,-0.2997400428902952,-0.8711537430187821,2.0,1.0,0.6084145551186999,2.7983326490055083,2.7059413637912533,2.7059413637912533
APA,2023-01-12,train,True,True,D-1,44.0999984741,46.1399993896,43.9900016785,45.3499984741,45.5,46.1500015259,4.648533158122392,1,-0.9252744727906048,2.7059413637912533,1.119140939918939,-0.2997400428902952,1.3413459615761125,3.9620358444680814,3.0,2.0,0.7961161692531684,1.4377021279960323,2.7059413637912533,2.7059413637912533
APA,2023-01-13,train,True,True,D-1,45.1699981689,45.5,44.2799987793,45.3400001526,46.1500015259,46.2099990845,2.3024152263881437,0,2.7059413637912533,1.119140939918939,-0.2997400428902952,1.3413459615761125,3.491553605559594,8.596744005977852,4.0,0.0,0.8119045780947607,1.7420086925717948,3.491553605559594,2.7059413637912533
APA,2023-01-17,train,True,True,D-1,45.9399986267,46.1500015259,44.7099990845,45.1399993896,46.2099990845,45.3300018311,0.5877241311954995,0,1.119140939918939,-0.2997400428902952,1.3413459615761125,3.491553605559594,-0.022047016177317857,5.712289106709756,3.0,1.0,0.8067634408329475,1.7644447161611287,3.491553605559594,1.3413459615761125
APA,2023-01-18,train,True,True,D-1,45.4399986267,46.2099990845,44.0200004578,44.0600013733,45.3300018311,45.5900001526,0.3301090018340336,0,-0.2997400428902952,1.3413459615761125,3.491553605559594,-0.022047016177317857,-0.4411132825912212,4.08116324946024,2.0,0.0,0.7566260807383762,2.2374881478901765,3.491553605559594,3.954616652011367
APA,2023-01-19,train,True,True,D-1,43.6599998474,45.3300018311,43.3600006104,45.1599998474,45.5900001526,45.9799995422,5.313787684170501,1,1.3413459615761125,3.491553605559594,-0.022047016177317857,-0.4411132825912212,-2.3925521287198492,1.8963914499747103,2.0,0.0,0.34650543682055285,4.87970414023382,3.491553605559594,6.314665151637966
APA,2023-01-20,train,True,True,D-1,44.8600006104,45.5900001526,44.0,45.0900001526,45.9799995422,44.9700012207,2.49665384877491,0,3.491553605559594,-0.022047016177317857,-0.4411132825912212,-2.3925521287198492,2.496592010472787,3.0579647693585343,2.0,1.0,0.631579017798746,2.325064748999206,3.491553605559594,3.491553605559594
APA,2023-01-23,train,True,True,D-1,45.6800003052,45.9799995422,45.0699996948,45.3600006104,44.9700012207,44.1899986267,-1.554288703494544,0,-0.022047016177317857,-0.4411132825912212,-2.3925521287198492,2.496592010472787,-0.15500375340243844,-0.5733149509332125,1.0,2.0,0.6070177082274808,2.483918669570939,2.496592010472787,0.0
APA,2023-01-24,train,True,True,D-1,44.9099998474,44.9700012207,43.7099990845,44.0600013733,44.1899986267,45.3899993896,1.0688032594767138,0,-0.4411132825912212,-2.3925521287198492,2.496592010472787,-0.15500375340243844,0.5988034084857485,0.044112169679499935,2.0,3.0,0.7017547616868746,1.8738943180373502,2.496592010472787,2.496592010472787
APA,2023-01-25,train,True,True,D-1,43.8699989319,44.1899986267,42.7400016785,44.0900001526,45.3899993896,46.9799995422,7.089128529790245,1,-2.3925521287198492,2.496592010472787,-0.15500375340243844,0.5988034084857485,-2.8659594788496223,-2.3925521287198492,2.0,4.0,0.24561443427475876,4.87970414023382,2.496592010472787,4.780909543881817
APA,2023-01-26,train,True,True,D-1,44.8100013733,45.3899993896,43.6500015259,45.3600006104,46.9799995422,45.6599998474,4.842664812309061,1,2.496592010472787,-0.15500375340243844,0.5988034084857485,-2.8659594788496223,0.06808619692459938,0.06808619692459938,3.0,2.0,0.4166664704396851,4.286684924151785,2.496592010472787,5.296416615212363
APA,2023-01-27,train,True,True,D-1,45.4300003052,46.9799995422,45.4300003052,45.7299995422,45.6599998474,44.6500015259,0.5062723765240085,0,-0.15500375340243844,0.5988034084857485,-2.8659594788496223,0.06808619692459938,2.880472790665456,0.44287148732466974,3.0,3.0,0.8086421788278667,1.3668406601781369,2.880472790665456,0.5988034084857485
APA,2023-01-30,train,True,True,D-1,44.9700012207,45.6599998474,44.1199989319,44.1599998474,44.6500015259,44.0400009155,-0.7115848034549233,0,0.5988034084857485,-2.8659594788496223,0.06808619692459938,2.880472790665456,0.815694283115076,1.4193820967709492,4.0,0.0,0.7051885307061928,2.733435408951812,2.880472790665456,0.5988034084857485
APA,2023-01-31,train,True,True,D-1,43.9399986267,44.6500015259,43.2900009155,44.3300018311,44.0400009155,43.3199996948,0.22758828385405216,0,-2.8659594788496223,0.06808619692459938,2.880472790665456,0.815694283115076,-3.4331942062478915,-2.6455042920014105,3.0,1.0,0.33490539725434015,6.385868896161306,2.880472790665456,5.525977082666866
APA,2023-02-01,train,True,True,D-1,43.9599990845,44.0400009155,41.7299995422,43.4000015259,43.3199996948,43.5,-1.04640376269296,0,0.06808619692459938,2.880472790665456,0.815694283115076,-3.4331942062478915,0.3849682615205241,0.6128017462196933,4.0,2.0,0.37500022493230656,5.97788766442342,2.880472790665456,5.941915443443246
APA,2023-02-02,train,True,True,D-1,43.1599998474,43.3199996948,41.7599983215,42.3600006104,43.5,42.6199989319,0.7877668067704624,0,2.880472790665456,0.815694283115076,-3.4331942062478915,0.3849682615205241,-2.097902699718701,-1.5649776010701721,3.0,3.0,0.31809561594285796,8.248843065508993,2.880472790665456,4.601483488415148
APA,2023-02-03,train,True,True,D-1,42.5800018311,43.5,41.9099998474,42.0400009155,42.6199989319,43.75,2.74776448704952,0,0.815694283115076,-3.4331942062478915,0.3849682615205241,-2.097902699718701,-2.396315389250292,-6.613756524756676,2.0,4.0,0.12000020346666707,10.906512901857045,0.815694283115076,5.259640006839206
APA,2023-02-06,train,True,True,D-1,42.1300010681,42.6199989319,41.3499984741,42.0200004578,43.75,44.0099983215,4.46237172024071,1,-3.4331942062478915,0.3849682615205241,-2.097902699718701,-2.396315389250292,-0.7554289194732333,-8.069098324164292,1.0,4.0,0.07888075043908363,8.610844084366608,0.3849682615205241,3.5186101107918533
APA,2023-02-07,train,True,True,D-1,42.3199996948,43.75,41.5099983215,43.6899986267,44.0099983215,42.4799995422,3.9933805266724853,1,0.3849682615205241,-2.097902699718701,-2.396315389250292,-0.7554289194732333,-0.047574826984897456,-4.846013127253201,1.0,4.0,0.2030307163911706,6.258926795446529,0.3849682615205241,1.187612613977218
APA,2023-02-08,train,True,True,D-1,43.9000015259,44.0099983215,41.8400001526,42.1199989319,42.4799995422,43.6399993896,-0.5922599709856646,0,-2.097902699718701,-2.396315389250292,-0.7554289194732333,-0.047574826984897456,3.9742935523695566,-1.4437247416285826,1.0,4.0,0.8698877430691694,0.8011039134849129,3.9742935523695566,0.0
APA,2023-02-09,train,True,True,D-1,42.1800003052,42.4799995422,40.9900016785,41.0499992371,43.6399993896,43.3800010681,3.461353897192865,1,-2.396315389250292,-0.7554289194732333,-0.047574826984897456,3.9742935523695566,-3.593499071067807,-2.9493146290239913,1.0,0.0,0.289473872922449,4.487178151774818,3.9742935523695566,0.0
APA,2023-02-10,train,True,True,D-1,41.8800010681,43.6399993896,41.7999992371,43.5600013733,43.3800010681,43.25,3.5816617997714184,1,-0.7554289194732333,-0.047574826984897456,3.9742935523695566,-3.593499071067807,-2.540360213517534,-3.092543329610742,1.0,1.0,0.019866763341962693,7.210716539367978,3.9742935523695566,10.016865016280363
APA,2023-02-13,train,True,True,D-1,43.25,43.3800010681,42.4099998474,42.5099983215,43.25,42.0400009155,0.0,0,-0.047574826984897456,3.9742935523695566,-3.593499071067807,-2.540360213517534,6.1144998364129455,3.6156051967153324,2.0,2.0,0.8509942223800006,1.0330508127022853,6.1144998364129455,3.9742935523695566
APA,2023-02-14,train,True,True,D-1,42.1100006104,43.25,41.7999992371,42.4700012207,42.0400009155,41.5299987793,-0.16623057203829505,0,3.9742935523695566,-3.593499071067807,-2.540360213517534,6.1144998364129455,-2.410475249533839,1.16610627882332,2.0,3.0,0.5033107061635894,3.5285816495583155,6.1144998364129455,3.9742935523695566
APA,2023-02-15,train,True,True,D-1,42.0400009155,42.0400009155,40.4000015259,41.3100013733,41.5299987793,39.25,-1.2131354069784606,0,-3.593499071067807,-2.540360213517534,6.1144998364129455,-2.410475249533839,-0.09408869061228176,-2.7923951575828942,1.0,4.0,0.49006661832901866,3.6260820733139187,6.1144998364129455,8.616795791959241
APA,2023-02-16,train,True,True,D-1,41.2200012207,41.5299987793,40.1199989319,40.1399993896,39.25,38.2799987793,-4.779236201746395,0,-2.540360213517534,6.1144998364129455,-2.410475249533839,-0.09408869061228176,-2.7313393314305268,-1.923071175546831,1.0,3.0,0.2808643356205171,5.64027581419051,6.1144998364129455,8.937357977042627
APA,2023-02-17,train,True,True,D-1,39.25,39.25,37.8699989319,38.0900001526,38.2799987793,38.3800010681,-2.216557788280249,0,6.1144998364129455,-2.410475249533839,-0.09408869061228176,-2.7313393314305268,-2.8322487165449717,-2.2168084394933896,1.0,4.0,0.005681947471412722,8.71948194624743,6.1144998364129455,11.600729561229507
APA,2023-02-21,train,True,True,D-1,38.0,38.2799987793,37.5,38.0600013733,38.3800010681,40.2299995422,5.868419847894724,1,-2.410475249533839,-0.09408869061228176,-2.7313393314305268,-2.8322487165449717,-5.1071232390978665,-12.557394509295916,0.0,4.0,0.03992761078160371,13.888161969825852,-0.09408869061228176,7.7947255232511115
APA,2023-02-22,train,True,True,D-1,37.7299995422,38.3800010681,37.0800018311,37.8600006104,40.2299995422,39.4000015259,6.626027114587729,1,-0.09408869061228176,-2.7313393314305268,-2.8322487165449717,-5.1071232390978665,-0.07875762452038693,-10.468118381339375,0.0,4.0,0.09739154318260815,13.636359536079556,-0.07875762452038693,5.181858614673807
APA,2023-02-23,train,True,True,D-1,39.9300003052,40.2299995422,38.2400016785,39.1199989319,39.4000015259,39.7700004578,-0.40070084191599076,0,-2.7313393314305268,-2.8322487165449717,-5.1071232390978665,-0.07875762452038693,-0.5254880601247236,-10.854722104535918,0.0,4.0,0.1572578474365496,11.040676803242766,-0.07875762452038693,0.6038318227318262
APA,2023-02-24,train,True,True,D-1,38.7200012207,39.4000015259,38.2900009155,39.2200012207,39.7700004578,39.9799995422,3.2541277938451962,1,-2.8322487165449717,-5.1071232390978665,-0.07875762452038693,-0.5254880601247236,3.3280462260581123,-5.301385544894865,1.0,4.0,0.4584266291744689,6.160531475461761,3.3280462260581123,0.0
APA,2023-02-27,train,True,True,D-1,39.2700004578,39.7700004578,38.7999992371,39.2299995422,39.9799995422,40.0900001526,2.088107168934661,0,-5.1071232390978665,-0.07875762452038693,-0.5254880601247236,3.3280462260581123,0.2556295795766328,-2.2919735498012184,2.0,1.0,0.6793653792379101,2.5752123663038917,3.3280462260581123,0.0
APA,2023-02-28,train,True,True,D-1,39.9300003052,39.9799995422,38.3600006104,38.3800010681,40.0900001526,40.5299987793,1.5026257688805167,0,-0.07875762452038693,-0.5254880601247236,3.3280462260581123,0.2556295795766328,0.02549291481082072,2.992909910823882,3.0,2.0,0.6825394518617622,2.5490696193465334,3.3280462260581123,3.3280462260581123
APA,2023-03-01,train,True,True,D-1,38.3499984741,40.0900001526,38.0099983215,39.6300010681,40.5299987793,41.3800010681,7.900919725059019,1,-0.5254880601247236,3.3280462260581123,0.2556295795766328,0.02549291481082072,-2.166705286819204,0.8407768871613541,3.0,3.0,0.41269847035731133,4.820214754078389,3.3280462260581123,5.469810954399456
APA,2023-03-02,train,True,True,D-1,39.6599998474,40.5299987793,39.4799995422,40.2700004578,41.3800010681,40.7099990845,4.336866432975439,1,3.3280462260581123,0.2556295795766328,0.02549291481082072,-2.166705286819204,3.2569045471938507,4.675119992506782,4.0,4.0,0.729730565683739,1.514000650842684,3.3280462260581123,3.3280462260581123
APA,2023-03-03,train,True,True,D-1,39.5,41.3800010681,39.4000015259,41.1500015259,40.7099990845,39.9300003052,3.0632888215189835,1,0.2556295795766328,0.02549291481082072,-2.166705286819204,3.2569045471938507,1.6149365946274585,2.939676782460854,4.0,0.0,0.8968260816400875,0.6456377416048431,3.2569045471938507,0.2556295795766328
APA,2023-03-06,train,True,True,D-1,40.5600013733,40.7099990845,39.7900009155,40.1500015259,39.9300003052,39.5900001526,-1.5532570186615469,0,0.02549291481082072,-2.166705286819204,3.2569045471938507,1.6149365946274585,2.185252192937459,4.920959319555984,4.0,0.0,0.9317509333094625,0.5589296079496764,3.2569045471938507,3.2569045471938507
APA,2023-03-07,train,True,True,D-1,39.7900009155,39.9300003052,38.9199981689,39.1300010681,39.5900001526,39.1599998474,-0.5026407597344296,0,-2.166705286819204,3.2569045471938507,1.6149365946274585,2.185252192937459,-2.4301335672383795,2.3451491063882113,3.0,1.0,0.6350152701089203,3.0635105739822865,3.2569045471938507,3.5548904685641536
APA,2023-03-08,train,True,True,D-1,38.8800010681,39.5900001526,38.0099983215,38.4900016785,39.1599998474,37.5600013733,0.7201614496089359,0,3.2569045471938507,1.6149365946274585,2.185252192937459,-2.4301335672383795,-2.540474269078219,1.9541427283163104,3.0,2.0,0.3323447577987801,5.750063732643929,3.2569045471938507,8.165775465530523
APA,2023-03-09,train,True,True,D-1,38.5499992371,39.1599998474,36.9399986267,37.0099983215,37.5600013733,35.7700004578,-2.5680878946613417,0,1.6149365946274585,2.185252192937459,-2.4301335672383795,-2.540474269078219,-1.6355721240236543,-2.8766070120488485,2.0,3.0,0.14243411447788193,7.508441838323732,2.185252192937459,6.319747297076295
APA,2023-03-10,train,True,True,D-1,36.8100013733,37.5600013733,35.7599983215,35.9500007629,35.7700004578,35.9000015259,-2.4721537991032494,0,2.185252192937459,-2.4301335672383795,-2.540474269078219,-1.6355721240236543,-3.8451631396698827,-8.09536155758489,1.0,4.0,0.015765688358028117,11.807627519024667,2.185252192937459,7.603097040195316
APA,2023-03-13,train,True,True,D-1,34.6500015259,35.7700004578,33.8400001526,34.5200004578,35.9000015259,33.5099983215,3.6075034486381163,1,-2.4301335672383795,-2.540474269078219,-1.6355721240236543,-3.8451631396698827,-2.864084319572169,-12.636696403831483,0.0,4.0,0.038384325679344806,13.24060701136971,-1.6355721240236543,6.599118744696797
APA,2023-03-14,train,True,True,D-1,34.5600013733,35.9000015259,33.7799987793,34.8300018311,33.5099983215,32.8800010681,-3.038203154156116,0,-2.540474269078219,-1.6355721240236543,-3.8451631396698827,-2.864084319572169,-3.977747634920048,-14.022418067576393,0.0,4.0,0.1116585038031061,15.672073510003592,-1.6355721240236543,6.727905908208321
APA,2023-03-15,train,True,True,D-1,33.0699996948,33.5099983215,31.4599990845,32.0499992371,32.8800010681,32.7900009155,-0.5745347095660214,0,-1.6355721240236543,-3.8451631396698827,-2.864084319572169,-3.977747634920048,0.8980340938261833,-10.989008739142347,1.0,4.0,0.18072337411576392,13.666374020255589,0.8980340938261833,3.1154350710218215
APA,2023-03-16,train,True,True,D-1,31.1700000763,32.8800010681,30.9200000763,32.8100013733,32.7900009155,33.1399993896,6.320177441378583,1,-3.8451631396698827,-2.864084319572169,-3.977747634920048,0.8980340938261833,-7.98163206387692,-16.73162421553568,1.0,4.0,0.07662338884987252,22.184089795764184,0.8980340938261833,7.155275747228118
APA,2023-03-17,train,True,True,D-1,32.6899986267,32.7900009155,31.4300003052,31.7399997711,33.1399993896,35.4900016785,8.565320187909276,1,-2.864084319572169,-3.977747634920048,0.8980340938261833,-7.98163206387692,2.37130157344978,-11.348276516295119,2.0,4.0,0.2846386939493392,14.477292902113192,2.37130157344978,6.697633150971017
APA,2023-03-20,train,True,True,D-1,31.8899993896,33.1399993896,31.7099990845,32.8800010681,35.4900016785,35.6100006104,11.665102828484763,1,-3.977747634920048,0.8980340938261833,-7.98163206387692,2.37130157344978,-3.261205600164163,-11.710711828814958,2.0,3.0,0.1646585253234942,13.106495856335144,2.37130157344978,1.8652711402506905
APA,2023-03-21,train,True,True,D-1,33.7599983215,35.4900016785,33.6399993896,35.0400009155,35.6100006104,35.2700004578,5.479864872273499,1,0.8980340938261833,-7.98163206387692,2.37130157344978,-3.261205600164163,3.5916865318883717,-4.750867230447653,3.0,4.0,0.3935743817820434,9.18491593581483,3.5916865318883717,2.37130157344978
APA,2023-03-22,train,True,True,D-1,35.0400009155,35.6100006104,34.3300018311,34.3499984741,35.2700004578,34.6800003052,0.6563913706927327,0,-7.98163206387692,2.37130157344978,-3.261205600164163,3.5916865318883717,6.56934238817779,0.6029258494396394,3.0,0.0,0.9015315962289011,1.2842487192999519,6.56934238817779,2.37130157344978
APA,2023-03-23,train,True,True,D-1,34.5,35.2700004578,33.3499984741,34.0099983215,34.6800003052,35.7700004578,3.6811607472463814,1,2.37130157344978,-3.261205600164163,3.5916865318883717,6.56934238817779,-1.9691849982080956,7.176284841647029,3.0,0.0,0.7313428586758587,3.6681286529024026,6.56934238817779,3.5916865318883717
APA,2023-03-24,train,True,True,D-1,33.3400001526,34.6800003052,33.0900001526,34.5099983215,35.7700004578,36.2999992371,8.87822156854181,1,-3.261205600164163,3.5916865318883717,6.56934238817779,-1.9691849982080956,-0.9898112596900432,3.657412063312293,2.0,1.0,0.6172243607471589,4.704505639121215,6.56934238817779,9.50884743123953
APA,2023-03-27,train,True,True,D-1,34.9700012207,35.7700004578,34.4700012207,35.3800010681,36.2999992371,36.4900016785,4.346583942640114,1,3.5916865318883717,6.56934238817779,-1.9691849982080956,-0.9898112596900432,1.4701559090754657,8.72715365588046,3.0,2.0,0.7179482414058403,3.187488676911032,6.56934238817779,6.56934238817779
APA,2023-03-28,train,True,True,D-1,35.1300010681,36.2999992371,35.0,35.9000015259,36.4900016785,36.5800018311,4.127528377209977,1,6.56934238817779,-1.9691849982080956,-0.9898112596900432,1.4701559090754657,2.521016484831251,7.603406079038999,3.0,0.0,0.8544778562363273,1.1023159353481304,6.56934238817779,6.56934238817779
APA,2023-03-29,train,True,True,D-1,36.3800010681,36.4900016785,35.7099990845,35.9099998474,36.5800018311,36.0900001526,0.5497546924905672,0,-1.9691849982080956,-0.9898112596900432,1.4701559090754657,2.521016484831251,1.4697581743965848,2.454339577427289,3.0,0.0,0.875390085582437,1.1141997052880992,2.521016484831251,1.4701559090754657
APA,2023-03-30,train,True,True,D-1,36.5,36.5800018311,35.2700004578,35.3800010681,36.0900001526,39.4700012207,8.136989645753424,1,-0.9898112596900432,1.4701559090754657,2.521016484831251,1.4697581743965848,0.027850476532109703,4.541488915861969,4.0,0.0,0.8294113027062632,1.6151540895703809,2.521016484831251,2.521016484831251
APA,2023-03-31,train,True,True,D-1,35.7599983215,36.0900001526,35.4000015259,36.0600013733,39.4700012207,39.5900001526,10.710296450985247,1,1.4701559090754657,2.521016484831251,1.4697581743965848,0.027850476532109703,-1.4759086091680307,4.02823526672722,4.0,0.0,0.6561604051962068,3.391748803766892,2.521016484831251,3.9694856650479893
APA,2023-04-03,train,True,True,D-1,38.2400016785,39.4700012207,38.2099990845,39.2000007629,39.5900001526,38.1800003052,3.5303305827494746,1,2.521016484831251,1.4697581743965848,0.027850476532109703,-1.4759086091680307,1.921990629370307,4.491460814804893,4.0,1.0,0.753554356696881,1.4420422573389713,2.521016484831251,2.521016484831251
APA,2023-04-04,train,True,True,D-1,39.5900001526,39.5900001526,37.4900016785,38.0999984741,38.1800003052,38.5400009155,-2.6521829579509104,0,1.4697581743965848,0.027850476532109703,-1.4759086091680307,1.921990629370307,8.70770734891031,10.797059297559652,4.0,0.0,0.9395972295153602,0.688776664656432,8.70770734891031,1.4697581743965848
APA,2023-04-05,train,True,True,D-1,37.8899993896,38.1800003052,37.1500015259,37.9900016785,38.5400009155,39.5,4.249143933324828,1,0.027850476532109703,-1.4759086091680307,1.921990629370307,8.70770734891031,-2.8061282331429793,6.128124943428803,3.0,0.0,0.6550921796838267,3.9107657169931143,8.70770734891031,1.921990629370307
APA,2023-04-06,train,True,True,D-1,37.7799987793,38.5400009155,37.5499992371,38.0699996948,39.5,40.4199981689,6.9878228557447075,1,-1.4759086091680307,1.921990629370307,8.70770734891031,-2.8061282331429793,-0.28870551182508253,5.792263547588394,2.0,1.0,0.6296299566812648,4.211630438030478,8.70770734891031,11.794439647000399
APA,2023-04-10,train,True,True,D-1,38.4500007629,39.5,38.3300018311,39.0900001526,40.4199981689,40.3600006104,5.123530213036642,1,1.921990629370307,8.70770734891031,-2.8061282331429793,-0.28870551182508253,0.21057650109364,7.603161519193424,3.0,2.0,0.6372312754199796,3.9926463619268437,8.70770734891031,8.786444305607011
APA,2023-04-11,train,True,True,D-1,39.6199989319,40.4199981689,39.1399993896,39.9199981689,40.3600006104,40.6699981689,2.6501748240951972,0,8.70770734891031,-2.8061282331429793,-0.28870551182508253,0.21057650109364,2.679276243701456,8.402658524421213,3.0,3.0,0.7950818518794698,1.2790995089488222,8.70770734891031,8.70770734891031
APA,2023-04-12,train,True,True,D-1,40.1599998474,40.3600006104,39.5600013733,39.6399993896,40.6699981689,40.9199981689,1.8924261065434322,0,-2.8061282331429793,-0.28870551182508253,0.21057650109364,2.679276243701456,2.123300110155668,1.8367280407847186,3.0,0.0,0.8470946442497617,1.2525050674714988,2.679276243701456,0.21057650109364
APA,2023-04-13,train,True,True,D-1,39.7700004578,40.6699981689,39.3800010681,40.4700012207,40.9199981689,41.1100006104,3.369374244845358,1,-0.28870551182508253,0.21057650109364,2.679276243701456,2.123300110155668,-0.7013997799181659,4.0419973154247835,3.0,1.0,0.7614680183327632,1.967706335294861,2.679276243701456,2.679276243701456
APA,2023-04-14,train,True,True,D-1,40.5699996948,40.9199981689,40.1699981689,40.7799987793,41.1100006104,39.5499992371,1.3310350496976042,0,0.21057650109364,2.679276243701456,2.123300110155668,-0.7013997799181659,2.093849252978952,6.528032199597211,4.0,0.0,0.9358983920918781,0.4941856737521011,2.679276243701456,2.679276243701456
APA,2023-04-17,train,True,True,D-1,40.8199996948,41.1100006104,39.4700012207,39.4900016785,39.5499992371,39.0099983215,-3.111221134726716,0,2.679276243701456,2.123300110155668,-0.7013997799181659,2.093849252978952,0.7659934500853005,7.118463636000927,4.0,0.0,0.9459461051906667,0.34330405539655384,2.679276243701456,2.679276243701456
APA,2023-04-18,train,True,True,D-1,39.4900016785,39.5499992371,38.8800010681,39.4199981689,39.0099983215,38.1399993896,-1.2155060435495857,0,2.123300110155668,-0.7013997799181659,2.093849252978952,0.7659934500853005,-3.1633083359845604,1.0232835107149452,3.0,0.0,0.17766602639863738,4.102301501754546,2.123300110155668,4.5448457307145755
APA,2023-04-19,train,True,True,D-1,38.5800018311,39.0099983215,38.0699996948,38.7900009155,38.1399993896,37.8899993896,-1.1404935733966282,0,-0.7013997799181659,2.093849252978952,0.7659934500853005,-3.1633083359845604,-0.177268945617981,-1.2525050674714988,2.0,1.0,0.24215121597874997,4.287170268905061,2.093849252978952,5.428818971247651
APA,2023-04-20,train,True,True,D-1,37.7900009155,38.1399993896,37.25,37.7000007629,37.8899993896,38.0600013733,0.7144759228869146,0,2.093849252978952,0.7659934500853005,-3.1633083359845604,-0.177268945617981,-1.5981666226890567,-2.1442948718182975,2.0,2.0,0.23684243547600836,5.980921990576582,2.093849252978952,3.866451768164736
APA,2023-04-21,train,True,True,D-1,37.7400016785,37.8899993896,36.9399986267,37.2299995422,38.0600013733,37.4000015259,0.8479058838577025,0,0.7659934500853005,-3.1633083359845604,-0.177268945617981,-1.5981666226890567,-2.8100029050642683,-6.844577154060416,1.0,3.0,0.11658049008789262,9.045092250649844,0.7659934500853005,5.1292544493133025
APA,2023-04-24,train,True,True,D-1,37.0200004578,38.0600013733,36.9399986267,37.8499984741,37.4000015259,36.5,1.0264750497050112,0,-3.1633083359845604,-0.177268945617981,-1.5981666226890567,-2.8100029050642683,-1.2466875628355911,-8.705246060237714,0.0,4.0,0.06954455096989674,10.421705925088842,-0.177268945617981,4.021658511167104
APA,2023-04-25,train,True,True,D-1,37.2799987793,37.4000015259,36.2400016785,36.2799987793,36.5,35.9799995422,-2.09227147221126,0,-0.177268945617981,-1.5981666226890567,-2.8100029050642683,-1.2466875628355911,1.6653208152668242,-4.15295805189314,1.0,4.0,0.34865886382322764,4.491415671161203,1.6653208152668242,0.0
APA,2023-04-26,train,True,True,D-1,36.0999984741,36.5,34.9700012207,35.3699989319,35.9799995422,37.0499992371,2.6315811721753457,0,-1.5981666226890567,-2.8100029050642683,-1.2466875628355911,1.6653208152668242,-4.1479518047386925,-7.965498567874796,1.0,4.0,0.01443940406970409,7.524806047561472,1.6653208152668242,2.5517076942834116
APA,2023-04-27,train,True,True,D-1,35.4199981689,35.9799995422,35.0600013733,35.6599998474,37.0499992371,37.0800018311,4.686628311735874,1,-2.8100029050642683,-1.2466875628355911,1.6653208152668242,-4.1479518047386925,-2.508268682520498,-8.816710242028925,1.0,4.0,0.12618231616796216,7.831497148284483,1.6653208152668242,8.217499526441706
APA,2023-04-28,train,True,True,D-1,35.5600013733,37.0499992371,35.3499984741,36.8499984741,37.0800018311,36.3100013733,4.274466814113476,1,-1.2466875628355911,1.6653208152668242,-4.1479518047386925,-2.508268682520498,0.8199064864501615,-5.411142902436039,2.0,3.0,0.22330051541240933,6.730234257348111,1.6653208152668242,3.3742484689627483
APA,2023-05-01,train,True,True,D-1,36.1500015259,37.0800018311,35.9700012207,36.9000015259,36.3100013733,34.9399986267,0.44259983581289575,0,1.6653208152668242,-4.1479518047386925,-2.508268682520498,0.8199064864501615,3.3370685131586253,-1.0206851269747408,3.0,4.0,0.6084133205683261,3.283590093091715,3.3370685131586253,1.6653208152668242
APA,2023-05-02,train,True,True,D-1,36.1599998474,36.3100013733,33.8800010681,34.3600006104,34.9399986267,35.8899993896,-0.7466826851201369,0,-4.1479518047386925,-2.508268682520498,0.8199064864501615,3.3370685131586253,0.13569349761344274,-2.5098995680278846,3.0,4.0,0.7942387089705131,1.3550134941025638,3.3370685131586253,0.8199064864501615
APA,2023-05-03,train,True,True,D-1,33.6300010681,34.9399986267,33.4000015259,34.1699981689,35.8899993896,33.6500015259,6.720185101759446,1,-2.508268682520498,0.8199064864501615,3.3370685131586253,0.13569349761344274,-6.883471031070776,-5.292167126520075,3.0,1.0,0.14999982120316765,7.916185018566946,3.3370685131586253,10.094186469215238
APA,2023-05-04,train,True,True,D-1,34.7999992371,35.8899993896,32.0,32.2599983215,33.6500015259,34.2400016785,-1.6091884220589159,0,0.8199064864501615,3.3370685131586253,0.13569349761344274,-6.883471031070776,-0.552975663925015,-3.392707942430062,3.0,2.0,0.20923820085339695,8.516253491779668,3.3370685131586253,10.735451288519272
APA,2023-05-05,train,True,True,D-1,33.4799995422,33.6500015259,32.8899993896,33.2200012207,34.2400016785,33.4700012207,2.2700183592955447,0,3.3370685131586253,0.13569349761344274,-6.883471031070776,-0.552975663925015,-5.5896984189434225,-9.534496748316446,2.0,3.0,0.05118075350057515,14.941115190287091,3.3370685131586253,9.448832924083506
APA,2023-05-08,train,True,True,D-1,33.9099998474,34.2400016785,33.0,33.0800018311,33.4700012207,33.5299987793,-1.1206165432322668,0,0.13569349761344274,-6.883471031070776,-0.552975663925015,-5.5896984189434225,2.9758305925273287,-9.850739223100213,2.0,4.0,0.24015763404475496,11.619507731970714,2.9758305925273287,2.9159012796104777
APA,2023-05-09,train,True,True,D-1,32.5499992371,33.4700012207,32.4500007629,33.1599998474,33.5299987793,33.4099998474,3.0107513522857676,1,-6.883471031070776,-0.552975663925015,-5.5896984189434225,2.9758305925273287,-0.4214310188307979,-10.352302267843427,1.0,4.0,0.2505803914101968,9.76420605625037,2.9758305925273287,0.0
APA,2023-05-10,train,True,True,D-1,33.2999992371,33.5299987793,32.3400001526,32.7999992371,33.4099998474,33.5999984741,0.9008986302490918,0,-0.552975663925015,-5.5896984189434225,2.9758305925273287,-0.4214310188307979,0.24183195850004946,-3.4924352202624354,2.0,3.0,0.29820052170221084,8.232809272506824,2.9758305925273287,3.1564488077446384
APA,2023-05-11,train,True,True,D-1,32.1500015259,33.4099998474,32.1199989319,33.0800018311,33.5999984741,33.5299987793,4.510099158259395,1,-5.5896984189434225,2.9758305925273287,-0.4214310188307979,0.24183195850004946,-1.0856472013169416,-4.009362028725272,2.0,4.0,0.20565536314448252,9.420732391374287,2.9758305925273287,3.8222712772335576
APA,2023-05-12,train,True,True,D-1,33.4300003052,33.5999984741,32.4799995422,32.9799995422,33.5299987793,32.7400016785,0.2991279485105247,0,2.9758305925273287,-0.4214310188307979,0.24183195850004946,-1.0856472013169416,0.8536664649774872,2.541858500511762,3.0,3.0,0.4528309695539895,3.506649888723512,2.9758305925273287,3.217079134952383
APA,2023-05-15,train,True,True,D-1,33.2400016785,33.5299987793,32.8100013733,32.9399986267,32.7400016785,32.9900016785,-0.7521058585315932,0,-0.4214310188307979,0.24183195850004946,-1.0856472013169416,0.8536664649774872,-0.3023043632542466,-0.7224613777270128,2.0,4.0,0.4056601396763483,3.8205038016684956,0.8536664649774872,0.24183195850004946
APA,2023-05-16,train,True,True,D-1,32.5999984741,32.7400016785,31.5499992371,31.6299991608,32.9900016785,32.75,1.1963289038490421,0,0.24183195850004946,-1.0856472013169416,0.8536664649774872,-0.3023043632542466,-0.12128840526153262,-0.42322610837455255,2.0,1.0,0.554054019220226,2.0036426075167535,0.8536664649774872,1.2768925733520398
APA,2023-05-17,train,True,True,D-1,32.0600013733,32.9900016785,31.6399993896,32.5600013733,32.75,33.9399986267,5.863996172394725,1,-1.0856472013169416,0.8536664649774872,-0.3023043632542466,-0.12128840526153262,-3.976926291788496,-4.6139948541645275,1.0,2.0,0.03902436754906994,6.228262300245246,0.8536664649774872,4.947057611549776
APA,2023-05-18,train,True,True,D-1,32.1599998474,32.75,32.0200004578,32.7099990845,33.9399986267,34.2000007629,6.343286458892572,1,0.8536664649774872,-0.3023043632542466,-0.12128840526153262,-3.976926291788496,2.9402536742795027,-0.7317008212870513,2.0,3.0,0.49268415225268597,3.1940941552073276,2.9402536742795027,2.007270803904182
APA,2023-05-19,train,True,True,D-1,33.3199996948,33.9399986267,33.0099983215,33.4099998474,34.2000007629,34.6699981689,4.051616105838929,1,-0.3023043632542466,-0.12128840526153262,-3.976926291788496,2.9402536742795027,0.46068091177355885,-1.118508845583388,2.0,4.0,0.5658537947055827,2.720878674746685,2.9402536742795027,0.0
APA,2023-05-22,train,True,True,D-1,33.2999992371,34.2000007629,33.1199989319,33.4700012207,34.6699981689,34.7000007629,4.204208882504212,1,-0.12128840526153262,-3.976926291788496,2.9402536742795027,0.46068091177355885,2.1400207352243683,1.3038214407789406,3.0,0.0,0.7782431319412582,1.5863477453480046,2.9402536742795027,2.9402536742795027
APA,2023-05-23,train,True,True,D-1,33.6899986267,34.6699981689,33.4700012207,33.9099998474,34.7000007629,33.6500015259,2.997928695074359,0,-3.976926291788496,2.9402536742795027,0.46068091177355885,2.1400207352243683,0.1795910612812035,1.608993977220119,4.0,0.0,0.7245286332506462,2.1810562162409397,2.9402536742795027,2.9402536742795027
APA,2023-05-24,train,True,True,D-1,34.3600006104,34.7000007629,33.6599998474,34.3800010681,33.6500015259,33.7400016785,-1.8044206079331104,0,2.9402536742795027,0.46068091177355885,2.1400207352243683,0.1795910612812035,1.3146059475727778,7.208348868455472,5.0,0.0,0.7491753704021041,2.241221836980545,2.9402536742795027,2.9402536742795027
APA,2023-05-25,train,True,True,D-1,33.5499992371,33.6500015259,32.8100013733,33.2999992371,33.7400016785,32.9300003052,0.5663262167526106,0,0.46068091177355885,2.1400207352243683,0.1795910612812035,1.3146059475727778,1.386025428531612,5.589679416575355,5.0,0.0,0.8805971423991846,0.9307727890006223,2.1400207352243683,2.1400207352243683
APA,2023-05-26,train,True,True,D-1,33.5299987793,33.7400016785,32.8199996948,33.4099998474,32.9300003052,31.8500003815,-1.7894378047828008,0,2.1400207352243683,0.1795910612812035,1.3146059475727778,1.386025428531612,-3.141366484720942,1.8037302632624819,4.0,1.0,0.25925821272551297,4.204208882504212,2.1400207352243683,3.938901929695293
APA,2023-05-30,train,True,True,D-1,32.7000007629,32.9300003052,31.7399997711,32.2400016785,31.8500003815,32.4399986267,-0.7951135478106219,0,0.1795910612812035,1.3146059475727778,1.386025428531612,-3.141366484720942,0.33033217063094256,0.0,4.0,2.0,0.3174596126335198,3.8611221831549525,1.386025428531612,4.207436686718069
APA,2023-05-31,train,True,True,D-1,31.1100006104,31.8500003815,30.6700000763,31.7800006866,32.4399986267,34.1899986267,9.900347013398548,1,1.3146059475727778,1.386025428531612,-3.141366484720942,0.33033217063094256,-3.5019400605925233,-3.6749312737977657,3.0,3.0,0.16891950671136322,7.630269715651106,1.386025428531612,4.569201353109542
APA,2023-06-01,train,True,True,D-1,32.0600013733,32.4399986267,31.5100002289,32.0400009155,34.1899986267,34.7599983215,8.421699415298821,1,1.386025428531612,-3.141366484720942,0.33033217063094256,-3.5019400605925233,-1.4268020097739642,-6.281330493616366,2.0,4.0,0.2754343476890272,9.188168701114009,1.386025428531612,6.264801747732484
APA,2023-06-02,train,True,True,D-1,32.9500007629,34.1899986267,32.3400001526,33.6800003052,34.7599983215,33.4799995422,5.4931639353343,1,-3.141366484720942,0.33033217063094256,-3.5019400605925233,-1.4268020097739642,0.818125309259754,-6.806282954921727,2.0,3.0,0.44625411212106314,5.305869895208359,0.818125309259754,0.9506818995001387
APA,2023-06-05,train,True,True,D-1,34.6699981689,34.7599983215,33.0299987793,33.0699996948,33.4799995422,34.9000015259,0.663407467977084,0,0.33033217063094256,-3.5019400605925233,-1.4268020097739642,0.818125309259754,5.118599696751613,1.1411443747921357,3.0,0.0,0.8551140535435585,1.5142467840811413,5.118599696751613,0.33033217063094256
APA,2023-06-06,train,True,True,D-1,32.2900009155,33.4799995422,32.1599998474,33.3400001526,34.9000015259,34.5699996948,8.082999493342014,1,-3.5019400605925233,-1.4268020097739642,0.818125309259754,5.118599696751613,-1.8111656914261198,-1.0176598448157659,2.0,0.0,0.5867972245016562,5.110367832769391,5.118599696751613,0.818125309259754
APA,2023-06-07,train,True,True,D-1,33.5499992371,34.9000015259,33.5099983215,34.4000015259,34.5699996948,34.4099998474,3.0402398834396216,1,-1.4268020097739642,0.818125309259754,5.118599696751613,-1.8111656914261198,0.8164513465128698,3.4119057594018676,3.0,1.0,0.6528120346832659,4.259142658669912,5.118599696751613,6.1281013283400965
APA,2023-06-08,train,True,True,D-1,34.2799987793,34.5699996948,33.2400016785,34.0,34.4099998474,33.5200004578,0.3792330009606104,0,0.818125309259754,5.118599696751613,-1.8111656914261198,0.8164513465128698,3.1793682316985317,8.244181191615652,4.0,0.0,0.8525074310613162,1.4534883076198213,5.118599696751613,5.118599696751613
APA,2023-06-09,train,True,True,D-1,33.9799995422,34.4099998474,33.2200012207,33.4099998474,33.5200004578,34.5699996948,1.7363159521744054,0,5.118599696751613,-1.8111656914261198,0.8164513465128698,3.1793682316985317,-1.1627950818514865,6.117350276203681,3.0,1.0,0.6715324910338364,2.647063311470599,5.118599696751613,5.118599696751613
APA,2023-06-12,train,True,True,D-1,32.7099990845,33.5200004578,32.2299995422,33.0600013733,34.5699996948,34.5,5.686336479236975,1,-1.8111656914261198,0.8164513465128698,3.1793682316985317,-1.1627950818514865,-1.73529456647058,-0.8016640598376368,2.0,2.0,0.45620410009540796,4.459747636353106,3.1793682316985317,6.057279960146045
APA,2023-06-13,train,True,True,D-1,33.6699981689,34.5699996948,33.4500007629,33.7099990845,34.5,34.8699989319,3.5640060239397364,1,0.8164513465128698,3.1793682316985317,-1.1627950818514865,-1.73529456647058,-1.0475859793433684,-0.03023381189077856,2.0,3.0,0.328467508966161,5.565638463905298,3.1793682316985317,5.944070074933839
APA,2023-06-14,train,True,True,D-1,34.2700004578,34.5,33.1199989319,33.6500015259,34.8699989319,35.0499992371,2.276039594048118,0,3.1793682316985317,-1.1627950818514865,-1.73529456647058,-1.0475859793433684,1.9661151972151902,1.1097748356523107,2.0,4.0,0.5543065328547297,3.53011709794786,3.1793682316985317,3.1793682316985317
APA,2023-06-15,train,True,True,D-1,33.7999992371,34.8699989319,33.7599983215,34.6699981689,35.0499992371,34.2000007629,3.698224935543659,1,-1.1627950818514865,-1.73529456647058,-1.0475859793433684,1.9661151972151902,-0.17798148985290752,-2.180232461429743,1.0,4.0,0.6068384149984867,2.7340211803315695,1.9661151972151902,0.0
APA,2023-06-16,train,True,True,D-1,34.8899993896,35.0499992371,34.0999984741,34.3800010681,34.2000007629,34.7000007629,-0.5445647177530155,0,-1.73529456647058,-1.0475859793433684,1.9661151972151902,-0.17798148985290752,3.0311934524428485,1.970582849705882,2.0,0.0,0.9242421177140023,0.5768698401011241,3.0311934524428485,1.9661151972151902
APA,2023-06-20,train,True,True,D-1,34.0999984741,34.2000007629,32.8400001526,33.5,34.7000007629,33.7999992371,1.7595375825477433,0,-1.0475859793433684,1.9661151972151902,-0.17798148985290752,3.0311934524428485,-0.8364497147857808,2.903326025532693,2.0,0.0,0.7624119711035073,1.9488020598744882,3.0311934524428485,1.9661151972151902
APA,2023-06-21,train,True,True,D-1,33.6300010681,34.7000007629,33.5499992371,34.2099990845,33.7999992371,32.9399986267,0.5054955801391703,0,1.9661151972151902,-0.17798148985290752,3.0311934524428485,-0.8364497147857808,-2.5596307177445765,1.3309092813751588,2.0,1.0,0.29864258860058374,4.626863394328362,3.0311934524428485,6.405863861135064
APA,2023-06-22,train,True,True,D-1,33.7900009155,33.7999992371,32.9799995422,33.2099990845,32.9399986267,33.3800010681,-1.2133762541921889,0,-0.17798148985290752,3.0311934524428485,-0.8364497147857808,-2.5596307177445765,2.119400252238801,1.4832394351203204,2.0,2.0,0.6199092757587957,2.455422902892135,3.0311934524428485,3.5256727378368824
APA,2023-06-23,train,True,True,D-1,32.5699996948,32.9399986267,32.4599990845,32.5800018311,33.3800010681,33.2299995422,2.4869554218304613,0,3.0311934524428485,-0.8364497147857808,-2.5596307177445765,2.119400252238801,-2.9231219724091817,-1.3075852048961667,2.0,3.0,0.16742040053093915,5.540500461678066,3.0311934524428485,3.8968678270697166
APA,2023-06-26,train,True,True,D-1,32.4599990845,33.3800010681,32.4599990845,33.0299987793,33.2299995422,33.2999992371,2.587800912789051,0,-0.8364497147857808,-2.5596307177445765,2.119400252238801,-2.9231219724091817,-1.897010752084105,-6.028256268195564,1.0,4.0,0.046333104065470636,7.5813298562869,2.119400252238801,6.884081038618961
APA,2023-06-27,train,True,True,D-1,32.7599983215,33.2299995422,32.5299987793,32.7599983215,33.2999992371,33.9599990845,3.6630061797422453,1,-2.5596307177445765,2.119400252238801,-2.9231219724091817,-1.897010752084105,1.3812060248886926,-3.926708106046628,2.0,3.0,0.25446395879807826,5.056015880468601,2.119400252238801,2.661406606234784
APA,2023-06-28,train,True,True,D-1,32.7400016785,33.2999992371,32.1199989319,33.2000007629,33.9599990845,34.7400016785,6.1087351785732436,1,2.119400252238801,-2.9231219724091817,-1.897010752084105,1.3812060248886926,-0.8174401083211991,-2.208960234328361,2.0,4.0,0.13392813045313728,5.92186367765104,2.119400252238801,2.119400252238801
APA,2023-06-29,train,True,True,D-1,33.2000007629,33.9599990845,33.1699981689,33.9199981689,34.7400016785,34.5,4.638556868109811,1,-2.9231219724091817,-1.897010752084105,1.3812060248886926,-0.8174401083211991,1.3431088642981592,-2.952348285965356,2.0,4.0,0.642858115952201,1.8072242783514936,1.3812060248886926,1.3812060248886926
APA,2023-06-30,train,True,True,D-1,34.3499984741,34.7400016785,33.8300018311,34.1699981689,34.5,34.4700012207,0.4366856843184497,0,-1.897010752084105,1.3812060248886926,-0.8174401083211991,1.3431088642981592,2.168666835708577,2.1379075699263783,3.0,0.0,0.9782603737594947,0.11792723396037985,2.168666835708577,1.3812060248886926
APA,2023-07-03,train,True,True,D-1,34.3300018311,34.5,34.0299987793,34.0600013733,34.4700012207,34.2599983215,0.40780478337514303,0,1.3812060248886926,-0.8174401083211991,1.3431088642981592,2.168666835708577,0.7370283416737289,4.880283144374276,4.0,0.0,0.782441636620535,1.668140298932741,2.168666835708577,1.3812060248886926
APA,2023-07-05,train,True,True,D-1,34.3899993896,34.4700012207,33.7799987793,34.3499984741,34.2599983215,35.4700012207,3.1404531848482797,1,-0.8174401083211991,1.3431088642981592,2.168666835708577,0.7370283416737289,-0.3219104521349325,3.1183852015323144,3.0,1.0,0.7404581708616734,1.996477621204873,2.168666835708577,2.168666835708577
APA,2023-07-06,train,True,True,D-1,33.9700012207,34.2599983215,33.0200004578,33.6500015259,35.4700012207,35.4000015259,4.415660718569403,1,1.3431088642981592,2.168666835708577,0.7370283416737289,-0.3219104521349325,0.8514300913309292,4.853480567966018,4.0,2.0,0.8511439711633458,1.1353805581507226,2.168666835708577,2.168666835708577
APA,2023-07-07,train,True,True,D-1,33.5600013733,35.4700012207,33.5200004578,34.9099998474,35.4000015259,37.4300003052,11.531581565961835,1,2.168666835708577,0.7370283416737289,-0.3219104521349325,0.8514300913309292,-2.0378369120679696,1.3554239537935997,3.0,3.0,0.36627943080389513,3.239227646872589,2.168666835708577,3.3724244131272285
APA,2023-07-10,train,True,True,D-1,34.8899993896,35.4000015259,34.7200012207,35.0800018311,37.4300003052,37.7400016785,8.168536367901247,1,0.7370283416737289,-0.3219104521349325,0.8514300913309292,-2.0378369120679696,3.744422776712786,2.918637181436212,3.0,0.0,0.7714280820724565,1.604128833422802,3.744422776712786,0.8514300913309292
APA,2023-07-11,train,True,True,D-1,35.2799987793,37.4300003052,35.2700004578,37.2799987793,37.7400016785,38.7799987793,9.920635263892287,1,-0.3219104521349325,0.8514300913309292,-2.0378369120679696,3.744422776712786,0.4869721697024154,2.663165674466561,3.0,1.0,0.8408166252412229,1.1117427857550766,3.744422776712786,0.8514300913309292
APA,2023-07-12,train,True,True,D-1,36.8800010681,37.7400016785,36.7999992371,37.5099983215,38.7799987793,38.2200012207,5.151837462508735,1,0.8514300913309292,-2.0378369120679696,3.744422776712786,0.4869721697024154,6.271370676638921,9.453896876599055,4.0,0.0,0.9659860473717632,0.4023646212759191,6.271370676638921,3.744422776712786
APA,2023-07-13,train,True,True,D-1,37.6100006104,38.7799987793,37.5,38.5999984741,38.2200012207,36.7000007629,1.6219106631211178,0,-2.0378369120679696,3.744422776712786,0.4869721697024154,6.271370676638921,0.6169515818968074,9.19941772277706,4.0,0.0,0.951270487814431,0.6131787984329673,6.271370676638921,3.744422776712786
APA,2023-07-14,train,True,True,D-1,38.1800003052,38.2200012207,36.4300003052,36.6399993896,36.7000007629,38.25,0.18334126307084642,0,3.744422776712786,0.4869721697024154,6.271370676638921,0.6169515818968074,2.9058922990546465,14.710242864001177,5.0,0.0,0.965779398737779,0.4663220526311296,6.271370676638921,6.271370676638921
APA,2023-07-17,train,True,True,D-1,36.3899993896,36.7000007629,36.1699981689,36.3300018311,38.25,38.5699996948,5.990657713017256,1,0.4869721697024154,6.271370676638921,0.6169515818968074,2.9058922990546465,-5.077718036219947,4.955598824870355,4.0,1.0,0.4729062373037654,5.84060978534684,6.271370676638921,8.590749431186428
APA,2023-07-18,train,True,True,D-1,36.3600006104,38.25,36.2999992371,37.8800010681,38.5699996948,38.3899993896,6.078105190591998,1,6.271370676638921,0.6169515818968074,2.9058922990546465,-5.077718036219947,-0.8460632196079954,3.56328373646726,3.0,2.0,0.30199483766334245,6.743729217494021,6.271370676638921,12.152191227767005
APA,2023-07-19,train,True,True,D-1,37.8800010681,38.5699996948,37.7799987793,38.0299987793,38.3899993896,38.7400016785,2.270328896912921,0,0.6169515818968074,2.9058922990546465,-5.077718036219947,-0.8460632196079954,4.266444147748816,1.6094482522707398,3.0,3.0,0.6551733713724801,2.3759178612006826,4.266444147748816,2.9058922990546465
APA,2023-07-20,train,True,True,D-1,38.2999992371,38.3899993896,37.5900001526,37.9700012207,38.7400016785,39.7200012207,3.7075770545302866,1,2.9058922990546465,-5.077718036219947,-0.8460632196079954,4.266444147748816,0.39598127500137803,1.386298269978714,3.0,4.0,0.7126437453648498,1.9721273312483856,4.266444147748816,2.9058922990546465
APA,2023-07-21,train,True,True,D-1,38.1800003052,38.7400016785,37.6500015259,38.6399993896,39.7200012207,39.9099998474,4.531166915586393,1,-5.077718036219947,-0.8460632196079954,4.266444147748816,0.39598127500137803,-0.15776376683098725,-1.6321173013069346,2.0,1.0,0.7500007947390762,1.5801908212025761,4.266444147748816,4.266444147748816
APA,2023-07-24,train,True,True,D-1,38.7700004578,39.7200012207,38.6199989319,39.2799987793,39.9099998474,40.0400009155,3.275729798049287,1,-0.8460632196079954,4.266444147748816,0.39598127500137803,-0.15776376683098725,1.764546082065288,5.458515374778328,3.0,0.0,0.9610886566783073,0.25880509958526865,4.266444147748816,4.266444147748816
APA,2023-07-25,train,True,True,D-1,39.0,39.9099998474,38.8600006104,39.5699996948,40.0400009155,40.7599983215,4.512816208974368,1,4.266444147748816,0.39598127500137803,-0.15776376683098725,1.764546082065288,1.6563131465065606,8.120002200700904,4.0,0.0,0.8713443900003713,1.12016918297837,4.266444147748816,4.266444147748816
APA,2023-07-26,train,True,True,D-1,39.1699981689,40.0400009155,39.0,39.9900016785,40.7599983215,40.2099990845,4.059229581129831,1,0.39598127500137803,-0.15776376683098725,1.764546082065288,1.6563131465065606,0.7382915593491024,4.461453482173217,4.0,0.0,0.8534481908070647,0.8592371878251015,1.764546082065288,1.764546082065288
APA,2023-07-27,train,True,True,D-1,40.5,40.7599983215,39.3600006104,39.4799995422,40.2099990845,40.7400016785,0.5925967370370433,0,-0.15776376683098725,1.764546082065288,1.6563131465065606,0.7382915593491024,1.0614151805393934,5.153833715784506,4.0,0.0,0.979592154518018,0.12502934458960002,1.764546082065288,1.764546082065288
APA,2023-07-28,train,True,True,D-1,39.7900009155,40.2099990845,39.2799987793,40.1500015259,40.7400016785,40.4000015259,2.3875364190552917,0,1.764546082065288,1.6563131465065606,0.7382915593491024,1.0614151805393934,-1.2753241182637876,3.9768192598234497,4.0,0.0,0.5884244057386376,3.2421448686487775,1.764546082065288,1.9919915035820135
APA,2023-07-31,train,True,True,D-1,40.4000015259,40.7400016785,40.2400016785,40.4900016785,40.4000015259,39.75,0.0,0,1.6563131465065606,0.7382915593491024,1.0614151805393934,-1.2753241182637876,1.6970668476929518,3.9078730852837973,4.0,1.0,0.7149546871067027,1.5192945763812693,1.6970668476929518,1.6563131465065606
APA,2023-08-01,train,True,True,D-1,40.0800018311,40.4000015259,39.4199981689,40.2400016785,39.75,42.0900001526,5.014965642891633,1,0.7382915593491024,1.0614151805393934,-1.2753241182637876,1.6970668476929518,0.8468247563593989,3.0804555417594637,4.0,2.0,0.8578963324941665,0.6668229977954354,1.6970668476929518,1.0614151805393934
APA,2023-08-02,train,True,True,D-1,39.6899986267,39.75,38.4500007629,39.0099983215,42.0900001526,42.6599998474,7.482996531781283,1,1.0614151805393934,-1.2753241182637876,1.6970668476929518,0.8468247563593989,-0.6174363784547499,1.6932069468477806,3.0,3.0,0.7045470801603835,1.2922381245273007,1.6970668476929518,1.6970668476929518
APA,2023-08-03,train,True,True,D-1,40.4099998474,42.0900001526,40.2400016785,41.6599998474,42.6599998474,42.4399986267,5.567928751538376,1,-1.2753241182637876,1.6970668476929518,0.8468247563593989,-0.6174363784547499,-3.0566682547063184,-2.450620944902049,2.0,4.0,0.24242344175436917,4.486029416298387,1.6970668476929518,5.352298499080799
APA,2023-08-04,train,True,True,D-1,42.0600013733,42.6599998474,41.6399993896,41.8699989319,42.4399986267,43.4599990845,3.3285726711571817,1,1.6970668476929518,0.8468247563593989,-0.6174363784547499,-3.0566682547063184,6.793134170527448,5.521784018436504,3.0,0.0,0.8818680282154014,1.032165882801439,6.793134170527448,1.6970668476929518
APA,2023-08-07,train,True,True,D-1,41.9199981689,42.4399986267,41.7099990845,42.1699981689,43.4599990845,45.3199996948,8.110691017211025,1,0.8468247563593989,-0.6174363784547499,-3.0566682547063184,6.793134170527448,0.5040784571992862,4.283928619256616,3.0,0.0,0.812351285678765,1.8867946874918884,6.793134170527448,0.8468247563593989
APA,2023-08-08,train,True,True,D-1,41.25,43.4599990845,41.2099990845,43.3300018311,45.3199996948,44.6899986267,9.866665926787888,1,-0.6174363784547499,-3.0566682547063184,6.793134170527448,0.5040784571992862,0.7165016590708229,4.149163795397093,3.0,1.0,0.8836100273028457,1.1619675119203032,6.793134170527448,6.793134170527448
APA,2023-08-09,train,True,True,D-1,44.0,45.3199996948,43.9099998474,44.2200012207,44.6899986267,45.4399986267,3.2727241515909222,1,-3.0566682547063184,6.793134170527448,0.5040784571992862,0.7165016590708229,2.7507794938807617,7.678926500271421,4.0,0.0,0.9740524357384449,0.3000167272245502,6.793134170527448,6.793134170527448
APA,2023-08-10,train,True,True,D-1,44.1899986267,44.6899986267,43.7599983215,44.1500015259,45.4399986267,44.7900009155,2.8286943626306016,0,6.793134170527448,0.5040784571992862,0.7165016590708229,2.7507794938807617,2.0540026586410187,13.355557865606361,5.0,0.0,0.7834647827478515,2.487558669684242,6.793134170527448,6.793134170527448
APA,2023-08-11,train,True,True,D-1,44.1500015259,45.4399986267,44.0,44.8800010681,44.7900009155,44.2599983215,1.4496021913488644,0,0.5040784571992862,0.7165016590708229,2.7507794938807617,2.0540026586410187,-0.15829871747544688,5.976960363948258,4.0,1.0,0.715328954947625,2.650052386099322,2.7507794938807617,2.7507794938807617
APA,2023-08-14,train,True,True,D-1,44.7299995422,44.7900009155,43.9599990845,44.6599998474,44.2599983215,44.6199989319,-0.2459213311554409,0,0.7165016590708229,2.7507794938807617,2.0540026586410187,-0.15829871747544688,1.6534530395695635,7.188923365141853,4.0,0.0,0.8676128559794712,1.2477663664719474,2.7507794938807617,2.7507794938807617
APA,2023-08-15,train,True,True,D-1,44.1899986267,44.2599983215,43.2200012207,43.8600006104,44.6199989319,44.6699981689,1.0862175992691236,0,2.7507794938807617,2.0540026586410187,-0.15829871747544688,1.6534530395695635,-0.49019878668490335,5.904675804174819,3.0,1.0,0.8156031055042793,1.74652660538559,2.7507794938807617,2.7507794938807617
APA,2023-08-16,train,True,True,D-1,44.0,44.6199989319,43.5,43.6399993896,44.6699981689,44.3400001526,1.5227231111363704,0,2.0540026586410187,-0.15829871747544688,1.6534530395695635,-0.49019878668490335,-1.7913104337965557,1.2231681442477882,2.0,2.0,0.2882883502342256,3.6023666080965633,2.0540026586410187,4.3267308971102425
APA,2023-08-17,train,True,True,D-1,44.5499992371,44.6699981689,43.8800010681,44.0499992371,44.3400001526,44.7799987793,0.5162728308387043,0,-0.15829871747544688,1.6534530395695635,-0.49019878668490335,-1.7913104337965557,-0.5015987636530772,-1.311627804362181,1.0,3.0,0.1891885854302662,4.124654588168863,1.6534530395695635,3.9373770460300883
APA,2023-08-18,train,True,True,D-1,43.5299987793,44.3400001526,43.4300003052,44.2200012207,44.7799987793,44.1300010681,2.871582896975444,0,1.6534530395695635,-0.49019878668490335,-1.7913104337965557,-0.5015987636530772,0.9395047049375327,-0.22650574256795064,2.0,4.0,0.37387341721966094,3.1555037767839744,1.6534530395695635,1.6534530395695635
APA,2023-08-21,train,True,True,D-1,44.5200004578,44.7799987793,43.5200004578,43.9000015259,44.1300010681,42.7000007629,-0.8760094018185782,0,-0.49019878668490335,-1.7913104337965557,-0.5015987636530772,0.9395047049375327,0.3859295948791086,-1.47058786027775,2.0,4.0,0.6369427989776688,1.2890087721959986,0.9395047049375327,0.0
APA,2023-08-22,train,True,True,D-1,43.9900016785,44.1300010681,42.5600013733,42.6100006104,42.7000007629,42.9700012207,-2.3187097496714215,0,-1.7913104337965557,-0.5015987636530772,0.9395047049375327,0.3859295948791086,-0.7236537448357172,-1.701742776750692,2.0,0.0,0.4358983137193241,2.004549482488782,0.9395047049375327,1.280021648859908
APA,2023-08-23,train,True,True,D-1,42.0400009155,42.7000007629,41.4799995422,42.5400009155,42.9700012207,43.1199989319,2.568977147671303,0,-0.5015987636530772,0.9395047049375327,0.3859295948791086,-0.7236537448357172,-2.9384985664269947,-2.849977160519246,2.0,1.0,0.022522205190361928,5.09269687353715,0.9395047049375327,4.580392461282356
APA,2023-08-24,train,True,True,D-1,42.0800018311,42.9700012207,42.0499992371,42.2299995422,43.1199989319,43.4399986267,3.231931407842459,1,0.9395047049375327,0.3859295948791086,-0.7236537448357172,-2.9384985664269947,-0.16427996690268065,-2.520619820086756,2.0,2.0,0.3212126116221528,5.265627211079416,0.9395047049375327,4.0374558737948485
APA,2023-08-25,train,True,True,D-1,42.7700004578,43.1199989319,42.0800018311,42.7299995422,43.4399986267,43.6699981689,2.1042733258513913,0,0.3859295948791086,-0.7236537448357172,-2.9384985664269947,-0.16427996690268065,-0.7287291176034105,-4.13166793739046,1.0,3.0,0.2272727798140615,6.038359613411348,0.3859295948791086,1.2777415234319855
APA,2023-08-28,train,True,True,D-1,42.9199981689,43.4399986267,42.5299987793,42.9000015259,43.6699981689,44.0600013733,2.6561119595434723,0,-0.7236537448357172,-2.9384985664269947,-0.16427996690268065,-0.7287291176034105,1.1839924352837317,-3.3695197588608616,1.0,4.0,0.3787879663567692,4.7975643788047195,1.1839924352837317,0.0
APA,2023-08-29,train,True,True,D-1,42.9000015259,43.6699981689,42.6300010681,43.5699996948,44.0600013733,44.0400009155,2.7039622520751427,0,-2.9384985664269947,-0.16427996690268065,-0.7287291176034105,1.1839924352837317,0.3978515926079229,-2.277904248841589,2.0,4.0,0.5358494966216061,2.867131698019665,1.1839924352837317,0.0
APA,2023-08-30,train,True,True,D-1,43.8199996948,44.0600013733,43.5499992371,43.7200012207,44.0400009155,45.3699989319,3.5371959103047024,1,-0.16427996690268065,-0.7287291176034105,1.1839924352837317,0.3978515926079229,1.561767237923073,2.2529900742730646,3.0,0.0,0.9543385676681084,0.22951222125422444,1.561767237923073,1.1839924352837317
APA,2023-08-31,train,True,True,D-1,43.9300003052,44.0400009155,43.4300003052,43.8400001526,45.3699989319,46.1500015259,5.053496938940882,1,-0.7287291176034105,1.1839924352837317,0.3978515926079229,1.561767237923073,0.3442770873324008,2.7738605543143002,4.0,0.0,0.8308458749985286,0.7776764480944776,1.561767237923073,1.1839924352837317
APA,2023-09-01,train,True,True,D-1,44.5400009155,45.3699989319,44.5,45.0800018311,46.1500015259,45.3800010681,3.61472963023608,1,1.1839924352837317,0.3978515926079229,1.561767237923073,0.3442770873324008,0.2744714742669796,3.8124570870315733,5.0,1.0,0.8888882466833538,0.501827600214888,1.561767237923073,1.561767237923073
APA,2023-09-05,train,True,True,D-1,45.4000015259,46.1500015259,45.2900009155,45.3199996948,45.3800010681,44.9799995422,-0.04405387032551111,0,0.3978515926079229,1.561767237923073,0.3442770873324008,0.2744714742669796,2.828470972134478,5.4996543741573145,5.0,0.0,0.8978883502754355,0.6432943412170378,2.828470972134478,1.561767237923073
APA,2023-09-06,train,True,True,D-1,44.9900016785,45.3800010681,44.3600006104,44.6500015259,44.9799995422,44.7599983215,-0.022231909150571827,0,1.561767237923073,0.3442770873324008,0.2744714742669796,2.828470972134478,0.5323821072572121,5.641021172083116,5.0,0.0,0.7642040559225525,1.831425058891245,2.828470972134478,1.561767237923073
APA,2023-09-07,train,True,True,D-1,44.4000015259,44.9799995422,44.0900001526,44.3699989319,44.7599983215,44.7400016785,0.8108035658286994,0,0.3442770873324008,0.2744714742669796,2.828470972134478,0.5323821072572121,-1.4783719625154235,2.4787740157567573,4.0,1.0,0.4485296592572971,3.3594623711936444,2.828470972134478,3.7823314151998244
APA,2023-09-08,train,True,True,D-1,44.6500015259,44.7599983215,44.0999984741,44.2599983215,44.7400016785,44.2999992371,0.2015680840409262,0,0.2744714742669796,2.828470972134478,0.5323821072572121,-1.4783719625154235,-0.627105452253085,1.4867284836493688,3.0,2.0,0.34558757530928236,4.011725573245983,2.828470972134478,4.9246774357214695
APA,2023-09-11,train,True,True,D-1,44.6300010681,44.7400016785,42.7099990845,42.8899993896,44.2999992371,44.3699989319,-0.5825725520446912,0,2.828470972134478,0.5323821072572121,-1.4783719625154235,-0.627105452253085,-0.2479166397295396,0.9580250169663573,2.0,3.0,0.08252332794694883,4.270228820776767,2.828470972134478,3.7019383653523197
APA,2023-09-12,train,True,True,D-1,43.5499992371,44.2999992371,43.4599990845,44.2000007629,44.3699989319,43.3100013733,1.882892558357252,0,0.5323821072572121,-1.4783719625154235,-0.627105452253085,-0.2479166397295396,-3.09534338873777,-4.858035387188364,1.0,4.0,0.05232563295122132,7.6008444455480495,0.5323821072572121,3.8679682644070734
APA,2023-09-13,train,True,True,D-1,44.3400001526,44.3699989319,41.0999984741,42.0999984741,43.3100013733,43.25,-2.322956192501513,0,-1.4783719625154235,-0.627105452253085,-0.2479166397295396,-3.09534338873777,3.054328262866912,-2.47131275252086,1.0,4.0,0.558052648481934,2.669683902337061,3.054328262866912,0.1355570738258649
APA,2023-09-14,train,True,True,D-1,42.8499984741,43.3100013733,42.3300018311,42.9799995422,43.25,42.9700012207,0.9334925090878965,0,-0.627105452253085,-0.2479166397295396,-3.09534338873777,3.054328262866912,-4.75113631799452,-5.711092865967382,1.0,4.0,0.2577318878135491,6.840857891887531,3.054328262866912,1.841923354495456
APA,2023-09-15,train,True,True,D-1,42.7599983215,43.25,42.0400009155,42.4599990845,42.9700012207,43.3300018311,1.333029775432415,0,-0.2479166397295396,-3.09534338873777,3.054328262866912,-4.75113631799452,2.0902638954758634,-3.132746051748614,2.0,4.0,0.5136615154329909,4.141458348672855,3.054328262866912,5.814511972465453
APA,2023-09-18,train,True,True,D-1,42.9599990845,42.9700012207,41.9399986267,42.7099990845,43.3300018311,42.5,0.8612727059705616,0,-3.09534338873777,3.054328262866912,-4.75113631799452,2.0902638954758634,-1.209866131314019,-4.066875972124972,2.0,4.0,0.3736262124044407,5.3697659989642155,3.054328262866912,3.054328262866912
APA,2023-09-19,train,True,True,D-1,43.2599983215,43.3300018311,41.7599983215,42.1699981689,42.5,41.4399986267,-1.7568154206845765,0,3.054328262866912,-4.75113631799452,2.0902638954758634,-1.209866131314019,0.5887894615882461,-0.41967896400494364,3.0,3.0,0.4923548577981484,3.8866773190881165,3.054328262866912,3.682528496873194
APA,2023-09-20,train,True,True,D-1,41.9000015259,42.5,41.2299995422,41.2799987793,41.4399986267,41.0400009155,-1.0978589079899015,0,-4.75113631799452,2.0902638954758634,-1.209866131314019,0.5887894615882461,-1.2643430746313689,-4.592765970501778,2.0,4.0,0.32721698623855244,5.21698093082319,2.0902638954758634,2.7732618273007437
APA,2023-09-21,train,True,True,D-1,41.2000007629,41.4399986267,39.9700012207,40.1399993896,41.0400009155,41.0499992371,-0.3640813665592657,0,2.0902638954758634,-1.209866131314019,0.5887894615882461,-1.2643430746313689,-2.1105037425786954,-1.947742813588138,2.0,1.0,0.023809134572988177,4.966092811097611,2.0902638954758634,5.438426704776789
APA,2023-09-22,train,True,True,D-1,40.5600013733,41.0400009155,40.0699996948,40.2200012207,41.0499992371,41.5200004578,2.3668615680372262,0,-1.209866131314019,0.5887894615882461,-1.2643430746313689,-2.1105037425786954,-2.761626510201498,-6.607724948464777,1.0,2.0,0.05059468393363277,7.9471910563269965,0.5887894615882461,5.402635483514584
APA,2023-09-25,train,True,True,D-1,40.2200012207,41.0499992371,40.2200012207,41.0200004578,41.5200004578,42.9500007629,6.787666482702526,1,0.5887894615882461,-1.2643430746313689,-2.1105037425786954,-2.761626510201498,0.19930700626948905,-5.275548544742459,2.0,3.0,0.07440474838789927,7.732472690228009,0.5887894615882461,3.15661308064209
APA,2023-09-26,train,True,True,D-1,40.5900001526,41.5200004578,40.5499992371,41.0499992371,42.9500007629,42.7200012207,5.81424144229481,1,-1.2643430746313689,-2.1105037425786954,-2.761626510201498,0.19930700626948905,1.9890582118835543,-3.9569156238013603,2.0,4.0,0.31249971617564776,5.631402602436464,1.9890582118835543,0.0
APA,2023-09-27,train,True,True,D-1,41.9300003052,42.9500007629,41.4000015259,42.3800010681,42.7200012207,42.4300003052,1.8840947048646361,0,-2.1105037425786954,-2.761626510201498,0.19930700626948905,1.9890582118835543,0.07313207938859367,-2.655914110582025,3.0,4.0,0.4268768922879947,3.5322796342210916,1.9890582118835543,0.19930700626948905
APA,2023-09-28,train,True,True,D-1,42.4000015259,42.7200012207,41.9900016785,42.2299995422,42.4300003052,41.1500015259,0.07075183542544217,0,-2.761626510201498,0.19930700626948905,1.9890582118835543,0.07313207938859367,3.239955799555716,2.6647343055436368,4.0,0.0,0.8087249052463976,1.344973290312268,3.239955799555716,1.9890582118835543
APA,2023-09-29,train,True,True,D-1,42.3300018311,42.4300003052,41.0099983215,41.0999984741,41.1500015259,39.7599983215,-2.787621672940832,0,0.19930700626948905,1.9890582118835543,0.07313207938859367,3.239955799555716,-0.3539441295883128,5.2067767423571665,4.0,1.0,0.7499996688629699,1.7049519974076999,3.239955799555716,1.9890582118835543
APA,2023-10-02,train,True,True,D-1,41.0999984741,41.1500015259,39.0499992371,39.5299987793,39.7599983215,38.9900016785,-3.26034112493806,0,1.9890582118835543,0.07313207938859367,3.239955799555716,-0.3539441295883128,-2.6758254329858566,2.1879592906304923,3.0,2.0,0.3223433703182398,4.50122228098333,3.239955799555716,6.260254435091806
APA,2023-10-03,train,True,True,D-1,39.4300003052,39.7599983215,38.8800010681,39.6599998474,38.9900016785,38.2799987793,-1.1158981062497464,0,0.07313207938859367,3.239955799555716,-0.3539441295883128,-2.6758254329858566,-3.819950737441913,-3.6323785028546385,2.0,3.0,0.12307675754089288,8.651662254517678,3.239955799555716,9.633516756623484
APA,2023-10-04,train,True,True,D-1,38.9900016785,38.9900016785,37.3899993896,38.0099983215,38.2799987793,38.2000007629,-1.8209870957546337,0,3.239955799555716,-0.3539441295883128,-2.6758254329858566,-3.819950737441913,0.3288668659612304,-3.3861130707251164,2.0,4.0,0.19164590609099083,8.29551419102106,3.239955799555716,6.743602223307876
APA,2023-10-05,train,True,True,D-1,37.4700012207,38.2799987793,37.3699989319,37.7299995422,38.2000007629,39.4700012207,5.337603242177424,1,-0.3539441295883128,-2.6758254329858566,-3.819950737441913,0.3288668659612304,-4.160366949694206,-10.31147389443876,1.0,4.0,0.11632246133244668,12.391484102054884,0.3288668659612304,3.845182152132909
APA,2023-10-06,train,True,True,D-1,38.0400009155,38.2000007629,36.8499984741,37.5900001526,39.4700012207,39.3400001526,3.7592015530612644,1,-2.6758254329858566,-3.819950737441913,0.3288668659612304,-4.160366949694206,-0.736645071466957,-10.655931917553529,1.0,4.0,0.07114634636259312,12.456932997688419,0.3288668659612304,5.1952317490325255
APA,2023-10-09,train,True,True,D-1,38.8499984741,39.4700012207,38.5299987793,39.1699981689,39.3400001526,39.0,1.2612656312629422,0,-3.819950737441913,0.3288668659612304,-4.160366949694206,-0.736645071466957,-0.371055900606132,-8.540142218525615,1.0,4.0,0.1720932914664402,9.470607498930184,0.3288668659612304,1.4338344730301156
APA,2023-10-10,train,True,True,D-1,39.1699981689,39.3400001526,38.6100006104,38.8899993896,39.0,39.5,0.842486205072146,0,0.3288668659612304,-4.160366949694206,-0.736645071466957,-0.371055900606132,4.203240249762863,-0.9107023058865238,2.0,4.0,0.797250796034527,1.5062552468241952,4.203240249762863,0.3288668659612304
APA,2023-10-11,train,True,True,D-1,38.5099983215,39.0,37.9599990845,38.9300003052,39.5,41.4099998474,7.530515846013275,1,-4.160366949694206,-0.736645071466957,-0.371055900606132,4.203240249762863,-0.7148296971898116,-1.9415039353573804,1.0,1.0,0.7786254873768083,1.4913906922176645,4.203240249762863,0.0
APA,2023-10-12,train,True,True,D-1,39.5,39.5,38.6899986267,39.2200012207,41.4099998474,42.2700004578,7.01265938683544,1,-0.736645071466957,-0.371055900606132,4.203240249762863,-0.7148296971898116,0.10285656011270738,2.420421005858353,2.0,2.0,0.7938929964097307,1.3871074011470697,4.203240249762863,4.81594863607715
APA,2023-10-13,train,True,True,D-1,40.0,41.4099998474,39.5999984741,41.25,42.2700004578,42.9000015259,7.250003814750006,1,-0.371055900606132,4.203240249762863,-0.7148296971898116,0.10285656011270738,0.7449291374941547,3.949116609008896,3.0,0.0,0.8943401441231597,0.7139183339755162,4.203240249762863,4.203240249762863
APA,2023-10-16,train,True,True,D-1,41.6599998474,42.2700004578,41.0,42.1899986267,42.9000015259,43.3300018311,4.008646158946694,1,4.203240249762863,-0.7148296971898116,0.10285656011270738,0.7449291374941547,5.175927374088363,9.736631637515035,4.0,0.0,0.9536232428929932,0.38787841793939126,5.175927374088363,4.203240249762863
APA,2023-10-17,train,True,True,D-1,42.0999984741,42.9000015259,42.0200004578,42.4300003052,43.3300018311,43.5800018311,3.5154475312166644,1,-0.7148296971898116,0.10285656011270738,0.7449291374941547,5.175927374088363,2.278784549575774,7.709983658354647,4.0,0.0,0.9814380961464185,0.18962273928440077,5.175927374088363,0.7449291374941547
APA,2023-10-18,train,True,True,D-1,42.7799987793,43.3300018311,42.3699989319,42.9900016785,43.5800018311,43.1699981689,1.870039912640431,0,0.10285656011270738,0.7449291374941547,5.175927374088363,2.278784549575774,0.5688591758998163,9.102599565858238,5.0,0.0,0.9048580995100062,1.1077096802245556,5.175927374088363,5.175927374088363
APA,2023-10-19,train,True,True,D-1,42.5999984741,43.5800018311,42.0900001526,43.2999992371,43.1699981689,41.8600006104,1.338027500509309,0,0.7449291374941547,5.175927374088363,2.278784549575774,0.5688591758998163,1.3198241085833118,10.428978529336664,5.0,0.0,0.9267241556476545,0.7908819244592857,5.175927374088363,5.175927374088363
APA,2023-10-20,train,True,True,D-1,42.8899993896,43.1699981689,41.8899993896,42.1599998474,41.8600006104,41.5499992371,-2.401489377147803,0,5.175927374088363,2.278784549575774,0.5688591758998163,1.3198241085833118,0.7210922226017047,10.402850304468148,5.0,0.0,0.9296476487871477,0.6466572723633712,5.175927374088363,5.175927374088363
APA,2023-10-23,train,True,True,D-1,41.5900001526,41.8600006104,41.0200004578,41.1899986267,41.5499992371,41.2900009155,-0.09617916651413205,0,2.278784549575774,0.5688591758998163,1.3198241085833118,0.7210922226017047,-2.63279309419302,2.206060236121221,4.0,1.0,0.4496120248509394,3.368126159487095,2.278784549575774,4.209470287406525
APA,2023-10-24,train,True,True,D-1,41.4900016785,41.5499992371,40.9099998474,41.0,41.2900009155,40.7599983215,-0.48204568548773086,0,0.5688591758998163,1.3198241085833118,0.7210922226017047,-2.63279309419302,-2.30076191700892,-2.370229989453354,3.0,2.0,0.06640549910364432,5.802387191270153,1.3198241085833118,6.192804818920427
APA,2023-10-25,train,True,True,D-1,40.9300003052,41.2900009155,40.5299987793,41.0200004578,40.7599983215,40.6599998474,-0.41534811246605186,0,1.3198241085833118,0.7210922226017047,-2.63279309419302,-2.30076191700892,-0.4612736903002568,-3.3702575887673114,2.0,3.0,0.03370789727851781,6.292687392926832,1.3198241085833118,4.071246906492876
APA,2023-10-26,train,True,True,D-1,40.4199981689,40.7599983215,39.7700004578,40.4199981689,40.6599998474,40.6100006104,0.5937696421883132,0,0.7210922226017047,-2.63279309419302,-2.30076191700892,-0.4612736903002568,0.048781604390257804,-4.5824636980305815,2.0,4.0,0.16065612728184647,6.240861396219732,0.7210922226017047,1.133809325218471
APA,2023-10-27,train,True,True,D-1,40.4799995422,40.6599998474,39.3499984741,40.1300010681,40.6100006104,39.9599990845,0.3211488875252577,0,-2.63279309419302,-2.30076191700892,-0.4612736903002568,0.048781604390257804,-1.4627066850407822,-6.651272792015151,1.0,4.0,0.19117592608311076,6.8035629009897125,0.048781604390257804,1.4146386124390231
APA,2023-10-30,train,True,True,D-1,40.0900001526,40.6100006104,39.2799987793,39.6800003052,39.9599990845,40.3100013733,0.5487683209343341,0,-2.30076191700892,-0.4612736903002568,0.048781604390257804,-1.4627066850407822,-0.717459460508163,-4.814987634363554,1.0,4.0,0.31075774108694804,4.310988029539842,0.048781604390257804,2.218453422447897
APA,2023-10-31,train,True,True,D-1,39.7900009155,39.9599990845,39.1399993896,39.7200012207,40.3100013733,39.8100013733,1.3068621408285352,0,-0.4612736903002568,0.048781604390257804,-1.4627066850407822,-0.717459460508163,-1.1213574655439484,-3.665934381753544,1.0,4.0,0.1762120904097356,4.712698884871092,0.048781604390257804,1.8795532452197117
APA,2023-11-01,train,True,True,D-1,40.0600013733,40.3100013733,39.3499984741,39.6100006104,39.8100013733,40.9300003052,2.171739645720172,0,0.048781604390257804,-1.4627066850407822,-0.717459460508163,-1.1213574655439484,0.10080875804518996,-3.1219482421951272,2.0,4.0,0.26976810207481455,3.9526677909108354,0.10080875804518996,1.0704607384232623
APA,2023-11-02,train,True,True,D-1,39.0299987793,39.8100013733,38.1699981689,39.6899986267,40.9300003052,40.2999992371,4.8680542795909165,1,-1.4627066850407822,-0.717459460508163,-1.1213574655439484,0.10080875804518996,-0.27694009798436836,-3.4373472249240034,1.0,4.0,0.2901244016554777,2.903301422313165,0.10080875804518996,0.17641051981247546
APA,2023-11-03,train,True,True,D-1,39.9900016785,40.9300003052,39.5999984741,39.9599990845,40.2999992371,38.6500015259,0.7751876608864228,0,-0.717459460508163,-1.1213574655439484,0.10080875804518996,-0.27694009798436836,0.20196418850597642,-1.8060355647459558,2.0,4.0,0.6104415394272601,2.4439436993264785,0.20196418850597642,0.1763439873451289
APA,2023-11-06,train,True,True,D-1,40.25,40.2999992371,39.25,39.2999992371,38.6500015259,38.0200004578,-3.975151488447204,0,-1.1213574655439484,0.10080875804518996,-0.27694009798436836,0.20196418850597642,0.6802732858205873,-0.4236281561804889,3.0,0.0,0.6485505543845835,2.427430537845665,0.6802732858205873,0.10080875804518996
APA,2023-11-07,train,True,True,D-1,38.5200004578,38.6500015259,37.4500007629,38.0800018311,38.0200004578,37.2999992371,-1.2980269835348723,0,0.10080875804518996,-0.27694009798436836,0.20196418850597642,0.6802732858205873,-1.6516513076097694,-0.9576639747409299,3.0,1.0,0.4094203599838004,4.147585495526518,0.6802732858205873,1.184577952915744
APA,2023-11-08,train,True,True,D-1,37.9000015259,38.0200004578,36.6399993896,36.7099990845,37.2999992371,37.0699996948,-1.5831194317762032,0,-0.27694009798436836,0.20196418850597642,0.6802732858205873,-1.6516513076097694,-3.104319159498359,-4.1289006525642264,2.0,2.0,0.181034813522884,7.484239330504439,0.6802732858205873,5.3849712249384725
APA,2023-11-09,train,True,True,D-1,37.0299987793,37.2999992371,36.2799987793,36.3600006104,37.0699996948,37.1800003052,0.4050810986897746,0,0.20196418850597642,0.6802732858205873,-1.6516513076097694,-3.104319159498359,-3.59769611534293,-7.321387228503551,2.0,3.0,0.016316941715665816,11.495508923839237,0.6802732858205873,7.270604590852758
APA,2023-11-10,train,True,True,D-1,36.6699981689,37.0699996948,36.4399986267,36.9199981689,37.1800003052,37.8300018311,3.1633589313451393,1,0.6802732858205873,-1.6516513076097694,-3.104319159498359,-3.59769611534293,-0.9534145541501227,-8.39001796805271,1.0,4.0,0.0172046892144868,12.568755825303391,0.6802732858205873,5.1970829969358645
APA,2023-11-13,train,True,True,D-1,37.1800003052,37.1800003052,36.4799995422,36.6500015259,37.8300018311,38.2700004578,2.931684087284836,0,-1.6516513076097694,-3.104319159498359,-3.59769611534293,-0.9534145541501227,1.5401472747495593,-7.607610073192362,1.0,4.0,0.1592038101284814,9.15493292479952,1.5401472747495593,0.0
APA,2023-11-14,train,True,True,D-1,36.8100013733,37.8300018311,36.75,37.5699996948,38.2700004578,36.8699989319,3.9663108666956104,1,-3.104319159498359,-3.59769611534293,-0.9534145541501227,1.5401472747495593,-0.731301886215785,-6.742996851507188,1.0,4.0,0.15611912143595857,5.457025693673256,1.5401472747495593,0.0
APA,2023-11-15,train,True,True,D-1,37.3199996948,38.2700004578,37.2400016785,37.3100013733,36.8699989319,37.2700004578,-0.13397437676552215,0,-3.59769611534293,-0.9534145541501227,1.5401472747495593,-0.731301886215785,2.5102268229098224,-1.3392912599165752,2.0,4.0,0.7413791213190497,1.1977662141484657,2.5102268229098224,1.5401472747495593
APA,2023-11-16,train,True,True,D-1,36.75,36.8699989319,35.3400001526,35.8499984741,37.2700004578,37.7000007629,2.5850360895238067,0,-0.9534145541501227,1.5401472747495593,-0.731301886215785,2.5102268229098224,-0.6920370604527659,1.6344383104420546,2.0,0.0,0.5175888066468257,2.5730341709046645,2.5102268229098224,1.5401472747495593
APA,2023-11-17,train,True,True,D-1,36.3499984741,37.2700004578,35.9700012207,36.8699989319,37.7000007629,37.0499992371,3.713899162229395,1,1.5401472747495593,-0.731301886215785,2.5102268229098224,-0.6920370604527659,-3.913167637256687,-1.4026461158917813,2.0,1.0,0.17406084244936168,6.750354495686639,2.5102268229098224,7.0883509503318125
APA,2023-11-20,train,True,True,D-1,37.3600006104,37.7000007629,36.9700012207,37.0,37.0499992371,36.6100006104,-0.8297681162609538,0,-0.731301886215785,2.5102268229098224,-0.6920370604527659,-3.913167637256687,2.8451896826073853,-0.13542589241545278,2.0,2.0,0.5221838293274726,3.797129282498335,2.8451896826073853,3.6895418194374696
APA,2023-11-21,train,True,True,D-1,36.6800003052,37.0499992371,36.2400016785,36.6199989319,36.6100006104,37.0699996948,1.0632480544028766,0,2.5102268229098224,-0.6920370604527659,-3.913167637256687,2.8451896826073853,0.3525930888691242,0.9549753329550548,3.0,3.0,0.5665527899276751,3.4324336697297397,2.8451896826073853,2.5102268229098224
APA,2023-11-22,train,True,True,D-1,34.8100013733,36.6100006104,34.6500015259,36.5600013733,37.0699996948,36.5999984741,6.492382167021327,1,-0.6920370604527659,-3.913167637256687,2.8451896826073853,0.3525930888691242,-1.0270299137837835,-2.528615306407611,2.0,4.0,0.4368596061332587,4.5057388695406875,2.8451896826073853,3.523247744018665
APA,2023-11-24,train,True,True,D-1,36.4700012207,37.0699996948,36.4700012207,36.8800010681,36.5999984741,36.7400016785,0.7403357520228138,0,-3.913167637256687,2.8451896826073853,0.3525930888691242,-1.0270299137837835,-0.16383823143080178,-2.0101848630236674,2.0,2.0,0.6262296148239981,3.1181601388903246,2.8451896826073853,4.034375160174964
APA,2023-11-27,train,True,True,D-1,36.4700012207,36.5999984741,35.9900016785,36.3400001526,36.7400016785,36.7799987793,0.8500069871784088,0,2.8451896826073853,0.3525930888691242,-1.0270299137837835,-0.16383823143080178,0.8752726553060253,2.8730896453011967,3.0,3.0,0.7311475737920003,2.22342643994462,2.8451896826073853,2.8451896826073853
APA,2023-11-28,train,True,True,D-1,36.4300003052,36.7400016785,36.1199989319,36.3800010681,36.7799987793,37.1300010681,1.9214953528289946,0,0.3525930888691242,-1.0270299137837835,-0.16383823143080178,0.8752726553060253,-1.4642106829196533,-1.43747977937001,2.0,4.0,0.5540980490087903,3.7424342448790338,0.8752726553060253,0.9543469522064085
APA,2023-11-29,train,True,True,D-1,36.6300010681,36.7799987793,36.1899986267,36.3100013733,37.1300010681,37.0600013733,1.3650013251990778,0,-1.0270299137837835,-0.16383823143080178,0.8752726553060253,-1.4642106829196533,0.110074065305521,-1.6756727889189138,2.0,2.0,0.7148763847975808,1.8966426785100632,0.8752726553060253,2.231020989143473
APA,2023-11-30,train,True,True,D-1,36.7299995422,37.1300010681,35.5600013733,36.0,37.0600013733,36.2400016785,0.8984531315358479,0,-0.16383823143080178,0.8752726553060253,-1.4642106829196533,0.110074065305521,-0.1924125693920975,-0.8465253075962353,2.0,3.0,0.685950869191996,2.0930826019160076,0.8752726553060253,0.9578229557298812
APA,2023-12-01,train,True,True,D-1,35.9799995422,37.0600013733,35.9599990845,36.2000007629,36.2400016785,36.1399993896,0.7226296264819299,0,0.8752726553060253,-1.4642106829196533,0.110074065305521,-0.1924125693920975,-0.8537630448231082,-1.531732363962568,2.0,0.0,0.2802539568366304,3.1388918558333367,0.8752726553060253,1.9198055221101629
APA,2023-12-04,train,True,True,D-1,35.7400016785,36.2400016785,35.5900001526,35.8199996948,36.1399993896,34.9199981689,1.1191877233196257,0,-1.4642106829196533,0.110074065305521,-0.1924125693920975,-0.8537630448231082,0.555557674722218,-1.8438185615677227,2.0,1.0,0.4076430025558234,2.569061562432684,0.555557674722218,0.4130225815258681
APA,2023-12-05,train,True,True,D-1,36.0900001526,36.1399993896,34.7799987793,34.7900009155,34.9199981689,34.4599990845,-3.241900744674031,0,0.110074065305521,-0.1924125693920975,-0.8537630448231082,0.555557674722218,-1.0497266853359943,-1.4309313583279915,2.0,2.0,0.16560405862570998,3.6571786277546314,0.555557674722218,0.6100749130832916
APA,2023-12-06,train,True,True,D-1,34.4000015259,34.9199981689,33.9300003052,34.0299987793,34.4599990845,34.5200004578,0.34883408888704004,0,-0.1924125693920975,-0.8537630448231082,0.555557674722218,-1.0497266853359943,-2.875485170508041,-4.37053355117738,1.0,3.0,0.004256224024831972,6.726070971609133,0.555557674722218,4.450584795398549
APA,2023-12-07,train,True,True,D-1,34.2299995422,34.4599990845,33.5800018311,33.8300018311,34.5200004578,34.8199996948,1.7236347078317449,0,-0.8537630448231082,0.555557674722218,-1.0497266853359943,-2.875485170508041,-2.184541868929346,-6.279268817865047,1.0,4.0,0.031249515706171623,9.109616220984673,0.555557674722218,5.552768536675012
APA,2023-12-08,train,True,True,D-1,34.0499992371,34.5200004578,33.7999992371,34.4700012207,34.8199996948,34.4300003052,2.2613817179209406,0,0.555557674722218,-1.0497266853359943,-2.875485170508041,-2.184541868929346,-0.5877077736531011,-6.027772691388888,1.0,4.0,0.0718390899103263,9.54773682344483,0.555557674722218,3.314968594922263
APA,2023-12-11,train,True,True,D-1,34.4300003052,34.8199996948,34.3600006104,34.7000007629,34.4300003052,34.8699989319,1.2779512715646035,0,-1.0497266853359943,-2.875485170508041,-2.184541868929346,-0.5877077736531011,1.8918100944695926,-4.779004159505462,1.0,4.0,0.3345862558864142,5.1349010592348865,1.8918100944695926,0.0
APA,2023-12-12,train,True,True,D-1,34.1599998474,34.4300003052,33.8199996948,34.1800003052,34.8699989319,36.2099990845,6.001168753682018,1,-2.875485170508041,-2.184541868929346,-0.5877077736531011,1.8918100944695926,0.6672455296052648,-3.126741880074879,2.0,4.0,0.4374999999829091,4.14985185890715,1.8918100944695926,0.0
APA,2023-12-13,train,True,True,D-1,34.2900009155,34.8699989319,33.7599983215,34.8499984741,36.2099990845,35.7299995422,5.599294598245708,1,-2.184541868929346,-0.5877077736531011,1.8918100944695926,0.6672455296052648,-1.498560363883239,-1.7533791154004552,2.0,4.0,0.4477612790233975,2.1650025075846013,1.8918100944695926,2.7331240057840156
APA,2023-12-14,train,True,True,D-1,35.5699996948,36.2099990845,35.4399986267,35.7400016785,35.7299995422,36.3899993896,2.3053126281580294,0,-0.5877077736531011,1.8918100944695926,0.6672455296052648,-1.498560363883239,1.9602052747731191,2.4096377437979655,3.0,0.0,0.9844957343023496,0.057390125324863206,1.9602052747731191,1.8918100944695926
APA,2023-12-15,train,True,True,D-1,35.6399993896,35.7299995422,34.9599990845,35.3499984741,36.3899993896,36.1699981689,2.104377140418401,0,1.8918100944695926,0.6672455296052648,-1.498560363883239,1.9602052747731191,2.553811315261445,5.64587568435817,4.0,0.0,0.8081643838247254,1.3150458419892264,2.553811315261445,1.8918100944695926
APA,2023-12-18,train,True,True,D-1,36.1500015259,36.3899993896,35.6100006104,35.6399993896,36.1699981689,36.3699989319,0.6085681790148234,0,0.6672455296052648,-1.498560363883239,1.9602052747731191,2.553811315261445,-1.0912232403016753,2.552936531001748,3.0,1.0,0.648979452011705,2.432816541788818,2.553811315261445,1.9602052747731191
APA,2023-12-19,train,True,True,D-1,35.5499992371,36.1699981689,35.3300018311,36.0099983215,36.3699989319,35.9599990845,2.306609598866727,0,-1.498560363883239,1.9602052747731191,2.553811315261445,-1.0912232403016753,0.8203703762886372,2.7089297003849433,3.0,0.0,0.7148290131525213,2.104377140418401,2.553811315261445,2.8336162514771
APA,2023-12-20,train,True,True,D-1,36.1300010681,36.3699989319,35.4799995422,35.5200004578,35.9599990845,36.4000015259,0.7473026565681273,0,1.9602052747731191,2.553811315261445,-1.0912232403016753,0.8203703762886372,1.0381563923594461,5.354002340431796,4.0,1.0,0.855512960542436,1.05526544241219,2.553811315261445,2.553811315261445
APA,2023-12-21,train,True,True,D-1,35.7400016785,35.9599990845,35.4099998474,35.9399986267,36.4000015259,37.3899993896,4.616669372157811,1,2.553811315261445,-1.0912232403016753,0.8203703762886372,1.0381563923594461,-1.3607272605937415,1.9225308838906718,3.0,2.0,0.3916092684056052,2.449321285436379,2.553811315261445,2.8905086605341634
APA,2023-12-22,train,True,True,D-1,36.1899986267,36.4000015259,35.8400001526,35.9599990845,37.3899993896,37.8199996948,4.504009753947402,1,-1.0912232403016753,0.8203703762886372,1.0381563923594461,-1.3607272605937415,1.1824272620688303,0.5595885249225274,3.0,3.0,0.6853142189584865,1.2520889819002123,1.1824272620688303,1.2325460009760092
APA,2023-12-26,train,True,True,D-1,36.4599990845,37.3899993896,36.4500007629,37.2900009155,37.8199996948,37.0900001526,3.7301169622853125,1,0.8203703762886372,1.0381563923594461,-1.3607272605937415,1.1824272620688303,0.0556495786428135,1.7256029327608946,4.0,0.0,0.588782647753702,1.2235885778697275,1.1824272620688303,1.0381563923594461
APA,2023-12-27,train,True,True,D-1,37.2400016785,37.8199996948,37.0800018311,37.1699981689,37.0900001526,36.3499984741,-0.4027967753465589,0,1.0381563923594461,-1.3607272605937415,1.1824272620688303,0.0556495786428135,3.698559134761714,4.629633990345927,4.0,0.0,0.95145699387488,0.26816431119589534,3.698559134761714,1.1824272620688303
APA,2023-12-28,train,True,True,D-1,36.9900016785,37.0900001526,36.0800018311,36.0999984741,36.3499984741,36.6399993896,-0.9462078210811131,0,-1.3607272605937415,1.1824272620688303,0.0556495786428135,3.698559134761714,-0.32180944932646005,3.2213271354345485,3.0,0.0,0.7302898062000924,1.7487262790447433,3.698559134761714,1.1824272620688303
APA,2023-12-29,train,True,True,D-1,36.3100013733,36.3499984741,35.7700004578,35.8800010681,36.6399993896,36.9099998474,1.652433080162874,0,1.1824272620688303,0.0556495786428135,3.698559134761714,-0.32180944932646005,-2.8786649112489515,1.6328772770965116,3.0,1.0,0.2863065022366671,4.764546519119728,3.698559134761714,6.88976967963828
APA,2024-01-02,train,True,True,D-1,36.1399993896,36.6399993896,35.9099998474,36.1100006104,36.9099998474,35.1300010681,2.1306045124660056,0,0.0556495786428135,3.698559134761714,-0.32180944932646005,-2.8786649112489515,-0.6094111227119114,-0.16693812157084764,2.0,2.0,0.05365885426424592,5.406907940214101,3.698559134761714,7.169092264567833
APA,2024-01-03,train,True,True,D-1,35.9900016785,36.9099998474,35.5999984741,36.75,35.1300010681,34.4799995422,-2.389554238097613,0,3.698559134761714,-0.32180944932646005,-2.8786649112489515,-0.6094111227119114,0.641024346302177,0.41713439855080026,2.0,3.0,0.16585379470558215,4.735527708375353,3.698559134761714,3.698559134761714
APA,2024-01-04,train,True,True,D-1,34.75,35.1300010681,33.9700012207,34.0499992371,34.4799995422,33.7900009155,-0.7769797346762641,0,-0.32180944932646005,-2.8786649112489515,-0.6094111227119114,0.641024346302177,1.7723605061797487,-1.4481118322406505,2.0,4.0,0.5180184205202313,2.9115637953741613,1.7723605061797487,0.0
APA,2024-01-05,train,True,True,D-1,34.3100013733,34.4799995422,33.7900009155,34.3400001526,33.7900009155,33.9399986267,-1.078410760099613,0,-2.8786649112489515,-0.6094111227119114,0.641024346302177,1.7723605061797487,-7.346940851428563,-8.393863560667292,2.0,4.0,0.02564039864952388,8.928049878449595,1.7723605061797487,6.345818969614081
APA,2024-01-08,train,True,True,D-1,33.5900001526,33.7900009155,33.1800003052,33.7299995422,33.9399986267,32.9099998474,1.0419722313484758,0,-0.6094111227119114,0.641024346302177,1.7723605061797487,-7.346940851428563,0.8516914008738663,-4.875341816877676,3.0,2.0,0.1762818671111085,7.483982770470132,1.7723605061797487,8.330183220193355
APA,2024-01-09,train,True,True,D-1,33.8699989319,33.9399986267,32.9000015259,32.9700012207,32.9099998474,33.0400009155,-2.450540426850367,0,0.641024346302177,1.7723605061797487,-7.346940851428563,0.8516914008738663,-1.7763558756240028,-5.99220028399473,3.0,3.0,0.147452896649849,9.427810104834023,1.7723605061797487,2.7121540511715003
APA,2024-01-10,train,True,True,D-1,32.9099998474,32.9099998474,32.3300018311,32.5699996948,33.0400009155,33.2000007629,0.8811939132321367,0,1.7723605061797487,-7.346940851428563,0.8516914008738663,-1.7763558756240028,-2.2531821281205677,-8.695650336809058,2.0,4.0,0.01745629029934654,11.950253202375682,1.7723605061797487,5.761873976802933
APA,2024-01-11,train,True,True,D-1,32.8300018311,33.0400009155,32.2799987793,32.4599990845,33.2000007629,32.2000007629,1.1270146547768256,0,-7.346940851428563,0.8516914008738663,-1.7763558756240028,-2.2531821281205677,-1.2132287263879604,-11.37415049034013,1.0,4.0,0.08571354610694293,7.859998149489433,0.8516914008738663,4.2907660025461976
APA,2024-01-12,train,True,True,D-1,33.0800018311,33.2000007629,32.2999992371,32.5400009155,32.2000007629,31.3199996948,-2.6602207360601593,0,0.8516914008738663,-1.7763558756240028,-2.2531821281205677,-1.2132287263879604,-0.33773598812028016,-4.669604077017375,1.0,4.0,0.08181829217310078,6.223045331706656,0.8516914008738663,2.3985586053548835
APA,2024-01-16,train,True,True,D-1,32.0999984741,32.2000007629,31.2199993134,31.2700004578,31.3199996948,30.8099994659,-2.429902854759769,0,-1.7763558756240028,-2.2531821281205677,-1.2132287263879604,-0.33773598812028016,0.24646282580520484,-5.241698395751793,1.0,3.0,0.15662780729000228,4.3023898949343,0.24646282580520484,0.09210555597515269
APA,2024-01-17,train,True,True,D-1,30.9500007629,31.3199996948,30.7000007629,30.8099994659,30.8099994659,30.5499992371,-0.4523466673636456,0,-2.2531821281205677,-1.2132287263879604,-0.33773598812028016,0.24646282580520484,-3.902890049075125,-7.293208176069688,1.0,4.0,0.018382778317446054,8.53852935660575,0.24646282580520484,3.666046396372935
APA,2024-01-18,train,True,True,D-1,30.7900009155,30.8099994659,30.2299995422,30.6800003052,30.5499992371,30.9099998474,0.38973344700226065,0,-1.2132287263879604,-0.33773598812028016,0.24646282580520484,-3.902890049075125,-1.4710616730587711,-6.551415452917409,1.0,2.0,0.043999481199999545,7.7572260254181735,0.24646282580520484,5.563000628285531
APA,2024-01-19,train,True,True,D-1,30.5,30.5499992371,29.9500007629,30.3700008392,30.9099998474,31.1000003815,1.9672143655737662,0,-0.33773598812028016,0.24646282580520484,-3.902890049075125,-1.4710616730587711,-0.42193821146890853,-5.802884271754394,1.0,3.0,0.15151534614317044,8.213821488368357,0.24646282580520484,2.133255739019979
APA,2024-01-22,train,True,True,D-1,30.3700008392,30.9099998474,30.0900001526,30.7099990845,31.1000003815,31.4799995422,3.654918249351091,1,0.24646282580520484,-3.902890049075125,-1.4710616730587711,-0.42193821146890853,-1.010428497119209,-6.438688552822525,1.0,4.0,0.1292307927076922,9.318405813302387,0.24646282580520484,1.6745661504644072
APA,2024-01-23,train,True,True,D-1,30.5300006866,31.1000003815,30.4500007629,30.8500003815,31.4799995422,32.0499992371,4.9787046063420215,1,-3.902890049075125,-1.4710616730587711,-0.42193821146890853,-1.010428497119209,1.1195200391998394,-5.62385304091465,1.0,4.0,0.3377770318222233,4.8518454015585855,1.1195200391998394,0.0
APA,2024-01-24,train,True,True,D-1,31.1100006104,31.4799995422,30.7999992371,31.3700008392,32.0499992371,32.2700004578,3.728704032915431,1,-1.4710616730587711,-0.42193821146890853,-1.010428497119209,1.1195200391998394,0.45588180128164346,-1.3431406144902458,2.0,4.0,0.6569345403443663,1.5234985656008115,1.1195200391998394,0.0
APA,2024-01-25,train,True,True,D-1,31.4899997711,32.0499992371,31.1000003815,32.0400009155,32.2700004578,32.1199989319,2.4769790167348704,0,-0.42193821146890853,-1.010428497119209,1.1195200391998394,0.45588180128164346,1.685576827453894,1.817596179837011,3.0,0.0,0.9281053655151749,0.35064934669222225,1.685576827453894,1.1195200391998394
APA,2024-01-26,train,True,True,D-1,32.0699996948,32.2700004578,31.6299991608,32.1100006104,32.1199989319,32.4799995422,1.2784529195567051,0,-1.010428497119209,1.1195200391998394,0.45588180128164346,1.685576827453894,2.135798719720694,4.432857225459319,4.0,0.0,0.9952388910169041,0.031205746923568256,2.135798719720694,1.1195200391998394
APA,2024-01-29,train,True,True,D-1,32.0499992371,32.1199989319,31.3899993896,31.8700008392,32.4799995422,32.5200004578,1.4664625019895183,0,1.1195200391998394,0.45588180128164346,1.685576827453894,2.135798719720694,0.21847594538031423,5.72933725096938,5.0,0.0,0.9266055848623734,0.4982866532496466,2.135798719720694,1.685576827453894
APA,2024-01-30,train,True,True,D-1,31.4500007629,32.4799995422,31.3600006104,32.4199981689,32.5200004578,31.7099990845,3.402224702526002,1,0.45588180128164346,1.685576827453894,2.135798719720694,0.21847594538031423,-0.7474299801858875,3.7772770735297057,4.0,1.0,0.7802199529368712,1.2550976092476462,2.135798719720694,2.6663857092415366
APA,2024-01-31,train,True,True,D-1,32.4700012207,32.5200004578,31.2900009155,31.3299999237,31.7099990845,30.7600002289,-2.340628603720185,0,1.685576827453894,2.135798719720694,0.21847594538031423,-0.7474299801858875,1.725752479502618,5.089133769805376,4.0,0.0,0.9642849033313565,0.18507519028041486,2.135798719720694,2.135798719720694
APA,2024-02-01,train,True,True,D-1,31.4400005341,31.7099990845,30.6100006104,30.7999992371,30.7600002289,30.2000007629,-2.1628508067691232,0,2.135798719720694,0.21847594538031423,-0.7474299801858875,1.725752479502618,-3.3621169240090176,-0.12751327519894273,3.0,0.0,0.16197149988843362,3.798278126390331,2.135798719720694,3.8301849804069477
APA,2024-02-02,train,True,True,D-1,30.7600002289,30.7600002289,30.1599998474,30.2399997711,30.2000007629,30.7700004578,0.03251049683219431,0,0.21847594538031423,-0.7474299801858875,1.725752479502618,-3.3621169240090176,-1.6916715221536704,-3.8701674249956963,2.0,1.0,0.09947572873298198,5.584419686050457,1.725752479502618,6.722664951120339
APA,2024-02-05,train,True,True,D-1,30.0200004578,30.2000007629,29.4699993134,29.8099994659,30.7700004578,30.8600006104,2.7981350426053986,0,-0.7474299801858875,1.725752479502618,-3.3621169240090176,-1.6916715221536704,-1.8181801294509636,-5.823733428065814,1.0,2.0,0.03389826398665126,7.539684867587115,1.725752479502618,5.2048464956358735
APA,2024-02-06,train,True,True,D-1,30.0100002289,30.7700004578,29.8199996948,30.5200004578,30.8600006104,30.8099994659,2.8323904532377764,0,1.725752479502618,-3.3621169240090176,-1.6916715221536704,-1.8181801294509636,-1.421958691980374,-6.463763159887359,1.0,3.0,0.11147541800902666,9.090912581196143,1.725752479502618,4.940037530547359
APA,2024-02-07,train,True,True,D-1,30.5799999237,30.8600006104,30.1700000763,30.5499992371,30.8099994659,30.6900005341,0.752124077089178,0,-3.3621169240090176,-1.6916715221536704,-1.8181801294509636,-1.421958691980374,2.3817544603185192,-5.860573159817884,1.0,4.0,0.3442625411232611,6.553079849279175,2.3817544603185192,0.0
APA,2024-02-08,train,True,True,D-1,30.5900001526,30.8099994659,30.2999992371,30.4699993134,30.6900005341,30.8400001526,0.8172605385840415,0,-1.6916715221536704,-1.8181801294509636,-1.421958691980374,2.3817544603185192,0.09829219806689604,-2.48962875358949,2.0,4.0,0.48214287234933173,3.797053605131673,2.3817544603185192,0.0
APA,2024-02-09,train,True,True,D-1,30.5200004578,30.6900005341,29.7999992371,29.8700008392,30.8400001526,30.4599990845,1.0484917758846857,0,-1.8181801294509636,-1.421958691980374,2.3817544603185192,0.09829219806689604,-0.26186555056554317,-1.0714283502400224,2.0,1.0,0.7194237891419745,1.2799517748216305,2.3817544603185192,2.545585206222789
APA,2024-02-12,train,True,True,D-1,30.0200004578,30.8400001526,30.0200004578,30.4799995422,30.4599990845,30.3500003815,1.465684943338097,0,-1.421958691980374,2.3817544603185192,0.09829219806689604,-0.26186555056554317,-1.9691450204140093,-1.2235414507297815,2.0,2.0,0.2877706133536076,3.31436137725436,2.3817544603185192,4.607608518848927
APA,2024-02-13,train,True,True,D-1,30.3700008392,30.4599990845,29.4699993134,29.6299991608,30.3500003815,31.4699993134,3.621990266066044,1,2.3817544603185192,0.09829219806689604,-0.26186555056554317,-1.9691450204140093,2.042178392574634,2.247568226448382,3.0,3.0,0.6415088906753227,1.24672268342354,2.3817544603185192,2.3817544603185192
APA,2024-02-14,train,True,True,D-1,29.75,30.3500003815,29.6599998474,29.7999992371,31.4699993134,31.9099998474,7.260503688739495,1,0.09829219806689604,-0.26186555056554317,-1.9691450204140093,2.042178392574634,-2.7887152039591134,-2.9161247826015035,2.0,4.0,0.11510769647864694,4.1512031199355315,2.042178392574634,0.9017795487770819
APA,2024-02-15,train,True,True,D-1,29.9899997711,31.4699993134,29.9599990845,31.25,31.9099998474,31.6399993896,6.402134347964283,1,-0.26186555056554317,-1.9691450204140093,2.042178392574634,-2.7887152039591134,0.5737431019738448,-2.4549918780004343,2.0,2.0,0.24087570916577072,3.489936047398401,2.042178392574634,4.273150555676319
APA,2024-02-16,train,True,True,D-1,31.3099994659,31.9099998474,30.9400005341,31.5699996948,31.6399993896,31.9899997711,2.171831098050947,0,-1.9691450204140093,2.042178392574634,-2.7887152039591134,0.5737431019738448,4.865774496714748,2.559897289715307,3.0,0.0,0.8900003433000006,0.7039978028799965,4.865774496714748,2.042178392574634
APA,2024-02-20,train,True,True,D-1,31.5,31.6399993896,30.9400005341,30.9799995422,31.9899997711,31.2000007629,1.5555548288888943,0,2.042178392574634,-2.7887152039591134,0.5737431019738448,4.865774496714748,1.0239990233599894,5.691325101568134,4.0,0.0,0.8606557056597753,1.0769723024609545,4.865774496714748,2.042178392574634
APA,2024-02-21,train,True,True,D-1,31.1200008392,31.9899997711,31.0799999237,31.4400005341,31.2000007629,30.4799995422,0.25706915662813135,0,-2.7887152039591134,0.5737431019738448,4.865774496714748,1.0239990233599894,-1.8688633459099435,1.6404199721451462,3.0,1.0,0.6188524173495124,3.0019377628885513,4.865774496714748,5.7297759616747435
APA,2024-02-22,train,True,True,D-1,31.1900005341,31.2000007629,29.9400005341,30.2199993134,30.4799995422,30.3199996948,-2.2763737728178524,0,0.5737431019738448,4.865774496714748,1.0239990233599894,-1.8688633459099435,1.4848321455699143,6.108678449422977,4.0,0.0,0.7639488175919726,1.749361411121697,4.865774496714748,5.27755518077162
APA,2024-02-23,train,True,True,D-1,29.7600002289,30.4799995422,29.5799999237,30.0300006866,30.3199996948,30.4699993134,2.3857495935450945,0,4.865774496714748,1.0239990233599894,-1.8688633459099435,1.4848321455699143,-3.88041094139544,1.4093962652761194,3.0,1.0,0.13658482122644716,5.857049960008287,4.865774496714748,7.318970881578323
APA,2024-02-26,train,True,True,D-1,29.9699993134,30.3199996948,29.6000003815,29.6200008392,30.4699993134,30.4899997711,1.7350699686786486,0,1.0239990233599894,-1.8688633459099435,1.4848321455699143,-3.88041094139544,-0.6287181704724532,-3.9039978028799993,2.0,2.0,0.186722320080426,6.526803328960917,1.4848321455699143,5.969564408760264
APA,2024-02-27,train,True,True,D-1,29.8500003815,30.4699993134,29.7000007629,30.2000007629,30.4899997711,30.2999992371,2.144051529046709,0,-1.8688633459099435,1.4848321455699143,-3.88041094139544,-0.6287181704724532,-1.3653008259268962,-6.176746513941811,1.0,3.0,0.016597891299932263,8.001346606187365,1.4848321455699143,3.470267247595049
APA,2024-02-28,train,True,True,D-1,30.1800003052,30.4899997711,29.7199993134,29.9500007629,30.2999992371,30.6700000763,1.6235910077693871,0,1.4848321455699143,-3.88041094139544,-0.6287181704724532,-1.3653008259268962,1.9581360812536142,-2.5177494862048344,2.0,4.0,0.2572617752938368,5.927148884045619,1.9581360812536142,1.4848321455699143
APA,2024-02-29,train,True,True,D-1,30.0900001526,30.2999992371,29.6299991608,29.7900009155,30.6700000763,30.6800003052,1.9607848109266968,0,-3.88041094139544,-0.6287181704724532,-1.3653008259268962,1.9581360812536142,-0.827814548624517,-4.739184942391905,1.0,4.0,0.2283954614385977,4.1736225981950925,1.9581360812536142,0.0
APA,2024-03-01,train,True,True,D-1,30.2099990845,30.6700000763,29.9400005341,30.4099998474,30.6800003052,30.7000007629,1.6219850819241044,0,-0.6287181704724532,-1.3653008259268962,1.9581360812536142,-0.827814548624517,-0.5342231830531285,-1.4228934734268228,1.0,1.0,0.23077035935775264,2.3497778922047186,1.9581360812536142,3.315751435699821
APA,2024-03-04,train,True,True,D-1,30.6700000763,30.6800003052,29.9899997711,30.0300006866,30.7000007629,30.9699993134,0.9781520585382175,0,-1.3653008259268962,1.9581360812536142,-0.827814548624517,-0.5342231830531285,2.081231664472405,1.265398441930654,2.0,0.0,0.7570090625599705,0.8549826708474262,2.081231664472405,1.9581360812536142
APA,2024-03-05,train,True,True,D-1,30.0300006866,30.7000007629,29.9099998474,30.4599990845,30.9699993134,30.9200000763,3.1301984858743026,1,1.9581360812536142,-0.827814548624517,-0.5342231830531285,2.081231664472405,-1.2495861976549505,1.3841993105462524,2.0,0.0,0.38095341889229345,2.164500844950168,2.081231664472405,1.9581360812536142
APA,2024-03-06,train,True,True,D-1,30.9099998474,30.9699993134,30.4099998474,30.6299991608,30.9200000763,31.1299991608,0.7117415544681815,0,-0.827814548624517,-0.5342231830531285,2.081231664472405,-1.2495861976549505,1.4318960641645173,0.8609215729537434,2.0,0.0,0.7756997018238401,0.7879241156055317,2.081231664472405,2.081231664472405
APA,2024-03-07,train,True,True,D-1,30.5300006866,30.9200000763,30.4200000763,30.5499992371,31.1299991608,31.2399997711,2.32557834435827,0,-0.5342231830531285,2.081231664472405,-1.2495861976549505,1.4318960641645173,0.5581092626706807,2.270445344169536,3.0,0.0,0.7462685717309084,1.1100233820284577,2.081231664472405,2.081231664472405
APA,2024-03-08,train,True,True,D-1,30.5499992371,31.1299991608,30.5300006866,30.8099994659,31.2399997711,31.4899997711,3.0769249017147615,1,2.081231664472405,-1.2495861976549505,1.4318960641645173,0.5581092626706807,-0.2611816059152394,2.5511859625508393,3.0,1.0,0.6037733133159897,1.37479570143475,2.081231664472405,2.081231664472405
APA,2024-03-11,train,True,True,D-1,30.6000003815,31.2399997711,30.4200000763,31.2000007629,31.4899997711,32.9000015259,7.516343515441681,1,-1.2495861976549505,1.4318960641645173,0.5581092626706807,-0.2611816059152394,0.8510645999763478,1.315355542608443,3.0,0.0,0.737705020498578,1.0386228511758633,1.4318960641645173,1.4318960641645173
APA,2024-03-12,train,True,True,D-1,31.3600006104,31.4899997711,30.8999996185,31.4400005341,32.9000015259,32.9500007629,5.07015344882582,1,1.4318960641645173,0.5581092626706807,-0.2611816059152394,0.8510645999763478,1.2658270164257912,3.8961040611033892,4.0,0.0,0.9699255560190384,0.12820194622418235,1.4318960641645173,1.4318960641645173
APA,2024-03-13,train,True,True,D-1,31.8500003815,32.9000015259,31.8400001526,32.5600013733,32.9500007629,32.8300018311,3.453690324094727,1,0.5581092626706807,-0.2611816059152394,0.8510645999763478,1.2658270164257912,0.7692300170882849,3.217339064526392,4.0,0.0,0.953704406914489,0.15903064933402433,1.2658270164257912,0.8510645999763478
APA,2024-03-14,train,True,True,D-1,32.75,32.9500007629,32.2900009155,32.4700012207,32.8300018311,32.8699989319,0.3664089523664149,0,-0.2611816059152394,0.8510645999763478,1.2658270164257912,0.7692300170882849,3.562343575615512,6.301019475606107,4.0,0.0,0.8629032444094564,1.0442264688564018,3.562343575615512,1.2658270164257912
APA,2024-03-15,train,True,True,D-1,32.2400016785,32.8300018311,31.8600006104,32.0,32.8699989319,33.3100013733,3.318857441355383,1,0.8510645999763478,1.2658270164257912,0.7692300170882849,3.562343575615512,-0.27641323342756374,6.284785700643636,4.0,0.0,0.8102769122782109,1.478286184646005,3.562343575615512,1.2658270164257912
APA,2024-03-18,train,True,True,D-1,32.2400016785,32.8699989319,32.0699996948,32.3400001526,33.3100013733,33.9700012207,5.3660032634355925,1,1.2658270164257912,0.7692300170882849,3.562343575615512,-0.27641323342756374,-1.4474936958128848,3.8623841438785833,3.0,1.0,0.6245057292151655,2.9687523840624896,3.562343575615512,5.282249440727704
APA,2024-03-19,train,True,True,D-1,32.3899993896,33.3100013733,32.3100013733,33.1399993896,33.9700012207,34.1199989319,5.341153364934859,1,0.7692300170882849,3.562343575615512,-0.27641323342756374,-1.4474936958128848,1.0625004768749946,3.653844108412896,3.0,2.0,0.7024388927946007,1.8862109073025435,3.562343575615512,3.962716421974144
APA,2024-03-20,train,True,True,D-1,32.7700004578,33.9700012207,32.6199989319,33.7900009155,34.1199989319,34.0299987793,4.119616891182143,1,3.562343575615512,-0.27641323342756374,-1.4474936958128848,1.0625004768749946,2.473714388451187,5.407120949810951,3.0,0.0,0.8843524880754562,0.5129812517538745,3.562343575615512,3.562343575615512
APA,2024-03-21,train,True,True,D-1,33.7999992371,34.1199989319,33.4599990845,33.9099998474,34.0299987793,34.7400016785,2.7810723746059196,0,-0.27641323342756374,-1.4474936958128848,1.0625004768749946,2.473714388451187,1.961380621219888,3.7776397122901706,3.0,0.0,0.9146918231580965,0.5327028716280102,2.473714388451187,1.0625004768749946
APA,2024-03-22,train,True,True,D-1,33.8499984741,34.0299987793,33.4099998474,33.4599990845,34.7400016785,34.7999992371,2.806501642021897,0,-1.4474936958128848,1.0625004768749946,2.473714388451187,1.961380621219888,0.35513148460719624,4.434858554246035,4.0,0.0,0.9070799820945805,0.61928364920385,2.473714388451187,2.473714388451187
APA,2024-03-25,train,True,True,D-1,33.6599998474,34.7400016785,33.6199989319,34.5900001526,34.7999992371,33.7400016785,3.3868074713852447,1,1.0625004768749946,2.473714388451187,1.961380621219888,0.35513148460719624,-1.3270444262019288,4.5624971390624935,4.0,1.0,0.6780487351138424,1.972504080867532,2.473714388451187,3.4503400826180863
APA,2024-03-26,train,True,True,D-1,34.5200004578,34.7999992371,32.8100013733,32.8800010681,33.7400016785,34.7299995422,0.6083403291280876,0,2.473714388451187,1.961380621219888,0.35513148460719624,-1.3270444262019288,3.3771700508607116,6.957328353070857,4.0,0.0,0.9382709847488451,0.43365575379659127,3.3771700508607116,2.473714388451187
APA,2024-03-27,train,True,True,D-1,32.7299995422,33.7400016785,32.5499992371,33.7099990845,34.7299995422,35.4900016785,8.432637259103615,1,1.961380621219888,0.35513148460719624,-1.3270444262019288,3.3771700508607116,-4.943622656710122,-0.7845453418493187,3.0,0.0,0.119267018256746,5.839410299967351,3.3771700508607116,3.694787770859276
APA,2024-03-28,train,True,True,D-1,34.0999984741,34.7299995422,33.9099998474,34.3800010681,35.4900016785,35.7200012207,4.75074140496059,1,0.35513148460719624,-1.3270444262019288,3.3771700508607116,-4.943622656710122,2.524324785394416,-0.23676184916380238,3.0,1.0,0.5155554877333309,3.23346242124698,3.3771700508607116,5.921261014196122
APA,2024-04-01,train,True,True,D-1,34.5299987793,35.4900016785,34.3100013733,35.4300003052,35.7200012207,35.9099998474,3.9965279956142963,1,-1.3270444262019288,3.3771700508607116,-4.943622656710122,2.524324785394416,1.9875467273687164,1.386025428531612,3.0,2.0,0.8133341471111097,1.2216351249322743,3.3771700508607116,3.3771700508607116
APA,2024-04-02,train,True,True,D-1,35.5600013733,35.7200012207,34.7999992371,35.3400001526,35.9099998474,35.8400001526,0.984247639435698,0,3.3771700508607116,-4.943622656710122,2.524324785394416,1.9875467273687164,3.054098907734626,5.88763082666246,4.0,0.0,0.9795913865733281,0.16935188479576535,3.3771700508607116,3.3771700508607116
APA,2024-04-03,train,True,True,D-1,35.5699996948,35.9099998474,34.8800010681,35.2099990845,35.8400001526,35.8600006104,0.8152963679737946,0,-4.943622656710122,2.524324785394416,1.9875467273687164,3.054098907734626,-0.254022443761559,2.168256712030181,3.0,0.0,0.8801259210354013,1.0752718349154922,3.054098907734626,2.524324785394416
APA,2024-04-04,train,True,True,D-1,35.3699989319,35.8400001526,34.9900016785,35.4300003052,35.8600006104,36.0499992371,1.9225341411778007,0,2.524324785394416,1.9875467273687164,3.054098907734626,-0.254022443761559,-0.3678581424410021,7.086368432817802,3.0,0.0,0.7916664774541502,1.988073788982736,3.054098907734626,3.6750450516941813
APA,2024-04-05,train,True,True,D-1,35.3300018311,35.8600006104,35.0099983215,35.7400016785,36.0499992371,35.3300018311,2.0379206586007337,0,1.9875467273687164,3.054098907734626,-0.254022443761559,-0.3678581424410021,0.6248259767687614,5.102347277994634,3.0,1.0,0.7600002288999974,1.3547827774914145,3.054098907734626,3.054098907734626
APA,2024-04-08,train,True,True,D-1,35.7299995422,36.0499992371,34.9300003052,35.0400009155,35.3300018311,35.1699981689,-1.1195010249792192,0,3.054098907734626,-0.254022443761559,-0.3678581424410021,0.6248259767687614,0.8749685877211366,3.9557899015363773,3.0,2.0,0.8937510431091975,0.4756523808510771,3.054098907734626,3.054098907734626
APA,2024-04-09,train,True,True,D-1,35.1300010681,35.3300018311,34.5299987793,34.8899993896,35.1699981689,35.2400016785,0.31312441518791534,0,-0.254022443761559,-0.3678581424410021,0.6248259767687614,0.8749685877211366,-1.9585918582121775,-1.100760334012063,2.0,0.0,0.192001342719999,2.8824152260601865,0.8749685877211366,1.7255863107808245
APA,2024-04-10,train,True,True,D-1,34.4799995422,35.1699981689,34.3800010681,35.0499992371,35.2400016785,35.25,2.233180011669078,0,-0.3678581424410021,0.6248259767687614,0.8749685877211366,-1.9585918582121775,-0.42808653533353835,-1.2733468054806796,2.0,1.0,0.2368424354431125,3.324734502132931,0.8749685877211366,3.2532625132397075
APA,2024-04-11,train,True,True,D-1,35.2299995422,35.2400016785,34.1399993896,34.4000015259,35.25,33.8800010681,0.05677109866562002,0,0.6248259767687614,0.8749685877211366,-1.9585918582121775,-0.42808653533353835,0.4585836924597242,-0.4544159374046397,3.0,2.0,0.40119694825845154,2.853067109175611,0.8749685877211366,0.8749685877211366
APA,2024-04-12,train,True,True,D-1,34.8499984741,35.25,33.6399993896,33.7200012207,33.8800010681,32.9700012207,-2.7833499238769988,0,0.8749685877211366,-1.9585918582121775,-0.42808653533353835,0.4585836924597242,-1.854487090864143,-2.9071373706672676,2.0,3.0,0.13612678380069976,4.796504761657361,0.8749685877211366,2.279376361503027
APA,2024-04-15,train,True,True,D-1,33.5400009155,33.8800010681,33.0,33.1599998474,32.9700012207,32.8800010681,-1.6994623710239298,0,-1.9585918582121775,-0.42808653533353835,0.4585836924597242,-1.854487090864143,-1.976744985572243,-5.651931625440209,1.0,4.0,0.033195782639981554,6.909839656143513,0.4585836924597242,4.253157288319375
APA,2024-04-16,train,True,True,D-1,32.7900009155,32.9700012207,32.1100006104,32.5,32.8800010681,32.7400016785,0.27447438269956326,0,-0.42808653533353835,0.4585836924597242,-1.854487090864143,-1.976744985572243,-1.66073948110127,-5.365299711702853,1.0,4.0,0.06866940843753133,6.544034962865486,0.4585836924597242,4.063239574717159
APA,2024-04-17,train,True,True,D-1,32.5,32.8800010681,32.1399993896,32.2599983215,32.7400016785,32.9500007629,1.384617731999982,0,0.4585836924597242,-1.854487090864143,-1.976744985572243,-1.66073948110127,-1.9903493680255568,-6.850098685620532,1.0,2.0,0.12420365140570339,8.461538461538453,0.4585836924597242,4.076618023819911
APA,2024-04-18,train,True,True,D-1,32.3800010681,32.7400016785,32.1199989319,32.4300003052,32.9500007629,32.6599998474,1.760344891901644,0,-1.854487090864143,-1.976744985572243,-1.66073948110127,-1.9903493680255568,-0.7384667030769232,-7.960059846868184,0.0,3.0,0.047769980974138745,9.268449578645143,-0.7384667030769232,2.7141180037447143
APA,2024-04-19,train,True,True,D-1,32.1599998474,32.9500007629,32.1500015259,32.3600006104,32.6599998474,32.3800010681,1.5547263755364193,0,-1.976744985572243,-1.66073948110127,-1.9903493680255568,-0.7384667030769232,0.5269745584168151,-5.7267474805685055,1.0,4.0,0.10191075063895495,8.695651150974015,0.5269745584168151,0.21538367630770106
APA,2024-04-22,train,True,True,D-1,32.2299995422,32.6599998474,31.7700004578,32.4700012207,32.3800010681,32.1899986267,0.4654096432846755,0,-1.66073948110127,-1.9903493680255568,-0.7384667030769232,0.5269745584168151,-0.21584857891220333,-4.033216373269655,1.0,4.0,0.1412429013294486,4.697158309729743,0.5269745584168151,0.0
APA,2024-04-23,train,True,True,D-1,32.1100006104,32.3800010681,31.7099990845,32.0600013733,32.1899986267,32.4399986267,1.0277110246865506,0,-1.9903493680255568,-0.7384667030769232,0.5269745584168151,-0.21584857891220333,0.3399277139217505,-2.0808161335202913,2.0,4.0,0.5833335982289983,1.5398829110029322,0.5269745584168151,0.5269745584168151
APA,2024-04-24,train,True,True,D-1,31.9799995422,32.1899986267,31.6399993896,32.0499992371,32.4399986267,32.5900001526,1.9074440873429577,0,-0.7384667030769232,0.5269745584168151,-0.21584857891220333,0.3399277139217505,-1.2627035170501344,-1.3538419283076975,2.0,2.0,0.2822595282706488,2.7760428929401115,0.5269745584168151,1.454042640744313
APA,2024-04-25,train,True,True,D-1,32.0900001526,32.4399986267,31.5300006866,32.3600006104,32.5900001526,32.8300018311,2.3060195543191497,0,0.5269745584168151,-0.21584857891220333,0.3399277139217505,-1.2627035170501344,-0.03119817770289579,-0.6509581380233387,2.0,3.0,0.3129766547245531,2.808117152022205,0.5269745584168151,1.8204823126827363
APA,2024-04-26,train,True,True,D-1,32.2599983215,32.5900001526,32.0200004578,32.4900016785,32.8300018311,32.4900016785,1.7669049574007945,0,-0.21584857891220333,0.3399277139217505,-1.2627035170501344,-0.03119817770289579,0.9672429974386665,-0.21584857891220333,2.0,4.0,0.5845069571845921,1.8232390030004542,0.9672429974386665,0.3399277139217505
APA,2024-04-29,train,True,True,D-1,32.4099998474,32.8300018311,32.3899993896,32.7200012207,32.4900016785,31.3700008392,0.24684304682716096,0,0.3399277139217505,-1.2627035170501344,-0.03119817770289579,0.9672429974386665,0.40173382462243,0.40173382462243,3.0,4.0,0.8495590308406528,0.5232322564405978,0.9672429974386665,0.3399277139217505
APA,2024-04-30,train,True,True,D-1,32.4599990845,32.4900016785,31.4099998474,31.4400005341,31.3700008392,30.8199996948,-3.3579737401178367,0,-1.2627035170501344,-0.03119817770289579,0.9672429974386665,0.40173382462243,0.7079086805717116,0.7699414555014661,3.0,0.0,0.9153842203405842,0.3361876720542778,0.9672429974386665,0.9672429974386665
APA,2024-05-01,train,True,True,D-1,31.0900001526,31.3700008392,30.1499996185,30.5,30.8199996948,29.7900009155,-0.8684479140390722,0,-0.03119817770289579,0.9672429974386665,0.40173382462243,0.7079086805717116,-3.9119823925624297,-1.9338765210295317,3.0,1.0,0.02112721464080543,4.42112364308771,0.9672429974386665,4.199009972368772
APA,2024-05-02,train,True,True,D-1,30.1200008392,30.8199996948,28.8999996185,29.1800003052,29.7900009155,30.2099990845,0.29879894685418407,0,0.9672429974386665,0.40173382462243,0.7079086805717116,-3.9119823925624297,-2.9898235309521404,-4.83619118251265,3.0,2.0,0.13059704945558503,7.639350265901634,0.9672429974386665,7.7520875508537035
APA,2024-05-03,train,True,True,D-1,29.2700004578,29.7900009155,28.9200000763,29.2600002289,30.2099990845,30.5799999237,4.475570363549175,1,0.40173382462243,0.7079086805717116,-3.9119823925624297,-2.9898235309521404,-4.32786785180328,-9.826947605736436,2.0,3.0,0.07124695395903032,12.508572610431234,0.7079086805717116,7.896204451905409
APA,2024-05-06,train,True,True,D-1,29.4699993134,30.2099990845,29.4099998474,29.9200000763,30.5799999237,30.7399997711,4.30946890834345,1,0.7079086805717116,-3.9119823925624297,-2.9898235309521404,-4.32786785180328,0.27416011947656305,-9.941524415917247,2.0,4.0,0.09160315718037018,12.200962318086116,0.7079086805717116,4.773481700571714
APA,2024-05-07,train,True,True,D-1,29.9300003052,30.5799999237,29.9300003052,30.2600002289,30.7399997711,30.9099998474,3.274305152712409,1,-3.9119823925624297,-2.9898235309521404,-4.32786785180328,0.27416011947656305,2.2556385585674743,-8.557460391011862,2.0,4.0,0.28412252716088926,8.589577525555336,2.2556385585674743,0.0
APA,2024-05-08,train,True,True,D-1,30.0100002289,30.7399997711,29.8700008392,30.5100002289,30.9099998474,31.1299991608,3.7320857159522047,1,-2.9898235309521404,-4.32786785180328,0.27416011947656305,2.2556385585674743,1.1363641434924965,-3.753181568556796,3.0,4.0,0.5506072624589942,3.668210845682296,2.2556385585674743,0.27416011947656305
APA,2024-05-09,train,True,True,D-1,30.6499996185,30.9099998474,30.4500007629,30.8799991608,31.1299991608,30.6200008392,1.566067041678787,0,-4.32786785180328,0.27416011947656305,2.2556385585674743,1.1363641434924965,0.8261731596460375,0.03278763573770771,4.0,4.0,0.8385419512600261,1.0160585498991903,2.2556385585674743,2.2556385585674743
APA,2024-05-10,train,True,True,D-1,30.9799995422,31.1299991608,30.3199996948,30.3799991608,30.6200008392,30.4200000763,-1.1620358564228606,0,0.27416011947656305,2.2556385585674743,1.1363641434924965,0.8261731596460375,1.2127136320029486,5.825904173472729,5.0,0.0,0.9849242763563647,0.09715248515318464,2.2556385585674743,2.2556385585674743
APA,2024-05-13,train,True,True,D-1,30.3500003815,30.6200008392,29.8999996185,30.2000007629,30.4200000763,30.6000003815,0.8237232186408372,0,2.2556385585674743,1.1363641434924965,0.8261731596460375,1.2127136320029486,-1.6191710284588212,3.827747515851976,4.0,0.0,0.5639533143083402,2.468729495449562,2.2556385585674743,2.68173186281091
APA,2024-05-14,train,True,True,D-1,30.1000003815,30.4200000763,29.9400005341,30.1700000763,30.6000003815,30.6499996185,1.827239966874017,0,1.1363641434924965,0.8261731596460375,1.2127136320029486,-1.6191710284588212,-0.5924898053725314,0.9358311694049437,3.0,1.0,0.2619050502233626,3.079464815916433,1.2127136320029486,3.414781042559134
APA,2024-05-15,train,True,True,D-1,30.1499996185,30.6000003815,29.7099990845,30.5400009155,30.6499996185,31.0100002289,2.852406704086019,0,0.8261731596460375,1.2127136320029486,-1.6191710284588212,-0.5924898053725314,-0.09934001934481795,-0.2974228417686797,2.0,2.0,0.23809494977663745,3.1819658007032237,1.2127136320029486,1.9039548772330273
APA,2024-05-16,train,True,True,D-1,30.5400009155,30.6499996185,30.2000007629,30.5100002289,31.0100002289,31.2800006866,2.4230509132841194,0,1.2127136320029486,-1.6191710284588212,-0.5924898053725314,-0.09934001934481795,1.2263866034612825,0.09833066658446743,2.0,3.0,0.5845083002831086,1.9318867963771469,1.2263866034612825,1.2127136320029486
APA,2024-05-17,train,True,True,D-1,30.5100002289,31.0100002289,30.3299999237,30.8799991608,31.2800006866,31.1200008392,2.523764181983301,0,-1.6191710284588212,-0.5924898053725314,-0.09934001934481795,1.2263866034612825,-0.09823407236628778,-1.1981831021863787,1.0,4.0,0.5633810573338206,2.0321171001261407,1.2263866034612825,0.0
APA,2024-05-20,train,True,True,D-1,30.9799995422,31.2800006866,30.7399997711,30.8999996185,31.1200008392,30.7299995422,0.4519086477367207,0,-0.5924898053725314,-0.09934001934481795,1.2263866034612825,-0.09823407236628778,1.2127136320029486,1.6458196636330413,2.0,0.0,0.8999992664160301,0.4209879262724536,1.2263866034612825,1.2263866034612825
APA,2024-05-21,train,True,True,D-1,30.5200004578,31.1200008392,30.5100002289,30.7199993134,30.7299995422,30.5300006866,0.6880703841743774,0,-0.09934001934481795,1.2263866034612825,-0.09823407236628778,1.2127136320029486,0.06476832332751314,2.317876946744768,3.0,0.0,0.7579613501083571,1.229776934600646,1.2263866034612825,1.2263866034612825
APA,2024-05-22,train,True,True,D-1,30.6200008392,30.7299995422,29.8799991608,30.1299991608,30.5300006866,29.9400005341,-0.29392602917495125,0,1.2263866034612825,-0.09823407236628778,1.2127136320029486,0.06476832332751314,-0.5825252664153235,1.8230004498145602,3.0,1.0,0.643311591242355,1.8229211774615228,1.2263866034612825,1.7445208383971123
APA,2024-05-23,train,True,True,D-1,30.3500003815,30.5300006866,29.3500003815,29.5200004578,29.9400005341,30.0300006866,-1.0543647145884627,0,-0.09823407236628778,1.2127136320029486,0.06476832332751314,-0.5825252664153235,-1.9205734563367716,-1.3425073425322287,2.0,2.0,0.17857123395429367,3.816799063493459,1.2127136320029486,3.704624529111822
APA,2024-05-24,train,True,True,D-1,29.7399997711,29.9400005341,29.3400001526,29.3600006104,30.0300006866,29.9699993134,0.9751207724682409,0,1.2127136320029486,0.06476832332751314,-0.5825252664153235,-1.9205734563367716,-2.024555990674004,-3.244836983522026,2.0,3.0,0.08808292716367766,5.962060303203565,1.2127136320029486,5.118959994048156
APA,2024-05-28,train,True,True,D-1,29.6100006104,30.0300006866,29.5499992371,29.8299999237,29.9699993134,29.8600006104,1.215801065784361,0,0.06476832332751314,-0.5825252664153235,-1.9205734563367716,-2.024555990674004,-0.5420048947110456,-4.922275232214169,1.0,4.0,0.010309511492125134,6.539509660363874,0.06476832332751314,2.620356016146941
APA,2024-05-29,train,True,True,D-1,29.7999992371,29.9699993134,28.7299995422,29.1700000763,29.8600006104,30.6399993896,2.8187925302166628,0,-0.5825252664153235,-1.9205734563367716,-2.024555990674004,-0.5420048947110456,1.6008150665143939,-3.4627822265712482,1.0,4.0,0.2752806640967968,4.324508611463629,1.6008150665143939,0.0
APA,2024-05-30,train,True,True,D-1,29.1599998474,29.8600006104,29.1599998474,29.7299995422,30.6399993896,30.7000007629,5.281210300271355,1,-1.9205734563367716,-2.024555990674004,-0.5420048947110456,1.6008150665143939,-2.212537207804788,-5.045570546038047,1.0,4.0,0.22000026704999875,5.34795838813682,1.6008150665143939,0.6471407702651644
APA,2024-05-31,train,True,True,D-1,29.8500003815,30.6399993896,29.7999992371,30.5300006866,30.7000007629,29.2600002289,2.847572430608092,0,-2.024555990674004,-0.5420048947110456,1.6008150665143939,-2.212537207804788,1.9197787604909644,-1.3275792556954658,2.0,4.0,0.5555552023459037,2.690888519067891,1.9197787604909644,1.9360493332116202
APA,2024-06-03,train,True,True,D-1,30.6499996185,30.7000007629,29.2399997711,29.4400005341,29.2600002289,29.2399997711,-4.535071474392483,0,-0.5420048947110456,1.6008150665143939,-2.212537207804788,1.9197787604909644,2.690888519067891,3.421409936100228,3.0,0.0,0.9424090514196977,0.36029708655813675,2.690888519067891,1.6008150665143939
APA,2024-06-04,train,True,True,D-1,29.1299991608,29.2600002289,28.6700000763,28.9599990845,29.2399997711,29.3400001526,0.7209097076892323,0,1.6008150665143939,-2.212537207804788,1.9197787604909644,2.690888519067891,-3.570259181089419,0.2724792984904134,3.0,0.0,0.36040637154920924,4.279892003875996,2.690888519067891,2.8952211169173903
APA,2024-06-05,train,True,True,D-1,29.0799999237,29.2399997711,28.8199996948,29.0,29.3400001526,29.3600006104,0.9628634368454847,0,-2.212537207804788,1.9197787604909644,2.690888519067891,-3.570259181089419,-1.6304396769423302,-2.916529806990653,2.0,1.0,0.1428566059678111,6.008293278335364,2.690888519067891,7.833376454841479
APA,2024-06-06,train,True,True,D-1,28.9300003052,29.3400001526,28.8099994659,29.2299995422,29.3600006104,29.7600002289,2.868993829740174,0,1.9197787604909644,2.690888519067891,-3.570259181089419,-1.6304396769423302,0.13812471258469738,-0.5827907982698943,3.0,2.0,0.16256148378585514,5.862071596206908,2.690888519067891,4.185455523543158
APA,2024-06-07,train,True,True,D-1,28.9699993134,29.3600006104,28.7000007629,28.8500003815,29.7600002289,29.75,2.726962147819556,0,2.690888519067891,-3.570259181089419,-1.6304396769423302,0.13812471258469738,0.7931018696551773,-1.681802918598363,3.0,3.0,0.27586171255830066,5.029083967578329,2.690888519067891,2.690888519067891
APA,2024-06-10,train,True,True,D-1,28.9899997711,29.7600002289,28.8700008392,29.4699993134,29.75,30.4899997711,5.174198040164679,1,-3.570259181089419,-1.6304396769423302,0.13812471258469738,0.7931018696551773,-1.300031360422671,-5.502785022331736,2.0,4.0,0.08867007109316709,6.412479573436358,0.7931018696551773,0.6553647763777981
APA,2024-06-11,train,True,True,D-1,29.1700000763,29.75,28.9899997711,29.6900005341,30.4899997711,29.2299995422,4.525196062212111,1,-1.6304396769423302,0.13812471258469738,0.7931018696551773,-1.300031360422671,2.149043063089784,0.10189802566493711,3.0,0.0,0.7339441514680008,0.9840547073516115,2.149043063089784,0.7931018696551773
APA,2024-06-12,train,True,True,D-1,30.0799999237,30.4899997711,29.1599998474,29.3299999237,29.2299995422,28.2900009155,-2.825799147792829,0,0.13812471258469738,0.7931018696551773,-1.300031360422671,2.149043063089784,0.7465260462356627,2.520723317255591,4.0,1.0,0.9339625188075332,0.23576858720364413,2.149043063089784,0.7931018696551773
APA,2024-06-13,train,True,True,D-1,29.0699996948,29.2299995422,28.2099990845,28.5699996948,28.2900009155,28.2000007629,-2.68317436356742,0,0.7931018696551773,-1.300031360422671,2.149043063089784,0.7465260462356627,-1.2125315053010066,1.137930771379314,3.0,0.0,0.3519550334463705,3.954994375784726,2.149043063089784,2.62410038566101
APA,2024-06-14,train,True,True,D-1,28.1599998474,28.2900009155,27.3600006104,27.8199996948,28.2000007629,28.5699996948,1.455965375077417,0,-1.300031360422671,2.149043063089784,0.7465260462356627,-1.2125315053010066,-2.591204333027919,-2.2579536699860236,2.0,1.0,0.15789495696900058,6.7203363556544105,2.149043063089784,5.921359732514031
APA,2024-06-17,train,True,True,D-1,27.8999996185,28.2000007629,27.5100002289,27.9400005341,28.5699996948,28.4799995422,2.4014339980697796,0,2.149043063089784,0.7465260462356627,-1.2125315053010066,-2.591204333027919,-2.625131284605886,-3.5701929742797733,2.0,2.0,0.14696460311418252,9.59741231341229,2.149043063089784,7.29735616512921
APA,2024-06-18,train,True,True,D-1,28.0,28.5699996948,27.8899993896,28.0,28.4799995422,28.4200000763,1.7142840792857106,0,0.7465260462356627,-1.2125315053010066,-2.591204333027919,-2.625131284605886,0.4313473782044275,-5.191716372400146,2.0,3.0,0.1853035396885821,9.126697166264531,0.7465260462356627,2.9516333876076883
APA,2024-06-20,train,True,True,D-1,28.0400009155,28.4799995422,27.1700000763,28.2999992371,28.4200000763,29.5200004578,5.2781722324476865,1,-1.2125315053010066,-2.591204333027919,-2.625131284605886,0.4313473782044275,0.21474396833589537,-5.6921539363361635,2.0,4.0,0.20447270326323957,8.892856325357146,0.4313473782044275,0.0
APA,2024-06-21,train,True,True,D-1,28.2999992371,28.4200000763,27.9899997711,28.0900001526,29.5200004578,29.3099994659,4.310958493244876,1,-2.591204333027919,-2.625131284605886,0.4313473782044275,0.21474396833589537,1.071425846785723,-3.511765050390314,3.0,4.0,0.5485434241636127,3.286220247952576,1.071425846785723,0.4313473782044275
APA,2024-06-24,train,True,True,D-1,28.25,29.5200004578,28.2299995422,29.3400001526,29.3099994659,28.9899997711,3.752210498761066,1,-2.625131284605886,0.4313473782044275,0.21474396833589537,1.071425846785723,-0.7420462549861173,-1.6800824197676367,3.0,2.0,0.6571430907143484,1.7087915257827824,1.071425846785723,0.4313473782044275
APA,2024-06-25,train,True,True,D-1,29.2700004578,29.3099994659,28.7099990845,29.0,28.9899997711,29.1399993896,-0.44414440097951813,0,0.4313473782044275,0.21474396833589537,1.071425846785723,-0.7420462549861173,4.449982175896494,5.4636968888396975,4.0,0.0,0.9234041378814133,0.6134979695426201,4.449982175896494,1.071425846785723
APA,2024-06-26,train,True,True,D-1,28.9599990845,28.9899997711,28.3500003815,28.6399993896,29.1399993896,29.5499992371,2.0372934090173267,0,0.21474396833589537,1.071425846785723,-0.7420462549861173,4.449982175896494,-1.1588280532775275,3.793841967205047,3.0,1.0,0.7787232453689716,1.7931050268965354,4.449982175896494,1.071425846785723
APA,2024-06-27,train,True,True,D-1,28.9899997711,29.1399993896,28.7800006866,29.0699996948,29.5499992371,29.9500007629,3.311490166885145,1,1.071425846785723,-0.7420462549861173,4.449982175896494,-1.1588280532775275,-1.2413814151724156,2.285712105714288,2.0,2.0,0.6255315211317982,3.072629493559109,4.449982175896494,6.835806168259239
APA,2024-06-28,train,True,True,D-1,29.3899993896,29.5499992371,28.9400005341,29.4400005341,29.9500007629,29.9300003052,1.905414715653797,0,-0.7420462549861173,4.449982175896494,-1.1588280532775275,-1.2413814151724156,1.501397745686206,2.720849747199172,2.0,3.0,0.7058819862554518,1.5479902570501025,4.449982175896494,4.449982175896494
APA,2024-07-01,train,True,True,D-1,29.75,29.9500007629,29.0900001526,29.6299991608,29.9300003052,29.9099998474,0.6050430426890685,0,4.449982175896494,-1.1588280532775275,-1.2413814151724156,1.501397745686206,1.272792718213167,4.805982108102791,3.0,0.0,0.9166676299812841,0.37363689199865213,4.449982175896494,4.449982175896494
APA,2024-07-02,train,True,True,D-1,29.7199993134,29.9300003052,28.9699993134,29.3600006104,29.9099998474,29.4500007629,0.6393019461287119,0,-1.1588280532775275,-1.2413814151724156,1.501397745686206,1.272792718213167,0.6453757583323672,0.9884083390991449,3.0,0.0,0.7999990463627277,1.0799919377768807,1.501397745686206,1.501397745686206
APA,2024-07-03,train,True,True,D-1,29.5499992371,29.9099998474,29.3400001526,29.4300003052,29.4500007629,28.8799991608,-0.33840432075020743,0,-1.2413814151724156,1.501397745686206,1.272792718213167,0.6453757583323672,-0.9112337429870832,1.2413814151724045,3.0,1.0,0.6312499925882832,2.0095372623766483,1.501397745686206,1.77313661201991
APA,2024-07-05,train,True,True,D-1,29.2999992371,29.4500007629,28.4699993134,28.6000003815,28.8799991608,29.2199993134,-0.2730372893617883,0,1.501397745686206,1.272792718213167,0.6453757583323672,-0.9112337429870832,0.2384185740623046,2.758383143984533,4.0,2.0,0.5555551933428532,1.7669060560904004,1.501397745686206,2.176385465107389
APA,2024-07-08,train,True,True,D-1,28.3999996185,28.8799991608,28.3899993896,28.8400001526,29.2199993134,28.9400005341,2.887322908151879,0,1.272792718213167,0.6453757583323672,-0.9112337429870832,0.2384185740623046,-2.8202511555983523,-1.6167847204486718,3.0,3.0,0.08783847349873844,4.720280990881576,1.272792718213167,3.8613493023393675
APA,2024-07-09,train,True,True,D-1,28.6200008392,29.2199993134,28.4599990845,28.7900009155,28.9400005341,29.8899993896,4.437451129143644,1,0.6453757583323672,-0.9112337429870832,0.2384185740623046,-2.8202511555983523,0.8391600276175026,-2.0380447371426857,3.0,4.0,0.288461773625285,3.8488231776237836,0.8391600276175026,2.6501333066894284
APA,2024-07-10,train,True,True,D-1,28.7900009155,28.9400005341,28.5599994659,28.7700004578,29.8899993896,30.1499996185,4.7238577969888285,1,-0.9112337429870832,0.2384185740623046,-2.8202511555983523,0.8391600276175026,-0.1733676727997291,-2.834958721198033,2.0,4.0,0.25974109615652663,3.9597059862761075,0.8391600276175026,0.2384185740623046
APA,2024-07-11,train,True,True,D-1,28.9200000763,29.8899993896,28.7199993134,29.7900009155,30.1499996185,31.6900005341,9.578148169059041,1,0.2384185740623046,-2.8202511555983523,0.8391600276175026,-0.1733676727997291,-0.06947015305314164,-2.0095372627172536,2.0,4.0,0.25000062746691504,3.9624587120607124,0.8391600276175026,1.0818774146827304
APA,2024-07-12,train,True,True,D-1,29.9699993134,30.1499996185,29.4300003052,29.9699993134,31.6900005341,31.6900005341,5.73907661029196,1,-2.8202511555983523,0.8391600276175026,-0.1733676727997291,-0.06947015305314164,3.545361284217363,1.2232436512628508,2.0,0.0,0.9333343505999991,0.3356779826346745,3.545361284217363,0.8391600276175026
APA,2024-07-15,train,True,True,D-1,29.9699993134,31.6900005341,29.9500007629,31.4599990845,31.6900005341,32.5099983215,8.475138692994012,1,0.8391600276175026,-0.1733676727997291,-0.06947015305314164,3.545361284217363,0.6042242107026752,4.790205991697083,3.0,0.0,0.8977271126762854,0.6006016323781616,3.545361284217363,0.8391600276175026
APA,2024-07-16,train,True,True,D-1,31.1499996185,31.6900005341,30.8799991608,31.6700000763,32.5099983215,33.1500015259,6.420551948296649,1,-0.1733676727997291,-0.06947015305314164,3.545361284217363,0.6042242107026752,4.971637655105998,9.084600964066937,3.0,0.0,0.928792152824426,0.731091723754429,4.971637655105998,3.545361284217363
APA,2024-07-17,train,True,True,D-1,31.8999996185,32.5099983215,31.8400001526,32.2200012207,33.1500015259,32.25,3.9185013239783295,1,-0.06947015305314164,3.545361284217363,0.6042242107026752,4.971637655105998,0.667517475877677,10.003470195269992,4.0,1.0,0.9936100795609301,0.06315269261703005,4.971637655105998,3.545361284217363
APA,2024-07-18,train,True,True,D-1,32.3499984741,33.1500015259,31.9699993134,32.1500015259,32.25,31.7800006866,-0.309114308552616,0,3.545361284217363,0.6042242107026752,4.971637655105998,0.667517475877677,1.7366629083515273,11.99166043796378,5.0,0.0,0.9234835945391495,0.9000530410088636,4.971637655105998,4.971637655105998
APA,2024-07-19,train,True,True,D-1,32.0900001526,32.25,31.5400009155,32.0099983215,31.7800006866,31.1599998474,-0.9660313634335727,0,0.6042242107026752,4.971637655105998,0.667517475877677,1.7366629083515273,-0.21725540703898538,7.922123322836394,4.0,0.0,0.7311828839099608,3.1104197590609894,4.971637655105998,4.971637655105998
APA,2024-07-22,train,True,True,D-1,31.6299991608,31.7800006866,31.0799999237,31.2700004578,31.1599998474,31.0900001526,-1.4859289467907488,0,4.971637655105998,0.667517475877677,1.7366629083515273,-0.21725540703898538,-0.43546873329761704,6.80680365310482,3.0,1.0,0.6437490835685772,3.5613972639114477,4.971637655105998,5.623415716073543
APA,2024-07-23,train,True,True,D-1,31.0699996948,31.1599998474,30.6200008392,30.6900005341,31.0900001526,31.5200004578,1.448344922498701,0,0.667517475877677,1.7366629083515273,-0.21725540703898538,-0.43546873329761704,-2.311771016879338,-0.603937165381585,2.0,2.0,0.171806559762248,6.012155550292153,1.7366629083515273,4.473835618564548
APA,2024-07-24,train,True,True,D-1,30.9500007629,31.0900001526,30.1800003052,30.2800006866,31.5200004578,31.5799999237,2.0355384338315963,0,1.7366629083515273,-0.21725540703898538,-0.43546873329761704,-2.311771016879338,-1.8548126485726457,-3.094409661632347,1.0,3.0,0.027667856087148154,8.01564336587961,1.7366629083515273,5.860367552576395
APA,2024-07-25,train,True,True,D-1,30.1900005341,31.5200004578,30.1299991608,31.2800006866,31.5799999237,31.3500003815,4.604171464091156,1,-0.21725540703898538,-0.43546873329761704,-2.311771016879338,-1.8548126485726457,-1.335939525463492,-6.021106333334425,0.0,4.0,0.03367014824877137,9.478205991488231,-0.21725540703898538,3.1659729987405627
APA,2024-07-26,train,True,True,D-1,31.3400001526,31.5799999237,30.8700008392,31.2099990845,31.3500003815,31.2700004578,0.03190883487973473,0,-0.43546873329761704,-2.311771016879338,-1.8548126485726457,-1.335939525463492,3.302509832645195,-2.706067800958356,1.0,4.0,0.5424533351760198,3.1010207548222146,3.302509832645195,0.0
APA,2024-07-29,train,True,True,D-1,31.1499996185,31.3500003815,30.2900009155,30.7800006866,31.2700004578,31.8299999237,2.182986560282796,0,-2.311771016879338,-1.8548126485726457,-1.335939525463492,3.302509832645195,-0.22379028313125326,-2.499216741485011,1.0,4.0,0.6545448030276001,1.8263428991354358,3.302509832645195,0.0
APA,2024-07-30,train,True,True,D-1,30.7299995422,31.2700004578,30.5799999237,31.0300006866,31.8299999237,33.4099998474,8.721120550358897,1,-1.8548126485726457,-1.335939525463492,3.302509832645195,-0.22379028313125326,-1.3777584444517155,-1.5669963672091058,1.0,1.0,0.4482766784894637,2.5990877818540037,3.302509832645195,4.900975270704455
APA,2024-07-31,train,True,True,D-1,31.6200008392,31.8299999237,31.1700000763,31.1900005341,33.4099998474,30.7399997711,5.660970780180685,1,-1.335939525463492,3.302509832645195,-0.22379028313125326,-1.3777584444517155,0.8122157063785718,1.1078531983804263,2.0,2.0,0.6206903808795233,1.7724757490498844,3.302509832645195,3.879242941200123
APA,2024-08-01,train,True,True,D-1,32.7999992371,33.4099998474,30.7299995422,31.0799999237,30.7399997711,27.9200000763,-6.28048632290803,0,3.302509832645195,-0.22379028313125326,-1.3777584444517155,0.8122157063785718,0.515629532580375,3.0052834440743803,3.0,0.0,0.6235299397700055,2.0519377320955545,3.302509832645195,3.302509832645195
APA,2024-08-02,train,True,True,D-1,30.6900005341,30.7399997711,28.2999992371,28.5900001526,27.9200000763,28.2000007629,-8.113391097642165,0,-0.22379028313125326,-1.3777584444517155,0.8122157063785718,0.515629532580375,-0.35267909110722195,-0.6393886141622729,2.0,0.0,0.25320489700261284,7.49678226969126,0.8122157063785718,0.8122157063785718
APA,2024-08-05,train,True,True,D-1,27.6800003052,27.9200000763,26.8099994659,27.5900001526,28.2000007629,28.0499992371,1.8786143495898466,0,-1.3777584444517155,0.8122157063785718,0.515629532580375,-0.35267909110722195,-8.011582294764608,-8.394742097897678,2.0,1.0,0.056751640090894805,16.859040465453322,0.8122157063785718,9.148221916629916
APA,2024-08-06,train,True,True,D-1,27.4599990845,28.2000007629,27.1100006104,27.1100006104,28.0499992371,28.4699993134,3.6780781594056844,1,0.8122157063785718,0.515629532580375,-0.35267909110722195,-8.011582294764608,-3.4977264591202095,-10.363874148283436,2.0,2.0,0.11818191539599975,21.094598269697883,0.8122157063785718,12.04130122654522
APA,2024-08-07,train,True,True,D-1,27.6900005341,28.0499992371,27.0,27.0200004578,28.4699993134,28.6800003052,3.575297045880599,1,0.515629532580375,-0.35267909110722195,-8.011582294764608,-3.4977264591202095,-1.7397591139729052,-12.632935834554504,1.0,3.0,0.0454547162362162,23.23865398432776,0.515629532580375,5.692263090819116
APA,2024-08-08,train,True,True,D-1,27.2000007629,28.4699993134,27.1700000763,28.4500007629,28.6800003052,29.2900009155,7.683823874926854,1,-0.35267909110722195,-8.011582294764608,-3.4977264591202095,-1.7397591139729052,-0.33198137430315855,-13.36966978163705,0.0,4.0,0.0318183302668646,23.6491461189275,-0.33198137430315855,2.0659648120599394
APA,2024-08-09,train,True,True,D-1,28.4500007629,28.6800003052,27.9799995422,28.3199996948,29.2900009155,29.1800003052,2.9525487876098433,0,-8.011582294764608,-3.4977264591202095,-1.7397591139729052,-0.33198137430315855,5.292377057259445,-8.462030782678664,1.0,4.0,0.4173030966002789,8.049205436880879,5.292377057259445,0.0
APA,2024-08-12,train,True,True,D-1,28.3899993896,29.2900009155,28.3899993896,29.1900005341,29.1800003052,29.2199993134,2.923564429888814,0,-3.4977264591202095,-1.7397591139729052,-0.33198137430315855,5.292377057259445,-0.45694574556752743,-0.9443877452216198,1.0,0.0,0.8074863910035679,1.2711886097446001,5.292377057259445,0.0
APA,2024-08-13,train,True,True,D-1,28.75,29.1800003052,28.5,28.9200000763,29.2199993134,29.6499996185,3.130433455652182,1,-1.7397591139729052,-0.33198137430315855,5.292377057259445,-0.45694574556752743,3.072036895041874,5.799203960313215,2.0,0.0,0.9563317286368144,0.3425843767394854,5.292377057259445,5.292377057259445
APA,2024-08-14,train,True,True,D-1,29.1499996185,29.2199993134,28.7800006866,28.9500007629,29.6499996185,29.3700008392,1.7152658886577576,0,-0.33198137430315855,5.292377057259445,-0.45694574556752743,3.072036895041874,-0.9249758576899803,6.676501014926739,2.0,1.0,0.8384276457290353,1.2793943230422489,5.292377057259445,5.292377057259445
APA,2024-08-15,train,True,True,D-1,29.0900001526,29.6499996185,29.0900001526,29.4799995422,29.3700008392,29.8799991608,2.715706442268262,0,5.292377057259445,-0.45694574556752743,3.072036895041874,-0.9249758576899803,0.10373681369588716,7.142858150999243,3.0,2.0,0.8396226330135321,1.174439183558551,5.292377057259445,6.114575641735764
APA,2024-08-16,train,True,True,D-1,28.9400005341,29.3700008392,28.9200000763,29.25,29.8799991608,29.2399997711,3.2480947109603475,1,-0.45694574556752743,3.072036895041874,-0.9249758576899803,0.10373681369588716,1.830738394933662,3.6203822554661036,3.0,0.0,0.8982035517766885,0.5766624116009478,3.072036895041874,3.072036895041874
APA,2024-08-19,train,True,True,D-1,29.3099994659,29.8799991608,29.1900005341,29.3199996948,29.2399997711,28.7299995422,-0.23882530220254994,0,3.072036895041874,-0.9249758576899803,0.10373681369588716,1.830738394933662,-0.7801884184928887,3.283899418158409,3.0,1.0,0.6825400429893521,1.3675200632478735,3.072036895041874,3.072036895041874
APA,2024-08-20,train,True,True,D-1,29.1700000763,29.2399997711,28.1599998474,28.3299999237,28.7299995422,28.3600006104,-1.5084008671549132,0,-0.9249758576899803,0.10373681369588716,1.830738394933662,-0.7801884184928887,0.23931519589743822,0.44535511586625276,3.0,0.0,0.5942030387356446,1.909957270904461,1.830738394933662,2.373478726971201
APA,2024-08-21,train,True,True,D-1,28.6399993896,28.7299995422,28.0400009155,28.0599994659,28.3600006104,28.5699996948,-0.24441234738789008,0,0.10373681369588716,1.830738394933662,-0.7801884184928887,0.23931519589743822,-3.3765340429917523,-2.0401111723492127,3.0,1.0,0.09883729311725854,5.471229231466812,1.830738394933662,4.976037801087507
APA,2024-08-22,train,True,True,D-1,28.1399993896,28.3600006104,27.8799991608,27.9200000763,28.5699996948,29.1100006104,3.4470548750562324,1,1.830738394933662,-0.7801884184928887,0.23931519589743822,-3.3765340429917523,-0.9530549189099236,-3.0742703749443656,2.0,2.0,0.010868787756229499,6.486100247834159,1.830738394933662,6.128147133049944
APA,2024-08-23,train,True,True,D-1,28.0699996948,28.5699996948,28.0300006866,28.4699993134,29.1100006104,28.8999996185,3.7050264585241965,1,-0.7801884184928887,0.23931519589743822,-3.3765340429917523,-0.9530549189099236,-0.49892869659579064,-5.291721472610256,1.0,3.0,0.020000457749999256,7.020054008394339,0.23931519589743822,1.6865437469183897
APA,2024-08-26,train,True,True,D-1,29.0,29.1100006104,28.4899997711,28.9799995422,28.8999996185,28.7000007629,-0.3448289017241368,0,0.23931519589743822,-3.3765340429917523,-0.9530549189099236,-0.49892869659579064,1.9699113022813686,-2.666669014017098,2.0,4.0,0.29500007629999914,4.952581248347121,1.9699113022813686,0.23931519589743822
APA,2024-08-27,train,True,True,D-1,28.8099994659,28.8999996185,28.1900005341,28.4300003052,28.7000007629,29.4699993134,2.290870738408679,0,-3.3765340429917523,-0.9530549189099236,-0.49892869659579064,1.9699113022813686,1.7913601724604211,-1.1596185407201753,2.0,4.0,0.8088234468934211,0.8971712664156195,1.9699113022813686,0.0
APA,2024-08-28,train,True,True,D-1,28.0499992371,28.7000007629,28.0200004578,28.5699996948,29.4699993134,28.9500007629,5.0623890015007555,1,-0.9530549189099236,-0.49892869659579064,1.9699113022813686,1.7913601724604211,-1.8978579906431814,0.35298405142720757,2.0,1.0,0.4471548749628398,2.3918406538870896,1.9699113022813686,2.1104065926383697
APA,2024-08-29,train,True,True,D-1,28.75,29.4699993134,28.3799991608,29.3400001526,28.9500007629,27.9500007629,0.6956548274782648,0,-0.49892869659579064,1.9699113022813686,1.7913601724604211,-1.8978579906431814,0.49243541363730436,1.8175347063701164,3.0,2.0,0.5609753827724265,1.8900977296764987,1.9699113022813686,3.3846796041337224
APA,2024-08-30,train,True,True,D-1,28.8999996185,28.9500007629,28.3500003815,28.4899997711,27.9500007629,26.9599990845,-3.287193315365544,0,1.9699113022813686,1.7913601724604211,-1.8978579906431814,0.49243541363730436,2.6951363879088364,5.085960144768675,4.0,0.0,0.9103453355856562,0.4430782553642265,2.6951363879088364,1.9699113022813686
APA,2024-09-03,train,True,True,D-1,27.8999996185,27.9500007629,26.6700000763,26.7399997711,26.9599990845,26.3199996948,-3.369177587288219,0,1.7913601724604211,-1.8978579906431814,0.49243541363730436,2.6951363879088364,-2.8970701331938353,0.0702509946692853,3.0,1.0,0.32413771327117213,3.4398018609115733,2.6951363879088364,2.0713739090883587
APA,2024-09-04,train,True,True,D-1,26.6299991608,26.9599990845,25.8600006104,25.8899993896,26.3199996948,26.3600006104,-1.0138886928597657,0,-1.8978579906431814,0.49243541363730436,2.6951363879088364,-2.8970701331938353,-6.1425061918574775,-7.729467931281942,2.0,2.0,0.024999897811579266,10.209422459496519,2.6951363879088364,11.556760000646271
APA,2024-09-05,train,True,True,D-1,26.2999992371,26.3199996948,25.6900005341,25.9699993134,26.3600006104,25.3600006104,0.22814211042014865,0,0.49243541363730436,2.6951363879088364,-2.8970701331938353,-6.1425061918574775,-3.178759868272929,-8.934227535465133,2.0,3.0,0.008309914121318068,13.82773274702387,2.6951363879088364,11.821146926306302
APA,2024-09-06,train,True,True,D-1,25.9500007629,26.3600006104,25.1000003815,25.2399997711,25.3600006104,24.8799991608,-2.2736036036789087,0,2.6951363879088364,-2.8970701331938353,-6.1425061918574775,-3.178759868272929,0.3089993267135327,-9.100456454933825,2.0,4.0,0.07407377505869185,13.477089305097012,2.6951363879088364,5.574719276059048
APA,2024-09-09,train,True,True,D-1,25.2999992371,25.3600006104,24.7800006866,24.9200000763,24.8799991608,24.0200004578,-1.6600794030227073,0,-2.8970701331938353,-6.1425061918574775,-3.178759868272929,0.3089993267135327,-2.8109340069305877,-13.974098023774795,1.0,4.0,0.03636347421583654,14.698894712542664,0.3089993267135327,2.5106204473728355
APA,2024-09-10,train,True,True,D-1,24.8299999237,24.8799991608,23.3999996185,23.8500003815,24.0200004578,24.0499992371,-3.1413640314009728,0,-6.1425061918574775,-3.178759868272929,0.3089993267135327,-2.8109340069305877,-1.2678276454122672,-12.530711560136186,1.0,4.0,0.044163844268232416,12.158911225211689,0.3089993267135327,4.352123180622225
APA,2024-09-11,train,True,True,D-1,23.9500007629,24.0200004578,22.7199993134,23.6100006104,24.0499992371,24.4899997711,2.2546930730644954,0,-3.178759868272929,0.3089993267135327,-2.8109340069305877,-1.2678276454122672,-4.293738730031615,-10.80777641862004,1.0,4.0,0.12640472766857386,13.039826638377615,0.3089993267135327,5.816128495516304
APA,2024-09-12,train,True,True,D-1,23.8199996948,24.0499992371,23.3199996948,23.7000007629,24.4899997711,24.6499996185,3.4844665589193635,1,0.3089993267135327,-2.8109340069305877,-1.2678276454122672,-4.293738730031615,-1.0062883323312732,-8.806484484182231,1.0,3.0,0.2445057637022048,11.647606645078401,0.3089993267135327,5.565818997215322
APA,2024-09-13,train,True,True,D-1,23.9799995422,24.4899997711,23.7299995422,23.9400005341,24.6499996185,25.2900009155,5.4628915692623625,1,-2.8109340069305877,-1.2678276454122672,-4.293738730031615,-1.0062883323312732,0.3811950452062174,-8.740849482151214,1.0,4.0,0.26923107151299486,11.22362768723606,0.3811950452062174,0.6289292083884068
APA,2024-09-16,train,True,True,D-1,24.0300006866,24.6499996185,24.0300006866,24.4400005341,25.2900009155,25.6599998474,6.783183995949482,1,-1.2678276454122672,-4.293738730031615,-1.0062883323312732,0.3811950452062174,1.0126572298499559,-5.150551698849492,2.0,4.0,0.4621214474729107,5.931495591561742,1.0126572298499559,0.0
APA,2024-09-17,train,True,True,D-1,24.3899993896,25.2900009155,24.3899993896,25.25,25.6599998474,25.8400001526,5.9450627277107815,1,-4.293738730031615,-1.0062883323312732,0.3811950452062174,1.0126572298499559,2.0885546735381455,-1.926161880940358,3.0,4.0,0.7962969176920882,1.8003216738317507,2.0885546735381455,0.3811950452062174
APA,2024-09-18,train,True,True,D-1,25.1000003815,25.6599998474,24.8899993896,25.1100006104,25.8400001526,25.25,2.9482062145521626,0,-1.0062883323312732,0.3811950452062174,1.0126572298499559,2.0885546735381455,3.314236694757211,5.870019270884175,4.0,0.0,0.9844354511423989,0.1584194673267314,3.314236694757211,1.0126572298499559
APA,2024-09-19,train,True,True,D-1,25.6599998474,25.8400001526,25.2800006866,25.3600006104,25.25,25.8600006104,0.7794262049470202,0,0.3811950452062174,1.0126572298499559,2.0885546735381455,3.314236694757211,-0.5544530281188065,6.353239988224568,4.0,0.0,0.7649576063536189,2.190359313540613,3.314236694757211,2.0885546735381455
APA,2024-09-20,train,True,True,D-1,25.25,25.25,24.7000007629,25.0699996948,25.8600006104,26.0100002289,3.00990189663366,1,1.0126572298499559,2.0885546735381455,3.314236694757211,-0.5544530281188065,0.9956192509866124,7.004218540357887,4.0,0.0,0.7725121311178181,1.892742628733024,3.314236694757211,3.314236694757211
APA,2024-09-23,train,True,True,D-1,25.2099990845,25.8600006104,25.0499992371,25.4400005341,26.0100002289,25.3600006104,3.17334856585485,1,2.0885546735381455,3.314236694757211,-0.5544530281188065,0.9956192509866124,-1.1435367059142387,4.720130056348304,3.0,1.0,0.5745852569218385,3.071401943254548,3.314236694757211,3.4735394212710213
APA,2024-09-24,train,True,True,D-1,25.9500007629,26.0100002289,25.3199996948,25.3400001526,25.3600006104,24.2700004578,-2.2736036036789087,0,3.314236694757211,-0.5544530281188065,0.9956192509866124,-1.1435367059142387,1.4758709365949807,4.091652938406232,3.0,0.0,0.7142858996597107,1.6509436614870587,3.314236694757211,3.314236694757211
APA,2024-09-25,train,True,True,D-1,25.2700004578,25.3600006104,24.5300006866,24.5699996948,24.2700004578,24.5900001526,-2.6909390299995284,0,-0.5544530281188065,0.9956192509866124,-1.1435367059142387,1.4758709365949807,-0.39308325236063757,0.3564362479207883,2.0,0.0,0.4885493515918713,2.644041327013391,1.4758709365949807,0.9956192509866124
APA,2024-09-26,train,True,True,D-1,24.0400009155,24.2700004578,23.0300006866,23.1499996185,24.5900001526,25.0799999237,4.326118837747028,1,0.9956192509866124,-1.1435367059142387,1.4758709365949807,-0.39308325236063757,-3.038675821479786,-2.150541228487046,2.0,1.0,0.027026365249977147,5.860808107395954,1.4758709365949807,4.89568548468764
APA,2024-09-27,train,True,True,D-1,23.4699993134,24.5900001526,23.3600006104,24.5300006866,25.0799999237,25.9799995422,10.694504909367165,1,-1.1435367059142387,1.4758709365949807,-0.39308325236063757,-3.038675821479786,-5.779406161736866,-8.714514742533918,1.0,2.0,0.04026810413782246,12.354214503375061,1.4758709365949807,10.118335502149822
APA,2024-09-30,train,True,True,D-1,24.3799991608,25.0799999237,24.1299991608,24.4599990845,25.9799995422,26.4099998474,8.326500231648847,1,1.4758709365949807,-0.39308325236063757,-3.038675821479786,-5.779406161736866,5.961127822210388,-2.153964957215393,2.0,3.0,0.5033557820087052,6.033426420197685,5.961127822210388,1.6386670647873025
APA,2024-10-01,train,True,True,D-1,24.2099990845,25.9799995422,24.1000003815,25.6599998474,26.4099998474,26.7600002289,10.532842795655405,1,-0.39308325236063757,-3.038675821479786,-5.779406161736866,5.961127822210388,-0.28537138255458894,-3.852206875099695,1.0,4.0,0.47986530789743354,6.336881448954013,5.961127822210388,0.0
APA,2024-10-02,train,True,True,D-1,26.2900009155,26.4099998474,25.4400005341,25.7600002289,26.7600002289,27.1599998474,3.309238880197496,1,-3.038675821479786,-5.779406161736866,5.961127822210388,-0.28537138255458894,4.905972231456146,1.2628243601931155,2.0,0.0,0.8915254851056832,1.2470759809159793,5.961127822210388,5.961127822210388
APA,2024-10-03,train,True,True,D-1,25.8400001526,26.7600002289,25.6100006104,26.5300006866,27.1599998474,27.4799995422,6.346746826295924,1,-5.779406161736866,5.961127822210388,-0.28537138255458894,4.905972231456146,0.3897131024735101,4.8433070772559095,3.0,0.0,0.8076923728152186,2.52329042206596,5.961127822210388,5.961127822210388
APA,2024-10-04,train,True,True,D-1,26.9899997711,27.1599998474,26.4699993134,26.8899993896,27.4799995422,26.3799991608,1.8154863847930747,0,5.961127822210388,-0.28537138255458894,4.905972231456146,0.3897131024735101,2.9891321850072927,14.600436819873286,4.0,0.0,0.932353068203734,0.8669413356486189,5.961127822210388,5.961127822210388
APA,2024-10-07,train,True,True,D-1,27.0799999237,27.4799995422,26.8700008392,26.9699993134,26.3799991608,26.4400005341,-2.363365551710661,0,-0.28537138255458894,4.905972231456146,0.3897131024735101,2.9891321850072927,1.3569494673320248,9.62086684444814,4.0,0.0,0.9117645408736731,1.0040924653364813,4.905972231456146,4.905972231456146
APA,2024-10-08,train,True,True,D-1,26.2600002289,26.3799991608,25.4699993134,26.2600002289,26.4400005341,27.0,2.817973208871516,0,4.905972231456146,0.3897131024735101,2.9891321850072927,1.3569494673320248,0.29750809079951424,10.261652996097425,5.0,0.0,0.8491123208757303,1.8909908853672386,4.905972231456146,4.905972231456146
APA,2024-10-09,train,True,True,D-1,25.8899993896,26.4400005341,25.6900005341,26.3299999237,27.0,27.2199993134,5.137118405395791,1,0.3897131024735101,2.9891321850072927,1.3569494673320248,0.29750809079951424,-2.632551362903579,2.3382711810919776,4.0,1.0,0.40196083014948386,4.645846544804488,2.9891321850072927,5.3320075104104525
APA,2024-10-10,train,True,True,D-1,26.5400009155,27.0,26.3400001526,26.8600006104,27.2199993134,26.9799995422,2.5621641840368747,0,2.9891321850072927,1.3569494673320248,0.29750809079951424,-2.632551362903579,0.2665639535027964,2.212731714810001,4.0,2.0,0.42786095144548014,4.367640037343379,2.9891321850072927,5.362137027399017
APA,2024-10-11,train,True,True,D-1,26.75,27.2199993134,26.5599994659,27.0699996948,26.9799995422,25.7000007629,0.8598113727102952,0,1.3569494673320248,0.29750809079951424,-2.632551362903579,0.2665639535027964,2.012915640850177,1.2438745392369333,4.0,3.0,0.6915428551119374,2.308261048810034,2.012915640850177,1.3569494673320248
APA,2024-10-14,train,True,True,D-1,26.7999992371,26.9799995422,26.5400009155,26.7000007629,25.7000007629,25.1200008392,-4.1044720354963316,0,0.29750809079951424,-2.632551362903579,0.2665639535027964,2.012915640850177,0.7818282934762388,0.6693949768909802,4.0,4.0,0.7960199996371258,1.5145912523920835,2.012915640850177,0.29750809079951424
APA,2024-10-15,train,True,True,D-1,25.6900005341,25.7000007629,24.7999992371,24.8500003815,25.1200008392,25.0100002289,-2.2187609305161504,0,-2.632551362903579,0.2665639535027964,2.012915640850177,0.7818282934762388,-1.366822815188562,-1.0011069980481957,3.0,1.0,0.7028579711428579,1.9475600585844965,2.012915640850177,2.6085963700533177
APA,2024-10-16,train,True,True,D-1,24.9500007629,25.1200008392,24.6900005341,24.7999992371,25.0100002289,25.1900005341,0.9619229012484576,0,0.2665639535027964,2.012915640850177,0.7818282934762388,-1.366822815188562,-6.928840181797302,-5.3693824642402355,3.0,2.0,0.02066162926591619,9.537218895434641,2.012915640850177,10.213873669403284
APA,2024-10-17,train,True,True,D-1,24.7099990845,25.0100002289,24.6000003815,24.9200000763,25.1900005341,25.75,4.208826200047766,1,2.012915640850177,0.7818282934762388,-1.366822815188562,-6.928840181797302,-0.201211845603122,-5.810864758958189,2.0,3.0,0.043477769198937415,9.758065123968862,2.012915640850177,9.12902602104192
APA,2024-10-18,train,True,True,D-1,24.9799995422,25.1900005341,24.6700000763,25.1599998474,25.75,25.3999996185,3.0824678619356893,1,0.7818282934762388,-1.366822815188562,-6.928840181797302,-0.201211845603122,0.48387436649788285,-7.222637714121449,2.0,4.0,0.12213733788354601,9.22953142077796,0.7818282934762388,0.7818282934762388
APA,2024-10-21,train,True,True,D-1,25.4500007629,25.75,25.0699996948,25.1100006104,25.3999996185,25.0900001526,-0.19646814499467702,0,-1.366822815188562,-6.928840181797302,-0.201211845603122,0.48387436649788285,0.9630809404701957,-7.055780823547253,2.0,4.0,0.2352939762110236,7.233703123364976,0.9630809404701957,0.0
APA,2024-10-22,train,True,True,D-1,25.0499992371,25.3999996185,24.8500003815,25.1800003052,25.0900001526,24.8199996948,0.15968429827637465,0,-6.928840181797302,-0.201211845603122,0.48387436649788285,0.9630809404701957,-0.1987251085185049,-5.955056580782292,2.0,0.0,0.4434786070322515,2.548782851621789,0.9630809404701957,0.48387436649788285
APA,2024-10-23,train,True,True,D-1,25.0300006866,25.0900001526,24.1900005341,24.4899997711,24.8199996948,25.0599994659,0.11985129235756453,0,-0.201211845603122,0.48387436649788285,0.9630809404701957,-0.1987251085185049,0.2787721748242822,1.3279674794116847,3.0,1.0,0.5043479270510736,2.2637001107672194,0.9630809404701957,0.9630809404701957
APA,2024-10-24,train,True,True,D-1,24.8099994659,24.8199996948,24.3899993896,24.6700000763,25.0599994659,24.1399993896,1.007658224030239,0,0.48387436649788285,0.9630809404701957,-0.1987251085185049,0.2787721748242822,-2.740272143513467,-1.2499978852267501,3.0,2.0,0.1923072690457119,5.144958108112729,0.9630809404701957,3.43222002540996
APA,2024-10-25,train,True,True,D-1,24.9099998474,25.0599994659,24.5499992371,24.8199996948,24.1399993896,23.8299999237,-3.0911299177722396,0,0.9630809404701957,-0.1987251085185049,0.2787721748242822,-2.740272143513467,0.734995128143745,-1.0032102698015688,3.0,3.0,0.30769211957587145,4.3777864627472685,0.9630809404701957,2.9884988225926112
APA,2024-10-28,train,True,True,D-1,23.7999992371,24.1399993896,23.6499996185,23.7000007629,23.8299999237,23.9099998474,0.4621874530505554,0,-0.1987251085185049,0.2787721748242822,-2.740272143513467,0.734995128143745,0.6080243941470442,-1.351351966065839,3.0,4.0,0.4038457540987285,3.7469795190804955,0.734995128143745,0.2787721748242822
APA,2024-10-29,train,True,True,D-1,23.7000007629,23.8299999237,23.1599998474,23.3099994659,23.9099998474,23.9099998474,0.8860720579753512,0,0.2787721748242822,-2.740272143513467,0.734995128143745,0.6080243941470442,-4.512485679581413,-5.615291968236791,3.0,4.0,0.028572082514285415,7.172990721001082,0.734995128143745,4.666893427292351
APA,2024-10-30,train,True,True,D-1,23.5300006866,23.9099998474,23.3500003815,23.4699993134,23.9099998474,23.9799995422,1.9124472693121009,0,-2.740272143513467,0.734995128143745,0.6080243941470442,-4.512485679581413,-1.645575039856162,-7.426532234448868,2.0,4.0,0.0777199972952613,7.63621075712142,0.734995128143745,6.818799509561035
APA,2024-10-31,train,True,True,D-1,23.6599998474,23.9099998474,23.4400005341,23.6000003815,23.9799995422,23.7800006866,1.3524923789683063,0,0.734995128143745,0.6080243941470442,-4.512485679581413,-1.645575039856162,0.6864000479024579,-4.164967199810576,3.0,3.0,0.16315764644454722,6.774606727799104,0.734995128143745,1.7054653479592896
APA,2024-11-01,train,True,True,D-1,23.75,23.9799995422,22.9300003052,23.0900001526,23.7800006866,23.8400001526,0.3789480109473553,0,0.6080243941470442,-4.512485679581413,-1.645575039856162,0.6864000479024579,0.5539031610698686,-4.337250472195697,3.0,4.0,0.23157927497236397,6.186436698299769,0.6864000479024579,0.6080243941470442
APA,2024-11-04,train,True,True,D-1,23.3799991608,23.7800006866,23.25,23.5400009155,23.8400001526,24.9500007629,6.71514823974988,1,-4.512485679581413,-1.645575039856162,0.6864000479024579,0.5539031610698686,-2.1610178841343974,-6.97018357563659,2.0,4.0,0.13223137890169318,4.547419792380425,0.6864000479024579,2.3054847173384907
APA,2024-11-05,train,True,True,D-1,23.7299995422,23.8400001526,23.3799991608,23.5699996948,24.9500007629,24.8899993896,5.141176756158061,1,-1.645575039856162,0.6864000479024579,0.5539031610698686,-2.1610178841343974,1.9488989169596405,-0.6751048196186771,3.0,1.0,0.5809533843499332,1.8691529719112365,1.9488989169596405,0.9406350692164112
APA,2024-11-06,train,True,True,D-1,23.8799991608,24.9500007629,23.6900005341,24.7299995422,24.8899993896,22.25,4.229481843776428,1,0.6864000479024579,0.5539031610698686,-2.1610178841343974,1.9488989169596405,0.12743746020948965,1.1154021229402122,4.0,2.0,0.6095236711110095,1.739498738688816,1.9488989169596405,0.6864000479024579
APA,2024-11-07,train,True,True,D-1,24.8500003815,24.8899993896,21.9099998474,21.9300003052,22.25,22.2999992371,-10.26157386419354,0,0.5539031610698686,-2.1610178841343974,1.9488989169596405,0.12743746020948965,4.921509810863167,5.36855673481258,4.0,0.0,0.891088529281575,0.889612716428001,4.921509810863167,1.9488989169596405
APA,2024-11-08,train,True,True,D-1,21.9699993134,22.25,21.1499996185,21.7700004578,22.2999992371,22.5499992371,2.6399633219207574,0,-2.1610178841343974,1.9488989169596405,0.12743746020948965,4.921509810863167,-11.322277755088518,-7.076271395356038,3.0,1.0,0.0065790959792223725,13.771091726724261,4.921509810863167,8.90689387171484
APA,2024-11-11,train,True,True,D-1,21.6700000763,22.2999992371,21.3799991608,22.1700000763,22.5499992371,22.2700004578,4.060909818650327,1,1.9488989169596405,0.12743746020948965,4.921509810863167,-11.322277755088518,-0.7295934572425056,-5.716759142816052,3.0,2.0,0.16315806646892275,14.607258788369194,4.921509810863167,16.890774425482235
APA,2024-11-12,train,True,True,D-1,22.1800003052,22.5499992371,21.8500003815,21.8700008392,22.2700004578,22.6499996185,2.1190230244938713,0,0.12743746020948965,4.921509810863167,-11.322277755088518,-0.7295934572425056,1.8373891138651066,-5.819884392179087,3.0,3.0,0.2684210922681317,12.53947080303286,4.921509810863167,4.921509810863167
APA,2024-11-13,train,True,True,D-1,21.8999996185,22.2700004578,21.3600006104,22.0200004578,22.6499996185,23.2099990845,5.981732825663522,1,4.921509810863167,-11.322277755088518,-0.7295934572425056,1.8373891138651066,-1.3531765271426521,-7.212553574937264,2.0,4.0,0.18947394838579268,14.08321813220683,4.921509810863167,4.921509810863167
APA,2024-11-14,train,True,True,D-1,22.3199996948,22.6499996185,22.1200008392,22.6000003815,23.2099990845,22.9200000763,3.9874525173373865,1,-11.322277755088518,-0.7295934572425056,1.8373891138651066,-1.3531765271426521,0.685869285981644,-10.9583466824396,2.0,4.0,0.23262055950450372,13.03360069088182,1.8373891138651066,2.5139773772109075
APA,2024-11-15,train,True,True,D-1,22.7000007629,23.2099990845,22.2399997711,22.3799991608,22.9200000763,22.4799995422,0.9691599383536476,0,-0.7295934572425056,1.8373891138651066,-1.3531765271426521,0.685869285981644,2.6339687177188598,3.0551758640018356,3.0,0.0,0.9666671753333324,0.22123555821234042,2.6339687177188598,1.8373891138651066
APA,2024-11-18,train,True,True,D-1,22.6399993896,22.9200000763,22.3400001526,22.4599990845,22.4799995422,22.4400005341,-0.7067131259442361,0,1.8373891138651066,-1.3531765271426521,0.685869285981644,2.6339687177188598,-0.9734567123285909,2.8020151133320015,3.0,0.0,0.5513510225440675,3.7086682521141334,2.6339687177188598,1.8373891138651066
APA,2024-11-19,train,True,True,D-1,22.2600002289,22.4799995422,21.8899993896,21.9200000763,22.4400005341,22.5900001526,1.4824794263549101,0,-1.3531765271426521,0.685869285981644,2.6339687177188598,-0.9734567123285909,0.3574616921350193,1.3080694957237071,3.0,1.0,0.5945942602115579,3.339269949114043,2.6339687177188598,3.2534434727485073
APA,2024-11-20,train,True,True,D-1,21.9500007629,22.4400005341,21.9500007629,22.1299991608,22.5900001526,22.9899997711,4.73803631915044,1,0.685869285981644,2.6339687177188598,-0.9734567123285909,0.3574616921350193,-2.4042699475115503,0.2286201883009653,3.0,2.0,0.30270266367242865,5.8850319512304905,2.6339687177188598,4.689371317133251
APA,2024-11-21,train,True,True,D-1,22.2700004578,22.5900001526,22.2099990845,22.4400005341,22.9899997711,22.9799995422,3.233045794787226,1,2.6339687177188598,-0.9734567123285909,0.3574616921350193,-2.4042699475115503,0.9580250171944638,0.4995399669078582,3.0,3.0,0.18181805050961192,4.880252890443204,2.6339687177188598,4.103247155613987
APA,2024-11-22,train,True,True,D-1,22.2900009155,22.9899997711,22.2700004578,22.7700004578,22.9799995422,22.8400001526,3.0955522582333916,1,-0.9734567123285909,0.3574616921350193,-2.4042699475115503,0.9580250171944638,1.4008196342326196,-0.7079639145978533,3.0,4.0,0.41666763001916246,3.4313660074557717,1.4008196342326196,0.3574616921350193
APA,2024-11-25,train,True,True,D-1,22.7900009155,22.9799995422,22.4400005341,22.6700000763,22.8400001526,23.1399993896,1.5357545416418095,0,0.3574616921350193,-2.4042699475115503,0.9580250171944638,1.4008196342326196,1.4705878602744527,1.7426332065423322,4.0,0.0,0.8000006936361224,0.9661805396435019,1.4705878602744527,0.9580250171944638
APA,2024-11-26,train,True,True,D-1,22.7600002289,22.8400001526,22.25,22.5200004578,23.1399993896,22.6800003052,1.669592077672677,0,-2.4042699475115503,0.9580250171944638,1.4008196342326196,1.4705878602744527,-0.43917601883817214,0.9350000016025151,3.0,1.0,0.7090912874378852,1.4115557729289074,1.4705878602744527,1.4008196342326196
APA,2024-11-27,train,True,True,D-1,22.5400009155,23.1399993896,22.3600006104,22.5200004578,22.6800003052,22.75,0.9316729191239492,0,0.9580250171944638,1.4008196342326196,1.4705878602744527,-0.43917601883817214,-0.6616657167849538,2.7372280082641254,3.0,2.0,0.5480771523874217,2.0870306560638374,1.4705878602744527,2.5685237187445864
APA,2024-11-29,train,True,True,D-1,22.5799999237,22.6800003052,22.4599990845,22.6499996185,22.75,22.75,0.7528789941295244,0,1.4008196342326196,1.4705878602744527,-0.43917601883817214,-0.6616657167849538,0.0,1.7623195290979776,2.0,0.0,0.33333470064471,2.7531035488290057,1.4705878602744527,2.1322535770594064
APA,2024-12-02,train,True,True,D-1,22.5599994659,22.75,21.9899997711,22.3400001526,22.75,22.6800003052,0.8422009689636356,0,1.4705878602744527,-0.43917601883817214,-0.6616657167849538,0.0,0.5772609149969021,0.9358247745176351,2.0,1.0,0.4494380818393326,2.163354434230458,1.4705878602744527,1.4705878602744527
APA,2024-12-03,train,True,True,D-1,22.5900001526,22.75,22.3199996948,22.4200000763,22.6800003052,22.5799999237,0.39840704733082877,0,-0.43917601883817214,-0.6616657167849538,0.0,0.5772609149969021,-1.368651086628725,-1.8884510169287272,1.0,2.0,0.3043482587903128,3.581017151008825,0.5772609149969021,0.7992908594176118
APA,2024-12-04,train,True,True,D-1,22.3099994659,22.6800003052,21.9400005341,22.2000007629,22.5799999237,21.8600006104,1.2102217134190685,0,-0.6616657167849538,0.0,0.5772609149969021,-1.368651086628725,0.3581017151008892,-1.102778999376175,2.0,3.0,0.37391343291128215,3.211415302630205,0.5772609149969021,1.5927114495397077
APA,2024-12-05,train,True,True,D-1,22.2900009155,22.5799999237,21.8199996948,21.8400001526,21.8600006104,22.7099990845,1.8842447364277426,0,0.0,0.5772609149969021,-1.368651086628725,0.3581017151008892,-0.9812636603536817,-1.4209577637426918,2.0,4.0,0.21666706397954513,4.234227902689525,0.5772609149969021,1.2039367822470837
APA,2024-12-06,train,True,True,D-1,21.7800006866,21.8600006104,20.9500007629,21.4200000763,22.7099990845,22.5499992371,4.269964961351791,1,0.5772609149969021,-1.368651086628725,0.3581017151008892,-0.9812636603536817,-1.6216243149938303,-3.0195394821338706,2.0,3.0,0.021505861544526265,4.166665938835479,0.5772609149969021,3.1642364802339173
APA,2024-12-09,train,True,True,D-1,21.8899993896,22.7099990845,21.6299991608,22.25,22.5499992371,22.4500007629,3.015074764294279,1,-1.368651086628725,0.3581017151008892,-0.9812636603536817,-1.6216243149938303,-1.9230772589990064,-5.430461646433615,1.0,4.0,0.2611108403341439,6.2091499484706825,0.3581017151008892,3.871618200665683
APA,2024-12-10,train,True,True,D-1,22.3099994659,22.5499992371,22.0100002289,22.2600002289,22.4500007629,23.0300006866,3.2272579020026226,1,0.3581017151008892,-0.9812636603536817,-1.6216243149938303,-1.9230772589990064,3.8748829166361576,-0.40286549680047523,2.0,4.0,0.7222221044906908,2.2471910112359605,3.8748829166361576,0.3581017151008892
APA,2024-12-11,train,True,True,D-1,22.3799991608,22.4500007629,21.9799995422,22.3799991608,23.0300006866,23.1000003815,3.2171637520037377,1,-0.9812636603536817,-1.6216243149938303,-1.9230772589990064,3.8748829166361576,0.04494484898875939,-0.7136478450289196,2.0,1.0,0.7443185882183626,2.02155818047014,3.8748829166361576,0.0
APA,2024-12-12,train,True,True,D-1,22.2600002289,23.0300006866,22.1800003052,22.9400005341,23.1000003815,22.7399997711,3.773585552391112,1,-1.6216243149938303,-1.9230772589990064,3.8748829166361576,0.04494484898875939,0.5390787541152298,0.810803566280982,3.0,2.0,0.812499864545325,1.4745305454614055,3.8748829166361576,3.8748829166361576
APA,2024-12-13,train,True,True,D-1,23.0200004578,23.1000003815,22.6800003052,22.8600006104,22.7399997711,21.7000007629,-1.2163365818054328,0,-1.9230772589990064,3.8748829166361576,0.04494484898875939,0.5390787541152298,2.502240367733699,5.036631748233078,4.0,0.0,0.9567306943262269,0.39232846732595306,3.8748829166361576,3.8748829166361576
APA,2024-12-16,train,True,True,D-1,22.7199993134,22.7399997711,21.8199996948,21.9400005341,21.7000007629,21.4899997711,-4.489430375547654,0,3.8748829166361576,0.04494484898875939,0.5390787541152298,2.502240367733699,-0.34873549188058073,6.722691545147463,4.0,0.0,0.8367349851684384,1.0498677370586407,3.8748829166361576,3.8748829166361576
APA,2024-12-17,train,True,True,D-1,21.5100002289,21.7000007629,20.4500007629,21.0499992371,21.4899997711,21.3600006104,-0.0929821366209449,0,0.04494484898875939,0.5390787541152298,2.502240367733699,-0.34873549188058073,-4.024497164192775,-1.3932560265168537,3.0,1.0,0.09375060540739101,5.287145939659754,2.502240367733699,6.861438173825785
APA,2024-12-18,train,True,True,D-1,21.2399997711,21.4899997711,20.7600002289,20.8400001526,21.3600006104,21.3700008392,0.6120577660122528,0,0.5390787541152298,2.502240367733699,-0.34873549188058073,-4.024497164192775,-4.056523588578431,-5.435763608973665,2.0,2.0,0.2264145511526451,9.738723129200565,2.502240367733699,10.420006443717757
APA,2024-12-19,train,True,True,D-1,21.2700004578,21.3600006104,20.3199996948,20.4799995422,21.3700008392,21.7099990845,2.068634777761136,0,2.502240367733699,-0.34873549188058073,-4.024497164192775,-4.056523588578431,-0.9976203900752822,-6.881139704854899,1.0,3.0,0.14716960220018283,10.844530769439764,2.502240367733699,7.515915639939553
APA,2024-12-20,train,True,True,D-1,20.4599990845,21.3700008392,20.4400005341,21.0400009155,21.7099990845,21.9400005341,7.233633997184352,1,-0.34873549188058073,-4.024497164192775,-4.056523588578431,-0.9976203900752822,-1.7274501332241288,-10.723630926874828,0.0,4.0,0.05755388772580829,12.79297313411245,-0.34873549188058073,2.707837128541979
APA,2024-12-23,train,True,True,D-1,20.8500003815,21.7099990845,20.8299999237,21.6000003815,21.9400005341,21.9699993134,5.37169741682002,1,-4.024497164192775,-4.056523588578431,-0.9976203900752822,-1.7274501332241288,2.734381766689431,-7.9615032646674795,1.0,4.0,0.2975211561979895,8.079842118008784,2.734381766689431,0.0
APA,2024-12-24,train,True,True,D-1,21.7600002289,21.9400005341,21.2999992371,21.8700008392,21.9699993134,22.2199993134,2.1139663587367963,0,-4.056523588578431,-0.9976203900752822,-1.7274501332241288,2.734381766689431,2.661594304339854,-1.549681605848463,2.0,0.0,0.920864207700305,0.5092532456351995,2.734381766689431,0.0
APA,2024-12-26,train,True,True,D-1,21.8400001526,21.9699993134,21.5699996948,21.8400001526,22.2199993134,22.7700004578,4.258243125924555,1,-0.9976203900752822,-1.7274501332241288,2.734381766689431,2.661594304339854,1.2500020969038905,3.8954946879749652,3.0,0.0,0.9567903341764635,0.3200717522357621,2.734381766689431,2.734381766689431
APA,2024-12-27,train,True,True,D-1,21.9400005341,22.2199993134,21.7999992371,22.0900001526,22.7700004578,23.3199996948,6.289877516434661,1,-1.7274501332241288,2.734381766689431,2.661594304339854,1.2500020969038905,-0.13717734544493876,4.798464456226226,3.0,0.0,0.9212126116063571,0.59523424858825,2.734381766689431,2.734381766689431
APA,2024-12-30,train,True,True,D-1,22.2199993134,22.7700004578,21.9400005341,22.4200000763,23.3199996948,23.8099994659,7.155716478988072,1,2.734381766689431,2.661594304339854,1.2500020969038905,-0.13717734544493876,1.1446886366905051,7.861331281197126,4.0,0.0,0.926966713510262,0.5884977813578773,2.734381766689431,2.734381766689431
APA,2024-12-31,train,True,True,D-1,22.5,23.3199996948,22.4200000763,23.0900001526,23.8099994659,23.4899997711,5.822219848444443,1,2.661594304339854,1.2500020969038905,-0.13717734544493876,1.1446886366905051,1.4938882816673882,6.558931087229025,4.0,0.0,0.8195874818857352,1.5611078515114896,2.661594304339854,2.661594304339854
APA,2025-01-02,train,True,True,D-1,23.5499992371,23.8099994659,23.1399993896,23.3799991608,23.4899997711,24.4200000763,3.6942711990810784,1,1.2500020969038905,-0.13717734544493876,1.1446886366905051,1.4938882816673882,2.988403541569351,6.89814696659059,4.0,0.0,0.8861388662941778,0.9961002194887492,2.988403541569351,1.2500020969038905
APA,2025-01-03,train,True,True,D-1,23.3500003815,23.4899997711,23.0599994659,23.4200000763,24.4200000763,24.2199993134,4.582439731554566,1,-0.13717734544493876,1.1446886366905051,1.4938882816673882,2.988403541569351,1.2559506551902189,6.904427360119092,4.0,0.0,0.8080355584639914,1.8391801562634758,2.988403541569351,1.4938882816673882
APA,2025-01-06,train,True,True,D-1,23.8099994659,24.4200000763,23.5100002289,23.6599998474,24.2199993134,23.7299995422,1.7219649588282815,0,1.1446886366905051,1.4938882816673882,2.988403541569351,1.2559506551902189,0.17109032051234596,7.23443183452499,5.0,1.0,0.8059704750218684,1.6652407699804472,2.988403541569351,2.988403541569351
APA,2025-01-07,train,True,True,D-1,23.8099994659,24.2199993134,23.5499992371,23.6599998474,23.7299995422,24.4699993134,2.7719439828011394,0,1.4938882816673882,2.988403541569351,1.2559506551902189,0.17109032051234596,1.0247641772762828,7.107286935057866,5.0,0.0,0.6935482382283812,3.212173431114862,2.988403541569351,2.988403541569351
APA,2025-01-08,train,True,True,D-1,23.5,23.7299995422,23.3999996185,23.6800003052,24.4699993134,24.8600006104,5.787236640000004,1,2.988403541569351,1.2559506551902189,0.17109032051234596,1.0247641772762828,0.0,5.53077505298849,4.0,1.0,0.6199998855500013,3.212173431114862,2.988403541569351,2.988403541569351
APA,2025-01-10,train,True,True,D-1,24.25,24.4699993134,23.6299991608,23.6800003052,24.8600006104,25.0400009155,3.257735734020617,1,1.2559506551902189,0.17109032051234596,1.0247641772762828,0.0,0.0845327892180725,2.5552193534029266,4.0,2.0,0.4558827654626184,3.124998993084893,1.2559506551902189,1.2559506551902189
APA,2025-01-13,train,True,True,D-1,24.0300006866,24.8600006104,23.8799991608,24.3799991608,25.0400009155,25.7099990845,6.991254057003959,1,0.17109032051234596,1.0247641772762828,0.0,0.0845327892180725,0.0,1.283152930574083,3.0,0.0,0.4397169548630048,3.3361444173060972,1.0247641772762828,1.0247641772762828
APA,2025-01-14,train,True,True,D-1,24.2199993134,25.0400009155,24.1399993896,24.8500003815,25.7099990845,25.8299999237,6.6474015521926555,1,1.0247641772762828,0.0,0.0845327892180725,0.0,2.956076210211389,4.099056709532123,3.0,0.0,0.6712321071951186,1.9688329209288202,2.956076210211389,1.0247641772762828
APA,2025-01-15,train,True,True,D-1,25.0699996948,25.7099990845,24.9300003052,25.4500007629,25.8299999237,25.2700004578,3.031512717001106,1,0.0,0.0845327892180725,0.0,2.956076210211389,1.927814753397139,5.02958808865237,3.0,0.0,0.8841461074771336,0.7645896623061921,2.956076210211389,0.0845327892180725
APA,2025-01-16,train,True,True,D-1,25.2700004578,25.8299999237,24.9799995422,25.1499996185,25.2700004578,24.2000007629,0.0,0,0.0845327892180725,0.0,2.956076210211389,1.927814753397139,2.414488419270544,7.565515329860428,4.0,0.0,0.8874465880071328,1.0216043764486482,2.956076210211389,2.956076210211389
APA,2025-01-17,train,True,True,D-1,25.2700004578,25.2700004578,24.1900005341,24.3999996185,24.2000007629,23.8500003815,-4.234268601169433,0,0.0,2.956076210211389,1.927814753397139,2.414488419270544,-1.1787863866681292,6.207767290345845,3.0,0.0,0.6909090593661267,2.703778590516559,2.956076210211389,2.956076210211389
APA,2025-01-21,train,True,True,D-1,23.9899997711,24.2000007629,23.6200008392,23.7000007629,23.8500003815,24.3299999237,1.4172578401171476,0,2.956076210211389,1.927814753397139,2.414488419270544,-1.1787863866681292,-2.9821074011003534,3.040537601436988,3.0,1.0,0.26666679705635926,5.860657080157394,2.956076210211389,7.081817321899875
APA,2025-01-22,train,True,True,D-1,23.1700000763,23.8500003815,23.1200008392,23.3600006104,24.3299999237,23.8799991608,5.006473213552276,1,1.927814753397139,2.414488419270544,-1.1787863866681292,-2.9821074011003534,-2.868847813707598,-2.7891649766475513,2.0,2.0,0.03619907549332779,8.98733794192237,2.414488419270544,8.179891511099624
APA,2025-01-23,train,True,True,D-1,23.6299991608,24.3299999237,23.3199996948,23.5100002289,23.8799991608,24.1399993896,2.158274426204976,0,2.414488419270544,-1.1787863866681292,-2.9821074011003534,-2.868847813707598,-1.43459975339848,-5.995974841953144,1.0,3.0,0.08856083109868693,10.573626921055567,2.414488419270544,6.676779502715791
APA,2025-01-24,train,True,True,D-1,23.5799999237,23.8799991608,23.2299995422,23.3199996948,24.1399993896,23.6900005341,2.3748917205769438,0,-1.1787863866681292,-2.9821074011003534,-2.868847813707598,-1.43459975339848,0.6421216377589412,-7.6227916536177664,1.0,4.0,0.14391126252795652,9.86813982225363,0.6421216377589412,0.8016899910713304
APA,2025-01-27,train,True,True,D-1,23.4599990845,24.1399993896,23.2000007629,23.3799991608,23.6900005341,23.3199996948,0.9803983741498046,0,-2.9821074011003534,-2.868847813707598,-1.43459975339848,0.6421216377589412,-0.8081690014891674,-7.276341755305149,1.0,4.0,0.09302274003668543,8.361924479076288,0.6421216377589412,0.17123679175843343
APA,2025-01-28,train,True,True,D-1,23.5,23.6900005341,22.8999996185,23.3400001526,23.3199996948,23.4799995422,-0.08510833106382121,0,-2.868847813707598,-1.43459975339848,0.6421216377589412,-0.8081690014891674,0.257287593418698,-4.180329810032612,2.0,2.0,0.21487480852718027,4.063305376386905,0.6421216377589412,1.1950823644040875
APA,2025-01-29,train,True,True,D-1,23.1200008392,23.3199996948,22.9599990845,23.1800003052,23.4799995422,22.9200000763,1.5570877592254506,0,-1.43459975339848,0.6421216377589412,-0.8081690014891674,0.257287593418698,-0.17108216268487686,-1.5189898679815572,2.0,3.0,0.3076926155190288,4.24164423576372,0.6421216377589412,0.6421216377589412
APA,2025-01-30,train,True,True,D-1,23.3700008392,23.4799995422,22.8199996948,22.9899997711,22.9200000763,21.9200000763,-1.925548766541696,0,0.6421216377589412,-0.8081690014891674,0.257287593418698,-0.17108216268487686,-0.6855177650124222,-0.7705492315777773,2.0,4.0,0.1958046342240734,4.961171714229962,0.6421216377589412,1.4975487668382637
APA,2025-01-31,train,True,True,D-1,22.7600002289,22.9200000763,21.8999996185,21.9300003052,21.9200000763,22.5100002289,-1.0984182666332165,0,-0.8081690014891674,0.257287593418698,-0.17108216268487686,-0.6855177650124222,-0.8196744244967857,-2.2118266811447462,1.0,3.0,0.12878796636824733,5.002173249021213,0.257287593418698,1.7568607691327065
APA,2025-02-03,train,True,True,D-1,21.8199996948,21.9200000763,21.1900005341,21.4699993134,22.5100002289,22.4500007629,3.1622389722784305,1,0.257287593418698,-0.17108216268487686,-0.6855177650124222,-0.8196744244967857,-4.610698027202642,-5.960546345590001,1.0,4.0,0.013393165073970908,10.077515064493504,0.257287593418698,5.649867332598368
APA,2025-02-04,train,True,True,D-1,21.1499996185,22.5100002289,21.1499996185,22.3899993896,22.4500007629,22.4799995422,6.288415828322957,1,-0.17108216268487686,-0.6855177650124222,-0.8196744244967857,-4.610698027202642,-2.097587712713922,-8.169375175181347,0.0,4.0,0.11199951171999914,10.340015331600139,-0.17108216268487686,6.611572304627622
APA,2025-02-05,train,True,True,D-1,22.3199996948,22.4500007629,22.1000003815,22.1900005341,22.4799995422,21.8899993896,0.7168452042464857,0,-0.6855177650124222,-0.8196744244967857,-4.610698027202642,-2.097587712713922,4.285049397397067,-4.070268880843053,1.0,3.0,0.5321887603888417,4.868245566394691,4.285049397397067,0.0
APA,2025-02-06,train,True,True,D-1,22.3899993896,22.4799995422,21.3799991608,21.6399993896,21.8899993896,23.0400009155,2.903088627157002,0,-0.8196744244967857,-4.610698027202642,-2.097587712713922,4.285049397397067,-0.893250830515413,-4.270922165941093,1.0,4.0,0.4463523389084478,5.813424862778271,4.285049397397067,0.0
APA,2025-02-07,train,True,True,D-1,21.8099994659,21.8899993896,21.5599994659,21.6700000763,23.0400009155,23.7700004578,8.986708115075693,1,-4.610698027202642,-2.097587712713922,4.285049397397067,-0.893250830515413,-2.478599059314124,-5.872120030192618,1.0,4.0,0.2768359572680781,5.914975613701534,4.285049397397067,7.634759180544137
APA,2025-02-10,train,True,True,D-1,21.9799995422,23.0400009155,21.8999996185,22.9899997711,23.7700004578,23.2900009155,8.14377139618827,1,-2.097587712713922,4.285049397397067,-0.893250830515413,-2.478599059314124,0.13863533986242516,-1.185591542551645,2.0,3.0,0.3823531061850458,3.876327409517133,4.285049397397067,6.628449331078468
APA,2025-02-11,train,True,True,D-1,23.1599998474,23.7700004578,23.1599998474,23.3099994659,23.2900009155,22.5300006866,0.561317223473945,0,4.285049397397067,-0.893250830515413,-2.478599059314124,0.13863533986242516,6.091369128529234,7.079648375914616,3.0,0.0,0.9735443861973183,0.2174908434007694,6.091369128529234,4.285049397397067
APA,2025-02-12,train,True,True,D-1,23.0599994659,23.2900009155,22.2000007629,22.3700008392,22.5300006866,23.3799991608,1.3876830108916494,0,-0.893250830515413,-2.478599059314124,0.13863533986242516,6.091369128529234,1.3919082122056503,4.108977674770875,3.0,0.0,0.8075310701808377,1.9734062738737235,6.091369128529234,0.13863533986242516
APA,2025-02-13,train,True,True,D-1,22.3799991608,22.5300006866,22.1000003815,22.4899997711,23.3799991608,23.8299999237,6.479002758140262,1,-2.478599059314124,0.13863533986242516,6.091369128529234,1.3919082122056503,-4.032598233539709,0.8111775609170646,3.0,1.0,0.4142264188905165,6.258379821545268,6.091369128529234,8.788189215841202
APA,2025-02-14,train,True,True,D-1,22.6499996185,23.3799991608,22.5699996948,23.1399993896,23.8299999237,23.9799995422,5.871964441949418,1,0.13863533986242516,6.091369128529234,1.3919082122056503,-4.032598233539709,0.536427927573957,3.927913149149642,4.0,2.0,0.4208144288661395,5.691421519464934,6.091369128529234,9.609171417626538
APA,2025-02-18,train,True,True,D-1,23.3500003815,23.8299999237,22.9400005341,23.5699996948,23.9799995422,23.6299991608,2.6980691666246948,0,6.091369128529234,1.3919082122056503,-4.032598233539709,0.536427927573957,2.8901717435109164,6.783568565409026,4.0,3.0,0.6631011842562442,2.7225630286020985,6.091369128529234,6.091369128529234
APA,2025-02-19,train,True,True,D-1,23.6100006104,23.9799995422,23.2999992371,23.5900001526,23.6299991608,23.5699996948,0.0847037267385442,0,1.3919082122056503,-4.032598233539709,0.536427927573957,2.8901717435109164,1.8582554733914902,2.5228357088941777,4.0,0.0,0.8497108105766522,1.1030981428368891,2.8901717435109164,1.3919082122056503
APA,2025-02-20,train,True,True,D-1,23.3899993896,23.6299991608,22.9899997711,23.6200008392,23.5699996948,23.0100002289,0.7695609657862423,0,-4.032598233539709,0.536427927573957,2.8901717435109164,1.8582554733914902,0.08485557089086271,1.201204174670223,4.0,0.0,0.7925534235585562,1.6532403013020724,2.8901717435109164,2.8901717435109164
APA,2025-02-21,train,True,True,D-1,23.5499992371,23.5699996948,22.7199993134,22.7900009155,23.0100002289,23.0300006866,-2.2080618570925803,0,0.536427927573957,2.8901717435109164,1.8582554733914902,0.08485557089086271,0.1271754404660097,5.587840648667153,5.0,1.0,0.808511242703981,1.5241265461876985,2.8901717435109164,2.8901717435109164
APA,2025-02-24,train,True,True,D-1,22.8600006104,23.0100002289,22.5,22.8700008392,23.0300006866,22.5,0.7436573563460946,0,2.8901717435109164,1.8582554733914902,0.08485557089086271,0.1271754404660097,-3.5139707629583294,1.3339312914778523,4.0,2.0,0.15602925142557597,5.221582180326534,2.8901717435109164,6.281435973798876
APA,2025-02-25,train,True,True,D-1,22.8999996185,23.0300006866,22.2900009155,22.3799991608,22.5,22.0699996948,-1.746723253990179,0,1.8582554733914902,0.08485557089086271,0.1271754404660097,-3.5139707629583294,0.35103080511764695,-1.1668044836740443,4.0,3.0,0.2500006443583067,4.853514045777496,1.8582554733914902,5.03353055109298
APA,2025-02-26,train,True,True,D-1,22.4799995422,22.5,21.7399997711,22.0100002289,22.0699996948,21.0400009155,-1.8238427746866237,0,0.08485557089086271,0.1271754404660097,-3.5139707629583294,0.35103080511764695,-2.1425520787918706,-5.048793166775201,3.0,4.0,0.053253442859736703,7.149242365489017,0.35103080511764695,1.9262177319524731
APA,2025-02-27,train,True,True,D-1,22.0699996948,22.0699996948,20.1000003815,20.4200000763,21.0400009155,21.2000007629,-3.9419979335341027,0,0.1271754404660097,-3.5139707629583294,0.35103080511764695,-2.1425520787918706,-1.6532571303580545,-6.697752918521516,2.0,4.0,0.14285743120946665,7.360285847579751,0.35103080511764695,4.111418119253319
APA,2025-02-28,train,True,True,D-1,20.1200008392,21.0400009155,19.8400001526,20.7000007629,21.2000007629,19.0200004578,5.367792637442759,1,-3.5139707629583294,0.35103080511764695,-2.1425520787918706,-1.6532571303580545,-7.223989714058565,-13.547843561416162,1.0,4.0,0.09221895046880493,15.426050963417847,0.35103080511764695,9.108846524490266
APA,2025-03-03,train,True,True,D-1,20.8899993896,21.2000007629,18.6599998474,18.8899993896,19.0200004578,18.6700000763,-8.951646656011736,0,0.35103080511764695,-2.1425520787918706,-1.6532571303580545,-7.223989714058565,1.3712080585395192,-9.170689199834747,2.0,3.0,0.26959262267634504,11.25603786390188,1.3712080585395192,6.3028683897439315
APA,2025-03-04,train,True,True,D-1,18.5599994659,19.0200004578,18.0,18.5699996948,18.6700000763,19.0200004578,2.4784536914731703,0,-2.1425520787918706,-1.6532571303580545,-7.223989714058565,1.3712080585395192,-8.74396766469696,-17.402716674929607,1.0,4.0,0.05263146408047448,21.916365435561126,1.3712080585395192,7.492657595411856
APA,2025-03-05,train,True,True,D-1,18.3700008392,18.6700000763,17.6599998474,18.5400009155,19.0200004578,19.5400009155,6.369080146165906,1,-1.6532571303580545,-7.223989714058565,1.3712080585395192,-8.74396766469696,-1.6940164380109923,-17.024126938634822,1.0,4.0,0.12666659884444442,21.163168388745234,1.3712080585395192,11.66106791167314
APA,2025-03-06,train,True,True,D-1,18.5400009155,19.0200004578,18.0100002289,18.75,19.5400009155,19.4200000763,5.393742991479411,1,-7.223989714058565,1.3712080585395192,-8.74396766469696,-1.6940164380109923,-0.16154431767924082,-15.765557825136945,1.0,4.0,0.1995467343652673,19.039906175780263,1.3712080585395192,3.224032226933593
APA,2025-03-07,train,True,True,D-1,19.0100002289,19.5400009155,18.6700000763,18.8400001526,19.4200000763,19.4200000763,2.156758771505407,0,1.3712080585395192,-8.74396766469696,-1.6940164380109923,-0.16154431767924082,1.132681090238985,-8.178256954260476,2.0,3.0,0.3079095679968331,13.06667073546668,1.3712080585395192,1.3712080585395192
APA,2025-03-10,train,True,True,D-1,18.5799999237,19.4200000763,18.5799999237,19.0200004578,19.4200000763,19.7700004578,6.404739176462937,1,-8.74396766469696,-1.6940164380109923,-0.16154431767924082,1.132681090238985,0.4800008138666545,-8.985509863524388,2.0,4.0,0.33333333334274867,12.526542416053598,1.132681090238985,0.0
APA,2025-03-11,train,True,True,D-1,19.1000003815,19.4200000763,18.5599994659,19.2000007629,19.7700004578,19.9200000763,4.293192033620263,1,-1.6940164380109923,-0.16154431767924082,1.132681090238985,0.4800008138666545,0.9554156249577339,0.6882004891517912,3.0,1.0,0.7234041690063862,2.7339665887691877,1.132681090238985,1.132681090238985
APA,2025-03-12,train,True,True,D-1,19.2700004578,19.7700004578,19.2299995422,19.6499996185,19.9200000763,19.6499996185,3.3731167776744897,1,-0.16154431767924082,1.132681090238985,0.4800008138666545,0.9554156249577339,0.9463738210699457,3.392574466635101,4.0,2.0,0.8191489577484039,1.7708340577620163,1.132681090238985,1.132681090238985
APA,2025-03-13,train,True,True,D-1,19.5,19.9200000763,18.7800006866,19.0400009155,19.6499996185,20.1900005341,3.538464277435893,1,1.132681090238985,0.4800008138666545,0.9554156249577339,0.9463738210699457,2.343743946456134,5.987047724857497,5.0,0.0,0.9318177138107543,0.6106913060039965,2.343743946456134,1.132681090238985
APA,2025-03-14,train,True,True,D-1,19.25,19.6499996185,19.1000003815,19.6100006104,20.1900005341,20.3799991608,5.87012551064936,1,0.4800008138666545,0.9554156249577339,0.9463738210699457,2.343743946456134,-3.1043191595062636,1.5466715493333227,4.0,0.0,0.35294208394422905,4.6218441097007235,2.343743946456134,1.788748130387463
APA,2025-03-17,train,True,True,D-1,19.7099990845,20.1900005341,19.7099990845,20.0300006866,20.3799991608,21.0400009155,6.747853337273435,1,0.9554156249577339,0.9463738210699457,2.343743946456134,-3.1043191595062636,2.9936957326298197,4.087051229103822,4.0,1.0,0.772059318555142,1.5808233363113322,2.9936957326298197,2.547301243537925
APA,2025-03-18,train,True,True,D-1,20.25,20.3799991608,19.7000007629,20.1700000763,21.0400009155,20.8899993896,3.901239088888886,1,0.9463738210699457,2.343743946456134,-3.1043191595062636,2.9936957326298197,2.1417647278259455,5.310200864825987,4.0,0.0,0.9018406486833247,0.7988010085643094,2.9936957326298197,2.343743946456134
APA,2025-03-19,train,True,True,D-1,20.2000007629,21.0400009155,20.1700000763,20.8099994659,20.8899993896,20.6399993896,3.4158346566366182,1,2.343743946456134,-3.1043191595062636,2.9936957326298197,2.1417647278259455,0.6989485017524499,5.052079556550426,4.0,0.0,0.8687504470246441,1.0411456802459362,2.9936957326298197,2.9936957326298197
APA,2025-03-20,train,True,True,D-1,20.6499996185,20.8899993896,20.4300003052,20.5699996948,20.6399993896,21.1200008392,2.276035009118993,0,-3.1043191595062636,2.9936957326298197,2.1417647278259455,0.6989485017524499,3.173026213083685,5.903307226061649,4.0,0.0,0.8982294573872909,1.1052448606588827,3.173026213083685,2.9936957326298197
APA,2025-03-21,train,True,True,D-1,20.3999996185,20.6399993896,20.2299995422,20.6100006104,21.1200008392,21.2800006866,4.3137308066513835,1,2.9936957326298197,2.1417647278259455,0.6989485017524499,3.173026213083685,-1.1532906163369772,8.035707488094012,4.0,1.0,0.7577313962223895,2.2848868627781904,3.173026213083685,2.9936957326298197
APA,2025-03-24,train,True,True,D-1,20.6599998474,21.1200008392,20.5799999237,20.8400001526,21.2800006866,21.4899997711,4.017424636159661,1,2.1417647278259455,0.6989485017524499,3.173026213083685,-1.1532906163369772,0.1944624024963426,5.099438902973108,4.0,2.0,0.6791042864691694,2.0863672603824046,3.173026213083685,4.134097143564597
APA,2025-03-25,train,True,True,D-1,21.0400009155,21.2800006866,20.7399997711,20.8899993896,21.4899997711,21.3299999237,2.1387777377352313,0,0.6989485017524499,3.173026213083685,-1.1532906163369772,0.1944624024963426,1.1159608703938506,4.043931294230485,4.0,0.0,0.8028164284824685,1.343573342369031,3.173026213083685,3.173026213083685
APA,2025-03-26,train,True,True,D-1,21.1200008392,21.4899997711,21.0100002289,21.1000003815,21.3299999237,21.2299995422,0.9943138075555025,0,3.173026213083685,-1.1532906163369772,0.1944624024963426,1.1159608703938506,0.23991956158293526,3.569654489719154,4.0,0.0,0.6486476733606525,1.8669282354989436,3.173026213083685,3.173026213083685
APA,2025-03-27,train,True,True,D-1,21.1200008392,21.3299999237,20.8299999237,21.2000007629,21.2299995422,21.1200008392,0.5208271715398727,0,-1.1532906163369772,0.1944624024963426,1.1159608703938506,0.23991956158293526,1.0052704549361913,1.3935652236570562,4.0,0.0,0.690476731150695,1.8483383059174852,1.1159608703938506,1.1159608703938506
APA,2025-03-28,train,True,True,D-1,21.1800003052,21.2299995422,20.7099990845,20.9200000763,21.1200008392,21.2000007629,0.0944308659669435,0,0.1944624024963426,1.1159608703938506,0.23991956158293526,1.0052704549361913,0.47393544830303114,3.062717926336478,5.0,1.0,0.7698420987961462,1.3679198007742421,1.1159608703938506,1.1159608703938506
APA,2025-03-31,train,True,True,D-1,20.6900005341,21.1200008392,20.5799999237,21.0200004578,21.2000007629,21.2999992371,2.9482778504265283,0,1.1159608703938506,0.23991956158293526,1.0052704549361913,0.47393544830303114,-1.3207579081317866,1.5041215755402293,4.0,2.0,0.3736266039729876,2.724663923140924,1.1159608703938506,1.9690428701355178
APA,2025-04-01,train,True,True,D-1,20.9400005341,21.2000007629,20.6700000763,21.1299991608,21.2999992371,19.7800006866,1.7191914699990374,0,0.23991956158293526,1.0052704549361913,0.47393544830303114,-1.3207579081317866,0.47801329414567384,0.8637250666120755,4.0,3.0,0.48351715152166563,2.2359624313214255,1.0052704549361913,1.854328467306654
APA,2025-04-02,train,True,True,D-1,20.8500003815,21.2999992371,20.7299995422,21.2399997711,19.7800006866,16.9899997711,-5.131892927203008,0,1.0052704549361913,0.47393544830303114,-1.3207579081317866,0.47801329414567384,0.5233049505438236,1.1488739981461382,4.0,4.0,0.6043948673963271,1.7037417160331136,1.0052704549361913,1.0052704549361913
APA,2025-04-03,train,True,True,D-1,19.7600002289,19.7800006866,17.6700000763,17.7399997711,16.9899997711,16.0300006866,-14.018220777896229,0,0.47393544830303114,-1.3207579081317866,0.47801329414567384,0.5233049505438236,0.5205897523369085,0.6635042041172046,4.0,4.0,0.8799997965333309,0.4237295365815408,0.5233049505438236,0.47801329414567384
APA,2025-04-04,train,True,True,D-1,16.8799991608,16.9899997711,14.8599996567,15.1800003052,16.0300006866,15.5399999619,-5.035536234942062,0,-1.3207579081317866,0.47801329414567384,0.5233049505438236,0.5205897523369085,-16.478342927113598,-16.320758807966662,3.0,1.0,0.019283666937425118,20.067640991740877,0.5233049505438236,16.566842689953997
APA,2025-04-07,train,True,True,D-1,14.8500003815,16.0300006866,14.3699998856,14.9600000381,15.5399999619,16.9200000763,13.939391526068823,1,0.47801329414567384,0.5233049505438236,0.5205897523369085,-16.478342927113598,-14.430662338961586,-27.437857314363832,3.0,2.0,0.049689544930082874,40.3161976867916,0.5233049505438236,29.054376189751085
APA,2025-04-08,train,True,True,D-1,15.4399995804,15.5399999619,13.7299995422,14.029999733,16.9200000763,15.8299999237,9.585495700263857,1,0.5233049505438236,0.5205897523369085,-16.478342927113598,-14.430662338961586,-1.4492770927325815,-28.829687382101287,2.0,3.0,0.0851371151098729,42.37967368217475,0.5233049505438236,16.194104098629836
APA,2025-04-09,train,True,True,D-1,13.720000267,16.9200000763,13.5799999237,16.7099990845,15.8299999237,15.2100000381,15.379005944883794,1,0.5205897523369085,-16.478342927113598,-14.430662338961586,-1.4492770927325815,-6.21657956371312,-33.60151306097443,1.0,4.0,0.039630145692359044,51.81753130757525,0.5205897523369085,8.096350945214226
APA,2025-04-10,train,True,True,D-1,15.7100000381,15.8299999237,14.1599998474,14.6000003815,15.2100000381,15.5100002289,-1.2730732572562742,0,-16.478342927113598,-14.430662338961586,-1.4492770927325815,-6.21657956371312,19.101920188896138,-21.327687078244228,1.0,4.0,0.504838512203016,18.372242790531914,19.101920188896138,0.0
APA,2025-04-11,train,True,True,D-1,14.4899997711,15.2100000381,14.1000003815,15.0399999619,15.5100002289,15.5399999619,7.24637824283616,1,-14.430662338961586,-1.4492770927325815,-6.21657956371312,19.101920188896138,-12.627162289656923,-17.70010952714516,1.0,4.0,0.2991203822421611,16.369858405130078,19.101920188896138,0.0
APA,2025-04-14,train,True,True,D-1,15.4200000763,15.5100002289,14.8100004196,15.1999998093,15.5399999619,15.7399997711,2.075224988434532,0,-1.4492770927325815,-6.21657956371312,19.101920188896138,-12.627162289656923,3.013695677416095,-0.9222683826431988,2.0,2.0,0.43712573996844656,12.500000792303867,19.101920188896138,29.095931045240665
APA,2025-04-15,train,True,True,D-1,15.1700000763,15.5399999619,14.8100004196,14.8900003433,15.7399997711,16.2700004578,7.251156070978038,1,-6.21657956371312,19.101920188896138,-12.627162289656923,3.013695677416095,1.063828775301312,1.6042765413687876,3.0,3.0,0.48502988370791594,11.315791372231665,19.101920188896138,19.101920188896138
APA,2025-04-16,train,True,True,D-1,14.9499998093,15.7399997711,14.8400001526,15.3699998856,16.2700004578,15.6800003052,8.8294358885467,1,19.101920188896138,-12.627162289656923,3.013695677416095,1.063828775301312,-2.0394701966399253,6.1297264908508176,3.0,4.0,0.39221567657122397,13.633308839468427,19.101920188896138,20.099258081050287
APA,2025-04-17,train,True,True,D-1,15.6599998474,16.2700004578,15.6199998856,16.1100006104,15.6800003052,16.1100006104,2.873568118678582,0,-12.627162289656923,3.013695677416095,1.063828775301312,-2.0394701966399253,3.223636878665248,-8.019145854669551,3.0,4.0,0.734103953857104,2.992843471202433,3.223636878665248,3.013695677416095
APA,2025-04-21,train,True,True,D-1,15.6300001144,15.6800003052,15.1499996185,15.5,16.1100006104,16.6000003815,6.2060157389655535,1,3.013695677416095,1.063828775301312,-2.0394701966399253,3.223636878665248,4.814578596668029,10.342467050982806,4.0,0.0,0.9262673540211072,0.9931709580240922,4.814578596668029,3.013695677416095
APA,2025-04-22,train,True,True,D-1,15.6499996185,16.1100006104,15.5100002289,15.8599996567,16.6000003815,16.3400001526,6.070292563310953,1,1.063828775301312,-2.0394701966399253,3.223636878665248,4.814578596668029,-3.7864716777614937,3.0585108993703036,3.0,1.0,0.4726024399634163,4.967744889032244,4.814578596668029,3.223636878665248
APA,2025-04-23,train,True,True,D-1,16.1299991608,16.6000003815,15.4099998474,15.6499996185,16.3400001526,16.5499992371,2.6038443778763964,0,-2.0394701966399253,3.223636878665248,4.814578596668029,-3.7864716777614937,2.322578430322575,4.342104313686801,3.0,2.0,0.7191775408406977,2.5851249052631253,4.814578596668029,6.366415618564913
APA,2025-04-24,train,True,True,D-1,15.970000267,16.3400001526,15.7100000381,16.2600002289,16.5499992371,16.6499996185,4.257979587546612,1,3.223636878665248,4.814578596668029,-3.7864716777614937,2.322578430322575,-1.3240860198334592,5.104091723825754,3.0,0.0,0.46022690940571676,6.070292563310953,4.814578596668029,4.814578596668029
APA,2025-04-25,train,True,True,D-1,16.0300006866,16.5499992371,16.0300006866,16.3500003815,16.6499996185,16.4699993134,3.8677411437560094,1,4.814578596668029,-3.7864716777614937,2.322578430322575,-1.3240860198334592,3.8977675736101114,5.790503252598156,3.0,1.0,0.7655172595243671,2.091021819272143,4.814578596668029,4.814578596668029
APA,2025-04-28,train,True,True,D-1,16.3600006104,16.6499996185,16.2999992371,16.5499992371,16.4699993134,16.0100002289,0.6723636851827086,0,-3.7864716777614937,2.322578430322575,-1.3240860198334592,3.8977675736101114,0.553506465762732,1.4897564370361716,3.0,2.0,0.8275862976218308,1.5290519520896995,3.8977675736101114,2.322578430322575
APA,2025-04-29,train,True,True,D-1,16.2199993134,16.4699993134,15.9899997711,16.2399997711,16.0100002289,16.4500007629,1.4180114626144658,0,2.322578430322575,-1.3240860198334592,3.8977675736101114,0.553506465762732,1.2232345622835483,6.774188626451605,4.0,0.0,0.9193545162421354,0.6042319396355689,3.8977675736101114,3.8977675736101114
APA,2025-04-30,train,True,True,D-1,16.0100002289,16.0100002289,15.3299999237,15.5399999619,16.4500007629,16.5900001526,3.622735261758625,1,-1.3240860198334592,3.8977675736101114,0.553506465762732,1.2232345622835483,-1.8731086422353216,2.395965464220362,3.0,1.0,0.6693549007381736,2.524629637800979,3.8977675736101114,4.570554165862828
APA,2025-05-01,train,True,True,D-1,15.4399995804,16.4500007629,15.4399995804,16.2199993134,16.5900001526,16.1299991608,7.448190436869195,1,3.8977675736101114,0.553506465762732,1.2232345622835483,-1.8731086422353216,-4.310343713462905,-0.7028732222457701,3.0,2.0,0.15909097481406378,7.142854950588351,3.8977675736101114,10.000482508701424
APA,2025-05-02,train,True,True,D-1,16.4200000763,16.5900001526,16.0300006866,16.4599990845,16.1299991608,16.0400009155,-1.7661444223655898,0,0.553506465762732,1.2232345622835483,-1.8731086422353216,-4.310343713462905,4.375800213431003,-0.24600808694273946,3.0,3.0,0.6742421177868883,2.6510500820105642,4.375800213431003,1.3463900917287663
APA,2025-05-05,train,True,True,D-1,16.1000003815,16.1299991608,15.4799995422,15.5,16.0400009155,15.8199996948,-0.37266748185263987,0,1.2232345622835483,-1.8731086422353216,-4.310343713462905,4.375800213431003,1.4796533986393579,0.6727749261979499,3.0,4.0,0.8560601682345182,1.1543167956729716,4.375800213431003,1.2232345622835483
APA,2025-05-06,train,True,True,D-1,15.6599998474,16.0400009155,15.6400003433,15.7299995422,15.8199996948,16.3700008392,4.533850566530373,1,-1.8731086422353216,-4.310343713462905,4.375800213431003,1.4796533986393579,-5.832315540065913,-6.344406558921312,2.0,1.0,0.1349206709656015,7.032259049032241,4.375800213431003,8.814760409965528
APA,2025-05-07,train,True,True,D-1,15.779999733,15.8199996948,15.1999998093,15.4799995422,16.3700008392,16.9899997711,7.667934464977089,1,-4.310343713462905,4.375800213431003,1.4796533986393579,-5.832315540065913,1.4838680141935567,-3.1403955424160412,3.0,2.0,0.31745995701064733,5.467264052314902,4.375800213431003,8.810791604089252
APA,2025-05-08,train,True,True,D-1,15.9099998474,16.3700008392,15.5900001526,16.1800003052,16.9899997711,18.2800006866,14.896297058024821,1,4.375800213431003,1.4796533986393579,-5.832315540065913,1.4838680141935567,-1.5893198173929202,-0.38610308781921177,3.0,3.0,0.20143860701160202,7.170546790870547,4.375800213431003,4.5048354250439075
APA,2025-05-09,train,True,True,D-1,16.5,16.9899997711,16.3099994659,16.7199993134,18.2800006866,18.7299995422,13.515148740606065,1,1.4796533986393579,-5.832315540065913,1.4838680141935567,-1.5893198173929202,4.521968886961081,-0.24660302030317105,3.0,4.0,0.7050361538568992,2.533991592498497,4.521968886961081,1.4838680141935567
APA,2025-05-12,train,True,True,D-1,17.8999996185,18.2800006866,17.5699996948,17.7099990845,18.7299995422,18.4500007629,4.636871180947844,1,-5.832315540065913,1.4838680141935567,-1.5893198173929202,4.521968886961081,3.3374474537336773,1.5795883557784274,3.0,0.0,0.849161752255854,1.61483533963791,4.521968886961081,1.4838680141935567
APA,2025-05-13,train,True,True,D-1,17.7800006866,18.7299995422,17.7000007629,18.4599990845,18.4500007629,17.7999992371,3.768279248745743,1,1.4838680141935567,-1.5893198173929202,4.521968886961081,3.3374474537336773,5.921051505705388,14.258058609677438,4.0,0.0,0.8149345974863241,3.218529822505034,5.921051505705388,4.521968886961081
APA,2025-05-14,train,True,True,D-1,18.25,18.4500007629,18.0499992371,18.1700000763,17.7999992371,17.8899993896,-1.9726060843835658,0,-1.5893198173929202,4.521968886961081,3.3374474537336773,5.921051505705388,4.234895758161894,17.355369496203956,4.0,0.0,0.923512612427824,1.462624437109028,5.921051505705388,4.521968886961081
APA,2025-05-15,train,True,True,D-1,17.6599998474,17.7999992371,17.3700008392,17.7600002289,17.8899993896,17.3500003815,1.30237567490048,0,4.521968886961081,3.3374474537336773,5.921051505705388,4.234895758161894,-1.5709589522325706,17.377264946079585,4.0,1.0,0.8216561863818261,3.08200034974373,5.921051505705388,5.921051505705388
APA,2025-05-16,train,True,True,D-1,17.8899993896,17.8899993896,17.2999992371,17.5900001526,17.3500003815,17.4400005341,-2.5153654044370533,0,3.3374474537336773,5.921051505705388,4.234895758161894,-1.5709589522325706,-2.2564658540358495,9.765141495035778,3.0,2.0,0.5991738501169569,5.461707774764357,5.921051505705388,9.713028159635762
APA,2025-05-19,train,True,True,D-1,17.3299999237,17.3500003815,16.9500007629,17.3199996948,17.4400005341,17.25,0.6347409745199428,0,5.921051505705388,4.234895758161894,-1.5709589522325706,-2.2564658540358495,-0.9572076244873551,5.203354515109049,2.0,3.0,0.20279779973873388,6.480951561740023,5.921051505705388,9.11312592102982
APA,2025-05-20,train,True,True,D-1,17.4400005341,17.4400005341,17.1599998474,17.25,17.25,16.8600006104,-1.0894525704199243,0,4.234895758161894,-1.5709589522325706,-2.2564658540358495,-0.9572076244873551,-1.5349656364845976,-2.2021423481683455,1.0,4.0,0.20786471103396187,8.140876860542479,4.234895758161894,6.712376211028159
APA,2025-05-21,train,True,True,D-1,17.2199993134,17.25,16.6900005341,16.7099990845,16.8600006104,16.8799991608,-1.9744492808163039,0,-1.5709589522325706,-2.2564658540358495,-0.9572076244873551,-1.5349656364845976,-0.4041552888769173,-6.554708258441799,0.0,4.0,0.19999949139999984,6.9565261617391405,-0.4041552888769173,1.932917280559221
APA,2025-05-22,train,True,True,D-1,16.5300006866,16.8600006104,16.1499996185,16.7399997711,16.8799991608,17.3299999237,4.8396806041787865,1,-2.2564658540358495,-0.9572076244873551,-1.5349656364845976,-0.4041552888769173,-3.130440089855069,-8.035228319587883,0.0,3.0,0.016665474561363403,7.061641949427466,-0.4041552888769173,3.5219435395437038
APA,2025-05-23,train,True,True,D-1,16.2800006866,16.8799991608,16.25,16.8500003815,17.3299999237,17.5900001526,8.046679427220482,1,-0.9572076244873551,-1.5349656364845976,-0.4041552888769173,-3.130440089855069,0.17953733239772784,-5.743245746924053,1.0,4.0,0.3390805920779001,6.86977081376885,0.17953733239772784,2.956523066086958
APA,2025-05-27,train,True,True,D-1,17.1000003815,17.3299999237,16.75,17.3099994659,17.5900001526,17.4500007629,2.865495673497853,0,-1.5349656364845976,-0.4041552888769173,-3.130440089855069,0.17953733239772784,0.6571123769661291,-4.206934421149611,2.0,3.0,0.5426358652423257,3.5014845058862765,0.6571123769661291,0.0
APA,2025-05-28,train,True,True,D-1,17.5100002289,17.5900001526,17.1100006104,17.1800003052,17.4500007629,17.2700004578,-0.3426582822139146,0,-0.4041552888769173,-3.130440089855069,0.17953733239772784,0.6571123769661291,2.729964830772613,-0.05773804316522302,3.0,4.0,0.8992240496670217,0.7510171704863344,2.729964830772613,0.17953733239772784
APA,2025-05-29,train,True,True,D-1,17.4500007629,17.4500007629,17.0400009155,17.3400001526,17.2700004578,17.7900009155,1.9484248580828867,0,-3.130440089855069,0.17953733239772784,0.6571123769661291,2.729964830772613,-0.7510061508441468,-0.4057953321739083,3.0,0.0,0.7152779893541854,2.3864949948569025,2.729964830772613,0.6571123769661291
APA,2025-05-30,train,True,True,D-1,17.2000007629,17.2700004578,16.8799991608,17.0100002289,17.7900009155,18.3400001526,6.627903134510027,1,0.17953733239772784,0.6571123769661291,2.729964830772613,-0.7510061508441468,0.9313145783330867,3.77020408507609,4.0,1.0,0.826388953281708,1.4417531591688793,2.729964830772613,2.729964830772613
APA,2025-06-02,train,True,True,D-1,17.7000007629,17.7900009155,17.2399997711,17.3299999237,18.3400001526,18.7299995422,5.819201892120396,1,0.6571123769661291,2.729964830772613,-0.7510061508441468,0.9313145783330867,-1.9031137300798528,1.6129059826280878,3.0,2.0,0.5671642853363672,3.4097584708704387,2.729964830772613,3.7194879581298523
APA,2025-06-03,train,True,True,D-1,17.3799991608,18.3400001526,17.0300006866,18.2700004578,18.7299995422,18.1499996185,7.767551476325041,1,2.729964830772613,-0.7510061508441468,0.9313145783330867,-1.9031137300798528,1.8812445061365812,2.8486619070169583,3.0,0.0,0.5576917433973179,2.654362341750005,2.729964830772613,2.7876362772085495
APA,2025-06-04,train,True,True,D-1,18.2700004578,18.7299995422,17.7700004578,17.9200000763,18.1499996185,18.6800003052,2.244115145738612,0,-0.7510061508441468,0.9313145783330867,-1.9031137300798528,1.8812445061365812,5.424123128901348,5.545933111038859,3.0,0.0,0.9520550361313802,0.3831400823534947,5.424123128901348,0.9313145783330867
APA,2025-06-05,train,True,True,D-1,18.0699996948,18.1499996185,17.75,17.8500003815,18.6800003052,19.0,5.146653685155433,1,0.9313145783330867,-1.9031137300798528,1.8812445061365812,5.424123128901348,-1.9157108523802702,4.307332700547262,3.0,0.0,0.562162541130381,4.520086285999869,5.424123128901348,1.8812445061365812
APA,2025-06-06,train,True,True,D-1,18.2199993134,18.6800003052,18.1000003815,18.5,19.0,19.7999992371,8.671789150606513,1,-1.9031137300798528,1.8812445061365812,5.424123128901348,-1.9157108523802702,-0.3906232952118005,2.941177764773717,2.0,1.0,0.524324876066211,4.929967181468786,5.424123128901348,7.722974063635113
APA,2025-06-09,train,True,True,D-1,18.5799999237,19.0,18.4899997711,18.6299991608,19.7999992371,19.8299999237,6.727664182632975,1,1.8812445061365812,5.424123128901348,-1.9157108523802702,-0.3906232952118005,3.641454367550989,8.759551740443182,3.0,2.0,0.8647060605703613,1.2432407686486568,5.424123128901348,5.424123128901348
APA,2025-06-10,train,True,True,D-1,18.8299999237,19.7999992371,18.8299999237,19.2800006866,19.8299999237,20.0300006866,6.372813424123502,1,5.424123128901348,-1.9157108523802702,-0.3906232952118005,3.641454367550989,0.7026981664864929,7.501438215946887,3.0,0.0,0.8121822496671741,1.9860486090548468,5.424123128901348,5.424123128901348
APA,2025-06-11,train,True,True,D-1,19.5,19.8299999237,19.0699996948,19.6100006104,20.0300006866,21.1000003815,8.205130161538454,1,-1.9157108523802702,-0.3906232952118005,3.641454367550989,0.7026981664864929,3.4890045897999267,5.528189400612771,3.0,0.0,0.7463420760899372,2.6970878214823246,3.641454367550989,3.641454367550989
APA,2025-06-12,train,True,True,D-1,19.3199996948,20.0300006866,19.0200004578,19.9500007629,21.1000003815,20.9899997711,9.213254217488887,1,-0.3906232952118005,3.641454367550989,0.7026981664864929,3.4890045897999267,1.7116178010790017,9.430806511742729,4.0,0.0,0.8942310954951116,1.1218730568693935,3.641454367550989,3.641454367550989
APA,2025-06-13,train,True,True,D-1,20.8899993896,21.1000003815,20.1800003052,21.0100002289,20.9899997711,21.3400001526,2.1541444526036235,0,3.641454367550989,0.7026981664864929,3.4890045897999267,1.7116178010790017,1.7338100046752958,11.764707767605831,5.0,0.0,0.9585492688842576,0.4010021084749571,3.641454367550989,3.641454367550989
APA,2025-06-16,train,True,True,D-1,20.6299991608,20.9899997711,20.1200008392,20.5,21.3400001526,21.2700004578,3.4415948651568717,1,0.7026981664864929,3.4890045897999267,1.7116178010790017,1.7338100046752958,5.313280328145287,13.567568804864871,5.0,0.0,0.9655171909763633,0.4283681657280436,5.313280328145287,3.4890045897999267
APA,2025-06-17,train,True,True,D-1,20.7199993134,21.3400001526,20.3999996185,20.7800006866,21.2700004578,20.5100002289,2.6544457655667264,0,3.4890045897999267,1.7116178010790017,1.7338100046752958,5.313280328145287,-2.42741657945571,10.0375787624013,4.0,1.0,0.7356827046275146,2.9268311292682814,5.313280328145287,3.4890045897999267
APA,2025-06-18,train,True,True,D-1,20.7600002289,21.2700004578,20.2399997711,20.3099994659,20.5100002289,20.2800006866,-1.2042389077239757,0,1.7116178010790017,1.7338100046752958,5.313280328145287,-2.42741657945571,1.3658570078048937,7.780082710487313,4.0,0.0,0.7586208880737491,2.694896282467951,5.313280328145287,6.407994939255223
APA,2025-06-20,train,True,True,D-1,20.4300003052,20.5100002289,19.7399997711,19.9699993134,20.2800006866,18.4799995422,-0.7342125127713262,0,1.7338100046752958,5.313280328145287,-2.42741657945571,1.3658570078048937,-2.261795982533743,3.5696013957733363,3.0,1.0,0.5560341283627658,5.071396916722448,5.313280328145287,6.240112201803827
APA,2025-06-23,train,True,True,D-1,20.2099990845,20.2800006866,18.3700008392,18.3899993896,18.4799995422,18.2000007629,-8.560116876139878,0,5.313280328145287,-2.42741657945571,1.3658570078048937,-2.261795982533743,-1.6740529859237685,0.10024335706888543,2.0,2.0,0.14374967966218574,6.860294873824668,5.313280328145287,9.211265633421684
APA,2025-06-24,train,True,True,D-1,18.0100002289,18.4799995422,17.9300003052,18.1800003052,18.2000007629,18.6800003052,3.720155845555584,1,-2.42741657945571,1.3658570078048937,-2.261795982533743,-1.6740529859237685,-7.911867692152641,-12.470256119731483,1.0,3.0,0.006733520209843572,16.041331489484968,1.3658570078048937,10.819328828538488
APA,2025-06-25,train,True,True,D-1,18.1000003815,18.2000007629,17.7399997711,17.7999992371,18.6800003052,18.8500003815,4.143646321502703,1,1.3658570078048937,-2.261795982533743,-1.6740529859237685,-7.911867692152641,-1.141920018326692,-11.31707168195122,1.0,4.0,0.07331378627204807,17.381737042634416,1.3658570078048937,10.329297517284019
APA,2025-06-26,train,True,True,D-1,17.9400005341,18.6800003052,17.8799991608,18.4500007629,18.8500003815,18.5900001526,5.072462766488162,1,-2.261795982533743,-1.6740529859237685,-7.911867692152641,-1.141920018326692,-2.090214860949746,-14.340718724911582,0.0,4.0,0.016997012557550203,19.494389715857864,-1.141920018326692,3.208266297353224
APA,2025-06-27,train,True,True,D-1,18.4300003052,18.8500003815,18.2700004578,18.5599994659,18.5900001526,19.2199993134,4.286483966997556,1,-1.6740529859237685,-7.911867692152641,-1.141920018326692,-2.090214860949746,3.651694121678517,-9.158044076381644,1.0,4.0,0.25631800521935666,11.16530829712663,3.651694121678517,0.0
APA,2025-06-30,train,True,True,D-1,18.4799995422,18.5900001526,18.1599998474,18.2900009155,19.2199993134,19.5900001526,6.006496958321095,1,-7.911867692152641,-1.141920018326692,-2.090214860949746,3.651694121678517,0.5961989075967233,-7.060590365438224,2.0,4.0,0.32283440915161327,9.267248223040813,3.651694121678517,0.0
APA,2025-07-01,oos,True,True,D-1,18.3600006104,19.2199993134,18.1399993896,18.9400005341,19.5900001526,19.6599998474,7.0806056306099485,1,-1.141920018326692,-2.090214860949746,3.651694121678517,0.5961989075967233,-1.454733610828296,-0.5437655107076944,2.0,1.0,0.49549625400818553,3.0617793218666645,3.651694121678517,4.518901930806285
APA,2025-07-02,oos,True,True,D-1,19.2900009155,19.5900001526,18.8999996185,19.4899997711,19.6599998474,19.8299999237,2.7993726416368325,0,-2.090214860949746,3.651694121678517,0.5961989075967233,-1.454733610828296,3.5538523021568347,4.1804192307005605,3.0,0.0,0.8108115771003115,1.4783462059353214,3.651694121678517,3.651694121678517
APA,2025-07-03,oos,True,True,D-1,19.5900001526,19.6599998474,19.3899993896,19.5300006866,19.8299999237,20.7399997711,5.870340018079956,1,3.651694121678517,0.5961989075967233,-1.454733610828296,3.5538523021568347,2.903902964573657,9.494385429397001,4.0,0.0,0.9415202786550808,0.5130855960721048,3.651694121678517,3.651694121678517
APA,2025-07-07,oos,True,True,D-1,19.4300003052,19.8299999237,19.0300006866,19.4099998474,20.7399997711,20.6700000763,6.742148457658059,1,0.5961989075967233,-1.454733610828296,3.5538523021568347,2.903902964573657,0.2052381527439362,5.853657880988861,4.0,0.0,0.914474262074791,0.6656382807461725,3.5538523021568347,3.5538523021568347
APA,2025-07-08,oos,True,True,D-1,19.3799991608,20.7399997711,19.3700008392,20.5,20.6700000763,20.5,6.656351761404045,1,-1.454733610828296,3.5538523021568347,2.903902964573657,0.2052381527439362,-0.6144435994942632,4.57974356659705,3.0,0.0,0.7514793233342572,2.1638334858423924,3.5538523021568347,3.964318821600421
APA,2025-07-09,oos,True,True,D-1,20.5200004578,20.6700000763,20.1800003052,20.4500007629,20.5,20.5499992371,0.14619287831740824,0,3.5538523021568347,2.903902964573657,0.2052381527439362,-0.6144435994942632,5.615662860224102,12.083099911860163,4.0,0.0,0.9076924092751334,1.1707305907316945,5.615662860224102,3.5538523021568347
APA,2025-07-10,oos,True,True,D-1,20.2399997711,20.5,19.8299999237,20.3999996185,20.5499992371,20.0400009155,1.531617932341267,0,2.903902964573657,0.2052381527439362,-0.6144435994942632,5.615662860224102,-0.24389871756097525,7.972545861766789,3.0,1.0,0.8423918564407629,1.4180880067550472,5.615662860224102,2.903902964573657
APA,2025-07-11,oos,True,True,D-1,20.3199996948,20.5499992371,20.1000003815,20.1100006104,20.0400009155,19.6299991608,-1.377946769219951,0,0.2052381527439362,-0.6144435994942632,5.615662860224102,-0.24389871756097525,-0.24450436447274182,4.669060328822372,2.0,2.0,0.801169394953557,1.6666674458741815,5.615662860224102,6.1034695992484895
APA,2025-07-14,oos,True,True,D-1,20.0100002289,20.0400009155,19.1599998474,19.4699993134,19.6299991608,18.7299995422,-1.8990557908698746,0,-0.6144435994942632,5.615662860224102,-0.24389871756097525,-0.24450436447274182,-1.4215637917807222,2.9697895719888567,1.0,3.0,0.6315792409419857,3.1327654976509134,5.615662860224102,7.278255230962893
APA,2025-07-15,oos,True,True,D-1,19.4599990845,19.6299991608,18.6200008392,18.6499996185,18.7299995422,18.9300003052,-2.723529312610029,0,5.615662860224102,-0.24389871756097525,-0.24450436447274182,-1.4215637917807222,-3.182502623441097,0.30911626209020326,1.0,4.0,0.19620220314571252,6.522858256219544,5.615662860224102,10.174487970478607
APA,2025-07-16,oos,True,True,D-1,18.6599998474,18.7299995422,18.0499992371,18.1399993896,18.9300003052,19.2999992371,3.429793113257573,1,-0.24389871756097525,-0.24450436447274182,-1.4215637917807222,-3.182502623441097,-4.211606182932137,-9.024392104878043,0.0,4.0,0.014633556323873908,10.831101871960591,-0.24389871756097525,7.26007432911241
APA,2025-07-17,oos,True,True,D-1,18.2399997711,18.9300003052,18.0799999237,18.8400001526,19.2999992371,19.0400009155,5.811400654069621,1,-0.24450436447274182,-1.4215637917807222,-3.182502623441097,-4.211606182932137,-2.7345857336860346,-11.295849814787095,0.0,3.0,0.036000061000000014,13.285556386962716,-0.24450436447274182,6.831021934780668
APA,2025-07-18,oos,True,True,D-1,19.1399993896,19.2999992371,18.6800003052,18.8199996948,19.0400009155,18.8999996185,-0.5224580840600068,0,-1.4215637917807222,-3.182502623441097,-4.211606182932137,-2.7345857336860346,3.858879749474098,-7.647056348399617,1.0,4.0,0.3160003661999994,9.076428188160147,3.858879749474098,0.0
APA,2025-07-21,oos,True,True,D-1,18.9300003052,19.0400009155,18.4699993134,18.6000003815,18.8999996185,19.3799991608,2.377172997067456,0,-3.182502623441097,-4.211606182932137,-2.7345857336860346,3.858879749474098,-0.10615954160296814,-6.414723403503375,1.0,4.0,0.38693457701960127,6.482472053583965,3.858879749474098,0.0
APA,2025-07-22,oos,True,True,D-1,18.4400005341,18.8999996185,18.4400005341,18.7399997711,19.3799991608,19.5799999237,6.182209092086888,1,-4.211606182932137,-2.7345857336860346,3.858879749474098,-0.10615954160296814,-1.168965551900547,-4.468407614689706,1.0,4.0,0.34810200693682425,5.537627732118011,3.858879749474098,5.132763874506219
APA,2025-07-23,oos,True,True,D-1,18.8500003815,19.3799991608,18.7299995422,19.2000007629,19.5799999237,19.4799995422,3.8726765380675987,1,-2.7345857336860346,3.858879749474098,-0.10615954160296814,-1.168965551900547,0.7526848748844461,0.4825745546435334,2.0,2.0,0.5520004271999994,2.988257592530008,3.858879749474098,4.283959053391961
APA,2025-07-24,oos,True,True,D-1,19.1200008392,19.5799999237,18.8700008392,19.2999992371,19.4799995422,19.7000007629,3.0334722711459206,1,3.858879749474098,-0.10615954160296814,-1.168965551900547,0.7526848748844461,2.454647798392151,5.843447678987901,3.0,0.0,0.8615396126681308,0.9374916184785143,3.858879749474098,3.858879749474098
APA,2025-07-25,oos,True,True,D-1,19.3500003815,19.4799995422,18.8400001526,19.1000003815,19.7000007629,19.8799991608,2.739011725326468,0,-0.10615954160296814,-1.168965551900547,0.7526848748844461,2.454647798392151,0.5208253657636552,2.4416087089920824,3.0,0.0,0.7543852311199508,1.4507808169326841,2.454647798392151,0.7526848748844461
APA,2025-07-28,oos,True,True,D-1,19.3999996185,19.7000007629,19.3299999237,19.5699996948,19.8799991608,19.6200008392,2.474224493500854,0,-1.168965551900547,0.7526848748844461,2.454647798392151,0.5208253657636552,-1.0362635414800758,1.4877826314596776,3.0,1.0,0.5789475445522627,2.5130865581810324,2.454647798392151,2.9754830974887625
APA,2025-07-29,oos,True,True,D-1,19.5,19.8799991608,19.1499996185,19.6800003052,19.6200008392,19.6700000763,0.8717952630769243,0,0.7526848748844461,2.454647798392151,0.5208253657636552,-1.0362635414800758,2.460729339855061,5.2150499645407855,4.0,0.0,0.8968245678623321,0.6642875325876707,2.460729339855061,2.454647798392151
APA,2025-07-30,oos,True,True,D-1,19.5200004578,19.6200008392,19.1100006104,19.4799995422,19.6700000763,19.1399993896,0.7684406505229502,0,2.454647798392151,0.5208253657636552,-1.0362635414800758,2.460729339855061,0.5620879515354726,5.01601144920838,4.0,0.0,0.8260878939738453,1.01625433180077,2.460729339855061,2.454647798392151
APA,2025-07-31,oos,True,True,D-1,19.1800003052,19.6700000763,19.1000003815,19.2900009155,19.1399993896,18.6000003815,-0.20855534391809316,0,0.5208253657636552,-1.0362635414800758,2.460729339855061,0.5620879515354726,-1.0162640238737808,1.4583269175751257,3.0,1.0,0.6153846153254455,2.053386180700212,2.460729339855061,2.9206177098273556
APA,2025-08-01,oos,True,True,D-1,19.0900001526,19.1399993896,18.2399997711,18.4599990845,18.6000003815,18.6200008392,-2.462018384719533,0,-1.0362635414800758,2.460729339855061,0.5620879515354726,-1.0162640238737808,-0.9753523160429434,-0.05180477717730003,2.0,2.0,0.43269345388977576,3.0585703333270597,2.460729339855061,4.442433525077827
APA,2025-08-04,oos,True,True,D-1,18.3799991608,18.6000003815,18.2099990845,18.2700004578,18.6200008392,18.9799995422,3.2644200696137826,1,2.460729339855061,0.5620879515354726,-1.0162640238737808,-0.9753523160429434,-4.302756825340892,-3.350792063961916,2.0,3.0,0.13414597272517645,7.692308487123967,2.460729339855061,7.6968714428892415
APA,2025-08-05,oos,True,True,D-1,18.2600002289,18.6200008392,17.9799995422,18.5900001526,18.9799995422,20.3799991608,11.610070675380868,1,0.5620879515354726,-1.0162640238737808,-0.9753523160429434,-4.302756825340892,-1.0292450494189698,-6.642816848614608,1.0,4.0,0.03592896440635744,8.812253216516176,0.5620879515354726,5.8498039146819725
APA,2025-08-06,oos,True,True,D-1,18.9099998474,18.9799995422,17.8600006104,18.0599994659,20.3799991608,20.2000007629,7.773661159506107,1,-1.0162640238737808,-0.9753523160429434,-4.302756825340892,-1.0292450494189698,1.7515034853947231,-5.538618575691756,1.0,3.0,0.3609469926734963,5.809574582219423,1.7515034853947231,0.0
APA,2025-08-07,oos,True,True,D-1,19.3199996948,20.3799991608,18.8400001526,19.4599990845,20.2000007629,20.5599994659,6.418218378304363,1,-0.9753523160429434,-4.302756825340892,-1.0292450494189698,1.7515034853947231,-2.8509988292058863,-7.289528283734414,1.0,4.0,0.1104966378542835,8.914732325656626,1.7515034853947231,1.1494306876732696
APA,2025-08-08,oos,True,True,D-1,19.6499996185,20.2000007629,19.3199996948,20.0100002289,20.5599994659,20.4899997711,4.631042570317678,1,-4.302756825340892,-1.0292450494189698,1.7515034853947231,-2.8509988292058863,7.751936101899748,0.8812761064381558,2.0,0.0,0.6349203946351607,4.727647068764695,7.751936101899748,1.7515034853947231
APA,2025-08-11,oos,True,True,D-1,20.2199993134,20.5599994659,19.7700004578,19.9200000763,20.4899997711,20.7099990845,2.4233421747708705,0,-1.0292450494189698,1.7515034853947231,-2.8509988292058863,7.751936101899748,2.8263163940129843,8.396539660185919,3.0,1.0,0.8531749425644433,1.8490701032857437,7.751936101899748,1.7515034853947231
APA,2025-08-12,oos,True,True,D-1,20.0300006866,20.4899997711,19.8400001526,20.4400005341,20.7099990845,20.5499992371,3.394899523667605,1,1.7515034853947231,-2.8509988292058863,7.751936101899748,2.8263163940129843,-0.4497758699173682,9.031196371949557,3.0,0.0,0.762963088559724,3.2128483290592147,7.751936101899748,7.751936101899748
APA,2025-08-13,oos,True,True,D-1,20.2900009155,20.7099990845,20.2000007629,20.5599994659,20.5499992371,20.7900009155,2.4642680011810025,0,-2.8509988292058863,7.751936101899748,2.8263163940129843,-0.4497758699173682,2.6104440552622066,9.95158884515266,3.0,1.0,0.9555559323458395,0.5870789073601168,7.751936101899748,7.751936101899748
APA,2025-08-14,oos,True,True,D-1,20.4400005341,20.5499992371,20.0499992371,20.4899997711,20.7900009155,20.5300006866,1.7123305883289586,0,7.751936101899748,2.8263163940129843,-0.4497758699173682,2.6104440552622066,0.5870789073601168,13.842746810266405,4.0,0.0,0.9197862543976985,0.7295701483299499,7.751936101899748,7.751936101899748
APA,2025-08-15,oos,True,True,D-1,20.4699993134,20.7900009155,20.3299999237,20.4799995422,20.5300006866,20.9500007629,2.3449021279926763,0,2.8263163940129843,-0.4497758699173682,2.6104440552622066,0.5870789073601168,-0.3404654504787219,5.292912307587927,3.0,1.0,0.841727043169793,1.0736911462063459,2.8263163940129843,2.8263163940129843
APA,2025-08-18,oos,True,True,D-1,20.4400005341,20.5300006866,20.0599994659,20.4099998474,20.9500007629,20.7700004578,2.4951086862701644,0,-0.4497758699173682,2.6104440552622066,0.5870789073601168,-0.3404654504787219,-0.04880541245345649,2.3488221285534516,2.0,0.0,0.696077221377901,1.5136786144024361,2.6104440552622066,2.9995487526270237
APA,2025-08-19,oos,True,True,D-1,20.3199996948,20.9500007629,20.1800003052,20.2399997711,20.7700004578,20.7299995422,2.2145707173172546,0,2.6104440552622066,0.5870789073601168,-0.3404654504787219,-0.04880541245345649,-0.34179539240595247,2.4598381989113793,2.0,1.0,0.5999991969059115,1.8618376822202798,2.6104440552622066,3.0008780454706008
APA,2025-08-20,oos,True,True,D-1,20.5,20.7700004578,20.1700000763,20.3400001526,20.7299995422,21.7000007629,5.853662258048775,1,0.5870789073601168,-0.3404654504787219,-0.04880541245345649,-0.34179539240595247,-0.8329254168106148,-0.9784772885222837,1.0,0.0,0.2111113465403407,3.5079100782095196,0.5870789073601168,1.758952815879855
APA,2025-08-21,oos,True,True,D-1,20.2199993134,20.7299995422,19.9599990845,20.6299991608,21.7000007629,22.4400005341,10.979234896555035,1,-0.3404654504787219,-0.04880541245345649,-0.34179539240595247,-0.8329254168106148,0.4940730367140933,-1.0700355983222831,1.0,1.0,0.32222269316957014,2.999019693822502,0.4940730367140933,0.34296763999692725
APA,2025-08-22,oos,True,True,D-1,20.7399997711,21.7000007629,20.7099990845,21.6399993896,22.4400005341,22.3199996948,8.196725080821142,1,-0.04880541245345649,-0.34179539240595247,-0.8329254168106148,0.4940730367140933,1.4257571584282092,0.6832571559979295,2.0,2.0,0.6767666064797249,1.5511469467630823,1.4257571584282092,0.0
APA,2025-08-25,oos,True,True,D-1,21.6499996185,22.4400005341,21.4699993134,22.3600006104,22.3199996948,22.7900009155,5.265594998098111,1,-0.34179539240595247,-0.8329254168106148,0.4940730367140933,1.4257571584282092,4.895784148741744,5.664061881494509,3.0,0.0,0.9655164853891555,0.2772706792627533,4.895784148741744,0.4940730367140933
APA,2025-08-26,oos,True,True,D-1,22.0900001526,22.3199996948,21.8899993896,22.1200008392,22.7900009155,23.0599994659,4.391124067900165,1,-0.8329254168106148,0.4940730367140933,1.4257571584282092,4.895784148741744,3.3271776391362806,9.55414393718581,4.0,0.0,0.9677419851053296,0.3577814021292536,4.895784148741744,1.4257571584282092
APA,2025-08-27,oos,True,True,D-1,22.1499996185,22.7900009155,21.9500007629,22.5900001526,23.0599994659,23.4099998474,5.688488716034246,1,0.4940730367140933,1.4257571584282092,4.895784148741744,3.3271776391362806,-1.073344206835003,9.288542931627841,4.0,1.0,0.8709679403809967,1.4466531770329416,4.895784148741744,4.895784148741744
APA,2025-08-28,oos,True,True,D-1,22.6900005341,23.0599994659,22.4500007629,22.9799995422,23.4099998474,23.8700008392,5.200530089572353,1,1.4257571584282092,4.895784148741744,3.3271776391362806,-1.073344206835003,2.1247707756280487,11.061946819663081,4.0,0.0,0.9293283980564321,0.8853508700706225,4.895784148741744,4.895784148741744
APA,2025-08-29,oos,True,True,D-1,22.9799995422,23.4099998474,22.8700008392,23.2199993134,23.8700008392,23.6900005341,3.8729387063982212,1,4.895784148741744,3.3271776391362806,-1.073344206835003,2.1247707756280487,1.7264249090990669,11.391180208409036,4.0,0.0,0.9659574848016247,0.3481284825662678,4.895784148741744,4.895784148741744
APA,2025-09-02,oos,True,True,D-1,23.2099990845,23.8700008392,23.0499992371,23.8400001526,23.6900005341,23.5,2.068080433146391,0,3.3271776391362806,-1.073344206835003,2.1247707756280487,1.7264249090990669,1.044385448134011,7.301293754006921,4.0,0.0,0.9020616073706696,0.8182624445227882,3.3271776391362806,3.3271776391362806
APA,2025-09-03,oos,True,True,D-1,23.3600006104,23.6900005341,22.5499992371,22.6800003052,23.5,23.4799995422,0.5993124398193439,0,-1.073344206835003,2.1247707756280487,1.7264249090990669,1.044385448134011,2.670115665516848,6.618960204820512,4.0,0.0,0.9848481491737989,0.12584180540253787,2.670115665516848,2.1247707756280487
APA,2025-09-04,oos,True,True,D-1,22.7399997711,23.5,22.4500007629,23.4400005341,23.4799995422,23.0799999237,3.2541766866702515,1,2.1247707756280487,1.7264249090990669,1.044385448134011,2.670115665516848,-4.865771140834029,2.53164305946858,4.0,1.0,0.3802080798386061,5.2469158641376135,2.670115665516848,4.450347968424828
APA,2025-09-05,oos,True,True,D-1,23.0,23.4799995422,22.5699996948,22.75,23.0799999237,22.8899993896,0.34782575521739023,0,1.7264249090990669,1.044385448134011,2.670115665516848,-4.865771140834029,3.3509709818026368,3.7627285336789607,4.0,2.0,0.6971829000034832,1.834472249582264,3.3509709818026368,4.347966403518511
APA,2025-09-08,oos,True,True,D-1,23.0,23.0799999237,22.1800003052,22.2600002289,22.8899993896,23.3299999237,1.4347822769565255,0,1.044385448134011,2.670115665516848,-4.865771140834029,3.3509709818026368,-2.943688218335161,-1.0008683497910176,3.0,3.0,0.21126705702839682,4.923080611868125,3.3509709818026368,2.670115665516848
APA,2025-09-09,oos,True,True,D-1,22.3299999237,22.8899993896,21.6499996185,21.6599998474,23.3299999237,23.0499992371,4.478280355651276,1,2.670115665516848,-4.865771140834029,3.3509709818026368,-2.943688218335161,-2.1538451476923015,-4.1343631045931755,2.0,4.0,0.04733721800113993,7.2327070698307905,3.3509709818026368,8.385101861976295
APA,2025-09-10,oos,True,True,D-1,21.7999992371,23.3299999237,21.5699996948,23.2900009155,23.0499992371,23.7099990845,8.761467496519426,1,-4.865771140834029,3.3509709818026368,-2.943688218335161,-2.1538451476923015,-2.695419475876837,-9.14429652368205,1.0,4.0,0.0049020707900318365,9.372117733157204,3.3509709818026368,8.142180443780656
APA,2025-09-11,oos,True,True,D-1,22.9599990845,23.0499992371,22.6599998474,22.9799995422,23.7099990845,23.2399997711,3.2665506528975152,1,3.3509709818026368,-2.943688218335161,-2.1538451476923015,-2.695419475876837,7.525397412667378,2.68959701098479,2.0,4.0,0.8911922014031807,0.9016705721133889,7.525397412667378,3.3509709818026368
APA,2025-09-12,oos,True,True,D-1,23.2999992371,23.7099990845,22.8199996948,22.8400001526,23.2399997711,24.9699993134,7.167382536394684,1,-2.943688218335161,-2.1538451476923015,-2.695419475876837,7.525397412667378,-1.3310492104518734,-1.9624615248229227,1.0,4.0,0.7382198743729599,2.1758050912133786,7.525397412667378,0.0
APA,2025-09-15,oos,True,True,D-1,23.0100002289,23.2399997711,22.6399993896,22.9099998474,24.9699993134,24.9899997711,8.604952292495716,1,-2.1538451476923015,-2.695419475876837,7.525397412667378,-1.3310492104518734,-0.6092227693169083,0.3956050663736166,1.0,0.0,0.5934583270970161,3.809102128228159,7.525397412667378,9.457560337575277
APA,2025-09-16,oos,True,True,D-1,23.25,24.9699993134,23.1100006104,24.5100002289,24.9899997711,24.2600002289,7.48386998322581,1,-2.695419475876837,7.525397412667378,-1.3310492104518734,-0.6092227693169083,0.30647852159508826,2.9200341950406328,2.0,1.0,0.626168474182533,3.4919216168863842,7.525397412667378,7.830008797325827
APA,2025-09-17,oos,True,True,D-1,24.3099994659,24.9899997711,24.1299991608,24.1599998474,24.2600002289,23.9400005341,-0.2056735421575473,0,7.525397412667378,-1.3310492104518734,-0.6092227693169083,0.30647852159508826,6.983851558958354,13.157896590853868,3.0,0.0,0.8647061364408595,1.8767812329826494,7.525397412667378,7.525397412667378
APA,2025-09-18,oos,True,True,D-1,24.1399993896,24.2600002289,23.6399993896,23.8999996185,23.9400005341,23.8199996948,-0.8284956941057797,0,-1.3310492104518734,-0.6092227693169083,0.30647852159508826,6.983851558958354,-1.4279901192628675,3.735504069134654,2.0,0.0,0.6468086004436261,3.435430169463838,6.983851558958354,0.30647852159508826
APA,2025-09-19,oos,True,True,D-1,23.9400005341,23.9400005341,23.2900009155,23.4799995422,23.8199996948,24.9200000763,4.09356524785407,1,-0.6092227693169083,0.30647852159508826,6.983851558958354,-1.4279901192628675,-1.0761598946284034,4.003481699860489,2.0,1.0,0.5361702231281111,4.560670167359637,6.983851558958354,9.472634115886859
APA,2025-09-22,oos,True,True,D-1,23.2399997711,23.8199996948,23.0,23.6100006104,24.9200000763,25.0,7.573150801355166,1,0.30647852159508826,6.983851558958354,-1.4279901192628675,-1.0761598946284034,-1.7573225230300582,2.8020988849562167,2.0,2.0,0.3574468154187413,6.431006210992951,6.983851558958354,9.798422376404691
APA,2025-09-23,oos,True,True,D-1,23.8899993896,24.9200000763,23.7399997711,23.9899997711,25.0,24.5,4.646298194897458,1,6.983851558958354,-1.4279901192628675,-1.0761598946284034,-1.7573225230300582,0.5536672518513086,3.0554376589375654,2.0,3.0,0.30653300530924893,5.84497723431705,6.983851558958354,8.197236549456532
APA,2025-09-24,oos,True,True,D-1,24.5499992371,25.0,24.3899993896,24.4200000763,24.5,25.7999992371,5.091649852725855,1,-1.4279901192628675,-1.0761598946284034,-1.7573225230300582,0.5536672518513086,1.6094839088339974,-2.1215848753312727,2.0,4.0,0.4974873793843521,4.168403541231669,1.6094839088339974,0.0
APA,2025-09-25,oos,True,True,D-1,24.0900001526,24.5,24.0799999237,24.3400001526,25.7999992371,24.3999996185,7.098377225686492,1,-1.0761598946284034,-1.7573225230300582,0.5536672518513086,1.6094839088339974,1.792414794926378,1.0761598946283923,3.0,0.0,0.7100000381499996,2.375102055232592,1.792414794926378,0.5536672518513086
APA,2025-09-26,oos,True,True,D-1,24.5,25.7999992371,24.2999992371,24.6900005341,24.3999996185,24.3799991608,-0.40816482244897534,0,-1.7573225230300582,0.5536672518513086,1.6094839088339974,1.792414794926378,-0.3276000141279378,1.84100644821521,3.0,1.0,0.6700000762999991,2.7115852229339543,1.792414794926378,1.6094839088339974
APA,2025-09-29,oos,True,True,D-1,24.3600006104,24.3999996185,23.7299995422,24.3400001526,24.3799991608,25.1100006104,3.0788176568427694,1,0.5536672518513086,1.6094839088339974,1.792414794926378,-0.3276000141279378,1.4379637604998718,5.153326301072947,4.0,0.0,0.603571783773184,4.4957419157077405,1.792414794926378,1.792414794926378
APA,2025-09-30,oos,True,True,D-1,24.0,24.3799991608,23.6200008392,24.2800006866,25.1100006104,25.3799991608,5.749996503333343,1,1.6094839088339974,1.792414794926378,-0.3276000141279378,1.4379637604998718,-1.4175794812827491,3.0919081885937727,3.0,1.0,0.2946863286515923,5.9983528157210975,1.792414794926378,1.792414794926378
APA,2025-10-01,oos,True,True,D-1,23.8999996185,25.1100006104,23.8700008392,25.0599994659,25.3799991608,24.7000007629,6.192466803030383,1,1.792414794926378,-0.3276000141279378,1.4379637604998718,-1.4175794812827491,-0.24650561061556608,1.208840843130643,2.0,2.0,0.3027524460732548,6.2602903933972165,1.792414794926378,3.453005473868398
APA,2025-10-02,oos,True,True,D-1,24.9500007629,25.3799991608,23.8600006104,23.8799991608,24.7000007629,25.5300006866,2.324648921704431,0,-0.3276000141279378,1.4379637604998718,-1.4175794812827491,-0.24650561061556608,3.21251547464112,2.620800113023458,2.0,3.0,0.6605503142053476,2.9529121587051232,3.21251547464112,1.4379637604998718
APA,2025-10-03,oos,True,True,D-1,24.1100006104,24.7000007629,23.8999996185,24.5400009155,25.5300006866,25.4400005341,5.889672502071508,1,1.4379637604998718,-1.4175794812827491,-0.24650561061556608,3.21251547464112,-4.7087004399408166,-1.889897242875982,2.0,4.0,0.11926537278672245,8.040201607091157,3.21251547464112,3.085416456087142
APA,2025-10-06,oos,True,True,D-1,24.6599998474,25.5300006866,24.6399993896,25.1200008392,25.4400005341,25.1000003815,3.1630198358749695,1,-1.4175794812827491,-0.24650561061556608,3.21251547464112,-4.7087004399408166,2.7638265405947715,-0.6075318564405574,2.0,1.0,0.5227278145717968,3.422975607019807,3.21251547464112,5.287529686463355
APA,2025-10-07,oos,True,True,D-1,25.0200004578,25.4400005341,24.8199996948,25.0799999237,25.1000003815,25.25,0.9192627417730526,0,-0.24650561061556608,3.21251547464112,-4.7087004399408166,2.7638265405947715,2.363487783464824,3.2046042798265173,3.0,0.0,0.7853403768811205,1.6321649430846907,3.21251547464112,3.21251547464112
APA,2025-10-08,oos,True,True,D-1,25.0799999237,25.1000003815,24.3799991608,24.6000003815,25.25,23.4799995422,0.6778312472774495,0,3.21251547464112,-4.7087004399408166,2.7638265405947715,2.363487783464824,-0.15923930797636654,3.2948896807136974,3.0,1.0,0.7305384776245317,1.7942614205303853,3.21251547464112,3.21251547464112
APA,2025-10-09,oos,True,True,D-1,24.8299999237,25.25,23.5799999237,23.6599998474,23.4799995422,22.8500003815,-5.436972958712882,0,-4.7087004399408166,2.7638265405947715,2.363487783464824,-0.15923930797636654,-1.9138737785497906,-1.835590958515132,2.0,2.0,0.4431136151705037,3.7804889864936353,2.7638265405947715,4.833891987760419
APA,2025-10-10,oos,True,True,D-1,23.4500007629,23.4799995422,21.8700008392,21.9400005341,22.8500003815,23.4400005341,-0.04264489754652878,0,2.7638265405947715,2.363487783464824,-0.15923930797636654,-1.9138737785497906,-3.8211403232615737,-0.9212701889920405,2.0,3.0,0.04102558584696483,7.90363842460251,2.7638265405947715,8.42570883971764
APA,2025-10-13,oos,True,True,D-1,22.6499996185,22.8500003815,22.1399993896,22.8199996948,23.4400005341,23.7000007629,4.635766720024059,1,2.363487783464824,-0.15923930797636654,-1.9138737785497906,-3.8211403232615737,-7.269650568019815,-10.594948184202313,1.0,4.0,0.01912560049687658,16.36280795399381,2.363487783464824,13.176495125531385
APA,2025-10-14,oos,True,True,D-1,22.1800003052,23.4400005341,22.1100006104,22.9099998474,23.7000007629,23.5100002289,6.85302270867707,1,-0.15923930797636654,-1.9138737785497906,-3.8211403232615737,-7.269650568019815,4.010935001265237,-9.156055205264268,1.0,4.0,0.2661061447588193,11.481160711395733,4.010935001265237,3.550296525856944
APA,2025-10-15,oos,True,True,D-1,23.2199993134,23.7000007629,22.8999996185,23.2399997711,23.5100002289,23.25,1.2489273215983587,0,-1.9138737785497906,-3.8211403232615737,-7.269650568019815,4.010935001265237,0.3943915591747782,-8.65231293023012,2.0,3.0,0.307692090655386,10.213881135689128,4.010935001265237,0.0
APA,2025-10-16,oos,True,True,D-1,23.4200000763,23.5100002289,22.5400009155,23.0,23.25,23.0,-0.7258756436641978,0,-3.8211403232615737,-7.269650568019815,4.010935001265237,0.3943915591747782,1.440418707542901,-5.528457680117615,3.0,4.0,0.40532522841684354,8.648882309368734,4.010935001265237,4.010935001265237
APA,2025-10-17,oos,True,True,D-1,23.0,23.25,22.5,22.5200004578,23.0,22.7299995422,0.0,0,-7.269650568019815,4.010935001265237,0.3943915591747782,1.440418707542901,-1.0327012627532328,-2.7895175471547184,3.0,1.0,0.6174859059640299,3.0434815778260793,4.010935001265237,4.010935001265237
APA,2025-10-20,oos,True,True,D-1,22.7299995422,23.0,22.0499992371,22.4899997711,22.7299995422,23.0300006866,1.3198466803442832,0,4.010935001265237,0.3943915591747782,1.440418707542901,-1.0327012627532328,-2.0869545313043525,2.643572969829866,3.0,2.0,0.25786151451328126,5.239788104406085,4.010935001265237,7.109038789524957
APA,2025-10-21,oos,True,True,D-1,22.5,22.7299995422,22.1399993896,22.5799999237,23.0300006866,24.75,10.000000000000009,1,0.3943915591747782,1.440418707542901,-1.0327012627532328,-2.0869545313043525,-0.13321796665243246,-1.446099597342232,2.0,3.0,0.26666674370901916,5.380173428702606,1.440418707542901,3.657811007108125
APA,2025-10-22,oos,True,True,D-1,22.3799991608,23.0300006866,22.2399997711,22.8899993896,24.75,24.7099990845,10.58981647931072,1,1.440418707542901,-1.0327012627532328,-2.0869545313043525,-0.13321796665243246,0.40017853942200254,-1.440418707542901,2.0,4.0,0.321212240299615,4.960145451658948,1.440418707542901,1.440418707542901
APA,2025-10-23,oos,True,True,D-1,24.0,24.75,23.8600006104,24.6200008392,24.7099990845,24.3600006104,2.9583295187500136,0,-1.0327012627532328,-2.0869545313043525,-0.13321796665243246,0.40017853942200254,1.3728940077392338,-1.506025752785245,2.0,4.0,0.575342179366867,2.708610117227428,1.3728940077392338,0.0
APA,2025-10-24,oos,True,True,D-1,24.6599998474,24.7099990845,23.7999992371,23.8299999237,24.3600006104,23.1800003052,-1.216541925614134,0,-2.0869545313043525,-0.13321796665243246,0.40017853942200254,1.3728940077392338,7.557892073977168,7.043481909565208,3.0,0.0,0.9518521762711015,0.5280225685168061,7.557892073977168,0.40017853942200254
APA,2025-10-27,oos,True,True,D-1,24.1700000763,24.3600006104,23.3199996948,23.3400001526,23.1800003052,23.2600002289,-3.7649972880732574,0,-0.13321796665243246,0.40017853942200254,1.3728940077392338,7.557892073977168,-3.2087769641427344,5.8170490198470315,3.0,1.0,0.6592593272781704,3.860680147904727,7.557892073977168,1.3728940077392338
APA,2025-10-28,oos,True,True,D-1,23.1800003052,23.1800003052,22.2199993134,22.7299995422,23.2600002289,22.9599990845,0.3451247741444341,0,0.40017853942200254,1.3728940077392338,7.557892073977168,-3.2087769641427344,-2.0562306868187386,3.77945927145924,3.0,2.0,0.45977029975333616,6.041130412087559,7.557892073977168,12.756919868330375
APA,2025-10-29,oos,True,True,D-1,22.7000007629,23.2600002289,22.5100002289,22.5400009155,22.9599990845,22.9599990845,1.145367017013199,0,1.3728940077392338,7.557892073977168,-3.2087769641427344,-2.0562306868187386,-2.613541587025414,0.664303007116307,2.0,3.0,0.2015810633970136,8.886935761039982,7.557892073977168,12.173923903696139
APA,2025-10-30,oos,True,True,D-1,22.3700008392,22.9599990845,22.3099994659,22.3999996185,22.9599990845,22.6200008392,2.6374529421837156,0,7.557892073977168,-3.2087769641427344,-2.0562306868187386,-2.613541587025414,-0.8358936670775363,-1.5290453623123423,1.0,4.0,0.12648281235450612,9.80478702190406,7.557892073977168,10.985480899467737
APA,2025-10-31,oos,True,True,D-1,22.6200008392,22.9599990845,22.4599990845,22.6499996185,22.6200008392,22.2000007629,0.0,0,-3.2087769641427344,-2.0562306868187386,-2.613541587025414,-0.8358936670775363,-0.6211237414090909,-9.017063952188453,0.0,4.0,0.07228928580201574,10.312497791706154,-0.6211237414090909,1.451825474467483
APA,2025-11-03,oos,True,True,D-1,22.5100002289,22.6200008392,22.1000003815,22.4899997711,22.2000007629,22.3500003815,-0.7107945169835372,0,-2.0562306868187386,-2.613541587025414,-0.8358936670775363,-0.6211237414090909,1.1160714475795253,-4.951742798901304,1.0,4.0,0.20093460022795565,7.549673380582789,1.1160714475795253,0.0
APA,2025-11-04,oos,True,True,D-1,22.0400009155,22.2000007629,21.7600002289,22.0900001526,22.3500003815,23.7600002289,7.803989301063896,1,-2.613541587025414,-0.8358936670775363,-0.6211237414090909,1.1160714475795253,-0.7064011041718388,-3.6418182345440697,1.0,3.0,0.3362064145733604,3.423745956589408,1.1160714475795253,0.0
APA,2025-11-05,oos,True,True,D-1,21.9500007629,22.3500003815,21.6299991608,21.6599998474,23.7600002289,24.1800003052,10.1594508646631,1,-0.8358936670775363,-0.6211237414090909,1.1160714475795253,-0.7064011041718388,-1.7785665743492163,-2.8156594918173905,1.0,4.0,0.21999994913333154,5.2965145686623805,1.1160714475795253,3.58847531218095
APA,2025-11-06,oos,True,True,D-1,23.0900001526,23.7600002289,22.8099994659,23.6399993896,24.1800003052,24.3999996185,5.673449360079341,1,-0.6211237414090909,1.1160714475795253,-0.7064011041718388,-1.7785665743492163,-1.9465835320484848,-3.9041749439098328,1.0,4.0,0.02255690851210015,6.001843242192106,1.1160714475795253,4.806600269934425
APA,2025-11-07,oos,True,True,D-1,23.7700004578,24.1800003052,23.2800006866,23.8299999237,24.3999996185,25.1100006104,5.637358547716342,1,1.1160714475795253,-0.7064011041718388,-1.7785665743492163,-1.9465835320484848,9.141272189056227,5.5357133581193985,2.0,0.0,0.9436616060446186,0.5076177766434098,9.141272189056227,1.1160714475795253
APA,2025-11-10,oos,True,True,D-1,24.1900005341,24.3999996185,23.5699996948,24.3500003815,25.1100006104,24.7099990845,3.803224704369468,1,-0.7064011041718388,-1.7785665743492163,-1.9465835320484848,9.141272189056227,0.8037247842890727,5.209714459492543,2.0,0.0,0.8627450100292593,1.4687384919036761,9.141272189056227,0.0
APA,2025-11-11,oos,True,True,D-1,24.6399993896,25.1100006104,24.5100002289,24.5900001526,24.7099990845,25.7999992371,4.707791705504705,1,-1.7785665743492163,-1.9465835320484848,9.141272189056227,0.8037247842890727,2.1821253019931097,8.270345172658168,3.0,0.0,0.9819497369175465,0.2053356723476174,9.141272189056227,9.141272189056227
APA,2025-11-12,oos,True,True,D-1,24.3700008392,24.7099990845,23.8400001526,23.8899993896,25.7999992371,24.8700008392,5.867863556244934,1,-1.9465835320484848,9.141272189056227,0.8037247842890727,2.1821253019931097,0.9856253278843541,11.317338083882934,4.0,0.0,0.8505746433353434,2.1146826131476004,9.141272189056227,9.141272189056227
APA,2025-11-13,oos,True,True,D-1,24.0,25.7999992371,24.0,24.6900005341,24.8700008392,24.9699993134,4.041663805833329,1,9.141272189056227,0.8037247842890727,2.1821253019931097,0.9856253278843541,-2.8466887297924015,10.295473489893304,4.0,1.0,0.46956495055778885,5.106744461999035,9.141272189056227,11.030393276091145
APA,2025-11-14,oos,True,True,D-1,24.7000007629,24.8700008392,24.1599998474,24.7900009155,24.9699993134,25.1399993896,1.7813709032790337,0,0.8037247842890727,2.1821253019931097,0.9856253278843541,-2.8466887297924015,3.3486863329442507,4.441629321538532,4.0,0.0,0.5595240708452942,4.4957419157077405,3.3486863329442507,2.1821253019931097
APA,2025-11-17,oos,True,True,D-1,24.7099990845,24.9699993134,24.0699996948,24.3799991608,25.1399993896,24.2700004578,1.7401874586459476,0,2.1821253019931097,0.9856253278843541,-2.8466887297924015,3.3486863329442507,0.40502381221856343,4.028539634384276,4.0,1.0,0.5470858614803576,4.074216556274912,3.3486863329442507,2.1821253019931097
APA,2025-11-18,oos,True,True,D-1,24.3500003815,25.1399993896,23.9500007629,24.9200000763,24.2700004578,25.2299995422,3.6139595355759724,1,0.9856253278843541,-2.8466887297924015,3.3486863329442507,0.40502381221856343,-1.6538997158473068,0.1231982703490786,3.0,2.0,0.2755098267496165,5.824446780880876,3.3486863329442507,4.6042609242523795
APA,2025-11-19,oos,True,True,D-1,23.9699993134,24.2700004578,23.3299999237,24.0499992371,25.2299995422,24.2299995422,5.25657181848822,1,-2.8466887297924015,3.3486863329442507,0.40502381221856343,-1.6538997158473068,2.2149341020825553,1.3420086281093813,3.0,3.0,0.5510206266119304,3.5312967821252927,3.3486863329442507,3.3486863329442507
APA,2025-11-20,oos,True,True,D-1,24.1599998474,25.2299995422,23.2700004578,23.3799991608,24.2299995422,24.5,1.407285408723169,0,3.3486863329442507,0.40502381221856343,-1.6538997158473068,2.2149341020825553,-3.491175106485689,0.6697356701049317,3.0,4.0,0.29149777876209476,7.276507507328378,3.3486863329442507,4.702254565344354
APA,2025-11-21,oos,True,True,D-1,23.25,24.2299995422,23.0599994659,23.9500007629,24.5,24.2000007629,5.376344086021501,1,0.40502381221856343,-1.6538997158473068,2.2149341020825553,-3.491175106485689,-2.7858631914900234,-5.305797265944667,2.0,0.0,0.056121813461803303,7.912747852026447,2.2149341020825553,8.394713037816215
APA,2025-11-24,oos,True,True,D-1,23.7600002289,24.5,23.4699993134,24.4099998474,24.2000007629,25.0499992371,5.429288702745616,1,-1.6538997158473068,2.2149341020825553,-3.491175106485689,-2.7858631914900234,2.437988120443091,-3.3884635803897334,2.0,1.0,0.41013883212276836,5.344462373808345,2.437988120443091,2.630728186789799
APA,2025-11-25,oos,True,True,D-1,24.2000007629,24.2000007629,23.5100002289,24.0799999237,25.0499992371,25.1700000763,4.008261499260213,1,2.2149341020825553,-3.491175106485689,-2.7858631914900234,2.437988120443091,1.920664174727582,0.12305450218488279,3.0,2.0,0.6221199696001141,3.359277754716339,2.437988120443091,2.2149341020825553
APA,2025-11-26,oos,True,True,D-1,24.1700000763,25.0499992371,24.1200008392,24.6700000763,25.1700000763,25.8199996948,6.826643000791366,1,-3.491175106485689,-2.7858631914900234,2.437988120443091,1.920664174727582,-1.3519046528595147,-3.370787118892804,2.0,3.0,0.47004627738961735,4.775745939135767,2.437988120443091,2.437988120443091
APA,2025-11-28,oos,True,True,D-1,24.6800003052,25.1700000763,24.5,24.9699993134,25.8199996948,25.6000003815,4.61912226702772,1,-2.7858631914900234,2.437988120443091,1.920664174727582,-1.3519046528595147,2.450166754441341,2.5779661491363903,3.0,4.0,0.7419357390738716,2.2699613464451707,2.450166754441341,2.437988120443091
APA,2025-12-01,oos,True,True,D-1,24.8899993896,25.8199996948,24.7700004578,25.2800006866,25.6000003815,26.9799995422,8.396947383909081,1,2.437988120443091,1.920664174727582,-1.3519046528595147,2.450166754441341,1.216048788699453,6.800685242392435,4.0,0.0,0.9052129359990634,0.8009642306744835,2.450166754441341,2.437988120443091
APA,2025-12-02,oos,True,True,D-1,25.2800006866,25.6000003815,24.7800006866,25.4500007629,26.9799995422,27.1900005341,7.555378938389112,1,1.920664174727582,-1.3519046528595147,2.450166754441341,1.216048788699453,1.2414953212819713,5.553235412669588,4.0,0.0,0.7702132252939052,2.13607196809229,2.450166754441341,2.450166754441341
APA,2025-12-03,oos,True,True,D-1,25.7000007629,26.9799995422,25.6599998474,26.9500007629,27.1900005341,27.7199993134,7.859916305590264,1,-1.3519046528595147,2.450166754441341,1.216048788699453,1.2414953212819713,0.672468637985868,4.260552732493239,4.0,1.0,0.8398272651739145,1.453826800820246,2.450166754441341,2.450166754441341
APA,2025-12-04,oos,True,True,D-1,27.0,27.1900005341,26.6100006104,26.7099990845,27.7199993134,26.9300003052,2.6666641237037103,0,2.450166754441341,1.216048788699453,1.2414953212819713,0.672468637985868,5.893909450040735,11.918608173977985,5.0,0.0,0.989510911571906,0.11131272152429261,5.893909450040735,2.450166754441341
APA,2025-12-05,oos,True,True,D-1,26.8099994659,27.7199993134,26.75,27.1000003815,26.9300003052,26.5499992371,0.4475973207408446,0,1.216048788699453,1.2414953212819713,0.672468637985868,5.893909450040735,-0.8905442360149785,8.269148771344303,4.0,0.0,0.8215608348343341,1.7970852341906207,5.893909450040735,1.2414953212819713
APA,2025-12-08,oos,True,True,D-1,26.5100002289,26.9300003052,26.1000003815,26.1399993896,26.5499992371,26.6599998474,0.5658227733113197,0,1.2414953212819713,0.672468637985868,5.893909450040735,-0.8905442360149785,1.4601321990546978,8.530240795629297,4.0,0.0,0.7898307890109679,2.287818904693628,5.893909450040735,5.893909450040735
APA,2025-12-09,oos,True,True,D-1,25.9899997711,26.5499992371,25.8600006104,26.3899993896,26.6599998474,26.3400001526,2.577914898810496,0,0.672468637985868,5.893909450040735,-0.8905442360149785,1.4601321990546978,-3.5424390346331935,3.401893511244447,3.0,1.0,0.4625848089188637,6.0443762842191,5.893909450040735,8.027940578595793
APA,2025-12-10,oos,True,True,D-1,26.2900009155,26.6599998474,25.9599990845,26.3199996948,26.3400001526,26.3899993896,0.3803669479564231,0,5.893909450040735,-0.8905442360149785,1.4601321990546978,-3.5424390346331935,0.9563886986908798,3.6935111926216235,3.0,2.0,0.35436880166647533,5.0397876262328944,5.893909450040735,8.51383927256829
APA,2025-12-11,oos,True,True,D-1,25.9300003052,26.3400001526,25.7199993134,25.9500007629,26.3899993896,25.9699993134,1.7740033898408836,0,-0.8905442360149785,1.4601321990546978,-3.5424390346331935,0.9563886986908798,-0.2652508390264874,-2.337666234753044,2.0,3.0,0.24731150815216457,5.319147548761549,1.4601321990546978,1.4601321990546978
APA,2025-12-12,oos,True,True,D-1,26.1200008392,26.3899993896,25.6900005341,25.9300003052,25.9699993134,25.0400009155,-0.5742784111051114,0,1.4601321990546978,-3.5424390346331935,0.9563886986908798,-0.2652508390264874,-1.4057710341580987,-2.8453700773094837,2.0,4.0,0.11500072475000067,6.820803462289371,1.4601321990546978,3.1274252527763946
APA,2025-12-15,oos,True,True,D-1,25.9699993134,25.9699993134,24.9599990845,25.2700004578,25.0400009155,24.7600002289,-3.5810489891701325,0,-3.5424390346331935,0.9563886986908798,-0.2652508390264874,-1.4057710341580987,-0.07707305245475693,-4.317343394204187,1.0,4.0,0.1935482382283798,3.856536784534703,0.9563886986908798,2.4381493146571898
APA,2025-12-16,oos,True,True,D-1,25.0400009155,25.0400009155,23.75,23.9599990845,24.7600002289,24.6299991608,-1.1182135637490154,0,0.9563886986908798,-0.2652508390264874,-1.4057710341580987,-0.07707305245475693,-2.5453136892854,-3.3282285849866478,1.0,3.0,0.18235366716610832,5.500591074073191,0.9563886986908798,3.576813689476155
APA,2025-12-17,oos,True,True,D-1,24.2999992371,24.7600002289,24.0499992371,24.6299991608,24.6299991608,24.4899997711,1.3580244200015246,0,-0.2652508390264874,-1.4057710341580987,-0.07707305245475693,-2.5453136892854,-5.1840180038288945,-9.208034715065716,0.0,4.0,0.0721646376331014,11.268784916801856,-0.07707305245475693,7.597382173207823
APA,2025-12-18,oos,True,True,D-1,24.4699993134,24.6299991608,23.6299991608,23.8099994659,24.4899997711,24.9799995422,2.084185709481079,0,-1.4057710341580987,-0.07707305245475693,-2.5453136892854,-5.1840180038288945,2.796327637313767,-6.4209747477082635,1.0,3.0,0.3333330925251971,7.145758379079181,2.796327637313767,2.5326524946795215
APA,2025-12-19,oos,True,True,D-1,24.0100002289,24.4899997711,23.9500007629,24.1200008392,24.9799995422,24.5699996948,4.039980441701307,1,-0.07707305245475693,-2.5453136892854,-5.1840180038288945,2.796327637313767,-3.3292721187139773,-8.24663288665295,1.0,4.0,0.06521749644138956,10.835783206946314,2.796327637313767,0.6260418377771915
APA,2025-12-22,oos,True,True,D-1,24.5,24.9799995422,24.3600006104,24.4099998474,24.5699996948,24.4899997711,0.28571304000000186,0,-2.5453136892854,-5.1840180038288945,2.796327637313767,-3.3292721187139773,1.3019797574711278,-6.980329520617179,2.0,4.0,0.20940241301076534,7.6699768235221955,2.796327637313767,4.866966447613407
APA,2025-12-23,oos,True,True,D-1,24.4400005341,24.5699996948,24.1499996185,24.3600006104,24.4899997711,24.5400009155,0.40916685439704725,0,-5.1840180038288945,2.796327637313767,-3.3292721187139773,1.3019797574711278,1.2023175709376277,-3.403247308349544,3.0,4.0,0.5531912878831556,2.5809138551350808,2.796327637313767,2.796327637313767
APA,2025-12-24,oos,True,True,D-1,24.3799991608,24.4899997711,24.1900005341,24.3600006104,24.5400009155,24.4899997711,0.6562828556502254,0,2.796327637313767,-3.3292721187139773,1.3019797574711278,1.2023175709376277,-0.20483095990403433,1.669455514122964,3.0,1.0,0.5407416617489846,2.5451515445993333,2.796327637313767,2.796327637313767
APA,2025-12-26,oos,True,True,D-1,24.2600002289,24.5400009155,23.9200000763,24.1800003052,24.4899997711,24.8500003815,2.431987415635528,0,-3.3292721187139773,1.3019797574711278,1.2023175709376277,-0.20483095990403433,0.0,-1.0962182687757394,2.0,2.0,0.5407416617489846,2.5451515445993333,1.3019797574711278,1.5068107173751621
APA,2025-12-29,oos,True,True,D-1,24.3799991608,24.4899997711,24.1200008392,24.3799991608,24.8500003815,24.7900009155,1.927814753397139,0,1.3019797574711278,1.2023175709376277,-0.20483095990403433,0.0,-0.7389174905158002,1.5539724804694233,2.0,3.0,0.24528335840173782,3.3085162402911816,1.3019797574711278,2.040897247986928
APA,2025-12-30,oos,True,True,D-1,24.5699996948,24.8500003815,24.5100002289,24.7000007629,24.7900009155,25.5499992371,3.9886021753081646,1,1.2023175709376277,-0.20483095990403433,0.0,-0.7389174905158002,0.8271251161108939,1.0779366192120943,2.0,4.0,0.43396161913103887,2.4610352832362903,1.2023175709376277,1.2023175709376277
APA,2025-12-31,oos,True,True,D-1,24.7000007629,24.7900009155,24.4099998474,24.4599990845,25.5499992371,25.7999992371,4.45343498066697,1,-0.20483095990403433,0.0,-0.7389174905158002,0.8271251161108939,1.3125578880844424,1.1880414474106926,2.0,0.0,0.8387101404577055,0.607285886506137,1.3125578880844424,0.0
APA,2026-01-02,oos,True,True,D-1,24.5799999237,25.5499992371,24.3899993896,25.3600006104,25.7999992371,24.6100006104,4.963382087823676,1,0.0,-0.7389174905158002,0.8271251161108939,1.3125578880844424,-0.971666684158512,0.4105027569552222,2.0,1.0,0.5806439042876158,1.5944452640929807,1.3125578880844424,0.8271251161108939
APA,2026-01-05,oos,True,True,D-1,25.5300006866,25.7999992371,23.4899997711,24.4699993134,24.6100006104,23.9400005341,-3.603603805161215,0,-0.7389174905158002,0.8271251161108939,1.3125578880844424,-0.971666684158512,3.6794830727132632,4.105090209123685,3.0,0.0,0.8834363653250297,0.7492059232131254,3.6794830727132632,1.3125578880844424
APA,2026-01-06,oos,True,True,D-1,24.3299999237,24.6100006104,23.7299995422,23.8799991608,23.9400005341,25.6700000763,5.507604425821211,1,0.8271251161108939,1.3125578880844424,-0.971666684158512,3.6794830727132632,-3.5094687522799872,1.1993341792375212,3.0,0.0,0.4242423241754981,5.435226649032554,3.6794830727132632,1.3125578880844424
APA,2026-01-07,oos,True,True,D-1,23.8500003815,23.9400005341,23.25,23.3899993896,25.6700000763,25.7199993134,7.84066625571429,1,1.3125578880844424,-0.971666684158512,3.6794830727132632,-3.5094687522799872,-2.4111163430924565,-2.0508614323659913,2.0,1.0,0.16883094366048718,8.040201607091157,3.6794830727132632,9.515450793443758
APA,2026-01-08,oos,True,True,D-1,23.5100002289,25.6700000763,23.4599990845,25.3700008392,25.7199993134,25.3400001526,9.400251224937573,1,-0.971666684158512,3.6794830727132632,-3.5094687522799872,-2.4111163430924565,-2.051925412143041,-5.303649120803488,1.0,2.0,0.054901737837072785,10.303548141910458,3.6794830727132632,8.093050518988509
APA,2026-01-09,oos,True,True,D-1,25.4400005341,25.7199993134,25.0799999237,25.2000007629,25.3400001526,26.2800006866,3.301887322581054,1,3.6794830727132632,-3.5094687522799872,-2.4111163430924565,-2.051925412143041,8.46516246802629,3.7203670840554315,2.0,3.0,0.8313731268449247,1.694908883233448,8.46516246802629,3.6794830727132632
APA,2026-01-12,oos,True,True,D-1,25.3400001526,25.3400001526,24.8299999237,24.9200000763,26.2800006866,27.3600006104,7.971588183249234,1,-3.5094687522799872,-2.4111163430924565,-2.051925412143041,8.46516246802629,-0.6700830535146363,-0.630914209972,1.0,4.0,0.7647064103115768,2.380946254110161,8.46516246802629,0.0
APA,2026-01-13,oos,True,True,D-1,25.4500007629,26.2800006866,25.3899993896,25.7199993134,27.3600006104,26.2700004578,7.504910767171058,1,-2.4111163430924565,-2.051925412143041,8.46516246802629,-0.6700830535146363,-1.1111138020766465,1.8389896833939767,1.0,1.0,0.6761135791577261,3.210269801968546,8.46516246802629,10.23891393832459
APA,2026-01-14,oos,True,True,D-1,26.1200008392,27.3600006104,26.0200004578,26.6900005341,26.2700004578,26.1399993896,0.5742711094208097,0,-2.051925412143041,8.46516246802629,-0.6700830535146363,-1.1111138020766465,3.210269801968546,7.705193539623045,2.0,0.0,0.8151811068305775,2.1772993318403655,8.46516246802629,8.46516246802629
APA,2026-01-15,oos,True,True,D-1,26.2700004578,26.2700004578,25.3999996185,26.0100002289,26.1399993896,26.25,-0.0761342118441366,0,8.46516246802629,-0.6700830535146363,-1.1111138020766465,3.210269801968546,3.7713889836483716,14.108598677293237,3.0,0.0,0.828205175856852,2.5103037200916667,8.46516246802629,8.46516246802629
APA,2026-01-16,oos,True,True,D-1,26.0400009155,26.1399993896,25.5400009155,25.7800006866,26.25,26.6100006104,2.188938843549404,0,-0.6700830535146363,-1.1111138020766465,3.210269801968546,3.7713889836483716,-2.547771793152309,2.5226620754033258,2.0,1.0,0.4664031560952384,5.190312839751532,3.7713889836483716,3.210269801968546
APA,2026-01-20,oos,True,True,D-1,25.9699993134,26.25,25.2099990845,25.3500003815,26.6100006104,26.0900001526,2.4643870385848476,0,-1.1111138020766465,3.210269801968546,3.7713889836483716,-2.547771793152309,-0.8842735112491229,2.301586929131716,2.0,2.0,0.375494270769994,6.128781542745476,3.7713889836483716,7.180905016955885
APA,2026-01-21,oos,True,True,D-1,25.5900001526,26.6100006104,25.5900001526,26.5400009155,26.0900001526,26.5900001526,3.9077764518825164,1,3.210269801968546,3.7713889836483716,-2.547771793152309,-0.8842735112491229,-1.6679607977028055,1.7255228887777863,2.0,3.0,0.0651168361107989,7.928994866472916,3.7713889836483716,6.308873957088201
APA,2026-01-22,oos,True,True,D-1,26.0,26.0900001526,25.1700000763,25.5499992371,26.5900001526,26.1700000763,2.2692313561538446,0,3.7713889836483716,-2.547771793152309,-0.8842735112491229,-1.6679607977028055,4.694282114758641,3.1881867184684776,2.0,4.0,0.6186050637537354,3.089674704649692,4.694282114758641,3.7713889836483716
APA,2026-01-23,oos,True,True,D-1,26.2199993134,26.5900001526,25.7000007629,25.7999992371,26.1700000763,26.1000003815,-0.19069122200338073,0,-2.547771793152309,-0.8842735112491229,-1.6679607977028055,4.694282114758641,-3.730224733420462,-4.271267419210045,1.0,1.0,0.2638882082342419,4.1487334831729505,4.694282114758641,0.0
APA,2026-01-26,oos,True,True,D-1,26.1700000763,26.1700000763,24.9799995422,25.3999996185,26.1000003815,26.2299995422,0.2292681151129905,0,-0.8842735112491229,-1.6679607977028055,4.694282114758641,-3.730224733420462,0.9784736104296421,-0.8073855822833376,2.0,2.0,0.4374992549525334,3.1395402994246258,4.694282114758641,7.482532502375694
APA,2026-01-27,oos,True,True,D-1,25.6000003815,26.1000003815,25.4099998474,25.8299999237,26.2299995422,27.4899997711,7.382810005603835,1,-1.6679607977028055,4.694282114758641,-3.730224733420462,0.9784736104296421,-1.5503861644492023,-1.4740149650093626,2.0,3.0,0.2576685896063878,4.763783504227681,4.694282114758641,5.281364788257081
APA,2026-01-28,oos,True,True,D-1,26.1900005341,26.2299995422,25.5100002289,26.0100002289,27.4899997711,26.6000003815,4.963723598658842,1,4.694282114758641,-3.730224733420462,0.9784736104296421,-1.5503861644492023,1.692914612828611,1.8934892898474942,3.0,4.0,0.521472284946813,3.0197471506158147,4.694282114758641,4.694282114758641
APA,2026-01-29,oos,True,True,D-1,27.0300006866,27.4899997711,26.2299995422,26.2600002289,26.6000003815,26.2199993134,-1.590826097585607,0,-3.730224733420462,0.9784736104296421,-1.5503861644492023,1.692914612828611,0.696865295128557,-1.9969882001415584,3.0,3.0,0.639751736767417,2.229911259499162,1.692914612828611,0.9784736104296421
APA,2026-01-30,oos,True,True,D-1,26.2399997711,26.6000003815,25.5499992371,26.4099998474,26.2199993134,26.5200004578,1.0670757970371092,0,0.9784736104296421,-1.5503861644492023,1.692914612828611,0.696865295128557,0.9611687727792528,2.7788689354207197,4.0,0.0,0.5099603864422583,4.683928147290506,1.692914612828611,1.692914612828611
APA,2026-02-02,oos,True,True,D-1,25.3700008392,26.2199993134,25.2999992371,25.8899993896,26.5200004578,27.5200004578,8.474574487510322,1,-1.5503861644492023,1.692914612828611,0.696865295128557,0.9611687727792528,0.5712095094916325,2.3643435206882835,4.0,1.0,0.5697211851756264,4.089359825597727,1.692914612828611,1.692914612828611
APA,2026-02-03,oos,True,True,D-1,25.9300003052,26.5200004578,25.7900009155,26.4599990845,27.5200004578,27.0100002289,6.131894075917699,1,1.692914612828611,0.696865295128557,0.9611687727792528,0.5712095094916325,-1.9689528996767236,1.929132986061588,4.0,2.0,0.26940639663789245,6.179993894255231,1.692914612828611,3.1019048492140766
APA,2026-02-04,oos,True,True,D-1,26.7900009155,27.5200004578,26.7800006866,27.3799991608,27.0100002289,27.6499996185,3.2101480911201907,1,0.696865295128557,0.9611687727792528,0.5712095094916325,-1.9689528996767236,2.201621121431807,2.439021148513265,4.0,3.0,0.5296801664615494,3.8926709079266875,2.201621121431807,0.9611687727792528
APA,2026-02-05,oos,True,True,D-1,26.9699993134,27.0100002289,25.5900001526,26.4799995422,27.6499996185,27.9200000763,3.522435250593392,1,0.9611687727792528,0.5712095094916325,-1.9689528996767236,2.201621121431807,3.4769467427492318,5.267200768332869,4.0,0.0,0.9369363873791685,0.5113268856502984,3.4769467427492318,0.9611687727792528
APA,2026-02-06,oos,True,True,D-1,26.6299991608,27.6499996185,26.5400009155,27.4599990845,27.9200000763,27.7000007629,4.844164311499166,1,0.5712095094916325,-1.9689528996767236,2.201621121431807,3.4769467427492318,-3.2870695623998802,0.8377734629944289,3.0,1.0,0.5315313766935366,3.927495972734407,3.4769467427492318,2.201621121431807
APA,2026-02-09,oos,True,True,D-1,27.4599990845,27.9200000763,27.2700004578,27.4899997711,27.7000007629,28.5599994659,4.005828179436843,1,-1.9689528996767236,2.201621121431807,3.4769467427492318,-3.2870695623998802,3.7009046799197254,3.975763889310935,3.0,0.0,0.9191487220581609,0.6919174811890194,3.7009046799197254,3.4769467427492318
APA,2026-02-10,oos,True,True,D-1,27.4400005341,27.7000007629,27.2099990845,27.4500007629,28.5599994659,28.3799991608,4.081628680758076,1,2.201621121431807,3.4769467427492318,-3.2870695623998802,3.7009046799197254,0.1092523219235364,6.179993894255231,4.0,0.0,0.8154505067462977,1.5642062887612607,3.7009046799197254,3.4769467427492318
APA,2026-02-11,oos,True,True,D-1,28.0,28.5599994659,27.75,28.2600002289,28.3799991608,28.0,1.3571398600000117,0,3.4769467427492318,-3.2870695623998802,3.7009046799197254,0.1092523219235364,-0.1455038506113393,3.741503071252672,3.0,1.0,0.7982835498751228,1.7122014584248335,3.7009046799197254,3.7373151749428124
APA,2026-02-12,oos,True,True,D-1,28.1200008392,28.3799991608,26.4500007629,26.9200000763,28.0,28.5,1.351348326669588,0,-3.2870695623998802,3.7009046799197254,0.1092523219235364,-0.1455038506113393,2.950817644765813,3.2140288351794277,3.0,0.0,0.8989901325375509,1.0615684167376793,3.7009046799197254,3.7009046799197254
APA,2026-02-13,oos,True,True,D-1,26.8700008392,28.0,26.8299999237,27.9200000763,28.5,28.8600006104,7.406027945845239,1,3.7009046799197254,0.1092523219235364,-0.1455038506113393,2.950817644765813,-4.741684861097961,1.6616334656607057,3.0,1.0,0.22274862668481896,6.092122529538302,3.7009046799197254,5.631690369792352
APA,2026-02-17,oos,True,True,D-1,28.0,28.5,26.7700004578,27.3400001526,28.8600006104,30.0799999237,7.4285711560714285,1,0.1092523219235364,-0.1455038506113393,2.950817644765813,-4.741684861097961,3.714710242071595,1.6751675423749335,3.0,2.0,0.6966825672972936,2.292261417804453,3.714710242071595,4.153932116974135
APA,2026-02-18,oos,True,True,D-1,27.8500003815,28.8600006104,27.7999992371,28.6100006104,30.0799999237,29.3999996185,8.007179575054257,1,-0.1455038506113393,2.950817644765813,-4.741684861097961,3.714710242071595,-2.0773636178903043,-0.5456515814805329,2.0,3.0,0.4218009179032176,4.462323725276129,3.714710242071595,2.950817644765813
APA,2026-02-19,oos,True,True,D-1,29.2199993134,30.0799999237,28.8600006104,29.0799999237,29.3999996185,29.6299991608,1.403148039130797,0,2.950817644765813,-4.741684861097961,3.714710242071595,-2.0773636178903043,4.6452101342773,4.225864536469515,3.0,0.0,0.896265553601866,0.8738203238944475,4.6452101342773,3.714710242071595
APA,2026-02-20,oos,True,True,D-1,28.7999992371,29.3999996185,28.7199993134,29.0599994659,29.6299991608,28.7999992371,2.8819442558553954,0,-4.741684861097961,3.714710242071595,-2.0773636178903043,4.6452101342773,1.6427798087119028,2.9016266389178202,3.0,0.0,0.7245178426488633,3.4387895551024616,4.6452101342773,3.714710242071595
APA,2026-02-23,oos,True,True,D-1,29.0200004578,29.6299991608,28.4099998474,28.7199993134,28.7999992371,28.7000007629,-0.7581020579924491,0,3.714710242071595,-2.0773636178903043,4.6452101342773,1.6427798087119028,-0.06877736537991286,7.949477650574099,3.0,1.0,0.6918427122698464,3.509980992934647,4.6452101342773,4.6452101342773
APA,2026-02-24,oos,True,True,D-1,28.7999992371,28.7999992371,28.1599998474,28.6200008392,28.7000007629,29.7600002289,3.3333368653820417,1,-2.0773636178903043,4.6452101342773,1.6427798087119028,-0.06877736537991286,-1.169993663967439,2.86532677261373,2.0,2.0,0.5891236163900068,4.73537828277546,4.6452101342773,5.883176472807461
APA,2026-02-25,oos,True,True,D-1,28.6200008392,28.7000007629,27.7199993134,27.8400001526,29.7600002289,30.4200000763,6.289305326066219,1,4.6452101342773,1.6427798087119028,-0.06877736537991286,-1.169993663967439,-0.34818411069161836,4.681787415711747,2.0,3.0,0.3596497171774138,5.101324394443352,4.6452101342773,6.15931417690232
APA,2026-02-26,oos,True,True,D-1,27.6399993896,29.7600002289,27.1800003052,29.1000003815,30.4200000763,32.75,18.48770160365025,1,1.6427798087119028,-0.06877736537991286,-1.169993663967439,-0.34818411069161836,-2.725369195418248,-2.691368197734678,1.0,4.0,0.0508478000710114,8.0459761451934,1.6427798087119028,4.7068438123256335
APA,2026-02-27,oos,True,True,D-1,29.5900001526,30.4200000763,29.1700000763,30.3700008392,32.75,32.7799987793,10.780664448288979,1,-0.06877736537991286,-1.169993663967439,-0.34818411069161836,-2.725369195418248,4.5258628663560785,0.06877736537991286,1.0,0.0,0.7441860980935651,2.268040682980854,4.5258628663560785,0.0
APA,2026-03-02,oos,True,True,D-1,32.5200004578,32.75,30.1900005341,31.6900005341,32.7799987793,31.3500003815,0.7995028223858336,0,-1.169993663967439,-0.34818411069161836,-2.725369195418248,4.5258628663560785,4.364262684021769,4.507919467917398,2.0,0.0,0.9845681356072983,0.16463363753176363,4.5258628663560785,0.0
APA,2026-03-03,oos,True,True,D-1,32.0999984741,32.7799987793,30.9699993134,31.8500003815,31.3500003815,32.5699996948,1.4641783272333342,0,-0.34818411069161836,-2.725369195418248,4.5258628663560785,4.364262684021769,4.346393343513566,10.341230124313672,3.0,0.0,0.8096948789980033,3.34490201336346,4.5258628663560785,4.5258628663560785
APA,2026-03-04,oos,True,True,D-1,30.9500007629,31.3500003815,30.4599990845,31.1000003815,32.5699996948,33.4199981689,7.980605315398903,1,-2.725369195418248,4.5258628663560785,4.364262684021769,4.346393343513566,0.5048906428001709,11.285812185847188,4.0,0.0,0.8339288122842808,2.9199321402212375,4.5258628663560785,4.5258628663560785
APA,2026-03-05,oos,True,True,D-1,31.6900005341,32.5699996948,31.6599998474,32.3800010681,33.4199981689,33.7799987793,6.595134774299094,1,4.5258628663560785,4.364262684021769,4.346393343513566,0.5048906428001709,-2.3547880408680832,11.709770872955794,4.0,1.0,0.7000002043625554,5.401924042416928,4.5258628663560785,6.387649368900094
APA,2026-03-06,oos,True,True,D-1,32.8899993896,33.4199981689,32.1899986267,32.6800003052,33.7799987793,32.6800003052,2.70598785715217,0,4.364262684021769,4.346393343513566,0.5048906428001709,-2.3547880408680832,4.115757784239182,11.271479874911705,4.0,2.0,0.8891972701077171,1.2353233415858922,4.364262684021769,4.364262684021769
APA,2026-03-09,oos,True,True,D-1,33.2299995422,33.7799987793,32.3100013733,32.5900001526,32.6800003052,33.1300010681,-0.3009283041758848,0,4.346393343513566,0.5048906428001709,-2.3547880408680832,4.115757784239182,0.9264954515259438,7.606188350901766,4.0,0.0,0.7708983264485192,2.264375326772128,4.346393343513566,4.346393343513566
APA,2026-03-10,oos,True,True,D-1,32.0600013733,32.6800003052,31.5400009155,31.8199996948,33.1300010681,34.1599998474,6.550213300517549,1,0.5048906428001709,-2.3547880408680832,4.115757784239182,0.9264954515259438,-0.2753982611979233,2.840011370563267,3.0,0.0,0.6415666457548606,3.651422587075581,4.115757784239182,4.115757784239182
APA,2026-03-11,oos,True,True,D-1,31.7299995422,33.1300010681,31.5200004578,32.9700012207,34.1599998474,34.5900001526,9.01355389745997,1,-2.3547880408680832,4.115757784239182,0.9264954515259438,-0.2753982611979233,-2.362689334748491,-0.09419367767865561,2.0,1.0,0.4096387756993231,6.159645202071773,4.115757784239182,6.7473385748402
APA,2026-03-12,oos,True,True,D-1,33.2000007629,34.1599998474,32.9000015259,33.6100006104,34.5900001526,35.0400009155,5.542169006984321,1,4.115757784239182,0.9264954515259438,-0.2753982611979233,-2.362689334748491,3.6140840255505458,6.012864360967596,3.0,2.0,0.6415937344314521,2.45677139402547,4.115757784239182,4.115757784239182
APA,2026-03-13,oos,True,True,D-1,33.3499984741,34.5900001526,33.3499984741,34.4700012207,35.0400009155,36.0,7.946031925482777,1,0.9264954515259438,-0.2753982611979233,-2.362689334748491,3.6140840255505458,1.9411567061095036,3.7986395976736587,3.0,0.0,0.7916669075126817,1.6364154329405523,3.6140840255505458,0.9264954515259438
APA,2026-03-16,oos,True,True,D-1,34.2400016785,35.0400009155,33.8600006104,34.5400009155,36.0,36.7700004578,7.389014764238877,1,-0.2753982611979233,-2.362689334748491,3.6140840255505458,1.9411567061095036,2.558764042491224,5.477358931404841,3.0,0.0,0.9609123961467309,0.3481256966940238,3.6140840255505458,3.6140840255505458
APA,2026-03-17,oos,True,True,D-1,34.7999992371,36.0,34.5999984741,35.8699989319,36.7700004578,39.0299987793,12.155171364746554,1,-2.362689334748491,3.6140840255505458,1.9411567061095036,2.558764042491224,0.2030742452018508,5.983432813038614,4.0,0.0,0.8579545639244877,1.447596950628971,3.6140840255505458,3.6140840255505458
APA,2026-03-18,oos,True,True,D-1,35.9599990845,36.7700004578,35.8699989319,36.6100006104,39.0299987793,39.5200004578,9.899892836300129,1,3.6140840255505458,1.9411567061095036,2.558764042491224,0.2030742452018508,3.8506021457664685,12.727841847722733,5.0,0.0,0.9709819014766773,0.36242283794547525,3.8506021457664685,3.6140840255505458
APA,2026-03-19,oos,True,True,D-1,37.0,39.0299987793,36.9300003052,38.0600013733,39.5200004578,39.4900016785,6.810812048108117,1,1.9411567061095036,2.558764042491224,0.2030742452018508,3.8506021457664685,2.0630100377335037,11.040337442919634,5.0,0.0,0.9586563587702468,0.4370386362532619,3.8506021457664685,2.558764042491224
APA,2026-03-20,oos,True,True,D-1,38.3400001526,39.5200004578,38.1100006104,39.1100006104,39.4900016785,41.4500007629,8.111634319044448,1,2.558764042491224,0.2030742452018508,3.8506021457664685,2.0630100377335037,3.960668502387543,13.24010914038194,5.0,0.0,0.8292258179789219,2.548600554387992,3.960668502387543,3.8506021457664685
APA,2026-03-23,oos,True,True,D-1,38.1699981689,39.4900016785,37.6399993896,39.0299987793,41.4500007629,41.6899986267,9.221903659057574,1,0.2030742452018508,3.8506021457664685,2.0630100377335037,3.960668502387543,2.7587997877388526,13.460978315584104,5.0,0.0,0.9275618624639468,1.0483248299693937,3.960668502387543,3.8506021457664685
APA,2026-03-24,oos,True,True,D-1,39.7200012207,41.4500007629,39.7200012207,40.7999992371,41.6899986267,43.2200012207,8.81168150160072,1,3.8506021457664685,2.0630100377335037,3.960668502387543,2.7587997877388526,-0.20455594439117153,12.99941443193504,4.0,1.0,0.9004062030618323,1.2554488696522315,3.960668502387543,3.960668502387543
APA,2026-03-25,oos,True,True,D-1,40.1899986267,41.6899986267,39.9300003052,41.3199996948,43.2200012207,44.5400009155,10.823594021996552,1,2.0630100377335037,3.960668502387543,2.7587997877388526,-0.20455594439117153,4.534974412396697,13.744077089491192,4.0,0.0,0.8835123095858365,1.5931410243972266,4.534974412396697,3.960668502387543
APA,2026-03-26,oos,True,True,D-1,41.8300018311,43.2200012207,41.7999992371,42.7999992371,44.5400009155,45.6599998474,9.156102913322028,1,3.960668502387543,2.7587997877388526,-0.20455594439117153,4.534974412396697,1.274510949566765,12.865334624064474,4.0,0.0,0.922269104543843,0.8954475668753847,4.534974412396697,3.960668502387543
APA,2026-03-27,oos,True,True,D-1,43.25,44.5400009155,43.2000007629,44.3899993896,45.6599998474,44.2999992371,5.572253982427755,1,2.7587997877388526,-0.20455594439117153,4.534974412396697,1.274510949566765,3.581799499592564,12.454013906382123,4.0,0.0,0.9247308520117099,0.98131306328606,4.534974412396697,4.534974412396697
APA,2026-03-30,oos,True,True,D-1,45.0,45.6599998474,43.0900001526,43.7400016785,44.2999992371,42.4599990845,-1.5555572508888837,0,-0.20455594439117153,4.534974412396697,1.274510949566765,3.581799499592564,3.7149536935546124,13.500380201466843,4.0,0.0,0.9782606532278358,0.3379173867146923,4.534974412396697,4.534974412396697
APA,2026-03-31,oos,True,True,D-1,43.5800018311,44.2999992371,40.9199981689,42.4399986267,42.4599990845,43.9300003052,0.8031171624463429,0,4.534974412396697,1.274510949566765,3.581799499592564,3.7149536935546124,-1.4642886236495123,12.067648082269478,4.0,0.0,0.6767679103039346,4.3895704051693185,4.534974412396697,4.534974412396697
APA,2026-04-01,oos,True,True,D-1,41.3499984741,42.4599990845,40.3699989319,41.3499984741,43.9300003052,43.1100006104,6.239424247418079,1,1.274510949566765,3.581799499592564,3.7149536935546124,-1.4642886236495123,-2.972114773463763,4.019606422219546,3.0,1.0,0.43804511728395445,7.587185025671084,3.7149536935546124,8.10783675215825
APA,2026-04-02,oos,True,True,D-1,43.5800018311,43.9300003052,40.9900016785,42.0400009155,43.1100006104,44.2799987793,1.606234324892708,0,3.581799499592564,3.7149536935546124,-1.4642886236495123,-2.972114773463763,-2.5683322051623714,0.07260111210447562,2.0,2.0,0.18525507988638412,10.423220150780942,3.7149536935546124,9.179066891279497
APA,2026-04-06,oos,True,True,D-1,42.0,43.1100006104,41.75,43.0200004578,44.2799987793,39.4000015259,5.428568522142863,1,3.7149536935546124,-1.4642886236495123,-2.972114773463763,-2.5683322051623714,1.668687948881531,-1.7756970447355025,2.0,3.0,0.3156903014339378,8.610844084366608,3.7149536935546124,4.657455399830246
APA,2026-04-07,oos,True,True,D-1,43.4500007629,44.2799987793,42.7700004578,42.9599990845,39.4000015259,39.8499984741,-8.285390622763533,0,-1.4642886236495123,-2.972114773463763,-2.5683322051623714,1.668687948881531,2.3311120860101564,-3.0862783298910568,2.0,4.0,0.5009453813392258,6.136679129489275,2.3311120860101564,0.0
APA,2026-04-08,oos,True,True,D-1,36.9799995422,39.4000015259,35.1300010681,38.75,39.8499984741,39.1300010681,7.760949073633383,1,-2.972114773463763,-2.5683322051623714,1.668687948881531,2.3311120860101564,-0.13947320469896995,-1.7832706082940186,2.0,4.0,0.6590330665300519,3.1191810548326426,2.3311120860101564,1.668687948881531
APA,2026-04-09,oos,True,True,D-1,39.2599983215,39.8499984741,37.9300003052,38.9700012207,39.1300010681,39.7999992371,1.3754481372564964,0,-2.5683322051623714,1.668687948881531,2.3311120860101564,-0.13947320469896995,-9.799811858047658,-8.694624755191526,2.0,1.0,0.39562839753161483,14.27096459174193,2.3311120860101564,12.256729037103897
APA,2026-04-10,oos,True,True,D-1,38.6199989319,39.1300010681,38.2799987793,38.6300010681,39.7999992371,38.8199996948,3.0554125785470454,1,1.668687948881531,2.3311120860101564,-0.13947320469896995,-9.799811858047658,0.5677450856774069,-5.7557372218302145,3.0,2.0,0.41967225280282516,13.62585935917151,2.3311120860101564,11.6188168086101
APA,2026-04-13,oos,True,True,D-1,39.6300010681,39.7999992371,38.9500007629,39.4900016785,38.8199996948,37.0200004578,-2.043909541935396,0,2.3311120860101564,-0.13947320469896995,-9.799811858047658,0.5677450856774069,-0.8724663637408314,-8.111322010325516,2.0,3.0,0.3825137568849712,14.625932060524004,2.3311120860101564,2.640786748977897
APA,2026-04-14,oos,True,True,D-1,38.8199996948,38.8199996948,36.7999992371,37.0299987793,37.0200004578,37.9399986267,-2.266875515246014,0,-0.13947320469896995,-9.799811858047658,0.5677450856774069,-0.8724663637408314,2.226250547816244,-8.205482895711992,2.0,4.0,0.47650291814424905,12.129645219559148,2.226250547816244,0.5677450856774069
APA,2026-04-15,oos,True,True,D-1,36.7200012207,37.0200004578,35.9900016785,36.5999984741,37.9399986267,35.9500007629,3.3224329124266427,1,-9.799811858047658,0.5677450856774069,-0.8724663637408314,2.226250547816244,-6.229432247756339,-13.803539179635472,2.0,3.0,0.4025421091936935,7.615446361765454,2.226250547816244,4.709609555159011
APA,2026-04-16,oos,True,True,D-1,36.5999984741,37.9399986267,36.5800018311,37.9000015259,35.9500007629,36.5900001526,-0.027317819444927505,0,0.5677450856774069,-0.8724663637408314,2.226250547816244,-6.229432247756339,-1.161221494396525,-5.548391034580646,2.0,4.0,0.15803038911724782,8.879781790974285,2.226250547816244,9.544566783729302
APA,2026-04-17,oos,True,True,D-1,34.6199989319,35.9500007629,33.4300003052,35.7400016785,36.5900001526,37.6599998474,8.781054330706084,1,-0.8724663637408314,2.226250547816244,-6.229432247756339,-1.161221494396525,3.551921054641438,-2.745700952741148,2.0,3.0,0.5013126171403212,5.0131863712501,3.551921054641438,2.226250547816244
APA,2026-04-20,oos,True,True,D-1,35.9599990845,36.5900001526,35.5900001526,35.9700012207,37.6599998474,38.2400016785,6.340385572987306,1,2.226250547816244,-6.229432247756339,-1.161221494396525,3.551921054641438,-5.699207811176221,-7.481230415979756,2.0,4.0,0.36263763903190954,11.359813564425103,3.551921054641438,4.575968666543961
APA,2026-04-21,oos,True,True,D-1,36.2000007629,37.6599998474,35.8300018311,37.5999984741,38.2400016785,39.0200004578,7.790054241628952,1,-6.229432247756339,-1.161221494396525,3.551921054641438,-5.699207811176221,0.6435353424685486,-8.913649805480862,2.0,4.0,0.47124326588996074,7.923264880124292,3.551921054641438,8.644269939854766
APA,2026-04-22,oos,True,True,D-1,37.7299995422,38.2400016785,37.6500015259,38.0600013733,39.0200004578,38.5900001526,3.4190324178434484,1,-1.161221494396525,3.551921054641438,-5.699207811176221,0.6435353424685486,4.531546283245524,1.5392916921148636,3.0,3.0,0.9246119114991327,0.904255761696926,4.531546283245524,3.551921054641438
APA,2026-04-23,oos,True,True,D-1,38.3899993896,39.0200004578,37.9799995422,38.6599998474,38.5900001526,38.6199989319,0.5991131699843333,0,3.551921054641438,-5.699207811176221,0.6435353424685486,4.531546283245524,1.2234120156064954,3.9890791258725633,4.0,0.0,0.9625779098111753,0.4729382519840897,4.531546283245524,3.551921054641438
APA,2026-04-24,oos,True,True,D-1,38.5900001526,38.5900001526,37.2000007629,37.7299995422,38.6199989319,39.5,2.358123461522421,0,-5.699207811176221,0.6435353424685486,4.531546283245524,1.2234120156064954,1.5764541577786728,2.0052725353602696,4.0,0.0,0.9355991769995645,0.9311966161950513,4.531546283245524,4.531546283245524
APA,2026-04-27,oos,True,True,D-1,38.1199989319,38.6199989319,37.8600006104,38.4300003052,39.5,40.3899993896,5.954880695970832,1,0.6435353424685486,4.531546283245524,1.2234120156064954,1.5764541577786728,-2.405587969143641,5.567984807614357,4.0,1.0,0.623906472065231,3.4190324178434484,4.531546283245524,5.398603086169085
APA,2026-04-28,oos,True,True,D-1,39.3400001526,39.5,38.4399986267,38.6500015259,40.3899993896,40.8400001526,3.8129130507918108,1,4.531546283245524,1.2234120156064954,1.5764541577786728,-2.405587969143641,1.8552896143480435,6.839029749835879,4.0,2.0,0.8150468944839797,1.5352592972011303,4.531546283245524,5.126475261796659
APA,2026-04-29,oos,True,True,D-1,39.7999992371,40.3899993896,39.3100013733,40.3199996948,40.8400001526,40.4399986267,2.6130676769725802,0,1.2234120156064954,1.5764541577786728,-2.405587969143641,1.8552896143480435,0.5724725968067057,2.7925614213077044,4.0,0.0,0.6304353234604834,2.1992197685436032,1.8552896143480435,1.5764541577786728
APA,2026-04-30,oos,True,True,D-1,39.5200004578,40.8400001526,39.0699996948,40.7299995422,40.4399986267,42.0600013733,6.427127748169537,1,1.5764541577786728,-2.405587969143641,1.8552896143480435,0.5724725968067057,4.32082303484751,5.937988018795637,4.0,0.0,0.978056512559565,0.17361035548080217,4.32082303484751,1.8552896143480435
APA,2026-05-01,oos,True,True,D-1,40.3300018311,40.4399986267,38.9500007629,40.1300010681,42.0600013733,42.0900001526,4.363992664495231,1,-2.405587969143641,1.8552896143480435,0.5724725968067057,4.32082303484751,1.0168647085899485,5.354370675040787,4.0,0.0,0.9697800470210887,0.270072702274482,4.32082303484751,1.8552896143480435
APA,2026-05-04,oos,True,True,D-1,40.5999984741,42.0600013733,39.9799995422,42.0200004578,42.0900001526,39.8499984741,3.669955011083359,1,1.8552896143480435,0.5724725968067057,4.32082303484751,1.0168647085899485,-1.473111909756697,6.360990074266137,4.0,1.0,0.7617452370560306,1.769247609276503,4.32082303484751,4.792049791142617
APA,2026-05-05,oos,True,True,D-1,41.7400016785,42.0900001526,41.1800003052,41.4799995422,39.8499984741,36.75,-4.528038160989178,0,0.5724725968067057,4.32082303484751,1.0168647085899485,-1.473111909756697,4.709691849977027,9.34166048422913,4.0,0.0,0.9889500317264773,0.09519494303711351,4.709691849977027,4.32082303484751
APA,2026-05-06,oos,True,True,D-1,39.4300003052,39.8499984741,38.1899986267,38.2999992371,36.75,36.2900009155,-6.7968559078265045,0,4.32082303484751,1.0168647085899485,-1.473111909756697,4.709691849977027,-1.2851044971841863,7.322116182592042,3.0,0.0,0.8057322519230552,1.4705897230770537,4.709691849977027,4.32082303484751
APA,2026-05-07,oos,True,True,D-1,36.5,36.75,35.3600006104,36.2400016785,36.2900009155,37.0999984741,1.6438314358903972,0,1.0168647085899485,-1.473111909756697,4.709691849977027,-1.2851044971841863,-7.666346046761152,-5.009921808011608,2.0,1.0,0.028205273682454672,9.895563945152098,4.709691849977027,13.562621836105738
APA,2026-05-08,oos,True,True,D-1,36.2099990845,36.2900009155,35.1699981689,35.5600013733,37.0999984741,37.5,3.5625543996553155,1,-1.473111909756697,4.709691849977027,-1.2851044971841863,-7.666346046761152,-5.3785838110527955,-11.02381024838449,1.0,2.0,0.13075796849346188,16.14237914776535,4.709691849977027,17.342280860420587
APA,2026-05-11,oos,True,True,D-1,36.7000007629,37.0999984741,36.0299987793,36.7000007629,37.5,37.4000015259,2.1798343882017734,0,4.709691849977027,-1.2851044971841863,-7.666346046761152,-5.3785838110527955,-1.8763804462057387,-11.387987972003245,1.0,3.0,0.05635882841054739,18.36332544183479,4.709691849977027,11.863733412322164
APA,2026-05-12,oos,True,True,D-1,37.1399993896,37.5,36.3199996948,37.0900001526,37.4000015259,37.3199996948,0.7000596138211357,0,-1.2851044971841863,-7.666346046761152,-5.3785838110527955,-1.8763804462057387,3.205847428498587,-12.660636927509783,1.0,4.0,0.22109857737091737,14.686646533121461,3.205847428498587,0.0
APA,2026-05-13,oos,True,True,D-1,37.2299995422,37.4000015259,36.1399993896,36.9700012207,37.3199996948,39.0499992371,4.888529995379254,1,-7.666346046761152,-5.3785838110527955,-1.8763804462057387,3.205847428498587,1.0626686146945508,-10.583412338598997,2.0,4.0,0.4102568073695771,7.441354300740066,3.205847428498587,0.0
APA,2026-05-14,oos,True,True,D-1,36.7299995422,37.3199996948,36.5800018311,37.1100006104,39.0499992371,40.4599990845,10.155185376505415,1,-5.3785838110527955,-1.8763804462057387,3.205847428498587,1.0626686146945508,-0.3235344605184265,-3.472579746455129,2.0,1.0,0.7725328915085926,1.4335914573982977,3.205847428498587,3.205847428498587
APA,2026-05-15,oos,True,True,D-1,37.5499992371,39.0499992371,37.3699989319,38.9799995422,40.4599990845,41.2000007629,9.720377097088551,1,-1.8763804462057387,3.205847428498587,1.0626686146945508,-0.3235344605184265,0.378683757309739,2.4006591931703403,3.0,2.0,0.8326184192671299,1.0509280064272097,3.205847428498587,3.205847428498587
APA,2026-05-18,oos,True,True,D-1,38.7999992371,40.4599990845,38.4199981689,40.1500015259,41.2000007629,41.5800018311,7.164955280055252,1,3.205847428498587,1.0626686146945508,-0.3235344605184265,0.378683757309739,5.039070064784457,9.617542285776981,4.0,0.0,0.9768212965931143,0.17957849082121946,5.039070064784457,3.205847428498587
APA,2026-05-19,oos,True,True,D-1,40.8600006104,41.2000007629,39.8100013733,40.9099998474,41.5800018311,40.4000015259,1.7621174986393484,0,1.0626686146945508,-0.3235344605184265,0.378683757309739,5.039070064784457,3.001544375169507,9.400546842733615,4.0,0.0,0.9282413008116724,0.7720984976800516,5.039070064784457,1.0626686146945508
APA,2026-05-20,oos,True,True,D-1,40.9599990845,41.5800018311,39.1599998474,39.3199996948,40.4000015259,39.1699981689,-1.3671815701087442,0,-0.3235344605184265,0.378683757309739,5.039070064784457,3.001544375169507,1.8928973664166238,10.29927117574363,4.0,0.0,0.9426875816614919,0.7088753766358868,5.039070064784457,5.039070064784457
APA,2026-05-21,oos,True,True,D-1,40.2900009155,40.4000015259,37.8899993896,38.3400001526,39.1699981689,39.1399993896,-2.7798528695717195,0,0.378683757309739,5.039070064784457,3.001544375169507,1.8928973664166238,-3.8865806857270147,6.3565009372631875,4.0,0.0,0.5479995727400009,5.747716566230987,5.039070064784457,7.1063223675386205
APA,2026-05-22,oos,True,True,D-1,38.1500015259,39.1699981689,37.8499984741,38.7999992371,39.1399993896,37.2900009155,2.595013955708203,0,5.039070064784457,3.001544375169507,1.8928973664166238,-3.8865806857270147,-2.4923691500679412,3.3144692049810853,3.0,1.0,0.23040393176078855,8.450708569651066,5.039070064784457,11.321151962575847
APA,2026-05-26,oos,True,True,D-1,38.5200004578,39.1399993896,37.4500007629,37.5,37.2900009155,37.3400001526,-3.063344473457974,0,3.001544375169507,1.8928973664166238,-3.8865806857270147,-2.4923691500679412,1.1997889480154678,-0.46177605750129525,3.0,2.0,0.2546916643431872,7.164955280055252,3.001544375169507,4.324027746828252
APA,2026-05-27,oos,True,True,D-1,36.5,37.2900009155,36.1100006104,36.6199989319,37.3400001526,36.4799995422,2.3013702810958936,0,1.8928973664166238,-3.8865806857270147,-2.4923691500679412,1.1997889480154678,-3.350513563559465,-6.600252615658153,2.0,3.0,0.012106349677481976,10.880004882933324,1.8928973664166238,4.083821073397975
APA,2026-05-28,oos,True,True,D-1,37.3300018311,37.3400001526,36.1399993896,36.5299987793,36.4799995422,38.4300003052,2.9466874367618745,0,-3.8865806857270147,-2.4923691500679412,1.1997889480154678,-3.350513563559465,-2.3466695149333305,-10.486435911763149,1.0,4.0,0.09323550414760871,13.544519508107623,1.1997889480154678,6.818346546118503
APA,2026-05-29,oos,True,True,D-1,36.1599998474,36.4799995422,35.7599983215,36.4300003052,38.4300003052,38.4099998474,6.277656159788991,1,-2.4923691500679412,1.1997889480154678,-3.350513563559465,-2.3466695149333305,-0.2457677641317435,-7.095628019216327,1.0,4.0,0.09790165017972967,10.594040174983444,1.1997889480154678,3.7864588698821255
APA,2026-06-01,oos,True,True,D-1,37.4300003052,38.4300003052,37.2999992371,37.75,38.4099998474,38.7900009155,3.6334507058795484,1,1.1997889480154678,-3.350513563559465,-2.3466695149333305,-0.2457677641317435,-0.27374343674128054,-4.981741887840019,1.0,4.0,0.19648152893931908,7.521267748408178,1.1997889480154678,1.7186273757645587
APA,2026-06-02,oos,True,True,D-1,37.6399993896,38.4099998474,37.5200004578,37.8100013733,38.7900009155,38.4199981689,3.0552644647963145,1,-3.350513563559465,-2.3466695149333305,-0.2457677641317435,-0.27374343674128054,3.6233864500176516,-2.7061836539831963,1.0,4.0,0.5887577069964182,3.68211758834438,3.6233864500176516,0.0
APA,2026-06-03,oos,True,True,D-1,38.2400016785,38.7900009155,37.7999992371,38.3300018311,38.4199981689,38.1500015259,0.47070209858595113,0,-2.3466695149333305,-0.2457677641317435,-0.27374343674128054,3.6233864500176516,0.15894403523177836,0.8266703287999944,2.0,1.0,0.7677908347315808,1.639774952078743,3.6233864500176516,0.0
APA,2026-06-04,oos,True,True,D-1,37.5600013733,38.4199981689,37.4099998474,38.2200012207,38.1500015259,37.75,1.5708203701489065,0,-0.2457677641317435,-0.27374343674128054,3.6233864500176516,0.15894403523177836,1.3752987011717233,4.66958751795703,3.0,0.0,0.8481852506295238,1.2001019108399014,3.6233864500176516,3.6233864500176516
APA,2026-06-05,oos,True,True,D-1,38.0299987793,38.1500015259,36.5499992371,36.5699996948,37.75,37.2599983215,-0.7362576604982851,0,-0.27374343674128054,3.6233864500176516,0.15894403523177836,1.3752987011717233,-0.2869830554267039,4.626341357442509,3.0,1.0,0.8118814498942297,1.4913649309129084,3.6233864500176516,3.6233864500176516
APA,2026-06-08,oos,True,True,D-1,37.2999992371,37.75,36.9799995422,37.6599998474,37.2599983215,38.5299987793,3.2975859714672318,1,3.6233864500176516,0.15894403523177836,1.3752987011717233,-0.2869830554267039,-4.317115314497566,0.3842969761930659,3.0,2.0,0.00892876906872953,6.070553019489533,3.6233864500176516,8.21509543050607
APA,2026-06-09,oos,True,True,D-1,37.0999984741,37.2599983215,35.6199989319,36.6100006104,38.5299987793,38.7000007629,4.312674810261741,1,0.15894403523177836,1.3752987011717233,-0.2869830554267039,-4.317115314497566,2.9805856212653747,-0.23841100026489315,3.0,3.0,0.4955356154433134,3.0005339157695543,2.9805856212653747,2.840503712721276
APA,2026-06-10,oos,True,True,D-1,37.5600013733,38.5299987793,37.2000007629,38.0,38.7000007629,37.6500015259,3.0351420338615487,1,1.3752987011717233,-0.2869830554267039,-4.317115314497566,2.9805856212653747,-2.7881020744945473,-3.173765457060762,2.0,4.0,0.31230317319098594,5.954657931583629,2.9805856212653747,1.3752987011717233
APA,2026-06-11,oos,True,True,D-1,38.6699981689,38.7000007629,36.5299987793,36.7799987793,37.6500015259,35.3499984741,-2.6376950899892226,0,-0.2869830554267039,-4.317115314497566,2.9805856212653747,-2.7881020744945473,3.7967751063219923,-0.8609491660191981,2.0,0.0,0.8178698257412146,1.394733629736855,3.7967751063219923,2.9805856212653747
APA,2026-06-12,oos,True,True,D-1,36.2900009155,37.6500015259,36.2000007629,37.0200004578,35.3499984741,34.4700012207,-2.5902519087524056,0,-4.317115314497566,2.9805856212653747,-2.7881020744945473,3.7967751063219923,-3.2105295281578905,-3.767667177938472,2.0,0.0,0.376623103182825,5.220233951395836,3.7967751063219923,2.9805856212653747
APA,2026-06-15,oos,True,True,D-1,34.7299995422,35.3499984741,34.3899993896,34.7700004578,34.4700012207,34.5800018311,-0.43189666880858457,0,2.9805856212653747,-2.7881020744945473,3.7967751063219923,-3.2105295281578905,0.6525331334025886,1.2305189137422623,3.0,1.0,0.4545456797489818,4.538088288289099,3.7967751063219923,6.375721270006196
APA,2026-06-16,oos,True,True,D-1,33.8499984741,34.4700012207,33.7999992371,34.2599983215,34.5800018311,33.3600006104,2.156583131188494,0,-2.7881020744945473,3.7967751063219923,-3.2105295281578905,0.6525331334025886,-6.077795710901812,-7.673922998699966,2.0,2.0,0.0881672731136627,11.302848010801148,3.7967751063219923,9.261697314615368
APA,2026-06-17,oos,True,True,D-1,34.2000007629,34.5800018311,33.7200012207,33.9300003052,33.3600006104,34.2299995422,0.08771572699068919,0,3.7967751063219923,-3.2105295281578905,0.6525331334025886,-6.077795710901812,-1.4667878331465323,-6.419017344218303,2.0,3.0,0.09387733493101207,12.959727550872802,3.7967751063219923,11.252210282359322
APA,2026-06-18,oos,True,True,D-1,33.3400001526,33.3600006104,32.4900016785,33.0299987793,34.2299995422,34.3600006104,3.0593894814978206,1,-3.2105295281578905,0.6525331334025886,-6.077795710901812,-1.4667878331465323,-0.9632166738692161,-10.710525512631586,1.0,4.0,0.04216849473990661,14.058356660164751,0.6525331334025886,3.0684092954391895
APA,2026-06-22,oos,True,True,D-1,33.6599998474,34.2299995422,33.1199989319,34.2000007629,34.3600006104,33.5299987793,2.0796220028921564,0,0.6525331334025886,-6.077795710901812,-1.4667878331465323,-0.9632166738692161,-2.6525243672398835,-10.195758902826613,1.0,4.0,0.10465060402513233,13.987293119415334,0.6525331334025886,4.242724617527993
APA,2026-06-23,oos,True,True,D-1,33.7999992371,34.3600006104,33.7999992371,34.2200012207,33.5299987793,33.6500015259,-0.4437802206674557,0,-6.077795710901812,-1.4667878331465323,-0.9632166738692161,-2.6525243672398835,3.5422404687863285,-7.617503133514525,1.0,4.0,0.5979024476638466,3.362566332008732,3.5422404687863285,0.0
APA,2026-06-24,oos,True,True,D-1,33.2099990845,33.5299987793,32.6399993896,33.3300018311,33.6500015259,33.3600006104,1.3249095258342392,0,-1.4667878331465323,-0.9632166738692161,-2.6525243672398835,3.5422404687863285,0.05848086945570152,-1.5818211960265338,2.0,3.0,0.8277509166914878,1.0520181109234805,3.5422404687863285,0.0
APA,2026-06-25,oos,True,True,D-1,33.0400009155,33.6500015259,32.7599983215,33.4199981689,33.3600006104,33.5800018311,1.634385292485474,0,-0.9632166738692161,-2.6525243672398835,3.5422404687863285,0.05848086945570152,-2.600816358421487,-2.714525790902844,2.0,4.0,0.40191391926695447,3.7503748314638097,3.5422404687863285,6.086096937771468
APA,2026-06-26,oos,True,True,D-1,33.1500015259,33.3600006104,32.6199989319,33.0099983215,33.5800018311,33.4199981689,1.2971350992670105,0,-2.6525243672398835,3.5422404687863285,0.05848086945570152,-2.600816358421487,0.27001600016722804,-1.5031008892205433,3.0,2.0,0.4973246104772285,2.8126944733789516,3.5422404687863285,5.880063447343287
APA,2026-06-29,oos,True,True,D-1,33.1100006104,33.5800018311,32.8199996948,32.9599990845,33.4199981689,32.8100013733,0.9362656381305845,0,3.5422404687863285,0.05848086945570152,-2.600816358421487,0.27001600016722804,-1.226809903842363,-0.060552402480062995,3.0,3.0,0.22413736401461734,4.089676938943443,3.5422404687863285,4.502346955493463
APA,2026-06-30,oos,True,True,D-1,33.0,33.4199981689,32.4900016785,32.5699996948,32.8100013733,32.8100013733,-0.5757534142424303,0,0.05848086945570152,-2.600816358421487,0.27001600016722804,-1.226809903842363,-0.15146694802294913,-3.625735820875031,2.0,4.0,0.19540219805598202,4.247577563066063,0.27001600016722804,1.6464346405131391
APA,2026-07-01,oos,True,True,D-1,32.3400001526,32.8100013733,31.7700004578,31.8700008392,32.8100013733,32.8899993896,1.7006779047766374,0,-2.600816358421487,0.27001600016722804,-1.226809903842363,-0.15146694802294913,-1.1832506084121786,-4.821745958623447,1.0,3.0,0.06896381622748375,3.315940562542985,0.27001600016722804,1.6029413230183254
