ticker,date,regime,position_independent_daily_evaluation,holding_state_ignored_for_candidate_generation,feature_cutoff,entry_open_d0,entry_high_d0,entry_low_d0,entry_close_d0,future_high_d1,future_high_d2,forward_max_return_pct,label_2d3pct,ret_d5_pct,ret_d4_pct,ret_d3_pct,ret_d2_pct,ret_d1_pct,cumulative_ret5_pct,up_days5,days_since_high5,close_pos5,pullback_from_high5_pct,single_up_day5_pct,fade_after_surge_score
STLD,2020-06-16,stress,True,True,D-1,28.1100006104,28.7600002289,27.5799999237,28.1299991608,28.0900001526,27.5200004578,-0.07115068433189986,0,-0.7437434545891741,-1.8392401375111667,-11.207493325486716,3.2434541568991504,1.1733514950974078,-9.63488975270933,2.0,3.0,0.3279068539868368,10.81182696033125,3.2434541568991504,0.0
STLD,2020-06-17,stress,True,True,D-1,27.8799991608,28.0900001526,27.2900009155,27.3799991608,27.5200004578,27.6800003052,-0.7173560316357741,0,-1.8392401375111667,-11.207493325486716,3.2434541568991504,1.1733514950974078,5.237559455957896,-4.189378147234457,3.0,4.0,0.6534880739879649,5.296842242627431,5.237559455957896,3.2434541568991504
STLD,2020-06-18,stress,True,True,D-1,27.2700004578,27.5200004578,26.6700000763,26.7700004578,27.6800003052,27.5400009155,1.5034830968722268,0,-11.207493325486716,3.2434541568991504,1.1733514950974078,5.237559455957896,-2.666192756397756,-4.996532093162442,3.0,1.0,0.598836961093366,5.04017936595027,5.237559455957896,3.2434541568991504
STLD,2020-06-19,stress,True,True,D-1,27.3899993896,27.6800003052,26.4799995422,27.1700000763,27.5400009155,27.9500007629,2.044546863015384,0,3.2434541568991504,1.1733514950974078,5.237559455957896,-2.666192756397756,-2.2278989105059543,4.6111774058747335,3.0,2.0,0.42151178426469593,7.433693451881029,5.237559455957896,10.072251043489832
STLD,2020-06-22,stress,True,True,D-1,27.1700000763,27.5400009155,26.9300003052,27.2199993134,27.9500007629,26.9500007629,2.8708159161191293,0,1.1733514950974078,5.237559455957896,-2.666192756397756,-2.2278989105059543,1.4942084858405424,2.8387585080773103,3.0,3.0,0.5377907250773175,5.852043239362881,5.237559455957896,6.0045393352000325
STLD,2020-06-23,stress,True,True,D-1,27.9099998474,27.9500007629,27.2299995422,27.2399997711,26.9500007629,26.7099990845,-3.439624112321271,0,5.237559455957896,-2.666192756397756,-2.2278989105059543,1.4942084858405424,0.18402369142285213,1.8331454530196023,3.0,4.0,0.32456120540518324,5.657608208468545,5.237559455957896,5.237559455957896
STLD,2020-06-24,stress,True,True,D-1,26.9500007629,26.9500007629,25.7999992371,25.8700008392,26.7099990845,26.4599990845,-0.8905442360149785,0,-2.666192756397756,-2.2278989105059543,1.4942084858405424,0.18402369142285213,0.07347706908336082,-3.1638799013554264,3.0,4.0,0.47204965264651616,3.1204125867937638,1.4942084858405424,1.4942084858405424
STLD,2020-06-25,stress,True,True,D-1,25.6800003052,26.7099990845,25.3500003815,26.7000007629,26.4599990845,26.0200004578,3.0373783879669825,1,-2.2278989105059543,1.4942084858405424,0.18402369142285213,0.07347706908336082,-5.029364696814298,-5.514968472905835,3.0,1.0,0.032558861591483065,8.040200449271895,1.4942084858405424,6.453791543344201
STLD,2020-06-26,stress,True,True,D-1,26.3700008392,26.4599990845,25.3500003815,25.4200000763,26.0200004578,26.3600006104,-0.03792274737106638,0,1.4942084858405424,0.18402369142285213,0.07347706908336082,-5.029364696814298,3.208349040492986,-0.2614855947064565,4.0,2.0,0.519230839755907,4.681647806306022,3.208349040492986,3.4765837161549906
STLD,2020-06-29,stress,True,True,D-1,25.5300006866,26.0200004578,25.4799995422,25.7399997711,26.3600006104,26.2199993134,3.251076778214279,1,0.18402369142285213,0.07347706908336082,-5.029364696814298,3.208349040492986,-4.794009925192877,-6.440927475471369,3.0,3.0,0.026922955589071006,9.952795747466636,3.208349040492986,1.923493147558808
STLD,2020-06-30,stress,True,True,D-1,25.7000007629,26.3600006104,25.5400009155,26.0900001526,26.2199993134,26.6399993896,3.6575820964836803,1,0.07347706908336082,-5.029364696814298,3.208349040492986,-4.794009925192877,1.2588500937824376,-5.437177000851056,3.0,4.0,0.1499997432269606,8.58586251535758,3.208349040492986,6.803858270342655
STLD,2020-07-01,stress,True,True,D-1,26.1700000763,26.2199993134,25.2000007629,25.5200004578,26.6399993896,26.7399997711,2.1780653157743135,0,-5.029364696814298,3.208349040492986,-4.794009925192877,1.2588500937824376,1.359752853972318,-4.2217313809234325,3.0,4.0,0.46249974668912197,3.2962844203521247,3.208349040492986,3.208349040492986
STLD,2020-07-02,stress,True,True,D-1,26.0599994659,26.6399993896,25.7999992371,25.9699993134,26.7399997711,25.9300003052,2.609364233064526,0,3.208349040492986,-4.794009925192877,1.2588500937824376,1.359752853972318,-2.184743930494748,-1.3529198687526,3.0,4.0,0.21192056330296113,4.663003939470101,3.208349040492986,4.063047234962314
STLD,2020-07-06,stress,True,True,D-1,26.6900005341,26.7399997711,25.4400005341,25.9500007629,25.9300003052,25.6900005341,-2.847509230766032,0,-4.794009925192877,1.2588500937824376,1.359752853972318,-2.184743930494748,1.7633183680545894,-2.7340877477215253,3.0,0.0,0.5347217255787116,2.579900246105482,1.7633183680545894,1.8197024074338652
STLD,2020-07-07,stress,True,True,D-1,25.6000003815,25.9300003052,25.4200000763,25.5900001526,25.6900005341,24.9899997711,0.3515630908546452,0,1.2588500937824376,1.359752853972318,-2.184743930494748,1.7633183680545894,-0.07700635744599671,2.084975157392477,3.0,0.0,0.4870133006622027,3.044312080828293,1.7633183680545894,1.359752853972318
STLD,2020-07-08,stress,True,True,D-1,25.6399993896,25.6900005341,24.6599998474,24.8999996185,24.9899997711,25.8199996948,0.7020292881637635,0,1.359752853972318,-2.184743930494748,1.7633183680545894,-0.07700635744599671,-1.3872855480400736,-0.5827491058038592,2.0,1.0,0.2532465200453876,4.493941428848158,1.7633183680545894,3.226541975472741
STLD,2020-07-09,stress,True,True,D-1,24.8400001526,24.9899997711,24.0,24.5100002289,25.8199996948,26.3400001526,6.0386473058978485,1,-2.184743930494748,1.7633183680545894,-0.07700635744599671,-1.3872855480400736,-2.6963678389423262,-4.5611365547708065,1.0,2.0,0.11538450956915261,7.389558959000664,1.7633183680545894,5.809565433685348
STLD,2020-07-10,stress,True,True,D-1,24.6000003815,25.8199996948,24.4899997711,25.7999992371,26.3400001526,26.5599994659,7.967475829284876,1,1.7633183680545894,-0.07700635744599671,-1.3872855480400736,-2.6963678389423262,-1.5662626328324936,-3.9576810767309345,1.0,3.0,0.18613148595091178,9.098325260603545,1.7633183680545894,5.983716637924341
STLD,2020-07-13,stress,True,True,D-1,26.1599998474,26.3400001526,25.4599990845,25.5599994659,26.5599994659,27.25,4.166667274305547,1,-0.07700635744599671,-1.3872855480400736,-2.6963678389423262,-1.5662626328324936,5.263153799072384,-0.6546017743338295,1.0,4.0,0.6569340830190554,3.643413030215492,5.263153799072384,0.0
STLD,2020-07-14,stress,True,True,D-1,25.5599994659,26.5599994659,25.2999992371,26.4699993134,27.25,27.2900009155,6.76839391920967,1,-1.3872855480400736,-2.6963678389423262,-1.5662626328324936,5.263153799072384,-0.9302316988245685,-1.5028951273002522,1.0,0.0,0.6666663949430377,3.05164594287497,5.263153799072384,0.0
STLD,2020-07-15,stress,True,True,D-1,26.9200000763,27.25,26.1900005341,27.0100002289,27.2900009155,27.4200000763,1.8573551210357975,0,-2.6963678389423262,-1.5662626328324936,5.263153799072384,-0.9302316988245685,3.5602498689956796,3.438839998250609,2.0,0.0,0.9648436830949262,0.3400081406667699,5.263153799072384,5.263153799072384
STLD,2020-07-16,stress,True,True,D-1,26.8199996948,27.2900009155,26.5900001526,27.0300006866,27.4200000763,26.7399997711,2.237137913227971,0,-1.5662626328324936,5.263153799072384,-0.9302316988245685,3.5602498689956796,2.040048845889597,8.473898163565941,3.0,0.0,0.9261539165846157,0.8885589376752545,5.263153799072384,5.263153799072384
STLD,2020-07-17,stress,True,True,D-1,27.1200008392,27.4200000763,26.7000007629,26.8099994659,26.7399997711,27.3199996948,0.7374588842597563,0,5.263153799072384,-0.9302316988245685,3.5602498689956796,2.040048845889597,0.07404834331914412,10.281519519239502,4.0,0.0,0.9071428133449168,0.9618950140422688,5.263153799072384,5.263153799072384
STLD,2020-07-20,stress,True,True,D-1,26.4500007629,26.7399997711,26.1200008392,26.4799995422,27.3199996948,27.9200000763,5.55765319849022,1,-0.9302316988245685,3.5602498689956796,2.040048845889597,0.07404834331914412,-0.8139149652669708,3.9147296847498847,3.0,0.0,0.7122639769189011,2.2752727435741527,3.5602498689956796,4.3007191814912975
STLD,2020-07-21,stress,True,True,D-1,26.7099990845,27.3199996948,26.3700008392,27.0599994659,27.9200000763,28.3500003815,6.140027529808867,1,3.5602498689956796,2.040048845889597,0.07404834331914412,-0.8139149652669708,-1.2308837384339744,3.5993743956348245,3.0,1.0,0.5566036971689526,3.5498510209638123,3.5602498689956796,5.595030225744468
STLD,2020-07-22,stress,True,True,D-1,26.9699993134,27.9200000763,26.8299999237,27.7199993134,28.3500003815,27.9599990845,5.116800531078791,1,2.040048845889597,0.07404834331914412,-0.8139149652669708,-1.2308837384339744,2.1903320760095824,2.2289390547937105,3.0,2.0,0.7230762910268478,1.3303792221195598,2.1903320760095824,2.040048845889597
STLD,2020-07-23,stress,True,True,D-1,27.8600006104,28.3500003815,27.3400001526,27.5599994659,27.9599990845,28.3999996185,1.9382591395149529,0,0.07404834331914412,-0.8139149652669708,-1.2308837384339744,2.1903320760095824,2.4390238748219772,2.628652641551321,3.0,0.0,0.8888884179627632,0.721503491536235,2.4390238748219772,0.07404834331914412
STLD,2020-07-24,stress,True,True,D-1,27.6299991608,27.9599990845,27.2900009155,27.8299999237,28.3999996185,28.2800006866,2.7868276550382154,0,-0.8139149652669708,-1.2308837384339744,2.1903320760095824,2.4390238748219772,-0.5772000413530098,1.9607797478256916,2.0,0.0,0.6457394270201504,2.8664765272490955,2.4390238748219772,2.1903320760095824
STLD,2020-07-27,stress,True,True,D-1,27.7700004578,28.3999996185,27.3799991608,28.3700008392,28.2800006866,28.0699996948,1.8365150176177014,0,-1.2308837384339744,2.1903320760095824,2.4390238748219772,-0.5772000413530098,0.979682376750679,3.8045523242078216,3.0,1.0,0.7668158903460245,1.868488894091458,2.4390238748219772,2.4390238748219772
STLD,2020-07-28,stress,True,True,D-1,28.2800006866,28.2800006866,27.2999992371,27.3299999237,28.0699996948,27.75,-0.7425777464691086,0,2.1903320760095824,2.4390238748219772,-0.5772000413530098,0.979682376750679,1.9403554329158856,7.137467257082042,4.0,0.0,0.9852222673206011,0.1057411999034974,2.4390238748219772,2.4390238748219772
STLD,2020-07-29,stress,True,True,D-1,27.5900001526,28.0699996948,27.3700008392,27.9899997711,27.75,27.4300003052,0.5799197046576499,0,2.4390238748219772,-0.5772000413530098,0.979682376750679,1.9403554329158856,-3.6658473201840236,0.9977844165896865,3.0,1.0,0.3184713994888351,3.9151104931841596,2.4390238748219772,4.235646229729717
STLD,2020-07-30,stress,True,True,D-1,27.4699993134,27.75,27.0799999237,27.5699996948,27.4300003052,28.2800006866,2.948676350366264,0,-0.5772000413530098,0.979682376750679,1.9403554329158856,-3.6658473201840236,2.4149280982165733,0.9740276493061861,3.0,2.0,0.6306303365113023,1.4648083270916379,2.4149280982165733,3.279802231856188
STLD,2020-07-31,stress,True,True,D-1,27.3899993896,27.4300003052,26.8099994659,27.4099998474,28.2800006866,28.2199993134,3.249365888405009,1,0.979682376750679,1.9403554329158856,-3.6658473201840236,2.4149280982165733,-1.5005361905492176,0.0362853015014597,3.0,3.0,0.3712120336317513,3.010518436300691,2.4149280982165733,1.9403554329158856
STLD,2020-08-03,stress,True,True,D-1,27.5499992371,28.2800006866,27.4099998474,28.1399993896,28.2199993134,28.8199996948,4.60980215197162,1,1.9403554329158856,-3.6658473201840236,2.4149280982165733,-1.5005361905492176,-0.5803404032324933,-1.5091630522870658,2.0,4.0,0.3773586942862046,3.6118196884773246,2.4149280982165733,4.487096474219399
STLD,2020-08-04,stress,True,True,D-1,28.1599998474,28.2199993134,27.7600002289,27.9099998474,28.8199996948,28.2299995422,2.3437494707974516,0,-3.6658473201840236,2.4149280982165733,-1.5005361905492176,-0.5803404032324933,2.6632599279975633,-0.8107206302306436,2.0,4.0,0.9047611015361376,0.49751705770022525,2.6632599279975633,2.4149280982165733
STLD,2020-08-05,stress,True,True,D-1,28.2999992371,28.8199996948,28.0599994659,28.1599998474,28.2299995422,28.5200004578,0.7773894933947201,0,2.4149280982165733,-1.5005361905492176,-0.5803404032324933,2.6632599279975633,-0.8173402529816687,2.1222097523572847,2.0,1.0,0.7482989578581383,1.3256927310032474,2.6632599279975633,2.4149280982165733
STLD,2020-08-06,stress,True,True,D-1,28.0900001526,28.2299995422,27.8999996185,27.9899997711,28.5200004578,30.2199993134,7.582766640187599,1,-1.5005361905492176,-0.5803404032324933,2.6632599279975633,-0.8173402529816687,0.8957363001321772,0.6073600489112208,2.0,0.0,0.6716419043587911,2.3437494707974516,2.6632599279975633,2.6632599279975633
STLD,2020-08-07,stress,True,True,D-1,27.6399993896,28.5200004578,27.4200000763,28.4899997711,30.2199993134,31.0900001526,12.481913311105641,1,-0.5803404032324933,2.6632599279975633,-0.8173402529816687,0.8957363001321772,-0.6036934560413321,1.5233952881733792,2.0,1.0,0.5870647616024257,2.9653445176408555,2.6632599279975633,2.6632599279975633
STLD,2020-08-10,stress,True,True,D-1,28.8299999237,30.2199993134,28.6599998474,30.1900005341,31.0900001526,30.8899993896,7.8390573530391805,1,2.6632599279975633,-0.8173402529816687,0.8957363001321772,-0.6036934560413321,1.7863522832760381,3.940167565533348,3.0,2.0,0.7659574755922762,1.1583008997941402,2.6632599279975633,2.6632599279975633
STLD,2020-08-11,stress,True,True,D-1,31.0400009155,31.0900001526,30.2199993134,30.3099994659,30.8899993896,30.7299995422,-0.48325232434222043,0,-0.8173402529816687,0.8957363001321772,-0.6036934560413321,1.7863522832760381,5.967008693079978,7.285007778847508,3.0,0.0,0.9892861473308585,0.09936660738416592,5.967008693079978,0.8957363001321772
STLD,2020-08-12,stress,True,True,D-1,30.7800006866,30.8899993896,30.3199996948,30.6800003052,30.7299995422,31.1100006104,1.072124484856385,0,0.8957363001321772,-0.6036934560413321,1.7863522832760381,5.967008693079978,0.39747906484617346,8.59906711437539,4.0,0.0,0.7874657573614069,2.5734104270689118,5.967008693079978,1.7863522832760381
STLD,2020-08-13,stress,True,True,D-1,30.2900009155,30.7299995422,30.1299991608,30.5599994659,31.1100006104,31.4699993134,3.895669733361329,1,-0.6036934560413321,1.7863522832760381,5.967008693079978,0.39747906484617346,1.2207220251398088,8.948865310568067,4.0,1.0,0.8882834226495849,1.3363749782313583,5.967008693079978,5.967008693079978
STLD,2020-08-14,stress,True,True,D-1,30.3899993896,31.1100006104,30.3299999237,30.9500007629,31.4699993134,31.3600006104,3.553800412939778,1,1.7863522832760381,5.967008693079978,0.39747906484617346,1.2207220251398088,-0.39113702120681104,9.181849645649343,4.0,2.0,0.8555856469533558,1.734295471082703,5.967008693079978,5.967008693079978
STLD,2020-08-17,stress,True,True,D-1,31.0,31.4699993134,30.8400001526,30.8799991608,31.3600006104,30.7700004578,1.1612922916129031,0,5.967008693079978,0.39747906484617346,1.2207220251398088,-0.39113702120681104,1.2761822768851072,8.634612185204027,4.0,0.0,0.934693960134085,0.5169623378225907,5.967008693079978,5.967008693079978
STLD,2020-08-18,stress,True,True,D-1,31.3400001526,31.3600006104,30.2600002289,30.3899993896,30.7700004578,30.3299999237,-1.8187609828480222,0,0.39747906484617346,1.2207220251398088,-0.39113702120681104,1.2761822768851072,-0.22617641478028805,2.2855204189898393,3.0,0.0,0.5597014287981813,1.9106223077524076,1.2761822768851072,1.2207220251398088
STLD,2020-08-19,stress,True,True,D-1,30.4699993134,30.7700004578,30.0799999237,30.1700000763,30.3299999237,30.0,-0.4594663369041463,0,1.2207220251398088,-0.39113702120681104,1.2761822768851072,-0.22617641478028805,-1.5867868669569796,0.26393904688122305,2.0,1.0,0.1940299993962848,3.553800412939778,1.2761822768851072,3.085556620976493
STLD,2020-08-20,stress,True,True,D-1,29.7800006866,30.3299999237,29.5400009155,30.1800003052,30.0,30.3199996948,1.8132941428808724,0,-0.39113702120681104,1.2761822768851072,-0.22617641478028805,-1.5867868669569796,-0.7239200977914084,-1.6623214596694802,1.0,2.0,0.06474833965173388,4.308913602294662,1.2761822768851072,3.5754021725944773
STLD,2020-08-21,stress,True,True,D-1,29.8299999237,30.0,29.4200000763,29.5900001526,30.3199996948,30.2600002289,1.6426408727902686,0,1.2761822768851072,-0.22617641478028805,-1.5867868669569796,-0.7239200977914084,0.03314626740043014,-1.2434527727136158,2.0,3.0,0.3316061766664545,4.27435054723222,1.2761822768851072,1.967196059767462
STLD,2020-08-24,stress,True,True,D-1,29.8799991608,30.3199996948,29.7900009155,30.2999992371,30.2600002289,30.1100006104,1.2717572917422704,0,-0.22617641478028805,-1.5867868669569796,-0.7239200977914084,0.03314626740043014,-1.954937530263523,-4.394186031588876,1.0,4.0,0.08292689734874592,6.353494934452741,0.03314626740043014,1.9224392516843825
STLD,2020-08-25,stress,True,True,D-1,30.1399993896,30.2600002289,29.5100002289,29.8400001526,30.1100006104,30.2399997711,0.33178627579701914,0,-1.5867868669569796,-0.7239200977914084,0.03314626740043014,-1.954937530263523,2.399456170457692,-1.878238145926736,2.0,4.0,0.45360768996295514,3.4983544554090695,2.399456170457692,0.03314626740043014
STLD,2020-08-26,stress,True,True,D-1,29.8999996185,30.1100006104,29.4400005341,29.7299995422,30.2399997711,30.3999996185,1.672240824012028,0,-0.7239200977914084,0.03314626740043014,-1.954937530263523,2.399456170457692,-1.5181488319536585,-1.8098033828464644,2.0,4.0,0.3111110797119426,3.116622990764184,2.399456170457692,0.03314626740043014
STLD,2020-08-27,stress,True,True,D-1,29.9500007629,30.2399997711,29.4899997711,29.7900009155,30.3999996185,30.5200004578,1.903170886079164,0,0.03314626740043014,-1.954937530263523,2.399456170457692,-1.5181488319536585,-0.36863475146602376,-1.4584041530899428,2.0,4.0,0.34065881086212796,2.0181647855336715,2.399456170457692,4.280643329703815
STLD,2020-08-28,stress,True,True,D-1,30.0499992371,30.3999996185,29.8999996185,30.2000007629,30.5200004578,30.1399993896,1.5640640021039598,0,-1.954937530263523,2.399456170457692,-1.5181488319536585,-0.36863475146602376,0.20182096947169992,-1.2922444856065973,2.0,3.0,0.41111221782145574,1.7791163578791291,2.399456170457692,2.5670139346812393
STLD,2020-08-31,stress,True,True,D-1,30.2800006866,30.5200004578,29.4799995422,29.5200004578,30.1399993896,30.8700008392,1.9484813052236705,0,2.399456170457692,-1.5181488319536585,-0.36863475146602376,0.20182096947169992,1.3763002175225747,2.061509317857846,3.0,0.0,0.7916676600530301,0.662247849495734,2.399456170457692,2.399456170457692
STLD,2020-09-01,stress,True,True,D-1,29.4799995422,30.1399993896,29.1700000763,30.1000003815,30.8700008392,31.1499996185,5.6648578773192515,1,-1.5181488319536585,-0.36863475146602376,0.20182096947169992,1.3763002175225747,-2.2516565825235535,-2.574253461844822,2.0,0.0,0.07407400865911516,3.387533822804434,1.3763002175225747,1.108166888915818
STLD,2020-09-02,stress,True,True,D-1,30.1100006104,30.8700008392,29.8799991608,30.7700004578,31.1499996185,31.0400009155,3.453998628418442,1,-0.36863475146602376,0.20182096947169992,1.3763002175225747,-2.2516565825235535,1.9647693587577564,0.8713144355575464,3.0,1.0,0.6888889202880575,1.3953490730124418,1.9647693587577564,1.707427299886255
STLD,2020-09-03,stress,True,True,D-1,30.7999992371,31.1499996185,30.1000003815,30.3099994659,31.0400009155,30.2299995422,0.7792262478724554,0,0.20182096947169992,1.3763002175225747,-2.2516565825235535,1.9647693587577564,2.225913846538674,3.4981531504020946,4.0,0.0,0.9411762726333063,0.3249931098868508,2.225913846538674,1.3763002175225747
STLD,2020-09-04,stress,True,True,D-1,30.8299999237,31.0400009155,30.2399997711,30.6599998474,30.2299995422,29.7700004578,-1.9461575834736178,0,1.3763002175225747,-2.2516565825235535,1.9647693587577564,2.225913846538674,-1.4949658272864652,1.745547279018167,3.0,0.0,0.5757574005968368,2.7713631389041593,2.225913846538674,1.9647693587577564
STLD,2020-09-08,stress,True,True,D-1,30.0599994659,30.2299995422,29.1100006104,29.3799991608,29.7700004578,29.6100006104,-0.9647339096894303,0,-2.2516565825235535,1.9647693587577564,2.225913846538674,-1.4949658272864652,1.1547356900938555,1.523175738012239,3.0,1.0,0.752525310912166,1.5981727773607624,2.225913846538674,2.5834068876936733
STLD,2020-09-09,stress,True,True,D-1,29.6499996185,29.7700004578,28.6900005341,29.3400001526,29.6100006104,29.8500003815,0.6745388383587292,0,1.9647693587577564,2.225913846538674,-1.4949658272864652,1.1547356900938555,-4.174822873355444,-0.4742591288239839,3.0,2.0,0.13235229494129494,6.024508196928768,2.225913846538674,5.294209199517108
STLD,2020-09-10,stress,True,True,D-1,29.6100006104,29.6100006104,28.8199996948,29.0599994659,29.8500003815,30.2199993134,2.060110403326876,0,2.225913846538674,-1.4949658272864652,1.1547356900938555,-4.174822873355444,-0.13614366692484836,-2.52491767198485,2.0,3.0,0.2642275855393393,6.169050635603379,2.225913846538674,6.531196629871571
STLD,2020-09-11,stress,True,True,D-1,29.2099990845,29.8500003815,29.0100002289,29.3299999237,30.2199993134,30.6499996185,4.929820537940799,1,-1.4949658272864652,1.1547356900938555,-4.174822873355444,-0.13614366692484836,-0.9543308972177589,-5.557364206884586,1.0,4.0,0.15040612581782387,7.192017174853982,1.1547356900938555,2.2439109931583934
STLD,2020-09-14,stress,True,True,D-1,29.5,30.2199993134,29.3400001526,30.0900001526,30.6499996185,30.7999992371,4.406777074915258,1,1.1547356900938555,-4.174822873355444,-0.13614366692484836,-0.9543308972177589,0.9291137741307631,-3.23325489762063,2.0,4.0,0.272340121587012,5.830211374866856,1.1547356900938555,1.1888196329976952
STLD,2020-09-15,stress,True,True,D-1,30.2999992371,30.6499996185,30.0799999237,30.3700008392,30.7999992371,31.5400009155,4.092414883237727,1,-4.174822873355444,-0.13614366692484836,-0.9543308972177589,0.9291137741307631,2.5912043330279078,-1.8590988181245494,2.0,4.0,0.9090912469010419,0.46526882316384466,2.5912043330279078,0.0
STLD,2020-09-16,stress,True,True,D-1,30.6299991608,30.7999992371,30.0,30.4599990845,31.5400009155,32.5499992371,6.2683647695204625,1,-0.13614366692484836,-0.9543308972177589,0.9291137741307631,2.5912043330279078,0.9305439853106945,3.369645019326284,3.0,0.0,0.8571434132145448,0.9219584180537588,2.5912043330279078,0.9291137741307631
STLD,2020-09-17,stress,True,True,D-1,30.1000003815,31.5400009155,29.8600006104,31.2600002289,32.5499992371,31.3299999237,8.13953097856377,1,-0.9543308972177589,0.9291137741307631,2.5912043330279078,0.9305439853106945,0.29633929144921023,3.817310586485312,4.0,0.0,0.8282827115176762,1.1162185253413615,2.5912043330279078,2.5912043330279078
STLD,2020-09-18,stress,True,True,D-1,31.4799995422,32.5499992371,31.1599998474,32.0299987793,31.3299999237,29.7800006866,-0.47649180648469125,0,0.9291137741307631,2.5912043330279078,0.9305439853106945,0.29633929144921023,2.6263991084855,7.570546467427008,5.0,0.0,0.8893278218923003,0.8957155615793466,2.6263991084855,2.5912043330279078
STLD,2020-09-21,stress,True,True,D-1,31.1700000763,31.3299999237,28.7600002289,29.3500003815,29.7800006866,30.1200008392,-3.368621220820478,0,2.5912043330279078,0.9305439853106945,0.29633929144921023,2.6263991084855,2.4632071169600644,9.205587666634374,5.0,0.0,0.8380060417116916,1.6234794805426667,2.6263991084855,2.5912043330279078
STLD,2020-09-22,stress,True,True,D-1,29.5900001526,29.7800006866,29.1599998474,29.3899993896,30.1200008392,29.4699993134,1.7911479684579623,0,0.9305439853106945,0.29633929144921023,2.6263991084855,2.4632071169600644,-8.36715110814179,-2.4592880270758566,4.0,1.0,0.1556729042206819,10.902892040904511,2.6263991084855,8.73644336124977
STLD,2020-09-23,stress,True,True,D-1,29.3199996948,30.1200008392,28.9699993134,29.0,29.4699993134,29.0100002289,0.5115948845886287,0,0.29633929144921023,2.6263991084855,2.4632071169600644,-8.36715110814179,0.13628281969364497,-3.2268733043137265,4.0,2.0,0.16622673497722273,10.751956152194442,2.6263991084855,10.868670386391855
STLD,2020-09-24,stress,True,True,D-1,28.8799991608,29.4699993134,28.4099998474,28.8700008392,29.0100002289,30.3899993896,5.228532800131047,1,2.6263991084855,2.4632071169600644,-8.36715110814179,0.13628281969364497,-1.3269799173184271,-4.793168510773016,3.0,3.0,0.06332449443409828,12.241376679655191,2.6263991084855,3.8189046517583813
STLD,2020-09-25,stress,True,True,D-1,28.5100002289,29.0100002289,28.3899993896,28.8600006104,30.3899993896,29.7000007629,6.594174484763005,1,2.4632071169600644,-8.36715110814179,0.13628281969364497,-1.3269799173184271,-0.4482729682758646,-7.6455514145852055,2.0,4.0,0.11111136705586105,12.746790062102331,2.4632071169600644,4.232511510290571
STLD,2020-09-28,stress,True,True,D-1,29.5900001526,30.3899993896,29.3700008392,29.9799995422,29.7000007629,29.1399993896,0.3717492724998772,0,-8.36715110814179,0.13628281969364497,-1.3269799173184271,-0.4482729682758646,-0.034638824071042684,-9.896966249491934,1.0,4.0,0.15986433177430634,8.558555998123962,0.13628281969364497,0.6190393355557156
STLD,2020-09-29,stress,True,True,D-1,29.2399997711,29.7000007629,28.5300006866,28.6599998474,29.1399993896,29.3099994659,0.23939704291375818,0,0.13628281969364497,-1.3269799173184271,-0.4482729682758646,-0.034638824071042684,3.880800097406789,2.1465047785727,2.0,0.0,0.7950000763000009,1.3675778974675534,3.880800097406789,0.13628281969364497
STLD,2020-09-30,stress,True,True,D-1,28.8700008392,29.1399993896,28.3600006104,28.6299991608,29.3099994659,30.0,3.9140946586522896,1,-1.3269799173184271,-0.4482729682758646,-0.034638824071042684,3.880800097406789,-4.402934339415054,-2.4838365340637547,1.0,1.0,0.13500022890000096,6.036285943514907,3.880800097406789,0.6930033221410503
STLD,2020-10-01,stress,True,True,D-1,28.6800003052,29.3099994659,28.6800003052,29.0900001526,30.0,31.1700000763,8.682007477693565,1,-0.4482729682758646,-0.034638824071042684,3.880800097406789,-4.402934339415054,-0.1046779021623867,-1.2758649627586216,1.0,2.0,0.13300429200573408,6.147398813793115,3.880800097406789,8.383803439684145
STLD,2020-10-02,stress,True,True,D-1,28.4200000763,30.0,28.3099994659,29.7000007629,31.1700000763,31.7000007629,11.541170576333881,1,-0.034638824071042684,3.880800097406789,-4.402934339415054,-0.1046779021623867,1.6067097634771432,0.7620343159161935,2.0,3.0,0.3596059020723564,4.46888700646435,3.880800097406789,3.880800097406789
STLD,2020-10-05,stress,True,True,D-1,30.0,31.1700000763,29.7000007629,30.9899997711,31.7000007629,32.1500015259,7.166671753000009,1,3.880800097406789,-4.402934339415054,-0.1046779021623867,1.6067097634771432,2.09694261636324,2.9106033774555673,3.0,4.0,0.6682698788408618,2.3232276396501605,3.880800097406789,3.880800097406789
STLD,2020-10-06,stress,True,True,D-1,31.4899997711,31.7000007629,30.6299991608,30.8700008392,32.1500015259,32.9399986267,4.60463279180694,1,-4.402934339415054,-0.1046779021623867,1.6067097634771432,2.09694261636324,4.343430892471267,3.3689134233585216,3.0,0.0,0.9370628437821119,0.5808335157454936,4.343430892471267,1.6067097634771432
STLD,2020-10-07,stress,True,True,D-1,31.4200000763,32.1500015259,31.2999992371,31.9400005341,32.9399986267,33.2700004578,5.887970646109109,1,-0.1046779021623867,1.6067097634771432,2.09694261636324,4.343430892471267,-0.3872182406787439,7.7110991052586675,3.0,0.0,0.7551623580691508,2.6886942051716156,4.343430892471267,2.09694261636324
STLD,2020-10-08,stress,True,True,D-1,32.2000007629,32.9399986267,31.8999996185,32.8400001526,33.2700004578,33.3699989319,3.6335346002477342,1,1.6067097634771432,2.09694261636324,4.343430892471267,-0.3872182406787439,3.4661472815422645,11.561304471961108,4.0,0.0,0.9453122710564377,0.6574858744156753,4.343430892471267,4.343430892471267
STLD,2020-10-09,stress,True,True,D-1,33.1399993896,33.2700004578,32.0499992371,32.5800018311,33.3699989319,33.1300010681,0.694023978685343,0,2.09694261636324,4.343430892471267,-0.3872182406787439,3.4661472815422645,2.8177821022236094,12.891027776996534,4.0,0.0,0.9784020535151184,0.3045020512647323,4.343430892471267,4.343430892471267
STLD,2020-10-12,stress,True,True,D-1,32.5800018311,33.3699989319,32.4799995422,33.2099990845,33.1300010681,33.4300003052,2.608957723533978,0,4.343430892471267,-0.3872182406787439,3.4661472815422645,2.8177821022236094,-0.7917123029593354,9.69697304451782,3.0,0.0,0.8067230572356308,2.1178593858805383,4.343430892471267,4.343430892471267
STLD,2020-10-13,stress,True,True,D-1,32.9900016785,33.1300010681,32.6100006104,32.7099990845,33.4300003052,33.4000015259,1.3337332655752654,0,-0.3872182406787439,3.4661472815422645,2.8177821022236094,-0.7917123029593354,1.9336931184534834,7.1635989990238125,3.0,0.0,0.941605890231236,0.4817821493848795,3.4661472815422645,3.4661472815422645
STLD,2020-10-14,stress,True,True,D-1,32.7099990845,33.4300003052,32.7000007629,33.2599983215,33.4000015259,33.75,3.1794587117332407,1,3.4661472815422645,2.8177821022236094,-0.7917123029593354,1.9336931184534834,-1.5055706527657309,5.96047358367251,3.0,1.0,0.681159446999933,2.0177311705054546,3.4661472815422645,3.4661472815422645
STLD,2020-10-15,stress,True,True,D-1,32.6599998474,33.4000015259,32.2700004578,33.3899993896,33.75,34.3600006104,5.205146267431271,1,2.8177821022236094,-0.7917123029593354,1.9336931184534834,-1.5055706527657309,1.6814406982378127,4.132741907723925,3.0,0.0,0.8888876422227834,0.5111304638584446,2.8177821022236094,2.8177821022236094
STLD,2020-10-16,stress,True,True,D-1,33.4000015259,33.75,33.1199989319,33.3899993896,34.3600006104,33.6500015259,2.8742486246761567,0,-0.7917123029593354,1.9336931184534834,-1.5055706527657309,1.6814406982378127,0.39086312285219194,1.6747845141421358,3.0,1.0,0.9710138517102233,0.1197990905398294,1.9336931184534834,1.9336931184534834
STLD,2020-10-19,stress,True,True,D-1,33.6899986267,34.3600006104,33.0800018311,33.1199989319,33.6500015259,32.2700004578,-0.11872099266961866,0,1.9336931184534834,-1.5055706527657309,1.6814406982378127,0.39086312285219194,0.0,2.486180211711342,3.0,0.0,0.7567562690831212,1.0781689637051395,1.9336931184534834,1.9336931184534834
STLD,2020-10-20,stress,True,True,D-1,32.2099990845,33.6500015259,31.5599994659,31.8799991608,32.2700004578,32.3199996948,0.34151075264370334,0,-1.5055706527657309,1.6814406982378127,0.39086312285219194,0.0,-0.8086267224793553,-0.27100317699798593,2.0,0.0,0.4066978048028294,3.743966541332444,1.6814406982378127,2.490067420717168
STLD,2020-10-21,stress,True,True,D-1,32.2400016785,32.2700004578,31.1700000763,31.1900005341,32.3199996948,32.6800003052,1.364759937321658,0,1.6814406982378127,0.39086312285219194,0.0,-0.8086267224793553,-3.7439607822742915,-2.5374501587598686,2.0,1.0,0.11428555860720704,7.779176646433039,1.6814406982378127,6.203753535626843
STLD,2020-10-22,stress,True,True,D-1,31.5499992371,32.3199996948,31.3500003815,32.1399993896,32.6800003052,32.2099990845,3.581619953800863,1,0.39086312285219194,0.0,-0.8086267224793553,-3.7439607822742915,-2.1643621231597465,-6.2236857843191995,1.0,2.0,0.006269734937723037,10.163514017366682,0.39086312285219194,6.218153159208728
STLD,2020-10-23,stress,True,True,D-1,32.4900016785,32.6800003052,32.0499992371,32.5800018311,32.2099990845,31.6800003052,-0.8618115713588614,0,0.0,-0.8086267224793553,-3.7439607822742915,-2.1643621231597465,3.045844306611545,-3.7436358875446385,1.0,3.0,0.3040749689321503,6.907284576733241,3.045844306611545,0.0
STLD,2020-10-26,stress,True,True,D-1,32.2099990845,32.2099990845,31.1700000763,31.3500003815,31.6800003052,30.9200000763,-1.6454479800188548,0,-0.8086267224793553,-3.7439607822742915,-2.1643621231597465,3.045844306611545,1.3690182011713903,-2.4258687430593118,2.0,4.0,0.4420067456815662,5.463470470406362,3.045844306611545,0.0
STLD,2020-10-27,stress,True,True,D-1,31.4200000763,31.6800003052,31.1599998474,31.3999996185,30.9200000763,31.9899997711,1.8141301509096763,0,-3.7439607822742915,-2.1643621231597465,3.045844306611545,1.3690182011713903,-3.7753265207796094,-5.344198694086311,2.0,4.0,0.0725807258012015,7.336526687116929,3.045844306611545,5.503837533442879
STLD,2020-10-28,stress,True,True,D-1,30.7199993134,30.9200000763,30.2600002289,30.5699996948,31.9899997711,31.7999992371,4.134116165640767,1,-2.1643621231597465,3.045844306611545,1.3690182011713903,-3.7753265207796094,0.1594871974212264,-1.5056447770871118,3.0,2.0,0.15789453869465792,4.076435357489161,3.045844306611545,6.667704792431406
STLD,2020-10-29,stress,True,True,D-1,30.4400005341,31.9899997711,30.2800006866,31.6200008392,31.7999992371,32.1500015259,5.617611569633163,1,3.045844306611545,1.3690182011713903,-3.7753265207796094,0.1594871974212264,-2.643311891032596,-1.9878192647741488,3.0,3.0,0.12809894881241723,6.902193756838382,3.045844306611545,5.533884744277017
STLD,2020-10-30,stress,True,True,D-1,31.3999996185,31.7999992371,31.0100002289,31.4799995422,32.1500015259,32.5699996948,3.726114937946279,1,1.3690182011713903,-3.7753265207796094,0.1594871974212264,-2.643311891032596,3.434743718949429,-1.6179171134902526,3.0,4.0,0.5619837055457207,3.3523068876263107,3.434743718949429,1.3690182011713903
STLD,2020-11-02,stress,True,True,D-1,32.1500015259,32.1500015259,31.4899997711,31.8899993896,32.5699996948,32.1800003052,1.3063706033159983,0,-3.7753265207796094,0.1594871974212264,-2.643311891032596,3.434743718949429,-0.44276183834389693,-3.3763113169931303,2.0,4.0,0.6256410406582613,2.3189312354385816,3.434743718949429,0.1594871974212264
STLD,2020-11-03,stress,True,True,D-1,32.4599990845,32.5699996948,31.9099998474,32.3199996948,32.1800003052,32.8100013733,1.0782572355866993,0,0.1594871974212264,-2.643311891032596,3.434743718949429,-0.44276183834389693,1.3024137654461532,1.7224848533611503,3.0,0.0,0.8624328265209639,0.8153093172676318,3.434743718949429,3.434743718949429
STLD,2020-11-04,stress,True,True,D-1,32.1800003052,32.1800003052,30.6000003815,30.7600002289,32.8100013733,32.9199981689,2.2995582867674003,0,-2.643311891032596,3.434743718949429,-0.44276183834389693,1.3024137654461532,1.348386056539841,2.9299365843239222,3.0,0.0,0.8917748667519293,0.7735148587894924,3.434743718949429,3.434743718949429
STLD,2020-11-05,stress,True,True,D-1,31.1599998474,32.8100013733,31.1000003815,32.25,32.9199981689,34.9399986267,12.130933240731089,1,3.434743718949429,-0.44276183834389693,1.3024137654461532,1.348386056539841,-4.826731066309364,0.6215261236405034,3.0,1.0,0.20960687781139772,5.884263499450326,3.434743718949429,6.978171697403745
STLD,2020-11-06,stress,True,True,D-1,32.8300018311,32.9199981689,31.9899997711,32.0400009155,34.9399986267,34.6100006104,6.427038312258615,1,-0.44276183834389693,1.3024137654461532,1.348386056539841,-4.826731066309364,4.843952405761343,1.9924071602774207,3.0,0.0,0.7466058271567163,1.736438366821691,4.843952405761343,1.5649692726939723
STLD,2020-11-09,stress,True,True,D-1,33.9000015259,34.9399986267,33.1500015259,33.3499984741,34.6100006104,34.0400009155,2.0943924853736418,0,1.3024137654461532,1.348386056539841,-4.826731066309364,4.843952405761343,-0.651159951937974,1.7789116310160669,3.0,0.0,0.6206904773016171,2.746558140621902,4.843952405761343,1.348386056539841
STLD,2020-11-10,stress,True,True,D-1,33.7599983215,34.6100006104,33.3600006104,33.9099998474,34.0400009155,33.7099990845,0.8293916111414168,0,1.348386056539841,-4.826731066309364,4.843952405761343,-0.651159951937974,4.088631464321391,4.578234908891643,3.0,0.0,0.6336403697032528,4.7676168676134,4.843952405761343,4.843952405761343
STLD,2020-11-11,stress,True,True,D-1,33.9799995422,34.0400009155,33.4199981689,33.8400001526,33.7099990845,34.7999992371,2.4131833606461317,0,-4.826731066309364,4.843952405761343,-0.651159951937974,4.088631464321391,1.6791646144598937,4.919554974054696,3.0,1.0,0.762672996368335,3.037448492878636,4.843952405761343,4.843952405761343
STLD,2020-11-12,stress,True,True,D-1,33.4199981689,33.7099990845,32.6300010681,33.1100006104,34.7999992371,37.3400001526,11.729509869775745,1,4.843952405761343,-0.651159951937974,4.088631464321391,1.6791646144598937,-0.20642788296966197,10.013003578609347,3.0,2.0,0.7135419331310887,3.250586492729335,4.843952405761343,4.843952405761343
STLD,2020-11-13,stress,True,True,D-1,33.4900016785,34.7999992371,33.4900016785,34.6199989319,37.3400001526,37.0600013733,11.49596381349729,1,-0.651159951937974,4.088631464321391,1.6791646144598937,-0.20642788296966197,-2.157209039326524,2.666668559379848,2.0,3.0,0.3796614487405293,5.527025015291587,4.088631464321391,6.447815305666471
STLD,2020-11-16,stress,True,True,D-1,35.2599983215,37.3400001526,35.2599983215,36.9099998474,37.0600013733,37.0200004578,5.104943668424489,1,4.088631464321391,1.6791646144598937,-0.20642788296966197,-2.157209039326524,4.560550569804889,8.05242803583026,3.0,4.0,0.8614718471850064,0.9243203485634677,4.560550569804889,4.088631464321391
STLD,2020-11-17,stress,True,True,D-1,36.1599998474,37.0600013733,35.9799995422,36.5699996948,37.0200004578,36.1800003052,2.3783202821607174,0,1.6791646144598937,-0.20642788296966197,-2.157209039326524,4.560550569804889,6.614676447577583,10.674667274916793,3.0,0.0,0.9087048006834922,1.1649967677534123,6.614676447577583,1.6791646144598937
STLD,2020-11-18,stress,True,True,D-1,36.7900009155,37.0200004578,35.6199989319,35.6300010681,36.1800003052,35.9900016785,-1.6580608728471224,0,-0.20642788296966197,-2.157209039326524,4.560550569804889,6.614676447577583,-0.9211599945968207,7.8442933039527984,2.0,1.0,0.8365179177350655,2.1055522675037963,6.614676447577583,4.560550569804889
STLD,2020-11-19,stress,True,True,D-1,35.5600013733,36.1800003052,35.3600006104,35.8199996948,35.9900016785,36.4700012207,2.559054590147647,0,-2.157209039326524,4.560550569804889,6.614676447577583,-0.9211599945968207,-2.570409172942012,5.289600790272075,2.0,2.0,0.6369427989641473,4.799323696992475,6.614676447577583,10.082568034117823
STLD,2020-11-20,stress,True,True,D-1,35.6100006104,35.9900016785,35.1800003052,35.25,36.4700012207,38.6399993896,8.508842255720372,1,4.560550569804889,6.614676447577583,-0.9211599945968207,-2.570409172942012,0.5332546197145849,8.18483550117719,3.0,3.0,0.6051945298094382,4.243440733531489,6.614676447577583,8.665537826465275
STLD,2020-11-23,stress,True,True,D-1,35.8699989319,36.4700012207,35.5200004578,36.2599983215,38.6399993896,38.4000015259,7.722332144360822,1,6.614676447577583,-0.9211599945968207,-2.570409172942012,0.5332546197145849,-1.591288943764979,1.8197605070388922,2.0,4.0,0.03240726840062618,5.929078447092184,6.614676447577583,7.681196393433609
STLD,2020-11-24,stress,True,True,D-1,36.7299995422,38.6399993896,36.6100006104,38.6300010681,38.4000015259,38.0400009155,4.54669753475303,1,-0.9211599945968207,-2.570409172942012,0.5332546197145849,-1.591288943764979,2.865243465248235,-1.761044509854659,2.0,4.0,0.5744667035702749,2.206296439141431,2.865243465248235,0.5332546197145849
STLD,2020-11-25,stress,True,True,D-1,38.3800010681,38.4000015259,37.2400016785,37.8800010681,38.0400009155,37.5800018311,-0.8858784344396353,0,-2.570409172942012,0.5332546197145849,-1.591288943764979,2.865243465248235,6.5361358419995685,5.633036342608766,3.0,0.0,0.9971103109405206,0.025882270834975962,6.5361358419995685,0.5332546197145849
STLD,2020-11-27,stress,True,True,D-1,37.8100013733,38.0400009155,37.2599983215,37.6500015259,37.5800018311,37.7599983215,-0.13224821471523596,0,0.5332546197145849,-1.591288943764979,2.865243465248235,6.5361358419995685,-1.9414961927591956,6.3149029821794045,3.0,1.0,0.780347247799405,2.0063313095838753,6.5361358419995685,2.865243465248235
STLD,2020-11-30,stress,True,True,D-1,37.5800018311,37.5800018311,36.1500015259,36.2099990845,37.7599983215,37.5499992371,0.47896881753486387,0,-1.591288943764979,2.865243465248235,6.5361358419995685,-1.9414961927591956,-0.6071793445478257,5.108882877421306,2.0,2.0,0.7138733740816372,2.629476291040689,6.5361358419995685,9.073023015448978
STLD,2020-12-01,stress,True,True,D-1,37.2200012207,37.7599983215,36.9300003052,37.3400001526,37.5499992371,37.7400016785,1.3970995183922863,0,2.865243465248235,6.5361358419995685,-1.9414961927591956,-0.6071793445478257,-3.8247075246714224,2.7234016581560327,2.0,3.0,0.22115348171030308,6.710854367682617,6.5361358419995685,10.944799877139644
STLD,2020-12-02,stress,True,True,D-1,37.2700004578,37.5499992371,36.9300003052,37.1599998474,37.7400016785,39.0900001526,4.883283263869931,1,6.5361358419995685,-1.9414961927591956,-0.6071793445478257,-3.8247075246714224,3.1206879223139916,2.978493880568167,2.0,4.0,0.4779115050852793,3.481519099322994,6.5361358419995685,7.35951263014325
STLD,2020-12-03,stress,True,True,D-1,37.1699981689,37.7400016785,36.7400016785,37.6100006104,39.0900001526,38.8400001526,5.165461604209742,1,-1.9414961927591956,-0.6071793445478257,-3.8247075246714224,3.1206879223139916,-0.4820575909597613,-3.8053356977872377,1.0,4.0,0.4488881428888887,3.336925951539693,3.1206879223139916,0.0
STLD,2020-12-04,stress,True,True,D-1,37.9500007629,39.0900001526,37.5999984741,38.8400001526,38.8400001526,39.0900001526,3.0039509006136056,1,-0.6071793445478257,-3.8247075246714224,3.1206879223139916,-0.4820575909597613,1.2109816061570466,-0.7127783793210551,2.0,4.0,0.7724865375797781,1.1433137413486172,3.1206879223139916,3.1206879223139916
STLD,2020-12-07,stress,True,True,D-1,38.4500007629,38.8400001526,38.1199989319,38.4199981689,39.0900001526,39.6899986267,3.2249618704727423,1,-3.8247075246714224,3.1206879223139916,-0.4820575909597613,1.2109816061570466,3.270405536393084,3.1606867954079076,3.0,0.0,0.9149659466743993,0.6436663208490456,3.270405536393084,3.1206879223139916
STLD,2020-12-08,stress,True,True,D-1,38.0099983215,39.0900001526,38.0099983215,38.4000015259,39.6899986267,40.2200012207,5.814267289640829,1,3.1206879223139916,-0.4820575909597613,1.2109816061570466,3.270405536393084,-1.081364526389894,6.103284010703036,3.0,1.0,0.7148925877679158,1.7438886403756904,3.270405536393084,3.1206879223139916
STLD,2020-12-09,stress,True,True,D-1,39.6599998474,39.6899986267,38.3899993896,38.7799987793,40.2200012207,40.1699981689,1.412005485261525,0,-0.4820575909597613,1.2109816061570466,3.270405536393084,-1.081364526389894,-0.05204748556231209,2.838782455725819,2.0,2.0,0.7063833724554857,1.7968713522956703,3.270405536393084,4.4032547252995435
STLD,2020-12-10,stress,True,True,D-1,38.4500007629,40.2200012207,38.3199996948,39.6100006104,40.1699981689,40.0,4.473335167419856,1,1.2109816061570466,3.270405536393084,-1.081364526389894,-0.05204748556231209,0.9895761414064008,4.359523516018915,3.0,0.0,0.6915251563377869,2.3465700774744302,3.270405536393084,3.270405536393084
STLD,2020-12-11,stress,True,True,D-1,40.1699981689,40.1699981689,38.4700012207,39.1300010681,40.0,38.7900009155,-0.423196854989194,0,3.270405536393084,-1.081364526389894,-0.05204748556231209,0.9895761414064008,2.1402832832038143,5.317734558735832,3.0,0.0,0.7671755836547877,1.5400166647304703,3.270405536393084,3.270405536393084
STLD,2020-12-14,stress,True,True,D-1,40.0,40.0,37.9099998474,37.9399986267,38.7900009155,38.9900016785,-2.5249958037499964,0,-1.081364526389894,-0.05204748556231209,0.9895761414064008,2.1402832832038143,-1.2118140239916309,0.7466552892909428,2.0,1.0,0.5067879082898179,2.7855868204629264,2.1402832832038143,0.9895761414064008
STLD,2020-12-15,stress,True,True,D-1,38.3499984741,38.7900009155,37.6199989319,38.6199989319,38.9900016785,38.6300010681,1.6688480570142161,0,-0.05204748556231209,0.9895761414064008,2.1402832832038143,-1.2118140239916309,-3.0411510578008283,-1.2493481652181448,2.0,2.0,0.012986476824966581,6.009495720949931,2.1402832832038143,6.35639526998707
STLD,2020-12-16,stress,True,True,D-1,38.9799995422,38.9900016785,37.7599983215,38.3199996948,38.6300010681,37.7799987793,-0.8978924530799071,0,0.9895761414064008,2.1402832832038143,-1.2118140239916309,-3.0411510578008283,1.7923045066255083,0.5729098886926076,3.0,3.0,0.38461504603580116,4.142937164812821,2.1402832832038143,3.443636521841398
STLD,2020-12-17,stress,True,True,D-1,38.5499992371,38.6300010681,37.2200012207,37.5900001526,37.7799987793,37.0099983215,-1.997407193354661,0,2.1402832832038143,-1.2118140239916309,-3.0411510578008283,1.7923045066255083,-0.7767976317891501,-1.1861761190810949,2.0,4.0,0.2692308256478809,4.958250368039074,2.1402832832038143,2.1402832832038143
STLD,2020-12-18,stress,True,True,D-1,37.5999984741,37.7799987793,36.0099983215,36.1199989319,37.0099983215,37.1699981689,-1.1436178793895246,0,-1.2118140239916309,-3.0411510578008283,1.7923045066255083,-0.7767976317891501,-1.9050092589094292,-5.099723369531151,1.0,4.0,0.12542349649743254,6.863522228854135,1.7923045066255083,4.459313330515524
STLD,2020-12-21,stress,True,True,D-1,35.5400009155,37.0099983215,35.5,36.9500007629,37.1699981689,36.9099998474,4.586373695587365,1,-3.0411510578008283,1.7923045066255083,-0.7767976317891501,-1.9050092589094292,-3.910617756670376,-7.692312941575274,1.0,4.0,0.02756906369055809,10.741974481824546,1.7923045066255083,7.533433891860186
STLD,2020-12-22,stress,True,True,D-1,37.0099983215,37.1699981689,35.9599990845,36.3400001526,36.9099998474,36.7999992371,-0.2701931333023211,0,1.7923045066255083,-0.7767976317891501,-1.9050092589094292,-3.910617756670376,2.297901039711725,-2.609377700671034,2.0,3.0,0.415472798145818,5.520976653533083,2.297901039711725,3.4948833496738385
STLD,2020-12-23,stress,True,True,D-1,36.4799995422,36.9099998474,36.2000007629,36.3699989319,36.7999992371,36.8300018311,0.9594361109986238,0,-0.7767976317891501,-1.9050092589094292,-3.910617756670376,2.297901039711725,-1.6508811845884375,-5.9036738538507,1.0,4.0,0.24068760705038675,7.292244124303893,2.297901039711725,0.0
STLD,2020-12-24,stress,True,True,D-1,36.6399993896,36.7999992371,35.9000015259,36.3800010681,36.8300018311,36.9500007629,0.8460736311802108,0,-1.9050092589094292,-3.910617756670376,2.297901039711725,-1.6508811845884375,0.08255030042385592,-5.0887285449655595,2.0,4.0,0.27795483546851113,6.213918621311154,2.297901039711725,3.8675947312538206
STLD,2020-12-28,stress,True,True,D-1,36.5699996948,36.8300018311,35.9300003052,35.9799995422,36.9500007629,36.9599990845,1.0664462481673187,0,-3.910617756670376,2.297901039711725,-1.6508811845884375,0.08255030042385592,0.02750106267181973,-3.2189387592122864,3.0,4.0,0.38596558738955805,3.848261874922243,2.297901039711725,2.297901039711725
STLD,2020-12-29,stress,True,True,D-1,36.1199989319,36.9500007629,36.0099983215,36.3699989319,36.9599990845,37.1500015259,2.8516130245240356,0,2.297901039711725,-1.6508811845884375,0.08255030042385592,0.02750106267181973,-1.0995093847062765,-0.3875952210407152,3.0,3.0,0.28742519072111644,3.307389221348611,2.297901039711725,3.370211738511153
STLD,2020-12-30,stress,True,True,D-1,36.2200012207,36.9599990845,36.2200012207,36.5900001526,37.1500015259,38.1100006104,5.218109679741967,1,-1.6508811845884375,0.08255030042385592,0.02750106267181973,-1.0995093847062765,1.0839338373047624,-1.5696936915420956,3.0,4.0,0.37007767586673673,2.1996130340777187,1.0839338373047624,0.11004380209054254
STLD,2020-12-31,stress,True,True,D-1,36.5800018311,37.1500015259,36.1500015259,36.8699989319,38.1100006104,38.4500007629,5.112079929449709,1,0.08255030042385592,0.02750106267181973,-1.0995093847062765,1.0839338373047624,0.6048975176269122,0.6879471627688316,4.0,0.0,0.6509435999185884,1.011202324014504,1.0839338373047624,0.08255030042385592
STLD,2021-01-04,stress,True,True,D-1,37.6599998474,38.1100006104,36.4900016785,36.6199989319,38.4500007629,41.4500007629,10.063730565207774,1,0.02750106267181973,-1.0995093847062765,1.0839338373047624,0.6048975176269122,0.7652330640400606,1.3747594574754052,4.0,0.0,0.775997924799998,0.759432064311083,1.0839338373047624,1.0839338373047624
STLD,2021-01-05,stress,True,True,D-1,36.7200012207,38.4500007629,36.6699981689,37.9500007629,41.4500007629,41.5999984741,13.289752426938971,1,-1.0995093847062765,1.0839338373047624,0.6048975176269122,0.7652330640400606,-0.6780580614112797,0.6596972423138281,3.0,0.0,0.31651308720193017,4.068819557506997,1.0839338373047624,1.0839338373047624
STLD,2021-01-06,stress,True,True,D-1,38.9900016785,41.4500007629,38.8600006104,40.6300010681,41.5999984741,40.1899986267,6.694015602054226,1,1.0839338373047624,0.6048975176269122,0.7652330640400606,-0.6780580614112797,3.631900245200237,5.475267497959346,4.0,0.0,0.7950821722485181,1.3175230301676333,3.631900245200237,1.0839338373047624
STLD,2021-01-07,stress,True,True,D-1,41.2999992371,41.5999984741,39.75,39.8499984741,40.1899986267,40.4599990845,-2.0338987121467755,0,0.6048975176269122,0.7652330640400606,-0.6780580614112797,3.631900245200237,7.061924245914586,11.712956451212776,4.0,0.0,0.8452830541794288,2.0182123387729956,7.061924245914586,0.7652330640400606
STLD,2021-01-08,stress,True,True,D-1,40.1399993896,40.1899986267,38.7299995422,39.4900016785,40.4599990845,42.0999984741,4.882907609131215,1,0.7652330640400606,-0.6780580614112797,3.631900245200237,7.061924245914586,-1.919770055365344,8.909533500694323,3.0,0.0,0.6788989027639761,4.39146817317293,7.061924245914586,3.631900245200237
STLD,2021-01-11,stress,True,True,D-1,38.9700012207,40.4599990845,38.5800018311,40.0099983215,42.0999984741,41.7000007629,8.031812048641696,1,-0.6780580614112797,3.631900245200237,7.061924245914586,-1.919770055365344,-0.903379697326645,7.1060559330072826,2.0,1.0,0.5870845168793791,5.343116500166589,7.061924245914586,9.867731185691042
STLD,2021-01-12,stress,True,True,D-1,40.2400016785,42.0999984741,39.7200012207,41.7799987793,41.7000007629,41.5900001526,3.628228189612792,1,3.631900245200237,7.061924245914586,-1.919770055365344,-0.903379697326645,1.3167805036663482,9.257235085954463,3.0,2.0,0.6774847760307601,3.9740070464976407,7.061924245914586,7.061924245914586
STLD,2021-01-13,stress,True,True,D-1,41.7000007629,41.7000007629,40.4700012207,40.7299995422,41.5900001526,39.8199996948,-0.2637904275480607,0,7.061924245914586,-1.919770055365344,-0.903379697326645,1.3167805036663482,4.423895356298635,10.092221184206718,3.0,0.0,0.9090909090960754,0.7659159984431119,7.061924245914586,7.061924245914586
STLD,2021-01-14,stress,True,True,D-1,41.1800003052,41.5900001526,40.2700004578,40.3800010681,39.8199996948,40.2200012207,-2.331226511377116,0,-1.919770055365344,-0.903379697326645,1.3167805036663482,4.423895356298635,-2.5131624408285758,0.24611979195470202,2.0,1.0,0.6107953868011686,3.3636114591176325,4.423895356298635,1.3167805036663482
STLD,2021-01-15,stress,True,True,D-1,39.6599998474,39.8199996948,38.3800010681,39.2000007629,40.2200012207,40.3199996948,1.6641448561257821,0,-0.903379697326645,1.3167805036663482,4.423895356298635,-2.5131624408285758,-0.8593137197003053,1.3299940132857735,2.0,2.0,0.5113639072865451,4.25952788633972,4.423895356298635,7.774775567175118
STLD,2021-01-19,stress,True,True,D-1,39.7400016785,40.2200012207,39.3300018311,39.7299995422,40.3199996948,40.4900016785,1.8872671573281874,0,1.3167805036663482,4.423895356298635,-2.5131624408285758,-0.8593137197003053,-2.9222394105685057,-0.7343654172541902,2.0,3.0,0.22043017919244132,7.397953200920959,4.423895356298635,8.18033728238995
STLD,2021-01-20,stress,True,True,D-1,40.0800018311,40.3199996948,39.4599990845,40.1800003052,40.4900016785,38.8300018311,1.0229536643430626,0,4.423895356298635,-2.5131624408285758,-0.8593137197003053,-2.9222394105685057,1.3520376759829311,-0.6998220221107521,2.0,4.0,0.3629030686748814,5.965262922751013,4.423895356298635,6.033606868697527
STLD,2021-01-21,stress,True,True,D-1,40.2099990845,40.4900016785,38.7200012207,38.7400016785,38.8300018311,39.25,-2.3874635820871126,0,-2.5131624408285758,-0.8593137197003053,-2.9222394105685057,1.3520376759829311,1.1326472896683981,-3.829579992454968,2.0,4.0,0.5421684947499467,3.782977715665381,1.3520376759829311,0.0
STLD,2021-01-22,stress,True,True,D-1,38.2799987793,38.8300018311,37.9000015259,38.7000007629,39.25,39.2599983215,2.5600824802793243,0,-0.8593137197003053,-2.9222394105685057,1.3520376759829311,1.1326472896683981,-3.583869128327599,-4.885828347820576,2.0,4.0,0.11214975485143333,7.3567329649386615,1.3520376759829311,3.843852111189383
STLD,2021-01-25,stress,True,True,D-1,39.25,39.25,37.9300003052,38.4399986267,39.2599983215,35.9500007629,0.025473430573241806,0,-2.9222394105685057,1.3520376759829311,1.1326472896683981,-3.583869128327599,-0.10325481122063218,-4.1604761286824115,2.0,1.0,0.3088799960868369,4.625325272127645,1.3520376759829311,5.035461098228311
STLD,2021-01-26,stress,True,True,D-1,38.9500007629,39.2599983215,36.1300010681,36.6100006104,35.9500007629,35.8899993896,-7.702182134120806,0,1.3520376759829311,1.1326472896683981,-3.583869128327599,-0.10325481122063218,-0.6718401319755207,-1.9387809219618246,2.0,2.0,0.2084930768277829,5.332994602075991,1.3520376759829311,2.126438911919104
STLD,2021-01-27,stress,True,True,D-1,35.9099998474,35.9500007629,34.5499992371,35.2799987793,35.8899993896,36.0,0.25062699243234565,0,1.1326472896683981,-3.583869128327599,-0.10325481122063218,-0.6718401319755207,-4.7606609825134205,-7.853005204508068,1.0,3.0,0.11009162272937462,10.598199954680654,1.1326472896683981,6.533164373129519
STLD,2021-01-28,stress,True,True,D-1,35.7999992371,35.8899993896,33.9199981689,35.1599998474,36.0,35.2799987793,0.5586613607877711,0,-3.583869128327599,-0.10325481122063218,-0.6718401319755207,-4.7606609825134205,-3.632892130360077,-12.195125656248063,0.0,4.0,0.12289549531362562,14.767582424795567,-0.10325481122063218,8.220603434686646
STLD,2021-01-29,stress,True,True,D-1,36.0,36.0,33.7700004578,34.2700004578,35.2799987793,35.4500007629,-1.527775658611119,0,-0.10325481122063218,-0.6718401319755207,-4.7606609825134205,-3.632892130360077,-0.3401330386961554,-9.241098802240977,0.0,2.0,0.23221004551774307,11.660974095263498,-0.10325481122063218,3.9606685026606914
STLD,2021-02-01,stress,True,True,D-1,34.9700012207,35.2799987793,33.9500007629,34.9199981689,35.4500007629,37.0,5.8049720001106975,1,-0.6718401319755207,-4.7606609825134205,-3.632892130360077,-0.3401330386961554,-2.5312838266858373,-11.447028986487362,0.0,3.0,0.09107471667812704,14.560833956931706,-0.3401330386961554,2.862807132784262
STLD,2021-02-02,stress,True,True,D-1,35.1800003052,35.4500007629,34.7000007629,35.3300018311,37.0,37.4500007629,6.452531091548819,1,-4.7606609825134205,-3.632892130360077,-0.3401330386961554,-2.5312838266858373,1.8966959510269277,-9.157129509768113,1.0,4.0,0.20947143143785404,12.428408877939834,1.8966959510269277,0.6825986335086687
STLD,2021-02-03,stress,True,True,D-1,36.6699981689,37.0,36.2099990845,36.8600006104,37.4500007629,38.3699989319,4.635944499287636,1,-3.632892130360077,-0.3401330386961554,-2.5312838266858373,1.8966959510269277,1.1741228055537345,-3.496309090299188,2.0,2.0,0.6995523289484549,1.8964000401217707,1.8966959510269277,0.0
STLD,2021-02-04,stress,True,True,D-1,36.8499984741,37.4500007629,36.4399986267,37.1699981689,38.3699989319,39.1500015259,6.241528214489778,1,-0.3401330386961554,-2.5312838266858373,1.8966959510269277,1.1741228055537345,4.3305935465680845,4.4784633950357255,3.0,0.0,0.9566565295843218,0.37981385589151984,4.3305935465680845,1.8966959510269277
STLD,2021-02-05,stress,True,True,D-1,37.6399993896,38.3699989319,37.5200004578,37.6300010681,39.1500015259,39.2200012207,4.197666994480764,1,-2.5312838266858373,1.8966959510269277,1.1741228055537345,4.3305935465680845,0.8410134383246115,5.716718800408738,4.0,0.0,0.9239123448952031,0.753302684406032,4.3305935465680845,1.8966959510269277
STLD,2021-02-08,stress,True,True,D-1,38.2599983215,39.1500015259,38.1300010681,38.4000015259,39.2200012207,38.9000015259,2.5091556228859835,0,1.8966959510269277,1.1741228055537345,4.3305935465680845,0.8410134383246115,1.2375650305651131,9.804495376174561,5.0,0.0,0.8325795994690606,1.96651034492612,4.3305935465680845,4.3305935465680845
STLD,2021-02-09,stress,True,True,D-1,39.2200012207,39.2200012207,38.1100006104,38.4399986267,38.9000015259,38.8600006104,-0.8159094463033867,0,1.1741228055537345,4.3305935465680845,0.8410134383246115,1.2375650305651131,2.0462408608665994,9.965645874802242,5.0,0.0,0.8314607030551651,1.9531249223887048,4.3305935465680845,4.3305935465680845
STLD,2021-02-10,stress,True,True,D-1,38.7599983215,38.9000015259,37.6899986267,38.4000015259,38.8600006104,39.4199981689,1.7027860577432108,0,4.3305935465680845,0.8410134383246115,1.2375650305651131,2.0462408608665994,0.10415911252770194,8.802707711332069,5.0,0.0,0.7408631094911063,2.029143137008882,4.3305935465680845,4.3305935465680845
STLD,2021-02-11,stress,True,True,D-1,38.4300003052,38.8600006104,37.7799987793,38.7799987793,39.4199981689,41.4000015259,7.728340351582386,1,0.8410134383246115,1.2375650305651131,2.0462408608665994,0.10415911252770194,-0.10405073420637345,4.177973114480893,4.0,1.0,0.7050363562358613,2.135415787020012,2.0462408608665994,2.0462408608665994
STLD,2021-02-12,stress,True,True,D-1,38.5600013733,39.4199981689,38.4000015259,39.3300018311,41.4000015259,41.5200004578,7.676345900105663,1,1.2375650305651131,2.0462408608665994,0.10415911252770194,-0.10405073420637345,0.9895761414064008,4.331451949726173,4.0,2.0,0.7411751506220468,1.1346117979633918,2.0462408608665994,2.0462408608665994
STLD,2021-02-16,stress,True,True,D-1,39.6100006104,41.4000015259,39.6100006104,41.1899986267,41.5200004578,40.5400009155,4.8220141832022945,1,2.0462408608665994,0.10415911252770194,-0.10405073420637345,0.9895761414064008,1.4182647475831756,4.5176739695634405,4.0,0.0,0.9479789817253037,0.2288236298245927,2.0462408608665994,2.0462408608665994
STLD,2021-02-17,stress,True,True,D-1,41.3499984741,41.5200004578,40.5600013733,40.7099990845,40.5400009155,41.0600013733,-0.7013231233409689,0,0.10415911252770194,-0.10405073420637345,0.9895761414064008,1.4182647475831756,4.729205972548978,7.265617161286331,4.0,0.0,0.9433954891934767,0.5098395392124866,4.729205972548978,0.9895761414064008
STLD,2021-02-18,stress,True,True,D-1,40.5400009155,40.5400009155,39.2799987793,39.7000007629,41.0600013733,42.7599983215,5.47606649202419,1,-0.10405073420637345,0.9895761414064008,1.4182647475831756,4.729205972548978,-1.165330318532376,5.905308373823082,3.0,0.0,0.7885114918946744,1.98968654265681,4.729205972548978,1.4182647475831756
STLD,2021-02-19,stress,True,True,D-1,40.0699996948,41.0600013733,40.0099983215,40.8400001526,42.7599983215,42.8699989319,6.987769549355294,1,0.9895761414064008,1.4182647475831756,4.729205972548978,-1.165330318532376,-2.4809588413490014,3.385414545161347,3.0,1.0,0.513369283933062,4.584382014926325,4.729205972548978,8.346583766861816
STLD,2021-02-22,stress,True,True,D-1,40.6300010681,42.7599983215,40.4199981689,42.0400009155,42.8699989319,43.9900016785,8.26975270014958,1,1.4182647475831756,4.729205972548978,-1.165330318532376,-2.4809588413490014,2.8715349314686778,5.31202021182009,3.0,2.0,0.7820511096182008,1.6650350212026543,4.729205972548978,4.729205972548978
STLD,2021-02-23,stress,True,True,D-1,41.8100013733,42.8699989319,41.2299995422,42.8300018311,43.9900016785,44.5699996948,6.6012873256267035,1,4.729205972548978,-1.165330318532376,-2.4809588413490014,2.8715349314686778,2.9382976454852106,6.890411793108764,3.0,0.0,0.793104166460658,1.7126484070425718,4.729205972548978,4.729205972548978
STLD,2021-02-24,stress,True,True,D-1,42.9099998474,43.9900016785,42.9099998474,43.8600006104,44.5699996948,42.25,3.868561764864653,1,-1.165330318532376,-2.4809588413490014,2.8715349314686778,2.9382976454852106,1.8791648391918159,3.9815568319463868,3.0,0.0,0.9888587467688452,0.0933857088256218,2.9382976454852106,2.8715349314686778
STLD,2021-02-25,stress,True,True,D-1,44.5699996948,44.5699996948,42.0699996948,42.0699996948,42.25,44.0900001526,-1.0769565750210375,0,-2.4809588413490014,2.8715349314686778,2.9382976454852106,1.8791648391918159,2.4048534561399215,7.737660517657297,4.0,0.0,0.9723989409598705,0.2964000599424921,2.9382976454852106,2.9382976454852106
STLD,2021-02-26,stress,True,True,D-1,41.7099990845,42.25,40.6100006104,41.5800018311,44.0900001526,44.4900016785,6.6650746943628825,1,2.8715349314686778,2.9382976454852106,1.8791648391918159,2.4048534561399215,-4.081169381414817,5.969770494601079,4.0,0.0,0.45175455107576257,5.94247686745053,2.9382976454852106,4.712759713679981
STLD,2021-03-01,stress,True,True,D-1,42.9900016785,44.0900001526,42.5099983215,44.0099983215,44.4900016785,45.2400016785,5.233775092233284,1,2.9382976454852106,1.8791648391918159,2.4048534561399215,-4.081169381414817,-1.164720388054985,1.8119531727104787,3.0,1.0,0.2795188519716098,7.190951736475437,2.9382976454852106,8.136653203098609
STLD,2021-03-02,stress,True,True,D-1,44.0200004578,44.4900016785,43.6599998474,43.8100013733,45.2400016785,44.7599983215,2.77147025900093,0,1.8791648391918159,2.4048534561399215,-4.081169381414817,-1.164720388054985,5.844147146194856,4.686007048286411,3.0,2.0,0.8585854790961771,1.2724412512109318,5.844147146194856,2.4048534561399215
STLD,2021-03-03,stress,True,True,D-1,43.9199981689,45.2400016785,43.3600006104,44.7000007629,44.7599983215,46.0400009155,4.826964560534042,1,2.4048534561399215,-4.081169381414817,-1.164720388054985,5.844147146194856,-0.4544352552322217,2.2881146399774233,2.0,3.0,0.8080811875704872,1.7347598668718378,5.844147146194856,2.4048534561399215
STLD,2021-03-04,stress,True,True,D-1,44.3400001526,44.7599983215,42.2400016785,43.2099990845,46.0400009155,48.4300003052,9.224177127929423,1,-4.081169381414817,-1.164720388054985,5.844147146194856,-0.4544352552322217,2.03149820064239,1.915184999566133,2.0,0.0,0.8833691596054852,1.2080557189793062,5.844147146194856,5.844147146194856
STLD,2021-03-05,stress,True,True,D-1,44.2200012207,46.0400009155,42.7700004578,45.7200012207,48.4300003052,48.0,9.52057659041683,1,-1.164720388054985,5.844147146194856,-0.4544352552322217,2.03149820064239,-3.3333370312527255,2.7097680008799863,2.0,1.0,0.5615546164802401,4.697992679958629,5.844147146194856,7.213702658616439
STLD,2021-03-08,stress,True,True,D-1,45.7599983215,48.4300003052,45.6599998474,48.0699996948,48.0,49.3499984741,7.845280341527605,1,5.844147146194856,-0.4544352552322217,2.03149820064239,-3.3333370312527255,5.808845613006208,9.956708050222996,3.0,0.0,0.9157895370914246,0.6999118247073,5.844147146194856,5.844147146194856
STLD,2021-03-09,stress,True,True,D-1,47.8699989319,48.0,46.4500007629,47.3899993896,49.3499984741,49.8199996948,4.0735341683923565,1,-0.4544352552322217,2.03149820064239,-3.3333370312527255,5.808845613006208,5.139979027463437,9.2251795686086,3.0,0.0,0.9418415686156757,0.7489091172990792,5.808845613006208,2.03149820064239
STLD,2021-03-10,stress,True,True,D-1,46.7599983215,49.3499984741,46.5900001526,48.7900009155,49.8199996948,49.9000015259,6.71514824019197,1,2.03149820064239,-3.3333370312527255,5.808845613006208,5.139979027463437,-1.4146043468220793,8.171645524032867,3.0,1.0,0.8319868907378998,2.1945577737826127,5.808845613006208,5.808845613006208
STLD,2021-03-11,stress,True,True,D-1,49.7900009155,49.8199996948,47.8199996948,48.7099990845,49.9000015259,49.5699996948,0.2209291190548246,0,-3.3333370312527255,5.808845613006208,5.139979027463437,-1.4146043468220793,2.9542130068211048,9.149888328401579,3.0,0.0,0.9212380012679403,1.1477711582130512,5.808845613006208,5.808845613006208
STLD,2021-03-12,stress,True,True,D-1,49.0900001526,49.9000015259,48.7299995422,49.1899986267,49.5699996948,48.8699989319,0.9777949494966132,0,5.808845613006208,5.139979027463437,-1.4146043468220793,2.9542130068211048,-0.16397177597631263,12.728535331010749,3.0,0.0,0.8425530878819859,2.2787941514316623,5.808845613006208,5.808845613006208
STLD,2021-03-15,stress,True,True,D-1,49.5,49.5699996948,47.4700012207,48.5499992371,48.8699989319,48.1699981689,-1.2727294305050485,0,5.139979027463437,-1.4146043468220793,2.9542130068211048,-0.16397177597631263,0.9854230162626765,7.589670414157701,3.0,0.0,0.8325465523279747,1.4433887355601804,5.139979027463437,5.139979027463437
STLD,2021-03-16,stress,True,True,D-1,48.8600006104,48.8699989319,46.8199996948,46.8300018311,48.1699981689,49.2299995422,0.7572634612723395,0,-1.4146043468220793,2.9542130068211048,-0.16397177597631263,0.9854230162626765,-1.3010762501884154,0.9985428444925226,2.0,1.0,0.6086950752943945,2.780643275002115,2.9542130068211048,3.282687345575319
STLD,2021-03-17,stress,True,True,D-1,46.5699996948,48.1699981689,46.5,47.9700012207,49.2299995422,47.7400016785,5.711831361031794,1,2.9542130068211048,-0.16397177597631263,0.9854230162626765,-1.3010762501884154,-3.542734156596339,-1.1816787628465275,2.0,2.0,0.07250802988662321,6.555625826948397,2.9542130068211048,7.751929740887064
STLD,2021-03-18,stress,True,True,D-1,48.0400009155,49.2299995422,47.2599983215,47.3499984741,47.7400016785,47.5299987793,-0.6244780001725792,0,-0.16397177597631263,0.9854230162626765,-1.3010762501884154,-3.542734156596339,2.4343355648620113,-1.6806716118332732,2.0,3.0,0.4323531061683509,4.023348459635168,2.4343355648620113,2.180063645539543
STLD,2021-03-19,stress,True,True,D-1,47.1699981689,47.7400016785,45.5699996948,47.1899986267,47.5299987793,46.7099990845,0.7631982708817597,0,0.9854230162626765,-1.3010762501884154,-3.542734156596339,2.4343355648620113,-1.292480155978104,-2.7920357954446473,2.0,4.0,0.24999943900760388,5.3854342850609305,2.4343355648620113,0.9854230162626765
STLD,2021-03-22,stress,True,True,D-1,47.5299987793,47.5299987793,46.1500015259,47.0299987793,46.7099990845,47.5,-0.06311546406575497,0,-1.3010762501884154,-3.542734156596339,2.4343355648620113,-1.292480155978104,-0.3379088755145587,-4.065867159659597,1.0,4.0,0.4049997329749999,5.043443817252835,2.4343355648620113,4.060357191193365
STLD,2021-03-23,stress,True,True,D-1,46.1399993896,46.7099990845,44.4399986267,44.7999992371,47.5,47.9000015259,3.8144823571382824,1,-3.542734156596339,2.4343355648620113,-1.292480155978104,-0.3379088755145587,-0.3390545710028392,-3.130793989052172,1.0,2.0,0.3989068703205433,4.677866936004071,2.4343355648620113,3.110153315891151
STLD,2021-03-24,stress,True,True,D-1,45.8199996948,47.5,45.6899986267,46.0699996948,47.9000015259,50.3800010681,9.95198909575179,1,2.4343355648620113,-1.292480155978104,-0.3379088755145587,-0.3390545710028392,-4.741653412888292,-4.334833471332178,1.0,3.0,0.07515668926806922,9.888393706559274,2.4343355648620113,7.498966756115622
STLD,2021-03-25,stress,True,True,D-1,45.8100013733,47.9000015259,45.25,47.5299987793,50.3800010681,52.0,13.512330148734275,1,-1.292480155978104,-0.3379088755145587,-0.3390545710028392,-4.741653412888292,2.834822498497447,-3.960811919012641,1.0,4.0,0.3402924335203088,6.859127129008136,2.834822498497447,2.0412483721401586
STLD,2021-03-26,stress,True,True,D-1,48.5099983215,50.3800010681,47.9000015259,50.3499984741,52.0,51.4399986267,7.194396617724075,1,-0.3379088755145587,-0.3390545710028392,-4.741653412888292,2.834822498497447,3.1690885482354103,0.3801484920817,2.0,0.0,0.8930628796046527,0.778461510840911,3.1690885482354103,0.0
STLD,2021-03-29,stress,True,True,D-1,50.7099990845,52.0,49.5900001526,49.7200012207,51.4399986267,52.2299995422,2.997437359774291,0,-0.3390545710028392,-4.741653412888292,2.834822498497447,3.1690885482354103,5.933094397696781,6.696333840561031,3.0,0.0,0.9949490603251451,0.05958807330537219,5.933094397696781,2.834822498497447
STLD,2021-03-30,stress,True,True,D-1,49.75,51.4399986267,49.2799987793,51.2799987793,52.2299995422,51.0699996948,4.984923702914568,1,-4.741653412888292,2.834822498497447,3.1690885482354103,5.933094397696781,-1.251235893729108,5.719758688541554,3.0,0.0,0.6984129146652833,4.5856772391847045,5.933094397696781,3.1690885482354103
STLD,2021-03-31,stress,True,True,D-1,51.5699996948,52.2299995422,50.4700012207,50.7599983215,51.0699996948,52.5900001526,1.9778950239219162,0,2.834822498497447,3.1690885482354103,5.933094397696781,-1.251235893729108,3.1375654068779957,14.46428493872327,4.0,1.0,0.8933331524888891,1.404058576129752,5.933094397696781,5.933094397696781
STLD,2021-04-01,stress,True,True,D-1,50.4000015259,51.0699996948,49.3800010681,50.9700012207,52.5900001526,52.0499992371,4.345235238881062,1,3.1690885482354103,5.933094397696781,-1.251235893729108,3.1375654068779957,-1.0140414785070329,10.180157711677529,3.0,0.0,0.7893980921040756,2.895983588079365,5.933094397696781,5.933094397696781
STLD,2021-04-05,stress,True,True,D-1,51.9199981689,52.5900001526,51.1399993896,51.8199996948,52.0499992371,52.0200004578,0.2503872742389168,0,5.933094397696781,-1.251235893729108,3.1375654068779957,-1.0140414785070329,0.4137173091888213,7.237539511358393,3.0,1.0,0.7090071827384636,2.472039025551931,5.933094397696781,6.537613832133937
STLD,2021-04-06,stress,True,True,D-1,51.4799995422,52.0499992371,50.8899993896,51.25,52.0200004578,51.1500015259,1.0489528368339274,0,-1.251235893729108,3.1375654068779957,-1.0140414785070329,0.4137173091888213,1.6676446022033886,2.9195655714988167,3.0,0.0,0.7673715594165081,1.4859136671844908,3.1375654068779957,3.1375654068779957
STLD,2021-04-07,stress,True,True,D-1,51.7099990845,52.0200004578,50.9399986267,51.0800018311,51.1500015259,52.0800018311,0.7155342354490779,0,3.1375654068779957,-1.0140414785070329,0.4137173091888213,1.6676446022033886,-1.0999608223795532,3.0772299713118567,3.0,1.0,0.5951662850024596,2.614634444097552,3.1375654068779957,3.1375654068779957
STLD,2021-04-08,stress,True,True,D-1,51.0,51.1500015259,49.5900001526,50.7799987793,52.0800018311,51.9700012207,2.1176506492156744,0,-1.0140414785070329,0.4137173091888213,1.6676446022033886,-1.0999608223795532,-0.33170374419512205,-0.3900096586600066,2.0,2.0,0.529595404312957,2.9561438280541363,1.6676446022033886,3.0956605575455542
STLD,2021-04-09,stress,True,True,D-1,51.3300018311,52.0800018311,50.8300018311,51.1899986267,51.9700012207,51.7900009155,1.2468329763671182,0,0.4137173091888213,1.6676446022033886,-1.0999608223795532,-0.33170374419512205,-0.5873199707235321,0.03940200642507108,2.0,3.0,0.436136483016496,3.5643982213678704,1.6676446022033886,2.5847201547887555
STLD,2021-04-12,stress,True,True,D-1,51.2599983215,51.9700012207,50.9199981689,51.8300018311,51.7900009155,52.1300010681,1.6972352225674836,0,1.6676446022033886,-1.0999608223795532,-0.33170374419512205,-0.5873199707235321,0.8074042088538569,0.4316213473243069,2.0,4.0,0.5333328247000017,2.7349122161721917,1.6676446022033886,1.6676446022033886
STLD,2021-04-13,stress,True,True,D-1,51.5299987793,51.7900009155,49.9199981689,50.4199981689,52.1300010681,51.5499992371,1.1643747390132297,0,-1.0999608223795532,-0.33170374419512205,-0.5873199707235321,0.8074042088538569,1.2502504816754856,0.01930169115960112,2.0,1.0,0.8995984612546116,0.4823461145432306,1.2502504816754856,0.0
STLD,2021-04-14,stress,True,True,D-1,50.3600006104,52.1300010681,50.3600006104,50.8199996948,51.5499992371,51.7599983215,2.779979535605648,0,-0.33170374419512205,-0.5873199707235321,0.8074042088538569,1.2502504816754856,-2.7204391518156235,-1.6195157680000016,2.0,2.0,0.33333231196856106,3.2923516907700234,1.2502504816754856,2.311605182593246
STLD,2021-04-15,stress,True,True,D-1,51.3600006104,51.5499992371,50.1300010681,50.8899993896,51.7599983215,52.7200012207,2.6479762346899305,0,-0.5873199707235321,0.8074042088538569,1.2502504816754856,-2.7204391518156235,0.7933390329766699,-0.5090096456137783,3.0,0.0,0.484251613727422,2.577728022761172,1.2502504816754856,3.198932906174179
STLD,2021-04-16,stress,True,True,D-1,51.7599983215,51.7599983215,50.4700012207,51.5,52.7200012207,51.9199981689,1.8547197262972714,0,0.8074042088538569,1.2502504816754856,-2.7204391518156235,0.7933390329766699,0.13774044710819222,0.21662192387612578,4.0,1.0,0.43891400371064226,2.436631348738838,1.2502504816754856,1.2502504816754856
STLD,2021-04-19,stress,True,True,D-1,51.9099998474,52.7200012207,50.4500007629,51.1899986267,51.9199981689,51.4099998474,0.01926087753687522,0,1.2502504816754856,-2.7204391518156235,0.7933390329766699,0.13774044710819222,1.1986649984607078,0.6055897277135402,4.0,2.0,0.7149320173615813,1.2233030448543625,1.2502504816754856,1.2502504816754856
STLD,2021-04-20,stress,True,True,D-1,51.2900009155,51.9199981689,49.7400016785,50.1199989319,51.4099998474,51.0699996948,0.23396164897266924,0,-2.7204391518156235,0.7933390329766699,0.13774044710819222,1.1986649984607078,-0.6019444141747488,-1.2348122357502378,3.0,0.0,0.4535710977113311,2.98887016027769,1.1986649984607078,0.7933390329766699
STLD,2021-04-21,stress,True,True,D-1,49.75,51.4099998474,49.5299987793,51.1800003052,51.0699996948,52.1500015259,4.824123670150748,1,0.7933390329766699,0.13774044710819222,1.1986649984607078,-0.6019444141747488,-2.0902514622102464,-0.5950004916601692,3.0,1.0,0.1275158764351569,5.187554557478591,1.1986649984607078,3.8782787229267313
STLD,2021-04-22,stress,True,True,D-1,50.7700004578,51.0699996948,49.5600013733,50.3300018311,52.1500015259,54.7000007629,7.740792337330404,1,0.13774044710819222,1.1986649984607078,-0.6019444141747488,-2.0902514622102464,2.1149269670581283,0.7083837319204589,3.0,2.0,0.5172414617889316,3.0089896567341956,2.1149269670581283,1.218196785466441
STLD,2021-04-23,stress,True,True,D-1,51.0,52.1500015259,50.4599990845,51.8899993896,54.7000007629,55.1800003052,8.196079029803904,1,1.1986649984607078,-0.6019444141747488,-2.0902514622102464,2.1149269670581283,-1.660802010612017,-1.100407870341702,2.0,3.0,0.2507844638040151,4.748657466018935,2.1149269670581283,1.1986649984607078
STLD,2021-04-26,stress,True,True,D-1,52.5,54.7000007629,52.25,54.6599998474,55.1800003052,55.7299995422,6.152380080380948,1,-0.6019444141747488,-2.0902514622102464,2.1149269670581283,-1.660802010612017,3.0995380523432647,0.7572803681553442,2.0,4.0,0.7398115373429822,1.5995410307642954,3.0995380523432647,2.1149269670581283
STLD,2021-04-27,stress,True,True,D-1,54.7400016785,55.1800003052,54.0999984741,55.0200004578,55.7299995422,55.9300003052,2.1739104680506216,0,-2.0902514622102464,2.1149269670581283,-1.660802010612017,3.0995380523432647,5.338216400818019,6.778670275037069,3.0,0.0,0.9922628819820798,0.07318133115929992,5.338216400818019,2.1149269670581283
STLD,2021-04-28,stress,True,True,D-1,55.2000007629,55.7299995422,54.4500007629,55.1300010681,55.9300003052,55.6100006104,1.322462920671974,0,2.1149269670581283,-1.660802010612017,3.0995380523432647,5.338216400818019,0.6586180230608418,9.776539565688779,4.0,0.0,0.9716814505860673,0.29080306446509496,5.338216400818019,3.0995380523432647
STLD,2021-04-29,stress,True,True,D-1,55.5800018311,55.9300003052,54.3600006104,55.2799987793,55.6100006104,57.0800018311,2.6988124335769026,0,-1.660802010612017,3.0995380523432647,5.338216400818019,0.6586180230608418,0.19992840673341838,7.717859983089292,4.0,0.0,0.9027554858728642,1.0883338698993272,5.338216400818019,5.338216400818019
STLD,2021-04-30,stress,True,True,D-1,54.4599990845,55.6100006104,54.2000007629,54.2200012207,57.0800018311,59.5800018311,9.401400721024288,1,3.0995380523432647,5.338216400818019,0.6586180230608418,0.19992840673341838,0.2720800077887109,9.835081995052297,5.0,0.0,0.8811697658420606,1.175834913627738,5.338216400818019,5.338216400818019
STLD,2021-05-03,stress,True,True,D-1,55.1800003052,57.0800018311,54.5400009155,56.7000007629,59.5800018311,60.7299995422,10.057990587718413,1,5.338216400818019,0.6586180230608418,0.19992840673341838,0.2720800077887109,-1.9175064797521735,4.490271455981154,4.0,1.0,0.5353263742713019,3.153816019921374,5.338216400818019,6.98886002456095
STLD,2021-05-04,stress,True,True,D-1,56.6800003052,59.5800018311,56.5200004578,59.4099998474,60.7299995422,61.6599998474,8.78616710547746,1,0.6586180230608418,0.19992840673341838,0.2720800077887109,-1.9175064797521735,4.573957001781093,3.732164144155292,4.0,0.0,0.8724830066693102,0.6701958784604445,4.573957001781093,0.6586180230608418
STLD,2021-05-05,stress,True,True,D-1,59.5499992371,60.7299995422,58.5200004578,59.9599990845,61.6599998474,63.7200012207,7.002522312379922,1,0.19992840673341838,0.2720800077887109,-1.9175064797521735,4.573957001781093,4.779539767260843,7.9789155817385105,4.0,0.0,0.9684011245453387,0.28615045301576547,4.779539767260843,0.2720800077887109
STLD,2021-05-06,stress,True,True,D-1,60.5800018311,61.6599998474,59.6300010681,61.6500015259,63.7200012207,66.2699966431,9.392529943897966,1,0.2720800077887109,-1.9175064797521735,4.573957001781093,4.779539767260843,0.9257687906290446,8.76110633561149,4.0,0.0,0.8820826031176469,1.2841902425896556,4.779539767260843,4.573957001781093
STLD,2021-05-07,stress,True,True,D-1,61.8400001526,63.7200012207,60.8800010681,63.3600006104,66.2699966431,65.3199996948,7.163642431384676,1,-1.9175064797521735,4.573957001781093,4.779539767260843,0.9257687906290446,2.818549811880966,11.523160071026073,4.0,0.0,0.9986597422617955,0.01621787713306233,4.779539767260843,4.779539767260843
STLD,2021-05-10,stress,True,True,D-1,64.9100036621,66.2699966431,63.7999992371,63.9799995422,65.3199996948,64.8700027466,0.6316376668753731,0,4.573957001781093,4.779539767260843,0.9257687906290446,2.818549811880966,2.773721074088864,16.85724674275837,5.0,0.0,0.9607842485477831,0.5681827759340452,4.779539767260843,4.779539767260843
STLD,2021-05-11,stress,True,True,D-1,62.6500015259,65.3199996948,62.2599983215,64.3399963379,64.8700027466,64.3700027466,3.543497472673196,1,4.779539767260843,0.9257687906290446,2.818549811880966,2.773721074088864,0.9785336581866089,12.839503847173583,5.0,0.0,0.7651284105779841,3.5792390079489866,4.779539767260843,4.779539767260843
STLD,2021-05-12,stress,True,True,D-1,64.3300018311,64.8700027466,60.4000015259,60.8499984741,64.3700027466,64.1999969482,0.06218080889381916,0,0.9257687906290446,2.818549811880966,2.773721074088864,0.9785336581866089,0.5626708319411033,8.298260399197343,5.0,1.0,0.750967579976262,2.999689796474403,2.818549811880966,2.818549811880966
STLD,2021-05-13,stress,True,True,D-1,60.8800010681,64.3700027466,60.6300010681,63.6699981689,64.1999969482,64.7699966431,6.389611541972018,1,2.818549811880966,2.773721074088864,0.9785336581866089,0.5626708319411033,-5.424305350393988,1.4843218865726593,4.0,2.0,0.18373467154004802,8.907145940697037,2.818549811880966,7.710705314375943
STLD,2021-05-14,stress,True,True,D-1,63.3899993896,64.1999969482,62.7099990845,63.7599983215,64.7699966431,64.9100036621,2.397861314302796,0,2.773721074088864,0.9785336581866089,0.5626708319411033,-5.424305350393988,4.63434636896547,3.2765557064120543,4.0,3.0,0.5570697381703777,4.083553555793862,4.63434636896547,3.815061153564958
STLD,2021-05-17,stress,True,True,D-1,63.3800010681,64.7699966431,63.3600006104,64.5400009155,64.9100036621,62.3400001526,2.4140147810285617,0,0.9785336581866089,0.5626708319411033,-5.424305350393988,4.63434636896547,0.14135409955762235,0.6313095126996293,4.0,4.0,0.572401974535666,3.9366348614749302,4.63434636896547,0.9785336581866089
STLD,2021-05-18,stress,True,True,D-1,64.3700027466,64.9100036621,63.2000007629,63.2900009155,62.3400001526,62.2000007629,-3.1536468966629316,0,0.5626708319411033,-5.424305350393988,4.63434636896547,0.14135409955762235,1.2233416162700683,0.8752756756908564,4.0,4.0,0.8414636037406511,1.2085509269224026,4.63434636896547,4.63434636896547
STLD,2021-05-19,stress,True,True,D-1,61.25,62.3400001526,59.9199981689,62.2099990845,62.2000007629,63.0299987793,2.9061204560000053,0,-5.424305350393988,4.63434636896547,0.14135409955762235,1.2233416162700683,-1.9367833626723674,-1.631948215983181,3.0,0.0,0.6407977873010579,2.5596503763096745,4.63434636896547,5.371481592260341
STLD,2021-05-20,stress,True,True,D-1,62.0999984741,62.2000007629,60.5200004578,61.9500007629,63.0299987793,62.4000015259,1.4975850693263348,0,4.63434636896547,0.14135409955762235,1.2233416162700683,-1.9367833626723674,-1.7064335841011302,2.2350051676317984,3.0,1.0,0.45891751396278785,4.340145663613626,4.63434636896547,8.244513393987042
STLD,2021-05-21,stress,True,True,D-1,62.3199996948,63.0299987793,61.3100013733,61.5400009155,62.4000015259,62.4500007629,0.20860248513583368,0,0.14135409955762235,1.2233416162700683,-1.9367833626723674,-1.7064335841011302,-0.41793654625656984,-2.7014252481008305,2.0,2.0,0.4068136992567104,4.778051433007668,1.2233416162700683,3.3405799370422096
STLD,2021-05-24,stress,True,True,D-1,61.5299987793,62.4000015259,61.0200004578,62.0600013733,62.4500007629,61.2000007629,1.495208844225604,0,1.2233416162700683,-1.9367833626723674,-1.7064335841011302,-0.41793654625656984,-0.6618237971766638,-3.4818027986857847,1.0,3.0,0.32464949163034373,5.476117478820508,1.2233416162700683,2.300335956183075
STLD,2021-05-25,stress,True,True,D-1,62.2799987793,62.4500007629,60.0600013733,60.1800003052,61.2000007629,62.9300003052,1.0436762020554768,0,-1.9367833626723674,-1.7064335841011302,-0.41793654625656984,-0.6618237971766638,0.8449796068641602,-3.8425774822144487,1.0,4.0,0.42885788549055337,4.592333589644659,0.8449796068641602,0.0
STLD,2021-05-26,stress,True,True,D-1,60.1800003052,61.2000007629,59.4700012207,60.9300003052,62.9300003052,62.5999984741,4.569624436778841,1,-1.7064335841011302,-0.41793654625656984,-0.6618237971766638,0.8449796068641602,-3.0293281123078275,-4.91388934320327,1.0,2.0,0.08360195667825113,4.735790062556289,0.8449796068641602,2.2099457102176645
STLD,2021-05-27,stress,True,True,D-1,62.5099983215,62.9300003052,61.6800003052,61.9599990845,62.5999984741,65.6699981689,5.055191061032427,1,-0.41793654625656984,-0.6618237971766638,0.8449796068641602,-3.0293281123078275,1.246261210030597,-2.0575450862189815,2.0,3.0,0.41011238363718266,3.446575518760975,1.246261210030597,2.665799850329642
STLD,2021-05-28,stress,True,True,D-1,61.9500007629,62.5999984741,60.9000015259,62.4300003052,65.6699981689,64.5,6.004838353816111,1,-0.6618237971766638,0.8449796068641602,-3.0293281123078275,1.246261210030597,1.6904624555074799,0.016139340559928606,3.0,4.0,0.6994380818562164,1.7269201268721002,1.6904624555074799,0.8449796068641602
STLD,2021-06-01,stress,True,True,D-1,65.5,65.6699981689,63.1699981689,64.5,64.5,64.6900024414,-1.2366374940458003,0,0.8449796068641602,-3.0293281123078275,1.246261210030597,1.6904624555074799,0.7585558870958353,1.4462128314265854,4.0,1.0,0.8554912912434326,0.8008970007298721,1.6904624555074799,1.246261210030597
STLD,2021-06-02,stress,True,True,D-1,64.5,64.5,63.1100006104,63.75,64.6900024414,65.3300018311,1.286824544341103,0,-3.0293281123078275,1.246261210030597,1.6904624555074799,0.7585558870958353,3.3157130941541713,3.931676720441968,4.0,0.0,0.8112905250316822,1.813950649457352,3.3157130941541713,1.6904624555074799
STLD,2021-06-03,stress,True,True,D-1,63.0200004578,64.6900024414,62.2900009155,64.2200012207,65.3300018311,65.1100006104,3.6655051674378214,1,1.246261210030597,1.6904624555074799,0.7585558870958353,3.3157130941541713,-1.1627906976744207,5.93220285260041,4.0,1.0,0.6903227235527245,3.011761833568616,3.3157130941541713,1.6904624555074799
STLD,2021-06-04,stress,True,True,D-1,64.9100036621,65.3300018311,64.0800018311,64.8600006104,65.1100006104,66.7300033569,2.8038816701880354,0,1.6904624555074799,0.7585558870958353,3.3157130941541713,-1.1627906976744207,0.7372568167843152,5.399640405416539,4.0,2.0,0.6960171973437597,2.2578587988762333,3.3157130941541713,3.749819728727821
STLD,2021-06-07,stress,True,True,D-1,64.7399978638,65.1100006104,62.8800010681,64.1900024414,66.7300033569,66.8799972534,3.305528977776828,1,0.7585558870958353,3.3157130941541713,-1.1627906976744207,0.7372568167843152,0.996573306656523,4.680441524773138,4.0,3.0,0.8301890715817004,1.248839887260389,3.3157130941541713,3.3157130941541713
STLD,2021-06-08,stress,True,True,D-1,64.3300018311,66.7300033569,63.6300010681,66.5100021362,66.8799972534,65.8799972534,3.9639287264363388,1,3.3157130941541713,-1.1627906976744207,0.7372568167843152,0.996573306656523,-1.03299130850234,2.819160864321524,3.0,4.0,0.562131085754213,2.3056483427479346,3.3157130941541713,3.362425611640596
STLD,2021-06-09,stress,True,True,D-1,66.2200012207,66.8799972534,64.4700012207,64.5100021362,65.8799972534,65.7900009155,-0.5134460299491939,0,-1.1627906976744207,0.7372568167843152,0.996573306656523,-1.03299130850234,3.6142695226066834,3.1162823817054264,3.0,0.0,0.9504502027637108,0.3307791514567615,3.6142695226066834,0.996573306656523
STLD,2021-06-10,stress,True,True,D-1,65.7200012207,65.8799972534,63.9199981689,64.3600006104,65.7900009155,64.8099975586,0.10651201080311701,0,0.7372568167843152,0.996573306656523,-1.03299130850234,3.6142695226066834,-3.007066509942935,1.1921602136470533,3.0,0.0,0.48366078255210204,3.673841324940952,3.6142695226066834,0.996573306656523
STLD,2021-06-11,stress,True,True,D-1,65.1600036621,65.7900009155,64.1900024414,65.0100021362,64.8099975586,63.3600006104,-0.5371486860482944,0,0.996573306656523,-1.03299130850234,3.6142695226066834,-3.007066509942935,-0.23252444711334697,0.21799966838815799,2.0,1.0,0.37000023843497504,3.9154701974828843,3.6142695226066834,6.84686831488639
STLD,2021-06-14,stress,True,True,D-1,64.6999969482,64.8099975586,62.9099998474,63.1300010681,63.3600006104,62.9500007629,-2.071091809900427,0,-1.03299130850234,3.6142695226066834,-3.007066509942935,-0.23252444711334697,1.0099464257851132,0.23126969532583086,2.0,2.0,0.5325007748576758,2.876472936091057,3.6142695226066834,3.6142695226066834
STLD,2021-06-15,stress,True,True,D-1,62.8400001526,63.3600006104,61.3699989319,63.1800003052,62.9500007629,62.7999992371,0.17504871106441833,0,3.6142695226066834,-3.007066509942935,-0.23252444711334697,1.0099464257851132,-2.89186433829256,-1.6513496385479831,2.0,3.0,0.055415960818388094,5.940117411458279,3.6142695226066834,5.525393715637284
STLD,2021-06-16,stress,True,True,D-1,62.9500007629,62.9500007629,60.4199981689,62.2099990845,62.7999992371,59.4000015259,-0.23828677360143713,0,-3.007066509942935,-0.23252444711334697,1.0099464257851132,-2.89186433829256,0.07920043759552797,-5.006768492024383,2.0,4.0,0.32849399721908695,5.856278775445789,1.0099464257851132,3.8249006956927456
STLD,2021-06-17,stress,True,True,D-1,62.5400009155,62.7999992371,57.8499984741,59.1300010681,59.4000015259,60.4300003052,-3.373841668392208,0,-0.23252444711334697,1.0099464257851132,-2.89186433829256,0.07920043759552797,-1.5352979044227166,-3.5653433196979334,2.0,4.0,0.3278390505012172,5.899370234542256,1.0099464257851132,2.467259855270998
STLD,2021-06-18,stress,True,True,D-1,58.0099983215,59.4000015259,57.5999984741,57.8300018311,60.4300003052,60.6500015259,4.5509451487460995,1,1.0099464257851132,-2.89186433829256,0.07920043759552797,-1.5352979044227166,-4.950969396762773,-8.1261645318488,2.0,4.0,0.1612093451414996,11.263317651101822,1.0099464257851132,7.420201597573495
STLD,2021-06-21,stress,True,True,D-1,58.9399986267,60.4300003052,58.4700012207,60.0400009155,60.6500015259,61.5699996948,4.46216682962155,1,-2.89186433829256,0.07920043759552797,-1.5352979044227166,-4.950969396762773,-2.1985442474502848,-11.04445480567352,1.0,4.0,0.031900608350209136,12.069852164082562,0.07920043759552797,7.119864828943035
STLD,2021-06-22,stress,True,True,D-1,60.0099983215,60.6500015259,59.2000007629,60.1399993896,61.5699996948,61.4000015259,2.5995691000396226,0,0.07920043759552797,-1.5352979044227166,-4.950969396762773,-2.1985442474502848,3.821544206162386,-4.89466196787599,2.0,4.0,0.42361137785399594,5.529646309587077,3.821544206162386,0.07920043759552797
STLD,2021-06-23,stress,True,True,D-1,61.1899986267,61.5699996948,59.4799995422,59.6899986267,61.4000015259,61.1199989319,0.3431980779753818,0,-1.5352979044227166,-4.950969396762773,-2.1985442474502848,3.821544206162386,0.1665530855682995,-4.811650682043112,2.0,4.0,0.47476632315043776,4.672433325275249,3.821544206162386,0.0
STLD,2021-06-24,stress,True,True,D-1,60.0800018311,61.4000015259,59.1300010681,60.9799995422,61.1199989319,60.9199981689,1.7310204212771074,0,-4.950969396762773,-2.1985442474502848,3.821544206162386,0.1665530855682995,-0.7482553499623346,-4.050796487518138,2.0,4.0,0.4019230472947535,5.210254116187674,3.821544206162386,4.40449271292972
STLD,2021-06-25,stress,True,True,D-1,61.0400009155,61.1199989319,60.0400009155,60.2400016785,60.9199981689,59.8699989319,-0.19659689515098,0,-2.1985442474502848,3.821544206162386,0.1665530855682995,-0.7482553499623346,2.1611676079398734,3.1286968386307956,3.0,1.0,0.8513853976861059,0.9675305953252833,3.821544206162386,3.821544206162386
STLD,2021-06-28,stress,True,True,D-1,60.8800010681,60.9199981689,58.2000007629,58.6300010681,59.8699989319,59.9199981689,-1.5768772706264311,0,3.821544206162386,0.1665530855682995,-0.7482553499623346,2.1611676079398734,-1.2135091329213532,4.167386773458381,3.0,2.0,0.5709681706581712,2.207831970852503,3.821544206162386,3.821544206162386
STLD,2021-06-29,stress,True,True,D-1,58.7299995422,59.8699989319,58.3499984741,58.75,59.9199981689,61.3699989319,4.495146280059226,1,0.1665530855682995,-0.7482553499623346,2.1611676079398734,-1.2135091329213532,-2.6726437010950788,-2.3484340871087417,2.0,3.0,0.1275965701738574,5.014495263756058,2.1611676079398734,6.01488766655307
STLD,2021-06-30,stress,True,True,D-1,58.6300010681,59.9199981689,58.5499992371,59.5999984741,61.3699989319,61.6500015259,5.1509473013521045,1,-0.7482553499623346,2.1611676079398734,-1.2135091329213532,-2.6726437010950788,0.2046715499128382,-2.311272703205869,2.0,4.0,0.16320457312130765,4.799999480510642,2.1611676079398734,4.6346099004087815
STLD,2021-07-01,stress,True,True,D-1,60.4300003052,61.3699989319,59.5999984741,60.9099998474,61.6500015259,61.0800018311,2.01886681207748,0,2.1611676079398734,-1.2135091329213532,-2.6726437010950788,0.2046715499128382,1.446805913361704,-0.15077928408553376,3.0,4.0,0.4374991804337887,3.0201394259803838,2.1611676079398734,2.1611676079398734
STLD,2021-07-02,stress,True,True,D-1,61.0400009155,61.6500015259,60.2200012207,60.7200012207,61.0800018311,61.7400016785,1.1467902236257155,0,-1.2135091329213532,-2.6726437010950788,0.2046715499128382,1.446805913361704,2.197988937649531,-0.11479123536488611,3.0,0.0,0.8548897948906047,0.7552111076218226,2.197988937649531,0.2046715499128382
STLD,2021-07-06,stress,True,True,D-1,61.0400009155,61.0800018311,57.6500015259,58.2200012207,61.7400016785,60.7099990845,1.1467902236257155,0,-2.6726437010950788,0.2046715499128382,1.446805913361704,2.197988937649531,-0.3119333888951137,0.7968119668418039,3.0,0.0,0.7304347537618205,1.5316210252034113,2.197988937649531,1.446805913361704
STLD,2021-07-07,stress,True,True,D-1,59.4300003052,61.7400016785,59.1100006104,61.2200012207,60.7099990845,62.4700012207,5.1152631665627,1,0.2046715499128382,1.446805913361704,2.197988937649531,-0.3119333888951137,-4.117259469269785,-0.699300426284788,3.0,1.0,0.1424999236999991,5.891446639098441,2.197988937649531,6.61433868882233
STLD,2021-07-08,stress,True,True,D-1,59.2900009155,60.7099990845,58.3400001526,59.9599990845,62.4700012207,63.1800003052,6.560970365380858,1,1.446805913361704,2.197988937649531,-0.3119333888951137,-4.117259469269785,5.15286832205244,4.204257396936173,3.0,0.0,0.8728605285089196,0.8493963532038906,5.15286832205244,2.197988937649531
STLD,2021-07-09,stress,True,True,D-1,61.25,62.4700012207,60.6800003052,61.5,63.1800003052,62.7400016785,3.1510209064489647,1,2.197988937649531,-0.3119333888951137,-4.117259469269785,5.15286832205244,-2.058154379412136,0.604027885263192,2.0,1.0,0.5647915580471405,2.968650135386919,5.15286832205244,2.197988937649531
STLD,2021-07-12,stress,True,True,D-1,60.9000015259,63.1800003052,60.4099998474,62.8499984741,62.7400016785,62.5800018311,3.0213466444946935,1,-0.3119333888951137,-4.117259469269785,5.15286832205244,-2.058154379412136,2.568380485346111,0.9686425120311037,2.0,0.0,0.7987549207219922,1.577237757235772,5.15286832205244,5.15286832205244
STLD,2021-07-13,stress,True,True,D-1,62.6399993896,62.7400016785,60.9799995422,61.1699981689,62.5800018311,62.9799995422,0.5427844123773173,0,-4.117259469269785,5.15286832205244,-2.058154379412136,2.568380485346111,2.195119470081308,3.507900544431908,3.0,0.0,0.9403251529936555,0.5250625920635299,5.15286832205244,5.15286832205244
STLD,2021-07-14,stress,True,True,D-1,62.1500015259,62.5800018311,60.7400016785,61.2000007629,62.9799995422,62.0299987793,1.3354754560289228,0,5.15286832205244,-2.058154379412136,2.568380485346111,2.195119470081308,-2.6730315767506507,5.066981941510407,3.0,1.0,0.5847103155109937,3.2859280635419763,5.15286832205244,5.689456665304471
STLD,2021-07-15,stress,True,True,D-1,60.6599998474,62.9799995422,60.6399993896,61.6199989319,62.0299987793,58.5299987793,2.258488188833585,0,-2.058154379412136,2.568380485346111,2.195119470081308,-2.6730315767506507,0.04904789095654394,-0.03266980954133025,3.0,2.0,0.5909091983734,3.23529332944108,2.568380485346111,5.193675236753226
STLD,2021-07-16,stress,True,True,D-1,61.7900009155,62.0299987793,59.75,59.8800010681,58.5299987793,59.6599998474,-3.4471614121075245,0,2.568380485346111,2.195119470081308,-2.6730315767506507,0.04904789095654394,0.686271509419023,2.7685121293290926,4.0,3.0,0.4368227019937066,2.5316478421624877,2.568380485346111,2.568380485346111
STLD,2021-07-19,stress,True,True,D-1,58.0,58.5299987793,56.5900001526,57.8899993896,59.6599998474,60.7099990845,4.672412214655175,1,2.195119470081308,-2.6730315767506507,0.04904789095654394,0.686271509419023,-2.8237551021754737,-2.6341446047154493,3.0,4.0,0.037901182662553795,5.5110206717381205,2.195119470081308,4.35198168959976
STLD,2021-07-20,stress,True,True,D-1,56.2200012207,59.6599998474,54.9000015259,59.1100006104,60.7099990845,59.5800018311,7.986477705992656,1,-2.6730315767506507,0.04904789095654394,0.686271509419023,-2.8237551021754737,-3.3233160370802595,-7.891804621990528,2.0,2.0,0.20344277952761725,8.792537927568933,0.686271509419023,6.739500342516291
STLD,2021-07-21,stress,True,True,D-1,59.9900016785,60.7099990845,59.1800003052,59.4500007629,59.5800018311,59.9099998474,-0.13335860787060394,0,0.04904789095654394,0.686271509419023,-2.8237551021754737,-3.3233160370802595,2.1074472856518645,-3.367659997000527,3.0,3.0,0.5210396185750361,6.547113672536664,2.1074472856518645,1.9721773944645138
STLD,2021-07-22,stress,True,True,D-1,59.3699989319,59.5800018311,58.0099983215,59.1500015259,59.9099998474,61.1899986267,3.0655208481435547,1,0.686271509419023,-2.8237551021754737,-3.3233160370802595,2.1074472856518645,0.5751990339857516,-2.8594770885376652,3.0,4.0,0.5631188557003552,5.937760696384897,2.1074472856518645,0.686271509419023
STLD,2021-07-23,stress,True,True,D-1,59.6399993896,59.9099998474,58.2799987793,59.0800018311,61.1899986267,61.6699981689,3.4037538566004555,1,-2.8237551021754737,-3.3233160370802595,2.1074472856518645,0.5751990339857516,-0.5046244460054083,-4.008434678374051,2.0,4.0,0.5960731608940455,4.868972407615124,2.1074472856518645,2.1074472856518645
STLD,2021-07-26,stress,True,True,D-1,59.3400001526,61.1899986267,59.0099983215,61.0600013733,61.6699981689,61.7400016785,4.044491944267126,1,-3.3233160370802595,2.1074472856518645,0.5751990339857516,-0.5046244460054083,-0.11834267623704875,-1.3360040459755251,2.0,2.0,0.7194495803208615,2.7589661524721976,2.1074472856518645,2.7298172218199634
STLD,2021-07-27,stress,True,True,D-1,60.2900009155,61.6699981689,59.0400009155,61.0900001526,61.7400016785,65.3199996948,8.343006639442319,1,2.1074472856518645,0.5751990339857516,-0.5046244460054083,-0.11834267623704875,3.3513870697913895,5.475906058256919,3.0,0.0,0.9793327005852718,0.21290083602396592,3.3513870697913895,2.1074472856518645
STLD,2021-07-28,stress,True,True,D-1,61.5900001526,61.7400016785,59.3300018311,61.2599983215,65.3199996948,65.7300033569,6.721875619487605,1,0.5751990339857516,-0.5046244460054083,-0.11834267623704875,3.3513870697913895,0.04913000102406695,3.349686215113379,3.0,0.0,0.8415305900321217,0.9494156406141707,3.3513870697913895,0.5751990339857516
STLD,2021-07-29,stress,True,True,D-1,62.3300018311,65.3199996948,62.2299995422,64.6500015259,65.7300033569,65.7200012207,5.454839444756043,1,-0.5046244460054083,-0.11834267623704875,3.3513870697913895,0.04913000102406695,0.2782749524887107,3.04457112762484,3.0,0.0,0.8713128887406519,0.7835510449753613,3.3513870697913895,3.3513870697913895
STLD,2021-07-30,stress,True,True,D-1,64.1999969482,65.7300033569,63.8100013733,64.4499969482,65.7200012207,64.8600006104,2.3676080136365574,0,-0.11834267623704875,3.3513870697913895,0.04913000102406695,0.2782749524887107,5.533795784010387,9.29839367390668,4.0,0.0,0.9048298179301554,1.036346717844383,5.533795784010387,3.3513870697913895
STLD,2021-08-02,stress,True,True,D-1,64.9400024414,65.7200012207,62.8300018311,62.9099998474,64.8600006104,64.6200027466,-0.12319345240584534,0,3.3513870697913895,0.04913000102406695,0.2782749524887107,5.533795784010387,-0.3093651554205712,9.08936179868769,4.0,0.0,0.8095229985755787,1.9860457242981244,5.533795784010387,3.3513870697913895
STLD,2021-08-03,stress,True,True,D-1,63.1399993896,64.8600006104,62.3199996948,64.6500015259,64.6200027466,63.6899986267,2.344002805365508,0,0.04913000102406695,0.2782749524887107,5.533795784010387,-0.3093651554205712,-2.3894448001878565,3.0298041803008546,3.0,1.0,0.5784749655622153,4.482599771642737,5.533795784010387,8.225213629999018
STLD,2021-08-04,stress,True,True,D-1,64.0599975586,64.6200027466,62.9500007629,62.9700012207,63.6899986267,63.4199981689,-0.5775818701234559,0,0.2782749524887107,5.533795784010387,-0.3093651554205712,-2.3894448001878565,2.765858659546483,5.8274699040878675,3.0,2.0,0.8312497541373627,1.6705364354358654,5.533795784010387,5.533795784010387
STLD,2021-08-05,stress,True,True,D-1,62.9000015259,63.6899986267,61.4300003052,61.6199989319,63.4199981689,64.4300003052,2.4324304327242308,0,5.533795784010387,-0.3093651554205712,-2.3894448001878565,2.765858659546483,-2.598608299377936,2.7913858081185294,2.0,3.0,0.21142882056070814,4.383042850081309,5.533795784010387,5.533795784010387
STLD,2021-08-06,stress,True,True,D-1,62.5400009155,63.4199981689,61.7000007629,62.8400001526,64.4300003052,68.6299972534,9.737761830429804,1,-0.3093651554205712,-2.3894448001878565,2.765858659546483,-2.598608299377936,-2.143881630347211,-4.686778843750094,1.0,4.0,0.04418569578105004,6.66991966283903,2.765858659546483,7.452637503296577
STLD,2021-08-09,stress,True,True,D-1,62.4599990845,64.4300003052,62.0200004578,64.4000015259,68.6299972534,71.5800018311,14.60134947210272,1,-2.3894448001878565,2.765858659546483,-2.598608299377936,-2.143881630347211,1.979878678752156,-2.4980556583951263,2.0,4.0,0.32867122296072177,4.583069798068484,2.765858659546483,2.9723078664384506
STLD,2021-08-10,stress,True,True,D-1,64.6900024414,68.6299972534,64.5899963379,68.2900009155,71.5800018311,73.2200012207,13.185961442847338,1,2.765858659546483,-2.598608299377936,-2.143881630347211,1.979878678752156,2.4824974053337057,2.368465557326771,3.0,4.0,0.8658894916707081,0.7142842757775325,2.765858659546483,2.765858659546483
STLD,2021-08-11,stress,True,True,D-1,69.6699981689,71.5800018311,68.1900024414,71.5199966431,73.2200012207,74.3700027466,6.746095451740719,1,-2.598608299377936,-2.143881630347211,1.979878678752156,2.4824974053337057,6.040371579860215,5.630316014983783,3.0,0.0,0.9527782663873208,0.4978713330531459,6.040371579860215,1.979878678752156
STLD,2021-08-12,stress,True,True,D-1,71.0500030518,73.2200012207,69.9400024414,72.9400024414,74.3700027466,71.9800033569,4.672765027722092,1,-2.143881630347211,1.979878678752156,2.4824974053337057,6.040371579860215,4.729822352172319,13.577886702643704,4.0,0.0,0.9940881597064899,0.08389987530263987,6.040371579860215,2.4824974053337057
STLD,2021-08-13,stress,True,True,D-1,72.8499984741,74.3700027466,72.3300018311,73.1200027466,71.9800033569,71.3099975586,-1.1942280513695724,0,1.979878678752156,2.4824974053337057,6.040371579860215,4.729822352172319,1.9854668134090314,18.37066489080992,5.0,0.0,0.9756945513738744,0.3838754728928695,6.040371579860215,6.040371579860215
STLD,2021-08-16,stress,True,True,D-1,71.1600036621,71.9800033569,69.3499984741,71.6699981689,71.3099975586,70.7699966431,0.21078399210354704,0,2.4824974053337057,6.040371579860215,4.729822352172319,1.9854668134090314,0.246778584007612,16.359011090127538,5.0,0.0,0.8987854438590992,1.7095185353478648,6.040371579860215,6.040371579860215
STLD,2021-08-17,stress,True,True,D-1,71.0999984741,71.3099975586,67.4199981689,68.8700027466,70.7699966431,67.4899978638,-0.46413760630419354,0,6.040371579860215,4.729822352172319,1.9854668134090314,0.246778584007612,-1.9830477615339293,11.288814395565193,4.0,1.0,0.7239260932080618,3.767273122202508,6.040371579860215,7.78153449457265
STLD,2021-08-18,stress,True,True,D-1,68.1699981689,70.7699966431,67.9000015259,69.2399978638,67.4899978638,68.3000030518,0.19070688923579215,0,4.729822352172319,1.9854668134090314,0.246778584007612,-1.9830477615339293,-3.906788745412604,0.8493217503652728,3.0,2.0,0.20863361476804337,7.986060375569726,4.729822352172319,10.542185372355085
STLD,2021-08-19,stress,True,True,D-1,66.9599990845,67.4899978638,65.2900009155,67.1600036621,68.3000030518,69.7099990845,4.106929566306672,1,1.9854668134090314,0.246778584007612,-1.9830477615339293,-3.906788745412604,0.5372369717500325,-3.187917905921722,3.0,3.0,0.2618702872138693,7.4090194122927056,1.9854668134090314,5.3760073006201115
STLD,2021-08-20,stress,True,True,D-1,67.5100021362,68.3000030518,66.0899963379,66.9800033569,69.7099990845,71.6500015259,6.132423727890912,1,0.246778584007612,-1.9830477615339293,-3.906788745412604,0.5372369717500325,-3.0040356237322485,-7.924319421216985,2.0,4.0,0.20594739752089383,10.735554930543834,0.5372369717500325,2.729716026005058
STLD,2021-08-23,stress,True,True,D-1,68.0500030518,69.7099990845,67.6699981689,68.9599990845,71.6500015259,72.0999984741,5.951499251538794,1,-1.9830477615339293,-3.906788745412604,0.5372369717500325,-3.0040356237322485,-0.2680171164159306,-8.397154210973412,1.0,4.0,0.25261611728894007,7.464914525843969,0.5372369717500325,3.801238382243388
STLD,2021-08-24,stress,True,True,D-1,70.5,71.6500015259,70.0199966431,71.1900024414,72.0999984741,70.9700012207,2.2695013817021437,0,-3.906788745412604,0.5372369717500325,-3.0040356237322485,-0.2680171164159306,2.9560997736140404,-3.7812182972483344,2.0,4.0,0.6096345872894255,3.4077704543186593,2.9560997736140404,0.5372369717500325
STLD,2021-08-25,stress,True,True,D-1,70.9400024414,72.0999984741,70.2799987793,70.5,70.9700012207,71.4800033569,0.7612079178402453,0,0.5372369717500325,-3.0040356237322485,-0.2680171164159306,2.9560997736140404,3.233763611521323,3.3686650243593075,3.0,0.0,0.9276731068629461,0.6461568601274337,3.233763611521323,0.5372369717500325
STLD,2021-08-26,stress,True,True,D-1,70.4199981689,70.9700012207,69.0199966431,69.1299972534,71.4800033569,71.5199966431,1.5620541079278238,0,-3.0040356237322485,-0.2680171164159306,2.9560997736140404,3.233763611521323,-0.9692406485980576,1.8197605070388922,2.0,0.0,0.7650515348453469,2.2695013817021437,3.233763611521323,2.9560997736140404
STLD,2021-08-27,stress,True,True,D-1,69.7699966431,71.4800033569,69.6800003052,70.9100036621,71.5199966431,70.2900009155,2.508241485164331,0,-0.2680171164159306,2.9560997736140404,3.233763611521323,-0.9692406485980576,-1.9432663072340373,2.933283924776986,2.0,1.0,0.5058235998268932,4.296255372054025,3.233763611521323,6.127435640393186
STLD,2021-08-30,stress,True,True,D-1,71.25,71.5199966431,70.2099990845,70.2399978638,70.2900009155,67.6600036621,-1.3473671361403428,0,2.9560997736140404,3.233763611521323,-0.9692406485980576,-1.9432663072340373,2.5748683341838996,5.867423272971739,3.0,2.0,0.731378164781801,1.6781762100458675,3.233763611521323,3.233763611521323
STLD,2021-08-31,stress,True,True,D-1,70.2200012207,70.2900009155,66.9300003052,67.4899978638,67.6600036621,67.8799972534,-3.332389528085322,0,3.233763611521323,-0.9692406485980576,-1.9432663072340373,2.5748683341838996,-0.9448678094739704,1.8561467463645842,2.0,3.0,0.3961040569589184,2.6480647307345784,3.233763611521323,3.233763611521323
STLD,2021-09-01,stress,True,True,D-1,67.2699966431,67.6600036621,65.0199966431,67.0400009155,67.8799972534,67.8899993896,0.9216631149685073,0,-0.9692406485980576,-1.9432663072340373,2.5748683341838996,-0.9448678094739704,-3.9151481828522128,-5.19736543153746,1.0,4.0,0.10831678083923776,6.830642697016143,2.5748683341838996,7.397891351637109
STLD,2021-09-02,stress,True,True,D-1,67.3600006104,67.8799972534,66.7200012207,67.4199981689,67.8899993896,67.1100006104,0.7868152826563168,0,-1.9432663072340373,2.5748683341838996,-0.9448678094739704,-3.9151481828522128,-0.666760946130307,-4.907800119858152,1.0,2.0,0.31076988806153866,6.682571101463397,2.5748683341838996,7.130672784100034
STLD,2021-09-03,stress,True,True,D-1,67.6800003052,67.8899993896,66.4800033569,66.7699966431,67.1100006104,66.3799972534,-0.8421981268168066,0,2.5748683341838996,-0.9448678094739704,-3.9151481828522128,-0.666760946130307,0.5668216709587393,-2.4735992368579374,2.0,3.0,0.36923100396922975,6.081279420875574,2.5748683341838996,2.6785869548916263
STLD,2021-09-07,stress,True,True,D-1,66.5100021362,67.1100006104,65.8600006104,66.4700012207,66.3799972534,66.7399978638,0.3458062249479532,0,-0.9448678094739704,-3.9151481828522128,-0.666760946130307,0.5668216709587393,-0.9641078959563565,-5.838396284292891,1.0,4.0,0.2692307692307692,7.113973698980058,0.5668216709587393,0.40275099748331433
STLD,2021-09-08,stress,True,True,D-1,66.1299972534,66.3799972534,64.6600036621,65.8600006104,66.7399978638,68.1800003052,3.099959378411432,1,-3.9151481828522128,-0.666760946130307,0.5668216709587393,-0.9641078959563565,-0.44929674626695837,-5.367307456942516,1.0,4.0,0.2751429605463402,5.746952948167516,0.5668216709587393,1.9758946077750084
STLD,2021-09-09,stress,True,True,D-1,65.7200012207,66.7399978638,64.9800033569,65.9499969482,68.1800003052,66.8799972534,3.743151306767123,1,-0.666760946130307,0.5668216709587393,-0.9641078959563565,-0.44929674626695837,-0.9177081376523843,-2.415168624970865,1.0,2.0,0.3715165744905751,3.0822938967289604,0.5668216709587393,1.9297033220753823
STLD,2021-09-10,stress,True,True,D-1,66.4899978638,68.1800003052,65.6600036621,65.8000030518,66.8799972534,64.2200012207,0.5865534698901609,0,0.5668216709587393,-0.9641078959563565,-0.44929674626695837,-0.9177081376523843,0.13664794559049565,-1.6259008836737476,2.0,3.0,0.39937925462782065,2.9416262792608894,0.5668216709587393,1.3491358923372498
STLD,2021-09-13,stress,True,True,D-1,66.8799972534,66.8799972534,62.5200004578,63.8699989319,64.2200012207,65.1299972534,-2.616626901716912,0,-0.9641078959563565,-0.44929674626695837,-0.9177081376523843,0.13664794559049565,-0.22743578975114032,-2.402840642388615,1.0,0.0,0.3238637718404273,3.6170169346745773,0.13664794559049565,0.091098630494868
STLD,2021-09-14,stress,True,True,D-1,64.2200012207,64.2200012207,61.9000015259,61.9700012207,65.1299972534,65.1100006104,1.4169978439780628,0,-0.44929674626695837,-0.9177081376523843,0.13664794559049565,-0.22743578975114032,-2.9331368242956457,-4.343264725174556,1.0,1.0,0.23851563789708222,6.748084304644264,0.13664794559049565,3.290549556736466
STLD,2021-09-15,stress,True,True,D-1,64.0999984741,65.1299972534,63.3600006104,65.0400009155,65.1100006104,63.1199989319,1.5756663967910756,0,-0.9177081376523843,0.13664794559049565,-0.22743578975114032,-2.9331368242956457,-2.9747890135802812,-6.76997129134792,1.0,2.0,0.011146450383195604,10.020976217805288,0.13664794559049565,5.957319151463991
STLD,2021-09-16,stress,True,True,D-1,63.8899993896,65.1100006104,63.1599998474,63.7099990845,63.1199989319,59.1899986267,-1.205197159268312,0,0.13664794559049565,-0.22743578975114032,-2.9331368242956457,-2.9747890135802812,4.954009414759408,-1.2450648152142696,2.0,3.0,0.49999999999203865,4.8277972716813,4.954009414759408,0.13664794559049565
STLD,2021-09-17,stress,True,True,D-1,63.0,63.1199989319,61.4799995422,61.9500007629,59.1899986267,58.8400001526,-6.04762122746031,0,-0.22743578975114032,-2.9331368242956457,-2.9747890135802812,4.954009414759408,-2.044898235361259,-3.396509427376304,1.0,4.0,0.2882162277747686,7.016169023596031,4.954009414759408,0.0
STLD,2021-09-20,stress,True,True,D-1,58.2099990845,59.1899986267,56.8800010681,58.1199989319,58.8400001526,60.3800010681,3.7278852735419976,1,-2.9331368242956457,-2.9747890135802812,4.954009414759408,-2.044898235361259,-2.762515063397941,-5.851067036986546,1.0,4.0,0.08703729998351298,7.958024906841388,4.954009414759408,9.704932091735586
STLD,2021-09-21,stress,True,True,D-1,58.6300010681,58.8400001526,55.8699989319,57.75,60.3800010681,60.4500007629,3.1042122832063868,1,-2.9747890135802812,4.954009414759408,-2.044898235361259,-2.762515063397941,-6.182408044930443,-9.002661807041534,1.0,3.0,0.15030284086790854,12.061249914532368,4.954009414759408,13.72814256956586
STLD,2021-09-22,stress,True,True,D-1,59.1800003052,60.3800010681,58.1399993896,58.1899986267,60.4500007629,60.7099990845,2.5853308067076197,0,4.954009414759408,-2.044898235361259,-2.762515063397941,-6.182408044930443,-0.6366120762210103,-6.809748487289657,1.0,4.0,0.20302391024574865,12.779216023203466,4.954009414759408,11.73367157969557
STLD,2021-09-23,stress,True,True,D-1,58.8600006104,60.4500007629,58.5,59.1699981689,60.7099990845,61.8699989319,5.113826521041798,1,-2.044898235361259,-2.762515063397941,-6.182408044930443,-0.6366120762210103,0.761902383896107,-10.531983690620672,1.0,4.0,0.2510821724414046,11.892081366238095,0.761902383896107,0.0
STLD,2021-09-24,stress,True,True,D-1,59.0,60.7099990845,58.8699989319,59.8400001526,61.8699989319,62.4300003052,5.813559839322036,1,-2.762515063397941,-6.182408044930443,-0.6366120762210103,0.761902383896107,1.6841374210831095,-7.126041407689387,2.0,4.0,0.45517230855172436,6.675681739459871,1.6841374210831095,0.0
STLD,2021-09-27,stress,True,True,D-1,60.0900001526,61.8699989319,60.0900001526,61.7900009155,62.4300003052,62.8100013733,4.526545538013793,1,-6.182408044930443,-0.6366120762210103,0.761902383896107,1.6841374210831095,1.1323339605106675,-3.4059735017204606,3.0,0.0,0.8202481602334981,1.4538752167135405,1.6841374210831095,0.761902383896107
STLD,2021-09-28,stress,True,True,D-1,61.2700004578,62.4300003052,60.0200004578,61.8400001526,62.8100013733,60.7299995422,2.513466466449077,0,-0.6366120762210103,0.761902383896107,1.6841374210831095,1.1323339605106675,3.2586911061618373,6.31452520826814,4.0,0.0,0.9866669972666671,0.12946757600700298,3.2586911061618373,1.6841374210831095
STLD,2021-09-29,stress,True,True,D-1,62.2599983215,62.8100013733,59.5,59.5499992371,60.7299995422,58.7099990845,-2.4574346619788634,0,0.761902383896107,1.6841374210831095,1.1323339605106675,3.2586911061618373,0.08091800673117877,7.0822513464934955,5.0,0.0,0.8624708562521411,0.9540752767530414,3.2586911061618373,1.6841374210831095
STLD,2021-09-30,stress,True,True,D-1,60.0800018311,60.7299995422,58.3300018311,58.4799995422,58.7099990845,59.75,-0.5492706741716091,0,1.6841374210831095,1.1323339605106675,3.2586911061618373,0.08091800673117877,-3.703106257841293,2.3371724394163795,4.0,0.0,0.24361923492754264,5.474394925212689,3.2586911061618373,6.883875837042941
STLD,2021-10-01,stress,True,True,D-1,58.3499984741,58.7099990845,56.5299987793,58.2900009155,59.75,59.8899993896,2.6392475677331273,0,1.1323339605106675,3.2586911061618373,0.08091800673117877,-3.703106257841293,-1.7968089145388055,-1.166129200697985,3.0,1.0,0.03348163536336875,7.404243955192591,3.2586911061618373,8.692068535186204
STLD,2021-10-04,stress,True,True,D-1,58.3199996948,59.75,58.2299995422,58.5099983215,59.8899993896,58.9599990845,2.692043386515963,0,3.2586911061618373,0.08091800673117877,-3.703106257841293,-1.7968089145388055,-0.3248950550399532,-2.590239360206037,2.0,2.0,0.2802550014679185,7.754332452923451,3.2586911061618373,5.374557332428742
STLD,2021-10-05,stress,True,True,D-1,58.3400001526,59.8899993896,57.7999992371,59.3499984741,58.9599990845,60.5200004578,3.7367163172742135,1,0.08091800673117877,-3.703106257841293,-1.7968089145388055,-0.3248950550399532,0.3774187725934519,-5.308306433731113,2.0,3.0,0.3152864210743668,7.349176508555666,0.3774187725934519,0.08091800673117877
STLD,2021-10-06,stress,True,True,D-1,58.3800010681,58.9599990845,57.0200004578,57.5400009155,60.5200004578,60.2200012207,3.665637804979993,1,-3.703106257841293,-1.7968089145388055,-0.3248950550399532,0.3774187725934519,1.4356523272900823,-4.0265227560729695,2.0,4.0,0.44904435190747605,5.829828118209512,1.4356523272900823,0.0
STLD,2021-10-07,stress,True,True,D-1,58.7799987793,60.5200004578,58.5,59.4399986267,60.2200012207,62.2599983215,5.920380426114469,1,-1.7968089145388055,-0.3248950550399532,0.3774187725934519,1.4356523272900823,-3.0497011038506883,-3.3753120862304864,2.0,4.0,0.2404766554143717,5.543966937686795,1.4356523272900823,2.0352506540268878
STLD,2021-10-08,stress,True,True,D-1,59.6100006104,60.2200012207,58.9300003052,59.0900001526,62.2599983215,61.7400016785,4.445558939715322,1,-0.3248950550399532,0.3774187725934519,1.4356523272900823,-3.0497011038506883,3.30204671701384,1.6415853146634518,3.0,0.0,0.7293229632158916,1.8169613998188616,3.30204671701384,1.4356523272900823
STLD,2021-10-11,stress,True,True,D-1,60.7900009155,62.2599983215,60.6500015259,60.7200012207,61.7400016785,62.1199989319,2.1878565493834046,0,0.3774187725934519,1.4356523272900823,-3.0497011038506883,3.30204671701384,-0.5888265178101593,1.3724467739496315,3.0,1.0,0.5914284842285704,2.42003774159254,3.30204671701384,1.4356523272900823
STLD,2021-10-12,stress,True,True,D-1,60.7599983215,61.7400016785,60.4099998474,61.6399993896,62.1199989319,62.7599983215,3.2916393272715005,1,1.4356523272900823,-3.0497011038506883,3.30204671701384,-0.5888265178101593,2.7585057774420774,3.777137177575196,3.0,0.0,0.7061073036940899,2.5362270583667357,3.30204671701384,3.30204671701384
STLD,2021-10-13,stress,True,True,D-1,61.5800018311,62.1199989319,60.1500015259,61.0299987793,62.7599983215,63.3100013733,2.809352859301617,0,-3.0497011038506883,3.30204671701384,-0.5888265178101593,2.7585057774420774,1.5151484690457684,3.8584683645768614,3.0,1.0,0.8816795449106892,1.0058386405574993,3.30204671701384,3.30204671701384
STLD,2021-10-14,stress,True,True,D-1,62.2200012207,62.7599983215,61.5,61.6699981689,63.3100013733,62.5999984741,1.7518484911847931,0,3.30204671701384,-0.5888265178101593,2.7585057774420774,1.5151484690457684,-0.9896181316363162,6.065342037316279,3.0,2.0,0.6728723161479214,2.015401551371454,3.30204671701384,3.30204671701384
STLD,2021-10-15,stress,True,True,D-1,62.9500007629,63.3100013733,61.8199996948,61.8800010681,62.5999984741,64.5500030518,2.5417033669727696,0,-0.5888265178101593,2.7585057774420774,1.5151484690457684,-0.9896181316363162,1.0486636119958037,3.75168168526554,3.0,0.0,0.7154045124929331,1.7674723284647031,2.7585057774420774,2.7585057774420774
STLD,2021-10-18,stress,True,True,D-1,59.4300003052,62.5999984741,59.3100013733,62.4199981689,64.5500030518,66.2200012207,11.425207606646936,1,2.7585057774420774,1.5151484690457684,-0.9896181316363162,1.0486636119958037,0.3405268452008947,4.721612638847228,4.0,0.0,0.5474682359948272,2.3109248230720913,2.7585057774420774,2.7585057774420774
STLD,2021-10-19,stress,True,True,D-1,62.3699989319,64.5500030518,60.7299995422,63.5,66.2200012207,63.9900016785,6.172843281597151,1,1.5151484690457684,-0.9896181316363162,1.0486636119958037,0.3405268452008947,0.8726520547498451,2.7997314130824735,4.0,1.0,0.7774991989000011,1.4258302315097282,1.5151484690457684,1.5151484690457684
STLD,2021-10-20,stress,True,True,D-1,63.4000015259,66.2200012207,63.2200012207,65.0599975586,63.9900016785,64.4499969482,1.656144159351558,0,-0.9896181316363162,1.0486636119958037,0.3405268452008947,0.8726520547498451,1.7302176590548113,3.017522110348736,4.0,0.0,0.7996178023934191,1.6535481130708796,1.7302176590548113,1.0486636119958037
STLD,2021-10-21,stress,True,True,D-1,63.7700004578,63.9900016785,61.5499992371,63.0699996948,64.4499969482,67.7200012207,6.1941363251422965,1,1.0486636119958037,0.3405268452008947,0.8726520547498451,1.7302176590548113,2.4566890686614107,6.603307979529061,5.0,0.0,0.8321268179858983,1.7829752622649186,2.4566890686614107,1.0486636119958037
STLD,2021-10-22,stress,True,True,D-1,63.9900016785,64.4499969482,62.5400009155,63.5,67.7200012207,68.9100036621,7.688704257766976,1,0.3405268452008947,0.8726520547498451,1.7302176590548113,2.4566890686614107,-3.0587118636264843,2.270150101295143,4.0,1.0,0.5441386981961752,4.994453053976633,2.4566890686614107,2.407383494015436
STLD,2021-10-25,stress,True,True,D-1,64.3799972534,67.7200012207,63.8800010681,67.0899963379,68.9100036621,67.75,7.036356946195355,1,0.8726520547498451,1.7302176590548113,2.4566890686614107,-3.0587118636264843,0.6817826340269395,2.6179684937580383,4.0,2.0,0.6063673978627593,4.283466489291343,2.4566890686614107,4.854472064572068
STLD,2021-10-26,stress,True,True,D-1,67.2900009155,68.9100036621,66.1299972534,67.2799987793,67.75,66.2699966431,0.6836068929136241,0,1.7302176590548113,2.4566890686614107,-3.0587118636264843,0.6817826340269395,5.653537539999998,7.481573703933186,4.0,0.0,0.9098705677370897,0.9390444435664724,5.653537539999998,2.4566890686614107
STLD,2021-10-27,stress,True,True,D-1,66.3700027466,67.75,64.5100021362,64.5599975586,66.2699966431,67.6600036621,1.9436505380679536,0,2.4566890686614107,-3.0587118636264843,0.6817826340269395,5.653537539999998,0.28320532385044395,5.952753983149606,4.0,0.0,0.7785320784233094,2.422718359652376,5.653537539999998,2.4566890686614107
STLD,2021-10-28,stress,True,True,D-1,65.1100006104,66.2699966431,64.9000015259,65.4899978638,67.6600036621,66.9899978638,3.9164537364367424,1,-3.0587118636264843,0.6817826340269395,5.653537539999998,0.28320532385044395,-4.042808070824256,-0.7685213937329904,3.0,1.0,0.4089669173670371,6.737927924411036,5.653537539999998,9.424589734663435
STLD,2021-10-29,stress,True,True,D-1,66.0699996948,67.6600036621,65.7399978638,66.0800018311,66.9899978638,63.7999992371,1.3924597748596668,0,0.6817826340269395,5.653537539999998,0.28320532385044395,-4.042808070824256,1.4405209733099111,3.837003616157486,4.0,2.0,0.46310764149584804,5.222180347925209,5.653537539999998,8.31406213568523
STLD,2021-11-01,stress,True,True,D-1,66.9599990845,66.9899978638,63.7099990845,64.2099990845,63.7999992371,64.0299987793,-4.375747230077598,0,5.653537539999998,0.28320532385044395,-4.042808070824256,1.4405209733099111,0.9009069881587672,4.062995009606318,4.0,3.0,0.4373756716595458,4.282690303540626,5.653537539999998,5.653537539999998
STLD,2021-11-02,stress,True,True,D-1,63.7999992371,63.7999992371,62.2299995422,62.7400016785,64.0299987793,65.75,3.0564275646042027,1,0.28320532385044395,-4.042808070824256,1.4405209733099111,0.9009069881587672,-2.829907225759043,-4.292737234467636,3.0,4.0,0.09615376150895029,7.319739362423627,1.4405209733099111,3.395016042865451
STLD,2021-11-03,stress,True,True,D-1,63.0299987793,64.0299987793,62.5,63.5999984741,65.75,66.0599975586,4.807232806571293,1,-4.042808070824256,1.4405209733099111,0.9009069881587672,-2.829907225759043,-2.2893590203380776,-6.7479149571519015,2.0,4.0,0.09239168369621187,7.98533341961456,1.4405209733099111,6.495000483066915
STLD,2021-11-04,stress,True,True,D-1,64.0100021362,65.75,63.9099998474,64.2799987793,66.0599975586,68.4700012207,6.967659640145052,1,1.4405209733099111,0.9009069881587672,-2.829907225759043,-2.2893590203380776,1.3707312282312367,-1.4869874857548315,3.0,3.0,0.2523016376505494,6.383656109132407,1.4405209733099111,2.3905297244348644
STLD,2021-11-05,stress,True,True,D-1,64.8099975586,66.0599975586,64.4199981689,65.0400009155,68.4700012207,67.1999969482,5.647282518087882,1,0.9009069881587672,-2.829907225759043,-2.2893590203380776,1.3707312282312367,1.0691828954633165,-1.8476089845298804,3.0,4.0,0.3775318014192883,5.258252873347047,1.3707312282312367,0.9009069881587672
STLD,2021-11-08,stress,True,True,D-1,67.5,68.4700012207,66.25,66.8600006104,67.1999969482,66.2099990845,-0.4444489656296402,0,-2.829907225759043,-2.2893590203380776,1.3707312282312367,1.0691828954633165,1.182330663709874,-1.5738512209158784,3.0,4.0,0.5903366311178582,2.9981502473123145,1.3707312282312367,1.3707312282312367
STLD,2021-11-09,stress,True,True,D-1,66.2600021362,67.1999969482,64.8600006104,65.7300033569,66.2099990845,67.7699966431,2.2788929342262065,0,-2.2893590203380776,1.3707312282312367,1.0691828954633165,1.182330663709874,2.798277474295441,4.12708544414182,4.0,0.0,0.7419871510856669,2.4080176422397015,2.798277474295441,1.3707312282312367
STLD,2021-11-10,stress,True,True,D-1,65.3300018311,66.2099990845,64.1699981689,64.6900024414,67.7699966431,66.9700012207,3.7348763869748502,1,1.3707312282312367,1.0691828954633165,1.182330663709874,2.798277474295441,-1.6900945904631426,4.765702260770932,4.0,1.0,0.5410389776304388,4.168564922965845,2.798277474295441,1.3707312282312367
STLD,2021-11-11,stress,True,True,D-1,65.7799987793,67.7699966431,65.3499984741,66.25,66.9700012207,66.0500030518,1.8090642497464948,0,1.0691828954633165,1.182330663709874,2.798277474295441,-1.6900945904631426,-1.5822316482368315,1.713842756999262,3.0,2.0,0.17105314892383916,5.843250327164773,2.798277474295441,6.043862501499964
STLD,2021-11-12,stress,True,True,D-1,65.7300033569,66.9700012207,65.7300033569,66.1600036621,66.0500030518,65.9199981689,0.48683961441851054,0,1.182330663709874,2.798277474295441,-1.6900945904631426,-1.5822316482368315,2.4114971397831475,3.06471882095678,3.0,3.0,0.4837210127628412,3.3509452387924465,2.798277474295441,2.798277474295441
STLD,2021-11-15,stress,True,True,D-1,66.0100021362,66.0500030518,64.3099975586,65.4800033569,65.9199981689,65.1999969482,-0.13634898407410834,0,2.798277474295441,-1.6900945904631426,-1.5822316482368315,2.4114971397831475,-0.13584352890566587,1.7220214188728322,2.0,4.0,0.4627916467098726,3.491531787691371,2.798277474295441,2.798277474295441
STLD,2021-11-16,stress,True,True,D-1,65.4800033569,65.9199981689,63.6500015259,65.3600006104,65.1999969482,63.9599990845,-0.42762124976356564,0,-1.6900945904631426,-1.5822316482368315,2.4114971397831475,-0.13584352890566587,-1.0278117707988255,-2.0640102316800357,1.0,2.0,0.3638904842289177,3.497240636531962,2.4114971397831475,3.5737562237076803
STLD,2021-11-17,stress,True,True,D-1,64.3199996948,65.1999969482,62.9500007629,62.9599990845,63.9599990845,64.1299972534,-0.29540180706089103,0,-1.5822316482368315,2.4114971397831475,-0.13584352890566587,-1.0278117707988255,-0.18326624976777728,-0.5629130193269161,1.0,3.0,0.4150488133738683,3.6872643974800168,2.4114971397831475,3.6206915282627317
STLD,2021-11-18,stress,True,True,D-1,62.5999984741,63.9599990845,62.5099983215,63.6100006104,64.1299972534,69.0199966431,10.255588379377034,1,2.4114971397831475,-0.13584352890566587,-1.0278117707988255,-0.18326624976777728,-3.671972924550604,-2.6742978692374297,1.0,4.0,0.0020743423539163626,7.639767516744089,2.4114971397831475,6.260006827030217
STLD,2021-11-19,stress,True,True,D-1,63.0,64.1299972534,62.6100006104,63.1100006104,69.0199966431,68.6399993896,9.55555022714285,1,-0.13584352890566587,-1.0278117707988255,-0.18326624976777728,-3.671972924550604,1.0324039633920812,-3.9849047390188685,1.0,4.0,0.246637124181536,5.28218924392001,1.0324039633920812,2.677478555166257
STLD,2021-11-22,stress,True,True,D-1,64.0699996948,69.0199966431,63.9599990845,67.0299987793,68.6399993896,67.6500015259,7.132823031948465,1,-1.0278117707988255,-0.18326624976777728,-3.671972924550604,1.0324039633920812,-0.7860399232856641,-4.610040633125301,1.0,4.0,0.16949194552323446,4.658536544072733,1.0324039633920812,0.0
STLD,2021-11-23,stress,True,True,D-1,67.6900024414,68.6399993896,66.3000030518,67.4899978638,67.6500015259,64.5699996948,-0.05909427398030909,0,-0.18326624976777728,-3.671972924550604,1.0324039633920812,-0.7860399232856641,6.211373999343639,2.367127890864218,2.0,0.0,0.6943166855823543,2.9688167985086444,6.211373999343639,1.0324039633920812
STLD,2021-11-24,stress,True,True,D-1,67.0400009155,67.6500015259,65.0899963379,65.1500015259,64.5699996948,64.3600006104,-3.684369312305491,0,-3.671972924550604,1.0324039633920812,-0.7860399232856641,6.211373999343639,0.6862585303254676,3.258869696309463,3.0,1.0,0.7649770854435544,2.267000781934625,6.211373999343639,1.0324039633920812
STLD,2021-11-26,stress,True,True,D-1,62.5,64.5699996948,60.8899993896,63.5099983215,64.3600006104,61.4700012207,2.976000976639992,0,1.0324039633920812,-0.7860399232856641,6.211373999343639,0.6862585303254676,-3.4671750066169738,3.4784029117610693,3.0,2.0,0.4055305506977683,5.940130508917196,6.211373999343639,9.016084259879376
STLD,2021-11-29,stress,True,True,D-1,63.5600013733,64.3600006104,61.1199989319,61.4000015259,61.4700012207,62.4799995422,-1.6991847195800713,0,-0.7860399232856641,6.211373999343639,0.6862585303254676,-3.4671750066169738,-2.5172727029761033,-0.1572115829906906,2.0,3.0,0.32226320012249426,8.675796673316395,6.211373999343639,12.108543458930743
STLD,2021-11-30,stress,True,True,D-1,61.0,61.4700012207,59.4000015259,59.7999992371,62.4799995422,60.9300003052,2.426228757704907,0,6.211373999343639,0.6862585303254676,-3.4671750066169738,-2.5172727029761033,-3.3223064893165066,-2.7095532688335977,2.0,4.0,0.06273091126573803,12.41041519190469,6.211373999343639,11.967321677271482
STLD,2021-12-01,stress,True,True,D-1,61.5999984741,62.4799995422,59.0600013733,59.0900001526,60.9300003052,61.4599990845,-0.22727174199340672,0,0.6862585303254676,-3.4671750066169738,-2.5172727029761033,-3.3223064893165066,-2.60586685510924,-10.786214641007486,1.0,4.0,0.04328980559307495,14.782609139258419,0.6862585303254676,6.527856991120973
STLD,2021-12-02,stress,True,True,D-1,59.8899993896,60.9300003052,58.9199981689,59.5999984741,61.4599990845,61.0999984741,2.6214722172340332,0,-3.4671750066169738,-2.5172727029761033,-3.3223064893165066,-2.60586685510924,-1.1872894541100965,-12.446285341646979,0.0,4.0,0.0034922908925585335,14.486379000158722,-1.1872894541100965,3.7622171268604787
STLD,2021-12-03,stress,True,True,D-1,59.9500007629,61.4599990845,58.8899993896,59.3699989319,61.0999984741,63.4000015259,5.754796862546563,1,-2.5172727029761033,-3.3223064893165066,-2.60586685510924,-1.1872894541100965,0.8630873585766308,-8.51880724760018,1.0,4.0,0.12035400381448175,8.338928436147164,0.8630873585766308,0.334449440721607
STLD,2021-12-06,stress,True,True,D-1,59.7999992371,61.0999984741,59.5600013733,60.0,63.4000015259,62.6699981689,6.020070793858068,1,-3.3223064893165066,-2.60586685510924,-1.1872894541100965,0.8630873585766308,-0.385905282027732,-6.5186576901522075,1.0,4.0,0.0877512678561705,8.404921287304967,0.8630873585766308,0.0
STLD,2021-12-07,stress,True,True,D-1,61.4199981689,63.4000015259,60.9799995422,62.1899986267,62.6699981689,61.2200012207,2.0351677584922845,0,-2.60586685510924,-1.1872894541100965,0.8630873585766308,-0.385905282027732,1.0611438090518455,-2.280132721673378,2.0,3.0,0.3091923574421301,4.133332570333326,1.0611438090518455,0.8630873585766308
STLD,2021-12-08,stress,True,True,D-1,62.4399986267,62.6699981689,60.8300018311,61.25,61.2200012207,61.8400001526,-0.9609200629345338,0,-1.1872894541100965,0.8630873585766308,-0.385905282027732,1.0611438090518455,3.649997711166675,3.9966545486462834,3.0,0.0,0.7317068013203463,1.9456551309208647,3.649997711166675,0.8630873585766308
STLD,2021-12-09,stress,True,True,D-1,60.3899993896,61.2200012207,59.5999984741,61.0600013733,61.8400001526,60.6100006104,2.401061065832222,0,0.8630873585766308,-0.385905282027732,1.0611438090518455,3.649997711166675,-1.5114948503897163,3.655440585245895,3.0,1.0,0.523281483927664,3.510206572897956,3.649997711166675,1.0611438090518455
STLD,2021-12-10,stress,True,True,D-1,61.6300010681,61.8400001526,59.2700004578,60.0699996948,60.6100006104,62.5800018311,1.5414582939083044,0,-0.385905282027732,1.0611438090518455,3.649997711166675,-1.5114948503897163,-0.31020183951020464,2.449669356677009,2.0,2.0,0.48115320527991207,3.832296265920543,3.649997711166675,5.467005716236583
STLD,2021-12-13,stress,True,True,D-1,60.3699989319,60.6100006104,58.3899993896,59.7999992371,62.5800018311,60.3400001526,3.6607635221146406,1,1.0611438090518455,3.649997711166675,-1.5114948503897163,-0.31020183951020464,-1.6213587557056597,1.1790479627647121,2.0,3.0,0.19370436564270424,5.543535621806006,3.649997711166675,5.57652882169728
STLD,2021-12-14,stress,True,True,D-1,59.9300003052,62.5800018311,59.7099990845,61.3800010681,60.3400001526,63.1100006104,5.3061910378867205,1,3.649997711166675,-1.5114948503897163,-0.31020183951020464,-1.6213587557056597,-0.4494763760143239,-0.3333346048333241,1.0,4.0,0.28143697530263323,6.020070793858068,3.649997711166675,5.713545218309313
STLD,2021-12-15,stress,True,True,D-1,60.3400001526,60.3400001526,56.9199981689,58.8199996948,63.1100006104,63.8400001526,5.8004640224535775,1,-1.5114948503897163,-0.31020183951020464,-1.6213587557056597,-0.4494763760143239,2.642143563807542,-1.3024563056546645,1.0,4.0,0.6985987222615561,2.101657019146641,2.642143563807542,0.0
STLD,2021-12-16,stress,True,True,D-1,59.5999984741,63.1100006104,59.5299987793,62.4000015259,63.8400001526,61.3300018311,7.114096958144311,1,-0.31020183951020464,-1.6213587557056597,-0.4494763760143239,2.642143563807542,-4.170741819407464,-3.9673474370612194,1.0,1.0,0.3356890983285136,6.39238720810873,2.642143563807542,1.6387952421444307
STLD,2021-12-17,stress,True,True,D-1,61.7599983215,63.8400001526,60.6100006104,62.3400001526,61.3300018311,61.3800010681,-0.615280543600194,0,-1.6213587557056597,-0.4494763760143239,2.642143563807542,-4.170741819407464,6.086368326548097,2.1945629257485555,2.0,0.0,0.8852990622847078,1.1378190178493952,6.086368326548097,2.642143563807542
STLD,2021-12-20,stress,True,True,D-1,60.8699989319,61.3300018311,58.9099998474,59.3199996948,61.3800010681,62.0800018311,1.9878477417976104,0,-0.4494763760143239,2.642143563807542,-4.170741819407464,6.086368326548097,-0.09615604460377902,3.778925369291275,2.0,0.0,0.7832370563573194,2.4061597631187093,6.086368326548097,2.642143563807542
STLD,2021-12-21,stress,True,True,D-1,60.3400001526,61.3800010681,59.8499984741,61.0800018311,62.0800018311,61.9099998474,2.8836620386137435,0,2.642143563807542,-4.170741819407464,6.086368326548097,-0.09615604460377902,-4.844402390772274,-0.8026748301398046,2.0,1.0,0.34682093033400635,7.619690628886189,6.086368326548097,11.0222685762005
STLD,2021-12-22,stress,True,True,D-1,61.1399993896,62.0800018311,60.7000007629,61.4500007629,61.9099998474,62.7799987793,2.6823673635478773,0,-4.170741819407464,6.086368326548097,-0.09615604460377902,-4.844402390772274,2.966962483740998,-0.4887573016936875,2.0,2.0,0.6011564262552018,4.518661163652249,6.086368326548097,8.107539835075029
STLD,2021-12-23,stress,True,True,D-1,61.9099998474,61.9099998474,60.75,61.6500015259,62.7799987793,62.9099998474,1.6152479445402435,0,6.086368326548097,-0.09615604460377902,-4.844402390772274,2.966962483740998,0.6057611668433216,4.4712701151756296,3.0,3.0,0.5152131355490767,3.8893398861321815,6.086368326548097,6.086368326548097
STLD,2021-12-27,stress,True,True,D-1,61.8800010681,62.7799987793,61.0999984741,62.7400016785,62.9099998474,62.8300018311,1.6645099572097033,0,-0.09615604460377902,-4.844402390772274,2.966962483740998,0.6057611668433216,0.32546909766801857,-1.2019230475318166,3.0,4.0,0.5557812391228333,3.5523091200248436,2.966962483740998,2.966962483740998
STLD,2021-12-28,stress,True,True,D-1,61.8800010681,62.9099998474,61.4799995422,62.2999992371,62.8300018311,62.9500007629,1.7291526766821441,0,-4.844402390772274,2.966962483740998,0.6057611668433216,0.32546909766801857,1.7680456214458795,0.6416450512044536,4.0,0.0,0.9896648289821713,0.06375055742739999,2.966962483740998,2.966962483740998
STLD,2021-12-29,stress,True,True,D-1,62.2999992371,62.8300018311,61.5800018311,62.3699989319,62.9500007629,62.25,1.0433411456816089,0,2.966962483740998,0.6057611668433216,0.32546909766801857,1.7680456214458795,-0.7013108537272772,5.0236000634390265,4.0,0.0,0.8006534847916901,0.9791342179290785,2.966962483740998,2.966962483740998
STLD,2021-12-30,stress,True,True,D-1,62.3100013733,62.9500007629,61.7999992371,61.8800010681,62.25,63.2099990845,1.4443872434027227,0,0.6057611668433216,0.32546909766801857,1.7680456214458795,-0.7013108537272772,0.1123590620500492,2.1119794730313446,4.0,1.0,0.7556555931233913,0.8658023484810595,1.7680456214458795,2.357785399420409
STLD,2021-12-31,stress,True,True,D-1,62.1300010681,62.25,61.4799995422,62.0699996948,63.2099990845,63.8100013733,2.7040081704788,0,0.32546909766801857,1.7680456214458795,-0.7013108537272772,0.1123590620500492,-0.7856307073774604,0.6997563870814627,3.0,0.0,0.5136366710211753,1.7291526766821441,1.7680456214458795,2.4421999940672734
STLD,2022-01-03,stress,True,True,D-1,62.3300018311,63.2099990845,61.3199996948,61.6599998474,63.8100013733,68.1699981689,9.369478848444523,1,1.7680456214458795,-0.7013108537272772,0.1123590620500492,-0.7856307073774604,0.30704367068594696,0.68126221979663,3.0,1.0,0.5243243354737661,1.41775587631221,1.7680456214458795,2.249044887499352
STLD,2022-01-04,stress,True,True,D-1,62.2999992371,63.8100013733,62.0099983215,63.5200004578,68.1699981689,66.9199981689,9.422149283598014,1,-0.7013108537272772,0.1123590620500492,-0.7856307073774604,0.30704367068594696,-0.6605443038762426,-1.7213927354262415,2.0,0.0,0.17989431872460424,2.5137840430360603,0.30704367068594696,0.46788785471746364
STLD,2022-01-05,stress,True,True,D-1,64.1800003052,68.1699981689,63.8400001526,65.9599990845,66.9199981689,64.9100036621,4.269239405843384,1,0.1123590620500492,-0.7856307073774604,0.30704367068594696,-0.6605443038762426,3.0165433263108055,1.958268436018673,3.0,0.0,0.8835338473849162,0.4565505563757899,3.0165433263108055,0.30704367068594696
STLD,2022-01-06,stress,True,True,D-1,66.8899993896,66.9199981689,63.6699981689,64.0500030518,64.9100036621,63.2799987793,-2.9600773591991647,0,-0.7856307073774604,0.30704367068594696,-0.6605443038762426,3.0165433263108055,3.8413076339963714,5.755972765880291,3.0,0.0,0.677372324569698,3.3505141223073798,3.8413076339963714,0.30704367068594696
STLD,2022-01-07,stress,True,True,D-1,64.4000015259,64.9100036621,61.4500007629,62.3100013733,63.2799987793,60.9900016785,-1.7391346584821998,0,0.30704367068594696,-0.6605443038762426,3.0165433263108055,3.8413076339963714,-2.8956883857034876,3.506790475507393,3.0,1.0,0.39854072483697767,6.432466699131889,3.8413076339963714,3.0165433263108055
STLD,2022-01-10,stress,True,True,D-1,62.8400001526,63.2799987793,59.7099990845,60.5900001526,60.9900016785,63.8400001526,1.591343089706565,0,-0.6605443038762426,3.0165433263108055,3.8413076339963714,-2.8956883857034876,-2.7166301258296444,0.3866629284357881,2.0,2.0,0.14452582467619718,9.404584603509614,3.8413076339963714,9.374961002493333
STLD,2022-01-11,stress,True,True,D-1,59.0900001526,60.9900016785,58.1800003052,60.9700012207,63.8400001526,64.1999969482,8.647819905912035,1,3.0165433263108055,3.8413076339963714,-2.8956883857034876,-2.7166301258296444,-2.760393488671986,-1.735322246915516,2.0,3.0,0.10401905004017056,12.510311928056206,3.8413076339963714,9.243341567393305
STLD,2022-01-12,stress,True,True,D-1,62.2099990845,63.8400001526,62.0,63.5999984741,64.1999969482,63.0499992371,3.1988392428634826,1,3.8413076339963714,-2.8956883857034876,-2.7166301258296444,-2.760393488671986,0.6271679602953384,-4.0144823972319,2.0,4.0,0.2792794306431082,11.809081194106197,3.8413076339963714,5.991845465912061
STLD,2022-01-13,stress,True,True,D-1,63.3199996948,64.1999969482,62.3499984741,62.8199996948,63.0499992371,61.6899986267,-0.4264062839567151,0,-2.8956883857034876,-2.7166301258296444,-2.760393488671986,0.6271679602953384,4.313592259708021,-3.577926990836755,2.0,4.0,0.6201372418420129,5.220125431531275,4.313592259708021,0.0
STLD,2022-01-14,stress,True,True,D-1,62.4199981689,63.0499992371,61.4799995422,62.2099990845,61.6899986267,62.3400001526,-0.1281608757557784,0,-2.7166301258296444,-2.760393488671986,0.6271679602953384,4.313592259708021,-1.2264132044242704,-1.920379856977128,2.0,4.0,0.689449788289155,3.3269722659247325,4.313592259708021,0.6271679602953384
STLD,2022-01-18,stress,True,True,D-1,61.6199989319,61.6899986267,59.7000007629,59.9000015259,62.3400001526,61.6599998474,1.1684538026294211,0,-2.760393488671986,0.6271679602953384,4.313592259708021,-1.2264132044242704,-0.9710293111486634,-0.16049155287428674,2.0,1.0,0.6694353864775074,3.1988392428634826,4.313592259708021,6.499125943590189
STLD,2022-01-19,stress,True,True,D-1,61.5,62.3400001526,58.5200004578,58.9599990845,61.6599998474,56.3300018311,0.26016235349592964,0,0.6271679602953384,4.313592259708021,-1.2264132044242704,-0.9710293111486634,-3.713225514538776,-1.1387995130585749,2.0,2.0,0.285714647814631,7.178623226646708,4.313592259708021,8.961790577260242
STLD,2022-01-20,stress,True,True,D-1,59.5299987793,61.6599998474,56.9199981689,56.9599990845,56.3300018311,55.0600013733,-5.375435937876616,0,4.313592259708021,-1.2264132044242704,-0.9710293111486634,-3.713225514538776,-1.5692861727116258,-3.29670673438921,1.0,3.0,0.07746459481861594,8.887377790135575,4.313592259708021,9.537832812397173
STLD,2022-01-21,stress,True,True,D-1,56.3300018311,56.3300018311,52.3300018311,52.4500007629,55.0600013733,55.4300003052,-1.597730333115499,0,-1.2264132044242704,-0.9710293111486634,-3.713225514538776,-1.5692861727116258,-3.392130310473118,-10.44025086306256,0.0,4.0,0.005494632185067896,12.71067061107125,-0.9710293111486634,4.908184251262138
STLD,2022-01-24,stress,True,True,D-1,50.9199981689,55.0600013733,50.5400009155,54.7000007629,55.4300003052,55.6300010681,9.249809639774664,1,-0.9710293111486634,-3.713225514538776,-1.5692861727116258,-3.392130310473118,-7.917834259283307,-16.50748007367213,0.0,4.0,0.011193932913904832,20.209720343222216,-0.9710293111486634,11.041381313914256
STLD,2022-01-25,stress,True,True,D-1,51.4799995422,55.4300003052,51.4399986267,54.1199989319,55.6300010681,56.5,9.751360727353786,1,-3.713225514538776,-1.5692861727116258,-3.392130310473118,-7.917834259283307,4.289799746945877,-12.072011625332369,1.0,3.0,0.3525423827419135,13.967091925310893,4.289799746945877,3.9676937463557493
STLD,2022-01-26,stress,True,True,D-1,55.2400016785,55.6300010681,52.2599983215,53.1199989319,56.5,54.9300003052,2.2809527212422243,0,-1.5692861727116258,-3.392130310473118,-7.917834259283307,4.289799746945877,-1.0603324002024128,-9.649419777561786,1.0,4.0,0.3033896820216938,15.188472621818327,4.289799746945877,0.0
STLD,2022-01-27,stress,True,True,D-1,54.3100013733,56.5,54.0,54.3400001526,54.9300003052,56.5600013733,4.142883342120762,1,-3.392130310473118,-7.917834259283307,4.289799746945877,-1.0603324002024128,-1.8477457866514668,-9.905020765401062,1.0,4.0,0.23201423239338123,16.076809275633288,4.289799746945877,7.178285686550511
STLD,2022-01-28,stress,True,True,D-1,54.4399986267,54.9300003052,52.8199996948,54.9199981689,56.5600013733,57.8800010681,6.3188878181067,1,-7.917834259283307,4.289799746945877,-1.0603324002024128,-1.8477457866514668,2.296689091172688,-4.599717299877826,2.0,0.0,0.6375838625516819,3.9749721040378994,4.289799746945877,4.289799746945877
STLD,2022-01-31,stress,True,True,D-1,54.5,56.5600013733,54.4500007629,55.5200004578,57.8800010681,59.8499984741,9.816510961651371,1,4.289799746945877,-1.0603324002024128,-1.8477457866514668,2.296689091172688,1.0673500454015938,4.709241887651472,3.0,1.0,0.7348989809060432,2.876915301855787,4.289799746945877,4.289799746945877
STLD,2022-02-01,stress,True,True,D-1,56.6300010681,57.8800010681,56.4500007629,57.6100006104,59.8499984741,60.5,6.83383164207636,1,-1.0603324002024128,-1.8477457866514668,2.296689091172688,1.0673500454015938,1.0925023832935477,1.4990853445401964,3.0,0.0,0.7968749301568986,1.8732004807717528,2.296689091172688,2.296689091172688
STLD,2022-02-02,stress,True,True,D-1,57.4799995422,59.8499984741,56.5,59.1699981689,60.5,59.8100013733,5.254002230084942,1,-1.8477457866514668,2.296689091172688,1.0673500454015938,1.0925023832935477,3.7644094657178107,6.448635896854915,4.0,0.0,0.9519572374117885,0.46866942343211093,3.7644094657178107,2.296689091172688
STLD,2022-02-03,stress,True,True,D-1,58.4700012207,60.5,57.8300018311,58.8699989319,59.8100013733,59.8600006104,2.3772864044475206,0,2.296689091172688,1.0673500454015938,1.0925023832935477,3.7644094657178107,2.7078589515209694,11.389306021553413,5.0,0.0,0.9032716325353748,1.1492315806043152,3.7644094657178107,2.296689091172688
STLD,2022-02-04,stress,True,True,D-1,58.4000015259,59.8100013733,58.2400016785,58.9399986267,59.8600006104,61.1399993896,4.69177704128112,1,1.0673500454015938,1.0925023832935477,3.7644094657178107,2.7078589515209694,-0.5070124155550193,8.336398171841486,4.0,0.0,0.7877602860254634,2.768814502588257,3.7644094657178107,3.7644094657178107
STLD,2022-02-07,stress,True,True,D-1,59.6199989319,59.8600006104,56.8600006104,58.3300018311,61.1399993896,62.7799987793,5.300234659530045,1,1.0925023832935477,3.7644094657178107,2.7078589515209694,-0.5070124155550193,0.1189055479361878,7.319738878062165,4.0,1.0,0.7421485008239826,2.6467618080216804,3.7644094657178107,4.153119199227461
STLD,2022-02-08,stress,True,True,D-1,58.9900016785,61.1399993896,58.5499992371,60.5999984741,62.7799987793,62.9099998474,6.645190807527501,1,3.7644094657178107,2.7078589515209694,-0.5070124155550193,0.1189055479361878,-1.0349453848200074,5.061241624873247,3.0,2.0,0.46419788205841106,3.720209327583146,3.7644094657178107,4.6816799100822815
STLD,2022-02-09,stress,True,True,D-1,60.7599983215,62.7799987793,60.1199989319,62.5499992371,62.9099998474,62.1399993896,3.538514788173086,1,2.7078589515209694,-0.5070124155550193,0.1189055479361878,-1.0349453848200074,3.89164507413009,5.190067404998833,3.0,0.0,0.8836204770392105,0.8910906420745102,3.89164507413009,2.7078589515209694
STLD,2022-02-10,stress,True,True,D-1,61.7000007629,62.9099998474,60.9500007629,61.3400001526,62.1399993896,61.9300003052,0.7131258043104882,0,-0.5070124155550193,0.1189055479361878,-1.0349453848200074,3.89164507413009,3.217823122278496,5.712356215648051,3.0,0.0,0.9611487139627385,0.3677051079220117,3.89164507413009,0.1189055479361878
STLD,2022-02-11,stress,True,True,D-1,60.7999992371,62.1399993896,59.9500007629,60.7099990845,61.9300003052,64.1299972534,5.476970490269428,1,0.1189055479361878,-1.0349453848200074,3.89164507413009,3.217823122278496,-1.934450998014281,4.195687558203054,3.0,0.0,0.7404958854873318,2.5595038977733964,3.89164507413009,3.89164507413009
STLD,2022-02-14,stress,True,True,D-1,60.8100013733,61.9300003052,60.25,61.6100006104,64.1299972534,65.6999969482,8.041433094009198,1,-1.0349453848200074,3.89164507413009,3.217823122278496,-1.934450998014281,-1.0270640145626064,3.0030547998658674,2.0,1.0,0.6363634644041851,3.6237865196438346,3.89164507413009,6.833292036627025
STLD,2022-02-15,stress,True,True,D-1,61.6399993896,64.1299972534,60.3499984741,63.7799987793,65.6999969482,64.5500030518,6.586628161591124,1,3.89164507413009,3.217823122278496,-1.934450998014281,-1.0270640145626064,1.4824601210211341,5.623176198069646,3.0,2.0,0.701835079121571,2.110045810940231,3.89164507413009,3.89164507413009
STLD,2022-02-16,stress,True,True,D-1,63.7799987793,65.6999969482,63.3100013733,64.2900009155,64.5500030518,64.8099975586,1.614924426173392,0,3.217823122278496,-1.934450998014281,-1.0270640145626064,1.4824601210211341,3.522152487259822,5.247525388237606,3.0,0.0,0.916268237330951,0.5487589852598118,3.522152487259822,3.217823122278496
STLD,2022-02-17,stress,True,True,D-1,63.8100013733,64.5500030518,62.9500007629,63.2400016785,64.8099975586,65.4400024414,2.554460167716033,0,-1.934450998014281,-1.0270640145626064,1.4824601210211341,3.522152487259822,0.7996270711211118,2.7817772975574417,3.0,0.0,0.7547831359776062,2.1931809186831908,3.522152487259822,1.4824601210211341
STLD,2022-02-18,stress,True,True,D-1,63.6199989319,64.8099975586,63.3499984741,63.9500007629,65.4400024414,64.2699966431,2.8607411821055972,0,-1.0270640145626064,1.4824601210211341,3.522152487259822,0.7996270711211118,-1.6332232416360948,3.097491883229919,3.0,1.0,0.5721744518737193,3.889935490840335,3.522152487259822,4.368808352946763
STLD,2022-02-22,stress,True,True,D-1,64.2300033569,65.4400024414,62.8600006104,63.0400009155,64.2699966431,63.4599990845,0.062265738922318015,0,1.4824601210211341,3.522152487259822,0.7996270711211118,-1.6332232416360948,1.1227056697586724,5.336850151966499,4.0,2.0,0.6788996027093225,2.7365069029291478,3.522152487259822,4.0510063490709065
STLD,2022-02-23,stress,True,True,D-1,63.2299995422,64.2699966431,61.9900016785,62.1599998474,63.4599990845,69.1299972534,9.33101020704945,1,3.522152487259822,0.7996270711211118,-1.6332232416360948,1.1227056697586724,-1.4229864527662728,2.321052249524902,3.0,3.0,0.5028043380615224,4.219536792623946,3.522152487259822,3.8384092198525344
STLD,2022-02-24,stress,True,True,D-1,60.1800003052,63.4599990845,59.0400009155,63.2599983215,69.1299972534,71.9400024414,19.54137932296396,1,0.7996270711211118,-1.6332232416360948,1.1227056697586724,-1.4229864527662728,-1.3959407603428953,-2.5399795592748964,2.0,4.0,0.04582166729116825,5.694976044868927,1.1227056697586724,3.921768834959516
STLD,2022-02-25,stress,True,True,D-1,63.6300010681,69.1299972534,63.4399986267,69.0100021362,71.9400024414,75.4100036621,18.513283665345924,1,-1.6332232416360948,1.1227056697586724,-1.4229864527662728,-1.3959407603428953,1.7696243191770433,-1.6021194265556038,2.0,2.0,0.6593744374782103,3.446102083058533,1.7696243191770433,1.1227056697586724
STLD,2022-02-28,stress,True,True,D-1,67.7099990845,71.9400024414,67.5699996948,70.5800018311,75.4100036621,75.75,11.874170763857684,1,1.1227056697586724,-1.4229864527662728,-1.3959407603428953,1.7696243191770433,9.08947829160116,9.123972651097588,3.0,0.0,0.9881075162783478,0.17388076146291898,9.08947829160116,1.1227056697586724
STLD,2022-03-01,stress,True,True,D-1,72.0,75.4100036621,70.2200012207,72.1699981689,75.75,77.4100036621,7.513893975138886,1,-1.4229864527662728,-1.3959407603428953,1.7696243191770433,9.08947829160116,2.2750320914371347,10.367476136210364,3.0,0.0,0.8945736085713286,1.9268922853735715,9.08947829160116,1.7696243191770433
STLD,2022-03-02,stress,True,True,D-1,73.4100036621,75.75,72.0199966431,75.2300033569,77.4100036621,77.5699996948,5.666797200893914,1,-1.3959407603428953,1.7696243191770433,9.08947829160116,2.2750320914371347,2.2527575751625672,14.482863453060556,4.0,0.0,0.8020766677102151,4.4894077530906795,9.08947829160116,9.08947829160116
STLD,2022-03-03,stress,True,True,D-1,75.7300033569,77.4100036621,74.6399993896,77.0899963379,77.5699996948,77.4599990845,2.4296794616903483,0,1.7696243191770433,9.08947829160116,2.2750320914371347,2.2527575751625672,4.239996211221531,21.02638922391613,5.0,0.0,0.9688811088217029,0.6912091185654612,9.08947829160116,9.08947829160116
STLD,2022-03-04,stress,True,True,D-1,75.7200012207,77.5699996948,75.1299972534,77.3799972534,77.4599990845,72.4100036621,2.2979369199010558,0,9.08947829160116,2.2750320914371347,2.2527575751625672,4.239996211221531,2.4724084780057387,21.862153625286517,5.0,0.0,0.9770932563453562,0.4151087552233701,9.08947829160116,9.08947829160116
STLD,2022-03-07,stress,True,True,D-1,77.1399993896,77.4599990845,71.7799987793,72.3799972534,72.4100036621,73.2900009155,-4.990923651237489,0,2.2750320914371347,2.2527575751625672,4.239996211221531,2.4724084780057387,0.3761848868546691,12.128669552394378,5.0,0.0,0.9809997558600003,0.24554464738191228,4.239996211221531,4.239996211221531
STLD,2022-03-08,stress,True,True,D-1,71.6399993896,72.4100036621,68.8099975586,69.9700012207,73.2900009155,73.8499984741,3.084867536753255,1,2.2527575751625672,4.239996211221531,2.4724084780057387,0.3761848868546691,-6.461618218499366,2.5502909827169518,4.0,1.0,0.29387707226218107,7.1704927305122235,4.239996211221531,10.349737174050455
STLD,2022-03-09,stress,True,True,D-1,70.2600021362,73.2900009155,70.0500030518,71.9499969482,73.8499984741,74.4000015259,5.89239861062707,1,4.239996211221531,2.4724084780057387,0.3761848868546691,-6.461618218499366,-3.329643719469466,-3.0483538922244757,3.0,2.0,0.13242047708029367,10.861795543104291,4.239996211221531,13.816109284001998
STLD,2022-03-10,stress,True,True,D-1,71.9100036621,73.8499984741,71.1399993896,72.3899993896,74.4000015259,72.2799987793,3.4626585134111876,1,2.4724084780057387,0.3761848868546691,-6.461618218499366,-3.329643719469466,2.829778037668862,-4.359971105064641,3.0,3.0,0.35844733149369895,7.810983995796561,2.829778037668862,3.066495686512527
STLD,2022-03-11,stress,True,True,D-1,72.3799972534,74.4000015259,71.5999984741,72.1200027466,72.2799987793,73.2200012207,1.1605471113229848,0,0.3761848868546691,-6.461618218499366,-3.329643719469466,2.829778037668862,0.6115392078706927,-6.096766340082604,3.0,4.0,0.4086759084459507,7.155684968750231,2.829778037668862,0.3761848868546691
STLD,2022-03-14,stress,True,True,D-1,71.9000015259,72.2799987793,69.4400024414,71.4899978638,73.2200012207,76.0599975586,5.785807989449743,1,-6.461618218499366,-3.329643719469466,2.829778037668862,0.6115392078706927,-0.37297505909194006,-6.797615266869106,2.0,4.0,0.38265949180345366,7.40432076335682,2.829778037668862,2.829778037668862
STLD,2022-03-15,stress,True,True,D-1,70.8600006104,73.2200012207,69.5299987793,73.1100006104,76.0599975586,81.2300033569,14.63449429462469,1,-3.329643719469466,2.829778037668862,0.6115392078706927,-0.37297505909194006,-0.8735508302926354,-1.2296206457208747,2.0,1.0,0.4794272635363538,4.0705046147071045,2.829778037668862,4.073045800327946
STLD,2022-03-16,stress,True,True,D-1,74.2399978638,76.0599975586,72.1999969482,75.0100021362,81.2300033569,84.3700027466,13.64494231449791,1,2.829778037668862,0.6115392078706927,-0.37297505909194006,-0.8735508302926354,2.266055105619613,4.487636608431345,3.0,2.0,0.7399191222572488,1.764465743030641,2.829778037668862,2.829778037668862
STLD,2022-03-17,stress,True,True,D-1,76.1999969482,81.2300033569,75.1399993896,81.0599975586,84.3700027466,87.3099975586,14.580053878417454,1,0.6115392078706927,-0.37297505909194006,-0.8735508302926354,2.266055105619613,2.59882575562409,4.252960830843455,3.0,0.0,0.8413903025892097,1.39980721570101,2.59882575562409,0.6115392078706927
STLD,2022-03-18,stress,True,True,D-1,79.6800003052,84.3700027466,79.0199966431,84.2099990845,87.3099975586,86.9700012207,9.575799729134872,1,-0.37297505909194006,-0.8735508302926354,2.266055105619613,2.59882575562409,8.065584922147684,11.976789946272026,3.0,0.0,0.985580510169724,0.2097283535902994,8.065584922147684,2.266055105619613
STLD,2022-03-21,stress,True,True,D-1,85.5500030518,87.3099975586,83.0899963379,85.1800003052,86.9700012207,86.1200027466,1.6598458424837093,0,-0.8735508302926354,2.266055105619613,2.59882575562409,8.065584922147684,3.8860123621676568,16.763721405251843,4.0,0.0,0.9892830771045418,0.1900055383440069,8.065584922147684,2.59882575562409
STLD,2022-03-22,stress,True,True,D-1,86.0100021362,86.9700012207,83.1299972534,84.1999969482,86.1200027466,88.6800003052,3.104287992891752,1,2.266055105619613,2.59882575562409,8.065584922147684,3.8860123621676568,1.1518836613769068,19.149535390225726,5.0,0.0,0.8802026209428196,2.500583758826269,8.065584922147684,8.065584922147684
STLD,2022-03-23,stress,True,True,D-1,84.0699996948,86.1200027466,83.4000015259,85.4599990845,88.6800003052,89.6900024414,6.684908727253869,1,2.59882575562409,8.065584922147684,3.8860123621676568,1.1518836613769068,-1.1505087502801659,15.168918404060893,4.0,1.0,0.794176010273657,3.6935875571507237,8.065584922147684,8.077462533368141
STLD,2022-03-24,stress,True,True,D-1,85.9700012207,88.6800003052,85.9700012207,88.6600036621,89.6900024414,88.6800003052,4.327092204116756,1,8.065584922147684,3.8860123621676568,1.1518836613769068,-1.1505087502801659,1.4964396460431573,13.93147133808279,4.0,2.0,0.8479869554284396,2.164753678818543,8.065584922147684,8.065584922147684
STLD,2022-03-25,stress,True,True,D-1,87.9700012207,89.6900024414,86.7099990845,89.4899978638,88.6800003052,85.1399993896,0.8070922753754983,0,3.8860123621676568,1.1518836613769068,-1.1505087502801659,1.4964396460431573,3.7444472406744866,9.375778845793548,4.0,0.0,0.9979299549151875,0.022554299880495066,3.8860123621676568,3.8860123621676568
STLD,2022-03-28,stress,True,True,D-1,88.3899993896,88.6800003052,85.6900024414,87.1699981689,85.1399993896,86.3099975586,-2.3532094641520507,0,1.1518836613769068,-1.1505087502801659,1.4964396460431573,3.7444472406744866,0.9361540349843267,6.270037806320139,4.0,0.0,0.9696963041452439,0.22349377849399943,3.7444472406744866,1.4964396460431573
STLD,2022-03-29,stress,True,True,D-1,84.6200027466,85.1399993896,81.2699966431,84.1600036621,86.3099975586,86.2099990845,1.9971575953038112,0,-1.1505087502801659,1.4964396460431573,3.7444472406744866,0.9361540349843267,-2.5924681531794724,2.3362266454212577,3.0,1.0,0.615853311044667,2.8909077956124962,3.7444472406744866,5.425030854091306
STLD,2022-03-30,stress,True,True,D-1,85.5199966431,86.3099975586,83.0299987793,83.6399993896,86.2099990845,86.2900009155,0.90037921261088,0,1.4964396460431573,3.7444472406744866,0.9361540349843267,-2.5924681531794724,-3.4530165997799567,-0.04749796621086322,3.0,2.0,0.3432310010503186,6.570815754123283,3.7444472406744866,9.700413637960615
STLD,2022-03-31,stress,True,True,D-1,84.2399978638,86.2099990845,83.2099990845,83.4300003052,86.2900009155,85.1900024414,2.4335269511930324,0,3.7444472406744866,0.9361540349843267,-2.5924681531794724,-3.4530165997799567,-0.6178757721872152,-2.1296509646582584,2.0,3.0,0.281472816441351,7.233384858862468,3.7444472406744866,7.794004259662013
STLD,2022-04-01,stress,True,True,D-1,84.9899978638,86.2900009155,83.6900024414,84.9899978638,85.1900024414,85.0899963379,0.23532719452530326,0,0.9361540349843267,-2.5924681531794724,-3.4530165997799567,-0.6178757721872152,-0.2510749473129792,-5.898943312513872,1.0,4.0,0.2565323247801209,7.50329870945694,0.9361540349843267,1.803553423215043
STLD,2022-04-04,stress,True,True,D-1,84.5299987793,85.1900024414,82.8399963379,83.5999984741,85.0899963379,83.5199966431,0.6624838124771548,0,-2.5924681531794724,-3.4530165997799567,-0.6178757721872152,-0.2510749473129792,1.8698280629189545,-5.028494923923022,1.0,4.0,0.5020242081291698,4.341690239024798,1.8698280629189545,0.0
STLD,2022-04-05,stress,True,True,D-1,83.6299972534,85.0899963379,82.0599975586,82.5400009155,83.5199966431,84.1299972534,0.5978715968206982,0,-3.4530165997799567,-0.6178757721872152,-0.2510749473129792,1.8698280629189545,-1.6354858508497938,-4.0954454167622885,1.0,3.0,0.4623018666195723,3.241625758330091,1.8698280629189545,0.0
STLD,2022-04-06,stress,True,True,D-1,82.5400009155,83.5199966431,79.6900024414,82.1699981689,84.1299972534,84.6900024414,2.6047994936431396,0,-0.6178757721872152,-0.2510749473129792,1.8698280629189545,-1.6354858508497938,-1.267939686540065,-1.9249081227518228,1.0,4.0,0.1129419663294116,4.5674783151014475,1.8698280629189545,4.7525166261381475
STLD,2022-04-07,stress,True,True,D-1,81.5199966431,84.1299972534,80.8799972534,83.6399993896,84.6900024414,84.9599990845,4.219826524847092,1,-0.2510749473129792,1.8698280629189545,-1.6354858508497938,-1.267939686540065,-0.4482708292901538,-1.7575337535007174,1.0,3.0,0.37575701528297345,5.013998829757016,1.8698280629189545,3.5803547750014153
STLD,2022-04-08,stress,True,True,D-1,84.1699981689,84.6900024414,82.8099975586,83.1999969482,84.9599990845,87.5299987793,3.9919219240775794,1,1.8698280629189545,-1.6354858508497938,-1.267939686540065,-0.4482708292901538,1.788975603575449,0.2517069203305855,2.0,4.0,0.5984845244587186,3.1683423544231815,1.8698280629189545,1.8698280629189545
STLD,2022-04-11,stress,True,True,D-1,83.2399978638,84.9599990845,82.4499969482,83.6500015259,87.5299987793,87.4100036621,5.153773456985711,1,-1.6354858508497938,-1.267939686540065,-0.4482708292901538,1.788975603575449,-0.5260670069477835,-2.106131263197053,1.0,4.0,0.6381808194181815,2.3918336132139117,1.788975603575449,0.0
STLD,2022-04-12,stress,True,True,D-1,85.0100021362,87.5299987793,84.0999984741,84.6399993896,87.4100036621,89.1200027466,4.834725922974448,1,-1.267939686540065,-0.4482708292901538,1.788975603575449,-0.5260670069477835,0.5408709064979478,0.05981226401037265,2.0,4.0,0.7333339926674106,1.7214522244260344,1.788975603575449,1.788975603575449
STLD,2022-04-13,stress,True,True,D-1,85.4400024414,87.4100036621,84.1900024414,87.3399963379,89.1200027466,91.7900009155,7.432114106568788,1,-0.4482708292901538,1.788975603575449,-0.5260670069477835,0.5408709064979478,1.1835001143347013,2.5442191068665743,3.0,0.0,0.6313774566795142,3.41446055120731,1.788975603575449,1.788975603575449
STLD,2022-04-14,stress,True,True,D-1,87.3600006104,89.1200027466,87.3399963379,88.3199996948,91.7900009155,92.1500015259,5.48305961770994,1,1.788975603575449,-0.5260670069477835,0.5408709064979478,1.1835001143347013,3.18997751390786,6.291831914579227,4.0,1.0,0.9714282108567963,0.21754345015645438,3.18997751390786,1.788975603575449
STLD,2022-04-18,stress,True,True,D-1,88.3499984741,91.7900009155,88.3300018311,90.5100021362,92.1500015259,93.1600036621,5.444261766920189,1,-0.5260670069477835,0.5408709064979478,1.1835001143347013,3.18997751390786,1.1220556423068517,5.595409300997578,4.0,0.0,0.8800596167409787,0.9058005599688501,3.18997751390786,1.1835001143347013
STLD,2022-04-19,stress,True,True,D-1,90.8199996948,92.1500015259,89.1699981689,91.9800033569,93.1600036621,100.370002747,10.515308394949031,1,0.5408709064979478,1.1835001143347013,3.18997751390786,1.1220556423068517,2.479622338052323,8.786064250159997,5.0,0.0,0.8629552210275965,1.4142069926966316,3.18997751390786,3.18997751390786
STLD,2022-04-20,stress,True,True,D-1,91.7600021362,93.1600036621,90.4400024414,91.4899978638,100.370002747,95.8799972534,9.383173943283163,1,1.1835001143347013,3.18997751390786,1.1220556423068517,2.479622338052323,1.6241312407527353,9.95816100304654,5.0,0.0,0.9788822230369237,0.18482079016715058,3.18997751390786,3.18997751390786
STLD,2022-04-21,stress,True,True,D-1,93.3600006104,100.370002747,92.3700027466,93.2399978638,95.8799972534,90.1399993896,2.699225178367537,0,3.18997751390786,1.1220556423068517,2.479622338052323,1.6241312407527353,-0.5327304579438641,8.093098444707314,4.0,0.0,0.8138232362280913,1.8253424825587006,3.18997751390786,3.18997751390786
STLD,2022-04-22,stress,True,True,D-1,93.3899993896,95.8799972534,89.0299987793,89.6100006104,90.1399993896,89.8700027466,-3.480030004542356,0,1.1220556423068517,2.479622338052323,1.6241312407527353,-0.5327304579438641,1.9127773973775852,6.755211556311647,4.0,0.0,0.45280112232174397,7.646938059367114,2.479622338052323,2.479622338052323
STLD,2022-04-25,stress,True,True,D-1,87.0,90.1399993896,84.7300033569,89.3300018311,89.8700027466,90.4000015259,3.9080477309195283,1,2.479622338052323,1.6241312407527353,-0.5327304579438641,1.9127773973775852,-3.893176036643109,1.4605988678189963,3.0,1.0,0.10631218288444015,12.007590741329842,2.479622338052323,4.5344887685868756
STLD,2022-04-26,stress,True,True,D-1,88.8899993896,89.8700027466,87.3899993896,87.5400009155,90.4000015259,89.9499969482,1.6987311808629224,0,1.6241312407527353,-0.5327304579438641,1.9127773973775852,-3.893176036643109,-0.3124637622951787,-1.3037236518062656,2.0,2.0,0.2941175609707357,12.358670871600097,1.9127773973775852,6.106252431999004
STLD,2022-04-27,stress,True,True,D-1,90.1100006104,90.4000015259,87.3600006104,88.1200027466,89.9499969482,91.8499984741,1.9309708710613327,0,-0.5327304579438641,1.9127773973775852,-3.893176036643109,-0.3124637622951787,-2.0038070960576415,-4.827138812087162,1.0,3.0,0.17966737008817976,14.65615912419793,1.9127773973775852,4.222787084688928
STLD,2022-04-28,stress,True,True,D-1,88.6600036621,89.9499969482,86.4899978638,89.6500015259,91.8499984741,85.5899963379,3.5980088881539807,1,1.9127773973775852,-3.893176036643109,-0.3124637622951787,-2.0038070960576415,0.6625563457097083,-3.683457422544567,2.0,4.0,0.21675188758932035,13.901497524491013,1.9127773973775852,3.2673044987962196
STLD,2022-04-29,stress,True,True,D-1,89.9300003052,91.8499984741,85.3899993896,85.75,85.5899963379,86.6800003052,-3.6139219270213574,0,-3.893176036643109,-0.3124637622951787,-2.0038070960576415,0.6625563457097083,1.736267285079074,-3.850275010885429,2.0,4.0,0.4412556827088836,6.949242187910243,1.736267285079074,0.0
STLD,2022-05-02,stress,True,True,D-1,85.2600021362,85.5899963379,80.6299972534,83.6299972534,86.6800003052,89.5299987793,5.008206117891989,1,-0.3124637622951787,-2.0038070960576415,0.6625563457097083,1.736267285079074,-4.350252604037353,-4.307555612215907,2.0,0.0,0.14325805373601472,7.113700844431503,1.736267285079074,3.3520736774501847
STLD,2022-05-03,stress,True,True,D-1,83.5400009155,86.6800003052,82.1100006104,86.3600006104,89.5299987793,89.7300033569,7.409626973383832,1,-2.0038070960576415,0.6625563457097083,1.736267285079074,-4.350252604037353,-2.472306410029146,-6.38084009947435,2.0,1.0,0.26737965005433706,9.829010511375813,1.736267285079074,8.451274725163504
STLD,2022-05-04,stress,True,True,D-1,86.4100036621,89.5299987793,83.8499984741,89.5100021362,89.7300033569,81.2600021362,3.8421473835166253,1,0.6625563457097083,1.736267285079074,-4.350252604037353,-2.472306410029146,3.2643829327508422,-1.3479555549000155,3.0,2.0,0.510695430801611,6.357107254395822,3.2643829327508422,1.736267285079074
STLD,2022-05-05,stress,True,True,D-1,88.8700027466,89.7300033569,80.5,81.4100036621,81.2600021362,78.9800033569,-8.56307007449838,0,1.736267285079074,-4.350252604037353,-2.472306410029146,3.2643829327508422,3.647523741935532,1.5773937202397947,3.0,3.0,0.7914441993479555,2.614228892922399,3.647523741935532,1.736267285079074
STLD,2022-05-06,stress,True,True,D-1,81.0100021362,81.2600021362,77.5400009155,79.6600036621,78.9800033569,78.9300003052,-2.505861900715689,0,-4.350252604037353,-2.472306410029146,3.2643829327508422,3.647523741935532,-9.049266317494775,-9.191296958784157,2.0,4.0,0.08017654488470355,12.82397044880652,3.647523741935532,8.996199645711688
STLD,2022-05-09,stress,True,True,D-1,77.5999984741,78.9800033569,76.0800018311,77.2200012207,78.9300003052,79.0800018311,1.9072208583792216,0,-2.472306410029146,3.2643829327508422,3.647523741935532,-9.049266317494775,-2.149612972950521,-7.102036545655976,2.0,1.0,0.17391323396293887,12.641224242864336,3.647523741935532,14.651878829663122
STLD,2022-05-10,stress,True,True,D-1,78.4000015259,78.9300003052,75.8499984741,77.0500030518,79.0800018311,76.7699966431,0.8673473111800556,0,3.2643829327508422,3.647523741935532,-9.049266317494775,-2.149612972950521,-3.0630207497227113,-7.664709127369251,2.0,2.0,0.08351642946304946,16.20046871074965,3.647523741935532,8.794314373208568
STLD,2022-05-11,stress,True,True,D-1,77.5299987793,79.0800018311,75.0999984741,75.3700027466,76.7699966431,77.9300003052,0.5159312939481131,0,3.647523741935532,-9.049266317494775,-2.149612972950521,-3.0630207497227113,-0.22014784539322596,-10.780451010648584,1.0,3.0,0.08645563080363444,16.456845947916896,3.647523741935532,6.923949162867016
STLD,2022-05-12,stress,True,True,D-1,73.9100036621,76.7699966431,73.3199996948,74.7399978638,77.9300003052,76.4199981689,5.439042678821293,1,-9.049266317494775,-2.149612972950521,-3.0630207497227113,-0.22014784539322596,-2.1804026458903114,-15.7971165815462,0.0,4.0,0.01845551485887909,19.052673592940515,-0.22014784539322596,2.3957503818377135
STLD,2022-05-13,stress,True,True,D-1,75.6999969482,77.9300003052,73.8799972534,74.1299972534,76.4199981689,78.6200027466,3.857339387210401,1,-2.149612972950521,-3.0630207497227113,-0.22014784539322596,-2.1804026458903114,-0.8358827913515166,-8.193103424960512,0.0,4.0,0.17884102422890677,8.723581025893946,-0.22014784539322596,2.9980598267426495
STLD,2022-05-16,stress,True,True,D-1,75.2200012207,76.4199981689,73.4499969482,75.1100006104,78.6200027466,78.4499969482,4.5200764035142615,1,-3.0630207497227113,-0.22014784539322596,-2.1804026458903114,-0.8358827913515166,-0.81616353737608,-6.942011240869439,0.0,2.0,0.14062452399024858,6.677464941458577,-0.22014784539322596,1.6452241581693783
STLD,2022-05-17,stress,True,True,D-1,77.3899993896,78.6200027466,76.0999984741,78.4499969482,78.4499969482,77.3499984741,1.3696828620758827,0,-0.22014784539322596,-2.1804026458903114,-0.8358827913515166,-0.81616353737608,1.322006466086889,-2.7324534795971855,1.0,3.0,0.31076393258940965,5.285582729911886,1.322006466086889,0.0
STLD,2022-05-18,stress,True,True,D-1,77.2900009155,78.4499969482,75.4400024414,75.8899993896,77.3499984741,77.9100036621,0.8021771759038288,0,-2.1804026458903114,-0.8358827913515166,-0.81616353737608,1.322006466086889,4.446806431442818,1.8169939532108659,2.0,4.0,0.8906241928401956,0.8030655288820521,4.446806431442818,0.0
STLD,2022-05-19,stress,True,True,D-1,75.6200027466,77.3499984741,74.6900024414,75.75,77.9100036621,78.9400024414,4.390372354157668,1,-0.8358827913515166,-0.81616353737608,1.322006466086889,4.446806431442818,-3.2632219989636724,0.6899252010754031,2.0,1.0,0.48490532357847954,3.5973163512425854,4.446806431442818,1.322006466086889
STLD,2022-05-20,stress,True,True,D-1,77.0800018311,77.9100036621,74.1800003052,75.9100036621,78.9400024414,78.5599975586,2.4130780567126697,0,-0.81616353737608,1.322006466086889,4.446806431442818,-3.2632219989636724,-0.18447673043359147,1.351354248150427,2.0,2.0,0.4448743660039616,3.788782503762378,4.446806431442818,7.888485275589597
STLD,2022-05-23,stress,True,True,D-1,77.7099990845,78.9400024414,76.0400009155,78.1299972534,78.5599975586,81.0400009155,4.285165191391949,1,1.322006466086889,4.446806431442818,-3.2632219989636724,-0.18447673043359147,0.2112259565676622,2.4011958379215326,3.0,3.0,0.4758228152589921,3.5700157472829064,4.446806431442818,4.446806431442818
STLD,2022-05-24,stress,True,True,D-1,76.5599975586,78.5599975586,76.0500030518,78.0999984741,81.0400009155,84.8899993896,10.880358015455926,1,4.446806431442818,-3.2632219989636724,-0.18447673043359147,0.2112259565676622,2.924507290477707,4.020765035890372,3.0,0.0,0.8298309192258823,1.036740325707286,4.446806431442818,4.446806431442818
STLD,2022-05-25,stress,True,True,D-1,76.8799972534,81.0400009155,76.0800018311,80.6399993896,84.8899993896,87.9599990845,14.412073656272128,1,-3.2632219989636724,-0.18447673043359147,0.2112259565676622,2.924507290477707,-0.03839598151105239,-0.4461421130852239,2.0,1.0,0.8235286574953969,1.0755492749190854,2.924507290477707,0.2112259565676622
STLD,2022-05-26,stress,True,True,D-1,80.6500015259,84.8899993896,80.6500015259,84.3899993896,87.9599990845,87.2200012207,9.063852969987195,1,-0.18447673043359147,0.2112259565676622,2.924507290477707,-0.03839598151105239,3.252241952786128,6.259059214923313,3.0,0.0,0.9416907448522075,0.49603364202355227,3.252241952786128,2.924507290477707
STLD,2022-05-27,stress,True,True,D-1,84.8600006104,87.9599990845,84.8099975586,87.7900009155,87.2200012207,85.8099975586,2.7810518422395347,0,0.2112259565676622,2.924507290477707,-0.03839598151105239,3.252241952786128,4.650297654247781,11.40593978825084,4.0,0.0,0.9533146552058729,0.5924872658093827,4.650297654247781,2.924507290477707
STLD,2022-05-31,stress,True,True,D-1,85.6200027466,87.2200012207,83.8000030518,85.3799972534,85.8099975586,86.9400024414,1.5416954595372623,0,2.924507290477707,-0.03839598151105239,3.252241952786128,4.650297654247781,4.02891521565647,15.65010760147203,4.0,0.0,0.9857384064502539,0.19364183531973556,4.650297654247781,3.252241952786128
STLD,2022-06-01,stress,True,True,D-1,85.1800003052,85.8099975586,81.5500030518,83.9700012207,86.9400024414,84.5400009155,2.066215226454471,0,-0.03839598151105239,3.252241952786128,4.650297654247781,4.02891521565647,-2.745191521776702,9.279406444218829,3.0,1.0,0.7833750889575145,3.021787203204962,4.650297654247781,4.650297654247781
STLD,2022-06-02,stress,True,True,D-1,85.2600021362,86.9400024414,83.8199996948,84.9800033569,84.5400009155,83.9100036621,-0.8444771319027433,0,3.252241952786128,4.650297654247781,4.02891521565647,-2.745191521776702,-1.6514360248985116,7.516008785258355,3.0,2.0,0.6641415163073305,4.751694421574459,4.650297654247781,9.001590119179914
STLD,2022-06-03,stress,True,True,D-1,83.9499969482,84.5400009155,82.7699966431,82.9400024414,83.9100036621,85.9499969482,2.382370545211665,0,4.650297654247781,4.02891521565647,-2.745191521776702,-1.6514360248985116,1.2028130540874926,5.381949404949671,3.0,3.0,0.5923397095948248,3.5067022945204807,4.650297654247781,5.118784313146185
STLD,2022-06-06,stress,True,True,D-1,83.8899993896,83.9100036621,81.9400024414,82.3600006104,85.9499969482,85.5199966431,2.455593722242133,0,4.02891521565647,-2.745191521776702,-1.6514360248985116,1.2028130540874926,-2.4005658212701952,-1.7182094545419635,2.0,4.0,0.21684871293352465,6.052563895988317,4.02891521565647,5.255542301909378
STLD,2022-06-07,stress,True,True,D-1,82.0100021362,85.9499969482,81.9300003052,85.8199996948,85.5199966431,80.9400024414,4.279959048252069,1,-2.745191521776702,-1.6514360248985116,1.2028130540874926,-2.4005658212701952,-0.6993028863361728,-6.185214999970801,1.0,4.0,0.14285675841005285,5.9009234753287565,1.2028130540874926,4.285894535617318
STLD,2022-06-08,stress,True,True,D-1,84.0800018311,85.5199966431,80.5500030518,81.3499984741,80.9400024414,76.4800033569,-3.734537727541498,0,-1.6514360248985116,1.2028130540874926,-2.4005658212701952,-0.6993028863361728,4.2010673370042495,0.5153460477330674,2.0,3.0,0.792207259102656,1.3050603013085915,4.2010673370042495,1.2028130540874926
STLD,2022-06-09,stress,True,True,D-1,80.8300018311,80.9400024414,76.6900024414,76.7900009155,76.4800033569,72.0599975586,-5.3816632137280385,0,1.2028130540874926,-2.4005658212701952,-0.6993028863361728,4.2010673370042495,-5.208577530408498,-3.1201651881768933,2.0,4.0,0.12519491372753938,6.871547722376081,4.2010673370042495,2.4291390968442794
STLD,2022-06-10,stress,True,True,D-1,75.0,76.4800033569,74.0500030518,74.1299972534,72.0599975586,71.9800033569,-3.9200032551999997,0,-2.4005658212701952,-0.6993028863361728,4.2010673370042495,-5.208577530408498,-5.605405831755239,-9.637564271448106,1.0,2.0,0.010798977691247205,11.92863123257375,4.2010673370042495,14.723088790526983
STLD,2022-06-13,stress,True,True,D-1,71.5599975586,72.0599975586,69.3700027466,70.5800018311,71.9800033569,74.75,4.457801216088253,1,-0.6993028863361728,4.2010673370042495,-5.208577530408498,-5.605405831755239,-3.463997435065891,-10.622142426659043,1.0,3.0,0.006722205262996118,15.944961733096319,4.2010673370042495,13.07629948958835
STLD,2022-06-14,stress,True,True,D-1,70.5100021362,71.9800033569,69.6100006104,71.0199966431,74.75,72.0599975586,6.013328230525139,1,4.2010673370042495,-5.208577530408498,-5.605405831755239,-3.463997435065891,-4.788878394484463,-14.303058149580039,1.0,4.0,0.07297946367093693,21.77669979930128,4.2010673370042495,12.28805654180124
STLD,2022-06-15,stress,True,True,D-1,72.4300003052,74.75,70.7699966431,72.0500030518,72.0599975586,72.6999969482,0.37276907615948485,0,-5.208577530408498,-5.605405831755239,-3.463997435065891,-4.788878394484463,0.6233986973433581,-17.245400960537125,1.0,4.0,0.10216684334831794,20.416784969545265,0.6233986973433581,4.195333502669685
STLD,2022-06-16,stress,True,True,D-1,70.3199996948,72.0599975586,69.2200012207,69.8700027466,72.6999969482,75.1900024414,6.925487439898448,1,-5.605405831755239,-3.463997435065891,-4.788878394484463,0.6233986973433581,1.4503047837021832,-11.432078176695859,2.0,4.0,0.2316335674930488,12.338652342885492,1.4503047837021832,0.0
STLD,2022-06-17,stress,True,True,D-1,71.1999969482,72.6999969482,69.4400024414,71.8600006104,75.1900024414,68.8600006104,5.60394053963631,1,-3.463997435065891,-4.788878394484463,0.6233986973433581,1.4503047837021832,-3.0256769088999325,-9.01158755879532,2.0,4.0,0.08953186427576125,9.460427007957527,1.4503047837021832,2.2426523594902603
STLD,2022-06-21,stress,True,True,D-1,74.0199966431,75.1900024414,70.5699996948,70.7300033569,68.8600006104,68.0400009155,-6.971083851273063,0,-4.788878394484463,0.6233986973433581,1.4503047837021832,-3.0256769088999325,2.848143388540003,-3.062183632950155,3.0,2.0,0.4773960167192245,4.021707994783608,2.848143388540003,1.714013920901536
STLD,2022-06-22,stress,True,True,D-1,68.0699996948,68.8600006104,66.9300003052,67.4000015259,68.0400009155,69.1100006104,1.5278403412119168,0,0.6233986973433581,1.4503047837021832,-3.0256769088999325,2.848143388540003,-1.5724982520198494,0.21252695084785778,3.0,0.0,0.2529316293880002,6.305667853562902,2.848143388540003,1.4503047837021832
STLD,2022-06-23,stress,True,True,D-1,67.8099975586,68.0400009155,64.3799972534,65.9800033569,69.1100006104,70.6200027466,4.143939373499661,1,1.4503047837021832,-3.0256769088999325,2.848143388540003,-1.5724982520198494,-4.708047042210617,-5.0971490964604405,2.0,1.0,0.05690085946106327,11.557864598128397,2.848143388540003,9.054654725327438
STLD,2022-06-24,stress,True,True,D-1,67.0899963379,69.1100006104,66.5,68.8899993896,70.6200027466,70.4400024414,5.261598750014906,1,-3.0256769088999325,2.848143388540003,-1.5724982520198494,-4.708047042210617,-2.106822161501476,-8.424704285627872,1.0,2.0,0.1480115944140465,13.958773288751036,2.848143388540003,9.563822413792899
STLD,2022-06-27,stress,True,True,D-1,70.0,70.6200027466,68.3300018311,69.2900009155,70.4400024414,68.0,0.6285749162857179,0,2.848143388540003,-1.5724982520198494,-4.708047042210617,-2.106822161501476,4.410421164969058,-1.4026095870558364,2.0,3.0,0.4172062878569642,9.145018301090403,4.410421164969058,2.848143388540003
STLD,2022-06-28,stress,True,True,D-1,69.6699981689,70.4400024414,67.0400009155,67.3600006104,68.0,67.25,-2.397011931665971,0,-1.5724982520198494,-4.708047042210617,-2.106822161501476,4.410421164969058,0.5806380163219771,-3.5763980977868925,2.0,4.0,0.4542091864627882,8.514939310067437,4.410421164969058,0.0
STLD,2022-06-29,stress,True,True,D-1,67.3000030518,68.0,65.4400024414,66.8300018311,67.25,67.1999969482,-0.07429873630394601,0,-4.708047042210617,-2.106822161501476,4.410421164969058,0.5806380163219771,-2.785395121373524,-4.764601423097837,2.0,1.0,0.4775642201352915,4.839670585894673,4.410421164969058,6.6313513330000795
STLD,2022-06-30,stress,True,True,D-1,65.5,67.25,64.4400024414,66.1500015259,67.1999969482,64.5299987793,2.5954151880915877,0,-2.106822161501476,4.410421164969058,0.5806380163219771,-2.785395121373524,-0.7868152828047315,-0.8456968574117263,2.0,2.0,0.39262859309497067,5.671107005321474,4.410421164969058,7.960715654645856
STLD,2022-07-01,train,True,True,D-1,65.2900009155,67.1999969482,64.1600036621,66.2300033569,64.5299987793,64.8300018311,-0.7045475232805409,0,4.410421164969058,0.5806380163219771,-2.785395121373524,-0.7868152828047315,-1.0175075363884956,0.2576510463032866,2.0,3.0,0.2766988673222499,6.757371303989834,4.410421164969058,6.2067380793622835
STLD,2022-07-05,train,True,True,D-1,63.9300003052,64.5299987793,62.7799987793,64.5,64.8300018311,67.5299987793,5.631156666531689,1,0.5806380163219771,-2.785395121373524,-0.7868152828047315,-1.0175075363884956,0.12094002895628453,-3.8612223200303553,2.0,4.0,0.32043343469919716,6.628414868172627,0.5806380163219771,1.478436097663327
STLD,2022-07-06,train,True,True,D-1,63.8800010681,64.8300018311,62.4399986267,64.4100036621,67.5299987793,67.3099975586,5.7138347685825375,1,-2.785395121373524,-0.7868152828047315,-1.0175075363884956,0.12094002895628453,-2.612114252172637,-6.912975685108547,1.0,4.0,0.224543132950469,9.209306110697678,0.12094002895628453,2.494333314949304
STLD,2022-07-07,train,True,True,D-1,67.0899963379,67.5299987793,65.5400009155,66.5800018311,67.3099975586,67.3000030518,0.32791955985800314,0,-0.7868152828047315,-1.0175075363884956,0.12094002895628453,-2.612114252172637,-0.13952920604651808,-4.3794491115912155,1.0,4.0,0.35431736489495624,5.573662682482383,0.12094002895628453,2.8689388248983483
STLD,2022-07-08,train,True,True,D-1,67.3099975586,67.3099975586,65.2600021362,66.1600036621,67.3000030518,67.6699981689,0.5348397316261577,0,-1.0175075363884956,0.12094002895628453,-2.612114252172637,-0.13952920604651808,3.369039039935462,-0.3740834851865271,2.0,0.0,0.8133601336505398,1.426850288484438,3.369039039935462,0.12094002895628453
STLD,2022-07-11,train,True,True,D-1,65.4400024414,67.3000030518,65.1100006104,65.8899993896,67.6699981689,67.4499969482,3.4076950554775776,1,0.12094002895628453,-2.612114252172637,-0.13952920604651808,3.369039039935462,-0.6308172986619343,0.01512038695279383,2.0,1.0,0.730845761075232,2.070730110894492,3.369039039935462,0.12094002895628453
STLD,2022-07-12,train,True,True,D-1,65.4800033569,67.6699981689,65.3499984741,65.6999969482,67.4499969482,66.0800018311,3.00854228818912,1,-2.612114252172637,-0.13952920604651808,3.369039039935462,-0.6308172986619343,-0.4081080071866139,-0.5133684887010825,1.0,2.0,0.6777997366341385,2.4889959096870973,3.369039039935462,4.405389929877456
STLD,2022-07-13,train,True,True,D-1,65.5699996948,67.4499969482,64.7799987793,67.2600021362,66.0800018311,67.0800018311,2.3028856845026757,0,-0.13952920604651808,3.369039039935462,-0.6308172986619343,-0.4081080071866139,-0.2883630947946303,1.860460384806184,1.0,0.0,0.6233266934720761,2.9984799272566365,3.369039039935462,4.064333309037083
STLD,2022-07-14,train,True,True,D-1,64.9000015259,66.0800018311,63.8199996948,65.9300003052,67.0800018311,69.3300018311,6.825886288203109,1,3.369039039935462,-0.6308172986619343,-0.4081080071866139,-0.2883630947946303,2.3744372305374073,4.424776140444453,2.0,1.0,0.8581328306935244,0.6095688666047927,3.369039039935462,3.369039039935462
STLD,2022-07-15,train,True,True,D-1,66.4599990845,67.0800018311,65.2300033569,67.0599975586,69.3300018311,66.8899993896,4.318391191897208,1,-0.6308172986619343,-0.4081080071866139,-0.2883630947946303,2.3744372305374073,-1.977403789412291,-0.9762714148745966,1.0,2.0,0.548052323811179,2.6391594958975917,2.3744372305374073,0.0
STLD,2022-07-18,train,True,True,D-1,68.1500015259,69.3300018311,67.3499984741,67.7099990845,66.8899993896,68.1200027466,-0.04401875073855033,0,-0.4081080071866139,-0.2883630947946303,2.3744372305374073,-1.977403789412291,1.713934852372323,1.3603292724960525,2.0,3.0,0.8415582202425183,0.9096341075272907,2.3744372305374073,2.6717975802962313
STLD,2022-07-19,train,True,True,D-1,65.5699996948,66.8899993896,64.2300033569,66.6200027466,68.1200027466,70.7799987793,7.945705518911539,1,-0.2883630947946303,2.3744372305374073,-1.977403789412291,1.713934852372323,0.9692835513928966,2.7621789524363782,3.0,0.0,0.7059887262243697,2.3925605796838,2.3744372305374073,2.3744372305374073
STLD,2022-07-20,train,True,True,D-1,67.2200012207,68.1200027466,66.0699996948,68.0999984741,70.7799987793,71.9400024414,7.021721414736448,1,2.3744372305374073,-1.977403789412291,1.713934852372323,0.9692835513928966,-1.6098011410984103,1.4003133046191163,3.0,1.0,0.5081673259894974,4.067845951324767,2.3744372305374073,3.030558357913715
STLD,2022-07-21,train,True,True,D-1,68.9400024414,70.7799987793,68.25,70.7300033569,71.9400024414,70.1699981689,4.351609941630108,1,-1.977403789412291,1.713934852372323,0.9692835513928966,-1.6098011410984103,2.221548583733046,1.2488794398177738,3.0,2.0,0.7767689872755739,1.806172370866932,2.221548583733046,1.713934852372323
STLD,2022-07-22,train,True,True,D-1,71.1399993896,71.9400024414,65.8899993896,66.5999984741,70.1699981689,70.8399963379,-0.42170797620763034,0,1.713934852372323,0.9692835513928966,-1.6098011410984103,2.221548583733046,3.861974951145175,7.280453556014033,4.0,0.0,0.9923671057495665,0.0706848862253473,3.861974951145175,1.713934852372323
STLD,2022-07-25,train,True,True,D-1,67.9899978638,70.1699981689,67.4100036621,70.0,70.8399963379,73.3799972534,7.927635768422059,1,0.9692835513928966,-1.6098011410984103,2.221548583733046,3.861974951145175,-5.83911308749725,-0.6859515377972247,3.0,0.0,0.3073923993019128,8.018024158629157,3.861974951145175,4.4241918048932956
STLD,2022-07-26,train,True,True,D-1,70.0100021362,70.8399963379,69.0899963379,70.4800033569,73.3799972534,74.8000030518,6.841880830515268,1,-1.6098011410984103,2.221548583733046,3.861974951145175,-5.83911308749725,5.105107513211449,3.382071993003799,3.0,1.0,0.7483783823917525,2.771432059142853,5.105107513211449,4.894073526365705
STLD,2022-07-27,train,True,True,D-1,70.8799972534,73.3799972534,69.4800033569,72.8300018311,74.8000030518,78.0699996948,10.14390902936315,1,2.221548583733046,3.861974951145175,-5.83911308749725,5.105107513211449,0.6857190812857183,5.794056516302093,4.0,2.0,0.7586779590027445,2.0715082505129656,5.105107513211449,3.861974951145175
STLD,2022-07-28,train,True,True,D-1,73.2399978638,74.8000030518,72.0800018311,74.1699981689,78.0699996948,78.2900009155,6.895143635983159,1,3.861974951145175,-5.83911308749725,5.105107513211449,0.6857190812857183,3.3342769044717224,6.945673220240867,4.0,0.0,0.9265693485764275,0.7551769991376522,5.105107513211449,5.105107513211449
STLD,2022-07-29,train,True,True,D-1,74.8799972534,78.0699996948,74.5100021362,77.8799972534,78.2900009155,78.1299972534,4.553958049117268,1,-5.83911308749725,5.105107513211449,0.6857190812857183,3.3342769044717224,1.8398960649590235,4.863558106510979,4.0,0.0,0.9292924103305639,0.8494066313246451,5.105107513211449,5.105107513211449
STLD,2022-08-01,train,True,True,D-1,77.0299987793,78.2900009155,75.6699981689,77.3799972534,78.1299972534,77.2799987793,1.4280131007812003,0,5.105107513211449,0.6857190812857183,3.3342769044717224,1.8398960649590235,5.0020212701793465,16.936935492103157,5.0,0.0,0.9821761245672929,0.24396821790040324,5.105107513211449,5.105107513211449
STLD,2022-08-02,train,True,True,D-1,76.6699981689,78.1299972534,74.5899963379,76.5500030518,77.2799987793,78.5999984741,2.5172823155001467,0,0.6857190812857183,3.3342769044717224,1.8398960649590235,5.0020212701793465,-0.6420133765197011,10.542853219142856,4.0,0.0,0.9010866076832553,1.176019248385285,5.0020212701793465,3.3342769044717224
STLD,2022-08-03,train,True,True,D-1,76.3700027466,77.2799987793,75.3000030518,76.3600006104,78.5999984741,79.8199996948,4.517476527593289,1,3.3342769044717224,1.8398960649590235,5.0020212701793465,-0.6420133765197011,-1.0726211308614841,8.612371461111401,3.0,1.0,0.8024973500700379,2.273021285867971,5.0020212701793465,6.709769406421017
STLD,2022-08-04,train,True,True,D-1,76.7099990845,78.5999984741,75.2300033569,77.4800033569,79.8199996948,80.7699966431,5.2926575505857,1,1.8398960649590235,5.0020212701793465,-0.6420133765197011,-1.0726211308614841,-0.24820696776647333,4.8469019504989275,2.0,2.0,0.6892108551274475,2.5275016889368063,5.0020212701793465,6.320187048422765
STLD,2022-08-05,train,True,True,D-1,76.3199996948,79.8199996948,75.8600006104,78.7799987793,80.7699966431,81.2799987793,6.49895060840513,1,5.0020212701793465,-0.6420133765197011,-1.0726211308614841,-0.24820696776647333,1.466740096316177,4.462727881511408,2.0,0.0,0.7261623178432811,1.445527966797977,5.0020212701793465,5.0020212701793465
STLD,2022-08-08,train,True,True,D-1,79.3000030518,80.7699966431,78.4100036621,78.75,81.2799987793,83.25,4.98108044916441,1,-0.6420133765197011,-1.0726211308614841,-0.24820696776647333,1.466740096316177,1.6778463681935696,1.155626037031876,2.0,0.0,0.8011471801202732,1.3201331957538365,1.6778463681935696,0.0
STLD,2022-08-09,train,True,True,D-1,78.8099975586,81.2799987793,78.3899993896,81.1399993896,83.25,85.9400024414,9.047081720182026,1,-1.0726211308614841,-0.24820696776647333,1.466740096316177,1.6778463681935696,-0.03807918223512896,1.770486941364946,2.0,0.0,0.6731397179057858,2.5650751023492013,1.6778463681935696,1.466740096316177
STLD,2022-08-10,train,True,True,D-1,82.2200012207,83.25,81.25,83.0100021362,85.9400024414,85.0599975586,4.524448024166938,1,-0.24820696776647333,1.466740096316177,1.6778463681935696,-0.03807918223512896,3.034919859809526,5.99607596970837,3.0,0.0,0.976859587499579,0.17254053580624262,3.034919859809526,1.6778463681935696
STLD,2022-08-11,train,True,True,D-1,83.7399978638,85.9400024414,83.3700027466,83.4899978638,85.0599975586,83.9199981689,1.5763072945701895,0,1.466740096316177,1.6778463681935696,-0.03807918223512896,3.034919859809526,2.304662017091008,8.70874996417208,4.0,0.0,0.9700750668011212,0.2891192116899477,3.034919859809526,1.6778463681935696
STLD,2022-08-12,train,True,True,D-1,83.3899993896,85.0599975586,82.7699966431,84.6100006104,83.9199981689,85.3899993896,2.398369126561506,0,1.6778463681935696,-0.03807918223512896,3.034919859809526,2.304662017091008,0.5782384233799176,7.756833049188017,4.0,0.0,0.7569440344678051,2.934488729532325,3.034919859809526,3.034919859809526
STLD,2022-08-15,train,True,True,D-1,83.4599990845,83.9199981689,81.4300003052,83.5500030518,85.3899993896,83.8099975586,2.3124854136961526,0,-0.03807918223512896,3.034919859809526,2.304662017091008,0.5782384233799176,1.3414813453787477,7.400357859147189,4.0,1.0,0.8238408882917048,1.571920365683721,3.034919859809526,3.034919859809526
STLD,2022-08-16,train,True,True,D-1,84.3499984741,85.3899993896,83.9000015259,84.6500015259,83.8099975586,85.0500030518,0.829880960715057,0,3.034919859809526,2.304662017091008,0.5782384233799176,1.3414813453787477,-1.2528041022962677,6.095241970539678,4.0,2.0,0.6834439174126963,2.8605617023355734,3.034919859809526,3.034919859809526
STLD,2022-08-17,train,True,True,D-1,82.7399978638,83.8099975586,82.0699996948,83.0400009155,85.0500030518,83.2600021362,2.7918845149144778,0,2.304662017091008,0.5782384233799176,1.3414813453787477,-1.2528041022962677,1.3165750256382447,4.325859209643856,4.0,3.0,0.7249466430736168,1.5239230859379393,2.304662017091008,2.304662017091008
STLD,2022-08-18,train,True,True,D-1,84.1299972534,85.0500030518,84.0899963379,84.4300003052,83.2600021362,81.3600006104,-1.0341081012751885,0,0.5782384233799176,1.3414813453787477,-1.2528041022962677,1.3165750256382447,-1.9019498894012332,0.03613875259367294,3.0,4.0,0.3569844451684775,3.4922946699518675,1.3414813453787477,1.9518968063857445
STLD,2022-08-19,train,True,True,D-1,83.2600021362,83.2600021362,81.0500030518,81.8000030518,81.3600006104,82.8300018311,-0.516454833134139,0,1.3414813453787477,-1.2528041022962677,1.3165750256382447,-1.9019498894012332,1.673891346791323,1.1258862923118729,3.0,2.0,0.7575759327364939,1.137035509806683,1.673891346791323,1.6013764626076399
STLD,2022-08-22,train,True,True,D-1,80.4000015259,81.3600006104,79.8899993896,80.25,82.8300018311,82.0,3.0223883819420205,1,-1.2528041022962677,1.3165750256382447,-1.9019498894012332,1.673891346791323,-3.1150032499028812,-3.321117525502759,2.0,3.0,0.17281120573022976,4.388748415481891,1.673891346791323,2.8098286986021903
STLD,2022-08-23,train,True,True,D-1,81.1100006104,82.8300018311,80.7399978638,81.0299987793,82.0,86.9300003052,7.1754403291839575,1,1.3165750256382447,-1.9019498894012332,1.673891346791323,-3.1150032499028812,-1.8948691857853084,-3.949734208572131,2.0,4.0,0.06545465643636238,6.404983663052977,1.673891346791323,6.624738545760899
STLD,2022-08-24,train,True,True,D-1,80.2200012207,82.0,79.1100006104,81.3899993896,86.9300003052,88.6200027466,10.471205931286454,1,-1.9019498894012332,1.673891346791323,-3.1150032499028812,-1.8948691857853084,0.9719610957009461,-4.276435536143963,2.0,3.0,0.2209299574826172,4.961130856547613,1.673891346791323,2.615216828175959
STLD,2022-08-25,train,True,True,D-1,82.1600036621,86.9300003052,82.1600036621,86.7600021362,88.6200027466,87.5899963379,7.862705448587959,1,1.673891346791323,-3.1150032499028812,-1.8948691857853084,0.9719610957009461,0.44428065620552015,-1.9869960352950966,3.0,4.0,0.3838380205551963,4.4968714702652735,1.673891346791323,1.673891346791323
STLD,2022-08-26,train,True,True,D-1,87.0299987793,88.6200027466,85.5400009155,86.8700027466,87.5899963379,85.8499984741,0.6434534832295169,0,-3.1150032499028812,-1.8948691857853084,0.9719610957009461,0.44428065620552015,6.59786556932469,2.7596847359675936,3.0,0.0,0.9782611028600119,0.1959407155535997,6.59786556932469,0.9719610957009461
STLD,2022-08-29,train,True,True,D-1,85.9199981689,87.5899963379,84.7099990845,86.2399978638,85.8499984741,81.6800003052,-0.0814707824625227,0,-1.8948691857853084,0.9719610957009461,0.44428065620552015,6.59786556932469,0.1267872380031898,6.19804340543777,4.0,0.0,0.8159832169397111,2.014504368216441,6.59786556932469,0.9719610957009461
STLD,2022-08-30,train,True,True,D-1,85.8499984741,85.8499984741,80.5999984741,81.4199981689,81.6800003052,78.8099975586,-4.857307213765472,0,0.9719610957009461,0.44428065620552015,6.59786556932469,0.1267872380031898,-0.7252271933704479,7.464171792897201,4.0,1.0,0.7497366615996371,2.7597459899741272,6.59786556932469,7.197225020219666
STLD,2022-08-31,train,True,True,D-1,81.0299987793,81.6800003052,79.4800033569,80.7200012207,78.8099975586,80.1500015259,-1.0860141511254806,0,0.44428065620552015,6.59786556932469,0.1267872380031898,-0.7252271933704479,-5.589053588002512,0.4813024749787065,3.0,2.0,0.24290189690988104,8.843041930268903,6.59786556932469,12.871613014225403
STLD,2022-09-01,train,True,True,D-1,78.8099975586,78.8099975586,75.1399993896,77.3399963379,80.1500015259,80.0299987793,1.7002969278150593,0,6.59786556932469,0.1267872380031898,-0.7252271933704479,-5.589053588002512,-0.8597358928305376,-0.8231947093313541,2.0,3.0,0.13566717140018322,9.78691948269459,6.59786556932469,12.998603950392152
STLD,2022-09-02,train,True,True,D-1,78.9800033569,80.1500015259,77.7900009155,77.9400024414,80.0299987793,80.0400009155,1.3421087788639596,0,0.1267872380031898,-0.7252271933704479,-5.589053588002512,-0.8597358928305376,-4.187320158183072,-10.857544451776313,1.0,4.0,0.16320448074351318,14.584958550317761,0.1267872380031898,5.137843394669173
STLD,2022-09-06,train,True,True,D-1,78.1999969482,80.0299987793,77.7699966431,79.3600006104,80.0400009155,83.1200027466,6.291567762667594,1,-0.7252271933704479,-5.589053588002512,-0.8597358928305376,-4.187320158183072,0.7758031185811642,-10.27972835599974,1.0,4.0,0.2248998986447399,12.381310744447882,0.7758031185811642,3.4440023999740665
STLD,2022-09-07,train,True,True,D-1,78.8000030518,80.0400009155,77.5999984741,79.6999969482,83.1200027466,86.9499969482,10.342631447669493,1,-5.589053588002512,-0.8597358928305376,-4.187320158183072,0.7758031185811642,1.821911886733174,-7.977733561943823,2.0,4.0,0.39402442404569066,8.177920632285772,1.821911886733174,0.0
STLD,2022-09-08,train,True,True,D-1,79.6399993896,83.1200027466,79.1999969482,82.9899978638,86.9499969482,87.2900009155,9.60572775556674,1,-0.8597358928305376,-4.187320158183072,0.7758031185811642,1.821911886733174,0.42842280139228084,-2.112504617271027,3.0,4.0,0.6972472355046524,2.4843204928688856,1.821911886733174,0.7758031185811642
STLD,2022-09-09,train,True,True,D-1,84.4300003052,86.9499969482,84.1600036621,86.5199966431,87.2900009155,83.2799987793,3.3874222432329626,1,-4.187320158183072,0.7758031185811642,1.821911886733174,0.42842280139228084,4.127981231590638,2.8121860861888504,4.0,0.0,0.9837086681566424,0.15665126659403228,4.127981231590638,1.821911886733174
STLD,2022-09-12,train,True,True,D-1,86.5999984741,87.2900009155,83.2200012207,83.4899978638,83.2799987793,79.6399993896,-3.833717959929217,0,0.7758031185811642,1.821911886733174,0.42842280139228084,4.127981231590638,4.2535231596141365,11.869667364725988,5.0,0.0,0.9540106550507875,0.49699528638884605,4.2535231596141365,1.821911886733174
STLD,2022-09-13,train,True,True,D-1,81.4000015259,83.2799987793,80.7900009155,81.9100036621,79.6399993896,77.8600006104,-2.1621647460780324,0,1.821911886733174,0.42842280139228084,4.127981231590638,4.2535231596141365,-3.502079168817962,7.120856105403406,4.0,0.0,0.6078429211261391,4.551447058244129,4.2535231596141365,4.127981231590638
STLD,2022-09-14,train,True,True,D-1,79.4800033569,79.6399993896,73.4000015259,74.5500030518,77.8600006104,75.8700027466,-2.038251985503181,0,0.42842280139228084,4.127981231590638,4.2535231596141365,-3.502079168817962,-1.8924353121645754,3.2132094658348986,3.0,1.0,0.44478886502502135,6.568180945997626,4.2535231596141365,9.581763057746006
STLD,2022-09-15,train,True,True,D-1,77.8099975586,77.8600006104,75.0699996948,76.2300033569,75.8700027466,77.4300003052,-0.4883655896709471,0,4.127981231590638,4.2535231596141365,-3.502079168817962,-1.8924353121645754,-8.985472202713973,-6.4617240823072635,2.0,2.0,0.08279349002427322,17.089198312772425,4.2535231596141365,14.961386425563795
STLD,2022-09-16,train,True,True,D-1,75.3300018311,75.8700027466,74.2300033569,75.0199966431,77.4300003052,76.0899963379,2.7877318771456716,0,4.2535231596141365,-3.502079168817962,-1.8924353121645754,-8.985472202713973,2.253521443765294,-8.14555329666865,2.0,3.0,0.2037438412789952,14.508719758043798,4.2535231596141365,11.187963461474537
STLD,2022-09-19,train,True,True,D-1,74.3499984741,77.4300003052,73.7300033569,77.1900024414,76.0899963379,77.5699996948,4.330869249206093,1,-3.502079168817962,-1.8924353121645754,-8.985472202713973,2.253521443765294,-1.5873103246957565,-13.291724972480257,1.0,4.0,0.11663032313831202,16.355644923277325,2.253521443765294,0.0
STLD,2022-09-20,train,True,True,D-1,75.3399963379,76.0899963379,74.7900009155,75.8499984741,77.5699996948,75.9100036621,2.9599196513076853,0,-1.8924353121645754,-8.985472202713973,2.253521443765294,-1.5873103246957565,2.892569841909731,-7.545808580181534,2.0,4.0,0.3836034381685428,7.889618014357902,2.892569841909731,2.253521443765294
STLD,2022-09-21,train,True,True,D-1,76.9300003052,77.5699996948,74.1999969482,74.1999969482,75.9100036621,70.9599990845,-1.3258763019022846,0,-8.985472202713973,2.253521443765294,-1.5873103246957565,2.892569841909731,-1.7359812474643688,-7.398370061121085,2.0,4.0,0.3926278504761029,4.996705328602147,2.892569841909731,2.253521443765294
STLD,2022-09-22,train,True,True,D-1,75.1699981689,75.9100036621,72.3000030518,72.5599975586,70.9599990845,71.5999984741,-4.749234776856759,0,2.253521443765294,-1.5873103246957565,2.892569841909731,-1.7359812474643688,-2.1753481332810076,-0.4694917361127593,2.0,4.0,0.11379997671952372,4.932619693711171,2.892569841909731,6.766135586994282
STLD,2022-09-23,train,True,True,D-1,70.3300018311,70.9599990845,69.1200027466,70.1900024414,71.5999984741,72.0999984741,2.5167021141997203,0,-1.5873103246957565,2.892569841909731,-1.7359812474643688,-2.1753481332810076,-2.2102418558654358,-4.814384935964721,1.0,1.0,0.049334852451062235,6.9046338268601515,2.892569841909731,7.230079376103616
STLD,2022-09-26,train,True,True,D-1,69.8000030518,71.5999984741,69.4499969482,69.6800003052,72.0999984741,72.9899978638,4.570192940582873,1,2.892569841909731,-1.7359812474643688,-2.1753481332810076,-2.2102418558654358,-3.2662557840991924,-6.4382756835863475,1.0,2.0,0.1266272285492282,10.514314000147529,2.892569841909731,8.296875329414577
STLD,2022-09-27,train,True,True,D-1,71.1800003052,72.0999984741,69.9400024414,70.7600021362,72.9899978638,72.6600036621,2.542845674120864,0,-1.7359812474643688,-2.1753481332810076,-2.2102418558654358,-3.2662557840991924,-0.7266022488399138,-9.729241998536454,0.0,3.0,0.06627192436078827,11.323190808039074,-0.7266022488399138,3.969125344958979
STLD,2022-09-28,train,True,True,D-1,70.1699981689,72.9899978638,69.8300018311,72.6399993896,72.6600036621,72.5299987793,3.5485329317046954,1,-2.1753481332810076,-2.2102418558654358,-3.2662557840991924,-0.7266022488399138,1.5499452156566784,-6.710608358994296,1.0,4.0,0.19408283809491247,9.624077661122744,1.5499452156566784,0.0
STLD,2022-09-29,train,True,True,D-1,72.6600036621,72.6600036621,69.8300018311,70.7099990845,72.5299987793,75.9400024414,4.5141737049084085,1,-2.2102418558654358,-3.2662557840991924,-0.7266022488399138,1.5499452156566784,2.6568643253873203,-2.102422672185611,2.0,4.0,0.5184088613249925,4.50165790195225,2.6568643253873203,0.0
STLD,2022-09-30,train,True,True,D-1,70.7600021362,72.5299987793,70.0500030518,70.9499969482,75.9400024414,78.1200027466,10.401357247323627,1,-3.2662557840991924,-0.7266022488399138,1.5499452156566784,2.6568643253873203,-2.656938768334205,-2.5496120952952506,2.0,1.0,0.41085228527378304,3.2244361601183824,2.6568643253873203,1.620610916886811
STLD,2022-10-03,train,True,True,D-1,72.0599975586,75.9400024414,72.0599975586,75.3899993896,78.1200027466,78.4300003052,8.839859786866967,1,-0.7266022488399138,1.5499452156566784,2.6568643253873203,-2.656938768334205,0.33941149315133146,1.08276746027256,3.0,2.0,0.42372870396440593,2.8752656847742974,2.6568643253873203,4.9834095561159035
STLD,2022-10-04,train,True,True,D-1,76.0999984741,78.1200027466,75.9300003052,78.0199966431,78.4300003052,79.5699996948,4.559791445831607,1,1.5499452156566784,2.6568643253873203,-2.656938768334205,0.33941149315133146,6.257931828582919,8.194602553659713,4.0,0.0,0.9099831429029945,0.729543780677977,6.257931828582919,2.6568643253873203
STLD,2022-10-05,train,True,True,D-1,77.1200027466,78.4300003052,76.5500030518,77.8300018311,79.5699996948,77.5,3.1768631495646904,1,2.6568643253873203,-2.656938768334205,0.33941149315133146,6.257931828582919,3.4885227149408893,10.260025844722055,4.0,0.0,0.9879365389076122,0.12818009203137137,6.257931828582919,2.6568643253873203
STLD,2022-10-06,train,True,True,D-1,78.3199996948,79.5699996948,76.8700027466,77.1399993896,77.5,78.2399978638,-0.10214738420806224,0,-2.656938768334205,0.33941149315133146,6.257931828582919,3.4885227149408893,-0.24352066159284425,7.14482720968066,3.0,0.0,0.9302327231909443,0.7709089810919556,6.257931828582919,6.257931828582919
STLD,2022-10-07,train,True,True,D-1,77.0400009155,77.5,75.3899993896,75.8899993896,78.2399978638,80.6399993896,4.672895160072232,1,0.33941149315133146,6.257931828582919,3.4885227149408893,-0.24352066159284425,-0.886550719859136,9.093480962170597,3.0,0.0,0.7447477770922575,3.150117091558613,6.257931828582919,7.385844275856545
STLD,2022-10-10,train,True,True,D-1,77.1500015259,78.2399978638,76.5999984741,77.7200012207,80.6399993896,79.9700012207,4.523652358617758,1,6.257931828582919,3.4885227149408893,-0.24352066159284425,-0.886550719859136,-1.6204303991328883,6.962653493849569,2.0,1.0,0.5099867831646122,4.849124172880548,6.257931828582919,8.75054701020661
STLD,2022-10-11,train,True,True,D-1,76.5899963379,80.6399993896,76.3499984741,79.1100006104,79.9700012207,81.8199996948,6.828572407584743,1,3.4885227149408893,-0.24352066159284425,-0.886550719859136,-1.6204303991328883,2.411387331425874,3.0905980235641284,2.0,2.0,0.5574166653053654,2.380337680189437,3.4885227149408893,3.4885227149408893
STLD,2022-10-12,train,True,True,D-1,79.1200027466,79.9700012207,78.0299987793,78.8700027466,81.8199996948,81.0800018311,3.412533941445095,1,-0.24352066159284425,-0.886550719859136,-1.6204303991328883,2.411387331425874,1.7884706225786529,1.397082817480988,2.0,0.0,0.7085716611047592,1.9340143690997236,2.411387331425874,0.0
STLD,2022-10-13,train,True,True,D-1,76.6800003052,81.8199996948,75.7699966431,81.0199966431,81.0800018311,81.3300018311,6.064164720125431,1,-0.886550719859136,-1.6204303991328883,2.411387331425874,1.7884706225786529,-0.30337234477084696,1.33624680846971,2.0,1.0,0.6628577822857118,2.2441949808050587,2.411387331425874,2.411387331425874
STLD,2022-10-14,train,True,True,D-1,80.8899993896,81.0800018311,77.5400009155,78.0599975586,81.3300018311,82.9800033569,2.5837606417001613,0,-1.6204303991328883,2.411387331425874,1.7884706225786529,-0.30337234477084696,2.725996984439938,5.029812398498801,3.0,0.0,0.8755827350345484,0.9874143234343657,2.725996984439938,2.411387331425874
STLD,2022-10-17,train,True,True,D-1,79.0299987793,81.3300018311,78.9700012207,80.0199966431,82.9800033569,82.8600006104,4.998107856019107,1,2.411387331425874,1.7884706225786529,-0.30337234477084696,2.725996984439938,-3.6534179303154612,2.859399376009719,3.0,1.0,0.37851235708989106,4.81681047117295,2.725996984439938,3.4384003399107854
STLD,2022-10-18,train,True,True,D-1,81.4800033569,82.9800033569,80.6600036621,81.7399978638,82.8600006104,87.1900024414,7.007853275961429,1,1.7884706225786529,-0.30337234477084696,2.725996984439938,-3.6534179303154612,2.5108879654122784,2.959335288568443,3.0,2.0,0.7024789845032862,2.249441548627229,2.725996984439938,3.960260180481634
STLD,2022-10-19,train,True,True,D-1,81.7300033569,82.8600006104,80.1600036621,80.6800003052,87.1900024414,93.2900009155,14.144129553157626,1,-0.30337234477084696,2.725996984439938,-3.6534179303154612,2.5108879654122784,2.149464250006705,3.3244813969250053,3.0,0.0,0.8280160418260608,1.5170118980993408,2.725996984439938,2.725996984439938
STLD,2022-10-20,train,True,True,D-1,80.6699981689,87.1900024414,80.0,85.6500015259,93.2900009155,96.4800033569,19.598370579974933,1,2.725996984439938,-3.6534179303154612,2.5108879654122784,2.149464250006705,-1.296791762052929,2.294912508644531,3.0,1.0,0.6809984868255695,2.850772239711752,2.725996984439938,2.725996984439938
STLD,2022-10-21,train,True,True,D-1,86.1699981689,93.2900009155,86.0800018311,92.9199981689,96.4800033569,97.8799972534,13.589415496502033,1,-3.6534179303154612,2.5108879654122784,2.149464250006705,-1.296791762052929,6.160140309741258,5.714644624333376,3.0,0.0,0.8404144381359178,1.798016214902587,6.160140309741258,2.5108879654122784
STLD,2022-10-24,train,True,True,D-1,92.7399978638,96.4800033569,92.5500030518,96.2600021362,97.8799972534,100.38999939,8.248869638141421,1,2.5108879654122784,2.149464250006705,-1.296791762052929,6.160140309741258,8.488028620526755,19.03663986044135,4.0,0.0,0.9741618188208225,0.39819495683528494,8.488028620526755,2.5108879654122784
STLD,2022-10-25,train,True,True,D-1,94.8799972534,97.8799972534,94.3199996948,97.7099990845,100.38999939,98.7399978638,5.807338001796314,1,2.149464250006705,-1.296791762052929,6.160140309741258,8.488028620526755,3.594494224191558,20.29493398447968,4.0,0.0,0.9866504140845405,0.22854894641359813,8.488028620526755,6.160140309741258
STLD,2022-10-26,train,True,True,D-1,97.9700012207,100.38999939,96.4199981689,98.0400009155,98.7399978638,97.2200012207,0.7859514478982144,0,-1.296791762052929,6.160140309741258,8.488028620526755,3.594494224191558,1.5063338002510918,19.537560115073838,4.0,0.0,0.9904922709723749,0.17398236669001754,8.488028620526755,8.488028620526755
STLD,2022-10-27,train,True,True,D-1,98.0299987793,98.7399978638,96.0999984741,97.4700012207,97.2200012207,95.2900009155,-0.8262751899279275,0,6.160140309741258,8.488028620526755,3.594494224191558,1.5063338002510918,0.33773598822226525,21.51710528585746,5.0,0.0,0.8847474965765559,2.396979245772801,8.488028620526755,8.488028620526755
STLD,2022-10-28,train,True,True,D-1,95.9899978638,97.2200012207,94.0699996948,94.4300003052,95.2900009155,97.0199966431,1.073027192647169,0,8.488028620526755,3.594494224191558,1.5063338002510918,0.33773598822226525,-0.5813950321066241,13.800349660502587,4.0,1.0,0.7959469834092369,2.9957916617732394,8.488028620526755,8.733651244668273
STLD,2022-10-31,train,True,True,D-1,93.6699981689,95.2900009155,92.8700027466,94.0500030518,97.0199966431,96.0400009155,3.576383623024637,1,3.594494224191558,1.5063338002510918,0.33773598822226525,-0.5813950321066241,-3.118909282268878,1.6250561408269526,3.0,2.0,0.2397956800362008,6.311552542134002,3.594494224191558,7.2766653549440345
STLD,2022-11-01,train,True,True,D-1,96.3700027466,97.0199966431,92.8700027466,96.7099990845,96.0400009155,93.3199996948,-0.34243210718558625,0,1.5063338002510918,0.33773598822226525,-0.5813950321066241,-3.118909282268878,-0.40241157701136343,-2.2958643625137554,2.0,3.0,0.1569150042421427,6.741091049947245,1.5063338002510918,5.015103807503007
STLD,2022-11-02,train,True,True,D-1,95.8399963379,96.0400009155,92.1900024414,92.3600006104,93.3199996948,96.3399963379,0.5217028579979965,0,0.33773598822226525,-0.5813950321066241,-3.118909282268878,-0.40241157701136343,2.828278518220717,-1.0234367100292352,2.0,4.0,0.5106380388175056,3.805191128462959,2.828278518220717,0.33773598822226525
STLD,2022-11-03,train,True,True,D-1,91.8799972534,93.3199996948,91.1399993896,91.5500030518,96.3399963379,97.3799972534,5.986068964315816,1,-0.5813950321066241,-3.118909282268878,-0.40241157701136343,2.828278518220717,-4.497982127266087,-5.793553908669957,1.0,4.0,0.025953937069731016,6.907749254260609,2.828278518220717,1.7969190713042371
STLD,2022-11-04,train,True,True,D-1,95.5800018311,96.3399963379,92.8600006104,95.4000015259,97.3799972534,98.25,2.7934694682452132,0,-3.118909282268878,-0.40241157701136343,2.828278518220717,-4.497982127266087,-0.8770003824672745,-6.073661736697245,1.0,4.0,0.06743479255265618,6.193334767768222,2.828278518220717,8.163813707494649
STLD,2022-11-07,train,True,True,D-1,95.9300003052,97.3799972534,94.9100036621,95.9599990845,98.25,96.5699996948,2.418429779442266,0,-0.40241157701136343,2.828278518220717,-4.497982127266087,-0.8770003824672745,4.205350459597046,1.027217216525389,2.0,3.0,0.7244904976382899,1.6981080621473632,4.205350459597046,2.828278518220717
STLD,2022-11-08,train,True,True,D-1,96.2399978638,98.25,95.5400009155,96.7699966431,96.5699996948,96.5,0.3428946782262354,0,2.828278518220717,-4.497982127266087,-0.8770003824672745,4.205350459597046,0.5869995279276452,2.030830378227666,3.0,0.0,0.7724361129772461,1.4797813489447753,4.205350459597046,2.828278518220717
STLD,2022-11-09,train,True,True,D-1,95.4599990845,96.5699996948,91.5699996948,92.0500030518,96.5,101.910003662,6.7567616167589994,1,-4.497982127266087,-0.8770003824672745,4.205350459597046,0.5869995279276452,0.8440991729134373,0.06203863009819344,3.0,0.0,0.7918420211194979,1.529403129317486,4.205350459597046,4.205350459597046
STLD,2022-11-10,train,True,True,D-1,95.0,96.5,93.4000015259,96.3399963379,101.910003662,102.970001221,8.389474969473687,1,-0.8770003824672745,4.205350459597046,0.5869995279276452,0.8440991729134373,-4.877538240192292,-0.3356404899861887,3.0,1.0,0.12798925233127412,6.73546631466273,4.205350459597046,8.279960786819895
STLD,2022-11-11,train,True,True,D-1,100.0,101.910003662,96.2799987793,96.7399978638,102.970001221,103.0,3.0000000000000027,1,4.205350459597046,0.5869995279276452,0.8440991729134373,-4.877538240192292,4.6605031438031075,5.232106091126809,4.0,2.0,0.7140713211325503,1.9825656370183964,4.6605031438031075,4.6497033790105835
STLD,2022-11-14,train,True,True,D-1,96.2699966431,102.970001221,95.3799972534,100.400001526,103.0,100.209999084,6.990758898486327,1,0.5869995279276452,0.8440991729134373,-4.877538240192292,4.6605031438031075,0.41519777984737605,1.4046082981835184,4.0,0.0,0.49999963108331374,5.344227736575768,4.6605031438031075,0.8440991729134373
STLD,2022-11-15,train,True,True,D-1,100.839996338,103.0,99.6500015259,100.480003357,100.209999084,101.169998169,0.3272529184688455,0,0.8440991729134373,-4.877538240192292,4.6605031438031075,0.41519777984737605,3.7833406481493803,4.626930475051627,4.0,0.0,0.7745614604442361,2.55976061348413,4.6605031438031075,4.6605031438031075
STLD,2022-11-16,train,True,True,D-1,98.6699981689,100.209999084,97.8000030518,99.3000030518,101.169998169,101.199996948,2.5641013743298524,0,-4.877538240192292,4.6605031438031075,0.41519777984737605,3.7833406481493803,0.07968309739445623,3.833839870412503,4.0,0.0,0.7795278586428782,2.5079583586861354,4.6605031438031075,4.6605031438031075
STLD,2022-11-17,train,True,True,D-1,96.7099990845,101.169998169,96.1399993896,101.010002136,101.199996948,104.0,7.538001224806545,1,4.6605031438031075,0.41519777984737605,3.7833406481493803,0.07968309739445623,-1.1743633218318283,7.876154002863145,4.0,1.0,0.6145835899680319,3.726079390219028,4.6605031438031075,5.756119137309968
STLD,2022-11-18,train,True,True,D-1,100.919998169,101.199996948,98.3799972534,100.63999939,104.0,106.779998779,5.806580178674681,1,0.41519777984737605,3.7833406481493803,0.07968309739445623,-1.1743633218318283,1.7220534054847692,4.8474216064120945,4.0,2.0,0.7388455188040542,1.9700998137992976,3.7833406481493803,3.7833406481493803
STLD,2022-11-21,train,True,True,D-1,100.339996338,104.0,99.7699966431,103.019996643,106.779998779,105.989997864,6.418180861106015,1,3.7833406481493803,0.07968309739445623,-1.1743633218318283,1.7220534054847692,-0.3663030770970854,4.031426103286462,3.0,3.0,0.6902887454925104,2.344992671208712,3.7833406481493803,3.7833406481493803
STLD,2022-11-22,train,True,True,D-1,103.949996948,106.779998779,103.290000916,106.440002441,105.989997864,105.370002747,1.9624829012938605,0,0.07968309739445623,-1.1743633218318283,1.7220534054847692,-0.3663030770970854,2.364862149667779,2.609556849779038,3.0,0.0,0.8753176487412347,0.9512748873367283,2.364862149667779,1.7220534054847692
STLD,2022-11-23,train,True,True,D-1,105.220001221,105.989997864,103.480003357,103.949996948,105.370002747,104.779998779,0.14255989760438847,0,-1.1743633218318283,1.7220534054847692,-0.3663030770970854,2.364862149667779,3.3197494752902346,5.931527552626026,3.0,0.0,0.9680454551211055,0.3194253384092738,3.3197494752902346,1.7220534054847692
STLD,2022-11-25,train,True,True,D-1,103.86000061,105.370002747,103.36000061,103.980003357,104.779998779,105.199996948,1.2901948104465877,0,1.7220534054847692,-0.3663030770970854,2.364862149667779,3.3197494752902346,-2.339351217490071,4.682773165449272,3.0,1.0,0.7340223690407957,2.7224645638187717,3.3197494752902346,2.364862149667779
STLD,2022-11-28,train,True,True,D-1,102.580001831,104.779998779,101.769996643,102.879997253,105.199996948,104.029998779,2.554099308085833,0,-0.3663030770970854,2.364862149667779,3.3197494752902346,-2.339351217490071,0.028866195171706188,2.9403040869172337,3.0,2.0,0.6666672722062394,2.6928210536660835,3.3197494752902346,5.630909779296789
STLD,2022-11-29,train,True,True,D-1,104.61000061,105.199996948,102.050003052,102.63999939,104.029998779,105.459999084,0.812540358515923,0,2.364862149667779,3.3197494752902346,-2.339351217490071,0.028866195171706188,-1.0579015853878104,2.2257530570122253,3.0,3.0,0.4436518776467839,3.790825845775636,3.3197494752902346,4.349090241442699
STLD,2022-11-30,train,True,True,D-1,103.620002747,104.029998779,100.650001526,103.930000305,105.459999084,109.629997253,5.800033146760364,1,3.3197494752902346,-2.339351217490071,0.028866195171706188,-1.0579015853878104,-0.23327942205305652,-0.36885776100034073,2.0,4.0,0.1736531688776113,4.033514627440016,3.3197494752902346,4.60846261602682
STLD,2022-12-01,train,True,True,D-1,103.900001526,105.459999084,102.660003662,105.129997253,109.629997253,109.440002441,5.514913996960935,1,-2.339351217490071,0.028866195171706188,-1.0579015853878104,-0.23327942205305652,1.256820852169338,-2.3581379917680056,2.0,4.0,0.6142324023069381,1.9821009842726944,1.256820852169338,0.028866195171706188
STLD,2022-12-02,train,True,True,D-1,104.290000916,109.629997253,103.769996643,109.550003052,109.440002441,108.940002441,4.938154645475601,1,0.028866195171706188,-1.0579015853878104,-0.23327942205305652,1.256820852169338,1.1546203641666697,1.1351614619000694,3.0,0.0,0.931392515896158,0.31389882966119664,1.256820852169338,0.028866195171706188
STLD,2022-12-05,train,True,True,D-1,107.769996643,109.440002441,105.680000305,106.739997864,108.940002441,110.349998474,2.3939889685127724,0,-1.0579015853878104,-0.23327942205305652,1.256820852169338,1.1546203641666697,4.204324088740385,5.356798918226824,3.0,0.0,0.991091955560793,0.07302072001040827,4.204324088740385,1.256820852169338
STLD,2022-12-06,train,True,True,D-1,104.199996948,108.940002441,104.199996948,108.269996643,110.349998474,110.739997864,6.276392617615634,1,-0.23327942205305652,1.256820852169338,1.1546203641666697,4.204324088740385,-2.565043459347205,3.7519447065182066,3.0,1.0,0.678173634280172,2.707513066172451,4.204324088740385,1.256820852169338
STLD,2022-12-07,train,True,True,D-1,107.319999695,110.349998474,106.88999939,107.599998474,110.739997864,111.190002441,3.606040586096171,1,1.256820852169338,1.1546203641666697,4.204324088740385,-2.565043459347205,1.4333884294708277,5.485188314945089,4.0,2.0,0.848552198537143,1.256119564207947,4.204324088740385,5.3727461547739335
STLD,2022-12-08,train,True,True,D-1,109.519996643,110.739997864,108.699996948,110.040000916,111.190002441,109.940002441,1.5248409872068214,0,1.1546203641666697,4.204324088740385,-2.565043459347205,1.4333884294708277,-0.6188216401347035,3.531221166390641,3.0,0.0,0.6423924765581498,2.5557621180306134,4.204324088740385,4.204324088740385
STLD,2022-12-09,train,True,True,D-1,109.720001221,111.190002441,108.260002136,108.410003662,109.940002441,113.120002747,3.0987982939880254,1,4.204324088740385,-2.565043459347205,1.4333884294708277,-0.6188216401347035,2.26766029424208,4.67041167249711,3.0,0.0,0.8995700394010009,0.6361295366894337,4.204324088740385,4.204324088740385
STLD,2022-12-12,train,True,True,D-1,107.849998474,109.940002441,106.430000305,109.760002136,113.120002747,110.129997253,4.886420350085086,1,-2.565043459347205,1.4333884294708277,-0.6188216401347035,2.26766029424208,-1.4812770269279407,-1.0406201353174604,2.0,0.0,0.602289471476956,2.5643378702093544,2.26766029424208,1.4333884294708277
STLD,2022-12-13,train,True,True,D-1,112.489997864,113.120002747,109.75,110.379997253,110.129997253,106.440002441,-2.0979648464863887,0,1.4333884294708277,-0.6188216401347035,2.26766029424208,-1.4812770269279407,1.2452711266471406,2.8293089117800596,3.0,1.0,0.7954221486045966,1.3028428181225182,2.26766029424208,2.5221121096448584
STLD,2022-12-14,train,True,True,D-1,110.040000916,110.129997253,107.260002136,108.660003662,106.440002441,103.620002747,-3.271536209589898,0,-0.6188216401347035,2.26766029424208,-1.4812770269279407,1.2452711266471406,0.564864344874727,1.948832248473531,3.0,0.0,0.5904328110856617,2.482338795243577,2.26766029424208,2.26766029424208
STLD,2022-12-15,train,True,True,D-1,106.410003662,106.440002441,100.459999084,101.919998169,103.620002747,104.370002747,-1.917113847190377,0,2.26766029424208,-1.4812770269279407,1.2452711266471406,0.564864344874727,-1.5582475392327044,0.9851349470568316,3.0,1.0,0.3333337134527758,4.104545310778174,2.26766029424208,3.2698454733540716
STLD,2022-12-16,train,True,True,D-1,100.319999695,103.620002747,97.3499984741,101.019996643,104.370002747,105.370002747,5.033894604618583,1,-1.4812770269279407,1.2452711266471406,0.564864344874727,-1.5582475392327044,-6.202839375899149,-7.379137294990102,2.0,2.0,0.11532374901809639,10.989015678187686,1.2452711266471406,8.909702449841493
STLD,2022-12-19,train,True,True,D-1,102.400001526,104.370002747,100.279998779,101.540000916,105.370002747,107.910003662,5.380861380750046,1,1.2452711266471406,0.564864344874727,-1.5582475392327044,-6.202839375899149,-0.8830470390194134,-6.816720569478541,2.0,3.0,0.2327201759359515,11.977832613438766,1.2452711266471406,8.276383552121702
STLD,2022-12-20,train,True,True,D-1,101.650001526,105.370002747,101.650001526,103.199996948,107.910003662,104.760002136,6.158388629634026,1,0.564864344874727,-1.5582475392327044,-6.202839375899149,-0.8830470390194134,0.5147538015049413,-7.489068021167555,2.0,4.0,0.26569443922728114,11.404374361370827,0.564864344874727,0.9377031005916359
STLD,2022-12-21,train,True,True,D-1,104.089996338,107.910003662,102.910003662,104.819999695,104.760002136,104.099998474,0.6436793367004867,0,-1.5582475392327044,-6.202839375899149,-0.8830470390194134,0.5147538015049413,1.6348197922247953,-6.504802032693336,2.0,4.0,0.4577464031967243,6.715116773202867,1.6348197922247953,0.0
STLD,2022-12-22,train,True,True,D-1,104.650001526,104.760002136,99.1299972534,102.849998474,104.099998474,104.13999939,-0.4873407821912812,0,-6.202839375899149,-0.8830470390194134,0.5147538015049413,1.6348197922247953,1.569770150105998,-3.5339626703352445,3.0,0.0,0.7073861317283615,2.9479144972248905,1.6348197922247953,0.5147538015049413
STLD,2022-12-23,train,True,True,D-1,103.599998474,104.099998474,101.260002136,102.589996338,104.13999939,103.209999084,0.5212364130830816,0,-0.8830470390194134,0.5147538015049413,1.6348197922247953,1.569770150105998,-1.8794134962146658,0.9124806924131867,3.0,1.0,0.5208330774498183,4.919791213491487,1.6348197922247953,1.9739656103941128
STLD,2022-12-27,train,True,True,D-1,103.099998474,104.13999939,102.319999695,102.900001526,103.209999084,100.400001526,0.10669312476057069,0,0.5147538015049413,1.6348197922247953,1.569770150105998,-1.8794134962146658,-0.25279741357091545,1.5541474432515745,3.0,2.0,0.39407705684712735,5.1856979373235745,1.6348197922247953,3.762279593301643
STLD,2022-12-28,train,True,True,D-1,103.010002136,103.209999084,99.8000030518,99.8899993896,100.400001526,98.3300018311,-2.5337351285112275,0,1.6348197922247953,1.569770150105998,-1.8794134962146658,-0.25279741357091545,0.30217876894997886,1.3393742345197301,3.0,3.0,0.42938513904810865,4.868806668320702,1.6348197922247953,1.6348197922247953
STLD,2022-12-29,train,True,True,D-1,100.0,100.400001526,97.9499969482,98.4100036621,98.3300018311,98.1900024414,-1.6699981688999888,0,1.569770150105998,-1.8794134962146658,-0.25279741357091545,0.30217876894997886,-2.9251721008375697,-3.2073620700471817,2.0,4.0,0.08656054458634348,8.028836041053156,1.569770150105998,4.201602731037579
STLD,2022-12-30,train,True,True,D-1,98.0999984741,98.3300018311,96.7099990845,97.6999969482,98.1900024414,99.3399963379,1.2640141519751236,0,-1.8794134962146658,-0.25279741357091545,0.30217876894997886,-2.9251721008375697,-1.481625524620933,-6.1152414153324735,1.0,4.0,0.06754865836579595,6.452594489990382,0.30217876894997886,4.665636297923392
STLD,2023-01-03,train,True,True,D-1,97.8000030518,98.1900024414,95.0,95.1699981689,99.3399963379,100.290000916,2.5460100066470925,0,-0.25279741357091545,0.30217876894997886,-2.9251721008375697,-1.481625524620933,-0.7214781907110557,-5.007293730881191,1.0,3.0,0.13324331399652287,6.59160966526382,0.30217876894997886,2.494592879253821
STLD,2023-01-04,train,True,True,D-1,94.9400024414,99.3399963379,94.8700027466,98.7099990845,100.290000916,104.620002747,10.195913268039792,1,0.30217876894997886,-2.9251721008375697,-1.481625524620933,-0.7214781907110557,-2.5895587086265603,-7.232672223375058,1.0,4.0,0.018599363265383553,9.425240510334753,0.30217876894997886,3.5945325669691996
STLD,2023-01-05,train,True,True,D-1,98.3300018311,100.290000916,96.0199966431,98.7900009155,104.620002747,104.370002747,6.396827823418771,1,-2.9251721008375697,-1.481625524620933,-0.7214781907110557,-2.5895587086265603,3.7196605902182434,-4.071916792383434,1.0,4.0,0.4604314177789101,4.55880867311913,3.7196605902182434,0.0
STLD,2023-01-06,train,True,True,D-1,100.160003662,104.620002747,99.6999969482,102.690002441,104.370002747,107.129997253,6.95885916150818,1,-1.481625524620933,-0.7214781907110557,-2.5895587086265603,3.7196605902182434,0.081047342459728,-1.1012098116145674,2.0,4.0,0.7088605848345816,1.6297202101223762,3.7196605902182434,0.0
STLD,2023-01-09,train,True,True,D-1,103.220001221,104.370002747,101.319999695,101.379997253,107.129997253,110.230003357,6.7913215007537,1,-0.7214781907110557,-2.5895587086265603,3.7196605902182434,0.081047342459728,3.9477695003119484,4.349150106320265,3.0,0.0,0.8020512506747881,1.8794432370462522,3.9477695003119484,3.7196605902182434
STLD,2023-01-10,train,True,True,D-1,101.5,107.129997253,101.5,106.86000061,110.230003357,111.199996948,9.556647239408878,1,-2.5895587086265603,3.7196605902182434,0.081047342459728,3.9477695003119484,-1.2756891195446873,3.766632978249862,3.0,1.0,0.6676917442187614,3.195902132364803,3.9477695003119484,3.7196605902182434
STLD,2023-01-11,train,True,True,D-1,106.910003662,110.230003357,106.910003662,110.0,111.199996948,112.400001526,5.135158241465265,1,3.7196605902182434,0.081047342459728,3.9477695003119484,-1.2756891195446873,5.4054088631747765,12.283285348344265,4.0,0.0,0.9779774254499826,0.2526638980523632,5.4054088631747765,3.9477695003119484
STLD,2023-01-12,train,True,True,D-1,110.449996948,111.199996948,108.660003662,110.370002747,112.400001526,113.709999084,2.9515638081319295,0,0.081047342459728,3.9477695003119484,-1.2756891195446873,5.4054088631747765,2.9384235186932672,11.43754535529402,4.0,0.0,0.9838139867467469,0.20909396090909027,5.4054088631747765,3.9477695003119484
STLD,2023-01-13,train,True,True,D-1,109.790000916,112.400001526,109.370002747,111.519996643,113.709999084,113.459999084,3.570450983964557,1,3.9477695003119484,-1.2756891195446873,5.4054088631747765,2.9384235186932672,0.3363661336363677,11.721835939049075,4.0,0.0,0.9278265912161358,0.7520106735002807,5.4054088631747765,5.4054088631747765
STLD,2023-01-17,train,True,True,D-1,111.349998474,113.709999084,109.230003357,110.190002441,113.459999084,108.849998474,1.89492648308629,0,-1.2756891195446873,5.4054088631747765,2.9384235186932672,0.3363661336363677,1.0419442487793695,8.598689251247427,4.0,0.0,0.9205771897493833,0.7891005285958652,5.4054088631747765,5.4054088631747765
STLD,2023-01-18,train,True,True,D-1,110.75,113.459999084,108.11000061,108.220001221,108.849998474,108.199996948,-1.715576998645596,0,5.4054088631747765,2.9384235186932672,0.3363661336363677,1.0419442487793695,-1.1926060276504447,8.6900822910994,4.0,0.0,0.7117119650227814,3.1944791405960293,5.4054088631747765,5.568496931961553
STLD,2023-01-19,train,True,True,D-1,107.900001526,108.849998474,105.949996948,107.330001831,108.199996948,110.199996948,2.131599063458589,0,2.9384235186932672,0.3363661336363677,1.0419442487793695,-1.1926060276504447,-1.7878221039652087,1.2726938080072747,3.0,1.0,0.19264682954958734,5.072997413656166,2.9384235186932672,5.897529976133365
STLD,2023-01-20,train,True,True,D-1,107.309997559,108.199996948,106.010002136,108.019996643,110.199996948,108.430000305,2.6931315392222155,0,0.3363661336363677,1.0419442487793695,-1.1926060276504447,-1.7878221039652087,-0.8223982442787992,-2.4272710627272653,2.0,2.0,0.1778356318483362,5.9442813231717295,1.0419442487793695,3.637461579429535
STLD,2023-01-23,train,True,True,D-1,107.870002747,110.199996948,106.910003662,107.690002441,108.430000305,111.209999084,3.096316169411506,1,1.0419442487793695,-1.1926060276504447,-1.7878221039652087,-0.8223982442787992,0.6428722633271322,-2.1292072533393824,2.0,3.0,0.2667524645897847,5.267545471053059,1.0419442487793695,1.2267571999376004
STLD,2023-01-24,train,True,True,D-1,107.290000916,108.430000305,105.019996643,108.029998779,111.209999084,121.760002136,13.486812467574616,1,-1.1926060276504447,-1.7878221039652087,-0.8223982442787992,0.6428722633271322,-0.30549362363953003,-3.434356453812182,1.0,4.0,0.22422745026419652,5.590116544289403,0.6428722633271322,0.0
STLD,2023-01-25,train,True,True,D-1,107.069999695,111.209999084,107.069999695,110.410003662,121.760002136,123.690002441,15.522557946524508,1,-1.7878221039652087,-0.8223982442787992,0.6428722633271322,-0.30549362363953003,0.3157176435075959,-1.9602537563755407,2.0,4.0,0.35663522102528683,5.026381899816834,0.6428722633271322,0.6428722633271322
STLD,2023-01-26,train,True,True,D-1,113.120002747,121.760002136,111.86000061,121.440002441,123.690002441,121.220001221,9.344058908520768,1,-0.8223982442787992,0.6428722633271322,-0.30549362363953003,0.3157176435075959,2.203096278718686,2.0236577492987795,3.0,0.0,0.870760079721266,0.724567879237692,2.203096278718686,0.6428722633271322
STLD,2023-01-27,train,True,True,D-1,120.150001526,123.690002441,117.569999695,118.930000305,121.220001221,120.680000305,0.8905532096630697,0,0.6428722633271322,-0.30549362363953003,0.3157176435075959,2.203096278718686,9.990035697097088,13.14637134938037,4.0,0.0,0.9808841344088086,0.2635043548812943,9.990035697097088,0.6428722633271322
STLD,2023-01-30,train,True,True,D-1,117.819999695,121.220001221,117.63999939,119.089996338,120.680000305,126.050003052,6.985234576731414,1,-0.30549362363953003,0.3157176435075959,2.203096278718686,9.990035697097088,-2.0668660124734894,10.099985188906224,3.0,0.0,0.7450454923527705,4.0023561118244455,9.990035697097088,2.203096278718686
STLD,2023-01-31,train,True,True,D-1,118.169998169,120.680000305,116.970001221,120.63999939,126.050003052,125.919998169,6.668363379112918,1,0.3157176435075959,2.203096278718686,9.990035697097088,-2.0668660124734894,0.13452958260296022,10.585935220166508,4.0,1.0,0.7536151754439858,3.8626301490045423,9.990035697097088,11.925152673187167
STLD,2023-02-01,train,True,True,D-1,120.63999939,126.050003052,119.559997559,125.319999695,125.919998169,132.5,9.830902412109177,1,2.203096278718686,9.990035697097088,-2.0668660124734894,0.13452958260296022,1.3015392557413463,11.672684211351925,4.0,2.0,0.8164860079981598,2.5281855656680507,9.990035697097088,9.990035697097088
STLD,2023-02-02,train,True,True,D-1,125.309997559,125.919998169,122.559997559,125.849998474,132.5,128.169998169,5.737772389321716,1,9.990035697097088,-2.0668660124734894,0.13452958260296022,1.3015392557413463,3.8793106172611003,13.504207534168945,4.0,0.0,0.9485550929266016,0.5825114576896384,9.990035697097088,9.990035697097088
STLD,2023-02-03,train,True,True,D-1,126.059997559,132.5,125.86000061,128.179992676,128.169998169,125.160003662,1.673806640375708,0,-2.0668660124734894,0.13452958260296022,1.3015392557413463,3.8793106172611003,0.42291635835451924,3.6314195852742426,4.0,1.0,0.9779730685386917,0.15892298802158145,3.8793106172611003,1.3015392557413463
STLD,2023-02-06,train,True,True,D-1,127.629997253,128.169998169,122.470001221,123.510002136,125.160003662,125.510002136,-1.6610476867734758,0,0.13452958260296022,1.3015392557413463,3.8793106172611003,0.42291635835451924,1.8514058245947318,7.777677917496084,5.0,0.0,0.7218282251353686,3.3702664774834634,3.8793106172611003,3.8793106172611003
STLD,2023-02-07,train,True,True,D-1,123.599998474,125.160003662,121.260002136,123.199996948,125.510002136,125.720001221,1.715212599655458,0,1.3015392557413463,3.8793106172611003,0.42291635835451924,1.8514058245947318,-3.6433069174877653,3.711483696292328,4.0,1.0,0.42112050413317004,7.27876099791569,3.8793106172611003,5.738664106632363
STLD,2023-02-08,train,True,True,D-1,122.370002747,125.510002136,121.88999939,124.029998779,125.720001221,123.029998779,2.7375977762508663,0,3.8793106172611003,0.42291635835451924,1.8514058245947318,-3.6433069174877653,-0.25099601865331556,2.1220139016447925,3.0,2.0,0.2812981995634547,7.548703962976,3.8793106172611003,7.764468998091967
STLD,2023-02-09,train,True,True,D-1,124.650001526,125.720001221,120.680000305,121.349998474,123.029998779,124.529998779,-0.09627175734527871,0,0.42291635835451924,1.8514058245947318,-3.6433069174877653,-0.25099601865331556,0.6737028015920465,-1.0293655594793893,3.0,3.0,0.24644102930587516,6.828994037234559,1.8514058245947318,1.8514058245947318
STLD,2023-02-10,train,True,True,D-1,120.580001831,123.029998779,119.730003357,122.319999695,124.529998779,127.190002441,5.481838206690615,1,1.8514058245947318,-3.6433069174877653,-0.25099601865331556,0.6737028015920465,-2.1607678234160876,-3.5756853830472446,2.0,4.0,0.05668343369614695,9.188299683735845,1.8514058245947318,3.353027999781022
STLD,2023-02-13,train,True,True,D-1,122.180000305,124.529998779,121.069999695,123.75,127.190002441,125.75,4.100509186031642,1,-3.6433069174877653,-0.25099601865331556,0.6737028015920465,-2.1607678234160876,0.7993417661293467,-4.5716908377520955,2.0,4.0,0.30687179266005543,4.782536370656243,0.7993417661293467,2.052400778560437
STLD,2023-02-14,train,True,True,D-1,123.150001526,127.190002441,122.730003357,126.5,125.75,128.419998169,4.279331366380346,1,-0.25099601865331556,0.6737028015920465,-2.1607678234160876,0.7993417661293467,1.1690650004624326,0.1943145169212679,3.0,2.0,0.671118209767695,1.5919201785858705,1.1690650004624326,0.6737028015920465
STLD,2023-02-15,train,True,True,D-1,125.120002747,125.75,121.569999695,125.680000305,128.419998169,126.099998474,2.6374643138977305,0,0.6737028015920465,-2.1607678234160876,0.7993417661293467,1.1690650004624326,2.2222222222222143,2.678573972199727,4.0,0.0,0.9075063638439445,0.5454564750988267,2.2222222222222143,0.7993417661293467
STLD,2023-02-16,train,True,True,D-1,125.5,128.419998169,125.040000916,126.180000305,126.099998474,126.779998779,1.0199193458167333,0,-2.1607678234160876,0.7993417661293467,1.1690650004624326,2.2222222222222143,-0.6482211027667995,1.3303245523206053,3.0,1.0,0.7975868201862623,1.2014657322848121,2.2222222222222143,1.1690650004624326
STLD,2023-02-17,train,True,True,D-1,125.589996338,126.099998474,123.870002747,124.970001221,126.779998779,122.550003052,0.9475296406549205,0,0.7993417661293467,1.1690650004624326,2.2222222222222143,-0.6482211027667995,0.39783577242726853,3.980224055820525,4.0,0.0,0.7422325430037318,1.775240021069524,2.2222222222222143,2.4751864079929686
STLD,2023-02-21,train,True,True,D-1,124.11000061,126.779998779,121.209999084,121.779998779,122.550003052,121.839996338,-1.2569475065124736,0,1.1690650004624326,2.2222222222222143,-0.6482211027667995,0.39783577242726853,-0.958946807002059,2.166449912203783,3.0,1.0,0.5306125626822821,2.7606600898554268,2.2222222222222143,2.7871482902337985
STLD,2023-02-22,train,True,True,D-1,121.739997864,122.550003052,120.080001831,120.440002441,121.839996338,118.519996643,0.08214101836252485,0,2.2222222222222143,-0.6482211027667995,0.39783577242726853,-0.958946807002059,-2.5526145561595492,-1.5919201785858594,2.0,2.0,0.07905683319514505,5.452454800931572,2.2222222222222143,5.709305369602458
STLD,2023-02-23,train,True,True,D-1,121.160003662,121.839996338,116.989997864,119.010002136,118.519996643,123.059997559,1.5681692304173378,0,-0.6482211027667995,0.39783577242726853,-0.958946807002059,-2.5526145561595492,-1.1003418881878502,-4.790511904347827,1.0,3.0,0.04316555972089691,6.625702064319672,0.39783577242726853,4.022704729569259
STLD,2023-02-24,train,True,True,D-1,116.980003357,118.519996643,115.339996338,118.5,123.059997559,127.720001221,9.181054501446395,1,0.39783577242726853,-0.958946807002059,-2.5526145561595492,-1.1003418881878502,-1.187313414162805,-5.3071277473052625,1.0,4.0,0.17672827804880759,7.9068951047044145,0.39783577242726853,2.6724265679378245
STLD,2023-02-27,train,True,True,D-1,120.839996338,123.059997559,119.430000305,121.339996338,127.720001221,130.570007324,8.051978881879718,1,-0.958946807002059,-2.5526145561595492,-1.1003418881878502,-1.187313414162805,-0.42853720430757747,-6.086543260767185,0.0,3.0,0.27622403738960855,6.987340741772141,-0.42853720430757747,1.6107625387589586
STLD,2023-02-28,train,True,True,D-1,121.830001831,127.720001221,120.660003662,126.11000061,130.570007324,133.309997559,9.422962780485555,1,-2.5526145561595492,-1.1003418881878502,-1.187313414162805,-0.42853720430757747,2.3966213822784965,-2.9047010062683842,1.0,4.0,0.5244754125660422,4.483272296998031,2.3966213822784965,0.0
STLD,2023-03-01,train,True,True,D-1,126.849998474,130.570007324,126.470001221,129.119995117,133.309997559,136.449996948,7.567992581385541,1,-1.1003418881878502,-1.187313414162805,-0.42853720430757747,2.3966213822784965,3.9311063259906964,3.5555935904202585,2.0,0.0,0.8699515366742038,1.276663708835435,3.9311063259906964,0.0
STLD,2023-03-02,train,True,True,D-1,128.38999939,133.309997559,127.819999695,132.88999939,136.449996948,136.460006714,6.285541991075472,1,-1.187313414162805,-0.42853720430757747,2.3966213822784965,3.9311063259906964,2.386800802823341,7.206901776884367,3.0,0.0,0.9047924385390862,1.1229958657341,3.9311063259906964,2.3966213822784965
STLD,2023-03-03,train,True,True,D-1,133.039993286,136.449996948,132.270004272,136.059997559,136.460006714,133.320007324,2.5706656649086668,0,-0.42853720430757747,2.3966213822784965,3.9311063259906964,2.386800802823341,2.919767979842236,11.66288295511373,4.0,0.0,0.9766278163348604,0.31604949275934047,3.9311063259906964,3.9311063259906964
STLD,2023-03-06,train,True,True,D-1,135.5,136.460006714,130.460006714,131.979995728,133.320007324,132.729995728,-1.6088506833948468,0,2.3966213822784965,3.9311063259906964,2.386800802823341,2.919767979842236,2.385430193055238,14.818563340928282,5.0,0.0,0.9770858128129893,0.28663780390769666,3.9311063259906964,3.9311063259906964
STLD,2023-03-07,train,True,True,D-1,131.429992676,133.320007324,130.63999939,130.990005493,132.729995728,133.649993896,1.6891130972461754,0,3.9311063259906964,2.386800802823341,2.919767979842236,2.385430193055238,-2.9986784537687328,8.76874873175506,4.0,0.0,0.7164550556569099,3.394462138969101,3.9311063259906964,4.615885967933031
STLD,2023-03-08,train,True,True,D-1,130.699996948,132.729995728,129.509994507,132.61000061,133.649993896,128.080001831,2.257074993791841,0,2.386800802823341,2.919767979842236,2.385430193055238,-2.9986784537687328,-0.7501062790154056,3.8696414712514393,3.0,1.0,0.4524526312990696,4.1758920464296745,2.919767979842236,6.646059437257179
STLD,2023-03-09,train,True,True,D-1,131.699996948,133.649993896,127.769996643,128.190002441,128.080001831,118.830001831,-2.748667578503672,0,2.919767979842236,2.385430193055238,-2.9986784537687328,-0.7501062790154056,1.2367318490467127,2.702916376226283,3.0,2.0,0.5543978036668747,2.9032547215822158,2.919767979842236,2.919767979842236
STLD,2023-03-10,train,True,True,D-1,128.080001831,128.080001831,119.480003357,120.36000061,118.830001831,120.819999695,-5.6683338789918825,0,2.385430193055238,-2.9986784537687328,-0.7501062790154056,1.2367318490467127,-3.333080573613001,-3.5367574464400975,2.0,3.0,0.04833202661083441,6.451364471114918,2.385430193055238,4.523000186629789
STLD,2023-03-13,train,True,True,D-1,118.069999695,118.830001831,115.080001831,117.080001831,120.819999695,112.959999084,2.3291267952094907,0,-2.9986784537687328,-0.7501062790154056,1.2367318490467127,-3.333080573613001,-6.108122070286859,-11.539024864521242,1.0,4.0,0.051825505242743104,13.376542059158435,1.2367318490467127,10.474345862809276
STLD,2023-03-14,train,True,True,D-1,118.730003357,120.819999695,114.760002136,116.290000916,112.959999084,106.790000916,-4.859769316817609,0,-0.7501062790154056,1.2367318490467127,-3.333080573613001,-6.108122070286859,-2.7251568314859864,-11.289585072958841,1.0,2.0,0.10770063837396686,14.152709092811676,1.2367318490467127,9.903554844945639
STLD,2023-03-15,train,True,True,D-1,112.629997253,112.959999084,99.9499969482,101.75,106.790000916,105.879997253,-5.185116291782954,0,1.2367318490467127,-3.333080573613001,-6.108122070286859,-2.7251568314859864,-0.6747530770800148,-11.222233728195064,1.0,3.0,0.08099520632083106,14.92819059528574,1.2367318490467127,4.61825367803701
STLD,2023-03-16,train,True,True,D-1,100.010002136,106.790000916,99.5299987793,106.269996643,105.879997253,108.510002136,8.499149903467806,1,-3.333080573613001,-6.108122070286859,-2.7251568314859864,-0.6747530770800148,-12.503225386078299,-23.271246865278172,0.0,4.0,0.05341255830343662,31.35134535233417,-0.6747530770800148,13.093612565131496
STLD,2023-03-17,train,True,True,D-1,105.459999084,105.879997253,103.099998474,103.910003662,108.510002136,112.5,6.675517710172341,1,-6.108122070286859,-2.7251568314859864,-0.6747530770800148,-12.503225386078299,4.442257142997552,-17.09962195225698,1.0,4.0,0.23607695773253748,20.523201163982186,4.442257142997552,8.616393665898903
STLD,2023-03-20,train,True,True,D-1,104.989997864,108.510002136,103.319999695,107.669998169,112.5,111.089996338,7.153064376406748,1,-2.7251568314859864,-0.6747530770800148,-12.503225386078299,4.442257142997552,-2.220751910746821,-13.66732873432145,1.0,3.0,0.2057306103481668,16.273694001594976,4.442257142997552,0.0
STLD,2023-03-21,train,True,True,D-1,110.120002747,112.5,109.089996338,111.050003052,111.089996338,111.050003052,0.8808514046522165,0,-0.6747530770800148,-12.503225386078299,4.442257142997552,-2.220751910746821,3.6185106096527253,-8.037242496445252,2.0,4.0,0.3823390812396475,12.213245796995032,4.442257142997552,4.442257142997552
STLD,2023-03-22,train,True,True,D-1,110.0,111.089996338,107.080001831,107.269996643,111.050003052,109.779998779,0.9545482290909124,0,-12.503225386078299,4.442257142997552,-2.220751910746821,3.6185106096527253,3.139226284461061,-4.505974565934534,3.0,4.0,0.8577813858029786,1.7199423498490463,4.442257142997552,4.442257142997552
STLD,2023-03-23,train,True,True,D-1,107.650001526,111.050003052,105.949996948,107.5,109.779998779,111.400001526,3.4835113300897502,1,4.442257142997552,-2.220751910746821,3.6185106096527253,3.139226284461061,-3.4038778073963494,5.425058125798521,3.0,1.0,0.5967615370264603,4.875550965481734,4.442257142997552,4.8137640927535585
STLD,2023-03-24,train,True,True,D-1,104.970001221,109.779998779,103.349998474,108.38999939,111.400001526,111.680000305,6.392301615652074,1,-2.220751910746821,3.6185106096527253,3.139226284461061,-3.4038778073963494,0.21441536701587438,1.157432385296886,3.0,2.0,0.4680851927342547,4.651162790697683,3.6185106096527253,6.815271487126706
STLD,2023-03-27,train,True,True,D-1,109.919998169,111.400001526,108.480003357,110.690002441,111.680000305,111.199996948,1.6011664531635272,0,3.6185106096527253,3.139226284461061,-3.4038778073963494,0.21441536701587438,0.8279064093023258,4.3114190839340205,4.0,3.0,0.5522875301255229,3.7918633020854076,3.6185106096527253,3.6185106096527253
STLD,2023-03-28,train,True,True,D-1,110.580001831,111.680000305,108.910003662,109.230003357,111.199996948,113.029998779,2.2155877260197077,0,3.139226284461061,-3.4038778073963494,0.21441536701587438,0.8279064093023258,2.121969797900203,2.8048707377702264,4.0,4.0,0.8021860921162871,1.6351951568207346,3.139226284461061,3.139226284461061
STLD,2023-03-29,train,True,True,D-1,110.900001526,111.199996948,108.300003052,110.459999084,113.029998779,113.470001221,2.317402758914744,0,-3.4038778073963494,0.21441536701587438,0.8279064093023258,2.121969797900203,-1.3189981496099512,-1.6389010760744949,3.0,0.0,0.7058827839770261,2.242970679029077,2.121969797900203,0.8279064093023258
STLD,2023-03-30,train,True,True,D-1,111.900001526,113.029998779,110.949996948,111.349998474,113.470001221,114.059997559,1.9302913347129191,0,0.21441536701587438,0.8279064093023258,2.121969797900203,-1.3189981496099512,1.1260603215216936,2.9738067873876117,4.0,1.0,0.8535413021807784,1.1044733216702518,2.121969797900203,2.329760340792819
STLD,2023-03-31,train,True,True,D-1,112.13999939,113.470001221,111.120002747,113.059997559,114.059997559,113.129997253,1.7121439089032187,0,0.8279064093023258,2.121969797900203,-1.3189981496099512,1.1260603215216936,0.8057209826004108,3.5813939293023234,4.0,0.0,0.826446254951849,1.5087564688132993,2.121969797900203,2.121969797900203
STLD,2023-04-03,train,True,True,D-1,113.069999695,114.059997559,111.190002441,113.169998169,113.129997253,104.650001526,0.05306231375417081,0,2.121969797900203,-1.3189981496099512,1.1260603215216936,0.8057209826004108,1.5356974480778884,4.308513880691889,4.0,0.0,0.9206955885480881,0.3626425533806099,2.121969797900203,2.121969797900203
STLD,2023-04-04,train,True,True,D-1,112.330001831,113.129997253,101.930000305,103.290000916,104.650001526,104.239997864,-6.836998290585394,0,-1.3189981496099512,1.1260603215216936,0.8057209826004108,1.5356974480778884,0.09729401412961192,2.2404875538076574,4.0,0.0,0.8454860696623231,0.7864269721653105,1.5356974480778884,1.1260603215216936
STLD,2023-04-05,train,True,True,D-1,100.730003357,104.650001526,100.620002747,103.220001221,104.239997864,107.989997864,7.207380388214268,1,1.1260603215216936,0.8057209826004108,1.5356974480778884,0.09729401412961192,-8.730226573164657,-5.4380685328609735,4.0,1.0,0.11211878968492993,10.426949895913573,1.5356974480778884,10.177123994988579
STLD,2023-04-06,train,True,True,D-1,103.169998169,104.239997864,101.190002441,103.430000305,107.989997864,108.470001221,5.1371553223430455,1,0.8057209826004108,1.5356974480778884,0.09729401412961192,-8.730226573164657,-0.06777005942416592,-6.554406955493719,3.0,2.0,0.19345234208562165,10.501837056551588,1.5356974480778884,10.32777760093022
STLD,2023-04-10,train,True,True,D-1,104.0,107.989997864,104.0,106.319999695,108.470001221,109.349998474,5.144229301923087,1,1.5356974480778884,0.09729401412961192,-8.730226573164657,-0.06777005942416592,0.2034480541715622,-7.112706131602964,3.0,3.0,0.20907727996227096,10.277479669973587,1.5356974480778884,1.5356974480778884
STLD,2023-04-11,train,True,True,D-1,107.919998169,108.470001221,106.86000061,108.010002136,109.349998474,106.919998169,1.3250559018363361,0,0.09729401412961192,-8.730226573164657,-0.06777005942416592,0.2034480541715622,2.7941597036428734,-5.961434644895281,3.0,4.0,0.42410707948419174,7.279907718400769,2.7941597036428734,0.09729401412961192
STLD,2023-04-12,train,True,True,D-1,108.36000061,109.349998474,106.440002441,106.569999695,106.919998169,105.830001831,-1.3289058996803993,0,-8.730226573164657,-0.06777005942416592,0.2034480541715622,2.7941597036428734,1.5895433087359745,-4.559508806648937,3.0,4.0,0.5907276286536842,4.740297209283639,2.7941597036428734,0.2034480541715622
STLD,2023-04-13,train,True,True,D-1,106.790000916,106.919998169,104.370002747,105.199996948,105.830001831,106.290000916,-0.4682086297511101,0,-0.06777005942416592,0.2034480541715622,2.7941597036428734,1.5895433087359745,-1.3332121215837267,3.1755240099837545,3.0,0.0,0.6815578305036214,2.6086129182286477,2.7941597036428734,2.7941597036428734
STLD,2023-04-14,train,True,True,D-1,105.069999695,105.830001831,103.480003357,104.459999084,106.290000916,108.25,3.0265540251555922,1,0.2034480541715622,2.7941597036428734,1.5895433087359745,-1.3332121215837267,-1.28554260197139,1.9182287382081276,3.0,1.0,0.49142113437103463,3.9448684851686178,2.7941597036428734,5.3957754174003725
STLD,2023-04-17,train,True,True,D-1,105.239997864,106.290000916,104.529998779,106.040000916,108.25,107.449996948,2.8601313161273234,0,2.7941597036428734,1.5895433087359745,-1.3332121215837267,-1.28554260197139,-0.7034200432208926,0.9958414154140005,2.0,2.0,0.16695000719197392,4.681217148075767,2.7941597036428734,4.77407958450875
STLD,2023-04-18,train,True,True,D-1,106.330001831,108.25,106.330001831,107.489997864,107.449996948,115.120002747,8.266717544095181,1,1.5895433087359745,-1.3332121215837267,-1.28554260197139,-0.7034200432208926,1.512542452474519,-0.263354759032397,2.0,3.0,0.43611579021352614,3.1214612687735066,1.5895433087359745,1.5895433087359745
STLD,2023-04-19,train,True,True,D-1,107.040000916,107.449996948,104.169998169,106.220001221,115.120002747,110.599998474,7.548581616082761,1,-1.3332121215837267,-1.28554260197139,-0.7034200432208926,1.512542452474519,1.3674056351137054,-0.4814408496587541,2.0,4.0,0.6831342151182918,1.730394126859447,1.512542452474519,0.0
STLD,2023-04-20,train,True,True,D-1,103.019996643,115.120002747,103.019996643,111.459999084,110.599998474,110.690002441,7.44516215097466,1,-1.28554260197139,-0.7034200432208926,1.512542452474519,1.3674056351137054,-1.1815021567000539,-0.3284212020284172,2.0,1.0,0.5744234365491573,1.9111266763934598,1.512542452474519,1.512542452474519
STLD,2023-04-21,train,True,True,D-1,110.430000305,110.599998474,106.529998779,110.050003052,110.690002441,107.580001831,0.23544520083482734,0,-0.7034200432208926,1.512542452474519,1.3674056351137054,-1.1815021567000539,4.9331555288704365,5.950572545258059,3.0,0.0,0.6975205110194053,3.2836925292289765,4.9331555288704365,1.512542452474519
STLD,2023-04-24,train,True,True,D-1,109.720001221,110.690002441,108.510002136,109.040000916,107.580001831,104.720001221,-1.9504186713319216,0,1.512542452474519,1.3674056351137054,-1.1815021567000539,4.9331555288704365,-1.2650242630429132,5.351334498390026,3.0,1.0,0.5809919721177683,4.606996414715558,4.9331555288704365,1.512542452474519
STLD,2023-04-25,train,True,True,D-1,107.069999695,107.580001831,103.970001221,104.0,104.720001221,104.660003662,-2.194824395903816,0,1.3674056351137054,-1.1815021567000539,4.9331555288704365,-1.2650242630429132,-0.9177665679143687,2.82912106194384,2.0,2.0,0.4975207633167981,5.575937068896208,4.9331555288704365,7.104336390065502
STLD,2023-04-26,train,True,True,D-1,103.940002441,104.720001221,101.730003357,102.160003662,104.660003662,104.050003052,0.6927084896007019,0,-1.1815021567000539,4.9331555288704365,-1.2650242630429132,-0.9177665679143687,-4.622157807832938,-3.2468117344421787,1.0,3.0,0.08099197211776885,10.692310333653854,4.9331555288704365,10.4306592855412
STLD,2023-04-27,train,True,True,D-1,102.760002136,104.660003662,101.379997253,104.370002747,104.050003052,105.38999939,2.5593588938615186,0,4.9331555288704365,-1.2650242630429132,-0.9177665679143687,-4.622157807832938,-1.7692272480769322,-3.8222533537283887,1.0,4.0,0.0321135417915798,12.685981421730009,4.9331555288704365,11.24276410939501
STLD,2023-04-28,train,True,True,D-1,103.379997253,104.050003052,102.38999939,103.949996948,105.38999939,104.120002747,1.9442853457240394,0,-1.2650242630429132,-0.9177665679143687,-4.622157807832938,-1.7692272480769322,2.163272323591392,-6.361023143071032,1.0,3.0,0.3211604541159575,6.055379445874043,2.163272323591392,0.0
STLD,2023-05-01,train,True,True,D-1,103.900001526,105.38999939,103.5,104.430000305,104.120002747,105.849998474,1.876801654821958,0,-0.9177665679143687,-4.622157807832938,-1.7692272480769322,2.163272323591392,-0.4024200325242089,-5.542940422380238,1.0,4.0,0.2760470744218887,6.483891958526589,2.163272323591392,0.0
STLD,2023-05-02,train,True,True,D-1,103.769996643,104.120002747,100.339996338,103.13999939,105.849998474,102.0,2.0044347097319726,0,-4.622157807832938,-1.7692272480769322,2.163272323591392,-0.4024200325242089,0.46176370475519146,-4.227806834439929,2.0,4.0,0.4919356128901219,3.016376057454817,2.163272323591392,2.163272323591392
STLD,2023-05-03,train,True,True,D-1,103.870002747,105.849998474,101.940002441,102.059997559,102.0,101.13999939,-1.8003299292817299,0,-1.7692272480769322,2.163272323591392,-0.4024200325242089,0.46176370475519146,-1.2352780917671113,-0.8269236634615429,2.0,1.0,0.55445571481211,2.1815008855023743,2.163272323591392,2.942490776483897
STLD,2023-05-04,train,True,True,D-1,101.430000305,102.0,95.8899993896,96.3700027466,101.13999939,101.260002136,-0.16760146750350868,0,2.163272323591392,-0.4024200325242089,0.46176370475519146,-1.2352780917671113,-1.0471222002980896,-0.09789163999138761,2.0,0.0,0.31215981020447114,3.713502846998451,2.163272323591392,4.432737744522286
STLD,2023-05-05,train,True,True,D-1,98.0,101.13999939,97.9300003052,98.1999969482,101.260002136,98.4400024414,3.3265327918367227,1,-0.4024200325242089,0.46176370475519146,-1.2352780917671113,-1.0471222002980896,-5.575146921898233,-7.6650376447651825,1.0,1.0,0.048193112562811335,9.837081516254775,0.46176370475519146,7.025654225833089
STLD,2023-05-08,train,True,True,D-1,100.449996948,101.260002136,97.4199981689,97.8799972534,98.4400024414,100.36000061,-0.08959317146280954,0,0.46176370475519146,-1.2352780917671113,-1.0471222002980896,-5.575146921898233,1.8989251317257594,-5.531505693719641,2.0,2.0,0.23192748704345348,7.7902258284543,1.8989251317257594,4.243853360958216
STLD,2023-05-09,train,True,True,D-1,96.9899978638,98.4400024414,96.3000030518,97.5199966431,100.36000061,97.3199996948,3.474587916717331,1,-1.2352780917671113,-1.0471222002980896,-5.575146921898233,1.8989251317257594,-0.3258652797808015,-6.272146923747912,1.0,3.0,0.1997990006763017,8.142625096286604,1.8989251317257594,0.0
STLD,2023-05-10,train,True,True,D-1,99.5199966431,100.36000061,94.7200012207,96.4800033569,97.3199996948,98.5,-1.0249162756284291,0,-1.0471222002980896,-5.575146921898233,1.8989251317257594,-0.3258652797808015,-0.36779793665912,-5.448907097283628,1.0,4.0,0.16365435776525344,8.541839743274227,1.8989251317257594,2.5913898223903553
STLD,2023-05-11,train,True,True,D-1,94.3000030518,97.3199996948,93.75,96.9899978638,98.5,98.4599990845,4.453867245256493,1,-5.575146921898233,1.8989251317257594,-0.3258652797808015,-0.36779793665912,-1.066441060294665,-5.467366583929467,1.0,4.0,0.24175857573004034,5.721389356383377,1.8989251317257594,3.3292417804640984
STLD,2023-05-12,train,True,True,D-1,98.1500015259,98.5,96.5,97.1999969482,98.4599990845,98.0100021362,0.3158406049725837,0,1.8989251317257594,-0.3258652797808015,-0.36779793665912,-1.066441060294665,0.5286012532704998,0.6433486557329005,2.0,3.0,0.43142435982391053,4.402520225019724,1.8989251317257594,2.442402159560031
STLD,2023-05-15,train,True,True,D-1,97.8700027466,98.4599990845,97.0599975586,98.0199966431,98.0100021362,97.7399978638,0.1430462712487035,0,-0.3258652797808015,-0.36779793665912,-1.066441060294665,0.5286012532704998,0.21651622747211885,-1.0183299705472493,2.0,4.0,0.45938694633148863,4.176960200897617,0.5286012532704998,0.0
STLD,2023-05-16,train,True,True,D-1,97.3300018311,98.0100021362,95.2799987793,95.4800033569,97.7399978638,98.0299987793,0.7191995633727855,0,-0.36779793665912,-1.066441060294665,0.5286012532704998,0.21651622747211885,0.8436211117753389,0.1430316649249086,3.0,3.0,0.6459903553775921,2.387272033297627,0.8436211117753389,0.5286012532704998
STLD,2023-05-17,train,True,True,D-1,97.3300018311,97.7399978638,96.4100036621,96.6500015259,98.0299987793,99.2099990845,1.9315701407901065,0,-1.066441060294665,0.5286012532704998,0.21651622747211885,0.8436211117753389,-2.591301135673729,-2.0918717764787154,3.0,4.0,0.2617251433052438,5.111014957612414,0.8436211117753389,2.2981420406191
STLD,2023-05-18,train,True,True,D-1,95.5599975586,98.0299987793,94.8799972534,97.8099975586,99.2099990845,98.3099975586,3.819591480903628,1,0.5286012532704998,0.21651622747211885,0.8436211117753389,-2.591301135673729,1.2253855549487103,0.1762004177913834,4.0,3.0,0.610526637031578,1.9141215156672775,1.2253855549487103,2.241290122302131
STLD,2023-05-19,train,True,True,D-1,98.8300018311,99.2099990845,96.3499984741,97.0599975586,98.3099975586,96.0599975586,-0.5261603388297842,0,0.21651622747211885,0.8436211117753389,-2.591301135673729,1.2253855549487103,1.2002028084698635,0.8454476882776119,4.0,4.0,0.8093917353935528,0.7054518542305432,1.2253855549487103,0.8436211117753389
STLD,2023-05-22,train,True,True,D-1,97.7099990845,98.3099975586,96.5699996948,97.1900024414,96.0599975586,94.9899978638,-1.6886721332103005,0,0.8436211117753389,-2.591301135673729,1.2253855549487103,1.2002028084698635,-0.7667927806159658,-0.14403229834935027,3.0,0.0,0.5034640608099212,2.2151262929941185,1.2253855549487103,1.2253855549487103
STLD,2023-05-23,train,True,True,D-1,94.9700012207,96.0599975586,91.9400024414,95.8399963379,94.9899978638,95.0800018311,0.11582669157219616,0,-2.591301135673729,1.2253855549487103,1.2002028084698635,-0.7667927806159658,0.1339428045230573,-0.8467600797030128,3.0,1.0,0.5334882704687351,2.0783996217285328,1.2253855549487103,1.8592625947968622
STLD,2023-05-24,train,True,True,D-1,94.9499969482,94.9899978638,92.7399978638,93.25,95.0800018311,96.4100036621,1.5376585158781042,0,1.2253855549487103,1.2002028084698635,-0.7667927806159658,0.1339428045230573,-1.3890380384689927,0.37703494799259385,3.0,2.0,0.5364505773467606,3.516280128724625,1.2253855549487103,2.4823413053992716
STLD,2023-05-25,train,True,True,D-1,93.0400009155,95.0800018311,92.8300018311,94.7300033569,96.4100036621,95.5400009155,3.6221009387786607,1,1.2002028084698635,-0.7667927806159658,0.1339428045230573,-1.3890380384689927,-2.7024169833735567,-3.5178494280611816,2.0,3.0,0.18019231959939483,6.391419929758713,1.2002028084698635,5.2541202304553165
STLD,2023-05-26,train,True,True,D-1,96.0400009155,96.4100036621,94.2099990845,95.6500015259,95.5400009155,92.6699981689,-0.5206164048664697,0,-0.7667927806159658,0.1339428045230573,-1.3890380384689927,-2.7024169833735567,1.5871349671849888,-3.148956424270144,2.0,4.0,0.38376921647522483,4.729225766752476,1.5871349671849888,1.2921158256138932
STLD,2023-05-30,train,True,True,D-1,95.0999984741,95.5400009155,92.1299972534,93.0299987793,92.6699981689,93.3099975586,-1.8822302252586298,0,0.1339428045230573,-1.3890380384689927,-2.7024169833735567,1.5871349671849888,0.9711792847022949,-1.4527056131942717,3.0,4.0,0.5824178851381545,2.7809681027341604,1.5871349671849888,0.1339428045230573
STLD,2023-05-31,train,True,True,D-1,91.6999969482,92.6699981689,90.5500030518,91.9000015259,93.3099975586,98.1500015259,7.033811114894051,1,-1.3890380384689927,-2.7024169833735567,1.5871349671849888,0.9711792847022949,-2.739155990384956,-4.280279408993981,2.0,1.0,0.2438469888671108,3.633241886650529,1.5871349671849888,3.3817137884219584
STLD,2023-06-01,train,True,True,D-1,92.0500030518,93.3099975586,90.8799972534,92.1699981689,98.1500015259,99.0899963379,7.6480098345443,1,-2.7024169833735567,1.5871349671849888,0.9711792847022949,-2.739155990384956,-1.2146590005668534,-4.111013107835371,2.0,2.0,0.23037514223584357,4.907510404043847,1.5871349671849888,5.507678553360029
STLD,2023-06-02,train,True,True,D-1,95.1500015259,98.1500015259,94.7900009155,97.7099990845,99.0899963379,99.5,4.571727172191298,1,1.5871349671849888,0.9711792847022949,-2.739155990384956,-1.2146590005668534,0.29379394833188854,-1.1581789073458526,3.0,3.0,0.27644964989467075,4.600201342556454,1.5871349671849888,2.511568614056503
STLD,2023-06-05,train,True,True,D-1,98.0400009155,99.0899963379,95.5400009155,97.6800003052,99.5,101.879997253,3.916764893555702,1,0.9711792847022949,-2.739155990384956,-1.2146590005668534,0.29379394833188854,6.010633639644913,3.145778129419785,3.0,0.0,0.9421049302970941,0.45031465103124724,6.010633639644913,0.9711792847022949
STLD,2023-06-06,train,True,True,D-1,96.6999969482,99.5,96.6999969482,99.3000030518,101.879997253,102.790000916,6.297832637018885,1,-2.739155990384956,-1.2146590005668534,0.29379394833188854,6.010633639644913,-0.030701851991687956,2.1223196517674126,2.0,0.0,0.8348949483373754,1.443484877451362,6.010633639644913,0.29379394833188854
STLD,2023-06-07,train,True,True,D-1,99.3000030518,101.879997253,99.3000030518,101.370002747,102.790000916,101.430000305,3.5145999566378983,1,-1.2146590005668534,0.29379394833188854,6.010633639644913,-0.030701851991687956,1.6584794651293366,6.739766048341744,3.0,0.0,0.9776539646485334,0.20140678958051605,6.010633639644913,6.010633639644913
STLD,2023-06-08,train,True,True,D-1,102.0,102.790000916,99.2600021362,100.36000061,101.430000305,102.300003052,0.2941206392156781,0,0.29379394833188854,6.010633639644913,-0.030701851991687956,1.6584794651293366,2.0845917740004216,10.304680156540691,4.0,0.0,0.9536368630892232,0.5031019948503301,6.010633639644913,6.010633639644913
STLD,2023-06-09,train,True,True,D-1,100.419998169,101.430000305,98.6200027466,99.2200012207,102.300003052,107.260002136,6.811396227560906,1,6.010633639644913,-0.030701851991687956,1.6584794651293366,2.0845917740004216,-0.9963520860513109,8.88575740892601,3.0,0.0,0.6962499617689846,2.421283670018104,6.010633639644913,6.010633639644913
STLD,2023-06-12,train,True,True,D-1,98.4100036621,102.300003052,97.8399963379,101.050003052,107.260002136,109.569999695,11.340306490810526,1,-0.030701851991687956,1.6584794651293366,2.0845917740004216,-0.9963520860513109,-1.1359101059893906,1.5453916184096528,2.0,1.0,0.5075862489580973,3.598064554906699,2.0845917740004216,4.20553630200442
STLD,2023-06-13,train,True,True,D-1,103.370002747,107.260002136,102.760002136,107.099998474,109.569999695,106.029998779,5.9978686110462975,1,1.6584794651293366,2.0845917740004216,-0.9963520860513109,-1.1359101059893906,1.8443880354621633,3.4500437513006466,3.0,2.0,0.7142862511748785,1.7219176758506372,2.0845917740004216,2.0845917740004216
STLD,2023-06-14,train,True,True,D-1,109.120002747,109.569999695,104.010002136,104.690002441,106.029998779,104.129997253,-2.831748433112058,0,2.0845917740004216,-0.9963520860513109,-1.1359101059893906,1.8443880354621633,5.987130370383764,7.854980042781179,3.0,0.0,0.9830144837031558,0.14939651193257575,5.987130370383764,2.0845917740004216
STLD,2023-06-15,train,True,True,D-1,103.769996643,106.029998779,103.760002136,105.959999084,104.129997253,101.63999939,0.3469216745168646,0,-0.9963520860513109,-1.1359101059893906,1.8443880354621633,5.987130370383764,-2.2502297547511763,3.2751303186664416,2.0,0.0,0.5839730726891728,4.661378489077994,5.987130370383764,1.8443880354621633
STLD,2023-06-16,train,True,True,D-1,103.410003662,104.129997253,100.819999695,102.529998779,101.63999939,103.480003357,0.06769141526075106,0,-1.1359101059893906,1.8443880354621633,5.987130370383764,-2.2502297547511763,1.213102123782761,5.579910761222151,3.0,1.0,0.6922421502279518,3.4069466234500245,5.987130370383764,7.051555586297054
STLD,2023-06-20,train,True,True,D-1,101.099998474,101.63999939,99.6800003052,100.980003357,103.480003357,103.190002441,2.354109712090713,0,1.8443880354621633,5.987130370383764,-2.2502297547511763,1.213102123782761,-3.237070908504691,3.336018461577517,3.0,2.0,0.39982959069327123,6.866284014276158,5.987130370383764,8.050368131045115
STLD,2023-06-21,train,True,True,D-1,100.050003052,103.480003357,100.050003052,102.11000061,103.190002441,103.980003357,3.9280361670328334,1,5.987130370383764,-2.2502297547511763,1.213102123782761,-3.237070908504691,-1.5117482107270486,-0.06927233338525074,2.0,3.0,0.1314462216388764,8.506631067966342,5.987130370383764,10.687013128076217
STLD,2023-06-22,train,True,True,D-1,102.11000061,103.190002441,100.580001831,102.419998169,103.980003357,106.190002441,3.9956926908493617,1,-2.2502297547511763,1.213102123782761,-3.237070908504691,-1.5117482107270486,1.1190307144326894,-4.659195084126344,2.0,4.0,0.24570277600888119,7.305845696243618,1.213102123782761,1.6227365468800325
STLD,2023-06-23,train,True,True,D-1,101.089996338,103.980003357,100.430000305,102.680000305,106.190002441,107.589996338,6.429914170999562,1,1.213102123782761,-3.237070908504691,-1.5117482107270486,1.1190307144326894,0.30359177078453925,-2.1683104585648594,3.0,4.0,0.431495830291171,3.5247028651994805,1.213102123782761,1.213102123782761
STLD,2023-06-26,train,True,True,D-1,103.459999084,106.190002441,103.349998474,103.720001221,107.589996338,107.13999939,3.991878301339269,1,-3.237070908504691,-1.5117482107270486,1.1190307144326894,0.30359177078453925,0.2538587586879082,-3.095506613207677,3.0,4.0,0.6741577657223208,1.4121512891438925,1.1190307144326894,1.1190307144326894
STLD,2023-06-27,train,True,True,D-1,104.779998779,107.589996338,104.220001221,106.730003357,107.13999939,109.489997864,4.495131838027833,1,-1.5117482107270486,1.1190307144326894,0.30359177078453925,0.2538587586879082,1.0128563623985176,1.1606383070041915,4.0,0.0,0.6205836544327855,2.3814126406893177,1.1190307144326894,1.1190307144326894
STLD,2023-06-28,train,True,True,D-1,106.150001526,107.13999939,104.599998474,106.970001221,109.489997864,109.819999695,3.457369869279847,1,1.1190307144326894,0.30359177078453925,0.2538587586879082,1.0128563623985176,2.902045989747415,5.694196681368413,5.0,0.0,0.8859424739015606,0.80576497137681,2.902045989747415,1.1190307144326894
STLD,2023-06-29,train,True,True,D-1,106.720001221,109.489997864,106.38999939,109.13999939,109.819999695,111.709999084,4.675785050514114,1,0.30359177078453925,0.2538587586879082,1.0128563623985176,2.902045989747415,0.22486447713978563,4.759573579440413,5.0,1.0,0.9134084552362208,0.5795971860550919,2.902045989747415,1.0128563623985176
STLD,2023-06-30,train,True,True,D-1,109.680000305,109.819999695,107.559997559,108.930000305,111.709999084,108.919998169,1.8508376854075026,0,0.2538587586879082,1.0128563623985176,2.902045989747415,0.22486447713978563,2.0286044164071537,6.561219821456676,5.0,0.0,0.9613688114460559,0.32068762686108254,2.902045989747415,2.902045989747415
STLD,2023-07-03,train,True,True,D-1,108.930000305,111.709999084,108.419998169,110.779998779,108.919998169,105.690002441,-0.009182168339294527,0,1.0128563623985176,2.902045989747415,0.22486447713978563,2.0286044164071537,-0.19241257666641198,6.086871816746231,4.0,0.0,0.862442160426292,0.8170379027889974,2.902045989747415,2.902045989747415
STLD,2023-07-05,train,True,True,D-1,106.290000916,108.919998169,104.660003662,105.25,105.690002441,106.940002441,0.6115359106203311,0,2.902045989747415,0.22486447713978563,2.0286044164071537,-0.19241257666641198,1.6983369767925138,6.806785070274923,4.0,0.0,0.8758343697807799,0.8395019996843445,2.902045989747415,2.902045989747415
STLD,2023-07-06,train,True,True,D-1,103.739997864,105.690002441,101.809997559,104.019996643,106.940002441,106.300003052,3.084639139086076,1,0.22486447713978563,2.0286044164071537,-0.19241257666641198,1.6983369767925138,-4.991874742688918,-1.3866797624371374,3.0,1.0,0.09142074124238322,6.137766350593821,2.0286044164071537,5.406921036893819
STLD,2023-07-07,train,True,True,D-1,105.080001831,106.940002441,104.169998169,105.160003662,106.300003052,107.25,2.0650914838105994,0,2.0286044164071537,-0.19241257666641198,1.6983369767925138,-4.991874742688918,-1.1686492703087858,-2.7577868040828513,2.0,2.0,0.22323219632029315,7.392811660427512,2.0286044164071537,8.1307909216497
STLD,2023-07-10,train,True,True,D-1,103.5,106.300003052,103.010002136,105.209999084,107.25,109.269996643,5.574875983574867,1,-0.19241257666641198,1.6983369767925138,-4.991874742688918,-1.1686492703087858,1.0959498709777193,-3.6466884279318323,2.0,3.0,0.3383844027236143,6.228599461685724,1.6983369767925138,1.7838441862937038
STLD,2023-07-11,train,True,True,D-1,105.36000061,107.25,105.36000061,106.800003052,109.269996643,108.550003052,3.7110820143910317,1,1.6983369767925138,-4.991874742688918,-1.1686492703087858,1.0959498709777193,0.04754224064189572,-3.4150382911816046,3.0,4.0,0.34343444457196737,6.178120004364196,1.6983369767925138,1.6983369767925138
STLD,2023-07-12,train,True,True,D-1,109.0,109.269996643,106.88999939,106.959999084,108.550003052,107.830001831,-0.4128412366972478,0,-4.991874742688918,-1.1686492703087858,1.0959498709777193,0.04754224064189572,1.5112669725721783,-3.592702447072482,3.0,4.0,0.7018291230498218,1.9850140977690778,1.5112669725721783,1.0959498709777193
STLD,2023-07-13,train,True,True,D-1,107.370002747,108.550003052,106.569999695,107.88999939,107.830001831,107.5,0.42842420809461323,0,-1.1686492703087858,1.0959498709777193,0.04754224064189572,1.5112669725721783,0.1498090144455455,1.6247022175772008,4.0,0.0,0.690348814659453,2.1596836002081954,1.5112669725721783,1.0959498709777193
STLD,2023-07-14,train,True,True,D-1,107.830001831,107.830001831,104.919998169,106.36000061,107.5,108.870002747,0.9644819608089827,0,1.0959498709777193,0.04754224064189572,1.5112669725721783,0.1498090144455455,0.8694842127566105,3.7204411381418945,5.0,1.0,0.7795529610358493,1.2790780061195495,1.5112669725721783,1.5112669725721783
STLD,2023-07-17,train,True,True,D-1,105.86000061,107.5,105.86000061,106.940002441,108.870002747,108.38999939,2.8433800487959404,0,0.04754224064189572,1.5112669725721783,0.1498090144455455,0.8694842127566105,-1.418109916257737,1.1411153539486074,4.0,2.0,0.5351439957741168,2.7359872285732223,1.5112669725721783,2.072222917914701
STLD,2023-07-18,train,True,True,D-1,106.620002747,108.870002747,106.319999695,108.720001221,108.38999939,105.38999939,1.6600981029798456,0,1.5112669725721783,0.1498090144455455,0.8694842127566105,-1.418109916257737,0.5453195070266537,1.6443335919229085,4.0,3.0,0.46436896106368775,2.1787863744303637,1.5112669725721783,2.391790611807687
STLD,2023-07-19,train,True,True,D-1,108.38999939,108.38999939,104.699996948,105.300003052,105.38999939,103.480003357,-2.7677830213889476,0,0.1498090144455455,0.8694842127566105,-1.418109916257737,0.5453195070266537,1.664483578988185,1.7977510431953725,4.0,4.0,0.8735642264503483,0.5058824648851878,1.664483578988185,0.8694842127566105
STLD,2023-07-20,train,True,True,D-1,105.300003052,105.38999939,100.120002747,102.169998169,103.480003357,103.379997253,-1.7283947219842277,0,0.8694842127566105,-1.418109916257737,0.5453195070266537,1.664483578988185,-3.145693644767378,-1.551978352857264,3.0,1.0,0.14388615578037678,3.3903130024004247,1.664483578988185,2.403053832698232
STLD,2023-07-21,train,True,True,D-1,102.800003052,103.480003357,100.169998169,100.300003052,103.379997253,105.730003357,2.8501947646031756,0,-1.418109916257737,0.5453195070266537,1.664483578988185,-3.145693644767378,-2.9724641901997972,-5.301697333710587,2.0,2.0,0.23428519108571372,6.557702552678424,1.664483578988185,7.6891367968312645
STLD,2023-07-24,train,True,True,D-1,101.069999695,103.379997253,100.529998779,101.980003357,105.730003357,105.349998474,4.610669512281129,1,0.5453195070266537,1.664483578988185,-3.145693644767378,-2.9724641901997972,-1.830278115408035,-5.697628359575468,2.0,3.0,0.020571463428570625,8.544366335220289,1.664483578988185,6.412821523034462
STLD,2023-07-25,train,True,True,D-1,102.959999084,105.730003357,102.279998779,105.120002747,105.349998474,104.309997559,2.321289249478453,0,1.664483578988185,-3.145693644767378,-2.9724641901997972,-1.830278115408035,1.6749753278960666,-4.638113868322091,2.0,4.0,0.2125714982857143,6.756225890560397,1.6749753278960666,1.8504430733651156
STLD,2023-07-26,train,True,True,D-1,104.059997559,105.349998474,102.339996338,103.760002136,104.309997559,104.0,0.24024601755179287,0,-3.145693644767378,-2.9724641901997972,-1.830278115408035,1.6749753278960666,3.0790344054097085,-3.3112568373524276,2.0,4.0,0.6045951668229717,3.1107273188245133,3.0790344054097085,0.0
STLD,2023-07-27,train,True,True,D-1,103.959999084,104.309997559,102.050003052,102.489997864,104.0,106.809997559,2.741437572250449,0,-2.9724641901997972,-1.830278115408035,1.6749753278960666,3.0790344054097085,-1.2937600603694976,-1.462488956661756,2.0,1.0,0.6488411752596933,1.8986133196276178,3.0790344054097085,1.6749753278960666
STLD,2023-07-28,train,True,True,D-1,103.61000061,104.0,101.830001831,103.809997559,106.809997559,107.88999939,4.130874196314704,1,-1.830278115408035,1.6749753278960666,3.0790344054097085,-1.2937600603694976,-1.2239825037160035,0.3132031914796496,2.0,2.0,0.41726574284628254,3.1612894531419133,3.0790344054097085,5.580941572716225
STLD,2023-07-31,train,True,True,D-1,104.230003357,106.809997559,104.230003357,106.580001831,107.88999939,107.059997559,3.511461110160452,1,1.6749753278960666,3.0790344054097085,-1.2937600603694976,-1.2239825037160035,1.2879302590595998,3.499495912458017,3.0,3.0,0.6307684408350143,1.849538429002262,3.0790344054097085,3.0790344054097085
STLD,2023-08-01,train,True,True,D-1,103.989997864,107.88999939,103.809997559,107.0,107.059997559,107.900001526,3.7599805195818625,1,3.0790344054097085,-1.2937600603694976,-1.2239825037160035,1.2879302590595998,2.6683405617321965,4.51068672541306,3.0,0.0,0.9538160792574897,0.21579632581043562,3.0790344054097085,3.0790344054097085
STLD,2023-08-02,train,True,True,D-1,105.86000061,107.059997559,105.050003052,105.36000061,107.900001526,106.930000305,1.9270743474823826,0,-1.2937600603694976,-1.2239825037160035,1.2879302590595998,2.6683405617321965,0.39406845729461626,1.7884296079450523,3.0,0.0,0.8531353550335645,0.831775130841117,2.6683405617321965,1.2879302590595998
STLD,2023-08-03,train,True,True,D-1,105.0,107.900001526,103.730003357,105.440002441,106.930000305,105.61000061,1.8380955285714151,0,-1.2239825037160035,1.2879302590595998,2.6683405617321965,0.39406845729461626,-1.5327097102803777,1.542018543815038,3.0,1.0,0.5825082839773464,2.4012896406151674,2.6683405617321965,3.813021740228062
STLD,2023-08-04,train,True,True,D-1,105.519996643,106.930000305,103.650001526,103.790000916,105.61000061,104.160003662,0.08529564998425165,0,1.2879302590595998,2.6683405617321965,0.39406845729461626,-1.5327097102803777,0.0759318816788257,2.8783341189201117,4.0,0.0,0.5947283017120488,2.3330795030818585,2.6683405617321965,4.126282205657428
STLD,2023-08-07,train,True,True,D-1,103.839996338,105.61000061,103.839996338,104.459999084,104.160003662,105.190002441,1.3000829647621615,0,2.6683405617321965,0.39406845729461626,-1.5327097102803777,0.0759318816788257,-1.5648724267844027,-0.01926273333031636,3.0,1.0,0.03294103294117643,3.95991962012443,2.6683405617321965,4.158469343917293
STLD,2023-08-08,train,True,True,D-1,102.680000305,104.160003662,101.099998474,103.949996948,105.190002441,105.910003662,3.1456986242750506,1,0.39406845729461626,-1.5327097102803777,0.0759318816788257,-1.5648724267844027,0.6455324810549445,-1.9891187001118804,3.0,2.0,0.19058766070588384,3.293128922233435,0.6455324810549445,1.323510162826036
STLD,2023-08-09,train,True,True,D-1,105.190002441,105.190002441,103.379997253,104.569999695,105.910003662,102.849998474,0.684476855491889,0,-1.5327097102803777,0.0759318816788257,-1.5648724267844027,0.6455324810549445,-0.48822720703824984,-2.850470142056072,2.0,3.0,0.4191172345373832,3.799908315510536,0.6455324810549445,0.0759318816788257
STLD,2023-08-10,train,True,True,D-1,105.309997559,105.910003662,101.36000061,102.089996338,102.849998474,109.239997864,3.731839707619611,1,0.0759318816788257,-1.5648724267844027,0.6455324810549445,-0.48822720703824984,0.5964432565689792,-0.749811038749193,3.0,4.0,0.5102940681738987,3.184471493461438,0.6455324810549445,0.6455324810549445
STLD,2023-08-11,train,True,True,D-1,101.930000305,102.849998474,101.5,102.300003052,109.239997864,107.0,7.171585928702706,1,-1.5648724267844027,0.6455324810549445,-0.48822720703824984,0.5964432565689792,-2.371620315801326,-3.177168081795645,2.0,4.0,0.16981090104223753,4.740918934873584,0.6455324810549445,2.434854909732309
STLD,2023-08-14,train,True,True,D-1,104.440002441,109.239997864,102.440002441,107.650001526,107.0,107.25,2.690537622868616,0,0.6455324810549445,-0.48822720703824984,0.5964432565689792,-2.371620315801326,0.2057074361181188,-1.4355890267366833,3.0,1.0,0.24948093216068962,3.5288372456499406,0.6455324810549445,2.8163239600842327
STLD,2023-08-15,train,True,True,D-1,106.5,107.0,103.88999939,104.209999084,107.25,109.339996338,2.6666632281690195,0,-0.48822720703824984,0.5964432565689792,-2.371620315801326,0.2057074361181188,5.229714872325619,3.053802862313648,3.0,0.0,0.8046687399076076,1.4770054021931323,5.229714872325619,0.5964432565689792
STLD,2023-08-16,train,True,True,D-1,103.529998779,107.25,103.330001831,105.86000061,109.339996338,106.029998779,5.611897640801011,1,0.5964432565689792,-2.371620315801326,0.2057074361181188,5.229714872325619,-3.195543328598238,0.25012231229795123,3.0,1.0,0.3616750592842278,4.82679092621956,5.229714872325619,0.5964432565689792
STLD,2023-08-17,train,True,True,D-1,107.940002441,109.339996338,105.300003052,105.440002441,106.029998779,105.900001526,-1.769504927558263,0,-2.371620315801326,0.2057074361181188,5.229714872325619,-3.195543328598238,1.5833428082750345,1.2336242887659443,3.0,2.0,0.5710661888512377,3.192893665712604,5.229714872325619,6.8925117981274875
STLD,2023-08-18,train,True,True,D-1,104.029998779,106.029998779,103.900001526,105.239997864,105.900001526,106.239997864,2.1243863413811015,0,0.2057074361181188,5.229714872325619,-3.195543328598238,1.5833428082750345,-0.3967486931606201,3.2814244521165215,3.0,0.0,0.5025515664979385,3.6987801656987562,5.229714872325619,5.229714872325619
STLD,2023-08-21,train,True,True,D-1,105.019996643,105.900001526,103.449996948,103.86000061,106.239997864,104.900001526,1.1616846886286059,0,5.229714872325619,-3.195543328598238,1.5833428082750345,-0.3967486931606201,-0.18968567182262586,2.873895136157123,2.0,1.0,0.40579679704026816,3.895855717612573,5.229714872325619,5.815396661884787
STLD,2023-08-22,train,True,True,D-1,104.370002747,106.239997864,104.209999084,104.849998474,104.900001526,102.36000061,0.5078075740639232,0,-3.195543328598238,1.5833428082750345,-0.3967486931606201,-0.18968567182262586,-1.3112859008067912,-3.5206696351830713,1.0,2.0,0.08818623351197613,5.276329381681499,1.5833428082750345,3.0818270594339947
STLD,2023-08-23,train,True,True,D-1,104.849998474,104.900001526,102.739997864,102.88999939,102.36000061,102.529998779,-2.2126845291040254,0,1.5833428082750345,-0.3967486931606201,-0.18968567182262586,-1.3112859008067912,0.9532041769549915,0.6141439359231837,2.0,3.0,0.2529114862300819,4.2823060842613225,1.5833428082750345,1.9539237641051477
STLD,2023-08-24,train,True,True,D-1,102.199996948,102.36000061,99.9199981689,101.050003052,102.529998779,103.120002747,0.9002013957672528,0,-0.3967486931606201,-0.18968567182262586,-1.3112859008067912,0.9532041769549915,-1.869336301884672,-2.8055934280048045,1.0,4.0,0.022727509194269076,6.268827861055359,0.9532041769549915,0.9339507166405747
STLD,2023-08-25,train,True,True,D-1,102.010002136,102.529998779,100.129997253,101.760002136,103.120002747,107.559997559,5.440638473471182,1,-0.18968567182262586,-1.3112859008067912,0.9532041769549915,-1.869336301884672,-1.7883140722215196,-4.163504635213256,1.0,2.0,0.17879824962271906,5.136065962639558,0.9532041769549915,4.57742494691743
STLD,2023-08-28,train,True,True,D-1,102.080001831,103.120002747,101.330001831,102.120002747,107.559997559,107.080001831,5.368334276749409,1,-1.3112859008067912,0.9532041769549915,-1.869336301884672,-1.7883140722215196,0.7026215364235533,-3.306723487867369,2.0,3.0,0.29113988225768206,4.402511432746037,0.9532041769549915,2.0514617925632805
STLD,2023-08-29,train,True,True,D-1,101.739997864,107.559997559,101.650001526,106.569999695,107.080001831,107.330001831,5.494401498290169,1,0.9532041769549915,-1.869336301884672,-1.7883140722215196,0.7026215364235533,0.35377417791213617,-1.6753301105146168,3.0,4.0,0.34810200699941546,4.034464361705115,0.9532041769549915,0.9532041769549915
STLD,2023-08-30,train,True,True,D-1,106.709999084,107.080001831,105.599998474,106.419998169,107.330001831,108.260002136,1.4525377802504291,0,-1.869336301884672,-1.7883140722215196,0.7026215364235533,0.35377417791213617,4.3576153821938135,1.6404399103796985,3.0,0.0,0.8704191174042711,0.9289648745738344,4.3576153821938135,0.7026215364235533
STLD,2023-08-31,train,True,True,D-1,106.419998169,107.330001831,105.739997864,106.589996338,108.260002136,107.25,1.7290020660195804,0,-1.7883140722215196,0.7026215364235533,0.35377417791213617,4.3576153821938135,-0.14075398933031114,3.4308473125941985,3.0,1.0,0.8507854082452907,1.0712266581602625,4.3576153821938135,0.7026215364235533
STLD,2023-09-01,train,True,True,D-1,107.959999084,108.260002136,106.129997253,107.300003052,107.25,106.669998169,-0.657650138962651,0,0.7026215364235533,0.35377417791213617,4.3576153821938135,-0.14075398933031114,0.15974269115288653,5.48242762857627,4.0,2.0,0.8694480240846453,0.9100302601794619,4.3576153821938135,4.3576153821938135
STLD,2023-09-05,train,True,True,D-1,107.169998169,107.25,104.940002441,105.580001831,106.669998169,105.290000916,-0.46654848235747615,0,0.35377417791213617,4.3576153821938135,-0.14075398933031114,0.15974269115288653,0.6661100838661671,5.444183175817852,4.0,0.0,0.8614719997476242,0.8946869121101209,4.3576153821938135,4.3576153821938135
STLD,2023-09-06,train,True,True,D-1,105.319999695,106.669998169,103.0,103.989997864,105.290000916,104.699996948,-0.028483459064643224,0,4.3576153821938135,-0.14075398933031114,0.15974269115288653,0.6661100838661671,-1.602983384973844,3.3881697913503483,3.0,1.0,0.5945536977794632,2.538359782650712,4.3576153821938135,5.305166317271515
STLD,2023-09-07,train,True,True,D-1,103.190002441,105.290000916,102.260002136,105.059997559,104.699996948,104.790000916,1.550536328279284,0,-0.14075398933031114,0.15974269115288653,0.6661100838661671,-1.602983384973844,-1.505970770435383,-2.4209457055305306,2.0,2.0,0.18821244524300768,4.106168246665787,0.6661100838661671,3.7509237780427584
STLD,2023-09-08,train,True,True,D-1,103.790000916,104.699996948,102.040000916,102.940002441,104.790000916,101.150001526,0.9634839494888636,0,0.15974269115288653,0.6661100838661671,-1.602983384973844,-1.505970770435383,1.0289448187116523,-1.2779558667537771,3.0,3.0,0.4666659038333331,3.045882972920233,1.0289448187116523,1.1586316438035982
STLD,2023-09-11,train,True,True,D-1,104.339996338,104.790000916,100.160003662,100.339996338,101.150001526,100.739997864,-3.057307766876194,0,0.6661100838661671,-1.602983384973844,-1.505970770435383,1.0289448187116523,-2.01788993647124,-3.424330633641981,2.0,4.0,0.14469475055826556,5.168058644693696,1.0289448187116523,1.6758181755743728
STLD,2023-09-12,train,True,True,D-1,99.9599990845,101.150001526,98.3799972534,100.180000305,100.739997864,102.739997864,2.7811112494608548,0,-1.602983384973844,-1.505970770435383,1.0289448187116523,-2.01788993647124,-2.5257490201539334,-6.4864925592099105,1.0,4.0,0.025386850347906588,6.886589509853391,1.0289448187116523,5.521616940038621
STLD,2023-09-13,train,True,True,D-1,100.529998779,100.739997864,97.6999969482,98.6500015259,102.739997864,101.910003662,2.198347868140682,0,-1.505970770435383,1.0289448187116523,-2.01788993647124,-2.5257490201539334,-0.1594538955941971,-5.1146063954835785,1.0,4.0,0.21712941529509003,6.478336837932797,1.0289448187116523,3.7101203292542184
STLD,2023-09-14,train,True,True,D-1,100.480003357,102.739997864,100.010002136,102.529998779,101.910003662,99.7799987793,1.423169045804351,0,1.0289448187116523,-2.01788993647124,-2.5257490201539334,-0.1594538955941971,-1.5272497249369965,-5.135105729191136,1.0,4.0,0.12516522807238573,6.730865978098044,1.0289448187116523,2.7132131800609804
STLD,2023-09-15,train,True,True,D-1,101.88999939,101.910003662,98.4100036621,98.7099990845,99.7799987793,100.379997253,-1.4819924880166369,0,-2.01788993647124,-2.5257490201539334,-0.1594538955941971,-1.5272497249369965,3.93309396156607,-2.408146619819973,1.0,3.0,0.6812410617449527,2.204235017959344,3.93309396156607,0.0
STLD,2023-09-18,train,True,True,D-1,96.3899993896,99.7799987793,95.5299987793,98.1100006104,100.379997253,102.230003357,6.058723938564636,1,-2.5257490201539334,-0.1594538955941971,-1.5272497249369965,3.93309396156607,-3.7257385545608757,-4.109192982508847,1.0,4.0,0.14245438237933764,6.159458907800475,3.93309396156607,0.0
STLD,2023-09-19,train,True,True,D-1,98.0299987793,100.379997253,98.0299987793,99.2900009155,102.230003357,100.449996948,4.284407456900707,1,-0.1594538955941971,-1.5272497249369965,3.93309396156607,-3.7257385545608757,-0.607839610642058,-2.2224395146359877,1.0,2.0,0.35783663781246405,4.7191899141719285,3.93309396156607,8.244025612045425
STLD,2023-09-20,train,True,True,D-1,100.309997559,102.230003357,100.029998779,100.25,100.449996948,102.86000061,2.5421225332002972,0,-1.5272497249369965,3.93309396156607,-3.7257385545608757,-0.607839610642058,1.2027319312593265,-0.8884002663110069,2.0,3.0,0.5214982820426322,3.4746670527640466,3.93309396156607,3.93309396156607
STLD,2023-09-21,train,True,True,D-1,99.3600006104,100.449996948,99.1399993896,99.5400009155,102.86000061,105.050003052,5.726652985753322,1,3.93309396156607,-3.7257385545608757,-0.607839610642058,1.2027319312593265,0.966863808690066,1.6218940186026654,3.0,4.0,0.6546465769622759,2.483788393017461,3.93309396156607,3.93309396156607
STLD,2023-09-22,train,True,True,D-1,99.9300003052,102.86000061,99.8899993896,101.099998474,105.050003052,105.319999695,5.3937750158493,1,-3.7257385545608757,-0.607839610642058,1.2027319312593265,0.966863808690066,-0.7082285132169575,-2.916217593979331,2.0,1.0,0.5985073725989256,2.702433611371524,1.2027319312593265,1.2027319312593265
STLD,2023-09-25,train,True,True,D-1,101.730003357,105.050003052,101.440002441,104.38999939,105.319999695,106.480003357,4.669222297507325,1,-0.607839610642058,1.2027319312593265,0.966863808690066,-0.7082285132169575,1.567206694948986,2.421233321513916,3.0,0.0,0.7598906280447789,1.7408527819638087,1.567206694948986,1.2027319312593265
STLD,2023-09-26,train,True,True,D-1,104.38999939,105.319999695,102.330001831,102.819999695,106.480003357,107.209999084,2.701407903514319,0,1.2027319312593265,0.966863808690066,-0.7082285132169575,1.567206694948986,3.254204713807285,6.400977209793535,4.0,0.0,0.905982441553964,0.632247979554279,3.254204713807285,1.2027319312593265
STLD,2023-09-27,train,True,True,D-1,103.959999084,106.480003357,103.739997864,106.440002441,107.209999084,107.669998169,3.5686794129367927,1,0.966863808690066,-0.7082285132169575,1.567206694948986,3.254204713807285,-1.5039751931930634,3.555240957751815,3.0,0.0,0.5954692756543177,2.431433580447262,3.254204713807285,1.567206694948986
STLD,2023-09-28,train,True,True,D-1,106.650001526,107.209999084,105.379997253,105.949996948,107.669998169,107.959999084,1.228314617211379,0,-0.7082285132169575,1.567206694948986,3.254204713807285,-1.5039751931930634,3.52071849517428,6.174566025935158,3.0,0.0,0.9945502868693726,0.03758071691342124,3.52071849517428,3.254204713807285
STLD,2023-09-29,train,True,True,D-1,107.0,107.669998169,105.940002441,107.220001221,107.959999084,106.86000061,0.8971954056074871,0,1.567206694948986,3.254204713807285,-1.5039751931930634,3.52071849517428,-0.4603584007540906,6.439618217345089,3.0,0.0,0.8278685534694853,1.1892422579477868,3.52071849517428,3.254204713807285
STLD,2023-10-02,train,True,True,D-1,107.449996948,107.959999084,105.279998779,106.309997559,106.86000061,108.099998474,0.6049339641345464,0,3.254204713807285,-1.5039751931930634,3.52071849517428,-0.4603584007540906,1.1986826895552527,6.053415271389828,3.0,0.0,0.9277693007111493,0.4196949663080707,3.52071849517428,3.52071849517428
STLD,2023-10-03,train,True,True,D-1,105.459999084,106.86000061,104.830001831,106.209999084,108.099998474,107.569999695,2.503318237180352,0,-1.5039751931930634,3.52071849517428,-0.4603584007540906,1.1986826895552527,-0.8487256590534065,1.839254890525388,2.0,0.0,0.7069267619765199,1.5520661865167318,3.52071849517428,3.52071849517428
STLD,2023-10-04,train,True,True,D-1,106.059997559,108.099998474,105.510002136,106.559997559,107.569999695,109.330001831,3.08316457407134,1,3.52071849517428,-0.4603584007540906,1.1986826895552527,-0.8487256590534065,-0.0940630959421207,3.2970233408441185,2.0,1.0,0.5853081767592475,1.6476791404695712,3.52071849517428,4.46270891253886
STLD,2023-10-05,train,True,True,D-1,105.720001221,107.569999695,105.5,106.970001221,109.330001831,109.269996643,3.4146808251104277,1,-0.4603584007540906,1.1986826895552527,-0.8487256590534065,-0.0940630959421207,0.3295343922592231,0.11273498238268953,2.0,0.0,0.5290512244724626,1.4451960869718894,1.1986826895552527,1.1986826895552527
STLD,2023-10-06,train,True,True,D-1,107.819999695,109.330001831,106.580001831,108.25,109.269996643,111.430000305,3.3481734559561493,1,1.1986826895552527,-0.8487256590534065,-0.0940630959421207,0.3295343922592231,0.3847632051352079,0.9627223240984195,3.0,1.0,0.6544347360664861,1.0563683650572475,1.1986826895552527,1.1986826895552527
STLD,2023-10-09,train,True,True,D-1,107.879997253,109.269996643,106.230003357,108.730003357,111.430000305,111.129997253,3.2906962758578295,1,-0.8487256590534065,-0.0940630959421207,0.3295343922592231,0.3847632051352079,1.1965960216785643,0.960640521610312,3.0,0.0,0.7599995931111102,0.9976922226327956,1.1965960216785643,0.3295343922592231
STLD,2023-10-10,train,True,True,D-1,109.199996948,111.430000305,109.199996948,109.760002136,111.129997253,109.510002136,1.767399596099839,0,-0.0940630959421207,0.3295343922592231,0.3847632051352079,1.1965960216785643,0.44342111501154413,2.2763670901760236,4.0,1.0,0.8666670057777771,0.551824202589235,1.1965960216785643,0.3847632051352079
STLD,2023-10-11,train,True,True,D-1,109.769996643,111.129997253,109.150001526,110.489997864,109.510002136,107.069999695,-0.23685388990725142,0,0.3295343922592231,0.3847632051352079,1.1965960216785643,0.44342111501154413,0.9472995007809626,3.342437701362133,5.0,0.0,0.7183814362383919,1.521499759931455,1.1965960216785643,1.1965960216785643
STLD,2023-10-12,train,True,True,D-1,109.319999695,109.510002136,104.680000305,105.819999695,107.069999695,107.88999939,-1.3080866346411146,0,0.3847632051352079,1.1965960216785643,0.44342111501154413,0.9472995007809626,0.6650835584856241,3.6880634337703055,5.0,1.0,0.8414835762812003,0.8507579501965568,1.1965960216785643,1.1965960216785643
STLD,2023-10-13,train,True,True,D-1,105.5,107.069999695,104.879997253,105.910003662,107.88999939,107.239997864,2.2654022654028383,0,1.1965960216785643,0.44342111501154413,0.9472995007809626,0.6650835584856241,-4.226625268604134,-1.075069190308875,4.0,2.0,0.1688887985185206,5.301455893186002,1.1965960216785643,4.786248321537368
STLD,2023-10-16,train,True,True,D-1,107.319999695,107.88999939,104.519996643,104.720001221,107.239997864,105.470001221,-0.0745451278674647,0,0.44342111501154413,0.9472995007809626,0.6650835584856241,-4.226625268604134,0.08505383411396839,-2.161659434642038,4.0,3.0,0.18222271955555572,5.211969079537049,0.9472995007809626,5.092465842115712
STLD,2023-10-17,train,True,True,D-1,103.599998474,107.239997864,103.510002136,106.779998779,105.470001221,108.199996948,4.440153032583716,1,0.9472995007809626,0.6650835584856241,-4.226625268604134,0.08505383411396839,-1.1235977715549406,-3.6880364317047887,3.0,4.0,0.028944207236804388,6.4075620757865215,0.9472995007809626,1.98679910120666
STLD,2023-10-18,train,True,True,D-1,105.260002136,105.470001221,102.930000305,103.410003662,108.199996948,101.910003662,2.793078807087057,0,0.6650835584856241,-4.226625268604134,0.08505383411396839,-1.1235977715549406,1.9671481416931869,-2.715017582914747,3.0,4.0,0.4291336927112624,4.073795208598097,1.9671481416931869,0.6650835584856241
STLD,2023-10-19,train,True,True,D-1,104.809997559,108.199996948,98.25,99.1999969482,101.910003662,101.11000061,-2.76690579576393,0,-4.226625268604134,0.08505383411396839,-1.1235977715549406,1.9671481416931869,-3.1560171900496092,-6.4078145885337445,2.0,4.0,0.07294881815056455,5.898847556313891,1.9671481416931869,1.3360064159759655
STLD,2023-10-20,train,True,True,D-1,98.7699966431,101.910003662,98.5699996948,98.9499969482,101.11000061,102.589996338,3.867570947383303,1,0.08505383411396839,-1.1235977715549406,1.9671481416931869,-3.1560171900496092,-4.071179348915399,-6.255908869665971,2.0,0.0,0.09547710950714905,9.072580924069594,1.9671481416931869,9.065857560568668
STLD,2023-10-23,train,True,True,D-1,98.6100006104,101.11000061,98.3199996948,98.75,102.589996338,101.699996948,4.036097457624654,1,-1.1235977715549406,1.9671481416931869,-3.1560171900496092,-4.071179348915399,-0.25201613678531576,-6.571623522941317,1.0,1.0,0.07035147365956711,9.348155922270873,1.9671481416931869,6.28008359847716
STLD,2023-10-24,train,True,True,D-1,99.5599975586,102.589996338,98.7399978638,101.620002747,101.699996948,103.86000061,4.319006786705737,1,1.9671481416931869,-3.1560171900496092,-4.071179348915399,-0.25201613678531576,-0.2021192060316035,-5.700917829824103,1.0,2.0,0.05025127169516391,9.569617162531664,1.9671481416931869,2.4207741114953607
STLD,2023-10-25,train,True,True,D-1,101.370002747,101.699996948,99.0100021362,99.8399963379,103.86000061,104.559997559,3.1468824361794656,1,-3.1560171900496092,-4.071179348915399,-0.25201613678531576,-0.2021192060316035,2.9063318956962014,-4.8323619507427695,1.0,3.0,0.3386938473058915,6.475097444527722,2.9063318956962014,0.0
STLD,2023-10-26,train,True,True,D-1,100.199996948,103.86000061,100.199996948,102.36000061,104.559997559,105.279998779,5.069862261209757,1,-4.071179348915399,-0.25201613678531576,-0.2021192060316035,2.9063318956962014,-1.7516299557003734,-3.452284302946851,1.0,4.0,0.1597986759402575,8.373398354108797,2.9063318956962014,0.0
STLD,2023-10-27,train,True,True,D-1,102.839996338,104.559997559,101.660003662,104.11000061,105.279998779,107.059997559,4.103463021459364,1,-0.25201613678531576,-0.2021192060316035,2.9063318956962014,-1.7516299557003734,2.524042833065865,3.1854876602970927,2.0,0.0,0.729241921985161,1.4654161694616752,2.9063318956962014,2.9063318956962014
STLD,2023-10-30,train,True,True,D-1,104.739997864,105.279998779,102.870002747,104.589996338,107.059997559,109.349998474,4.401375505072935,1,-0.2021192060316035,2.9063318956962014,-1.7516299557003734,2.524042833065865,1.7096521977052692,5.214758788220331,3.0,0.0,0.9278850796437431,0.43223220282717634,2.9063318956962014,2.9063318956962014
STLD,2023-10-31,train,True,True,D-1,104.849998474,107.059997559,104.080001831,106.510002136,109.349998474,111.870002747,6.6952831427467885,1,2.9063318956962014,-1.7516299557003734,2.524042833065865,1.7096521977052692,0.461046705587953,5.913920342278489,4.0,0.0,0.8944950543666874,0.6597212593546065,2.9063318956962014,2.9063318956962014
STLD,2023-11-01,train,True,True,D-1,107.050003052,109.349998474,105.629997253,109.019996643,111.870002747,114.180000305,6.660436291194283,1,-1.7516299557003734,2.524042833065865,1.7096521977052692,0.461046705587953,1.835745162276492,4.81204414171732,4.0,0.0,0.9316775483570777,0.5163791305700327,2.524042833065865,2.524042833065865
STLD,2023-11-02,train,True,True,D-1,110.0,111.870002747,109.839996338,111.540000916,114.180000305,113.510002136,3.8000002772727193,1,2.524042833065865,1.7096521977052692,0.461046705587953,1.835745162276492,2.356581031511995,9.19471218130965,5.0,0.0,0.9639342321351211,0.3026984417185741,2.524042833065865,2.524042833065865
STLD,2023-11-03,train,True,True,D-1,113.809997559,114.180000305,111.839996338,111.870002747,113.510002136,111.419998169,-0.2635932074811609,0,1.7096521977052692,0.461046705587953,1.835745162276492,2.356581031511995,2.311506467251201,8.96834725605029,5.0,0.0,0.9676785640965605,0.29585962729956616,2.356581031511995,1.835745162276492
STLD,2023-11-06,train,True,True,D-1,112.839996338,113.510002136,111.410003662,111.809997559,111.419998169,110.720001221,-1.2584174185424124,0,0.461046705587953,1.835745162276492,2.356581031511995,2.311506467251201,0.29585962729956616,7.45365679716905,5.0,0.0,0.7957561399855437,2.0648945215673065,2.356581031511995,2.356581031511995
STLD,2023-11-07,train,True,True,D-1,111.419998169,111.419998169,109.459999084,110.25,110.720001221,110.419998169,-0.6282507265331749,0,1.835745162276492,2.356581031511995,2.311506467251201,0.29585962729956616,-0.05363831816086462,6.903147025330569,4.0,1.0,0.7653462273186479,2.1196697949567467,2.356581031511995,2.356581031511995
STLD,2023-11-08,train,True,True,D-1,110.449996948,110.720001221,108.800003052,109.169998169,110.419998169,109.88999939,-0.02716050686187854,0,2.356581031511995,2.311506467251201,0.29585962729956616,-0.05363831816086462,-1.3952218880756262,3.511405303723958,3.0,2.0,0.5403510055963433,3.564626126984116,2.356581031511995,3.8046928641931155
STLD,2023-11-09,train,True,True,D-1,110.0,110.419998169,108.260002136,108.699996948,109.88999939,109.019996643,-0.10000055454545409,0,2.311506467251201,0.29585962729956616,-0.05363831816086462,-1.3952218880756262,-0.9795934975056708,0.13759083711146758,2.0,3.0,0.068772361694736,4.5891748832351364,2.311506467251201,4.672654349941141
STLD,2023-11-10,train,True,True,D-1,109.370002747,109.88999939,108.120002747,109.019996643,109.019996643,111.190002441,1.6640757504688963,0,0.29585962729956616,-0.05363831816086462,-1.3952218880756262,-0.9795934975056708,-0.4305223311192208,-2.5461753134992104,1.0,4.0,0.07432347096052105,5.041401573931514,0.29585962729956616,1.7017580871635074
STLD,2023-11-13,train,True,True,D-1,108.660003662,109.019996643,107.379997253,107.440002441,111.190002441,111.930000305,3.0093838880879353,1,-0.05363831816086462,-1.3952218880756262,-0.9795934975056708,-0.4305223311192208,0.2943879521478454,-2.547605286508703,1.0,4.0,0.16697476772200032,4.118515530415112,0.2943879521478454,0.13740178484549226
STLD,2023-11-14,train,True,True,D-1,108.870002747,111.190002441,108.169998169,110.75,111.930000305,111.129997253,2.810689336631178,0,-1.3952218880756262,-0.9795934975056708,-0.4305223311192208,0.2943879521478454,-1.4492700886552856,-3.90841178195539,1.0,4.0,0.014852765939324667,3.7043890893297293,0.2943879521478454,1.1591486130425155
STLD,2023-11-15,train,True,True,D-1,111.169998169,111.930000305,110.839996338,111.260002136,111.129997253,112.089996338,0.8275597590650552,0,-0.9795934975056708,-0.4305223311192208,0.2943879521478454,-1.4492700886552856,3.080786935776225,0.45351473922903285,2.0,0.0,0.8845139522681397,0.39729340045147055,3.080786935776225,0.2943879521478454
STLD,2023-11-16,train,True,True,D-1,110.629997253,111.129997253,108.190002441,109.879997253,112.089996338,112.63999939,1.8168690110362373,0,-0.4305223311192208,0.2943879521478454,-1.4492700886552856,3.080786935776225,0.46049854266365653,1.9144490263383274,3.0,0.0,0.8527477539371117,0.6021914040420517,3.080786935776225,0.2943879521478454
STLD,2023-11-17,train,True,True,D-1,110.25,112.089996338,110.25,110.930000305,112.63999939,113.559997559,3.0022653596371907,1,0.2943879521478454,-1.4492700886552856,3.080786935776225,0.46049854266365653,-1.240342312157372,1.0855568888051392,3.0,1.0,0.549450180896275,1.8656744660084268,3.080786935776225,3.866342463541461
STLD,2023-11-20,train,True,True,D-1,111.419998169,112.63999939,111.279998779,111.86000061,113.559997559,113.059997559,1.9206600477178926,0,-1.4492700886552856,3.080786935776225,0.46049854266365653,-1.240342312157372,0.9555907155534005,1.7519755281726335,3.0,0.0,0.7537162933440333,1.0457009193280742,3.080786935776225,3.377391128356255
STLD,2023-11-21,train,True,True,D-1,111.690002441,113.559997559,111.510002136,112.660003662,113.059997559,112.970001221,1.226604967372702,0,3.080786935776225,0.46049854266365653,-1.240342312157372,0.9555907155534005,0.8383668100991448,4.1139222529590125,4.0,0.0,0.825503676299779,0.6972991022228481,3.080786935776225,3.080786935776225
STLD,2023-11-22,train,True,True,D-1,112.580001831,113.059997559,111.730003357,112.699996948,112.970001221,115.459999084,2.558178367525099,0,0.46049854266365653,-1.240342312157372,0.9555907155534005,0.8383668100991448,0.7151824134072671,1.7246082726862344,4.0,0.0,0.8324032187695551,0.7988583949456896,0.9555907155534005,0.9555907155534005
STLD,2023-11-24,train,True,True,D-1,112.589996338,112.970001221,111.13999939,111.5,115.459999084,116.589996338,3.5527135004000066,1,-1.240342312157372,0.9555907155534005,0.8383668100991448,0.7151824134072671,0.035499098792857176,1.2942609961842377,4.0,1.0,0.839850764832671,0.7630884066454735,0.9555907155534005,0.9555907155534005
STLD,2023-11-27,train,True,True,D-1,111.980003357,115.459999084,111.879997253,115.25,116.589996338,115.559997559,4.116800181102898,1,0.9555907155534005,0.8383668100991448,0.7151824134072671,0.035499098792857176,-1.0647710563414514,1.4743381757372331,4.0,2.0,0.37764378302975105,1.8475314430493217,0.9555907155534005,1.985240657231202
STLD,2023-11-28,train,True,True,D-1,115.050003052,116.589996338,113.879997253,114.230003357,115.559997559,119.550003052,3.9113427906352083,1,0.8383668100991448,0.7151824134072671,0.035499098792857176,-1.0647710563414514,3.363228699551568,3.89434750123705,4.0,0.0,0.951389097482653,0.1822117865509787,3.363228699551568,0.8383668100991448
STLD,2023-11-29,train,True,True,D-1,114.309997559,115.559997559,113.489997864,115.489997864,119.550003052,120.599998474,5.5025816195591215,1,0.7151824134072671,0.035499098792857176,-1.0647710563414514,3.363228699551568,-0.8850296251626921,2.11872227255121,3.0,0.0,0.5669735224593007,2.066000973163229,3.363228699551568,0.7151824134072671
STLD,2023-11-30,train,True,True,D-1,115.849998474,119.550003052,115.370002747,119.129997253,120.599998474,120.300003052,4.1001295317807385,1,0.035499098792857176,-1.0647710563414514,3.363228699551568,-0.8850296251626921,1.1030328897585484,2.5119777294615453,3.0,1.0,0.7981653045872491,0.9524621130354127,3.363228699551568,3.363228699551568
STLD,2023-12-01,train,True,True,D-1,120.0,120.599998474,118.879997253,119.75,120.300003052,118.449996948,0.2500025433333386,0,-1.0647710563414514,3.363228699551568,-0.8850296251626921,1.1030328897585484,3.151787562838493,5.705413024959349,3.0,0.0,0.9500587852419421,0.3525609071475255,3.363228699551568,3.363228699551568
STLD,2023-12-04,train,True,True,D-1,118.019996643,120.300003052,117.5,118.769996643,118.449996948,117.959999084,0.3643452950610637,0,3.363228699551568,-0.8850296251626921,1.1030328897585484,3.151787562838493,0.5204421735050424,7.399103139013463,4.0,0.0,0.9025231244288145,0.7098108342380005,3.363228699551568,3.363228699551568
STLD,2023-12-05,train,True,True,D-1,118.25,118.449996948,115.430000305,116.61000061,117.959999084,114.459999084,-0.24524390359407233,0,-0.8850296251626921,1.1030328897585484,3.151787562838493,0.5204421735050424,-0.8183744108559488,3.0542270221258105,3.0,1.0,0.7426157983128494,1.5407947147633827,3.151787562838493,3.4539789657606734
STLD,2023-12-06,train,True,True,D-1,116.029998779,117.959999084,113.61000061,113.680000305,114.459999084,115.569999695,-0.3964484088947895,0,1.1030328897585484,3.151787562838493,0.5204421735050424,-0.8183744108559488,-1.8186377823117494,2.08351324788274,3.0,2.0,0.4388189139691223,3.4216601004441127,3.151787562838493,5.773916489769604
STLD,2023-12-07,train,True,True,D-1,113.680000305,114.459999084,112.339996338,114.410003662,115.569999695,114.949996948,1.6625610353001363,0,3.151787562838493,0.5204421735050424,-0.8183744108559488,-1.8186377823117494,-2.5126492493549812,-1.5672331738471823,2.0,3.0,0.010014265578034915,6.087260864209942,3.151787562838493,7.437378605919487
STLD,2023-12-08,train,True,True,D-1,114.050003052,115.569999695,113.080001831,113.160003662,114.949996948,115.0,0.8329652981831748,0,0.5204421735050424,-0.8183744108559488,-1.8186377823117494,-2.5126492493549812,0.6421563643925321,-3.9620529672102722,2.0,4.0,0.2506061487536628,5.410361518986595,0.6421563643925321,2.4070701955370977
STLD,2023-12-11,train,True,True,D-1,112.069999695,114.949996948,111.800003052,114.769996643,115.0,116.440002441,3.89935108226378,1,-0.8183744108559488,-1.8186377823117494,-2.5126492493549812,0.6421563643925321,-1.0925618040297014,-5.503128465970775,1.0,4.0,0.10301590858683154,6.3096493097743345,0.6421563643925321,0.45742139479667543
STLD,2023-12-12,train,True,True,D-1,115.0,115.0,111.930000305,113.790000916,116.440002441,119.319999695,3.756521473913055,1,-1.8186377823117494,-2.5126492493549812,0.6421563643925321,-1.0925618040297014,1.4227579788782307,-3.3678539303349853,2.0,4.0,0.44661598754044923,3.2064131851871513,1.4227579788782307,0.6421563643925321
STLD,2023-12-13,train,True,True,D-1,113.989997864,116.440002441,111.629997253,115.36000061,119.319999695,127.760002136,12.08001099221776,1,-2.5126492493549812,0.6421563643925321,-1.0925618040297014,1.4227579788782307,-0.853877978273665,-2.418317193421038,2.0,4.0,0.32305180939441225,3.6646437599366033,1.4227579788782307,0.6421563643925321
STLD,2023-12-14,train,True,True,D-1,115.989997864,119.319999695,115.88999939,119.129997253,127.760002136,128.570007324,10.845770921342911,1,0.6421563643925321,-1.0925618040297014,1.4227579788782307,-0.853877978273665,1.3797343187992306,1.477832776647281,3.0,0.0,0.7754676369800201,0.9362013048623163,1.4227579788782307,1.4227579788782307
STLD,2023-12-15,train,True,True,D-1,120.199996948,127.760002136,119.190002441,124.519996643,128.570007324,123.819999695,6.9634031518494455,1,-1.0925618040297014,1.4227579788782307,-0.853877978273665,1.3797343187992306,3.2680275858746777,4.125507770233283,3.0,0.0,0.9752922780671326,0.15949168671303138,3.2680275858746777,1.4227579788782307
STLD,2023-12-18,train,True,True,D-1,128.5,128.570007324,121.86000061,122.129997253,123.819999695,123.930000305,-3.5564199961089504,0,1.4227579788782307,-0.853877978273665,1.3797343187992306,3.2680275858746777,4.524468659688696,10.038876469933156,4.0,0.0,0.7991317723397121,2.601996129416162,4.524468659688696,1.4227579788782307
STLD,2023-12-19,train,True,True,D-1,122.370002747,123.819999695,121.150001526,123.319999695,123.930000305,121.440002441,1.274820236153218,0,-0.853877978273665,1.3797343187992306,3.2680275858746777,4.524468659688696,-1.9193699441320655,6.412826370374303,3.0,0.0,0.6198343422460653,5.273078044584811,4.524468659688696,3.2680275858746777
STLD,2023-12-20,train,True,True,D-1,122.169998169,123.930000305,120.180000305,120.269996643,121.440002441,122.330001831,0.13096804812804397,0,1.3797343187992306,3.2680275858746777,4.524468659688696,-1.9193699441320655,0.974373592701272,8.375075755588647,4.0,1.0,0.690082378523045,4.257223193305637,4.524468659688696,5.488166845001374
STLD,2023-12-21,train,True,True,D-1,120.910003662,121.440002441,120.019996643,120.190002441,122.330001831,122.470001221,1.290213805104945,0,3.2680275858746777,4.524468659688696,-1.9193699441320655,0.974373592701272,-2.4732428312872146,4.256237870177659,3.0,2.0,0.34542543473143567,6.9011481771610095,4.524468659688696,6.047436523306093
STLD,2023-12-22,train,True,True,D-1,120.61000061,122.330001831,120.129997253,121.839996338,122.470001221,122.230003357,1.5421611819855796,0,4.524468659688696,-1.9193699441320655,0.974373592701272,-2.4732428312872146,-0.0665121844456662,0.889788644709566,2.0,3.0,0.10660975260389977,6.972297789172299,4.524468659688696,7.062578667587848
STLD,2023-12-26,train,True,True,D-1,122.050003052,122.470001221,121.209999084,121.25,122.230003357,120.669998169,0.14748078697164324,0,-1.9193699441320655,0.974373592701272,-2.4732428312872146,-0.0665121844456662,1.3728212525912609,-2.152264999398912,2.0,4.0,0.21286519548384286,5.523646740213328,1.3728212525912609,0.974373592701272
STLD,2023-12-27,train,True,True,D-1,121.349998474,122.230003357,120.699996948,120.900001526,120.669998169,119.050003052,-0.5603628459424304,0,0.974373592701272,-2.4732428312872146,-0.0665121844456662,1.3728212525912609,-0.4842386373381635,-0.7205414499248941,2.0,3.0,0.31457856905710563,2.2103095298968922,1.3728212525912609,0.974373592701272
STLD,2023-12-28,train,True,True,D-1,120.419998169,120.669998169,118.730003357,119.080001831,119.050003052,120.529998779,0.09134746028283125,0,-2.4732428312872146,-0.0665121844456662,1.3728212525912609,-0.4842386373381635,-0.2886585352577353,-1.9623728308346133,1.0,4.0,0.22506497667827488,2.5062024323865506,1.3728212525912609,2.1443206290294725
STLD,2023-12-29,train,True,True,D-1,118.849998474,119.050003052,117.690002441,118.099998474,120.529998779,121.410003662,2.1539799923178116,0,-0.0665121844456662,1.3728212525912609,-0.4842386373381635,-0.2886585352577353,-1.5053760728105492,-0.9894361396984852,1.0,2.0,0.0935825331262817,2.8468251073854756,1.3728212525912609,3.1625104641376467
STLD,2024-01-02,train,True,True,D-1,117.830001831,120.529998779,117.75,118.910003662,121.410003662,119.849998474,3.0382769883468885,1,1.3728212525912609,-0.4842386373381635,-0.2886585352577353,-1.5053760728105492,-0.8229789569459633,-1.7389166524278576,1.0,3.0,0.08577325055300512,3.7002563958221213,1.3728212525912609,3.6887873540456417
STLD,2024-01-03,train,True,True,D-1,117.86000061,121.410003662,116.430000305,119.11000061,119.849998474,117.970001221,1.688442095452669,0,-0.4842386373381635,-0.2886585352577353,-1.5053760728105492,-0.8229789569459633,0.6858638429011688,-2.4047872324879482,1.0,4.0,0.25523044610483975,2.9938587581909815,0.6858638429011688,0.1427596291451838
STLD,2024-01-04,train,True,True,D-1,118.730003357,119.849998474,116.339996338,116.459999084,117.970001221,117.290000916,-0.6401095885719799,0,-0.2886585352577353,-1.5053760728105492,-0.8229789569459633,0.6858638429011688,0.1681918609375277,-1.7649479505154608,2.0,4.0,0.4620687749596728,2.619429712888488,0.6858638429011688,0.0
STLD,2024-01-05,train,True,True,D-1,115.930000305,117.970001221,115.370002747,116.220001221,117.290000916,116.489997864,1.1731222353333681,0,-1.5053760728105492,-0.8229789569459633,0.6858638429011688,0.1681918609375277,-2.2248354566606454,-3.6724585491797135,2.0,1.0,0.023669146478731508,4.250390363157797,0.6858638429011688,2.7462494307816443
STLD,2024-01-08,train,True,True,D-1,115.370002747,117.290000916,113.550003052,117.040000916,116.489997864,113.739997864,0.9707853777693787,0,-0.8229789569459633,0.6858638429011688,0.1681918609375277,-2.2248354566606454,-0.20607750720218476,-2.4017472002217044,2.0,2.0,0.14072820285326132,4.4656706130391965,0.6858638429011688,3.112191921315577
STLD,2024-01-09,train,True,True,D-1,116.489997864,116.489997864,112.760002136,113.010002136,113.739997864,113.680000305,-2.360717701454995,0,0.6858638429011688,0.1681918609375277,-2.2248354566606454,-0.20607750720218476,0.7055581538333522,-0.8975423977108377,3.0,3.0,0.44402005001880057,3.73376855075076,0.7055581538333522,0.6858638429011688
STLD,2024-01-10,train,True,True,D-1,113.089996338,113.739997864,112.330001831,112.839996338,113.680000305,115.050003052,1.7331388959833216,0,0.1681918609375277,-2.2248354566606454,-0.20607750720218476,0.7055581538333522,-3.4432661897297323,-4.961736897066005,2.0,4.0,0.028901729005313483,7.432971743413619,0.7055581538333522,2.9301941421937316
STLD,2024-01-11,train,True,True,D-1,112.75,113.680000305,111.069999695,113.120002747,115.050003052,113.379997253,2.039914015077593,0,-2.2248354566606454,-0.20607750720218476,0.7055581538333522,-3.4432661897297323,-0.15043429323663426,-5.264045201821277,1.0,4.0,0.06781844875884765,6.212338145600693,0.7055581538333522,4.294078783642941
STLD,2024-01-12,train,True,True,D-1,113.290000916,115.050003052,112.430000305,113.220001221,113.379997253,113.169998169,0.07943890570425438,0,-0.20607750720218476,0.7055581538333522,-3.4432661897297323,-0.15043429323663426,0.24814464559292926,-2.867934366538105,2.0,4.0,0.2971018258873346,4.287480866533677,0.7055581538333522,0.7055581538333522
STLD,2024-01-16,train,True,True,D-1,112.930000305,113.379997253,111.5,111.599998474,113.169998169,113.88999939,0.8500833103756822,0,0.7055581538333522,-3.4432661897297323,-0.15043429323663426,0.24814464559292926,0.08840034615598125,-2.581311279024423,3.0,4.0,0.34565934147105215,3.5947709336758837,0.7055581538333522,0.7055581538333522
STLD,2024-01-17,train,True,True,D-1,110.459999084,113.169998169,109.660003662,112.349998474,113.88999939,113.220001221,3.105196753977557,1,-3.4432661897297323,-0.15043429323663426,0.24814464559292926,0.08840034615598125,-1.4308450181322985,-4.6479856454412545,2.0,4.0,0.09778578561730072,4.3817199434274645,0.24814464559292926,1.591854189518227
STLD,2024-01-18,train,True,True,D-1,112.809997559,113.88999939,111.550003052,112.690002441,113.220001221,115.550003052,2.4288676112832697,0,-0.15043429323663426,0.24814464559292926,0.08840034615598125,-1.4308450181322985,0.6720430199421035,-0.5840223427354019,3.0,2.0,0.4990714501732085,2.4032083797712156,0.6720430199421035,1.0165625378536713
STLD,2024-01-19,train,True,True,D-1,112.459999084,113.220001221,111.330001831,112.86000061,115.550003052,117.730003357,4.686114454850432,1,0.24814464559292926,0.08840034615598125,-1.4308450181322985,0.6720430199421035,0.30262925822708286,-0.1329261803152737,4.0,3.0,0.562151970670262,2.0942413345279576,0.6720430199421035,0.24814464559292926
STLD,2024-01-22,train,True,True,D-1,112.199996948,115.550003052,112.199996948,115.430000305,117.730003357,118.559997559,5.668449896614147,1,0.08840034615598125,-1.4308450181322985,0.6720430199421035,0.30262925822708286,0.15085470344984309,-0.2298462965754311,4.0,4.0,0.5936915232192644,1.9404593568697504,0.6720430199421035,0.6720430199421035
STLD,2024-01-23,train,True,True,D-1,116.379997253,117.730003357,115.489997864,116.13999939,118.559997559,118.150001526,1.8731743920399557,0,-1.4308450181322985,0.6720430199421035,0.30262925822708286,0.15085470344984309,2.277157257761231,1.951951121857154,4.0,0.0,0.9796260170750203,0.10396148893954127,2.277157257761231,0.6720430199421035
STLD,2024-01-24,train,True,True,D-1,110.080001831,118.559997559,110.0,116.540000916,118.150001526,117.930000305,7.3310315777332935,1,0.6720430199421035,0.30262925822708286,0.15085470344984309,2.277157257761231,0.6150906030702341,4.068101234838006,5.0,0.0,0.802973478674958,1.369040791588727,2.277157257761231,0.6720430199421035
STLD,2024-01-25,train,True,True,D-1,117.379997253,118.150001526,114.760002136,115.900001526,117.930000305,116.930000305,0.46856625052948964,0,0.30262925822708286,0.15085470344984309,2.277157257761231,0.6150906030702341,0.34441323239273736,3.7294192246648317,5.0,0.0,0.7640190164685069,1.7333075571674073,2.277157257761231,2.277157257761231
STLD,2024-01-26,train,True,True,D-1,116.370002747,117.930000305,115.339996338,116.0,116.930000305,122.879997253,5.594220462599253,1,0.15085470344984309,2.277157257761231,0.6150906030702341,0.34441323239273736,-0.5491671400116971,2.8485216216767917,4.0,1.0,0.6892527112693771,2.295078514216642,2.277157257761231,2.4838025696783506
STLD,2024-01-29,train,True,True,D-1,115.569999695,116.930000305,112.839996338,116.86000061,122.879997253,122.879997253,6.325168795787617,1,2.277157257761231,0.6150906030702341,0.34441323239273736,-0.5491671400116971,0.08627995917460662,2.782207489835664,4.0,2.0,0.7009347793203037,2.2068944474137986,2.277157257761231,2.7405182597825206
STLD,2024-01-30,train,True,True,D-1,115.790000916,122.879997253,115.760002136,122.449996948,122.879997253,122.849998474,6.123150773738617,1,0.6150906030702341,0.34441323239273736,-0.5491671400116971,0.08627995917460662,0.7413798362069013,1.2388463148414797,4.0,3.0,0.8014021689512497,1.4547295397280058,0.7413798362069013,0.6150906030702341
STLD,2024-01-31,train,True,True,D-1,122.669998169,122.879997253,120.410003662,120.690002441,122.849998474,121.279998779,0.14673539389151724,0,0.34441323239273736,-0.5491671400116971,0.08627995917460662,0.7413798362069013,4.783498467243419,5.43309591109169,4.0,0.0,0.9666148760319155,0.35116399813599486,4.783498467243419,0.34441323239273736
STLD,2024-02-01,train,True,True,D-1,121.930000305,122.849998474,118.569999695,119.790000916,121.279998779,121.839996338,-0.07381609675620737,0,-0.5491671400116971,0.08627995917460662,0.7413798362069013,4.783498467243419,-1.4373169055670987,3.5610103761636758,3.0,1.0,0.7818730465723273,1.8145619087799547,4.783498467243419,0.7413798362069013
STLD,2024-02-02,train,True,True,D-1,119.379997253,121.279998779,118.949996948,120.160003662,121.839996338,122.319999695,2.462726176621799,0,0.08627995917460662,0.7413798362069013,4.783498467243419,-1.4373169055670987,-0.7457134035936175,3.356341103349636,3.0,2.0,0.6922314685864743,2.579511072186058,4.783498467243419,6.955810511587213
STLD,2024-02-05,train,True,True,D-1,118.809997559,121.839996338,118.11000061,121.489997864,122.319999695,125.480003357,5.614010550490711,1,0.7413798362069013,4.783498467243419,-1.4373169055670987,-0.7457134035936175,0.30887615257590983,3.58621005344828,3.0,3.0,0.7290843283752821,2.263643065999821,4.783498467243419,5.222639049131383
STLD,2024-02-06,train,True,True,D-1,121.669998169,122.319999695,120.029998779,120.169998169,125.480003357,125.75,3.353334340757419,1,4.783498467243419,-1.4373169055670987,-0.7457134035936175,0.30887615257590983,1.106852664336766,3.9620034484269873,3.0,4.0,0.8047752328254868,1.14412660584291,4.783498467243419,4.783498467243419
STLD,2024-02-07,train,True,True,D-1,120.220001221,125.480003357,120.150001526,124.559997559,125.75,125.660003662,4.599899120641515,1,-1.4373169055670987,-0.7457134035936175,0.30887615257590983,1.106852664336766,-1.0865089457633093,-1.8619835327298828,2.0,4.0,0.4318656202878162,2.2551378258230725,1.106852664336766,0.30887615257590983
STLD,2024-02-08,train,True,True,D-1,124.650001526,125.75,123.540000916,124.839996338,125.660003662,126.150001526,1.2033694196843747,0,-0.7457134035936175,0.30887615257590983,1.106852664336766,-1.0865089457633093,3.653157574177679,3.206558157036965,3.0,0.0,0.875168866338008,0.7386045408071196,3.653157574177679,1.106852664336766
STLD,2024-02-09,train,True,True,D-1,125.0,125.660003662,124.209999084,124.989997864,126.150001526,122.150001526,0.9200012208000041,0,0.30887615257590983,1.106852664336766,-1.0865089457633093,3.653157574177679,0.2247902894084275,4.215706973356825,4.0,0.0,0.8808895635265235,0.7289359890208402,3.653157574177679,1.106852664336766
STLD,2024-02-12,train,True,True,D-1,125.25,126.150001526,123.599998474,123.809997559,122.150001526,120.970001221,-2.4750486818363338,0,1.106852664336766,-1.0865089457633093,3.653157574177679,0.2247902894084275,0.12015502274917989,4.0196355316252985,4.0,1.0,0.900523272685759,0.6080503632194256,3.653157574177679,3.653157574177679
STLD,2024-02-13,train,True,True,D-1,121.61000061,122.150001526,117.430000305,118.370002747,120.970001221,124.349998474,2.2531024177749215,0,-1.0865089457633093,3.653157574177679,0.2247902894084275,0.12015502274917989,-0.9440757861952642,1.909621973651765,3.0,0.0,0.6176465822426206,1.889995972162839,3.653157574177679,4.4782126920994365
STLD,2024-02-14,train,True,True,D-1,118.989997864,120.970001221,118.169998169,119.739997864,124.349998474,126.0,5.891253266524221,1,3.653157574177679,0.2247902894084275,0.12015502274917989,-0.9440757861952642,-4.393825150838593,-1.497874219377604,3.0,1.0,0.10779843008923444,6.572610119498523,3.653157574177679,8.949577471874715
STLD,2024-02-15,train,True,True,D-1,120.040000916,124.349998474,120.040000916,124.11000061,126.0,123.629997253,4.965010861813157,1,0.2247902894084275,0.12015502274917989,-0.9440757861952642,-4.393825150838593,1.1573836995916853,-3.8696208971238266,3.0,2.0,0.26490793985635486,5.353268562172886,1.1573836995916853,3.5120851567397082
STLD,2024-02-16,train,True,True,D-1,124.470001221,126.0,123.220001221,123.339996338,123.629997253,122.459999084,-0.6748645936851538,0,0.12015502274917989,-0.9440757861952642,-4.393825150838593,1.1573836995916853,3.6495764355728655,-0.5847450732244242,3.0,3.0,0.766054973583358,1.643703896521953,3.6495764355728655,0.12015502274917989
STLD,2024-02-20,train,True,True,D-1,121.739997864,123.629997253,120.949996948,122.61000061,122.459999084,125.050003052,2.718913459894834,0,-0.9440757861952642,-4.393825150838593,1.1573836995916853,3.6495764355728655,-0.6204208107448483,-1.3201068519061332,2.0,4.0,0.6777517437460013,2.2782595033483455,3.6495764355728655,1.1573836995916853
STLD,2024-02-21,train,True,True,D-1,121.790000916,122.459999084,120.660003662,122.050003052,125.050003052,127.819999695,4.9511443744540085,1,-4.393825150838593,1.1573836995916853,3.6495764355728655,-0.6204208107448483,-0.59185645344072,-0.9692245962836354,2.0,1.0,0.6044341294460225,2.7648636923043313,3.6495764355728655,4.858181699151554
STLD,2024-02-22,train,True,True,D-1,121.919998169,125.050003052,121.919998169,124.779998779,127.819999695,131.220001221,7.6279553737433226,1,1.1573836995916853,3.6495764355728655,-0.6204208107448483,-0.59185645344072,-0.4567307358404271,3.108896020612173,2.0,2.0,0.49553052052153423,3.2363759518441615,3.6495764355728655,4.695460434519094
STLD,2024-02-23,train,True,True,D-1,125.519996643,127.819999695,124.550003052,127.010002136,131.220001221,133.649993896,6.477053434062063,1,3.6495764355728655,-0.6204208107448483,-0.59185645344072,-0.4567307358404271,2.236784644599199,4.209120598719562,2.0,3.0,0.7953017770967156,0.9777217766773427,3.6495764355728655,3.6495764355728655
STLD,2024-02-26,train,True,True,D-1,127.599998474,131.220001221,127.019996643,131.070007324,133.649993896,133.160003662,4.7413757792738265,1,-0.6204208107448483,-0.59185645344072,-0.4567307358404271,2.236784644599199,1.7871480836841425,2.3366380724732183,2.0,0.0,0.8868717866229566,0.6377431268229428,2.236784644599199,0.0
STLD,2024-02-27,train,True,True,D-1,130.86000061,133.649993896,130.770004272,132.970001221,133.160003662,134.369995117,2.6822516358232296,0,-0.59185645344072,-0.4567307358404271,2.236784644599199,1.7871480836841425,3.1966027239749284,6.267237891605504,3.0,0.0,0.9857960291977372,0.11443800154007366,3.1966027239749284,2.236784644599199
STLD,2024-02-28,train,True,True,D-1,131.61000061,133.160003662,130.820007324,132.490005493,134.369995117,137.699996948,4.627305151412098,1,-0.4567307358404271,2.236784644599199,1.7871480836841425,3.1966027239749284,1.4496023428939742,8.449555957473054,4.0,0.0,0.9476525645708178,0.5113880339595145,3.1966027239749284,2.236784644599199
STLD,2024-02-29,train,True,True,D-1,133.130004883,134.369995117,132.059997559,133.820007324,137.699996948,134.86000061,3.4327288345075146,1,2.236784644599199,1.7871480836841425,3.1966027239749284,1.4496023428939742,-0.360980464459959,8.553873150295633,4.0,1.0,0.9011092220323706,0.8755289870233218,3.1966027239749284,3.1966027239749284
STLD,2024-03-01,train,True,True,D-1,134.279998779,137.699996948,132.36000061,133.710006714,134.86000061,130.449996948,0.43193464125252934,0,1.7871480836841425,3.1966027239749284,1.4496023428939742,-0.360980464459959,1.0038506874922248,7.244757680284097,4.0,0.0,0.9439930511797198,0.41099070609704746,3.1966027239749284,3.1966027239749284
STLD,2024-03-04,train,True,True,D-1,133.470001221,134.86000061,128.529998779,130.240005493,130.449996948,132.289993286,-0.8840997409194085,0,3.1966027239749284,1.4496023428939742,-0.360980464459959,1.0038506874922248,-0.08220042144644335,5.275178698781358,3.0,0.0,0.6264054194706317,2.9840625485379135,3.1966027239749284,3.1966027239749284
STLD,2024-03-05,train,True,True,D-1,129.149993896,130.449996948,127.13999939,128.5,132.289993286,133.320007324,3.2288142664241626,1,1.4496023428939742,-0.360980464459959,1.0038506874922248,-0.08220042144644335,-2.5951694314264584,-0.6332507702912049,2.0,1.0,0.1864784138977076,5.727880175343625,1.4496023428939742,4.124838955556987
STLD,2024-03-06,train,True,True,D-1,131.059997559,132.289993286,129.690002441,129.960006714,133.320007324,135.240005493,3.189385023541047,1,-0.360980464459959,1.0038506874922248,-0.08220042144644335,-2.5951694314264584,-1.335999247246289,-3.361661412314132,1.0,2.0,0.12878796633524744,7.1595306988326834,1.0038506874922248,4.900347922096349
STLD,2024-03-07,train,True,True,D-1,130.919998169,133.320007324,130.919998169,132.410003662,135.240005493,130.419998169,3.2997306633196555,1,1.0038506874922248,-0.08220042144644335,-2.5951694314264584,-1.335999247246289,1.1361919953307487,-1.9095770806150991,2.0,3.0,0.2670462098604967,5.955670848058059,1.1361919953307487,1.2188374559126691
STLD,2024-03-08,train,True,True,D-1,132.88999939,135.240005493,131.220001221,131.479995728,130.419998169,131.539993286,-1.0158823915997428,0,-0.08220042144644335,-2.5951694314264584,-1.335999247246289,1.1361919953307487,1.8851929989444072,-1.053656841152406,2.0,4.0,0.49905355025461884,3.9951613471015612,1.8851929989444072,0.0
STLD,2024-03-11,train,True,True,D-1,130.25,130.419998169,127.230003357,129.919998169,131.539993286,134.539993286,3.293660872168913,1,-2.5951694314264584,-1.335999247246289,1.1361919953307487,1.8851929989444072,-0.7023698423678115,-1.667796630038243,2.0,0.0,0.5358016133336733,2.8597580523036736,1.8851929989444072,1.1361919953307487
STLD,2024-03-12,train,True,True,D-1,131.050003052,131.539993286,128.0,131.339996338,134.539993286,135.199996948,3.1667255241141223,1,-1.335999247246289,1.1361919953307487,1.8851929989444072,-0.7023698423678115,-1.186490424161002,-0.245705858801748,2.0,1.0,0.3432094672089646,4.0948332812318355,1.8851929989444072,3.76571971455133
STLD,2024-03-13,train,True,True,D-1,131.660003662,134.539993286,131.600006104,133.949996948,135.199996948,138.949996948,5.536983961139019,1,1.1361919953307487,1.8851929989444072,-0.7023698423678115,-1.186490424161002,1.0929789016413505,2.2101138817120614,3.0,2.0,0.5131076011238638,2.9693994698792636,1.8851929989444072,1.99167261147013
STLD,2024-03-14,train,True,True,D-1,133.949996948,135.199996948,131.050003052,132.160003662,138.949996948,140.350006104,4.777909146563464,1,1.8851929989444072,-0.7023698423678115,-1.186490424161002,1.0929789016413505,1.987209290978842,3.0701677653654613,3.0,3.0,0.8389502870165022,0.9630523138427494,1.987209290978842,1.8851929989444072
STLD,2024-03-15,train,True,True,D-1,132.300003052,138.949996948,131.619995117,137.899993896,140.350006104,141.259994507,6.7724801574481575,1,-0.7023698423678115,-1.186490424161002,1.0929789016413505,1.987209290978842,-1.3363145403391674,-0.18880748665951463,2.0,4.0,0.6154805231377781,2.330509795442448,1.987209290978842,1.0929789016413505
STLD,2024-03-18,train,True,True,D-1,138.460006714,140.350006104,137.729995728,139.970001221,141.259994507,143.410003662,3.5750373450613937,1,-1.186490424161002,1.0929789016413505,1.987209290978842,-1.3363145403391674,4.343212829109833,4.8828706849682435,3.0,0.0,0.9104092469123609,0.7614235666985492,4.343212829109833,1.987209290978842
STLD,2024-03-19,train,True,True,D-1,140.0,141.259994507,139.729995728,140.880004883,143.410003662,144.410003662,3.150002615714298,1,1.0929789016413505,1.987209290978842,-1.3363145403391674,4.343212829109833,1.5010931230070357,7.735532014807256,4.0,0.0,0.9692303890540653,0.2714902333965208,4.343212829109833,1.987209290978842
STLD,2024-03-20,train,True,True,D-1,141.179992676,143.410003662,140.300003052,142.720001221,144.410003662,145.479995728,3.045759509187862,1,1.987209290978842,-1.3363145403391674,4.343212829109833,1.5010931230070357,0.6501419261711661,7.26359738921345,4.0,0.0,0.9627825717901162,0.2697257317073376,4.343212829109833,4.343212829109833
STLD,2024-03-21,train,True,True,D-1,143.800003052,144.410003662,141.259994507,143.86000061,145.479995728,148.339996338,3.157157990016368,1,-1.3363145403391674,4.343212829109833,1.5010931230070357,0.6501419261711661,1.306073448484124,6.547222450781054,4.0,0.0,0.9441745625447815,0.4834658317663276,4.343212829109833,4.343212829109833
STLD,2024-03-22,train,True,True,D-1,143.149993896,145.479995728,143.149993896,144.009994507,148.339996338,145.820007324,3.6255694469470745,1,4.343212829109833,1.5010931230070357,0.6501419261711661,1.306073448484124,0.7987663811988899,8.852903014381553,5.0,0.0,0.9569974445235977,0.3823182605782627,4.343212829109833,4.343212829109833
STLD,2024-03-25,train,True,True,D-1,145.520004272,148.339996338,144.059997559,144.149993896,145.820007324,147.13999939,1.1132456503863075,0,1.5010931230070357,0.6501419261711661,1.306073448484124,0.7987663811988899,0.10426379560961596,4.430747557253656,5.0,0.0,0.8103224230967718,1.0207633338452426,1.5010931230070357,1.5010931230070357
STLD,2024-03-26,train,True,True,D-1,144.600006104,145.820007324,144.169998169,144.830001831,147.13999939,148.740005493,2.863069996015377,0,0.6501419261711661,1.306073448484124,0.7987663811988899,0.10426379560961596,0.09721505057984636,2.9863489594460946,5.0,0.0,0.5133563129910177,2.9066962326914414,1.306073448484124,1.306073448484124
STLD,2024-03-27,train,True,True,D-1,146.220001221,147.13999939,144.809997559,146.990005493,148.740005493,151.339996338,3.501569603505561,1,1.306073448484124,0.7987663811988899,0.10426379560961596,0.09721505057984636,0.4717363605929892,2.8038023928806943,5.0,1.0,0.5634331544639566,2.423527213025767,1.306073448484124,1.306073448484124
STLD,2024-03-28,train,True,True,D-1,147.38999939,148.740005493,146.630004883,148.229995728,151.339996338,149.339996338,2.679962659846491,0,0.7987663811988899,0.10426379560961596,0.09721505057984636,0.4717363605929892,1.4914062243267079,2.991875164986846,5.0,2.0,0.8093233762893954,0.9184235625219195,1.4914062243267079,0.7987663811988899
STLD,2024-04-01,train,True,True,D-1,149.0,151.339996338,148.050003052,149.259994507,149.339996338,150.5,1.0067114093959662,0,0.10426379560961596,0.09721505057984636,0.4717363605929892,1.4914062243267079,0.8435881275336454,3.037672111407086,5.0,0.0,0.9087640953600679,0.34406650455274246,1.4914062243267079,0.4717363605929892
STLD,2024-04-02,train,True,True,D-1,149.009994507,149.339996338,145.979995728,147.899993896,150.5,149.779998779,0.9999366136007826,0,0.09721505057984636,0.4717363605929892,1.4914062243267079,0.8435881275336454,0.6948652827933888,3.6455803070979176,5.0,0.0,0.7142854148547366,1.393542749261223,1.4914062243267079,1.4914062243267079
STLD,2024-04-03,train,True,True,D-1,147.759994507,150.5,147.369995117,147.729995728,149.779998779,147.660003662,1.3670846961924665,0,0.4717363605929892,1.4914062243267079,0.8435881275336454,0.6948652827933888,-0.9111621740922615,2.6014569259749765,4.0,1.0,0.5202226889160059,2.3258976226996353,1.4914062243267079,1.7140344652433082
STLD,2024-04-04,train,True,True,D-1,148.600006104,149.779998779,146.070007324,146.710006714,147.660003662,148.880004883,0.18842447341762547,0,1.4914062243267079,0.8435881275336454,0.6948652827933888,-0.9111621740922615,-0.11494129480461579,2.002343340700885,3.0,2.0,0.4471667251134112,2.4436476777855543,1.4914062243267079,2.516462391622909
STLD,2024-04-05,train,True,True,D-1,146.149993896,147.660003662,145.630004883,147.270004272,148.880004883,149.619995117,2.3742739417897063,0,0.8435881275336454,0.6948652827933888,-0.9111621740922615,-0.11494129480461579,-0.6904413751409044,-0.190488311134418,2.0,3.0,0.13619606397768644,3.1558785441444304,0.8435881275336454,1.648177195222711
STLD,2024-04-08,train,True,True,D-1,147.919998169,148.880004883,146.13999939,147.850006104,149.619995117,146.029998779,1.1492678265569989,0,0.6948652827933888,-0.9111621740922615,-0.11494129480461579,-0.6904413751409044,0.3817037232447751,-0.6476364323463768,2.0,4.0,0.28721573437100667,2.763625957722482,0.6948652827933888,1.0062383751252568
STLD,2024-04-09,train,True,True,D-1,148.880004883,149.619995117,144.509994507,146.729995728,146.029998779,145.619995117,-1.9142974278108849,0,-0.9111621740922615,-0.11494129480461579,-0.6904413751409044,0.3817037232447751,0.3938356862737358,-0.9446525893673896,2.0,3.0,0.45585286384589796,1.7923529161953278,0.3938356862737358,0.0
STLD,2024-04-10,train,True,True,D-1,145.039993286,146.029998779,143.509994507,144.649993896,145.619995117,145.309997559,0.39989096652557343,0,-0.11494129480461579,-0.6904413751409044,0.3817037232447751,0.3938356862737358,-0.757531504741471,-0.7910738446836763,2.0,4.0,0.37061756013318126,2.56934804182003,0.3938356862737358,0.7483829711129486
STLD,2024-04-11,train,True,True,D-1,144.529998779,145.619995117,142.5,144.229995728,145.309997559,143.039993286,0.53967950362519,0,-0.6904413751409044,0.3817037232447751,0.3938356862737358,-0.757531504741471,-1.4175709756414023,-2.084885887136212,2.0,4.0,0.18181796049022222,3.5464950566733933,0.3938356862737358,2.5581996199140478
STLD,2024-04-12,train,True,True,D-1,144.289993286,145.309997559,140.0,140.630004883,143.039993286,140.229995728,-0.8663109419669524,0,0.3817037232447751,0.3938356862737358,-0.757531504741471,-1.4175709756414023,-0.29035477754805195,-1.6904170625760995,2.0,2.0,0.24297709472712906,3.7370862848563613,0.3938356862737358,2.0976454544102796
STLD,2024-04-15,train,True,True,D-1,142.289993286,143.039993286,140.75,140.970001221,140.229995728,142.179992676,-0.07730734077616708,0,0.3938356862737358,-0.757531504741471,-1.4175709756414023,-0.29035477754805195,-2.496007038500614,-4.508724924551688,1.0,3.0,0.06548910631843077,6.392654427822442,0.3938356862737358,3.1729502266381826
STLD,2024-04-16,train,True,True,D-1,139.61000061,140.229995728,137.460006714,139.770004272,142.179992676,140.0,1.8408366555195954,0,-0.757531504741471,-1.4175709756414023,-0.29035477754805195,-2.496007038500614,0.24176656914920436,-4.653368007411851,1.0,4.0,0.10083177893571373,6.136052934013492,0.24176656914920436,2.260274979934107
STLD,2024-04-17,train,True,True,D-1,142.179992676,142.179992676,138.699996948,138.929992676,140.0,137.979995728,-1.5332626166100427,0,-1.4175709756414023,-0.29035477754805195,-2.496007038500614,0.24176656914920436,-0.8512427740698936,-4.743400571551892,1.0,4.0,0.2695448887793095,4.478782511029844,0.24176656914920436,0.6115342253706801
STLD,2024-04-18,train,True,True,D-1,140.0,140.0,135.259994507,136.070007324,137.979995728,138.63999939,-0.9714290071428433,0,-0.29035477754805195,-2.496007038500614,0.24176656914920436,-0.8512427740698936,-0.6009956144562123,-3.9543736338575664,1.0,4.0,0.18014559450348888,4.815376659956949,0.24176656914920436,1.68888902593477
STLD,2024-04-19,train,True,True,D-1,136.479995728,137.979995728,135.649993896,136.899993896,138.63999939,135.779998779,1.5826522051662684,0,-2.496007038500614,0.24176656914920436,-0.8512427740698936,-0.6009956144562123,-2.058580222248929,-5.657622301666532,1.0,4.0,0.08059826577254642,6.790614931767025,0.24176656914920436,2.888970428998572
STLD,2024-04-22,train,True,True,D-1,136.929992676,138.63999939,135.410003662,137.300003052,135.779998779,144.910003662,5.827803558627265,1,0.24176656914920436,-0.8512427740698936,-0.6009956144562123,-2.058580222248929,0.6099702559901443,-2.652357859265697,2.0,4.0,0.2107968697150386,4.485025320501035,0.6099702559901443,1.702933262459394
STLD,2024-04-23,train,True,True,D-1,133.529998779,135.779998779,130.759994507,134.160003662,144.910003662,133.199996948,8.52243315139587,1,-0.8512427740698936,-0.6009956144562123,-2.058580222248929,0.6099702559901443,0.2921907770893295,-2.6033894709602157,2.0,3.0,0.2947990006903135,3.554253106718286,0.6099702559901443,0.0
STLD,2024-04-24,train,True,True,D-1,141.059997559,144.910003662,128.75,129.919998169,133.199996948,136.279998779,-3.38862814597789,0,-0.6009956144562123,-2.058580222248929,0.6099702559901443,0.2921907770893295,-2.286962359943112,-4.013737167155417,2.0,4.0,0.29772414186803126,5.977928439988278,0.6099702559901443,2.6114241319351805
STLD,2024-04-25,train,True,True,D-1,129.160003662,133.199996948,127.050003052,133.029998779,136.279998779,135.190002441,5.51253864596688,1,-2.058580222248929,0.6099702559901443,0.2921907770893295,-2.286962359943112,-3.160409494086025,-6.485276745110258,2.0,0.0,0.07240086038787404,11.537873848721114,0.6099702559901443,5.98506473446947
STLD,2024-04-26,train,True,True,D-1,133.0,136.279998779,133.0,134.039993286,135.190002441,133.5,1.6466183766917108,0,0.6099702559901443,0.2921907770893295,-2.286962359943112,-3.160409494086025,2.3937812914333056,-2.2341503500924564,3.0,1.0,0.33482617708600465,8.93032022253568,2.3937812914333056,1.4522517498449794
STLD,2024-04-29,train,True,True,D-1,134.100006104,135.190002441,133.289993286,135.070007324,133.5,132.779998779,-0.44743182452553487,0,0.2921907770893295,-2.286962359943112,-3.160409494086025,2.3937812914333056,0.7592231198001231,-2.0891166818989726,3.0,2.0,0.3913768194434568,8.10952769357931,2.3937812914333056,0.2921907770893295
STLD,2024-04-30,train,True,True,D-1,133.479995728,133.5,129.330001831,130.119995117,132.779998779,131.190002441,-0.5244208656002836,0,-2.286962359943112,-3.160409494086025,2.3937812914333056,0.7592231198001231,0.7684378466076502,-1.6241774788274599,3.0,3.0,0.4490483761523224,7.2851083174936715,2.3937812914333056,2.3937812914333056
STLD,2024-05-01,train,True,True,D-1,131.320007324,132.779998779,128.899993896,129.649993896,131.190002441,135.809997559,3.4191212188422027,1,-3.160409494086025,2.3937812914333056,0.7592231198001231,0.7684378466076502,-3.6647752562314673,-3.011336042579671,3.0,4.0,0.17189204704064148,11.366437980343669,2.3937812914333056,5.318280221119109
STLD,2024-05-02,train,True,True,D-1,130.270004272,131.190002441,128.88999939,130.789993286,135.809997559,137.059997559,5.212246153629274,1,2.3937812914333056,0.7592231198001231,0.7684378466076502,-3.6647752562314673,-0.36120599341967763,-0.2078234889202779,3.0,3.0,0.28168927926958875,5.113771843536163,2.3937812914333056,6.4065251532135825
STLD,2024-05-03,train,True,True,D-1,131.789993286,135.809997559,131.789993286,135.470001221,137.059997559,133.479995728,3.9987893933369323,1,0.7592231198001231,0.7684378466076502,-3.6647752562314673,-0.36120599341967763,0.879289968123298,-1.6838348594750308,3.0,4.0,0.2571033901339859,4.197573036795688,0.879289968123298,0.7684378466076502
STLD,2024-05-06,train,True,True,D-1,136.160003662,137.059997559,130.309997559,132.600006104,133.479995728,132.619995117,-1.9682783944782956,0,0.7684378466076502,-3.6647752562314673,-0.36120599341967763,0.879289968123298,3.5782614689536363,1.0668516910089743,3.0,0.0,0.9508675682136556,0.2509753708832996,3.5782614689536363,0.7684378466076502
STLD,2024-05-07,train,True,True,D-1,132.600006104,133.479995728,131.759994507,132.710006714,132.619995117,135.199996948,1.9607773184873167,0,-3.6647752562314673,-0.36120599341967763,0.879289968123298,3.5782614689536363,-2.11854660894113,-1.828682228523959,2.0,0.0,0.4541012907539093,3.363492646826871,3.5782614689536363,0.879289968123298
STLD,2024-05-08,train,True,True,D-1,132.050003052,132.619995117,130.770004272,130.820007324,135.199996948,135.559997559,2.658079837845828,0,-0.36120599341967763,0.879289968123298,3.5782614689536363,-2.11854660894113,0.08295671563827156,1.9904793223141093,3.0,1.0,0.46756526072362087,3.277816762058161,3.5782614689536363,5.615608838942543
STLD,2024-05-09,train,True,True,D-1,131.36000061,135.199996948,131.100006104,134.839996338,135.559997559,135.970001221,3.509440156510668,1,0.879289968123298,3.5782614689536363,-2.11854660894113,0.08295671563827156,-1.4241574066627072,0.9024400178055725,3.0,2.0,0.23623113421532213,4.769905125861618,3.5782614689536363,4.920643594188167
STLD,2024-05-10,train,True,True,D-1,135.11000061,135.559997559,133.539993286,135.179992676,135.970001221,136.369995117,0.9325693888767139,0,3.5782614689536363,-2.11854660894113,0.08295671563827156,-1.4241574066627072,3.0729160594248794,3.0965695082985523,3.0,3.0,0.6711109302222196,1.6463966785012385,3.5782614689536363,3.5782614689536363
STLD,2024-05-13,train,True,True,D-1,135.520004272,135.970001221,134.479995728,134.850006104,136.369995117,137.789993286,1.6750213565843275,0,-2.11854660894113,0.08295671563827156,-1.4241574066627072,3.0729160594248794,0.25214798815906825,-0.21407584143066094,3.0,4.0,0.7214807580740744,1.3907419624633377,3.0729160594248794,0.08295671563827156
STLD,2024-05-14,train,True,True,D-1,135.149993896,136.369995117,134.800003052,135.070007324,137.789993286,137.210006714,1.9533847645095026,0,0.08295671563827156,-1.4241574066627072,3.0729160594248794,0.25214798815906825,-0.24410903231141257,1.6968325010749297,3.0,0.0,0.7846161972815413,0.8305488070473155,3.0729160594248794,3.0729160594248794
STLD,2024-05-15,train,True,True,D-1,135.570007324,137.789993286,135.449996948,136.929992676,137.210006714,135.399993896,1.2097066470466267,0,-1.4241574066627072,3.0729160594248794,0.25214798815906825,-0.24410903231141257,0.16314513165860411,1.7783139858367658,3.0,0.0,0.7678589431693951,0.9624548178794878,3.0729160594248794,3.154278212079853
STLD,2024-05-16,train,True,True,D-1,136.820007324,137.210006714,134.809997559,134.949996948,135.399993896,134.690002441,-1.037869720791107,0,3.0729160594248794,0.25214798815906825,-0.24410903231141257,0.16314513165860411,1.3770528253088665,4.670528214287217,4.0,0.0,0.8714495877788986,0.6280586109683739,3.0729160594248794,3.0729160594248794
STLD,2024-05-17,train,True,True,D-1,135.399993896,135.399993896,133.580001831,133.929992676,134.690002441,134.490005493,-0.524365943136873,0,0.25214798815906825,-0.24410903231141257,0.16314513165860411,1.3770528253088665,-1.4459912611585524,0.08157862131965565,3.0,1.0,0.3317655675294137,2.104480475901238,1.3770528253088665,0.34099848752426887
STLD,2024-05-20,train,True,True,D-1,134.220001221,134.690002441,131.179992676,133.080001831,134.490005493,133.740005493,0.2011654519026962,0,-0.24410903231141257,0.16314513165860411,1.3770528253088665,-1.4459912611585524,-0.7558386773384163,-0.9246930520228736,2.0,2.0,0.08313338607477251,2.8821032039761274,1.3770528253088665,3.5679534025830684
STLD,2024-05-21,train,True,True,D-1,133.259994507,134.490005493,132.179992676,134.350006104,133.740005493,134.009994507,0.5628095684489853,0,0.16314513165860411,1.3770528253088665,-1.4459912611585524,-0.7558386773384163,-0.6346530960068653,-1.3125726309829777,2.0,3.0,0.28744462627212924,3.539218056955895,1.3770528253088665,2.7627476450876043
STLD,2024-05-22,train,True,True,D-1,132.539993286,133.740005493,131.440002441,132.729995728,134.009994507,134.490005493,1.4712632456470809,0,1.3770528253088665,-1.4459912611585524,-0.7558386773384163,-0.6346530960068653,0.9543163927911325,-0.5330578077728965,2.0,4.0,0.4795783866047151,2.560466710613407,1.3770528253088665,1.3770528253088665
STLD,2024-05-23,train,True,True,D-1,133.470001221,134.009994507,132.5,133.570007324,134.490005493,135.490005493,1.5134519019410986,0,-1.4459912611585524,-0.7558386773384163,-0.6346530960068653,0.9543163927911325,-1.2058133996256992,-3.0672585793076967,1.0,4.0,0.25704800059040867,3.3752814964153055,0.9543163927911325,0.26300428177366
STLD,2024-05-24,train,True,True,D-1,134.309997559,134.490005493,132.380004883,133.339996338,135.490005493,135.919998169,1.1987198564967105,0,-0.7558386773384163,-0.6346530960068653,0.9543163927911325,-1.2058133996256992,0.6328724651821771,-1.0225932976728913,2.0,4.0,0.5663540182578374,1.3700580007913299,0.9543163927911325,1.5348885882223717
STLD,2024-05-28,train,True,True,D-1,133.690002441,135.490005493,132.75,134.279998779,135.919998169,134.520004272,1.6680347724461697,0,-0.6346530960068653,0.9543163927911325,-1.2058133996256992,0.6328724651821771,-0.17220257047830811,-0.4405259241873627,2.0,4.0,0.615383946659759,1.0124539823579193,0.9543163927911325,0.9543163927911325
STLD,2024-05-29,train,True,True,D-1,133.059997559,135.919998169,131.440002441,131.729995728,134.520004272,133.929992676,1.0972544264121087,0,0.9543163927911325,-1.2058133996256992,0.6328724651821771,-0.17220257047830811,0.7049666017818312,0.9017109494211528,3.0,0.0,0.7012331352682656,0.9011071827543349,0.9543163927911325,0.9543163927911325
STLD,2024-05-30,train,True,True,D-1,131.160003662,134.520004272,131.0,133.5,133.929992676,134.559997559,2.592249010423786,0,-1.2058133996256992,0.6328724651821771,-0.17220257047830811,0.7049666017818312,-1.89901926883157,-1.9501378913014955,2.0,0.0,0.0647307061449982,3.1807504569055345,0.7049666017818312,1.840312583838577
STLD,2024-05-31,train,True,True,D-1,133.75,133.929992676,131.179992676,133.869995117,134.559997559,130.949996948,0.6056056515888031,0,0.6328724651821771,-0.17220257047830811,0.7049666017818312,-1.89901926883157,1.3436607677834722,0.5801283031590998,3.0,1.0,0.5081302704037657,1.81273271086142,1.3436607677834722,1.285841479717853
STLD,2024-06-03,train,True,True,D-1,134.0,134.559997559,131.490005493,132.61000061,130.949996948,128.550003052,-2.2761216805970097,0,-0.17220257047830811,0.7049666017818312,-1.89901926883157,1.3436607677834722,0.27714990037452925,0.22459218129136094,3.0,2.0,0.5833325579434793,1.5313387067866335,1.3436607677834722,0.7049666017818312
STLD,2024-06-04,train,True,True,D-1,130.830001831,130.949996948,127.11000061,127.239997864,128.550003052,128.460006714,-1.7427186020720242,0,0.7049666017818312,-1.89901926883157,1.3436607677834722,0.27714990037452925,-0.9412075543132725,-0.547469437564374,3.0,3.0,0.3272360181238082,2.496039170329678,1.3436607677834722,2.010326977521315
STLD,2024-06-05,train,True,True,D-1,126.63999939,128.550003052,126.419998169,127.160003662,128.460006714,127.720001221,1.4371504522793899,0,-1.89901926883157,1.3436607677834722,0.27714990037452925,-0.9412075543132725,-4.049470417991263,-5.242777017436929,2.0,4.0,0.01475565153445496,6.821754519579271,1.3436607677834722,6.29622481860419
STLD,2024-06-06,train,True,True,D-1,126.720001221,128.460006714,126.379997253,128.350006104,127.720001221,125.199996948,0.7891414065377189,0,1.3436607677834722,0.27714990037452925,-0.9412075543132725,-4.049470417991263,-0.06286875459201591,-3.4692114280761577,2.0,2.0,0.09090977253746414,5.8194351084400076,1.3436607677834722,5.453454088747389
STLD,2024-06-07,train,True,True,D-1,126.800003052,127.720001221,124.660003662,125.519996643,125.199996948,122.61000061,-1.2618344365053602,0,0.27714990037452925,-0.9412075543132725,-4.049470417991263,-0.06286875459201591,0.9358307704701696,-3.857673330337086,2.0,3.0,0.2408323688637263,4.838325796391607,0.9358307704701696,0.27714990037452925
STLD,2024-06-10,train,True,True,D-1,125.010002136,125.199996948,122.36000061,123.669998169,122.61000061,123.519996643,-1.191909021310955,0,-0.9412075543132725,-4.049470417991263,-0.06286875459201591,0.9358307704701696,-2.2049157198378966,-6.237393574790417,1.0,4.0,0.08686803142985852,7.202040437995949,0.9358307704701696,1.2897192291368986
STLD,2024-06-11,train,True,True,D-1,122.61000061,122.61000061,120.050003052,121.529998779,123.519996643,121.870002747,0.7421874467601786,0,-4.049470417991263,-0.06286875459201591,0.9358307704701696,-2.2049157198378966,-1.473867529857975,-6.7415748434329075,1.0,4.0,0.15250269120661816,5.886632883305776,0.9358307704701696,4.5821164833106165
STLD,2024-06-12,train,True,True,D-1,123.150001526,123.519996643,120.36000061,120.779998779,121.870002747,121.61000061,-1.0393818620698547,0,-0.06286875459201591,0.9358307704701696,-2.2049157198378966,-1.473867529857975,-1.730411111574215,-4.487581877440084,1.0,4.0,0.17411714435294143,5.776355092182417,0.9358307704701696,4.1146054443958135
STLD,2024-06-13,train,True,True,D-1,120.790000916,121.870002747,119.059997559,121.419998169,121.61000061,126.790000916,4.967298579766166,1,0.9358307704701696,-2.2049157198378966,-1.473867529857975,-1.730411111574215,-0.6171315786515086,-5.017304733616157,1.0,4.0,0.08680088099110288,6.35867528782863,0.9358307704701696,3.2726945472858704
STLD,2024-06-14,train,True,True,D-1,118.980003357,121.61000061,118.36000061,120.690002441,126.790000916,128.369995117,7.892075554768052,1,-2.2049157198378966,-1.473867529857975,-1.730411111574215,-0.6171315786515086,0.529888554785507,-5.399304717901387,1.0,4.0,0.2725172762172901,5.188604140177366,0.529888554785507,0.09051313346923884
STLD,2024-06-17,train,True,True,D-1,120.400001526,126.790000916,120.339996338,126.550003052,128.369995117,127.050003052,6.619595921914434,1,-1.473867529857975,-1.730411111574215,-0.6171315786515086,0.529888554785507,-0.6012154002703385,-3.8479878355456854,1.0,4.0,0.34064372491773726,3.7368418392440983,0.529888554785507,0.07451261708046886
STLD,2024-06-18,train,True,True,D-1,126.480003357,128.369995117,123.400001526,125.0,127.050003052,128.820007324,1.850097964019759,0,-1.730411111574215,-0.6171315786515086,0.529888554785507,-0.6012154002703385,4.855415106868266,2.3287821829384603,2.0,0.0,0.9715305035245152,0.1896466678877884,4.855415106868266,0.529888554785507
STLD,2024-06-20,train,True,True,D-1,125.019996643,127.050003052,124.480003357,125.680000305,128.820007324,128.929992676,3.1274965109503006,1,-0.6171315786515086,0.529888554785507,-0.6012154002703385,4.855415106868266,-1.2248147092996042,2.855263108584527,2.0,0.0,0.6633369664045909,2.695996093600006,4.855415106868266,0.529888554785507
STLD,2024-06-21,train,True,True,D-1,125.760002136,128.820007324,124.300003052,128.179992676,128.929992676,127.25,2.5206667351769907,0,0.529888554785507,-0.6012154002703385,4.855415106868266,-1.2248147092996042,0.5440002439999869,4.056964377823746,3.0,1.0,0.7312691020840328,2.1403523277147896,4.855415106868266,5.542892567175017
STLD,2024-06-24,train,True,True,D-1,127.400001526,128.929992676,125.720001221,126.339996338,127.25,125.069999695,-0.11774059984558383,0,-0.6012154002703385,4.855415106868266,-1.2248147092996042,0.5440002439999869,1.9891727919581825,5.567447380118584,3.0,0.0,0.9388131704405733,0.4993093185905684,4.855415106868266,4.855415106868266
STLD,2024-06-25,train,True,True,D-1,127.25,127.25,123.290000916,123.589996338,125.069999695,126.339996338,-0.7151305791748497,0,4.855415106868266,-1.2248147092996042,0.5440002439999869,1.9891727919581825,-1.4354785794464475,4.681410044516343,3.0,0.0,0.6984869101116485,2.050020906341432,4.855415106868266,4.855415106868266
STLD,2024-06-26,train,True,True,D-1,122.88999939,125.069999695,122.480003357,124.779998779,126.339996338,130.600006104,6.273908985491761,1,-1.2248147092996042,0.5440002439999869,1.9891727919581825,-1.4354785794464475,-2.176666202081301,-2.339001693096532,2.0,1.0,0.05319075537089231,4.320735088781724,1.9891727919581825,5.570071996409009
STLD,2024-06-27,train,True,True,D-1,124.779998779,126.339996338,124.349998474,125.050003052,130.600006104,130.600006104,4.664214923825982,1,0.5440002439999869,1.9891727919581825,-1.4354785794464475,-2.176666202081301,0.9628630765110779,-0.17600097680000593,3.0,2.0,0.35658902801975184,3.3258486436998247,1.9891727919581825,3.2239342326871423
STLD,2024-06-28,train,True,True,D-1,126.61000061,130.600006104,126.580001831,129.5,130.600006104,130.259994507,3.1514141653711025,1,1.9891727919581825,-1.4354785794464475,-2.176666202081301,0.9628630765110779,0.2163842568056129,-0.5012708875486327,3.0,3.0,0.3984502249374947,3.102750523233966,1.9891727919581825,1.9891727919581825
STLD,2024-07-01,train,True,True,D-1,130.020004272,130.600006104,127.400001526,129.149993896,130.259994507,129.839996338,0.18457947016978782,0,-1.4354785794464475,-2.176666202081301,0.9628630765110779,0.2163842568056129,3.5585740418971,1.0298076138423262,3.0,0.0,0.8645313138094202,0.8494255629343472,3.5585740418971,0.9628630765110779
STLD,2024-07-02,train,True,True,D-1,128.990005493,130.259994507,127.230003357,128.300003052,129.839996338,126.970001221,0.6589586857922214,0,-2.176666202081301,0.9628630765110779,0.2163842568056129,3.5585740418971,-0.27027498378376924,2.2241551681562166,3.0,1.0,0.8214271283915887,1.1227350186076013,3.5585740418971,0.9628630765110779
STLD,2024-07-03,train,True,True,D-1,128.720001221,129.839996338,127.069999695,127.129997253,126.970001221,125.629997253,-1.3595400741143626,0,0.9628630765110779,0.2163842568056129,3.5585740418971,-0.27027498378376924,-0.6581423803120656,3.810993489407366,3.0,2.0,0.7167484884349636,1.792675757823492,3.5585740418971,4.485212611781275
STLD,2024-07-05,train,True,True,D-1,126.709999084,126.970001221,123.779998779,124.419998169,125.629997253,125.25,-0.8523414401447771,0,0.2163842568056129,3.5585740418971,-0.27027498378376924,-0.6581423803120656,-0.9119296735525362,1.8833134292316478,2.0,3.0,0.44479926162906186,2.7294965200812316,3.5585740418971,5.122644300101409
STLD,2024-07-08,train,True,True,D-1,124.269996643,125.629997253,123.599998474,124.269996643,125.25,127.870002747,2.89692299126878,0,3.5585740418971,-0.27027498378376924,-0.6581423803120656,-0.9119296735525362,-2.131675562461366,-0.5038023731498975,1.0,4.0,0.09384145199580128,4.967053549225797,3.5585740418971,6.582739895913048
STLD,2024-07-09,train,True,True,D-1,122.980003357,125.25,122.930000305,124.25,127.870002747,130.300003052,5.952186937050796,1,-0.27027498378376924,-0.6581423803120656,-0.9119296735525362,-2.131675562461366,-0.12056062386068822,-4.038612630888028,0.0,4.0,0.09571391981468416,5.0937552361771665,-0.12056062386068822,2.249666224965252
STLD,2024-07-10,train,True,True,D-1,124.86000061,127.870002747,124.480003357,127.279998779,130.300003052,130.75,4.7172828457669125,1,-0.6581423803120656,-0.9119296735525362,-2.131675562461366,-0.12056062386068822,-0.016091287953801103,-3.7940333934090686,0.0,4.0,0.18008195622308187,4.8370177118712165,-0.016091287953801103,0.13663251205733307
STLD,2024-07-11,train,True,True,D-1,127.550003052,130.300003052,127.040000916,129.770004272,130.75,137.270004272,7.62054173847202,1,-0.9119296735525362,-2.131675562461366,-0.12056062386068822,-0.016091287953801103,2.438630808048292,-0.7950150029120362,1.0,4.0,0.6295225718257664,2.011311740696198,2.438630808048292,0.0
STLD,2024-07-12,train,True,True,D-1,130.279998779,130.75,129.100006104,129.220001221,137.270004272,133.009994507,5.36537116864535,1,-2.131675562461366,-0.12056062386068822,-0.016091287953801103,2.438630808048292,1.9563211163471816,2.076620055096945,2.0,0.0,0.9280870308744812,0.40841393430881556,2.438630808048292,0.0
STLD,2024-07-15,train,True,True,D-1,131.580001831,137.270004272,131.160003662,131.910003662,133.009994507,133.240005493,1.2615926728227977,0,-0.12056062386068822,-0.016091287953801103,2.438630808048292,1.9563211163471816,-0.4238291075703393,3.8579031688138476,2.0,0.0,0.8043479745941334,1.1840262842772509,2.438630808048292,2.438630808048292
STLD,2024-07-16,train,True,True,D-1,130.199996948,133.009994507,128.63999939,132.710006714,133.240005493,133.419998169,2.473119275329938,0,-0.016091287953801103,2.438630808048292,1.9563211163471816,-0.4238291075703393,2.0817229651618696,6.147909572209964,3.0,0.0,0.6262204234856064,4.063376894245407,2.438630808048292,2.438630808048292
STLD,2024-07-17,train,True,True,D-1,132.800003052,133.240005493,129.919998169,130.070007324,133.419998169,129.759994507,0.46686378219225055,0,2.438630808048292,1.9563211163471816,-0.4238291075703393,2.0817229651618696,0.606476407998513,6.808858522334016,4.0,1.0,0.6434716785162955,3.436061583379413,2.438630808048292,2.438630808048292
STLD,2024-07-18,train,True,True,D-1,127.459999084,133.419998169,127.150001526,129.130004883,129.759994507,128.460006714,1.8044841044477122,0,1.9563211163471816,-0.4238291075703393,2.0817229651618696,0.606476407998513,-1.9892994171037959,2.1920243335674217,3.0,2.0,0.29618821251147126,5.5354782367814215,2.0817229651618696,3.4766106059163526
STLD,2024-07-19,train,True,True,D-1,129.169998169,129.759994507,126.910003662,128.440002441,128.460006714,127.489997864,-0.5496566269754588,0,-0.4238291075703393,2.0817229651618696,0.606476407998513,-1.9892994171037959,-0.7226896194896582,-0.49317975489817645,2.0,3.0,0.1956524525433169,6.303724216827344,2.0817229651618696,4.779335541367347
STLD,2024-07-22,train,True,True,D-1,128.339996338,128.460006714,125.5,127.769996643,127.489997864,127.440002441,-0.6623020868423701,0,2.0817229651618696,0.606476407998513,-1.9892994171037959,-0.7226896194896582,-0.5343471043969927,-0.603620780552383,2.0,4.0,0.14768327113061783,6.87480665149951,2.0817229651618696,3.3348980179930043
STLD,2024-07-23,train,True,True,D-1,126.61000061,127.489997864,125.349998474,126.620002747,127.440002441,128.669998169,1.627041741627866,0,0.606476407998513,-1.9892994171037959,-0.7226896194896582,-0.5343471043969927,-0.5216488518113849,-3.1385087590537597,1.0,2.0,0.2866158040143355,4.422009606673605,0.606476407998513,1.6596849486721132
STLD,2024-07-24,train,True,True,D-1,126.940002441,127.440002441,123.160003662,123.290000916,128.669998169,131.820007324,3.8443396795018625,1,-1.9892994171037959,-0.7226896194896582,-0.5343471043969927,-0.5216488518113849,-0.9000500322569271,-4.588956114006093,0.0,3.0,0.15737352180903633,5.370395888860546,-0.5216488518113849,1.4170037834093208
STLD,2024-07-25,train,True,True,D-1,125.010002136,128.669998169,123.760002136,127.599998474,131.820007324,131.36000061,5.447568251851798,1,-0.7226896194896582,-0.5343471043969927,-0.5216488518113849,-0.9000500322569271,-2.6299176739505326,-5.212582475767247,0.0,4.0,0.012670304444248052,8.216398067757158,-0.5216488518113849,3.5062971313347346
STLD,2024-07-26,train,True,True,D-1,128.179992676,131.820007324,127.800003052,130.539993286,131.36000061,131.479995728,2.5745071310320666,0,-0.5343471043969927,-0.5216488518113849,-0.9000500322569271,-2.6299176739505326,3.495820850010767,-1.1848573926611983,1.0,4.0,0.6727274198211427,1.6927868799623047,3.495820850010767,0.0
STLD,2024-07-29,train,True,True,D-1,130.880004883,131.36000061,129.059997559,130.520004272,131.479995728,135.320007324,3.3924222763967116,1,-0.5216488518113849,-0.9000500322569271,-2.6299176739505326,3.495820850010767,2.3040711968339567,1.6349975125270255,2.0,0.0,0.8521924368673562,0.9805531667185008,3.495820850010767,0.0
STLD,2024-07-30,train,True,True,D-1,130.789993286,131.479995728,128.820007324,128.850006104,135.320007324,133.960006714,3.463578462072525,1,-0.9000500322569271,-2.6299176739505326,3.495820850010767,2.3040711968339567,-0.015312559390290303,2.1523109503428506,2.0,1.0,0.8498842376124627,0.9960182419936459,3.495820850010767,3.495820850010767
STLD,2024-07-31,train,True,True,D-1,129.960006714,135.320007324,129.679992676,133.220001221,133.960006714,123.790000916,3.0778699548721145,1,-2.6299176739505326,3.495820850010767,2.3040711968339567,-0.015312559390290303,-1.2794959495402547,1.7611777828308695,2.0,2.0,0.6570438840537292,2.305006658364306,3.495820850010767,4.79043343536415
STLD,2024-08-01,train,True,True,D-1,132.559997559,133.960006714,124.63999939,126.349998474,123.790000916,123.550003052,-6.615869647324524,0,3.495820850010767,2.3040711968339567,-0.015312559390290303,-1.2794959495402547,3.3915366006834313,8.054181386344151,3.0,0.0,0.818338653932445,1.5763444556018857,3.495820850010767,3.495820850010767
STLD,2024-08-02,train,True,True,D-1,123.029998779,123.790000916,119.879997253,121.279998779,123.550003052,124.190002441,0.9428624510382511,0,2.3040711968339567,-0.015312559390290303,-1.2794959495402547,3.3915366006834313,-5.156885365586561,-0.9796238361669762,2.0,1.0,0.16011215483803076,7.099334355627884,3.3915366006834313,4.244317616366233
STLD,2024-08-05,train,True,True,D-1,117.760002136,123.550003052,115.0,121.410003662,124.190002441,126.190002441,7.158627846545285,1,-0.015312559390290303,-1.2794959495402547,3.3915366006834313,-5.156885365586561,-4.01266304411021,-7.093607310605787,1.0,2.0,0.09067361482033828,11.57652431262315,3.3915366006834313,12.354156577088183
STLD,2024-08-06,train,True,True,D-1,121.620002747,124.190002441,121.370002747,122.379997253,126.190002441,121.379997253,3.757605320488877,1,-1.2794959495402547,3.3915366006834313,-5.156885365586561,-4.01266304411021,0.10719400091427911,-6.979773453742011,2.0,3.0,0.3154528224224176,11.457049042453548,3.3915366006834313,7.301306977939548
STLD,2024-08-07,train,True,True,D-1,124.190002441,126.190002441,119.059997559,119.120002747,121.379997253,120.370002747,-2.262666183081019,0,3.3915366006834313,-5.156885365586561,-4.01266304411021,0.10719400091427911,0.7989404182050963,-5.021349277839993,3.0,4.0,0.3631887102857229,10.573631607662737,3.3915366006834313,3.3915366006834313
STLD,2024-08-08,train,True,True,D-1,119.919998169,121.379997253,119.660003662,120.209999084,120.370002747,119.669998169,0.37525399005244875,0,-5.156885365586561,-4.01266304411021,0.10719400091427911,0.7989404182050963,-2.663829530295303,-10.583995154458348,2.0,4.0,0.21729964599420765,12.45802856344691,0.7989404182050963,1.9933655237940995
STLD,2024-08-09,train,True,True,D-1,120.209999084,120.370002747,118.879997253,119.430000305,119.669998169,117.430000305,-0.4492146403084707,0,-4.01266304411021,0.10719400091427911,0.7989404182050963,-2.663829530295303,0.9150405573067788,-4.859516789993057,3.0,1.0,0.46559409718362915,4.97463056531704,0.9150405573067788,2.572104511773332
STLD,2024-08-12,train,True,True,D-1,118.830001831,119.669998169,115.75,115.970001221,117.430000305,117.089996338,-1.1781549309332617,0,0.10719400091427911,0.7989404182050963,-2.663829530295303,0.9150405573067788,-0.6488634763693546,-1.5253945354758214,3.0,2.0,0.3958891276706551,5.66022114940663,0.9150405573067788,0.7989404182050963
STLD,2024-08-13,train,True,True,D-1,116.36000061,117.430000305,115.019996643,117.269996643,117.089996338,120.0,3.1282222163267814,1,0.7989404182050963,-2.663829530295303,0.9150405573067788,-0.6488634763693546,-2.8970937579869793,-4.480687156673446,2.0,3.0,0.021072908961784778,8.81262491368271,0.9150405573067788,4.442199608391362
STLD,2024-08-14,train,True,True,D-1,116.309997559,117.089996338,113.349998474,115.050003052,120.0,118.519996643,3.172558265361669,1,-2.663829530295303,0.9150405573067788,-0.6488634763693546,-2.8970937579869793,1.1209756043053298,-4.175519467806444,2.0,4.0,0.20143230367909598,7.6063836047977285,1.1209756043053298,2.7236344252493216
STLD,2024-08-15,train,True,True,D-1,117.169998169,120.0,116.830001831,118.050003052,118.519996643,118.330001831,1.1521707733176179,0,0.9150405573067788,-0.6488634763693546,-2.8970937579869793,1.1209756043053298,-1.89306186965984,-3.4167222978027545,2.0,4.0,0.21170670442015913,5.501950485076468,1.1209756043053298,1.7083475843945872
STLD,2024-08-16,train,True,True,D-1,115.519996643,118.519996643,115.419998169,116.699996948,118.330001831,117.0,2.432483786061712,0,-0.6488634763693546,-2.8970937579869793,1.1209756043053298,-1.89306186965984,2.6075618604234796,-1.7968522156718847,2.0,4.0,0.6695159141251412,1.9652686446590462,2.6075618604234796,1.1209756043053298
STLD,2024-08-19,train,True,True,D-1,117.080001831,118.330001831,115.480003357,116.059997559,117.0,119.309997559,1.9046768817264859,0,-2.8970937579869793,1.1209756043053298,-1.89306186965984,2.6075618604234796,-1.1435883685706694,-2.28586062968108,2.0,1.0,0.5037590534231111,2.827766185349967,2.6075618604234796,1.1209756043053298
STLD,2024-08-20,train,True,True,D-1,116.199996948,117.0,115.330001831,115.949996948,119.309997559,119.680000305,2.994839456456533,0,1.1209756043053298,-1.89306186965984,2.6075618604234796,-1.1435883685706694,-0.5484142294238326,0.07760311895530503,2.0,2.0,0.4075185658837086,3.3947979699009423,2.6075618604234796,4.293292857078701
STLD,2024-08-21,train,True,True,D-1,117.540000916,119.309997559,117.050003052,119.050003052,119.680000305,120.989997864,2.9351683861781996,0,-1.89306186965984,2.6075618604234796,-1.1435883685706694,-0.5484142294238326,-0.09477909125757966,-1.1256073444074643,1.0,3.0,0.39097712441637783,3.49288758827333,2.6075618604234796,3.2502353990819133
STLD,2024-08-22,train,True,True,D-1,118.480003357,119.680000305,118.230003357,118.940002441,120.989997864,124.129997253,4.768732052594249,1,2.6075618604234796,-1.1435883685706694,-0.5484142294238326,-0.09477909125757966,2.673571527035268,3.476749147231306,2.0,4.0,0.7965744495776895,0.7979814562331988,2.673571527035268,2.6075618604234796
STLD,2024-08-23,train,True,True,D-1,119.239997864,120.989997864,118.620002747,120.879997253,124.129997253,122.61000061,4.100972388960722,1,-1.1435883685706694,-0.5484142294238326,-0.09477909125757966,2.673571527035268,-0.09239866289793008,0.7539172943586969,1.0,0.0,0.8298854888287966,0.6221606262090562,2.673571527035268,0.0
STLD,2024-08-26,train,True,True,D-1,122.190002441,124.129997253,121.940002441,122.730003357,122.61000061,119.550003052,0.3437254772155285,0,-0.5484142294238326,-0.09477909125757966,2.673571527035268,-0.09239866289793008,1.6310700960026736,3.5818341168102563,2.0,0.0,0.9805652494527104,0.09099984571456776,2.673571527035268,2.673571527035268
STLD,2024-08-27,train,True,True,D-1,122.190002441,122.61000061,120.550003052,121.410003662,119.550003052,120.569999695,-1.3258062964539352,0,-0.09477909125757966,2.673571527035268,-0.09239866289793008,1.6310700960026736,1.5304484993724499,5.747032516185646,3.0,0.0,0.8409097017823427,1.1407103867891788,2.673571527035268,2.673571527035268
STLD,2024-08-28,train,True,True,D-1,118.88999939,119.550003052,117.61000061,118.029998779,120.569999695,120.209999084,1.4130711696692222,0,2.673571527035268,-0.09239866289793008,1.6310700960026736,1.5304484993724499,-1.0755313769204133,4.708932175693481,3.0,1.0,0.615819799595906,2.240337294258188,2.673571527035268,2.673571527035268
STLD,2024-08-29,train,True,True,D-1,118.470001221,120.569999695,117.279998779,118.800003052,120.209999084,118.150001526,1.4687244408431388,0,-0.09239866289793008,1.6310700960026736,1.5304484993724499,-1.0755313769204133,-2.7839591310859224,-0.8567864316260998,2.0,2.0,0.0644169302527041,5.168176342542941,1.6310700960026736,5.460618250033534
STLD,2024-08-30,train,True,True,D-1,119.129997253,120.209999084,117.879997253,119.510002136,118.150001526,115.349998474,-0.8226271716591738,0,1.6310700960026736,1.5304484993724499,-1.0755313769204133,-2.7839591310859224,0.6523801414602737,-0.11770589047150892,3.0,3.0,0.22189848344774932,4.486526989958928,1.6310700960026736,3.7808110821458962
STLD,2024-09-03,train,True,True,D-1,118.050003052,118.150001526,113.239997864,113.959999084,115.349998474,114.220001221,-2.287170273778527,0,1.5304484993724499,-1.0755313769204133,-2.7839591310859224,0.6523801414602737,0.5976423112457496,-1.1333513799910322,3.0,4.0,0.32554800785200877,3.865781134990298,1.5304484993724499,1.5304484993724499
STLD,2024-09-04,train,True,True,D-1,113.970001221,115.349998474,112.309997559,113.120002747,114.220001221,112.940002441,0.2193559685194968,0,-1.0755313769204133,-2.7839591310859224,0.6523801414602737,0.5976423112457496,-4.643965319056898,-7.145770417270825,2.0,4.0,0.07684108954048759,7.590383990459726,0.6523801414602737,4.726457450937671
STLD,2024-09-05,train,True,True,D-1,113.300003052,114.220001221,110.970001221,111.319999695,112.940002441,113.510002136,0.1853478184847157,0,-2.7839591310859224,0.6523801414602737,0.5976423112457496,-4.643965319056898,-0.7370975287397497,-6.828103669347529,2.0,3.0,0.09806355672351658,6.585923591835829,0.6523801414602737,5.999212435654611
STLD,2024-09-06,train,True,True,D-1,111.089996338,112.940002441,110.089996338,111.0,113.510002136,110.940002441,2.1784191896423666,0,0.6523801414602737,0.5976423112457496,-4.643965319056898,-0.7370975287397497,-1.591233211004961,-5.684994622904149,2.0,4.0,0.036458180170331866,8.309378391433352,0.6523801414602737,2.96898194053018
STLD,2024-09-09,train,True,True,D-1,112.779998779,113.510002136,110.690002441,110.739997864,110.940002441,108.830001831,-1.6314917165459297,0,0.5976423112457496,-4.643965319056898,-0.7370975287397497,-1.591233211004961,-0.28745930279981957,-6.565658966006804,1.0,4.0,0.08992128607471767,8.29729647207207,0.5976423112457496,2.471760677156265
STLD,2024-09-10,train,True,True,D-1,110.550003052,110.940002441,108.069999695,108.739997864,108.830001831,110.660003662,0.09950303660168913,0,-4.643965319056898,-0.7370975287397497,-1.591233211004961,-0.28745930279981957,-0.23423615855855395,-7.3383014938112945,0.0,4.0,0.08064529871118957,6.691352541924589,-0.23423615855855395,0.5210221277300753
STLD,2024-09-11,train,True,True,D-1,108.540000916,108.830001831,104.599998474,108.099998474,110.660003662,114.13999939,5.159386794490528,1,-0.7370975287397497,-1.591233211004961,-0.28745930279981957,-0.23423615855855395,-1.8060321822077396,-4.580555687923738,0.0,4.0,0.09203273095768691,6.078720562664586,-0.23423615855855395,2.0360379603603596
STLD,2024-09-12,train,True,True,D-1,109.080001831,110.660003662,107.839996338,110.540000916,114.13999939,113.38999939,4.6387948973814375,1,-1.591233211004961,-0.28745930279981957,-0.23423615855855395,-1.8060321822077396,-0.5885593181640836,-4.437768874729919,0.0,4.0,0.3638252599347204,5.661427227930971,-0.23423615855855395,2.383961929674394
STLD,2024-09-13,train,True,True,D-1,111.629997253,114.13999939,111.300003052,112.839996338,113.38999939,116.209999084,4.102841479624697,1,-0.28745930279981957,-0.23423615855855395,-1.8060321822077396,-0.5885593181640836,2.2571715785794977,-0.7006816215748168,1.0,3.0,0.6666666667414887,2.6868112858592363,2.2571715785794977,0.0
STLD,2024-09-16,train,True,True,D-1,113.11000061,113.38999939,110.809997559,111.010002136,116.209999084,117.440002441,3.828133505126319,1,-0.23423615855855395,-1.8060321822077396,-0.5885593181640836,2.2571715785794977,2.080690612394509,1.657654358558558,2.0,0.0,0.8637313493524204,1.1520764748218948,2.2571715785794977,0.0
STLD,2024-09-17,train,True,True,D-1,111.830001831,116.209999084,110.900001526,114.489997864,117.440002441,120.160003662,7.448807739079255,1,-1.8060321822077396,-0.5885593181640836,2.2571715785794977,2.080690612394509,-1.6217602458249436,0.24381820228278617,2.0,1.0,0.6719080761564149,2.819563276978765,2.2571715785794977,2.2571715785794977
STLD,2024-09-18,train,True,True,D-1,114.419998169,117.440002441,113.410003662,115.120002747,120.160003662,119.989997864,5.016610369563135,1,-0.5885593181640836,2.2571715785794977,2.080690612394509,-1.6217602458249436,3.1348488073503544,5.287842664105491,3.0,0.0,0.8518517545538699,1.5023157062533432,3.1348488073503544,2.2571715785794977
STLD,2024-09-19,train,True,True,D-1,118.779998779,120.160003662,117.230003357,120.089996338,119.989997864,121.580001831,2.3573018023090198,0,2.2571715785794977,2.080690612394509,-1.6217602458249436,3.1348488073503544,0.5502706740796448,6.493991093522933,4.0,0.0,0.7583335188427636,2.0152880808200546,3.1348488073503544,2.2571715785794977
STLD,2024-09-20,train,True,True,D-1,116.620002747,119.989997864,116.620002747,119.830001831,121.580001831,125.809997559,7.880290340874985,1,2.080690612394509,-1.6217602458249436,3.1348488073503544,0.5502706740796448,4.317228520157879,8.639402336586821,4.0,0.0,0.9925125905556869,0.058295716658163244,4.317228520157879,3.1348488073503544
STLD,2024-09-23,train,True,True,D-1,120.0,121.580001831,119.620002747,120.959999084,125.809997559,124.730003357,4.841664632499998,1,-1.6217602458249436,3.1348488073503544,0.5502706740796448,4.317228520157879,-0.2164997209827768,6.194616908761841,3.0,1.0,0.9647057095616112,0.27539165981604885,4.317228520157879,3.1348488073503544
STLD,2024-09-24,train,True,True,D-1,123.25,125.809997559,123.129997253,124.669998169,124.730003357,127.080001831,3.1075065565922877,1,3.1348488073503544,0.5502706740796448,4.317228520157879,-0.2164997209827768,0.9430002801749771,8.963153550623403,4.0,0.0,0.941947309991205,0.5125684124463792,4.317228520157879,4.317228520157879
STLD,2024-09-25,train,True,True,D-1,124.599998474,124.730003357,122.940002441,123.339996338,127.080001831,128.0,2.7287332003534948,0,0.5502706740796448,4.317228520157879,-0.2164997209827768,0.9430002801749771,3.0671288964078114,8.89160668610771,4.0,0.0,0.9080645200740134,0.9144135772382489,4.317228520157879,4.317228520157879
STLD,2024-09-26,train,True,True,D-1,126.309997559,127.080001831,124.779998779,125.239997864,128.0,126.720001221,1.337979949061907,0,4.317228520157879,-0.2164997209827768,0.9430002801749771,3.0671288964078114,-1.0668178796289562,7.140369522979539,3.0,1.0,0.7312293127984422,2.0025955037579424,4.317228520157879,4.317228520157879
STLD,2024-09-27,train,True,True,D-1,126.13999939,128.0,125.760002136,125.980003357,126.720001221,129.5,2.6637074887019274,0,-0.2164997209827768,0.9430002801749771,3.0671288964078114,-1.0668178796289562,1.5404585555469419,4.288451730404774,3.0,0.0,0.8240913835437578,1.4691823685577532,3.0671288964078114,3.0671288964078114
STLD,2024-09-30,train,True,True,D-1,125.830001831,126.720001221,124.550003052,126.080001831,129.5,130.669998169,3.8464565426141295,1,0.9430002801749771,3.0671288964078114,-1.0668178796289562,1.5404585555469419,0.5908699342230816,5.1322719118986,4.0,0.0,0.7589502022477573,1.603426408297337,3.0671288964078114,3.0671288964078114
STLD,2024-10-01,train,True,True,D-1,126.040000916,129.5,126.040000916,129.229995728,130.669998169,127.940002441,3.6734347979620274,1,3.0671288964078114,-1.0668178796289562,1.5404585555469419,0.5908699342230816,0.07937646557814038,4.232806535856892,4.0,1.0,0.6205535384923301,1.5228411652258744,3.0671288964078114,3.0671288964078114
STLD,2024-10-02,train,True,True,D-1,129.570007324,130.669998169,127.220001221,127.599998474,127.940002441,130.779998779,0.9338514984986723,0,-1.0668178796289562,1.5404585555469419,0.5908699342230816,0.07937646557814038,2.498408828723142,3.6576543081508373,4.0,0.0,0.9588407968796328,0.2089331276991624,2.498408828723142,1.5404585555469419
STLD,2024-10-03,train,True,True,D-1,126.529998779,127.940002441,125.300003052,127.540000916,130.779998779,130.190002441,3.35888725283493,1,1.5404585555469419,0.5908699342230816,0.07937646557814038,2.498408828723142,-1.26131494845112,3.4538691928658105,4.0,0.0,0.4983656626665913,2.405955902597867,2.498408828723142,1.5404585555469419
STLD,2024-10-04,train,True,True,D-1,130.169998169,130.779998779,127.660003662,128.220001221,130.190002441,127.779998779,0.015367805394017608,0,0.5908699342230816,0.07937646557814038,2.498408828723142,-1.26131494845112,-0.04702003034289248,1.8364764382203136,3.0,1.0,0.4885621322955709,2.4541298655482047,2.498408828723142,3.8061507368456704
STLD,2024-10-07,train,True,True,D-1,127.400001526,130.190002441,127.309997559,130.070007324,127.779998779,130.460006714,2.4018878738989002,0,0.07937646557814038,2.498408828723142,-1.26131494845112,-0.04702003034289248,0.5331663008594889,1.7780582666380162,3.0,0.0,0.5890851823693372,1.996566474514072,2.498408828723142,2.498408828723142
STLD,2024-10-08,train,True,True,D-1,127.169998169,127.779998779,125.36000061,127.029998779,130.460006714,129.75,2.5870949063220294,0,2.498408828723142,-1.26131494845112,-0.04702003034289248,0.5331663008594889,1.4428373774629133,3.164661671204816,3.0,1.0,0.870439414486788,0.5458533213052341,2.498408828723142,2.498408828723142
STLD,2024-10-09,train,True,True,D-1,126.239997864,130.460006714,126.239997864,130.179992676,129.75,130.690002441,3.52503537095592,1,-1.26131494845112,-0.04702003034289248,0.5331663008594889,1.4428373774629133,-2.3372094824500422,-1.7023887810307614,2.0,2.0,0.3156928970722164,2.952058597216922,1.4428373774629133,1.4612605378490073
STLD,2024-10-10,train,True,True,D-1,128.649993896,129.75,128.039993286,128.460006714,130.690002441,130.270004272,1.5857043465148601,0,-0.04702003034289248,0.5331663008594889,1.4428373774629133,-2.3372094824500422,2.479724417285256,2.0219390539614412,3.0,3.0,0.8905097498445556,0.4609050059584341,2.479724417285256,1.4428373774629133
STLD,2024-10-11,train,True,True,D-1,128.440002441,130.690002441,128.440002441,129.86000061,130.270004272,131.419998169,2.320146115980415,0,0.5331663008594889,1.4428373774629133,-2.3372094824500422,2.479724417285256,-1.3212367942597836,0.7213468648208154,3.0,4.0,0.57195703897663,1.806003381398824,2.479724417285256,1.4428373774629133
STLD,2024-10-14,train,True,True,D-1,128.330001831,130.270004272,127.690002441,130.179992676,131.419998169,130.020004272,2.4078518615384015,0,1.4428373774629133,-2.3372094824500422,2.479724417285256,-1.3212367942597836,1.0898286025446735,1.2790511413061756,3.0,0.0,0.8442773835137157,0.6391512606662486,2.479724417285256,2.725531825491556
STLD,2024-10-15,train,True,True,D-1,128.850006104,131.419998169,128.330001831,128.460006714,130.020004272,138.720001221,7.660065696103691,1,-2.3372094824500422,2.479724417285256,-1.3212367942597836,1.0898286025446735,0.24641310988517962,0.08455858061577892,3.0,1.0,0.9043133977865271,0.3917727713115715,2.479724417285256,2.479724417285256
STLD,2024-10-16,train,True,True,D-1,128.630004883,130.020004272,128.029998779,129.86000061,138.720001221,137.86000061,7.844201162223152,1,2.479724417285256,-1.3212367942597836,1.0898286025446735,0.24641310988517962,-1.3212367942597836,1.1257245916280523,3.0,0.0,0.4285731118311203,2.304212439899711,2.479724417285256,3.5578038023335368
STLD,2024-10-17,train,True,True,D-1,135.990005493,138.720001221,133.839996338,135.050003052,137.86000061,137.009994507,1.3750974641266733,0,-1.3212367942597836,1.0898286025446735,0.24641310988517962,-1.3212367942597836,1.0898286025446735,-0.24580740820629998,3.0,1.0,0.5817696124181692,1.2012918155491548,1.0898286025446735,1.3356360107509735
STLD,2024-10-18,train,True,True,D-1,136.770004272,137.86000061,135.460006714,136.570007324,137.009994507,132.740005493,0.17546993310222359,0,1.0898286025446735,0.24641310988517962,-1.3212367942597836,1.0898286025446735,3.996613597428511,5.129998438091143,4.0,0.0,0.6672712080753285,2.717510615373242,3.996613597428511,1.0898286025446735
STLD,2024-10-21,train,True,True,D-1,136.990005493,137.009994507,132.630004883,133.449996948,132.740005493,133.240005493,-2.7374259797307787,0,0.24641310988517962,-1.3212367942597836,1.0898286025446735,3.996613597428511,1.1255122085519043,5.167108179948121,4.0,1.0,0.8050775943059529,1.5742796966389028,3.996613597428511,1.0898286025446735
STLD,2024-10-22,train,True,True,D-1,132.740005493,132.740005493,128.130004883,131.800003052,133.240005493,130.770004272,0.3766761935431573,0,-1.3212367942597836,1.0898286025446735,3.996613597428511,1.1255122085519043,-2.2845502003950524,2.511910013805707,3.0,2.0,0.5070156156097169,3.9490478782502336,3.996613597428511,5.18136448068759
STLD,2024-10-23,train,True,True,D-1,131.960006714,133.240005493,128.470001221,128.63999939,130.770004272,131.63999939,-0.24250326441218606,0,1.0898286025446735,3.996613597428511,1.1255122085519043,-2.2845502003950524,-1.2364135884116556,2.6000281515133894,3.0,3.0,0.3526663621879078,5.250377851865307,3.996613597428511,7.489330897123447
STLD,2024-10-24,train,True,True,D-1,128.720001221,130.770004272,127.400001526,130.339996338,131.63999939,135.990005493,5.647921226723818,1,3.996613597428511,1.1255122085519043,-2.2845502003950524,-1.2364135884116556,-2.397574801840663,-0.9394742139759549,2.0,4.0,0.04815813818273073,7.835822356031175,3.996613597428511,7.600958047038542
STLD,2024-10-25,train,True,True,D-1,130.919998169,131.63999939,128.820007324,129.580001831,135.990005493,136.029998779,3.9031474804969823,1,1.1255122085519043,-2.2845502003950524,-1.2364135884116556,-2.397574801840663,1.321515046689381,-3.4876020789029183,2.0,4.0,0.28107027432699516,5.769529295135922,1.321515046689381,2.2332562754651453
STLD,2024-10-28,train,True,True,D-1,131.509994507,135.990005493,130.589996338,135.720001221,136.029998779,135.809997559,3.437004380499342,1,-2.2845502003950524,-1.2364135884116556,-2.397574801840663,1.321515046689381,-0.583086181028547,-5.118258122676112,1.0,4.0,0.226847231762823,5.733903820815089,1.321515046689381,0.0
STLD,2024-10-29,train,True,True,D-1,135.699996948,136.029998779,133.779998779,135.160003662,135.809997559,133.789993286,0.08106161641414644,0,-1.2364135884116556,-2.397574801840663,1.321515046689381,-0.583086181028547,4.738385015619806,1.7010148556874993,2.0,0.0,0.9685676196382108,0.1989421379096301,4.738385015619806,1.321515046689381
STLD,2024-10-30,train,True,True,D-1,134.270004272,135.809997559,132.380004883,132.770004272,133.789993286,133.990005493,-0.2085341253380557,0,-2.397574801840663,1.321515046689381,-0.583086181028547,4.738385015619806,-0.41261240344974137,2.5493175509824217,2.0,0.0,0.8991894097419824,0.6436779323975461,4.738385015619806,1.321515046689381
STLD,2024-10-31,train,True,True,D-1,132.529998779,133.789993286,130.419998169,130.5,133.990005493,135.050003052,1.9014595157449632,0,1.321515046689381,-0.583086181028547,4.738385015619806,-0.41261240344974137,-1.7682741382404665,3.2105137605597855,2.0,1.0,0.6222484884491989,2.4553697387260875,4.738385015619806,6.91197543888864
STLD,2024-11-01,train,True,True,D-1,130.679992676,133.990005493,130.36000061,133.649993896,135.050003052,135.75,3.8797119744031994,1,-0.583086181028547,4.738385015619806,-0.41261240344974137,-1.7682741382404665,-1.7097267447167774,0.12275868228897036,1.0,2.0,0.23300896907928537,4.237546957088134,4.738385015619806,8.186153242715644
STLD,2024-11-04,train,True,True,D-1,133.5,135.050003052,132.649993896,133.580001831,135.75,155.559997559,16.524342740823972,1,4.738385015619806,-0.41261240344974137,-1.7682741382404665,-1.7097267447167774,2.4137884260536424,3.1409106401373066,2.0,3.0,0.5802459168307382,1.7807744045630125,4.738385015619806,4.738385015619806
STLD,2024-11-05,train,True,True,D-1,133.080001831,135.75,131.809997559,135.649993896,155.559997559,155.11000061,16.89209153795146,1,-0.41261240344974137,-1.7682741382404665,-1.7097267447167774,2.4137884260536424,-0.052369673173702225,-1.5767752510665756,1.0,4.0,0.5679016333029797,1.834104592317387,2.4137884260536424,0.0
STLD,2024-11-06,train,True,True,D-1,148.5,155.559997559,146.979995728,154.320007324,155.11000061,149.679992676,4.451178861952854,1,-1.7682741382404665,-1.7097267447167774,2.4137884260536424,-0.052369673173702225,1.549627217118088,0.36252605854121267,2.0,4.0,0.9706415132894055,0.11795331382224994,2.4137884260536424,2.4137884260536424
STLD,2024-11-07,train,True,True,D-1,154.869995117,155.11000061,147.410003662,147.949996948,149.679992676,151.0,-2.4988669458382406,0,-1.7097267447167774,2.4137884260536424,-0.052369673173702225,1.549627217118088,13.763372110664363,16.23107807381814,3.0,0.0,0.9507940323362132,0.8035187766655794,13.763372110664363,2.4137884260536424
STLD,2024-11-08,train,True,True,D-1,147.509994507,149.679992676,146.130004883,148.550003052,151.0,146.690002441,2.3659451040345614,0,2.4137884260536424,-0.052369673173702225,1.549627217118088,13.763372110664363,-4.127792945619769,13.37164517088123,3.0,1.0,0.6980158122081844,5.143630123679355,13.763372110664363,2.4137884260536424
STLD,2024-11-11,train,True,True,D-1,150.050003052,151.0,147.550003052,147.800003052,146.690002441,144.869995117,-2.23925394379072,0,-0.052369673173702225,1.549627217118088,13.763372110664363,-4.127792945619769,0.40554654706135285,11.148529619533276,3.0,2.0,0.7048423365473677,4.718946053838957,13.763372110664363,17.502358630983583
STLD,2024-11-12,train,True,True,D-1,146.0,146.690002441,143.13999939,144.350006104,144.869995117,142.429992676,-0.7739759472602747,0,1.549627217118088,13.763372110664363,-4.127792945619769,0.40554654706135285,-0.5048805012393465,10.645306951702672,3.0,3.0,0.6732633891789467,5.25033447006753,13.763372110664363,13.864753590281921
STLD,2024-11-13,train,True,True,D-1,143.86000061,144.869995117,141.669998169,141.899993896,142.429992676,140.470001221,-0.994027476669268,0,13.763372110664363,-4.127792945619769,0.40554654706135285,-0.5048805012393465,-2.33423334016184,6.413573608171408,2.0,4.0,0.09742406540929452,7.765840651869138,13.763372110664363,16.590700863077647
STLD,2024-11-14,train,True,True,D-1,141.070007324,142.429992676,136.720001221,137.809997559,140.470001221,141.479995728,0.29062761941904824,0,-4.127792945619769,0.40554654706135285,-0.5048805012393465,-2.33423334016184,-1.6972719808787673,-8.048219827986236,1.0,4.0,0.017112774198492164,9.30937792970008,0.40554654706135285,4.397433579651066
STLD,2024-11-15,train,True,True,D-1,139.070007324,140.470001221,138.199996948,139.410003662,141.479995728,140.5,1.732931816409078,0,0.40554654706135285,-0.5048805012393465,-2.33423334016184,-1.6972719808787673,-2.8823090295533094,-6.8536665077214565,1.0,3.0,0.07633028229686933,9.571150623780401,0.40554654706135285,4.936206933932474
STLD,2024-11-18,train,True,True,D-1,138.38999939,141.479995728,138.070007324,140.690002441,140.5,144.949996948,4.740225151322619,1,-0.5048805012393465,-2.33423334016184,-1.6972719808787673,-2.8823090295533094,1.1610232431177536,-6.152809964467332,1.0,4.0,0.18837553718533245,8.313604500075877,1.1610232431177536,1.7547500642071556
STLD,2024-11-19,train,True,True,D-1,139.220001221,140.5,138.770004272,140.240005493,144.949996948,147.179992676,5.717563126841396,1,-2.33423334016184,-1.6972719808787673,-2.8823090295533094,1.1610232431177536,0.9181541821800199,-4.810555117849702,2.0,4.0,0.3981946573924291,4.26469535567473,1.1610232431177536,0.0
STLD,2024-11-20,train,True,True,D-1,141.63999939,144.949996948,141.259994507,144.039993286,147.179992676,146.339996338,3.911319761267329,1,-1.6972719808787673,-2.8823090295533094,1.1610232431177536,0.9181541821800199,-0.3198499823672152,-2.847246579289253,2.0,4.0,0.4319026881391443,3.3014756436465564,1.1610232431177536,1.1610232431177536
STLD,2024-11-21,train,True,True,D-1,143.720001221,147.179992676,143.179992676,144.960006714,146.339996338,146.630004883,2.0247729176715357,0,-2.8823090295533094,1.1610232431177536,0.9181541821800199,-0.3198499823672152,2.7096318055903623,1.50810393379468,3.0,0.0,0.8894284162244978,0.6317715248661093,2.7096318055903623,1.1610232431177536
STLD,2024-11-22,train,True,True,D-1,144.080001831,146.339996338,142.520004272,143.570007324,146.630004883,148.809997559,3.282895383044271,1,1.1610232431177536,0.9181541821800199,-0.3198499823672152,2.7096318055903623,0.6387208212189188,5.188309470754393,4.0,0.0,0.7563128944534878,1.5314471986607625,2.7096318055903623,1.1610232431177536
STLD,2024-11-25,train,True,True,D-1,144.229995728,146.630004883,143.630004883,144.979995728,148.809997559,145.429992676,3.175484966135156,1,0.9181541821800199,-0.3198499823672152,2.7096318055903623,0.6387208212189188,-0.9588847444953696,2.9840065653293557,3.0,1.0,0.6037331332033942,2.5144425491692157,2.7096318055903623,3.0359203253814027
STLD,2024-11-26,train,True,True,D-1,146.0,148.809997559,143.210006714,143.630004883,145.429992676,146.080001831,0.05479577465754559,0,-0.3198499823672152,2.7096318055903623,0.6387208212189188,-0.9588847444953696,0.9820911973752677,3.049252407824121,3.0,2.0,0.738406660946925,1.517448622448203,2.7096318055903623,2.7096318055903623
STLD,2024-11-27,train,True,True,D-1,144.5,145.429992676,142.509994507,143.830001831,146.080001831,146.050003052,1.0934268726643603,0,2.7096318055903623,0.6387208212189188,-0.9588847444953696,0.9820911973752677,-0.9311566317968145,2.4172841252271704,3.0,0.0,0.31390853217896203,3.6064836732544903,2.7096318055903623,2.7096318055903623
STLD,2024-11-29,train,True,True,D-1,144.36000061,146.080001831,144.130004883,145.270004272,146.050003052,145.850006104,1.17068608676838,0,0.6387208212189188,-0.9588847444953696,0.9820911973752677,-0.9311566317968145,0.13924454584746115,-0.14578690973905406,3.0,1.0,0.20952487056033442,3.4624178993277743,0.9820911973752677,1.7752998681477061
STLD,2024-12-02,train,True,True,D-1,145.240005493,146.050003052,144.479995728,144.809997559,145.850006104,143.679992676,0.4199948966742362,0,-0.9588847444953696,0.9820911973752677,-0.9311566317968145,0.13924454584746115,1.0011836353113424,0.2138504026228505,3.0,2.0,0.4380965758617853,2.436837050250107,1.0011836353113424,0.9820911973752677
STLD,2024-12-03,train,True,True,D-1,145.759994507,145.850006104,142.470001221,143.199996948,143.679992676,141.179992676,-1.4270046030360417,0,0.9820911973752677,-0.9311566317968145,0.13924454584746115,1.0011836353113424,-0.3166563636486708,0.8636833403523392,3.0,3.0,0.36507967266299257,2.762240223345258,1.0011836353113424,0.9820911973752677
STLD,2024-12-04,train,True,True,D-1,143.369995117,143.679992676,140.690002441,141.380004883,141.179992676,139.070007324,-1.5275179713947762,0,-0.9311566317968145,0.13924454584746115,1.0011836353113424,-0.3166563636486708,-1.1118021118286636,-1.2277547471718053,2.0,4.0,0.11514134836713434,3.917598275534284,1.0011836353113424,2.4261215186503926
STLD,2024-12-05,train,True,True,D-1,141.179992676,141.179992676,137.75,138.699996948,139.070007324,139.449996948,-1.225383069660757,0,0.13924454584746115,1.0011836353113424,-0.3166563636486708,-1.1118021118286636,-1.2709442065567234,-1.566525045955991,2.0,3.0,0.12801530984960022,3.324371753905031,1.0011836353113424,3.369799569168075
STLD,2024-12-06,train,True,True,D-1,139.0,139.070007324,136.720001221,136.899993896,139.449996948,137.770004272,0.32373881151079864,0,1.0011836353113424,-0.3166563636486708,-1.1118021118286636,-1.2709442065567234,-1.8956060563287247,-3.5667140497069205,1.0,4.0,0.11404522679270053,5.32083997504833,1.0011836353113424,4.1436418028447335
STLD,2024-12-09,train,True,True,D-1,137.800003052,139.449996948,137.229995728,138.25,137.770004272,135.699996948,-0.02176979632481091,0,-0.3166563636486708,-1.1118021118286636,-1.2709442065567234,-1.8956060563287247,-1.2977671893351417,-5.761692111145111,0.0,4.0,0.01929181561379507,6.683717723867133,-0.3166563636486708,3.1687726922257853
STLD,2024-12-10,train,True,True,D-1,137.770004272,137.770004272,134.399993896,135.289993286,135.699996948,131.800003052,-1.5025094431391328,0,-1.1118021118286636,-1.2709442065567234,-1.8956060563287247,-1.2977671893351417,0.9861257590891848,-4.530072280629149,1.0,4.0,0.1675791851819112,5.497291937793847,0.9861257590891848,0.3244390467930014
STLD,2024-12-11,train,True,True,D-1,135.699996948,135.699996948,133.449996948,133.550003052,131.800003052,126.430000305,-2.87398230192627,0,-1.2709442065567234,-1.8956060563287247,-1.2977671893351417,0.9861257590891848,-2.1410536810126612,-5.523745691749116,1.0,4.0,0.09590511928924905,6.201492945796616,0.9861257590891848,1.1760414037878641
STLD,2024-12-12,train,True,True,D-1,130.86000061,131.800003052,126.629997253,126.910003662,126.430000305,123.900001526,-3.3852974815449133,0,-1.8956060563287247,-1.2977671893351417,0.9861257590891848,-2.1410536810126612,-1.2861189447483379,-5.5382667708066435,1.0,4.0,0.012937407408614767,5.713208124023139,0.9861257590891848,4.385761887841455
STLD,2024-12-13,train,True,True,D-1,126.379997253,126.430000305,121.930000305,122.370002747,123.900001526,121.589996338,-1.9623324742089499,0,-1.2977671893351417,0.9861257590891848,-2.1410536810126612,-1.2861189447483379,-4.971920058597535,-8.500355836648065,1.0,3.0,0.021841374076568946,9.881012468802574,0.9861257590891848,7.180219956643685
STLD,2024-12-16,train,True,True,D-1,120.760002136,123.900001526,120.25,121.709999084,121.589996338,120.809997559,0.687308866610703,0,0.9861257590891848,-2.1410536810126612,-1.2861189447483379,-4.971920058597535,-3.577338888974746,-10.613580567460168,1.0,4.0,0.025114299446844228,13.957664311173467,0.9861257590891848,9.357522276876505
STLD,2024-12-17,train,True,True,D-1,121.290000916,121.589996338,118.019996643,118.580001831,120.809997559,119.13999939,-0.39574849812428203,0,-2.1410536810126612,-1.2861189447483379,-4.971920058597535,-3.577338888974746,-0.5393508606554187,-11.963834297287523,0.0,4.0,0.08333326073061152,13.195304665901709,-0.5393508606554187,4.097395341543908
STLD,2024-12-18,train,True,True,D-1,118.580001831,120.809997559,116.660003662,116.760002136,119.13999939,116.849998474,0.4722529518915941,0,-1.2861189447483379,-4.971920058597535,-3.577338888974746,-0.5393508606554187,-2.571684558833809,-12.351239769578115,0.0,4.0,0.031674501037289714,14.437506200581263,-0.5393508606554187,3.0971650166878084
STLD,2024-12-19,train,True,True,D-1,117.209999084,119.13999939,114.790000916,115.290000916,116.849998474,116.379997253,-0.30714155175617375,0,-4.971920058597535,-3.577338888974746,-0.5393508606554187,-2.571684558833809,-1.5348285266463924,-12.572070784200973,0.0,4.0,0.006604919288573569,12.881124221359364,-0.5393508606554187,4.067042137255861
STLD,2024-12-20,train,True,True,D-1,114.459999084,116.849998474,114.029998779,115.690002441,116.379997253,117.480003357,2.6384800779036155,0,-3.577338888974746,-0.5393508606554187,-2.571684558833809,-1.5348285266463924,-1.2589938276018287,-9.156096769918632,0.0,4.0,0.04295532871526684,9.662589383719911,-0.5393508606554187,2.774498957833471
STLD,2024-12-23,train,True,True,D-1,115.5,116.379997253,114.379997253,115.75,117.480003357,117.480003357,1.7142886207792252,0,-0.5393508606554187,-2.571684558833809,-1.5348285266463924,-1.2589938276018287,0.346952486618024,-5.458854421872406,1.0,4.0,0.1681867477194541,7.096550187374184,0.346952486618024,0.9164094513750332
STLD,2024-12-24,train,True,True,D-1,115.120002747,117.480003357,115.080001831,117.059997559,117.480003357,118.300003052,2.762335153855666,0,-2.571684558833809,-1.5348285266463924,-1.2589938276018287,0.346952486618024,0.05186062558049098,-4.8968853248340105,2.0,4.0,0.2275134624815296,5.045353207775394,0.346952486618024,0.0
STLD,2024-12-26,train,True,True,D-1,116.040000916,117.480003357,115.5,117.089996338,118.300003052,115.0,1.9476060997586364,0,-1.5348285266463924,-1.2589938276018287,0.346952486618024,0.05186062558049098,1.1317473511879061,-1.2818386309070173,3.0,4.0,0.4469025553423477,3.2034854589074735,1.1317473511879061,0.346952486618024
STLD,2024-12-27,train,True,True,D-1,116.339996338,118.300003052,115.279998779,115.769996643,115.0,115.069999695,-1.0916251357876106,0,-1.2589938276018287,0.346952486618024,0.05186062558049098,1.1317473511879061,0.025626840616399527,0.2826260671146885,4.0,4.0,0.5988252824105206,1.7507926519036765,1.1317473511879061,0.346952486618024
STLD,2024-12-30,train,True,True,D-1,115.0,115.0,113.730003357,113.800003052,115.069999695,115.86000061,0.7478266173913006,0,0.346952486618024,0.05186062558049098,1.1317473511879061,0.025626840616399527,-1.1273377199445878,0.4163376903342453,4.0,0.0,0.40749323718533986,2.1853731384322117,1.1317473511879061,2.2337471315567847
STLD,2024-12-31,train,True,True,D-1,113.620002747,115.069999695,113.400001526,114.069999695,115.86000061,113.819999695,1.9714819651851734,0,0.05186062558049098,1.1317473511879061,0.025626840616399527,-1.1273377199445878,-1.7016443362910971,-1.6336756410424313,3.0,1.0,0.015317220934736392,3.954305693598048,1.1317473511879061,3.941546128961282
STLD,2025-01-02,train,True,True,D-1,114.970001221,115.86000061,111.739997864,111.930000305,113.819999695,119.949996948,4.331560993399708,1,1.1317473511879061,0.025626840616399527,-1.1273377199445878,-1.7016443362910971,0.23725539170385002,-1.4514041511878961,3.0,2.0,0.13673427762112303,3.7082522734374956,1.1317473511879061,2.600173538710626
STLD,2025-01-03,train,True,True,D-1,113.309997559,113.819999695,110.910003662,113.150001526,119.949996948,121.339996338,7.086752230154114,1,0.025626840616399527,-1.1273377199445878,-1.7016443362910971,0.23725539170385002,-1.8760404976960965,-4.3823657619798,2.0,3.0,0.028963763831704816,5.691059349273897,0.23725539170385002,1.668862953839978
STLD,2025-01-06,train,True,True,D-1,114.540000916,119.949996948,114.540000916,118.63999939,121.339996338,119.989997864,5.936786596489485,1,-1.1273377199445878,-1.7016443362910971,0.23725539170385002,-1.8760404976960965,1.0899680315157756,-3.3649286320127203,2.0,4.0,0.30311204991858637,4.551481623105946,1.0899680315157756,1.0437760995673506
STLD,2025-01-07,train,True,True,D-1,119.099998474,121.339996338,118.730003357,119.809997559,119.989997864,117.330001831,0.7472706980716559,0,-1.7016443362910971,0.23725539170385002,-1.8760404976960965,1.0899680315157756,4.851964463065861,2.4790557400206525,3.0,0.0,0.8550886580824387,1.1041786621168947,4.851964463065861,0.23725539170385002
STLD,2025-01-08,train,True,True,D-1,119.25,119.989997864,115.430000305,116.480003357,117.330001831,123.809997559,3.8238973241090157,1,0.23725539170385002,-1.8760404976960965,1.0899680315157756,4.851964463065861,0.9861751306605493,5.281190110560696,4.0,0.0,0.8533077801175621,1.277020958327424,4.851964463065861,1.0899680315157756
STLD,2025-01-10,train,True,True,D-1,115.069999695,117.330001831,114.809997559,116.330001831,123.809997559,124.25,7.977752958487994,1,-1.8760404976960965,1.0899680315157756,4.851964463065861,0.9861751306605493,-2.7793959351014474,2.112741008541996,3.0,1.0,0.5340367791261141,4.1723839637131555,4.851964463065861,6.6725949790013335
STLD,2025-01-13,train,True,True,D-1,116.230003357,123.809997559,115.370002747,123.269996643,124.25,126.959999084,9.2316918326526,1,1.0899680315157756,4.851964463065861,0.9861751306605493,-2.7793959351014474,-0.12877877891216416,3.9310296739125894,3.0,2.0,0.5196550311556521,4.306708869719045,4.851964463065861,7.756559904933125
STLD,2025-01-14,train,True,True,D-1,123.36000061,124.25,121.709999084,123.519996643,126.959999084,125.690002441,2.9182866862828005,0,4.851964463065861,0.9861751306605493,-2.7793959351014474,-0.12877877891216416,5.965782431674138,8.943875369435684,3.0,0.0,0.9417474529068179,0.4380635440137892,5.965782431674138,4.851964463065861
STLD,2025-01-15,train,True,True,D-1,126.0,126.959999084,123.959999084,125.13999939,125.690002441,127.709999084,1.3571421301587394,0,0.9861751306605493,-2.7793959351014474,-0.12877877891216416,5.965782431674138,0.20280685228215578,4.113281589759787,3.0,0.0,0.9226691559072658,0.5910001431669976,5.965782431674138,0.9861751306605493
STLD,2025-01-16,train,True,True,D-1,124.510002136,125.690002441,124.319999695,125.0,127.709999084,128.5,3.204560112079835,1,-2.7793959351014474,-0.12877877891216416,5.965782431674138,0.20280685228215578,1.3115307569851797,4.4487120771163235,3.0,0.0,0.8502058053033864,1.4543708669263689,5.965782431674138,5.965782431674138
STLD,2025-01-17,train,True,True,D-1,125.970001221,127.709999084,125.559997559,125.830001831,128.5,125.900001526,2.0084137131676227,0,-0.12877877891216416,5.965782431674138,0.20280685228215578,1.3115307569851797,-0.11187421342691017,7.314557346712136,3.0,1.0,0.8386832232105418,1.5679992671999932,5.965782431674138,5.965782431674138
STLD,2025-01-21,train,True,True,D-1,127.879997253,128.5,124.349998474,124.690002441,125.900001526,125.069999695,-1.5483232479922115,0,5.965782431674138,0.20280685228215578,1.3115307569851797,-0.11187421342691017,0.6640014648000125,8.166422978142185,4.0,0.0,0.847650096348647,1.4940771085142135,5.965782431674138,5.965782431674138
STLD,2025-01-22,train,True,True,D-1,125.36000061,125.900001526,122.589996338,122.88999939,125.069999695,126.699996948,1.0689185796742162,0,0.20280685228215578,1.3115307569851797,-0.11187421342691017,0.6640014648000125,-0.9059837665194581,1.1519476244592264,3.0,0.0,0.43888114211853846,3.055575815553291,1.3115307569851797,1.559528804185173
STLD,2025-01-23,train,True,True,D-1,121.0,125.069999695,117.680000305,122.370002747,126.699996948,123.0,4.710741279338837,1,1.3115307569851797,-0.11187421342691017,0.6640014648000125,-0.9059837665194581,-1.4435824972027889,-0.5100366500339404,2.0,1.0,0.05076190627916978,4.5650587011529575,1.3115307569851797,3.6480183976264513
STLD,2025-01-24,train,True,True,D-1,126.699996948,126.699996948,122.160003662,122.349998474,123.0,127.260002136,0.4419930556350593,0,-0.11187421342691017,0.6640014648000125,-0.9059837665194581,-1.4435824972027889,-0.4231399182855866,-2.2135181848349506,1.0,2.0,0.4334567998340415,5.009395370917624,0.6640014648000125,2.524615506489336
STLD,2025-01-27,train,True,True,D-1,121.910003662,123.0,121.169998169,122.010002136,127.260002136,129.419998169,6.160277484546506,1,0.6640014648000125,-0.9059837665194581,-1.4435824972027889,-0.4231399182855866,-0.016347366634739124,-2.120001220799994,1.0,3.0,0.4316079760296155,5.026564448471893,0.6640014648000125,1.1034195774865196
STLD,2025-01-28,train,True,True,D-1,122.75,127.260002136,120.660003662,127.050003052,129.419998169,130.800003052,6.558047292871683,1,-0.9059837665194581,-1.4435824972027889,-0.4231399182855866,-0.016347366634739124,-0.2778883058770609,-3.0358417224936374,0.0,4.0,0.40018502338784046,5.319234284387475,-0.016347366634739124,0.29419024509160785
STLD,2025-01-29,train,True,True,D-1,127.239997864,129.419998169,126.699996948,129.169998169,130.800003052,131.449996948,3.3087072891181846,1,-1.4435824972027889,-0.4231399182855866,-0.016347366634739124,-0.2778883058770609,4.130809628527099,1.8926943337872482,1.0,0.0,0.978079431747031,0.16528853125179488,4.130809628527099,0.0
STLD,2025-01-30,train,True,True,D-1,129.839996338,130.800003052,128.229995728,130.710006714,131.449996948,129.809997559,1.2399881819226577,0,-0.4231399182855866,-0.016347366634739124,-0.2778883058770609,4.130809628527099,1.668630512454472,5.110260241006248,2.0,0.0,0.9787052772158835,0.19354339517207997,4.130809628527099,0.0
STLD,2025-01-31,train,True,True,D-1,130.089996338,131.449996948,127.099998474,128.199996948,129.809997559,126.800003052,-0.2152346735966426,0,-0.016347366634739124,-0.2778883058770609,4.130809628527099,1.668630512454472,1.1922339295732831,6.815399019188528,3.0,0.0,0.9911246209650915,0.06885191138954472,4.130809628527099,4.130809628527099
STLD,2025-02-03,train,True,True,D-1,128.559997559,129.809997559,125.410003662,127.919998169,126.800003052,129.559997559,0.7778469344953631,0,-0.2778883058770609,4.130809628527099,1.668630512454472,1.1922339295732831,-1.920288912150403,4.78136374905076,3.0,0.0,0.6987949933002399,2.535101464408185,4.130809628527099,4.88175894706071
STLD,2025-02-04,train,True,True,D-1,125.269996643,126.800003052,124.0,126.379997253,129.559997559,132.179992676,5.516082236908204,1,4.130809628527099,1.668630512454472,1.1922339295732831,-1.920288912150403,-0.2184077891309033,4.843861920772974,3.0,1.0,0.6728451366526637,2.759536295752918,4.130809628527099,6.265312269250456
STLD,2025-02-05,train,True,True,D-1,126.489997864,129.559997559,125.989997864,129.419998169,132.179992676,131.029998779,4.498375292975965,1,1.668630512454472,1.1922339295732831,-1.920288912150403,-0.2184077891309033,-1.203878156694027,-0.5273559881189271,2.0,2.0,0.3194628493960555,4.011710559583559,1.668630512454472,3.08828709461354
STLD,2025-02-06,train,True,True,D-1,131.119995117,132.179992676,127.089996338,128.960006714,131.029998779,135.0,2.959125249766692,0,1.1922339295732831,-1.920288912150403,-0.2184077891309033,-1.203878156694027,2.4054446764342208,0.19354339517207997,2.0,3.0,0.7275168307894442,1.5685356264255157,2.4054446764342208,1.1922339295732831
STLD,2025-02-07,train,True,True,D-1,129.740005493,131.029998779,126.13999939,126.709999084,135.0,137.300003052,5.827036564606791,1,-1.920288912150403,-0.2184077891309033,-1.203878156694027,2.4054446764342208,-0.35542532955326056,-1.3388416418867455,1.0,0.0,0.6063583319032295,2.496887247486823,2.4054446764342208,0.0
STLD,2025-02-10,train,True,True,D-1,133.720001221,135.0,131.839996338,132.869995117,137.300003052,134.699996948,2.677237360388074,0,-0.2184077891309033,-1.203878156694027,2.4054446764342208,-0.35542532955326056,-1.744732872874255,-1.1622448513819883,1.0,1.0,0.33129602816773956,4.316939177289214,2.4054446764342208,4.499401656298496
STLD,2025-02-11,train,True,True,D-1,134.440002441,137.300003052,133.199996948,134.86000061,134.699996948,133.699996948,0.19339073362045767,0,-1.203878156694027,2.4054446764342208,-0.35542532955326056,-1.744732872874255,4.861491656168626,3.869603673274269,2.0,0.0,0.8063631924545457,1.603074404514282,4.861491656168626,2.4054446764342208
STLD,2025-02-12,train,True,True,D-1,133.779998779,134.699996948,132.179992676,132.300003052,133.699996948,136.229995728,1.8313626635976465,0,2.4054446764342208,-0.35542532955326056,-1.744732872874255,4.861491656168626,1.497708712375334,6.709925258206706,3.0,0.0,0.7842615983422474,1.8092855041994316,4.861491656168626,2.4054446764342208
STLD,2025-02-13,train,True,True,D-1,132.899993896,133.699996948,129.380004883,132.880004883,136.229995728,139.649993896,5.07900700528412,1,-0.35542532955326056,-1.744732872874255,4.861491656168626,1.497708712375334,-1.8982630479167928,2.2253167391018014,2.0,1.0,0.5519714731792529,3.779289406391606,4.861491656168626,5.290476442762538
STLD,2025-02-14,train,True,True,D-1,133.309997559,136.229995728,132.820007324,135.830001831,139.649993896,138.550003052,4.755829609999096,1,-1.744732872874255,4.861491656168626,1.497708712375334,-1.8982630479167928,0.43839895511721405,3.0397006551756256,3.0,2.0,0.6039429463585064,3.3263079519689764,4.861491656168626,6.3296777143356575
STLD,2025-02-18,train,True,True,D-1,136.580001831,139.649993896,135.130004883,139.059997559,138.550003052,139.199996948,1.9182860461825824,0,4.861491656168626,1.497708712375334,-1.8982630479167928,0.43839895511721405,2.220045785366631,7.197539904450689,4.0,3.0,0.8143937423175444,1.082236031203898,4.861491656168626,4.861491656168626
STLD,2025-02-19,train,True,True,D-1,137.429992676,138.550003052,136.220001221,136.759994507,139.199996948,135.86000061,1.287931577041479,0,1.497708712375334,-1.8982630479167928,0.43839895511721405,2.220045785366631,2.3779692884188908,4.658690953175193,4.0,0.0,0.9425514149768641,0.42427466371102174,2.3779692884188908,1.497708712375334
STLD,2025-02-20,train,True,True,D-1,137.089996338,139.199996948,134.979995728,135.070007324,135.86000061,134.940002441,-0.8972177116172708,0,-1.8982630479167928,0.43839895511721405,2.220045785366631,2.3779692884188908,-1.6539645421927873,1.408863924370407,3.0,1.0,0.7185976162835432,2.113190629626782,2.3779692884188908,2.220045785366631
STLD,2025-02-21,train,True,True,D-1,135.86000061,135.86000061,130.119995117,130.710006714,134.940002441,134.38999939,-0.6771663218528512,0,0.43839895511721405,2.220045785366631,2.3779692884188908,-1.6539645421927873,-1.2357321226080464,2.0937295601658024,3.0,2.0,0.5540417262177633,3.3908242567972646,2.3779692884188908,5.2472273820753035
STLD,2025-02-24,train,True,True,D-1,134.679992676,134.940002441,131.25,133.149993896,134.38999939,137.320007324,1.9602129429506787,0,2.220045785366631,2.3779692884188908,-1.6539645421927873,-1.2357321226080464,-3.227956151317446,-1.6330509401400684,2.0,3.0,0.061910983483033616,6.839558352683084,2.3779692884188908,6.801768671278852
STLD,2025-02-25,train,True,True,D-1,132.990005493,134.38999939,131.059997559,133.479995728,137.320007324,136.380004883,3.2558851433598157,1,2.3779692884188908,-1.6539645421927873,-1.2357321226080464,-3.227956151317446,1.8667179685323054,-1.9730603687501014,2.0,4.0,0.3179432494447759,4.88171257827994,2.3779692884188908,3.7994643086970314
STLD,2025-02-26,train,True,True,D-1,134.210006714,137.320007324,132.850006104,133.479995728,136.380004883,135.270004272,1.6168676405957205,0,-1.6539645421927873,-1.2357321226080464,-3.227956151317446,1.8667179685323054,0.24784216832764994,-4.012657794440511,2.0,3.0,0.37004404553406994,4.285287236340629,1.8667179685323054,0.0
STLD,2025-02-27,train,True,True,D-1,134.699996948,136.380004883,133.130004883,133.320007324,135.270004272,137.830001831,2.323685934609432,0,-1.2357321226080464,-3.227956151317446,1.8667179685323054,0.24784216832764994,0.0,-2.3983612977054425,2.0,4.0,0.37004404553406994,4.285287236340629,1.8667179685323054,1.8667179685323054
STLD,2025-02-28,train,True,True,D-1,133.75,135.270004272,130.86000061,135.070007324,137.830001831,129.309997559,3.0504686586915852,1,-3.227956151317446,1.8667179685323054,0.24784216832764994,0.0,-0.1198594614327364,-1.2956244207510625,2.0,1.0,0.4444453863409946,3.000299865180045,1.8667179685323054,1.9865774299650418
STLD,2025-03-03,train,True,True,D-1,136.779998779,137.830001831,129.559997559,130.5,129.309997559,129.289993286,-5.461325695776276,0,1.8667179685323054,0.24784216832764994,0.0,-0.1198594614327364,1.312631191016278,3.335628785896927,3.0,2.0,0.6517031483692047,1.6658028266799407,1.8667179685323054,1.8667179685323054
STLD,2025-03-04,train,True,True,D-1,128.589996338,129.309997559,124.0,126.370002747,129.289993286,127.680000305,0.5443634558943922,0,0.24784216832764994,0.0,-0.1198594614327364,1.312631191016278,-3.3834360525632157,-1.9902320822258956,2.0,0.0,0.11366408167195088,5.616859640613026,1.312631191016278,2.363059066828632
STLD,2025-03-05,train,True,True,D-1,126.919998169,129.289993286,125.330001831,127.720001221,127.680000305,127.870002747,0.7485066118067873,0,0.0,-0.1198594614327364,1.312631191016278,-3.3834360525632157,-3.1647488528735668,-5.326635607247432,1.0,1.0,0.17136677029844136,9.068607133722683,1.312631191016278,7.753738842791846
STLD,2025-03-06,train,True,True,D-1,126.279998779,127.680000305,124.129997253,125.25,127.870002747,123.209999084,1.2591099013095741,0,-0.1198594614327364,1.312631191016278,-3.3834360525632157,-3.1647488528735668,1.0682902940999162,-4.315249244341812,2.0,2.0,0.2689805298985288,7.9157536120800565,1.312631191016278,3.4428984546178043
STLD,2025-03-07,train,True,True,D-1,127.059997559,127.870002747,123.019996643,125.029998779,123.209999084,123.38999939,-2.888397795927744,0,1.312631191016278,-3.3834360525632157,-3.1647488528735668,1.0682902940999162,-1.9339188830150733,-6.0531104715497825,2.0,3.0,0.09038321290732731,10.043913637524948,1.312631191016278,2.1989196476544515
STLD,2025-03-10,train,True,True,D-1,122.370002747,123.209999084,116.989997864,119.400001526,123.38999939,126.38999939,3.285116084626827,1,-3.3834360525632157,-3.1647488528735668,1.0682902940999162,-1.9339188830150733,-0.17564967744511106,-7.433188717400796,1.0,4.0,0.13571920539424434,10.237545530672998,1.0682902940999162,3.174461932280037
STLD,2025-03-11,train,True,True,D-1,119.599998474,123.38999939,119.36000061,120.760002136,126.38999939,126.879997253,6.086955578500786,1,-3.1647488528735668,1.0682902940999162,-1.9339188830150733,-0.17564967744511106,-4.502917146269391,-8.505745957088129,1.0,4.0,0.19561718519993784,8.299829067290299,1.0682902940999162,5.7389477583713715
STLD,2025-03-12,train,True,True,D-1,123.220001221,126.38999939,121.809997559,123.529998779,126.879997253,127.519996643,3.489689481732583,1,1.0682902940999162,-1.9339188830150733,-0.17564967744511106,-4.502917146269391,1.139028972042233,-4.439345168197506,2.0,4.0,0.3065045264372128,7.06358976409549,1.139028972042233,4.483467999210145
STLD,2025-03-13,train,True,True,D-1,123.419998169,126.879997253,122.349998474,123.25,127.519996643,125.949996948,3.3219887658609837,1,-1.9339188830150733,-0.17564967744511106,-4.502917146269391,1.139028972042233,2.2938030755253136,-3.2806157234134714,2.0,3.0,0.6011027554977242,3.5133198501559493,2.2938030755253136,0.0
STLD,2025-03-14,train,True,True,D-1,125.940002441,127.519996643,124.75,127.13999939,125.949996948,127.279998779,1.0639958011972706,0,-0.17564967744511106,-4.502917146269391,1.139028972042233,2.2938030755253136,-0.22666460112326092,-1.5968063872255467,2.0,4.0,0.5753675851544191,3.748480930628806,2.2938030755253136,1.139028972042233
STLD,2025-03-17,train,True,True,D-1,125.849998474,125.949996948,122.410003662,124.940002441,127.279998779,128.690002441,2.25665792724401,0,-4.502917146269391,1.139028972042233,2.2938030755253136,-0.22666460112326092,3.156186117647053,1.6875954823686756,3.0,0.0,0.9639128872685314,0.2988809617926469,3.156186117647053,2.2938030755253136
STLD,2025-03-18,train,True,True,D-1,124.940002441,127.279998779,124.180000305,127.089996338,128.690002441,128.539993286,3.00144063289165,1,1.139028972042233,2.2938030755253136,-0.22666460112326092,3.156186117647053,-1.7303735720900382,4.639866703681439,3.0,1.0,0.6838240862414405,2.0649865148020474,3.156186117647053,2.2938030755253136
STLD,2025-03-19,train,True,True,D-1,127.319999695,128.690002441,126.279998779,128.520004272,128.539993286,124.699996948,0.9582104884719778,0,2.2938030755253136,-0.22666460112326092,3.156186117647053,-1.7303735720900382,1.7208210781133104,5.241797027190476,3.0,2.0,0.9246934546443453,0.33834315633811674,3.156186117647053,3.195515244782421
STLD,2025-03-20,train,True,True,D-1,128.0,128.539993286,126.599998474,126.63999939,124.699996948,127.879997253,-0.09375214609375071,0,-0.22666460112326092,3.156186117647053,-1.7303735720900382,1.7208210781133104,1.1251931506842006,4.039509060408331,3.0,0.0,0.9731864254525953,0.13227370319737197,3.156186117647053,3.156186117647053
STLD,2025-03-21,train,True,True,D-1,124.199996948,124.699996948,121.069999695,122.669998169,127.879997253,128.75,3.6634486021001944,1,3.156186117647053,-1.7303735720900382,1.7208210781133104,1.1251931506842006,-1.4628110951670603,2.750506604462477,3.0,1.0,0.6735663296854295,1.6187642615875353,3.156186117647053,3.510263512380174
STLD,2025-03-24,train,True,True,D-1,125.599998474,127.879997253,125.199996948,126.660003662,128.75,130.11000061,3.5907660754737947,1,-1.7303735720900382,1.7208210781133104,1.1251931506842006,-1.4628110951670603,-3.1348714783028475,-3.515810321257229,2.0,2.0,0.20997347735076424,4.907478896108208,1.7208210781133104,6.272646403779369
STLD,2025-03-25,train,True,True,D-1,127.319999695,128.75,126.660003662,128.0,130.11000061,129.740005493,2.1913296588780495,0,1.7208210781133104,1.1251931506842006,-1.4628110951670603,-3.1348714783028475,3.252633531063598,1.3766617475553744,3.0,3.0,0.7335960567644656,1.6027149220816161,3.252633531063598,1.7208210781133104
STLD,2025-03-26,train,True,True,D-1,128.039993286,130.11000061,127.849998474,128.339996338,129.740005493,128.740005493,1.327719693957441,0,1.1251931506842006,-1.4628110951670603,-3.1348714783028475,3.252633531063598,1.0579474966508462,0.7160309136997833,3.0,0.0,0.9023437538782753,0.5859375,3.252633531063598,1.1251931506842006
STLD,2025-03-27,train,True,True,D-1,127.629997253,129.740005493,126.540000916,127.989997864,128.740005493,125.599998474,0.8697079557242748,0,-1.4628110951670603,-3.1348714783028475,3.252633531063598,1.0579474966508462,0.26562213906249355,-0.14006219111153406,3.0,0.0,0.8042030870745771,1.3791525031202845,3.252633531063598,3.252633531063598
STLD,2025-03-28,train,True,True,D-1,128.070007324,128.740005493,123.279998779,123.970001221,125.599998474,125.199996948,-1.928639578938407,0,-3.1348714783028475,3.252633531063598,1.0579474966508462,0.26562213906249355,-0.2727119245649834,1.0660126978069284,3.0,1.0,0.7654864456393711,1.65638157776411,3.252633531063598,3.2604476998135956
STLD,2025-03-31,train,True,True,D-1,123.510002136,125.599998474,121.239997864,125.080001831,125.199996948,127.569999695,3.287181190823274,1,3.252633531063598,1.0579474966508462,0.26562213906249355,-0.2727119245649834,-3.140867810054637,1.0597563148317724,3.0,2.0,0.10102522064755928,4.952810622349091,3.252633531063598,6.6576477446303794
STLD,2025-04-01,train,True,True,D-1,124.099998474,125.199996948,122.5,124.0,127.569999695,122.059997559,2.796133169757442,0,1.0579474966508462,0.26562213906249355,-0.2727119245649834,-3.140867810054637,0.8953783972472706,-1.2474354850141367,3.0,3.0,0.4329202681173565,4.021425252132782,1.0579474966508462,3.3315595613155446
STLD,2025-04-02,train,True,True,D-1,122.970001221,127.569999695,122.36000061,127.36000061,122.059997559,113.349998474,-0.740020861156665,0,0.26562213906249355,-0.2727119245649834,-3.140867810054637,0.8953783972472706,-0.863448844891479,-3.125,2.0,4.0,0.31116136206887285,4.927419846774184,0.8953783972472706,0.26562213906249355
STLD,2025-04-03,train,True,True,D-1,121.650001526,122.059997559,115.910003662,116.059997559,113.349998474,114.970001221,-5.491163354874507,0,-0.2727119245649834,-3.140867810054637,0.8953783972472706,-0.863448844891479,2.7096779112903313,-0.7635933894053148,2.0,4.0,0.719999676837936,1.868722418028268,2.7096779112903313,0.8953783972472706
STLD,2025-04-04,train,True,True,D-1,111.160003662,113.349998474,105.63999939,109.209999084,114.970001221,117.760002136,5.9373859810839535,1,-3.140867810054637,0.8953783972472706,-0.863448844891479,2.7096779112903313,-8.872489790262106,-9.321041100162075,2.0,4.0,0.011690871051754991,10.92539048827228,2.7096779112903313,7.298606172247279
STLD,2025-04-07,train,True,True,D-1,106.150001526,114.970001221,103.169998169,111.040000916,117.760002136,123.379997253,16.231743268302967,1,0.8953783972472706,-0.863448844891479,2.7096779112903313,-8.872489790262106,-5.902118403472945,-11.906107922583221,2.0,2.0,0.16279068145685566,16.81164798552761,2.7096779112903313,16.96062125226807
STLD,2025-04-08,train,True,True,D-1,114.959999084,117.760002136,108.269996643,110.230003357,123.379997253,119.190002441,7.324285174052236,1,-0.863448844891479,2.7096779112903313,-8.872489790262106,-5.902118403472945,1.6756724176807625,-11.224816684900551,2.0,3.0,0.32254107601648835,14.886526155114765,2.7096779112903313,7.035024067228379
STLD,2025-04-09,train,True,True,D-1,108.739997864,123.379997253,108.739997864,122.650001526,119.190002441,121.199996948,11.458524304537509,1,2.7096779112903313,-8.872489790262106,-5.902118403472945,1.6756724176807625,-0.7294646544651506,-11.104836002419349,2.0,4.0,0.28934445682214593,15.73074100509755,2.7096779112903313,2.7096779112903313
STLD,2025-04-10,train,True,True,D-1,118.699996948,119.190002441,112.599998474,117.489997864,121.199996948,122.879997253,3.521483077064569,1,-8.872489790262106,-5.902118403472945,1.6756724176807625,-0.7294646544651506,11.26734808196963,-3.6981776550260026,2.0,0.0,0.9638794774821178,0.5951860724969116,11.26734808196963,1.6756724176807625
STLD,2025-04-11,train,True,True,D-1,117.209999084,121.199996948,116.290000916,120.410003662,122.879997253,120.410003662,4.837469681180129,1,-5.902118403472945,1.6756724176807625,-0.7294646544651506,11.26734808196963,-4.207096288462864,1.2321216052697759,2.0,1.0,0.7085601357764022,5.0131921832341275,11.26734808196963,1.6756724176807625
STLD,2025-04-14,train,True,True,D-1,122.220001221,122.879997253,118.550003052,118.75,120.410003662,119.779998779,-1.480934005005563,0,1.6756724176807625,-0.7294646544651506,11.26734808196963,-4.207096288462864,2.4853228794676108,10.255475388645863,3.0,2.0,0.8530433584556018,2.466567146145926,11.26734808196963,13.09368141758329
STLD,2025-04-15,train,True,True,D-1,118.660003662,120.410003662,117.650001526,118.239997864,119.779998779,120.129997253,1.238828202961506,0,-0.7294646544651506,11.26734808196963,-4.207096288462864,2.4853228794676108,-1.378626037301478,6.9434429218282245,2.0,3.0,0.6935806044947606,3.8989450551578875,11.26734808196963,11.26734808196963
STLD,2025-04-16,train,True,True,D-1,117.430000305,119.779998779,115.980003357,117.209999084,120.129997253,118.059997559,2.2992394967106478,0,11.26734808196963,-4.207096288462864,2.4853228794676108,-1.378626037301478,-0.42947548294736126,7.266619126426188,2.0,4.0,0.6489071309072582,4.347090224842565,11.26734808196963,13.069528741386737
STLD,2025-04-17,train,True,True,D-1,118.319999695,120.129997253,117.730003357,118.290000916,118.059997559,117.660003662,-0.219744875481942,0,-4.207096288462864,2.4853228794676108,-1.378626037301478,-0.42947548294736126,-0.8711085915146133,-4.4353871784068355,1.0,2.0,0.4484436923686528,4.837469681180129,2.4853228794676108,3.7821657560991873
STLD,2025-04-21,train,True,True,D-1,117.769996643,118.059997559,112.720001221,113.550003052,117.660003662,127.25,8.04959126027407,1,2.4853228794676108,-1.378626037301478,-0.42947548294736126,-0.8711085915146133,0.9214246569748674,0.6809116235801049,2.0,3.0,0.3347825510887954,3.880291065564734,2.4853228794676108,2.4853228794676108
STLD,2025-04-22,train,True,True,D-1,115.38999939,117.660003662,114.760002136,117.38999939,127.25,127.849998474,10.798162015658885,1,-1.378626037301478,-0.42947548294736126,-0.8711085915146133,0.9214246569748674,-4.0070993552244305,-5.697201562468635,1.0,4.0,0.08169312550770791,8.216639322085584,0.9214246569748674,3.122597099738078
STLD,2025-04-23,train,True,True,D-1,120.86000061,127.25,119.5,122.489997864,127.849998474,127.769996643,5.783549419758693,1,-0.42947548294736126,-0.8711085915146133,0.9214246569748674,-4.0070993552244305,3.381766829404209,-1.1452636715789444,2.0,4.0,0.6072817537874176,2.5726248297921472,3.381766829404209,1.682267939611326
STLD,2025-04-24,train,True,True,D-1,121.739997864,127.849998474,121.690002441,127.379997253,127.769996643,129.320007324,6.226391977160928,1,-0.8711085915146133,0.9214246569748674,-4.0070993552244305,3.381766829404209,4.344491439220888,3.5943843680446896,3.0,0.0,0.672401752512219,3.8860333243576406,4.344491439220888,0.9214246569748674
STLD,2025-04-25,train,True,True,D-1,125.870002747,127.769996643,125.760002136,127.339996338,129.320007324,129.630004883,2.9872106569804657,0,0.9214246569748674,-4.0070993552244305,3.381766829404209,4.344491439220888,3.9921621963201703,8.676732572714663,4.0,0.0,0.9689358026217215,0.3689756878126671,4.344491439220888,3.381766829404209
STLD,2025-04-28,train,True,True,D-1,127.660003662,129.320007324,126.129997253,127.940002441,129.630004883,130.179992676,1.973984757725744,0,-4.0070993552244305,3.381766829404209,4.344491439220888,3.9921621963201703,-0.03140282294129548,7.650685055304529,3.0,1.0,0.9662919875349698,0.40050428040401265,4.344491439220888,4.344491439220888
STLD,2025-04-29,train,True,True,D-1,128.199996948,129.630004883,125.480003357,129.279998779,130.179992676,132.88999939,3.6583483257822236,1,3.381766829404209,4.344491439220888,3.9921621963201703,-0.03140282294129548,0.471184325628049,12.672830473117758,4.0,0.0,0.9052194786209725,1.0786344041507911,4.344491439220888,4.344491439220888
STLD,2025-04-30,train,True,True,D-1,124.980003357,130.179992676,124.730003357,129.710006714,132.88999939,135.25,8.217311863614052,1,4.344491439220888,3.9921621963201703,-0.03140282294129548,0.471184325628049,1.0473630705282844,10.128630591008303,4.0,0.0,0.9654485749965075,0.27073492211142636,4.344491439220888,4.344491439220888
STLD,2025-05-01,train,True,True,D-1,129.429992676,132.88999939,129.259994507,130.289993286,135.25,135.300003052,4.5352783034565025,1,3.9921621963201703,-0.03140282294129548,0.471184325628049,1.0473630705282844,0.3326175271203935,5.894366051027555,4.0,0.0,0.9446423436316227,0.3623359322124653,3.9921621963201703,3.9921621963201703
STLD,2025-05-02,train,True,True,D-1,132.320007324,135.25,131.490005493,134.940002441,135.300003052,133.13999939,2.2521127290320964,0,-0.03140282294129548,0.471184325628049,1.0473630705282844,0.3326175271203935,0.44714096213009924,2.2844999966676216,4.0,0.0,0.6813716460785917,1.995553179815368,1.0473630705282844,1.0473630705282844
STLD,2025-05-05,train,True,True,D-1,133.820007324,135.300003052,133.089996338,133.119995117,133.13999939,131.979995728,-0.5081511708137643,0,0.471184325628049,1.0473630705282844,0.3326175271203935,0.44714096213009924,3.5689687578636553,5.968278876675326,5.0,0.0,0.9705325420225982,0.22972991951408783,3.5689687578636553,1.0473630705282844
STLD,2025-05-06,train,True,True,D-1,132.470001221,133.13999939,131.070007324,131.169998169,131.979995728,132.229995728,-0.18117724072455044,0,1.0473630705282844,0.3326175271203935,0.44714096213009924,3.5689687578636553,-1.3487529947213028,4.048767060473346,4.0,0.0,0.7937551563004096,1.6376262131650332,3.5689687578636553,1.0473630705282844
STLD,2025-05-07,train,True,True,D-1,131.350006104,131.979995728,129.399993896,130.699996948,132.229995728,131.039993286,0.6699578097493664,0,0.3326175271203935,0.44714096213009924,3.5689687578636553,-1.3487529947213028,-1.4648415110638635,1.4619426112703504,3.0,1.0,0.6092710499363926,3.1485895712820566,3.5689687578636553,6.362806169900425
STLD,2025-05-08,train,True,True,D-1,132.229995728,132.229995728,129.289993286,129.630004883,131.039993286,138.179992676,4.49973314696257,1,0.44714096213009924,3.5689687578636553,-1.3487529947213028,-1.4648415110638635,-0.3583145746441474,0.7632335076374286,2.0,2.0,0.2384106628776329,3.519515081419722,3.5689687578636553,5.386876102942084
STLD,2025-05-09,train,True,True,D-1,130.070007324,131.039993286,128.509994507,130.509994507,138.179992676,137.710006714,6.235092561960354,1,3.5689687578636553,-1.3487529947213028,-1.4648415110638635,-0.3583145746441474,-0.8186626549239406,-0.5065534093253499,1.0,3.0,0.05657421705427565,4.373985925648594,3.5689687578636553,4.7430125998219825
STLD,2025-05-12,train,True,True,D-1,136.100006104,138.179992676,134.410003662,136.529998779,137.710006714,135.800003052,1.182954105652101,0,-1.3487529947213028,-1.4648415110638635,-0.3583145746441474,-0.8186626549239406,0.6788471733795376,-3.2829463864408437,1.0,4.0,0.29455043933232605,3.670223543487383,0.6788471733795376,0.145372949836875
STLD,2025-05-13,train,True,True,D-1,137.710006714,137.710006714,135.300003052,135.419998169,135.800003052,134.179992676,-1.3869752152192993,0,-1.4648415110638635,-0.3583145746441474,-0.8186626549239406,0.6788471733795376,4.612676825817452,2.561601402556346,2.0,0.0,0.8293697818589527,1.208521139497587,4.612676825817452,0.0
STLD,2025-05-14,train,True,True,D-1,134.820007324,135.800003052,133.5,133.720001221,134.179992676,135.160003662,0.2521853727414092,0,-0.3583145746441474,-0.8186626549239406,0.6788471733795376,4.612676825817452,-0.8130085841403734,3.24007018321697,2.0,1.0,0.7145816929057984,2.038099648735514,4.612676825817452,0.6788471733795376
STLD,2025-05-15,train,True,True,D-1,132.509994507,134.179992676,132.259994507,133.800003052,135.160003662,136.479995728,2.996001347498578,0,-0.8186626549239406,0.6788471733795376,4.612676825817452,-0.8130085841403734,-1.2553514776144525,2.3106383653562768,2.0,2.0,0.5387805274567875,3.3353211294314677,4.612676825817452,6.670830772298142
STLD,2025-05-16,train,True,True,D-1,133.800003052,135.160003662,132.330001831,134.779998779,136.479995728,136.059997559,2.002984017091891,0,0.6788471733795376,4.612676825817452,-0.8130085841403734,-1.2553514776144525,0.059827871873685545,3.2168464182067202,3.0,3.0,0.5470537276789419,3.273534771369002,4.612676825817452,5.808951481631796
STLD,2025-05-19,train,True,True,D-1,133.149993896,136.479995728,132.009994507,136.059997559,136.059997559,135.580001831,2.185507920693497,0,4.612676825817452,-0.8130085841403734,-1.2553514776144525,0.059827871873685545,0.7324332620673779,3.2717833512520667,3.0,4.0,0.4256765289550231,2.522624964980902,4.612676825817452,4.612676825817452
STLD,2025-05-20,train,True,True,D-1,136.039993286,136.059997559,134.570007324,135.380004883,135.580001831,131.779998779,-0.33812957784623565,0,-0.8130085841403734,-1.2553514776144525,0.059827871873685545,0.7324332620673779,0.9496949039885516,-0.34424758236524244,3.0,4.0,0.7105253295819849,1.212707029694382,0.9496949039885516,0.059827871873685545
STLD,2025-05-21,train,True,True,D-1,133.759994507,135.580001831,132.169998169,132.210006714,131.779998779,129.119995117,-1.4802600249033016,0,-1.2553514776144525,0.059827871873685545,0.7324332620673779,0.9496949039885516,-0.49977413508709434,-0.02953277694635048,3.0,1.0,0.7539171041313675,0.8125209080548146,0.9496949039885516,0.7324332620673779
STLD,2025-05-22,train,True,True,D-1,131.679992676,131.779998779,129.5,129.88999939,129.119995117,128.789993286,-1.944105180275113,0,0.059827871873685545,0.7324332620673779,0.9496949039885516,-0.49977413508709434,-2.341555661590955,-1.1292211286361042,3.0,2.0,0.04474544795655968,3.229701835835286,0.9496949039885516,3.7793222111113023
STLD,2025-05-23,train,True,True,D-1,127.690002441,129.119995117,124.449996948,125.319999695,128.789993286,129.100006104,1.1042396711140157,0,0.7324332620673779,0.9496949039885516,-0.49977413508709434,-2.341555661590955,-1.7547895062275276,-2.9222747180957853,2.0,3.0,0.0558738723056155,5.0735209553841365,0.9496949039885516,5.004950698774969
STLD,2025-05-27,train,True,True,D-1,126.38999939,128.789993286,125.190002441,128.740005493,129.100006104,127.309997559,2.1441622969217367,0,0.9496949039885516,-0.49977413508709434,-2.341555661590955,-1.7547895062275276,-3.5183614723704792,-7.018844910001554,1.0,4.0,0.07231943767495552,8.90519953731317,0.9496949039885516,6.161106044678255
STLD,2025-05-28,train,True,True,D-1,129.0,129.100006104,126.629997253,126.720001221,127.309997559,124.819999695,-1.3100794116279069,0,-0.49977413508709434,-2.341555661590955,-1.7547895062275276,-3.5183614723704792,2.729018358062163,-5.37997368611286,1.0,4.0,0.36950976048488726,5.685872109426016,2.729018358062163,0.8853598447922884
STLD,2025-05-29,train,True,True,D-1,127.309997559,127.309997559,123.480003357,125.150001526,124.819999695,142.419998169,11.868667739937312,1,-2.341555661590955,-1.7547895062275276,-3.5183614723704792,2.729018358062163,-1.5690571584680013,-6.396811456377371,1.0,4.0,0.2039535738629557,6.9917933433003565,2.729018358062163,0.0
STLD,2025-05-30,train,True,True,D-1,124.569999695,124.819999695,121.410003662,123.069999695,142.419998169,137.11000061,14.329291577188986,1,-1.7547895062275276,-3.5183614723704792,2.729018358062163,-1.5690571584680013,-1.2389517675760797,-5.3399930636660375,1.0,4.0,0.2012047096524283,5.29764056904356,2.729018358062163,5.517587422707115
STLD,2025-06-02,train,True,True,D-1,135.600006104,142.419998169,134.13999939,135.710006714,137.11000061,137.279998779,1.2389325954097252,0,-3.5183614723704792,2.729018358062163,-1.5690571584680013,-1.2389517675760797,-1.662007036066926,-5.250596448555422,1.0,4.0,0.21530452305799752,4.915897811809122,2.729018358062163,5.609385696154579
STLD,2025-06-03,train,True,True,D-1,135.050003052,137.11000061,130.970001221,136.839996338,137.279998779,135.75,1.651237080047574,0,2.729018358062163,-1.5690571584680013,-1.2389517675760797,-1.662007036066926,10.270583448708281,8.290781235466715,2.0,0.0,0.6806285954637259,4.944360123082792,10.270583448708281,2.729018358062163
STLD,2025-06-04,train,True,True,D-1,136.839996338,137.279998779,134.88999939,134.970001221,135.75,135.0,-0.7965480613633336,0,-1.5690571584680013,-1.2389517675760797,-1.662007036066926,10.270583448708281,0.8326501864975633,6.2917434359131,2.0,1.0,0.734412028087828,4.077756489569895,10.270583448708281,0.0
STLD,2025-06-05,train,True,True,D-1,135.25,135.75,131.679992676,132.100006104,135.0,135.580001831,0.24399396007392937,0,-1.2389517675760797,-1.662007036066926,10.270583448708281,0.8326501864975633,-1.3665559537001437,6.510416603936076,2.0,2.0,0.6454070016287794,5.519742817369755,10.270583448708281,10.81586784660793
STLD,2025-06-06,train,True,True,D-1,133.580001831,135.0,133.070007324,133.559997559,135.580001831,135.190002441,1.49723010374736,0,-1.662007036066926,10.270583448708281,0.8326501864975633,-1.3665559537001437,-2.1263948218394613,5.553339587100292,2.0,3.0,0.5088055800508826,7.812257068993067,10.270583448708281,13.73447584921087
STLD,2025-06-09,train,True,True,D-1,134.100006104,135.580001831,133.509994507,133.630004883,135.190002441,131.899993896,0.8128234805259149,0,10.270583448708281,0.8326501864975633,-1.3665559537001437,-2.1263948218394613,1.1052167960163395,8.523602738276592,3.0,4.0,0.22620061383094256,6.633723249422863,10.270583448708281,11.315262747251985
STLD,2025-06-10,train,True,True,D-1,133.880004883,135.190002441,133.330001831,133.809997559,131.899993896,132.229995728,-1.2324537606956065,0,0.8326501864975633,-1.3665559537001437,-2.1263948218394613,1.1052167960163395,0.05241638610322674,-1.5326812527417188,3.0,3.0,0.42155383382479583,2.731417917103096,1.1052167960163395,0.8326501864975633
STLD,2025-06-11,train,True,True,D-1,131.899993896,131.899993896,127.61000061,130.029998779,132.229995728,133.509994507,1.2206222028102731,0,-1.3665559537001437,-2.1263948218394613,1.1052167960163395,0.05241638610322674,0.13469480612351425,-2.214264001816957,3.0,4.0,0.380357600299565,2.593230164636995,1.1052167960163395,1.1052167960163395
STLD,2025-06-12,train,True,True,D-1,129.61000061,132.229995728,129.039993286,131.850006104,133.509994507,134.990005493,4.150918029225692,1,-2.1263948218394613,1.1052167960163395,0.05241638610322674,0.13469480612351425,-2.824900118792173,-3.6600743849081074,3.0,4.0,0.29729709463774423,4.398985829971247,1.1052167960163395,3.799227102423186
STLD,2025-06-13,train,True,True,D-1,130.009994507,133.509994507,130.009994507,133.479995728,134.990005493,134.410003662,3.8304831908379855,1,1.1052167960163395,0.05241638610322674,0.13469480612351425,-2.824900118792173,1.3996826440745291,-0.189250559006926,4.0,3.0,0.5319955890129701,2.8289689452557942,1.3996826440745291,2.569973907409162
STLD,2025-06-16,train,True,True,D-1,134.270004272,134.990005493,131.479995728,132.119995117,134.410003662,134.160003662,0.10426706304142996,0,0.05241638610322674,0.13469480612351425,-2.824900118792173,1.3996826440745291,1.23624539138385,-0.05989954511991247,4.0,4.0,0.7365111943186743,1.5732740262288436,1.3996826440745291,0.13469480612351425
STLD,2025-06-17,train,True,True,D-1,131.580001831,134.410003662,130.550003052,133.160003662,134.160003662,131.669998169,1.9607856779890742,0,0.13469480612351425,-2.824900118792173,1.3996826440745291,1.23624539138385,-1.0188797231993951,-1.1299930485837328,3.0,4.0,0.5949859389948223,2.3236508003813716,1.3996826440745291,1.3996826440745291
STLD,2025-06-18,train,True,True,D-1,131.300003052,134.160003662,129.720001221,130.11000061,131.669998169,127.709999084,0.2817936849959235,0,-2.824900118792173,1.3996826440745291,1.23624539138385,-1.0188797231993951,0.7871696816814211,-0.4857588437765292,3.0,1.0,0.7520324362907334,1.374287909787908,1.3996826440745291,1.6394129978663186
STLD,2025-06-20,train,True,True,D-1,131.429992676,131.669998169,124.559997559,125.900001526,127.709999084,129.539993286,-1.4380274635327872,0,1.3996826440745291,1.23624539138385,-1.0188797231993951,0.7871696816814211,-2.2904798498968537,0.06152567234576356,3.0,2.0,0.1798327947531193,3.7506762432717666,1.3996826440745291,2.9210227752333617
STLD,2025-06-23,train,True,True,D-1,125.650001526,127.709999084,124.800003052,127.430000305,129.539993286,129.100006104,3.0958947176734197,1,1.23624539138385,-1.0188797231993951,0.7871696816814211,-2.2904798498968537,-3.235722899286819,-4.512707093321467,2.0,3.0,0.1284758339091786,7.220018949025042,1.23624539138385,6.68833455956086
STLD,2025-06-24,train,True,True,D-1,128.240005493,129.539993286,127.940002441,128.220001221,129.100006104,132.300003052,3.1659368255576137,1,-1.0188797231993951,0.7871696816814211,-2.2904798498968537,-3.235722899286819,1.215249214023273,-4.532510950426194,2.0,4.0,0.2751678391963908,5.9326729733228944,1.215249214023273,2.8469654640465247
STLD,2025-06-25,train,True,True,D-1,128.320007324,129.100006104,127.220001221,128.479995728,132.300003052,132.210006714,3.1016174414257636,1,0.7871696816814211,-2.2904798498968537,-3.235722899286819,1.215249214023273,0.6199489242008527,-2.9518574327423663,3.0,4.0,0.371573745612733,4.827641851547737,1.215249214023273,0.7871696816814211
STLD,2025-06-26,train,True,True,D-1,129.789993286,132.300003052,129.0,131.5,132.210006714,130.710006714,1.864560870010501,0,-2.2904798498968537,-3.235722899286819,1.215249214023273,0.6199489242008527,0.20277219195459217,-3.514574801213788,3.0,4.0,0.4083328830150437,4.420927866486646,1.215249214023273,1.215249214023273
STLD,2025-06-27,train,True,True,D-1,131.220001221,132.210006714,130.449996948,131.210006714,130.710006714,131.919998169,0.5334529351368245,0,-3.235722899286819,1.215249214023273,0.6199489242008527,0.20277219195459217,2.350563801693717,1.0683263265569343,4.0,0.0,0.8966405059113316,0.6083673399239542,2.350563801693717,1.215249214023273
STLD,2025-06-30,train,True,True,D-1,130.410003662,130.710006714,127.930000305,128.009994507,131.919998169,134.339996338,3.013566878033247,1,1.215249214023273,0.6199489242008527,0.20277219195459217,2.350563801693717,-0.22052721368821526,4.217637111706796,4.0,1.0,0.8546671549333344,0.8307265316858548,2.350563801693717,1.215249214023273
STLD,2025-07-01,oos,True,True,D-1,127.809997559,131.919998169,126.309997559,130.160003662,134.339996338,135.210006714,5.789851573687721,1,0.6199489242008527,0.20277219195459217,2.350563801693717,-0.22052721368821526,-2.4388476817740923,0.4551472970350634,3.0,2.0,0.1555104333189728,3.3513074987011393,2.350563801693717,5.004560374317302
STLD,2025-07-02,oos,True,True,D-1,131.61000061,134.339996338,130.929992676,134.059997559,135.210006714,134.940002441,2.735359081615618,0,0.20277219195459217,2.350563801693717,-0.22052721368821526,-2.4388476817740923,1.6795635085215643,1.5130263785103404,3.0,3.0,0.6427383259496476,1.644129786256876,2.350563801693717,3.150809970637747
STLD,2025-07-03,oos,True,True,D-1,134.919998169,135.210006714,132.970001221,133.240005493,134.940002441,137.429992676,1.8603576497651764,0,2.350563801693717,-0.22052721368821526,-2.4388476817740923,1.6795635085215643,2.9963074579557603,4.34308998796451,3.0,0.0,0.9651309064040915,0.2088607967315248,2.9963074579557603,2.350563801693717
STLD,2025-07-07,oos,True,True,D-1,132.63999939,134.940002441,132.130004883,133.490005493,137.429992676,136.539993286,3.6112736037611226,1,-0.22052721368821526,-2.4388476817740923,1.6795635085215643,2.9963074579557603,-0.611660510913492,1.3231980935361376,2.0,0.0,0.7786517758924723,1.4785358299189477,2.9963074579557603,1.6795635085215643
STLD,2025-07-08,oos,True,True,D-1,134.279998779,137.429992676,133.330001831,136.039993286,136.539993286,139.570007324,3.9395357410647147,1,-2.4388476817740923,1.6795635085215643,2.9963074579557603,-0.611660510913492,0.18763133420400813,1.737671414017794,3.0,1.0,0.8067416346382411,1.2884868905711278,2.9963074579557603,3.421484301442679
STLD,2025-07-09,oos,True,True,D-1,136.11000061,136.539993286,134.779998779,136.080001831,139.570007324,137.919998169,2.542066489231787,0,1.6795635085215643,2.9963074579557603,-0.611660510913492,0.18763133420400813,1.910246226736212,6.272946741327212,4.0,0.0,0.8749999999662759,1.0217579084099038,2.9963074579557603,2.9963074579557603
STLD,2025-07-10,oos,True,True,D-1,137.520004272,139.570007324,136.690002441,137.369995117,137.919998169,134.699996948,0.290862336077935,0,2.9963074579557603,-0.611660510913492,0.18763133420400813,1.910246226736212,0.02940939942264187,4.548246775079279,4.0,1.0,0.7923091007692296,0.9920567510548484,2.9963074579557603,2.9963074579557603
STLD,2025-07-11,oos,True,True,D-1,136.970001221,137.919998169,134.160003662,135.070007324,134.699996948,133.710006714,-1.6573003232564387,0,-0.611660510913492,0.18763133420400813,1.910246226736212,0.02940939942264187,0.9479668346874748,2.4690419351553805,4.0,0.0,0.7042995315597923,1.6015231019890441,1.910246226736212,1.910246226736212
STLD,2025-07-14,oos,True,True,D-1,134.490005493,134.699996948,133.119995117,133.220001221,133.710006714,129.309997559,-0.5799678393504148,0,0.18763133420400813,1.910246226736212,0.02940939942264187,0.9479668346874748,-1.6743014302658121,1.373462740585163,4.0,1.0,0.3951614887648925,3.3316056533598815,1.910246226736212,2.6524526445861674
STLD,2025-07-15,oos,True,True,D-1,133.710006714,133.710006714,128.690002441,128.86000061,129.309997559,131.320007324,-1.7874499065070881,0,1.910246226736212,0.02940939942264187,0.9479668346874748,-1.6743014302658121,-1.3696646203344653,-0.20226553366512467,3.0,2.0,0.015504792981857373,4.766556106290598,1.910246226736212,4.931279963008384
STLD,2025-07-16,oos,True,True,D-1,129.0,129.309997559,126.169998169,127.470001221,131.320007324,132.089996338,2.395345998449616,0,0.02940939942264187,0.9479668346874748,-1.6743014302658121,-1.3696646203344653,-3.2727822932287487,-5.277854329870002,2.0,3.0,0.015624824697056701,8.31135081739931,0.9479668346874748,5.545587607079761
STLD,2025-07-17,oos,True,True,D-1,127.209999084,131.320007324,127.209999084,131.149993896,132.089996338,135.800003052,6.752616956099322,1,0.9479668346874748,-1.6743014302658121,-1.3696646203344653,-3.2727822932287487,-1.078689571954039,-6.327160856958914,1.0,4.0,0.09701508685275288,9.49243428814417,0.9479668346874748,5.264135538560444
STLD,2025-07-18,oos,True,True,D-1,131.580001831,132.089996338,130.539993286,131.630004883,135.800003052,134.660003662,3.207175225928416,1,-1.6743014302658121,-1.3696646203344653,-3.2727822932287487,-1.078689571954039,2.886948018945934,-4.527918353423777,1.0,4.0,0.42382942357446945,5.162031710324366,2.886948018945934,0.0
STLD,2025-07-21,oos,True,True,D-1,133.559997559,135.800003052,133.0,134.529998779,134.660003662,133.470001221,0.8236044647380814,0,-1.3696646203344653,-3.2727822932287487,-1.078689571954039,2.886948018945934,0.3660015320935628,-2.546829240001647,2.0,4.0,0.6400946653640776,2.3322889547324532,2.886948018945934,0.0
STLD,2025-07-22,oos,True,True,D-1,128.080001831,134.660003662,127.599998474,132.240005493,133.470001221,130.020004272,4.208306771506787,1,-3.2727822932287487,-1.078689571954039,2.886948018945934,0.3660015320935628,2.2031404607009586,0.9833339933895235,3.0,0.0,0.8681200800591553,0.9440305393046966,2.886948018945934,2.886948018945934
STLD,2025-07-23,oos,True,True,D-1,133.399993896,133.470001221,130.63999939,130.720001221,130.020004272,131.009994507,-1.7916038218587116,0,-1.078689571954039,2.886948018945934,0.3660015320935628,2.2031404607009586,-1.7022175773315107,2.6230054842462325,3.0,1.0,0.6303223516236734,2.6920730574141016,2.886948018945934,2.886948018945934
STLD,2025-07-24,oos,True,True,D-1,129.61000061,130.020004272,126.470001221,126.830001831,131.009994507,131.410003662,1.3887840780251848,0,2.886948018945934,0.3660015320935628,2.2031404607009586,-1.7022175773315107,-1.1494284701012658,2.549619493895916,3.0,2.0,0.40861472824409184,3.8861702750534466,2.886948018945934,5.719028292921791
STLD,2025-07-25,oos,True,True,D-1,127.410003662,131.009994507,126.160003662,130.830001831,131.410003662,129.800003052,3.139470908902431,1,0.3660015320935628,2.2031404607009586,-1.7022175773315107,-1.1494284701012658,-2.9758256989482534,-3.293932341640593,2.0,3.0,0.03858526681140161,7.072460057954144,2.2031404607009586,6.29418964194618
STLD,2025-07-28,oos,True,True,D-1,130.309997559,131.410003662,129.559997559,130.229995728,129.800003052,129.149993896,-0.3913702068554681,0,2.2031404607009586,-1.7022175773315107,-1.1494284701012658,-2.9758256989482534,3.1538279131541502,-0.6077664835696717,2.0,4.0,0.4844396747415157,3.79882378005314,3.1538279131541502,2.2031404607009586
STLD,2025-07-29,oos,True,True,D-1,129.580001831,129.800003052,126.449996948,127.519996643,129.149993896,129.059997559,-0.3318474524802162,0,-1.7022175773315107,-1.1494284701012658,-2.9758256989482534,3.1538279131541502,-0.45861506887010517,-3.1963153869226324,1.0,4.0,0.4788225960000006,3.4016801653380835,3.1538279131541502,0.0
STLD,2025-07-30,oos,True,True,D-1,127.379997253,129.149993896,126.209999084,127.449996948,129.059997559,125.190002441,1.3188886341889416,0,-1.1494284701012658,-2.9758256989482534,3.1538279131541502,-0.45861506887010517,-2.0809330982856977,-3.569274541696732,1.0,4.0,0.18604561356188076,4.665938468189723,3.1538279131541502,5.683832607548112
STLD,2025-07-31,oos,True,True,D-1,126.660003662,129.059997559,125.300003052,127.559997559,125.190002441,122.940002441,-1.1605883297799213,0,-2.9758256989482534,3.1538279131541502,-0.45861506887010517,-2.0809330982856977,-0.054893112329634786,-2.5015332332131712,1.0,2.0,0.24571300685714448,3.1071061662054866,3.1538279131541502,5.288511834826348
STLD,2025-08-01,oos,True,True,D-1,125.11000061,125.190002441,121.660003662,122.370002747,122.940002441,124.160003662,-0.7593293448709959,0,3.1538279131541502,-0.45861506887010517,-2.0809330982856977,-0.054893112329634786,0.08630883768860897,0.5755702258624096,2.0,3.0,0.3698844977693049,3.018192361770211,3.1538279131541502,3.1538279131541502
STLD,2025-08-04,oos,True,True,D-1,122.300003052,122.940002441,120.870002747,121.36000061,124.160003662,123.919998169,1.5208508287682942,0,-0.45861506887010517,-2.0809330982856977,-0.054893112329634786,0.08630883768860897,-4.068669576133754,-6.466405996789815,1.0,4.0,0.07282041897435958,7.387432141919792,0.08630883768860897,3.985872359865694
STLD,2025-08-05,oos,True,True,D-1,121.540000916,124.160003662,121.400001526,123.529998779,123.919998169,125.069999695,2.9043925887738853,0,-2.0809330982856977,-0.054893112329634786,0.08630883768860897,-4.068669576133754,-0.8253674220210505,-6.811023119839444,1.0,4.0,0.05487097942489932,6.954517468340016,0.08630883768860897,4.946764362652322
STLD,2025-08-06,oos,True,True,D-1,122.88999939,123.919998169,121.930000305,122.230003357,125.069999695,123.870002747,1.7739444347148359,0,-0.054893112329634786,0.08630883768860897,-4.068669576133754,-0.8253674220210505,1.788067038639407,-3.1289193609142285,2.0,4.0,0.32125590283043326,4.549498237310279,1.788067038639407,0.08630883768860897
STLD,2025-08-07,oos,True,True,D-1,124.370002747,125.069999695,121.370002747,122.069999695,123.870002747,123.230003357,-0.40202620322934424,0,0.08630883768860897,-4.068669576133754,-0.8253674220210505,1.788067038639407,-1.0523722454864881,-4.09571888270015,2.0,4.0,0.16605634572653483,5.587821332256282,1.788067038639407,0.08630883768860897
STLD,2025-08-08,oos,True,True,D-1,122.930000305,123.870002747,122.160003662,123.019996643,123.230003357,126.650001526,3.0261134074435425,1,-4.068669576133754,-0.8253674220210505,1.788067038639407,-1.0523722454864881,-0.13090375325660597,-4.303855416319458,1.0,4.0,0.2777770909721748,2.555912799046056,1.788067038639407,2.9699654426149302
STLD,2025-08-11,oos,True,True,D-1,122.849998474,123.230003357,119.88999939,122.410003662,126.650001526,129.850006104,5.698011979610618,1,-0.8253674220210505,1.788067038639407,-1.0523722454864881,-0.13090375325660597,0.7782394940391679,0.5311709417412214,2.0,1.0,0.5119036805547685,1.6663982343854578,1.788067038639407,1.788067038639407
STLD,2025-08-12,oos,True,True,D-1,123.379997253,126.650001526,121.680000305,125.599998474,129.850006104,129.619995117,5.243969034731566,1,1.788067038639407,-1.0523722454864881,-0.13090375325660597,0.7782394940391679,-0.49584864058335176,0.8651969732385467,2.0,2.0,0.48648728255238793,2.173021773894246,1.788067038639407,1.788067038639407
STLD,2025-08-13,oos,True,True,D-1,126.010002136,129.850006104,125.769996643,129.240005493,129.619995117,131.009994507,3.9679329309141753,1,-1.0523722454864881,-0.13090375325660597,0.7782394940391679,-0.49584864058335176,2.605991925960782,1.6757060758199493,2.0,0.0,0.8446741538130197,0.8359897012398143,2.605991925960782,0.7782394940391679
STLD,2025-08-14,oos,True,True,D-1,128.380004883,129.619995117,125.739997864,127.480003357,131.009994507,126.940002441,2.0485975416474345,0,-0.13090375325660597,0.7782394940391679,-0.49584864058335176,2.605991925960782,2.8980947955612457,5.735091175221307,3.0,0.0,0.9387550000199752,0.47199054864865975,2.8980947955612457,0.7782394940391679
STLD,2025-08-15,oos,True,True,D-1,130.449996948,131.009994507,126.319999695,126.419998169,126.940002441,128.429992676,-1.5484893210117923,0,0.7782394940391679,-0.49584864058335176,2.605991925960782,2.8980947955612457,-1.3618090848002473,4.431886356612802,3.0,1.0,0.7620480773704035,1.8591172612091533,2.8980947955612457,2.605991925960782
STLD,2025-08-18,oos,True,True,D-1,126.319999695,126.940002441,125.150001526,125.910003662,128.429992676,128.710006714,1.892025827082544,0,-0.49584864058335176,2.605991925960782,2.8980947955612457,-1.3618090848002473,-0.8315070286212034,2.763779563306845,2.0,0.0,0.5872303638890171,3.6307517833246816,2.8980947955612457,5.080087370726183
STLD,2025-08-19,oos,True,True,D-1,126.730003357,128.429992676,125.970001221,128.220001221,128.710006714,126.489997864,1.56237931393588,0,2.605991925960782,2.8980947955612457,-1.3618090848002473,-0.8315070286212034,-0.4034128416282923,2.8592434403190037,2.0,1.0,0.4533768473396532,4.050504881796924,2.8980947955612457,4.129660259678247
STLD,2025-08-20,oos,True,True,D-1,127.959999084,128.710006714,125.260002136,125.449996948,126.489997864,132.839996338,3.813689659997954,1,2.8980947955612457,-1.3618090848002473,-0.8315070286212034,-0.4034128416282923,1.8346418011400356,2.085989473592509,2.0,2.0,0.5238913604425693,2.1759423330461214,2.8980947955612457,2.8980947955612457
STLD,2025-08-21,oos,True,True,D-1,125.029998779,126.489997864,124.769996643,125.760002136,132.839996338,134.300003052,7.414224077043641,1,-1.3618090848002473,-0.8315070286212034,-0.4034128416282923,1.8346418011400356,-2.160352711450697,-2.932535115998025,1.0,3.0,0.05119381933949276,4.432042801327962,1.8346418011400356,0.36534564420699356
STLD,2025-08-22,oos,True,True,D-1,127.199996948,132.839996338,126.230003357,132.679992676,134.300003052,133.509994507,5.581765938958716,1,-0.8315070286212034,-0.4034128416282923,1.8346418011400356,-2.160352711450697,0.24711454407486677,-1.349232174228332,2.0,4.0,0.15865478075105957,4.174612183389215,1.8346418011400356,3.753218514269163
STLD,2025-08-25,oos,True,True,D-1,132.580001831,134.300003052,132.050003052,133.279998779,133.509994507,133.070007324,0.7014577335618499,0,-0.4034128416282923,1.8346418011400356,-2.160352711450697,0.24711454407486677,5.502536913538347,4.951743867795,3.0,0.0,0.980173027503444,0.12059366206833566,5.502536913538347,1.8346418011400356
STLD,2025-08-26,oos,True,True,D-1,132.509994507,133.509994507,131.149993896,131.729995728,133.070007324,133.160003662,0.49053594592496363,0,1.8346418011400356,-2.160352711450697,0.24711454407486677,5.502536913538347,0.45222048245450175,5.85338329175531,4.0,0.0,0.8929691933851475,0.7653093354925034,5.502536913538347,1.8346418011400356
STLD,2025-08-27,oos,True,True,D-1,131.169998169,133.070007324,130.949996948,132.699996948,133.160003662,132.710006714,1.517119402895828,0,-2.160352711450697,0.24711454407486677,5.502536913538347,0.45222048245450175,-1.1629674858942396,2.7374781419243543,3.0,1.0,0.7303247014007345,1.9509659207054275,5.502536913538347,6.218543094153583
STLD,2025-08-28,oos,True,True,D-1,133.160003662,133.160003662,130.289993286,131.570007324,132.710006714,130.029998779,-0.33793701984435875,0,0.24711454407486677,5.502536913538347,0.45222048245450175,-1.1629674858942396,0.7363556148615391,5.779195038964557,4.0,2.0,0.8321086014707224,1.2057318318002386,5.502536913538347,5.93771236095243
STLD,2025-08-29,oos,True,True,D-1,131.440002441,132.710006714,130.539993286,130.919998169,130.029998779,129.850006104,-1.0727355719830411,0,5.502536913538347,0.45222048245450175,-1.1629674858942396,0.7363556148615391,-0.8515370384242105,4.619914988325857,3.0,3.0,0.6617105537573371,2.0749377335498753,5.502536913538347,5.623988677896074
STLD,2025-09-02,oos,True,True,D-1,129.13999939,130.029998779,127.430000305,129.020004272,129.850006104,130.940002441,1.3938385159535382,0,0.45222048245450175,-1.1629674858942396,0.7363556148615391,-0.8515370384242105,-0.4940405250562163,-1.3264957824484225,2.0,4.0,0.1571080670031462,2.581733066201908,0.7363556148615391,2.077726240286293
STLD,2025-09-03,oos,True,True,D-1,129.0,129.850006104,126.879997253,129.589996338,130.940002441,136.100006104,5.503880700775188,1,-1.1629674858942396,0.7363556148615391,-0.8515370384242105,-0.4940405250562163,-1.4512633085644877,-3.1962744192876147,1.0,4.0,0.2615140597464673,3.4800729238344985,0.7363556148615391,2.6744896196126633
STLD,2025-09-04,oos,True,True,D-1,129.429992676,130.940002441,127.440002441,130.86000061,136.100006104,135.559997559,5.153375419480177,1,0.7363556148615391,-0.8515370384242105,-0.4940405250562163,-1.4512633085644877,0.44178580617493246,-1.6245346233964453,2.0,3.0,0.4315280763274757,2.75484792413192,0.7363556148615391,1.7522445925585495
STLD,2025-09-05,oos,True,True,D-1,131.699996948,136.100006104,131.429992676,134.630004883,135.559997559,135.479995728,2.930904100570375,0,-0.8515370384242105,-0.4940405250562163,-1.4512633085644877,0.44178580617493246,0.9800172142049757,-1.3865835571353013,2.0,4.0,0.6337578495614528,1.7576058698445918,0.9800172142049757,0.0
STLD,2025-09-08,oos,True,True,D-1,134.479995728,135.559997559,132.690002441,134.539993286,135.479995728,133.429992676,0.743605020647542,0,-0.4940405250562163,-1.4512633085644877,0.44178580617493246,0.9800172142049757,2.8809447160524693,2.325756166802173,3.0,0.0,0.8405640119488003,1.0918823201986116,2.8809447160524693,0.44178580617493246
STLD,2025-09-09,oos,True,True,D-1,134.729995728,135.479995728,129.970001221,130.289993286,133.429992676,136.440002441,1.2692100996219313,0,-1.4512633085644877,0.44178580617493246,0.9800172142049757,2.8809447160524693,-0.06685849642374952,2.7650436660769495,3.0,1.0,0.8308013752252751,1.1595160516202574,2.8809447160524693,0.9800172142049757
STLD,2025-09-10,oos,True,True,D-1,130.190002441,133.429992676,129.929992676,132.720001221,136.440002441,133.979995728,4.800675845161306,1,0.44178580617493246,0.9800172142049757,2.8809447160524693,-0.06685849642374952,-3.15891200541798,0.984334965082323,3.0,2.0,0.3698473708764559,4.459293205462389,2.8809447160524693,6.104603216824033
STLD,2025-09-11,oos,True,True,D-1,132.720001221,136.440002441,132.020004272,133.990005493,133.979995728,132.210006714,0.9493629410852078,0,0.9800172142049757,2.8809447160524693,-0.06685849642374952,-3.15891200541798,1.8650764143228304,2.415313659579277,3.0,3.0,0.6096993702853583,2.5467185442318963,2.8809447160524693,4.233696429909884
STLD,2025-09-12,oos,True,True,D-1,133.630004883,133.979995728,130.580001831,130.649993896,132.210006714,141.899993896,6.1887216274824075,1,2.8809447160524693,-0.06685849642374952,-3.15891200541798,1.8650764143228304,0.9569049580441691,2.391872893481284,3.0,0.0,0.6236569473102801,1.8284923110388096,2.8809447160524693,2.8809447160524693
STLD,2025-09-15,oos,True,True,D-1,130.75,132.210006714,129.410003662,131.580001831,141.899993896,140.990005493,8.52771999694073,1,-0.06685849642374952,-3.15891200541798,1.8650764143228304,0.9569049580441691,-2.4927318904949924,-2.9562585178978584,2.0,1.0,0.11059909984635834,4.431694462694691,1.8650764143228304,3.4247564218245485
STLD,2025-09-16,oos,True,True,D-1,138.350006104,141.899993896,135.429992676,139.669998169,140.990005493,141.25,2.0961284915448797,0,-3.15891200541798,1.8650764143228304,0.9569049580441691,-2.4927318904949924,0.7118315946806009,-2.200082951325677,3.0,2.0,0.3086768913078927,3.693570863634821,1.8650764143228304,3.6637207633044566
STLD,2025-09-17,oos,True,True,D-1,139.5,140.990005493,135.910003662,136.850006104,141.25,141.089996338,1.2544802867383575,0,1.8650764143228304,0.9569049580441691,-2.4927318904949924,0.7118315946806009,6.14834794453849,7.199328702404584,4.0,0.0,0.8214573682428057,1.596617567290104,6.14834794453849,1.8650764143228304
STLD,2025-09-18,oos,True,True,D-1,136.160003662,141.25,135.25,139.839996338,141.089996338,140.800003052,3.6207348291779295,1,0.9569049580441691,-2.4927318904949924,0.7118315946806009,6.14834794453849,-2.01903923674992,3.1118179965375914,3.0,1.0,0.5956772025126931,3.690162635551708,6.14834794453849,0.9569049580441691
STLD,2025-09-19,oos,True,True,D-1,140.679992676,141.089996338,138.38999939,139.270004272,140.800003052,139.850006104,0.08530735161209613,0,-2.4927318904949924,0.7118315946806009,6.14834794453849,-2.01903923674992,2.1848667158463675,4.36599045091135,3.0,2.0,0.835068120998819,1.473110420441448,6.14834794453849,6.14834794453849
STLD,2025-09-22,oos,True,True,D-1,140.800003052,140.800003052,136.869995117,139.070007324,139.850006104,137.75,-0.6747137268520942,0,0.7118315946806009,6.14834794453849,-2.01903923674992,2.1848667158463675,-0.4076030326990998,6.597788579203212,3.0,3.0,0.7894322113366661,1.888410672310692,6.14834794453849,6.14834794453849
STLD,2025-09-23,oos,True,True,D-1,139.13999939,139.850006104,135.570007324,136.690002441,137.75,138.25,-0.6396430889045845,0,6.14834794453849,-2.01903923674992,2.1848667158463675,-0.4076030326990998,-0.1436037494544795,5.692358556598953,2.0,4.0,0.5744377188523033,2.034936667118181,6.14834794453849,6.698969393454224
STLD,2025-09-24,oos,True,True,D-1,136.509994507,137.75,136.100006104,136.369995117,138.25,140.130004883,2.6518280870741595,0,-2.01903923674992,2.1848667158463675,-0.4076030326990998,-0.1436037494544795,-1.7113717966916853,-2.1335975993886813,1.0,3.0,0.24000040683333168,3.3360139568131553,2.1848667158463675,4.037384667925381
STLD,2025-09-25,oos,True,True,D-1,135.759994507,138.25,134.869995117,136.089996338,140.130004883,140.470001221,3.4693627759075474,1,2.1848667158463675,-0.4076030326990998,-0.1436037494544795,-1.7113717966916853,-0.2341117260116432,-0.3507570081035971,1.0,4.0,0.18666585283333367,3.5785033788504172,2.1848667158463675,4.126343716497994
STLD,2025-09-26,oos,True,True,D-1,137.070007324,140.130004883,136.619995117,139.630004883,140.470001221,139.710006714,2.480479839009009,0,-0.4076030326990998,-0.1436037494544795,-1.7113717966916853,-0.2341117260116432,-0.20532286355204876,-2.681636225830608,0.0,4.0,0.19614163689888314,3.6740393376025526,-0.1436037494544795,0.43895390466393014
STLD,2025-09-29,oos,True,True,D-1,140.210006714,140.470001221,137.820007324,138.880004883,139.710006714,141.740005493,1.09121938929857,0,-0.1436037494544795,-1.7113717966916853,-0.2341117260116432,-0.20532286355204876,2.601226129955836,0.25849113230218546,1.0,4.0,0.8026987178053417,0.8379274712339679,2.601226129955836,0.0
STLD,2025-09-30,oos,True,True,D-1,138.089996338,139.710006714,137.600006104,139.429992676,141.740005493,145.039993286,5.032947448987279,1,-1.7113717966916853,-0.2341117260116432,-0.20532286355204876,2.601226129955836,-0.5371338349722476,-0.13662359314997596,1.0,0.0,0.7160723919810936,1.144870594827152,2.601226129955836,0.0
STLD,2025-10-01,oos,True,True,D-1,138.990005493,141.740005493,138.100006104,141.0,145.039993286,147.0,5.763000352858749,1,-0.2341117260116432,-0.20532286355204876,2.601226129955836,-0.5371338349722476,0.3960165420957118,2.0045286312601274,2.0,1.0,0.8142843908228747,0.7459001646917596,2.601226129955836,2.7444705616720633
STLD,2025-10-02,oos,True,True,D-1,140.949996948,145.039993286,140.770004272,144.38999939,147.0,145.929992676,4.292304493083443,1,-0.20532286355204876,2.601226129955836,-0.5371338349722476,0.3960165420957118,1.1260183651076394,3.395178594109094,3.0,0.0,0.8922846615217381,0.5248265907801475,2.601226129955836,2.601226129955836
STLD,2025-10-03,oos,True,True,D-1,144.970001221,147.0,144.320007324,145.089996338,145.929992676,144.039993286,0.6622000737494416,0,2.601226129955836,-0.5371338349722476,0.3960165420957118,1.1260183651076394,2.404254886524826,6.098907543053866,4.0,0.0,0.9228035585098968,0.45016545380289763,2.601226129955836,2.601226129955836
STLD,2025-10-06,oos,True,True,D-1,145.199996948,145.929992676,141.490005493,141.630004883,144.039993286,146.75,1.06749523731402,0,-0.5371338349722476,0.3960165420957118,1.1260183651076394,2.404254886524826,0.48479600454134353,3.9103281988531524,4.0,0.0,0.7968079891187191,1.3164268455493566,2.404254886524826,1.1260183651076394
STLD,2025-10-07,oos,True,True,D-1,142.630004883,144.039993286,141.410003662,142.729995728,146.75,149.470001221,4.795622312157155,1,0.3960165420957118,1.1260183651076394,2.404254886524826,0.48479600454134353,-2.3847208920866225,1.9801266584896338,4.0,1.0,0.4287235527583586,3.791566004277236,2.404254886524826,4.315740805674406
STLD,2025-10-08,oos,True,True,D-1,143.539993286,146.75,142.279998779,146.550003052,149.470001221,148.369995117,4.131258333825194,1,1.1260183651076394,2.404254886524826,0.48479600454134353,-2.3847208920866225,0.7766651183191753,2.3667813421380357,4.0,2.0,0.5202239100501976,2.991665662302223,2.404254886524826,4.030831955630376
STLD,2025-10-09,oos,True,True,D-1,147.279998779,149.470001221,146.559997559,147.779998779,148.369995117,147.119995117,0.7400844290035513,0,2.404254886524826,0.48479600454134353,-2.3847208920866225,0.7766651183191753,2.676387191435059,3.9361723773049695,4.0,3.0,0.9277693007111472,0.30706034706824425,2.676387191435059,2.404254886524826
STLD,2025-10-10,oos,True,True,D-1,147.570007324,148.369995117,141.149993896,141.229995728,147.119995117,148.539993286,0.6573056270644084,0,0.48479600454134353,-2.3847208920866225,0.7766651183191753,2.676387191435059,0.8393010586042582,2.347807606705188,4.0,0.0,0.790322214165824,1.143593487591854,2.676387191435059,0.7766651183191753
STLD,2025-10-13,oos,True,True,D-1,144.410003662,147.119995117,143.309997559,145.539993286,148.539993286,148.970001221,3.1576742908150157,1,-2.3847208920866225,0.7766651183191753,2.676387191435059,0.8393010586042582,-4.432266277654606,-2.6604181593662513,3.0,1.0,0.009615596342037328,5.8344585019104,2.676387191435059,6.306552468273918
STLD,2025-10-14,oos,True,True,D-1,143.419998169,148.539993286,142.479995728,146.979995728,148.970001221,148.0,3.8697553499199566,1,0.7766651183191753,2.676387191435059,0.8393010586042582,-4.432266277654606,3.051757904390784,2.7607062544621197,4.0,2.0,0.5276436929098494,2.700294157137373,3.051757904390784,4.192157601170865
STLD,2025-10-15,oos,True,True,D-1,147.970001221,148.970001221,145.039993286,146.050003052,148.0,144.38999939,0.020273554607341815,0,2.676387191435059,0.8393010586042582,-4.432266277654606,3.051757904390784,0.9894204400368922,2.977650197719628,4.0,3.0,0.7007207571178442,1.6941118283932743,3.051757904390784,2.676387191435059
STLD,2025-10-16,oos,True,True,D-1,146.800003052,148.0,140.869995117,142.649993896,144.38999939,147.320007324,0.35422633595980635,0,0.8393010586042582,-4.432266277654606,3.051757904390784,0.9894204400368922,-0.6327341835830835,-0.34118047737098367,3.0,4.0,0.5889428896626596,2.3416625111485567,3.051757904390784,3.051757904390784
STLD,2025-10-17,oos,True,True,D-1,141.669998169,144.38999939,141.449996948,142.75,147.320007324,156.240005493,10.284469197648516,1,-4.432266277654606,3.051757904390784,0.9894204400368922,-0.6327341835830835,-2.327976093769357,-3.4713797031976856,2.0,1.0,0.21975277007766722,4.430429439490635,3.051757904390784,5.997738281212306
STLD,2025-10-20,oos,True,True,D-1,147.009994507,147.320007324,144.779998779,146.279998779,156.240005493,154.820007324,6.278492164395355,1,3.051757904390784,0.9894204400368922,-0.6327341835830835,-2.327976093769357,0.0701059293930939,1.076261642694809,3.0,2.0,0.2320991933662376,4.357268806304715,3.051757904390784,5.311260118043637
STLD,2025-10-21,oos,True,True,D-1,146.11000061,156.240005493,146.11000061,153.820007324,154.820007324,152.080001831,5.961266633109497,1,0.9894204400368922,-0.6327341835830835,-2.327976093769357,0.0701059293930939,2.4728537856392396,0.5084550825461553,3.0,3.0,0.6679011833495301,1.8389407058063023,2.4728537856392396,0.9894204400368922
STLD,2025-10-22,oos,True,True,D-1,152.88999939,154.820007324,148.419998169,148.559997559,152.080001831,153.990005493,0.7194755100979888,0,-0.6327341835830835,-2.327976093769357,0.0701059293930939,2.4728537856392396,5.154504107148261,4.653702404957238,3.0,0.0,0.8425506483210443,1.5732661902054357,5.154504107148261,0.0701059293930939
STLD,2025-10-23,oos,True,True,D-1,148.589996338,152.080001831,148.130004883,150.720001221,153.990005493,158.5,6.669361266728591,1,-2.327976093769357,0.0701059293930939,2.4728537856392396,5.154504107148261,-3.4195875143345433,1.718585727181643,3.0,1.0,0.5003251301643755,5.169633858502132,5.154504107148261,2.4728537856392396
STLD,2025-10-24,oos,True,True,D-1,152.259994507,153.990005493,151.86000061,152.949996948,158.5,163.100006104,7.119408897983148,1,0.0701059293930939,2.4728537856392396,5.154504107148261,-3.4195875143345433,1.4539604856564026,5.657208321287044,4.0,2.0,0.6267747746591974,3.6624231868908064,5.154504107148261,7.169850587057258
STLD,2025-10-27,oos,True,True,D-1,153.710006714,158.5,151.63999939,158.020004272,163.100006104,164.729995728,7.169337409830656,1,2.4728537856392396,5.154504107148261,-3.4195875143345433,1.4539604856564026,1.4795619087941692,7.145356881260945,4.0,3.0,0.7129139077221656,2.1510353779990776,5.154504107148261,5.154504107148261
STLD,2025-10-28,oos,True,True,D-1,158.020004272,163.100006104,157.289993286,161.070007324,164.729995728,163.25,4.246292415262887,1,5.154504107148261,-3.4195875143345433,1.4539604856564026,1.4795619087941692,3.314813615670542,8.025707951185312,4.0,0.0,0.9612594227900115,0.3037563061786708,5.154504107148261,5.154504107148261
STLD,2025-10-29,oos,True,True,D-1,161.550003052,164.729995728,159.399993896,163.470001221,163.25,159.850006104,1.0523038786033334,0,-3.4195875143345433,1.4539604856564026,1.4795619087941692,3.314813615670542,1.930137305116153,4.713301036794837,4.0,0.0,0.8643955501384791,1.2603207845620634,3.314813615670542,1.4795619087941692
STLD,2025-10-30,oos,True,True,D-1,162.669998169,163.25,158.009994507,158.179992676,159.850006104,156.61000061,-1.733566174919532,0,1.4539604856564026,1.4795619087941692,3.314813615670542,1.930137305116153,1.490031531551561,10.03635157982452,5.0,0.0,0.924096674584641,0.7707802640171124,3.314813615670542,3.314813615670542
STLD,2025-10-31,oos,True,True,D-1,156.570007324,159.850006104,155.88999939,156.800003052,156.61000061,154.75,0.02554338898206332,0,1.4795619087941692,3.314813615670542,1.930137305116153,1.490031531551561,-3.23607298310854,4.949569661999598,4.0,1.0,0.4996176558899815,4.140854314879361,3.314813615670542,5.109073575059863
STLD,2025-11-03,oos,True,True,D-1,156.080001831,156.61000061,153.13999939,155.970001221,154.75,154.86000061,-0.7816512087954752,0,3.314813615670542,1.930137305116153,1.490031531551561,-3.23607298310854,-0.8724173017422343,2.517166512470692,3.0,2.0,0.3941944312864775,5.057393189826764,3.314813615670542,7.395071839919665
STLD,2025-11-04,oos,True,True,D-1,152.0,154.75,151.169998169,151.619995117,154.86000061,156.63999939,3.052631177631593,1,1.930137305116153,1.490031531551561,-3.23607298310854,-0.8724173017422343,-0.5293378921202851,-1.297306034412793,2.0,3.0,0.24417624893644532,5.616461138951734,1.930137305116153,3.327274463623142
STLD,2025-11-05,oos,True,True,D-1,151.63999939,154.86000061,150.029998779,154.130004883,156.63999939,153.550003052,3.2972830520399787,1,1.490031531551561,-3.23607298310854,-0.8724173017422343,-0.5293378921202851,-2.789001775948119,-5.867021653504267,1.0,4.0,0.03318562160812007,8.646617222803265,1.490031531551561,4.793607956407964
STLD,2025-11-06,oos,True,True,D-1,154.880004883,156.63999939,151.880004883,152.919998169,153.550003052,153.899993896,-0.6327550078141564,0,-3.23607298310854,-0.8724173017422343,-0.5293378921202851,-2.789001775948119,1.655460919955254,-5.713584307969121,1.0,4.0,0.3101365904177923,5.917079626334276,1.655460919955254,1.1797116904505467
STLD,2025-11-07,oos,True,True,D-1,152.399993896,153.550003052,150.289993286,151.940002441,153.899993896,154.259994507,1.2204728907464935,0,-0.8724173017422343,-0.5293378921202851,-2.789001775948119,1.655460919955254,-0.7850559110268773,-3.3253222597968257,1.0,4.0,0.29429707069999483,4.531786566817297,1.655460919955254,0.0
STLD,2025-11-10,oos,True,True,D-1,153.0,153.899993896,150.220001221,152.429992676,154.259994507,159.830001831,4.464053484313735,1,-0.5293378921202851,-2.789001775948119,1.655460919955254,-0.7850559110268773,-0.6408551790047512,-3.099490125257376,1.0,1.0,0.28895665437934387,3.093324255292873,1.655460919955254,3.076340938522981
STLD,2025-11-11,oos,True,True,D-1,152.509994507,154.259994507,151.979995728,152.380004883,159.830001831,158.850006104,4.7996902417198894,1,-2.789001775948119,1.655460919955254,-0.7850559110268773,-0.6408551790047512,0.3224892899355458,-2.2696727045504073,2.0,2.0,0.36308527612025665,2.761928043222217,1.655460919955254,1.9758934983407528
STLD,2025-11-12,oos,True,True,D-1,153.699996948,159.830001831,153.279998779,157.850006104,158.850006104,157.0,3.3506891725849197,1,1.655460919955254,-0.7850559110268773,-0.6408551790047512,0.3224892899355458,-0.032793935184571854,0.5012595900781625,2.0,3.0,0.3555228270462238,2.795638778375764,1.655460919955254,1.655460919955254
STLD,2025-11-13,oos,True,True,D-1,158.0,158.850006104,151.809997559,154.589996338,157.0,158.880004883,0.556965115822794,0,-0.7850559110268773,-0.6408551790047512,0.3224892899355458,-0.032793935184571854,3.5897106219414665,2.413547721499021,2.0,0.0,0.7939650779064817,1.2543526451912035,3.5897106219414665,0.3224892899355458
STLD,2025-11-14,oos,True,True,D-1,151.600006104,157.0,151.210006714,155.410003662,158.880004883,156.770004272,4.802109819181544,1,-0.6408551790047512,0.3224892899355458,-0.032793935184571854,3.5897106219414665,-2.065257928372921,1.092073102926916,2.0,1.0,0.4547341144237446,3.389614863269097,3.5897106219414665,0.3224892899355458
STLD,2025-11-17,oos,True,True,D-1,154.990005493,158.880004883,154.13999939,155.070007324,156.770004272,156.36000061,1.1484603625492307,0,0.3224892899355458,-0.032793935184571854,3.5897106219414665,-2.065257928372921,0.5304400953649813,2.283797002272303,3.0,2.0,0.5400626546890521,2.8440885817189843,3.5897106219414665,5.135483411074193
STLD,2025-11-18,oos,True,True,D-1,153.479995728,156.770004272,153.050003052,154.61000061,156.36000061,159.729995728,4.072191929869717,1,-0.032793935184571854,3.5897106219414665,-2.065257928372921,0.5304400953649813,-0.21877377902871364,1.7319522238720353,2.0,3.0,0.4477961480961225,3.0695777920836553,3.5897106219414665,3.5897106219414665
STLD,2025-11-19,oos,True,True,D-1,155.0,156.36000061,153.36000061,155.460006714,159.729995728,159.429992676,3.051610147096784,1,3.5897106219414665,-2.065257928372921,0.5304400953649813,-0.21877377902871364,-0.2966445426412334,1.4634437954718749,2.0,4.0,0.3944310698383871,3.376237759785883,3.5897106219414665,4.104479963135188
STLD,2025-11-20,oos,True,True,D-1,156.36000061,159.729995728,152.770004272,153.11000061,159.429992676,161.789993286,3.472750482742537,1,-2.065257928372921,0.5304400953649813,-0.21877377902871364,-0.2966445426412334,0.5497743358426899,-1.5140952154447995,2.0,2.0,0.5541070423168184,2.1999215369209235,0.5497743358426899,0.5304400953649813
STLD,2025-11-21,oos,True,True,D-1,153.229995728,159.429992676,152.539993286,158.160003662,161.789993286,166.419998169,8.60797677265075,1,0.5304400953649813,-0.21877377902871364,-0.2966445426412334,0.5497743358426899,-1.5116467274591927,-0.9573683699196867,2.0,0.0,0.22300426595362074,4.32368564536969,0.5497743358426899,1.5006231327376551
STLD,2025-11-24,oos,True,True,D-1,159.179992676,161.789993286,156.910003662,161.190002441,166.419998169,167.070007324,4.956662276055979,1,-0.21877377902871364,-0.2966445426412334,0.5497743358426899,-1.5116467274591927,3.2982842609107665,1.769512859661826,2.0,1.0,0.7816423459289841,0.992660615609986,3.2982842609107665,0.5497743358426899
STLD,2025-11-25,oos,True,True,D-1,162.63999939,166.419998169,161.630004883,164.25,167.070007324,168.36000061,3.5169707583949217,1,-0.2966445426412334,0.5497743358426899,-1.5116467274591927,3.2982842609107665,1.915780670741074,3.946601423841445,3.0,0.0,0.935136124864864,0.3722258427408587,3.2982842609107665,0.5497743358426899
STLD,2025-11-26,oos,True,True,D-1,164.199996948,167.070007324,163.75,166.619995117,168.36000061,169.490005493,3.221686140880542,1,0.5497743358426899,-1.5116467274591927,3.2982842609107665,1.915780670741074,1.8983792497428986,6.235042592307249,4.0,0.0,0.8436601292800859,1.3211556584474815,3.2982842609107665,3.2982842609107665
STLD,2025-11-28,oos,True,True,D-1,167.440002441,168.36000061,166.050003052,167.830001831,169.490005493,169.320007324,1.2243209639956731,0,-1.5116467274591927,3.2982842609107665,1.915780670741074,1.8983792497428986,1.4429194015220803,7.178687714539378,4.0,0.0,0.9690287837421849,0.2700829553403672,3.2982842609107665,3.2982842609107665
STLD,2025-12-01,oos,True,True,D-1,166.100006104,169.490005493,166.100006104,167.619995117,169.320007324,172.940002441,4.1179988474638,1,3.2982842609107665,1.915780670741074,1.8983792497428986,1.4429194015220803,0.7262073877450037,9.614003763539024,5.0,0.0,0.9664981963569677,0.31579501472787097,3.2982842609107665,3.2982842609107665
STLD,2025-12-02,oos,True,True,D-1,168.320007324,169.320007324,166.520004272,167.630004883,172.940002441,170.669998169,2.7447688426646355,0,1.915780670741074,1.8983792497428986,1.4429194015220803,0.7262073877450037,-0.12513061533031555,5.981279233665626,4.0,0.0,0.8513505481857819,1.1156248839493843,1.915780670741074,1.915780670741074
STLD,2025-12-03,oos,True,True,D-1,167.460006714,172.940002441,167.190002441,171.5,170.669998169,168.199996948,1.9168704922377433,0,1.8983792497428986,1.4429194015220803,0.7262073877450037,-0.12513061533031555,0.005971701641560578,3.995286521791086,4.0,1.0,0.7633587193831005,1.1095869210874465,1.8983792497428986,2.017545635858653
STLD,2025-12-04,oos,True,True,D-1,170.509994507,170.669998169,166.449996948,168.11000061,168.199996948,167.88999939,-1.3547578637128743,0,1.4429194015220803,0.7262073877450037,-0.12513061533031555,0.005971701641560578,2.308652988288773,4.414003044140036,4.0,0.0,0.8433077194217481,0.8396515690962003,2.308652988288773,1.4429194015220803
STLD,2025-12-05,oos,True,True,D-1,168.199996948,168.199996948,163.869995117,165.220001221,167.88999939,167.050003052,-0.18430295102551675,0,0.7262073877450037,-0.12513061533031555,0.005971701641560578,2.308652988288773,-1.9766760291545227,0.8942537130394834,3.0,1.0,0.29898370692003456,2.873119870010088,2.308652988288773,0.7262073877450037
STLD,2025-12-08,oos,True,True,D-1,165.350006104,167.88999939,164.570007324,166.13999939,167.050003052,172.63999939,4.408825531832661,1,-0.12513061533031555,0.005971701641560578,2.308652988288773,-1.9766760291545227,-1.719112116181909,-1.5551454337873416,2.0,2.0,0.14884289017361213,4.672558505597424,2.308652988288773,5.970459856510358
STLD,2025-12-09,oos,True,True,D-1,165.13999939,167.050003052,164.38999939,165.429992676,172.63999939,173.86000061,5.280368930731627,1,0.005971701641560578,2.308652988288773,-1.9766760291545227,-1.719112116181909,0.5568322008238091,-0.882947005198842,3.0,3.0,0.2502759029745647,4.0929355218291,2.308652988288773,3.480505473478035
STLD,2025-12-10,oos,True,True,D-1,165.440002441,172.63999939,165.410003662,171.229995728,173.86000061,174.309997559,5.361457318137597,1,2.308652988288773,-1.9766760291545227,-1.719112116181909,0.5568322008238091,-0.4273544700896026,-1.3124214895391284,2.0,4.0,0.1719951818420397,4.539690562465637,2.308652988288773,2.308652988288773
STLD,2025-12-11,oos,True,True,D-1,171.229995728,173.86000061,170.830001831,173.009994507,174.309997559,171.75,1.7987513332025085,0,-1.9766760291545227,-1.719112116181909,0.5568322008238091,-0.4273544700896026,3.506016628652997,-0.1574368932944603,2.0,0.0,0.8392242901932271,0.8234559932126739,3.506016628652997,0.5568322008238091
STLD,2025-12-12,oos,True,True,D-1,173.429992676,174.309997559,170.440002441,171.970001221,171.75,169.589996338,-0.9686863558476588,0,-1.719112116181909,0.5568322008238091,-0.4273544700896026,3.506016628652997,1.039536777088701,2.914754553102128,3.0,0.0,0.9149143507883355,0.491304624002864,3.506016628652997,0.5568322008238091
STLD,2025-12-15,oos,True,True,D-1,171.479995728,171.75,166.080001831,168.949996948,169.589996338,172.949996948,0.857243559961196,0,0.5568322008238091,-0.4273544700896026,3.506016628652997,1.039536777088701,-0.601117460851619,4.085461778305599,3.0,0.0,0.7641132288398489,1.3607003089991743,3.506016628652997,3.506016628652997
STLD,2025-12-16,oos,True,True,D-1,168.190002441,169.589996338,167.36000061,169.130004883,172.949996948,176.619995117,5.012184168887912,1,-0.4273544700896026,3.506016628652997,1.039536777088701,-0.601117460851619,-1.7561227257996914,1.691343185456362,2.0,1.0,0.45967725803115456,3.1725366722851867,3.506016628652997,5.8527004549655315
STLD,2025-12-17,oos,True,True,D-1,166.5,172.949996948,165.800003052,172.740005493,176.619995117,176.979995728,6.294291728528534,1,3.506016628652997,1.039536777088701,-0.601117460851619,-1.7561227257996914,0.10654509514753663,2.236603016870453,3.0,2.0,0.4179779519010595,3.0627283902601388,3.506016628652997,5.157465321934273
STLD,2025-12-18,oos,True,True,D-1,172.880004883,176.619995117,172.570007324,174.580001831,176.979995728,175.949996948,2.3715818655689835,0,1.039536777088701,-0.601117460851619,-1.7561227257996914,0.10654509514753663,2.1344530868412814,0.8818605400181534,3.0,3.0,0.8155119765695996,0.9088757763549005,2.1344530868412814,1.039536777088701
STLD,2025-12-19,oos,True,True,D-1,174.580001831,176.979995728,173.199996948,174.279998779,175.949996948,178.36000061,2.165195749430193,0,-0.601117460851619,-1.7561227257996914,0.10654509514753663,2.1344530868412814,1.0651825167821594,0.9074662585094151,3.0,0.0,0.8114607410296658,1.168514872611115,2.1344530868412814,0.10654509514753663
STLD,2025-12-22,oos,True,True,D-1,174.520004272,175.949996948,172.740005493,175.759994507,178.36000061,178.059997559,2.200318727940842,0,-1.7561227257996914,0.10654509514753663,2.1344530868412814,1.0651825167821594,-0.17184273619748058,1.3432561153682965,3.0,0.0,0.7584974313269405,1.5492293825545511,2.1344530868412814,2.1344530868412814
STLD,2025-12-23,oos,True,True,D-1,175.869995117,178.36000061,175.210006714,177.199996948,178.059997559,176.0,1.245239382956198,0,0.10654509514753663,2.1344530868412814,1.0651825167821594,-0.17184273619748058,0.8492057254812835,4.030776964793903,4.0,1.0,0.8908763845955835,0.6941290732410899,2.1344530868412814,2.1344530868412814
STLD,2025-12-24,oos,True,True,D-1,177.330001831,178.059997559,173.990005493,175.380004883,176.0,174.240005493,-0.7500151228033713,0,2.1344530868412814,1.0651825167821594,-0.17184273619748058,0.8492057254812835,0.8193004585822727,4.7714727322231365,4.0,0.0,0.9076430025847319,0.6546296173697952,2.1344530868412814,2.1344530868412814
STLD,2025-12-26,oos,True,True,D-1,175.809997559,176.0,174.550003052,175.460006714,174.240005493,173.649993896,-0.8930049984632538,0,1.0651825167821594,-0.17184273619748058,0.8492057254812835,0.8193004585822727,-1.0270835758163677,1.5283080386997883,3.0,1.0,0.48531965758828877,1.6991650382197188,1.0651825167821594,1.2813805344629392
STLD,2025-12-29,oos,True,True,D-1,173.929992676,174.240005493,172.25,172.880004883,173.649993896,171.770004272,-0.16098360937758516,0,-0.17184273619748058,0.8492057254812835,0.8193004585822727,-1.0270835758163677,0.04561627823729264,0.5040696951371659,3.0,2.0,0.4839864029013537,1.652794816500247,0.8492057254812835,1.8311415403620357
STLD,2025-12-30,oos,True,True,D-1,173.580001831,173.649993896,170.86000061,171.029998779,171.770004272,176.589996338,1.7340675626507762,0,0.8492057254812835,0.8193004585822727,-1.0270835758163677,0.04561627823729264,-1.4704215959625566,-0.8033015296122992,3.0,3.0,0.10311044518864614,3.169826221782368,0.8492057254812835,2.274681794813027
STLD,2025-12-31,oos,True,True,D-1,170.410003662,171.770004272,168.479995728,169.449996948,176.589996338,177.5,4.160551719758576,1,0.8193004585822727,-1.0270835758163677,0.04561627823729264,-1.4704215959625566,-1.0701099327548147,-2.6911674304880506,2.0,4.0,0.02266642253333657,4.285798914418271,0.8193004585822727,3.3440968597478693
STLD,2026-01-02,oos,True,True,D-1,171.630004883,176.589996338,171.149993896,176.059997559,177.5,174.050003052,3.4201450503958064,1,-1.0270835758163677,0.04561627823729264,-1.4704215959625566,-1.0701099327548147,-0.9238156126292418,-4.3735892401139616,1.0,4.0,0.10125271759981982,5.081145332591652,0.04561627823729264,2.0296559809902637
STLD,2026-01-05,oos,True,True,D-1,176.330001831,177.5,170.130004883,171.830001831,174.050003052,172.5,-1.2930294081124227,0,0.04561627823729264,-1.4704215959625566,-1.0701099327548147,-0.9238156126292418,3.900856140486364,0.3877253147835491,2.0,0.0,0.9346487374678529,0.30103304915836127,3.900856140486364,0.04561627823729264
STLD,2026-01-06,oos,True,True,D-1,172.419998169,174.050003052,168.669998169,172.740005493,172.5,173.100006104,0.3943904084336314,0,-1.4704215959625566,-1.0701099327548147,-0.9238156126292418,3.900856140486364,-2.4025876329928253,-2.068850304398373,1.0,0.0,0.37139739649560116,3.299771930734541,3.900856140486364,0.0
STLD,2026-01-07,oos,True,True,D-1,172.300003052,172.5,167.160003662,167.830001831,173.100006104,172.429992676,0.46430820535652284,0,-1.0701099327548147,-0.9238156126292418,3.900856140486364,-2.4025876329928253,0.5295953281168053,-0.0809806721689621,2.0,1.0,0.4722846726607414,2.755583162924524,3.900856140486364,5.786572437220617
STLD,2026-01-08,oos,True,True,D-1,167.220001221,173.100006104,166.160003662,172.160003662,172.429992676,170.789993286,3.115650889222543,1,-0.9238156126292418,3.900856140486364,-2.4025876329928253,0.5295953281168053,-2.8424241668783434,-1.8710150095568645,2.0,2.0,0.06479675109146024,5.761781602515503,3.900856140486364,6.228738324840943
STLD,2026-01-09,oos,True,True,D-1,170.339996338,172.429992676,168.0,169.270004272,170.789993286,172.130004883,1.0508445365045915,0,3.900856140486364,-2.4025876329928253,0.5295953281168053,-2.8424241668783434,2.5799927210631735,1.599295817533486,3.0,3.0,0.5291006999617961,3.1017636061880793,3.900856140486364,4.236621922908723
STLD,2026-01-12,oos,True,True,D-1,169.190002441,170.789993286,166.529998779,169.350006104,172.130004883,173.050003052,2.2814590432706394,0,-2.4025876329928253,0.5295953281168053,-2.8424241668783434,2.5799927210631735,-1.6786706136890706,-3.856636022458537,2.0,4.0,0.2742505832721009,4.862052059014088,2.5799927210631735,0.5295953281168053
STLD,2026-01-13,oos,True,True,D-1,170.130004883,172.130004883,169.169998169,169.839996338,173.050003052,175.630004883,3.2328218668908004,1,0.5295953281168053,-2.8424241668783434,2.5799927210631735,-1.6786706136890706,0.04726285223661808,-1.4432844675397072,3.0,4.0,0.4043095929821086,2.7753154878032094,2.5799927210631735,4.212193870127312
STLD,2026-01-14,oos,True,True,D-1,169.259994507,173.050003052,169.130004883,170.800003052,175.630004883,175.300003052,3.7634471125642,1,-2.8424241668783434,2.5799927210631735,-1.6786706136890706,0.04726285223661808,0.28933582305221694,-1.6788289121118183,3.0,3.0,0.530258124079201,1.9194593948955507,2.5799927210631735,2.5799927210631735
STLD,2026-01-15,oos,True,True,D-1,171.779998779,175.630004883,170.399993896,175.11000061,175.300003052,173.440002441,2.049135113528888,0,2.5799927210631735,-1.6786706136890706,0.04726285223661808,0.28933582305221694,0.5652418362571687,1.7696485661667927,4.0,4.0,0.6685875730993005,1.3466059782796025,2.5799927210631735,2.5799927210631735
STLD,2026-01-16,oos,True,True,D-1,174.649993896,175.300003052,171.770004272,173.580001831,173.440002441,180.570007324,3.389644222676136,1,-1.6786706136890706,0.04726285223661808,0.28933582305221694,0.5652418362571687,2.52341772891409,1.7135204956150396,4.0,0.0,0.9428567116266615,0.2969586381066591,2.52341772891409,0.28933582305221694
STLD,2026-01-20,oos,True,True,D-1,173.0,173.440002441,170.850006104,171.809997559,180.570007324,182.809997559,5.6705188202312184,1,0.04726285223661808,0.28933582305221694,0.5652418362571687,2.52341772891409,-0.8737358081606916,2.546226413555397,4.0,1.0,0.7747250904481375,1.1810133830946201,2.52341772891409,0.5652418362571687
STLD,2026-01-21,oos,True,True,D-1,173.699996948,180.570007324,173.649993896,179.830001831,182.809997559,181.910003662,5.244675170447599,1,0.28933582305221694,0.5652418362571687,2.52341772891409,-0.8737358081606916,-1.0197051810860613,1.4526078336774884,3.0,2.0,0.41230656553846334,2.2233905932558917,2.52341772891409,4.407949188856031
STLD,2026-01-22,oos,True,True,D-1,181.820007324,182.809997559,177.809997559,178.809997559,181.910003662,185.559997559,2.0569739766512107,0,0.5652418362571687,2.52341772891409,-0.8737358081606916,-1.0197051810860613,4.667949703710295,5.882009955487066,3.0,0.0,0.935314218959616,0.4115028001253185,4.667949703710295,2.52341772891409
STLD,2026-01-23,oos,True,True,D-1,178.690002441,181.910003662,177.770004272,181.320007324,185.559997559,177.529998779,3.8446443696638077,1,2.52341772891409,-0.8737358081606916,-1.0197051810860613,4.667949703710295,-0.5672047275840919,4.689692250509725,2.0,0.0,0.677679386032265,2.2370113833708682,4.667949703710295,2.52341772891409
STLD,2026-01-26,oos,True,True,D-1,184.399993896,185.559997559,173.080001831,173.320007324,177.529998779,176.550003052,-3.7255940045608837,0,-0.8737358081606916,-1.0197051810860613,4.667949703710295,-0.5672047275840919,1.403730104169254,3.5463461209338742,2.0,1.0,0.8754187876633379,0.8217461806835136,4.667949703710295,4.667949703710295
STLD,2026-01-27,oos,True,True,D-1,173.419998169,177.529998779,170.199996948,175.649993896,176.550003052,182.259994507,5.097449216546113,1,-1.0197051810860613,4.667949703710295,-0.5672047275840919,1.403730104169254,-4.412088945984227,-0.14978367568698747,2.0,0.0,0.16791316484146773,7.062075766082154,4.667949703710295,7.738242366282777
STLD,2026-01-28,oos,True,True,D-1,176.229995728,176.550003052,173.149993896,174.380004883,182.259994507,183.949996948,4.380639736220249,1,4.667949703710295,-0.5672047275840919,1.403730104169254,-4.412088945984227,1.3443263752259238,2.235024964528809,3.0,1.0,0.35481749552125746,5.641903790140512,4.667949703710295,7.795025149867896
STLD,2026-01-29,oos,True,True,D-1,177.029998779,182.259994507,175.809997559,181.970001221,183.949996948,186.619995117,5.417158901962105,1,-0.5672047275840919,1.403730104169254,-4.412088945984227,1.3443263752259238,-0.7230225204288732,-3.03063832091921,2.0,2.0,0.2721359224430301,6.4112813183490935,1.403730104169254,1.403730104169254
STLD,2026-01-30,oos,True,True,D-1,180.020004272,183.949996948,178.63999939,179.570007324,186.619995117,195.179992676,8.42127988237027,1,1.403730104169254,-4.412088945984227,1.3443263752259238,-0.7230225204288732,4.352561145466471,1.7672410408468897,3.0,3.0,0.7662762893753364,1.972850642364965,4.352561145466471,1.403730104169254
STLD,2026-02-02,oos,True,True,D-1,178.630004883,186.619995117,178.169998169,186.550003052,195.179992676,199.100006104,11.459441673534943,1,-4.412088945984227,1.3443263752259238,-0.7230225204288732,4.352561145466471,-1.3188953568699757,-0.9651444569340528,2.0,4.0,0.6100266929214629,3.335740931497666,4.352561145466471,1.3443263752259238
STLD,2026-02-03,oos,True,True,D-1,187.869995117,195.179992676,187.25,192.949996948,199.100006104,199.600006104,6.2436851503056,1,1.3443263752259238,-0.7230225204288732,4.352561145466471,-1.3188953568699757,3.8870610031250585,7.633276695672064,3.0,0.0,0.9957373889887424,0.03751919799246384,4.352561145466471,4.352561145466471
STLD,2026-02-04,oos,True,True,D-1,193.229995728,199.100006104,191.970001221,198.880004883,199.600006104,202.86000061,4.983700820216153,1,-0.7230225204288732,4.352561145466471,-1.3188953568699757,3.8870610031250585,3.4307122976653392,9.849133875998373,3.0,0.0,0.8987745868590554,1.15573763320711,4.352561145466471,4.352561145466471
STLD,2026-02-05,oos,True,True,D-1,195.440002441,199.600006104,190.800003052,193.020004272,202.86000061,203.979995728,4.369624017773988,1,4.352561145466471,-1.3188953568699757,3.8870610031250585,3.4307122976653392,3.0733392219737254,14.049775957076172,4.0,0.0,0.9905538368277147,0.11062008024860237,4.352561145466471,4.352561145466471
STLD,2026-02-06,oos,True,True,D-1,195.75,202.86000061,195.059997559,202.38999939,203.979995728,203.479995728,4.2043400909323125,1,-1.3188953568699757,3.8870610031250585,3.4307122976653392,3.0733392219737254,-2.9465006371291125,6.072431157254288,3.0,0.0,0.6929538312837775,3.4089740370783383,3.8870610031250585,3.8870610031250585
STLD,2026-02-09,oos,True,True,D-1,200.88999939,203.979995728,197.029998779,202.75,203.479995728,208.470001221,3.773210141876926,1,3.8870610031250585,3.4307122976653392,3.0733392219737254,-2.9465006371291125,4.854416594456201,12.708131166261904,4.0,0.0,0.9809639054867207,0.23222551579453743,4.854416594456201,3.8870610031250585
STLD,2026-02-10,oos,True,True,D-1,202.580001831,203.479995728,198.460006714,201.119995117,208.470001221,207.979995728,2.9074930085713158,0,3.4307122976653392,3.0733392219737254,-2.9465006371291125,4.854416594456201,0.177874702843539,8.6839971498067,4.0,0.0,0.9264796149384883,0.6066563393341662,4.854416594456201,3.4307122976653392
STLD,2026-02-11,oos,True,True,D-1,205.020004272,208.470001221,203.809997559,205.779998779,207.979995728,194.279998779,1.443757386753819,0,3.0733392219737254,-2.9465006371291125,4.854416594456201,0.177874702843539,-0.8039481543773097,4.234256697709005,3.0,1.0,0.7830043854115415,1.4220369333920457,4.854416594456201,5.481920066380597
STLD,2026-02-12,oos,True,True,D-1,205.63999939,207.979995728,195.100006104,199.509994507,194.279998779,192.550003052,-5.524217391897357,0,-2.9465006371291125,4.854416594456201,0.177874702843539,-0.8039481543773097,2.3170265389520717,3.4694256469167017,3.0,0.0,0.8477644187468404,1.3072224987662473,4.854416594456201,4.854416594456201
STLD,2026-02-13,oos,True,True,D-1,189.0,194.279998779,185.0,191.679992676,192.550003052,195.660003662,3.523811461375659,1,4.854416594456201,0.177874702843539,-0.8039481543773097,2.3170265389520717,-3.046945431627579,3.362340737416214,3.0,1.0,0.33184159081253384,4.491006446138535,4.854416594456201,5.654934021409897
STLD,2026-02-17,oos,True,True,D-1,190.800003052,192.550003052,186.710006714,191.919998169,195.660003662,193.559997559,2.547170090283224,0,0.177874702843539,-0.8039481543773097,2.3170265389520717,-3.046945431627579,-3.9246163333061745,-5.291766760353667,2.0,2.0,0.2846183352569675,8.759395443728145,2.3170265389520717,9.169007385809248
STLD,2026-02-18,oos,True,True,D-1,194.059997559,195.660003662,190.009994507,192.740005493,193.559997559,193.429992676,-0.2576522757339439,0,-0.8039481543773097,2.3170265389520717,-3.046945431627579,-3.9246163333061745,0.12521155163318642,-5.341554540567206,2.0,3.0,0.29484438896442267,8.623386416159962,2.3170265389520717,6.12134539363165
STLD,2026-02-19,oos,True,True,D-1,190.520004272,193.559997559,189.710006714,190.580001831,193.429992676,196.350006104,3.0600470823403114,1,2.3170265389520717,-3.046945431627579,-3.9246163333061745,0.12521155163318642,0.427265179149261,-4.166661608720201,3.0,4.0,0.32978291820771505,8.161251053077967,2.3170265389520717,2.3170265389520717
STLD,2026-02-20,oos,True,True,D-1,190.699996948,193.429992676,187.059997559,193.38999939,196.350006104,196.149993896,2.962773595397916,0,-3.046945431627579,-3.9246163333061745,0.12521155163318642,0.427265179149261,-1.1206825777943963,-7.386527863830061,2.0,4.0,0.2428199681604398,9.130020846798882,0.427265179149261,0.8234172367020398
STLD,2026-02-23,oos,True,True,D-1,193.38999939,196.350006104,190.330001831,196.009994507,196.149993896,193.929992676,1.4271650626742405,0,-3.9246163333061745,0.12521155163318642,0.427265179149261,-1.1206825777943963,1.4744451317047602,-3.067513049721049,3.0,2.0,0.7870540814078764,1.1737961007084907,1.4744451317047602,0.427265179149261
STLD,2026-02-24,oos,True,True,D-1,195.940002441,196.149993896,190.699996948,190.869995117,193.929992676,193.080001831,-1.0258292027965132,0,0.12521155163318642,0.427265179149261,-1.1206825777943963,1.4744451317047602,1.3547728037975437,2.258974330366881,4.0,0.0,0.9647290852162594,0.17346645912377223,1.4744451317047602,0.427265179149261
STLD,2026-02-25,oos,True,True,D-1,193.470001221,193.929992676,190.339996338,191.529998779,193.080001831,193.220001221,-0.12921899954631,0,0.427265179149261,-1.1206825777943963,1.4744451317047602,1.3547728037975437,-2.622314950279958,-0.5471045550320297,3.0,1.0,0.410117766796952,2.8710699047489463,1.4744451317047602,2.777513687963473
STLD,2026-02-26,oos,True,True,D-1,191.149993896,193.080001831,188.5,192.520004272,193.220001221,201.759994507,5.5506151973892415,1,-1.1206825777943963,1.4744451317047602,1.3547728037975437,-2.622314950279958,0.34578701675735957,-0.6277921964902844,3.0,2.0,0.48116222911396805,2.5165808780490906,1.4744451317047602,3.7600406898639083
STLD,2026-02-27,oos,True,True,D-1,191.13999939,193.220001221,188.050003052,193.130004883,201.759994507,197.520004272,5.556134326092077,1,1.4744451317047602,1.3547728037975437,-2.622314950279958,0.34578701675735957,0.5168931756441619,1.0179464909021885,4.0,3.0,0.5877289225894891,1.989404605761802,1.4744451317047602,1.4744451317047602
STLD,2026-03-02,oos,True,True,D-1,193.13999939,201.759994507,190.380004883,201.509994507,197.520004272,199.800003052,3.448277768993724,1,1.3547728037975437,-2.622314950279958,0.34578701675735957,0.5168931756441619,0.3168505077208339,-0.13444051286007896,4.0,4.0,0.6120481883167395,1.6672713403340422,1.3547728037975437,1.3547728037975437
STLD,2026-03-03,oos,True,True,D-1,196.020004272,197.520004272,187.990005493,197.449996948,199.800003052,193.789993286,1.9283739912355102,0,-2.622314950279958,0.34578701675735957,0.5168931756441619,0.3168505077208339,4.33904075603202,2.805979365406075,4.0,0.0,0.9817651235727922,0.12406332530137121,4.33904075603202,0.5168931756441619
STLD,2026-03-04,oos,True,True,D-1,198.690002441,199.800003052,193.86000061,193.910003662,193.789993286,186.339996338,-2.466157881524522,0,0.34578701675735957,0.5168931756441619,0.3168505077208339,4.33904075603202,-2.0147871915399906,3.4473736047232473,4.0,1.0,0.6870006537682783,2.1828298939579494,4.33904075603202,0.5168931756441619
STLD,2026-03-05,oos,True,True,D-1,192.100006104,193.789993286,187.229995728,189.979995728,186.339996338,183.880004883,-2.9984433019130785,0,0.5168931756441619,0.3168505077208339,4.33904075603202,-2.0147871915399906,-1.792855578991115,1.2426277336043956,3.0,2.0,0.4299203262240167,4.048265018179831,4.33904075603202,8.110561301994801
STLD,2026-03-06,oos,True,True,D-1,185.830001831,186.339996338,180.300003052,181.61000061,183.880004883,184.070007324,-0.9470992249145049,0,0.3168505077208339,4.33904075603202,-2.0147871915399906,-1.792855578991115,-2.026717477067508,-1.319347853541164,2.0,3.0,0.18926360847149823,6.200652197016443,4.33904075603202,8.122277694732649
STLD,2026-03-09,oos,True,True,D-1,179.25,183.880004883,175.009994507,182.36000061,184.070007324,185.289993286,3.369591791352855,1,4.33904075603202,-2.0147871915399906,-1.792855578991115,-2.026717477067508,-4.405724447948501,-5.964896174459755,1.0,4.0,0.06104371293655729,11.095200610825007,4.33904075603202,10.682191093670024
STLD,2026-03-10,oos,True,True,D-1,181.720001221,184.070007324,179.929992676,182.190002441,185.289993286,181.5,1.9645564830578666,0,-2.0147871915399906,-1.792855578991115,-2.026717477067508,-4.405724447948501,0.4129728525306131,-9.503247689451344,1.0,3.0,0.29649066436011573,9.563502074831455,0.4129728525306131,4.010946041345209
STLD,2026-03-11,oos,True,True,D-1,182.839996338,185.289993286,180.729995728,184.259994507,181.5,176.800003052,-0.7328792194476241,0,-1.792855578991115,-2.026717477067508,-4.405724447948501,0.4129728525306131,-0.09322119348066371,-7.728536208090631,1.0,4.0,0.28963313671177277,9.665733780701169,0.4129728525306131,0.0
STLD,2026-03-12,oos,True,True,D-1,181.220001221,181.5,174.559997559,175.100006104,176.800003052,174.63999939,-2.4390233634364433,0,-2.026717477067508,-4.405724447948501,0.4129728525306131,-0.09322119348066371,1.136172149001613,-4.976540133442898,2.0,4.0,0.49254529293917987,5.172039000922668,1.136172149001613,0.4129728525306131
STLD,2026-03-13,oos,True,True,D-1,176.089996338,176.800003052,169.869995117,170.600006104,174.63999939,175.550003052,-0.306657559901069,0,-4.405724447948501,0.4129728525306131,-0.09322119348066371,1.136172149001613,-4.971230150911577,-7.832398125381657,2.0,4.0,0.0458411376037358,6.419183233679648,1.136172149001613,4.3045125868780065
STLD,2026-03-16,oos,True,True,D-1,172.850006104,174.63999939,171.169998169,174.279998779,175.550003052,174.240005493,1.5620461976584954,0,0.4129728525306131,-0.09322119348066371,1.136172149001613,-4.971230150911577,-2.5699599332550838,-6.062438449985752,2.0,2.0,0.047341833572171414,8.610777641499489,1.136172149001613,8.549603610099943
STLD,2026-03-17,oos,True,True,D-1,174.380004883,175.550003052,171.410003662,172.630004883,174.240005493,170.669998169,-0.08028408422967592,0,-0.09322119348066371,1.136172149001613,-4.971230150911577,-2.5699599332550838,2.157088243453309,-4.430797216479554,2.0,3.0,0.28599248934191035,6.317417135721626,2.157088243453309,1.6044801423850785
STLD,2026-03-18,oos,True,True,D-1,171.380004883,174.240005493,168.429992676,168.75,170.669998169,168.5,-0.4142879529526855,0,1.136172149001613,-4.971230150911577,-2.5699599332550838,2.157088243453309,-0.9467488567591276,-5.247267923549137,2.0,4.0,0.17898898143507275,7.333596735735659,2.157088243453309,1.136172149001613
STLD,2026-03-19,oos,True,True,D-1,164.630004883,170.669998169,162.160003662,167.559997559,168.5,170.910003662,3.8146137354871046,1,-4.971230150911577,-2.5699599332550838,2.157088243453309,-0.9467488567591276,-2.247584297775851,-8.417450867996612,1.0,4.0,0.024484096761932955,7.55555555555556,2.157088243453309,5.3301424193444085
STLD,2026-03-20,oos,True,True,D-1,167.809997559,168.5,163.190002441,163.949996948,170.910003662,170.410003662,1.8473309982083075,0,-2.5699599332550838,2.157088243453309,-0.9467488567591276,-2.247584297775851,-0.7051866317037025,-4.306115523789089,1.0,4.0,0.36885205751364497,5.5144459462924456,2.157088243453309,5.094009508928677
STLD,2026-03-23,oos,True,True,D-1,169.740005493,170.910003662,166.119995117,166.63999939,170.410003662,174.86000061,3.016375015500472,1,2.157088243453309,-0.9467488567591276,-2.247584297775851,-0.7051866317037025,-2.154452532579487,-3.898012261468531,1.0,3.0,0.1336813567995241,7.075331698651488,2.157088243453309,5.001534496490345
STLD,2026-03-24,oos,True,True,D-1,166.630004883,170.410003662,164.5,169.699996948,174.86000061,175.059997559,5.059108461239714,1,-0.9467488567591276,-2.247584297775851,-0.7051866317037025,-2.154452532579487,1.6407456493294115,-4.383749967021799,1.0,4.0,0.3345777395139979,5.346857714003717,1.6407456493294115,0.5490559694452446
STLD,2026-03-25,oos,True,True,D-1,172.520004272,174.86000061,172.289993286,173.470001221,175.059997559,174.38999939,1.4722891398700533,0,-2.247584297775851,-0.7051866317037025,-2.154452532579487,1.6407456493294115,1.836292348296542,-1.6972761699136862,2.0,4.0,0.6241715350283041,2.675314452946731,1.836292348296542,0.0
STLD,2026-03-26,oos,True,True,D-1,171.440002441,175.059997559,171.440002441,174.419998169,174.38999939,175.509994507,2.374003737780317,0,-0.7051866317037025,-2.154452532579487,1.6407456493294115,1.836292348296542,2.221570029936526,2.797037760592591,3.0,0.0,0.8905512029104151,0.801290931697829,2.221570029936526,1.6407456493294115
STLD,2026-03-27,oos,True,True,D-1,173.320007324,174.38999939,169.910003662,170.970001221,175.509994507,180.479995728,4.131080141610721,1,-2.154452532579487,1.6407456493294115,1.836292348296542,2.221570029936526,0.5476433627216615,4.094056284277814,4.0,0.0,0.9460825902927711,0.36693005201151596,2.221570029936526,1.836292348296542
STLD,2026-03-30,oos,True,True,D-1,172.63999939,175.509994507,171.059997559,171.779998779,180.479995728,184.940002441,7.124654248413087,1,1.6407456493294115,1.836292348296542,2.221570029936526,0.5476433627216615,-1.977982447091431,4.2817959156330465,4.0,1.0,0.6126896511908544,2.3922303964384994,2.221570029936526,3.662741403893577
STLD,2026-03-31,oos,True,True,D-1,173.0,180.479995728,171.36000061,180.0,184.940002441,184.25,6.901735515028906,1,1.836292348296542,2.221570029936526,0.5476433627216615,-1.977982447091431,0.473765895897138,3.0844931635954254,4.0,0.0,0.6612172943748063,2.171379528765005,2.221570029936526,3.7351575873919685
STLD,2026-04-01,oos,True,True,D-1,181.970001221,184.940002441,181.199996948,182.850006104,184.25,180.75,1.2529531041937991,0,2.221570029936526,0.5476433627216615,-1.977982447091431,0.473765895897138,4.785191104568143,6.069536380225249,4.0,0.0,0.9545888279761358,0.26666429333332964,4.785191104568143,2.221570029936526
STLD,2026-04-02,oos,True,True,D-1,179.270004272,184.25,177.800003052,180.199996948,180.75,179.270004272,0.8255679660466031,0,0.5476433627216615,-1.977982447091431,0.473765895897138,4.785191104568143,1.5833367244444396,5.40727780998278,4.0,0.0,0.860945009528533,1.1430113575228829,4.785191104568143,0.5476433627216615
STLD,2026-04-06,oos,True,True,D-1,178.63999939,180.75,174.220001221,176.529998779,179.270004272,187.839996338,5.150020700523461,1,-1.977982447091431,0.473765895897138,4.785191104568143,1.5833367244444396,-1.4492803213212557,3.3138394906985447,3.0,1.0,0.6846303474340428,2.6304137476582667,4.785191104568143,4.785191104568143
STLD,2026-04-07,oos,True,True,D-1,175.960006714,179.270004272,174.839996338,177.190002441,187.839996338,190.320007324,8.160945704747725,1,0.473765895897138,4.785191104568143,1.5833367244444396,-1.4492803213212557,-2.0366249895437227,3.252031068779737,3.0,2.0,0.3940921683027408,4.7640648729220025,4.785191104568143,8.241580010240558
STLD,2026-04-08,oos,True,True,D-1,184.130004883,187.839996338,183.649993896,187.559997559,190.320007324,194.589996338,5.680764230493818,1,4.785191104568143,1.5833367244444396,-1.4492803213212557,-2.0366249895437227,0.37387620606412764,3.149379264439345,3.0,3.0,0.42930788254324515,4.3738359350046,4.785191104568143,6.455554344290393
STLD,2026-04-09,oos,True,True,D-1,186.710006714,190.320007324,186.380004883,190.0,194.589996338,195.550003052,4.734613047034486,1,1.5833367244444396,-1.4492803213212557,-2.0366249895437227,0.37387620606412764,5.852471908765278,4.199998643888891,3.0,0.0,0.9794420793403592,0.14928491290469026,5.852471908765278,1.5833367244444396
STLD,2026-04-10,oos,True,True,D-1,192.550003052,194.589996338,190.330001831,190.570007324,195.550003052,197.830001831,2.742144219844067,0,-1.4492803213212557,-2.0366249895437227,0.37387620606412764,5.852471908765278,1.3009183582615824,3.91030552765379,3.0,0.0,0.9801237762300997,0.1684249073684141,5.852471908765278,0.37387620606412764
STLD,2026-04-13,oos,True,True,D-1,189.380004883,195.550003052,189.309997559,195.470001221,197.830001831,195.779998779,4.461926671308558,1,-2.0366249895437227,0.37387620606412764,5.852471908765278,1.3009183582615824,0.30000385473683,5.75472283664491,4.0,0.0,0.8026514493052049,2.1094552445314108,5.852471908765278,5.852471908765278
STLD,2026-04-14,oos,True,True,D-1,195.309997559,197.830001831,194.520004272,195.300003052,195.779998779,197.75,1.2492972564104976,0,0.37387620606412764,5.852471908765278,1.3009183582615824,0.30000385473683,2.5712303661033165,10.729056009177906,5.0,0.0,0.9961370446613171,0.04092793293102304,5.852471908765278,5.852471908765278
STLD,2026-04-15,oos,True,True,D-1,194.130004883,195.779998779,191.149993896,194.11000061,197.75,202.589996338,4.357899985681635,1,5.852471908765278,1.3009183582615824,0.30000385473683,2.5712303661033165,-0.08696893023896202,10.220667284560925,4.0,0.0,0.8215798756532916,1.2954422629099405,5.852471908765278,5.852471908765278
STLD,2026-04-16,oos,True,True,D-1,194.11000061,197.75,194.11000061,195.75,202.589996338,211.75,9.087630382033618,1,1.3009183582615824,0.30000385473683,2.5712303661033165,-0.08696893023896202,-0.6093202372778106,3.4922174963984975,3.0,1.0,0.6751089770683477,1.9164397554529478,2.5712303661033165,3.2669896143279975
STLD,2026-04-17,oos,True,True,D-1,196.050003052,202.589996338,196.020004272,200.320007324,211.75,225.839996338,15.19509962879142,1,0.30000385473683,2.5712303661033165,-0.08696893023896202,-0.6093202372778106,0.8448814511597735,3.026315789473677,3.0,2.0,0.7558684521044562,1.0625807565772583,2.5712303661033165,2.5712303661033165
STLD,2026-04-20,oos,True,True,D-1,200.970001221,211.75,199.910003662,209.350006104,225.839996338,228.190002441,13.544310620801102,1,2.5712303661033165,-0.08696893023896202,-0.6093202372778106,0.8448814511597735,2.334614214048525,5.116230059971305,3.0,0.0,0.82906707660323,1.1331813753024056,2.5712303661033165,2.5712303661033165
STLD,2026-04-21,oos,True,True,D-1,211.990005493,225.839996338,211.130004883,220.210006714,228.190002441,229.0,8.023960595426116,1,-0.08696893023896202,-0.6093202372778106,0.8448814511597735,2.334614214048525,4.507786766099087,7.100836341279382,3.0,0.0,0.8834954764632814,1.146402591843132,4.507786766099087,0.8448814511597735
STLD,2026-04-22,oos,True,True,D-1,224.160003662,228.190002441,222.460006714,227.460006714,229.0,228.070007324,2.159170351057793,0,-0.6093202372778106,0.8448814511597735,2.334614214048525,4.507786766099087,5.187485212971543,12.75473797886606,4.0,0.0,0.8377057011335453,2.556645680190184,5.187485212971543,2.334614214048525
STLD,2026-04-23,oos,True,True,D-1,228.149993896,229.0,222.0,225.050003052,228.070007324,227.570007324,-0.035058765785667134,0,0.8448814511597735,2.334614214048525,4.507786766099087,5.187485212971543,3.292311783731061,17.180982947398917,5.0,0.0,0.978579938738854,0.32093366106238363,5.187485212971543,4.507786766099087
STLD,2026-04-24,oos,True,True,D-1,225.130004883,228.070007324,220.660003662,226.789993286,227.570007324,228.169998169,1.350327908347837,0,2.334614214048525,4.507786766099087,5.187485212971543,3.292311783731061,-1.0595285284723754,14.968073078927201,4.0,0.0,0.8802305197193685,1.7551641388279915,5.187485212971543,5.187485212971543
STLD,2026-04-27,oos,True,True,D-1,225.800003052,227.570007324,223.240005493,225.039993286,228.169998169,228.960006714,1.399470159117877,0,4.507786766099087,5.187485212971543,3.292311783731061,-1.0595285284723754,0.7731571696970585,13.2138503365703,4.0,1.0,0.9240286355377402,0.9744727630963013,5.187485212971543,5.482048392529726
STLD,2026-04-28,oos,True,True,D-1,224.86000061,228.169998169,220.809997559,226.960006714,228.960006714,229.779998779,2.1880272861571903,0,5.187485212971543,3.292311783731061,-1.0595285284723754,0.7731571696970585,-0.771638983997458,7.4946198827458455,3.0,2.0,0.778399116056121,1.759690202695352,5.187485212971543,5.191933009400895
STLD,2026-04-29,oos,True,True,D-1,227.009994507,228.960006714,223.300003052,224.369995117,229.779998779,230.940002441,1.7312048055570628,0,3.292311783731061,-1.0595285284723754,0.7731571696970585,-0.771638983997458,0.8531876489881851,3.0652557986461604,3.0,3.0,0.7553963810865165,0.8988338146159291,3.292311783731061,3.292311783731061
STLD,2026-04-30,oos,True,True,D-1,224.559997559,229.779998779,222.130004883,228.660003662,230.940002441,229.940002441,2.8411137118594443,0,-1.0595285284723754,0.7731571696970585,-0.771638983997458,0.8531876489881851,-1.1411753262167257,-1.3584856703557913,2.0,4.0,0.444843295445581,2.0635579550579486,0.8531876489881851,1.0708812138621848
STLD,2026-05-01,oos,True,True,D-1,228.580001831,230.940002441,225.899993896,229.270004272,229.940002441,238.740005493,4.444834885210902,1,0.7731571696970585,-0.771638983997458,0.8531876489881851,-1.1411753262167257,1.9120241736257704,1.604088229745937,3.0,0.0,0.8771934521201343,0.4898080552187656,1.9120241736257704,0.8531876489881851
STLD,2026-05-04,oos,True,True,D-1,229.11000061,229.940002441,226.25,229.820007324,238.740005493,243.729995728,6.3812121160467195,1,-0.771638983997458,0.8531876489881851,-1.1411753262167257,1.9120241736257704,0.2667718884941772,1.0935275185940396,3.0,0.0,0.8351433993909106,0.7283980188785399,1.9120241736257704,0.8531876489881851
STLD,2026-05-05,oos,True,True,D-1,232.429992676,238.740005493,231.0,237.460006714,243.729995728,242.990005493,4.861680251288325,1,0.8531876489881851,-1.1411753262167257,1.9120241736257704,0.2667718884941772,0.23989315730437166,2.1240731339362995,4.0,1.0,0.8894378502235352,0.4873357763935049,1.9120241736257704,1.9120241736257704
STLD,2026-05-06,oos,True,True,D-1,240.440002441,243.729995728,238.089996338,241.850006104,242.990005493,237.339996338,1.0605569065512466,0,-1.1411753262167257,1.9120241736257704,0.2667718884941772,0.23989315730437166,3.3243404170765434,4.626365742591565,4.0,0.0,0.922938065503177,0.5390376243615824,3.3243404170765434,1.9120241736257704
STLD,2026-05-07,oos,True,True,D-1,242.990005493,242.990005493,231.539993286,232.919998169,237.339996338,238.259994507,-1.946586641044501,0,1.9120241736257704,0.2667718884941772,0.23989315730437166,3.3243404170765434,1.8487321089346143,7.790707923260798,5.0,0.0,0.912963406443517,0.7773370173873806,3.3243404170765434,1.9120241736257704
STLD,2026-05-08,oos,True,True,D-1,234.550003052,237.339996338,232.050003052,235.100006104,238.259994507,235.149993896,1.581748627893842,0,0.2667718884941772,0.23989315730437166,3.3243404170765434,1.8487321089346143,-3.6923744922958246,1.8630256445272497,4.0,1.0,0.39371865124550853,4.641077470366706,3.3243404170765434,5.236244913258947
STLD,2026-05-11,oos,True,True,D-1,235.550003052,238.259994507,234.419998169,235.970001221,235.149993896,238.070007324,1.0698383525147737,0,0.23989315730437166,3.3243404170765434,1.8487321089346143,-3.6923744922958246,0.9359470857535523,2.542854155959895,4.0,2.0,0.5062933791124313,3.6707738834266257,3.3243404170765434,6.115326495074558
STLD,2026-05-12,oos,True,True,D-1,234.320007324,235.149993896,230.259994507,232.800003052,238.070007324,238.850006104,1.9332530891125632,0,3.3243404170765434,1.8487321089346143,-3.6923744922958246,0.9359470857535523,0.37005320902252503,2.6760045692322043,4.0,3.0,0.39041656628904625,3.2885512848441767,3.3243404170765434,3.3243404170765434
STLD,2026-05-13,oos,True,True,D-1,233.619995117,238.070007324,233.100006104,237.080001831,238.850006104,231.330001831,2.238682945088133,0,1.8487321089346143,-3.6923744922958246,0.9359470857535523,0.37005320902252503,-1.3433903261419688,-1.9624372653255118,3.0,4.0,0.18856780361980063,4.695013974531004,1.8487321089346143,2.827040485065646
STLD,2026-05-14,oos,True,True,D-1,238.789993286,238.850006104,232.38999939,234.679992676,231.330001831,230.089996338,-3.1240804324933036,0,-3.6923744922958246,0.9359470857535523,0.37005320902252503,-1.3433903261419688,1.838487423921542,-1.9722985952494887,3.0,4.0,0.5357424539146429,2.492830950040603,1.838487423921542,0.9359470857535523
STLD,2026-05-15,oos,True,True,D-1,230.050003052,231.330001831,226.75,229.339996338,230.089996338,224.559997559,0.01738460572457967,0,0.9359470857535523,0.37005320902252503,-1.3433903261419688,1.838487423921542,-1.0123203713786055,0.7556218962886163,3.0,0.0,0.5145508965952592,1.7768934541246173,1.838487423921542,0.9359470857535523
STLD,2026-05-18,oos,True,True,D-1,229.320007324,230.089996338,225.910003662,228.580001831,224.559997559,228.490005493,-0.3619404345418853,0,0.37005320902252503,-1.3433903261419688,1.838487423921542,-1.0123203713786055,-2.2754374061074945,-2.4500253579117226,2.0,1.0,0.2140491761523821,4.1466861070252214,1.838487423921542,5.103210485007647
STLD,2026-05-19,oos,True,True,D-1,223.279998779,224.559997559,219.029998779,223.369995117,228.490005493,232.800003052,4.2637067023736375,1,-1.3433903261419688,1.838487423921542,-1.0123203713786055,-2.2754374061074945,-0.3313833256890386,-3.131753761817724,1.0,2.0,0.20633675928327927,4.492958347508047,1.838487423921542,4.437767735567744
STLD,2026-05-20,oos,True,True,D-1,224.520004272,228.490005493,222.339996338,228.300003052,232.800003052,242.949996948,8.208619421578378,1,1.838487423921542,-1.0123203713786055,-2.2754374061074945,-0.3313833256890386,-2.2792924456497277,-4.050690640624099,1.0,3.0,0.21897047094052963,6.93021055889429,1.838487423921542,4.441610000151741
STLD,2026-05-21,oos,True,True,D-1,228.050003052,232.800003052,227.100006104,231.839996338,242.949996948,250.679992676,9.92325775976417,1,-1.0123203713786055,-2.2754374061074945,-0.3313833256890386,-2.2792924456497277,2.2071039274624615,-3.7033907167162705,1.0,4.0,0.4677094271961877,4.621113846238978,2.2071039274624615,0.12249487127357073
STLD,2026-05-22,oos,True,True,D-1,233.940002441,242.949996948,233.160003662,240.029998779,250.679992676,259.910003662,11.101137449782538,1,-2.2754374061074945,-0.3313833256890386,-2.2792924456497277,2.2071039274624615,1.5505883656049324,-1.2101569910652477,2.0,0.0,0.9302827584532876,0.4140815774515527,2.2071039274624615,0.0
STLD,2026-05-26,oos,True,True,D-1,241.679992676,250.679992676,240.729995728,250.490005493,259.910003662,261.839996338,8.341610506843566,1,-0.3313833256890386,-2.2792924456497277,2.2071039274624615,1.5505883656049324,3.5326098043323872,4.661202848039281,3.0,0.0,0.8779264886071657,1.2165138457082891,3.5326098043323872,2.2071039274624615
STLD,2026-05-27,oos,True,True,D-1,250.490005493,259.910003662,248.190002441,258.220001221,261.839996338,263.089996338,5.0301371586468635,1,-2.2792924456497277,2.2071039274624615,1.5505883656049324,3.5326098043323872,4.357791429074953,9.585267077825609,4.0,0.0,0.9939972442453454,0.07584621295610994,4.357791429074953,2.2071039274624615
STLD,2026-05-28,oos,True,True,D-1,257.010009766,261.839996338,250.509994507,260.75,263.089996338,262.239990234,2.365661390984597,0,2.2071039274624615,1.5505883656049324,3.5326098043323872,4.357791429074953,3.085949761862272,15.60191917707916,5.0,0.0,0.9550172448350734,0.654481617616276,4.357791429074953,3.5326098043323872
STLD,2026-05-29,oos,True,True,D-1,260.489990234,263.089996338,257.959991455,260.149993896,262.239990234,273.549987793,5.013627413194688,1,1.5505883656049324,3.5326098043323872,4.357791429074953,3.085949761862272,0.9797842022449155,14.213752305824045,5.0,0.0,0.9686241610703387,0.4180235236816765,4.357791429074953,4.357791429074953
STLD,2026-06-01,oos,True,True,D-1,257.329986572,262.239990234,255.199996948,261.589996338,273.549987793,277.790008545,7.950889146483253,1,3.5326098043323872,4.357791429074953,3.085949761862272,0.9797842022449155,-0.23010780594439062,12.21100673100719,4.0,0.0,0.9017706929023914,1.1301182052594339,4.357791429074953,4.357791429074953
STLD,2026-06-02,oos,True,True,D-1,263.320007324,273.549987793,260.329986572,271.410003662,277.790008545,280.489990234,6.520576649108678,1,4.357791429074953,3.085949761862272,0.9797842022449155,-0.23010780594439062,0.5535277631317781,8.982209585748757,4.0,1.0,0.9329159231181255,0.5734164230278394,4.357791429074953,4.357791429074953
STLD,2026-06-03,oos,True,True,D-1,271.730010986,277.790008545,267.339996338,275.130004883,280.489990234,276.179992676,3.223780551958,1,3.085949761862272,0.9797842022449155,-0.23010780594439062,0.5535277631317781,3.753968982556821,8.351629889514545,4.0,0.0,0.9156157189644735,0.7884691434089541,3.753968982556821,3.085949761862272
STLD,2026-06-04,oos,True,True,D-1,274.579986572,280.489990234,270.010009766,276.850006104,276.179992676,270.489990234,0.5827103875906348,0,0.9797842022449155,-0.23010780594439062,0.5535277631317781,3.753968982556821,1.370620526438926,6.5486808078540015,4.0,0.0,0.9024925845604526,0.9668170009778265,3.753968982556821,0.9797842022449155
STLD,2026-06-05,oos,True,True,D-1,273.890014648,276.179992676,265.619995117,268.5,270.489990234,273.0,-0.3249533025670215,0,-0.23010780594439062,0.5535277631317781,3.753968982556821,1.370620526438926,0.6251594484328882,6.1744989852349,4.0,0.0,0.8560701820346059,1.3147856419525095,3.753968982556821,3.753968982556821
STLD,2026-06-08,oos,True,True,D-1,270.010009766,270.489990234,265.429992676,267.200012207,273.0,274.690002441,1.7332663626270062,0,0.5535277631317781,3.753968982556821,1.370620526438926,0.6251594484328882,-3.016075824417097,3.2096891408492922,4.0,1.0,0.5258998253416932,4.465545710986962,3.753968982556821,6.163740641529259
STLD,2026-06-09,oos,True,True,D-1,273.0,273.0,259.519989014,269.799987793,274.690002441,281.589996338,3.1465188051281956,1,3.753968982556821,1.370620526438926,0.6251594484328882,-3.016075824417097,-0.4841667757914392,2.1445834884875836,3.0,2.0,0.34077501920048947,4.973793944554261,3.753968982556821,7.239608745690851
STLD,2026-06-10,oos,True,True,D-1,270.309997559,274.690002441,267.459991455,268.339996338,281.589996338,285.880004883,5.760056033666161,1,1.370620526438926,0.6251594484328882,-3.016075824417097,-0.4841667757914392,0.9730447107860973,-0.5932043208713211,3.0,3.0,0.49022404296264627,3.962195301951499,1.370620526438926,1.370620526438926
STLD,2026-06-11,oos,True,True,D-1,271.989990234,281.589996338,270.529998779,279.549987793,285.880004883,288.739990234,6.158314865039527,1,0.6251594484328882,-3.016075824417097,-0.4841667757914392,0.9730447107860973,-0.5411384436830202,-2.467927315992857,2.0,4.0,0.4206011831600649,4.527835604758645,0.9730447107860973,0.6251594484328882
STLD,2026-06-12,oos,True,True,D-1,283.739990234,285.880004883,279.649993896,282.760009766,288.739990234,278.970001221,1.762176701238527,0,-3.016075824417097,-0.4841667757914392,0.9730447107860973,-0.5411384436830202,4.177532834456765,0.9752507240277097,2.0,0.0,0.9075664763019099,0.7297473203649485,4.177532834456765,0.9730447107860973
STLD,2026-06-15,oos,True,True,D-1,288.029998779,288.739990234,270.510009766,272.190002441,278.970001221,276.390014648,-3.145504841997915,0,-0.4841667757914392,0.9730447107860973,-0.5411384436830202,4.177532834456765,1.148281922078609,5.310990601862198,3.0,0.0,0.8816391032347893,1.1034074866463683,4.177532834456765,0.9730447107860973
STLD,2026-06-16,oos,True,True,D-1,273.850006104,278.970001221,272.200012207,274.290008545,276.390014648,261.989990234,0.9275181622728779,0,0.9730447107860973,-0.5411384436830202,4.177532834456765,1.148281922078609,-3.7381549582443774,1.8675112298027319,3.0,0.0,0.43360755982199795,6.080307007817964,4.177532834456765,6.81033042822733
STLD,2026-06-17,oos,True,True,D-1,272.329986572,276.390014648,265.200012207,270.130004883,261.989990234,253.5,-3.7968629412267307,0,-0.5411384436830202,4.177532834456765,1.148281922078609,-3.7381549582443774,0.7715221298236985,1.6642034674385853,3.0,1.0,0.3209594681339977,5.2681400119718,4.177532834456765,7.173006355627399
STLD,2026-06-18,oos,True,True,D-1,261.899993896,261.989990234,248.050003052,249.910003662,253.5,248.720001221,-3.207328786473984,0,4.177532834456765,1.148281922078609,-3.7381549582443774,0.7715221298236985,-1.5166442569553018,0.6670673658150328,3.0,2.0,0.20943064051909518,6.8892699865238605,4.177532834456765,4.934356207661472
STLD,2026-06-22,oos,True,True,D-1,250.36000061,253.5,249.279998779,250.979995728,248.720001221,245.169998169,-0.6550564726810038,0,1.148281922078609,-3.7381549582443774,0.7715221298236985,-1.5166442569553018,-7.48528517954079,-10.602749213120234,2.0,3.0,0.045711506412634634,15.537587932861241,1.148281922078609,10.036686210782474
STLD,2026-06-23,oos,True,True,D-1,246.25,248.720001221,242.679992676,243.690002441,245.169998169,251.199996948,2.0101510448730986,0,-3.7381549582443774,0.7715221298236985,-1.5166442569553018,-7.48528517954079,0.42815095447206186,-11.239218043704192,2.0,4.0,0.07200770702862619,15.045021574915651,0.7715221298236985,7.860704674833596
STLD,2026-06-24,oos,True,True,D-1,243.61000061,245.169998169,239.520004272,241.429992676,251.199996948,249.270004272,3.115634136117018,1,0.7715221298236985,-1.5166442569553018,-7.48528517954079,0.42815095447206186,-2.9046112881843222,-10.470627041556268,2.0,4.0,0.027831621030002102,14.477409178302958,0.7715221298236985,3.2604185844900324
STLD,2026-06-25,oos,True,True,D-1,243.529998779,251.199996948,241.130004883,251.0,249.270004272,246.910003662,2.357001405074932,0,-1.5166442569553018,-7.48528517954079,0.42815095447206186,-2.9046112881843222,-0.9274117700200479,-11.980026557769774,1.0,4.0,0.051803305302113446,14.480397230064312,0.42815095447206186,4.233236305716481
STLD,2026-06-26,oos,True,True,D-1,245.38999939,249.270004272,241.869995117,245.490005493,246.910003662,236.119995117,0.6194238867836876,0,-7.48528517954079,0.42815095447206186,-2.9046112881843222,-0.9274117700200479,3.963885024361069,-7.081777121088684,2.0,4.0,0.5109035558551009,4.378482164940234,3.963885024361069,0.42815095447206186
STLD,2026-06-29,oos,True,True,D-1,244.179992676,246.910003662,231.490005493,234.220001221,236.119995117,226.86000061,-3.3008427392717365,0,0.42815095447206186,-2.9046112881843222,-0.9274117700200479,3.963885024361069,-2.1952169350597517,-1.7686359506352445,2.0,4.0,0.42703884444277246,3.2628597204656495,3.963885024361069,0.42815095447206186
STLD,2026-06-30,oos,True,True,D-1,235.539993286,236.119995117,228.970001221,229.460006714,226.86000061,224.399993896,-3.685146014868268,0,-2.9046112881843222,-0.9274117700200479,3.963885024361069,-2.1952169350597517,-4.590820000743934,-6.677820859142769,1.0,2.0,0.13850821469064803,7.249592536283189,3.963885024361069,10.649143502050318
STLD,2026-07-01,oos,True,True,D-1,226.11000061,226.86000061,218.729995728,221.759994507,224.399993896,227.449996948,0.592630283660589,0,-0.9274117700200479,3.963885024361069,-2.1952169350597517,-4.590820000743934,-2.0322749902595416,-5.83938429334836,1.0,3.0,0.022042536535662197,9.474413665949566,3.963885024361069,10.493681928641596
