ticker,date,regime,position_independent_daily_evaluation,holding_state_ignored_for_candidate_generation,feature_cutoff,entry_open_d0,entry_high_d0,entry_low_d0,entry_close_d0,future_high_d1,future_high_d2,forward_max_return_pct,label_2d3pct,ret_d5_pct,ret_d4_pct,ret_d3_pct,ret_d2_pct,ret_d1_pct,cumulative_ret5_pct,up_days5,days_since_high5,close_pos5,pullback_from_high5_pct,single_up_day5_pct,fade_after_surge_score
ACMR,2020-06-16,stress,True,True,D-1,19.9099998474,20.1633338928,19.2233333588,19.7766666412,21.4666671753,21.4599990845,7.8185200393322996,1,1.1263628499688316,1.5663029860197852,-5.157636191217508,1.8066777670290302,3.815442030381244,2.956702482092144,4.0,4.0,0.8113496663315889,2.102563320000006,3.815442030381244,1.5663029860197852
ACMR,2020-06-17,stress,True,True,D-1,19.7766666412,21.4666671753,19.6733322144,20.4599990845,21.4599990845,21.4366664886,8.51170965178316,1,1.5663029860197852,-5.157636191217508,1.8066777670290302,3.815442030381244,1.4188032882051171,3.2544359547959534,4.0,0.0,0.8406590728929471,1.955168980774924,3.815442030381244,1.8066777670290302
ACMR,2020-06-18,stress,True,True,D-1,20.3966674805,21.4599990845,19.9300003052,20.3866672516,21.4366664886,19.8433322906,5.098867298269583,1,-5.157636191217508,1.8066777670290302,3.815442030381244,1.4188032882051171,3.4552457989883933,5.174774875971266,4.0,0.0,0.7301157602270768,4.920176617029393,3.815442030381244,3.815442030381244
ACMR,2020-06-19,stress,True,True,D-1,20.7600002289,21.4366664886,19.9766674042,20.1433334351,19.8433322906,21.6599998474,4.33525823013774,1,1.8066777670290302,3.815442030381244,1.4188032882051171,3.4552457989883933,-0.3584156216094758,10.496836903087425,4.0,1.0,0.7104557489937374,5.297579591461865,3.815442030381244,3.815442030381244
ACMR,2020-06-22,stress,True,True,D-1,19.7000007629,19.8433322906,19.0633335114,19.2000007629,21.6599998474,21.2999992371,9.949233546179181,1,3.815442030381244,1.4188032882051171,3.4552457989883933,-0.3584156216094758,-1.1935929178463422,7.240464847705863,3.0,2.0,0.6452187928635827,6.569586630056334,3.815442030381244,5.363172546361072
ACMR,2020-06-23,stress,True,True,D-1,19.7833328247,21.6599998474,19.7833328247,20.6133327484,21.2999992371,21.2900009155,7.666384758519573,1,1.4188032882051171,3.4552457989883933,-0.3584156216094758,-1.1935929178463422,-4.683101112531018,-1.538457626153844,2.0,3.0,0.05686570015343781,11.8055537621637,3.4552457989883933,9.276042666151007
ACMR,2020-06-24,stress,True,True,D-1,20.5333328247,21.2999992371,20.0066661835,21.1866664886,21.2900009155,21.1666679382,3.685071962062514,1,3.4552457989883933,-0.3584156216094758,-1.1935929178463422,-4.683101112531018,7.361103798656976,4.230571927915339,2.0,0.0,0.5969189092610474,5.077621905081031,7.361103798656976,3.4552457989883933
ACMR,2020-06-25,stress,True,True,D-1,21.1833324432,21.2900009155,20.3933334351,21.0666675568,21.1666679382,20.4099998474,-0.07866800487923431,0,-0.3584156216094758,-1.1935929178463422,-4.683101112531018,7.361103798656976,2.7813733334533186,3.5516492503193886,2.0,1.0,0.8177149862353355,2.234109641810278,7.361103798656976,0.0
ACMR,2020-06-26,stress,True,True,D-1,21.1333332062,21.1666679382,19.8700008392,20.2233333588,20.4099998474,20.9599990845,-0.8201930098236776,0,-1.1935929178463422,-4.683101112531018,7.361103798656976,2.7813733334533186,-0.5663889213745388,3.3355148088103137,2.0,2.0,0.7715022980141556,2.8164506275150547,7.361103798656976,7.361103798656976
ACMR,2020-06-29,stress,True,True,D-1,20.4099998474,20.4099998474,18.7433338165,19.3333320618,20.9599990845,22.1633338928,8.590563735958835,1,-4.683101112531018,7.361103798656976,2.7813733334533186,-0.5663889213745388,-4.003168492245857,0.3971533507984404,2.0,3.0,0.44672657064862137,7.104004384988527,7.361103798656976,11.907987709433332
ACMR,2020-06-30,stress,True,True,D-1,19.5033321381,20.9599990845,19.0733337402,20.7866668701,22.1633338928,22.7366676331,16.57837477260433,1,7.361103798656976,2.7813733334533186,-0.5663889213745388,-4.003168492245857,-4.400863503605978,0.6944338208445977,2.0,4.0,0.20228515676782574,12.034489337702814,7.361103798656976,15.588961813345705
ACMR,2020-07-01,stress,True,True,D-1,20.9200000763,22.1633338928,19.7369995117,20.2166671753,22.7366676331,27.9330005646,33.52294676253342,1,2.7813733334533186,-0.5663889213745388,-4.003168492245857,-4.400863503605978,7.517249502849999,0.8408835379298596,2.0,4.0,0.7992180115302175,2.4695270781405876,7.517249502849999,2.7813733334533186
ACMR,2020-07-02,stress,True,True,D-1,21.3233337402,22.7366676331,21.1566677094,21.9633331299,27.9330005646,26.5623321533,30.99734265256595,1,-0.5663889213745388,-4.003168492245857,-4.400863503605978,7.517249502849999,-2.742140903888257,-4.578347961544271,1.0,0.0,0.4307992181081924,9.629018970438263,7.517249502849999,0.0
ACMR,2020-07-06,stress,True,True,D-1,23.6233329773,27.9330005646,23.5900001526,26.9466667175,26.5623321533,27.546667099,16.60787715886658,1,-4.003168492245857,-4.400863503605978,7.517249502849999,-2.742140903888257,8.639732451716942,4.256323743099899,2.0,0.0,0.8063436369919025,3.5210252406872256,8.639732451716942,7.517249502849999
ACMR,2020-07-07,stress,True,True,D-1,26.4633331299,26.5623321533,24.2483329773,24.5200004578,27.546667099,29.1100006104,10.001262756691908,1,-4.400863503605978,7.517249502849999,-2.742140903888257,8.639732451716942,22.689332070531187,33.24542615905801,3.0,0.0,0.8926692475215243,3.660318574614063,22.689332070531187,7.517249502849999
ACMR,2020-07-08,stress,True,True,D-1,26.7166671753,27.546667099,25.9503326416,27.3333320618,29.1100006104,28.8033332825,8.958203579047751,1,7.517249502849999,-2.742140903888257,8.639732451716942,22.689332070531187,-9.005441322818786,26.82759691614742,3.0,1.0,0.6147710546630923,13.919249767853504,22.689332070531187,8.639732451716942
ACMR,2020-07-09,stress,True,True,D-1,27.6966667175,29.1100006104,27.4366664886,28.7000007629,28.8033332825,29.8899993896,7.919121439671839,1,-2.742140903888257,8.639732451716942,22.689332070531187,-9.005441322818786,11.47361970421603,31.494540383080217,3.0,2.0,0.9268340134500326,2.193909258644955,22.689332070531187,22.689332070531187
ACMR,2020-07-10,stress,True,True,D-1,28.6533336639,28.8033332825,26.6066665649,27.2099990845,29.8899993896,30.4599990845,6.305253838146574,1,8.639732451716942,22.689332070531187,-9.005441322818786,11.47361970421603,5.0000076756467005,41.96207769579663,4.0,0.0,0.9484493038825963,1.4285708592384427,22.689332070531187,22.689332070531187
ACMR,2020-07-13,stress,True,True,D-1,27.7099990845,29.8899993896,27.3700008392,27.8400001526,30.4599990845,29.7433338165,9.924215412689264,1,22.689332070531187,-9.005441322818786,11.47361970421603,5.0000076756467005,-5.191643340741992,23.88829565881054,3.0,1.0,0.6557968535645294,6.982732781429313,22.689332070531187,23.14055030115578
ACMR,2020-07-14,stress,True,True,D-1,27.8666667938,30.4599990845,27.5826663971,30.2533321381,29.7433338165,26.4366664886,6.734451007673226,1,-9.005441322818786,11.47361970421603,5.0000076756467005,-5.191643340741992,2.315329251366549,3.3151908711582356,3.0,0.0,0.6366323197467723,7.3635029661037965,11.47361970421603,14.470137430486307
ACMR,2020-07-15,stress,True,True,D-1,29.7233333588,29.7433338165,26.7933330536,27.9633331299,26.4366664886,26.6466674805,-10.35101225411218,0,11.47361970421603,5.0000076756467005,-5.191643340741992,2.315329251366549,8.668577486608298,23.382265796313174,4.0,0.0,0.9541724539903882,0.6831212689452304,11.47361970421603,11.47361970421603
ACMR,2020-07-16,stress,True,True,D-1,25.0699996948,26.4366664886,24.7700004578,25.5366668701,26.6466674805,29.0,15.676108308908976,1,5.0000076756467005,-5.191643340741992,2.315329251366549,8.668577486608298,-7.569410859427461,2.3048820636853984,3.0,1.0,0.3520761725335946,8.928356083311195,8.668577486608298,5.0000076756467005
ACMR,2020-07-17,stress,True,True,D-1,26.3500003815,26.6466674805,25.7533321381,26.3366661072,29.0,29.8166675568,13.156231973848097,1,-5.191643340741992,2.315329251366549,8.668577486608298,-7.569410859427461,-8.678029362691642,-11.022069019904656,2.0,2.0,0.134739296544372,19.279462897190246,8.668577486608298,24.259142011763515
ACMR,2020-07-20,stress,True,True,D-1,26.3766670227,29.0,26.3500003815,28.7700004578,29.8166675568,30.0233325958,13.825346356162616,1,2.315329251366549,8.668577486608298,-7.569410859427461,-8.678029362691642,3.1327472812698653,-3.2096031116645274,3.0,3.0,0.27533673594375035,15.656245025534021,8.668577486608298,14.485720296957593
ACMR,2020-07-21,stress,True,True,D-1,29.0633335114,29.8166675568,28.0366668701,29.2466678619,30.0233325958,31.1633338928,7.225600534007159,1,8.668577486608298,-7.569410859427461,-8.678029362691642,3.1327472812698653,9.239340851630296,3.340518319333219,3.0,4.0,0.702987867383697,5.874169620465963,9.239340851630296,8.668577486608298
ACMR,2020-07-22,stress,True,True,D-1,29.0,30.0233325958,28.6333332062,29.6399993896,31.1633338928,28.7366676331,7.4597720441379245,1,-7.569410859427461,-8.678029362691642,3.1327472812698653,9.239340851630296,1.6568209819780133,-3.327449259489146,3.0,0.0,0.8870542312939674,1.948938927304411,9.239340851630296,3.1327472812698653
ACMR,2020-07-23,stress,True,True,D-1,29.7399997711,31.1633338928,28.9400005341,29.2466678619,28.7366676331,30.3666667938,2.1071520764064378,0,-8.678029362691642,3.1327472812698653,9.239340851630296,1.6568209819780133,1.344876378934079,5.9959456618110085,4.0,0.0,0.9270304644499522,1.2932969436379338,9.239340851630296,9.239340851630296
ACMR,2020-07-24,stress,True,True,D-1,28.3766670227,28.7366676331,26.203332901,28.3400001526,30.3666667938,29.296667099,7.01280305226859,1,3.1327472812698653,9.239340851630296,1.6568209819780133,1.344876378934079,-1.3270294730100773,14.528133255103516,4.0,0.0,0.6457180389572195,6.553450943370076,9.239340851630296,9.239340851630296
ACMR,2020-07-27,stress,True,True,D-1,29.1000003815,30.3666667938,27.7533321381,28.0966663361,29.296667099,29.8899993896,2.714773188120767,0,9.239340851630296,1.6568209819780133,1.344876378934079,-1.3270294730100773,-3.1000718221344092,7.606634937184853,3.0,1.0,0.43077960168403007,9.962363179242907,9.239340851630296,13.62530328001058
ACMR,2020-07-28,stress,True,True,D-1,28.0699996948,29.296667099,27.9133338928,28.4233322144,29.8899993896,30.9333324432,10.20068678137691,1,1.6568209819780133,1.344876378934079,-1.3270294730100773,-3.1000718221344092,-0.8586232010929451,-2.3404035835440706,2.0,2.0,0.3817203742963171,10.914702548749688,1.6568209819780133,5.5888980692899715
ACMR,2020-07-29,stress,True,True,D-1,28.2733325958,29.8899993896,27.8999996185,29.7600002289,30.9333324432,32.1966667175,13.876447385204283,1,1.344876378934079,-1.3270294730100773,-3.1000718221344092,-0.8586232010929451,1.1626499542413127,-2.8151434255270225,2.0,3.0,0.4475804172358348,9.639973447630634,1.344876378934079,1.344876378934079
ACMR,2020-07-30,stress,True,True,D-1,29.6433334351,30.9333324432,28.8533325195,30.7600002289,32.1966667175,36.1899986267,22.084780734707277,1,-1.3270294730100773,-3.1000718221344092,-0.8586232010929451,1.1626499542413127,4.702713968993444,0.40486113957920455,2.0,4.0,0.717069882401228,4.715502866620347,4.702713968993444,0.0
ACMR,2020-07-31,stress,True,True,D-1,31.0,32.1966667175,30.5866661072,31.9799995422,36.1899986267,36.6666679382,18.279573994193555,1,-3.1000718221344092,-0.8586232010929451,1.1626499542413127,4.702713968993444,3.360215027918234,5.17437533104903,3.0,0.0,0.9633547080177136,0.5634987419055548,4.702713968993444,1.1626499542413127
ACMR,2020-08-03,stress,True,True,D-1,32.9300003052,36.1899986267,32.8333320618,35.8499984741,36.6666679382,37.3333320618,13.371793852989033,1,-0.8586232010929451,1.1626499542413127,4.702713968993444,3.360215027918234,3.9661875949980496,12.844034474241383,4.0,0.0,0.951237708655904,0.6775083752396327,4.702713968993444,4.702713968993444
ACMR,2020-08-04,stress,True,True,D-1,35.7556686401,36.6666679382,35.1993331909,35.8833312988,37.3333320618,37.9566688538,6.155667891025196,1,1.1626499542413127,4.702713968993444,3.360215027918234,3.9661875949980496,12.101310154158206,27.59520309367851,5.0,0.0,0.9589867076867323,0.9483965608691358,12.101310154158206,4.702713968993444
ACMR,2020-08-05,stress,True,True,D-1,36.3499984741,37.3333320618,34.3966674805,35.9799995422,37.9566688538,36.8533325195,4.420001230109483,1,4.702713968993444,3.360215027918234,3.9661875949980496,12.101310154158206,0.09297859447354728,26.24603979620861,5.0,0.0,0.910646027563319,2.183009801618385,12.101310154158206,4.702713968993444
ACMR,2020-08-06,stress,True,True,D-1,34.9333343506,37.9566688538,34.5499992371,37.4300003052,36.8533325195,35.2566680908,5.496177804358449,1,3.360215027918234,3.9661875949980496,12.101310154158206,0.09297859447354728,0.26939595600821153,20.90053516619177,5.0,0.0,0.8404088923767863,3.7613466837672194,12.101310154158206,12.101310154158206
ACMR,2020-08-07,stress,True,True,D-1,36.6633338928,36.8533325195,33.2633323669,33.9733314514,35.2566680908,33.9616661072,-3.8367100114598207,0,3.9661875949980496,12.101310154158206,0.09297859447354728,0.26939595600821153,4.030018847830541,21.68400528824872,5.0,0.0,0.9285388938500779,1.407075993335849,12.101310154158206,12.101310154158206
ACMR,2020-08-10,stress,True,True,D-1,34.3833312988,35.2566680908,32.0200004578,33.3966674805,33.9616661072,35.3033332825,2.6757209058800635,0,12.101310154158206,0.09297859447354728,0.26939595600821153,4.030018847830541,-9.235022243159785,6.233057966650835,4.0,1.0,0.22251111646224186,11.72489488732742,12.101310154158206,17.67848668648815
ACMR,2020-08-11,stress,True,True,D-1,32.5266685486,33.9616661072,32.3333320618,32.7566680908,35.3033332825,35.9966659546,10.668161114672014,1,0.09297859447354728,0.26939595600821153,4.030018847830541,-9.235022243159785,-1.6974018922016443,-6.8433224491555205,3.0,2.0,0.2318921878182665,13.654061070502133,4.030018847830541,14.805687540891345
ACMR,2020-08-12,stress,True,True,D-1,32.9566688538,35.3033332825,32.1666679382,35.1333312988,35.9966659546,35.656665802,9.224224433257543,1,0.26939595600821153,4.030018847830541,-9.235022243159785,-1.6974018922016443,-1.9163570439286848,-8.713413985909845,2.0,3.0,0.12408771786821506,15.874632757476537,4.030018847830541,7.611249503235884
ACMR,2020-08-13,stress,True,True,D-1,35.3666687012,35.9966659546,34.3466682434,34.9233322144,35.656665802,35.9799995422,1.7342058597087817,0,4.030018847830541,-9.235022243159785,-1.6974018922016443,-1.9163570439286848,7.255509630625445,-2.3531635746880997,2.0,4.0,0.5244239080454112,8.036065612418675,7.255509630625445,4.030018847830541
ACMR,2020-08-14,stress,True,True,D-1,35.0866661072,35.656665802,34.3733329773,34.8699989319,35.9799995422,35.6666679382,2.54607671264806,0,-9.235022243159785,-1.6974018922016443,-1.9163570439286848,7.255509630625445,-0.597720388693046,-6.696949159393295,1.0,4.0,0.6006894869910563,5.526392193194551,7.255509630625445,0.0
ACMR,2020-08-17,stress,True,True,D-1,35.4766654968,35.9799995422,34.4599990845,35.5466651917,35.6666679382,34.6899986267,0.5355701803968493,0,-1.6974018922016443,-1.9163570439286848,7.255509630625445,-0.597720388693046,-0.15271533132227288,2.6393275024638507,1.0,1.0,0.7166804641711451,3.2310497769166613,7.255509630625445,8.005032539968793
ACMR,2020-08-18,stress,True,True,D-1,35.6333312988,35.6666679382,34.1666679382,34.9466667175,34.6899986267,33.1333312988,-2.647332252462642,0,-1.9163570439286848,7.255509630625445,-0.597720388693046,-0.15271533132227288,1.9405399498907627,6.437761230084904,2.0,2.0,0.8825062673732206,1.2659436840929628,7.255509630625445,7.255509630625445
ACMR,2020-08-19,stress,True,True,D-1,34.6899986267,34.6899986267,32.6666679382,33.1966667175,33.1333312988,32.3033332825,-4.4873663578120615,0,7.255509630625445,-0.597720388693046,-0.15271533132227288,1.9405399498907627,-1.6879177581476612,6.685657468669981,2.0,3.0,0.7258486211731927,3.004576217777566,7.255509630625445,7.255509630625445
ACMR,2020-08-20,stress,True,True,D-1,33.1333312988,33.1333312988,31.8086662292,32.4566688538,32.3033332825,32.9900016785,-0.43258439366521406,0,-0.597720388693046,-0.15271533132227288,1.9405399498907627,-1.6879177581476612,-5.007630668030682,-5.512328349478624,1.0,4.0,0.1591588873896609,8.434579474281811,1.9405399498907627,8.551563688760966
ACMR,2020-08-21,stress,True,True,D-1,32.1433334351,32.3033332825,31.6633338928,32.0566673279,32.9900016785,32.6533317566,2.6340399483130605,0,-0.15271533132227288,1.9405399498907627,-1.6879177581476612,-5.007630668030682,-2.2291330331364434,-7.063081339022159,1.0,3.0,0.1553466424225776,10.855490759913566,1.9405399498907627,9.065676901659348
ACMR,2020-08-24,stress,True,True,D-1,32.6666679382,32.9900016785,31.2833328247,31.7833328247,32.6533317566,32.9533348083,0.8775516090050228,0,1.9405399498907627,-1.6879177581476612,-5.007630668030682,-2.2291330331364434,-1.2324170656631162,-8.068057614496482,1.0,4.0,0.09111973616827904,12.238740147780081,1.9405399498907627,5.374617832773609
ACMR,2020-08-25,stress,True,True,D-1,31.6666679382,32.6533317566,31.5533332825,32.6366653442,32.9533348083,32.0233345032,4.063158374007125,1,-1.6879177581476612,-5.007630668030682,-2.2291330331364434,-1.2324170656631162,-0.852660385448456,-10.58701947624252,0.0,4.0,0.1140683947389915,12.218149477647344,-0.852660385448456,2.074569119009151
ACMR,2020-08-26,stress,True,True,D-1,32.6366653442,32.9533348083,31.6100006104,32.0166664124,32.0233345032,30.7999992371,-1.8792693264815918,0,-5.007630668030682,-2.2291330331364434,-1.2324170656631162,-0.852660385448456,2.6848427891641435,-6.610076411502908,1.0,4.0,0.39726013590927395,6.29149228588366,2.6848427891641435,0.0
ACMR,2020-08-27,stress,True,True,D-1,32.0200004578,32.0233345032,30.0,30.2800006866,30.7999992371,31.0933322906,-2.8940292128392775,0,-2.2291330331364434,-1.2324170656631162,-0.852660385448456,2.6848427891641435,-1.899700613592803,-3.554574666009924,1.0,4.0,0.3963968608443072,3.487761255392652,2.6848427891641435,0.0
ACMR,2020-08-28,stress,True,True,D-1,30.2299995422,30.7999992371,30.0033321381,30.6633338928,31.0933322906,30.2199993134,2.855880785558118,0,-1.2324170656631162,-0.852660385448456,2.6848427891641435,-1.899700613592803,-5.4242553032547765,-6.706381905687008,1.0,3.0,0.09364566201195898,8.949804922228012,2.6848427891641435,9.905754094732956
ACMR,2020-08-31,stress,True,True,D-1,30.7066669464,31.0933322906,29.1666679382,29.6033325195,30.2199993134,31.9599990845,4.081628723455255,1,-0.852660385448456,2.6848427891641435,-1.899700613592803,-5.4242553032547765,1.2659616826549147,-4.346470020878734,2.0,4.0,0.22185067572697037,7.5877847915497565,2.6848427891641435,6.911805403472593
ACMR,2020-09-01,stress,True,True,D-1,29.7700004578,30.2199993134,29.2333335876,30.1633338928,31.9599990845,31.25,7.356394333296712,1,2.6848427891641435,-1.899700613592803,-5.4242553032547765,1.2659616826549147,-3.4569019044236926,-6.858941814641417,2.0,3.0,0.1153163445002145,11.316301252885363,2.6848427891641435,4.919546064449898
ACMR,2020-09-02,stress,True,True,D-1,30.6666679382,31.9599990845,29.7833328247,31.7433338165,31.25,27.8966674805,1.9021696878693817,0,-1.899700613592803,-5.4242553032547765,1.2659616826549147,-3.4569019044236926,1.8916835560020884,-7.578382856567001,2.0,4.0,0.2632040231660729,9.249643707872668,1.8916835560020884,2.896573675949632
ACMR,2020-09-03,stress,True,True,D-1,31.0,31.25,27.2666664124,28.0033321381,27.8966674805,23.3323326111,-10.010750062903229,0,-5.4242553032547765,1.2659616826549147,-3.4569019044236926,1.8916835560020884,5.2381475115293785,-0.8537197232817983,3.0,4.0,0.9019834200705898,0.8820771262357141,5.2381475115293785,1.2659616826549147
ACMR,2020-09-04,stress,True,True,D-1,27.3366661072,27.8966674805,25.3333320618,27.3566665649,23.3323326111,21.4449996948,-14.64821452768642,0,1.2659616826549147,-3.4569019044236926,1.8916835560020884,5.2381475115293785,-11.782006578199955,-7.518720267095336,3.0,1.0,0.15696004889642387,14.129271926953102,5.2381475115293785,9.05270150705688
ACMR,2020-09-08,stress,True,True,D-1,23.3323326111,23.3323326111,19.4766674042,19.6566677094,21.4449996948,20.9766674042,-8.088916559513349,0,-3.4569019044236926,1.8916835560020884,5.2381475115293785,-11.782006578199955,-2.30924509273015,-10.783782805419062,2.0,2.0,0.3053321520711632,16.827095906144905,5.2381475115293785,19.057323773727262
ACMR,2020-09-09,stress,True,True,D-1,20.0033321381,21.4449996948,19.3433322906,20.0266666412,20.9766674042,23.3666667938,16.813871971329796,1,1.8916835560020884,5.2381475115293785,-11.782006578199955,-2.30924509273015,-28.146699954224285,-33.59981449233135,2.0,3.0,0.014419251992163226,62.59113475890135,5.2381475115293785,35.044116271025416
ACMR,2020-09-10,stress,True,True,D-1,20.3500003815,20.9766674042,19.7666664124,20.2199993134,23.3666667938,24.2466678619,19.148242787958015,1,5.2381475115293785,-11.782006578199955,-2.30924509273015,-28.146699954224285,1.8823075063890915,-33.60592462234299,2.0,4.0,0.05416124256609381,59.58721267547378,5.2381475115293785,32.03234740540375
ACMR,2020-09-11,stress,True,True,D-1,21.4400005341,23.3666667938,21.3600006104,22.1200008392,24.2466678619,24.6299991608,14.878724567316848,1,-11.782006578199955,-2.30924509273015,-28.146699954224285,1.8823075063890915,0.9653761939706129,-36.30158876730912,2.0,4.0,0.07362824294726004,54.54995579198811,1.8823075063890915,0.0
ACMR,2020-09-14,stress,True,True,D-1,22.5333328247,24.2466678619,21.8516674042,23.5866661072,24.6299991608,24.5900001526,9.304732470829746,1,-2.30924509273015,-28.146699954224285,1.8823075063890915,0.9653761939706129,9.396644858147196,-21.009397274174457,3.0,4.0,0.32462992352722975,26.115128490695483,9.396644858147196,1.8823075063890915
ACMR,2020-09-15,stress,True,True,D-1,24.0100002289,24.6299991608,23.5866661072,23.7900009155,24.5900001526,23.796667099,2.4156598007936347,0,-28.146699954224285,1.8823075063890915,0.9653761939706129,9.396644858147196,6.630493726749087,-13.7809204522641,4.0,0.0,0.8653973922235516,2.798198574144961,9.396644858147196,1.8823075063890915
ACMR,2020-09-16,stress,True,True,D-1,23.9766674042,24.5900001526,23.6033325195,23.7066669464,23.796667099,24.4966678619,2.168777040335934,0,1.8823075063890915,0.9653761939706129,9.396644858147196,6.630493726749087,0.8620752393570852,21.027639410739994,5.0,0.0,0.8411100479897982,3.5308878225082996,9.396644858147196,9.396644858147196
ACMR,2020-09-17,stress,True,True,D-1,22.6966667175,23.796667099,22.2233333588,23.4500007629,24.4966678619,24.25,7.930685006764149,1,0.9653761939706129,9.396644858147196,6.630493726749087,0.8620752393570852,-0.3502898944644617,18.37550088155606,4.0,1.0,0.8101441414421476,3.894820880926142,9.396644858147196,9.396644858147196
ACMR,2020-09-18,stress,True,True,D-1,24.1533336639,24.4966678619,23.5200004578,24.2800006866,24.25,24.2266674042,0.40021943738755006,0,9.396644858147196,6.630493726749087,0.8620752393570852,-0.3502898944644617,-1.0826751144743851,15.974290599305041,3.0,2.0,0.639144060857257,5.031975946742251,9.396644858147196,10.825817365570167
ACMR,2020-09-21,stress,True,True,D-1,23.4966678619,24.25,23.1233329773,24.0599994659,24.2266674042,23.5833320618,3.106821556956585,1,6.630493726749087,0.8620752393570852,-0.3502898944644617,-1.0826751144743851,3.5394451884757983,9.764917565338216,3.0,3.0,0.8740256726474191,1.4415093257932332,6.630493726749087,6.630493726749087
ACMR,2020-09-22,stress,True,True,D-1,24.2266674042,24.2266674042,22.6066665649,23.2933330536,23.5833320618,23.3683338165,-2.6554842713879423,0,0.8620752393570852,-0.3502898944644617,-1.0826751144743851,3.5394451884757983,-0.906100553866207,2.0067836486459267,2.0,4.0,0.7631579364171304,2.3690760912437048,3.5394451884757983,0.8620752393570852
ACMR,2020-09-23,stress,True,True,D-1,23.2600002289,23.5833320618,22.5266666412,22.6166667938,23.3683338165,23.3566665649,0.4657505869900991,0,-0.3502898944644617,-1.0826751144743851,3.5394451884757983,-0.906100553866207,-3.1864772623398707,-2.087716867536571,1.0,4.0,0.45211252281187153,5.566687669884995,3.5394451884757983,7.603150316558993
ACMR,2020-09-24,stress,True,True,D-1,22.2833328247,23.3683338165,21.9066677094,22.9966678619,23.3566665649,23.3233337402,4.816755862526367,1,-1.0826751144743851,3.5394451884757983,-0.906100553866207,-3.1864772623398707,-2.9049782538331126,-4.597863356601128,1.0,3.0,0.1730204835512044,8.312458618417518,3.5394451884757983,9.538334233114476
ACMR,2020-09-25,stress,True,True,D-1,22.9966678619,23.3566665649,22.5,23.2866668701,23.3233337402,23.3533325195,1.550940596010908,0,3.5394451884757983,-0.906100553866207,-3.1864772623398707,-2.9049782538331126,1.6801815739009518,-1.9331892803910344,2.0,4.0,0.4208494549499838,6.522684108010024,3.5394451884757983,4.813050777754702
ACMR,2020-09-28,stress,True,True,D-1,22.9366664886,23.3233337402,22.2766666412,22.7733325958,23.3533325195,24.3166675568,6.0165720632764375,1,-0.906100553866207,-3.1864772623398707,-2.9049782538331126,1.6801815739009518,1.2610479480831938,-4.091160578295272,2.0,4.0,0.5889045980528252,4.136844209065038,1.6801815739009518,0.0
ACMR,2020-09-29,stress,True,True,D-1,22.3600006104,23.3533325195,22.3600006104,23.3133335114,24.3166675568,25.5633335114,14.326175373671845,1,-3.1864772623398707,-2.9049782538331126,1.6801815739009518,1.2610479480831938,-2.2044128391732976,-5.347742720957161,2.0,4.0,0.37356250017727327,6.381739704921507,1.6801815739009518,2.6513451678667255
ACMR,2020-09-30,stress,True,True,D-1,23.9400005341,24.3166675568,22.9333324432,23.0333328247,25.5633335114,24.7700004578,6.780839352896972,1,-2.9049782538331126,1.6801815739009518,1.2610479480831938,-2.2044128391732976,2.3711984766761285,0.08586344321774853,3.0,4.0,0.8389668450852904,1.1581293180058294,2.3711984766761285,1.6801815739009518
ACMR,2020-10-01,stress,True,True,D-1,23.5100002289,25.5633335114,23.3333320618,25.1266670227,24.7700004578,25.7166671753,9.38607794519466,1,1.6801815739009518,1.2610479480831938,-2.2044128391732976,2.3711984766761285,-1.2010323901688325,1.842296367978613,3.0,0.0,0.46749592806633994,5.571641506972025,2.3711984766761285,1.6801815739009518
ACMR,2020-10-02,stress,True,True,D-1,23.8366661072,24.7700004578,23.5633335114,24.3333320618,25.7166671753,25.5,7.887013475983262,1,1.2610479480831938,-2.2044128391732976,2.3711984766761285,-1.2010323901688325,9.088281812848177,9.2622077841499,3.0,0.0,0.8671400218077391,1.7378607688218528,9.088281812848177,2.3711984766761285
ACMR,2020-10-05,stress,True,True,D-1,24.6433334351,25.7166671753,24.5900001526,25.3066673279,25.5,25.0599994659,3.4762609009697965,1,-2.2044128391732976,2.3711984766761285,-1.2010323901688325,9.088281812848177,-3.1573425961480828,4.494697319880991,2.0,1.0,0.6257602312079924,5.054800741945797,9.088281812848177,2.3711984766761285
ACMR,2020-10-06,stress,True,True,D-1,25.3333320618,25.5,23.3866672516,23.4066677094,25.0599994659,23.6733322144,-1.0789445116545004,0,2.3711984766761285,-1.2010323901688325,9.088281812848177,-3.1573425961480828,4.000008151896317,11.124128282248936,3.0,0.0,0.877855056654335,1.6201258035584365,9.088281812848177,9.088281812848177
ACMR,2020-10-07,stress,True,True,D-1,23.9033336639,25.0599994659,23.6966667175,23.9599990845,23.6733322144,25.3099994659,5.884810134765495,1,-1.2010323901688325,9.088281812848177,-3.1573425961480828,4.000008151896317,-7.507901352167757,0.40034685710801377,2.0,1.0,0.17006048921858302,9.868980474193311,9.088281812848177,12.896491679242661
ACMR,2020-10-08,stress,True,True,D-1,22.5046672821,23.6733322144,22.0766677856,23.5966663361,25.3099994659,27.5566673279,22.44867690098362,1,9.088281812848177,-3.1573425961480828,4.000008151896317,-7.507901352167757,2.3639903892760605,4.02315317046209,3.0,2.0,0.262937015927954,7.3316701081862945,9.088281812848177,14.409678842141439
ACMR,2020-10-09,stress,True,True,D-1,23.8299999237,25.3099994659,23.6700000763,25.1499996185,27.5566673279,26.5233325958,15.638553991322768,1,-3.1573425961480828,4.000008151896317,-7.507901352167757,2.3639903892760605,-1.516413865954802,-6.089150961477552,2.0,3.0,0.4175820893819639,8.984323501479775,4.000008151896317,4.000008151896317
ACMR,2020-10-12,stress,True,True,D-1,25.5,27.5566673279,25.4883327484,25.9300003052,26.5233325958,25.6666679382,4.0130690031372485,1,4.000008151896317,-7.507901352167757,2.3639903892760605,-1.516413865954802,6.582850561494746,3.356168216608757,3.0,4.0,0.8443220736785062,2.2531513534623127,6.582850561494746,4.000008151896317
ACMR,2020-10-13,stress,True,True,D-1,25.8966674805,26.5233325958,24.9366664886,25.9933338165,25.6666679382,25.4133338928,-0.8881433971115738,0,-7.507901352167757,2.3639903892760605,-1.516413865954802,6.582850561494746,3.1013944275618988,2.463117601474085,3.0,0.0,0.7031629272696479,6.273301209232107,6.582850561494746,2.3639903892760605
ACMR,2020-10-14,stress,True,True,D-1,25.1499996185,25.6666679382,24.1000003815,24.7099990845,25.4133338928,25.4966678619,1.3784025791594656,0,2.3639903892760605,-1.516413865954802,6.582850561494746,3.1013944275618988,0.24424801602220825,11.050979743097766,4.0,1.0,0.7147201383261692,6.014363230343434,6.582850561494746,6.582850561494746
ACMR,2020-10-15,stress,True,True,D-1,24.2933330536,25.4133338928,23.8799991608,25.1466674805,25.4966678619,25.6033325195,5.39242376914546,1,-1.516413865954802,6.582850561494746,3.1013944275618988,0.24424801602220825,-4.937168664318725,3.130217147984715,3.0,2.0,0.48053494869358504,11.520308979637516,6.582850561494746,11.287830146301536
ACMR,2020-10-16,stress,True,True,D-1,25.4966678619,25.4966678619,24.3333320618,25.2000007629,25.6033325195,24.9699993134,0.41834744123325773,0,6.582850561494746,3.1013944275618988,0.24424801602220825,-4.937168664318725,1.7671728538181553,6.5687293379602885,4.0,3.0,0.3799315219464978,9.583774268573908,6.582850561494746,9.840094676378374
ACMR,2020-10-19,stress,True,True,D-1,25.1033325195,25.6033325195,23.9599990845,24.0433330536,24.9699993134,24.6566677094,-0.5311374734666363,0,3.1013944275618988,0.24424801602220825,-4.937168664318725,1.7671728538181553,0.21208886800352378,0.19881171037163803,4.0,4.0,0.3590211414540466,9.351851165296532,3.1013944275618988,3.1013944275618988
ACMR,2020-10-20,stress,True,True,D-1,24.0900001526,24.9699993134,24.0900001526,24.4400005341,24.6566677094,23.2983322144,2.35229370365464,0,0.24424801602220825,-4.937168664318725,1.7671728538181553,0.21208886800352378,-4.589951088425648,-7.276001655972397,3.0,4.0,0.0617908776234281,10.314707768142274,1.7671728538181553,6.154769849545638
ACMR,2020-10-21,stress,True,True,D-1,24.5066661835,24.6566677094,23.1133327484,23.2633323669,23.2983322144,22.8333320618,-4.930633812254537,0,-4.937168664318725,1.7671728538181553,0.21208886800352378,-4.589951088425648,1.6498023781299498,-5.975890947139606,3.0,4.0,0.3134332341750143,5.0190972884329055,1.7671728538181553,4.783046686325687
ACMR,2020-10-22,stress,True,True,D-1,23.2366676331,23.2983322144,21.8366661072,22.3133335114,22.8333320618,23.2999992371,0.2725502856088635,0,1.7671728538181553,0.21208886800352378,-4.589951088425648,1.6498023781299498,-4.814517763852955,-5.854580215292127,3.0,2.0,0.060240816180369514,10.058748745426715,1.7671728538181553,5.0113182681046915
ACMR,2020-10-23,stress,True,True,D-1,22.4733333588,22.8333320618,22.1800003052,22.6566677094,23.2999992371,23.5100002289,4.612875417940909,1,0.21208886800352378,-4.589951088425648,1.6498023781299498,-4.814517763852955,-4.083674860148989,-11.267234401127347,2.0,3.0,0.12654887691765038,14.74454279285129,1.6498023781299498,10.351385750572028
ACMR,2020-10-26,stress,True,True,D-1,22.3366661072,23.2999992371,22.2666664124,22.8700008392,23.5100002289,24.6599998474,10.401434704040714,1,-4.589951088425648,1.6498023781299498,-4.814517763852955,-4.083674860148989,1.5386952282346877,-10.092591176601672,2.0,4.0,0.21769955510854283,13.005729032594937,1.6498023781299498,4.257617320253992
ACMR,2020-10-27,stress,True,True,D-1,23.5100002289,23.5100002289,22.3500003815,23.0966663361,24.6599998474,25.296667099,7.599603797126786,1,1.6498023781299498,-4.814517763852955,-4.083674860148989,1.5386952282346877,0.9415909370974695,-4.880073040556743,3.0,4.0,0.32978769380649225,9.182327928036305,1.6498023781299498,1.6498023781299498
ACMR,2020-10-28,stress,True,True,D-1,22.6333332062,24.6599998474,22.4200000763,24.2733325958,25.296667099,25.1000003815,11.767307398056715,1,-4.814517763852955,-4.083674860148989,1.5386952282346877,0.9415909370974695,0.9911040165398122,-5.496457318508274,3.0,4.0,0.44680833795166003,6.75422743091596,1.5386952282346877,1.5386952282346877
ACMR,2020-10-29,stress,True,True,D-1,24.3466663361,25.296667099,23.7303333282,25.1633338928,25.1000003815,25.0933322906,3.0941979283750864,1,-4.083674860148989,1.5386952282346877,0.9415909370974695,0.9911040165398122,5.09452854614294,4.341597381538809,4.0,0.0,0.8630458574222221,1.5929714227493674,5.09452854614294,1.5386952282346877
ACMR,2020-10-30,stress,True,True,D-1,24.8066673279,25.1000003815,23.1366672516,23.4566669464,25.0933322906,26.8133335114,8.089221163711514,1,1.5386952282346877,0.9415909370974695,0.9911040165398122,5.09452854614294,3.66658057144571,12.772633815310108,5.0,0.0,0.9572192938734291,0.5298709891464304,5.09452854614294,1.5386952282346877
ACMR,2020-11-02,stress,True,True,D-1,23.7666664124,25.0933322906,23.6666679382,25.0400009155,26.8133335114,30.6666679382,29.032264795032425,1,0.9415909370974695,0.9911040165398122,5.09452854614294,3.66658057144571,-6.782356239720411,3.5309660152189393,4.0,1.0,0.3927393611700176,7.844252368866056,5.09452854614294,8.458984770589472
ACMR,2020-11-03,stress,True,True,D-1,25.5866661072,26.8133335114,24.7999992371,26.6533336639,30.6666679382,32.1633338928,25.703496336903964,1,0.9911040165398122,5.09452854614294,3.66658057144571,-6.782356239720411,6.750038156392901,9.488412753271703,4.0,2.0,0.9128960930750385,1.0250246570123744,6.750038156392901,5.5846582635540765
ACMR,2020-11-04,stress,True,True,D-1,26.8600006104,30.6666679382,26.8163337708,30.3333320618,32.1633338928,30.7766666412,19.744352799257147,1,5.09452854614294,3.66658057144571,-6.782356239720411,6.750038156392901,6.443021922580416,15.399050564457184,4.0,0.0,0.9635812191668175,0.6002995704687653,6.750038156392901,5.09452854614294
ACMR,2020-11-05,stress,True,True,D-1,31.0366668701,32.1633338928,30.1800003052,31.3333320618,30.7766666412,32.656665802,5.219629216888189,1,3.66658057144571,-6.782356239720411,6.750038156392901,6.443021922580416,13.806897269606043,24.965667330939787,4.0,0.0,0.9557322913670928,1.0989095287021966,13.806897269606043,6.750038156392901
ACMR,2020-11-06,stress,True,True,D-1,29.7299995422,30.7766666412,28.3666667938,30.453332901,32.656665802,30.5949993134,9.84415171498998,1,-6.782356239720411,6.750038156392901,6.443021922580416,13.806897269606043,3.296703434896764,24.51979612592361,4.0,0.0,0.9080500184628888,2.6489421213261144,13.806897269606043,6.750038156392901
ACMR,2020-11-09,stress,True,True,D-1,31.7900009155,32.656665802,30.4433326721,30.5666675568,30.5949993134,30.3600006104,-3.7590486558222946,0,6.750038156392901,6.443021922580416,13.806897269606043,3.296703434896764,-2.8085080739716495,29.82804833520396,4.0,1.0,0.7987444721333051,5.615152198148543,13.806897269606043,13.806897269606043
ACMR,2020-11-10,stress,True,True,D-1,30.2633323669,30.5949993134,27.7450008392,27.8366661072,30.3600006104,30.3299999237,0.31942365873010026,0,6.443021922580416,13.806897269606043,3.296703434896764,-2.8085080739716495,0.372158463470762,22.071351594396084,4.0,0.0,0.7339840977168156,6.837507691397171,13.806897269606043,16.25369898060147
ACMR,2020-11-11,stress,True,True,D-1,28.4066677094,30.3600006104,28.3799991608,30.1599998474,30.3299999237,29.5733337402,6.77070691281243,1,13.806897269606043,3.296703434896764,-2.8085080739716495,0.372158463470762,-8.93130219225573,4.439716465571952,3.0,1.0,0.17470450839938872,17.315290833456885,13.806897269606043,22.399279595397637
ACMR,2020-11-12,stress,True,True,D-1,30.0,30.3299999237,28.5,28.8999996185,29.5733337402,28.4483337402,-1.4222208660000013,0,3.296703434896764,-2.8085080739716495,0.372158463470762,-8.93130219225573,8.346307461003999,-0.571424906590734,3.0,2.0,0.49168642944719104,8.27807018313107,8.346307461003999,4.627132107385556
ACMR,2020-11-13,stress,True,True,D-1,29.5266666412,29.5733337402,28.0066661835,28.1333332062,28.4483337402,27.4566669464,-3.6520644680403835,0,-2.8085080739716495,0.372158463470762,-8.93130219225573,8.346307461003999,-4.177719612981434,-7.765954921425655,2.0,3.0,0.2351542273440348,12.998845097199286,8.346307461003999,0.372158463470762
ACMR,2020-11-16,stress,True,True,D-1,28.1399993896,28.4483337402,27.0300006866,27.2733325958,27.4566669464,26.0373325348,-2.4283314073295537,0,0.372158463470762,-8.93130219225573,8.346307461003999,-4.177719612981434,-2.6528249910744983,-7.618212766208643,2.0,4.0,0.0790632850451231,16.078196503225396,8.346307461003999,15.06602447510974
ACMR,2020-11-17,stress,True,True,D-1,27.2999992371,27.4566669464,24.5166664124,25.9300003052,26.0373325348,25.9699993134,-4.625152884927807,0,-8.93130219225573,8.346307461003999,-4.177719612981434,-2.6528249910744983,-3.0568742213968214,-10.77426891524964,1.0,4.0,0.06825582129842701,12.179174312242003,8.346307461003999,13.974913150184387
ACMR,2020-11-18,stress,True,True,D-1,25.8733329773,26.0373325348,24.2900009155,24.9200000763,25.9699993134,26.5499992371,2.6153037971322624,0,8.346307461003999,-4.177719612981434,-2.6528249910744983,-3.0568742213968214,-4.925442411122383,-6.849476135746146,1.0,4.0,0.24187113810532057,17.08445913250378,8.346307461003999,16.178059514167863
ACMR,2020-11-19,stress,True,True,D-1,24.953332901,25.9699993134,24.1733322144,25.3166675568,26.5499992371,25.4133338928,6.398609526168797,1,-4.177719612981434,-2.6528249910744983,-3.0568742213968214,-4.925442411122383,-3.895103035141334,-17.374004633994478,0.0,4.0,0.10430451394854591,21.709469626146372,-2.6528249910744983,8.62869438941395
ACMR,2020-11-20,stress,True,True,D-1,25.453332901,26.5499992371,24.9683322906,25.0766677856,25.4133338928,25.1733322144,-0.15714644661889432,0,-2.6528249910744983,-3.0568742213968214,-4.925442411122383,-3.895103035141334,1.5917635605356528,-12.399073041531029,1.0,4.0,0.21172870728598864,16.81369071916683,1.5917635605356528,2.365340305364372
ACMR,2020-11-23,stress,True,True,D-1,25.2000007629,25.4133338928,24.3633327484,24.8700008392,25.1733322144,25.8633327484,2.6322697040413345,0,-3.0568742213968214,-4.925442411122383,-3.895103035141334,1.5917635605356528,-0.9479911629820093,-10.864924529903808,1.0,4.0,0.21130649094469217,13.445430562892158,1.5917635605356528,0.0
ACMR,2020-11-24,stress,True,True,D-1,25.1033325195,25.1733322144,24.4266662598,24.5866661072,25.8633327484,28.203332901,12.348959561810968,1,-4.925442411122383,-3.895103035141334,1.5917635605356528,-0.9479911629820093,-0.8241403848667561,-8.812020856483471,1.0,4.0,0.21218324711462921,10.400747969107037,1.5917635605356528,3.3560823303653176
ACMR,2020-11-25,stress,True,True,D-1,24.6666679382,25.8633327484,23.7766666412,25.6833324432,28.203332901,28.4866676331,15.486484451287264,1,-3.895103035141334,1.5917635605356528,-0.9479911629820093,-0.8241403848667561,-1.1392630576570362,-5.18061774851043,1.0,2.0,0.17391325282514114,7.985357271863114,1.5917635605356528,3.5457778761114223
ACMR,2020-11-27,stress,True,True,D-1,26.1666679382,28.203332901,25.8080005646,27.9066677094,28.4866676331,28.2833328247,8.866240441386486,1,1.5917635605356528,-0.9479911629820093,-0.8241403848667561,-1.1392630576570362,4.460410904099166,3.0631314789840713,2.0,3.0,0.6874998710283617,3.3744327992353718,4.460410904099166,1.5917635605356528
ACMR,2020-11-30,stress,True,True,D-1,27.6283321381,28.4866676331,26.2999992371,27.5400009155,28.2833328247,27.7233333588,2.370757247762856,0,-0.9479911629820093,-0.8241403848667561,-1.1392630576570362,4.460410904099166,8.656724243697811,10.230414989607638,2.0,0.0,0.9329822547739566,1.0630620419795678,8.656724243697811,0.0
ACMR,2020-12-01,stress,True,True,D-1,27.5333328247,28.2833328247,26.6879997253,27.9566669464,27.7233333588,27.7833328247,0.9079903315436066,0,-0.8241403848667561,-1.1392630576570362,4.460410904099166,8.656724243697811,-1.313903894646995,9.823207576704185,2.0,0.0,0.7990092317967602,3.4374244231313744,8.656724243697811,4.460410904099166
ACMR,2020-12-02,stress,True,True,D-1,27.7233333588,27.7233333588,26.7399997711,27.1800003052,27.7833328247,27.3866672516,0.2164222646803493,0,-1.1392630576570362,4.460410904099166,8.656724243697811,-1.313903894646995,1.5129485005408672,12.411202263953314,3.0,1.0,0.8874733386231832,1.895793542614177,8.656724243697811,8.656724243697811
ACMR,2020-12-03,stress,True,True,D-1,27.5499992371,27.7833328247,26.9200000763,27.0333328247,27.3866672516,28.1399993896,2.1415614113901027,0,4.460410904099166,8.656724243697811,-1.313903894646995,1.5129485005408672,-2.7781088592895076,10.54772609955672,3.0,2.0,0.722575997298698,4.807458841897128,8.656724243697811,9.96391595877646
ACMR,2020-12-04,stress,True,True,D-1,27.1166667938,27.3866672516,25.0100002289,25.9099998474,28.1399993896,28.0,3.773814103265738,1,8.656724243697811,-1.313903894646995,1.5129485005408672,-2.7781088592895076,-0.5396154483189641,5.256328727923432,2.0,3.0,0.4574410439092609,5.376084472544607,8.656724243697811,11.959457446730426
ACMR,2020-12-07,stress,True,True,D-1,26.3333320618,28.1399993896,26.0949993134,28.0433330536,28.0,27.0266666412,6.329119058266541,1,-1.313903894646995,1.5129485005408672,-2.7781088592895076,-0.5396154483189641,-4.155362509625982,-7.154805736004977,1.0,4.0,0.2588684834829909,9.944684681109962,1.5129485005408672,6.185503480450216
ACMR,2020-12-08,stress,True,True,D-1,27.8033332825,28.0,26.9166679382,27.1233329773,27.0266666412,25.1800003052,-2.793429958230409,0,1.5129485005408672,-2.7781088592895076,-0.5396154483189641,-4.155362509625982,8.23362878720384,1.8276402373564204,2.0,4.0,0.9266802978078238,0.8558175686223857,8.23362878720384,1.5129485005408672
ACMR,2020-12-09,stress,True,True,D-1,27.0,27.0266666412,24.5,24.5766677856,25.1800003052,24.8366661072,-6.7407396103703725,0,-2.7781088592895076,-0.5396154483189641,-4.155362509625982,8.23362878720384,-3.2806374140391226,-2.9808058689460792,1.0,1.0,0.6751863626466175,3.7483092994170963,8.23362878720384,0.0
ACMR,2020-12-10,stress,True,True,D-1,24.5133323669,25.1800003052,24.0866661072,24.3999996185,24.8366661072,25.0300006866,2.1077033182059335,0,-0.5396154483189641,-4.155362509625982,8.23362878720384,-3.2806374140391226,-9.389204467722855,-9.57811806610589,1.0,2.0,0.021062581993571864,14.498839448396783,8.23362878720384,20.595444914317074
ACMR,2020-12-11,stress,True,True,D-1,24.4400005341,24.8366661072,23.6060009003,23.9933338165,25.0300006866,25.4933338165,4.309874220053045,1,-4.155362509625982,8.23362878720384,-3.2806374140391226,-9.389204467722855,-0.7188450795738599,-9.741060132230373,1.0,3.0,0.0773026764565669,15.327868153999248,8.23362878720384,18.2741845001732
ACMR,2020-12-14,stress,True,True,D-1,23.9666671753,25.0300006866,23.9666671753,24.5866661072,25.4933338165,25.2859992981,6.369958033937162,1,8.23362878720384,-3.2806374140391226,-9.389204467722855,-0.7188450795738599,-1.6666631490095063,-7.397398850592163,1.0,4.0,0.08542854990227441,17.282573588203796,8.23362878720384,10.607156289747488
ACMR,2020-12-15,stress,True,True,D-1,25.1499996185,25.4933338165,24.5733337402,25.0433330536,25.2859992981,25.0599994659,0.5407542014432387,0,-3.2806374140391226,-9.389204467722855,-0.7188450795738599,-1.6666631490095063,2.4729047461172993,-12.326163012767344,1.0,4.0,0.22318284201900593,13.882865931955024,2.4729047461172993,0.0
ACMR,2020-12-16,stress,True,True,D-1,25.1566677094,25.2859992981,23.8999996185,24.8333320618,25.0599994659,25.3766670227,0.8745169107504447,0,-9.389204467722855,-0.7188450795738599,-1.6666631490095063,2.4729047461172993,1.8573764511580881,-7.66867377781627,2.0,4.0,0.42019076465560484,7.919607120007099,2.4729047461172993,0.0
ACMR,2020-12-17,stress,True,True,D-1,24.3666667938,25.0599994659,24.1700000763,24.7900009155,25.3766670227,25.1666679382,4.145007757716757,1,-0.7188450795738599,-1.6666631490095063,2.4729047461172993,1.8573764511580881,-0.8385504890684459,1.0443412363265292,2.0,1.0,0.6502992402480514,2.657725322794091,2.4729047461172993,2.4729047461172993
ACMR,2020-12-18,stress,True,True,D-1,24.7066669464,25.3766670227,24.6466674805,24.8233337402,25.1666679382,25.7346668243,4.160819750111178,1,-1.6666631490095063,2.4729047461172993,1.8573764511580881,-0.8385504890684459,-0.17448784638391945,1.59836599630232,2.0,2.0,0.6273403091935104,2.8371636749728424,2.4729047461172993,3.484479912880445
ACMR,2020-12-21,stress,True,True,D-1,24.8133335114,25.1666679382,24.1666679382,24.9966678619,25.7346668243,24.7233333588,3.713057386975893,1,2.4729047461172993,1.8573764511580881,-0.8385504890684459,-0.17448784638391945,0.1344607642961293,3.4592938607356682,3.0,3.0,0.5794980882598226,2.699073715529887,2.4729047461172993,2.5131664458969305
ACMR,2020-12-22,stress,True,True,D-1,25.0,25.7346668243,24.2700004578,24.3600006104,24.7233333588,23.4633331299,-1.1066665647999963,0,1.8573764511580881,-0.8385504890684459,-0.17448784638391945,0.1344607642961293,0.69827092329382,1.667577673655951,3.0,4.0,0.688285134892962,1.986928647225894,1.8573764511580881,1.8573764511580881
ACMR,2020-12-23,stress,True,True,D-1,24.6333332062,24.7233333588,22.4273338318,23.3099994659,23.4633331299,23.6633338928,-3.9377509542876554,0,-0.8385504890684459,-0.17448784638391945,0.1344607642961293,0.69827092329382,-2.5470084853606023,-2.72860022959992,2.0,0.0,0.2507272111507645,5.643128815494003,0.69827092329382,2.0009833460300164
ACMR,2020-12-24,stress,True,True,D-1,23.4333324432,23.4633331299,22.5,23.2233333588,23.6633338928,23.3299999237,0.981514046956411,0,-0.17448784638391945,0.1344607642961293,0.69827092329382,-2.5470084853606023,-4.310349417855619,-6.134225532478077,2.0,1.0,0.26688139237918,10.40183360770568,0.69827092329382,7.445843861088563
ACMR,2020-12-28,stress,True,True,D-1,23.6633338928,23.6633338928,22.1533336639,22.8433322906,23.3299999237,27.9266662598,18.016617549808544,1,0.1344607642961293,0.69827092329382,-2.5470084853606023,-4.310349417855619,-0.3717979797759341,-6.319755945311134,2.0,2.0,0.2406771645930668,10.81383721578617,0.69827092329382,5.364392528868501
ACMR,2020-12-29,stress,True,True,D-1,22.8833332062,23.3299999237,22.2433338165,22.3899993896,27.9266662598,27.9166679382,22.03932883446178,1,0.69827092329382,-2.5470084853606023,-4.310349417855619,-0.3717979797759341,-1.6362899430886757,-7.976372030939172,1.0,3.0,0.1926652997072558,12.657236242585235,0.69827092329382,2.700275153206755
ACMR,2020-12-30,stress,True,True,D-1,23.1499996185,27.9266662598,22.9699993134,26.9333324432,27.9166679382,31.1499996185,34.557235990651634,1,-2.5470084853606023,-4.310349417855619,-0.3717979797759341,-1.6362899430886757,-1.9845305195973717,-10.428063799147779,0.0,4.0,0.0660831358324582,14.938220303183991,-0.3717979797759341,3.588347789376356
ACMR,2020-12-31,stress,True,True,D-1,27.5,27.9166679382,25.9433326721,27.0833320618,31.1499996185,31.375,14.090909090909086,1,-4.310349417855619,-0.3717979797759341,-1.6362899430886757,-1.9845305195973717,20.291796236985824,10.563759311653588,1.0,0.0,0.8279444670647543,3.688120728078692,20.291796236985824,0.0
ACMR,2021-01-04,stress,True,True,D-1,27.2166671753,31.1499996185,27.1966667175,29.8433322906,31.375,33.563331604,23.31903604442722,1,-0.3717979797759341,-1.6362899430886757,-1.9845305195973717,20.291796236985824,0.5569292953864213,16.1876133949294,2.0,1.0,0.8539259285704578,3.113849492653431,20.291796236985824,0.0
ACMR,2021-01-05,stress,True,True,D-1,29.9133338928,31.375,28.9753322601,29.9933338165,33.563331604,33.6666679382,12.547361182978701,1,-1.6362899430886757,-1.9845305195973717,20.291796236985824,0.5569292953864213,10.19077055401494,28.50580848804587,3.0,0.0,0.8547609376080145,4.378423009790944,20.291796236985824,20.291796236985824
ACMR,2021-01-06,stress,True,True,D-1,30.7833328247,33.563331604,29.4866676331,33.406665802,33.6666679382,34.7000007629,12.723339478879714,1,-1.9845305195973717,20.291796236985824,0.5569292953864213,10.19077055401494,0.5026299490933583,31.300168622255775,4.0,0.0,0.8486950622443328,4.6065775547095456,20.291796236985824,20.291796236985824
ACMR,2021-01-07,stress,True,True,D-1,33.5066680908,33.6666679382,31.9349994659,33.4166679382,34.7000007629,34.7533340454,3.720650323158514,1,20.291796236985824,0.5569292953864213,10.19077055401494,0.5026299490933583,11.380302057726732,49.203513679045315,5.0,0.0,0.985210904585801,0.46896569363896745,20.291796236985824,20.291796236985824
ACMR,2021-01-08,stress,True,True,D-1,34.0233345032,34.7000007629,33.3366661072,34.5866661072,34.7533340454,34.1433334351,2.1455849429788953,0,0.5569292953864213,10.19077055401494,0.5026299490933583,11.380302057726732,0.02994054018825576,24.071790999768684,5.0,0.0,0.9676305648548854,0.7481296473434984,11.380302057726732,10.19077055401494
ACMR,2021-01-11,stress,True,True,D-1,34.0166664124,34.7533340454,33.6543312073,34.2766685486,34.1433334351,33.7083320618,0.37236753644331877,0,10.19077055401494,0.5026299490933583,11.380302057726732,0.02994054018825576,3.5012412702659867,27.704619314486667,5.0,0.0,0.9848954271508843,0.3276830884732185,11.380302057726732,11.380302057726732
ACMR,2021-01-12,stress,True,True,D-1,34.0,34.1433334351,32.8233337402,33.3300018311,33.7083320618,34.2733345032,0.8039250094117545,0,0.5026299490933583,11.380302057726732,0.02994054018825576,3.5012412702659867,-0.896292107597696,14.855366065794229,4.0,0.0,0.9175034009140145,1.3906412641127908,11.380302057726732,11.380302057726732
ACMR,2021-01-13,stress,True,True,D-1,33.4199981689,33.7083320618,31.4266662598,32.2900009155,34.2733345032,33.7433319092,2.5533703801758234,0,11.380302057726732,0.02994054018825576,3.5012412702659867,-0.896292107597696,-2.7618399266479132,11.124698691428625,3.0,1.0,0.7297470348651868,4.270423450657912,11.380302057726732,15.013679938685321
ACMR,2021-01-14,stress,True,True,D-1,32.3333320618,34.2733345032,32.3300018311,33.906665802,33.7433319092,35.0,8.247426937326141,1,0.02994054018825576,3.5012412702659867,-0.896292107597696,-2.7618399266479132,-3.120314606852437,-3.3426409361485665,2.0,2.0,0.2595193482911276,7.628779993987367,3.5012412702659867,9.297217709117255
ACMR,2021-01-15,stress,True,True,D-1,33.7433319092,33.7433319092,31.3633327484,31.5333328247,35.0,35.7633323669,5.9863692866360285,1,3.5012412702659867,-0.896292107597696,-2.7618399266479132,-3.120314606852437,5.006704368732162,1.466327716175031,2.0,3.0,0.7454905936009184,2.497055441381857,5.006704368732162,3.5012412702659867
ACMR,2021-01-19,stress,True,True,D-1,32.3100013733,35.0,32.2866668701,34.906665802,35.7633323669,35.1683311462,10.688117755555826,1,-0.896292107597696,-2.7618399266479132,-3.120314606852437,5.006704368732162,-6.999605892125215,-8.828064760669086,1.0,4.0,0.05014749594651824,10.211420526338344,5.006704368732162,2.3433510973881133
ACMR,2021-01-20,stress,True,True,D-1,35.0833320618,35.7633323669,33.8400001526,34.8366661072,35.1683311462,34.2966651917,0.24227768403033423,0,-2.7618399266479132,-3.120314606852437,5.006704368732162,-6.999605892125215,10.697673462088586,1.8379769098818333,2.0,0.0,0.9743352384084804,0.2673821628494055,10.697673462088586,5.006704368732162
ACMR,2021-01-21,stress,True,True,D-1,35.0,35.1683311462,31.2133331299,33.0866661072,34.2966651917,35.3033332825,0.8666665214285718,0,-3.120314606852437,5.006704368732162,-6.999605892125215,10.697673462088586,-0.20053388999411448,4.520444624440878,2.0,0.0,0.7893940136258675,2.66003140727773,10.697673462088586,5.006704368732162
ACMR,2021-01-22,stress,True,True,D-1,33.0366668701,34.2966651917,32.4466667175,32.5333328247,35.3033332825,33.5800018311,6.861062652938088,1,5.006704368732162,-6.999605892125215,10.697673462088586,-0.20053388999411448,-5.02344281342787,2.4672194769668865,2.0,1.0,0.4117216025150735,8.089863907797978,10.697673462088586,15.911576460225174
ACMR,2021-01-25,stress,True,True,D-1,34.25,35.3033332825,33.1733322144,33.4866676331,33.5800018311,32.0766677856,-1.956199033284678,0,-6.999605892125215,10.697673462088586,-0.20053388999411448,-5.02344281342787,-1.672375453928232,-4.050333304134535,1.0,2.0,0.29010987168216,9.928277436573364,10.697673462088586,17.309480904890794
ACMR,2021-01-26,stress,True,True,D-1,33.5800018311,33.5800018311,30.8866672516,31.3500003815,32.0766677856,31.0033321381,-4.47687303014882,0,10.697673462088586,-0.20053388999411448,-5.02344281342787,-1.672375453928232,2.930332448682327,6.194507948966166,2.0,3.0,0.49963404053203725,6.798719892777938,10.697673462088586,10.697673462088586
ACMR,2021-01-27,stress,True,True,D-1,30.2066669464,32.0766677856,28.9933338165,30.4033336639,31.0033321381,30.5499992371,2.6373819829696554,0,-0.20053388999411448,-5.02344281342787,-1.672375453928232,2.930332448682327,-6.380650577150904,-10.189072312647573,1.0,4.0,0.09501024141402359,14.077613817205448,2.930332448682327,3.6372924027678666
ACMR,2021-01-28,stress,True,True,D-1,30.3333320618,31.0033321381,29.1966667175,30.5766677856,30.5499992371,32.2400016785,6.285724274588178,1,-5.02344281342787,-1.672375453928232,2.930332448682327,-6.380650577150904,-3.0196705138116675,-12.726052572475432,1.0,2.0,0.22345482832406927,16.116652445972115,2.930332448682327,12.137978915577309
ACMR,2021-01-29,stress,True,True,D-1,30.5499992371,30.5499992371,28.8566665649,30.0,32.2400016785,33.2533340454,8.848886663856504,1,-1.672375453928232,2.930332448682327,-6.380650577150904,-3.0196705138116675,0.5701155130426239,-7.5861324724215695,2.0,3.0,0.2509245805219852,15.458406161334581,2.930332448682327,5.397103059493391
ACMR,2021-02-01,stress,True,True,D-1,30.5833320618,32.2400016785,30.5833320618,31.9333324432,33.2533340454,33.563331604,9.74386811802679,1,2.930332448682327,-6.380650577150904,-3.0196705138116675,0.5701155130426239,-1.8859732840855292,-7.786883804221367,2.0,4.0,0.17735265140643833,17.677777608333333,2.930332448682327,4.256942445989653
ACMR,2021-02-02,stress,True,True,D-1,32.4733314514,33.2533340454,31.9903335571,32.9399986267,33.563331604,33.9399986267,4.51652820867805,1,-6.380650577150904,-3.0196705138116675,0.5701155130426239,-1.8859732840855292,6.44444147733334,-4.638667564414789,2.0,4.0,0.6513757133262382,5.156584865763492,6.44444147733334,0.5701155130426239
ACMR,2021-02-03,stress,True,True,D-1,33.2000007629,33.563331604,31.9466667175,32.9000015259,33.9399986267,33.5999984741,2.2289091770953506,0,-3.0196705138116675,0.5701155130426239,-1.8859732840855292,6.44444147733334,3.1523994098973773,5.07176467576147,3.0,0.0,0.9287334281954008,0.951230818953408,6.44444147733334,0.5701155130426239
ACMR,2021-02-04,stress,True,True,D-1,33.0966682434,33.9399986267,32.3666687012,33.0066680908,33.5999984741,35.7933311462,8.147837972596395,1,0.5701155130426239,-1.8859732840855292,6.44444147733334,3.1523994098973773,-0.12142411192325175,8.211822721810513,3.0,0.0,0.8590657986940925,2.016200751777464,6.44444147733334,6.44444147733334
ACMR,2021-02-05,stress,True,True,D-1,32.9666671753,33.5999984741,32.1233329773,32.7433319092,35.7933311462,36.6666679382,11.22346017941478,1,-1.8859732840855292,6.44444147733334,3.1523994098973773,-0.12142411192325175,0.32421446794166364,7.947237162135767,3.0,0.0,0.8163939470109074,2.827702976054569,6.44444147733334,6.44444147733334
ACMR,2021-02-08,stress,True,True,D-1,32.9099998474,35.7933311462,32.9099998474,35.4166679382,36.6666679382,37.313331604,13.37992031910591,1,6.44444147733334,3.1523994098973773,-0.12142411192325175,0.32421446794166364,-0.79782721744458,9.14443969733334,3.0,1.0,0.6434955053286174,3.6546882914006984,6.44444147733334,6.92064089810438
ACMR,2021-02-09,stress,True,True,D-1,35.1133346558,36.6666679382,34.3366661072,36.0666656494,37.313331604,39.9433326721,13.755452347793963,1,3.1523994098973773,-0.12142411192325175,0.32421446794166364,-0.79782721744458,8.16452044774607,10.90814903579458,3.0,0.0,0.9020805648681711,1.0635196079350484,8.16452044774607,3.1523994098973773
ACMR,2021-02-10,stress,True,True,D-1,36.156665802,37.313331604,34.843334198,36.4033317566,39.9433326721,46.7666664124,29.34452161187138,1,-0.12142411192325175,0.32421446794166364,-0.79782721744458,8.16452044774607,1.8352875892622356,9.49200714345395,3.0,0.0,0.8728809038928562,1.6635923448886425,8.16452044774607,0.32421446794166364
ACMR,2021-02-11,stress,True,True,D-1,37.2666664124,39.9433326721,37.1966667175,39.813331604,46.7666664124,48.2690010071,29.523259400092506,1,0.32421446794166364,-0.79782721744458,8.16452044774607,1.8352875892622356,0.9334550370491357,10.648419660230267,4.0,0.0,0.8246627961097139,2.499770772314047,8.16452044774607,8.16452044774607
ACMR,2021-02-12,stress,True,True,D-1,39.7433319092,46.7666664124,39.4333343506,45.0766677856,48.2690010071,46.2933311462,21.451822704191613,1,-0.79782721744458,8.16452044774607,1.8352875892622356,0.9334550370491357,9.36727404568336,20.622086102344973,4.0,0.0,0.9833758218447954,0.3265264745815344,9.36727404568336,8.16452044774607
ACMR,2021-02-16,stress,True,True,D-1,46.6666679382,48.2690010071,45.6666679382,46.6599998474,46.2933311462,43.9300003052,-0.8000073896306525,0,8.16452044774607,1.8352875892622356,0.9334550370491357,9.36727404568336,13.220034519972712,37.66671000557111,5.0,0.0,0.8780371441520648,3.7491649445744457,13.220034519972712,8.16452044774607
ACMR,2021-02-17,stress,True,True,D-1,45.313331604,46.2933311462,42.9766654968,45.4900016785,43.9300003052,43.093334198,-3.0528130460349745,0,1.8352875892622356,0.9334550370491357,9.36727404568336,13.220034519972712,3.512531292975929,31.745877192114612,5.0,0.0,0.8845131723246511,3.4483522609562556,13.220034519972712,9.36727404568336
ACMR,2021-02-18,stress,True,True,D-1,43.8833312988,43.9300003052,39.3933334351,39.6766662598,43.093334198,40.7599983215,-1.8002213538004685,0,0.9334550370491357,9.36727404568336,13.220034519972712,3.512531292975929,-2.5074971554360115,26.127549800980198,4.0,1.0,0.7930084689189234,6.109033251395646,13.220034519972712,13.220034519972712
ACMR,2021-02-19,stress,True,True,D-1,41.656665802,43.093334198,40.436668396,41.186668396,40.7599983215,37.5833320618,-2.1525186023336307,0,9.36727404568336,13.220034519972712,3.512531292975929,-2.5074971554360115,-12.779369540994246,8.991854166223522,3.0,2.0,0.22398163543792285,21.65588885678551,13.220034519972712,28.18645888867988
ACMR,2021-02-22,stress,True,True,D-1,40.0766677856,40.7599983215,37.063331604,37.3266677856,37.5833320618,43.1166687012,7.58546327220424,1,13.220034519972712,3.512531292975929,-2.5074971554360115,-12.779369540994246,3.8057686760087472,3.4494395135272304,3.0,3.0,0.2020507129579102,17.19569192391348,13.220034519972712,22.679988627940773
ACMR,2021-02-23,stress,True,True,D-1,36.0200004578,37.5833320618,33.3766670227,35.8400001526,43.1166687012,41.7550010681,19.702021524720003,1,3.512531292975929,-2.5074971554360115,-12.779369540994246,3.8057686760087472,-9.371966125754616,-17.192930135966666,2.0,4.0,0.023500263315563492,29.315055081668362,3.8057686760087472,9.43540409386191
ACMR,2021-02-24,stress,True,True,D-1,37.4966659546,43.1166687012,35.8066673279,42.7366676331,41.7550010681,38.2366676331,11.356569991198384,1,-2.5074971554360115,-12.779369540994246,3.8057686760087472,-9.371966125754616,-3.982856550547853,-23.18902642560321,1.0,4.0,0.1907096992185716,29.166660014206713,3.8057686760087472,16.787319385556465
ACMR,2021-02-25,stress,True,True,D-1,41.7333335876,41.7550010681,35.7066688538,36.4166679382,38.2366676331,36.1933326721,-8.37859249168379,0,-12.779369540994246,3.8057686760087472,-9.371966125754616,-3.982856550547853,19.242933736426583,-6.052613637737703,2.0,4.0,0.8869236249670202,2.792292282460851,19.242933736426583,3.8057686760087472
ACMR,2021-02-26,stress,True,True,D-1,37.5699996948,38.2366676331,32.3100013733,32.3866653442,36.1933326721,34.5,-3.6642721157395863,0,3.8057686760087472,-9.371966125754616,-3.982856550547853,19.242933736426583,-14.788236998630866,-8.216411883633977,2.0,1.0,0.3121150299399306,18.398170789183865,19.242933736426583,3.8057686760087472
ACMR,2021-03-01,stress,True,True,D-1,34.9033317566,36.1933326721,33.5999984741,35.8966674805,34.5,32.1066665649,-1.1555680684372738,0,-9.371966125754616,-3.982856550547853,19.242933736426583,-14.788236998630866,-11.06636829278016,-21.366144421272615,1.0,2.0,0.0070941362932561,33.13092979151555,19.242933736426583,43.461018257559935
ACMR,2021-03-02,stress,True,True,D-1,34.2466659546,34.5,31.3733329773,31.6066665649,32.1066665649,30.8899993896,-6.248781684432991,0,-3.982856550547853,19.242933736426583,-14.788236998630866,-11.06636829278016,10.837800369368988,-3.831041959903192,2.0,3.0,0.3318938205805748,20.113291086483407,19.242933736426583,20.670852563548426
ACMR,2021-03-03,stress,True,True,D-1,31.5966663361,32.1066665649,30.3966674805,30.8766670227,30.8899993896,30.5,-2.23652374900265,0,19.242933736426583,-14.788236998630866,-11.06636829278016,10.837800369368988,-11.950972657644165,-11.811756611817126,2.0,4.0,0.019869447070743358,36.416374731152914,19.242933736426583,21.65132858353511
ACMR,2021-03-04,stress,True,True,D-1,30.5533332825,30.8899993896,27.5,28.8999996185,30.5,29.9583320618,-0.17455798359830021,0,-14.788236998630866,-11.06636829278016,10.837800369368988,-11.950972657644165,-2.309637875607806,-27.751346249594576,1.0,4.0,0.042259679951997677,35.23156834707073,10.837800369368988,24.822386711616474
ACMR,2021-03-05,stress,True,True,D-1,29.7233333588,30.5,26.7000007629,29.3666667938,29.9583320618,31.0833320618,4.575525519237744,1,-11.06636829278016,10.837800369368988,-11.950972657644165,-2.309637875607806,-6.4018159821032095,-20.640736083971145,1.0,4.0,0.1303942402188135,32.3068101655726,10.837800369368988,19.401395460430635
ACMR,2021-03-08,stress,True,True,D-1,28.5366668701,29.9583320618,26.7433338165,27.0733337402,31.0833320618,31.6966667175,11.073472111457306,1,10.837800369368988,-11.950972657644165,-2.309637875607806,-6.4018159821032095,1.6147653337727608,-9.324820935727596,2.0,4.0,0.280898851573464,23.24630822501541,10.837800369368988,15.728225322910362
ACMR,2021-03-09,stress,True,True,D-1,28.953332901,31.0833320618,28.9333324432,30.1133327484,31.6966667175,33.2566680908,14.863004561562466,1,-11.950972657644165,-2.309637875607806,-6.4018159821032095,1.6147653337727608,-7.809306618632583,-24.579813001006467,1.0,4.0,0.047863206899338366,27.431665161991003,1.6147653337727608,6.320643260945524
ACMR,2021-03-10,stress,True,True,D-1,30.9099998474,31.6966667175,28.7166671753,29.0966663361,33.2566680908,30.8933334351,7.591938709108037,1,-2.309637875607806,-6.4018159821032095,1.6147653337727608,-7.809306618632583,11.228757556687752,-4.724743159591471,2.0,4.0,0.6313192104896442,6.61943941294878,11.228757556687752,1.6147653337727608
ACMR,2021-03-11,stress,True,True,D-1,31.4366664886,33.2566680908,31.3533325195,32.3499984741,30.8933334351,31.8500003815,1.3148146386636972,0,-6.4018159821032095,1.6147653337727608,-7.809306618632583,11.228757556687752,-3.37613382349391,-5.764873149331096,2.0,0.0,0.47965295158336446,8.935732882135028,11.228757556687752,1.6147653337727608
ACMR,2021-03-12,stress,True,True,D-1,30.7666664124,30.8933334351,28.6666679382,30.5400009155,31.8500003815,32.6233329773,6.034669274899751,1,1.6147653337727608,-7.809306618632583,11.228757556687752,-3.37613382349391,11.181116422136705,11.937712460700233,3.0,0.0,0.861717916838341,2.802688282739485,11.228757556687752,11.228757556687752
ACMR,2021-03-15,stress,True,True,D-1,30.6200008392,31.8500003815,30.0733337402,31.4033336639,32.6233329773,32.3066673279,6.542560689728383,1,-7.809306618632583,11.228757556687752,-3.37613382349391,11.181116422136705,-5.595046812905158,3.995462372146763,2.0,1.0,0.5829068398931565,8.895439076169787,11.228757556687752,11.228757556687752
ACMR,2021-03-16,stress,True,True,D-1,31.6966667175,32.6233329773,30.7700004578,31.0533332825,32.3066673279,31.6666679382,1.9244945086393406,0,11.228757556687752,-3.37613382349391,11.181116422136705,-5.595046812905158,2.8268916912894904,15.993597113866231,3.0,2.0,0.5962234498292598,5.901712368297107,11.228757556687752,14.155078591781201
ACMR,2021-03-17,stress,True,True,D-1,30.4033336639,32.3066673279,29.3466663361,31.8400001526,31.6666679382,31.5799999237,4.155249185059096,1,-3.37613382349391,11.181116422136705,-5.595046812905158,2.8268916912894904,-1.1145325688856622,3.1215426799610535,2.0,3.0,0.5199706459591458,7.095324641176859,11.181116422136705,11.181116422136705
ACMR,2021-03-18,stress,True,True,D-1,31.3666667938,31.6666679382,29.7700004578,29.8466663361,31.5799999237,31.9933338165,1.9978757284591975,0,11.181116422136705,-5.595046812905158,2.8268916912894904,-1.1145325688856622,2.5332767434126824,9.428344074923679,3.0,4.0,0.6913577579300231,4.449333955434409,11.181116422136705,11.181116422136705
ACMR,2021-03-19,stress,True,True,D-1,31.5799999237,31.5799999237,28.8199996948,30.2433338165,31.9933338165,31.8266677856,1.3088470354612136,0,-5.595046812905158,2.8268916912894904,-1.1145325688856622,2.5332767434126824,-6.260470499203896,-7.738275907506487,2.0,2.0,0.29823055180036345,9.303104775361737,2.8268916912894904,6.712680490265255
ACMR,2021-03-22,stress,True,True,D-1,30.9866676331,31.9933338165,30.4200000763,31.1633338928,31.8266677856,31.2999992371,2.710843781093497,0,2.8268916912894904,-1.1145325688856622,2.5332767434126824,-6.260470499203896,1.32901770647742,-0.9714050101728322,3.0,3.0,0.37423334111924517,7.869500020204567,2.8268916912894904,7.84154724545919
ACMR,2021-03-23,stress,True,True,D-1,30.9233322144,31.8266677856,29.8333320618,30.1666679382,31.2999992371,28.1133327484,1.2180673806059028,0,-1.1145325688856622,2.5332767434126824,-6.260470499203896,1.32901770647742,3.041992929357784,-0.7642493426610053,3.0,4.0,0.6161264406625137,4.684990025529068,3.041992929357784,2.5332767434126824
ACMR,2021-03-24,stress,True,True,D-1,30.5233325958,31.2999992371,27.6666679382,27.8999996185,28.1133327484,28.6700000763,-6.071855075729893,0,2.5332767434126824,-6.260470499203896,1.32901770647742,3.041992929357784,-3.198200673998719,-2.85529845132495,3.0,4.0,0.3862336147603134,7.093920329829073,3.041992929357784,2.786773526423336
ACMR,2021-03-25,stress,True,True,D-1,27.3366661072,28.1133327484,26.046667099,28.0,28.6700000763,27.3333320618,4.87745639454118,1,-6.260470499203896,1.32901770647742,3.041992929357784,-3.198200673998719,-7.513817317655159,-12.374373477439393,2.0,2.0,0.05392874949513775,14.671448938966236,3.041992929357784,13.513703964915392
ACMR,2021-03-26,stress,True,True,D-1,28.046667099,28.6700000763,26.3999996185,27.7866668701,27.3333320618,26.5966663361,-2.543386116724844,0,1.32901770647742,3.041992929357784,-3.198200673998719,-7.513817317655159,0.3584243113526453,-6.187177875428018,3.0,3.0,0.32847526081320183,14.26190648750001,3.041992929357784,10.224317283637408
ACMR,2021-03-29,stress,True,True,D-1,26.2166671753,27.3333320618,25.0,26.1033325195,26.5966663361,27.8566665649,6.255560169544072,1,3.041992929357784,-3.198200673998719,-7.513817317655159,0.3584243113526453,-0.7619040353571416,-8.123003109728955,2.0,4.0,0.2926008558676214,15.139156366129725,3.041992929357784,3.448203502654179
ACMR,2021-03-30,stress,True,True,D-1,26.2233333588,26.5966663361,25.4500007629,26.3700008392,27.8566665649,31.2000007629,18.978012200077288,1,-3.198200673998719,-7.513817317655159,0.3584243113526453,-0.7619040353571416,-6.058065036981319,-16.237034813752928,1.0,4.0,0.1616209480454493,21.925688077660176,0.3584243113526453,7.132236741709785
ACMR,2021-03-31,stress,True,True,D-1,27.1200008392,27.8566665649,26.7999992371,26.9300003052,31.2000007629,30.9066677094,15.044247040739966,1,-7.513817317655159,0.3584243113526453,-0.7619040353571416,-6.058065036981319,1.0215872609399268,-12.585636261777145,2.0,4.0,0.21746047700009483,18.69548062573958,1.0215872609399268,5.456790508071296
ACMR,2021-04-01,stress,True,True,D-1,28.3333320618,31.2000007629,28.296667099,30.0266666412,30.9066677094,30.6666679382,9.082361516771487,1,0.3584243113526453,-0.7619040353571416,-6.058065036981319,1.0215872609399268,2.123623239205741,-3.4767000952100724,3.0,3.0,0.5258856308106068,6.461194769329492,2.123623239205741,0.3584243113526453
ACMR,2021-04-05,stress,True,True,D-1,30.9066677094,30.9066677094,29.5,29.8766670227,30.6666679382,29.9166679382,-0.7765307261740406,0,-0.7619040353571416,-6.058065036981319,1.0215872609399268,2.123623239205741,11.498946531397003,7.238095147142842,3.0,0.0,0.810752584302718,3.907640284286673,11.498946531397003,1.0215872609399268
ACMR,2021-04-06,stress,True,True,D-1,29.75,30.6666679382,29.2000007629,29.6666679382,29.9166679382,30.0400009155,0.9747929932772958,0,-6.058065036981319,1.0215872609399268,2.123623239205741,11.498946531397003,-0.4995546801528139,7.521593584327868,3.0,1.0,0.7865591004248489,4.4293218490353725,11.498946531397003,2.123623239205741
ACMR,2021-04-07,stress,True,True,D-1,29.3366661072,29.9166679382,29.1700000763,29.3799991608,30.0400009155,29.3500003815,2.397459908122901,0,1.0215872609399268,2.123623239205741,11.498946531397003,-0.4995546801528139,-0.7028865848404231,13.650883143131542,3.0,2.0,0.7333334217913042,5.168537389821326,11.498946531397003,12.697876493559502
ACMR,2021-04-08,stress,True,True,D-1,30.0400009155,30.0400009155,29.2466678619,29.6499996185,29.3500003815,29.3333320618,-2.2969391244058612,0,2.123623239205741,11.498946531397003,-0.4995546801528139,-0.7028865848404231,-0.9662992082466793,11.414479430450086,2.0,3.0,0.5863634156878865,6.1946958954591125,11.498946531397003,13.16134033697992
ACMR,2021-04-09,stress,True,True,D-1,29.0266666412,29.3500003815,28.4699993134,29.2866668701,29.3333320618,27.9033336639,1.056495478418884,0,11.498946531397003,-0.4995546801528139,-0.7028865848404231,-0.9662992082466793,0.918994096025183,10.100257268748658,2.0,4.0,0.46613055065882136,5.227659913468874,11.498946531397003,11.555131876292224
ACMR,2021-04-12,stress,True,True,D-1,29.3333320618,29.3333320618,26.6700000763,27.1399993896,27.9033336639,27.9633331299,-4.67045110665798,0,-0.4995546801528139,-0.7028865848404231,-0.9662992082466793,0.918994096025183,-1.2254055752948467,-2.4644752610822107,1.0,4.0,0.33515744614270443,5.531530257387973,0.918994096025183,0.31767288415899264
ACMR,2021-04-13,stress,True,True,D-1,27.4566669464,27.9033336639,26.203332901,26.8600006104,27.9633331299,27.9546661377,1.8453302598203214,0,-0.7028865848404231,-0.9662992082466793,0.918994096025183,-1.2254055752948467,-7.329845659874746,-9.159882630216776,1.0,4.0,0.11759779134525448,12.99435750890774,0.918994096025183,9.384424993818165
ACMR,2021-04-14,stress,True,True,D-1,27.3799991608,27.9633331299,26.7616672516,27.2399997711,27.9546661377,27.5100002289,2.098856809764804,0,-0.9662992082466793,0.918994096025183,-1.2254055752948467,-7.329845659874746,-1.03168307110314,-9.460675980351741,1.0,3.0,0.17115572859529227,11.83916691300717,0.918994096025183,9.204902050192153
ACMR,2021-04-15,stress,True,True,D-1,27.5900001526,27.9546661377,26.7666664124,27.1833324432,27.5100002289,26.3023338318,-0.2899598523288138,0,0.918994096025183,-1.2254055752948467,-7.329845659874746,-1.03168307110314,1.4147399555637596,-7.283864706692289,2.0,4.0,0.27019978433945885,10.279005755978865,1.4147399555637596,0.918994096025183
ACMR,2021-04-16,stress,True,True,D-1,27.2700004578,27.5100002289,26.0,26.0599994659,26.3023338318,25.1666679382,-3.5484657490103544,0,-1.2254055752948467,-7.329845659874746,-1.03168307110314,1.4147399555637596,-0.20802983985380719,-8.319282317160415,1.0,4.0,0.3114404519298879,7.9705751413197135,1.4147399555637596,0.0
ACMR,2021-04-19,stress,True,True,D-1,26.0,26.3023338318,24.6499996185,25.0333328247,25.1666679382,26.5766677856,2.2179530215384657,0,-7.329845659874746,-1.03168307110314,1.4147399555637596,-0.20802983985380719,-4.132432915085826,-11.017530327065806,1.0,4.0,0.01799984663622118,12.56075465459321,1.4147399555637596,5.746606016928079
ACMR,2021-04-20,stress,True,True,D-1,25.0,25.1666679382,24.0,24.5033321381,26.5766677856,27.8150005341,11.260002136399994,1,-1.03168307110314,1.4147399555637596,-0.20802983985380719,-4.132432915085826,-3.9396264859614116,-7.7622203842321,1.0,3.0,0.11569412040203218,11.704395598132322,1.4147399555637596,9.323996934973689
ACMR,2021-04-21,stress,True,True,D-1,24.3533325195,26.5766677856,24.250667572,26.3999996185,27.8150005341,28.1833324432,15.726800102750937,1,1.4147399555637596,-0.20802983985380719,-4.132432915085826,-3.9396264859614116,-2.1171798829641153,-8.773895825555256,1.0,4.0,0.12699718181718905,14.120532555733822,1.4147399555637596,7.388137345064583
ACMR,2021-04-22,stress,True,True,D-1,26.5133323669,27.8150005341,25.8333320618,27.5266666412,28.1833324432,28.6633338928,8.10913353382967,1,-0.20802983985380719,-4.132432915085826,-3.9396264859614116,-2.1171798829641153,7.740447175553289,-3.0837010266468012,1.0,4.0,0.6068779348073668,5.888888415401916,7.740447175553289,0.0
ACMR,2021-04-23,stress,True,True,D-1,27.796667099,28.1833324432,27.1666679382,27.4633331299,28.6633338928,28.8866672516,3.92133398122112,1,-4.132432915085826,-3.9396264859614116,-2.1171798829641153,7.740447175553289,4.267678177959056,1.2630320389061866,2.0,0.0,0.9244210085102849,1.0474711546382576,7.740447175553289,0.0
ACMR,2021-04-26,stress,True,True,D-1,27.2266674042,28.6633338928,27.1299991608,28.3066673279,28.8866672516,28.4333324432,6.096963035380254,1,-3.9396264859614116,-2.1171798829641153,7.740447175553289,4.267678177959056,-0.23008056923683462,5.385010332929174,2.0,0.0,0.8278885737445136,2.621674907027649,7.740447175553289,7.740447175553289
ACMR,2021-04-27,stress,True,True,D-1,28.6633338928,28.8866672516,27.9266662598,28.3566665649,28.4333324432,28.5300006866,-0.46516991602812974,0,-2.1171798829641153,7.740447175553289,4.267678177959056,-0.23008056923683462,3.0707641858731316,13.07590374051295,3.0,0.0,0.9235168287111764,1.260009031682996,7.740447175553289,7.740447175553289
ACMR,2021-04-28,stress,True,True,D-1,28.0866661072,28.4333324432,27.5400009155,28.046667099,28.5300006866,27.2399997711,1.578452129946295,0,7.740447175553289,4.267678177959056,-0.23008056923683462,3.0707641858731316,0.1766341350637024,15.725756828021309,4.0,0.0,0.8856771519997756,1.869051446815817,7.740447175553289,7.740447175553289
ACMR,2021-04-29,stress,True,True,D-1,28.5300006866,28.5300006866,26.4099998474,26.6666679382,27.2399997711,26.6666679382,-4.521559356659566,0,4.267678177959056,-0.23008056923683462,3.0707641858731316,0.1766341350637024,-1.0932154708329422,6.237376910210579,3.0,1.0,0.7248909469860659,2.9950088173933187,4.267678177959056,5.1861905054195745
ACMR,2021-04-30,stress,True,True,D-1,26.1000003815,27.2399997711,26.0333328247,26.3166675568,26.6666679382,25.5400009155,2.17114003224943,0,-0.23008056923683462,3.0707641858731316,0.1766341350637024,-1.0932154708329422,-4.920367742551502,-3.1242384492454756,2.0,2.0,0.10363446071310732,8.324997028293325,3.0707641858731316,9.030557177874133
ACMR,2021-05-03,stress,True,True,D-1,26.5499992371,26.6666679382,25.5266666412,25.9899997711,25.5400009155,25.9466667175,-2.2724389338472095,0,3.0707641858731316,0.1766341350637024,-1.0932154708329422,-4.920367742551502,-1.312501367666652,-4.175260037360862,2.0,3.0,0.0992995175850547,9.765672987482542,3.0707641858731316,9.239053402176069
ACMR,2021-05-04,stress,True,True,D-1,25.3466663361,25.5400009155,24.1833324432,24.8600006104,25.9466667175,25.2533321381,2.367176706569296,0,0.1766341350637024,-1.0932154708329422,-4.920367742551502,-1.312501367666652,-1.241296167134165,-8.184176293041102,1.0,4.0,0.13789673979994957,11.145315529094368,0.1766341350637024,2.714139640694102
ACMR,2021-05-05,stress,True,True,D-1,25.4133338928,25.9466667175,24.8333320618,24.9033336639,25.2533321381,26.5733337402,4.56453235255625,1,-1.0932154708329422,-4.920367742551502,-1.312501367666652,-1.241296167134165,-4.347822895929843,-12.331019044488778,0.0,3.0,0.1556751353700515,14.762670901402487,-1.0932154708329422,5.535149704103048
ACMR,2021-05-06,stress,True,True,D-1,24.7000007629,25.2533321381,24.0333328247,25.1033325195,26.5733337402,25.0306663513,7.58434380339692,1,-4.920367742551502,-1.312501367666652,-1.241296167134165,-4.347822895929843,0.17430833642808619,-11.20751148079222,1.0,4.0,0.16564439252828914,14.562978080148504,0.17430833642808619,4.181093177262496
ACMR,2021-05-07,stress,True,True,D-1,25.4666671753,26.5733337402,24.9750003815,25.3566665649,25.0306663513,22.4699993134,-1.7120450862250114,0,-1.312501367666652,-1.241296167134165,-4.347822895929843,0.17430833642808619,0.8031007346213981,-5.862507540585982,2.0,4.0,0.33367970939459346,8.511488464490746,0.8031007346213981,0.0
ACMR,2021-05-10,stress,True,True,D-1,25.0233325958,25.0306663513,22.3183326721,22.3933334351,22.4699993134,22.4066677094,-10.203809874742909,0,-1.241296167134165,-4.347822895929843,0.17430833642808619,0.8031007346213981,1.0091649991219809,-3.647882049761819,3.0,4.0,0.5025314603583207,5.166299639375205,1.0091649991219809,0.17430833642808619
ACMR,2021-05-11,stress,True,True,D-1,21.0666675568,22.4699993134,20.8433322906,22.2333335876,22.4066677094,22.625,7.397147360864853,1,-4.347822895929843,0.17430833642808619,0.8031007346213981,1.0091649991219809,-11.6866036874973,-13.838654742888334,3.0,1.0,0.017626496867953163,18.666271000761945,1.0091649991219809,11.598476536997048
ACMR,2021-05-12,stress,True,True,D-1,21.7466678619,22.4066677094,20.9666671753,21.4233322144,22.625,21.9966678619,4.038927451680219,1,0.17430833642808619,0.8031007346213981,1.0091649991219809,-11.6866036874973,-0.7144976783546308,-10.565836517723792,3.0,2.0,0.24258306201598512,19.520240343177807,1.0091649991219809,13.326765852948231
ACMR,2021-05-13,stress,True,True,D-1,22.0,22.625,21.0,21.5166664124,21.9966678619,21.5833320618,-0.015146082272721184,0,0.8031007346213981,1.0091649991219809,-11.6866036874973,-0.7144976783546308,-3.6431845454419687,-13.974038562333646,2.0,3.0,0.1012216015827514,24.03921796226618,1.0091649991219809,5.3408167539232165
ACMR,2021-05-14,stress,True,True,D-1,21.8366661072,21.9966678619,21.2166671753,21.6133327484,21.5833320618,22.3633327484,2.41184546493729,0,1.0091649991219809,-11.6866036874973,-0.7144976783546308,-3.6431845454419687,0.43566610957592733,-14.287609441152549,2.0,4.0,0.11751028821240597,23.501165240382484,1.0091649991219809,4.232555555361827
ACMR,2021-05-17,stress,True,True,D-1,21.3633327484,21.5833320618,20.6700000763,21.4500007629,22.3633327484,21.4300003052,4.68091758798681,1,-11.6866036874973,-0.7144976783546308,-3.6431845454419687,0.43566610957592733,0.4492626048442805,-14.762720513435756,2.0,4.0,0.18388799332415345,15.811229312392738,0.4492626048442805,0.0
ACMR,2021-05-18,stress,True,True,D-1,21.5,22.3633327484,21.1866664886,21.5200004578,21.4300003052,23.1333332062,7.59689863348838,1,-0.7144976783546308,-3.6431845454419687,0.43566610957592733,0.4492626048442805,-0.7557001384346562,-4.212560291365075,2.0,2.0,0.3989773488705742,5.477851726384464,0.4492626048442805,0.7454987212930475
ACMR,2021-05-19,stress,True,True,D-1,21.0533332825,21.4300003052,20.2800006866,21.4099998474,23.1333332062,22.9633331299,9.879670339085656,1,-3.6431845454419687,0.43566610957592733,0.4492626048442805,-0.7557001384346562,0.3263388923559818,-3.2083948499645687,3.0,3.0,0.4347828208050783,5.1347561277559794,0.4492626048442805,0.8810899943842543
ACMR,2021-05-20,stress,True,True,D-1,21.796667099,23.1333332062,21.6266670227,22.6533336639,22.9633331299,23.2666664124,6.744147197933037,1,0.43566610957592733,0.4492626048442805,-0.7557001384346562,0.3263388923559818,-0.511155241914163,-0.06223292840987771,3.0,4.0,0.4818761158448368,5.674919015693258,0.4492626048442805,0.6357470527571407
ACMR,2021-05-21,stress,True,True,D-1,22.9633331299,22.9633331299,21.8066673279,22.0633335114,23.2666664124,23.4599990845,2.1628652591086706,0,0.4492626048442805,-0.7557001384346562,0.3263388923559818,-0.511155241914163,5.807257474833594,5.2827293490265825,3.0,0.0,0.8317758133681209,2.118891415372204,5.807257474833594,0.4492626048442805
ACMR,2021-05-24,stress,True,True,D-1,22.2833328247,23.2666664124,21.9466667175,22.8700008392,23.4599990845,23.5166664124,5.534780624615121,1,-0.7557001384346562,0.3263388923559818,-0.511155241914163,5.807257474833594,-2.6044738547254753,2.082051705021337,2.0,1.0,0.6250000000175232,4.849673755088446,5.807257474833594,0.3263388923559818
ACMR,2021-05-25,stress,True,True,D-1,23.4166679382,23.4599990845,22.6266670227,22.6566677094,23.5166664124,26.0900001526,11.416364708485904,1,0.3263388923559818,-0.511155241914163,5.807257474833594,-2.6044738547254753,3.6561443781067737,6.620046740306118,3.0,0.0,0.8671878242772715,1.7344361987084111,5.807257474833594,5.807257474833594
ACMR,2021-05-26,stress,True,True,D-1,22.9799995422,23.5166664124,22.7866668701,23.1466674805,26.0900001526,26.2000007629,14.012190099424737,1,-0.511155241914163,5.807257474833594,-2.6044738547254753,3.6561443781067737,-0.9328077042932925,5.2819109080827875,2.0,0.0,0.7473799434520146,3.5456731122322394,5.807257474833594,5.807257474833594
ACMR,2021-05-27,stress,True,True,D-1,23.6000003815,26.0900001526,23.4066677094,25.7166671753,26.2000007629,27.0400009155,14.576273213523372,1,5.807257474833594,-2.6044738547254753,3.6561443781067737,-0.9328077042932925,2.162717736715991,8.111478960663776,3.0,0.0,0.8042333061500458,1.5984976334572076,5.807257474833594,5.807257474833594
ACMR,2021-05-28,stress,True,True,D-1,25.4666671753,26.2000007629,24.9500007629,25.3266677856,27.0400009155,26.5900001526,6.178011945457729,1,-2.6044738547254753,3.6561443781067737,-0.9328077042932925,2.162717736715991,11.103108890146318,13.522660977186241,3.0,0.0,0.9128405396967613,1.451716020412519,11.103108890146318,3.6561443781067737
ACMR,2021-06-01,stress,True,True,D-1,25.7099990845,27.0400009155,25.5666675568,26.1933326721,26.5900001526,26.3733329773,3.422796963966168,1,3.6561443781067737,-0.9328077042932925,2.162717736715991,11.103108890146318,-1.5165238444061702,14.790758035334296,3.0,0.0,0.7946709644767939,3.4482743039593533,11.103108890146318,3.6561443781067737
ACMR,2021-06-02,stress,True,True,D-1,26.1666679382,26.5900001526,25.6266670227,26.5,26.3733329773,28.6599998474,9.528656514802393,1,-0.9328077042932925,2.162717736715991,11.103108890146318,-1.5165238444061702,3.421945965559492,14.531402321611164,3.0,0.0,0.8081567667514865,3.232380751235353,11.103108890146318,11.103108890146318
ACMR,2021-06-03,stress,True,True,D-1,25.9266662598,26.3733329773,24.8866672516,25.9266662598,28.6599998474,28.2516670227,10.542557073132496,1,2.162717736715991,11.103108890146318,-1.5165238444061702,3.421945965559492,1.1707839232945272,16.963360807933125,4.0,1.0,0.8730405583629125,2.037739303773578,11.103108890146318,11.103108890146318
ACMR,2021-06-04,stress,True,True,D-1,26.2800006866,28.6599998474,26.2800006866,27.9833335876,28.2516670227,27.5933322906,7.502535329480953,1,11.103108890146318,-1.5165238444061702,3.421945965559492,1.1707839232945272,-2.1635235479245285,12.010362967550403,3.0,2.0,0.693577606966842,4.29416819171331,11.103108890146318,12.121178700652102
ACMR,2021-06-07,stress,True,True,D-1,27.6033325195,28.2516670227,26.5,26.9866676331,27.5933322906,27.3566665649,-0.036228339070787374,0,-1.5165238444061702,3.421945965559492,1.1707839232945272,-2.1635235479245285,7.932633170771042,8.813997540385232,3.0,0.0,0.8206714508672837,2.4181045395529566,7.932633170771042,3.421945965559492
ACMR,2021-06-08,stress,True,True,D-1,27.3766670227,27.5933322906,26.4366664886,26.9300003052,27.3566665649,28.4190006256,3.8073794813507478,1,3.421945965559492,1.1707839232945272,-2.1635235479245285,7.932633170771042,-3.5616412582868295,6.554355517877597,3.0,1.0,0.556537312358168,6.200588516707439,7.932633170771042,3.421945965559492
ACMR,2021-06-09,stress,True,True,D-1,27.1900005341,27.3566665649,26.3533325195,26.9799995422,28.4190006256,29.6299991608,8.97388223159432,1,1.1707839232945272,-2.1635235479245285,7.932633170771042,-3.5616412582868295,-0.2099826798566906,2.8124242238356523,2.0,2.0,0.54151946633975,6.424060611191118,7.932633170771042,11.69677827915353
ACMR,2021-06-10,stress,True,True,D-1,27.2633323669,28.4190006256,26.7633323669,28.0799999237,29.6299991608,32.3333320618,18.59640496865824,1,-2.1635235479245285,7.932633170771042,-3.5616412582868295,-0.2099826798566906,0.1856637075133838,1.811319027169822,2.0,3.0,0.5547701501134662,6.226835929230745,7.932633170771042,7.9573420047428955
ACMR,2021-06-11,stress,True,True,D-1,28.1166667938,29.6299991608,27.6633338928,29.5900001526,32.3333320618,33.3333320618,18.553640466196097,1,7.932633170771042,-3.5616412582868295,-0.2099826798566906,0.1856637075133838,4.07709562700127,8.305478391715958,3.0,4.0,0.7563024671382478,2.06552679941594,7.932633170771042,7.932633170771042
ACMR,2021-06-14,stress,True,True,D-1,29.6666679382,32.3333320618,29.3633327484,32.1333312988,33.3333320618,32.5666656494,12.359541459924639,1,-3.5616412582868295,-0.2099826798566906,0.1856637075133838,4.07709562700127,5.377493707275738,5.741512389760262,3.0,0.0,0.9877927746155669,0.1351774518206117,5.377493707275738,0.1856637075133838
ACMR,2021-06-15,stress,True,True,D-1,31.6666679382,33.3333320618,31.3366661072,32.1433334351,32.5666656494,35.6233329773,12.494731200711563,1,-0.2099826798566906,0.1856637075133838,4.07709562700127,5.377493707275738,8.595238705926555,19.07113444191033,4.0,0.0,0.9665550537946905,0.6224090528935244,8.595238705926555,4.07709562700127
ACMR,2021-06-16,stress,True,True,D-1,32.0133323669,32.5666656494,31.0400009155,31.3866672516,35.6233329773,36.2000007629,13.077890011627712,1,0.1856637075133838,4.07709562700127,5.377493707275738,8.595238705926555,0.031126982157525518,19.35883056374619,5.0,0.0,0.8295130795513085,3.7021630911514114,8.595238705926555,5.377493707275738
ACMR,2021-06-17,stress,True,True,D-1,32.5833320618,35.6233329773,32.4033317566,35.5800018311,36.2000007629,33.9300003052,11.099750922466578,1,4.07709562700127,5.377493707275738,8.595238705926555,0.031126982157525518,-2.354037688803401,16.33309037869861,4.0,1.0,0.7037039725114279,6.202202975534998,8.595238705926555,10.918882153463803
ACMR,2021-06-18,stress,True,True,D-1,35.0,36.2000007629,33.3633346558,33.9166679382,33.9300003052,34.6300010681,-1.0571398054285752,0,5.377493707275738,8.595238705926555,0.031126982157525518,-2.354037688803401,13.360241614331446,26.709408574712512,4.0,0.0,0.9945563880422575,0.12178511514895352,13.360241614331446,8.595238705926555
ACMR,2021-06-21,stress,True,True,D-1,33.9300003052,33.9300003052,31.5933322906,32.3400001526,34.6300010681,35.4900016785,4.597705155519627,1,8.595238705926555,0.031126982157525518,-2.354037688803401,13.360241614331446,-4.674912330797298,14.622060707288732,3.0,0.0,0.6660167175212778,6.732184980141587,13.360241614331446,8.595238705926555
ACMR,2021-06-22,stress,True,True,D-1,32.9099998474,34.6300010681,32.6466674805,34.186668396,35.4900016785,35.4399986267,7.839568043339962,1,0.031126982157525518,-2.354037688803401,13.360241614331446,-4.674912330797298,-4.6486517734373844,0.6431603741243963,2.0,1.0,0.25193784409800685,11.935685195071555,13.360241614331446,22.466485323593876
ACMR,2021-06-23,stress,True,True,D-1,34.3333320618,35.4900016785,34.0533332825,34.8733329773,35.4399986267,34.593334198,3.223300793840811,1,-2.354037688803401,13.360241614331446,-4.674912330797298,-4.6486517734373844,5.710167701565516,6.356947903445254,2.0,2.0,0.609819297201246,5.889232444585213,13.360241614331446,13.360241614331446
ACMR,2021-06-24,stress,True,True,D-1,35.1233329773,35.4399986267,33.4936676025,34.0566673279,34.593334198,36.2396659851,3.178323106527148,1,13.360241614331446,-4.674912330797298,-4.6486517734373844,5.710167701565516,2.008574141668462,11.10874785701328,3.0,3.0,0.7120114474099279,3.8042471778179543,13.360241614331446,13.360241614331446
ACMR,2021-06-25,stress,True,True,D-1,34.1666679382,34.593334198,33.4700012207,34.5666656494,36.2396659851,35.7766685486,6.067311130981801,1,-4.674912330797298,-4.6486517734373844,5.710167701565516,2.008574141668462,-2.3418055565024187,-4.281434583481303,2.0,4.0,0.5347324323667075,6.293432690767498,5.710167701565516,6.090436017255529
ACMR,2021-06-28,stress,True,True,D-1,34.9833335876,36.2396659851,34.9000015259,35.5400009155,35.7766685486,35.6633338928,2.2677511821834972,0,-4.6486517734373844,5.710167701565516,2.008574141668462,-2.3418055565024187,1.4974992021083544,1.9164550963094884,3.0,2.0,0.7630448115595444,2.6711747047434065,5.710167701565516,6.589542575483131
ACMR,2021-06-29,stress,True,True,D-1,35.5033340454,35.7766685486,35.0233345032,35.2533340454,35.6633338928,34.3333320618,0.45066147082242214,0,5.710167701565516,2.008574141668462,-2.3418055565024187,1.4974992021083544,2.8158205248150603,9.894869350032254,4.0,0.0,0.8052698689675944,1.9686692503568581,5.710167701565516,5.710167701565516
ACMR,2021-06-30,stress,True,True,D-1,35.3333320618,35.6633338928,33.9883346558,34.0733337402,34.3333320618,34.563331604,-2.179246657103351,0,2.008574141668462,-2.3418055565024187,1.4974992021083544,2.8158205248150603,-0.8066034403926392,3.1201216715367464,3.0,1.0,0.6438803885662073,2.797840165783394,2.8158205248150603,2.008574141668462
ACMR,2021-07-01,stress,True,True,D-1,34.1766662598,34.3333320618,33.5200004578,33.9633331299,34.563331604,34.1066665649,1.1313723265478526,0,-2.3418055565024187,1.4974992021083544,2.8158205248150603,-0.8066034403926392,-3.34720200841252,-2.294014276240086,2.0,2.0,0.21783593713396657,6.357852335253411,2.8158205248150603,6.9426273270634775
ACMR,2021-07-02,stress,True,True,D-1,34.2299995422,34.563331604,33.1733322144,33.5366668701,34.1066665649,33.0466651917,-0.3603066869689697,0,1.4974992021083544,2.8158205248150603,-0.8066034403926392,-3.34720200841252,-0.32283489234932183,-0.2740555824249369,2.0,3.0,0.1781197188703356,6.702324670236792,2.8158205248150603,6.475051489576322
ACMR,2021-07-06,stress,True,True,D-1,33.4533348083,34.1066665649,31.7136669159,32.6066665649,33.0466651917,28.7433338165,-1.2156325189412787,0,2.8158205248150603,-0.8066034403926392,-3.34720200841252,-0.32283489234932183,-1.256255557038899,-2.979745833014358,1.0,4.0,0.11849155469368787,8.05983231866696,2.8158205248150603,4.390855342928079
ACMR,2021-07-07,stress,True,True,D-1,32.4566688538,33.0466651917,27.9640007019,28.0766677856,28.7433338165,27.7333335876,-11.440900032059954,0,-0.8066034403926392,-3.34720200841252,-0.32283489234932183,-1.256255557038899,-2.773085079689741,-8.253613604496813,0.0,4.0,0.2197881590331962,9.721944368003555,-0.32283489234932183,3.994503601313626
ACMR,2021-07-08,stress,True,True,D-1,26.6666679382,28.7433338165,25.2900009155,26.4333324432,27.7333335876,31.2833328247,17.31249249887208,1,-3.34720200841252,-0.32283489234932183,-1.256255557038899,-2.773085079689741,-13.89286074454601,-20.35741144527702,0.0,4.0,0.014633356020124378,27.021248266117446,-0.32283489234932183,16.280684975786674
ACMR,2021-07-09,stress,True,True,D-1,26.8933334351,27.7333335876,26.2399997711,27.5833320618,31.2833328247,30.2800006866,16.32374580932523,1,-0.32283489234932183,-1.256255557038899,-2.773085079689741,-13.89286074454601,-5.853028411166505,-22.422230108896745,0.0,3.0,0.12329243570682384,30.756618289690696,-0.32283489234932183,18.93273606921043
ACMR,2021-07-12,stress,True,True,D-1,27.9099998474,31.2833328247,27.8516674042,30.7000007629,30.2800006866,28.1966667175,8.491583132060754,1,-1.256255557038899,-2.773085079689741,-13.89286074454601,-5.853028411166505,4.350566168950198,-18.784967434433852,1.0,4.0,0.24730393246344562,25.30513545847697,4.350566168950198,1.757102116131548
ACMR,2021-07-13,stress,True,True,D-1,30.2633323669,30.2800006866,26.6296672821,27.0566673279,28.1966667175,26.6006679535,-6.828942775847047,0,-2.773085079689741,-13.89286074454601,-5.853028411166505,4.350566168950198,11.299101552042945,-8.458402017670574,2.0,4.0,0.6136106395015859,11.096631001119883,11.299101552042945,0.0
ACMR,2021-07-14,stress,True,True,D-1,27.3500003815,28.1966667175,25.9766674042,26.1166667938,26.6006679535,26.3333320618,-2.739789460869113,0,-13.89286074454601,-5.853028411166505,4.350566168950198,11.299101552042945,-11.867535323982315,-17.02105680123215,2.0,4.0,0.2277611031614088,22.138712766088897,11.299101552042945,6.25992480887091
ACMR,2021-07-15,stress,True,True,D-1,26.2433338165,26.6006679535,25.4699993134,25.9133338928,26.3333320618,25.9066677094,0.3429375472235652,0,-5.853028411166505,4.350566168950198,11.299101552042945,-11.867535323982315,-3.4741918607643973,-6.980888924451534,2.0,2.0,0.13793093571724885,19.78302235768672,11.299101552042945,26.22852779049053
ACMR,2021-07-16,stress,True,True,D-1,26.1700000763,26.3333320618,25.0,25.0733337402,25.9066677094,26.2566661835,0.33116586529353675,0,4.350566168950198,11.299101552042945,-11.867535323982315,-3.4741918607643973,-0.7785560944870262,-1.9672076970142727,2.0,3.0,0.07626167990159945,20.7229179931651,11.299101552042945,15.524800974828212
ACMR,2021-07-19,stress,True,True,D-1,24.6666679382,25.9066677094,24.2666664124,25.7666664124,26.2566661835,28.6666679382,16.216215380292233,1,11.299101552042945,-11.867535323982315,-3.4741918607643973,-0.7785560944870262,-3.241574997933383,-9.099692219839106,1.0,4.0,0.01167115323124719,24.76734505608853,11.299101552042945,15.293995164759577
ACMR,2021-07-20,stress,True,True,D-1,25.8666667938,26.2566661835,25.0833320618,25.4966678619,28.6666679382,31.6733322144,22.448448680646415,1,-11.867535323982315,-3.4741918607643973,-0.7785560944870262,-3.241574997933383,2.765219333751312,-16.069492599041833,1.0,4.0,0.24944563724582833,17.516174587598176,2.765219333751312,0.5659923227429808
ACMR,2021-07-21,stress,True,True,D-1,25.8899993896,28.6666679382,25.8899993896,28.5100002289,31.6733322144,29.8966674805,22.338095639829024,1,-3.4741918607643973,-0.7785560944870262,-3.241574997933383,2.765219333751312,-1.0478598441048814,-5.765674859709636,1.0,4.0,0.3129774437685961,10.589614573262107,2.765219333751312,0.0
ACMR,2021-07-22,stress,True,True,D-1,29.2733325958,31.6733322144,28.7199993134,29.5666675568,29.8966674805,29.9866676331,2.436808432950155,0,-0.7785560944870262,-3.241574997933383,2.765219333751312,-1.0478598441048814,11.81853402696147,9.164008002997415,2.0,0.0,0.9643937147791071,0.549518442799557,11.81853402696147,2.765219333751312
ACMR,2021-07-23,stress,True,True,D-1,29.1299991608,29.8966674805,28.0200004578,29.1633338928,29.9866676331,28.875,2.940846196291047,0,-3.241574997933383,2.765219333751312,-1.0478598441048814,11.81853402696147,3.706304171926589,14.098277277301907,3.0,0.0,0.7155717952022159,7.125133914915915,11.81853402696147,2.765219333751312
ACMR,2021-07-26,stress,True,True,D-1,29.0033321381,29.9866676331,27.9433326721,29.0900001526,28.875,29.6033325195,2.068729132718561,0,2.765219333751312,-1.0478598441048814,11.81853402696147,3.706304171926589,-1.3641498935419771,16.312151367580285,3.0,1.0,0.6611162986559714,8.606691988050375,11.81853402696147,11.81853402696147
ACMR,2021-07-27,stress,True,True,D-1,28.75,28.875,26.3333320618,27.0666675568,29.6033325195,30.0400009155,4.486959706086946,1,-1.0478598441048814,11.81853402696147,3.706304171926589,-1.3641498935419771,-0.2514586997137136,12.897802482515441,2.0,2.0,0.6079921089560552,8.880481430898545,11.81853402696147,13.430712346632712
ACMR,2021-07-28,stress,True,True,D-1,28.2000007629,29.6033325195,28.0849990845,28.75,30.0400009155,30.9666671753,9.810873537421427,1,11.81853402696147,3.706304171926589,-1.3641498935419771,-0.2514586997137136,-6.955423118549408,6.157666183690091,2.0,3.0,0.2034584906049724,17.019696451115784,11.81853402696147,19.007925828691096
ACMR,2021-07-29,stress,True,True,D-1,28.8766670227,30.0400009155,28.4283332825,29.5333328247,30.9666671753,32.1266670227,11.254761491155364,1,3.706304171926589,-1.3641498935419771,-0.2514586997137136,-6.955423118549408,6.2192083294609235,0.8418090816313395,2.0,4.0,0.4525595260560706,10.168112050086942,6.2192083294609235,4.875091214953164
ACMR,2021-07-30,stress,True,True,D-1,28.9833335876,30.9666671753,28.9833335876,30.953332901,32.1266670227,31.4066677094,10.845313654481824,1,-1.3641498935419771,-0.2514586997137136,-6.955423118549408,6.2192083294609235,2.7246359120000063,-0.11274429908598727,2.0,0.0,0.8633090489607018,1.7155804724357182,6.2192083294609235,0.0
ACMR,2021-08-02,stress,True,True,D-1,31.1000003815,32.1266670227,30.5166664124,30.9699993134,31.4066677094,32.0900001526,3.1832789677034956,1,-0.2514586997137136,-6.955423118549408,6.2192083294609235,2.7246359120000063,4.808126751994579,6.13784080647215,3.0,0.0,0.9971221001776565,0.043078638228233324,6.2192083294609235,6.2192083294609235
ACMR,2021-08-03,stress,True,True,D-1,30.7533321381,31.4066677094,29.5366668701,30.3400001526,32.0900001526,30.9483337402,4.34641686467534,1,-6.955423118549408,6.2192083294609235,2.7246359120000063,4.808126751994579,0.053843676392806294,6.46269904069412,4.0,0.0,0.8003451005152462,3.734800564879359,6.2192083294609235,6.2192083294609235
ACMR,2021-08-04,stress,True,True,D-1,30.5433330536,32.0900001526,29.9466667175,30.1066665649,30.9483337402,30.2316665649,1.325987199528189,0,6.2192083294609235,2.7246359120000063,4.808126751994579,0.053843676392806294,-2.0342240063512484,12.093592936518105,4.0,1.0,0.5579382330712422,5.88881628580642,6.2192083294609235,8.20068396041046
ACMR,2021-08-05,stress,True,True,D-1,30.1366672516,30.9483337402,29.9200000763,30.703332901,30.2316665649,31.8449993134,5.668616398547854,1,2.7246359120000063,4.808126751994579,0.053843676392806294,-2.0342240063512484,-0.7690625791905381,4.718840225739118,3.0,2.0,0.4538079579343857,6.7094789569132285,4.808126751994579,7.595768881926612
ACMR,2021-08-06,stress,True,True,D-1,28.9699993134,30.2316665649,28.8700008392,29.3866672516,31.8449993134,30.7666664124,9.924059606967873,1,4.808126751994579,0.053843676392806294,-2.0342240063512484,-0.7690625791905381,1.981841247066618,3.9616256087476875,3.0,3.0,0.5471895835782632,4.6357642223709306,4.808126751994579,4.808126751994579
ACMR,2021-08-09,stress,True,True,D-1,29.4133338928,31.8449993134,29.3666667938,30.5599994659,30.7666664124,30.1966667175,4.601085087914081,1,0.053843676392806294,-2.0342240063512484,-0.7690625791905381,1.981841247066618,-4.288347631983358,-5.061379510926223,2.0,4.0,0.1586488707432484,9.323955478315815,1.981841247066618,2.4453383034978016
ACMR,2021-08-10,stress,True,True,D-1,30.6666679382,30.7666664124,29.2566661835,30.0166664124,30.1966667175,28.9066677094,-1.5326126126488648,0,-2.0342240063512484,-0.7690625791905381,1.981841247066618,-4.288347631983358,3.9927365844322438,-1.323861338681409,2.0,3.0,0.5248444059186861,5.006546837172654,3.9927365844322438,2.448674719387578
ACMR,2021-08-11,stress,True,True,D-1,30.0100002289,30.1966667175,28.0499992371,28.6599998474,28.9066677094,28.4833335876,-3.676549520441119,0,-0.7690625791905381,1.981841247066618,-4.288347631983358,3.9927365844322438,-1.777922326557213,-1.065701181851475,2.0,4.0,0.3561073968022792,6.907275150792547,3.9927365844322438,1.981841247066618
ACMR,2021-08-12,stress,True,True,D-1,28.3033332825,28.9066677094,27.8933334351,28.2433338165,28.4833335876,27.9400005341,0.6359685741018195,0,1.981841247066618,-4.288347631983358,3.9927365844322438,-1.777922326557213,-4.519710971100888,-4.805137474723297,2.0,2.0,0.16073797049688932,11.113047742353487,3.9927365844322438,10.210012931639278
ACMR,2021-08-13,stress,True,True,D-1,28.0333328247,28.4833335876,27.3700008392,27.7933330536,27.9400005341,27.7766666412,-0.33293326620716934,0,-4.288347631983358,3.9927365844322438,-1.777922326557213,-4.519710971100888,-1.453824260706682,-8.012156505718881,1.0,3.0,0.08857033772059968,12.752267562676579,3.9927365844322438,9.900563161628128
ACMR,2021-08-16,stress,True,True,D-1,27.4133338928,27.9400005341,26.7333335876,27.7866668701,27.7766666412,28.9699993134,5.678497284158679,1,3.9927365844322438,-1.777922326557213,-4.519710971100888,-1.453824260706682,-1.5932990270330794,-5.421962907050126,1.0,4.0,0.09459940977425285,14.577835094431734,3.9927365844322438,7.0166961043714
ACMR,2021-08-17,stress,True,True,D-1,27.5666675568,27.7766666412,26.1533336639,26.9899997711,28.9699993134,28.328332901,5.090683354121395,1,-1.777922326557213,-4.519710971100888,-1.453824260706682,-1.5932990270330794,-0.023984829337120317,-9.075041375228388,0.0,4.0,0.26115704511745336,10.724566412485558,-0.023984829337120317,1.6169017063177304
ACMR,2021-08-18,stress,True,True,D-1,27.3333320618,28.9699993134,27.3333320618,27.7233333588,28.328332901,28.3326663971,3.656101396787359,1,-4.519710971100888,-1.453824260706682,-1.5932990270330794,-0.023984829337120317,-2.8670840685007026,-10.083287063648328,0.0,4.0,0.20692485533811503,11.880944696537554,-0.023984829337120317,2.890381232617034
ACMR,2021-08-19,stress,True,True,D-1,27.2333335876,28.328332901,27.0116672516,27.9699993134,28.3326663971,28.4666671753,4.528764661633522,1,-1.453824260706682,-1.5932990270330794,-0.023984829337120317,-2.8670840685007026,2.7170566651328,-3.268201303514573,1.0,0.0,0.5573965426740304,4.496811182354721,2.7170566651328,0.22792770214605795
ACMR,2021-08-20,stress,True,True,D-1,28.0,28.3326663971,27.3400001526,27.6233329773,28.4666671753,29.7633323669,6.297615596071426,1,-1.5932990270330794,-0.023984829337120317,-2.8670840685007026,2.7170566651328,0.8897413287486167,-0.9677841322695335,2.0,1.0,0.6449702859913404,3.575259294056954,2.7170566651328,0.0
ACMR,2021-08-23,stress,True,True,D-1,28.0,28.4666671753,27.5400009155,28.2733325958,29.7633323669,31.3966674805,12.13095528749999,1,-0.023984829337120317,-2.8670840685007026,2.7170566651328,0.8897413287486167,-1.2394220400781975,-0.6116577524982514,2.0,2.0,0.5218934358293276,4.875104453205004,2.7170566651328,3.077765026590573
ACMR,2021-08-24,stress,True,True,D-1,28.5433330536,29.7633323669,28.2999992371,29.6533336639,31.3966674805,30.9966678619,9.99650048416516,1,-2.8670840685007026,2.7170566651328,0.8897413287486167,-1.2394220400781975,2.3530817915207836,1.7514361401283374,3.0,3.0,0.7526626144911206,2.4640417440690676,2.7170566651328,2.7170566651328
ACMR,2021-08-25,stress,True,True,D-1,29.7133331299,31.3966674805,29.7133331299,30.0333328247,30.9966678619,30.4983329773,4.319053424230623,1,2.7170566651328,0.8897413287486167,-1.2394220400781975,2.3530817915207836,4.8809282153919,9.867854447526936,4.0,0.0,0.9600246765537069,0.3709488593989452,4.8809282153919,2.7170566651328
ACMR,2021-08-26,stress,True,True,D-1,29.9966678619,30.9966678619,29.4733333588,30.2666664124,30.4983329773,29.7000007629,1.6724028072370833,0,0.8897413287486167,-1.2394220400781975,2.3530817915207836,4.8809282153919,1.2814719758224458,8.332329435294096,4.0,0.0,0.6890913147929303,4.539405146134046,4.8809282153919,2.3530817915207836
ACMR,2021-08-27,stress,True,True,D-1,30.2199993134,30.4983329773,29.2000007629,29.2466678619,29.7000007629,30.2433338165,0.07721543226395511,0,-1.2394220400781975,2.3530817915207836,4.8809282153919,1.2814719758224458,0.7769153995060396,8.211180391054572,4.0,1.0,0.7214459612380976,3.733483736540766,4.8809282153919,4.8809282153919
ACMR,2021-08-30,stress,True,True,D-1,29.4566669464,29.7000007629,28.4166679382,29.3933334351,30.2433338165,30.7633323669,4.435890261711006,1,2.3530817915207836,4.8809282153919,1.2814719758224458,0.7769153995060396,-3.37003929207782,5.876680000686396,4.0,2.0,0.44252385256437166,7.351263496929272,4.8809282153919,7.500234462193223
ACMR,2021-08-31,stress,True,True,D-1,29.2666664124,30.2433338165,29.1766662598,29.7166671753,30.7633323669,31.3883323669,7.249428153529203,1,4.8809282153919,1.2814719758224458,0.7769153995060396,-3.37003929207782,0.501477891062807,3.9613329468856984,4.0,3.0,0.35306791430765927,6.815606844400035,4.8809282153919,7.766389618376812
ACMR,2021-09-01,stress,True,True,D-1,29.796667099,30.7633323669,29.5333328247,29.6766662598,31.3883323669,31.8133335114,6.768093913656803,1,1.2814719758224458,0.7769153995060396,-3.37003929207782,0.501477891062807,1.100024061285576,0.21357973480433667,4.0,4.0,0.43624142173412706,5.653394087868602,1.2814719758224458,1.2814719758224458
ACMR,2021-09-02,stress,True,True,D-1,29.7800006866,31.3883323669,29.4616661072,30.9966678619,31.8133335114,37.0766677856,24.50190372991916,1,0.7769153995060396,-3.37003929207782,0.501477891062807,1.100024061285576,-0.13460767744926105,-1.1875690486360835,3.0,4.0,0.4883714569235438,4.447944356499622,1.100024061285576,0.7769153995060396
ACMR,2021-09-03,stress,True,True,D-1,30.8433322906,31.8133335114,30.7266674042,31.5266666412,37.0766677856,36.0,20.209669423104828,1,-3.37003929207782,0.501477891062807,1.100024061285576,-0.13460767744926105,4.447944356499622,2.411899082486757,3.0,0.0,0.8682002916556303,1.2635697060890072,4.447944356499622,1.100024061285576
ACMR,2021-09-07,stress,True,True,D-1,31.8299999237,37.0766677856,31.8299999237,35.4333343506,36.0,36.2000007629,13.729188971647389,1,0.501477891062807,1.100024061285576,-0.13460767744926105,4.447944356499622,1.7098572713083682,7.795755708191909,4.0,0.0,0.9156034457846457,0.909283792868143,4.447944356499622,1.100024061285576
ACMR,2021-09-08,stress,True,True,D-1,35.3333320618,36.0,34.2033348083,35.2433319092,36.2000007629,36.6633338928,3.764156260931606,1,1.100024061285576,-0.13460767744926105,4.447944356499622,1.7098572713083682,12.391629454078256,20.548880339945864,4.0,0.0,0.791983149669887,4.637817651423415,12.391629454078256,4.447944356499622
ACMR,2021-09-09,stress,True,True,D-1,34.7466659546,36.2000007629,34.4749984741,35.3933334351,36.6633338928,35.8966674805,5.5161204263577845,1,-0.13460767744926105,4.447944356499622,1.7098572713083682,12.391629454078256,-0.5362251249628192,18.597861938211135,3.0,1.0,0.7592468191306815,5.201936868861767,12.391629454078256,4.447944356499622
ACMR,2021-09-10,stress,True,True,D-1,36.0866661072,36.6633338928,35.1899986267,35.7099990845,35.8966674805,35.1966667175,-0.5265064556963739,0,4.447944356499622,1.7098572713083682,12.391629454078256,-0.5362251249628192,0.42561675577796887,19.263171696087,4.0,2.0,0.7789449797135577,4.756077450536544,12.391629454078256,12.504520087243641
ACMR,2021-09-13,stress,True,True,D-1,35.8899993896,35.8966674805,33.6333312988,34.6633338928,35.1966667175,34.4666671753,-1.9318269264192556,0,1.7098572713083682,12.391629454078256,-0.5362251249628192,0.42561675577796887,0.8947042244005221,15.205928726272733,4.0,3.0,0.7847765954308982,3.8271317169907393,12.391629454078256,12.391629454078256
ACMR,2021-09-14,stress,True,True,D-1,34.7933311462,35.1966667175,33.9599990845,34.3300018311,34.4666671753,34.0666656494,-0.9388694906140915,0,12.391629454078256,-0.5362251249628192,0.42561675577796887,0.8947042244005221,-2.9310143336136574,9.949251176148465,3.0,4.0,0.5400254111137783,6.9622094062374185,12.391629454078256,14.454163472352022
ACMR,2021-09-15,stress,True,True,D-1,34.2599983215,34.4666671753,31.9966678619,33.6266670227,34.0666656494,34.406665802,0.42810124835281904,0,-0.5362251249628192,0.42561675577796887,0.8947042244005221,-2.9310143336136574,-0.9616272420040817,-3.1138264002561145,2.0,2.0,0.22992407124652056,6.796772319383337,0.8947042244005221,4.7591603677191845
ACMR,2021-09-16,stress,True,True,D-1,33.6233329773,34.0666656494,32.4900016785,33.9033317566,34.406665802,33.5499992371,2.329729849294959,0,0.42561675577796887,0.8947042244005221,-2.9310143336136574,-0.9616272420040817,-2.048746783819977,-4.587151097589571,2.0,3.0,0.34928558204231325,9.030531833708256,0.8947042244005221,3.885376943031682
ACMR,2021-09-17,stress,True,True,D-1,33.8533325195,34.406665802,33.3333320618,34.1333312988,33.5499992371,33.4500007629,-0.8960219270149339,0,0.8947042244005221,-2.9310143336136574,-0.9616272420040817,-2.048746783819977,0.8227539580810461,-4.209837090457125,2.0,4.0,0.4085708902405179,8.140799128577413,0.8947042244005221,2.1375531953943927
ACMR,2021-09-20,stress,True,True,D-1,32.6699981689,33.5499992371,32.2833328247,32.7566680908,33.4500007629,34.4099998474,5.325992580423167,1,-2.9310143336136574,-0.9616272420040817,-2.048746783819977,0.8227539580810461,0.678398052000384,-4.415199737107677,2.0,4.0,0.5478624732960895,5.166024277747505,0.8227539580810461,0.0
ACMR,2021-09-21,stress,True,True,D-1,32.813331604,33.4500007629,32.1433334351,33.2966651917,34.4099998474,35.0133323669,6.704594307735023,1,-0.9616272420040817,-2.048746783819977,0.8227539580810461,0.678398052000384,-4.033193232587884,-5.500526313760135,2.0,4.0,0.2375001564672426,7.44886085464016,0.8227539580810461,4.204910242991822
ACMR,2021-09-22,stress,True,True,D-1,33.5566673279,34.4099998474,33.0153312683,34.0866661072,35.0133323669,34.8533325195,4.340910927673947,1,-2.048746783819977,0.8227539580810461,0.678398052000384,-4.033193232587884,1.6485104632838476,-3.010010440674915,3.0,4.0,0.5263148547237968,3.5138713647865583,1.6485104632838476,3.2739243398287377
ACMR,2021-09-23,stress,True,True,D-1,34.3266677856,35.0133323669,34.0800018311,35.0,34.8533325195,36.7166671753,6.962514988718493,1,0.8227539580810461,0.678398052000384,-4.033193232587884,1.6485104632838476,2.3726127254837692,1.3679591979468997,4.0,0.0,0.8573527456685126,0.9485636969691846,2.3726127254837692,0.8227539580810461
ACMR,2021-09-24,stress,True,True,D-1,34.6666679382,34.8533325195,32.9150009155,33.0999984741,36.7166671753,35.5699996948,5.913459120889608,1,0.678398052000384,-4.033193232587884,1.6485104632838476,2.3726127254837692,2.679446238384342,3.2346916558916528,4.0,0.0,0.9953545742640258,0.038092476857154445,2.679446238384342,1.6485104632838476
ACMR,2021-09-27,stress,True,True,D-1,32.9099998474,36.7166671753,32.563331604,36.2233314514,35.5699996948,35.5099983215,8.082649224351645,1,-4.033193232587884,1.6485104632838476,2.3726127254837692,2.679446238384342,-5.428575788285716,-3.027342440309455,3.0,1.0,0.333332890266966,5.780465199408225,2.679446238384342,5.2671980451422185
ACMR,2021-09-28,stress,True,True,D-1,35.5699996948,35.5699996948,34.1100006104,34.7900009155,35.5099983215,37.656665802,5.866365265966111,1,1.6485104632838476,2.3726127254837692,2.679446238384342,-5.428575788285716,9.436051725935691,10.583076859314765,4.0,0.0,0.8921277667615773,1.3619280837321668,9.436051725935691,2.679446238384342
ACMR,2021-09-29,stress,True,True,D-1,35.25,35.5099983215,34.0,34.5966682434,37.656665802,36.8216667175,6.827420714893617,1,2.3726127254837692,2.679446238384342,-5.428575788285716,9.436051725935691,-3.956926319223464,4.484940804739357,3.0,1.0,0.5361159177424835,5.537988528599347,9.436051725935691,2.679446238384342
ACMR,2021-09-30,stress,True,True,D-1,34.8199996948,37.656665802,34.8199996948,36.6666679382,36.8216667175,35.5433311462,5.748612981748313,1,2.679446238384342,-5.428575788285716,9.436051725935691,-3.956926319223464,-0.5557133285784555,1.4961924835831253,2.0,2.0,0.48956714536879226,6.1277546062674215,9.436051725935691,13.926702206779652
ACMR,2021-10-01,stress,True,True,D-1,36.7700004578,36.8216667175,34.4633331299,35.8300018311,35.5433311462,39.6899986267,7.941251380323511,1,-5.428575788285716,9.436051725935691,-3.956926319223464,-0.5557133285784555,5.983234224280798,4.761908394857151,2.0,0.0,0.8056287246596263,2.699994080369117,9.436051725935691,9.436051725935691
ACMR,2021-10-04,stress,True,True,D-1,35.3966674805,35.5433311462,34.6666679382,34.8333320618,39.6899986267,39.3400001526,12.129195915308122,1,9.436051725935691,-3.956926319223464,-0.5557133285784555,5.983234224280798,-2.281816576598028,8.247744661185319,2.0,1.0,0.641361846702053,5.098140880680835,9.436051725935691,9.436051725935691
ACMR,2021-10-05,stress,True,True,D-1,35.0666656494,39.6899986267,35.0666656494,39.2333335876,39.3400001526,39.7066688538,13.231948685373185,1,-3.956926319223464,-0.5557133285784555,5.983234224280798,-2.281816576598028,-2.7816626245184883,-3.837304118382734,1.0,2.0,0.22789396322305758,8.105264621802322,5.983234224280798,10.983240986526022
ACMR,2021-10-06,stress,True,True,D-1,38.3199996948,39.3400001526,37.5299987793,38.3266677856,39.7066688538,38.7999992371,3.618656498027484,1,-0.5557133285784555,5.983234224280798,-2.281816576598028,-2.7816626245184883,12.631583788750621,12.771867074370657,2.0,0.0,0.9197425045135992,1.1639720547334198,12.631583788750621,5.983234224280798
ACMR,2021-10-07,stress,True,True,D-1,38.9666671753,39.7066688538,38.0800018311,38.2233314514,38.7999992371,37.7000007629,-0.4277192541261132,0,5.983234224280798,-2.281816576598028,-2.7816626245184883,12.631583788750621,-2.3109578490841165,10.781383675324197,2.0,1.0,0.7391585817124334,3.5571337657802626,12.631583788750621,5.983234224280798
ACMR,2021-10-08,stress,True,True,D-1,38.3366661072,38.7999992371,37.0833320618,37.7266654968,37.7000007629,35.063331604,-1.660721729217951,0,-2.281816576598028,-2.7816626245184883,12.631583788750621,-2.3109578490841165,-0.2696199282913536,4.245445797866565,1.0,0.0,0.7171004336726526,3.8807119789807443,12.631583788750621,15.205930763230556
ACMR,2021-10-11,stress,True,True,D-1,37.6166687012,37.7000007629,33.9566688538,34.7099990845,35.063331604,35.3566665649,-6.007980542487267,0,-2.7816626245184883,12.631583788750621,-2.3109578490841165,-0.2696199282913536,-1.2993790330167676,5.293507029781175,1.0,1.0,0.6071422624405852,5.248286141715708,12.631583788750621,14.197079365241704
ACMR,2021-10-12,stress,True,True,D-1,34.8166656494,35.063331604,33.7766685486,34.6666679382,35.3566665649,35.6100006104,2.278606943550532,0,12.631583788750621,-2.3109578490841165,-0.2696199282913536,-1.2993790330167676,-7.996111961063401,-0.3540659764652676,1.0,2.0,0.13101395316521763,14.395476522876937,12.631583788750621,21.823174980552196
ACMR,2021-10-13,stress,True,True,D-1,35.2400016785,35.3566665649,34.5600013733,34.8566665649,35.6100006104,35.9599990845,2.0431253453636167,0,-2.3109578490841165,-0.2696199282913536,-1.2993790330167676,-7.996111961063401,-0.1248376474874302,-11.639759438752694,0.0,3.0,0.1500842063734065,14.538463646361311,-0.1248376474874302,8.110967450488182
ACMR,2021-10-14,stress,True,True,D-1,35.6100006104,35.6100006104,34.2999992371,34.6966667175,35.9599990845,35.232334137,0.9828656784627521,0,-0.2696199282913536,-1.2993790330167676,-7.996111961063401,-0.1248376474874302,0.5480729415319407,-9.053751398663824,1.0,4.0,0.18212444531460756,13.914131117127116,0.5480729415319407,0.0
ACMR,2021-10-15,stress,True,True,D-1,35.0333328247,35.9599990845,34.8033332825,35.1066665649,35.232334137,37.7000007629,7.611802027353454,1,-1.2993790330167676,-7.996111961063401,-0.1248376474874302,0.5480729415319407,-0.45902222779133917,-9.226471372292766,1.0,4.0,0.18314505374017456,11.826301797257077,0.5480729415319407,0.0
ACMR,2021-10-18,stress,True,True,D-1,34.9700012207,35.232334137,34.3333320618,35.1300010681,37.7000007629,37.5066680908,7.806689868183403,1,-7.996111961063401,-0.1248376474874302,0.5480729415319407,-0.45902222779133917,1.1816692673628282,-6.944687258730109,2.0,4.0,0.33899704222149385,7.387013498435757,1.1816692673628282,0.5480729415319407
ACMR,2021-10-19,stress,True,True,D-1,36.2599983215,37.7000007629,36.0333328247,37.4233322144,37.5066680908,36.436668396,3.438140725342498,1,-0.1248376474874302,0.5480729415319407,-0.45902222779133917,1.1816692673628282,0.06646744189415799,1.2100316758220764,3.0,1.0,0.6198477496867595,2.3626472848407687,1.1816692673628282,0.5480729415319407
ACMR,2021-10-20,stress,True,True,D-1,37.5,37.5066680908,35.25,35.5066680908,36.436668396,36.8966674805,-1.6088867186666689,0,0.5480729415319407,-0.45902222779133917,1.1816692673628282,0.06646744189415799,6.528127174987386,7.951915889679051,4.0,0.0,0.9186269340173604,0.7392942641103017,6.528127174987386,1.1816692673628282
ACMR,2021-10-21,stress,True,True,D-1,35.3366661072,36.436668396,35.0166664124,35.2400016785,36.8966674805,36.2366676331,4.4146818168059765,1,-0.45902222779133917,1.1816692673628282,0.06646744189415799,6.528127174987386,-5.121575258502753,1.8647839565775648,3.0,1.0,0.35490244476171967,6.177241600059635,6.528127174987386,1.1816692673628282
ACMR,2021-10-22,stress,True,True,D-1,35.0,36.8966674805,35.0,35.4233322144,36.2366676331,36.4099998474,4.028570992571434,1,1.1816692673628282,0.06646744189415799,6.528127174987386,-5.121575258502753,-0.7510319234067864,1.5659572299086433,3.0,2.0,0.26930764420145137,6.980700815065077,6.528127174987386,12.36226969172426
ACMR,2021-10-25,stress,True,True,D-1,35.2799987793,36.2366676331,35.2350006104,35.6633338928,36.4099998474,35.6666679382,3.20295098412251,1,0.06646744189415799,6.528127174987386,-5.121575258502753,-0.7510319234067864,0.5202341860609083,0.9020100182812518,3.0,3.0,0.3237622259190104,6.427031016507545,6.528127174987386,6.7628320371470485
ACMR,2021-10-26,stress,True,True,D-1,35.9433326721,36.4099998474,34.7266654968,35.4900016785,35.6666679382,35.7543334961,-0.5258254089129055,0,6.528127174987386,-5.121575258502753,-0.7510319234067864,0.5202341860609083,0.6775242852574914,1.5181691104025896,3.0,4.0,0.24567915013754607,5.7108145756142425,6.528127174987386,6.528127174987386
ACMR,2021-10-27,stress,True,True,D-1,35.0600013733,35.6666679382,33.063331604,33.4466667175,35.7543334961,35.7599983215,1.9965685133517708,0,-5.121575258502753,-0.7510319234067864,0.5202341860609083,0.6775242852574914,-0.4860235860758677,-5.166110074922936,2.0,4.0,0.2745811041138903,5.682350850723417,0.6775242852574914,0.5202341860609083
ACMR,2021-10-28,stress,True,True,D-1,33.9566688538,35.7543334961,33.7200012207,35.2833328247,35.7599983215,37.1133346558,9.296158629667083,1,-0.7510319234067864,0.5202341860609083,0.6775242852574914,-0.4860235860758677,-5.757494686842635,-5.801731010164135,2.0,3.0,0.10000039804756274,10.314931506148817,0.6775242852574914,6.893059776030874
ACMR,2021-10-29,stress,True,True,D-1,35.0766677856,35.7599983215,34.7733345032,35.3899993896,37.1133346558,37.2900009155,6.309986864854467,1,0.5202341860609083,0.6775242852574914,-0.4860235860758677,-5.757494686842635,5.491327798710088,0.12296011389361095,3.0,4.0,0.5791303690108559,4.572512080464786,5.491327798710088,1.2598540796378788
ACMR,2021-11-01,stress,True,True,D-1,35.3899993896,37.1133346558,34.9333343506,37.0966682434,37.2900009155,36.2333335876,5.368752638233598,1,0.6775242852574914,-0.4860235860758677,-5.757494686842635,5.491327798710088,0.3023143120576499,-0.09409850151378407,3.0,3.0,0.6952191303062218,2.8821714478462157,5.491327798710088,0.6775242852574914
ACMR,2021-11-02,stress,True,True,D-1,37.2900009155,37.2900009155,35.8800010681,36.2900009155,36.2333335876,36.9593315125,-0.8867508578219274,0,-0.4860235860758677,-5.757494686842635,5.491327798710088,0.3023143120576499,4.82246081728257,4.019069991909485,3.0,0.0,0.995884839545345,0.04492697913096588,5.491327798710088,5.491327798710088
ACMR,2021-11-03,stress,True,True,D-1,36.0,36.2333335876,35.406665802,35.9399986267,36.9593315125,36.5600013733,2.664809756944453,0,-5.757494686842635,5.491327798710088,0.3023143120576499,4.82246081728257,-2.174500746555641,2.2541538437983455,3.0,0.0,0.7634070881109197,2.7555799800845104,5.491327798710088,5.491327798710088
ACMR,2021-11-04,stress,True,True,D-1,36.3699989319,36.9593315125,35.6533317566,36.2133331299,36.5600013733,37.0449981689,1.8559231697088618,0,5.491327798710088,0.3023143120576499,4.82246081728257,-2.174500746555641,-0.9644593000010304,7.454649906549404,3.0,1.0,0.6218480660470678,3.756266945978881,5.491327798710088,8.609315670588014
ACMR,2021-11-05,stress,True,True,D-1,36.4199981689,36.5600013733,33.0966682434,34.2299995422,37.0449981689,36.3333320618,1.7160901466867884,0,0.3023143120576499,4.82246081728257,-2.174500746555641,-0.9644593000010304,0.7605300880477284,2.63580628797333,3.0,2.0,0.5721849426138187,2.973125345126104,4.82246081728257,5.033725032399349
ACMR,2021-11-08,stress,True,True,D-1,35.7466659546,37.0449981689,35.3666687012,35.4666671753,36.3333320618,35.2099990845,1.641177132281646,0,4.82246081728257,-2.174500746555641,-0.9644593000010304,0.7605300880477284,-5.476804856889683,-3.277761705022486,2.0,3.0,0.2702698277054247,8.939530862474943,4.82246081728257,9.580388334924816
ACMR,2021-11-09,stress,True,True,D-1,35.5466651917,36.3333320618,34.7333335876,35.5133323669,35.2099990845,35.7000007629,0.4313641529327006,0,-2.174500746555641,-0.9644593000010304,0.7605300880477284,-5.476804856889683,3.6128181409275095,-4.393928471972686,2.0,4.0,0.5651826642967291,5.140978517061856,3.6128181409275095,2.822383803422812
ACMR,2021-11-10,stress,True,True,D-1,34.6766662598,35.2099990845,33.3333320618,33.8966674805,35.7000007629,35.5866661072,2.951075214189003,0,-0.9644593000010304,0.7605300880477284,-5.476804856889683,3.6128181409275095,0.13157478645893228,-2.140172303683441,3.0,1.0,0.6120724886469471,4.312931791857366,3.6128181409275095,0.7605300880477284
ACMR,2021-11-11,stress,True,True,D-1,34.7000007629,35.7000007629,34.5066680908,35.0400009155,35.5866661072,37.1166687012,6.964460764173297,1,0.7605300880477284,-5.476804856889683,3.6128181409275095,0.13157478645893228,-4.552275944419137,-5.685395726982589,3.0,2.0,0.2026171196923692,9.28802422896342,3.6128181409275095,8.039508946240602
ACMR,2021-11-12,stress,True,True,D-1,35.0033340454,35.5866661072,34.3566665649,35.2133331299,37.1166687012,36.9659996033,6.037523891464058,1,-5.476804856889683,3.6128181409275095,0.13157478645893228,-4.552275944419137,3.3729965804388806,-3.2400558385254574,3.0,3.0,0.49219105514691863,5.722023975499058,3.6128181409275095,4.945645616845162
ACMR,2021-11-15,stress,True,True,D-1,35.6666679382,37.1166687012,35.6666679382,36.7633323669,36.9659996033,36.3699989319,3.6429858470417464,1,3.6128181409275095,0.13157478645893228,-4.552275944419137,3.3729965804388806,0.4946695487194619,2.87272451315026,4.0,4.0,0.5065113654764821,5.201623578895798,3.6128181409275095,3.6128181409275095
ACMR,2021-11-16,stress,True,True,D-1,36.5703315735,36.9659996033,35.3366661072,35.4833335876,36.3699989319,33.5333328247,-0.5478009987340826,0,0.13157478645893228,-4.552275944419137,3.3729965804388806,0.4946695487194619,4.401739623119871,3.656010826139977,4.0,0.0,0.9066072179196741,0.9611107360281812,4.401739623119871,3.3729965804388806
ACMR,2021-11-17,stress,True,True,D-1,35.6366653442,36.3699989319,33.5866661072,33.5866661072,33.5333328247,32.7599983215,-5.902158631243326,0,-4.552275944419137,3.3729965804388806,0.4946695487194619,4.401739623119871,-3.4817267556856546,-0.0844718794341115,3.0,1.0,0.5682818450279303,4.603105031176624,4.401739623119871,3.3729965804388806
ACMR,2021-11-18,stress,True,True,D-1,33.5333328247,33.5333328247,30.3700008392,31.9266662598,32.7599983215,32.3533325195,-2.3061665455166858,0,3.3729965804388806,0.4946695487194619,4.401739623119871,-3.4817267556856546,-5.345234758503093,-0.9145482324430132,3.0,2.0,0.0,10.510130963082599,4.401739623119871,13.042594668567608
ACMR,2021-11-19,stress,True,True,D-1,31.8500003815,32.7599983215,31.6499996185,32.0666656494,32.3533325195,31.6000003815,1.580320665529289,0,0.4946695487194619,4.401739623119871,-3.4817267556856546,-5.345234758503093,-4.942437103169784,-8.885087255585123,2.0,3.0,0.230730999723253,16.256011195052068,4.401739623119871,14.42522661883696
ACMR,2021-11-22,stress,True,True,D-1,31.6666679382,32.3533325195,31.0833320618,31.2866668701,31.6000003815,29.8600006104,-0.21052911796753948,0,4.401739623119871,-3.4817267556856546,-5.345234758503093,-4.942437103169784,0.4385030007855173,-8.936011450242788,2.0,4.0,0.2514818937147201,15.74845076508442,4.401739623119871,8.927346460513474
ACMR,2021-11-23,stress,True,True,D-1,31.0,31.6000003815,28.296667099,29.6499996185,29.8600006104,29.3616676331,-3.6774173858064474,0,-3.4817267556856546,-5.345234758503093,-4.942437103169784,0.4385030007855173,-2.4324287028408165,-14.897086700799022,1.0,4.0,0.13897304467204155,18.152565617744386,0.4385030007855173,2.00459197490922
ACMR,2021-11-24,stress,True,True,D-1,29.1100006104,29.8600006104,28.3400001526,29.6100006104,29.3616676331,30.0033321381,3.0688131534454266,1,-5.345234758503093,-4.942437103169784,0.4385030007855173,-2.4324287028408165,-5.231197232978902,-16.439644698824228,1.0,4.0,0.1676299881524718,22.664416188413995,0.4385030007855173,7.974883793608045
ACMR,2021-11-26,stress,True,True,D-1,28.6466674805,29.3616676331,28.0066661835,29.2333335876,30.0033321381,29.3883323669,4.7358550816547496,1,-4.942437103169784,0.4385030007855173,-2.4324287028408165,-5.231197232978902,-0.13490390763797322,-11.84001259341284,1.0,4.0,0.25079575061561593,13.250024091259194,0.4385030007855173,5.797547051918861
ACMR,2021-11-29,stress,True,True,D-1,29.6800003052,30.0033321381,28.4699993134,28.8566665649,29.3883323669,30.0066661835,1.1006262632779151,0,0.4385030007855173,-2.4324287028408165,-5.231197232978902,-0.13490390763797322,-1.2720939379775031,-8.435997201471901,1.0,4.0,0.2580647361655084,12.063847331444656,0.4385030007855173,1.8437847419698339
ACMR,2021-11-30,stress,True,True,D-1,28.9300003052,29.3883323669,27.6366672516,29.1399993896,30.0066661835,28.7533321381,3.7216241511980774,1,-2.4324287028408165,-5.231197232978902,-0.13490390763797322,-1.2720939379775031,-1.2884846730575217,-10.01039247297002,0.0,4.0,0.1955522498610302,12.117359247769777,-0.13490390763797322,2.5441878756172875
ACMR,2021-12-01,stress,True,True,D-1,29.6700000763,30.0066661835,27.9699993134,28.1233329773,28.7533321381,27.6766662598,-3.089544778708042,0,-5.231197232978902,-0.13490390763797322,-1.2720939379775031,-1.2884846730575217,0.9818626280439169,-6.861285318160637,1.0,4.0,0.3793100626991534,8.442007698798948,0.9818626280439169,0.31927319448641356
ACMR,2021-12-02,stress,True,True,D-1,28.4799995422,28.7533321381,26.3566665649,27.1900005341,27.6766662598,25.7066669464,-2.8206927503972357,0,-0.13490390763797322,-1.2720939379775031,-1.2884846730575217,0.9818626280439169,-3.488903341099059,-5.148960070297759,1.0,0.0,0.20534428060262708,6.696692770092905,0.9818626280439169,2.5412969510899663
ACMR,2021-12-03,stress,True,True,D-1,27.3333320618,27.6766662598,25.3833332062,26.2299995422,25.7066669464,27.1490001678,-0.6743850094208415,0,-1.2720939379775031,-1.2884846730575217,0.9818626280439169,-3.488903341099059,-3.318712060029816,-8.172914645094654,1.0,1.0,0.22831070035005563,10.359196741712129,0.9818626280439169,7.673691373228964
ACMR,2021-12-06,stress,True,True,D-1,25.6233329773,25.7066669464,23.9133338928,25.5,27.1490001678,26.9966678619,5.954210530892312,1,-1.2884846730575217,0.9818626280439169,-3.488903341099059,-3.318712060029816,-3.530713398464358,-10.273662551690421,1.0,2.0,0.18312899809661784,14.398271853661026,0.9818626280439169,7.714113875178164
ACMR,2021-12-07,stress,True,True,D-1,26.3566665649,27.1490001678,25.9066677094,26.0400009155,26.9966678619,27.1833324432,3.136458384312135,1,0.9818626280439169,-3.488903341099059,-3.318712060029816,-3.530713398464358,-2.7830711206286773,-11.63220484026004,1.0,3.0,0.26039382582526516,17.673200719607827,0.9818626280439169,7.197384882192126
ACMR,2021-12-08,stress,True,True,D-1,26.0,26.9966678619,25.0066661835,26.5866661072,27.1833324432,26.3266677856,4.551278627692312,1,-3.488903341099059,-3.318712060029816,-3.530713398464358,-2.7830711206286773,2.117650649019609,-10.63829285873762,1.0,4.0,0.3490154354368368,15.23296900361817,2.117650649019609,0.7243561952577471
ACMR,2021-12-09,stress,True,True,D-1,26.6599998474,27.1833324432,25.3966674805,25.7399997711,26.3266677856,25.9133338928,-1.2503078158588532,0,-3.318712060029816,-3.530713398464358,-2.7830711206286773,2.117650649019609,2.0993286193573324,-5.464028290460221,2.0,4.0,0.5523415668582121,8.149446125226056,2.117650649019609,0.0
ACMR,2021-12-10,stress,True,True,D-1,26.0666675568,26.3266677856,25.2099990845,25.6466674805,25.9133338928,24.5,-0.58823654257254,0,-3.530713398464358,-2.7830711206286773,2.117650649019609,2.0993286193573324,-3.1845524846408346,-5.332845658393792,2.0,4.0,0.4853852118717204,7.5239568994651895,2.117650649019609,3.2697287360116345
ACMR,2021-12-13,stress,True,True,D-1,25.703332901,25.9133338928,24.2099990845,24.703332901,24.5,24.9300003052,-3.0086860672061455,0,-2.7830711206286773,2.117650649019609,2.0993286193573324,-3.1845524846408346,-0.36259631480179966,-2.2239118256998536,2.0,1.0,0.5300716685296297,5.991674995858154,2.117650649019609,5.653252378509999
ACMR,2021-12-14,stress,True,True,D-1,24.2566661835,24.5,23.4433326721,24.2600002289,24.9300003052,25.0366668701,3.2156137232517867,1,2.117650649019609,2.0993286193573324,-3.1845524846408346,-0.36259631480179966,-3.6781955402870548,-3.124184701960786,2.0,2.0,0.16591944359568664,10.039129343958319,2.117650649019609,6.145105502628168
ACMR,2021-12-15,stress,True,True,D-1,24.6333332062,24.9300003052,22.9933338165,24.4133338928,25.0366668701,24.939666748,1.6373491176520316,0,2.0993286193573324,-3.1845524846408346,-0.36259631480179966,-3.6781955402870548,-1.7946269593527298,-6.835639877187849,1.0,3.0,0.2183603226691657,12.0500090136749,2.0993286193573324,7.506141230213415
ACMR,2021-12-16,stress,True,True,D-1,24.8833332062,25.0366668701,23.3666667938,23.6733322144,24.939666748,24.7666664124,0.22639065808902625,0,-3.1845524846408346,-0.36259631480179966,-3.6781955402870548,-1.7946269593527298,0.6320431263530546,-8.17451953410373,1.0,4.0,0.33890227725882976,11.346252677177082,0.6320431263530546,1.1739266493399292
ACMR,2021-12-17,stress,True,True,D-1,24.1066665649,24.939666748,23.5333328247,24.8066673279,24.7666664124,25.0583324432,3.9477290472240245,1,-0.36259631480179966,-3.6781955402870548,-1.7946269593527298,0.6320431263530546,-3.0311373352340243,-8.02901155819118,1.0,4.0,0.20399948046117813,11.208120374308916,0.6320431263530546,2.4182523040586323
ACMR,2021-12-20,stress,True,True,D-1,24.6666679382,24.7666664124,23.2433338165,23.4500007629,25.0583324432,25.4893321991,3.335125210105838,1,-3.6781955402870548,-1.7946269593527298,0.6320431263530546,-3.0311373352340243,4.787391581530787,-3.2752799295997392,2.0,4.0,0.6210046109648454,4.46116582397722,4.787391581530787,0.6320431263530546
ACMR,2021-12-21,stress,True,True,D-1,23.8433322906,25.0583324432,23.6849994659,24.9400005341,25.4893321991,26.2766666412,10.205512891162938,1,-1.7946269593527298,0.6320431263530546,-3.0311373352340243,4.787391581530787,-5.468959401387064,-5.073534583866879,2.0,2.0,0.22349119522900626,6.766166548319474,4.787391581530787,1.5754314481886689
ACMR,2021-12-22,stress,True,True,D-1,24.7366676331,25.4893321991,24.4366664886,25.2366676331,26.2766666412,26.546667099,7.317070725719121,1,0.6320431263530546,-3.0311373352340243,4.787391581530787,-5.468959401387064,6.353943380493665,2.8029690799010964,3.0,0.0,0.9426963739491188,0.4744663454926856,6.353943380493665,4.787391581530787
ACMR,2021-12-23,stress,True,True,D-1,25.1733322144,26.2766666412,25.170999527,25.8733329773,26.546667099,26.5300006866,5.455514879410384,1,-3.0311373352340243,4.787391581530787,-5.468959401387064,6.353943380493665,1.1895232263302136,3.372475647591977,3.0,0.0,0.887504564581426,1.0011803843254174,6.353943380493665,4.787391581530787
ACMR,2021-12-27,stress,True,True,D-1,26.0,26.546667099,25.7199993134,26.4333324432,26.5300006866,26.9150009155,3.5192342903846097,1,4.787391581530787,-5.468959401387064,6.353943380493665,1.1895232263302136,2.5227789716775417,9.293160519083088,4.0,0.0,0.8670328357588355,1.558877877287257,6.353943380493665,6.353943380493665
ACMR,2021-12-28,stress,True,True,D-1,26.5300006866,26.5300006866,25.7866668701,26.1733322144,26.9150009155,28.8033332825,8.568912691541053,1,-5.468959401387064,6.353943380493665,1.1895232263302136,2.5227789716775417,2.1643885864697676,6.557370620560921,4.0,0.0,0.9656908201178458,0.4287565937572735,6.353943380493665,6.353943380493665
ACMR,2021-12-29,stress,True,True,D-1,26.1666679382,26.9150009155,25.7666664124,26.8700008392,28.8033332825,29.0,10.828020092171142,1,6.353943380493665,1.1895232263302136,2.5227789716775417,2.1643885864697676,-0.9836074560734653,11.613353359922062,4.0,1.0,0.8695393971397112,1.4263941692323145,6.353943380493665,6.353943380493665
ACMR,2021-12-30,stress,True,True,D-1,26.7933330536,28.8033332825,26.7933330536,28.3866672516,29.0,30.0699996948,12.229410333701418,1,1.1895232263302136,2.5227789716775417,2.1643885864697676,-0.9836074560734653,2.6617498264768447,7.738573631789403,4.0,0.0,0.9818426134053719,0.16747329696524815,2.6617498264768447,2.5227789716775417
ACMR,2021-12-31,stress,True,True,D-1,28.2333335876,29.0,28.2333335876,28.4233322144,30.0699996948,30.0300006866,6.505310828780986,1,2.5227789716775417,2.1643885864697676,-0.9836074560734653,2.6617498264768447,5.644459862417905,12.481836604958518,4.0,0.0,0.8852897175902149,1.4678230001675008,5.644459862417905,2.5227789716775417
ACMR,2022-01-03,stress,True,True,D-1,28.8333320618,30.0699996948,28.5366668701,29.8266677856,30.0300006866,30.5300006866,5.88440011429634,1,2.1643885864697676,-0.9836074560734653,2.6617498264768447,5.644459862417905,0.12916261875699497,9.855704478960025,4.0,0.0,0.8241866875345789,2.02885355330662,5.644459862417905,2.6617498264768447
ACMR,2022-01-04,stress,True,True,D-1,29.6633338928,30.0300006866,27.1299991608,28.1599998474,30.5300006866,28.6666679382,2.921676966358655,0,-0.9836074560734653,2.6617498264768447,5.644459862417905,0.12916261875699497,4.937266188969347,12.837334640615627,4.0,0.0,0.9434550165577019,0.8158199600073246,5.644459862417905,5.644459862417905
ACMR,2022-01-05,stress,True,True,D-1,29.1566677094,30.5300006866,26.4266662598,26.6499996185,28.6666679382,28.8466663361,-1.0632263480509385,0,2.6617498264768447,5.644459862417905,0.12916261875699497,4.937266188969347,-5.587844911742534,7.59042683876141,4.0,1.0,0.5561580472487185,6.782669949397557,5.644459862417905,6.5709253627106
ACMR,2022-01-06,stress,True,True,D-1,27.1700000763,28.6666679382,26.6399993896,27.8999996185,28.8466663361,27.6666679382,6.171020445680941,1,5.644459862417905,0.12916261875699497,4.937266188969347,-5.587844911742534,-5.362216751004056,-0.8187614954557221,3.0,0.0,0.054427286560254126,14.559103653444572,5.644459862417905,16.294889169286918
ACMR,2022-01-07,stress,True,True,D-1,27.8600006104,28.8466663361,26.5866661072,27.3333320618,27.6666679382,28.2633323669,1.4477090727321729,0,0.12916261875699497,4.937266188969347,-5.587844911742534,-5.362216751004056,4.690431586844257,-1.7144232846586394,3.0,1.0,0.35905758718501135,9.426527254703231,4.937266188969347,5.860562461373298
ACMR,2022-01-10,stress,True,True,D-1,26.7600002289,27.6666679382,25.7066669464,27.5766677856,28.2633323669,28.6000003815,6.875934741632972,1,4.937266188969347,-5.587844911742534,-5.362216751004056,4.690431586844257,-2.03106653924201,-3.834878135955422,2.0,2.0,0.2209583006635571,11.695129659173675,4.937266188969347,4.937266188969347
ACMR,2022-01-11,stress,True,True,D-1,27.6366672516,28.2633323669,26.8799991608,27.8666667938,28.6000003815,29.1566677094,5.499941233731809,1,-5.587844911742534,-5.362216751004056,4.690431586844257,-2.03106653924201,0.8902526894629004,-7.543584875700649,2.0,3.0,0.3876988282221711,10.70953504593537,4.690431586844257,5.8493270611137405
ACMR,2022-01-12,stress,True,True,D-1,28.3333320618,28.6000003815,27.4200000763,28.2533321381,29.1566677094,29.8600006104,5.38824217804692,1,-5.362216751004056,4.690431586844257,-2.03106653924201,0.8902526894629004,1.051610043877127,-1.0416656789402845,3.0,4.0,0.4478230128256553,9.557418231995229,4.690431586844257,4.690431586844257
ACMR,2022-01-13,stress,True,True,D-1,28.8166675568,29.1566677094,27.6566677094,27.8566665649,29.8600006104,28.7000007629,3.6205888538065834,1,4.690431586844257,-2.03106653924201,0.8902526894629004,1.051610043877127,1.3875550569472095,6.016257195317154,4.0,3.0,0.8110400276043721,2.100050341318438,4.690431586844257,4.690431586844257
ACMR,2022-01-14,stress,True,True,D-1,27.3366661072,29.8600006104,27.0100002289,29.5566673279,28.7000007629,27.9666671753,4.987201622735271,1,-2.03106653924201,0.8902526894629004,1.051610043877127,1.3875550569472095,-1.4039603231970288,-0.155315606424844,3.0,0.0,0.6231881573934596,4.666750565690547,1.3875550569472095,1.0874960325890082
ACMR,2022-01-18,stress,True,True,D-1,28.6966667175,28.7000007629,27.0103321075,27.1633338928,27.9666671753,28.0833320618,-2.1373027806256384,0,0.8902526894629004,1.051610043877127,1.3875550569472095,-1.4039603231970288,6.102671182998032,8.134153790957853,4.0,0.0,0.9269663101885574,1.0262770126781673,6.102671182998032,1.3875550569472095
ACMR,2022-01-19,stress,True,True,D-1,27.2666664124,27.9666671753,26.7366676331,27.2433338165,28.0833320618,26.5799999237,2.99510632157296,0,1.051610043877127,1.3875550569472095,-1.4039603231970288,6.102671182998032,-8.097440109023434,-1.498853654159893,3.0,1.0,0.09507872287714211,9.927598461375853,6.102671182998032,3.876484127066504
ACMR,2022-01-20,stress,True,True,D-1,27.6666679382,28.0833320618,26.1366672516,26.3199996948,26.5799999237,24.9500007629,-3.9277155345462167,0,1.3875550569472095,-1.4039603231970288,6.102671182998032,-8.097440109023434,0.29451437741669917,-2.236840817426655,3.0,2.0,0.1622197143507874,9.604796577117902,6.102671182998032,13.929445039928545
ACMR,2022-01-21,stress,True,True,D-1,25.9099998474,26.5799999237,24.4500007629,24.5400009155,24.9500007629,24.796667099,-3.705129641659699,0,-1.4039603231970288,6.102671182998032,-8.097440109023434,0.29451437741669917,-3.3892112027081756,-6.842847540424712,2.0,3.0,0.04923879371872512,13.449851659000567,6.102671182998032,9.207349722562485
ACMR,2022-01-24,stress,True,True,D-1,23.6700000763,24.9500007629,23.1433334351,24.8233337402,24.796667099,26.3233337402,11.209690136658246,1,6.102671182998032,-8.097440109023434,0.29451437741669917,-3.3892112027081756,-6.762913373633783,-11.906182822244315,2.0,4.0,0.016635888195373608,21.678889553503545,6.102671182998032,16.02558634165134
ACMR,2022-01-25,stress,True,True,D-1,24.0200004578,24.796667099,23.3899993896,24.1299991608,26.3233337402,25.8966674805,9.589230801417582,1,-8.097440109023434,0.29451437741669917,-3.3892112027081756,-6.762913373633783,1.1545754447019663,-16.01443604987215,2.0,4.0,0.30233955102817817,15.617028169032565,1.1545754447019663,5.980935243506969
ACMR,2022-01-26,stress,True,True,D-1,24.8199996948,26.3233337402,24.3666667938,24.8600006104,25.8966674805,24.7399997711,4.337904105315404,1,0.29451437741669917,-3.3892112027081756,-6.762913373633783,1.1545754447019663,-2.79307600927583,-11.167019276687629,2.0,3.0,0.1997299595119744,16.383477159097136,1.1545754447019663,1.9652631117455188
ACMR,2022-01-27,stress,True,True,D-1,25.1933326721,25.8966674805,23.5233325958,23.6766662598,24.7399997711,26.75,6.178886089270397,1,-3.3892112027081756,-6.762913373633783,1.1545754447019663,-2.79307600927583,3.025285847443837,-8.748317009045826,2.0,4.0,0.347503573385963,12.965934723475204,3.025285847443837,1.1545754447019663
ACMR,2022-01-28,stress,True,True,D-1,23.8033332825,24.7399997711,22.8333320618,24.703332901,26.75,27.4500007629,15.319986646916384,1,-6.762913373633783,1.1545754447019663,-2.79307600927583,3.025285847443837,-4.759993248370876,-10.043060279830618,2.0,4.0,0.15518899679941447,12.26242593464053,3.025285847443837,3.033286247711253
ACMR,2022-01-31,stress,True,True,D-1,24.9333324432,26.75,24.8433322906,26.5499992371,27.4500007629,27.7933330536,11.470591092928695,1,1.1545754447019663,-2.79307600927583,3.025285847443837,-4.759993248370876,4.3361959404865535,0.6655744882097192,3.0,2.0,0.5358166016863656,6.557822969444027,4.3361959404865535,3.6554857893314474
ACMR,2022-02-01,stress,True,True,D-1,26.8299999237,27.4500007629,26.1399993896,27.3500003815,27.7933330536,26.7083320618,3.590507389636821,1,-2.79307600927583,3.025285847443837,-4.759993248370876,4.3361959404865535,7.475373236075544,6.955816309651275,3.0,0.0,0.9489359920075544,0.7532985636418577,7.475373236075544,3.025285847443837
ACMR,2022-02-02,stress,True,True,D-1,27.7933330536,27.7933330536,26.4333324432,26.8799991608,26.7083320618,26.9599990845,-2.998323257929869,0,3.025285847443837,-4.759993248370876,4.3361959404865535,7.475373236075544,3.0131870711397557,13.3443901064489,4.0,0.0,0.9783392771120496,0.36563210239530797,7.475373236075544,4.3361959404865535
ACMR,2022-02-03,stress,True,True,D-1,26.0333328247,26.7083320618,25.7366676331,25.8066673279,26.9599990845,27.6466674805,6.197188299568368,1,-4.759993248370876,4.3361959404865535,7.475373236075544,3.0131870711397557,-1.7184687902889961,8.125496785205023,3.0,0.0,0.8158601390786115,3.397819647747413,7.475373236075544,7.475373236075544
ACMR,2022-02-04,stress,True,True,D-1,25.8066673279,26.9599990845,25.4316673279,26.6499996185,27.6466674805,27.5799999237,7.12994099246107,1,4.3361959404865535,7.475373236075544,3.0131870711397557,-1.7184687902889961,-3.9930500982502837,8.996203455029782,3.0,1.0,0.5994626353937417,7.6982653376252985,7.475373236075544,13.118272804895781
ACMR,2022-02-07,stress,True,True,D-1,26.9633331299,27.6466674805,26.5499992371,26.7366676331,27.5799999237,28.9183330536,7.250586988936014,1,7.475373236075544,3.0131870711397557,-1.7184687902889961,-3.9930500982502837,3.2678853099650684,7.880178457301201,3.0,2.0,0.6124294442767234,4.290181806630566,7.475373236075544,8.331026321941026
ACMR,2022-02-08,stress,True,True,D-1,26.5799999237,27.5799999237,26.5799999237,27.2399997711,28.9183330536,29.4966678619,10.973167594328537,1,3.0131870711397557,-1.7184687902889961,-3.9930500982502837,3.2678853099650684,0.3252083145991458,0.7030824910124966,3.0,3.0,0.5525762138980091,3.9521208663709784,3.2678853099650684,3.0131870711397557
ACMR,2022-02-09,stress,True,True,D-1,27.7766666412,28.9183330536,27.4666671753,28.6599998474,29.4966678619,28.3466663361,6.19225209028067,1,-1.7184687902889961,-3.9930500982502837,3.2678853099650684,0.3252083145991458,1.8825537456914399,-0.4021960104775957,3.0,4.0,0.7657021158928011,2.0313263111222835,3.2678853099650684,3.2678853099650684
ACMR,2022-02-10,stress,True,True,D-1,28.0799999237,29.4966678619,27.8366661072,28.0933322906,28.3466663361,27.6166667938,0.9496667134066827,0,-3.9930500982502837,3.2678853099650684,0.3252083145991458,1.8825537456914399,5.212922497182015,6.62202657058053,4.0,0.0,0.925908238264471,0.9013719733967029,5.212922497182015,3.2678853099650684
ACMR,2022-02-11,stress,True,True,D-1,28.0833320618,28.3466663361,26.2900009155,26.8666667938,27.6166667938,28.657333374,2.0439216790117953,0,3.2678853099650684,0.3252083145991458,1.8825537456914399,5.212922497182015,-1.9772071172966532,8.860752663819738,4.0,0.0,0.6547760425706253,4.995262067111761,5.212922497182015,3.2678853099650684
ACMR,2022-02-14,stress,True,True,D-1,26.9599990845,27.6166667938,26.3783321381,26.7600002289,28.657333374,28.9033336639,7.208214560056381,1,0.3252083145991458,1.8825537456914399,5.212922497182015,-1.9772071172966532,-4.366393719731287,0.8130100502875548,3.0,1.0,0.17983341829353428,9.789085815092346,5.212922497182015,11.470190686814231
ACMR,2022-02-15,stress,True,True,D-1,27.5766677856,28.657333374,27.2333335876,28.2800006866,28.9033336639,28.4166679382,4.810827358165293,1,1.8825537456914399,5.212922497182015,-1.9772071172966532,-4.366393719731287,-0.3970219518433682,0.0872681521878027,2.0,2.0,0.14656941966725046,10.226710050788723,5.212922497182015,9.95900262718542
ACMR,2022-02-16,stress,True,True,D-1,28.0933322906,28.9033336639,27.6666679382,28.6233329773,28.4166679382,27.4599990845,1.1509337669714181,0,5.212922497182015,-1.9772071172966532,-4.366393719731287,-0.3970219518433682,5.680121243266822,3.817918224079353,2.0,3.0,0.6205819950631594,4.302217629989302,5.680121243266822,5.212922497182015
ACMR,2022-02-17,stress,True,True,D-1,28.0566673279,28.4166679382,27.1966667175,27.5033321381,27.4599990845,26.7366676331,-2.1266540192628747,0,-1.9772071172966532,-4.366393719731287,-0.3970219518433682,5.680121243266822,1.214046260128554,-0.12793743996941664,2.0,4.0,0.7276502676461425,3.051129249317719,5.680121243266822,0.0
ACMR,2022-02-18,stress,True,True,D-1,27.3333320618,27.4599990845,26.0933322906,26.2933330536,26.7366676331,27.0333328247,-1.097558235570073,0,-4.366393719731287,-0.3970219518433682,5.680121243266822,1.214046260128554,-3.9128945608403742,-2.100143003318311,2.0,1.0,0.46428501052644605,5.090297854711934,5.680121243266822,8.426473894057295
ACMR,2022-02-22,stress,True,True,D-1,25.453332901,26.7366676331,25.0333328247,25.8899993896,27.0333328247,26.8500003815,6.207438255121112,1,-0.3970219518433682,5.680121243266822,1.214046260128554,-3.9128945608403742,-4.399463593808706,-2.1339965415148043,2.0,2.0,0.07117461397007283,9.92647301496319,5.680121243266822,13.8203330262476
ACMR,2022-02-23,stress,True,True,D-1,26.0400009155,27.0333328247,24.8533325195,24.8533325195,26.8500003815,27.5966663361,5.977977595513129,1,5.680121243266822,1.214046260128554,-3.9128945608403742,-4.399463593808706,-1.5339769331556008,-3.251124184821297,2.0,3.0,0.22136082148165326,11.638989360156016,5.680121243266822,11.54607501351952
ACMR,2022-02-24,stress,True,True,D-1,23.6366672516,26.8500003815,23.4333324432,26.7433338165,27.5966663361,27.9300003052,18.163868061007538,1,1.214046260128554,-3.9128945608403742,-4.399463593808706,-1.5339769331556008,-4.004120875014106,-12.116930989763619,1.0,4.0,0.0,16.295605996589615,1.214046260128554,6.690721777699882
ACMR,2022-02-25,stress,True,True,D-1,27.5033321381,27.5966663361,26.1299991608,27.3533325195,27.9300003052,27.8166675568,1.5513326347426304,0,-3.9128945608403742,-4.399463593808706,-1.5339769331556008,-4.004120875014106,7.6046192015380765,-6.568065159605796,1.0,4.0,0.664214034279063,6.257013927962829,7.6046192015380765,0.0
ACMR,2022-02-28,stress,True,True,D-1,26.7800006866,27.9300003052,26.6833324432,27.4733333588,27.8166675568,27.7366676331,3.871048706577218,1,-4.399463593808706,-1.5339769331556008,-4.004120875014106,7.6046192015380765,2.2809373998975646,-0.5453870747254119,2.0,0.0,0.9415531343726784,0.8895947739695931,7.6046192015380765,0.0
ACMR,2022-03-01,stress,True,True,D-1,27.4500007629,27.8166675568,26.6666679382,27.1533336639,27.7366676331,27.5833320618,1.0443237239812664,0,-1.5339769331556008,-4.004120875014106,7.6046192015380765,2.2809373998975646,0.43870646918233724,4.487830823100758,3.0,0.0,0.8984432561143431,1.6622189249333452,7.6046192015380765,7.6046192015380765
ACMR,2022-03-02,stress,True,True,D-1,27.1533336639,27.7366676331,26.5933322906,27.4766674042,27.5833320618,26.8966674805,1.5835933930708368,0,-4.004120875014106,7.6046192015380765,2.2809373998975646,0.43870646918233724,-1.1647647219244384,4.879622650000837,3.0,1.0,0.8272795178262156,2.8602994052717934,7.6046192015380765,8.335787352466017
ACMR,2022-03-03,stress,True,True,D-1,27.5833320618,27.5833320618,26.2099990845,26.5866661072,26.8966674805,26.2600002289,-2.4894185363883548,0,7.6046192015380765,2.2809373998975646,0.43870646918233724,-1.1647647219244384,1.19076995960119,10.555264098453288,4.0,2.0,0.8991847041159119,1.6498831329548436,7.6046192015380765,7.6046192015380765
ACMR,2022-03-04,stress,True,True,D-1,26.5433330536,26.8966674805,25.1299991608,25.4466667175,26.2600002289,27.2116661072,2.517894238264673,0,2.2809373998975646,0.43870646918233724,-1.1647647219244384,1.19076995960119,-3.2391166072198385,-0.5858196677160032,3.0,3.0,0.2537036978119372,5.052661332502351,2.2809373998975646,4.36785447503143
ACMR,2022-03-07,stress,True,True,D-1,25.4099998474,26.2600002289,25.2433338165,25.2933330536,27.2116661072,27.6100006104,8.65801171275924,1,0.43870646918233724,-1.1647647219244384,1.19076995960119,-3.2391166072198385,-4.287861385490799,-6.9705064296672115,2.0,4.0,0.11309550974053546,9.758973995569242,1.19076995960119,8.57885912207982
ACMR,2022-03-08,stress,True,True,D-1,25.5100002289,27.2116661072,24.7466678619,26.7866668701,27.6100006104,23.0833320618,8.232067278152865,1,-1.1647647219244384,1.19076995960119,-3.2391166072198385,-4.287861385490799,-0.6025687592102202,-7.934968344500948,1.0,4.0,0.06079421377166521,9.976283069742964,1.19076995960119,6.055362791155006
ACMR,2022-03-09,stress,True,True,D-1,27.3666667938,27.6100006104,26.6633338928,27.2833328247,23.0833320618,21.9043331146,-15.651649374305254,0,1.19076995960119,-3.2391166072198385,-4.287861385490799,-0.6025687592102202,5.904061016139783,-1.3503564547121538,2.0,4.0,0.6822739679947432,3.546543388944068,5.904061016139783,1.19076995960119
ACMR,2022-03-10,stress,True,True,D-1,23.0233325958,23.0833320618,19.2066669464,21.2666664124,21.9043331146,18.1000003815,-4.860284568030481,0,-3.2391166072198385,-4.287861385490799,-0.6025687592102202,5.904061016139783,1.8541536242957957,-0.7036318366267613,2.0,0.0,0.88591343920083,1.1973162802319415,5.904061016139783,0.0
ACMR,2022-03-11,stress,True,True,D-1,21.7433338165,21.9043331146,18.3600006104,18.7833328247,18.1000003815,16.2299995422,-16.756093917094017,0,-4.287861385490799,-0.6025687592102202,5.904061016139783,1.8541536242957957,-22.052534604031315,-20.010029363400616,2.0,1.0,0.24514074394368834,29.82759062934932,5.904061016139783,26.51132986548503
ACMR,2022-03-14,stress,True,True,D-1,17.9366664886,18.1000003815,14.0733327866,15.3566665649,16.2299995422,20.1663322449,12.430769996850355,1,-0.6025687592102202,5.904061016139783,1.8541536242957957,-22.052534604031315,-11.677117323155251,-26.18548813003292,2.0,2.0,0.045765644789189215,46.992021427065225,5.904061016139783,37.0586126048842
ACMR,2022-03-15,stress,True,True,D-1,14.6866674423,16.2299995422,14.3246669769,15.766667366,20.1663322449,20.2666664124,37.99363601049952,1,5.904061016139783,1.8541536242957957,-22.052534604031315,-11.677117323155251,-18.243121664191296,-39.28571401658634,2.0,3.0,0.09480426017720979,79.79162661190328,5.904061016139783,33.694029283352755
ACMR,2022-03-16,stress,True,True,D-1,19.0966663361,20.1663322449,17.5100002289,19.8999996185,20.2666664124,21.1700000763,10.857045432482671,1,1.8541536242957957,-22.052534604031315,-11.677117323155251,-18.243121664191296,2.6698554622337056,-41.13986841864532,2.0,4.0,0.1250924231458794,75.11627517391237,2.6698554622337056,17.914484806486733
ACMR,2022-03-17,stress,True,True,D-1,19.3333320618,20.2666664124,19.0033321381,19.7900009155,21.1700000763,20.9566669464,9.500007596357385,1,-22.052534604031315,-11.677117323155251,-18.243121664191296,2.6698554622337056,26.215636802317,-27.06169826699383,2.0,4.0,0.6466889345860312,15.99664575038795,26.215636802317,0.0
ACMR,2022-03-18,stress,True,True,D-1,19.6833324432,21.1700000763,19.3366661072,20.6000003815,20.9566669464,22.2299995422,12.9381907578348,1,-11.677117323155251,-18.243121664191296,2.6698554622337056,26.215636802317,-0.5527573121043794,-6.943568250259469,2.0,4.0,0.7300048383933612,10.683840835216962,26.215636802317,2.6698554622337056
ACMR,2022-03-21,stress,True,True,D-1,20.3333320618,20.9566669464,19.546667099,19.8833332062,22.2299995422,22.7333335876,11.803286930570799,1,-18.243121664191296,2.6698554622337056,26.215636802317,-0.5527573121043794,4.092973362955177,9.671699765715115,3.0,0.0,0.9196806512787644,2.766988758465727,26.215636802317,26.215636802317
ACMR,2022-03-22,stress,True,True,D-1,20.5633335114,22.2299995422,20.3500003815,21.6800003052,22.7333335876,23.0,11.849569464256128,1,2.6698554622337056,26.215636802317,-0.5527573121043794,4.092973362955177,-3.4789668059599044,29.476883034280288,3.0,1.0,0.8120373615985499,6.471082372138648,26.215636802317,26.215636802317
ACMR,2022-03-23,stress,True,True,D-1,21.296667099,22.7333335876,21.1366672516,22.0866661072,23.0,22.0,7.9981195793776605,1,26.215636802317,-0.5527573121043794,4.092973362955177,-3.4789668059599044,9.03604581972084,37.50528124892008,3.0,0.0,0.8834747209707816,2.536896813917866,26.215636802317,26.215636802317
ACMR,2022-03-24,stress,True,True,D-1,23.0,23.0,20.7299995422,21.8099994659,22.0,22.2000007629,-3.478257552608699,0,-0.5527573121043794,4.092973362955177,-3.4789668059599044,9.03604581972084,1.8757647429666235,10.988274023217404,3.0,0.0,0.8266307696779351,2.927863704106959,9.03604581972084,4.092973362955177
ACMR,2022-03-25,stress,True,True,D-1,21.6299991608,22.0,20.7800006866,21.75,22.2000007629,23.1200008392,6.888588701844833,1,4.092973362955177,-3.4789668059599044,9.03604581972084,1.8757647429666235,-1.252641027655188,10.207167543978679,3.0,0.0,0.6751591394825203,5.456215328939229,9.03604581972084,9.03604581972084
ACMR,2022-03-28,stress,True,True,D-1,21.5599994659,22.2000007629,20.8099994659,21.5300006866,23.1200008392,23.1499996185,7.37476897953917,1,-3.4789668059599044,9.03604581972084,1.8757647429666235,-1.252641027655188,-0.27510072154659504,5.582522316517857,2.0,1.0,0.6380308427148651,5.747126436781613,9.03604581972084,10.560341544417152
ACMR,2022-03-29,stress,True,True,D-1,22.0400009155,23.1200008392,21.9200000763,23.0200004578,23.1499996185,21.5400009155,5.036291546700333,1,9.03604581972084,1.8757647429666235,-1.252641027655188,-0.27510072154659504,-1.0114910960919543,8.281647062508313,2.0,2.0,0.445283198103978,6.827678896986322,9.03604581972084,10.319855018055659
ACMR,2022-03-30,stress,True,True,D-1,22.7199993134,23.1499996185,21.2000007629,21.4699993134,21.5400009155,22.2999992371,-1.8485919409878093,0,1.8757647429666235,-1.252641027655188,-0.27510072154659504,-1.0114910960919543,6.920574657145062,6.180812424982274,2.0,0.0,0.9581588589405685,0.4344065135155839,6.920574657145062,1.8757647429666235
ACMR,2022-03-31,stress,True,True,D-1,21.5400009155,21.5400009155,20.0400009155,20.6900005341,22.2999992371,22.8600006104,6.128132027841016,1,-1.252641027655188,-0.27510072154659504,-1.0114910960919543,6.920574657145062,-6.733280250108786,-2.7920320378229224,1.0,0.0,0.30578501978041345,7.824873585587255,6.920574657145062,0.2786872795473072
ACMR,2022-04-01,stress,True,True,D-1,21.3400001526,22.2999992371,20.5499992371,20.7800006866,22.8600006104,22.0,7.1227762274163275,1,-0.27510072154659504,-1.0114910960919543,6.920574657145062,-6.733280250108786,-3.6329706764973158,-5.135254283481849,1.0,1.0,0.20900317996049084,11.889797104381806,6.920574657145062,17.042207486698338
ACMR,2022-04-04,stress,True,True,D-1,21.3199996948,22.8600006104,20.9099998474,22.0699996948,22.0,20.4799995422,3.1894949105738313,1,-1.0114910960919543,6.920574657145062,-6.733280250108786,-3.6329706764973158,0.43499347596278604,-4.459766958160916,2.0,2.0,0.23794214781703144,11.405191788219216,6.920574657145062,10.134355043106002
ACMR,2022-04-05,stress,True,True,D-1,21.8999996185,22.0,20.3199996948,20.5499992371,20.4799995422,20.5100002289,-6.347029286821537,0,6.920574657145062,-6.733280250108786,-3.6329706764973158,0.43499347596278604,6.207887226066622,2.5081235066382934,3.0,3.0,0.6527329986799676,4.8935203381740955,6.920574657145062,6.920574657145062
ACMR,2022-04-06,stress,True,True,D-1,20.0499992371,20.4799995422,19.3500003815,20.25,20.5100002289,18.6749992371,2.294269373082214,0,-6.733280250108786,-3.6329706764973158,0.43499347596278604,6.207887226066622,-6.8871793326672925,-10.72980526315791,2.0,4.0,0.16398666697450417,12.652070452178332,6.207887226066622,1.5418339085924049
ACMR,2022-04-07,stress,True,True,D-1,20.2700004578,20.5100002289,18.3600006104,19.0599994659,18.6749992371,17.7099990845,-7.868777428104268,0,-3.6329706764973158,0.43499347596278604,6.207887226066622,-6.8871793326672925,-1.4598503563853948,-5.682344445342224,2.0,2.0,0.25641013099935084,12.888891903209876,6.207887226066622,14.454374403086469
ACMR,2022-04-08,stress,True,True,D-1,18.5300006866,18.6749992371,17.5499992371,17.8999996185,17.7099990845,18.2000007629,-1.7808953668233873,0,0.43499347596278604,6.207887226066622,-6.8871793326672925,-1.4598503563853948,-5.87654584740741,-7.878206989475589,2.0,3.0,0.15555530122222194,19.937047486798388,6.207887226066622,13.458494654362894
ACMR,2022-04-11,stress,True,True,D-1,17.6000003815,17.7099990845,16.9599990845,17.4400005341,18.2000007629,17.7900009155,3.4090930022404153,1,6.207887226066622,-6.8871793326672925,-1.4598503563853948,-5.87654584740741,-6.086043441267341,-13.859484951591805,1.0,4.0,0.06591342577798369,27.70950333861315,6.207887226066622,17.812827381622174
ACMR,2022-04-12,stress,True,True,D-1,17.8199996948,18.2000007629,17.0,17.1499996185,17.7900009155,17.7199993134,-0.16834332106501204,0,-6.8871793326672925,-1.4598503563853948,-5.87654584740741,-6.086043441267341,-2.5698273419211826,-20.97870061045307,0.0,4.0,0.09523836555739604,26.146785127580397,-1.4598503563853948,8.499469974793639
ACMR,2022-04-13,stress,True,True,D-1,17.3099994659,17.7900009155,16.7299995422,17.1399993896,17.7199993134,17.4500007629,2.3685722712336377,0,-1.4598503563853948,-5.87654584740741,-6.086043441267341,-2.5698273419211826,-1.66284923577249,-16.54501092370748,0.0,3.0,0.05352125992965336,19.59184072969604,-1.4598503563853948,4.189944223377862
ACMR,2022-04-14,stress,True,True,D-1,17.4300003052,17.7199993134,16.3199996948,16.6399993896,17.4500007629,17.3600006104,0.11474731698102314,0,-5.87654584740741,-6.086043441267341,-2.5698273419211826,-1.66284923577249,-0.05831037389186777,-15.358027705679012,0.0,4.0,0.10846554839066301,19.661615865312164,-0.05831037389186777,1.7201899960577194
ACMR,2022-04-18,stress,True,True,D-1,16.6100006104,17.4500007629,16.4650001526,16.6900005341,17.3600006104,17.3899993896,4.6959587630094335,1,-6.086043441267341,-2.5698273419211826,-1.66284923577249,-0.05831037389186777,-2.9171529626972115,-12.696747870479165,0.0,4.0,0.13588100084617155,12.2295668398394,-0.05831037389186777,2.9737623337895314
ACMR,2022-04-19,stress,True,True,D-1,16.5799999237,17.3600006104,16.5799999237,17.0400009155,17.3899993896,17.7199993134,6.875750271086822,1,-2.5698273419211826,-1.66284923577249,-0.05831037389186777,-2.9171529626972115,0.30048765825827495,-6.759771565299044,1.0,3.0,0.1968088452598263,9.047334814129314,0.30048765825827495,2.625430989064348
ACMR,2022-04-20,stress,True,True,D-1,17.2999992371,17.3899993896,16.5599994659,16.7800006866,17.7199993134,16.6299991608,2.427746212839743,0,-1.66284923577249,-0.05831037389186777,-2.9171529626972115,0.30048765825827495,2.0970663283377267,-2.2935757244840316,2.0,4.0,0.38297915512763986,6.807510475805412,2.0970663283377267,0.0
ACMR,2022-04-21,stress,True,True,D-1,16.9699993134,17.7199993134,16.0699996948,16.3099994659,16.6299991608,16.0799999237,-2.0035366314453795,0,-0.05831037389186777,-2.9171529626972115,0.30048765825827495,2.0970663283377267,-1.5258228575768196,-2.157428222335789,2.0,4.0,0.3129255849059457,6.019071439648704,2.0970663283377267,0.30048765825827495
ACMR,2022-04-22,stress,True,True,D-1,16.2999992371,16.6299991608,15.5699996948,15.7600002289,16.0799999237,16.0100002289,-1.349689102434215,0,-2.9171529626972115,0.30048765825827495,2.0970663283377267,-1.5258228575768196,-2.800960676213382,-4.842473472919828,2.0,4.0,0.1454544403492865,8.645002413690728,2.0970663283377267,6.381112163898528
ACMR,2022-04-25,stress,True,True,D-1,15.4499998093,16.0799999237,15.2399997711,16.0400009155,16.0100002289,15.5399999619,3.6245982298518387,1,0.30048765825827495,2.0970663283377267,-1.5258228575768196,-2.800960676213382,-3.37215974868611,-5.288456688586174,2.0,1.0,0.0883723571187053,12.43654223371038,2.0970663283377267,8.175733884737435
ACMR,2022-04-26,stress,True,True,D-1,15.8199996948,16.0100002289,14.8500003815,15.0500001907,15.5399999619,15.5900001526,-1.4538530128771154,0,2.0970663283377267,-1.5258228575768196,-2.800960676213382,-3.37215974868611,1.7766540769875494,-3.8945452234825484,2.0,2.0,0.32258116614733795,10.473804875388515,2.0970663283377267,3.7524836136938577
ACMR,2022-04-27,stress,True,True,D-1,14.6300001144,15.5399999619,14.6300001144,14.7100000381,15.5900001526,16.0499992371,9.70607731781441,1,-1.5258228575768196,-2.800960676213382,-3.37215974868611,1.7766540769875494,-6.1720739918619705,-11.678407381949407,1.0,3.0,0.0696863706034891,17.740857733343397,1.7766540769875494,4.505076319085521
ACMR,2022-04-28,stress,True,True,D-1,14.970000267,15.5900001526,14.3800001144,15.3100004196,16.0499992371,15.9499998093,7.214421849281849,1,-2.800960676213382,-3.37215974868611,1.7766540769875494,-6.1720739918619705,-2.2591371979523323,-12.336117781884482,1.0,4.0,0.025889949656262314,20.462265584662642,1.7766540769875494,10.068429647366562
ACMR,2022-04-29,stress,True,True,D-1,15.6800003052,16.0499992371,15.029999733,15.1099996567,15.9499998093,16.4200000763,4.7193862034211165,1,-3.37215974868611,1.7766540769875494,-6.1720739918619705,-2.2591371979523323,4.078860502691728,-6.131202201390251,2.0,4.0,0.4133336441577612,8.621807348288035,4.078860502691728,1.7766540769875494
ACMR,2022-05-02,stress,True,True,D-1,15.0,15.9499998093,14.8900003433,15.9099998474,16.4200000763,16.9799995422,13.199996948000003,1,1.7766540769875494,-6.1720739918619705,-2.2591371979523323,4.078860502691728,-1.3063406754970308,-4.124369053041366,2.0,4.0,0.42941154364045925,6.41959158860661,4.078860502691728,1.7766540769875494
ACMR,2022-05-03,stress,True,True,D-1,15.8500003815,16.4200000763,15.6700000763,16.1800003052,16.9799995422,16.7399997711,7.1293320725652976,1,-6.1720739918619705,-2.2591371979523323,4.078860502691728,-1.3063406754970308,5.294508331409986,-0.8104804281798605,2.0,1.0,0.916167986080344,0.8799458896467494,5.294508331409986,4.078860502691728
ACMR,2022-05-04,stress,True,True,D-1,16.4699993134,16.9799995422,15.7600002289,16.9099998474,16.7399997711,15.7700004578,1.6393471096281642,0,-2.2591371979523323,4.078860502691728,-1.3063406754970308,5.294508331409986,1.6970487768051434,7.508306313499391,3.0,0.0,0.8823530511851236,1.4833112890787037,5.294508331409986,4.078860502691728
ACMR,2022-05-05,stress,True,True,D-1,16.3999996185,16.7399997711,15.5799999237,16.0300006866,15.7700004578,14.5699996948,-3.84145838631198,0,4.078860502691728,-1.3063406754970308,5.294508331409986,1.6970487768051434,4.511739977936791,14.955811037402022,4.0,0.0,0.9730770345364151,0.4139544377983029,5.294508331409986,5.294508331409986
ACMR,2022-05-06,stress,True,True,D-1,15.7700004578,15.7700004578,14.5500001907,14.8900003433,14.5699996948,13.7600002289,-7.609389525454757,0,-1.3063406754970308,5.294508331409986,1.6970487768051434,4.511739977936791,-5.204016373396392,4.702810236884458,3.0,1.0,0.5454549187865719,5.92638062950388,5.294508331409986,6.221576414046492
ACMR,2022-05-09,stress,True,True,D-1,14.2899999619,14.5699996948,12.6400003433,12.8999996185,13.7600002289,12.9200000763,-3.708885475249024,0,5.294508331409986,1.6970487768051434,4.511739977936791,-5.204016373396392,-7.111667463950666,-1.4559849000555625,3.0,2.0,0.13991779561180673,14.036260246564947,5.294508331409986,17.240099829511546
ACMR,2022-05-10,stress,True,True,D-1,13.25,13.7600002289,12.1199998856,12.3900003433,12.9200000763,12.6999998093,-2.4905654618867956,0,1.6970487768051434,4.511739977936791,-5.204016373396392,-7.111667463950666,-13.364678837602806,-18.918920539096618,2.0,3.0,0.05990767815484818,31.62790732062377,4.511739977936791,24.037634762934957
ACMR,2022-05-11,stress,True,True,D-1,12.3900003433,12.9200000763,11.5699996948,11.6300001144,12.6999998093,13.9499998093,12.590794372686043,1,4.511739977936791,-5.204016373396392,-7.111667463950666,-13.364678837602806,-3.9534828704072655,-23.423979545179318,1.0,4.0,0.05555565365798591,37.04599735045273,4.511739977936791,21.301531397417286
ACMR,2022-05-12,stress,True,True,D-1,11.3999996185,12.6999998093,11.2299995422,12.4399995804,13.9499998093,13.9099998474,22.36842347487311,1,-5.204016373396392,-7.111667463950666,-13.364678837602806,-3.9534828704072655,-6.133980692833296,-31.22412643789485,0.0,4.0,0.011605496850000056,43.938087759542796,-3.9534828704072655,9.844957687275313
ACMR,2022-05-13,stress,True,True,D-1,12.9600000381,13.9499998093,12.7899999619,13.6499996185,13.9099998474,14.2229995728,9.745366751443019,1,-7.111667463950666,-13.364678837602806,-3.9534828704072655,-6.133980692833296,6.964741685574682,-22.395514363271364,1.0,4.0,0.2665197784525311,26.768496701934176,6.964741685574682,0.0
ACMR,2022-05-16,stress,True,True,D-1,13.5500001907,13.9099998474,13.0399999619,13.25,14.2229995728,14.1450004578,4.966785037847532,1,-13.364678837602806,-3.9534828704072655,-6.133980692833296,6.964741685574682,9.72668873724427,-8.327741411758648,2.0,4.0,0.7245508879441722,6.739927487273434,9.72668873724427,0.0
ACMR,2022-05-17,stress,True,True,D-1,13.8299999237,14.2229995728,13.5100002289,13.8900003433,14.1450004578,14.1599998474,2.3861165981244215,0,-3.9534828704072655,-6.133980692833296,6.964741685574682,9.72668873724427,-2.930400217432072,2.7131813321766396,2.0,1.0,0.7426471542054947,5.283017428679249,9.72668873724427,6.964741685574682
ACMR,2022-05-18,stress,True,True,D-1,13.3900003433,14.1450004578,13.1689996719,13.3000001907,14.1599998474,14.1700000763,5.825240575070567,1,-6.133980692833296,6.964741685574682,9.72668873724427,-2.930400217432072,4.830191270188688,12.106537194820488,3.0,0.0,0.8887406528247702,2.3974026009338845,9.72668873724427,9.72668873724427
ACMR,2022-05-19,stress,True,True,D-1,13.2100000381,14.1599998474,13.2100000381,13.6599998474,14.1700000763,14.1199998856,7.267222069880286,1,6.964741685574682,9.72668873724427,-2.930400217432072,4.830191270188688,-4.247661180833539,14.359415820058729,3.0,1.0,0.6916139750539971,6.939844878689572,9.72668873724427,9.72668873724427
ACMR,2022-05-20,stress,True,True,D-1,14.0500001907,14.1700000763,13.1920003891,13.8299999237,14.1199998856,13.4499998093,0.49821846227684485,0,9.72668873724427,-2.930400217432072,4.830191270188688,-4.247661180833539,2.7067642972796957,9.80707643207792,3.0,2.0,0.607118019350748,4.121520729790928,9.72668873724427,11.382559797110325
ACMR,2022-05-23,stress,True,True,D-1,13.8699998856,14.1199998856,13.6099996567,13.8699998856,13.4499998093,13.3900003433,-3.028118815891623,0,-2.930400217432072,4.830191270188688,-4.247661180833539,2.7067642972796957,1.2445100893054395,1.3186835914342776,3.0,3.0,0.6677939320698398,2.8416460684611344,4.830191270188688,4.830191270188688
ACMR,2022-05-24,stress,True,True,D-1,13.4099998474,13.4499998093,12.1929998398,12.6899995804,13.3900003433,14.4149999619,7.494408097960226,1,4.830191270188688,-4.247661180833539,2.7067642972796957,1.2445100893054395,0.28922604570267296,4.679244419622641,4.0,4.0,0.6650856542789273,2.5450590491099323,4.830191270188688,4.830191270188688
ACMR,2022-05-25,stress,True,True,D-1,12.6499996185,13.3900003433,12.4399995804,13.2299995422,14.4149999619,15.1400003433,19.683800789673512,1,-4.247661180833539,2.7067642972796957,1.2445100893054395,0.28922604570267296,-8.507572566205212,-8.639314134206156,3.0,2.0,0.25139083517757593,11.662730849777914,2.7067642972796957,10.949716933500763
ACMR,2022-05-26,stress,True,True,D-1,13.2100000381,14.4149999619,13.0399999619,14.220000267,15.1400003433,15.3699998856,16.351247852158778,1,2.7067642972796957,1.2445100893054395,0.28922604570267296,-8.507572566205212,4.255318988615597,-0.5263206578669744,4.0,3.0,0.5245319060941852,7.105068530816339,4.255318988615597,7.3210422257493075
ACMR,2022-05-27,stress,True,True,D-1,14.4499998093,15.1400003433,14.4300003052,14.9499998093,15.3699998856,15.4879999161,7.1833918373614525,1,1.2445100893054395,0.28922604570267296,-8.507572566205212,4.255318988615597,7.48299893467248,4.099563878886769,4.0,0.0,0.9122413662535235,1.371305845559867,7.48299893467248,1.2445100893054395
ACMR,2022-05-31,stress,True,True,D-1,15.1000003815,15.3699998856,14.6750001907,15.1599998474,15.4879999161,15.2849998474,2.569533276802849,0,0.28922604570267296,-8.507572566205212,4.255318988615597,7.48299893467248,5.133611312188879,8.098336166153498,4.0,0.0,0.9355274850566373,1.2709065981513001,7.48299893467248,4.255318988615597
ACMR,2022-06-01,stress,True,True,D-1,15.0500001907,15.4879999161,14.3109998703,14.5900001526,15.2849998474,14.9099998474,1.5614594931714132,0,-8.507572566205212,4.255318988615597,7.48299893467248,5.133611312188879,1.4046825470149127,9.300648683777514,4.0,0.0,0.9338998945002783,1.3852245403288554,7.48299893467248,7.48299893467248
ACMR,2022-06-02,stress,True,True,D-1,14.5,15.2849998474,14.4399995804,15.0100002289,14.9099998474,16.8700008392,16.344833373793087,1,4.255318988615597,7.48299893467248,5.133611312188879,1.4046825470149127,-3.7598924837572323,14.972424231869908,4.0,0.0,0.7053806874684067,6.154898931512154,7.48299893467248,9.891023424920654
ACMR,2022-06-03,stress,True,True,D-1,14.6400003433,14.9099998474,14.4200000763,14.5200004578,16.8700008392,15.3400001526,15.23224346726575,1,7.48299893467248,5.133611312188879,1.4046825470149127,-3.7598924837572323,2.878684523009767,13.454276253164599,4.0,1.0,0.8047386862161076,3.1845415050671955,7.48299893467248,8.472442338431662
ACMR,2022-06-06,stress,True,True,D-1,15.5200004578,16.8700008392,15.1300001144,15.25,15.3400001526,15.6590003967,0.8956181365970428,0,5.133611312188879,1.4046825470149127,-3.7598924837572323,2.878684523009767,-3.264488765007223,2.109705943509743,3.0,2.0,0.17757058569861298,6.666662725757688,5.133611312188879,5.613389887019982
ACMR,2022-06-07,stress,True,True,D-1,14.8100004196,15.3400001526,14.5050001144,15.1000003815,15.6590003967,15.1999998093,5.732612782214419,1,1.4046825470149127,-3.7598924837572323,2.878684523009767,-3.264488765007223,5.027544897960734,2.0066902643930407,3.0,0.0,0.36694012277128385,10.622956322622956,5.027544897960734,2.878684523009767
ACMR,2022-06-08,stress,True,True,D-1,15.1300001144,15.6590003967,14.9499998093,15.2299995422,15.1999998093,15.3599996567,1.5201555886380724,0,-3.7598924837572323,2.878684523009767,-3.264488765007223,5.027544897960734,-0.9836040557377079,-0.3957748450128862,2.0,1.0,0.30832364691880343,11.72185703961004,5.027544897960734,2.878684523009767
ACMR,2022-06-09,stress,True,True,D-1,14.9899997711,15.1999998093,14.3500003815,15.0799999237,15.3599996567,14.8299999237,2.4683114826548502,0,2.878684523009767,-3.264488765007223,5.027544897960734,-0.9836040557377079,0.860921572288631,4.38656191162512,3.0,2.0,0.33061192394945466,10.768229456972778,5.027544897960734,5.158695440911554
ACMR,2022-06-10,stress,True,True,D-1,14.875,15.3599996567,14.7100000381,14.8500003815,14.8299999237,13.8999996185,-0.30252152134453425,0,-3.264488765007223,5.027544897960734,-0.9836040557377079,0.860921572288631,-0.984895751863768,0.4663537224018466,2.0,3.0,0.28968230540175016,11.870032656212427,5.027544897960734,5.159998257528208
ACMR,2022-06-13,stress,True,True,D-1,14.0699996948,14.8299999237,13.3500003815,13.4099998474,13.8999996185,14.7100000381,4.54868768431127,1,5.027544897960734,-0.9836040557377079,0.860921572288631,-0.984895751863768,-1.5251959109000457,2.2727266755885323,2.0,4.0,0.19841266237560493,13.602696335392018,5.027544897960734,7.522614970990482
ACMR,2022-06-14,stress,True,True,D-1,13.5900001526,13.8999996185,13.3000001907,13.6899995804,14.7100000381,14.4499998093,8.241353001646035,1,-0.9836040557377079,0.860921572288631,-0.984895751863768,-1.5251959109000457,-9.69697304448517,-12.065574771147535,1.0,3.0,0.025985043527513227,16.7710706554262,0.860921572288631,11.935192691318274
ACMR,2022-06-15,stress,True,True,D-1,13.970000267,14.7100000381,13.8000001907,14.4499998093,14.4499998093,14.1700000763,3.4359308026203683,1,0.860921572288631,-0.984895751863768,-1.5251959109000457,-9.69697304448517,2.087992067011757,-9.337753413751459,2.0,4.0,0.16532401680510914,14.382767543097819,2.087992067011757,8.67237457767116
ACMR,2022-06-16,stress,True,True,D-1,13.970000267,14.4499998093,13.3999996185,13.6700000763,14.1700000763,15.154999733,8.482458434873564,1,-0.984895751863768,-1.5251959109000457,-9.69697304448517,2.087992067011757,5.551499285566774,-5.121469181523874,2.0,3.0,0.5582523867508612,6.2975768817264965,5.551499285566774,0.0
ACMR,2022-06-17,stress,True,True,D-1,13.8800001144,14.1700000763,13.7600002289,13.9200000763,15.154999733,15.1599998474,9.221900017652352,1,-1.5251959109000457,-9.69697304448517,2.087992067011757,5.551499285566774,-5.397922098919294,-9.350131661367056,2.0,4.0,0.17961164151097833,12.362835193614895,5.551499285566774,2.234080487121237
ACMR,2022-06-21,stress,True,True,D-1,14.2600002289,15.154999733,14.2600002289,14.6999998093,15.1599998474,15.5,8.695650429142066,1,-9.69697304448517,2.087992067011757,5.551499285566774,-5.397922098919294,1.8288222282707212,-6.262628156956729,3.0,4.0,0.40522875411508225,6.537355189741367,5.551499285566774,9.21931755542511
ACMR,2022-06-22,stress,True,True,D-1,14.4600000381,15.1599998474,14.0399999619,14.6499996185,15.5,16.0900001526,11.272476557435574,1,2.087992067011757,5.551499285566774,-5.397922098919294,1.8288222282707212,5.603446327044326,9.619686626246393,4.0,0.0,0.7547169617433707,3.0952376163443374,5.603446327044326,5.551499285566774
ACMR,2022-06-23,stress,True,True,D-1,14.8199996948,15.5,14.8199996948,15.4099998474,16.0900001526,16.1000003815,8.636981869501126,1,5.551499285566774,-5.397922098919294,1.8288222282707212,5.603446327044326,-0.34013735679346846,7.012418316465352,3.0,0.0,0.7102271803573857,3.4812303220538743,5.603446327044326,5.551499285566774
ACMR,2022-06-24,stress,True,True,D-1,15.6000003815,16.0900001526,15.1099996567,15.3999996185,16.1000003815,16.3799991608,4.999992052724567,1,-5.397922098919294,1.8288222282707212,5.603446327044326,-0.34013735679346846,5.1877150081306,6.643598967261899,3.0,0.0,0.9571427922619166,0.5840373360885165,5.603446327044326,5.603446327044326
ACMR,2022-06-27,stress,True,True,D-1,15.6000003815,16.1000003815,15.0500001907,16.0699996948,16.3799991608,15.904999733,4.999992052724567,1,1.8288222282707212,5.603446327044326,-0.34013735679346846,5.1877150081306,-0.06489441271270158,12.655446470694187,3.0,0.0,0.7038624220191867,4.480523059696062,5.603446327044326,5.603446327044326
ACMR,2022-06-28,stress,True,True,D-1,16.2199993134,16.3799991608,15.4499998093,15.5100002289,15.904999733,16.8700008392,4.007407850276579,1,5.603446327044326,-0.34013735679346846,5.1877150081306,-0.06489441271270158,4.350649953881347,15.445399473528454,3.0,0.0,0.9854365628207858,0.18668753745967326,5.603446327044326,5.603446327044326
ACMR,2022-06-29,stress,True,True,D-1,15.3599996567,15.904999733,14.7650003433,15.0,16.8700008392,16.8999996185,10.026041642053407,1,-0.34013735679346846,5.1877150081306,-0.06489441271270158,4.350649953881347,-3.4847509429711265,5.510207007537171,2.0,0.0,0.6282054573740986,5.609277363380816,5.1877150081306,5.1877150081306
ACMR,2022-06-30,stress,True,True,D-1,14.7299995422,16.8700008392,14.6999998093,16.8299999237,16.8999996185,15.7600002289,14.731840758603987,1,5.1877150081306,-0.06489441271270158,4.350649953881347,-3.4847509429711265,-3.288202587835609,2.389081164603035,2.0,1.0,0.14551072988633904,9.199994405333346,5.1877150081306,11.846082868250939
ACMR,2022-07-01,train,True,True,D-1,16.7399997711,16.8999996185,15.5,15.5399999619,15.7600002289,16.6100006104,-0.7765780315267978,0,-0.06489441271270158,4.350649953881347,-3.4847509429711265,-3.288202587835609,12.199999491333347,9.214796173665029,2.0,0.0,0.9815664071358335,0.2376762666746579,12.199999491333347,4.350649953881347
ACMR,2022-07-05,train,True,True,D-1,15.1199998856,15.7600002289,14.9399995804,15.6999998093,16.6100006104,16.8600006104,11.507941388657962,1,4.350649953881347,-3.4847509429711265,-3.288202587835609,12.199999491333347,-7.664883943246037,0.9090931614817555,2.0,0.0,0.38181828429587644,8.751606563284199,12.199999491333347,4.350649953881347
ACMR,2022-07-06,train,True,True,D-1,15.8599996567,16.6100006104,15.6739997864,16.2600002289,16.8600006104,17.0,7.187896393291604,1,-3.4847509429711265,-3.288202587835609,12.199999491333347,-7.664883943246037,1.0296000501433644,-2.3024262136092433,2.0,1.0,0.4545454939669453,7.643310979463669,12.199999491333347,18.914201033359113
ACMR,2022-07-07,train,True,True,D-1,16.4599990845,16.8600006104,16.2700004578,16.4599990845,17.0,16.7199993134,3.2806861818631905,1,-3.288202587835609,12.199999491333347,-7.664883943246037,1.0296000501433644,3.5668816968283057,4.835589870608237,3.0,2.0,0.7090911613157246,3.9360355509865608,12.199999491333347,12.199999491333347
ACMR,2022-07-08,train,True,True,D-1,16.0699996948,17.0,15.9099998474,16.9400005341,16.7199993134,16.2399997711,4.04480168602821,1,12.199999491333347,-7.664883943246037,1.0296000501433644,3.5668816968283057,1.2300052446772458,9.73332723,4.0,3.0,0.7999997399272506,2.673150415994474,12.199999491333347,12.199999491333347
ACMR,2022-07-11,train,True,True,D-1,16.6100006104,16.7199993134,15.8299999237,15.8900003433,16.2399997711,15.9799995422,-2.227578721871526,0,-7.664883943246037,1.0296000501433644,3.5668816968283057,1.2300052446772458,2.9161693578221737,0.6535984010617613,4.0,0.0,0.9708740516122568,0.35418809922243,3.5668816968283057,3.5668816968283057
ACMR,2022-07-12,train,True,True,D-1,15.9600000381,16.2399997711,15.1899995804,15.4399995804,15.9799995422,15.5500001907,0.12531017576602466,0,1.0296000501433644,3.5668816968283057,1.2300052446772458,2.9161693578221737,-6.1983480383389855,2.252254712085655,4.0,1.0,0.4611653249490437,6.985523176329123,3.5668816968283057,7.029814703530324
ACMR,2022-07-13,train,True,True,D-1,15.0399999619,15.9799995422,14.8400001526,15.5900001526,15.5500001907,15.720000267,4.521278635788617,1,3.5668816968283057,1.2300052446772458,2.9161693578221737,-6.1983480383389855,-2.831974532270809,-1.6560524334910287,3.0,2.0,0.1381215149415538,10.103629935199688,3.5668816968283057,12.421668629570826
ACMR,2022-07-14,train,True,True,D-1,15.4300003052,15.5500001907,14.7349996567,15.2100000381,15.720000267,16.7999992371,8.878800419973443,1,1.2300052446772458,2.9161693578221737,-6.1983480383389855,-2.831974532270809,0.9715063230339327,-4.12054161665486,3.0,3.0,0.347222246752831,9.04425807311393,2.9161693578221737,4.804150378706762
ACMR,2022-07-15,train,True,True,D-1,15.3599996567,15.720000267,14.8999996185,15.6999998093,16.7999992371,16.7900009155,9.374997477762804,1,2.9161693578221737,-6.1983480383389855,-2.831974532270809,0.9715063230339327,-2.4374606207853367,-7.594162308168628,2.0,4.0,0.20971316088541844,11.76857302706229,2.9161693578221737,4.405803739625968
ACMR,2022-07-18,train,True,True,D-1,16.1000003815,16.7999992371,16.0400009155,16.1800003052,16.7900009155,17.079000473,6.08074576585067,1,-6.1983480383389855,-2.831974532270809,0.9715063230339327,-2.4374606207853367,3.2215632476829903,-7.319956822338325,2.0,4.0,0.4861462566720455,6.496812206938984,3.2215632476829903,0.9715063230339327
ACMR,2022-07-19,train,True,True,D-1,16.5400009155,16.7900009155,16.3299999237,16.5699996948,17.079000473,17.0699996948,3.2587637706530836,1,-2.831974532270809,0.9715063230339327,-2.4374606207853367,3.2215632476829903,3.0573280364988964,1.8250469202933495,3.0,0.0,0.6997583254811592,3.8318845500932452,3.2215632476829903,0.9715063230339327
ACMR,2022-07-20,train,True,True,D-1,16.6499996185,17.079000473,16.2649993896,16.4599990845,17.0699996948,16.9599990845,2.5225230385791164,0,0.9715063230339327,-2.4374606207853367,3.2215632476829903,3.0573280364988964,2.41037937109716,7.318653789566532,4.0,1.0,0.8886200537360652,1.388047957370686,3.2215632476829903,3.2215632476829903
ACMR,2022-07-21,train,True,True,D-1,16.6800003052,17.0699996948,16.3500003815,16.9300003052,16.9599990845,15.779999733,1.6786497252803567,0,-2.4374606207853367,3.2215632476829903,3.0573280364988964,2.41037937109716,-0.663854027314914,5.580493414908072,3.0,0.0,0.7359210013087405,3.760640479518007,3.2215632476829903,3.2215632476829903
ACMR,2022-07-22,train,True,True,D-1,16.75,16.9599990845,15.8299999237,15.8900003433,15.779999733,15.4099998474,-5.791046370149255,0,3.2215632476829903,3.0573280364988964,2.41037937109716,-0.663854027314914,2.855414622365249,11.308351497643109,4.0,1.0,0.9316199589861149,0.8800954820670448,3.2215632476829903,3.2215632476829903
ACMR,2022-07-25,train,True,True,D-1,15.779999733,15.779999733,15.2600002289,15.4099998474,15.4099998474,16.1000003815,2.027887540649287,0,3.0573280364988964,2.41037937109716,-0.663854027314914,2.855414622365249,-6.142941188137884,1.2101944987760627,3.0,2.0,0.048038745566306454,7.482694172510462,3.0573280364988964,6.5202610432009145
ACMR,2022-07-26,train,True,True,D-1,15.3800001144,15.4099998474,14.9300003052,15.3699998856,16.1000003815,16.8199996948,9.362806044791604,1,2.41037937109716,-0.663854027314914,2.855414622365249,-6.142941188137884,-3.0207708340446504,-4.7589644207394315,2.0,3.0,0.08246267090206853,10.83063362834229,2.855414622365249,11.833562468783986
ACMR,2022-07-27,train,True,True,D-1,15.75,16.1000003815,15.4099998474,15.8699998856,16.8199996948,16.9200000763,7.428571913015869,1,-0.663854027314914,2.855414622365249,-6.142941188137884,-3.0207708340446504,-0.2595714613634392,-7.242002602912445,1.0,4.0,0.20474618243070766,11.119067014445116,2.855414622365249,6.127915858774957
ACMR,2022-07-28,train,True,True,D-1,15.9899997711,16.8199996948,15.375,16.6900005341,16.9200000763,17.1000003815,6.941842565915413,1,2.855414622365249,-6.142941188137884,-3.0207708340446504,-0.2595714613634392,3.253090460127095,-3.5844424770083316,2.0,4.0,0.43925226566335673,7.561435525206561,3.253090460127095,2.855414622365249
ACMR,2022-07-29,train,True,True,D-1,16.4099998474,16.9200000763,15.9899997711,16.8799991608,17.1000003815,17.0849990845,4.204756493092354,1,-6.142941188137884,-3.0207708340446504,-0.2595714613634392,3.253090460127095,5.166985850101025,-1.417600512542716,2.0,4.0,0.8669957080008179,1.6177264335513586,5.166985850101025,0.0
ACMR,2022-08-01,train,True,True,D-1,16.8700008392,17.1000003815,16.4699993134,16.7700004578,17.0849990845,17.4400005341,3.3787769208376117,1,-3.0207708340446504,-0.2595714613634392,3.253090460127095,5.166985850101025,1.1383979665656963,6.230325966716754,3.0,0.0,0.9798990351250707,0.23697226000396476,5.166985850101025,3.253090460127095
ACMR,2022-08-02,train,True,True,D-1,16.5,17.0849990845,16.3099994659,16.7800006866,17.4400005341,18.0400009155,9.333338881818175,1,-0.2595714613634392,3.253090460127095,5.166985850101025,1.1383979665656963,-0.6516511165204908,8.82544207571463,3.0,0.0,0.8479263077895031,1.9677991335206757,5.166985850101025,5.166985850101025
ACMR,2022-08-03,train,True,True,D-1,16.8400001526,17.4400005341,16.5699996948,17.2999992371,18.0400009155,20.2399997711,20.190021304572614,1,3.253090460127095,5.166985850101025,1.1383979665656963,-0.6516511165204908,0.05963165490165956,9.173720309009337,4.0,1.0,0.8144929715193815,1.907030284900646,5.166985850101025,5.759393902064813
ACMR,2022-08-04,train,True,True,D-1,17.5900001526,18.0400009155,17.25,18.0100002289,20.2399997711,19.8199996948,15.065375756169619,1,5.166985850101025,1.1383979665656963,-0.6516511165204908,0.05963165490165956,3.0989185293374577,9.010708013914615,4.0,0.0,0.9322027792786898,0.8092560877099197,5.166985850101025,5.166985850101025
ACMR,2022-08-05,train,True,True,D-1,20.2399997711,20.2399997711,17.8999996185,19.1299991608,19.8199996948,18.7299995422,-2.075099214673426,0,1.1383979665656963,-0.6516511165204908,0.05963165490165956,3.0989185293374577,4.10405215670413,7.908925419762913,4.0,0.0,0.9853655269013138,0.16657793569516688,4.10405215670413,1.1383979665656963
ACMR,2022-08-08,train,True,True,D-1,19.1000003815,19.8199996948,18.5599994659,18.8799991608,18.7299995422,19.6800003052,3.0366487545297582,1,-0.6516511165204908,0.05963165490165956,3.0989185293374577,4.10405215670413,6.218761341839274,13.329384548934797,4.0,0.0,0.7175571185500176,5.802408044923202,6.218761341839274,3.0989185293374577
ACMR,2022-08-09,train,True,True,D-1,18.5599994659,18.7299995422,17.7299995422,18.4599990845,19.6800003052,19.8880004883,7.1551781283179405,1,0.05963165490165956,3.0989185293374577,4.10405215670413,6.218761341839274,-1.3068479402355893,12.58198357423781,4.0,1.0,0.6539438919379964,7.203393383214385,6.218761341839274,4.10405215670413
ACMR,2022-08-10,train,True,True,D-1,19.1000003815,19.6800003052,18.4050006866,19.6200008392,19.8880004883,19.4899997711,4.125654927018996,1,3.0989185293374577,4.10405215670413,6.218761341839274,-1.3068479402355893,-2.224576774198339,10.011908993791607,3.0,2.0,0.5149861990208597,9.642474403449896,6.218761341839274,9.721114220520633
ACMR,2022-08-11,train,True,True,D-1,19.7900009155,19.8880004883,19.1100006104,19.1599998474,19.4899997711,19.7000007629,-0.4547758890173115,0,4.10405215670413,6.218761341839274,-1.3068479402355893,-2.224576774198339,6.283866805139748,13.410414476347121,3.0,3.0,0.7926424818180148,3.1600351956217354,6.283866805139748,6.218761341839274
ACMR,2022-08-12,train,True,True,D-1,19.2199993134,19.4899997711,18.8199996948,19.4899997711,19.7000007629,19.5499992371,2.4974061740228537,0,6.218761341839274,-1.3068479402355893,-2.224576774198339,6.283866805139748,-2.3445513360067394,6.385339277534485,2.0,4.0,0.5697211851756264,5.636742861699728,6.283866805139748,6.218761341839274
ACMR,2022-08-15,train,True,True,D-1,19.3999996185,19.7000007629,19.0200004578,19.6100006104,19.5499992371,18.5200004578,0.7731939255140929,0,-1.3068479402355893,-2.224576774198339,6.283866805139748,-2.3445513360067394,1.722337820084996,1.881864224216434,2.0,1.0,0.8155697207087511,2.0420765616947945,6.283866805139748,6.9464614154328475
ACMR,2022-08-16,train,True,True,D-1,19.5,19.5499992371,18.6450004578,18.8099994659,18.5200004578,17.8299999237,-5.025638677948729,0,-2.224576774198339,6.283866805139748,-2.3445513360067394,1.722337820084996,0.615704672700601,3.8665332735590363,3.0,2.0,0.8711771288134,1.4176433923850373,6.283866805139748,6.283866805139748
ACMR,2022-08-17,train,True,True,D-1,18.5,18.5200004578,17.1299991608,17.6299991608,17.8299999237,17.5400009155,-3.6216220340540506,0,6.283866805139748,-2.3445513360067394,1.722337820084996,0.615704672700601,-4.0795569586863145,1.8959934927292421,3.0,3.0,0.2730942909336451,5.7309997501822085,6.283866805139748,9.772837113945565
ACMR,2022-08-18,train,True,True,D-1,17.5100002289,17.8299999237,17.25,17.6200008392,17.5400009155,16.3600006104,0.171334587137717,0,-2.3445513360067394,1.722337820084996,0.615704672700601,-4.0795569586863145,-6.273260704973326,-10.14271963956318,2.0,4.0,0.18129070316772714,12.80772226308795,1.722337820084996,11.81923424011837
ACMR,2022-08-19,train,True,True,D-1,17.2900009155,17.5400009155,16.1599998474,16.5699996948,16.3600006104,16.4400005341,-4.916138440675244,0,1.722337820084996,0.615704672700601,-4.0795569586863145,-6.273260704973326,-0.056711980010937246,-8.037573175706358,2.0,3.0,0.19066201281727163,11.80476631461067,1.722337820084996,8.048752814712223
ACMR,2022-08-22,train,True,True,D-1,16.2000007629,16.3600006104,15.8400001526,16.0499992371,16.4400005341,16.9599990845,4.691347443269822,1,0.615704672700601,-4.0795569586863145,-6.273260704973326,-0.056711980010937246,-5.959143554999247,-14.982042640297044,1.0,4.0,0.11581913597954219,18.889566238690136,0.615704672700601,6.628180659409044
ACMR,2022-08-23,train,True,True,D-1,16.0200004578,16.4400005341,15.9099998474,16.3500003815,16.9599990845,18.1900005341,13.545568129141028,1,-4.0795569586863145,-6.273260704973326,-0.056711980010937246,-5.959143554999247,-3.138204389123722,-18.154009497643685,0.0,4.0,0.056603540787207904,21.806854619093418,-0.056711980010937246,8.910337839525795
ACMR,2022-08-24,train,True,True,D-1,16.4799995422,16.9599990845,16.3299999237,16.7700004578,18.1900005341,18.6900005341,13.410200566091612,1,-6.273260704973326,-0.056711980010937246,-5.959143554999247,-3.138204389123722,1.8691660975692637,-13.078145423978604,1.0,4.0,0.19029857120181926,13.2721714108053,1.8691660975692637,1.3276965440683797
ACMR,2022-08-25,train,True,True,D-1,16.9699993134,18.1900005341,16.9699993134,17.9799995422,18.6900005341,17.8700008392,10.135540897410888,1,-0.056711980010937246,-5.959143554999247,-3.138204389123722,1.8691660975692637,2.5688077461773595,-4.8780416559077056,2.0,4.0,0.4673368905394031,6.320807614569746,2.5688077461773595,0.0
ACMR,2022-08-26,train,True,True,D-1,18.6900005341,18.6900005341,17.2199993134,17.2700004578,17.8700008392,17.4400005341,-4.387371168898091,0,-5.959143554999247,-3.138204389123722,1.8691660975692637,2.5688077461773595,7.215259698083143,2.0431253453694342,3.0,0.0,0.9106378902943172,1.1679699513179376,7.215259698083143,1.8691660975692637
ACMR,2022-08-29,train,True,True,D-1,16.9599990845,17.8700008392,16.9599990845,17.1499996185,17.4400005341,16.9899997711,2.8301973791890145,0,-3.138204389123722,1.8691660975692637,2.5688077461773595,7.215259698083143,-3.948827043813863,4.224506794768823,3.0,0.0,0.5017544258879594,8.222351121355409,7.215259698083143,2.5688077461773595
ACMR,2022-08-30,train,True,True,D-1,17.4099998474,17.4400005341,16.5499992371,16.7999992371,16.9899997711,16.4799995422,-2.412407122236282,0,1.8691660975692637,2.5688077461773595,7.215259698083143,-3.948827043813863,-0.694851396172369,6.853585256610617,3.0,1.0,0.4460429729504643,8.97959737526044,7.215259698083143,11.83149965822301
ACMR,2022-08-31,train,True,True,D-1,16.9099998474,16.9899997711,16.5699996948,16.8899993896,16.4799995422,16.3500003815,-2.542875866826899,0,2.5688077461773595,7.215259698083143,-3.948827043813863,-0.694851396172369,-2.0408185958351255,2.752286514373248,2.0,2.0,0.1991521999311424,11.250008231109021,7.215259698083143,9.936749033584125
ACMR,2022-09-01,train,True,True,D-1,16.4599990845,16.4799995422,15.3400001526,15.9499998093,16.3500003815,16.0949993134,-0.6682789132326561,0,7.215259698083143,-3.948827043813863,-0.694851396172369,-2.0408185958351255,0.5357152177795976,0.7155571170195607,2.0,3.0,0.15887847964234195,10.657200767031117,7.215259698083143,8.731296051923842
ACMR,2022-09-02,train,True,True,D-1,16.2399997711,16.3500003815,15.6400003433,15.970000267,16.0949993134,15.779999733,-0.8928599737916043,0,-3.948827043813863,-0.694851396172369,-2.0408185958351255,0.5357152177795976,-5.565421043643159,-11.290321382575597,1.0,4.0,0.18208942902474093,17.178688135170916,0.5357152177795976,5.059520633327875
ACMR,2022-09-06,train,True,True,D-1,15.9799995422,16.0949993134,15.1400003433,15.4200000763,15.779999733,15.779999733,-1.2515632974321456,0,-0.694851396172369,-2.0408185958351255,0.5357152177795976,-5.565421043643159,0.1253947206214967,-7.527505248054888,2.0,4.0,0.24901183534722277,11.89731083553025,0.5357152177795976,5.982720284970355
ACMR,2022-09-07,train,True,True,D-1,15.3400001526,15.779999733,15.2100000381,15.6300001144,15.779999733,16.7999992371,9.517594980287814,1,-2.0408185958351255,0.5357152177795976,-5.565421043643159,0.1253947206214967,-3.443958556697757,-10.08746111185811,2.0,4.0,0.12173900424878109,13.099873202365742,0.5357152177795976,3.858597596066349
ACMR,2022-09-08,train,True,True,D-1,15.7700004578,15.779999733,15.1000003815,15.6999998093,16.7999992371,16.8700008392,6.975271715074216,1,0.5357152177795976,-5.565421043643159,0.1253947206214967,-3.443958556697757,1.3618679446231852,-6.964280808514866,3.0,4.0,0.26486482305710873,8.701213350900904,1.3618679446231852,2.6647079974639443
ACMR,2022-09-09,train,True,True,D-1,16.0599994659,16.7999992371,16.0100002289,16.7299995422,16.8700008392,16.4099998474,5.043595269226908,1,-5.565421043643159,0.1253947206214967,-3.443958556697757,1.3618679446231852,0.4478547305672098,-7.045586875703158,3.0,4.0,0.43478245848762076,4.968151225313799,1.3618679446231852,0.1253947206214967
ACMR,2022-09-12,train,True,True,D-1,16.8299999237,16.8700008392,16.5,16.8600006104,16.4099998474,16.2700004578,-2.4955441366850795,0,0.1253947206214967,-3.443958556697757,1.3618679446231852,0.4478547305672098,6.56050793255345,4.89028051552205,4.0,0.0,0.9588236811634251,0.4184082296202707,6.56050793255345,1.3618679446231852
ACMR,2022-09-13,train,True,True,D-1,16.0599994659,16.4099998474,15.8000001907,16.0400009155,16.2700004578,16.0699996948,1.3076027327765027,0,-3.443958556697757,1.3618679446231852,0.4478547305672098,6.56050793255345,0.777053626762414,5.572951337008258,4.0,0.0,0.9943501546813193,0.05931333593089949,6.56050793255345,1.3618679446231852
ACMR,2022-09-14,train,True,True,D-1,15.9600000381,16.2700004578,15.8400001526,15.970000267,16.0699996948,15.3599996567,0.6892209049962794,0,1.3618679446231852,0.4478547305672098,6.56050793255345,0.777053626762414,-4.863580457963856,4.020757692167054,4.0,1.0,0.5310736106935636,5.1745628199930005,6.56050793255345,10.684827392094022
ACMR,2022-09-15,train,True,True,D-1,15.8999996185,16.0699996948,15.4600000381,15.6800003052,15.3599996567,15.3400001526,-3.3962262563308476,0,0.4478547305672098,6.56050793255345,0.777053626762414,-4.863580457963856,-0.4364129956648255,2.175304863157068,3.0,2.0,0.4915252319372326,5.635570176286953,6.56050793255345,11.839276089008965
ACMR,2022-09-16,train,True,True,D-1,15.3400001526,15.3599996567,14.9300003052,15.2100000381,15.3400001526,15.1499996185,0.0,0,6.56050793255345,0.777053626762414,-4.863580457963856,-0.4364129956648255,-1.8159045519820616,-0.1273853779804046,2.0,3.0,0.15602846957843464,7.589288972177877,6.56050793255345,8.804900636746616
ACMR,2022-09-19,train,True,True,D-1,14.9399995804,15.3400001526,14.920999527,15.0900001526,15.1499996185,15.4200000763,3.21285481513478,1,0.777053626762414,-4.863580457963856,-0.4364129956648255,-1.8159045519820616,-2.997450624692477,-9.085472478740552,1.0,4.0,0.1443297194989331,10.913877691925133,0.777053626762414,5.535977961099737
ACMR,2022-09-20,train,True,True,D-1,14.8500003815,15.1499996185,14.7790002823,15.0399999619,15.4200000763,14.7299995422,3.838381684556058,1,-4.863580457963856,-0.4364129956648255,-1.8159045519820616,-2.997450624692477,-0.7889538803379947,-10.498222975793869,0.0,4.0,0.1134993883376739,8.74751279954471,-0.4364129956648255,3.7627560020157436
ACMR,2022-09-21,train,True,True,D-1,15.1599998474,15.4200000763,14.7399997711,14.8100004196,14.7299995422,14.0,-2.836413651242531,0,-0.4364129956648255,-1.8159045519820616,-2.997450624692477,-0.7889538803379947,-0.3313465221627898,-6.234419554388326,0.0,4.0,0.17505006631704428,8.17819480728652,-0.3313465221627898,1.1176862312568203
ACMR,2022-09-22,train,True,True,D-1,14.6899995804,14.7299995422,14.0,14.1400003433,14.0,13.4799995422,-4.697070116466351,0,-1.8159045519820616,-2.997450624692477,-0.7889538803379947,-0.3313465221627898,-1.5292522798048158,-7.2636182091805885,0.0,4.0,0.0526320695607713,8.50775988859851,-0.3313465221627898,1.8555316777233877
ACMR,2022-09-23,train,True,True,D-1,13.8199996948,14.0,13.5,13.7899999619,13.4799995422,12.6400003433,-2.46020376344821,0,-2.997450624692477,-0.7889538803379947,-0.3313465221627898,-1.5292522798048158,-4.523970677362721,-9.821428137276788,0.0,1.0,0.09859178575876576,9.052331696770466,-0.3313465221627898,5.98404003244627
ACMR,2022-09-26,train,True,True,D-1,13.3500003815,13.4799995422,11.6899995804,11.7399997711,12.6400003433,13.2399997711,-0.8239745861912784,0,-0.7889538803379947,-0.3313465221627898,-1.5292522798048158,-4.523970677362721,-2.4752501619693557,-9.335963659717283,0.0,2.0,0.15104164082058463,11.820160398139823,-0.3313465221627898,6.887241247813202
ACMR,2022-09-27,train,True,True,D-1,12.0399999619,12.6400003433,12.0100002289,12.5399999619,13.2399997711,12.8800001144,9.966775855459664,1,-0.3313465221627898,-1.5292522798048158,-4.523970677362721,-2.4752501619693557,-14.865846239767123,-22.200134841766694,0.0,3.0,0.013404875081105352,31.34582944591653,-0.3313465221627898,16.97312951860853
ACMR,2022-09-28,train,True,True,D-1,12.3000001907,13.2399997711,12.1909999847,13.029999733,12.8800001144,13.0799999237,6.341461145584026,1,-1.5292522798048158,-4.523970677362721,-2.4752501619693557,-14.865846239767123,6.814311809181928,-16.622340467640374,1.0,4.0,0.22788210951561969,22.966508159092825,6.814311809181928,9.064539546436468
ACMR,2022-09-29,train,True,True,D-1,12.6899995804,12.8800001144,12.220000267,12.8599996567,13.0799999237,13.3299999237,5.043344085593948,1,-4.523970677362721,-2.4752501619693557,-14.865846239767123,6.814311809181928,3.9074941992723877,-12.018910440031405,2.0,4.0,0.44078952942044747,13.04681384524169,6.814311809181928,0.0
ACMR,2022-09-30,train,True,True,D-1,12.7899999619,13.0799999237,12.4499998093,12.4600000381,13.3299999237,13.7399997711,7.4276764036743215,1,-2.4752501619693557,-14.865846239767123,6.814311809181928,3.9074941992723877,-1.304682116527256,-9.052338440759,2.0,4.0,0.5064934475217959,8.86469964022174,6.814311809181928,6.814311809181928
ACMR,2022-10-03,train,True,True,D-1,12.6999998093,13.3299999237,12.5900001526,13.0600004196,13.7399997711,13.2600002289,8.188976200128973,1,-14.865846239767123,6.814311809181928,3.9074941992723877,-1.304682116527256,-3.1104170239351525,-9.644669524834072,2.0,4.0,0.43016786264380596,8.186191821677857,6.814311809181928,11.188829894983643
ACMR,2022-10-04,train,True,True,D-1,13.4600000381,13.7399997711,13.3100004196,13.3999996185,13.2600002289,13.5530004501,0.6909391659491337,0,6.814311809181928,3.9074941992723877,-1.304682116527256,-3.1104170239351525,4.815412356864579,11.243617327398958,3.0,0.0,0.7954548738430505,2.067377453486108,6.814311809181928,6.814311809181928
ACMR,2022-10-05,train,True,True,D-1,13.2399997711,13.2600002289,12.6800003052,13.1499996185,13.5530004501,12.970000267,2.364053507638353,0,3.9074941992723877,-1.304682116527256,-3.1104170239351525,4.815412356864579,2.6033628482105,6.858051508874952,3.0,0.0,0.7805034218951137,2.537314643879518,4.815412356864579,3.9074941992723877
ACMR,2022-10-06,train,True,True,D-1,13.1099996567,13.5530004501,12.9799995422,13.2399997711,12.970000267,9.98999977112,-1.0678824818157184,0,-1.304682116527256,-3.1104170239351525,4.815412356864579,2.6033628482105,-1.8656716949070007,0.9209507901683622,2.0,1.0,0.6118418782318341,4.486693305830691,4.815412356864579,4.815412356864579
ACMR,2022-10-07,train,True,True,D-1,12.9300003052,12.970000267,11.9399995804,12.3000001907,9.98999977112,8.86999988556,-22.737822619367087,0,-3.1104170239351525,4.815412356864579,2.6033628482105,-1.8656716949070007,0.6844118266998489,2.954899879814721,3.0,2.0,0.6124030892975182,3.776435110606191,4.815412356864579,6.009441102799052
ACMR,2022-10-10,train,True,True,D-1,8.59000015259,9.98999977112,8.53999996185,9.03999996185,8.86999988556,8.43000030518,3.2596010244025253,1,4.815412356864579,2.6033628482105,-1.8656716949070007,0.6844118266998489,-7.099694838755299,-1.2841079206320605,3.0,3.0,0.20000031786663305,11.70731348027767,4.815412356864579,11.279286520056065
ACMR,2022-10-11,train,True,True,D-1,8.52000045776,8.86999988556,7.55999994278,7.96999979019,8.43000030518,9.52999973297,11.854450950059437,1,2.6033628482105,-1.8656716949070007,0.6844118266998489,-7.099694838755299,-26.50406649029874,-30.781013235779998,2.0,4.0,0.09615384968102823,51.991148551821055,2.6033628482105,34.32541633659253
ACMR,2022-10-12,train,True,True,D-1,8.05000019073,8.43000030518,7.75,8.10000038147,9.52999973297,9.55000019073,18.63353993118322,1,-1.8656716949070007,0.6844118266998489,-7.099694838755299,-26.50406649029874,-11.836285134685209,-40.52238793211127,1.0,3.0,0.0684131174207671,70.05019832976565,0.6844118266998489,35.887666569605486
ACMR,2022-10-13,train,True,True,D-1,7.69999980927,9.52999973297,7.67000007629,9.47999954224,9.55000019073,8.48999977112,24.02597957512662,1,0.6844118266998489,-7.099694838755299,-26.50406649029874,-11.836285134685209,1.631124149338281,-38.40303713716796,2.0,4.0,0.09010518821589117,67.32098533111899,1.631124149338281,11.082637317263154
ACMR,2022-10-14,train,True,True,D-1,9.47000026703,9.55000019073,7.93499994278,7.98000001907,8.48999977112,8.14000034332,-10.34847379383812,0,-7.099694838755299,-26.50406649029874,-11.836285134685209,1.631124149338281,17.03702587381306,-28.39879376030846,2.0,4.0,0.35489824110811313,36.81435541436069,17.03702587381306,0.0
ACMR,2022-10-17,train,True,True,D-1,8.28999996185,8.48999977112,8.06000041962,8.13000011444,8.14000034332,7.23000001907,-1.809404333175968,0,-26.50406649029874,-11.836285134685209,1.631124149338281,17.03702587381306,-15.82278054430759,-35.12195207034502,2.0,4.0,0.17283954977762842,25.187966757476875,17.03702587381306,3.1126100351231645
ACMR,2022-10-18,train,True,True,D-1,8.06000041962,8.14000034332,7.20499992371,7.38999986649,7.23000001907,6.88999986649,-10.297771182859705,0,-11.836285134685209,1.631124149338281,17.03702587381306,-15.82278054430759,1.8797004387411054,-10.066370035954876,3.0,1.0,0.28643221137644864,17.466175354264557,17.03702587381306,31.27752685469194
ACMR,2022-10-19,train,True,True,D-1,7.23000001907,7.23000001907,6.07000017166,6.23000001907,6.88999986649,6.64499998093,-4.702630037112154,0,1.631124149338281,17.03702587381306,-15.82278054430759,1.8797004387411054,-9.102093942602252,-7.277289071122716,3.0,2.0,0.07889122461171234,29.228692331031493,17.03702587381306,24.430511477447926
ACMR,2022-10-20,train,True,True,D-1,6.40000009537,6.88999986649,6.15999984741,6.30000019073,6.64499998093,6.05000019073,3.8281231548299655,1,17.03702587381306,-15.82278054430759,1.8797004387411054,-9.102093942602252,-15.696885904964986,-23.086423139903967,2.0,3.0,0.045976967394603226,53.290532287279206,17.03702587381306,40.4072604202473
ACMR,2022-10-21,train,True,True,D-1,6.38000011444,6.64499998093,6.11000013351,6.28999996185,6.05000019073,6.51000022888,2.037619312039962,0,-15.82278054430759,1.8797004387411054,-9.102093942602252,-15.696885904964986,1.1235982575558356,-33.5442985766074,2.0,4.0,0.06609195914069704,51.58730002551655,1.8797004387411054,16.62935802266896
ACMR,2022-10-24,train,True,True,D-1,5.94999980927,6.05000019073,5.46000003815,5.96000003815,6.51000022888,6.73999977112,13.277310708803602,1,1.8797004387411054,-9.102093942602252,-15.696885904964986,1.1235982575558356,-0.15873378694041262,-21.177945528588538,2.0,4.0,0.0909090192573135,34.976149803074755,1.8797004387411054,1.8797004387411054
ACMR,2022-10-25,train,True,True,D-1,6.05000019073,6.51000022888,6.03999996185,6.48999977112,6.73999977112,6.67000007629,11.404951382435314,1,-9.102093942602252,-15.696885904964986,1.1235982575558356,-0.15873378694041262,-5.24642171226567,-26.69126747533227,1.0,4.0,0.18656714293481522,36.57718609422491,1.1235982575558356,6.520425912899174
ACMR,2022-10-26,train,True,True,D-1,6.30000019073,6.73999977112,6.19999980927,6.28000020981,6.67000007629,6.92500019073,9.920634620291647,1,-15.696885904964986,1.1235982575558356,-0.15873378694041262,-5.24642171226567,8.892612912373643,-12.178621266978041,2.0,4.0,0.581920759363304,11.402161387477161,8.892612912373643,1.1235982575558356
ACMR,2022-10-27,train,True,True,D-1,6.48000001907,6.67000007629,6.23999977112,6.40000009537,6.92500019073,6.84999990463,6.867286579481613,1,1.1235982575558356,-0.15873378694041262,-5.24642171226567,8.892612912373643,-3.235740658181252,0.8025712774791138,2.0,4.0,0.5734267623038027,9.713370004783094,8.892612912373643,1.1235982575558356
ACMR,2022-10-28,train,True,True,D-1,6.26000022888,6.92500019073,6.23999977112,6.82000017166,6.84999990463,6.98999977112,11.661334114209886,1,-0.15873378694041262,-5.24642171226567,8.892612912373643,-3.235740658181252,1.9108261393454784,1.587300025595928,2.0,1.0,0.7343751979064137,5.312494854429262,8.892612912373643,10.279356809507378
ACMR,2022-10-31,train,True,True,D-1,6.69999980927,6.84999990463,6.26999998093,6.40000009537,6.98999977112,6.44999980927,4.328357762768298,1,-5.24642171226567,8.892612912373643,-3.235740658181252,1.9108261393454784,6.5625010942397255,8.426076518673264,3.0,0.0,0.9283276394988187,1.5395896836823963,8.892612912373643,8.892612912373643
ACMR,2022-11-01,train,True,True,D-1,6.84000015259,6.98999977112,6.28999996185,6.44000005722,6.44999980927,6.36999988556,-5.701759278065577,0,8.892612912373643,-3.235740658181252,1.9108261393454784,6.5625010942397255,-6.158358734876268,7.38255124838183,3.0,1.0,0.40677970668504054,8.203126367760593,8.892612912373643,8.892612912373643
ACMR,2022-11-02,train,True,True,D-1,6.42999982834,6.44999980927,6.03000020981,6.05000019073,6.36999988556,7.38999986649,14.930016543994817,1,-3.235740658181252,1.9108261393454784,6.5625010942397255,-6.158358734876268,0.6249993945927734,-0.7704116435025887,3.0,0.0,0.303797796885931,8.540368152378907,6.5625010942397255,12.134350139333051
ACMR,2022-11-03,train,True,True,D-1,5.92000007629,6.36999988556,5.84999990463,6.21999979019,7.38999986649,8.60000038147,45.27027484194777,1,1.9108261393454784,6.5625010942397255,-6.158358734876268,0.6249993945927734,-6.05589849417415,-3.662420563628588,3.0,1.0,0.020833322978510652,15.53718265712285,6.5625010942397255,12.031249522746833
ACMR,2022-11-04,train,True,True,D-1,6.76000022888,7.38999986649,6.30999994278,6.61000013351,8.60000038147,8.88899993896,31.494077485153184,1,6.5625010942397255,-6.158358734876268,0.6249993945927734,-6.05589849417415,2.8099106462918577,-2.8125047265267877,3.0,2.0,0.3245613411334956,12.379421332849905,6.5625010942397255,9.978654278638432
ACMR,2022-11-07,train,True,True,D-1,6.98000001907,8.60000038147,6.94999980927,8.43999958038,8.88899993896,8.98999977112,28.796557973617443,1,-6.158358734876268,0.6249993945927734,-6.05589849417415,2.8099106462918577,6.270102194136684,-3.079179367511453,3.0,0.0,0.4935066543521712,11.800298293879298,6.270102194136684,0.6249993945927734
ACMR,2022-11-08,train,True,True,D-1,8.56999969482,8.88899993896,8.13000011444,8.43999958038,8.98999977112,9.21199989319,7.491251122891485,1,0.6249993945927734,-6.05589849417415,2.8099106462918577,6.270102194136684,27.685316337478593,31.874991478294067,4.0,0.0,0.9418179006012918,1.8957441829966948,27.685316337478593,2.8099106462918577
ACMR,2022-11-09,train,True,True,D-1,8.21000003815,8.98999977112,8.20499992371,8.5,9.21199989319,9.81000041962,19.488433301280917,1,-6.05589849417415,2.8099106462918577,6.270102194136684,27.685316337478593,0.0,31.055892940835683,3.0,0.0,0.8522539146074773,5.319909726343663,27.685316337478593,6.270102194136684
ACMR,2022-11-10,train,True,True,D-1,9.13000011444,9.21199989319,8.69999980927,9.02999973297,9.81000041962,9.56999969482,7.447976962284075,1,2.8099106462918577,6.270102194136684,27.685316337478593,0.0,0.7109054810793936,40.49586333937587,4.0,0.0,0.8439491108425622,5.764703189647058,27.685316337478593,27.685316337478593
ACMR,2022-11-11,train,True,True,D-1,9.15999984741,9.81000041962,9.15999984741,9.52000045776,9.56999969482,10.1899995804,11.244538757074674,1,6.270102194136684,27.685316337478593,0.0,0.7109054810793936,6.235290976117636,45.17684947854577,4.0,0.0,0.9372845750068715,2.0155057098782514,27.685316337478593,27.685316337478593
ACMR,2022-11-14,train,True,True,D-1,9.43000030518,9.56999969482,8.94999980927,9.0,10.1899995804,9.39999961853,8.059376994956446,1,27.685316337478593,0.0,0.7109054810793936,6.235290976117636,5.426364776079984,44.024209765102555,4.0,0.0,0.898601433576439,3.0462179402902523,27.685316337478593,27.685316337478593
ACMR,2022-11-15,train,True,True,D-1,9.5,10.1899995804,9.5,9.69999980927,9.39999961853,9.06999969482,-1.0526355944210586,0,0.0,0.7109054810793936,6.235290976117636,5.426364776079984,-5.4621894197088405,6.635076391731132,3.0,1.0,0.5178569806669089,9.00000466244444,6.235290976117636,6.567513942420344
ACMR,2022-11-16,train,True,True,D-1,9.32999992371,9.39999961853,8.59000015259,8.68999958038,9.06999969482,9.56000041962,2.4651714661380497,0,0.7109054810793936,6.235290976117636,5.426364776079984,-5.4621894197088405,7.777775658555552,14.928913406809308,4.0,0.0,0.7531486872158569,5.051544131595986,7.777775658555552,6.235290976117636
ACMR,2022-11-17,train,True,True,D-1,8.46000003815,9.06999969482,8.25,8.93999958038,9.56000041962,9.0,13.0023685166619,1,6.235290976117636,5.426364776079984,-5.4621894197088405,7.777775658555552,-10.412373698448663,2.23528918094118,3.0,1.0,0.062499664719802644,17.261220626599936,7.777775658555552,9.679740083006516
ACMR,2022-11-18,train,True,True,D-1,9.22999954224,9.56000041962,8.86999988556,9.10999965668,9.0,8.75,-2.491869486964049,0,5.426364776079984,-5.4621894197088405,7.777775658555552,-10.412373698448663,2.8768701043949685,-0.9966794601487527,3.0,2.0,0.3556699637211943,13.982103564784154,7.777775658555552,15.612829718697807
ACMR,2022-11-21,train,True,True,D-1,8.93000030518,9.0,8.45100021362,8.63000011444,8.75,9.05000019073,1.3437836668425573,0,-5.4621894197088405,7.777775658555552,-10.412373698448663,2.8768701043949685,1.9015669382478118,-4.306730896696531,3.0,3.0,0.4432988879836148,11.855103890460406,7.777775658555552,7.777775658555552
ACMR,2022-11-22,train,True,True,D-1,8.69999980927,8.75,8.42000007629,8.73999977112,9.05000019073,8.72299957275,4.022992978540851,1,7.777775658555552,-10.412373698448663,2.8768701043949685,1.9015669382478118,-5.268930409761707,-4.11110983955556,3.0,4.0,0.19587639001532617,18.076470976515502,7.777775658555552,11.245331368740763
ACMR,2022-11-23,train,True,True,D-1,8.60000038147,9.05000019073,8.60000038147,8.67000007629,8.72299957275,8.51000022888,1.430223090978222,0,-10.412373698448663,2.8768701043949685,1.9015669382478118,-5.268930409761707,1.2746194116028509,-9.896907804395582,3.0,2.0,0.3740455069946758,9.382158695353349,2.8768701043949685,6.938339912340486
ACMR,2022-11-25,train,True,True,D-1,8.60999965668,8.72299957275,8.45899963379,8.63000011444,8.51000022888,8.96000003815,4.065045243044296,1,2.8768701043949685,1.9015669382478118,-5.268930409761707,1.2746194116028509,-0.8009118611341903,-0.2301439016769824,3.0,3.0,0.32061064256134525,10.265286453271205,2.8768701043949685,2.8768701043949685
ACMR,2022-11-28,train,True,True,D-1,8.43000030518,8.51000022888,8.17000007629,8.25,8.96000003815,9.07999992371,7.710552728338493,1,1.9015669382478118,-5.268930409761707,1.2746194116028509,-0.8009118611341903,-0.4613605709115176,-3.4675557101852106,2.0,4.0,0.18421050430263788,10.776364922914583,1.9015669382478118,3.160144278758492
ACMR,2022-11-29,train,True,True,D-1,8.30000019073,8.96000003815,8.26000022888,8.47000026703,9.07999992371,9.27999973297,11.807223129157629,1,-5.268930409761707,1.2746194116028509,-0.8009118611341903,-0.4613605709115176,-4.403245763626018,-9.440172218331488,1.0,2.0,0.09090899239360786,9.69697200884847,1.2746194116028509,6.118910906346676
ACMR,2022-11-30,train,True,True,D-1,8.64999961853,9.07999992371,8.17000007629,9.06000041962,9.27999973297,8.98999977112,7.283238638420464,1,1.2746194116028509,-0.8009118611341903,-0.4613605709115176,-4.403245763626018,2.666669903393948,-1.8539958897831554,2.0,3.0,0.3409092633253915,6.847696640077849,2.666669903393948,3.1286153013860063
ACMR,2022-12-01,train,True,True,D-1,9.07999992371,9.27999973297,8.59000015259,8.75,8.98999977112,9.43000030518,3.8546297842587895,1,-0.8009118611341903,-0.4613605709115176,-4.403245763626018,2.666669903393948,6.965763093144295,3.66133474691146,2.0,0.0,0.9780225192930502,0.22074506803211325,6.965763093144295,0.0
ACMR,2022-12-02,train,True,True,D-1,8.59000015259,8.98999977112,8.39700031281,8.98999977112,9.43000030518,9.15999984741,9.778814175419193,1,-0.4613605709115176,-4.403245763626018,2.666669903393948,6.965763093144295,-3.421638027175744,0.9227211419383652,2.0,0.0,0.5225226154076258,6.057139805371414,6.965763093144295,2.666669903393948
ACMR,2022-12-05,train,True,True,D-1,9.02999973297,9.43000030518,9.0,9.15999984741,9.15999984741,8.64400005341,1.4396469355956842,0,-4.403245763626018,2.666669903393948,6.965763093144295,-3.421638027175744,2.742854527085714,4.1714907520990385,3.0,1.0,0.7387386923006928,3.22580610937957,6.965763093144295,7.738397146763187
ACMR,2022-12-06,train,True,True,D-1,9.15999984741,9.15999984741,8.56000041962,8.65999984741,8.64400005341,9.30000019073,1.5283880529712413,0,2.666669903393948,6.965763093144295,-3.421638027175744,2.742854527085714,1.8909908856295843,11.030301180727275,4.0,0.0,0.7857139613316921,2.9476032998662305,6.965763093144295,6.965763093144295
ACMR,2022-12-07,train,True,True,D-1,8.52999973297,8.64400005341,8.41499996185,8.57999992371,9.30000019073,8.94900035858,9.026969306737588,1,6.965763093144295,-3.421638027175744,2.742854527085714,1.8909908856295843,-5.458515374772366,2.2432063092085786,3.0,1.0,0.38888863659308,8.89146040805402,6.965763093144295,10.636507610514712
ACMR,2022-12-08,train,True,True,D-1,8.65999984741,9.30000019073,8.65999984741,9.0,8.94900035858,8.75,3.337188409494396,1,-3.421638027175744,2.742854527085714,1.8909908856295843,-5.458515374772366,-0.923786664083226,-5.298018473272126,2.0,2.0,0.17715354525816188,9.906764440884274,2.742854527085714,9.074731528852219
ACMR,2022-12-09,train,True,True,D-1,8.84000015259,8.94900035858,8.57199954987,8.75,8.75,11.1599998474,26.244339986015408,1,2.742854527085714,1.8909908856295843,-5.458515374772366,-0.923786664083226,4.895105827791091,2.857142857142847,3.0,3.0,0.5837363907491854,4.777781168666673,4.895105827791091,2.742854527085714
ACMR,2022-12-12,train,True,True,D-1,8.69999980927,8.75,8.27999973297,8.72000026703,11.1599998474,10.0500001907,28.275863127132794,1,1.8909908856295843,-5.458515374772366,-0.923786664083226,4.895105827791091,-2.777777777777779,-2.6696304475000154,2.0,4.0,0.3300491870287806,7.771432059200012,4.895105827791091,1.8909908856295843
ACMR,2022-12-13,train,True,True,D-1,11.0799999237,11.1599998474,9.92000007629,10.0100002289,10.0500001907,9.60000038147,-9.296026535134194,0,-5.458515374772366,-0.923786664083226,4.895105827791091,-2.777777777777779,-0.3428540910857092,-4.803488948795243,1.0,2.0,0.43137287901446264,6.651375068105869,4.895105827791091,8.006213971902199
ACMR,2022-12-14,train,True,True,D-1,10.0,10.0500001907,9.51000022888,9.57999992371,9.60000038147,9.28999996185,-3.9999961853000032,0,-0.923786664083226,4.895105827791091,-2.777777777777779,-0.3428540910857092,14.793577091361353,15.588919229528052,2.0,0.0,0.6006945927751796,11.48850741461347,14.793577091361353,4.895105827791091
ACMR,2022-12-15,train,True,True,D-1,9.46000003815,9.60000038147,9.07999992371,9.14000034332,9.28999996185,9.0,-1.7970409684400446,0,4.895105827791091,-2.777777777777779,-0.3428540910857092,14.793577091361353,-4.295707246324931,11.655011758643452,2.0,1.0,0.451388937183182,16.492692445430855,14.793577091361353,4.895105827791091
ACMR,2022-12-16,train,True,True,D-1,9.02999973297,9.28999996185,8.93999958038,8.94999980927,9.0,8.57999992371,-0.33222296630270876,0,-2.777777777777779,-0.3428540910857092,14.793577091361353,-4.295707246324931,-4.592897535427154,1.555559370222226,1.0,2.0,0.29861131117357936,22.100650199169003,14.793577091361353,23.484884440867816
ACMR,2022-12-19,train,True,True,D-1,8.85999965668,9.0,8.40999984741,8.56999969482,8.57999992371,8.69999980927,-1.8058674222336646,0,-0.3428540910857092,14.793577091361353,-4.295707246324931,-4.592897535427154,-2.0787803819817485,2.285712105942861,1.0,3.0,0.23263890613858706,24.692738382418543,14.793577091361353,21.369778755839263
ACMR,2022-12-20,train,True,True,D-1,8.43000030518,8.57999992371,8.26000022888,8.31999969482,8.69999980927,8.25,3.2028409764599086,1,14.793577091361353,-4.295707246324931,-4.592897535427154,-2.0787803819817485,-4.245811425117729,-1.7201899956029498,1.0,4.0,0.0581817626947567,30.221706473869347,14.793577091361353,21.029907803499537
ACMR,2022-12-21,train,True,True,D-1,8.42000007629,8.69999980927,8.21000003815,8.51000022888,8.25,7.63999986649,-2.0190032630606036,0,-4.295707246324931,-4.592897535427154,-2.0787803819817485,-4.245811425117729,-2.917152962690406,-16.883121832512828,0.0,4.0,0.03351925543003679,20.793275953568745,-2.0787803819817485,7.039107574030057
ACMR,2022-12-22,train,True,True,D-1,8.25,8.25,7.28000020981,7.57999992371,7.63999986649,7.44000005722,-7.393941012242422,0,-4.592897535427154,-2.0787803819817485,-4.245811425117729,-2.917152962690406,2.283660348909544,-11.169099199905075,1.0,4.0,0.21582742203750285,12.808462083125649,2.283660348909544,0.7001104793068591
ACMR,2022-12-23,train,True,True,D-1,7.63000011444,7.63999986649,7.21999979019,7.51999998093,7.44000005722,7.26000022888,-2.4901710926637954,0,-2.0787803819817485,-4.245811425117729,-2.917152962690406,2.283660348909544,-10.928322916066435,-17.067837647841355,1.0,4.0,0.1492536074173754,22.559367484835647,2.283660348909544,8.894228344391896
ACMR,2022-12-27,train,True,True,D-1,7.42999982834,7.44000005722,7.15999984741,7.19999980927,7.26000022888,7.70499992371,3.701212674609722,1,-4.245811425117729,-2.917152962690406,2.283660348909544,-10.928322916066435,-0.7915559813176598,-15.977652053789681,1.0,4.0,0.16853941313412663,19.680851367328977,2.283660348909544,13.917035452593806
ACMR,2022-12-28,train,True,True,D-1,7.13000011444,7.26000022888,6.90999984741,7.07999992371,7.70499992371,7.71500015259,8.204768986822764,1,-2.917152962690406,2.283660348909544,-10.928322916066435,-0.7915559813176598,-4.255321442440019,-15.985996900070765,1.0,3.0,0.025974001851070683,20.833333885214135,2.283660348909544,7.296854521265283
ACMR,2022-12-29,train,True,True,D-1,7.19999980927,7.70499992371,7.14499998093,7.57999992371,7.71500015259,10.5,45.83333719649894,1,2.283660348909544,-10.928322916066435,-0.7915559813176598,-4.255321442440019,-1.6666651213726458,-14.90384394944172,1.0,4.0,0.09497211168840018,22.8813545623755,2.283660348909544,8.134724954438767
ACMR,2022-12-30,train,True,True,D-1,7.38000011444,7.71500015259,7.38000011444,7.71000003815,10.5,10.0900001526,42.2764205579792,1,-10.928322916066435,-0.7915559813176598,-4.255321442440019,-1.6666651213726458,7.0621469687530025,-10.928322916066435,1.0,4.0,0.5000000000037313,8.839051227352401,7.0621469687530025,0.0
ACMR,2023-01-03,train,True,True,D-1,9.78999996185,10.5,9.35000038147,9.60000038147,10.0900001526,9.85000038147,3.0643533393161393,1,-0.7915559813176598,-4.255321442440019,-1.6666651213726458,7.0621469687530025,1.7150411048602265,1.7150411048602265,2.0,0.0,0.9937886800690312,0.06485232704616095,7.0621469687530025,0.0
ACMR,2023-01-04,train,True,True,D-1,9.89999961853,10.0900001526,9.35000038147,9.77000045776,9.85000038147,9.73999977112,-0.5050428180463307,0,-4.255321442440019,-1.6666651213726458,7.0621469687530025,1.7150411048602265,24.513623008664776,27.65957986455694,3.0,0.0,0.749303738084608,9.374995653825046,24.513623008664776,7.0621469687530025
ACMR,2023-01-05,train,True,True,D-1,9.64999961853,9.85000038147,9.47999954224,9.47999954224,9.73999977112,10.3199996948,6.943006246170835,1,-1.6666651213726458,7.0621469687530025,1.7150411048602265,24.513623008664776,1.7708340576541692,35.69445439680601,4.0,1.0,0.7966575177682533,7.471847574584145,24.513623008664776,7.0621469687530025
ACMR,2023-01-06,train,True,True,D-1,9.63000011444,9.73999977112,9.36999988556,9.55000019073,10.3199996948,9.97000026703,7.165104591487581,1,7.0621469687530025,1.7150411048602265,24.513623008664776,1.7708340576541692,-2.968279446595745,33.89830006201995,4.0,2.0,0.6959760202795043,10.759499019121122,24.513623008664776,25.763631700973022
ACMR,2023-01-09,train,True,True,D-1,9.85000038147,10.3199996948,9.73700046539,9.97000026703,9.97000026703,10.3350000381,4.923854191339827,1,1.7150411048602265,24.513623008664776,1.7708340576541692,-2.968279446595745,0.738403500739615,25.98944969455608,4.0,3.0,0.6955128704757989,9.947641783213236,24.513623008664776,26.765416833866308
ACMR,2023-01-10,train,True,True,D-1,9.90999984741,9.97000026703,9.73499965668,9.84000015259,10.3350000381,10.6999998093,7.971745449587142,1,24.513623008664776,1.7708340576541692,-2.968279446595745,0.738403500739615,4.397906470281399,29.31258388712388,4.0,4.0,0.5391305141061893,5.315945022816759,24.513623008664776,24.513623008664776
ACMR,2023-01-11,train,True,True,D-1,9.84000015259,10.3350000381,9.60000038147,10.3199996948,10.6999998093,11.0399999619,12.195119824201894,1,1.7708340576541692,-2.968279446595745,0.738403500739615,4.397906470281399,-1.3039128481260098,2.4999975164922805,3.0,1.0,0.5051547608191946,4.878044052506025,4.397906470281399,1.7708340576541692
ACMR,2023-01-12,train,True,True,D-1,10.2899999619,10.6999998093,10.1210002899,10.6800003052,11.0399999619,10.9689998627,7.288629764596388,1,-2.968279446595745,0.738403500739615,4.397906470281399,-1.3039128481260098,4.878044052506025,5.629469920885755,3.0,0.0,0.9844556052550688,0.1453521680582881,4.878044052506025,4.397906470281399
ACMR,2023-01-13,train,True,True,D-1,10.5,11.0399999619,10.4899997711,10.8199996948,10.9689998627,11.3479995728,8.076186407619046,1,0.738403500739615,4.397906470281399,-1.3039128481260098,4.878044052506025,3.4883781109159795,12.658236507429788,4.0,0.0,0.9849627780099715,0.18726126899324402,4.878044052506025,4.397906470281399
ACMR,2023-01-17,train,True,True,D-1,10.8000001907,10.9689998627,10.3599996567,10.7100000381,11.3479995728,10.7600002289,5.074068263182885,1,4.397906470281399,-1.3039128481260098,4.878044052506025,3.4883781109159795,1.3108556704051422,13.298423860794939,4.0,0.0,0.8472219922214802,2.0332742449681307,4.878044052506025,4.878044052506025
ACMR,2023-01-18,train,True,True,D-1,10.9799995422,11.3479995728,10.7100000381,10.7100000381,10.7600002289,10.8599996567,-1.0928951776254525,0,-1.3039128481260098,4.878044052506025,3.4883781109159795,1.3108556704051422,-1.0166327153674937,7.422264305419524,3.0,1.0,0.7708333194781505,3.0812317705513514,4.878044052506025,4.878044052506025
ACMR,2023-01-19,train,True,True,D-1,10.529999733,10.7600002289,10.3900003433,10.4099998474,10.8599996567,11.8549995422,12.583094423521946,1,4.878044052506025,3.4883781109159795,1.3108556704051422,-1.0166327153674937,0.0,8.841462114012334,3.0,0.0,0.6350115389844292,5.957045120731697,4.878044052506025,5.894676767873519
ACMR,2023-01-20,train,True,True,D-1,10.5100002289,10.8599996567,10.3900003433,10.8299999237,11.8549995422,12.1400003433,15.509039761178013,1,3.4883781109159795,1.3108556704051422,-1.0166327153674937,0.0,-2.801122218793395,0.872094527729006,2.0,1.0,0.23553359934893608,9.010564256965603,3.4883781109159795,6.289500329709375
ACMR,2023-01-23,train,True,True,D-1,10.9099998474,11.8549995422,10.7899999619,11.75,12.1400003433,11.6000003815,11.27406519802221,1,1.3108556704051422,-1.0166327153674937,0.0,-2.801122218793395,4.0345829246568155,1.4044907697892794,2.0,2.0,0.4757088126639382,4.783006950594948,4.0345829246568155,1.3108556704051422
ACMR,2023-01-24,train,True,True,D-1,11.5799999237,12.1400003433,11.5100002289,11.6300001144,11.6000003815,12.5500001907,8.376513587144041,1,-1.0166327153674937,0.0,-2.801122218793395,4.0345829246568155,8.494922278685358,8.595197148175071,2.0,0.0,0.9297661871292499,0.893613125106385,8.494922278685358,0.0
ACMR,2023-01-25,train,True,True,D-1,11.3199996948,11.6000003815,10.7899999619,11.5900001526,12.5500001907,12.7899999619,12.985868434035952,1,0.0,-2.801122218793395,4.0345829246568155,8.494922278685358,-1.0212756221276598,8.590103389609439,2.0,0.0,0.708571297771428,4.385212587130849,8.494922278685358,4.0345829246568155
ACMR,2023-01-26,train,True,True,D-1,11.8900003433,12.5500001907,11.779999733,12.5399999619,12.7899999619,12.3999996185,7.569382612399567,1,-2.801122218793395,4.0345829246568155,8.494922278685358,-1.0212756221276598,-0.3439377592995285,8.216621021190162,2.0,1.0,0.6857141767428568,4.745471815862046,8.494922278685358,9.856623107621532
ACMR,2023-01-27,train,True,True,D-1,12.3900003433,12.7899999619,11.9200000763,12.4899997711,12.3999996185,12.8500003815,3.712671714724758,1,4.0345829246568155,8.494922278685358,-1.0212756221276598,-0.3439377592995285,8.196719558169164,20.46109650070733,3.0,0.0,0.9953702641173617,0.07974664139063226,8.494922278685358,8.494922278685358
ACMR,2023-01-30,train,True,True,D-1,12.2399997711,12.3999996185,11.8199996948,11.9399995804,12.8500003815,12.779999733,4.983665210846477,1,8.494922278685358,-1.0212756221276598,-0.3439377592995285,8.196719558169164,-0.39872560567714155,15.327791866067454,2.0,0.0,0.8499999046000006,2.401923108871107,8.494922278685358,8.494922278685358
ACMR,2023-01-31,train,True,True,D-1,12.0100002289,12.8500003815,11.8800001144,12.4899997711,12.779999733,12.8859996796,7.293917019185869,1,-1.0212756221276598,-0.3439377592995285,8.196719558169164,-0.39872560567714155,-4.40352442577796,1.617017705531909,1.0,1.0,0.5749998092500004,7.118931418517893,8.196719558169164,12.981411610186445
ACMR,2023-02-01,train,True,True,D-1,12.5,12.779999733,12.029999733,12.4600000381,12.8859996796,12.3299999237,3.087997436799994,1,-0.3439377592995285,8.196719558169164,-0.39872560567714155,-4.40352442577796,4.606366918160099,7.394665935000022,2.0,0.0,0.8252424577321681,2.882310784608544,8.196719558169164,8.196719558169164
ACMR,2023-02-02,train,True,True,D-1,12.779999733,12.8859996796,12.1260004044,12.3400001526,12.3299999237,12.2100000381,-3.5211253419515143,0,8.196719558169164,-0.39872560567714155,-4.40352442577796,4.606366918160099,-0.24019002041469895,7.506470009017496,2.0,1.0,0.6355139186628267,3.1300187978126948,8.196719558169164,8.196719558169164
ACMR,2023-02-03,train,True,True,D-1,12.0100002289,12.3299999237,11.8400001526,12.0500001907,12.2100000381,12.4200000763,3.4138204794817995,1,-0.39872560567714155,-4.40352442577796,4.606366918160099,-0.24019002041469895,-0.9630809400727691,-1.5948948158505116,1.0,0.0,0.48780531446026376,4.424631444473359,4.606366918160099,5.807324654340984
ACMR,2023-02-06,train,True,True,D-1,11.8599996567,12.2100000381,11.6499996185,12.0799999237,12.4200000763,12.3199996948,4.721757468885279,1,-4.40352442577796,4.606366918160099,-0.24019002041469895,-0.9630809400727691,-2.3500806994633416,-3.5228149596775338,1.0,1.0,0.2157603181796975,6.9377549848107956,4.606366918160099,7.896895378403346
ACMR,2023-02-07,train,True,True,D-1,12.1999998093,12.4200000763,11.6999998093,12.3599996567,12.3199996948,12.779999733,4.754097809557911,1,4.606366918160099,-0.24019002041469895,-0.9630809400727691,-2.3500806994633416,0.24896043589404115,1.1725322296477936,2.0,2.0,0.347896669857212,6.672183451911207,4.606366918160099,6.713337952882636
ACMR,2023-02-08,train,True,True,D-1,12.2600002289,12.3199996948,11.720000267,11.7899999619,12.779999733,12.470000267,4.241431438755017,1,-0.24019002041469895,-0.9630809400727691,-2.3500806994633416,0.24896043589404115,2.3178785990773276,-1.0408336011406671,2.0,3.0,0.5744336594677207,4.255663733897186,2.3178785990773276,0.0
ACMR,2023-02-09,train,True,True,D-1,12.1499996185,12.779999733,12.0900001526,12.5900001526,12.470000267,13.3999996185,10.288066166658204,1,-0.9630809400727691,-2.3500806994633416,0.24896043589404115,2.3178785990773276,-4.611648144270131,-5.377207657714966,2.0,4.0,0.11326888064665884,9.296011206461241,2.3178785990773276,2.649622386487638
ACMR,2023-02-10,train,True,True,D-1,12.3950004578,12.470000267,12.0100002289,12.4499998093,13.3999996185,13.970000267,12.706734578689538,1,-2.3500806994633416,0.24896043589404115,2.3178785990773276,-4.611648144270131,6.785413004963892,2.0259319036339374,3.0,0.0,0.831858795444396,1.509130882423082,6.785413004963892,2.3178785990773276
ACMR,2023-02-13,train,True,True,D-1,12.5500001907,13.3999996185,12.3999996185,13.1599998474,13.970000267,14.3999996185,14.741031073217957,1,0.24896043589404115,2.3178785990773276,-4.611648144270131,6.785413004963892,-1.1119963590396686,3.3194988570100836,3.0,1.0,0.7079646988832221,2.6506018373871454,6.785413004963892,2.3178785990773276
ACMR,2023-02-14,train,True,True,D-1,13.0500001907,13.970000267,12.8699998856,13.8900003433,14.3999996185,13.8459997177,10.344823050363395,1,2.3178785990773276,-4.611648144270131,6.785413004963892,-1.1119963590396686,5.702811638355509,8.94039677584042,3.0,0.0,0.8588236482138538,1.8237064884724763,6.785413004963892,6.785413004963892
ACMR,2023-02-15,train,True,True,D-1,13.6000003815,14.3999996185,13.4289999008,14.1800003052,13.8459997177,13.0900001526,1.8088185977893856,0,-4.611648144270131,6.785413004963892,-1.1119963590396686,5.702811638355509,5.547116294566101,12.378646675533123,3.0,0.0,0.9644444783555559,0.5759533601350064,6.785413004963892,6.785413004963892
ACMR,2023-02-16,train,True,True,D-1,13.7600002289,13.8459997177,12.9799995422,13.0500001907,13.0900001526,12.5209999084,-4.869186520017665,0,6.785413004963892,-1.1119963590396686,5.702811638355509,5.547116294566101,2.0878326474619957,20.271419431920368,4.0,0.0,0.9079500546078296,1.5514760829682395,6.785413004963892,6.785413004963892
ACMR,2023-02-17,train,True,True,D-1,12.9899997711,13.0900001526,12.1800003052,12.5799999237,12.5209999084,11.8500003815,-3.610468598647909,0,-1.1119963590396686,5.702811638355509,5.547116294566101,2.0878326474619957,-7.96897101677504,3.653693665801927,3.0,1.0,0.4351465386667146,10.344823050363395,5.702811638355509,11.750328786223573
ACMR,2023-02-21,train,True,True,D-1,12.1800003052,12.5209999084,11.9300003052,12.1099996567,11.8500003815,12.4399995804,2.1346409580055514,0,5.702811638355509,5.547116294566101,2.0878326474619957,-7.96897101677504,-3.6015345603975013,1.0441776416967752,3.0,2.0,0.1801800640674102,14.467406246729976,5.702811638355509,16.98631197025083
ACMR,2023-02-22,train,True,True,D-1,11.3000001907,11.8500003815,11.1199998856,11.5900001526,12.4399995804,12.5,10.619467159722795,1,5.547116294566101,2.0878326474619957,-7.96897101677504,-3.6015345603975013,-3.736091175283296,-7.978724945862725,2.0,3.0,0.07287425163674004,18.909991962989302,5.547116294566101,12.750185415361104
ACMR,2023-02-23,train,True,True,D-1,12.0900001526,12.4399995804,11.4300003052,11.6000003815,12.5,11.3000001907,3.3912311184862043,1,2.0878326474619957,-7.96897101677504,-3.6015345603975013,-3.736091175283296,-4.2939679507943085,-16.558676269647698,1.0,4.0,0.14329277599801832,24.245033899068847,2.0878326474619957,9.957465215860484
ACMR,2023-02-24,train,True,True,D-1,12.1499996185,12.5,11.3000001907,11.529999733,11.3000001907,10.6300001144,-6.995880283862411,0,-7.96897101677504,-3.6015345603975013,-3.736091175283296,-4.2939679507943085,0.08628325080526356,-18.19463940881496,1.0,4.0,0.17608236444028905,19.36206260632527,0.08628325080526356,4.21138967512552
ACMR,2023-02-27,train,True,True,D-1,11.1400003433,11.3000001907,10.2899999619,10.4899997711,10.6300001144,10.6199998856,-4.578098861610302,0,-3.6015345603975013,-3.736091175283296,-4.2939679507943085,0.08628325080526356,-0.6034538465329531,-11.647512915618341,1.0,4.0,0.20812172174187835,13.529925895272354,0.08628325080526356,0.517691275323584
ACMR,2023-02-28,train,True,True,D-1,10.5500001907,10.6300001144,10.1700000763,10.3800001144,10.6199998856,10.545999527,0.6635042050682216,0,-3.736091175283296,-4.2939679507943085,0.08628325080526356,-0.6034538465329531,-9.019947840271126,-16.613673809826967,1.0,4.0,0.0896458153276792,19.361298204175515,0.08628325080526356,9.655253715411959
ACMR,2023-03-01,train,True,True,D-1,10.5600004196,10.6199998856,10.3100004196,10.5500001907,10.545999527,10.6999998093,1.3257517437229582,0,-4.2939679507943085,0.08628325080526356,-0.6034538465329531,-9.019947840271126,-1.0486144814135345,-14.285710911171313,1.0,2.0,0.09012877466816561,20.42389077297755,0.08628325080526356,10.060261093220891
ACMR,2023-03-02,train,True,True,D-1,10.4399995804,10.545999527,9.97999954224,10.2399997711,10.6999998093,11.9200000763,14.17625053049374,1,0.08628325080526356,-0.6034538465329531,-9.019947840271126,-1.0486144814135345,1.6377656495799364,-8.973252357263295,2.0,3.0,0.16309018319475632,18.483410180588965,1.6377656495799364,0.08628325080526356
ACMR,2023-03-03,train,True,True,D-1,10.279999733,10.6999998093,10.1300001144,10.6899995804,11.9200000763,12.4200000763,20.81712450274047,1,-0.6034538465329531,-9.019947840271126,-1.0486144814135345,1.6377656495799364,-2.938392549729718,-11.724142807520632,1.0,4.0,0.10317467525030222,22.070315228700686,1.6377656495799364,1.3487508839790774
ACMR,2023-03-06,train,True,True,D-1,10.779999733,11.9200000763,10.5799999237,11.8500003815,12.4200000763,12.6300001144,17.161413981641683,1,-9.019947840271126,-1.0486144814135345,1.6377656495799364,-2.938392549729718,4.394529485928489,-7.285344076772493,2.0,4.0,0.5378785525509651,5.706273472811252,4.394529485928489,1.6377656495799364
ACMR,2023-03-07,train,True,True,D-1,11.9499998093,12.4200000763,11.8100004196,11.8299999237,12.6300001144,12.720000267,6.443518577303675,1,-1.0486144814135345,1.6377656495799364,-2.938392549729718,4.394529485928489,10.851270782337984,12.964734414454494,3.0,0.0,0.9639176930258335,0.590714705033113,10.851270782337984,1.6377656495799364
ACMR,2023-03-08,train,True,True,D-1,11.8100004196,12.6300001144,11.8100004196,12.470000267,12.720000267,12.2600002289,7.705332896430339,1,1.6377656495799364,-2.938392549729718,4.394529485928489,10.851270782337984,-0.16878022916541058,13.969169492478528,3.0,0.0,0.7581967116956827,4.987321694043323,10.851270782337984,4.394529485928489
ACMR,2023-03-09,train,True,True,D-1,12.4399995804,12.720000267,12.111000061,12.1300001144,12.2600002289,12.0170001984,-1.4469401734032328,0,-2.938392549729718,4.394529485928489,10.851270782337984,-0.16878022916541058,5.409977577580816,18.19905252696119,3.0,0.0,0.9396227121303656,1.2830781393278423,10.851270782337984,10.851270782337984
ACMR,2023-03-10,train,True,True,D-1,12.1599998474,12.2600002289,11.5399999619,11.7399997711,12.0170001984,12.6599998474,4.111842156864065,1,4.394529485928489,10.851270782337984,-0.16878022916541058,5.409977577580816,-2.726544870249603,18.457035015118663,3.0,0.0,0.7722007267035402,4.863974831291129,10.851270782337984,10.851270782337984
ACMR,2023-03-13,train,True,True,D-1,11.5,12.0170001984,11.3999996185,11.8100004196,12.6599998474,12.5150003433,10.086955194782599,1,10.851270782337984,-0.16878022916541058,5.409977577580816,-2.726544870249603,-3.215171802323513,9.82226596739222,2.0,1.0,0.5420559165010301,8.347534199382501,10.851270782337984,16.70532435306513
ACMR,2023-03-14,train,True,True,D-1,12.1499996185,12.6599998474,11.9899997711,12.6400003433,12.5150003433,12.4200000763,3.004121286096484,1,-0.16878022916541058,5.409977577580816,-2.726544870249603,-3.215171802323513,0.5962576649474638,-0.3375524102298466,2.0,2.0,0.3106065149027836,7.705332896430339,5.409977577580816,8.048062423269442
ACMR,2023-03-15,train,True,True,D-1,12.3900003433,12.5150003433,11.7299995422,12.25,12.4200000763,12.3199996948,0.24212858893277733,0,5.409977577580816,-2.726544870249603,-3.215171802323513,0.5962576649474638,7.027941525916659,6.847002745767217,3.0,3.0,0.9393940269719503,0.6329107715760784,7.027941525916659,5.409977577580816
ACMR,2023-03-16,train,True,True,D-1,12.1599998474,12.4200000763,11.7700004578,12.279999733,12.3199996948,12.0,1.315788235262283,0,-2.726544870249603,-3.215171802323513,0.5962576649474638,7.027941525916659,-3.0854456701555844,-1.7642362653527588,2.0,4.0,0.6439393665949399,3.836736873469393,7.027941525916659,0.5962576649474638
ACMR,2023-03-17,train,True,True,D-1,12.3100004196,12.3199996948,11.8500003815,11.8999996185,12.0,12.220000267,-0.7311141310499147,0,-3.215171802323513,0.5962576649474638,7.027941525916659,-3.0854456701555844,0.24489577959183606,1.2366003065567233,3.0,2.0,0.6984126624074141,3.094463539594594,7.027941525916659,9.87604754270821
ACMR,2023-03-20,train,True,True,D-1,11.8800001144,12.0,11.75,11.8599996567,12.220000267,11.8299999237,2.8619541189050857,0,0.5962576649474638,7.027941525916659,-3.0854456701555844,0.24489577959183606,-3.0944635404089316,1.3628607369641221,3.0,3.0,0.3968253247354631,6.386556750123651,7.027941525916659,9.885087497345225
ACMR,2023-03-21,train,True,True,D-1,12.0,12.220000267,11.6199998856,11.8800001144,11.8299999237,11.9099998474,-0.7500012716666671,0,7.027941525916659,-3.0854456701555844,0.24489577959183606,-3.0944635404089316,-0.3361341435491827,0.42336355058056885,2.0,4.0,0.13978502348130153,6.745364366415152,7.027941525916659,10.448137661355783
ACMR,2023-03-22,train,True,True,D-1,11.7700004578,11.8299999237,11.1499996185,11.1499996185,11.9099998474,11.3900003433,1.1894595085357285,0,-3.0854456701555844,0.24489577959183606,-3.0944635404089316,-0.3361341435491827,0.1686379281528927,-6.012659875463133,2.0,4.0,0.290502900376337,5.345119720414004,0.24489577959183606,0.4129588446436183
ACMR,2023-03-23,train,True,True,D-1,11.4099998474,11.9099998474,11.1999998093,11.470000267,11.3900003433,11.4200000763,0.08764442623789837,0,0.24489577959183606,-3.0944635404089316,-0.3361341435491827,0.1686379281528927,-6.144785259851549,-8.979594951020397,2.0,4.0,0.0,11.390139024693969,0.24489577959183606,6.231405549842151
ACMR,2023-03-24,train,True,True,D-1,11.2849998474,11.3900003433,11.0699996948,11.1700000763,11.4200000763,11.1700000763,1.1962802899913472,0,-3.0944635404089316,-0.3361341435491827,0.1686379281528927,-6.144785259851549,2.869961071290583,-6.596087000094075,2.0,4.0,0.27350480994152315,7.410631281722879,2.869961071290583,3.619815061586007
ACMR,2023-03-27,train,True,True,D-1,11.2600002289,11.4200000763,10.970000267,11.1599998474,11.1700000763,11.7250003815,4.129663793492,1,-0.3361341435491827,0.1686379281528927,-6.144785259851549,2.869961071290583,-2.615520346264699,-6.1344501311170525,2.0,3.0,0.08695681021157604,9.400180694070382,2.869961071290583,0.1686379281528927
ACMR,2023-03-28,train,True,True,D-1,11.1700000763,11.1700000763,10.8599996567,11.0100002289,11.7250003815,11.9799995422,7.251561865416822,1,0.1686379281528927,-6.144785259851549,2.869961071290583,-2.615520346264699,-0.08952756339919432,-5.902190805752284,2.0,4.0,0.15199966432000026,9.498211775038268,2.869961071290583,5.572667369318252
ACMR,2023-03-29,train,True,True,D-1,11.2600002289,11.7250003815,11.1800003052,11.7100000381,11.9799995422,11.8699998856,6.394309934843911,1,-6.144785259851549,2.869961071290583,-2.615520346264699,-0.08952756339919432,-1.3440826214253687,-7.323231288907605,1.0,3.0,0.142857661863851,8.17438328600215,2.869961071290583,4.302367931694107
ACMR,2023-03-30,train,True,True,D-1,11.9350004196,11.9799995422,11.6899995804,11.75,11.8699998856,12.3000001907,3.0582300650831007,1,2.869961071290583,-2.615520346264699,-0.08952756339919432,-1.3440826214253687,6.3578546289452476,5.022425459735902,2.0,4.0,0.8095240257369227,1.7079402958947387,6.3578546289452476,2.869961071290583
ACMR,2023-03-31,train,True,True,D-1,11.720000267,11.8699998856,11.6199998856,11.6999998093,12.3000001907,12.220000267,4.9488046969854205,1,-2.615520346264699,-0.08952756339919432,-1.3440826214253687,6.3578546289452476,0.3415880595205367,2.4411484436105857,2.0,0.0,0.7946432448987962,1.9574429123404347,6.3578546289452476,0.0
ACMR,2023-04-03,train,True,True,D-1,11.6899995804,12.3000001907,11.470000267,12.1999998093,12.220000267,11.0200004578,4.533795599861468,1,-0.08952756339919432,-1.3440826214253687,6.3578546289452476,0.3415880595205367,-0.4255335378723468,4.7448498601582845,2.0,1.0,0.7500002129241287,2.393160149262874,6.3578546289452476,6.443253679051686
ACMR,2023-04-04,train,True,True,D-1,12.220000267,12.220000267,11.0699996948,11.1800003052,11.0200004578,11.279999733,-7.6923118941205075,0,-1.3440826214253687,6.3578546289452476,0.3415880595205367,-0.4255335378723468,4.2735043431587405,9.318996201799168,3.0,0.0,0.9305553164468473,0.8196752701895127,6.3578546289452476,6.3578546289452476
ACMR,2023-04-05,train,True,True,D-1,11.0200004578,11.0200004578,10.625,10.6800003052,11.279999733,11.029999733,2.3593399673225157,0,6.3578546289452476,0.3415880595205367,-0.4255335378723468,4.2735043431587405,-8.360651803637397,1.544051523757184,3.0,1.0,0.08943135451300117,10.017887790030478,6.3578546289452476,10.802294907368726
ACMR,2023-04-06,train,True,True,D-1,10.6300001144,11.279999733,10.4200000763,11.1099996567,11.029999733,11.2449998856,5.785510485243428,1,0.3415880595205367,-0.4255335378723468,4.2735043431587405,-8.360651803637397,-4.472271792044957,-8.795898629793019,2.0,2.0,0.03283599936607463,15.168537820277361,4.2735043431587405,16.732516866595926
ACMR,2023-04-10,train,True,True,D-1,11.0,11.029999733,10.670999527,11.0,11.2449998856,10.9499998093,2.227271687272725,0,-0.4255335378723468,4.2735043431587405,-8.360651803637397,-4.472271792044957,4.02621104131089,-5.446811432340426,2.0,3.0,0.36702103107063505,10.711076244564598,4.2735043431587405,4.899628194581551
ACMR,2023-04-11,train,True,True,D-1,11.1300001144,11.2449998856,10.6999998093,10.75,10.9499998093,10.7100000381,-1.6172533984713633,0,4.2735043431587405,-8.360651803637397,-4.472271792044957,4.02621104131089,-0.9900959504860363,-5.982904450507675,2.0,4.0,0.30851057893956924,11.818183551818183,4.2735043431587405,4.2735043431587405
ACMR,2023-04-12,train,True,True,D-1,10.8400001526,10.9499998093,10.4799995422,10.5600004196,10.7100000381,11.1700000763,3.0442796960740592,1,-8.360651803637397,-4.472271792044957,4.02621104131089,-0.9900959504860363,-2.2727272727272707,-11.885244524304595,1.0,4.0,0.18333327152130327,13.67442108837209,4.02621104131089,7.2665320838313345
ACMR,2023-04-13,train,True,True,D-1,10.6199998856,10.7100000381,10.2399997711,10.2700004578,11.1700000763,10.6300001144,5.178909572737012,1,-4.472271792044957,4.02621104131089,-0.9900959504860363,-2.2727272727272707,-1.7674379572093057,-5.545615998879971,1.0,3.0,0.16279116184442582,6.818175045368724,4.02621104131089,8.026207226765436
ACMR,2023-04-14,train,True,True,D-1,10.8699998856,11.1700000763,10.4499998093,10.5500001907,10.6300001144,10.7700004578,-0.9199579471244945,0,4.02621104131089,-0.9900959504860363,-2.2727272727272707,-1.7674379572093057,-2.746211650349384,-3.838949772317657,1.0,4.0,0.028846815191406736,9.834461832306074,4.02621104131089,8.491323061776
ACMR,2023-04-17,train,True,True,D-1,10.3900003433,10.6300001144,10.3000001907,10.6300001144,10.7700004578,10.529999733,3.6573638300699596,1,-0.9900959504860363,-2.2727272727272707,-1.7674379572093057,-2.746211650349384,2.7263848142026426,-5.040499399676268,1.0,3.0,0.3084580938124856,6.587674714097669,2.7263848142026426,0.09469913354773762
ACMR,2023-04-18,train,True,True,D-1,10.7700004578,10.7700004578,10.3100004196,10.3900003433,10.529999733,11.279999733,4.735369113477073,1,-2.2727272727272707,-1.7674379572093057,-2.746211650349384,2.7263848142026426,0.7582931019330275,-3.3636353236363714,2.0,4.0,0.3880599988727652,5.785510485243428,2.7263848142026426,0.0
ACMR,2023-04-19,train,True,True,D-1,10.1499996185,10.529999733,10.1499996185,10.4899997711,11.279999733,10.7749996185,11.133006472634666,1,-1.7674379572093057,-2.746211650349384,2.7263848142026426,0.7582931019330275,-2.257758875984228,-3.3488340158139507,2.0,2.0,0.16129088491830315,7.50721566147956,2.7263848142026426,4.242971018068708
ACMR,2023-04-20,train,True,True,D-1,10.3299999237,11.279999733,10.2600002289,10.8900003433,10.7749996185,10.4399995804,4.307838316426715,1,-2.746211650349384,2.7263848142026426,0.7582931019330275,-2.257758875984228,0.9624583685840404,-0.6628849026376282,3.0,3.0,0.3333333333333339,6.482367207227235,2.7263848142026426,4.043415310847198
ACMR,2023-04-21,train,True,True,D-1,10.75,10.7749996185,10.3800001144,10.4399995804,10.4399995804,10.1300001144,-2.883724833488366,0,2.7263848142026426,0.7582931019330275,-2.257758875984228,0.9624583685840404,3.8131609240069197,6.036999589704162,4.0,0.0,0.6548678316970207,3.5812615005099024,3.8131609240069197,2.7263848142026426
ACMR,2023-04-24,train,True,True,D-1,10.4399995804,10.4399995804,10.0699996948,10.2600002289,10.1300001144,9.92000007629,-2.9693436634039005,0,0.7582931019330275,-2.257758875984228,0.9624583685840404,3.8131609240069197,-4.132238280202261,-1.0426597944232063,3.0,1.0,0.2566371084203989,8.045978796560593,3.8131609240069197,1.43910462016692
ACMR,2023-04-25,train,True,True,D-1,10.1300001144,10.1300001144,9.57999992371,9.60999965668,9.92000007629,9.60000038147,-2.0730506983063113,0,-2.257758875984228,0.9624583685840404,3.8131609240069197,-4.132238280202261,-1.7241317886442342,-3.4807138430673956,2.0,2.0,0.15702522983606235,9.941515412708313,3.8131609240069197,9.598285759081925
ACMR,2023-04-26,train,True,True,D-1,9.68999958038,9.92000007629,9.52000045776,9.56000041962,9.60000038147,9.44999980927,-0.9287843426972642,0,0.9624583685840404,3.8131609240069197,-4.132238280202261,-1.7241317886442342,-6.335288086925194,-7.5072248397276,2.0,3.0,0.01764690372672969,17.377732944653836,3.8131609240069197,11.763352083767487
ACMR,2023-04-27,train,True,True,D-1,9.56000041962,9.60000038147,9.17000007629,9.34000015259,9.44999980927,9.71000003815,1.5690335977617265,0,3.8131609240069197,-4.132238280202261,-1.7241317886442342,-6.335288086925194,-0.5202834427287861,-8.86558028382568,1.0,4.0,0.022727260415800452,17.99162382723378,3.8131609240069197,10.63577099869547
ACMR,2023-04-28,train,True,True,D-1,9.38000011444,9.44999980927,9.02000045776,9.35000038147,9.71000003815,9.60000038147,3.5181228111285767,1,-4.132238280202261,-1.7241317886442342,-6.335288086925194,-0.5202834427287861,-2.3012579223165464,-14.233242808514957,0.0,4.0,0.10591908086523058,15.364019726617183,-0.5202834427287861,2.8095683011010397
ACMR,2023-05-01,train,True,True,D-1,9.42000007629,9.71000003815,9.28999996185,9.34000015259,9.60000038147,9.40999984741,1.9108312497051694,0,-1.7241317886442342,-6.335288086925194,-0.5202834427287861,-2.3012579223165464,0.10706882994244715,-10.440605773359978,1.0,4.0,0.23239445605887318,11.65774496747809,0.10706882994244715,2.1966530223054836
ACMR,2023-05-02,train,True,True,D-1,9.35000038147,9.60000038147,9.10000038147,9.18999958038,9.40999984741,9.07999992371,0.6417054918939735,0,-6.335288086925194,-0.5202834427287861,-2.3012579223165464,0.10706882994244715,-0.106954315208585,-8.966862142152564,1.0,4.0,0.28828810253747933,8.458243564278023,0.10706882994244715,0.0
ACMR,2023-05-03,train,True,True,D-1,9.19999980927,9.40999984741,9.13000011444,9.14000034332,9.07999992371,11.25,22.28261123075679,1,-0.5202834427287861,-2.3012579223165464,0.10706882994244715,-0.106954315208585,-1.6060018175524715,-4.370448400672455,1.0,4.0,0.1888879940834481,7.9434225162370975,0.10706882994244715,1.8183072744572981
ACMR,2023-05-04,train,True,True,D-1,9.07999992371,9.07999992371,8.75,8.88000011444,11.25,10.2600002289,23.898679455091433,1,-2.3012579223165464,0.10706882994244715,-0.106954315208585,-1.6060018175524715,-0.5440613639063119,-4.393306044610967,1.0,2.0,0.17391298338496733,6.236320278112295,0.10706882994244715,2.248394376008289
ACMR,2023-05-05,train,True,True,D-1,10.3299999237,11.25,10.1210002899,10.470000267,10.2600002289,10.1800003052,-0.6776349982288155,0,0.10706882994244715,-0.106954315208585,-1.6060018175524715,-0.5440613639063119,-2.844641346977883,-4.925053861186934,1.0,3.0,0.1354167804935932,9.346845867268794,0.10706882994244715,3.4802949463160315
ACMR,2023-05-08,train,True,True,D-1,9.60999965668,10.2600002289,9.45400047302,10.0699996948,10.1800003052,10.1999998093,6.139439892798393,1,-0.106954315208585,-1.6060018175524715,-0.5440613639063119,-2.844641346977883,17.905406892669507,11.978607912675976,1.0,0.0,0.6880001067999999,7.449853993399147,17.905406892669507,0.0
ACMR,2023-05-09,train,True,True,D-1,9.92000007629,10.1800003052,9.78999996185,9.93999958038,10.1999998093,9.86999988556,2.8225779320227184,0,-1.6060018175524715,-0.5440613639063119,-2.844641346977883,17.905406892669507,-3.8204447182369816,7.815840795329865,1.0,1.0,0.5279998779199999,11.717977566666015,17.905406892669507,0.0
ACMR,2023-05-10,train,True,True,D-1,10.1800003052,10.1999998093,9.39999961853,9.44999980927,9.86999988556,9.84000015259,-3.045190671376008,0,-0.5440613639063119,-2.844641346977883,17.905406892669507,-3.8204447182369816,-1.290964432572228,8.161044986347953,1.0,2.0,0.47599983215200015,13.179079224567936,17.905406892669507,22.967495461000198
ACMR,2023-05-11,train,True,True,D-1,9.42000007629,9.86999988556,9.39999961853,9.72999954224,9.84000015259,9.84000015259,4.458599499984439,1,-2.844641346977883,17.905406892669507,-3.8204447182369816,-1.290964432572228,-4.929575370175899,3.391678931134434,1.0,3.0,0.27999992370800014,19.047621450365384,17.905406892669507,24.06230763071182
ACMR,2023-05-12,train,True,True,D-1,9.73999977112,9.84000015259,9.10000038147,9.14999961853,9.84000015259,9.92000007629,1.848052457903715,0,17.905406892669507,-3.8204447182369816,-1.290964432572228,-4.929575370175899,2.9629601970502906,9.572065505019456,2.0,4.0,0.17837830035893498,15.621793723230448,17.905406892669507,20.018083421897003
ACMR,2023-05-15,train,True,True,D-1,9.26000022888,9.84000015259,9.14999961853,9.68999958038,9.92000007629,10.0900001526,8.963281892060927,1,-3.8204447182369816,-1.290964432572228,-4.929575370175899,2.9629601970502906,-5.9609450256610685,-12.6074557288261,1.0,4.0,0.043102796238097776,12.131154717450432,2.9629601970502906,3.174605257089158
ACMR,2023-05-16,train,True,True,D-1,9.60999965668,9.92000007629,9.60000038147,9.69999980927,10.0900001526,10.1400003433,5.51509579140923,1,-1.290964432572228,-4.929575370175899,2.9629601970502906,-5.9609450256610685,5.901639173365947,-3.77358615627591,2.0,3.0,0.5363631870917502,5.263160485090546,5.901639173365947,3.374059516082639
ACMR,2023-05-17,train,True,True,D-1,9.71000003815,10.0900001526,9.65999984741,9.96000003815,10.1400003433,9.94999980927,4.428427430077808,1,-4.929575370175899,2.9629601970502906,-5.9609450256610685,5.901639173365947,0.10320154100158518,-2.4144847207410502,3.0,4.0,0.545454308993266,5.1546392769220795,5.901639173365947,2.9629601970502906
ACMR,2023-05-18,train,True,True,D-1,10.0,10.1400003433,9.69999980927,9.75,9.94999980927,9.96000003815,-0.3999996185000021,0,2.9629601970502906,-5.9609450256610685,5.901639173365947,0.10320154100158518,2.6804147834263325,5.396827927760528,4.0,0.0,0.8686867227235654,1.3052220276311033,5.901639173365947,5.901639173365947
ACMR,2023-05-19,train,True,True,D-1,9.81999969482,9.94999980927,9.68999958038,9.72999954224,9.96000003815,9.96000003815,1.425665454998426,0,-5.9609450256610685,5.901639173365947,0.10320154100158518,2.6804147834263325,-2.108434109895907,0.20555456013306994,3.0,0.0,0.624999656140612,4.000003521025652,5.901639173365947,5.901639173365947
ACMR,2023-05-22,train,True,True,D-1,9.68999958038,9.96000003815,9.68999958038,9.84000015259,9.96000003815,9.60000038147,2.786382553789646,0,5.901639173365947,0.10320154100158518,2.6804147834263325,-2.108434109895907,-0.20513290010256702,6.338797244706118,3.0,1.0,0.5858580798966051,4.213780270801659,5.901639173365947,8.210881091328037
ACMR,2023-05-23,train,True,True,D-1,9.73999977112,9.96000003815,9.63000011444,9.64000034332,9.60000038147,9.93999958038,2.0533861802853215,0,0.10320154100158518,2.6804147834263325,-2.108434109895907,-0.20513290010256702,1.1305304781615177,1.5479935882940055,3.0,2.0,0.4444440520082006,3.0487823786368384,2.6804147834263325,2.6804147834263325
ACMR,2023-05-24,train,True,True,D-1,9.46000003815,9.60000038147,9.17500019073,9.22999954224,9.93999958038,10.7399997711,13.530652513615827,1,2.6804147834263325,-2.108434109895907,-0.20513290010256702,1.1305304781615177,-2.0325183553717374,-0.6185512075233213,2.0,3.0,0.019608283122449544,5.186721806773309,2.6804147834263325,3.60538090011826
ACMR,2023-05-25,train,True,True,D-1,9.56999969482,9.93999958038,9.51500034332,9.88000011444,10.7399997711,11.1899995804,16.92789903072689,1,-2.108434109895907,-0.20513290010256702,1.1305304781615177,-2.0325183553717374,-4.2531201916824575,-7.3293222200187085,1.0,4.0,0.05699413763150737,9.859164097413986,1.1305304781615177,7.329723576643743
ACMR,2023-05-26,train,True,True,D-1,9.90999984741,10.7399997711,9.88000011444,10.7100000381,11.1899995804,10.1899995804,12.916243720473219,1,-0.20513290010256702,1.1305304781615177,-2.0325183553717374,-4.2531201916824575,7.042260069736184,1.333334507076911,2.0,3.0,0.8980892493509015,0.8097158176453512,7.042260069736184,1.1305304781615177
ACMR,2023-05-30,train,True,True,D-1,11.1099996567,11.1899995804,10.1750001907,10.2100000381,10.1899995804,10.2600002289,-7.6507601626018,0,1.1305304781615177,-2.0325183553717374,-4.2531201916824575,7.042260069736184,8.400808846620599,10.071948016087862,3.0,0.0,0.980830836393638,0.28010955082427014,8.400808846620599,1.1305304781615177
ACMR,2023-05-31,train,True,True,D-1,9.94999980927,10.1899995804,9.64999961853,10.1099996567,10.2600002289,10.3500003815,4.020106330628614,1,-2.0325183553717374,-4.2531201916824575,7.042260069736184,8.400808846620599,-4.668534063690832,3.7601613798005085,2.0,0.0,0.5136477225134566,9.598428390235059,8.400808846620599,7.042260069736184
ACMR,2023-06-01,train,True,True,D-1,10.1000003815,10.2600002289,9.69999980927,10.0100002289,10.3500003815,9.89999961853,2.475247431256733,0,-4.2531201916824575,7.042260069736184,8.400808846620599,-4.668534063690832,-0.9794356613793909,4.875511375948061,2.0,1.0,0.46401972663779617,10.682492189643877,8.400808846620599,14.0030532842074
ACMR,2023-06-02,train,True,True,D-1,10.2700004578,10.3500003815,9.78999996185,9.96000003815,9.89999961853,10.4600000381,1.8500445163631696,0,7.042260069736184,8.400808846620599,-4.668534063690832,-0.9794356613793909,-0.9891140573257018,8.450712083900092,2.0,2.0,0.29552245435223257,11.788205040127874,8.400808846620599,10.359670829516531
ACMR,2023-06-05,train,True,True,D-1,9.88000011444,9.89999961853,9.35999965668,9.72999954224,10.4600000381,11.25,13.866395442219615,1,8.400808846620599,-4.668534063690832,-0.9794356613793909,-0.9891140573257018,-0.49950239367271276,0.8097158176453512,1.0,3.0,0.20129897876333094,12.349392947175787,8.400808846620599,9.88448464922652
ACMR,2023-06-06,train,True,True,D-1,9.61999988556,10.4600000381,9.51900005341,10.3299999237,11.25,10.9899997711,16.943868335037028,1,-4.668534063690832,-0.9794356613793909,-0.9891140573257018,-0.49950239367271276,-2.3092419179620904,-9.15033139471264,0.0,4.0,0.20218573824192806,15.005139844270587,-0.49950239367271276,2.7972095929788887
ACMR,2023-06-07,train,True,True,D-1,10.4399995804,11.25,10.4399995804,10.8999996185,10.9899997711,10.9750003815,5.268201272082118,1,-0.9794356613793909,-0.9891140573257018,-0.49950239367271276,-2.3092419179620904,6.166499585691354,1.175317190521108,1.0,0.0,0.8818181187972124,1.2584715910959776,6.166499585691354,0.0
ACMR,2023-06-08,train,True,True,D-1,10.9399995804,10.9899997711,10.5,10.5900001526,10.9750003815,10.9899997711,0.4570401518989131,0,-0.9891140573257018,-0.49950239367271276,-2.3092419179620904,6.166499585691354,5.517906089159363,7.814045386999191,2.0,0.0,0.8148146466020298,3.211012786697376,6.166499585691354,0.0
ACMR,2023-06-09,train,True,True,D-1,10.7600002289,10.9750003815,10.529999733,10.6899995804,10.9899997711,11.1000003815,3.159852652110562,1,-0.49950239367271276,-2.3092419179620904,6.166499585691354,5.517906089159363,-2.8440318967888345,5.794204899471178,2.0,1.0,0.650793794967976,6.2322930867754645,6.166499585691354,6.166499585691354
ACMR,2023-06-12,train,True,True,D-1,10.8500003815,10.9899997711,10.3199996948,10.529999733,11.1000003815,11.5399999619,6.35944291372097,1,-2.3092419179620904,6.166499585691354,5.517906089159363,-2.8440318967888345,0.9442816464497295,7.329312645119157,3.0,2.0,0.7037035355156098,5.238544823020885,6.166499585691354,8.093105507251009
ACMR,2023-06-13,train,True,True,D-1,10.7899999619,11.1000003815,10.6199998856,10.970000267,11.5399999619,11.4499998093,6.950880469400245,1,6.166499585691354,5.517906089159363,-2.8440318967888345,0.9442816464497295,-1.4967245433138987,8.22199618085313,3.0,3.0,0.584055292192024,6.837609546594647,6.166499585691354,6.733075777715946
ACMR,2023-06-14,train,True,True,D-1,11.3100004196,11.5399999619,11.0869998932,11.4099998474,11.4499998093,12.1099996567,7.073379375951361,1,5.517906089159363,-2.8440318967888345,0.9442816464497295,-1.4967245433138987,4.17854268904756,6.1955503197212325,3.0,4.0,0.698925117083929,2.5524131830907626,5.517906089159363,5.517906089159363
ACMR,2023-06-15,train,True,True,D-1,11.2299995422,11.4499998093,11.1400003433,11.4200000763,12.1099996567,11.8699998856,7.836154500212955,1,-2.8440318967888345,0.9442816464497295,-1.4967245433138987,4.17854268904756,4.010935001739324,4.678901346330355,3.0,0.0,0.8934425524274546,1.1393524648435793,4.17854268904756,0.9442816464497295
ACMR,2023-06-16,train,True,True,D-1,12.0,12.1099996567,11.5200004578,11.6400003433,11.8699998856,11.8500003815,-1.0833342866666595,0,0.9442816464497295,-1.4967245433138987,4.17854268904756,4.010935001739324,0.08764442623789837,7.837581791688852,4.0,1.0,0.901639459567295,1.0507870822964005,4.17854268904756,4.17854268904756
ACMR,2023-06-20,train,True,True,D-1,11.6000003815,11.8699998856,11.4099998474,11.75,11.8500003815,12.529999733,8.017235525122835,1,-1.4967245433138987,4.17854268904756,4.010935001739324,0.08764442623789837,1.926447158757627,8.886817588298278,4.0,0.0,0.7374305455844161,4.037794669572592,4.17854268904756,4.17854268904756
ACMR,2023-06-21,train,True,True,D-1,11.6899995804,11.8500003815,11.3800001144,11.8000001907,12.529999733,12.3500003815,7.185630305824686,1,4.17854268904756,4.010935001739324,0.08764442623789837,1.926447158757627,0.9450142049464372,11.585947748665525,5.0,1.0,0.758389455030434,3.0638268655319045,4.17854268904756,4.17854268904756
ACMR,2023-06-22,train,True,True,D-1,11.6199998856,12.529999733,11.3210000992,12.5100002289,12.3500003815,12.1400003433,6.282276274414134,1,4.010935001739324,0.08764442623789837,1.926447158757627,0.9450142049464372,0.4255335378723357,7.566088454863662,5.0,2.0,0.6969701489085447,2.6271140761872314,4.010935001739324,4.010935001739324
ACMR,2023-06-23,train,True,True,D-1,12.25,12.3500003815,11.7100000381,11.7700004578,12.1400003433,12.8100004196,4.571431996734687,1,0.08764442623789837,1.926447158757627,0.9450142049464372,0.4255335378723357,6.016949379031145,9.640669554878723,5.0,0.0,0.9856118612366315,0.15986813536421618,6.016949379031145,1.926447158757627
ACMR,2023-06-26,train,True,True,D-1,11.8000001907,12.1400003433,11.7299995422,11.9300003052,12.8100004196,13.0399999619,10.508472467460518,1,1.926447158757627,0.9450142049464372,0.4255335378723357,6.016949379031145,-5.915265847801399,3.064801919102944,4.0,1.0,0.37138171596359293,6.457087898381064,6.016949379031145,2.180682179225202
ACMR,2023-06-27,train,True,True,D-1,11.9799995422,12.8100004196,11.8199996948,12.7700004578,13.0399999619,13.4200000763,12.020038306575408,1,0.9450142049464372,0.4255335378723357,6.016949379031145,-5.915265847801399,1.3593869258855307,2.4914085339088787,4.0,2.0,0.503722407330972,5.029332878880766,6.016949379031145,10.653239651513402
ACMR,2023-06-28,train,True,True,D-1,12.5799999237,13.0399999619,12.4399995804,12.8500003815,13.4200000763,13.8900003433,10.413357929613598,1,0.4255335378723357,6.016949379031145,-5.915265847801399,1.3593869258855307,7.041074024397664,8.680854959999994,4.0,0.0,0.9731363645447342,0.31323383215360323,7.041074024397664,6.016949379031145
ACMR,2023-06-29,train,True,True,D-1,12.970000267,13.4200000763,12.8109998703,13.3800001144,13.8900003433,15.5900001526,20.20046130813238,1,6.016949379031145,-5.915265847801399,1.3593869258855307,7.041074024397664,0.6264676650902912,8.898306557889214,4.0,0.0,0.889470857722134,1.4785959125226178,7.041074024397664,6.016949379031145
ACMR,2023-06-30,train,True,True,D-1,13.8900003433,13.8900003433,13.0100002289,13.0799999237,15.5900001526,15.0,12.239019202904577,1,-5.915265847801399,1.3593869258855307,7.041074024397664,0.6264676650902912,4.124511417626375,6.9544354083237225,4.0,0.0,0.9766082099377583,0.2989533748729123,7.041074024397664,7.041074024397664
ACMR,2023-07-03,train,True,True,D-1,14.6099996567,15.5900001526,14.3299999237,14.8299999237,15.0,13.5900001526,2.669406929938911,0,1.3593869258855307,7.041074024397664,0.6264676650902912,4.124511417626375,-2.2421538724587076,11.129986533108948,4.0,0.0,0.6249999448206226,6.192663794533648,7.041074024397664,7.041074024397664
ACMR,2023-07-05,train,True,True,D-1,14.8299999237,15.0,13.8299999237,13.8699998856,13.5900001526,14.0699996948,-5.1247487040471,0,7.041074024397664,0.6264676650902912,4.124511417626375,-2.2421538724587076,13.379204971011728,24.308462232276405,4.0,0.0,0.798408451827218,5.1247487040470885,13.379204971011728,7.041074024397664
ACMR,2023-07-06,train,True,True,D-1,13.4799995422,13.5900001526,13.0500001907,13.5399999619,14.0699996948,13.7899999619,4.376855880098263,1,0.6264676650902912,4.124511417626375,-2.2421538724587076,13.379204971011728,-6.473365091295868,8.61393412972129,3.0,1.0,0.4539682683934467,12.400867203940823,13.379204971011728,4.124511417626375
ACMR,2023-07-07,train,True,True,D-1,13.6999998093,14.0699996948,13.3699998856,13.3999996185,13.7899999619,13.3900003433,0.6569354295822949,0,4.124511417626375,-2.2421538724587076,13.379204971011728,-6.473365091295868,-2.3792352301503006,5.369646380659909,2.0,2.0,0.2623245834997372,15.140326414095018,13.379204971011728,22.07778870962953
ACMR,2023-07-10,train,True,True,D-1,13.470000267,13.7899999619,13.029999733,13.1899995804,13.3900003433,13.3900003433,-0.5939118197049287,0,-2.2421538724587076,13.379204971011728,-6.473365091295868,-2.3792352301503006,-1.0339759512108082,0.14947312353514874,1.0,3.0,0.1511625585789553,16.34328803320628,13.379204971011728,16.76781543227034
ACMR,2023-07-11,train,True,True,D-1,13.25,13.3900003433,12.8000001907,13.0500001907,13.3900003433,14.3140001297,8.030189658113219,1,13.379204971011728,-6.473365091295868,-2.3792352301503006,-1.0339759512108082,-1.567164508050245,0.8409759735601208,1.0,4.0,0.06249993014649581,18.19560764631365,13.379204971011728,15.964141326143633
ACMR,2023-07-12,train,True,True,D-1,13.3800001144,13.3900003433,13.0200004578,13.1700000763,14.3140001297,13.970000267,6.980568066623549,1,-6.473365091295868,-2.3792352301503006,-1.0339759512108082,-1.567164508050245,-1.061405565986795,-12.00269549668278,0.0,4.0,0.11363637348657113,14.942527055973942,-1.0339759512108082,2.6119361027204246
ACMR,2023-07-13,train,True,True,D-1,13.3699998856,14.3140001297,13.3699998856,13.8999996185,13.970000267,13.7299995422,4.487661828974443,1,-2.3792352301503006,-1.0339759512108082,-1.567164508050245,-1.061405565986795,0.9195393398194307,-5.046862401395902,1.0,3.0,0.29133860635812103,6.833710047728769,0.9195393398194307,0.1516262679016278
ACMR,2023-07-14,train,True,True,D-1,13.970000267,13.970000267,13.2700004578,13.3299999237,13.7299995422,13.5530004501,-1.7179722277237963,0,-1.0339759512108082,-1.567164508050245,-1.061405565986795,0.9195393398194307,5.5428970233164065,2.658786245295408,2.0,0.0,0.7265518309905299,2.978421025630751,5.5428970233164065,0.0
ACMR,2023-07-17,train,True,True,D-1,13.3500003815,13.7299995422,13.3199996948,13.5200004578,13.5530004501,13.720000267,2.7715346436449018,0,-1.567164508050245,-1.061405565986795,0.9195393398194307,5.5428970233164065,-4.100717341325444,-0.522385796961955,2.0,1.0,0.3500658879484938,7.381847049004864,5.5428970233164065,0.9195393398194307
ACMR,2023-07-18,train,True,True,D-1,13.470000267,13.5530004501,13.1700000763,13.5,13.720000267,13.1700000763,1.8559762067152485,0,-1.061405565986795,0.9195393398194307,5.5428970233164065,-4.100717341325444,1.4253603539951198,2.5019021068838576,3.0,2.0,0.47556162226503224,5.8727784394557725,5.5428970233164065,8.276704009859381
ACMR,2023-07-19,train,True,True,D-1,13.5399999619,13.720000267,13.1000003815,13.2100000381,13.1700000763,13.3109998703,-1.6912857625138833,0,0.9195393398194307,5.5428970233164065,-4.100717341325444,1.4253603539951198,-0.14793237516838031,3.4482743503765567,3.0,3.0,0.37094255325058084,6.029630590370361,5.5428970233164065,5.5428970233164065
ACMR,2023-07-20,train,True,True,D-1,13.029999733,13.1700000763,12.7700004578,12.8699998856,13.3109998703,13.1499996185,2.1565628784192103,0,5.5428970233164065,-4.100717341325444,1.4253603539951198,-0.14793237516838031,-2.14814786592592,0.3037202852563592,2.0,4.0,0.09060929111649146,8.357305741225328,5.5428970233164065,7.835799458250525
ACMR,2023-07-21,train,True,True,D-1,13.0,13.3109998703,12.9499998093,12.970000267,13.1499996185,12.9799995422,1.1538432192307768,0,-4.100717341325444,1.4253603539951198,-0.14793237516838031,-2.14814786592592,-2.5738088684283067,-7.4100702242404175,1.0,4.0,0.08333286974992654,8.547011586462938,1.4253603539951198,6.092027868069194
ACMR,2023-07-24,train,True,True,D-1,12.970000267,13.1499996185,12.7399997711,12.779999733,12.9799995422,12.6850004196,0.07709541244529383,0,1.4253603539951198,-0.14793237516838031,-2.14814786592592,-2.5738088684283067,0.7770037473884273,-2.7006726088568245,2.0,4.0,0.20833333328124948,5.859670466882649,1.4253603539951198,3.242164066393294
ACMR,2023-07-25,train,True,True,D-1,12.8999996185,12.9799995422,12.6700000763,12.7399997711,12.6850004196,12.8000001907,-0.7751893857158687,0,-0.14793237516838031,-2.14814786592592,-2.5738088684283067,0.7770037473884273,-1.4649231309842303,-5.473377956678071,1.0,3.0,0.04081626699919672,7.35524689857987,0.7770037473884273,0.6993018912199056
ACMR,2023-07-26,train,True,True,D-1,12.6499996185,12.6850004196,12.25,12.3000001907,12.8000001907,12.9600000381,2.450596276276884,0,-2.14814786592592,-2.5738088684283067,0.7770037473884273,-1.4649231309842303,-0.312988753800314,-5.62963132518518,1.0,4.0,0.06666636389212005,7.692311722980372,0.7770037473884273,2.5503305875211657
ACMR,2023-07-27,train,True,True,D-1,12.6300001144,12.8000001907,12.1800003052,12.3900003433,12.9600000381,13.25,4.90894600145817,1,-2.5738088684283067,0.7770037473884273,-1.4649231309842303,-0.312988753800314,-3.4536859364637906,-6.888719491108231,1.0,3.0,0.04712553893702442,8.219509462808094,0.7770037473884273,4.532868789079814
ACMR,2023-07-28,train,True,True,D-1,12.5200004578,12.9600000381,12.5100002289,12.7600002289,13.25,13.1700000763,5.830667056766825,1,0.7770037473884273,-1.4649231309842303,-0.312988753800314,-3.4536859364637906,0.7317085463791173,-3.729600206423178,2.0,4.0,0.18567649765756794,7.433410020025044,0.7770037473884273,3.5242520526353016
ACMR,2023-07-31,train,True,True,D-1,12.6199998856,13.25,12.6199998856,13.1000003815,13.1700000763,12.5,4.358163198777643,1,-1.4649231309842303,-0.312988753800314,-3.4536859364637906,0.7317085463791173,2.9862782513971453,-1.6191213089972734,2.0,4.0,0.597938488973566,3.056421493760597,2.9862782513971453,0.0
ACMR,2023-08-01,train,True,True,D-1,13.0,13.1700000763,12.7299995422,12.7399997711,12.5,12.029999733,-3.8461538461538436,0,-0.312988753800314,-3.4536859364637906,0.7317085463791173,2.9862782513971453,2.6645779506330847,2.5039174897140803,3.0,0.0,0.8598134006682702,1.1450352223793203,2.9862782513971453,0.7317085463791173
ACMR,2023-08-02,train,True,True,D-1,12.4799995422,12.5,11.8999996185,11.9899997711,12.029999733,14.1999998093,13.78205392783849,1,-3.4536859364637906,0.7317085463791173,2.9862782513971453,2.6645779506330847,-2.748096182564974,0.0,3.0,1.0,0.5233641361034908,4.003141586053305,2.9862782513971453,3.1430216482718487
ACMR,2023-08-03,train,True,True,D-1,11.9300003052,12.029999733,11.8170003891,11.970000267,14.1999998093,13.6199998856,19.027656714397235,1,0.7317085463791173,2.9862782513971453,2.6645779506330847,-2.748096182564974,-5.88697027845585,-2.5203285755588056,3.0,2.0,0.06666676086417099,10.508759407460788,2.9862782513971453,11.459565106926984
ACMR,2023-08-04,train,True,True,D-1,13.8699998856,14.1999998093,11.8500003815,12.5399999619,13.6199998856,13.8699998856,0.0,0,2.9862782513971453,2.6645779506330847,-2.748096182564974,-5.88697027845585,-0.1668015386306121,-3.3898310303689394,2.0,3.0,0.10676895983517205,10.69339769798352,2.9862782513971453,9.030230511480408
ACMR,2023-08-07,train,True,True,D-1,12.9600000381,13.6199998856,12.9499998093,13.529999733,13.8699998856,13.6000003815,7.021603740931859,1,2.6645779506330847,-2.748096182564974,-5.88697027845585,-0.1668015386306121,4.761902106814708,-1.7241399925818413,2.0,0.0,0.3033989713431486,13.237638376742744,4.761902106814708,2.6645779506330847
ACMR,2023-08-08,train,True,True,D-1,13.3100004196,13.8699998856,12.9799995422,13.6000003815,13.6000003815,13.9600000381,4.8835431856397715,1,-2.748096182564974,-5.88697027845585,-0.1668015386306121,4.761902106814708,7.894735040732814,3.282437702118335,2.0,1.0,0.7188416956292135,4.951959272148776,7.894735040732814,0.0
ACMR,2023-08-09,train,True,True,D-1,13.5799999237,13.6000003815,12.9799995422,13.2399997711,13.9600000381,13.9200000763,2.798233553277263,0,-5.88697027845585,-0.1668015386306121,4.761902106814708,7.894735040732814,0.5173736133140094,6.75039737717158,3.0,2.0,0.7482167126378723,4.411760374773044,7.894735040732814,4.761902106814708
ACMR,2023-08-10,train,True,True,D-1,13.4200000763,13.9600000381,13.1800003052,13.8900003433,13.9200000763,13.8009996414,3.725782393123911,1,-0.1668015386306121,4.761902106814708,7.894735040732814,0.5173736133140094,-2.647063237510683,10.42535466108121,3.0,3.0,0.5971463400022866,7.2507557008835155,7.894735040732814,10.038119871648089
ACMR,2023-08-11,train,True,True,D-1,13.6000003815,13.9200000763,13.4549999237,13.5100002289,13.8009996414,13.75,1.4779356931005738,0,4.761902106814708,7.894735040732814,0.5173736133140094,-2.647063237510683,4.909369965540389,16.040100530266766,4.0,4.0,0.868085301497196,2.231817554630444,7.894735040732814,7.894735040732814
ACMR,2023-08-14,train,True,True,D-1,13.3800001144,13.8009996414,13.25,13.7899999619,13.75,13.4359998703,2.7653204965356837,0,7.894735040732814,0.5173736133140094,-2.647063237510683,4.909369965540389,-2.7357818935065614,7.735249361619845,3.0,1.0,0.5544557353866603,3.3308645564445127,7.894735040732814,7.894735040732814
ACMR,2023-08-15,train,True,True,D-1,13.75,13.75,13.3599996567,13.4499998093,13.4359998703,13.3800001144,-2.283637306909092,0,0.5173736133140094,-2.647063237510683,4.909369965540389,-2.7357818935065614,2.0725368486747886,1.9216573099100076,3.0,2.0,0.8265306222688404,1.2327779308896947,4.909369965540389,5.629315098214471
ACMR,2023-08-16,train,True,True,D-1,13.3999996185,13.4359998703,12.9499998093,12.9799995422,13.3800001144,13.3000001907,-0.14925003484619337,0,-2.647063237510683,4.909369965540389,-2.7357818935065614,2.0725368486747886,-2.465555863229707,-1.102945352884288,2.0,3.0,0.4795918666024415,3.791823316215681,4.909369965540389,5.353488533885409
ACMR,2023-08-17,train,True,True,D-1,13.0,13.3800001144,12.9200000763,13.0900001526,13.3000001907,13.8199996948,6.307689959999996,1,4.909369965540389,-2.7357818935065614,2.0725368486747886,-2.465555863229707,-3.494425827240666,-1.9637479863672258,2.0,4.0,0.02970269911289383,7.550081128384223,4.909369965540389,10.783194635141024
ACMR,2023-08-18,train,True,True,D-1,12.8500003815,13.3000001907,12.6999998093,13.0100002289,13.8199996948,14.9099998474,16.031123772305556,1,-2.7357818935065614,2.0725368486747886,-2.465555863229707,-3.494425827240666,0.8474623596277597,-5.759540467440594,2.0,4.0,0.1700000763000009,6.34071744861775,2.0725368486747886,4.749114259858677
ACMR,2023-08-21,train,True,True,D-1,13.0100002289,13.8199996948,13.0100002289,13.7299995422,14.9099998474,16.6000003815,27.59415902718656,1,2.0725368486747886,-2.465555863229707,-3.494425827240666,0.8474623596277597,-0.6111529623176626,-3.7009621874796284,2.0,4.0,0.2815626402128671,6.079933886110944,2.0725368486747886,2.0725368486747886
ACMR,2023-08-22,train,True,True,D-1,13.9799995422,14.9099998474,13.5699996948,14.6300001144,16.6000003815,16.7999992371,20.171672297896404,1,-2.465555863229707,-3.494425827240666,0.8474623596277597,-0.6111529623176626,5.534199082492086,-0.4351009417387419,2.0,0.0,0.9196427126777594,0.6555000407930001,5.534199082492086,0.8474623596277597
ACMR,2023-08-23,train,True,True,D-1,14.7700004578,16.6000003815,14.7349996567,16.3600006104,16.7999992371,15.6800003052,13.744067138657146,1,-3.494425827240666,0.8474623596277597,-0.6111529623176626,5.534199082492086,6.554993461098024,8.77323659353577,3.0,0.0,0.8733032904195224,1.9138737581034126,6.554993461098024,0.8474623596277597
ACMR,2023-08-24,train,True,True,D-1,16.75,16.7999992371,15.3199996948,15.3599996567,15.6800003052,15.7700004578,-5.850743535522385,0,0.8474623596277597,-0.6111529623176626,5.534199082492086,6.554993461098024,11.82502038600257,26.040070781290027,4.0,0.0,0.9384616061826333,1.4669912111582084,11.82502038600257,5.534199082492086
ACMR,2023-08-25,train,True,True,D-1,15.3599996567,15.6800003052,14.8199996948,15.5200004578,15.7700004578,16.3449993134,6.412758324967438,1,-0.6111529623176626,5.534199082492086,6.554993461098024,11.82502038600257,-6.112475039055331,17.34147805681363,3.0,0.0,0.6487805411298111,9.374997477762804,11.82502038600257,6.554993461098024
ACMR,2023-08-28,train,True,True,D-1,15.7700004578,15.7700004578,15.0710000992,15.3000001907,16.3449993134,17.4650001526,10.748253935285291,1,5.534199082492086,6.554993461098024,11.82502038600257,-6.112475039055331,1.041671905443109,19.292853072549264,4.0,1.0,0.6622693629917559,8.24741457179985,11.82502038600257,16.95949545482387
ACMR,2023-08-29,train,True,True,D-1,15.3599996567,16.3449993134,15.0600004196,16.2000007629,17.4650001526,17.9699993134,16.992185644753732,1,6.554993461098024,11.82502038600257,-6.112475039055331,1.041671905443109,-1.4175274523876236,11.434819379815032,3.0,2.0,0.5356039445962619,9.803915213751191,11.82502038600257,12.21564191817056
ACMR,2023-08-30,train,True,True,D-1,16.1000003815,17.4650001526,15.9390001297,17.2299995422,17.9699993134,18.6700000763,15.962730645355162,1,11.82502038600257,-6.112475039055331,1.041671905443109,-1.4175274523876236,5.882356607727757,10.731378238026679,3.0,3.0,0.7094437791199081,3.7036941107686294,11.82502038600257,11.82502038600257
ACMR,2023-08-31,train,True,True,D-1,17.2999992371,17.9699993134,17.2700004578,17.5599994659,18.6700000763,19.7350006104,14.075153067510659,1,-6.112475039055331,1.041671905443109,-1.4175274523876236,5.882356607727757,6.3580168567573425,5.317841683006708,3.0,0.0,0.9111529036953512,1.363903753011897,6.3580168567573425,1.041671905443109
ACMR,2023-09-01,train,True,True,D-1,17.75,18.6700000763,17.7199993134,18.4300003052,19.7350006104,19.9899997711,12.619717020281684,1,1.041671905443109,-1.4175274523876236,5.882356607727757,6.3580168567573425,1.9152636823451807,14.322915744600051,4.0,0.0,0.8698413024944358,2.334851138783822,6.3580168567573425,5.882356607727757
ACMR,2023-09-05,train,True,True,D-1,18.7199993134,19.7350006104,18.4400005341,19.6299991608,19.9899997711,18.8799991608,6.7841907279928115,1,-1.4175274523876236,5.882356607727757,6.3580168567573425,1.9152636823451807,4.954446843745464,18.749998463675954,4.0,0.0,0.933518062625139,1.302223370187816,6.3580168567573425,6.3580168567573425
ACMR,2023-09-06,train,True,True,D-1,19.6100006104,19.9899997711,18.9400005341,19.3400001526,18.8799991608,19.2800006866,-1.6828144494038688,0,5.882356607727757,6.3580168567573425,1.9152636823451807,4.954446843745464,6.511116851481669,28.300646510657955,5.0,0.0,0.97753979779367,0.5349029754911028,6.511116851481669,6.3580168567573425
ACMR,2023-09-07,train,True,True,D-1,18.75,18.8799991608,18.1000003815,18.7199993134,19.2800006866,19.0690002441,2.8266703285333428,0,6.3580168567573425,1.9152636823451807,4.954446843745464,6.511116851481669,-1.477325627089754,19.382711369316617,4.0,0.0,0.8395458711333371,3.360908031909293,6.511116851481669,6.3580168567573425
ACMR,2023-09-08,train,True,True,D-1,18.8999996185,19.2800006866,18.5599994659,18.7299995422,19.0690002441,18.8349990845,0.8941832222820523,0,1.9152636823451807,4.954446843745464,6.511116851481669,-1.477325627089754,-3.2057954204134265,8.647706388793953,3.0,1.0,0.533087949143932,6.7841907279928115,6.511116851481669,11.14687786168701
ACMR,2023-09-11,train,True,True,D-1,19.0100002289,19.0690002441,18.4050006866,18.5400009155,18.8349990845,18.0550003052,-0.9205741309458504,0,4.954446843745464,6.511116851481669,-1.477325627089754,-3.2057954204134265,0.05342002760033715,6.662870796619558,3.0,2.0,0.4449339317857895,6.727177040560672,6.511116851481669,9.66520478109314
ACMR,2023-09-12,train,True,True,D-1,18.2999992371,18.8349990845,17.6100006104,17.7849998474,18.0550003052,18.0,-1.3387920334078873,0,6.511116851481669,-1.477325627089754,-3.2057954204134265,0.05342002760033715,-1.0144080691081858,0.5968562586999182,2.0,3.0,0.23280459053117533,7.820921165045669,6.511116851481669,7.472646790060011
ACMR,2023-09-13,train,True,True,D-1,17.8400001526,18.0550003052,17.0900001526,17.5900001526,18.0,16.6900005341,0.8968601234943474,0,-1.477325627089754,-3.2057954204134265,0.05342002760033715,-1.0144080691081858,-4.0722817196238275,-9.398876170531679,1.0,4.0,0.07352911710629816,12.398087954003255,0.05342002760033715,5.09880026197167
ACMR,2023-09-14,train,True,True,D-1,17.7999992371,18.0,16.5699996948,16.7399997711,16.6900005341,15.9350004196,-6.235948036932848,0,-3.2057954204134265,0.05342002760033715,-1.0144080691081858,-4.0722817196238275,-1.0964278688397666,-9.048603858282478,1.0,3.0,0.22831044661288624,9.607734618184205,0.05342002760033715,5.177479984392308
ACMR,2023-09-15,train,True,True,D-1,16.5900001526,16.6900005341,15.3900003433,15.5200004578,15.9350004196,16.0100002289,-3.496081485020963,0,0.05342002760033715,-1.0144080691081858,-4.0722817196238275,-1.0964278688397666,-4.8322932013980635,-10.576921019877883,1.0,4.0,0.06273063250323165,15.173243430296047,0.05342002760033715,5.929158488473996
ACMR,2023-09-18,train,True,True,D-1,15.3800001144,15.9350004196,15.1630001068,15.720000267,16.0100002289,16.3600006104,6.37191475104375,1,-1.0144080691081858,-4.0722817196238275,-1.0964278688397666,-4.8322932013980635,-7.287929091888101,-17.138276363369087,0.0,4.0,0.035335721121310996,22.86726598977871,-1.0144080691081858,11.768048191256153
ACMR,2023-09-19,train,True,True,D-1,15.7100000381,16.0100002289,15.4499998093,15.9600000381,16.3600006104,15.779999733,4.137495676152847,1,-4.0722817196238275,-1.0964278688397666,-4.8322932013980635,-7.287929091888101,1.2886585264208827,-15.210358733814267,1.0,4.0,0.15168853901720933,19.815513769672897,1.2886585264208827,6.093187085109342
ACMR,2023-09-20,train,True,True,D-1,16.0900001526,16.3600006104,15.75,15.7700004578,15.779999733,15.9799995422,-0.6836582309306172,0,-1.0964278688397666,-4.8322932013980635,-7.287929091888101,1.2886585264208827,1.526716075214174,-10.261455299178978,2.0,4.0,0.2755877858310455,13.126568058263022,1.526716075214174,0.0
ACMR,2023-09-21,train,True,True,D-1,15.3599996567,15.779999733,15.2700004578,15.5200004578,15.9799995422,16.6700000763,8.52864875572168,1,-4.8322932013980635,-7.287929091888101,1.2886585264208827,1.526716075214174,-1.1904735579350234,-10.346786122858454,2.0,4.0,0.21395853854450894,14.140770307314865,1.526716075214174,1.2886585264208827
ACMR,2023-09-22,train,True,True,D-1,15.7899999619,15.9799995422,15.4250001907,15.6599998474,16.6700000763,17.1289997101,8.480049090759344,1,-7.287929091888101,1.2886585264208827,1.526716075214174,-1.1904735579350234,-1.5852884764904873,-7.287929091888101,2.0,4.0,0.23379191296706964,7.538660063067115,1.526716075214174,4.283605669510071
ACMR,2023-09-25,train,True,True,D-1,15.4899997711,16.6700000763,15.3950004578,16.6299991608,17.1289997101,17.7399997711,14.52550053743622,1,1.2886585264208827,1.526716075214174,-1.1904735579350234,-1.5852884764904873,0.9020578960720282,0.9020578960720282,3.0,2.0,0.41520428697002576,4.469992144452162,1.526716075214174,2.2242468755103273
ACMR,2023-09-26,train,True,True,D-1,16.5,17.1289997101,16.3500003815,16.7399997711,17.7399997711,18.4799995422,11.99999722545455,1,1.526716075214174,-1.1904735579350234,-1.5852884764904873,0.9020578960720282,6.1941208355825506,5.788796936029983,3.0,0.0,0.9714279097141064,0.24053468141049805,6.1941208355825506,1.526716075214174
ACMR,2023-09-27,train,True,True,D-1,16.9899997711,17.7399997711,16.9899997711,17.6200008392,18.4799995422,18.6900005341,10.005890440868082,1,-1.1904735579350234,-1.5852884764904873,0.9020578960720282,6.1941208355825506,0.6614589046961106,4.887216360513591,3.0,0.0,0.7907476624755384,2.3237750556697856,6.1941208355825506,0.9020578960720282
ACMR,2023-09-28,train,True,True,D-1,17.8299999237,18.4799995422,17.7049999237,18.2700004578,18.6900005341,18.7399997711,5.1037568777014375,1,-1.5852884764904873,0.9020578960720282,6.1941208355825506,0.6614589046961106,5.25687622540616,11.731137144545677,4.0,0.0,0.9514174229709897,0.6810381735796067,6.1941208355825506,6.1941208355825506
ACMR,2023-09-29,train,True,True,D-1,18.5499992371,18.6900005341,18.0300006866,18.1049995422,18.7399997711,18.4950008392,1.0242616809384986,0,0.9020578960720282,6.1941208355825506,0.6614589046961106,5.25687622540616,3.688987444052305,17.719071642281502,5.0,0.0,0.9319289637841673,1.1494202470605286,6.1941208355825506,6.1941208355825506
ACMR,2023-10-02,train,True,True,D-1,18.2199993134,18.7399997711,18.1879997253,18.6200008392,18.4950008392,18.1700000763,1.5093388373387473,0,6.1941208355825506,0.6614589046961106,5.25687622540616,3.688987444052305,-0.9031248575013251,15.613025023151206,4.0,0.0,0.8224579731855712,3.2311571758753876,6.1941208355825506,6.1941208355825506
ACMR,2023-10-03,train,True,True,D-1,18.3400001526,18.4950008392,17.0300006866,17.1499996185,18.1700000763,18.1499996185,-0.9269360680779437,0,0.6614589046961106,5.25687622540616,3.688987444052305,-0.9031248575013251,2.8445253246188074,11.966336613478635,4.0,0.0,0.9497912290596513,0.644462548290381,5.25687622540616,5.25687622540616
ACMR,2023-10-04,train,True,True,D-1,17.2399997711,18.1700000763,17.1499996185,18.0,18.1499996185,18.7999992371,9.04872092060629,1,5.25687622540616,3.688987444052305,-0.9031248575013251,2.8445253246188074,-7.8947430421445475,2.4492225388666133,3.0,1.0,0.09142848422857242,9.271138122270495,5.25687622540616,10.531661908079283
ACMR,2023-10-05,train,True,True,D-1,18.0,18.1499996185,17.1299991608,17.2999992371,18.7999992371,18.6000003815,4.4444402061111,1,3.688987444052305,-0.9031248575013251,2.8445253246188074,-7.8947430421445475,4.956270556315867,2.156635316126665,3.0,2.0,0.567251364162938,4.111109839444449,4.956270556315867,7.018744754775597
ACMR,2023-10-06,train,True,True,D-1,17.0300006866,18.7999992371,16.8910007477,18.6100006104,18.6000003815,19.8899993896,16.793884836718643,1,-0.9031248575013251,2.8445253246188074,-7.8947430421445475,4.956270556315867,-3.888893127222226,-5.309256685244779,2.0,3.0,0.15789397371458008,8.323702875731387,4.956270556315867,2.8445253246188074
ACMR,2023-10-09,train,True,True,D-1,18.4099998474,18.6000003815,17.8199996948,18.2199993134,19.8899993896,20.8649997711,13.335143639594937,1,2.8445253246188074,-7.8947430421445475,4.956270556315867,-3.888893127222226,7.572262607334057,2.7892906985328425,3.0,0.0,0.9004720916464861,1.0209490621608142,7.572262607334057,4.956270556315867
ACMR,2023-10-10,train,True,True,D-1,18.3700008392,19.8899993896,18.2900009155,19.6800003052,20.8649997711,20.4799995422,13.581920620144384,1,-7.8947430421445475,4.956270556315867,-3.888893127222226,7.572262607334057,-2.0956544019781087,-2.1482358097315024,2.0,1.0,0.6961758079325165,3.183314739608334,7.572262607334057,4.956270556315867
ACMR,2023-10-11,train,True,True,D-1,20.1399993896,20.8649997711,19.7220001221,20.0699996948,20.4799995422,20.1979999542,1.6881835298146575,0,4.956270556315867,-3.888893127222226,7.572262607334057,-2.0956544019781087,8.01317808352624,14.752190921163887,3.0,0.0,0.92997693247805,1.0670685017444503,8.01317808352624,7.572262607334057
ACMR,2023-10-12,train,True,True,D-1,20.0900001526,20.4799995422,19.3899993896,19.7999992371,20.1979999542,19.5100002289,0.5375798943735965,0,-3.888893127222226,7.572262607334057,-2.0956544019781087,8.01317808352624,1.9817041847146166,11.499998304444436,3.0,0.0,0.7999496045120242,3.9611364643218128,8.01317808352624,7.572262607334057
ACMR,2023-10-13,train,True,True,D-1,19.8500003815,20.1979999542,18.6119995117,19.0,19.5100002289,21.0699996948,6.146092140315673,1,7.572262607334057,-2.0956544019781087,8.01317808352624,1.9817041847146166,-1.3452937807963972,14.45086768928132,3.0,1.0,0.7320078521084219,5.378790783004006,8.01317808352624,8.01317808352624
ACMR,2023-10-16,train,True,True,D-1,18.9599990845,19.5100002289,18.2099990845,18.6299991608,21.0699996948,20.1499996185,11.128695739362904,1,-2.0956544019781087,8.01317808352624,1.9817041847146166,-1.3452937807963972,-4.040400343051587,2.0956441526501335,2.0,2.0,0.38752061597115844,9.815788268947356,8.01317808352624,13.344516952839868
ACMR,2023-10-17,train,True,True,D-1,18.3099994659,21.0699996948,18.1299991608,19.75,20.1499996185,19.6499996185,10.049154594606978,1,8.01317808352624,1.9817041847146166,-1.3452937807963972,-4.040400343051587,-1.9473728378947341,2.2502736709680615,2.0,3.0,0.15819207822422546,11.99678320438542,8.01317808352624,13.922269605649761
ACMR,2023-10-18,train,True,True,D-1,19.1599998474,20.1499996185,19.1100006104,19.2399997711,19.6499996185,18.2700004578,2.5574100991785365,0,1.9817041847146166,-1.3452937807963972,-4.040400343051587,-1.9473728378947341,6.0118136857280735,0.35568950058149085,2.0,0.0,0.5510205935221099,6.68354275848102,6.0118136857280735,1.9817041847146166
ACMR,2023-10-19,train,True,True,D-1,19.3299999237,19.6499996185,17.2900009155,17.4799995422,18.2700004578,18.4099998474,-4.759441696489675,0,-1.3452937807963972,-4.040400343051587,-1.9473728378947341,6.0118136857280735,-2.582279640000007,-4.1355253429079415,1.0,1.0,0.3775511594175781,9.511434228023251,6.0118136857280735,0.0
ACMR,2023-10-20,train,True,True,D-1,17.3600006104,18.2700004578,17.2099990845,17.8600006104,18.4099998474,19.2800006866,11.059907884160847,1,-4.040400343051587,-1.9473728378947341,6.0118136857280735,-2.582279640000007,-9.147610446148013,-11.717170627728757,1.0,2.0,0.050264203189819015,20.537758847951125,6.0118136857280735,17.505486889778698
ACMR,2023-10-23,train,True,True,D-1,17.75,18.4099998474,17.0499992371,18.0900001526,19.2800006866,18.6800003052,8.619722178028177,1,-1.9473728378947341,6.0118136857280735,-2.582279640000007,-9.147610446148013,2.173919211397024,-5.999996787368422,2.0,3.0,0.1683941510697017,17.97311855930619,6.0118136857280735,13.184366581351636
ACMR,2023-10-24,train,True,True,D-1,18.3600006104,19.2800006866,18.2199993134,18.75,18.6800003052,18.8899993896,2.8867034944420666,0,6.0118136857280735,-2.582279640000007,-9.147610446148013,2.173919211397024,1.2877913456848855,-2.898545531532992,3.0,4.0,0.25870666594277547,16.473186937876825,6.0118136857280735,6.0118136857280735
ACMR,2023-10-25,train,True,True,D-1,18.5699996948,18.6800003052,17.7000007629,18.2099990845,18.8899993896,17.5100002289,1.723207862462206,0,-2.582279640000007,-9.147610446148013,2.173919211397024,1.2877913456848855,3.6484236696103123,-5.063291139240511,3.0,4.0,0.5483872754016429,7.4666646320000085,3.6484236696103123,2.173919211397024
ACMR,2023-10-26,train,True,True,D-1,18.2999992371,18.8899993896,17.5100002289,17.5599994659,17.5100002289,14.0100002289,-4.316934651004878,0,-9.147610446148013,2.173919211397024,1.2877913456848855,3.6484236696103123,-2.8800048826666536,-5.353433985727696,3.0,4.0,0.4461537220142199,7.907746328365817,3.6484236696103123,2.173919211397024
ACMR,2023-10-27,train,True,True,D-1,17.2900009155,17.5100002289,13.5,13.7100000381,14.0100002289,13.6999998093,-18.970506147628775,0,2.173919211397024,1.2877913456848855,3.6484236696103123,-2.8800048826666536,-3.569465410645023,0.45766547937751145,3.0,2.0,0.2286995055157245,9.794995859994726,3.6484236696103123,9.995093184810322
ACMR,2023-10-30,train,True,True,D-1,13.8500003815,14.0100002289,12.529999733,12.8100004196,13.6999998093,14.0900001526,1.732850285120402,0,1.2877913456848855,3.6484236696103123,-2.8800048826666536,-3.569465410645023,-21.924826565492584,-23.236284605071212,2.0,3.0,0.03633218220663047,40.6272839753538,3.6484236696103123,28.360116545148752
ACMR,2023-10-31,train,True,True,D-1,13.1800003052,13.6999998093,12.8800001144,13.6000003815,14.0900001526,14.6199998856,10.925641479931269,1,3.6484236696103123,-2.8800048826666536,-3.569465410645023,-21.924826565492584,-6.56454862143624,-29.187394629408704,1.0,4.0,0.041481577339728466,50.50741651109198,3.6484236696103123,30.698532956481806
ACMR,2023-11-01,train,True,True,D-1,13.7399997711,14.0900001526,13.1199998856,13.5799999237,14.6199998856,15.2700004578,11.135376362364457,1,-2.8800048826666536,-3.569465410645023,-21.924826565492584,-6.56454862143624,6.167056487299227,-27.466664632000004,1.0,3.0,0.16823910475995402,38.8970504390276,6.167056487299227,0.8023315557572075
ACMR,2023-11-02,train,True,True,D-1,14.2299995422,14.6199998856,13.8900003433,14.5399999619,15.2700004578,15.4499998093,8.573438554808167,1,-3.569465410645023,-21.924826565492584,-6.56454862143624,6.167056487299227,-0.14706218558055983,-25.425587004784454,1.0,4.0,0.16509437852097644,39.101616316160026,6.167056487299227,0.0
ACMR,2023-11-03,train,True,True,D-1,14.9200000763,15.2700004578,14.75,15.095000267,15.4499998093,15.9799995422,7.104554024659682,1,-21.924826565492584,-6.56454862143624,6.167056487299227,-0.14706218558055983,7.069219761368295,-17.198175375031067,2.0,4.0,0.403614463603933,20.426411793552024,7.069219761368295,6.167056487299227
ACMR,2023-11-06,train,True,True,D-1,15.4499998093,15.4499998093,14.6000003815,15.0,15.9799995422,17.7299995422,14.75728000674521,1,-6.56454862143624,6.167056487299227,-0.14706218558055983,7.069219761368295,3.817058504500004,10.102116885857715,3.0,0.0,0.936131334121171,1.1593255230513577,7.069219761368295,6.167056487299227
ACMR,2023-11-07,train,True,True,D-1,13.1000003815,15.9799995422,12.9499998093,15.8000001907,17.7299995422,17.8299999237,36.10686568284205,1,6.167056487299227,-0.14706218558055983,7.069219761368295,3.817058504500004,-0.6293492237140597,17.096014899805787,3.0,0.0,0.8249027771509096,2.999998728666653,7.069219761368295,7.069219761368295
ACMR,2023-11-08,train,True,True,D-1,15.5900001526,17.7299995422,15.5100002289,17.6849994659,17.8299999237,17.1100006104,14.368183124914392,1,-0.14706218558055983,7.069219761368295,3.817058504500004,-0.6293492237140597,5.333334604666673,16.176468731520387,3.0,0.0,0.9405942681956204,1.13923638814859,7.069219761368295,7.069219761368295
ACMR,2023-11-09,train,True,True,D-1,17.7999992371,17.8299999237,16.3020000458,16.3099994659,17.1100006104,17.4150009155,-2.1629120118025646,0,7.069219761368295,3.817058504500004,-0.6293492237140597,5.333334604666673,11.930375015498562,30.228273676466657,4.0,0.0,0.9905857575701785,0.2544533653324077,11.930375015498562,7.069219761368295
ACMR,2023-11-10,train,True,True,D-1,16.5599994659,17.1100006104,16.0,17.0300006866,17.4150009155,18.25,10.20531756404952,1,3.817058504500004,-0.6293492237140597,5.333334604666673,11.930375015498562,-7.774950757851351,12.173311613741621,3.0,0.0,0.6885245036542613,9.31943904092658,11.930375015498562,5.333334604666673
ACMR,2023-11-13,train,True,True,D-1,16.7900009155,17.4150009155,16.5100002289,17.2299995422,18.25,18.75,11.673609157999465,1,-0.6293492237140597,5.333334604666673,11.930375015498562,-7.774950757851351,4.414477279446505,12.818816729869242,3.0,1.0,0.8360657339455083,4.697587814717341,11.930375015498562,15.634071928596915
ACMR,2023-11-14,train,True,True,D-1,18.1100006104,18.25,17.1700000763,17.8400001526,18.75,18.2999992371,3.5339556489714763,1,5.333334604666673,11.930375015498562,-7.774950757851351,4.414477279446505,1.1743913537089146,14.866663614666686,4.0,2.0,0.877049105033931,3.4823006235749965,11.930375015498562,11.930375015498562
ACMR,2023-11-15,train,True,True,D-1,17.9699993134,18.75,17.8999996185,18.2399997711,18.2999992371,18.1800003052,1.836393635551925,0,11.930375015498562,-7.774950757851351,4.414477279446505,1.1743913537089146,3.5403402588953803,12.911392008088441,4.0,0.0,0.8503650066965506,2.29820540298733,11.930375015498562,11.930375015498562
ACMR,2023-11-16,train,True,True,D-1,17.9699993134,18.2999992371,17.4650001526,17.9300003052,18.1800003052,18.7229995728,4.190318798946735,1,-7.774950757851351,4.414477279446505,1.1743913537089146,3.5403402588953803,2.2421503087358685,3.138254577107258,4.0,0.0,0.8145453713090905,2.7960539216018043,4.414477279446505,4.414477279446505
ACMR,2023-11-17,train,True,True,D-1,18.1000003815,18.1800003052,17.4599990845,17.6800003052,18.7229995728,18.3199996948,3.441984409772547,1,4.414477279446505,1.1743913537089146,3.5403402588953803,2.2421503087358685,-1.699558496657283,9.932562184854788,4.0,1.0,0.7018182928000001,4.573338989638431,4.414477279446505,4.414477279446505
ACMR,2023-11-20,train,True,True,D-1,17.6800003052,18.7229995728,17.6800003052,18.6599998474,18.3199996948,18.1700000763,3.619905987285321,1,1.1743913537089146,3.5403402588953803,2.2421503087358685,-1.699558496657283,-1.3943111865285074,3.8167914996706243,3.0,2.0,0.5223215160086583,6.052034368377779,3.5403402588953803,6.610512807840685
ACMR,2023-11-21,train,True,True,D-1,18.3199996948,18.3199996948,17.4400005341,17.5,18.1700000763,17.5400009155,-0.8187752237931334,0,3.5403402588953803,2.2421503087358685,-1.699558496657283,-1.3943111865285074,5.5429837402874105,8.299479647098185,3.0,3.0,0.9430378753505011,0.48231593427658925,5.5429837402874105,3.5403402588953803
ACMR,2023-11-22,train,True,True,D-1,17.6700000763,18.1700000763,17.4850006104,17.6200008392,17.5400009155,17.7199993134,0.2829611595025483,0,2.2421503087358685,-1.699558496657283,-1.3943111865285074,5.5429837402874105,-6.216505128008509,-1.9058304354915956,2.0,4.0,0.04580113768121116,7.14285714285714,5.5429837402874105,3.2602515649166053
ACMR,2023-11-24,train,True,True,D-1,17.5100002289,17.5400009155,16.7700004578,17.2999992371,17.7199993134,17.638999939,1.1993094332083398,0,-1.699558496657283,-1.3943111865285074,5.5429837402874105,-6.216505128008509,0.6857190811428548,-3.3991169938628163,2.0,2.0,0.14029652374672397,6.259924410140272,5.5429837402874105,11.116397548996048
ACMR,2023-11-27,train,True,True,D-1,17.1399993896,17.7199993134,16.9099998474,17.6700000763,17.638999939,17.7299995422,3.4422413862978063,1,-1.3943111865285074,5.5429837402874105,-6.216505128008509,0.6857190811428548,-1.8161270536836582,-3.513670147106962,2.0,3.0,0.27137686608731576,8.225435829201434,5.5429837402874105,6.68584524257313
ACMR,2023-11-28,train,True,True,D-1,17.5699996948,17.638999939,16.9309997559,17.2000007629,17.7299995422,16.9400005341,0.9106422890112764,0,5.5429837402874105,-6.216505128008509,0.6857190811428548,-1.8161270536836582,2.138733268880899,-0.056562379679714336,3.0,4.0,0.4608295065714868,5.959250095942803,5.5429837402874105,5.5429837402874105
ACMR,2023-11-29,train,True,True,D-1,17.5900001526,17.7299995422,16.5450000763,16.7000007629,16.9400005341,17.0599994659,-3.0130794889257517,0,-6.216505128008509,0.6857190811428548,-1.8161270536836582,2.138733268880899,-2.6598715980221677,-7.824218094532465,2.0,4.0,0.2774196882394991,6.511621408272328,2.138733268880899,1.2637449690605318
ACMR,2023-11-30,train,True,True,D-1,16.7999992371,16.9400005341,16.3099994659,16.6399993896,17.0599994659,16.7199993134,1.5476204798023474,0,0.6857190811428548,-1.8161270536836582,2.138733268880899,-2.6598715980221677,-2.9069766152481136,-4.571424211999997,2.0,4.0,0.09538503790769298,8.802390696087192,2.138733268880899,7.628259636801049
ACMR,2023-12-01,train,True,True,D-1,16.5499992371,17.0599994659,16.1100006104,16.8600006104,16.7199993134,16.4500007629,1.0271908407035513,0,-1.8161270536836582,2.138733268880899,-2.6598715980221677,-2.9069766152481136,-0.35928964406575226,-5.56186948311459,1.0,1.0,0.23239429997768674,6.550481926587404,2.138733268880899,5.394555062260764
ACMR,2023-12-04,train,True,True,D-1,16.6399993896,16.7199993134,16.1900005341,16.6200008392,16.4500007629,16.3899993896,-1.1418187119570988,0,2.138733268880899,-2.6598715980221677,-2.9069766152481136,-0.35928964406575226,1.322122769652867,-2.54334477516287,2.0,2.0,0.4629632682329398,5.160135826230916,2.138733268880899,2.138733268880899
ACMR,2023-12-05,train,True,True,D-1,16.4500007629,16.4500007629,16.0200004578,16.0300006866,16.3899993896,16.2450008392,-0.36474997274967835,0,-2.6598715980221677,-2.9069766152481136,-0.35928964406575226,1.322122769652867,-1.4234861358899287,-5.942270699298513,1.0,3.0,0.31481516363305956,6.678692219930316,1.322122769652867,0.12018360056250676
ACMR,2023-12-06,train,True,True,D-1,16.3199996948,16.3899993896,15.8500003815,15.8599996567,16.2450008392,16.2789993286,-0.2512277387668238,0,-2.9069766152481136,-0.35928964406575226,1.322122769652867,-1.4234861358899287,-3.5499405704506493,-6.8023257232852075,1.0,4.0,0.0058480901488386266,10.605107815254723,1.322122769652867,6.245016564140737
ACMR,2023-12-07,train,True,True,D-1,15.9899997711,16.2450008392,15.6700000763,16.1200008392,16.2789993286,17.5300006866,9.631025250440373,1,-0.35928964406575226,1.322122769652867,-1.4234861358899287,-3.5499405704506493,-1.060517920265036,-5.029946513931371,1.0,3.0,0.008263870054875734,7.566203248264669,1.322122769652867,5.894933504460165
ACMR,2023-12-08,train,True,True,D-1,16.2299995422,16.2789993286,15.8699998856,16.0,17.5300006866,17.3349990845,8.00986556419694,1,1.322122769652867,-1.4234861358899287,-3.5499405704506493,-1.060517920265036,1.639351753643714,-3.1249914030946346,2.0,4.0,0.3237416982100237,5.83125668588147,1.639351753643714,1.322122769652867
ACMR,2023-12-11,train,True,True,D-1,16.0799999237,17.5300006866,16.0799999237,17.25,17.3349990845,17.7000007629,10.074632132381488,1,-1.4234861358899287,-3.5499405704506493,-1.060517920265036,1.639351753643714,-0.7444220406501834,-5.100833803466854,1.0,4.0,0.31428586997018204,4.499995708749993,1.639351753643714,0.0
ACMR,2023-12-12,train,True,True,D-1,17.2299995422,17.3349990845,16.8299999237,17.0,17.7000007629,18.4899997711,7.31282798826538,1,-3.5499405704506493,-1.060517920265036,1.639351753643714,-0.7444220406501834,7.8125,3.7906084776727633,2.0,0.0,0.849462045845867,1.623192386086969,7.8125,1.639351753643714
ACMR,2023-12-13,train,True,True,D-1,17.0,17.7000007629,16.7600002289,17.6700000763,18.4899997711,18.2689990997,8.76470453588234,1,-1.060517920265036,1.639351753643714,-0.7444220406501834,7.8125,-1.449275362318836,6.051149543685619,2.0,1.0,0.7150534877972343,3.117651097647056,7.8125,1.639351753643714
ACMR,2023-12-14,train,True,True,D-1,17.9699993134,18.4899997711,17.5499992371,17.8899993896,18.2689990997,18.3199996948,1.9476927922807974,0,1.639351753643714,-0.7444220406501834,7.8125,-1.449275362318836,3.9411769194117596,11.412361026346996,3.0,0.0,0.9852213416487812,0.1697831718758147,7.8125,7.8125
ACMR,2023-12-15,train,True,True,D-1,18.1299991608,18.2689990997,17.5599994659,17.8999996185,18.3199996948,19.5799999237,7.997798290223512,1,-0.7444220406501834,7.8125,-1.449275362318836,3.9411769194117596,1.2450442125072625,10.980139319197724,3.0,0.0,0.7709922107933621,3.353831201630997,7.8125,7.8125
ACMR,2023-12-18,train,True,True,D-1,17.9699993134,18.3199996948,17.7159996033,18.2999992371,19.5799999237,18.8700008392,8.95938047754652,1,7.8125,-1.449275362318836,3.9411769194117596,1.2450442125072625,0.05589843063837918,11.874997615625006,4.0,1.0,0.7551866431707398,3.296090308237898,7.8125,7.8125
ACMR,2023-12-19,train,True,True,D-1,18.4599990845,19.5799999237,18.2600002289,18.6499996185,18.8700008392,18.5799999237,2.221028033767647,0,-1.449275362318836,3.9411769194117596,1.2450442125072625,0.05589843063837918,2.2346347884085516,6.086952099130438,4.0,2.0,0.890173072671233,1.0382543274362943,3.9411769194117596,3.9411769194117596
ACMR,2023-12-20,train,True,True,D-1,18.5200004578,18.8700008392,17.7660007477,17.7999992371,18.5799999237,18.8700008392,1.8898508247746415,0,3.9411769194117596,1.2450442125072625,0.05589843063837918,2.2346347884085516,1.912570469896191,9.70588010882354,5.0,0.0,0.6702126220386142,4.986596912728514,3.9411769194117596,3.9411769194117596
ACMR,2023-12-21,train,True,True,D-1,18.2999992371,18.5799999237,17.9500007629,18.5550003052,18.8700008392,20.0300006866,9.453560227438329,1,1.2450442125072625,0.05589843063837918,2.2346347884085516,1.912570469896191,-4.557642888940528,0.7357054908809113,4.0,1.0,0.12315266770609765,10.000004285899067,2.2346347884085516,4.9668753394701
ACMR,2023-12-22,train,True,True,D-1,18.6299991608,18.8700008392,18.3600006104,18.5200004578,20.0300006866,20.2399997711,8.641978973824394,1,0.05589843063837918,2.2346347884085516,1.912570469896191,-4.557642888940528,4.241579216061853,3.717165669589595,4.0,2.0,0.49257456128681487,5.52411534163515,4.241579216061853,2.7440144948068568
ACMR,2023-12-26,train,True,True,D-1,18.6100006104,20.0300006866,18.6100006104,19.8799991608,20.2399997711,20.4300003052,9.779686378854358,1,2.2346347884085516,1.912570469896191,-4.557642888940528,4.241579216061853,-0.1886275765255241,3.4636919134859445,3.0,3.0,0.43133085638497454,5.723539091239971,4.241579216061853,2.2346347884085516
ACMR,2023-12-27,train,True,True,D-1,19.9699993134,20.2399997711,19.6599998474,19.7900009155,20.4300003052,20.2889995575,2.3034602284204286,0,1.912570469896191,-4.557642888940528,4.241579216061853,-0.1886275765255241,7.343405342234832,8.633879724414584,3.0,0.0,0.9337449073108716,0.7545348698795529,7.343405342234832,4.241579216061853
ACMR,2023-12-28,train,True,True,D-1,19.8400001526,20.4300003052,19.7700004578,19.9599990845,20.2889995575,19.1299991608,2.263101821807001,0,-4.557642888940528,4.241579216061853,-0.1886275765255241,7.343405342234832,-0.4527074904382422,6.112607615654664,2.0,0.0,0.8181087173666016,2.2738698068859087,7.343405342234832,4.241579216061853
ACMR,2023-12-29,train,True,True,D-1,19.9500007629,20.2889995575,19.2600002289,19.5400009155,19.1299991608,18.186000824,-4.1102835626197765,0,4.241579216061853,-0.1886275765255241,7.343405342234832,-0.4527074904382422,0.8590104150367095,12.134831123464206,3.0,0.0,0.810483343773479,2.354715642572236,7.343405342234832,7.343405342234832
ACMR,2024-01-02,train,True,True,D-1,19.0599994659,19.1299991608,18.4300003052,18.6700000763,18.186000824,17.5799999237,-4.585512415483839,0,-0.1886275765255241,7.343405342234832,-0.4527074904382422,0.8590104150367095,-2.104199339999735,5.308545373744633,2.0,1.0,0.5700485406177841,4.5547561310194995,7.343405342234832,8.6066695586816
ACMR,2024-01-03,train,True,True,D-1,18.1499996185,18.186000824,17.3299999237,17.6599998474,17.5799999237,17.2600002289,-3.140494252236836,0,7.343405342234832,-0.4527074904382422,0.8590104150367095,-2.104199339999735,-4.452409408588487,0.8099331252274578,2.0,2.0,0.11999988554999952,9.42688924320989,7.343405342234832,13.806326521433455
ACMR,2024-01-04,train,True,True,D-1,17.4200000763,17.5799999237,16.9899997711,17.0,17.2600002289,17.2749996185,-0.8323792030131671,0,-0.4527074904382422,0.8590104150367095,-2.104199339999735,-4.452409408588487,-5.409749463162072,-11.16699902974575,1.0,3.0,0.10645157518991129,15.685166940744978,0.8590104150367095,10.480305092708374
ACMR,2024-01-05,train,True,True,D-1,16.8899993896,17.2600002289,16.6599998474,16.9599990845,17.2749996185,19.5599994659,15.808171538147286,1,0.8590104150367095,-2.104199339999735,-4.452409408588487,-5.409749463162072,-3.737258511342345,-14.098033281619527,1.0,4.0,0.0029070428335317973,20.176472383529422,0.8590104150367095,9.803842067286805
ACMR,2024-01-08,train,True,True,D-1,17.1000003815,17.2749996185,16.9200000763,17.0300006866,19.5599994659,21.2299995422,24.152041336607976,1,-2.104199339999735,-4.452409408588487,-5.409749463162072,-3.737258511342345,-0.23529950294116642,-15.030060809620272,0.0,4.0,0.08266719786861965,19.628541584311886,-0.23529950294116642,3.963764263582703
ACMR,2024-01-09,train,True,True,D-1,17.8600006104,19.5599994659,16.7000007629,19.4200000763,21.2299995422,21.3600006104,19.596863831919052,1,-4.452409408588487,-5.409749463162072,-3.737258511342345,-0.23529950294116642,0.41274531768091816,-12.84544581013276,1.0,4.0,0.14979795224747916,12.331170813471415,0.41274531768091816,0.0
ACMR,2024-01-10,train,True,True,D-1,19.7099990845,21.2299995422,19.6499996185,21.1499996185,21.3600006104,22.2399997711,12.836127874757718,1,-5.409749463162072,-3.737258511342345,-0.23529950294116642,0.41274531768091816,14.034053396019885,4.017139780047785,2.0,0.0,0.9517243420630471,0.7209031361995466,14.034053396019885,0.0
ACMR,2024-01-11,train,True,True,D-1,21.25,21.3600006104,20.1700000763,20.5,22.2399997711,21.3400001526,4.658822452235301,1,-3.737258511342345,-0.23529950294116642,0.41274531768091816,14.034053396019885,8.908339523187125,19.762173280051385,3.0,0.0,0.9824945450672504,0.37825023708286665,14.034053396019885,0.41274531768091816
ACMR,2024-01-12,train,True,True,D-1,20.5,22.2399997711,20.4899997711,21.8099994659,21.3400001526,20.0750007629,4.097561719999998,1,-0.23529950294116642,0.41274531768091816,14.034053396019885,8.908339523187125,-3.073284303662316,20.58823529411764,3.0,0.0,0.8170211764282642,4.1951249287804915,14.034053396019885,14.034053396019885
ACMR,2024-01-16,train,True,True,D-1,21.2999992371,21.3400001526,19.9300003052,20.5599994659,20.0750007629,20.4599990845,-3.943662829512684,0,0.41274531768091816,14.034053396019885,8.908339523187125,-3.073284303662316,6.390241297073174,28.596701905676913,4.0,0.0,0.9223826024944161,1.9715741207252613,14.034053396019885,14.034053396019885
ACMR,2024-01-17,train,True,True,D-1,20.0300006866,20.0750007629,19.1299991608,19.8899993896,20.4599990845,20.5400009155,2.5461817844129486,0,14.034053396019885,8.908339523187125,-3.073284303662316,6.390241297073174,-5.731316050485824,20.728118831360742,3.0,1.0,0.6967507931475516,8.171207922385326,14.034053396019885,14.034053396019885
ACMR,2024-01-18,train,True,True,D-1,20.0100002289,20.4599990845,19.4500007629,19.8999996185,20.5400009155,22.4699993134,12.293848357618087,1,8.908339523187125,-3.073284303662316,6.390241297073174,-5.731316050485824,-3.2587553195769003,2.420181830347068,2.0,2.0,0.2443730159675717,11.814984683854535,8.908339523187125,17.71164132657288
ACMR,2024-01-19,train,True,True,D-1,20.2700004578,20.5400009155,19.7250003815,20.4599990845,22.4699993134,22.3099994659,10.853472155465237,1,-3.073284303662316,6.390241297073174,-5.731316050485824,-3.2587553195769003,0.05027767323728671,-5.910165591240101,2.0,3.0,0.24758852302145495,11.758794962109542,6.390241297073174,9.600357369763968
ACMR,2024-01-22,train,True,True,D-1,21.1730003357,22.4699993134,20.8500003815,21.6499996185,22.3099994659,21.7399997711,5.370042564458344,1,6.390241297073174,-5.731316050485824,-3.2587553195769003,0.05027767323728671,2.8140677222898036,-0.19512641707316591,3.0,4.0,0.4276526246635385,8.69990599339021,6.390241297073174,6.390241297073174
ACMR,2024-01-23,train,True,True,D-1,21.5,22.3099994659,20.875,21.0,21.7399997711,21.1849994659,1.1162780051162668,0,-5.731316050485824,-3.2587553195769003,0.05027767323728671,2.8140677222898036,5.816229654191507,-0.7336077547831166,3.0,0.0,0.7544911205283402,3.7875275258633545,5.816229654191507,0.05027767323728671
ACMR,2024-01-24,train,True,True,D-1,21.7000007629,21.7399997711,20.5100002289,20.6200008392,21.1849994659,19.8780002594,-2.373277782922878,0,-3.2587553195769003,0.05027767323728671,2.8140677222898036,5.816229654191507,-3.0023077596018743,2.140080474368533,3.0,1.0,0.5598804651982758,6.999996730476177,5.816229654191507,2.8140677222898036
ACMR,2024-01-25,train,True,True,D-1,20.3899993896,21.1849994659,20.1200008392,20.25,19.8780002594,19.0100002289,-2.5110306303449237,0,0.05027767323728671,2.8140677222898036,5.816229654191507,-3.0023077596018743,-1.809519813333338,3.670193423845447,3.0,2.0,0.3874174297554848,8.971864204210057,5.816229654191507,10.573729873359472
ACMR,2024-01-26,train,True,True,D-1,19.8199996948,19.8780002594,18.7399997711,18.9799995422,19.0100002289,18.8099994659,-4.086778397441204,0,2.8140677222898036,5.816229654191507,-3.0023077596018743,-1.809519813333338,-1.794378390599305,1.7587959206522896,2.0,3.0,0.19125676604056563,10.962959572345676,5.816229654191507,9.387658225620077
ACMR,2024-01-29,train,True,True,D-1,19.0100002289,19.0100002289,18.5200004578,18.7900009155,18.8099994659,18.0,-1.0520818547700483,0,5.816229654191507,-3.0023077596018743,-1.809519813333338,-1.794378390599305,-6.271607199012341,-7.233624675092054,1.0,4.0,0.06434311006698233,18.387775844990696,5.816229654191507,13.769678879480796
ACMR,2024-01-30,train,True,True,D-1,18.5699996948,18.8099994659,17.6000003815,18.0100002289,18.0,17.5699996948,-3.0694652890038143,0,-3.0023077596018743,-1.809519813333338,-1.794378390599305,-6.271607199012341,-1.0010465294140847,-13.210155904834863,0.0,4.0,0.07124024495071216,18.733360185716275,-1.0010465294140847,7.20987202222223
ACMR,2024-01-31,train,True,True,D-1,17.7600002289,18.0,17.1700000763,17.2199993134,17.5699996948,16.8700008392,-1.0698228133512178,0,-1.809519813333338,-1.794378390599305,-6.271607199012341,-1.0010465294140847,-4.151147677468014,-14.238094148095238,0.0,4.0,0.09903379416672214,20.71071346359341,-1.0010465294140847,5.110639287125962
ACMR,2024-02-01,train,True,True,D-1,17.4799995422,17.5699996948,16.5699996948,16.9899997711,16.8700008392,16.1000003815,-3.489695188648889,0,-1.794378390599305,-6.271607199012341,-1.0010465294140847,-4.151147677468014,-4.38645699866409,-16.48885250933827,0.0,4.0,0.012453112005324864,23.02555348776685,-1.0010465294140847,8.355516368308924
ACMR,2024-02-02,train,True,True,D-1,16.7999992371,16.8700008392,16.1700000763,16.2399997711,16.1000003815,16.7999992371,0.0,0,-6.271607199012341,-1.0010465294140847,-4.151147677468014,-4.38645699866409,-1.3356536090046278,-16.098766562469137,0.0,4.0,0.12696493488984184,16.998237358498926,-1.0010465294140847,5.663522736458626
ACMR,2024-02-05,train,True,True,D-1,16.0,16.1000003815,15.6999998093,15.8400001526,16.7999992371,16.5300006866,4.9999952318749985,1,-1.0010465294140847,-4.151147677468014,-4.38645699866409,-1.3356536090046278,-4.41436144852545,-14.436247825021841,0.0,4.0,0.024647778534770723,17.056653305681536,-1.0010465294140847,5.691054479528335
ACMR,2024-02-06,train,True,True,D-1,16.3299999237,16.7999992371,16.25,16.4799995422,16.5300006866,17.4699993134,6.9810128293111395,1,-4.151147677468014,-4.38645699866409,-1.3356536090046278,-4.41436144852545,-2.463051872770472,-15.69984363580591,0.0,4.0,0.04501619252686852,18.749995484138292,-1.3356536090046278,6.768685308967159
ACMR,2024-02-07,train,True,True,D-1,16.3999996185,16.5300006866,16.1100006104,16.2900009155,17.4699993134,18.3500003815,11.890248831471318,1,-4.38645699866409,-1.3356536090046278,-4.41436144852545,-2.463051872770472,4.040400147944134,-8.495284104687917,1.0,4.0,0.33913029053385024,9.223304005001731,4.040400147944134,0.0
ACMR,2024-02-08,train,True,True,D-1,16.4200000763,17.4699993134,16.3400001526,16.9699993134,18.3500003815,19.8700008392,21.01096678969934,1,-1.3356536090046278,-4.41436144852545,-2.463051872770472,4.040400147944134,-1.152904320254844,-5.400687775732416,1.0,4.0,0.31550863225975256,7.85757340309341,4.040400147944134,0.0
ACMR,2024-02-09,train,True,True,D-1,17.2000007629,18.3500003815,17.2000007629,18.3299999237,19.8700008392,18.7099990845,15.523255569029558,1,-4.41436144852545,-2.463051872770472,4.040400147944134,-1.152904320254844,4.174330016476424,-0.11771899923166407,2.0,0.0,0.7175140451498389,2.946376076781476,4.174330016476424,4.040400147944134
ACMR,2024-02-12,train,True,True,D-1,18.6900005341,19.8700008392,18.5100002289,19.2299995422,18.7099990845,19.8560009003,6.238632064630623,1,-2.463051872770472,4.040400147944134,-1.152904320254844,4.174330016476424,8.0141465251923,12.869459249126812,3.0,0.0,0.9924526590636189,0.10911324540781031,8.0141465251923,4.040400147944134
ACMR,2024-02-13,train,True,True,D-1,18.0200004578,18.7099990845,17.5499992371,18.3799991608,19.8560009003,20.1700000763,11.93118514916225,1,4.040400147944134,-1.152904320254844,4.174330016476424,8.0141465251923,4.9099815725385465,21.401511091801105,4.0,0.0,0.8297868994533935,3.3281399492263164,8.0141465251923,4.174330016476424
ACMR,2024-02-14,train,True,True,D-1,18.7700004578,19.8560009003,18.7700004578,19.7800006866,20.1700000763,20.3339996338,8.332440798370211,1,-1.152904320254844,4.174330016476424,8.0141465251923,4.9099815725385465,-4.420178895660842,11.529124219540844,3.0,1.0,0.6037229819862188,8.106647151419931,8.0141465251923,8.0141465251923
ACMR,2024-02-15,train,True,True,D-1,20.0300006866,20.1700000763,19.6000003815,19.9699993134,20.3339996338,19.25,1.517718106736643,0,4.174330016476424,8.0141465251923,4.9099815725385465,-4.420178895660842,7.616983621989815,21.42418400835848,4.0,2.0,0.9745042110213628,0.45500581130397677,8.0141465251923,8.0141465251923
ACMR,2024-02-16,train,True,True,D-1,20.0,20.3339996338,19.4610004425,19.5799999237,19.25,19.1599998474,-3.749999999999998,0,8.0141465251923,4.9099815725385465,-4.420178895660842,7.616983621989815,0.960559252804849,17.678256460688925,4.0,0.0,0.9326596602236102,1.0015061080437704,8.0141465251923,8.0141465251923
ACMR,2024-02-20,train,True,True,D-1,19.0,19.25,17.8180007935,18.3400001526,19.1599998474,21.1399993896,11.26315468210526,1,4.9099815725385465,-4.420178895660842,7.616983621989815,0.960559252804849,-1.9529264051516781,6.819421741425091,3.0,0.0,0.7291668093891978,3.8508667673044616,7.616983621989815,8.628109789621806
ACMR,2024-02-21,train,True,True,D-1,17.9699993134,19.1599998474,17.9500007629,19.1299991608,21.1399993896,21.25,18.252647812591437,1,-4.420178895660842,7.616983621989815,0.960559252804849,-1.9529264051516781,-6.332991705475354,-4.628182063379205,2.0,1.0,0.2837646562250571,10.872407113460802,7.616983621989815,15.779223065364555
ACMR,2024-02-22,train,True,True,D-1,19.7999992371,21.1399993896,19.6900005341,20.5799999237,21.25,22.2900009155,12.575766537073353,1,7.616983621989815,0.960559252804849,-1.9529264051516781,-6.332991705475354,4.307519092839307,4.080522493165106,3.0,2.0,0.5214622305404404,6.293782152730887,7.616983621989815,9.915251061487151
ACMR,2024-02-23,train,True,True,D-1,20.5499992371,21.25,19.9300003052,20.4899997711,22.2900009155,22.7810001373,10.856452472135647,1,0.960559252804849,-1.9529264051516781,-6.332991705475354,4.307519092839307,7.579722041343584,4.0444853858977,3.0,0.0,0.83142694083091,2.721085850224436,7.579722041343584,0.960559252804849
ACMR,2024-02-26,train,True,True,D-1,22.0200004578,22.2900009155,21.2070007324,21.6000003815,22.7810001373,31.0049991608,40.8038079754776,1,-1.9529264051516781,-6.332991705475354,4.307519092839307,7.579722041343584,-0.4373185273745195,2.6039082402525393,2.0,0.0,0.7785546606594178,3.7091275616895736,7.579722041343584,4.307519092839307
ACMR,2024-02-27,train,True,True,D-1,21.9400005341,22.7810001373,21.4899997711,21.7900009155,31.0049991608,32.9799995422,50.31904621397434,1,-6.332991705475354,4.307519092839307,7.579722041343584,-0.4373185273745195,5.41727975988362,10.316652020794702,3.0,0.0,0.8457065037620319,3.194446860246214,7.579722041343584,7.579722041343584
ACMR,2024-02-28,train,True,True,D-1,25.2000007629,31.0049991608,25.1700000763,30.6800003052,32.9799995422,34.4000015259,36.507938430479925,1,4.307519092839307,7.579722041343584,-0.4373185273745195,5.41727975988362,0.8796320863157625,18.81134533366351,4.0,0.0,0.7948666217902207,4.54795401635375,7.579722041343584,7.579722041343584
ACMR,2024-02-29,train,True,True,D-1,31.7099990845,32.9799995422,30.0,30.9200000763,34.4000015259,33.7200012207,8.483136294743332,1,7.579722041343584,-0.4373185273745195,5.41727975988362,0.8796320863157625,40.798526921475386,60.376380821111276,4.0,0.0,0.9712771634957956,1.059318293243039,40.798526921475386,7.579722041343584
ACMR,2024-03-01,train,True,True,D-1,31.5499992371,34.4000015259,30.8159999847,33.9099998474,33.7200012207,31.3299999237,6.877977927328338,1,-0.4373185273745195,5.41727975988362,0.8796320863157625,40.798526921475386,0.7822678250082093,50.24295525235847,4.0,0.0,0.8421456255675949,6.662352719329312,40.798526921475386,5.41727975988362
ACMR,2024-03-04,train,True,True,D-1,33.5600013733,33.7200012207,30.0300006866,31.9200000763,31.3299999237,31.2000007629,-6.644819303774407,0,5.41727975988362,0.8796320863157625,40.798526921475386,0.7822678250082093,9.670115665335398,65.49536469604145,5.0,0.0,0.9628589669500045,1.4450064308613397,40.798526921475386,40.798526921475386
ACMR,2024-03-05,train,True,True,D-1,31.3199996948,31.3299999237,27.281999588,29.2199993134,31.2000007629,32.1800003052,2.7458512732450036,0,0.8796320863157625,40.798526921475386,0.7822678250082093,9.670115665335398,-5.8684747273821785,47.77777552096198,4.0,1.0,0.807900765878833,7.769428081678975,40.798526921475386,40.798526921475386
ACMR,2024-03-06,train,True,True,D-1,31.1900005341,31.2000007629,29.3500003815,30.4599990845,32.1800003052,30.75,3.1740934727385817,1,40.798526921475386,0.7822678250082093,9.670115665335398,-5.8684747273821785,-8.458648986359806,34.098201403079244,3.0,2.0,0.4387864139799797,17.72759183510488,40.798526921475386,54.629256957174874
ACMR,2024-03-07,train,True,True,D-1,31.3600006104,32.1800003052,30.2999992371,30.3999996185,30.75,29.3999996185,-1.9451549697920067,0,0.7822678250082093,9.670115665335398,-5.8684747273821785,-8.458648986359806,4.243668036403236,-0.7170835023189714,3.0,3.0,0.44647353628532366,12.935005120879751,9.670115665335398,14.244053598637661
ACMR,2024-03-08,train,True,True,D-1,30.5,30.75,30.0109996796,30.1599998474,29.3999996185,29.7099990845,-2.5901669360655744,0,9.670115665335398,-5.8684747273821785,-8.458648986359806,4.243668036403236,-0.1969778982381265,-1.6817608554877572,2.0,4.0,0.4380442795186836,13.157901176307218,9.670115665335398,9.670115665335398
ACMR,2024-03-11,train,True,True,D-1,29.3400001526,29.3999996185,27.5200004578,28.3400001526,29.7099990845,29.6900005341,1.2610733809666153,0,-5.8684747273821785,-8.458648986359806,4.243668036403236,-0.1969778982381265,-0.7894729411573653,-11.058684803525665,1.0,4.0,0.4470331670594827,11.803718140956466,4.243668036403236,5.228563788592078
ACMR,2024-03-12,train,True,True,D-1,28.7600002289,29.7099990845,28.0200004578,29.3500003815,29.6900005341,28.5300006866,3.2336588935958144,1,-8.458648986359806,4.243668036403236,-0.1969778982381265,-0.7894729411573653,-6.034481777216916,-11.215538581273632,1.0,2.0,0.216006616921203,13.54975346479561,4.243668036403236,11.019982154007312
ACMR,2024-03-13,train,True,True,D-1,29.0400009155,29.6900005341,28.5200004578,28.75,28.5300006866,27.6299991608,-1.756199079965548,0,4.243668036403236,-0.1969778982381265,-0.7894729411573653,-6.034481777216916,3.563868113837465,0.4449044187361917,2.0,3.0,0.3927038591473413,9.642248337018122,4.243668036403236,6.9293426716762525
ACMR,2024-03-14,train,True,True,D-1,28.5300006866,28.5300006866,26.9500007629,27.4699993134,27.6299991608,28.8799991608,1.2267734517244167,0,-0.1969778982381265,-0.7894729411573653,-6.034481777216916,3.563868113837465,-2.044294288589499,-5.613917058093931,1.0,4.0,0.2639484082571951,11.930435844173903,3.563868113837465,0.0
ACMR,2024-03-15,train,True,True,D-1,27.1000003815,27.6299991608,26.7849998474,27.1100006104,28.8799991608,27.8500003815,6.56826108576416,1,-0.7894729411573653,-6.034481777216916,3.563868113837465,-2.044294288589499,-4.452176301217392,-9.638159019307825,1.0,4.0,0.13684175128857126,11.940301305358968,3.563868113837465,9.969323117800633
ACMR,2024-03-18,train,True,True,D-1,27.5499992371,28.8799991608,27.3199996948,28.6299991608,27.8500003815,29.3899993896,6.678766618701681,1,-6.034481777216916,3.563868113837465,-2.044294288589499,-4.452176301217392,-1.3105158791336002,-10.112729616817063,1.0,3.0,0.11111140094594403,9.590551145552473,3.563868113837465,9.268213816793992
ACMR,2024-03-19,train,True,True,D-1,27.75,27.8500003815,24.0699996948,27.5499992371,29.3899993896,31.0590000153,11.924324379459472,1,3.563868113837465,-2.044294288589499,-4.452176301217392,-1.3105158791336002,5.606781690063456,1.0232851328104031,2.0,4.0,0.6307691605517236,3.7722666970201324,5.606781690063456,3.563868113837465
ACMR,2024-03-20,train,True,True,D-1,27.8799991608,29.3899993896,27.3199996948,29.2199993134,31.0590000153,31.3859996796,12.575325051406484,1,-2.044294288589499,-4.452176301217392,-1.3105158791336002,5.606781690063456,-3.7722666970201324,-6.132882865427769,1.0,4.0,0.6192169079343858,7.767700022721535,5.606781690063456,0.0
ACMR,2024-03-21,train,True,True,D-1,30.0300006866,31.0590000153,30.0300006866,30.1900005341,31.3859996796,32.1399993896,7.026302546644714,1,-4.452176301217392,-1.3105158791336002,5.606781690063456,-3.7722666970201324,6.061706433919256,1.6347802205217254,2.0,0.0,0.9680450966254441,0.5817935667166152,6.061706433919256,5.606781690063456
ACMR,2024-03-22,train,True,True,D-1,30.1900005341,31.3859996796,29.4500007629,30.8400001526,32.1399993896,31.7940006256,6.459088509446853,1,-1.3105158791336002,5.606781690063456,-3.7722666970201324,6.061706433919256,3.3196483350195427,9.901715648653742,3.0,0.0,0.8756618341179543,2.8784347990270964,6.061706433919256,5.606781690063456
ACMR,2024-03-25,train,True,True,D-1,30.7299995422,32.1399993896,29.9750003815,30.1599998474,31.7940006256,29.9300003052,3.4624181557141087,1,5.606781690063456,-3.7722666970201324,6.061706433919256,3.3196483350195427,2.153029503148951,13.758758606479283,4.0,0.0,0.9253691186256982,1.770426473081499,6.061706433919256,6.061706433919256
ACMR,2024-03-26,train,True,True,D-1,30.3799991608,31.7940006256,29.6000003815,29.6450004578,29.9300003052,29.6000003815,-1.4812339303176936,0,-3.7722666970201324,6.061706433919256,3.3196483350195427,2.153029503148951,-2.2049296427862353,5.344047263175855,3.0,0.0,0.7546468875982939,6.564985252712741,6.061706433919256,6.1610793592894115
ACMR,2024-03-27,train,True,True,D-1,29.8600006104,29.9300003052,28.1499996185,28.7000007629,29.6000003815,31.1800003052,4.420628492352585,1,6.061706433919256,3.3196483350195427,2.153029503148951,-2.2049296427862353,-1.707557666464643,7.604360358307316,3.0,1.0,0.4823653340701034,8.4162553323339,6.061706433919256,9.936543298014588
ACMR,2024-03-28,train,True,True,D-1,28.7099990845,29.6000003815,28.6100006104,29.1399993896,31.1800003052,30.5300006866,8.603278646684132,1,3.3196483350195427,2.153029503148951,-2.2049296427862353,-1.707557666464643,-3.1877202911338,-1.779598092808754,2.0,2.0,0.13784490625380919,11.986057614140645,3.3196483350195427,8.160494130401286
ACMR,2024-04-01,train,True,True,D-1,29.5100002289,31.1800003052,29.3600006104,30.3199996948,30.5300006866,31.7099990845,7.455096030278829,1,2.153029503148951,-2.2049296427862353,-1.707557666464643,-3.1877202911338,1.5330962195261533,-3.4779765681488217,2.0,3.0,0.24812025761772588,10.295127188886255,2.153029503148951,3.856524394029026
ACMR,2024-04-02,train,True,True,D-1,29.4400005341,30.5300006866,28.7700004578,30.4799995422,31.7099990845,33.4000015259,13.451090081378148,1,-2.2049296427862353,-1.707557666464643,-3.1877202911338,1.5330962195261533,4.049417741652861,-1.6861233956776078,2.0,4.0,0.5438596994459862,6.002637576253456,4.049417741652861,0.0
ACMR,2024-04-03,train,True,True,D-1,30.0,31.7099990845,29.8999996185,31.2099990845,33.4000015259,32.6899986267,11.333338419666683,1,-1.707557666464643,-3.1877202911338,1.5330962195261533,4.049417741652861,0.5277039875018374,1.0610069509916942,3.0,4.0,0.6394070471331408,4.311027241259446,4.049417741652861,1.5330962195261533
ACMR,2024-04-04,train,True,True,D-1,32.25,33.4000015259,30.3999996185,30.6100006104,32.6899986267,32.9500007629,2.1705450012402983,0,-3.1877202911338,1.5330962195261533,4.049417741652861,0.5277039875018374,2.3950116576914704,5.279131733958975,4.0,0.0,0.859550540730334,1.6020506717935756,4.049417741652861,4.049417741652861
ACMR,2024-04-05,train,True,True,D-1,30.8999996185,32.6899986267,29.7000007629,32.0400009155,32.9500007629,31.7000007629,6.634307992588617,1,1.5330962195261533,4.049417741652861,0.5277039875018374,2.3950116576914704,-1.9224559170140543,6.655051556545688,4.0,0.0,0.41753645464412836,9.11467121811189,4.049417741652861,4.049417741652861
ACMR,2024-04-08,train,True,True,D-1,32.8300018311,32.9500007629,31.0,31.1900005341,31.7000007629,29.9599990845,-3.4419768662015238,0,4.049417741652861,0.5277039875018374,2.3950116576914704,-1.9224559170140543,4.671676826475291,9.951961519034924,4.0,1.0,0.7062634348466579,4.244695916166696,4.671676826475291,4.049417741652861
ACMR,2024-04-09,train,True,True,D-1,31.3600006104,31.7000007629,29.1499996185,29.7600002289,29.9599990845,30.1009998322,-4.014670770709349,0,0.5277039875018374,2.3950116576914704,-1.9224559170140543,4.671676826475291,-2.652934947292074,2.8693959368647715,3.0,2.0,0.5226780816474172,7.085607418902762,4.671676826475291,2.3950116576914704
ACMR,2024-04-10,train,True,True,D-1,28.8799991608,29.9599990845,28.5100002289,28.6100006104,30.1009998322,29.7800006866,4.227841782825648,1,2.3950116576914704,-1.9224559170140543,4.671676826475291,-2.652934947292074,-4.5848037214253345,-2.3622025069362285,2.0,3.0,0.14352949097219975,12.231187059821291,4.671676826475291,11.78778363500227
ACMR,2024-04-11,train,True,True,D-1,28.8400001526,30.1009998322,28.2999992371,30.0499992371,29.7800006866,29.6800003052,3.2593638315749462,1,-1.9224559170140543,4.671676826475291,-2.652934947292074,-4.5848037214253345,-3.8642460001839463,-8.330658604188335,1.0,4.0,0.020449970342819566,16.74240060574761,4.671676826475291,12.943558453663108
ACMR,2024-04-12,train,True,True,D-1,29.5400009155,29.7800006866,28.4699993134,28.6100006104,29.6800003052,29.1900005341,0.4739315685888812,0,4.671676826475291,-2.652934947292074,-4.5848037214253345,-3.8642460001839463,5.033200265562199,-1.8294719442433993,2.0,3.0,0.3763439625321254,9.650587685272317,5.033200265562199,4.671676826475291
ACMR,2024-04-15,train,True,True,D-1,29.0300006866,29.6800003052,28.0100002289,28.2099990845,29.1900005341,29.25,0.7578343375704621,0,-2.652934947292074,-4.5848037214253345,-3.8642460001839463,5.033200265562199,-4.792008862756192,-10.705368935993597,1.0,4.0,0.0666669401246416,15.169521355837956,5.033200265562199,0.0
ACMR,2024-04-16,train,True,True,D-1,27.8199996948,29.1900005341,27.6200008392,28.8400001526,29.25,28.4099998474,5.140188069330898,1,-4.5848037214253345,-3.8642460001839463,5.033200265562199,-4.792008862756192,-1.3981178516808357,-9.554348825169034,1.0,4.0,0.054200224026309196,12.371505819429762,5.033200265562199,11.156329048634905
ACMR,2024-04-17,train,True,True,D-1,28.8999996185,29.25,27.6100006104,27.9099998474,28.4099998474,27.2110004425,-1.695500960444063,0,-3.8642460001839463,5.033200265562199,-4.792008862756192,-1.3981178516808357,2.23325447906928,-3.0913980820691966,2.0,3.0,0.4917371255861686,4.372398311122483,5.033200265562199,5.033200265562199
ACMR,2024-04-18,train,True,True,D-1,27.7000007629,28.4099998474,26.7889995575,27.4050006866,27.2110004425,26.1599998474,-1.765344068347252,0,5.033200265562199,-4.792008862756192,-1.3981178516808357,2.23325447906928,-3.2246889746155416,-2.4466995738040676,2.0,4.0,0.12043329214018048,7.850232879897723,5.033200265562199,6.096650272070125
ACMR,2024-04-19,train,True,True,D-1,27.0,27.2110004425,24.5,25.0,26.1599998474,28.25,4.629629629629628,1,-4.792008862756192,-1.3981178516808357,2.23325447906928,-3.2246889746155416,-1.8093843194594061,-8.801992072047904,1.0,4.0,0.20595148664666613,8.666301552626066,2.23325447906928,7.208980756486194
ACMR,2024-04-22,train,True,True,D-1,25.5300006866,26.1599998474,25.0,25.75,28.25,29.1690006256,14.253818414153073,1,-1.3981178516808357,2.23325447906928,-3.2246889746155416,-1.8093843194594061,-8.77577313025193,-12.617967610555493,1.0,4.0,0.09652509083794253,18.720001220799997,2.23325447906928,12.659624465850516
ACMR,2024-04-23,train,True,True,D-1,26.1399993896,28.25,25.8999996185,27.3899993896,29.1690006256,28.5799999237,11.587610201724452,1,2.23325447906928,-3.2246889746155416,-1.8093843194594061,-8.77577313025193,3.0000000000000027,-8.720308983815773,2.0,3.0,0.2631578947368421,13.592233009708732,3.0000000000000027,8.27230080322877
ACMR,2024-04-24,train,True,True,D-1,28.1900005341,29.1690006256,27.5599994659,28.1499996185,28.5799999237,28.9400005341,2.6605178637466365,0,-3.2246889746155416,-1.8093843194594061,-8.77577313025193,3.0000000000000027,6.368929668349521,-5.027741870068181,2.0,4.0,0.6084209241263158,6.79080194177093,6.368929668349521,0.0
ACMR,2024-04-25,train,True,True,D-1,27.2800006866,28.5799999237,26.6700000763,28.2900009155,28.9400005341,27.1599998474,6.085043276100044,1,-1.8093843194594061,-8.77577313025193,3.0000000000000027,6.368929668349521,2.7747362023986533,0.8599060279907311,3.0,0.0,0.7817517946960975,3.619897054742105,6.368929668349521,3.0000000000000027
ACMR,2024-04-26,train,True,True,D-1,26.0699996948,28.9400005341,25.3320007324,27.0400009155,27.1599998474,26.6599998474,4.181051650788548,1,-8.77577313025193,3.0000000000000027,6.368929668349521,2.7747362023986533,0.4973403157987555,3.229338466438092,4.0,1.0,0.8117370759642931,3.107103858799798,6.368929668349521,6.368929668349521
ACMR,2024-04-29,train,True,True,D-1,27.1100006104,27.1599998474,25.1299991608,26.7299995422,26.6599998474,26.0400009155,-1.6599068715157816,0,3.0000000000000027,6.368929668349521,2.7747362023986533,0.4973403157987555,-4.418522303105088,8.160003662000005,4.0,2.0,0.4893261236213903,7.873519371368087,6.368929668349521,10.312086748431748
ACMR,2024-04-30,train,True,True,D-1,26.5,26.6599998474,25.5,25.5200004578,26.0400009155,26.5650005341,0.24528503433962623,0,6.368929668349521,2.7747362023986533,0.4973403157987555,-4.418522303105088,-1.1464547440983908,3.8058234648543854,3.0,3.0,0.39613760860055275,9.124583333978077,6.368929668349521,11.883250356989993
ACMR,2024-05-01,train,True,True,D-1,25.1399993896,26.0400009155,24.5699996948,24.9200000763,26.5650005341,27.811000824,10.624508748019101,1,2.7747362023986533,0.4973403157987555,-4.418522303105088,-1.1464547440983908,-4.526745623357442,-6.827305489134261,2.0,4.0,0.09655884019821956,14.29858974271574,2.7747362023986533,8.396039479902239
ACMR,2024-05-02,train,True,True,D-1,25.75,26.5650005341,25.0300006866,26.5100002289,27.811000824,27.9699993134,8.6213565568932,1,0.4973403157987555,-4.418522303105088,-1.1464547440983908,-4.526745623357442,-2.3510986314132842,-11.474243644668702,1.0,3.0,0.08009160509819564,16.131622975487847,0.4973403157987555,7.2687563161711655
ACMR,2024-05-03,train,True,True,D-1,27.3700008392,27.811000824,26.8500003815,27.0,27.9699993134,27.9699993134,2.192175578382405,0,-4.418522303105088,-1.1464547440983908,-4.526745623357442,-2.3510986314132842,6.380417928297533,-6.291978186627567,1.0,4.0,0.44393596373101746,9.166353391996296,6.380417928297533,0.0
ACMR,2024-05-06,train,True,True,D-1,27.5100002289,27.9699993134,27.3899993896,27.75,27.9699993134,28.2099990845,2.5445250809726705,0,-1.1464547440983908,-4.526745623357442,-2.3510986314132842,6.380417928297533,1.8483582303625345,-0.14793237479910903,2.0,0.0,0.7497684228822883,3.0037067555555685,6.380417928297533,0.0
ACMR,2024-05-07,train,True,True,D-1,27.7000007629,27.9699993134,27.0200004578,27.3299999237,28.2099990845,26.3050003052,1.8411491247432243,0,-4.526745623357442,-2.3510986314132842,6.380417928297533,1.8483582303625345,2.777777777777768,3.8159389273077604,3.0,0.0,0.9352943123297799,0.792790318558545,6.380417928297533,6.380417928297533
ACMR,2024-05-08,train,True,True,D-1,27.5300006866,28.2099990845,25.3999996185,25.5599994659,26.3050003052,25.5599994659,-4.449692520335679,0,-2.3510986314132842,6.380417928297533,1.8483582303625345,2.777777777777768,-1.513513788468468,7.092474268928894,3.0,1.0,0.8117648642668003,2.341746767240216,6.380417928297533,6.380417928297533
ACMR,2024-05-09,train,True,True,D-1,26.0,26.3050003052,25.1000003815,25.2900009155,25.5599994659,23.9750003815,-1.6923097465384673,0,6.380417928297533,1.8483582303625345,2.777777777777768,-1.513513788468468,-6.47640125408524,2.568215841253818,3.0,0.0,0.16666636676609559,10.367760852794273,6.380417928297533,14.272311744874111
ACMR,2024-05-10,train,True,True,D-1,25.3199996948,25.5599994659,22.7399997711,23.125,23.9750003815,23.5900001526,-5.312003671059385,0,1.8483582303625345,2.777777777777768,-1.513513788468468,-6.47640125408524,-1.0563323788805645,-4.602034337479988,2.0,1.0,0.06109344477112444,11.546057980608303,2.777777777777768,10.242099087310441
ACMR,2024-05-13,train,True,True,D-1,23.3999996185,23.9750003815,22.5200004578,23.0200004578,23.5900001526,23.9200000763,2.222224214862334,0,2.777777777777768,-1.513513788468468,-6.47640125408524,-1.0563323788805645,-8.560699237353885,-14.35185185185185,1.0,2.0,0.07038396292973122,21.98918523027027,2.777777777777768,12.304379956109468
ACMR,2024-05-14,train,True,True,D-1,23.2399997711,23.5900001526,23.0200004578,23.1599998474,23.9200000763,24.8600006104,6.970743783373634,1,-1.513513788468468,-6.47640125408524,-1.0563323788805645,-8.560699237353885,-0.454052074378386,-17.045043395315318,0.0,3.0,0.08787348342296213,22.54560609681242,-0.454052074378386,8.975881279263763
ACMR,2024-05-15,train,True,True,D-1,23.4200000763,23.9200000763,22.4500007629,23.8700008392,24.8600006104,24.9699993134,6.618271699616818,1,-6.47640125408524,-1.0563323788805645,-8.560699237353885,-0.454052074378386,0.6081641477664101,-15.257958609373656,1.0,4.0,0.11247795150544355,21.804832773636342,0.6081641477664101,0.0
ACMR,2024-05-16,train,True,True,D-1,24.0799999237,24.8600006104,23.9500007629,24.4899997711,24.9699993134,24.1210002899,3.6960107662793007,1,-1.0563323788805645,-8.560699237353885,-0.454052074378386,0.6081641477664101,3.0656346998193307,-6.611888349037931,2.0,4.0,0.3683528521128663,10.20108663758894,3.0656346998193307,0.0
ACMR,2024-05-17,train,True,True,D-1,24.4599990845,24.9699993134,23.7399997711,23.7999992371,24.1210002899,23.7199993134,-1.3859313462314171,0,-8.560699237353885,-0.454052074378386,0.6081641477664101,3.0656346998193307,2.5973980314312417,-3.16331006500552,3.0,4.0,0.6559485077058567,4.369129051861731,3.0656346998193307,0.6081641477664101
ACMR,2024-05-20,train,True,True,D-1,23.8600006104,24.1210002899,23.1299991608,23.3400001526,23.7199993134,23.3099994659,-0.5867614979816027,0,-0.454052074378386,0.6081641477664101,3.0656346998193307,2.5973980314312417,-2.8174787278448687,2.918915619891882,3.0,0.0,0.5357139883799311,4.91596686472231,3.0656346998193307,3.358896533246003
ACMR,2024-05-21,train,True,True,D-1,23.0900001526,23.7199993134,23.0200004578,23.2299995422,23.3099994659,23.5100002289,1.8189695691825714,0,0.6081641477664101,3.0656346998193307,2.5973980314312417,-2.8174787278448687,-1.932769324559236,1.3900942156218399,3.0,1.0,0.3531745641375116,6.983715296241866,3.0656346998193307,7.76142738764567
ACMR,2024-05-22,train,True,True,D-1,23.3099994659,23.3099994659,22.4599990845,22.6299991608,23.5100002289,22.8099994659,0.8580041509335112,0,3.0656346998193307,2.5973980314312417,-2.8174787278448687,-1.932769324559236,-0.47129652819536405,0.30224393463396115,2.0,2.0,0.30952350315647603,7.490313411496574,3.0656346998193307,5.460591477849263
ACMR,2024-05-23,train,True,True,D-1,23.25,23.5100002289,22.1700000763,22.2800006866,22.8099994659,23.6299991608,1.6344049926881654,0,2.5973980314312417,-2.8174787278448687,-1.932769324559236,-0.47129652819536405,-2.582868675094163,-5.194812043590846,1.0,3.0,0.06772910788717391,10.340257354730165,2.5973980314312417,5.639390264327204
ACMR,2024-05-24,train,True,True,D-1,22.5499992371,22.8099994659,22.1009998322,22.5599994659,23.6299991608,23.25,4.789356808150802,1,-2.8174787278448687,-1.932769324559236,-0.47129652819536405,-2.582868675094163,-1.5466128465716933,-9.024087811989123,0.0,4.0,0.03928594295401709,12.073602082148316,-0.47129652819536405,4.089534542926776
ACMR,2024-05-28,train,True,True,D-1,22.8600006104,23.6299991608,22.5799999237,23.5699996948,23.25,22.7600002289,1.7060340296866539,0,-1.932769324559236,-0.47129652819536405,-2.582868675094163,-1.5466128465716933,1.2567269778784196,-5.210083239276164,1.0,4.0,0.22722748994949374,6.919330057429707,1.2567269778784196,0.30932256957948434
ACMR,2024-05-29,train,True,True,D-1,22.8199996948,23.25,22.4099998474,22.6200008392,22.7600002289,22.4409999847,-0.26292491981790844,0,-0.47129652819536405,-2.582868675094163,-1.5466128465716933,1.2567269778784196,4.476951475227842,0.9854307656222527,2.0,4.0,0.9073504220712785,0.6364005962761654,4.476951475227842,0.0
ACMR,2024-05-30,train,True,True,D-1,22.7600002289,22.7600002289,22.1499996185,22.3500003815,22.4409999847,22.0400009155,-1.401582781158961,0,-2.582868675094163,-1.5466128465716933,1.2567269778784196,4.476951475227842,-4.030542502762902,-2.62590923384165,2.0,1.0,0.33943834852773497,4.465067569094394,4.476951475227842,1.2567269778784196
ACMR,2024-05-31,train,True,True,D-1,22.4099998474,22.4409999847,21.1200008392,21.6000003815,22.0400009155,21.4890003204,-1.6510438840673602,0,-1.5466128465716933,1.2567269778784196,4.476951475227842,-4.030542502762902,-1.1936359314014489,-1.2372902769922312,2.0,2.0,0.1628519677166846,5.727063791728204,4.476951475227842,9.653019905848804
ACMR,2024-06-03,train,True,True,D-1,22.0,22.0400009155,20.8400001526,21.2800006866,21.4890003204,23.1650009155,5.295458706818179,1,1.2567269778784196,4.476951475227842,-4.030542502762902,-1.1936359314014489,-3.3557046407068802,-3.052065907291368,2.0,3.0,0.19123500528638745,9.398142330768922,4.476951475227842,8.98623715099298
ACMR,2024-06-04,train,True,True,D-1,21.25,21.4890003204,20.2999992371,20.6000003815,23.1650009155,23.2999992371,9.647055233411761,1,4.476951475227842,-4.030542502762902,-1.1936359314014489,-3.3557046407068802,-1.4814800428155195,-5.673753588668062,1.0,4.0,0.15770634064987496,11.043225556283897,4.476951475227842,9.264422064202327
ACMR,2024-06-05,train,True,True,D-1,21.3799991608,23.1650009155,21.2299995422,22.9599990845,23.2999992371,22.6800003052,8.980356181773374,1,-4.030542502762902,-1.1936359314014489,-3.3557046407068802,-1.4814800428155195,-3.195490052442518,-12.600760932361155,0.0,4.0,0.1016952768870077,12.864075579725975,-1.1936359314014489,4.629629547860937
ACMR,2024-06-06,train,True,True,D-1,23.0300006866,23.2999992371,22.422000885,22.75,22.6800003052,23.6900005341,2.8658264343171425,0,-1.1936359314014489,-3.3557046407068802,-1.4814800428155195,-3.195490052442518,11.456304171331077,1.5030867934840764,1.0,0.0,0.928446174204518,0.8928651531976417,11.456304171331077,0.0
ACMR,2024-06-07,train,True,True,D-1,22.6800003052,22.6800003052,21.8600006104,22.4099998474,23.6900005341,23.9610004425,5.648148677521392,1,-3.3557046407068802,-1.4814800428155195,-3.195490052442518,11.456304171331077,-0.9146301954418123,1.789707434775245,1.0,0.0,0.8166669209666667,2.417579064175812,11.456304171331077,0.0
ACMR,2024-06-10,train,True,True,D-1,22.0100002289,23.6900005341,21.7700004578,23.2700004578,23.9610004425,25.0200004578,13.675602896849348,1,-1.4814800428155195,-3.195490052442518,11.456304171331077,-0.9146301954418123,-1.4945061652747227,3.7499974610822218,1.0,1.0,0.7033335367666673,3.9714386245444544,11.456304171331077,13.851771327387274
ACMR,2024-06-11,train,True,True,D-1,23.3500003815,23.9610004425,22.4099998474,22.8799991608,25.0200004578,26.8500003815,14.98929311698436,1,-3.195490052442518,11.456304171331077,-0.9146301954418123,-1.4945061652747227,3.8375752621871317,9.351502382483945,2.0,0.0,0.8761062195841388,1.8048993039844197,11.456304171331077,11.456304171331077
ACMR,2024-06-12,train,True,True,D-1,23.6299991608,25.0200004578,23.6299991608,24.5599994659,26.8500003815,24.9599990845,13.626751312127361,1,11.456304171331077,-0.9146301954418123,-1.4945061652747227,3.8375752621871317,-1.675983194359032,11.06795503434832,2.0,0.0,0.6041739563025216,4.724656124778481,11.456304171331077,11.456304171331077
ACMR,2024-06-13,train,True,True,D-1,24.8099994659,26.8500003815,24.7399997711,25.4500007629,24.9599990845,24.0,0.6045933971347672,0,-0.9146301954418123,-1.4945061652747227,3.8375752621871317,-1.675983194359032,7.342658945452762,6.968643053997936,2.0,0.0,0.8584612332615387,1.872968248792839,7.342658945452762,3.8375752621871317
ACMR,2024-06-14,train,True,True,D-1,24.8999996185,24.9599990845,23.3400001526,23.5400009155,24.0,24.6749992371,-0.9036160034027962,0,-1.4945061652747227,3.8375752621871317,-1.675983194359032,7.342658945452762,3.623783861378782,11.868135221538466,3.0,0.0,0.7244095197583559,5.500980654746623,7.342658945452762,3.8375752621871317
ACMR,2024-06-17,train,True,True,D-1,23.7299995422,24.0,23.0100002289,23.6900005341,24.6749992371,24.1499996185,3.982299676068135,1,3.8375752621871317,-1.675983194359032,7.342658945452762,3.623783861378782,-7.5049107667781385,5.04239658989154,3.0,1.0,0.34842529218205703,14.061169657051797,7.342658945452762,11.495747596029503
ACMR,2024-06-18,train,True,True,D-1,23.6800003052,24.6749992371,23.3600006104,24.0900001526,24.1499996185,22.9799995422,1.9847943718007022,0,-1.675983194359032,7.342658945452762,3.623783861378782,-7.5049107667781385,0.6372116090328284,1.8048993039844197,3.0,2.0,0.2882884082714327,13.338960642282016,7.342658945452762,14.258180265851529
ACMR,2024-06-20,train,True,True,D-1,24.1200008392,24.1499996185,22.8209991455,23.0200004578,22.9799995422,22.9500007629,-4.726373372040927,0,7.342658945452762,3.623783861378782,-7.5049107667781385,0.6372116090328284,1.6884745018229452,5.288466067223796,4.0,3.0,0.28124996895345117,11.457036992181656,7.342658945452762,7.342658945452762
ACMR,2024-06-21,train,True,True,D-1,22.7999992371,22.9799995422,21.5799999237,22.7199993134,22.9500007629,22.8600006104,0.6579014509610959,0,3.623783861378782,-7.5049107667781385,0.6372116090328284,1.6884745018229452,-4.441675749364893,-6.270354403867929,3.0,4.0,0.049392219223433946,16.63770567998517,3.623783861378782,6.451981671402418
ACMR,2024-06-24,train,True,True,D-1,22.5499992371,22.9500007629,21.8799991608,22.6299991608,22.8600006104,22.1599998474,1.3747289746687708,0,-7.5049107667781385,0.6372116090328284,1.6884745018229452,-4.441675749364893,-1.3032195414155567,-10.726920894555292,2.0,4.0,0.3372780096874863,9.859154220039423,1.6884745018229452,7.375485006271354
ACMR,2024-06-25,train,True,True,D-1,22.7099990845,22.8600006104,21.5499992371,21.8500003815,22.1599998474,22.6200008392,-0.39629347832703665,0,0.6372116090328284,1.6884745018229452,-4.441675749364893,-1.3032195414155567,-0.39612744418929813,-3.8657677115925826,2.0,3.0,0.339256694679692,9.03667764973839,1.6884745018229452,3.382659077166217
ACMR,2024-06-26,train,True,True,D-1,21.7600002289,22.1599998474,21.5499992371,21.8799991608,22.6200008392,23.8500003815,9.60478001201588,1,1.6884745018229452,-4.441675749364893,-1.3032195414155567,-0.39612744418929813,-3.4467468326341177,-7.766990760306058,1.0,4.0,0.09600036620799983,12.929056321627685,1.6884745018229452,5.51769526851057
ACMR,2024-06-27,train,True,True,D-1,21.8799991608,22.6200008392,21.3299999237,22.3700008392,23.8500003815,23.3199996948,9.003662231529862,1,-4.441675749364893,-1.3032195414155567,-0.39612744418929813,-3.4467468326341177,0.13729418204222466,-9.173935150687306,1.0,4.0,0.12692302895829136,10.374773970590056,0.13729418204222466,3.31418483346283
ACMR,2024-06-28,train,True,True,D-1,22.75,23.8500003815,22.6299991608,23.0599994659,23.3199996948,23.4899997711,3.2527462465933965,1,-1.3032195414155567,-0.39612744418929813,-3.4467468326341177,0.13729418204222466,2.239495873829278,-2.823629911700354,2.0,4.0,0.6303037308853766,2.726860438606127,2.239495873829278,0.0
ACMR,2024-07-01,train,True,True,D-1,22.9699993134,23.3199996948,22.1499996185,23.1900005341,23.4899997711,24.1000003815,4.919464962459941,1,-0.39612744418929813,-3.4467468326341177,0.13729418204222466,2.239495873829278,3.0844818990390044,1.4964795896779348,3.0,0.0,0.6865076301257167,3.4258496699803187,3.0844818990390044,0.13729418204222466
ACMR,2024-07-02,train,True,True,D-1,23.1700000763,23.4899997711,22.4500007629,22.7900009155,24.1000003815,24.8099994659,7.078115598616308,1,-3.4467468326341177,0.13729418204222466,2.239495873829278,3.0844818990390044,0.5637513929358073,2.474597410812285,4.0,1.0,0.7380953462301396,2.8460536101734712,3.0844818990390044,2.239495873829278
ACMR,2024-07-03,train,True,True,D-1,22.7399997711,24.1000003815,22.5550003052,23.8700008392,24.8099994659,25.3299999237,11.38962259749714,1,0.13729418204222466,2.239495873829278,3.0844818990390044,0.5637513929358073,-1.724879730001816,4.302061865389617,4.0,2.0,0.5793653676851322,4.6511602607223645,3.0844818990390044,4.255334269609357
ACMR,2024-07-05,train,True,True,D-1,23.9599990845,24.8099994659,23.5900001526,23.9400005341,25.3299999237,23.7099990845,5.717866826156381,1,2.239495873829278,3.0844818990390044,0.5637513929358073,-1.724879730001816,4.7389200540376875,9.095072005145543,4.0,0.0,0.916967687982741,0.9635506251105319,4.7389200540376875,3.0844818990390044
ACMR,2024-07-08,train,True,True,D-1,24.3700008392,25.3299999237,23.4099998474,23.5400009155,23.7099990845,23.9300003052,-1.805500692852846,0,3.0844818990390044,0.5637513929358073,-1.724879730001816,4.7389200540376875,0.29325384348142247,7.018326490845794,4.0,0.0,0.6729327136426818,3.6340806699681316,4.7389200540376875,3.0844818990390044
ACMR,2024-07-09,train,True,True,D-1,23.6399993896,23.7099990845,22.4300003052,22.5400009155,23.9300003052,25.0300006866,5.87987027449548,1,0.5637513929358073,-1.724879730001816,4.7389200540376875,0.29325384348142247,-1.6708421456810174,2.0815327871529288,3.0,0.0,0.4371072841493253,7.6040736558398825,4.7389200540376875,6.121408165047992
ACMR,2024-07-10,train,True,True,D-1,23.1200008392,23.9300003052,23.0,23.8799991608,25.0300006866,24.8600006104,8.261244714842707,1,-1.724879730001816,4.7389200540376875,0.29325384348142247,-1.6708421456810174,-4.248088195024435,-2.802930589174435,2.0,1.0,0.03793124992095525,12.377989773200992,4.7389200540376875,10.586871546794974
ACMR,2024-07-11,train,True,True,D-1,24.5,25.0300006866,23.3799991608,23.8700008392,24.8600006104,25.7280006409,5.0122475138775435,1,4.7389200540376875,0.29325384348142247,-1.6708421456810174,-4.248088195024435,5.944978664036027,4.782791581893564,3.0,2.0,0.4999996711551292,6.072030208779222,5.944978664036027,4.7389200540376875
ACMR,2024-07-12,train,True,True,D-1,24.0699996948,24.8600006104,23.9500007629,24.4899997711,25.7280006409,25.8799991608,7.5197319856677325,1,0.29325384348142247,-1.6708421456810174,-4.248088195024435,5.944978664036027,-0.041869019896845217,0.0,2.0,3.0,0.4965519735981299,6.116460130585111,5.944978664036027,0.29325384348142247
ACMR,2024-07-15,train,True,True,D-1,24.8999996185,25.7280006409,24.5900001526,25.5200004578,25.8799991608,23.7700004578,3.935741194035547,1,-1.6708421456810174,-4.248088195024435,5.944978664036027,-0.041869019896845217,2.5973980314312417,2.297406953757508,2.0,4.0,0.7103447368608674,3.4299720720751603,5.944978664036027,5.944978664036027
ACMR,2024-07-16,train,True,True,D-1,25.8799991608,25.8799991608,23.5300006866,23.9099998474,23.7700004578,23.2299995422,-8.15300916313777,0,-4.248088195024435,5.944978664036027,-0.041869019896845217,2.5973980314312417,4.205801128326159,8.41121268179843,3.0,0.0,0.9369314245215645,0.815047724799034,5.944978664036027,5.944978664036027
ACMR,2024-07-17,train,True,True,D-1,23.2600002289,23.7700004578,22.2700004578,22.3199996948,23.2299995422,21.2339992523,-0.12897973518815053,0,5.944978664036027,-0.041869019896845217,2.5973980314312417,4.205801128326159,-6.308779708144218,6.078078421717814,3.0,0.0,0.3159722613069178,8.239227628494605,5.944978664036027,8.313291972002812
ACMR,2024-07-18,train,True,True,D-1,22.9599990845,23.2299995422,20.8600006104,21.1299991608,21.2339992523,21.625,-5.814456174788097,0,-0.041869019896845217,2.5973980314312417,4.205801128326159,-6.308779708144218,-6.649937945411155,-6.532661309975274,2.0,1.0,0.013850209131225135,15.949818614152544,4.205801128326159,16.744988846177243
ACMR,2024-07-19,train,True,True,D-1,21.0400009155,21.2339992523,20.0300006866,20.1100006104,21.625,21.3299999237,2.7804137787324823,0,2.5973980314312417,4.205801128326159,-6.308779708144218,-6.649937945411155,-5.331543684013762,-11.478850364765336,2.0,2.0,0.05378458732393191,22.479887310228186,4.205801128326159,15.832738411231674
ACMR,2024-07-22,train,True,True,D-1,20.6299991608,21.625,20.5699996948,21.4799995422,21.3299999237,20.7600002289,3.3931206562048954,1,4.205801128326159,-6.308779708144218,-6.649937945411155,-5.331543684013762,-4.8272531514922274,-17.88484769962603,1.0,3.0,0.013675204216346272,28.6921848595868,4.205801128326159,14.107230853322406
ACMR,2024-07-23,train,True,True,D-1,21.0400009155,21.3299999237,20.7600002289,21.0049991608,20.7600002289,19.3099994659,-1.3308016844891024,0,-6.308779708144218,-6.649937945411155,-5.331543684013762,-4.8272531514922274,6.812525560498983,-15.830724306923749,1.0,4.0,0.2478631168871016,20.48416998313096,6.812525560498983,0.0
ACMR,2024-07-24,train,True,True,D-1,20.7600002289,20.7600002289,19.2800006866,19.3199996948,19.3099994659,19.6700000763,-5.25048237274397,0,-6.649937945411155,-5.331543684013762,-4.8272531514922274,6.812525560498983,-2.2113612268324645,-12.149731096363404,1.0,4.0,0.2606947951462485,13.16353919289892,6.812525560498983,0.0
ACMR,2024-07-25,train,True,True,D-1,19.0,19.3099994659,18.1200008392,18.7000007629,19.6700000763,19.6200008392,3.5263161910526364,1,-5.331543684013762,-4.8272531514922274,6.812525560498983,-2.2113612268324645,-8.021897325968874,-13.44086039884187,1.0,4.0,0.010126334123690016,20.238094767943405,6.812525560498983,16.868390986177538
ACMR,2024-07-26,train,True,True,D-1,19.6100006104,19.6700000763,18.5799999237,18.7399997711,19.6200008392,18.5900001526,0.050995555781341295,0,-4.8272531514922274,6.812525560498983,-2.2113612268324645,-8.021897325968874,-3.209104253075501,-11.500229505016213,1.0,3.0,0.16547790658175748,15.641706512135944,6.812525560498983,17.78609609127834
ACMR,2024-07-29,train,True,True,D-1,18.9899997711,19.6200008392,18.3600006104,18.3600006104,18.5900001526,18.436000824,-2.1063697910557178,0,6.812525560498983,-2.2113612268324645,-8.021897325968874,-3.209104253075501,0.21389843084582694,-6.812535045829371,2.0,4.0,0.1768898945352351,15.394878677368617,6.812525560498983,9.814595606370203
ACMR,2024-07-30,train,True,True,D-1,18.4500007629,18.5900001526,17.1900005341,17.3600006104,18.436000824,17.9500007629,-0.07588042450464849,0,-2.2113612268324645,-8.021897325968874,-3.209104253075501,0.21389843084582694,-2.027743678449867,-14.525135001378352,1.0,4.0,0.07476630518646514,16.176466310233394,0.21389843084582694,1.8181825595138257
ACMR,2024-07-31,train,True,True,D-1,18.2000007629,18.436000824,17.75,17.9500007629,17.9500007629,16.0200004578,-1.3736263160472828,0,-8.021897325968874,-3.209104253075501,0.21389843084582694,-2.027743678449867,-5.446622912602472,-17.353004979892496,1.0,4.0,0.04761907306256029,19.585250569997868,0.21389843084582694,7.577821470098867
ACMR,2024-08-01,train,True,True,D-1,17.9500007629,17.9500007629,15.8699998856,16.2700004578,16.0200004578,15.5,-10.752090379232893,0,-3.209104253075501,0.21389843084582694,-2.027743678449867,-5.446622912602472,3.3986182704771606,-7.091091892039403,2.0,3.0,0.3064517617312969,9.582168469624719,3.3986182704771606,2.447012994402842
ACMR,2024-08-02,train,True,True,D-1,15.5500001907,16.0200004578,15.0,15.6400003433,15.5,15.3800001144,-0.3215446307833769,0,0.21389843084582694,-2.027743678449867,-5.446622912602472,3.3986182704771606,-9.3593327782599,-12.994653507827758,2.0,4.0,0.10526330319112794,20.897354166145753,3.3986182704771606,6.492700932425266
ACMR,2024-08-05,train,True,True,D-1,14.029999733,15.5,13.9399995804,15.0100002289,15.3800001144,18.5300006866,32.07413427824619,1,-2.027743678449867,-5.446622912602472,3.3986182704771606,-9.3593327782599,-3.8721579396020833,-16.542152965127997,1.0,4.0,0.13852818767254232,25.447572944619434,3.3986182704771606,16.267700841071974
ACMR,2024-08-06,train,True,True,D-1,15.3299999237,15.3800001144,14.6300001144,15.125,18.5300006866,19.7000007629,28.506202615461397,1,-5.446622912602472,3.3986182704771606,-9.3593327782599,-3.8721579396020833,-4.028133635367126,-18.246188835104928,1.0,4.0,0.23010763802847503,23.850765283848084,3.3986182704771606,11.142934149066718
ACMR,2024-08-07,train,True,True,D-1,18.1599998474,18.5300006866,16.5,17.5900001526,19.7000007629,19.6340007782,8.480181324012959,1,3.3986182704771606,-9.3593327782599,-3.8721579396020833,-4.028133635367126,0.7661543594022158,-12.874427026581204,2.0,4.0,0.2635676360825817,21.890914538842978,3.3986182704771606,6.691459267891975
ACMR,2024-08-08,train,True,True,D-1,18.0499992371,19.7000007629,18.0499992371,19.4899997711,19.6340007782,19.2199993134,8.775632177558435,1,-9.3593327782599,-3.8721579396020833,-4.028133635367126,0.7661543594022158,16.297521670082627,-2.0055743454009733,2.0,0.0,0.7952069046932722,5.3439484129911285,16.297521670082627,0.0
ACMR,2024-08-09,train,True,True,D-1,19.2099990845,19.6340007782,18.5900001526,19.1000003815,19.2199993134,19.4300003052,1.1452432648865196,0,-3.8721579396020833,-4.028133635367126,0.7661543594022158,16.297521670082627,10.801589550976542,19.791021651485586,3.0,0.0,0.9635415019639189,1.0774807299453792,16.297521670082627,0.7661543594022158
ACMR,2024-08-12,train,True,True,D-1,19.0900001526,19.2199993134,18.3199996948,18.8899993896,19.4300003052,20.2099990845,5.866940403075183,1,-4.028133635367126,0.7661543594022158,16.297521670082627,10.801589550976542,-2.0010230589037503,22.122761906985655,3.0,1.0,0.8958332885029748,3.1413631906581196,16.297521670082627,16.297521670082627
ACMR,2024-08-13,train,True,True,D-1,19.1299991608,19.4300003052,18.8600006104,19.3799991608,20.2099990845,20.3899993896,6.586514814814581,1,0.7661543594022158,16.297521670082627,10.801589550976542,-2.0010230589037503,-1.099481611023445,25.849427725054362,3.0,2.0,0.8402364359579233,4.287990468363656,16.297521670082627,19.376025459444836
ACMR,2024-08-14,train,True,True,D-1,19.4799995422,20.2099990845,19.1100006104,19.6800003052,20.3899993896,20.4899997711,5.184806225031013,1,16.297521670082627,10.801589550976542,-2.0010230589037503,-1.099481611023445,2.5939639334756848,28.132225856528926,3.0,3.0,0.8999995231844888,1.6511951287762061,16.297521670082627,16.297521670082627
ACMR,2024-08-15,train,True,True,D-1,19.8299999237,20.3899993896,19.6149997711,20.3099994659,20.4899997711,20.3400001526,3.3282897122515642,1,10.801589550976542,-2.0010230589037503,-1.099481611023445,2.5939639334756848,1.547993588187624,11.881751759343096,3.0,0.0,0.7546301774335945,2.693083186385725,10.801589550976542,10.801589550976542
ACMR,2024-08-16,train,True,True,D-1,20.0400009155,20.4899997711,19.8600006104,20.0200004578,20.3400001526,20.3449993134,1.521948023785269,0,-2.0010230589037503,-1.099481611023445,2.5939639334756848,1.547993588187624,3.2012151978144887,4.207284271064515,3.0,0.0,0.9613526881665891,0.393894267867001,3.2012151978144887,2.5939639334756848
ACMR,2024-08-19,train,True,True,D-1,19.9599990845,20.3400001526,19.5799999237,20.2900009155,20.3449993134,20.2000007629,1.9288589506949005,0,-1.099481611023445,2.5939639334756848,1.547993588187624,3.2012151978144887,-1.4278631990458757,4.816754229969011,3.0,0.0,0.7834104623160281,2.3476488638984216,3.2012151978144887,2.5939639334756848
ACMR,2024-08-20,train,True,True,D-1,20.3199996948,20.3449993134,19.6100006104,19.8899993896,20.2000007629,19.9899997711,-0.5905459335745378,0,2.5939639334756848,1.547993588187624,3.2012151978144887,-1.4278631990458757,1.348653604025296,7.4113370626723185,4.0,1.0,0.8773012524042579,0.9857015602558139,3.2012151978144887,3.2996817213295504
ACMR,2024-08-21,train,True,True,D-1,20.1000003815,20.2000007629,19.6310005188,19.9400005341,19.9899997711,19.8400001526,-0.5472667080207883,0,1.547993588187624,3.2012151978144887,-1.4278631990458757,1.348653604025296,-1.9714219213978867,2.63158024192065,3.0,2.0,0.565216850425002,3.0165932625102254,3.2012151978144887,3.8505711679805543
ACMR,2024-08-22,train,True,True,D-1,19.9400005341,19.9899997711,19.1100006104,19.2199993134,19.8400001526,19.4899997711,-0.5015064133473301,0,3.2012151978144887,-1.4278631990458757,1.348653604025296,-1.9714219213978867,0.25138836618641136,1.3211393540034644,3.0,3.0,0.395605132713565,2.7582709241126935,3.2012151978144887,4.926204678384815
ACMR,2024-08-23,train,True,True,D-1,19.2800006866,19.8400001526,19.2800006866,19.4899997711,19.4899997711,18.6000003815,1.089206831024403,0,-1.4278631990458757,1.348653604025296,-1.9714219213978867,0.25138836618641136,-3.6108385226404915,-5.3668152691489945,2.0,4.0,0.07970925355070674,6.607702929596715,1.348653604025296,4.717180988447078
ACMR,2024-08-26,train,True,True,D-1,19.4899997711,19.4899997711,18.5,18.6000003815,18.6000003815,18.5200004578,-4.566441252193865,0,1.348653604025296,-1.9714219213978867,0.25138836618641136,-3.6108385226404915,1.404789112098248,-2.6473560168851273,3.0,3.0,0.307691951236,4.386862762142263,1.404789112098248,3.6054276809890484
ACMR,2024-08-27,train,True,True,D-1,18.5,18.6000003815,18.1000003815,18.4200000763,18.5200004578,18.3099994659,0.1081105827027029,0,-1.9714219213978867,0.25138836618641136,-3.6108385226404915,1.404789112098248,-4.566441252193865,-8.32922847583003,2.0,4.0,0.05420076895081152,9.38171449520837,1.404789112098248,3.4771893758032135
ACMR,2024-08-28,train,True,True,D-1,18.2199993134,18.5200004578,17.4340000153,17.8600006104,18.3099994659,18.2999992371,0.49396353398218906,0,0.25138836618641136,-3.6108385226404915,1.404789112098248,-4.566441252193865,-0.9677435564949377,-7.3906453414404165,2.0,4.0,0.1523807793723669,9.66341302511844,1.404789112098248,6.894782479807815
ACMR,2024-08-29,train,True,True,D-1,18.2299995422,18.3099994659,17.7000007629,17.7800006866,18.2999992371,17.6499996185,0.38398078254449075,0,-3.6108385226404915,1.404789112098248,-4.566441252193865,-0.9677435564949377,-3.0401708120540105,-10.431293219591087,1.0,4.0,0.16666691541473422,11.926086718382777,1.404789112098248,5.383282423507108
ACMR,2024-08-30,train,True,True,D-1,18.2000007629,18.2999992371,17.8099994659,18.0400009155,17.6499996185,16.8500003815,-3.021984183215831,0,1.404789112098248,-4.566441252193865,-0.9677435564949377,-3.0401708120540105,-0.4479278895064276,-7.4921887525565385,1.0,4.0,0.14380741959902002,11.586048292745721,1.404789112098248,4.879270040702854
ACMR,2024-09-03,train,True,True,D-1,17.6000003815,17.6499996185,16.6000003815,16.7049999237,16.8500003815,16.8600006104,-4.204544062839,0,-4.566441252193865,-0.9677435564949377,-3.0401708120540105,-0.4479278895064276,1.4623184412807522,-7.439706888812159,1.0,4.0,0.2947475545609685,8.037687261723804,1.4623184412807522,0.0
ACMR,2024-09-04,train,True,True,D-1,16.5300006866,16.8500003815,16.2900009155,16.4699993134,16.8600006104,16.4200000763,1.9963696920322072,0,-0.9677435564949377,-3.0401708120540105,-0.4479278895064276,1.4623184412807522,-7.400226851723513,-10.18817429533394,1.0,4.0,0.052499771100000814,11.343911801588757,1.4623184412807522,6.046123292392114
ACMR,2024-09-05,train,True,True,D-1,16.5699996948,16.8600006104,16.1700000763,16.5300006866,16.4200000763,15.8699998856,-0.9052481669451939,0,-3.0401708120540105,-0.4479278895064276,1.4623184412807522,-7.400226851723513,-1.4067681016065037,-10.586323316083801,1.0,4.0,0.08071678692559361,12.446880569886343,1.4623184412807522,10.165209363814197
ACMR,2024-09-06,train,True,True,D-1,16.3299999237,16.4200000763,15.595000267,15.6499996185,15.8699998856,15.9300003052,-2.449477160863145,0,-0.4479278895064276,1.4623184412807522,-7.400226851723513,-1.4067681016065037,0.3643070777251678,-7.446807829477519,2.0,4.0,0.1682246322356624,10.768292228462805,1.4623184412807522,2.5099044209234256
ACMR,2024-09-09,train,True,True,D-1,15.7700004578,15.8699998856,15.4300003052,15.6000003815,15.9300003052,16.6800003052,5.7704490867652725,1,1.4623184412807522,-7.400226851723513,-1.4067681016065037,0.3643070777251678,-5.323660202950686,-11.979758075629821,2.0,4.0,0.020332485190546257,16.93290532395548,1.4623184412807522,6.441066037419663
ACMR,2024-09-10,train,True,True,D-1,15.7299995422,15.9300003052,15.4099998474,15.8699998856,16.6800003052,16.6499996185,6.039420156697184,1,-7.400226851723513,-1.4067681016065037,0.3643070777251678,-5.323660202950686,-0.31948395028008614,-13.52550116504455,1.0,4.0,0.0765766346329613,13.141020428634675,0.3643070777251678,5.9904429910400685
ACMR,2024-09-11,train,True,True,D-1,15.9799995422,16.6800003052,15.5200004578,16.6399993896,16.6499996185,17.1800003052,7.509391723266545,1,-1.4067681016065037,0.3643070777251678,-5.323660202950686,-0.31948395028008614,1.7307660095969846,-4.998503692989276,2.0,3.0,0.31724123872064497,6.238189867274668,1.7307660095969846,0.3643070777251678
ACMR,2024-09-12,train,True,True,D-1,16.5699996948,16.6499996185,15.9499998093,16.2600002289,17.1800003052,16.6499996185,3.6813555922480257,1,0.3643070777251678,-5.323660202950686,-0.31948395028008614,1.7307660095969846,4.851918774735942,1.0321802263931312,3.0,4.0,0.8482750999766195,1.322122769652867,4.851918774735942,0.3643070777251678
ACMR,2024-09-13,train,True,True,D-1,16.5200004578,17.1800003052,16.5,16.7999992371,16.6499996185,16.9799995422,2.7844980124247742,0,-5.323660202950686,-0.31948395028008614,1.7307660095969846,4.851918774735942,-2.283648886054035,-1.6333965304603737,2.0,1.0,0.6692913977152748,2.5830262631454604,4.851918774735942,1.7307660095969846
ACMR,2024-09-16,train,True,True,D-1,16.5499992371,16.6499996185,16.1399993896,16.3700008392,16.9799995422,17.1849994659,3.836859565386108,1,-0.31948395028008614,1.7307660095969846,4.851918774735942,-2.283648886054035,3.3210270639493666,7.34824055356893,3.0,0.0,0.7853101865451957,2.2619112223578597,4.851918774735942,4.851918774735942
ACMR,2024-09-17,train,True,True,D-1,16.7000007629,16.9799995422,16.513999939,16.7800006866,17.1849994659,17.5699996948,5.2095742045279,1,1.7307660095969846,4.851918774735942,-2.283648886054035,3.3210270639493666,-2.5595143894436623,4.935900249163727,3.0,1.0,0.542373301413278,4.948072232594858,4.851918774735942,4.851918774735942
ACMR,2024-09-18,train,True,True,D-1,16.7800006866,17.1849994659,16.3799991608,16.5300006866,17.5699996948,17.3740005493,4.707979594010792,1,4.851918774735942,-2.283648886054035,3.3210270639493666,-2.5595143894436623,2.5045804910297065,5.734094565594239,3.0,2.0,0.7590363521861134,2.3837878559768377,4.851918774735942,4.970957771213003
ACMR,2024-09-19,train,True,True,D-1,17.3500003815,17.5699996948,16.9519996643,17.4750003815,17.3740005493,17.2099990845,0.13832949436469733,0,-2.283648886054035,3.3210270639493666,-2.5595143894436623,2.5045804910297065,-1.489868830575447,-0.6610499220856214,2.0,0.0,0.46963646848029567,3.9624848886483655,3.3210270639493666,3.3210270639493666
ACMR,2024-09-20,train,True,True,D-1,17.2399997711,17.3740005493,16.8799991608,17.0400009155,17.2099990845,18.2999992371,6.148488863537649,1,3.3210270639493666,-2.5595143894436623,2.5045804910297065,-1.489868830575447,5.716876319709163,7.472325556555015,3.0,0.0,0.9335669279548062,0.5436298210360624,5.716876319709163,3.3210270639493666
ACMR,2024-09-23,train,True,True,D-1,17.1399993896,17.2099990845,16.732000351,17.0699996948,18.2999992371,18.5,7.934659619796758,1,-2.5595143894436623,2.5045804910297065,-1.489868830575447,5.716876319709163,-2.4892672761284484,1.4285814839205102,2.0,1.0,0.6293715621089496,3.1103213076585146,5.716876319709163,2.5045804910297065
ACMR,2024-09-24,train,True,True,D-1,17.7199993134,18.2999992371,17.1200008392,18.2000007629,18.5,19.9200000763,12.41535467349788,1,2.5045804910297065,-1.489868830575447,5.716876319709163,-2.4892672761284484,0.1760491648372664,4.276107634177806,3.0,2.0,0.5798321213190311,2.9291154595176394,5.716876319709163,8.034476765250531
ACMR,2024-09-25,train,True,True,D-1,18.0,18.5,17.6650009155,17.7399997711,19.9200000763,19.7399997711,10.66666709055555,1,-1.489868830575447,5.716876319709163,-2.4892672761284484,0.1760491648372664,6.619807195686311,8.462455412376514,3.0,0.0,0.9479174634239051,0.5494421429027785,6.619807195686311,5.716876319709163
ACMR,2024-09-26,train,True,True,D-1,19.0900001526,19.9200000763,18.4300003052,19.3050003052,19.7399997711,21.2900009155,11.524362206987027,1,5.716876319709163,-2.4892672761284484,0.1760491648372664,6.619807195686311,-2.527477870977324,7.320018355963409,3.0,0.0,0.5701355317972685,4.284105065988264,6.619807195686311,5.716876319709163
ACMR,2024-09-27,train,True,True,D-1,19.3899993896,19.7399997711,19.0100002289,19.4899997711,21.2900009155,20.2900009155,9.798873572523581,1,-2.4892672761284484,0.1760491648372664,6.619807195686311,-2.527477870977324,8.821874601427693,10.472102339049671,3.0,0.0,0.8070891392432207,3.185701949636033,8.821874601427693,6.619807195686311
ACMR,2024-09-30,train,True,True,D-1,19.8400001526,21.2900009155,19.7600002289,20.2999992371,20.2900009155,20.2399997711,2.2681489891068773,0,0.1760491648372664,6.619807195686311,-2.527477870977324,8.821874601427693,0.9582981765100973,14.377926783861984,4.0,1.0,0.8651190896324384,2.206261212160765,8.821874601427693,6.619807195686311
ACMR,2024-10-01,train,True,True,D-1,20.2800006866,20.2900009155,18.4099998474,19.0300006866,20.2399997711,19.5699996948,-0.1972431663990637,0,6.619807195686311,-2.527477870977324,8.821874601427693,0.9582981765100973,4.155974733263346,18.922083187171634,4.0,0.0,0.7625895299075347,4.876855741899178,8.821874601427693,8.821874601427693
ACMR,2024-10-02,train,True,True,D-1,19.9699993134,20.2399997711,19.0200004578,19.1100006104,19.5699996948,22.2250003815,11.291943643617852,1,-2.527477870977324,8.821874601427693,0.9582981765100973,4.155974733263346,-6.256150730188037,4.560438950046231,3.0,1.0,0.37655166099310416,11.875986060743449,8.821874601427693,11.18205464197387
ACMR,2024-10-03,train,True,True,D-1,18.6000003815,19.5699996948,18.5799999237,18.8999996185,22.2250003815,26.3199996948,41.505371800844124,1,8.821874601427693,0.9582981765100973,4.155974733263346,-6.256150730188037,0.42038844410725584,7.722665484651525,4.0,2.0,0.24305573034450476,11.407641211238918,8.821874601427693,14.683937022224114
ACMR,2024-10-04,train,True,True,D-1,21.7000007629,22.2250003815,20.7099990845,22.0400009155,26.3199996948,22.5249996185,21.29031691002845,1,0.9582981765100973,4.155974733263346,-6.256150730188037,0.42038844410725584,-1.098906254276688,-2.0979056218450753,3.0,3.0,0.17013874631069606,12.645509763188457,4.155974733263346,4.839112218337327
ACMR,2024-10-07,train,True,True,D-1,23.3600006104,26.3199996948,22.9899997711,23.5949993134,22.5249996185,22.2800006866,-3.574490454115198,0,4.155974733263346,-6.256150730188037,0.42038844410725584,-1.098906254276688,16.61376381154236,13.083638657508722,3.0,0.0,0.9515073551507001,0.8393804823751072,16.61376381154236,4.155974733263346
ACMR,2024-10-08,train,True,True,D-1,21.9099998474,22.5249996185,20.5300006866,21.8050003052,22.2800006866,21.7900009155,1.6887304508306888,0,-6.256150730188037,0.42038844410725584,-1.098906254276688,16.61376381154236,7.055346339874347,16.231528079459736,3.0,0.0,0.6554993130251825,11.549058956117154,16.61376381154236,0.42038844410725584
ACMR,2024-10-09,train,True,True,D-1,21.7000007629,22.2800006866,21.4300003052,22.0699996948,21.7900009155,21.6000003815,0.41474723242347356,0,0.42038844410725584,-1.098906254276688,16.61376381154236,7.055346339874347,-7.586349058223652,14.58223604034874,3.0,1.0,0.41666672827842555,20.706256942923652,16.61376381154236,17.680009730501144
ACMR,2024-10-10,train,True,True,D-1,21.5,21.7900009155,20.6499996185,20.7700004578,21.6000003815,21.6599998474,0.7441853367441853,0,-1.098906254276688,16.61376381154236,7.055346339874347,-7.586349058223652,1.2153147713407808,15.48926734617222,3.0,2.0,0.45090437652609966,19.25691009865016,16.61376381154236,23.076996119135295
ACMR,2024-10-11,train,True,True,D-1,20.3600006104,21.6000003815,20.341999054,21.3199996948,21.6599998474,21.3099994659,6.385064823308273,1,16.61376381154236,7.055346339874347,-7.586349058223652,1.2153147713407808,-5.890345514170081,9.894184534636574,3.0,3.0,0.04145074478598376,26.721228284401622,16.61376381154236,21.360380793488364
ACMR,2024-10-14,train,True,True,D-1,21.3700008392,21.6599998474,20.75,21.3299999237,21.3099994659,19.9050006866,-0.28077384625057045,0,7.055346339874347,-7.586349058223652,1.2153147713407808,-5.890345514170081,2.648046340285237,-3.266793061672002,3.0,4.0,0.16359995583224313,23.45215793422133,7.055346339874347,10.453624592577315
ACMR,2024-10-15,train,True,True,D-1,20.9599990845,21.3099994659,19.5499992371,19.5699996948,19.9050006866,19.5300006866,-5.033389522808596,0,-7.586349058223652,1.2153147713407808,-5.890345514170081,2.648046340285237,0.046905389508244966,-9.599489110447513,3.0,4.0,0.45258846276400094,5.602436470110916,2.648046340285237,1.2153147713407808
ACMR,2024-10-16,train,True,True,D-1,19.7999992371,19.9050006866,19.3670005798,19.4599990845,19.5300006866,20.25,2.2727312133266064,0,1.2153147713407808,-5.890345514170081,2.648046340285237,0.046905389508244966,-8.251290366599795,-10.249945329590304,3.0,4.0,0.007326171091837045,13.847731395315677,2.648046340285237,10.856301617262698
ACMR,2024-10-17,train,True,True,D-1,19.5200004578,19.5300006866,18.4500007629,19.0049991608,20.25,19.4300003052,3.7397516653658647,1,-5.890345514170081,2.648046340285237,0.046905389508244966,-8.251290366599795,-0.5620879510244814,-11.826011084698617,2.0,4.0,0.038381548417382,11.973288492371292,2.648046340285237,11.415045148954805
ACMR,2024-10-18,train,True,True,D-1,19.7399997711,20.25,19.125,19.2099990845,19.4300003052,20.0499992371,1.5704127132455614,0,2.648046340285237,0.046905389508244966,-8.251290366599795,-0.5620879510244814,-2.338129214314355,-8.497839470856473,2.0,3.0,0.17289674647569206,13.970012122264365,2.648046340285237,5.5351211630310315
ACMR,2024-10-21,train,True,True,D-1,19.1499996185,19.4300003052,18.9899997711,19.1499996185,20.0499992371,19.6900005341,4.699737005375959,1,0.046905389508244966,-8.251290366599795,-0.5620879510244814,-2.338129214314355,1.0786631557597515,-9.896813510811786,2.0,4.0,0.2367596692689963,12.75377865518399,1.0786631557597515,1.3315919864317127
ACMR,2024-10-22,train,True,True,D-1,19.0499992371,20.0499992371,18.9950008392,19.4300003052,19.6900005341,19.7999992371,3.9370080316820655,1,-8.251290366599795,-0.5620879510244814,-2.338129214314355,1.0786631557597515,-0.3123345593931459,-10.220348396615686,1.0,4.0,0.2447549556109015,11.279372795983322,1.0786631557597515,0.0
ACMR,2024-10-23,train,True,True,D-1,19.2399997711,19.6900005341,18.8600006104,19.0799999237,19.7999992371,20.1499996185,4.72972899286046,1,-0.5620879510244814,-2.338129214314355,1.0786631557597515,-0.3123345593931459,1.4621446071962474,-0.7153775768182546,2.0,2.0,0.5444444209203604,4.220276283683555,1.4621446071962474,1.0786631557597515
ACMR,2024-10-24,train,True,True,D-1,19.3500003815,19.7999992371,19.0599994659,19.2399997711,20.1499996185,20.0400009155,4.134362900400035,1,-2.338129214314355,1.0786631557597515,-0.3123345593931459,1.4621446071962474,-1.801340072065416,-1.9527193148876965,2.0,3.0,0.3499996821193101,6.132075896115152,1.4621446071962474,1.4441968173498854
ACMR,2024-10-25,train,True,True,D-1,19.3700008392,20.1499996185,19.3199996948,19.5200004578,20.0400009155,20.0550003052,3.536393579362862,1,1.0786631557597515,-0.3123345593931459,1.4621446071962474,-1.801340072065416,0.8385736270431376,1.2365199719909237,3.0,4.0,0.2733808112026231,5.24948150164275,1.4621446071962474,2.440016614996221
ACMR,2024-10-28,train,True,True,D-1,19.4699993134,20.0400009155,19.4500007629,19.6900005341,20.0550003052,20.3999996185,4.776581088320531,1,-0.3123345593931459,1.4621446071962474,-1.801340072065416,0.8385736270431376,1.455305041742161,1.6137500680576622,3.0,0.0,0.5116281820806137,3.2274546410077543,1.4621446071962474,1.4621446071962474
ACMR,2024-10-29,train,True,True,D-1,19.7600002289,20.0550003052,19.2900009155,19.9650001526,20.3999996185,20.0,3.2388632701732867,1,1.4621446071962474,-1.801340072065416,0.8385736270431376,1.455305041742161,0.8709020098002673,2.8198481794136976,4.0,1.0,0.643411288294308,2.3362065613119265,1.4621446071962474,1.4621446071962474
ACMR,2024-10-30,train,True,True,D-1,20.0300006866,20.3999996185,19.7099990845,20.0300006866,20.0,19.2600002289,-0.14977875971852184,0,-1.801340072065416,0.8385736270431376,1.455305041742161,0.8709020098002673,1.3966460692763416,2.7534731806299506,4.0,2.0,0.8565894510473443,0.9266189055145535,1.455305041742161,1.455305041742161
ACMR,2024-10-31,train,True,True,D-1,19.8799991608,20.0,18.5699996948,18.7950000763,19.2600002289,19.1900005341,-3.1187070325562782,0,0.8385736270431376,1.455305041742161,0.8709020098002673,1.3966460692763416,0.3255724192495757,4.979039657751616,5.0,0.0,0.7238814255490263,1.84722376044415,1.455305041742161,1.455305041742161
ACMR,2024-11-01,train,True,True,D-1,18.9099998474,19.2600002289,18.5100002289,18.5499992371,19.1900005341,19.0900001526,1.4807016867242284,0,1.455305041742161,0.8709020098002673,1.3966460692763416,0.3255724192495757,-6.165754208516894,-2.312888254127865,4.0,1.0,0.12295103326839507,8.539502717128823,1.455305041742161,7.315560826151124
ACMR,2024-11-04,train,True,True,D-1,18.5699996948,19.1900005341,18.5599994659,18.5599994659,19.0900001526,19.0200004578,2.8002179124731574,0,0.8709020098002673,1.3966460692763416,0.3255724192495757,-6.165754208516894,-1.3035426347719925,-4.96926843212443,3.0,2.0,0.021163503237143482,9.973048288325526,1.3966460692763416,8.785569677701965
ACMR,2024-11-05,train,True,True,D-1,18.6299991608,19.0900001526,18.1100006104,18.1800003052,19.0200004578,22.1200008392,18.733235832578178,1,1.3966460692763416,0.3255724192495757,-6.165754208516894,-1.3035426347719925,0.0539095914354526,-5.738959053063597,3.0,3.0,0.02645463129518779,9.913794210935212,1.3966460692763416,2.6469818471214768
ACMR,2024-11-06,train,True,True,D-1,18.1800003052,19.0200004578,17.9200000763,18.9500007629,22.1200008392,20.3729991913,21.672169790189976,1,0.3255724192495757,-6.165754208516894,-1.3035426347719925,0.0539095914354526,-2.0474093299311047,-8.940645298054461,2.0,4.0,0.030567565554571248,12.21121713988651,0.3255724192495757,2.3201759077500106
ACMR,2024-11-07,train,True,True,D-1,21.2900009155,22.1200008392,19.7000007629,20.6000003815,20.3729991913,19.6800003052,-4.307194385944735,0,-6.165754208516894,-1.3035426347719925,0.0539095914354526,-2.0474093299311047,4.2354259888530255,-5.391911566046614,2.0,4.0,0.4951926559534617,5.540892848699364,4.2354259888530255,0.0539095914354526
ACMR,2024-11-08,train,True,True,D-1,20.0,20.3729991913,18.8500003815,19.2199993134,19.6800003052,19.1200008392,-1.5999984739999973,0,-1.3035426347719925,0.0539095914354526,-2.0474093299311047,4.2354259888530255,8.707121647352857,9.603619568355626,3.0,0.0,0.6380951948564704,7.378642861895512,8.707121647352857,0.0539095914354526
ACMR,2024-11-11,train,True,True,D-1,19.2999992371,19.6800003052,18.6900005341,19.0900001526,19.1200008392,18.9200000763,-0.9326342228759943,0,0.0539095914354526,-2.0474093299311047,4.2354259888530255,8.707121647352857,-6.699034187102837,3.6118603981395214,3.0,1.0,0.3095235716582064,15.08845800935148,8.707121647352857,4.2354259888530255
ACMR,2024-11-12,train,True,True,D-1,19.0300006866,19.1200008392,18.3600006104,18.6700000763,18.9200000763,18.9899997711,-0.2101992330886704,0,-2.0474093299311047,4.2354259888530255,8.707121647352857,-6.699034187102837,-0.6763744299895236,2.8556072303437263,2.0,2.0,0.2785713961375907,15.872187859502574,8.707121647352857,16.0372197101474
ACMR,2024-11-13,train,True,True,D-1,18.6100006104,18.9200000763,18.4799995422,18.5900001526,18.9899997711,18.6200008392,2.0419083731122445,0,4.2354259888530255,8.707121647352857,-6.699034187102837,-0.6763744299895236,-2.2001051489923484,2.6952682226294877,2.0,3.0,0.17857139613520998,18.478847074454418,8.707121647352857,11.56872027767406
ACMR,2024-11-14,train,True,True,D-1,18.8899993896,18.9899997711,18.4799995422,18.7299995422,18.6200008392,18.9249992371,0.18528241731585737,0,8.707121647352857,-6.699034187102837,-0.6763744299895236,-2.2001051489923484,-0.42849450119475385,-1.899739291856939,1.0,4.0,0.061170087288372914,18.988707141598905,8.707121647352857,11.326293967956016
ACMR,2024-11-15,train,True,True,D-1,18.3899993896,18.6200008392,18.1149997711,18.3299999237,18.9249992371,18.6000003815,2.9091890443593726,0,-6.699034187102837,-0.6763744299895236,-2.2001051489923484,-0.42849450119475385,0.7530897711177431,-9.077673809071218,1.0,4.0,0.18380486469820417,8.772021832665855,0.7530897711177431,0.0
ACMR,2024-11-18,train,True,True,D-1,18.3500003815,18.9249992371,18.3400001526,18.4500007629,18.6000003815,18.797000885,2.435969995677234,0,-0.6763744299895236,-2.2001051489923484,-0.42849450119475385,0.7530897711177431,-2.1356093340994087,-4.630590122235323,1.0,4.0,0.13738024231643084,7.364977562026609,0.7530897711177431,1.3986026184278133
ACMR,2024-11-19,train,True,True,D-1,18.4200000763,18.6000003815,18.2099990845,18.3999996185,18.797000885,19.6100006104,6.4603720367575335,1,-2.2001051489923484,-0.42849450119475385,0.7530897711177431,-2.1356093340994087,0.6546690654637866,-3.3525373734103026,2.0,4.0,0.33333396593631054,3.631436577754843,0.7530897711177431,2.2480112134228736
ACMR,2024-11-20,train,True,True,D-1,18.2399997711,18.797000885,18.2099990845,18.6800003052,19.6100006104,19.3050003052,7.510969607963869,1,-0.42849450119475385,0.7530897711177431,-2.1356093340994087,0.6546690654637866,-0.2710089015310113,-1.4461727728793172,2.0,3.0,0.3257141113142877,3.2065226349613063,0.7530897711177431,0.7530897711177431
ACMR,2024-11-21,train,True,True,D-1,18.7399997711,19.6100006104,18.5900001526,19.1800003052,19.3050003052,19.1499996185,3.014944188907198,1,0.7530897711177431,-2.1356093340994087,0.6546690654637866,-0.2710089015310113,1.5217428940513589,0.4841320702593688,3.0,4.0,0.6457148961142869,1.6595260216013097,1.5217428940513589,0.7530897711177431
ACMR,2024-11-22,train,True,True,D-1,19.0400009155,19.3050003052,18.7800006866,18.7900009155,19.1499996185,18.4400005341,0.577724252683498,0,-2.1356093340994087,0.6546690654637866,-0.2710089015310113,1.5217428940513589,2.6766594851757697,2.40256686598479,3.0,0.0,0.7123745392669227,2.2419202208428635,2.6766594851757697,0.6546690654637866
ACMR,2024-11-25,train,True,True,D-1,19.0799999237,19.1499996185,18.3999996185,18.4400005341,18.4400005341,17.688999176,-3.354294508172573,0,0.6546690654637866,-0.2710089015310113,1.5217428940513589,2.6766594851757697,-2.0333648774461532,2.509552611646404,3.0,1.0,0.41428657060008534,4.364021580347965,2.6766594851757697,1.5217428940513589
ACMR,2024-11-26,train,True,True,D-1,18.3799991608,18.4400005341,17.1200008392,17.3700008392,17.688999176,17.6700000763,-3.7595213076708545,0,-0.2710089015310113,1.5217428940513589,2.6766594851757697,-2.0333648774461532,-1.8626948608144067,-0.054201779872598,2.0,2.0,0.16428657065365831,6.3449026161164435,2.6766594851757697,6.534843840362525
ACMR,2024-11-27,train,True,True,D-1,17.6000003815,17.688999176,16.9300003052,17.2700004578,17.6700000763,17.2399997711,0.3977255300152027,0,1.5217428940513589,2.6766594851757697,-2.0333648774461532,-1.8626948608144067,-5.8026012142533006,-5.597819568780881,2.0,3.0,0.10040161565136127,12.895795411505384,2.6766594851757697,10.233870805632016
ACMR,2024-11-29,train,True,True,D-1,17.3400001526,17.6700000763,17.1200008392,17.1900005341,17.2399997711,16.2800006866,-0.5767034637828683,0,2.6766594851757697,-2.0333648774461532,-1.8626948608144067,-5.8026012142533006,-0.5757074068432066,-7.548178931279226,1.0,4.0,0.12686571413454564,13.549508341461225,2.6766594851757697,9.021562101292247
ACMR,2024-12-02,train,True,True,D-1,16.75,17.2399997711,15.4499998093,15.6599998474,16.2800006866,16.8400001526,0.5373143438805794,0,-2.0333648774461532,-1.8626948608144067,-5.8026012142533006,-0.5757074068432066,-0.4632305823933258,-10.37538967379723,0.0,4.0,0.10947378058947409,12.303663207598214,-0.4632305823933258,1.0362711364629296
ACMR,2024-12-03,train,True,True,D-1,15.7600002289,16.2800006866,15.7100000381,16.2000007629,16.8400001526,16.5699996948,6.852791294504823,1,-1.8626948608144067,-5.8026012142533006,-0.5757074068432066,-0.4632305823933258,-8.900527278430982,-16.657801573165653,0.0,4.0,0.05675676998086273,22.28607793811339,-0.4632305823933258,9.322527896476352
ACMR,2024-12-04,train,True,True,D-1,16.3500003815,16.8400001526,16.0799999237,16.5699996948,16.5699996948,15.0900001526,1.3455615178390445,0,-5.8026012142533006,-0.5757074068432066,-0.4632305823933258,-8.900527278430982,3.448281741775716,-12.147503830369754,1.0,4.0,0.25083637852635227,13.827158430324737,3.448281741775716,5.759160793719154
ACMR,2024-12-05,train,True,True,D-1,16.5,16.5699996948,13.8699998856,14.1000003815,15.0900001526,16.4500007629,-0.3030256793939423,0,-0.5757074068432066,-0.4632305823933258,-8.900527278430982,3.448281741775716,2.283943916517228,-4.605648277198615,2.0,4.0,0.500223404328487,6.753165370010028,3.448281741775716,0.0
ACMR,2024-12-06,train,True,True,D-1,14.3599996567,15.0900001526,14.220000267,14.8900003433,16.4500007629,16.0200004578,14.554325600034822,1,-0.4632305823933258,-8.900527278430982,3.448281741775716,2.283943916517228,-14.906453583551581,-18.355529775728918,2.0,4.0,0.06052644325200163,25.319146086577703,3.448281741775716,16.41124644860006
ACMR,2024-12-09,train,True,True,D-1,15.4300003052,16.4500007629,15.4099998474,16.0200004578,16.0200004578,16.1000003815,4.342190946517377,1,-8.900527278430982,3.448281741775716,2.283943916517228,-14.906453583551581,5.6028364569161715,-13.379872712845264,3.0,4.0,0.3026707692450456,15.782400091464188,5.6028364569161715,13.58708308422364
ACMR,2024-12-10,train,True,True,D-1,15.779999733,16.0200004578,15.3299999237,15.779999733,16.1000003815,15.6000003815,2.027887540649287,0,3.448281741775716,2.283943916517228,-14.906453583551581,5.6028364569161715,7.5889864905776205,2.298854494942848,4.0,3.0,0.7239058514872516,5.1185996964235425,7.5889864905776205,3.448281741775716
ACMR,2024-12-11,train,True,True,D-1,15.9200000763,16.1000003815,15.4949998856,15.6000003815,15.6000003815,15.6199998856,-1.8844232993855736,0,2.283943916517228,-14.906453583551581,5.6028364569161715,7.5889864905776205,-1.4981318223567408,-2.5925988279077994,3.0,4.0,0.6430975339033534,6.717366524305235,7.5889864905776205,5.6028364569161715
ACMR,2024-12-12,train,True,True,D-1,15.3500003815,15.6000003815,15.1999998093,15.2600002289,15.6199998856,15.6300001144,1.8241024491273627,0,-14.906453583551581,5.6028364569161715,7.5889864905776205,-1.4981318223567408,-1.1406803203144356,-5.853948890562776,2.0,4.0,0.6407409696864356,6.217944163965017,7.5889864905776205,10.21070973837881
ACMR,2024-12-13,train,True,True,D-1,15.3999996185,15.6199998856,15.1800003052,15.5900001526,15.6300001144,15.5100002289,1.4935097506346695,0,5.6028364569161715,7.5889864905776205,-1.4981318223567408,-1.1406803203144356,-2.179488104392646,8.226949049746013,2.0,3.0,0.4663675922100046,7.798168519986848,7.5889864905776205,10.884293923394296
ACMR,2024-12-16,train,True,True,D-1,15.6199998856,15.6300001144,15.2100000381,15.2399997711,15.5100002289,16.1900005341,3.649171912129656,1,7.5889864905776205,-1.4981318223567408,-1.1406803203144356,-2.179488104392646,2.1625158502621478,4.701140316729235,2.0,4.0,0.3228344091643235,5.5163604995640325,7.5889864905776205,7.653090520420203
ACMR,2024-12-17,train,True,True,D-1,15.3699998856,15.5100002289,15.0640001297,15.3000001907,16.1900005341,15.8900003433,5.335072573866784,1,-1.4981318223567408,-1.1406803203144356,-2.179488104392646,2.1625158502621478,-2.2450312897631886,-4.868918005056743,1.0,3.0,0.06521680535212883,5.643048709428711,2.1625158502621478,0.13106459698553063
ACMR,2024-12-18,train,True,True,D-1,15.470000267,16.1900005341,14.8999996185,15.1599998474,15.8900003433,15.1800003052,2.714932573051909,0,-1.1406803203144356,-2.179488104392646,2.1625158502621478,-2.2450312897631886,0.39370354659571394,-3.0418222460181554,2.0,4.0,0.2277992313128901,5.228759351821921,2.1625158502621478,4.022682361239605
ACMR,2024-12-19,train,True,True,D-1,15.6999998093,15.8900003433,15.1300001144,15.2100000381,15.1800003052,15.3000001907,-2.547768302284037,0,-2.179488104392646,2.1625158502621478,-2.2450312897631886,0.39370354659571394,-0.9150349121243684,-2.8205161752546837,2.0,0.0,0.20155042198483158,6.794199848733173,2.1625158502621478,2.687449740692427
ACMR,2024-12-20,train,True,True,D-1,14.8900003433,15.1800003052,14.7100000381,14.9099998474,15.3000001907,15.4899997711,4.029546097827863,1,2.1625158502621478,-2.2450312897631886,0.39370354659571394,-0.9150349121243684,0.32981656466557485,-0.3276552427915802,3.0,1.0,0.2403102322263186,6.443132764925497,2.1625158502621478,2.7507521344336094
ACMR,2024-12-23,train,True,True,D-1,15.0600004196,15.3000001907,14.970000267,15.2899999619,15.4899997711,15.6899995804,4.183261243340208,1,-2.2450312897631886,0.39370354659571394,-0.9150349121243684,0.32981656466557485,-1.9723878366109227,-4.361772280589705,2.0,2.0,0.13513496099530997,8.584847081156788,0.39370354659571394,2.042780080345652
ACMR,2024-12-24,train,True,True,D-1,15.3100004196,15.4899997711,15.1999998093,15.3800001144,15.6899995804,15.6000003815,2.482032334326534,0,0.39370354659571394,-0.9150349121243684,0.32981656466557485,-1.9723878366109227,2.5486258778618653,0.3280852463975359,3.0,3.0,0.3918917090687238,5.886203887787089,2.5486258778618653,0.39370354659571394
ACMR,2024-12-26,train,True,True,D-1,15.3000001907,15.6899995804,15.1000003815,15.6599998474,15.6000003815,15.1400003433,1.9607855363449778,0,-0.9150349121243684,0.32981656466557485,-1.9723878366109227,2.5486258778618653,0.5886210119310897,0.5228753117834994,3.0,4.0,0.4527026025402081,5.266582663686803,2.5486258778618653,0.32981656466557485
ACMR,2024-12-27,train,True,True,D-1,15.5600004196,15.6000003815,15.0600004196,15.1999998093,15.1400003433,15.2749996185,-1.8316246363399902,0,0.32981656466557485,-1.9723878366109227,2.5486258778618653,0.5886210119310897,1.8205444142867178,3.298153067499876,4.0,4.0,0.805084375922244,1.4687132703784078,2.5486258778618653,2.5486258778618653
ACMR,2024-12-30,train,True,True,D-1,15.029999733,15.1400003433,14.6470003128,15.0699996948,15.2749996185,15.7700004578,4.923491270430613,1,-1.9723878366109227,2.5486258778618653,0.5886210119310897,1.8205444142867178,-2.93742045071842,-0.06574772370119275,3.0,1.0,0.5000000000510195,3.2236827450497607,2.5486258778618653,3.718978958233232
ACMR,2024-12-31,train,True,True,D-1,15.1599998474,15.2749996185,14.9300003052,15.1000003815,15.7700004578,16.1259994507,6.372029109655131,1,2.5486258778618653,0.5886210119310897,1.8205444142867178,-2.93742045071842,-0.8552639219143954,1.0731042859661866,3.0,2.0,0.4055605743361119,4.114133365337325,2.5486258778618653,6.316187553144747
ACMR,2025-01-02,train,True,True,D-1,15.2100000381,15.7700004578,15.1800003052,15.5699996948,16.1259994507,16.5,8.481262055678096,1,0.5886210119310897,1.8205444142867178,-2.93742045071842,-0.8552639219143954,0.1990755627576446,-1.2426395086556297,3.0,3.0,0.43432443604910487,3.9072793641968806,1.8205444142867178,2.478435394909073
ACMR,2025-01-03,train,True,True,D-1,15.8000001907,16.1259994507,15.3800001144,15.5,16.5,16.3299999237,4.430378486400421,1,1.8205444142867178,-2.93742045071842,-0.8552639219143954,0.1990755627576446,3.112578155135859,1.2353678737759388,3.0,0.0,0.8219049535385411,1.284526441364009,3.112578155135859,1.8205444142867178
ACMR,2025-01-06,train,True,True,D-1,16.1499996185,16.5,15.8149995804,15.8699998856,16.3299999237,16.0049991608,1.1145529997029113,0,-2.93742045071842,-0.8552639219143954,0.1990755627576446,3.112578155135859,-0.4495805791401408,-1.0217104020378676,2.0,0.0,0.576741165928708,4.038706133548398,3.112578155135859,0.1990755627576446
ACMR,2025-01-07,train,True,True,D-1,15.9899997711,16.3299999237,15.7899999619,16.1499996185,16.0049991608,15.7600002289,0.0938048149763615,0,-0.8552639219143954,0.1990755627576446,3.112578155135859,-0.4495805791401408,2.3870960361290328,4.407895294117492,3.0,0.0,0.6600106741777331,3.969755002781339,3.112578155135859,3.112578155135859
ACMR,2025-01-08,train,True,True,D-1,15.8599996567,16.0049991608,15.3199996948,15.4099998474,15.7600002289,15.529999733,-0.6305134297891146,0,0.1990755627576446,3.112578155135859,-0.4495805791401408,2.3870960361290328,1.7643335533610527,7.166555710499867,4.0,1.0,0.7770697773641381,2.167185075961675,3.112578155135859,3.112578155135859
ACMR,2025-01-10,train,True,True,D-1,15.4600000381,15.7600002289,15.2399997711,15.6199998856,15.529999733,17.9899997711,16.364810651778818,1,3.112578155135859,-0.4495805791401408,2.3870960361290328,1.7643335533610527,-4.5820420345541235,2.052976543495988,3.0,2.0,0.17424211771113196,7.0733300674490796,3.112578155135859,6.011129141373683
ACMR,2025-01-13,train,True,True,D-1,15.1899995804,15.529999733,14.970000267,15.4899997711,17.9899997711,18.4899997711,21.724820815387403,1,-0.4495805791401408,2.3870960361290328,1.7643335533610527,-4.5820420345541235,1.362751721476707,0.3211316106621398,3.0,3.0,0.301587337671951,5.633803590557429,2.3870960361290328,5.668828205911125
ACMR,2025-01-14,train,True,True,D-1,16.5,17.9899997711,16.4400005341,17.8600006104,18.4899997711,18.3700008392,12.06060467333332,1,2.3870960361290328,1.7643335533610527,-4.5820420345541235,1.362751721476707,-0.8322670643541197,-0.06451760580644672,3.0,4.0,0.3398690162385806,6.520337274532295,2.3870960361290328,2.3870960361290328
ACMR,2025-01-15,train,True,True,D-1,18.3899993896,18.4899997711,17.7900009155,17.8899993896,18.3700008392,18.1000003815,-0.10874687908533076,0,1.7643335533610527,-4.5820420345541235,1.362751721476707,-0.8322670643541197,15.300199317767316,12.539387140170511,3.0,0.0,0.9569539132296181,0.7278788144290393,15.300199317767316,1.7643335533610527
ACMR,2025-01-16,train,True,True,D-1,18.0750007629,18.3700008392,17.0400009155,17.6800003052,18.1000003815,18.8199996948,4.12170899283808,1,-4.5820420345541235,1.362751721476707,-0.8322670643541197,15.300199317767316,0.16796628317319318,10.773992645218456,3.0,0.0,0.8295453221510016,3.353831201630997,15.300199317767316,1.362751721476707
ACMR,2025-01-17,train,True,True,D-1,18.0,18.1000003815,17.5799999237,17.6399993896,18.8199996948,19.3799991608,7.666662004444458,1,1.362751721476707,-0.8322670643541197,15.300199317767316,0.16796628317319318,-1.1738350562609745,14.730697470986653,3.0,1.0,0.7698864829507692,4.581444863786355,15.300199317767316,16.308039737969683
ACMR,2025-01-21,train,True,True,D-1,17.7099990845,18.8199996948,17.2900009155,18.5900001526,19.3799991608,18.5599994659,9.429701652337208,1,-0.8322670643541197,15.300199317767316,0.16796628317319318,-1.1738350562609745,-0.22624951871881294,12.932135203549056,2.0,2.0,0.7585225848725428,4.818596433745537,15.300199317767316,16.697628096581763
ACMR,2025-01-22,train,True,True,D-1,18.6399993896,19.3799991608,18.5699996948,18.6900005341,18.5599994659,18.7999992371,0.8583683086881955,0,15.300199317767316,0.16796628317319318,-1.1738350562609745,-0.22624951871881294,5.385492040096618,20.012914314458087,3.0,0.0,0.9033615028114738,1.2372218413770897,15.300199317767316,15.300199317767316
ACMR,2025-01-23,train,True,True,D-1,18.2700004578,18.5599994659,18.1800003052,18.4200000763,18.7999992371,18.0,2.9009237330025917,0,0.16796628317319318,-1.1738350562609745,-0.22624951871881294,5.385492040096618,0.5379256626096174,4.647255852929177,3.0,0.0,0.7051285708927797,3.691806350893856,5.385492040096618,0.16796628317319318
ACMR,2025-01-24,train,True,True,D-1,18.5,18.7999992371,18.2299995422,18.6000003815,18.0,17.3700008392,-2.7027027027026973,0,-1.1738350562609745,-0.22624951871881294,5.385492040096618,0.5379256626096174,-1.444625201092875,2.962552849544009,2.0,1.0,0.5897436733432577,5.211721392635504,5.385492040096618,6.2999625882650845
ACMR,2025-01-27,train,True,True,D-1,17.8999996185,18.0,16.8199996948,17.2199993134,17.3700008392,17.6000003815,-1.6759734267812298,0,-0.22624951871881294,5.385492040096618,0.5379256626096174,-1.444625201092875,0.9772003499152859,5.203620251236152,3.0,2.0,0.626794529108306,4.19354173818085,5.385492040096618,5.86703377379425
ACMR,2025-01-28,train,True,True,D-1,17.2600002289,17.3700008392,16.8050003052,16.8999996185,17.6000003815,21.138999939,22.47392617993733,1,5.385492040096618,0.5379256626096174,-1.444625201092875,0.9772003499152859,-7.419360429006128,-2.380952895313704,3.0,3.0,0.15624988360837372,12.543553620929382,5.385492040096618,11.900154135261186
ACMR,2025-01-29,train,True,True,D-1,17.3700008392,17.6000003815,16.9599990845,17.4799995422,21.138999939,21.7299995422,25.100739737217005,1,0.5379256626096174,-1.444625201092875,0.9772003499152859,-7.419360429006128,-1.8583025996463665,-9.090911889334407,2.0,4.0,0.03689295360011524,14.674553835996583,0.9772003499152859,10.116989210838423
ACMR,2025-01-30,train,True,True,D-1,19.5300006866,21.138999939,19.0,20.5400009155,21.7299995422,20.4899997711,11.264714686413058,1,-1.444625201092875,0.9772003499152859,-7.419360429006128,-1.8583025996463665,3.4319522887153786,-6.474055416383462,2.0,3.0,0.33834566335188204,7.551485866537178,3.4319522887153786,0.9772003499152859
ACMR,2025-01-31,train,True,True,D-1,20.6499996185,21.7299995422,20.5100002289,20.5499992371,20.4899997711,21.0599994659,1.9854714526613693,0,0.9772003499152859,-7.419360429006128,-1.8583025996463665,3.4319522887153786,17.505729138679783,11.509233607049163,3.0,0.0,0.8617907074037273,2.916256070115275,17.505729138679783,0.9772003499152859
ACMR,2025-02-03,train,True,True,D-1,19.8700008392,20.4899997711,19.7000007629,19.9200000763,21.0599994659,21.1399993896,6.3915374774142775,1,-7.419360429006128,-1.8583025996463665,3.4319522887153786,17.505729138679783,0.048677318180923024,10.48386460002182,3.0,0.0,0.7604059923024915,5.742094155262478,17.505729138679783,3.4319522887153786
ACMR,2025-02-04,train,True,True,D-1,20.0,21.0599994659,19.9599990845,20.7000007629,21.1399993896,23.25,16.250000000000007,1,-1.8583025996463665,3.4319522887153786,17.505729138679783,0.048677318180923024,-3.0656894607695606,15.679447564199123,3.0,1.0,0.6324873611548943,9.086342665497614,17.505729138679783,20.524233576681684
ACMR,2025-02-05,train,True,True,D-1,20.5100002289,21.1399993896,20.4500007629,20.8500003815,23.25,22.8400001526,13.359335643688341,1,3.4319522887153786,17.505729138679783,0.048677318180923024,-3.0656894607695606,3.9156660823913114,22.48521437976978,4.0,2.0,0.7840673625854019,4.9758393301416515,17.505729138679783,17.505729138679783
ACMR,2025-02-06,train,True,True,D-1,20.9099998474,23.25,20.9099998474,23.0100002289,22.8400001526,23.5100002289,12.43424390470902,1,17.505729138679783,0.048677318180923024,-3.0656894607695606,3.9156660823913114,0.7246358119408436,19.27918150778083,4.0,3.0,0.6776559310369537,4.220619398553183,17.505729138679783,17.505729138679783
ACMR,2025-02-07,train,True,True,D-1,22.7999992371,22.8400001526,22.0300006866,22.7600002289,23.5100002289,23.2700004578,3.1140395419167133,1,0.048677318180923024,-3.0656894607695606,3.9156660823913114,0.7246358119408436,10.359711308765963,12.025312576963309,4.0,0.0,0.9323944161475214,1.0430237666775977,10.359711308765963,3.9156660823913114
ACMR,2025-02-10,train,True,True,D-1,22.8899993896,23.5100002289,22.7299995422,23.3600006104,23.2700004578,23.0300006866,1.6601182976555773,0,-3.0656894607695606,3.9156660823913114,0.7246358119408436,10.359711308765963,-1.0864841265234126,10.754263133062159,3.0,1.0,0.8619718658023485,2.1528987968893354,10.359711308765963,3.9156660823913114
ACMR,2025-02-11,train,True,True,D-1,22.9500007629,23.2700004578,22.7399997711,23.0499992371,23.0300006866,23.4769992828,2.2962897707259566,0,3.9156660823913114,0.7246358119408436,10.359711308765963,-1.0864841265234126,2.636205516105994,17.269078920299673,4.0,0.0,0.9577465999590958,0.6421216377589412,10.359711308765963,10.359711308765963
ACMR,2025-02-12,train,True,True,D-1,22.5799999237,23.0300006866,22.3500003815,22.9099998474,23.4769992828,23.9400005341,6.023031953036195,1,0.7246358119408436,10.359711308765963,-1.0864841265234126,2.636205516105994,-1.3270606386970085,11.352649215413724,3.0,1.0,0.8496728522631706,1.9956659740778093,10.359711308765963,10.359711308765963
ACMR,2025-02-13,train,True,True,D-1,22.9599990845,23.4769992828,22.6700000763,23.2000007629,23.9400005341,24.4400005341,6.44599960197354,1,10.359711308765963,-1.0864841265234126,2.636205516105994,-1.3270606386970085,-0.6073726435299132,9.880093180851057,2.0,2.0,0.7692306563609635,2.618945375366688,10.359711308765963,12.286084387710384
ACMR,2025-02-14,train,True,True,D-1,23.2399997711,23.9400005341,23.1049995422,23.7800006866,24.4400005341,27.4300003052,18.029262372499932,1,-1.0864841265234126,2.636205516105994,-1.3270606386970085,-0.6073726435299132,1.2658267893131736,0.8257302568878799,2.0,3.0,0.7905408365746893,1.3362045508883424,2.636205516105994,2.636205516105994
ACMR,2025-02-18,train,True,True,D-1,24.0,24.4400005341,23.1900005341,24.0799999237,27.4300003052,27.9899997711,16.62499904624999,1,2.636205516105994,-1.3270606386970085,-0.6073726435299132,1.2658267893131736,2.49999958891165,4.481548538847702,3.0,0.0,0.8993711747521754,0.6728336538281088,2.636205516105994,2.636205516105994
ACMR,2025-02-19,train,True,True,D-1,24.0,27.4300003052,23.9500007629,26.4400005341,27.9899997711,27.6000003815,16.62499904624999,1,-1.3270606386970085,-0.6073726435299132,1.2658267893131736,2.49999958891165,1.2615610951981493,3.0821887606435006,3.0,0.0,0.8277509166914881,1.4950191509165212,2.49999958891165,1.2658267893131736
ACMR,2025-02-20,train,True,True,D-1,26.9899997711,27.9899997711,26.3999996185,26.7999992371,27.6000003815,26.0400009155,2.2600986127208733,0,-0.6073726435299132,1.2658267893131736,2.49999958891165,1.2615610951981493,9.800667017765408,14.70716446508009,4.0,0.0,0.8051181523682118,3.744325836238871,9.800667017765408,2.49999958891165
ACMR,2025-02-21,train,True,True,D-1,27.4500007629,27.6000003815,25.6499996185,26.0400009155,26.0400009155,23.5,-5.136611323179574,0,1.2658267893131736,2.49999958891165,1.2615610951981493,9.800667017765408,1.3615684407256579,16.97948239026925,5.0,0.0,0.776315676265328,4.4403006263994405,9.800667017765408,2.49999958891165
ACMR,2025-02-24,train,True,True,D-1,26.0,26.0400009155,23.4500007629,23.4899997711,23.5,28.6399993896,10.153843806153851,1,2.49999958891165,1.2615610951981493,9.800667017765408,1.3615684407256579,-2.835814713561313,12.24137956556255,4.0,1.0,0.6008190861356212,7.488474604619877,9.800667017765408,11.313524848778378
ACMR,2025-02-25,train,True,True,D-1,23.4699993134,23.5,22.2900009155,22.9400005341,28.6399993896,28.5200004578,22.028121974627556,1,1.2615610951981493,9.800667017765408,1.3615684407256579,-2.835814713561313,-9.79263077860394,-1.2195160097847157,3.0,2.0,0.062499850976538415,19.157088309282997,9.800667017765408,22.15141164546627
ACMR,2025-02-26,train,True,True,D-1,27.6700000763,28.6399993896,26.5499992371,27.6900005341,28.5200004578,26.9500007629,3.07192041617681,1,9.800667017765408,1.3615684407256579,-2.835814713561313,-9.79263077860394,-2.341418656277161,-4.734216749220133,2.0,3.0,0.11403504370205378,22.01394559469709,9.800667017765408,21.70542996865593
ACMR,2025-02-27,train,True,True,D-1,28.0699996948,28.5200004578,26.0599994659,26.1000003815,26.9500007629,26.3150005341,-3.990021175908598,0,1.3615684407256579,-2.835814713561313,-9.79263077860394,-2.341418656277161,20.70618957893742,4.727685229763368,2.0,0.0,0.850393845073381,3.4308372595734715,20.70618957893742,1.3615684407256579
ACMR,2025-02-28,train,True,True,D-1,25.6599998474,26.9500007629,25.2000007629,25.9400005341,26.3150005341,26.2099990845,2.5526137591398657,0,-2.835814713561313,-9.79263077860394,-2.341418656277161,20.70618957893742,-5.742145619108707,-2.611936102710677,1.0,1.0,0.6000000600850538,9.731796823652083,20.70618957893742,0.0
ACMR,2025-03-03,train,True,True,D-1,26.1499996185,26.3150005341,23.9599990845,24.3099994659,26.2099990845,26.9799995422,3.1739959304351695,1,-9.79263077860394,-2.341418656277161,20.70618957893742,-5.742145619108707,-0.6130262262885156,-0.3840260287413133,1.0,2.0,0.5748032276680703,10.408630685842347,20.70618957893742,27.026160565737836
ACMR,2025-03-04,train,True,True,D-1,24.0,26.2099990845,23.8999996185,25.5400009155,26.9799995422,27.2399997711,13.49999904624999,1,-2.341418656277161,20.70618957893742,-5.742145619108707,-0.6130262262885156,-6.283735677095493,3.490845903748596,1.0,3.0,0.31811008437861066,17.81160024200641,20.70618957893742,27.564430534630183
ACMR,2025-03-05,train,True,True,D-1,26.0499992371,26.9799995422,25.8799991608,26.6599998474,27.2399997711,27.2399997711,4.568140379463892,1,20.70618957893742,-5.742145619108707,-0.6130262262885156,-6.283735677095493,5.059652310257512,11.333915958437446,2.0,4.0,0.34599185151846684,12.137816613070829,20.70618957893742,22.24820812313203
ACMR,2025-03-06,train,True,True,D-1,26.4300003052,27.2399997711,25.5240001678,26.4599990845,27.2399997711,26.9799995422,3.0646971492491293,1,-5.742145619108707,-0.6130262262885156,-6.283735677095493,5.059652310257512,4.3852736560408,-3.719756832187715,2.0,4.0,0.5974025384199246,6.9767465155533115,5.059652310257512,0.0
ACMR,2025-03-07,train,True,True,D-1,26.25,27.2399997711,25.6399993896,27.0799999237,26.9799995422,27.7399997711,5.676189604190474,1,-0.6130262262885156,-6.283735677095493,5.059652310257512,4.3852736560408,-0.7501904127711567,1.379305355317828,2.0,0.0,0.7664668709692088,2.947848501842598,5.059652310257512,5.059652310257512
ACMR,2025-03-10,train,True,True,D-1,26.3899993896,26.9799995422,25.4599990845,26.0599994659,27.7399997711,28.0699996948,6.366049049103317,1,-6.283735677095493,5.059652310257512,4.3852736560408,-0.7501904127711567,2.3431627386683918,4.394754688232894,3.0,1.0,0.9520958562605312,0.5908413879276653,5.059652310257512,5.059652310257512
ACMR,2025-03-11,train,True,True,D-1,26.5499992371,27.7399997711,26.25,27.0200004578,28.0699996948,27.75,5.725048969402624,1,5.059652310257512,4.3852736560408,-0.7501904127711567,2.3431627386683918,-3.7666191309967956,7.1986838274297416,3.0,2.0,0.6467065115905944,4.528013543300546,5.059652310257512,6.571366718570992
ACMR,2025-03-12,train,True,True,D-1,27.6599998474,28.0699996948,27.0200004578,27.5,27.75,29.9899997711,8.423716328830766,1,4.3852736560408,-0.7501904127711567,2.3431627386683918,-3.7666191309967956,3.6838104818696538,5.7948296368376395,3.0,0.0,0.6842109225968329,2.6646902335345946,4.3852736560408,4.606837415527709
ACMR,2025-03-13,train,True,True,D-1,27.1000003815,27.75,26.5799999237,27.4400005341,29.9899997711,30.6399993896,13.062726783268253,1,-0.7501904127711567,2.3431627386683918,-3.7666191309967956,3.6838104818696538,1.7764601556897297,3.150788287352224,3.0,0.0,0.7816093634037569,2.0727261629091,3.6838104818696538,2.3431627386683918
ACMR,2025-03-14,train,True,True,D-1,28.0699996948,29.9899997711,28.0,29.1800003052,30.6399993896,30.0599994659,9.155681235280145,1,2.3431627386683918,-3.7666191309967956,3.6838104818696538,1.7764601556897297,-0.2181798759999909,3.7037093103078567,3.0,1.0,0.7586210676680318,2.2959152639851155,3.6838104818696538,3.6838104818696538
ACMR,2025-03-17,train,True,True,D-1,29.1200008392,30.6399993896,28.8899993896,29.9799995422,30.0599994659,29.9160003662,3.2280171689920367,1,-3.7666191309967956,3.6838104818696538,1.7764601556897297,-0.2181798759999909,6.341106914111316,7.754802021480467,3.0,0.0,0.8211921979844233,2.77587202682672,6.341106914111316,3.6838104818696538
ACMR,2025-03-18,train,True,True,D-1,29.9300003052,30.0599994659,29.2099990845,29.7999992371,29.9160003662,29.1800003052,-0.04677560593799868,0,3.6838104818696538,1.7764601556897297,-0.2181798759999909,6.341106914111316,2.7416011947657193,15.042210885036278,4.0,0.0,0.8496583282076186,2.201467169707527,6.341106914111316,3.6838104818696538
ACMR,2025-03-19,train,True,True,D-1,29.7800006866,29.9160003662,29.0300006866,29.2199993134,29.1800003052,27.2399997711,-2.014776251062955,0,1.7764601556897297,-0.2181798759999909,6.341106914111316,2.7416011947657193,-0.6004012936912551,10.288670363428821,3.0,1.0,0.7931033834966791,2.8187925302166628,6.341106914111316,6.341106914111316
ACMR,2025-03-20,train,True,True,D-1,28.4400005341,29.1800003052,27.0799999237,27.5,27.2399997711,27.8500003815,-2.0745433949362346,0,-0.2181798759999909,6.341106914111316,2.7416011947657193,-0.6004012936912551,-1.9463085186187556,6.254542957818177,2.0,2.0,0.650246240639536,4.859685522130741,6.341106914111316,8.87613106489632
ACMR,2025-03-21,train,True,True,D-1,26.9799995422,27.2399997711,26.6200008392,26.8700008392,27.8500003815,29.0400009155,7.6352906162133305,1,6.341106914111316,2.7416011947657193,-0.6004012936912551,-1.9463085186187556,-5.886376980889329,0.21865694144369563,2.0,3.0,0.11797756722242077,11.418179598545454,6.341106914111316,14.059225357002337
ACMR,2025-03-24,train,True,True,D-1,27.3999996185,27.8500003815,27.0699996948,27.7399997711,29.0400009155,29.0,5.985406276767602,1,2.7416011947657193,-0.6004012936912551,-1.9463085186187556,-5.886376980889329,-2.290906039272733,-7.916379170113819,1.0,4.0,0.062189077151563736,14.030511472482132,2.7416011947657193,10.784032849178226
ACMR,2025-03-25,train,True,True,D-1,27.8500003815,29.0400009155,27.8099994659,28.5550003052,29.0,28.6299991608,4.129262487421426,1,-0.6004012936912551,-1.9463085186187556,-5.886376980889329,-2.290906039272733,3.2378076097071773,-7.471647115761182,1.0,4.0,0.32558121483159363,8.363373157692,3.2378076097071773,0.0
ACMR,2025-03-26,train,True,True,D-1,28.5200004578,29.0,27.3799991608,27.8099994659,28.6299991608,26.5799999237,0.38568969577248424,0,-1.9463085186187556,-5.886376980889329,-2.290906039272733,3.2378076097071773,2.937997623738564,-4.177848871720835,2.0,4.0,0.5870751649534448,4.766240751018858,3.2378076097071773,0.0
ACMR,2025-03-27,train,True,True,D-1,27.5,28.6299991608,26.8999996185,26.9200000763,26.5799999237,23.7999992371,-3.3454548229090886,0,-5.886376980889329,-2.290906039272733,3.2378076097071773,2.937997623738564,-2.6090030864553415,-4.825461603804316,2.0,4.0,0.4648433105180965,4.926288621399877,3.2378076097071773,3.2378076097071773
ACMR,2025-03-28,train,True,True,D-1,26.5499992371,26.5799999237,24.2609996796,24.6100006104,23.7999992371,24.0300006866,-9.491520236952189,0,-2.290906039272733,3.2378076097071773,2.937997623738564,-2.6090030864553415,-3.2002855328756685,-2.109090631636368,2.0,2.0,0.12396662299229196,7.875188830576629,3.2378076097071773,8.963600680710082
ACMR,2025-03-31,train,True,True,D-1,23.7199993134,23.7999992371,22.7999992371,23.3400001526,24.0300006866,23.7900009155,1.3069198236648871,0,3.2378076097071773,2.937997623738564,-2.6090030864553415,-3.2002855328756685,-8.580978675158669,-8.410867726892434,2.0,3.0,0.07302800597294135,18.000813471040367,3.2378076097071773,14.744455998621264
ACMR,2025-04-01,train,True,True,D-1,23.2299995422,24.0300006866,22.8500003815,23.9500007629,23.7900009155,22.4699993134,2.4106818094537186,0,2.937997623738564,-2.6090030864553415,-3.2002855328756685,-8.580978675158669,-5.16050559244322,-15.861570493176414,1.0,4.0,0.08653858497654449,24.421596939300105,2.937997623738564,16.23666000692252
ACMR,2025-04-02,train,True,True,D-1,23.3999996185,23.7900009155,22.8899993896,23.3899993896,22.4699993134,21.8250007629,-3.9743603430007934,0,-2.6090030864553415,-3.2002855328756685,-8.580978675158669,-5.16050559244322,2.61354158659699,-16.126771119177352,1.0,4.0,0.18548409424099757,21.085591132517845,2.61354158659699,2.68183596558339
ACMR,2025-04-03,train,True,True,D-1,21.7849998474,22.4699993134,20.9699993134,22.3500003815,21.8250007629,21.9850006104,0.9180663961485758,0,-3.2002855328756685,-8.580978675158669,-5.16050559244322,2.61354158659699,-2.338210252450079,-15.893564045981757,1.0,4.0,0.1012007135886131,22.402735818496367,2.61354158659699,0.0
ACMR,2025-04-04,train,True,True,D-1,21.0200004578,21.8250007629,19.4500007629,20.2999992371,21.9850006104,20.2749996185,4.590866468044785,1,-8.580978675158669,-5.16050559244322,2.61354158659699,-2.338210252450079,-4.446340467039178,-16.976224672537665,1.0,4.0,0.2459894684443186,18.926172125264685,2.61354158659699,9.294127517427096
ACMR,2025-04-07,train,True,True,D-1,19.1599998474,21.9850006104,18.6499996185,19.1499996185,20.2749996185,20.8799991608,8.977031978595761,1,-5.16050559244322,2.61354158659699,-2.338210252450079,-4.446340467039178,-9.172264471623315,-17.51321115968858,1.0,3.0,0.18558918959835252,18.374392067380498,2.61354158659699,15.824316418313835
ACMR,2025-04-08,train,True,True,D-1,20.1499996185,20.2749996185,18.0,18.3299999237,20.8799991608,19.3700008392,3.6228265812460636,1,2.61354158659699,-2.338210252450079,-4.446340467039178,-9.172264471623315,-5.665022964622956,-17.952015881342,1.0,4.0,0.0929367845230893,25.483034805836958,2.61354158659699,16.93121813414984
ACMR,2025-04-09,train,True,True,D-1,18.6100006104,20.8799991608,16.8199996948,20.1399993896,19.3700008392,19.5,4.782371630351445,1,-2.338210252450079,-4.446340467039178,-9.172264471623315,-5.665022964622956,-4.281982825774222,-23.465555992406152,0.0,4.0,0.05699479646308545,29.787239577346767,-2.338210252450079,9.704430479975857
ACMR,2025-04-10,train,True,True,D-1,19.2000007629,19.3700008392,18.0799999237,18.4200000763,19.5,20.5,6.770829090861175,1,-4.446340467039178,-9.172264471623315,-5.665022964622956,-4.281982825774222,9.874519767780999,-13.894827211688865,1.0,4.0,0.5876106051176434,11.569016854107627,9.874519767780999,0.0
ACMR,2025-04-11,train,True,True,D-1,18.5300006866,19.5,18.0400009155,19.2299995422,20.5,20.8600006104,12.574203116381643,1,-9.172264471623315,-5.665022964622956,-4.281982825774222,9.874519767780999,-8.540215319908018,-17.583893682852104,1.0,3.0,0.30977736647973714,19.353965903001757,9.874519767780999,0.0
ACMR,2025-04-14,train,True,True,D-1,20.0450000763,20.5,19.6219997406,20.1599998474,20.8600006104,20.1000003815,4.065854482403353,1,-5.665022964622956,-4.281982825774222,9.874519767780999,-8.540215319908018,4.397391219027114,-5.270934655723936,2.0,4.0,0.4666020174596698,14.326578958851144,9.874519767780999,14.392890547225557
ACMR,2025-04-15,train,True,True,D-1,20.1399993896,20.8600006104,20.0900001526,20.5,20.1000003815,19.9699993134,-0.19860481287131693,0,-4.281982825774222,9.874519767780999,-8.540215319908018,4.397391219027114,4.8361951499745315,5.274152736401527,3.0,3.0,0.8226602443104857,3.5714251927082996,9.874519767780999,9.874519767780999
ACMR,2025-04-16,train,True,True,D-1,19.6499996185,20.1000003815,19.2299995422,19.7299995422,19.9699993134,19.0750007629,1.6284972066804793,0,9.874519767780999,-8.540215319908018,4.397391219027114,4.8361951499745315,1.6865087062183148,11.838516559371449,4.0,4.0,0.9064041352758146,1.853654442926822,9.874519767780999,9.874519767780999
ACMR,2025-04-17,train,True,True,D-1,19.9699993134,19.9699993134,19.1900005341,19.3600006104,19.0750007629,18.9300003052,-4.481715479576653,0,-8.540215319908018,4.397391219027114,4.8361951499745315,1.6865087062183148,-3.756099794146328,-2.0357490557408653,3.0,1.0,0.5992903579941455,5.727324350834717,4.8361951499745315,6.969133187945086
ACMR,2025-04-21,train,True,True,D-1,18.8600006104,19.0750007629,18.0499992371,18.3999996185,18.9300003052,22.1900005341,17.656414718585612,1,4.397391219027114,4.8361951499745315,1.6865087062183148,-3.756099794146328,-1.8753114059056109,5.103151629784453,3.0,2.0,0.46808504883430824,7.7479336400134935,4.8361951499745315,10.397167782169646
ACMR,2025-04-22,train,True,True,D-1,18.5900001526,18.9300003052,18.3500003815,18.4500007629,22.1900005341,21.2999992371,19.36525202769568,1,4.8361951499745315,1.6865087062183148,-3.756099794146328,-1.8753114059056109,-4.958682653058888,-4.316172352883196,2.0,3.0,0.12455523499939385,13.369570885352777,4.8361951499745315,11.577198467563555
ACMR,2025-04-23,train,True,True,D-1,19.9200000763,22.1900005341,19.7000007629,19.7299995422,21.2999992371,21.5499992371,8.182726679500906,1,1.6865087062183148,-3.756099794146328,-1.8753114059056109,-4.958682653058888,0.2717453556342786,-8.482138380177307,2.0,4.0,0.14234922786897003,13.06232925662596,1.6865087062183148,6.386920993453249
ACMR,2025-04-24,train,True,True,D-1,20.2350006104,21.2999992371,20.0,20.8799991608,21.5499992371,21.6550006866,7.017544024536271,1,-3.756099794146328,-1.8753114059056109,-4.958682653058888,0.2717453556342786,6.937662473564088,-3.756099794146328,2.0,0.0,0.4057970480147899,12.46832766842374,6.937662473564088,0.0
ACMR,2025-04-25,train,True,True,D-1,20.5900001526,21.5499992371,20.5200004578,21.2299995422,21.6550006866,19.75,5.172416348260778,1,-1.8753114059056109,-4.958682653058888,0.2717453556342786,6.937662473564088,5.82868548040405,5.82868548040405,3.0,1.0,0.6835746466434017,6.273953189420567,6.937662473564088,0.2717453556342786
ACMR,2025-04-28,train,True,True,D-1,21.2700004578,21.6550006866,20.3299999237,20.7999992371,19.75,19.6200008392,-7.146217325268522,0,-4.958682653058888,0.2717453556342786,6.937662473564088,5.82868548040405,1.6762471047273353,9.659085086988362,4.0,2.0,0.7681157750854687,4.521907737170472,6.937662473564088,6.937662473564088
ACMR,2025-04-29,train,True,True,D-1,19.4400005341,19.75,17.3150005341,18.5200004578,19.6200008392,19.7999992371,1.8518451291630322,0,0.2717453556342786,6.937662473564088,5.82868548040405,1.6762471047273353,-2.0254371849856456,13.043476458482939,4.0,3.0,0.6380205099578307,6.682698788376484,6.937662473564088,7.320803885993799
ACMR,2025-04-30,train,True,True,D-1,17.8500003815,19.6200008392,17.8500003815,19.4699993134,19.7999992371,20.0900001526,12.549018057285677,1,6.937662473564088,5.82868548040405,1.6762471047273353,-2.0254371849856456,-10.961532994834311,0.3794021246912749,3.0,4.0,0.24717947152820458,19.81641460896575,6.937662473564088,19.702613688062197
ACMR,2025-05-01,train,True,True,D-1,19.7800006866,19.7999992371,18.4799995422,18.5900001526,20.0900001526,20.2299995422,2.2750194134464996,0,5.82868548040405,1.6762471047273353,-2.0254371849856456,-10.961532994834311,5.129583326764409,-1.3177913574903832,3.0,2.0,0.49654348008689336,11.222400874437621,5.82868548040405,12.222916117334758
ACMR,2025-05-02,train,True,True,D-1,19.1599998474,20.0900001526,19.0900001526,19.9300003052,20.2299995422,19.656999588,5.584549599801791,1,1.6762471047273353,-2.0254371849856456,-10.961532994834311,5.129583326764409,-4.51976986046605,-10.967428640989763,2.0,3.0,0.2937787036172223,16.48736153222319,5.129583326764409,1.6762471047273353
ACMR,2025-05-05,train,True,True,D-1,19.6800003052,20.2299995422,19.5300006866,19.7099990845,19.656999588,20.1299991608,2.2865795153524493,0,-2.0254371849856456,-10.961532994834311,5.129583326764409,-4.51976986046605,7.208177200647259,-6.123406806561271,2.0,4.0,0.602534488298039,8.655295308499955,7.208177200647259,5.129583326764409
ACMR,2025-05-06,train,True,True,D-1,19.1700000763,19.656999588,19.1000003815,19.5799999237,20.1299991608,22.9150009155,19.535737215932357,1,-10.961532994834311,5.129583326764409,-4.51976986046605,7.208177200647259,-1.1038696303612094,-5.240385541244708,2.0,0.0,0.821612132197967,2.6382571377637998,7.208177200647259,5.129583326764409
ACMR,2025-05-07,train,True,True,D-1,19.5499992371,20.1299991608,19.2569999695,20.0300006866,22.9150009155,23.4799995422,20.102304135347726,1,5.129583326764409,-4.51976986046605,7.208177200647259,-1.1038696303612094,-0.6595594461606624,5.723539091239971,2.0,1.0,0.7268908202854897,3.3197120583909223,7.208177200647259,8.96432560074879
ACMR,2025-05-08,train,True,True,D-1,19.9599990845,22.9150009155,19.7600002289,22.4300003052,23.4799995422,24.7800006866,24.148305727343388,1,-4.51976986046605,7.208177200647259,-1.1038696303612094,-0.6595594461606624,2.2982674394973257,2.8762269797030227,2.0,2.0,0.8857149396571425,0.9984964989731671,7.208177200647259,7.208177200647259
ACMR,2025-05-09,train,True,True,D-1,22.4300003052,23.4799995422,21.9330005646,22.1900005341,24.7800006866,25.2000007629,12.349533749483822,1,7.208177200647259,-1.1038696303612094,-0.6595594461606624,2.2982674394973257,11.982024644690048,20.656267461423017,3.0,0.0,0.8732024801134195,2.1622853486433558,11.982024644690048,7.208177200647259
ACMR,2025-05-12,train,True,True,D-1,24.0799999237,24.7800006866,23.9349994659,24.6200008392,25.2000007629,25.6049995422,6.333054914169933,1,-1.1038696303612094,-0.6595594461606624,2.2982674394973257,11.982024644690048,-1.0699945066178107,11.339689886057535,2.0,0.0,0.7054796220796911,5.813424862778271,11.982024644690048,2.2982674394973257
ACMR,2025-05-13,train,True,True,D-1,24.6100006104,25.2000007629,24.5699996948,25.1399993896,25.6049995422,24.8500003815,4.043067481191054,1,-0.6595594461606624,2.2982674394973257,11.982024644690048,-1.0699945066178107,10.950879885585163,24.911222642121977,3.0,0.0,0.9718310142947809,0.6498775058741968,11.982024644690048,11.982024644690048
ACMR,2025-05-14,train,True,True,D-1,25.3600006104,25.6049995422,24.9400005341,25.1499996185,24.8500003815,24.3700008392,-2.011041863661678,0,2.2982674394973257,11.982024644690048,-1.0699945066178107,10.950879885585163,2.112098020614428,28.396320161217513,4.0,0.0,0.9899038591132892,0.2386689528911523,11.982024644690048,11.982024644690048
ACMR,2025-05-15,train,True,True,D-1,24.4899997711,24.8500003815,23.6499996185,24.3299999237,24.3700008392,23.375,-0.4899915599084981,0,11.982024644690048,-1.0699945066178107,10.950879885585163,2.112098020614428,0.03977815888149827,25.561651305011,4.0,0.0,0.9221556925311057,1.8091448532878251,11.982024644690048,11.982024644690048
ACMR,2025-05-16,train,True,True,D-1,24.2099990845,24.3700008392,23.4200000763,23.7299995422,23.375,24.4099998474,0.8261080977406854,0,-1.0699945066178107,10.950879885585163,2.112098020614428,0.03977815888149827,-3.260436211684148,8.470796222234188,3.0,1.0,0.6527777849945553,5.240442344835428,10.950879885585163,14.172834879884332
ACMR,2025-05-19,train,True,True,D-1,22.8600006104,23.375,22.5300006866,23.3500003815,24.4099998474,24.1000003815,6.780398930938092,1,10.950879885585163,2.112098020614428,0.03977815888149827,-3.260436211684148,-2.4660928211328703,6.94005845440806,3.0,2.0,0.1418762204467238,7.901390797187391,10.950879885585163,16.597003535048227
ACMR,2025-05-20,train,True,True,D-1,23.2999992371,24.4099998474,23.2600002289,24.2800006866,24.1000003815,23.2000007629,3.433481418858486,1,2.112098020614428,0.03977815888149827,-3.260436211684148,-2.4660928211328703,-1.601344998023424,-5.1584094817653465,2.0,3.0,0.26666666669051425,9.657383828081723,2.112098020614428,6.140045185732901
ACMR,2025-05-21,train,True,True,D-1,23.9899997711,24.1000003815,22.9109992981,23.0300006866,23.2000007629,22.6499996185,-3.2930346633503804,0,0.03977815888149827,-3.260436211684148,-2.4660928211328703,-1.601344998023424,3.9828706205796705,-3.4208382015942562,2.0,4.0,0.5691059028568439,5.457161524428056,3.9828706205796705,0.03977815888149827
ACMR,2025-05-22,train,True,True,D-1,22.8600006104,23.2000007629,22.3999996185,22.5400009155,22.6499996185,23.6299991608,3.368322527732981,1,-3.260436211684148,-2.4660928211328703,-1.601344998023424,3.9828706205796705,-5.148270035634173,-8.42941934019179,1.0,4.0,0.2155172697216894,7.902734001909795,3.9828706205796705,1.3704483497718911
ACMR,2025-05-23,train,True,True,D-1,22.0,22.6499996185,21.9899997711,22.4099998474,23.6299991608,23.3199996948,7.409087094545463,1,-2.4660928211328703,-1.601344998023424,3.9828706205796705,-5.148270035634173,-2.127658517114628,-7.357168161995564,1.0,2.0,0.06965237863510856,8.296356947412843,3.9828706205796705,11.149261567431246
ACMR,2025-05-27,train,True,True,D-1,23.1800003052,23.6299991608,22.9500007629,23.2900009155,23.3199996948,23.6299991608,1.9413237690900864,0,-1.601344998023424,3.9828706205796705,-5.148270035634173,-2.127658517114628,-0.5767571553672801,-5.562577835084204,1.0,3.0,0.1735537450652279,8.924587298611875,3.9828706205796705,6.675014870322338
ACMR,2025-05-28,train,True,True,D-1,23.25,23.3199996948,22.6749992371,22.7099990845,23.6299991608,22.8299999237,1.6344049926881654,0,3.9828706205796705,-5.148270035634173,-2.127658517114628,-0.5767571553672801,3.926823177565053,-0.25695702363901507,2.0,4.0,0.5371905386001488,4.808926096497568,3.9828706205796705,3.9828706205796705
ACMR,2025-05-29,train,True,True,D-1,23.3999996185,23.6299991608,22.5499992371,22.9899997711,22.8299999237,22.8899993896,-2.1794881932254206,0,-5.148270035634173,-2.127658517114628,-0.5767571553672801,3.926823177565053,-2.4903469652248655,-6.466233763191265,1.0,4.0,0.34123180337066805,6.120657653168737,3.926823177565053,0.0
ACMR,2025-05-30,train,True,True,D-1,22.8250007629,22.8299999237,21.8729991913,22.5499992371,22.8899993896,23.375,2.409635131289778,0,-2.127658517114628,-0.5767571553672801,3.926823177565053,-2.4903469652248655,1.2329401051852207,-0.1736904659463412,2.0,2.0,0.6097563244721244,2.783816424846264,3.926823177565053,5.214934524097215
ACMR,2025-06-02,train,True,True,D-1,22.4300003052,22.8899993896,22.2299995422,22.75,23.375,23.6679992676,5.519388968144545,1,-0.5767571553672801,3.926823177565053,-2.4903469652248655,1.2329401051852207,-1.9138779398906736,0.04435812419654184,2.0,3.0,0.3853159120956943,4.789356808150802,3.926823177565053,4.631357980955708
ACMR,2025-06-03,train,True,True,D-1,22.9699993134,23.375,22.6100006104,23.3500003815,23.6679992676,23.8799991608,3.961688613848313,1,3.926823177565053,-2.4903469652248655,1.2329401051852207,-1.9138779398906736,0.8869213732431103,1.5171805217100154,3.0,4.0,0.499146740992587,3.8681281793406574,3.926823177565053,4.970754336719285
ACMR,2025-06-04,train,True,True,D-1,23.5300006866,23.6679992676,22.875,23.1000003815,23.8799991608,25.0419998169,6.425835470379138,1,-2.4903469652248655,1.2329401051852207,-1.9138779398906736,0.8869213732431103,2.6373643142857173,0.2576189937376405,3.0,3.0,0.8406381421966204,1.1991382215215785,2.6373643142857173,1.2329401051852207
ACMR,2025-06-05,train,True,True,D-1,23.1499996185,23.8799991608,23.0499992371,23.6100006104,25.0419998169,25.5990009308,10.578839536320817,1,1.2329401051852207,-1.9138779398906736,0.8869213732431103,2.6373643142857173,-1.0706637940703145,1.7173109322852431,3.0,0.0,0.6835660936177754,2.458869596187929,2.6373643142857173,1.2329401051852207
ACMR,2025-06-06,train,True,True,D-1,23.7600002289,25.0419998169,23.6700000763,24.7000007629,25.5990009308,25.7980003357,8.577441444302325,1,-1.9138779398906736,0.8869213732431103,2.6373643142857173,-1.0706637940703145,2.207793162239269,2.6968283839627682,3.0,0.0,0.8654715722455818,1.1435770581093019,2.6373643142857173,2.6373643142857173
ACMR,2025-06-09,train,True,True,D-1,25.1499996185,25.5990009308,24.8689994812,25.0200004578,25.7980003357,26.9099998474,6.998012944721355,1,0.8869213732431103,2.6373643142857173,-1.0706637940703145,2.207793162239269,4.61668837068927,9.534375159812637,4.0,0.0,0.8783787266747386,1.384611511889866,4.61668837068927,2.6373643142857173
ACMR,2025-06-10,train,True,True,D-1,25.3299999237,25.7980003357,24.9699993134,25.3799991608,26.9099998474,25.9500007629,6.237662567940538,1,2.6373643142857173,-1.0706637940703145,2.207793162239269,4.61668837068927,1.295545283466737,9.978023990329653,4.0,0.0,0.8062895915238588,2.314150529199921,4.61668837068927,2.6373643142857173
ACMR,2025-06-11,train,True,True,D-1,25.8500003815,26.9099998474,25.3649997711,25.8500003815,25.9500007629,25.1000003815,0.38684866508384985,0,-1.0706637940703145,2.207793162239269,4.61668837068927,1.295545283466737,1.4388437106833463,8.693784780013768,4.0,0.0,0.8569958512167273,1.6469707987445847,4.61668837068927,4.61668837068927
ACMR,2025-06-12,train,True,True,D-1,25.5300006866,25.9500007629,25.5300006866,25.7250003815,25.1000003815,25.6399993896,0.43086055637175935,0,2.207793162239269,4.61668837068927,1.295545283466737,1.4388437106833463,1.8518567227769012,11.904761708152956,5.0,0.0,0.7253887828225969,4.1005781441249445,4.61668837068927,4.61668837068927
ACMR,2025-06-13,train,True,True,D-1,24.8400001526,25.1000003815,24.2399997711,24.3700008392,25.6399993896,25.5300006866,3.22060882482027,1,4.61668837068927,1.295545283466737,1.4388437106833463,1.8518567227769012,-0.483558987060817,8.958067413892223,4.0,1.0,0.6342593982660416,4.606411849665859,4.61668837068927,4.61668837068927
ACMR,2025-06-16,train,True,True,D-1,24.7999992371,25.6399993896,24.6340007782,25.4200000763,25.5300006866,25.7700004578,3.911295365077705,1,1.295545283466737,1.4388437106833463,1.8518567227769012,-0.483558987060817,-5.267247899729632,-1.3360320384915525,3.0,2.0,0.04868953722284214,10.422646371494281,1.8518567227769012,7.577193358977441
ACMR,2025-06-17,train,True,True,D-1,25.0499992371,25.5300006866,24.7999992371,25.2000007629,25.7700004578,25.5900001526,2.874256457595603,0,1.4388437106833463,1.8518567227769012,-0.483558987060817,-5.267247899729632,4.308572839320712,1.5987194691489348,3.0,3.0,0.441947667220746,5.861525439133186,4.308572839320712,3.037474995573275
ACMR,2025-06-18,train,True,True,D-1,25.0900001526,25.7700004578,24.9500007629,25.1900005341,25.5900001526,24.8199996948,1.9928258149021438,0,1.8518567227769012,-0.483558987060817,-5.267247899729632,4.308572839320712,-0.8654575638853412,-0.70921356915572,2.0,4.0,0.3595509229836198,6.785710447348481,4.308572839320712,1.8518567227769012
ACMR,2025-06-20,train,True,True,D-1,25.5499992371,25.5900001526,24.2700004578,24.4200000763,24.8199996948,26.1900005341,2.5048975190209877,0,-0.483558987060817,-5.267247899729632,4.308572839320712,-0.8654575638853412,-0.039683446417670964,-2.553190861352317,1.0,4.0,0.5555556795320926,3.0170711103049808,4.308572839320712,5.2133704062350965
ACMR,2025-06-23,train,True,True,D-1,24.2399997711,24.8199996948,23.8099994659,24.6800003052,26.1900005341,26.5499992371,9.52970085731637,1,-5.267247899729632,4.308572839320712,-0.8654575638853412,-0.039683446417670964,-3.056770311527557,-5.072887408540073,1.0,1.0,0.1176472054978197,5.528257073226617,4.308572839320712,7.403813565457263
ACMR,2025-06-24,train,True,True,D-1,25.2000007629,26.1900005341,25.0699996948,26.1749992371,26.5499992371,26.6399993896,5.714280091689505,1,4.308572839320712,-0.8654575638853412,-0.039683446417670964,-3.056770311527557,1.0647019987208628,1.2720535712963832,2.0,2.0,0.4438777546008452,4.416532168236387,4.308572839320712,6.333186646730549
ACMR,2025-06-25,train,True,True,D-1,26.1800003052,26.5499992371,25.8099994659,26.0499992371,26.6399993896,26.6509990692,1.7990785275371124,0,-0.8654575638853412,-0.039683446417670964,-3.056770311527557,1.0647019987208628,6.057532064069737,2.9700989714154913,2.0,0.0,0.993696936862576,0.05731154703814134,6.057532064069737,0.0
ACMR,2025-06-26,train,True,True,D-1,26.4099998474,26.6399993896,26.2080001831,26.5100002289,26.6509990692,26.3700008392,0.9125301900511973,0,-0.039683446417670964,-3.056770311527557,1.0647019987208628,6.057532064069737,-0.4775549327345474,3.3730097161401185,2.0,0.0,0.817518232937289,1.9193858527562169,6.057532064069737,1.0647019987208628
ACMR,2025-06-27,train,True,True,D-1,26.4599990845,26.6509990692,25.4200000763,25.7800006866,26.3700008392,27.0729999542,2.3167078265663665,0,-3.056770311527557,1.0647019987208628,6.057532064069737,-0.4775549327345474,1.7658387918294993,5.240173349790522,3.0,0.0,0.9540638995742321,0.49037781809704306,6.057532064069737,6.057532064069737
ACMR,2025-06-30,train,True,True,D-1,26.0200004578,26.3700008392,25.8299999237,25.8999996185,27.0729999542,27.8600006104,7.0714839363057225,1,1.0647019987208628,6.057532064069737,-0.4775549327345474,1.7658387918294993,-2.753676107117442,5.569208050985641,3.0,0.0,0.6934183371274393,3.378581688916449,6.057532064069737,7.093994860258501
ACMR,2025-07-01,oos,True,True,D-1,26.1000003815,27.0729999542,25.3099994659,26.5499992371,27.8600006104,27.8299999237,6.743295797602777,1,6.057532064069737,-0.4775549327345474,1.7658387918294993,-2.753676107117442,0.46547295851071535,4.943271062451937,3.0,1.0,0.5249843466984235,2.899611821474979,6.057532064069737,8.358552830320075
ACMR,2025-07-02,oos,True,True,D-1,26.4400005341,27.8600006104,26.2299995422,27.5499992371,27.8299999237,28.2800006866,6.959153234989279,1,-0.4775549327345474,1.7658387918294993,-2.753676107117442,0.46547295851071535,2.5096510740321154,1.4326647982036311,3.0,0.0,0.7033462437640551,1.9698709308028084,2.5096510740321154,1.7658387918294993
ACMR,2025-07-03,oos,True,True,D-1,27.6499996185,27.8299999237,27.2619991302,27.8099994659,28.2800006866,29.2700004578,5.858954291688634,1,1.7658387918294993,-2.753676107117442,0.46547295851071535,2.5096510740321154,3.766478450977262,5.758157558268651,4.0,0.0,0.8784308885630776,1.1252318761683977,3.766478450977262,1.7658387918294993
ACMR,2025-07-07,oos,True,True,D-1,27.3799991608,28.2800006866,27.0200004578,27.9799995422,29.2700004578,29.3099994659,7.0489421630924864,1,-2.753676107117442,0.46547295851071535,2.5096510740321154,3.766478450977262,0.9437395136108417,4.903806962561985,4.0,1.0,0.980391716839874,0.17979556080651715,3.766478450977262,2.5096510740321154
ACMR,2025-07-08,oos,True,True,D-1,28.3799991608,29.2700004578,28.0100002289,28.5300006866,29.3099994659,29.5100002289,3.9816811187958656,1,0.46547295851071535,2.5096510740321154,3.766478450977262,0.9437395136108417,0.6112911886548389,8.533742424388379,5.0,0.0,0.898989555186347,1.072198532196289,3.766478450977262,3.766478450977262
ACMR,2025-07-09,oos,True,True,D-1,28.7299995422,29.3099994659,28.6100006104,29.1100006104,29.5100002289,29.1499996185,2.714934560142601,0,2.5096510740321154,3.766478450977262,0.9437395136108417,0.6112911886548389,1.9656939006395424,10.154444427950594,5.0,0.0,0.8131314177158964,2.593760088998387,3.766478450977262,3.766478450977262
ACMR,2025-07-10,oos,True,True,D-1,29.3500003815,29.5100002289,28.5799999237,29.1900005341,29.1499996185,29.0599994659,-0.6814335959125395,0,3.766478450977262,0.9437395136108417,0.6112911886548389,1.9656939006395424,2.0329474582607254,9.642190007006658,5.0,0.0,0.9350653050472351,0.6870451779672715,3.766478450977262,3.766478450977262
ACMR,2025-07-11,oos,True,True,D-1,28.8199996948,29.1499996185,28.5200004578,28.5599994659,29.0599994659,30.3689994812,5.374739079818536,1,0.9437395136108417,0.6112911886548389,1.9656939006395424,2.0329474582607254,0.2748193817330824,5.952817939796917,5.0,0.0,0.8714860545313888,1.0962647788449909,2.0329474582607254,1.9656939006395424
ACMR,2025-07-14,oos,True,True,D-1,28.6100006104,29.0599994659,27.8299999237,28.9300003052,30.3689994812,29.8400001526,6.148195852049665,1,0.6112911886548389,1.9656939006395424,2.0329474582607254,0.2748193817330824,-2.1582770012766206,2.69687168070476,4.0,1.0,0.6184735540837732,3.3263332659872136,2.0329474582607254,3.922336441315244
ACMR,2025-07-15,oos,True,True,D-1,29.5,30.3689994812,29.2600002289,29.4599990845,29.8400001526,30.4829998016,3.332202717288135,1,1.9656939006395424,2.0329474582607254,0.2748193817330824,-2.1582770012766206,1.2955211702359248,3.3952851270322215,4.0,2.0,0.6547620128968052,2.0048389823063673,2.0329474582607254,2.9236642247652878
ACMR,2025-07-16,oos,True,True,D-1,29.1299991608,29.8400001526,28.5499992371,29.6599998474,30.4829998016,30.5799999237,4.977688996473617,1,2.0329474582607254,0.2748193817330824,-2.1582770012766206,1.2955211702359248,1.8320040570643847,3.2597209096346225,4.0,0.0,0.6419848148398117,3.085541157325622,2.0329474582607254,2.0329474582607254
ACMR,2025-07-17,oos,True,True,D-1,29.7600002289,30.4829998016,29.25,30.2000007629,30.5799999237,30.7299995422,3.2594062696210235,1,0.2748193817330824,-2.1582770012766206,1.2955211702359248,1.8320040570643847,0.6788892366436983,1.8893824303236384,4.0,1.0,0.7207562987926995,2.3904235922042716,1.8320040570643847,1.2955211702359248
ACMR,2025-07-18,oos,True,True,D-1,30.1499996185,30.5799999237,30.0499992371,30.0799999237,30.7299995422,30.1000003815,1.9237145308091952,0,-2.1582770012766206,1.2955211702359248,1.8320040570643847,0.6788892366436983,1.8206369463192429,3.460089792119425,4.0,0.0,0.8933286650114707,0.9370828859304403,1.8320040570643847,1.8320040570643847
ACMR,2025-07-21,oos,True,True,D-1,30.1000003815,30.7299995422,29.8299999237,30.3999996185,30.1000003815,30.5400009155,1.4617957754925248,0,1.2955211702359248,1.8320040570643847,0.6788892366436983,1.8206369463192429,-0.3973537621476453,5.322130554010851,4.0,0.0,0.8181818181818182,1.6622340467695729,1.8320040570643847,1.8320040570643847
ACMR,2025-07-22,oos,True,True,D-1,30.1000003815,30.1000003815,29.0,29.6000003815,30.5400009155,30.3899993896,1.4617957754925248,0,1.8320040570643847,0.6788892366436983,1.8206369463192429,-0.3973537621476453,1.0638287753048647,5.081228129250226,4.0,0.0,0.8486239093967177,1.0855260784252696,1.8320040570643847,1.8320040570643847
ACMR,2025-07-23,oos,True,True,D-1,29.6499996185,30.5400009155,29.4699993134,30.1900005341,30.3899993896,29.9699993134,2.4957834085039154,0,0.6788892366436983,1.8206369463192429,-0.3973537621476453,1.0638287753048647,-2.631576470524555,0.4752250555013049,3.0,1.0,0.4816518336917542,3.817564682891872,1.8206369463192429,3.41638010927654
ACMR,2025-07-24,oos,True,True,D-1,30.2600002289,30.3899993896,29.7000007629,29.7999992371,29.9699993134,32.0,5.750164434692251,1,1.8206369463192429,-0.3973537621476453,1.0638287753048647,-2.631576470524555,1.9932437330938413,1.78692073306419,3.0,2.0,0.6878617624295461,1.788668428442275,1.9932437330938413,2.5114234168302607
ACMR,2025-07-25,oos,True,True,D-1,29.7999992371,29.9699993134,29.1200008392,29.9300003052,32.0,32.5,9.060405476583334,1,-0.3973537621476453,1.0638287753048647,-2.631576470524555,1.9932437330938413,-1.2918227562119133,-1.3245083301169802,2.0,3.0,0.4624274270516041,3.120806472847759,1.9932437330938413,1.0638287753048647
ACMR,2025-07-28,oos,True,True,D-1,30.3099994659,32.0,30.2900009155,31.9799995422,32.5,32.5400009155,7.357312731426635,1,1.0638287753048647,-2.631576470524555,1.9932437330938413,-1.2918227562119133,0.43624520613461115,-0.4986689457462945,3.0,4.0,0.5375725730061983,2.6729008648256114,1.9932437330938413,2.854456798016869
ACMR,2025-07-29,oos,True,True,D-1,32.0,32.5,31.0699996948,31.6800003052,32.5400009155,31.9899997711,1.6875028609375065,0,-2.631576470524555,1.9932437330938413,-1.2918227562119133,0.43624520613461115,6.8493124493681945,5.197368235289335,3.0,0.0,0.9933331807333339,0.06254051934431182,6.8493124493681945,1.9932437330938413
ACMR,2025-07-30,oos,True,True,D-1,31.9549999237,32.5400009155,31.6000003815,32.0600013733,31.9899997711,29.8400001526,0.10952854790664546,0,1.9932437330938413,-1.2918227562119133,0.43624520613461115,6.8493124493681945,-0.9380839315026535,7.027026678688841,3.0,0.0,0.7573964797654219,2.5883828500639305,6.8493124493681945,1.9932437330938413
ACMR,2025-07-31,oos,True,True,D-1,31.9500007629,31.9899997711,30.1180000305,30.3600006104,29.8400001526,30.75,-3.755870842711928,0,-1.2918227562119133,0.43624520613461115,6.8493124493681945,-0.9380839315026535,1.199498309466951,6.1941066780963006,3.0,0.0,0.8596492597978821,1.4971912714880853,6.8493124493681945,6.8493124493681945
ACMR,2025-08-01,oos,True,True,D-1,29.4549999237,29.8400001526,28.4200000763,29.4799995422,30.75,31.2350006104,6.043118965577654,1,0.43624520613461115,6.8493124493681945,-0.9380839315026535,1.199498309466951,-5.302559856768374,1.8791992873705032,3.0,1.0,0.3625730244256369,7.1805015193353805,6.8493124493681945,11.015978112510037
ACMR,2025-08-04,oos,True,True,D-1,29.9500007629,30.75,29.7299995422,30.7399997711,31.2350006104,25.7700004578,4.2904835217626,1,6.8493124493681945,-0.9380839315026535,1.199498309466951,-5.302559856768374,-2.898554184806401,-1.5035107197169495,2.0,2.0,0.2572813713566687,10.379923408477909,6.8493124493681945,14.896728920312754
ACMR,2025-08-05,oos,True,True,D-1,31.0,31.2350006104,29.3449993134,29.6499996185,25.7700004578,25.8850002289,-16.499999261612896,0,-0.9380839315026535,1.199498309466951,-5.302559856768374,-2.898554184806401,4.274084967661995,-3.8774227293647434,2.0,3.0,0.5631066073400324,5.855566551084568,4.274084967661995,1.199498309466951
ACMR,2025-08-06,oos,True,True,D-1,25.1499996185,25.7700004578,23.0300006866,25.1000003815,25.8850002289,24.3199996948,2.9224676801161698,0,1.199498309466951,-5.302559856768374,-2.898554184806401,4.274084967661995,-3.5458690979716767,-6.407830388709912,2.0,4.0,0.2985435173937575,9.7470534036594,4.274084967661995,1.199498309466951
ACMR,2025-08-07,oos,True,True,D-1,25.8500003815,25.8850002289,24.063999176,24.2700004578,24.3199996948,25.1879997253,-2.5609309339653663,0,-5.302559856768374,-2.898554184806401,4.274084967661995,-3.5458690979716767,-15.345697455459817,-21.70929723539058,1.0,4.0,0.23102677526841645,27.450196354093627,4.274084967661995,22.62151317715212
ACMR,2025-08-08,oos,True,True,D-1,24.2299995422,24.3199996948,23.5900001526,23.9400005341,25.1879997253,25.0699996948,3.9537771407362365,1,-2.898554184806401,4.274084967661995,-3.5458690979716767,-15.345697455459817,-3.3067725541221615,-20.059288636884396,1.0,2.0,0.1511273348831079,28.697981133995242,4.274084967661995,22.41910766554821
ACMR,2025-08-11,oos,True,True,D-1,24.4599990845,25.1879997253,23.8700008392,23.9200000763,25.0699996948,25.9200000763,5.968933141641775,1,4.274084967661995,-3.5458690979716767,-15.345697455459817,-3.3067725541221615,-1.359702997425949,-18.792398555398915,1.0,3.0,0.11090796538101,30.472013005634825,4.274084967661995,8.895598233673653
ACMR,2025-08-12,oos,True,True,D-1,24.1000003815,25.0699996948,24.1000003815,24.9300003052,25.9200000763,25.6599998474,7.551865833981886,1,-3.5458690979716767,-15.345697455459817,-3.3067725541221615,-1.359702997425949,-0.08354409922218808,-22.1860759452958,0.0,4.0,0.10847037147659237,30.581105814241717,-0.08354409922218808,1.4421111450268365
ACMR,2025-08-13,oos,True,True,D-1,25.7000007629,25.9200000763,25.0750007629,25.4599990845,25.6599998474,25.4799995422,-0.15564558098279946,0,-15.345697455459817,-3.3067725541221615,-1.359702997425949,-0.08354409922218808,4.22240897022701,-15.919053538047855,1.0,3.0,0.6654990974427096,3.8307256799383405,4.22240897022701,0.0
ACMR,2025-08-14,oos,True,True,D-1,25.3999996185,25.6599998474,24.9920005798,25.4799995422,25.4799995422,25.2549991608,0.31496033425817416,0,-3.3067725541221615,-1.359702997425949,-0.08354409922218808,4.22240897022701,2.125947744932244,1.434257759076929,2.0,0.0,0.8025746751658585,1.8067596556986754,4.22240897022701,0.0
ACMR,2025-08-15,oos,True,True,D-1,25.4799995422,25.4799995422,24.3799991608,25.0200004578,25.2549991608,25.593000412,0.4434885079681594,0,-1.359702997425949,-0.08354409922218808,4.22240897022701,2.125947744932244,0.07855639599050335,4.985575037396139,3.0,1.0,0.811158562871846,1.7268467111675845,4.22240897022701,4.22240897022701
ACMR,2025-08-18,oos,True,True,D-1,24.9200000763,25.2549991608,24.6849994659,25.1599998474,25.593000412,25.2099990845,2.7006433934165575,0,-0.08354409922218808,4.22240897022701,2.125947744932244,0.07855639599050335,-1.8053339586531436,4.511277776128919,3.0,2.0,0.5609756324723459,3.5971207115602866,4.22240897022701,5.950604738183163
ACMR,2025-08-19,oos,True,True,D-1,25.1599998474,25.593000412,24.5949993134,25.0699996948,25.2099990845,25.7999992371,2.5437177805314404,0,4.22240897022701,2.125947744932244,0.07855639599050335,-1.8053339586531436,0.5595499082269528,5.183945514818777,4.0,3.0,0.5824173866229609,3.0206686546484063,4.22240897022701,5.4782947651620395
ACMR,2025-08-20,oos,True,True,D-1,25.0,25.2099990845,24.1399993896,25.1599998474,25.7999992371,31.8500003815,27.400001525999997,1,2.125947744932244,0.07855639599050335,-1.8053339586531436,0.5595499082269528,-0.3577112605161692,0.561569947397067,3.0,4.0,0.44805202844699216,3.3905081445864793,2.125947744932244,2.125947744932244
ACMR,2025-08-21,oos,True,True,D-1,24.9300003052,25.7999992371,24.9300003052,25.6100006104,31.8500003815,32.2900009155,29.522665544311376,1,0.07855639599050335,-1.8053339586531436,0.5595499082269528,-0.3577112605161692,0.3589954275853735,-1.1783159775627716,3.0,4.0,0.6710527306526715,1.9872814110993398,0.5595499082269528,0.5595499082269528
ACMR,2025-08-22,oos,True,True,D-1,28.3999996185,31.8500003815,28.3999996185,30.5300006866,32.2900009155,29.9899997711,13.697187849488635,1,-1.8053339586531436,0.5595499082269528,-0.3577112605161692,0.3589954275853735,1.7885563025808349,0.5102082831072607,3.0,0.0,0.8855429854489794,0.7418923161713664,1.7885563025808349,0.5595499082269528
ACMR,2025-08-25,oos,True,True,D-1,31.7399997711,32.2900009155,28.6800003052,28.7999992371,29.9899997711,29.3400001526,-5.5135476138012285,0,0.5595499082269528,-0.3577112605161692,0.3589954275853735,1.7885563025808349,19.211245446835456,22.02238260584146,4.0,0.0,0.8287938359169126,4.323615018716209,19.211245446835456,0.5595499082269528
ACMR,2025-08-26,oos,True,True,D-1,29.5499992371,29.9899997711,29.1000003815,29.9099998474,29.3400001526,29.4899997711,-0.2030438834146331,0,-0.3577112605161692,0.3589954275853735,1.7885563025808349,19.211245446835456,-5.666562104793272,14.467406247127412,3.0,0.0,0.5717790153401717,12.118061704335737,19.211245446835456,1.7885563025808349
ACMR,2025-08-27,oos,True,True,D-1,29.1900005341,29.3400001526,27.4750003815,28.5799999237,29.4899997711,29.4699993134,1.027746596474155,0,0.3589954275853735,1.7885563025808349,19.211245446835456,-5.666562104793272,3.854168887859233,19.30594420232048,4.0,1.0,0.7079753837423758,7.9572085598218045,19.211245446835456,21.242037537423663
ACMR,2025-08-28,oos,True,True,D-1,28.9899997711,29.4899997711,28.1100006104,29.2900009155,29.4699993134,27.9799995422,1.655741794032406,0,1.7885563025808349,19.211245446835456,-5.666562104793272,3.854168887859233,-4.446673120981693,13.593005155178561,3.0,2.0,0.495923820086643,12.98110917321409,19.211245446835456,19.975131971931603
ACMR,2025-08-29,oos,True,True,D-1,29.3400001526,29.4699993134,28.0499992371,28.2199993134,27.9799995422,27.5,-4.6353122131101205,0,19.211245446835456,-5.666562104793272,3.854168887859233,-4.446673120981693,2.4842582004740654,14.369387807064648,3.0,3.0,0.3769471095971426,10.24240323055925,19.211245446835456,21.284127208999347
ACMR,2025-09-02,oos,True,True,D-1,27.3600006104,27.9799995422,26.7000007629,27.5799999237,27.5,27.0200004578,0.5116936640227499,0,-5.666562104793272,3.854168887859233,-4.446673120981693,2.4842582004740654,-3.653129288684198,-7.566332529477771,2.0,4.0,0.15472457928911193,14.422401492289904,3.854168887859233,5.113793139997425
ACMR,2025-09-03,oos,True,True,D-1,27.2900009155,27.5,26.2299995422,26.8299999237,27.0200004578,27.5699996948,1.0260123485044348,0,3.854168887859233,-4.446673120981693,2.4842582004740654,-3.653129288684198,-2.2678930023789956,-4.236108839296082,2.0,4.0,0.26747702920477767,8.738215569496944,3.854168887859233,9.692342115416498
ACMR,2025-09-04,oos,True,True,D-1,26.4099998474,27.0200004578,26.1000003815,26.9799995422,27.5699996948,27.908000946,5.672098096386291,1,-4.446673120981693,2.4842582004740654,-3.653129288684198,-2.2678930023789956,-2.7193618639408057,-10.297559142140011,1.0,3.0,0.18404918385617838,9.914274524653699,2.4842582004740654,7.409840849372185
ACMR,2025-09-05,oos,True,True,D-1,27.3899993896,27.5699996948,26.5340003967,27.4099998474,27.908000946,27.9750003815,2.135819660230176,0,2.4842582004740654,-3.653129288684198,-2.2678930023789956,-2.7193618639408057,0.5590742412470151,-5.598321853644217,2.0,4.0,0.2595868198087897,9.303188552594488,2.4842582004740654,4.659749074875441
ACMR,2025-09-08,oos,True,True,D-1,27.8099994659,27.908000946,26.8400001526,26.9699993134,27.9750003815,28.7600002289,3.4160402058434736,1,-3.653129288684198,-2.2678930023789956,-2.7193618639408057,0.5590742412470151,1.5937743235592938,-6.418576337787407,2.0,4.0,0.3887240003252544,7.515503383687183,1.5937743235592938,0.0
ACMR,2025-09-09,oos,True,True,D-1,26.8899993896,27.9750003815,26.4400005341,27.9099998474,28.7600002289,30.3700008392,12.94161966751821,1,-2.2678930023789956,-2.7193618639408057,0.5590742412470151,1.5937743235592938,-1.6052555142270108,-4.429482744198543,2.0,4.0,0.4627655959038102,3.744902686364493,1.5937743235592938,0.5961395821279969
ACMR,2025-09-10,oos,True,True,D-1,28.0699996948,28.7600002289,27.7000007629,28.0599994659,30.3700008392,30.5799999237,8.9419317997534,1,-2.7193618639408057,0.5590742412470151,1.5937743235592938,-1.6052555142270108,3.4853561658526377,1.1965189434842038,3.0,0.0,0.9653330484800013,0.2328933516853926,3.4853561658526377,1.5937743235592938
ACMR,2025-09-11,oos,True,True,D-1,28.4899997711,30.3700008392,28.4699993134,30.1000003815,30.5799999237,30.0879993439,7.335907930473473,1,0.5590742412470151,1.5937743235592938,-1.6052555142270108,3.4853561658526377,0.537440413185708,4.584418731635886,4.0,0.0,0.7368418033240818,2.4946570788452194,3.4853561658526377,1.5937743235592938
ACMR,2025-09-12,oos,True,True,D-1,30.0400009155,30.5799999237,29.625,29.8600006104,30.0879993439,31.25,4.027959546018756,1,1.5937743235592938,-1.6052555142270108,3.4853561658526377,0.537440413185708,7.270138825480443,11.564124878578808,4.0,0.0,0.9312975987941736,0.8970114760063153,7.270138825480443,3.4853561658526377
ACMR,2025-09-15,oos,True,True,D-1,29.9400005341,30.0879993439,29.4699993134,29.8299999237,31.25,33.8800010681,13.159654187422465,1,-1.6052555142270108,3.4853561658526377,0.537440413185708,7.270138825480443,-0.7973414221200681,8.938346503611516,3.0,0.0,0.826087096749653,2.411250162698364,7.270138825480443,3.4853561658526377
ACMR,2025-09-16,oos,True,True,D-1,30.0200004578,31.25,29.9599990845,30.9400005341,33.8800010681,36.1699981689,20.486334501377623,1,3.4853561658526377,0.537440413185708,7.270138825480443,-0.7973414221200681,-0.1004711523333035,10.604377764589024,3.0,1.0,0.8188405530000661,2.5142474083753585,7.270138825480443,8.167150301818982
ACMR,2025-09-17,oos,True,True,D-1,31.5,33.8800010681,31.4230003357,33.7599983215,36.1699981689,36.2989997864,15.234919956825399,1,0.537440413185708,7.270138825480443,-0.7973414221200681,-0.1004711523333035,3.721088210657686,10.856326418010575,3.0,0.0,0.9126761880227225,1.001937493693128,7.270138825480443,7.270138825480443
ACMR,2025-09-18,oos,True,True,D-1,34.5200004578,36.1699981689,34.0900001526,36.0900001526,36.2989997864,37.2700004578,7.966396186355262,1,7.270138825480443,-0.7973414221200681,-0.1004711523333035,3.721088210657686,9.11440768817049,20.313609993210946,3.0,0.0,0.9778183534791376,0.35545839030322046,9.11440768817049,7.270138825480443
ACMR,2025-09-19,oos,True,True,D-1,35.75,36.2989997864,34.9230003357,35.8899993896,37.2700004578,39.8499984741,11.46852720027971,1,-0.7973414221200681,-0.1004711523333035,3.721088210657686,9.11440768817049,6.901664534788021,19.900331213223367,3.0,0.0,0.9880599955275615,0.22166255461830708,9.11440768817049,3.721088210657686
ACMR,2025-09-22,oos,True,True,D-1,36.0,37.2700004578,35.8699989319,36.6800003052,39.8499984741,40.0999984741,11.388884650277763,1,-0.1004711523333035,3.721088210657686,9.11440768817049,6.901664534788021,-0.5541722420458028,20.19423528444202,3.0,0.0,0.9401083074430763,1.1395943264310038,9.11440768817049,9.11440768817049
ACMR,2025-09-23,oos,True,True,D-1,38.7999992371,39.8499984741,38.5200004578,38.9900016785,40.0999984741,38.2200012207,3.350513563301716,1,3.721088210657686,9.11440768817049,6.901664534788021,-0.5541722420458028,2.2011728309722978,22.963460942075486,4.0,0.0,0.9192886399782361,1.60850640046577,9.11440768817049,9.11440768817049
ACMR,2025-09-24,oos,True,True,D-1,39.0,40.0999984741,38.3800010681,38.6899986267,38.2200012207,38.0400009155,-1.9999968699999982,0,9.11440768817049,6.901664534788021,-0.5541722420458028,2.2011728309722978,6.297713615265499,26.01810279714709,4.0,0.0,0.8979474325879843,2.205685454161488,9.11440768817049,9.11440768817049
ACMR,2025-09-25,oos,True,True,D-1,37.5,38.2200012207,36.8100013733,37.9599990845,38.0400009155,39.8300018311,6.213338216266662,1,6.901664534788021,-0.5541722420458028,2.2011728309722978,6.297713615265499,-0.7694358524878653,14.603082198793649,3.0,0.0,0.7653909748433871,3.644352280816454,6.901664534788021,6.901664534788021
ACMR,2025-09-26,oos,True,True,D-1,37.0,38.0400009155,36.8499984741,37.7700004578,39.8300018311,39.5999984741,7.648653597567567,1,-0.5541722420458028,2.2011728309722978,6.297713615265499,-0.7694358524878653,-1.8867913365502975,5.181487736195756,2.0,1.0,0.586633154505752,5.63751169971396,6.297713615265499,8.93942315529861
ACMR,2025-09-29,oos,True,True,D-1,39.5,39.8300018311,38.25,38.6399993896,39.5999984741,44.2900009155,12.126584596202527,1,2.2011728309722978,6.297713615265499,-0.7694358524878653,-1.8867913365502975,-0.5005232647057101,5.238230984046144,2.0,2.0,0.449172986177635,6.168911803173738,6.297713615265499,8.675584386925618
ACMR,2025-09-30,oos,True,True,D-1,38.6399993896,39.5999984741,38.4000015259,39.1300010681,44.2900009155,45.1199989319,16.770185415800242,1,6.297713615265499,-0.7694358524878653,-1.8867913365502975,-0.5005232647057101,2.303412552965245,5.343508909737227,2.0,3.0,0.5562308902506381,3.7784655992850746,6.297713615265499,6.297713615265499
ACMR,2025-10-01,oos,True,True,D-1,38.6399993896,44.2900009155,38.5,43.7799987793,45.1199989319,43.4230003357,16.770185415800242,1,-0.7694358524878653,-1.8867913365502975,-0.5005232647057101,2.303412552965245,1.2681203060057156,0.35906484630185975,2.0,4.0,0.7051677018912474,2.4789097355552236,2.303412552965245,0.0
ACMR,2025-10-02,oos,True,True,D-1,45.0,45.1199989319,43.2099990845,43.3199996948,43.4230003357,43.5,-3.3333333333333326,0,-1.8867913365502975,-0.5005232647057101,2.303412552965245,1.2681203060057156,11.88345919824374,13.155855087281875,3.0,0.0,0.9318178920569827,1.1649203984015255,11.88345919824374,2.303412552965245
ACMR,2025-10-03,oos,True,True,D-1,43.3199996948,43.4230003357,41.1710014343,41.5600013733,43.5,42.1800003052,0.415513172825821,0,-0.5005232647057101,2.303412552965245,1.2681203060057156,11.88345919824374,-1.050706024042869,14.120128397180665,3.0,0.0,0.7823459325927492,4.155122921933119,11.88345919824374,2.303412552965245
ACMR,2025-10-06,oos,True,True,D-1,42.0900001526,43.5,41.7000007629,41.7799987793,42.1800003052,42.0,0.21382787425445748,0,2.303412552965245,1.2681203060057156,11.88345919824374,-1.050706024042869,-4.062784704292765,10.03442115319675,3.0,1.0,0.4818052238597026,8.565922620221823,11.88345919824374,16.954262002947473
ACMR,2025-10-07,oos,True,True,D-1,41.7999992371,42.1800003052,39.9399986267,40.4599990845,42.0,42.0,0.47847073337379253,0,1.2681203060057156,11.88345919824374,-1.050706024042869,-4.062784704292765,0.5293488901117804,8.126292544779744,3.0,2.0,0.502975975910667,7.994256223518148,11.88345919824374,15.43840131816453
ACMR,2025-10-08,oos,True,True,D-1,40.5,42.0,40.4900016785,41.9900016785,42.0,41.1800003052,3.703703703703698,1,11.88345919824374,-1.050706024042869,-4.062784704292765,0.5293488901117804,-3.159405776368762,3.3989214927066635,2.0,3.0,0.29607241702944814,11.517548079197116,11.88345919824374,14.53024036391206
ACMR,2025-10-09,oos,True,True,D-1,42.0,42.0,40.7599983215,41.0699996948,41.1800003052,39.5299987793,-1.9523802257142897,0,-1.050706024042869,-4.062784704292765,0.5293488901117804,-3.159405776368762,3.7815191018779393,-4.088618434695679,2.0,4.0,0.3957534615861086,7.454148912317482,3.7815191018779393,0.5293488901117804
ACMR,2025-10-10,oos,True,True,D-1,41.1500015259,41.1800003052,36.4000015259,36.5900001526,39.5299987793,39.0600013733,-3.9368230535310245,0,-4.062784704292765,0.5293488901117804,-3.159405776368762,3.7815191018779393,-2.191002493269878,-5.193905853766855,2.0,3.0,0.31741590791930757,5.9167283254391245,3.7815191018779393,0.5293488901117804
ACMR,2025-10-13,oos,True,True,D-1,39.0600013733,39.5299987793,38.138999939,38.625,39.0600013733,39.3600006104,0.7680471749933693,0,0.5293488901117804,-3.159405776368762,3.7815191018779393,-2.191002493269878,-10.908204469179072,-11.958616594014238,2.0,4.0,0.02676037570896526,18.884940744961966,3.7815191018779393,16.641727032436194
ACMR,2025-10-14,oos,True,True,D-1,36.7999992371,39.0600013733,36.7599983215,38.1100006104,39.3600006104,40.4300003052,9.864133541721376,1,-3.159405776368762,3.7815191018779393,-2.191002493269878,-10.908204469179072,5.561628420095532,-7.551457327622401,2.0,4.0,0.3849479141878752,9.203884285307428,5.561628420095532,9.734768950841467
ACMR,2025-10-15,oos,True,True,D-1,38.5699996948,39.3600006104,37.4350013733,39.3199996948,40.4300003052,39.4399986267,4.822402450396601,1,3.7815191018779393,-2.191002493269878,-10.908204469179072,5.561628420095532,-1.3333317530097033,-5.808201995239958,2.0,4.0,0.3053570625793465,10.207292908146638,5.561628420095532,3.7815191018779393
ACMR,2025-10-16,oos,True,True,D-1,39.9799995422,40.4300003052,38.9199981689,39.6800003052,39.4399986267,40.0200004578,0.10005231630325628,0,-2.191002493269878,-10.908204469179072,5.561628420095532,-1.3333317530097033,3.175017226501442,-6.358661293093282,2.0,4.0,0.5214283865263531,6.815870615468045,5.561628420095532,5.561628420095532
ACMR,2025-10-17,oos,True,True,D-1,38.5600013733,39.4399986267,37.2400016785,38.0699996948,40.0200004578,39.6399993896,3.786304544872099,1,-10.908204469179072,5.561628420095532,-1.3333317530097033,3.175017226501442,0.9155661576660812,-3.3844640855354102,3.0,4.0,0.6861923884801353,3.7802419064080217,5.561628420095532,5.561628420095532
ACMR,2025-10-20,oos,True,True,D-1,38.4599990845,40.0200004578,38.4199981689,39.7900009155,39.6399993896,38.8370018005,3.0681235912342064,1,5.561628420095532,-1.3333317530097033,3.175017226501442,0.9155661576660812,-4.057461184517697,4.044819721310766,3.0,1.0,0.3569484101420828,6.1991085613860575,5.561628420095532,8.740672188413035
ACMR,2025-10-21,oos,True,True,D-1,39.3600006104,39.6399993896,38.3899993896,38.9300003052,38.8370018005,40.6199989319,3.201215198068552,1,-1.3333317530097033,3.175017226501442,0.9155661576660812,-4.057461184517697,4.517996413157133,3.0161835999999997,3.0,2.0,0.8256133395724314,1.6084427619369235,4.517996413157133,3.175017226501442
ACMR,2025-10-22,oos,True,True,D-1,38.2599983215,38.8370018005,36.8199996948,37.6300010681,40.6199989319,42.1699981689,10.219550493819018,1,3.175017226501442,0.9155661576660812,-4.057461184517697,4.517996413157133,-2.161348556202214,2.151665394033664,3.0,3.0,0.529780361833031,3.853069581917379,4.517996413157133,3.175017226501442
ACMR,2025-10-23,oos,True,True,D-1,37.3899993896,40.6199989319,37.1100006104,40.25,42.1699981689,43.1710014343,15.461359024006782,1,0.9155661576660812,-4.057461184517697,4.517996413157133,-2.161348556202214,-3.339325011323857,-4.298063682140629,2.0,4.0,0.22437707377845778,7.440869406388706,4.517996413157133,9.946495527764053
ACMR,2025-10-24,oos,True,True,D-1,41.1399993896,42.1699981689,40.6220016479,41.7200012207,43.1710014343,41.9900016785,4.936806210097888,1,-4.057461184517697,4.517996413157133,-2.161348556202214,-3.339325011323857,6.962526860306273,1.4364911552818382,2.0,0.0,0.9026318404783766,0.9192520047204944,6.962526860306273,4.517996413157133
ACMR,2025-10-27,oos,True,True,D-1,43.0099983215,43.1710014343,41.9599990845,42.4300003052,41.9900016785,42.9199981689,-0.20925402490659106,0,4.517996413157133,-2.161348556202214,-3.339325011323857,6.962526860306273,3.6521769458385034,9.587605871188254,3.0,0.0,0.9158883969073088,1.0786120206936367,6.962526860306273,4.517996413157133
ACMR,2025-10-28,oos,True,True,D-1,41.9900016785,41.9900016785,40.3899993896,40.4700012207,42.9199981689,42.2999992371,2.2148046040116887,0,-2.161348556202214,-3.339325011323857,6.962526860306273,3.6521769458385034,1.7018194240793205,6.634831186122425,3.0,0.0,0.883325314730847,1.7464084934479596,6.962526860306273,6.962526860306273
ACMR,2025-10-29,oos,True,True,D-1,41.5099983215,42.9199981689,41.0699996948,42.1800003052,42.2999992371,42.0,1.9031581487461091,0,-3.339325011323857,6.962526860306273,3.6521769458385034,1.7018194240793205,-4.619370894182606,3.9558204557586407,3.0,1.0,0.5747127265292408,6.6740798915975175,6.962526860306273,9.958691681557031
ACMR,2025-10-30,oos,True,True,D-1,41.6699981689,42.2999992371,40.1300010681,41.2200012207,42.0,42.0,0.7919410741570321,0,6.962526860306273,3.6521769458385034,1.7018194240793205,-4.619370894182606,4.22534972305697,12.091414052488968,4.0,2.0,0.8364954637207361,2.3494573777369965,6.962526860306273,7.551732606716232
ACMR,2025-10-31,oos,True,True,D-1,41.4099998474,42.0,40.6300010681,41.4599990845,42.0,40.3349990845,1.424776997764332,0,3.6521769458385034,1.7018194240793205,-4.619370894182606,4.22534972305697,-2.275957983769028,2.4099409209937805,3.0,3.0,0.35843473243709256,4.733139630816519,4.22534972305697,3.6521769458385034
ACMR,2025-11-03,oos,True,True,D-1,41.8600006104,42.0,40.5629997253,41.3699989319,40.3349990845,33.3400001526,-3.643099626522983,0,1.7018194240793205,-4.619370894182606,4.22534972305697,-2.275957983769028,0.5822364305983374,-0.6232074031459867,3.0,4.0,0.43735542789886184,4.126875030346233,4.22534972305697,5.932322732754258
ACMR,2025-11-04,oos,True,True,D-1,39.7900009155,40.3349990845,38.1599998474,38.9000015259,33.3400001526,32.5950012207,-16.210104585314145,0,-4.619370894182606,4.22534972305697,-2.275957983769028,0.5822364305983374,-0.21707707329314818,-2.498235601403209,2.0,3.0,0.44444414062095033,3.746674587909671,4.22534972305697,4.22534972305697
ACMR,2025-11-05,oos,True,True,D-1,30.7999992371,33.3400001526,30.5,31.1399993896,32.5950012207,31.2000007629,5.827928662536586,1,4.22534972305697,-2.275957983769028,0.5822364305983374,-0.21707707329314818,-5.9705039153274075,-3.879415980835099,2.0,4.0,0.15546259232016005,10.334181196171532,4.22534972305697,10.399970116517288
ACMR,2025-11-06,oos,True,True,D-1,31.2600002289,32.5950012207,30.7600002289,30.9200000763,31.2000007629,33.6800003052,7.74152290012684,1,-2.275957983769028,0.5822364305983374,-0.21707707329314818,-5.9705039153274075,-19.948590827517876,-26.17354394432988,1.0,4.0,0.05423723991335508,35.83815050178571,0.5822364305983374,25.310299777034025
ACMR,2025-11-07,oos,True,True,D-1,30.1700000763,31.2000007629,29.5799999237,31.1000003815,33.6800003052,32.7200012207,11.634074312307586,1,0.5822364305983374,-0.21707707329314818,-5.9705039153274075,-19.948590827517876,-0.70648464230052,-24.98787200236061,1.0,4.0,0.036521745765217314,35.8344110490244,0.5822364305983374,21.09637816986495
ACMR,2025-11-10,oos,True,True,D-1,32.0849990845,33.6800003052,31.4400005341,32.9500007629,32.7200012207,33.9399986267,5.781516581361346,1,-0.21707707329314818,-5.9705039153274075,-19.948590827517876,-0.70648464230052,0.582148462987786,-24.98793760676451,1.0,4.0,0.12238328892609932,35.04822985463345,0.582148462987786,0.12844896879914414
ACMR,2025-11-11,oos,True,True,D-1,32.0400009155,32.7200012207,30.9599990845,32.6399993896,33.9399986267,34.3549995422,7.225338828189831,1,-5.9705039153274075,-19.948590827517876,-0.70648464230052,0.582148462987786,5.948554208058732,-20.35290883826305,2.0,4.0,0.3133427338128516,22.412740973029432,5.948554208058732,0.0
ACMR,2025-11-12,oos,True,True,D-1,32.9399986267,33.9399986267,32.5,33.8100013733,34.3549995422,32.4099998474,4.295692090141867,1,-19.948590827517876,-0.70648464230052,0.582148462987786,5.948554208058732,-0.9408235694156386,-16.0925498476704,2.0,1.0,0.7463412637001976,3.1862773745374717,5.948554208058732,0.582148462987786
ACMR,2025-11-13,oos,True,True,D-1,33.8100013733,34.3549995422,32.2700004578,32.6399993896,32.4099998474,32.688999176,-3.3155934686984634,0,-0.70648464230052,0.582148462987786,5.948554208058732,-0.9408235694156386,3.5845649680765312,8.574187655866528,3.0,0.0,0.9701841073231149,0.3844934874881911,5.948554208058732,5.948554208058732
ACMR,2025-11-14,oos,True,True,D-1,30.6499996185,32.4099998474,30.5499992371,31.5100002289,32.688999176,31.3899993896,6.652527187208457,1,0.582148462987786,5.948554208058732,-0.9408235694156386,3.5845649680765312,-3.4605203672779417,5.56274032682933,3.0,0.0,0.640837635681583,5.254289781471155,5.948554208058732,5.948554208058732
ACMR,2025-11-17,oos,True,True,D-1,31.5100002289,32.688999176,31.1100006104,31.4699993134,31.3899993896,32.0699996948,1.7772118750617683,0,5.948554208058732,-0.9408235694156386,3.5845649680765312,-3.4605203672779417,-3.46200729727969,1.3183274674295253,2.0,1.0,0.2522998462084937,9.028877475826391,5.948554208058732,12.751278404977352
ACMR,2025-11-18,oos,True,True,D-1,30.8999996185,31.3899993896,29.7999992371,30.7700004578,32.0699996948,32.7750015259,6.067967412780906,1,-0.9408235694156386,3.5845649680765312,-3.4605203672779417,-3.46200729727969,-0.1269467318610662,-4.491658316337288,1.0,2.0,0.24178712287273282,9.167462001092442,3.5845649680765312,7.1691240920966015
ACMR,2025-11-19,oos,True,True,D-1,31.0799999237,32.0699996948,30.7999992371,31.5,32.7750015259,30.4650001526,5.453673122140135,1,3.5845649680765312,-3.4605203672779417,-3.46200729727969,-0.1269467318610662,-2.22433705393168,-5.729163501136081,1.0,3.0,0.21295305284918167,11.65095557706184,3.5845649680765312,5.933025030673733
ACMR,2025-11-20,oos,True,True,D-1,32.0099983215,32.7750015259,29.4099998474,29.6700000763,30.4650001526,32.4099998474,1.2496143295057216,0,-3.4605203672779417,-3.46200729727969,-0.1269467318610662,-2.22433705393168,2.372439165872531,-6.832301920946449,1.0,4.0,0.3732163883713899,9.06349061015872,2.372439165872531,0.0
ACMR,2025-11-21,oos,True,True,D-1,29.3700008392,30.4650001526,28.4599990845,30.0300006866,32.4099998474,33.3499984741,13.551234324746474,1,-3.46200729727969,-0.1269467318610662,-2.22433705393168,2.372439165872531,-5.809523567301589,-9.099262772187199,1.0,0.0,0.07726600273670484,10.465121137900635,2.372439165872531,3.5749118138903246
ACMR,2025-11-24,oos,True,True,D-1,30.3299999237,32.4099998474,30.0200004578,32.0099983215,33.3499984741,33.6199989319,10.847342619441225,1,-0.1269467318610662,-2.22433705393168,2.372439165872531,-5.809523567301589,1.2133488688042426,-4.696920125511738,2.0,1.0,0.36384721061492914,9.140861726736071,2.372439165872531,7.039103652856659
ACMR,2025-11-25,oos,True,True,D-1,32.6399993896,33.3499984741,31.2399997711,33.0999984741,33.6199989319,33.4700012207,3.0024496342737406,1,-2.22433705393168,2.372439165872531,-5.809523567301589,1.2133488688042426,6.593398566865538,1.715916809283402,3.0,2.0,0.8227108293009916,2.389888299013676,6.593398566865538,2.372439165872531
ACMR,2025-11-26,oos,True,True,D-1,33.0,33.6199989319,32.5,32.8699989319,33.4700012207,33.9000015259,2.7272773512121207,0,2.372439165872531,-5.809523567301589,1.2133488688042426,6.593398566865538,3.40518653469557,7.572304132707153,4.0,0.0,0.9488752492420147,0.755287043881947,6.593398566865538,2.372439165872531
ACMR,2025-11-28,oos,True,True,D-1,33.0200004578,33.4700012207,32.6300010681,33.4099998474,33.9000015259,33.7400016785,2.6650546817061693,0,-5.809523567301589,1.2133488688042426,6.593398566865538,3.40518653469557,-0.6948626972897554,4.349202958412701,3.0,0.0,0.8546511584922029,2.281715924463068,6.593398566865538,6.593398566865538
ACMR,2025-12-01,oos,True,True,D-1,32.9500007629,33.9000015259,32.8349990845,33.3100013733,33.7400016785,33.9799995422,3.1259446295968774,1,1.2133488688042426,6.593398566865538,3.40518653469557,-0.6948626972897554,1.6428382508279826,12.605324440452105,4.0,1.0,0.9593025018003031,0.6285515877257231,6.593398566865538,6.593398566865538
ACMR,2025-12-02,oos,True,True,D-1,33.3100013733,33.7400016785,32.7200012207,32.8699989319,33.9799995422,34.9500007629,4.923444377022923,1,6.593398566865538,3.40518653469557,-0.6948626972897554,1.6428382508279826,-0.29930701752992617,10.922412959396288,3.0,0.0,0.8479381468601187,1.7712402530037918,6.593398566865538,6.593398566865538
ACMR,2025-12-03,oos,True,True,D-1,32.9599990845,33.9799995422,32.2000007629,33.9399986267,34.9500007629,35.3100013733,7.129861511146474,1,3.40518653469557,-0.6948626972897554,1.6428382508279826,-0.29930701752992617,-1.320931922124402,2.6866624664031002,2.0,1.0,0.6127812351471756,3.133564427957425,3.40518653469557,5.021471832410185
ACMR,2025-12-04,oos,True,True,D-1,33.8499984741,34.9500007629,32.9099998474,34.6199989319,35.3100013733,37.8499984741,11.816839528251567,1,-0.6948626972897554,1.6428382508279826,-0.29930701752992617,-1.320931922124402,3.2552471237277114,2.537764928470576,2.0,0.0,0.9775275601505043,0.11785774047889941,3.2552471237277114,1.6428382508279826
ACMR,2025-12-05,oos,True,True,D-1,34.6800003052,35.3100013733,34.6800003052,35.0999984741,37.8499984741,37.4799995422,9.140709749142317,1,1.6428382508279826,-0.29930701752992617,-1.320931922124402,3.2552471237277114,2.003536631451275,5.3240038237471365,3.0,0.0,0.8799993341818193,0.9532115574270694,3.2552471237277114,1.6428382508279826
ACMR,2025-12-08,oos,True,True,D-1,35.4500007629,37.8499984741,35.4500007629,36.5400009155,37.4799995422,39.7750015259,12.200283977218728,1,-0.29930701752992617,-1.320931922124402,3.2552471237277114,2.003536631451275,1.386480522845157,5.058361671412914,3.0,0.0,0.9324749652788689,0.5982988841294556,3.2552471237277114,3.2552471237277114
ACMR,2025-12-09,oos,True,True,D-1,36.2900009155,37.4799995422,36.1529998779,37.0400009155,39.7750015259,40.0,10.223199203380018,1,-1.320931922124402,3.2552471237277114,2.003536631451275,1.386480522845157,4.102571236470487,9.696785977286225,4.0,0.0,0.7681419311014613,3.585105434532987,4.102571236470487,3.2552471237277114
ACMR,2025-12-10,oos,True,True,D-1,37.2099990845,39.7750015259,36.6599998474,39.4799995422,40.0,41.4700012207,11.448541362567589,1,3.2552471237277114,2.003536631451275,1.386480522845157,4.102571236470487,1.368363403044981,12.686346574696895,5.0,1.0,0.8566375421720374,2.1868184086924147,4.102571236470487,3.2552471237277114
ACMR,2025-12-11,oos,True,True,D-1,38.75,40.0,37.4599990845,39.9900016785,41.4700012207,39.5,7.01935798890323,1,2.003536631451275,1.386480522845157,4.102571236470487,1.368363403044981,6.587469131727097,16.322926162824803,5.0,0.0,0.9570281265008428,0.7472188123626378,6.587469131727097,4.102571236470487
ACMR,2025-12-12,oos,True,True,D-1,41.4599990845,41.4700012207,37.8470001221,38.8300018311,39.5,37.8600006104,-4.727446039025008,0,1.386480522845157,4.102571236470487,1.368363403044981,6.587469131727097,1.2917987391435126,15.511273576764628,5.0,0.0,0.9981206161515813,0.0250020532141626,6.587469131727097,4.102571236470487
ACMR,2025-12-15,oos,True,True,D-1,39.1500015259,39.5,37.3300018311,37.7299995422,37.8600006104,39.1399993896,-0.025548239872696943,0,4.102571236470487,1.368363403044981,6.587469131727097,1.2917987391435126,-2.90072467794783,10.626790652860961,4.0,0.0,0.5614619287645731,6.798864962930673,6.587469131727097,8.233866595347173
ACMR,2025-12-16,oos,True,True,D-1,37.2799987793,37.8600006104,36.75,37.1399993896,39.1399993896,39.4500007629,5.820820962056761,1,1.368363403044981,6.587469131727097,1.2917987391435126,-2.90072467794783,-2.8328669508817295,3.256701140900109,3.0,1.0,0.29659568667130143,9.912541012137854,6.587469131727097,12.238887089818995
ACMR,2025-12-17,oos,True,True,D-1,37.9900016785,39.1399993896,37.1399993896,37.3600006104,39.4500007629,40.7099990845,7.159771744730792,1,6.587469131727097,1.2917987391435126,-2.90072467794783,-2.8328669508817295,-1.5637428034953937,0.2699742754545875,2.0,2.0,0.0997919761238415,11.65859424411433,6.587469131727097,10.93978013302721
ACMR,2025-12-18,oos,True,True,D-1,38.5099983215,39.4500007629,37.5699996948,37.8100013733,40.7099990845,41.9199981689,8.854842887635783,1,1.2917987391435126,-2.90072467794783,-2.8328669508817295,-1.5637428034953937,0.5923565547004461,-5.36980485406019,2.0,3.0,0.12923738403388257,11.001072117637722,1.2917987391435126,2.272447920933629
ACMR,2025-12-19,oos,True,True,D-1,38.2299995422,40.7099990845,38.0699996948,39.7700004578,41.9199981689,40.8100013733,9.65210219954833,1,-2.90072467794783,-2.8328669508817295,-1.5637428034953937,0.5923565547004461,1.2044988103526055,-5.451363375090946,2.0,4.0,0.22457650405920734,9.679978086392115,1.2044988103526055,0.0
ACMR,2025-12-22,oos,True,True,D-1,40.5499992371,41.9199981689,40.0,40.8100013733,40.8100013733,40.9700012207,1.0357632342831824,0,-2.8328669508817295,-1.5637428034953937,0.5923565547004461,1.2044988103526055,5.183811196272758,2.4208050022473504,3.0,0.0,0.7626265545415692,2.363587165902681,5.183811196272758,0.5923565547004461
ACMR,2025-12-23,oos,True,True,D-1,40.3499984741,40.8100013733,39.2799987793,39.8800010681,40.9700012207,40.9900016785,1.5861294389163616,0,-1.5637428034953937,0.5923565547004461,1.2044988103526055,5.183811196272758,2.615038731527153,8.163270258339384,4.0,0.0,0.7853003503410962,2.7199136443210703,5.183811196272758,1.2044988103526055
ACMR,2025-12-24,oos,True,True,D-1,40.2000007629,40.9700012207,39.7949981689,40.0999984741,40.9900016785,40.5800018311,1.9651763696708402,0,0.5923565547004461,1.2044988103526055,5.183811196272758,2.615038731527153,-2.278853893419497,7.377495216834218,4.0,1.0,0.5732222548603361,5.11533863130158,5.183811196272758,5.183811196272758
ACMR,2025-12-26,oos,True,True,D-1,40.3199996948,40.9900016785,40.0,40.6199989319,40.5800018311,43.7799987793,8.581347000719909,1,1.2044988103526055,5.183811196272758,2.615038731527153,-2.278853893419497,0.551648445606423,7.33404127123396,4.0,2.0,0.5816091187993908,4.538652778192787,5.183811196272758,6.923587906166528
ACMR,2025-12-29,oos,True,True,D-1,40.0,40.5800018311,39.5099983215,39.9700012207,43.7799987793,40.6949996948,9.449996948249995,1,5.183811196272758,2.615038731527153,-2.278853893419497,0.551648445606423,1.296759295728811,7.431889596767682,4.0,3.0,0.6623377266912038,3.2003921004022384,5.183811196272758,5.183811196272758
ACMR,2025-12-30,oos,True,True,D-1,41.5299987793,43.7799987793,39.9519996643,40.2000007629,40.6949996948,44.9900016785,8.331333977607969,1,2.615038731527153,-2.278853893419497,0.551648445606423,1.296759295728811,-1.6001913547307844,0.5028935393456058,3.0,4.0,0.26136462156703116,4.878651210023288,2.615038731527153,2.9392214206710454
ACMR,2025-12-31,oos,True,True,D-1,40.6599998474,40.6949996948,39.2879981995,39.4500007629,44.9900016785,46.1300010681,13.453028138783374,1,-2.278853893419497,0.551648445606423,1.296759295728811,-1.6001913547307844,0.5754304107473684,-1.4947331288234,3.0,0.0,0.2044448852444434,8.905467533483069,1.296759295728811,2.330728227397505
ACMR,2026-01-02,oos,True,True,D-1,41.0,44.9900016785,40.8549995422,44.8800010681,46.1300010681,47.8549995422,16.719511078536577,1,0.551648445606423,1.296759295728811,-1.6001913547307844,0.5754304107473684,-1.8656716063850554,-1.0782354405300176,3.0,1.0,0.0360646799843484,10.97591364427062,1.296759295728811,2.597736133154327
ACMR,2026-01-05,oos,True,True,D-1,45.9900016785,46.1300010681,44.1100006104,45.0,47.8549995422,47.6399993896,4.0552246045511,1,1.296759295728811,-1.6001913547307844,0.5754304107473684,-1.8656716063850554,13.764259062591822,11.920206423666912,3.0,0.0,0.9807084280454891,0.24509939345387366,13.764259062591822,1.296759295728811
ACMR,2026-01-06,oos,True,True,D-1,45.8899993896,47.8549995422,45.6199989319,46.9000015259,47.6399993896,49.2400016785,7.300070458617625,1,-1.6001913547307844,0.5754304107473684,-1.8656716063850554,13.764259062591822,0.2673772928791118,10.782868496484044,3.0,0.0,0.8348435261133967,2.5111134846666605,13.764259062591822,0.5754304107473684
ACMR,2026-01-07,oos,True,True,D-1,46.0900001526,47.6399993896,45.7999992371,47.5999984741,49.2400016785,53.5400009155,16.164028505605764,1,0.5754304107473684,-1.8656716063850554,13.764259062591822,0.2673772928791118,4.222225613111119,17.338003736689988,4.0,0.0,0.8885259873206678,2.0362430388677355,13.764259062591822,13.764259062591822
ACMR,2026-01-08,oos,True,True,D-1,47.0800018311,49.2400016785,46.7200012207,49.1899986267,53.5400009155,54.8250007629,16.45071926629329,1,-1.8656716063850554,13.764259062591822,0.2673772928791118,4.222225613111119,1.4925307578368185,18.407954156133634,4.0,1.0,0.9702345012100075,0.5357165467951619,13.764259062591822,13.764259062591822
ACMR,2026-01-09,oos,True,True,D-1,49.4799995422,53.5400009155,49.25,53.2200012207,54.8250007629,53.2999992371,10.80234694857143,1,13.764259062591822,0.2673772928791118,4.222225613111119,1.4925307578368185,3.3403365621222703,24.689474462468965,5.0,0.0,0.9940366083410371,0.10165288309817999,13.764259062591822,13.764259062591822
ACMR,2026-01-12,oos,True,True,D-1,52.6500015259,54.8250007629,52.2999992371,53.3600006104,53.2999992371,51.0099983215,1.2345635182560155,0,0.2673772928791118,4.222225613111119,1.4925307578368185,3.3403365621222703,8.19272760014378,18.582887598298072,5.0,0.0,0.9660657810767048,0.6012771278846474,8.19272760014378,4.222225613111119
ACMR,2026-01-13,oos,True,True,D-1,53.2799987793,53.2999992371,49.5,51.3100013733,51.0099983215,54.3600006104,2.0270305102176422,0,4.222225613111119,1.4925307578368185,3.3403365621222703,8.19272760014378,0.2630578475927292,18.577779134222226,5.0,0.0,0.8408473806527376,2.745502503263575,8.19272760014378,4.222225613111119
ACMR,2026-01-14,oos,True,True,D-1,50.6800003052,51.0099983215,50.0,50.4900016785,54.3600006104,54.0,7.261247598734566,1,1.4925307578368185,3.3403365621222703,8.19272760014378,0.2630578475927292,-3.8418276117868966,9.402984443325924,4.0,1.0,0.6105264492696666,6.850515095540599,8.19272760014378,11.781603593361723
ACMR,2026-01-15,oos,True,True,D-1,52.7249984741,54.3600006104,52.1199989319,52.1949996948,54.0,54.4140014648,3.203419705227084,1,3.3403365621222703,8.19272760014378,0.2630578475927292,-3.8418276117868966,-1.59812838209491,6.071435497991673,3.0,2.0,0.46514505499610226,8.585856487000187,8.19272760014378,13.57128625657046
ACMR,2026-01-16,oos,True,True,D-1,53.0299987793,54.0,52.1800003052,53.6199989319,54.4140014648,54.5099983215,2.7908722916616613,0,8.19272760014378,0.2630578475927292,-3.8418276117868966,-1.59812838209491,3.3769022769235546,6.10896757876489,3.0,3.0,0.5282509940443627,5.0387988954466945,8.19272760014378,8.19272760014378
ACMR,2026-01-20,oos,True,True,D-1,51.8199996948,54.4140014648,51.0400009155,51.1599998474,54.5099983215,56.2999992371,8.645309858520811,1,0.2630578475927292,-3.8418276117868966,-1.59812838209491,3.3769022769235546,2.7301451200927307,0.751592826052816,3.0,4.0,0.7737086087582544,2.247299244691159,3.3769022769235546,0.2630578475927292
ACMR,2026-01-21,oos,True,True,D-1,52.0800018311,54.5099983215,50.7999992371,53.4500007629,56.2999992371,52.3899993896,8.102913321097471,1,-3.8418276117868966,-1.59812838209491,3.3769022769235546,2.7301451200927307,-4.5878387420788975,-4.122939913481205,2.0,0.0,0.337810206059343,6.360441022490293,3.3769022769235546,5.3598505544443125
ACMR,2026-01-22,oos,True,True,D-1,55.0,56.2999992371,51.0699996948,51.6699981689,52.3899993896,51.1800003052,-4.745455655272723,0,-1.59812838209491,3.3769022769235546,2.7301451200927307,-4.5878387420788975,4.476155047557873,4.170725652550034,3.0,0.0,0.7649671944340206,1.9831572375500484,4.476155047557873,3.6939447468719577
ACMR,2026-01-23,oos,True,True,D-1,52.0900001526,52.3899993896,49.75,49.8499984741,51.1800003052,54.7400016785,5.087351733800549,1,3.3769022769235546,2.7301451200927307,-4.5878387420788975,4.476155047557873,-3.3302199599508864,2.3370894259694186,3.0,0.0,0.15818162396363597,8.96071459701886,4.476155047557873,3.3769022769235546
ACMR,2026-01-26,oos,True,True,D-1,49.5200004578,51.1800003052,48.4300003052,51.1300010681,54.7400016785,56.4500007629,13.994346205641929,1,2.7301451200927307,-4.5878387420788975,4.476155047557873,-3.3302199599508864,-3.5223529307099044,-4.492769871466495,2.0,1.0,0.015266944388877796,12.938818375994865,4.476155047557873,11.211425837860245
ACMR,2026-01-27,oos,True,True,D-1,51.5699996948,54.7400016785,51.4500007629,53.9500007629,56.4500007629,57.0499992371,10.626332314779074,1,-4.5878387420788975,4.476155047557873,-3.3302199599508864,-3.5223529307099044,2.567708391535928,-4.643785739276907,2.0,2.0,0.3430751117329769,10.111476747505034,4.476155047557873,5.521243338513193
ACMR,2026-01-28,oos,True,True,D-1,54.6100006104,56.4500007629,54.3300018311,55.7900009155,57.0499992371,58.1800003052,6.537263605377297,1,4.476155047557873,-3.3302199599508864,-3.5223529307099044,2.567708391535928,5.51535230958442,5.4534810864386385,3.0,3.0,0.7013978661833616,4.355882189006444,5.51535230958442,4.476155047557873
ACMR,2026-01-29,oos,True,True,D-1,56.1500015259,57.0499992371,52.2999992371,54.6800003052,58.1800003052,61.5800018311,9.670525659194018,1,-3.3302199599508864,-3.5223529307099044,2.567708391535928,5.51535230958442,3.410565572902313,4.377923515810722,3.0,0.0,0.9177057593847979,1.1830074145358749,5.51535230958442,2.567708391535928
ACMR,2026-01-30,oos,True,True,D-1,53.5800018311,58.1800003052,53.3899993896,58.1199989319,61.5800018311,64.7870025635,20.916387363568557,1,-3.5223529307099044,2.567708391535928,5.51535230958442,3.410565572902313,-1.9896049329363175,5.825434958330811,3.0,0.0,0.7250580944819659,4.3343067276366165,5.51535230958442,5.51535230958442
ACMR,2026-02-02,oos,True,True,D-1,56.7000007629,61.5800018311,55.7400016785,61.1199989319,64.7870025635,60.3499984741,14.2627895798751,1,2.567708391535928,5.51535230958442,3.410565572902313,-1.9896049329363175,6.291145953729749,16.589770734088894,4.0,0.0,0.9938460129948721,0.10323705162194052,6.291145953729749,5.51535230958442
ACMR,2026-02-03,oos,True,True,D-1,62.5,64.7870025635,59.358001709,61.2400016785,60.3499984741,55.1100006104,-3.4400024414400043,0,5.51535230958442,3.410565572902313,-1.9896049329363175,6.291145953729749,5.161734437598908,19.538426863113756,4.0,0.0,0.9545900443540885,0.7526225576550472,6.291145953729749,5.51535230958442
ACMR,2026-02-04,oos,True,True,D-1,60.0400009155,60.3499984741,54.2999992371,56.5099983215,55.1100006104,62.9710006714,4.88174502199803,1,3.410565572902313,-1.9896049329363175,6.291145953729749,5.161734437598908,0.19633957574787253,13.512513090849021,4.0,0.0,0.7159445871612019,5.7919673216555,6.291145953729749,6.291145953729749
ACMR,2026-02-05,oos,True,True,D-1,53.5200004578,55.1100006104,50.3100013733,54.3899993896,62.9710006714,63.1100006104,17.918535258910584,1,-1.9896049329363175,6.291145953729749,5.161734437598908,0.19633957574787253,-7.723715263483733,1.2905491919430245,3.0,1.0,0.33715047352467875,14.646973080604209,6.291145953729749,13.833686351245898
ACMR,2026-02-06,oos,True,True,D-1,56.6899986267,62.9710006714,56.2150001526,62.4799995422,63.1100006104,64.5960006714,13.946026170789882,1,6.291145953729749,5.161734437598908,0.19633957574787253,-7.723715263483733,-3.7515466198366876,-0.5303601206681385,3.0,2.0,0.28182618504320495,19.11565230847938,6.291145953729749,17.476649058157136
ACMR,2026-02-09,oos,True,True,D-1,61.3100013733,63.1100006104,60.1500015259,62.6399993896,64.5960006714,71.6500015259,16.865111598420192,1,5.161734437598908,0.19633957574787253,-7.723715263483733,-3.7515466198366876,14.874058178693229,7.50172176604591,3.0,3.0,0.8406435841932727,3.6923864247819127,14.874058178693229,5.161734437598908
ACMR,2026-02-10,oos,True,True,D-1,62.5600013733,64.5960006714,60.6199989319,62.9199981689,71.6500015259,70.0999984741,14.530051075861273,1,0.19633957574787253,-7.723715263483733,-3.7515466198366876,14.874058178693229,0.2560817038609775,2.486911787079027,3.0,4.0,0.8516955862825113,3.4275274502260977,14.874058178693229,0.19633957574787253
ACMR,2026-02-11,oos,True,True,D-1,65.1200027466,71.6500015259,65.0,70.6800003052,70.0999984741,66.0299987793,7.647413263906877,1,-7.723715263483733,-3.7515466198366876,14.874058178693229,0.2560817038609775,0.44699677846180563,2.743299223307849,3.0,0.0,0.8826821654175142,2.6637039912191574,14.874058178693229,14.874058178693229
ACMR,2026-02-12,oos,True,True,D-1,70.0699996948,70.0999984741,63.4000015259,64.0999984741,66.0299987793,65.3539962769,-5.765664240183832,0,-3.7515466198366876,14.874058178693229,0.2560817038609775,0.44699677846180563,12.333125178213367,25.075212182954232,4.0,0.0,0.9545453976680588,1.3723842904802996,14.874058178693229,14.874058178693229
ACMR,2026-02-13,oos,True,True,D-1,64.4700012207,66.0299987793,62.5600013733,64.8399963379,65.3539962769,66.4899978638,3.133235000546919,1,14.874058178693229,0.2560817038609775,0.44699677846180563,12.333125178213367,-9.309566783654777,17.852544941114058,4.0,1.0,0.510851805633121,11.778476180230513,14.874058178693229,14.874058178693229
ACMR,2026-02-17,oos,True,True,D-1,64.3000030518,65.3539962769,62.9099998474,65.1800003052,66.4899978638,65.4499969482,3.4059015677429194,1,0.2560817038609775,0.44699677846180563,12.333125178213367,-9.309566783654777,1.1544428727233047,3.7772036059411818,4.0,2.0,0.4078256358260874,10.502784658578769,12.333125178213367,20.595722719360143
ACMR,2026-02-18,oos,True,True,D-1,64.2900009155,66.4899978638,63.6100006104,64.6100006104,65.4499969482,67.9899978638,5.755167048703447,1,0.44699677846180563,12.333125178213367,-9.309566783654777,1.1544428727233047,0.5243738224908867,4.054918487150738,4.0,3.0,0.4134179783221907,9.926359604794023,12.333125178213367,12.333125178213367
ACMR,2026-02-19,oos,True,True,D-1,64.0,65.4499969482,63.1800003052,65.3499984741,67.9899978638,67.3000030518,6.234371662187499,1,12.333125178213367,-9.309566783654777,1.1544428727233047,0.5243738224908867,-0.8745009084550892,2.6859543717140832,3.0,4.0,0.22552246454183372,10.896147421436186,12.333125178213367,12.687837918018962
ACMR,2026-02-20,oos,True,True,D-1,64.5999984741,67.9899978638,64.5999984741,66.5899963379,67.3000030518,68.9400024414,6.718272553891813,1,-9.309566783654777,1.1544428727233047,0.5243738224908867,-0.8745009084550892,1.1453302224252004,-7.541032552468541,3.0,4.0,0.3700262829681969,7.268554110039571,1.1544428727233047,1.1544428727233047
ACMR,2026-02-23,oos,True,True,D-1,66.4400024414,67.3000030518,62.8699989319,65.1200027466,68.9400024414,69.4599990845,4.5454493258991535,1,1.1544428727233047,0.5243738224908867,-0.8745009084550892,1.1453302224252004,1.897471909339754,3.884552142081721,4.0,0.0,0.7421726646878402,2.1024201875547766,1.897471909339754,1.1544428727233047
ACMR,2026-02-24,oos,True,True,D-1,65.8700027466,68.9400024414,65.8700027466,67.7600021362,69.4599990845,65.6600036621,5.450123255210149,1,0.5243738224908867,-0.8745009084550892,1.1453302224252004,1.897471909339754,-2.2075291667546737,0.4318421106022097,3.0,1.0,0.43945396173452556,4.4072404732044435,1.897471909339754,1.4972747256697838
ACMR,2026-02-25,oos,True,True,D-1,68.2699966431,69.4599990845,66.5,68.4700012207,65.6600036621,58.4099998474,-3.823045421613913,0,-0.8745009084550892,1.1453302224252004,1.897471909339754,-2.2075291667546737,4.054052945717745,3.958272198403434,3.0,0.0,0.8056013800728105,1.741440773316616,4.054052945717745,1.897471909339754
ACMR,2026-02-26,oos,True,True,D-1,62.5,65.6600036621,54.5,57.0400009155,58.4099998474,57.8250007629,-6.544000244159998,0,1.1453302224252004,1.897471909339754,-2.2075291667546737,4.054052945717745,1.0478144364176378,5.974308270906725,4.0,0.0,0.8497727100340948,1.445885564699978,4.054052945717745,1.897471909339754
ACMR,2026-02-27,oos,True,True,D-1,56.0019989014,58.4099998474,55.0,55.6800003052,57.8250007629,54.0,3.2552442721011987,1,1.897471909339754,-2.2075291667546737,4.054052945717745,1.0478144364176378,-16.693442531653492,-12.71614040189073,3.0,1.0,0.16978616784353204,21.77418998888023,4.054052945717745,19.874597341735345
ACMR,2026-03-02,oos,True,True,D-1,54.4099998474,57.8250007629,53.8600006104,57.1100006104,54.0,53.3699989319,-0.7535376742324962,0,-2.2075291667546737,4.054052945717745,1.0478144364176378,-16.693442531653492,-2.3842927567878758,-16.3838363608537,2.0,2.0,0.07887703057566298,24.74856089038684,4.054052945717745,22.733767693018347
ACMR,2026-03-03,oos,True,True,D-1,53.9099998474,54.0,50.6199989319,51.5400009155,53.3699989319,50.75,-1.0016711501178888,0,4.054052945717745,1.0478144364176378,-16.693442531653492,-2.3842927567878758,2.568247660491574,-12.30037131197481,3.0,3.0,0.2083333537112734,21.62493143425217,4.054052945717745,4.054052945717745
ACMR,2026-03-04,oos,True,True,D-1,52.3499984741,53.3699989319,51.2200012207,51.8199996948,50.75,47.6300010681,-3.056348654702623,0,1.0478144364176378,-16.693442531653492,-2.3842927567878758,2.568247660491574,-9.75310739864652,-23.937427257008082,2.0,4.0,0.04883237665330052,34.76910719962907,2.568247660491574,8.483158127163549
ACMR,2026-03-05,oos,True,True,D-1,50.1599998474,50.75,46.7599983215,48.3100013733,47.6300010681,46.858001709,-5.04385723085512,0,-16.693442531653492,-2.3842927567878758,2.568247660491574,-9.75310739864652,0.5432649870516393,-24.31722101513024,2.0,4.0,0.07978725967355774,26.707842626036914,2.568247660491574,11.831075289732862
ACMR,2026-03-06,oos,True,True,D-1,45.8899993896,47.6300010681,44.8800010681,44.9199981689,46.858001709,50.2649993896,9.533667592489659,1,-2.3842927567878758,2.568247660491574,-9.75310739864652,0.5432649870516393,-6.773443346531371,-15.30504804011622,2.0,4.0,0.133047454831149,20.906640834173263,2.568247660491574,8.835223766090794
ACMR,2026-03-09,oos,True,True,D-1,43.8699989319,46.858001709,42.8300018311,46.6899986267,50.2649993896,48.6100006104,14.577161188508448,1,2.568247660491574,-9.75310739864652,0.5432649870516393,-6.773443346531371,-7.0171871414468345,-19.324716374498852,2.0,4.0,0.0030897722474313907,28.72885823698601,2.568247660491574,15.883572952923785
ACMR,2026-03-10,oos,True,True,D-1,47.1800003052,50.2649993896,46.4799995422,48.0600013733,48.6100006104,46.6409988403,3.030945943089347,1,-9.75310739864652,0.5432649870516393,-6.773443346531371,-7.0171871414468345,3.940339559108552,-18.24549443587725,2.0,4.0,0.3455682567923043,15.656460887363831,3.940339559108552,3.8966135702610316
ACMR,2026-03-11,oos,True,True,D-1,47.9000015259,48.6100006104,47.1800003052,47.8800010681,46.6409988403,47.1980018616,-1.4655524883865123,0,0.5432649870516393,-6.773443346531371,-7.0171871414468345,3.940339559108552,2.9342531310689424,-6.752036244441428,3.0,4.0,0.4962050266411396,11.04868374296386,3.940339559108552,0.5432649870516393
ACMR,2026-03-12,oos,True,True,D-1,46.6269989014,46.6409988403,44.375,45.2700004578,47.1980018616,48.8499984741,4.767623104804297,1,-6.773443346531371,-7.0171871414468345,3.940339559108552,2.9342531310689424,-0.3745324595433641,-7.60323938615417,2.0,4.0,0.6376263137067606,5.994149682281713,3.940339559108552,3.940339559108552
ACMR,2026-03-13,oos,True,True,D-1,45.5999984741,47.1980018616,45.3450012207,46.3800010681,48.8499984741,48.6549987793,7.127193220951411,1,-7.0171871414468345,3.940339559108552,2.9342531310689424,-0.3745324595433641,-5.451128972590835,-6.292694740390015,2.0,2.0,0.3281774617276766,11.03379474549875,3.940339559108552,9.745584743828829
ACMR,2026-03-16,oos,True,True,D-1,48.3549995422,48.8499984741,46.9150009155,46.9199981689,48.6549987793,48.5400009155,0.6204099678218222,0,3.940339559108552,2.9342531310689424,-0.3745324595433641,-5.451128972590835,2.4519562603820155,3.2502292046191927,3.0,3.0,0.4774714731333696,8.37645155677258,3.940339559108552,7.073171569422298
ACMR,2026-03-17,oos,True,True,D-1,47.6300010681,48.6549987793,47.1800003052,47.3400001526,48.5400009155,47.3400001526,1.9105602078381523,0,2.9342531310689424,-0.3745324595433641,-5.451128972590835,2.4519562603820155,1.1642886769388294,0.4926098714178817,3.0,4.0,0.43208801912504724,7.129158890115139,2.9342531310689424,2.9342531310689424
ACMR,2026-03-18,oos,True,True,D-1,47.9500007629,48.5400009155,46.5400009155,46.5999984741,47.3400001526,46.5299987793,-1.2721597509795401,0,-0.3745324595433641,-5.451128972590835,2.4519562603820155,1.1642886769388294,0.8951449277301737,-1.4981298379654229,3.0,1.0,0.6625700924280903,3.189688036824112,2.4519562603820155,2.4519562603820155
ACMR,2026-03-19,oos,True,True,D-1,45.0,47.3400001526,44.0400009155,46.5999984741,46.5299987793,46.4500007629,3.399997287333334,1,-5.451128972590835,2.4519562603820155,1.1642886769388294,0.8951449277301737,-1.5631636588817388,-2.673355399845223,3.0,2.0,0.49720653246646856,4.828326338359301,2.4519562603820155,3.133967571738183
ACMR,2026-03-20,oos,True,True,D-1,46.0800018311,46.5299987793,42.6800003052,43.5499992371,46.4500007629,46.9099998474,1.8012109012978117,0,2.4519562603820155,1.1642886769388294,0.8951449277301737,-1.5631636588817388,0.0,2.937923575988921,3.0,3.0,0.5322242947967549,4.828326338359301,2.4519562603820155,4.015119919263754
ACMR,2026-03-23,oos,True,True,D-1,45.0099983215,46.4500007629,44.4599990845,44.8300018311,46.9099998474,46.7700004578,4.22128770663035,1,1.1642886769388294,0.8951449277301737,-1.5631636588817388,0.0,-6.545062954659031,-6.101771810752421,2.0,4.0,0.1410047309714375,12.169918093787135,1.1642886769388294,7.70935163159786
ACMR,2026-03-24,oos,True,True,D-1,44.0200004578,46.9099998474,44.0200004578,45.9199981689,46.7700004578,44.6800003052,6.247160316675382,1,0.8951449277301737,-1.5631636588817388,0.0,-6.545062954659031,2.939156409696486,-4.454382820469327,2.0,4.0,0.3598329832584351,8.532225723770726,2.939156409696486,4.69342111004325
ACMR,2026-03-25,oos,True,True,D-1,46.5900001526,46.7700004578,44.9799995422,45.6399993896,44.6800003052,41.4949989319,-4.0995918461988134,0,-1.5631636588817388,0.0,-6.545062954659031,2.939156409696486,2.431399271199308,-2.9995817049485285,2.0,4.0,0.5529006017516662,5.705581121678782,2.939156409696486,0.0
ACMR,2026-03-26,oos,True,True,D-1,44.25,44.6800003052,40.8800010681,41.1850013733,41.4949989319,40.5499992371,-6.225991114350283,0,0.0,-6.545062954659031,2.939156409696486,2.431399271199308,-0.6097534635566171,-2.060083939774293,2.0,4.0,0.6351929573670488,3.7248045261529583,2.939156409696486,2.939156409696486
ACMR,2026-03-27,oos,True,True,D-1,40.5600013733,41.4949989319,39.7299995422,40.0699996948,40.5499992371,39.3899993896,-0.024660098277451414,0,-6.545062954659031,2.939156409696486,2.431399271199308,-0.6097534635566171,-9.76117019255518,-11.620165832858609,2.0,2.0,0.050580492030448274,13.900687831010949,2.939156409696486,13.250560992475524
ACMR,2026-03-30,oos,True,True,D-1,40.1699981689,40.5499992371,37.6399993896,37.9300003052,39.3899993896,42.4900016785,5.775463319279339,1,2.939156409696486,2.431399271199308,-0.6097534635566171,-9.76117019255518,-2.707300330995843,-7.9908142439998215,2.0,3.0,0.047353779686299675,17.070127788115876,2.939156409696486,15.143362740315403
ACMR,2026-03-31,oos,True,True,D-1,38.1899986267,39.3899993896,37.1599998474,39.3499984741,42.4900016785,41.7799987793,11.259500409601241,1,2.431399271199308,-0.6097534635566171,-9.76117019255518,-2.707300330995843,-5.340652373096278,-15.391481695441843,1.0,4.0,0.03128380812063315,23.67518974411633,2.431399271199308,10.334764475917257
ACMR,2026-04-01,oos,True,True,D-1,40.4099998474,42.4900016785,40.2900009155,40.4599990845,41.7799987793,41.8699989319,3.6129648354698896,1,-0.6097534635566171,-9.76117019255518,-2.707300330995843,-5.340652373096278,3.7437336078938177,-14.30749119508814,1.0,4.0,0.22788745968756405,18.856422544930517,3.7437336078938177,1.7968585629748346
ACMR,2026-04-02,oos,True,True,D-1,38.0299987793,41.7799987793,37.9150009155,40.5400009155,41.8699989319,42.2000007629,10.96503317762334,1,-9.76117019255518,-2.707300330995843,-5.340652373096278,3.7437336078938177,2.8208402882927697,-11.34969407181975,2.0,4.0,0.43882965906965166,10.430057627748823,3.7437336078938177,0.0
ACMR,2026-04-06,oos,True,True,D-1,41.1199989319,41.8699989319,40.5900001526,41.6699981689,42.2000007629,47.5,15.51556720287397,1,-2.707300330995843,-5.340652373096278,3.7437336078938177,2.8208402882927697,0.19773067921460274,-1.566105223485914,3.0,1.0,0.6341463239989995,4.810065907656247,3.7437336078938177,3.7437336078938177
ACMR,2026-04-07,oos,True,True,D-1,40.9099998474,42.2000007629,40.5699996948,41.9099998474,47.5,47.2099990845,16.108531354636078,1,-5.340652373096278,3.7437336078938177,2.8208402882927697,0.19773067921460274,2.7873636602902874,3.9930084509275154,4.0,2.0,0.8461532405457414,1.9678510814334471,3.7437336078938177,3.7437336078938177
ACMR,2026-04-08,oos,True,True,D-1,47.0900001526,47.5,44.9199981689,46.1399993896,47.2099990845,48.9000015259,3.8437064502750307,1,3.7437336078938177,2.8208402882927697,0.19773067921460274,2.7873636602902874,0.5759579770731049,10.493012154430081,5.0,3.0,0.8911816825810923,1.3839222935143614,3.7437336078938177,3.7437336078938177
ACMR,2026-04-09,oos,True,True,D-1,46.1399993896,47.2099990845,46.0,46.9700012207,48.9000015259,50.3199996948,9.059385263325726,1,2.8208402882927697,0.19773067921460274,2.7873636602902874,0.5759579770731049,10.093055494158909,17.25540324980992,5.0,0.0,0.8581115555243743,2.9475522938705145,10.093055494158909,2.8208402882927697
ACMR,2026-04-10,oos,True,True,D-1,47.7599983215,48.9000015259,47.1300010681,48.0699996948,50.3199996948,51.4399986267,7.705193539639188,1,0.19773067921460274,2.7873636602902874,0.5759579770731049,10.093055494158909,1.7988769876037036,16.08997104177876,5.0,1.0,0.9447053907227735,1.1283771886861915,10.093055494158909,2.7873636602902874
ACMR,2026-04-13,oos,True,True,D-1,47.7900009155,50.3199996948,47.3149986267,49.6199989319,51.4399986267,50.4900016785,7.637576148311354,1,2.7873636602902874,0.5759579770731049,10.093055494158909,1.7988769876037036,2.341917065173993,18.574244226079916,5.0,0.0,0.9003599461405647,1.7266524576029507,10.093055494158909,10.093055494158909
ACMR,2026-04-14,oos,True,True,D-1,50.4599990845,51.4399986267,49.5999984741,50.75,50.4900016785,49.7900009155,0.0594581738889044,0,0.5759579770731049,10.093055494158909,1.7988769876037036,2.341917065173993,3.2244627562743045,19.07847639151903,5.0,0.0,0.928205049958974,1.4107230511244184,10.093055494158909,10.093055494158909
ACMR,2026-04-15,oos,True,True,D-1,50.1899986267,50.4900016785,47.6730003357,49.7900009155,49.7900009155,52.9129981995,5.425382839822235,1,10.093055494158909,1.7988769876037036,2.341917065173993,3.2244627562743045,2.2773097388632424,21.09281838412702,5.0,0.0,0.8941719972006222,1.3596032053202034,10.093055494158909,10.093055494158909
ACMR,2026-04-16,oos,True,True,D-1,49.7000007629,49.7900009155,46.7900009155,47.8899993896,52.9129981995,50.7999992371,6.464783475412816,1,1.7988769876037036,2.341917065173993,3.2244627562743045,2.2773097388632424,-1.8916238118226514,7.910709957058892,4.0,1.0,0.6966915206372178,3.31391379968089,3.2244627562743045,3.2244627562743045
ACMR,2026-04-17,oos,True,True,D-1,49.7900009155,52.9129981995,49.6500015259,50.6100006104,50.7999992371,52.3699989319,5.181759327095792,1,2.341917065173993,3.2244627562743045,2.2773097388632424,-1.8916238118226514,-3.8160303092272474,1.958693091314112,3.0,2.0,0.23655892807227355,7.412819549692751,3.2244627562743045,8.859931939328492
ACMR,2026-04-20,oos,True,True,D-1,49.9049987793,50.7999992371,47.5,49.6899986267,52.3699989319,54.5900001526,9.387839871550652,1,3.2244627562743045,2.2773097388632424,-1.8916238118226514,-3.8160303092272474,5.679685227539766,5.283962828638766,3.0,0.0,0.6238774112936546,4.550479275486818,5.679685227539766,3.2244627562743045
ACMR,2026-04-21,oos,True,True,D-1,50.5999984741,52.3699989319,50.5999984741,51.2099990845,54.5900001526,56.5999984741,11.857707867463962,1,2.2773097388632424,-1.8916238118226514,-3.8160303092272474,5.679685227539766,-1.8178264623670892,0.1410715362893722,2.0,1.0,0.4736238767862895,6.486213849617983,5.679685227539766,2.2773097388632424
ACMR,2026-04-22,oos,True,True,D-1,52.5,54.5900001526,52.2000007629,54.5299987793,56.5999984741,57.2700004578,9.08571515771428,1,-1.8916238118226514,-3.8160303092272474,5.679685227539766,-1.8178264623670892,3.058966592491008,0.9064021369458164,2.0,2.0,0.7218683863456693,3.3255206901877443,5.679685227539766,5.679685227539766
ACMR,2026-04-23,oos,True,True,D-1,54.9500007629,56.5999984741,53.1199989319,53.9900016785,57.2700004578,56.2999992371,4.222019404349808,1,-3.8160303092272474,5.679685227539766,-1.8178264623670892,3.058966592491008,6.483108287742345,9.519979467050788,3.0,0.0,0.992307515491206,0.11003369639313032,6.483108287742345,5.679685227539766
ACMR,2026-04-24,oos,True,True,D-1,55.7999992371,57.2700004578,54.8650016785,56.0999984741,56.2999992371,51.6100006104,0.8960573599211763,0,5.679685227539766,-1.8178264623670892,3.058966592491008,6.483108287742345,-0.9902752849592744,12.737528433179946,3.0,0.0,0.7131871172255192,4.834222475379835,6.483108287742345,5.679685227539766
ACMR,2026-04-27,oos,True,True,D-1,54.9199981689,56.2999992371,51.8800010681,53.2299995422,51.6100006104,50.9799995422,-6.026944043808036,0,-1.8178264623670892,3.058966592491008,6.483108287742345,-0.9902752849592744,3.908125078722202,10.847654213566326,3.0,0.0,0.8802454525203304,2.085565090059971,6.483108287742345,6.483108287742345
ACMR,2026-04-28,oos,True,True,D-1,51.25,51.6100006104,47.7599983215,49.5299987793,50.9799995422,52.3899993896,2.2243890528780508,0,3.058966592491008,6.483108287742345,-0.9902752849592744,3.908125078722202,-5.115862762857304,7.124171892405418,3.0,1.0,0.3943028914424817,7.5897068388985245,6.483108287742345,7.890780287505683
ACMR,2026-04-29,oos,True,True,D-1,50.9000015259,50.9799995422,47.7299995422,48.6500015259,52.3899993896,52.9000015259,3.9292729666861037,1,6.483108287742345,-0.9902752849592744,3.908125078722202,-5.115862762857304,-6.950968992525897,-3.280609910630694,2.0,2.0,0.18611988014638292,15.62689656623768,6.483108287742345,18.194338008779155
ACMR,2026-04-30,oos,True,True,D-1,49.75,52.3899993896,48.8650016785,51.6899986267,52.9000015259,52.5239982605,6.331661358592977,1,-0.9902752849592744,3.908125078722202,-5.115862762857304,-6.950968992525897,-1.776695487761193,-10.783050403500273,1.0,3.0,0.09643625737976588,17.718393959989776,3.908125078722202,12.512292006563408
ACMR,2026-05-01,oos,True,True,D-1,51.3800010681,52.9000015259,50.4599990845,52.1500015259,52.5239982605,54.7799987793,6.6173562485792425,1,3.908125078722202,-5.115862762857304,-6.950968992525897,-1.776695487761193,6.24870915817255,-4.260053677153175,2.0,4.0,0.4150942038196803,10.795128611626037,6.24870915817255,3.908125078722202
ACMR,2026-05-04,oos,True,True,D-1,52.2249984741,52.5239982605,49.4700012207,51.2299995422,54.7799987793,55.5400009155,6.347539565834581,1,-5.115862762857304,-6.950968992525897,-1.776695487761193,6.24870915817255,0.889926313448175,-7.040992969052596,2.0,4.0,0.515752875269102,7.957809376360081,6.24870915817255,0.0
ACMR,2026-05-05,oos,True,True,D-1,53.4399986267,54.7799987793,52.3800010681,52.7999992371,55.5400009155,63.9500007629,19.66692067044502,1,-6.950968992525897,-1.776695487761193,6.24870915817255,0.889926313448175,-1.7641456505865905,-3.757279761790022,2.0,1.0,0.6769823321218849,3.2598126071119005,6.24870915817255,7.13862809166309
ACMR,2026-05-06,oos,True,True,D-1,54.1100006104,55.5400009155,52.5,55.3800010681,63.9500007629,61.5999984741,18.185178417108983,1,-1.776695487761193,6.24870915817255,0.889926313448175,-1.7641456505865905,3.064610011574831,6.602060444965385,3.0,0.0,0.7191489707147167,3.7499991871377647,6.24870915817255,6.24870915817255
ACMR,2026-05-07,oos,True,True,D-1,53.0,63.9500007629,52.5,59.2000007629,61.5999984741,65.9800033569,24.490572371509423,1,6.24870915817255,0.889926313448175,-1.7641456505865905,3.064610011574831,4.886367174769113,13.833503249978563,4.0,0.0,0.9760299826682959,0.28891268384638735,6.24870915817255,6.24870915817255
ACMR,2026-05-08,oos,True,True,D-1,60.0900001526,61.5999984741,57.2799987793,59.8499984741,65.9800033569,63.7999992371,9.801969028693946,1,0.889926313448175,-1.7641456505865905,3.064610011574831,4.886367174769113,6.897796354504582,14.528926940850727,4.0,0.0,0.6719613155955725,8.023648545249307,6.897796354504582,3.064610011574831
ACMR,2026-05-11,oos,True,True,D-1,61.4799995422,65.9800033569,60.6199989319,64.6699981689,63.7999992371,67.6600036621,10.052056223029137,1,-1.7641456505865905,3.064610011574831,4.886367174769113,6.897796354504582,1.0979690926074204,14.765094387151322,4.0,1.0,0.7168506617109277,6.8504634809209985,6.897796354504582,4.886367174769113
ACMR,2026-05-12,oos,True,True,D-1,61.5900001526,63.7999992371,59.3499984741,62.9900016785,67.6600036621,65.2799987793,9.85550169582805,1,3.064610011574831,4.886367174769113,6.897796354504582,1.0979690926074204,8.05346669622029,26.234625701351,5.0,0.0,0.9036761053283915,2.02567685958277,8.05346669622029,6.897796354504582
ACMR,2026-05-13,oos,True,True,D-1,63.0,67.6600036621,60.2000007629,64.75,65.2799987793,65.2900009155,3.634922088095238,1,4.886367174769113,6.897796354504582,1.0979690926074204,8.05346669622029,-2.597798883513669,19.299247326958245,4.0,1.0,0.7781898417058251,4.746787742062497,8.05346669622029,6.897796354504582
ACMR,2026-05-14,oos,True,True,D-1,64.8199996948,65.2799987793,62.5999984741,63.1899986267,65.2900009155,67.0,3.3631600053445787,1,6.897796354504582,1.0979690926074204,8.05346669622029,-2.597798883513669,2.794091561519574,16.91946325601881,4.0,0.0,0.8080472982091024,4.494214149961384,8.05346669622029,8.05346669622029
ACMR,2026-05-15,oos,True,True,D-1,60.7750015259,65.2900009155,59.25,63.6699981689,67.0,68.7699966431,13.155071849389977,1,1.0979690926074204,8.05346669622029,-2.597798883513669,2.794091561519574,-2.4092685301930428,6.739861169563532,3.0,1.0,0.569363879316961,7.073912221152123,8.05346669622029,8.05346669622029
ACMR,2026-05-18,oos,True,True,D-1,65.6800003052,67.0,61.0499992371,63.25,68.7699966431,71.6500015259,9.089526785869007,1,8.05346669622029,-2.597798883513669,2.794091561519574,-2.4092685301930428,0.7596131549798546,6.382622877514521,3.0,2.0,0.5255643572212569,6.266696415815098,8.05346669622029,9.72142319212762
ACMR,2026-05-19,oos,True,True,D-1,63.7000007629,68.7699966431,63.4399986267,66.4499969482,71.6500015259,72.6900024414,14.113032293299344,1,-2.597798883513669,2.794091561519574,-2.4092685301930428,0.7596131549798546,-0.6596484702038996,-2.1957603357144917,2.0,3.0,0.4756240497285576,6.972337805691686,2.794091561519574,2.794091561519574
ACMR,2026-05-20,oos,True,True,D-1,69.3499984741,71.6500015259,66.8499984741,71.5999984741,72.6900024414,76.3600006104,10.108150382898717,1,2.794091561519574,-2.4092685301930428,0.7596131549798546,-0.6596484702038996,5.0592837125691625,5.492927730594066,3.0,0.0,0.7563024671251835,3.491346578553678,5.0592837125691625,2.794091561519574
ACMR,2026-05-21,oos,True,True,D-1,70.8700027466,72.6900024414,69.0999984741,71.5899963379,76.3600006104,86.5,22.05446119324421,1,-2.4092685301930428,0.7596131549798546,-0.6596484702038996,5.0592837125691625,7.75019076361223,10.579148222548262,3.0,0.0,0.995967496318807,0.0698366660134564,7.75019076361223,0.7596131549798546
ACMR,2026-05-22,oos,True,True,D-1,72.2900009155,76.3600006104,69.7600021362,73.3499984741,86.5,89.7799987793,24.194214472682198,1,0.7596131549798546,-0.6596484702038996,5.0592837125691625,7.75019076361223,-0.013969464264196318,13.293239268485602,3.0,0.0,0.9181543226427116,1.5365360521993,7.75019076361223,5.0592837125691625
ACMR,2026-05-26,oos,True,True,D-1,79.6100006104,86.5,76.3700027466,86.4599990845,89.7799987793,93.9000015259,17.950007292969673,1,-0.6596484702038996,5.0592837125691625,7.75019076361223,-0.013969464264196318,2.4584470264433333,15.203393409124132,3.0,0.0,0.8033963509925409,4.1036158131112055,7.75019076361223,7.75019076361223
ACMR,2026-05-27,oos,True,True,D-1,86.4599990845,89.7799987793,83.3700027466,88.6399993896,93.9000015259,94.2119979858,8.965994660402131,1,5.0592837125691625,7.75019076361223,-0.013969464264196318,2.4584470264433333,17.87321183793773,36.69565072648222,4.0,0.0,0.9982653550252466,0.04626522776260966,17.87321183793773,7.75019076361223
ACMR,2026-05-28,oos,True,True,D-1,88.5149993896,93.9000015259,87.0090026855,92.8600006104,94.2119979858,86.4899978638,6.4361957131407355,1,7.75019076361223,-0.013969464264196318,2.4584470264433333,17.87321183793773,2.5213975574640335,33.39353417683053,4.0,0.0,0.9502834987123193,1.2861004033735801,17.87321183793773,7.75019076361223
ACMR,2026-05-29,oos,True,True,D-1,92.8000030518,94.2119979858,86.0699996948,86.5599975586,86.4899978638,92.1299972534,-0.7219889831533766,0,-0.013969464264196318,2.4584470264433333,17.87321183793773,2.5213975574640335,4.760831734950477,29.692741046622228,4.0,0.0,0.9580644843741454,1.119966518052684,17.87321183793773,17.87321183793773
ACMR,2026-06-01,oos,True,True,D-1,83.5,86.4899978638,80.9199981689,82.0500030518,92.1299972534,93.5,11.976047904191622,1,2.4584470264433333,17.87321183793773,2.5213975574640335,4.760831734950477,-6.784409875498554,20.910744498494726,4.0,0.0,0.687060292572184,8.84011164859344,17.87321183793773,20.219784316867653
ACMR,2026-06-02,oos,True,True,D-1,84.6900024414,92.1299972534,83.2300033569,91.9199981689,93.5,91.5599975586,10.402641757739882,1,17.87321183793773,2.5213975574640335,4.760831734950477,-6.784409875498554,-5.210252580872343,11.860947182939597,3.0,1.0,0.31835006281812517,14.822662378600837,17.87321183793773,29.514389403673505
ACMR,2026-06-03,oos,True,True,D-1,92.0100021362,93.5,86.6299972534,88.8600006104,91.5599975586,86.3099975586,-0.48908223796567674,0,2.5213975574640335,4.760831734950477,-6.784409875498554,-5.210252580872343,12.029244058490573,6.315057994696227,3.0,2.0,0.8275654643038847,2.4934724353328663,12.029244058490573,4.760831734950477
ACMR,2026-06-04,oos,True,True,D-1,85.6019973755,91.5599975586,83.5999984741,90.2050018311,86.3099975586,83.8300018311,0.8270837186126645,0,4.760831734950477,-6.784409875498554,-5.210252580872343,12.029244058490573,-3.328979133438792,0.24819632481383191,2.0,3.0,0.5973519824612659,6.022954466166874,12.029244058490573,4.760831734950477
ACMR,2026-06-05,oos,True,True,D-1,85.2699966431,86.3099975586,75.6100006104,76.2900009155,83.8300018311,88.9909973145,4.363786581315776,1,-6.784409875498554,-5.210252580872343,12.029244058490573,-3.328979133438792,1.5136182888373595,-2.8591414622526234,2.0,4.0,0.6985407606156202,4.442099743207928,12.029244058490573,13.894992940087302
ACMR,2026-06-08,oos,True,True,D-1,83.8300018311,83.8300018311,78.8450012207,80.5699996948,88.9909973145,85.1999969482,6.156501694701544,1,-5.210252580872343,12.029244058490573,-3.328979133438792,1.5136182888373595,-15.425974871830805,-11.86459904431877,2.0,2.0,0.038010079837974366,22.558656282573743,12.029244058490573,26.175091018375497
ACMR,2026-06-09,oos,True,True,D-1,85.0,88.9909973145,74.1900024414,81.3300018311,85.1999969482,91.9899978638,8.22352689858823,1,12.029244058490573,-3.328979133438792,1.5136182888373595,-15.425974871830805,5.610170045797469,-1.8037822083512234,3.0,3.0,0.2772498185373559,16.048157321805846,12.029244058490573,22.710472306055593
ACMR,2026-06-10,oos,True,True,D-1,81.0999984741,85.1999969482,76.8099975586,79.9599990845,91.9899978638,99.4499969482,22.626385720537613,1,-3.328979133438792,1.5136182888373595,-15.425974871830805,5.610170045797469,0.9432817912112368,-11.520883973845619,3.0,4.0,0.36975661794012504,14.963725433295494,5.610170045797469,1.5136182888373595
ACMR,2026-06-11,oos,True,True,D-1,84.3499984741,91.9899978638,82.1949996948,91.6999969482,99.4499969482,98.9980010986,17.90159898904622,1,1.5136182888373595,-15.425974871830805,5.610170045797469,0.9432817912112368,-1.684498605379503,-10.015756768809158,3.0,4.0,0.33218182297509524,14.50725188458466,5.610170045797469,6.367276428583491
ACMR,2026-06-12,oos,True,True,D-1,92.4899978638,99.4499969482,90.8399963379,93.9499969482,98.9980010986,99.9700012207,8.087364612025393,1,-15.425974871830805,5.610170045797469,0.9432817912112368,-1.684498605379503,14.6823386669795,1.6573306210881933,3.0,0.0,0.9837078095404981,0.3162496458574804,14.6823386669795,5.610170045797469
ACMR,2026-06-15,oos,True,True,D-1,97.5500030518,98.9980010986,91.5599975586,95.2099990845,99.9700012207,104.989997864,7.626852464832101,1,5.610170045797469,0.9432817912112368,-1.684498605379503,14.6823386669795,2.453653298670222,23.148506777789237,4.0,0.0,0.7822644023727163,5.8541779442871755,14.6823386669795,5.610170045797469
ACMR,2026-06-16,oos,True,True,D-1,96.3499984741,99.9700012207,90.7099990845,91.1800003052,104.989997864,110.180000305,14.353920134848419,1,0.9432817912112368,-1.684498605379503,14.6823386669795,2.453653298670222,1.341141221105846,18.170534249914926,4.0,1.0,0.8321457329470682,4.453311526593917,14.6823386669795,14.6823386669795
ACMR,2026-06-17,oos,True,True,D-1,100.279998779,104.989997864,95.5899963379,96.1900024414,110.180000305,111.410003662,11.098928020061738,1,-1.684498605379503,14.6823386669795,2.453653298670222,1.341141221105846,-4.232747419442084,12.111149947538081,3.0,0.0,0.6204663417266928,9.64027296126111,14.6823386669795,17.630711985743154
ACMR,2026-06-18,oos,True,True,D-1,102.269996643,110.180000305,100.059997559,109.870002747,111.410003662,100.879997253,8.937134368846777,1,14.6823386669795,2.453653298670222,1.341141221105846,-4.232747419442084,5.494628338923446,20.297653255033786,4.0,0.0,0.6139505975266834,9.148555150480497,14.6823386669795,14.6823386669795
ACMR,2026-06-22,oos,True,True,D-1,111.385002136,111.410003662,101.720001221,103.169998169,100.879997253,105.900001526,-4.924361902245034,0,2.453653298670222,1.341141221105846,-4.232747419442084,5.494628338923446,14.2218525401681,19.814619851147853,4.0,0.0,0.9840781952456379,0.28214940406785516,14.2218525401681,2.453653298670222
ACMR,2026-06-23,oos,True,True,D-1,94.0500030518,100.879997253,93.1320037842,99.1200027466,105.900001526,108.870002747,15.75757492218004,1,1.341141221105846,-4.232747419442084,5.494628338923446,14.2218525401681,-6.098119969495452,9.813732326019675,3.0,0.0,0.6019321898142705,7.986823339380367,14.2218525401681,5.494628338923446
ACMR,2026-06-24,oos,True,True,D-1,101.962997437,105.900001526,97.1399993896,101.599998474,108.870002747,105.519996643,6.774031250177437,1,-4.232747419442084,5.494628338923446,14.2218525401681,-6.098119969495452,-3.9255553884626537,4.106715365714719,2.0,1.0,0.4062802803068606,12.399112767197295,14.2218525401681,24.006142821068757
ACMR,2026-06-25,oos,True,True,D-1,107.169998169,108.870002747,98.4499969482,106.86000061,105.519996643,120.699996948,12.62480079328181,1,5.494628338923446,14.2218525401681,-6.098119969495452,-3.9255553884626537,2.502013376391954,11.427942678133274,3.0,2.0,0.46328891270455813,9.655517062345641,14.2218525401681,15.74361247315581
ACMR,2026-06-26,oos,True,True,D-1,100.980003357,105.519996643,100.309997559,104.5,120.699996948,127.190002441,25.955633009179447,1,14.2218525401681,-6.098119969495452,-3.9255553884626537,2.502013376391954,5.177167534452343,11.092626985949284,3.0,3.0,0.7510666876890445,4.257910374346574,14.2218525401681,14.2218525401681
ACMR,2026-06-29,oos,True,True,D-1,112.059997559,120.699996948,110.099998474,118.879997253,127.190002441,123.61000061,13.501700170958863,1,-6.098119969495452,-3.9255553884626537,2.502013376391954,5.177167534452343,-2.208497657241404,-4.887596807807149,2.0,4.0,0.6219496822301268,6.6124436956937815,5.177167534452343,2.502013376391954
ACMR,2026-06-30,oos,True,True,D-1,120.974998474,127.190002441,118.467002869,126.88999939,123.61000061,116.650001526,2.178137771637423,0,-3.9255553884626537,2.502013376391954,5.177167534452343,-2.208497657241404,13.7607629215311,15.227294138617587,3.0,0.0,0.9339814224348445,1.5309553642794071,13.7607629215311,5.177167534452343
ACMR,2026-07-01,oos,True,True,D-1,117.51499939,123.61000061,114.370002747,117.160003662,116.650001526,106.38999939,-0.7360744317662093,0,2.502013376391954,5.177167534452343,-2.208497657241404,13.7607629215311,6.737888898123989,28.016541438556985,4.0,0.0,0.9900165384180876,0.23642765579809932,13.7607629215311,5.177167534452343
